candidate,entry_ts,direction,entry_z,peak_disp_bps,resolution_min,entry_est_hour,rollover_zone
AUD_NZD_JPY,2022-09-13T20:00:00,LONG,-19.917,14.84,65,15,0
AUD_NZD_JPY,2022-09-13T20:45:00,LONG,-3.683,4.79,20,15,0
AUD_NZD_JPY,2022-09-14T18:00:00,LONG,-9.571,3.28,195,13,0
AUD_NZD_JPY,2022-09-14T19:25:00,LONG,-3.079,2.68,110,14,0
AUD_NZD_JPY,2022-09-14T20:30:00,LONG,-9.54,8.66,45,15,0
AUD_NZD_JPY,2022-09-14T21:40:00,LONG,-3.084,3.8,5,16,1
AUD_NZD_JPY,2022-09-15T00:25:00,LONG,-4.69,5.85,5,19,0
AUD_NZD_JPY,2022-09-15T11:25:00,LONG,-6.222,7.9,5,6,0
AUD_NZD_JPY,2022-09-15T20:30:00,LONG,-10.054,7.8,35,15,0
AUD_NZD_JPY,2022-09-18T20:00:00,LONG,-22.846,8.72,65,15,0
AUD_NZD_JPY,2022-09-19T16:15:00,SHORT,3.759,1.05,10,11,0
AUD_NZD_JPY,2022-09-19T20:00:00,LONG,-49.355,15.45,60,15,0
AUD_NZD_JPY,2022-09-20T18:00:00,LONG,-9.559,3.6,350,13,0
AUD_NZD_JPY,2022-09-20T20:00:00,LONG,-4.829,9.54,230,15,0
AUD_NZD_JPY,2022-09-21T16:55:00,LONG,-42.31,13.91,5,11,0
AUD_NZD_JPY,2022-09-21T20:00:00,LONG,-22.828,24.25,60,15,0
AUD_NZD_JPY,2022-09-22T18:00:00,LONG,-3.057,1.29,30,13,0
AUD_NZD_JPY,2022-09-22T20:00:00,LONG,-4.472,9.05,120,15,0
AUD_NZD_JPY,2022-09-25T20:00:00,LONG,-13.501,7.32,85,15,0
AUD_NZD_JPY,2022-09-26T14:35:00,SHORT,5.391,3.39,20,9,0
AUD_NZD_JPY,2022-09-26T20:00:00,LONG,-64.95,49.66,75,15,0
AUD_NZD_JPY,2022-09-27T20:00:00,LONG,-21.339,11.94,45,15,0
AUD_NZD_JPY,2022-09-28T14:35:00,SHORT,3.117,1.4,10,9,0
AUD_NZD_JPY,2022-09-28T17:00:00,LONG,-4.412,2.24,210,12,0
AUD_NZD_JPY,2022-09-28T17:40:00,LONG,-4.132,2.28,170,12,0
AUD_NZD_JPY,2022-09-28T18:00:00,LONG,-3.8,2.35,150,13,0
AUD_NZD_JPY,2022-09-28T18:25:00,LONG,-3.121,2.12,125,13,0
AUD_NZD_JPY,2022-09-28T18:35:00,LONG,-3.042,2.15,115,13,0
AUD_NZD_JPY,2022-09-28T18:50:00,LONG,-3.335,2.5,100,13,0
AUD_NZD_JPY,2022-09-28T20:00:00,LONG,-4.217,3.59,30,15,0
AUD_NZD_JPY,2022-09-28T20:40:00,LONG,-6.685,5.93,20,15,0
AUD_NZD_JPY,2022-09-29T16:10:00,SHORT,3.005,1.31,15,11,0
AUD_NZD_JPY,2022-09-29T20:30:00,LONG,-9.535,11.37,50,15,0
AUD_NZD_JPY,2022-09-30T11:25:00,LONG,-3.837,4.3,5,6,0
AUD_NZD_JPY,2022-10-02T20:00:00,LONG,-23.478,12.25,115,15,0
AUD_NZD_JPY,2022-10-03T18:40:00,LONG,-3.602,1.73,170,13,0
AUD_NZD_JPY,2022-10-03T20:00:00,LONG,-18.328,9.6,90,15,0
AUD_NZD_JPY,2022-10-04T02:25:00,LONG,-3.582,4.44,5,21,0
AUD_NZD_JPY,2022-10-04T20:00:00,LONG,-29.077,13.14,75,15,0
AUD_NZD_JPY,2022-10-04T23:55:00,LONG,-25.813,61.78,5,18,1
AUD_NZD_JPY,2022-10-05T17:00:00,LONG,-5.837,3.23,210,12,0
AUD_NZD_JPY,2022-10-05T18:20:00,LONG,-3.191,3.24,130,13,0
AUD_NZD_JPY,2022-10-05T19:00:00,LONG,-3.025,3.18,90,14,0
AUD_NZD_JPY,2022-10-05T20:00:00,LONG,-22.936,26.65,30,15,0
AUD_NZD_JPY,2022-10-06T17:35:00,LONG,-3.534,1.26,145,12,0
AUD_NZD_JPY,2022-10-06T20:30:00,LONG,-11.93,7.4,40,15,0
AUD_NZD_JPY,2022-10-07T11:25:00,LONG,-21.582,18.89,15,6,0
AUD_NZD_JPY,2022-10-09T20:30:00,LONG,-4.767,13.53,35,15,0
AUD_NZD_JPY,2022-10-10T17:05:00,LONG,-3.067,1.02,80,12,0
AUD_NZD_JPY,2022-10-10T19:55:00,LONG,-46.414,19.47,65,14,0
AUD_NZD_JPY,2022-10-10T20:15:00,LONG,-4.409,6.56,45,15,0
AUD_NZD_JPY,2022-10-10T20:50:00,LONG,-3.224,5.64,10,15,0
AUD_NZD_JPY,2022-10-11T18:45:00,LONG,-3.421,1.35,55,13,0
AUD_NZD_JPY,2022-10-11T19:50:00,LONG,-3.114,27.46,70,14,0
AUD_NZD_JPY,2022-10-11T20:20:00,LONG,-3.177,9.82,40,15,0
AUD_NZD_JPY,2022-10-11T20:35:00,LONG,-3.369,10.3,25,15,0
AUD_NZD_JPY,2022-10-12T16:55:00,LONG,-118.014,41.84,245,11,0
AUD_NZD_JPY,2022-10-12T20:00:00,LONG,-6.874,21.52,60,15,0
AUD_NZD_JPY,2022-10-12T20:20:00,LONG,-6.413,23.75,40,15,0
AUD_NZD_JPY,2022-10-13T11:25:00,LONG,-4.94,18.36,5,6,0
AUD_NZD_JPY,2022-10-13T19:55:00,LONG,-19.947,28.93,20,14,0
AUD_NZD_JPY,2022-10-13T20:25:00,LONG,-3.461,19.82,50,15,0
AUD_NZD_JPY,2022-10-14T19:50:00,LONG,-3.542,21.84,2955,14,0
AUD_NZD_JPY,2022-10-16T20:15:00,LONG,-10.083,19.3,50,15,0
AUD_NZD_JPY,2022-10-16T20:40:00,LONG,-4.252,13.83,25,15,0
AUD_NZD_JPY,2022-10-17T17:50:00,LONG,-3.002,1.21,155,12,0
AUD_NZD_JPY,2022-10-17T19:45:00,LONG,-3.209,1.51,40,14,0
AUD_NZD_JPY,2022-10-17T19:55:00,LONG,-83.392,52.77,30,14,0
AUD_NZD_JPY,2022-10-18T16:55:00,LONG,-3.656,1.08,60,11,0
AUD_NZD_JPY,2022-10-18T17:20:00,LONG,-3.157,0.98,35,12,0
AUD_NZD_JPY,2022-10-18T18:15:00,LONG,-3.373,1.15,145,13,0
AUD_NZD_JPY,2022-10-18T18:50:00,LONG,-3.405,1.26,110,13,0
AUD_NZD_JPY,2022-10-18T19:55:00,LONG,-16.842,12.18,45,14,0
AUD_NZD_JPY,2022-10-19T14:45:00,SHORT,3.095,0.99,10,9,0
AUD_NZD_JPY,2022-10-19T17:00:00,LONG,-8.466,3.4,250,12,0
AUD_NZD_JPY,2022-10-19T18:25:00,LONG,-3.223,3.52,165,13,0
AUD_NZD_JPY,2022-10-19T19:55:00,LONG,-6.993,13.23,75,14,0
AUD_NZD_JPY,2022-10-20T19:55:00,LONG,-7.28,3.36,75,14,0
AUD_NZD_JPY,2022-10-20T20:20:00,LONG,-3.035,6.27,50,15,0
AUD_NZD_JPY,2022-10-20T20:50:00,LONG,-5.494,5.24,20,15,0
AUD_NZD_JPY,2022-10-21T14:10:00,SHORT,3.289,1.51,20,9,0
AUD_NZD_JPY,2022-10-21T14:25:00,LONG,-5.177,2.41,5,9,0
AUD_NZD_JPY,2022-10-21T14:55:00,LONG,-3.747,1.81,15,9,0
AUD_NZD_JPY,2022-10-21T15:30:00,LONG,-7.347,3.75,5,10,0
AUD_NZD_JPY,2022-10-21T15:45:00,LONG,-4.942,2.84,20,10,0
AUD_NZD_JPY,2022-10-21T19:50:00,LONG,-4.486,18.8,2955,14,0
AUD_NZD_JPY,2022-10-23T20:50:00,LONG,-7.453,17.91,15,15,0
AUD_NZD_JPY,2022-10-24T19:55:00,LONG,-79.075,36.39,55,14,0
AUD_NZD_JPY,2022-10-25T18:35:00,LONG,-3.058,1.4,135,13,0
AUD_NZD_JPY,2022-10-25T19:55:00,LONG,-90.409,44.88,55,14,0
AUD_NZD_JPY,2022-10-25T20:15:00,LONG,-5.177,19.18,35,15,0
AUD_NZD_JPY,2022-10-26T16:55:00,LONG,-3.078,3.02,245,11,0
AUD_NZD_JPY,2022-10-26T18:15:00,LONG,-3.156,2.19,165,13,0
AUD_NZD_JPY,2022-10-26T19:55:00,LONG,-8.423,55.07,65,14,0
AUD_NZD_JPY,2022-10-27T20:00:00,LONG,-4.74,7.48,60,15,0
AUD_NZD_JPY,2022-10-28T19:50:00,LONG,-3.967,27.82,2945,14,0
AUD_NZD_JPY,2022-10-30T20:35:00,LONG,-5.123,20.65,20,15,0
AUD_NZD_JPY,2022-10-31T17:00:00,LONG,-5.829,2.22,250,12,0
AUD_NZD_JPY,2022-10-31T18:10:00,LONG,-4.021,2.29,180,13,0
AUD_NZD_JPY,2022-10-31T18:25:00,LONG,-3.257,1.99,165,13,0
AUD_NZD_JPY,2022-10-31T20:00:00,SHORT,5.356,4.19,70,15,0
AUD_NZD_JPY,2022-10-31T20:10:00,LONG,-5.964,21.58,60,15,0
AUD_NZD_JPY,2022-11-01T02:25:00,LONG,-3.536,9.85,5,21,0
AUD_NZD_JPY,2022-11-01T17:00:00,LONG,-3.36,2.73,190,12,0
AUD_NZD_JPY,2022-11-01T17:25:00,LONG,-3.049,2.65,165,12,0
AUD_NZD_JPY,2022-11-01T19:15:00,LONG,-3.154,2.85,55,14,0
AUD_NZD_JPY,2022-11-01T19:55:00,LONG,-3.538,6.28,15,14,0
AUD_NZD_JPY,2022-11-01T20:20:00,LONG,-4.29,4.98,55,15,0
AUD_NZD_JPY,2022-11-01T20:30:00,LONG,-7.645,25.53,45,15,0
AUD_NZD_JPY,2022-11-02T16:55:00,LONG,-121.614,46.86,5,11,0
AUD_NZD_JPY,2022-11-03T19:50:00,LONG,-3.079,15.95,70,14,0
AUD_NZD_JPY,2022-11-04T11:25:00,LONG,-40.927,80.51,5,6,0
AUD_NZD_JPY,2022-11-06T19:00:00,LONG,-7.086,40.57,100,14,0
AUD_NZD_JPY,2022-11-06T19:30:00,LONG,-7.14,50.61,70,14,0
AUD_NZD_JPY,2022-11-06T19:55:00,LONG,-3.076,26.84,45,14,0
AUD_NZD_JPY,2022-11-06T20:10:00,LONG,-5.068,46.26,30,15,0
AUD_NZD_JPY,2022-11-07T15:55:00,LONG,-3.109,1.0,80,10,0
AUD_NZD_JPY,2022-11-07T16:10:00,LONG,-4.074,1.49,65,11,0
AUD_NZD_JPY,2022-11-07T16:25:00,LONG,-3.599,1.32,50,11,0
AUD_NZD_JPY,2022-11-07T16:35:00,LONG,-3.255,1.95,40,11,0
AUD_NZD_JPY,2022-11-07T19:55:00,LONG,-7.503,4.16,10,14,0
AUD_NZD_JPY,2022-11-07T20:10:00,LONG,-5.89,3.97,55,15,0
AUD_NZD_JPY,2022-11-07T20:25:00,LONG,-8.235,6.03,40,15,0
AUD_NZD_JPY,2022-11-08T16:00:00,LONG,-8.905,3.67,305,11,0
AUD_NZD_JPY,2022-11-08T17:45:00,LONG,-3.262,3.53,200,12,0
AUD_NZD_JPY,2022-11-08T18:00:00,LONG,-3.042,3.6,185,13,0
AUD_NZD_JPY,2022-11-08T19:55:00,LONG,-18.987,29.84,70,14,0
AUD_NZD_JPY,2022-11-08T20:10:00,LONG,-3.151,9.4,55,15,0
AUD_NZD_JPY,2022-11-08T20:25:00,LONG,-3.239,10.05,40,15,0
AUD_NZD_JPY,2022-11-09T15:55:00,LONG,-4.908,1.75,10,10,0
AUD_NZD_JPY,2022-11-09T19:55:00,LONG,-49.708,18.18,30,14,0
AUD_NZD_JPY,2022-11-09T20:15:00,LONG,-4.706,7.09,10,15,0
AUD_NZD_JPY,2022-11-10T11:25:00,LONG,-8.107,13.52,10,6,0
AUD_NZD_JPY,2022-11-10T19:55:00,LONG,-5.058,5.6,10,14,0
AUD_NZD_JPY,2022-11-10T20:10:00,LONG,-8.006,9.96,25,15,0
AUD_NZD_JPY,2022-11-10T20:55:00,LONG,-32.338,53.75,10,15,0
AUD_NZD_JPY,2022-11-13T19:00:00,LONG,-155.084,59.96,80,14,0
AUD_NZD_JPY,2022-11-13T19:45:00,LONG,-3.502,28.28,35,14,0
AUD_NZD_JPY,2022-11-14T15:00:00,SHORT,3.198,1.16,10,10,0
AUD_NZD_JPY,2022-11-14T15:55:00,LONG,-4.286,1.28,270,10,0
AUD_NZD_JPY,2022-11-14T16:05:00,LONG,-3.507,1.13,260,11,0
AUD_NZD_JPY,2022-11-14T19:45:00,LONG,-3.305,1.6,40,14,0
AUD_NZD_JPY,2022-11-14T20:00:00,LONG,-6.099,3.87,25,15,0
AUD_NZD_JPY,2022-11-15T15:55:00,LONG,-3.498,1.06,40,10,0
AUD_NZD_JPY,2022-11-15T16:10:00,LONG,-3.467,0.96,25,11,0
AUD_NZD_JPY,2022-11-15T16:20:00,LONG,-4.645,1.34,15,11,0
AUD_NZD_JPY,2022-11-15T17:40:00,LONG,-3.226,1.27,15,12,0
AUD_NZD_JPY,2022-11-15T18:10:00,LONG,-3.366,1.42,115,13,0
AUD_NZD_JPY,2022-11-15T18:30:00,LONG,-3.141,1.26,95,13,0
AUD_NZD_JPY,2022-11-15T19:15:00,LONG,-3.317,1.51,50,14,0
AUD_NZD_JPY,2022-11-15T19:55:00,LONG,-71.56,34.93,10,14,0
AUD_NZD_JPY,2022-11-15T20:35:00,LONG,-4.717,11.98,15,15,0
AUD_NZD_JPY,2022-11-16T15:55:00,LONG,-3.865,2.7,240,10,0
AUD_NZD_JPY,2022-11-16T17:30:00,LONG,-3.211,2.45,145,12,0
AUD_NZD_JPY,2022-11-16T17:45:00,LONG,-3.488,2.81,130,12,0
AUD_NZD_JPY,2022-11-16T20:05:00,LONG,-4.244,4.8,10,15,0
AUD_NZD_JPY,2022-11-16T20:45:00,LONG,-3.799,4.55,5,15,0
AUD_NZD_JPY,2022-11-17T15:55:00,LONG,-13.983,4.75,145,10,0
AUD_NZD_JPY,2022-11-17T19:55:00,LONG,-3.435,23.28,20,14,0
AUD_NZD_JPY,2022-11-17T20:50:00,LONG,-3.768,6.9,25,15,0
AUD_NZD_JPY,2022-11-20T19:00:00,LONG,-54.91,30.29,55,14,0
AUD_NZD_JPY,2022-11-21T14:55:00,LONG,-4.645,1.6,30,9,0
AUD_NZD_JPY,2022-11-21T18:55:00,LONG,-3.522,7.1,40,13,0
AUD_NZD_JPY,2022-11-21T19:30:00,LONG,-4.291,3.84,5,14,0
AUD_NZD_JPY,2022-11-21T19:40:00,LONG,-3.841,3.61,20,14,0
AUD_NZD_JPY,2022-11-22T13:45:00,SHORT,3.05,0.81,10,8,0
AUD_NZD_JPY,2022-11-22T14:55:00,LONG,-14.865,3.81,5,9,0
AUD_NZD_JPY,2022-11-22T18:55:00,LONG,-74.508,32.23,30,13,0
AUD_NZD_JPY,2022-11-22T19:20:00,LONG,-3.066,9.57,5,14,0
AUD_NZD_JPY,2022-11-22T21:55:00,LONG,-4.303,13.9,5,16,1
AUD_NZD_JPY,2022-11-23T15:00:00,LONG,-6.291,35.03,120,10,0
AUD_NZD_JPY,2022-11-23T18:55:00,LONG,-3.271,8.82,5,13,0
AUD_NZD_JPY,2022-11-24T15:00:00,LONG,-4.39,1.45,70,10,0
AUD_NZD_JPY,2022-11-24T15:35:00,LONG,-4.033,1.47,35,10,0
AUD_NZD_JPY,2022-11-24T16:45:00,LONG,-3.028,1.29,60,11,0
AUD_NZD_JPY,2022-11-24T18:55:00,LONG,-10.321,10.36,65,13,0
AUD_NZD_JPY,2022-11-25T15:05:00,SHORT,3.569,1.2,130,10,0
AUD_NZD_JPY,2022-11-25T15:30:00,LONG,-3.614,1.56,105,10,0
AUD_NZD_JPY,2022-11-25T15:50:00,SHORT,4.191,1.59,85,10,0
AUD_NZD_JPY,2022-11-25T16:05:00,SHORT,7.402,4.53,70,11,0
AUD_NZD_JPY,2022-11-25T16:25:00,LONG,-5.955,15.38,50,11,0
AUD_NZD_JPY,2022-11-25T17:25:00,LONG,-3.546,9.12,3040,12,0
AUD_NZD_JPY,2022-11-25T18:05:00,LONG,-3.034,8.8,3000,13,0
AUD_NZD_JPY,2022-11-25T18:25:00,LONG,-3.555,10.75,2980,13,0
AUD_NZD_JPY,2022-11-25T18:35:00,LONG,-3.277,11.43,2970,13,0
AUD_NZD_JPY,2022-11-27T19:10:00,LONG,-4.089,14.82,55,14,0
AUD_NZD_JPY,2022-11-27T19:35:00,LONG,-3.078,12.5,30,14,0
AUD_NZD_JPY,2022-11-28T15:20:00,LONG,-4.259,1.41,55,10,0
AUD_NZD_JPY,2022-11-28T15:30:00,LONG,-3.249,1.26,45,10,0
AUD_NZD_JPY,2022-11-28T16:00:00,LONG,-3.391,1.3,15,11,0
AUD_NZD_JPY,2022-11-28T18:55:00,LONG,-9.306,13.41,30,13,0
AUD_NZD_JPY,2022-11-29T15:00:00,LONG,-3.142,1.13,55,10,0
AUD_NZD_JPY,2022-11-29T15:30:00,LONG,-3.008,1.12,25,10,0
AUD_NZD_JPY,2022-11-29T15:40:00,LONG,-3.281,1.27,15,10,0
AUD_NZD_JPY,2022-11-29T18:55:00,LONG,-57.171,29.72,50,13,0
AUD_NZD_JPY,2022-11-30T14:55:00,LONG,-3.023,3.38,305,9,0
AUD_NZD_JPY,2022-11-30T16:25:00,LONG,-3.143,2.46,215,11,0
AUD_NZD_JPY,2022-11-30T18:55:00,LONG,-19.969,22.61,65,13,0
AUD_NZD_JPY,2022-12-01T18:55:00,LONG,-84.994,43.51,30,13,0
AUD_NZD_JPY,2022-12-02T18:50:00,LONG,-3.132,16.85,2905,13,0
AUD_NZD_JPY,2022-12-04T19:30:00,LONG,-3.235,6.24,35,14,0
AUD_NZD_JPY,2022-12-04T19:40:00,LONG,-4.289,8.54,25,14,0
AUD_NZD_JPY,2022-12-05T15:00:00,LONG,-3.08,1.02,60,10,0
AUD_NZD_JPY,2022-12-05T17:20:00,LONG,-3.059,1.2,55,12,0
AUD_NZD_JPY,2022-12-05T18:55:00,LONG,-45.533,21.6,20,13,0
AUD_NZD_JPY,2022-12-05T19:25:00,LONG,-4.673,10.03,20,14,0
AUD_NZD_JPY,2022-12-05T19:35:00,LONG,-4.176,9.47,10,14,0
AUD_NZD_JPY,2022-12-06T17:35:00,LONG,-3.049,1.94,100,12,0
AUD_NZD_JPY,2022-12-06T18:55:00,LONG,-44.081,24.48,20,13,0
AUD_NZD_JPY,2022-12-07T12:55:00,SHORT,3.984,1.4,35,7,0
AUD_NZD_JPY,2022-12-07T15:00:00,LONG,-9.163,3.45,285,10,0
AUD_NZD_JPY,2022-12-07T17:25:00,LONG,-3.02,3.28,140,12,0
AUD_NZD_JPY,2022-12-07T18:55:00,LONG,-4.692,19.83,50,13,0
AUD_NZD_JPY,2022-12-08T15:00:00,LONG,-3.999,1.41,275,10,0
AUD_NZD_JPY,2022-12-08T15:30:00,LONG,-3.616,1.37,245,10,0
AUD_NZD_JPY,2022-12-08T15:40:00,LONG,-3.425,1.35,235,10,0
AUD_NZD_JPY,2022-12-08T16:15:00,LONG,-3.099,1.39,200,11,0
AUD_NZD_JPY,2022-12-08T17:20:00,LONG,-3.059,1.66,135,12,0
AUD_NZD_JPY,2022-12-08T18:55:00,LONG,-29.374,21.62,40,13,0
AUD_NZD_JPY,2022-12-11T19:00:00,LONG,-41.172,20.97,60,14,0
AUD_NZD_JPY,2022-12-12T14:55:00,LONG,-4.371,1.08,305,9,0
AUD_NZD_JPY,2022-12-12T15:05:00,LONG,-3.566,1.26,295,10,0
AUD_NZD_JPY,2022-12-12T15:35:00,LONG,-3.455,1.05,265,10,0
AUD_NZD_JPY,2022-12-12T16:00:00,LONG,-3.237,1.13,240,11,0
AUD_NZD_JPY,2022-12-12T17:05:00,LONG,-3.208,1.27,175,12,0
AUD_NZD_JPY,2022-12-12T17:30:00,LONG,-3.469,1.45,150,12,0
AUD_NZD_JPY,2022-12-12T18:55:00,LONG,-5.225,7.52,65,13,0
AUD_NZD_JPY,2022-12-12T19:40:00,LONG,-3.75,4.68,20,14,0
AUD_NZD_JPY,2022-12-13T10:25:00,LONG,-25.565,33.45,5,5,0
AUD_NZD_JPY,2022-12-13T19:10:00,LONG,-4.875,12.02,55,14,0
AUD_NZD_JPY,2022-12-13T19:35:00,LONG,-3.07,8.33,30,14,0
AUD_NZD_JPY,2022-12-14T15:00:00,LONG,-9.108,22.29,285,10,0
AUD_NZD_JPY,2022-12-14T19:50:00,LONG,-3.367,7.47,5,14,0
AUD_NZD_JPY,2022-12-15T12:55:00,SHORT,4.033,1.26,5,7,0
AUD_NZD_JPY,2022-12-15T14:55:00,LONG,-8.214,2.51,90,9,0
AUD_NZD_JPY,2022-12-15T15:35:00,LONG,-3.357,1.24,50,10,0
AUD_NZD_JPY,2022-12-15T18:55:00,LONG,-24.323,12.44,65,13,0
AUD_NZD_JPY,2022-12-15T19:15:00,LONG,-4.647,5.87,45,14,0
AUD_NZD_JPY,2022-12-16T18:50:00,LONG,-3.575,8.36,2955,13,0
AUD_NZD_JPY,2022-12-18T19:25:00,LONG,-5.41,9.04,40,14,0
AUD_NZD_JPY,2022-12-19T13:05:00,SHORT,4.258,1.32,30,8,0
AUD_NZD_JPY,2022-12-19T15:00:00,LONG,-3.96,1.25,210,10,0
AUD_NZD_JPY,2022-12-19T17:25:00,LONG,-3.076,1.3,65,12,0
AUD_NZD_JPY,2022-12-19T18:55:00,LONG,-24.925,17.61,35,13,0
AUD_NZD_JPY,2022-12-20T15:20:00,LONG,-3.549,1.46,40,10,0
AUD_NZD_JPY,2022-12-20T19:05:00,LONG,-37.877,20.8,25,14,0
AUD_NZD_JPY,2022-12-21T13:30:00,SHORT,3.112,1.0,25,8,0
AUD_NZD_JPY,2022-12-21T13:50:00,SHORT,3.292,1.1,5,8,0
AUD_NZD_JPY,2022-12-21T15:00:00,LONG,-12.405,5.03,300,10,0
AUD_NZD_JPY,2022-12-21T18:55:00,LONG,-6.955,14.15,65,13,0
AUD_NZD_JPY,2022-12-21T19:05:00,LONG,-3.266,9.06,55,14,0
AUD_NZD_JPY,2022-12-22T18:55:00,LONG,-79.492,43.97,70,13,0
AUD_NZD_JPY,2022-12-25T19:00:00,LONG,-58.245,60.16,215,14,0
AUD_NZD_JPY,2022-12-25T21:05:00,LONG,-3.925,55.83,90,16,1
AUD_NZD_JPY,2022-12-26T19:35:00,LONG,-3.059,59.55,785,14,0
AUD_NZD_JPY,2022-12-27T14:55:00,LONG,-3.671,1.32,285,9,0
AUD_NZD_JPY,2022-12-27T15:15:00,LONG,-3.616,1.37,265,10,0
AUD_NZD_JPY,2022-12-27T15:40:00,LONG,-3.689,1.51,240,10,0
AUD_NZD_JPY,2022-12-27T19:00:00,LONG,-7.638,61.97,40,14,0
AUD_NZD_JPY,2022-12-27T19:25:00,LONG,-4.849,26.01,15,14,0
AUD_NZD_JPY,2022-12-27T19:45:00,LONG,-6.708,38.6,20,14,0
AUD_NZD_JPY,2022-12-28T15:00:00,LONG,-16.361,6.7,275,10,0
AUD_NZD_JPY,2022-12-28T16:55:00,LONG,-3.141,6.03,160,11,0
AUD_NZD_JPY,2022-12-28T19:00:00,LONG,-7.21,18.37,35,14,0
AUD_NZD_JPY,2022-12-29T14:55:00,LONG,-5.683,2.55,205,9,0
AUD_NZD_JPY,2022-12-29T18:50:00,LONG,-3.24,13.42,40,13,0
AUD_NZD_JPY,2022-12-29T19:25:00,LONG,-3.57,4.93,5,14,0
AUD_NZD_JPY,2022-12-29T19:35:00,LONG,-3.693,5.98,25,14,0
AUD_NZD_JPY,2022-12-30T18:30:00,LONG,-4.559,56.7,3445,13,0
AUD_NZD_JPY,2023-01-01T22:00:00,LONG,-4.253,54.76,355,17,1
AUD_NZD_JPY,2023-01-01T22:30:00,LONG,-3.255,50.77,325,17,1
AUD_NZD_JPY,2023-01-01T23:55:00,LONG,-3.063,49.41,240,18,1
AUD_NZD_JPY,2023-01-03T14:55:00,LONG,-14.257,4.75,320,9,0
AUD_NZD_JPY,2023-01-03T18:55:00,LONG,-53.544,34.89,80,13,0
AUD_NZD_JPY,2023-01-04T15:00:00,LONG,-9.828,58.91,300,10,0
AUD_NZD_JPY,2023-01-04T19:00:00,LONG,-3.704,16.43,60,14,0
AUD_NZD_JPY,2023-01-05T14:55:00,LONG,-4.338,1.35,75,9,0
AUD_NZD_JPY,2023-01-05T15:05:00,LONG,-3.652,1.19,65,10,0
AUD_NZD_JPY,2023-01-05T15:20:00,LONG,-4.145,1.44,50,10,0
AUD_NZD_JPY,2023-01-05T15:55:00,LONG,-3.52,1.38,15,10,0
AUD_NZD_JPY,2023-01-05T17:25:00,LONG,-3.612,1.55,155,12,0
AUD_NZD_JPY,2023-01-05T17:40:00,LONG,-3.514,1.57,140,12,0
AUD_NZD_JPY,2023-01-05T18:55:00,LONG,-78.811,41.27,65,13,0
AUD_NZD_JPY,2023-01-05T19:45:00,LONG,-3.069,10.93,15,14,0
AUD_NZD_JPY,2023-01-08T19:00:00,LONG,-38.558,17.68,60,14,0
AUD_NZD_JPY,2023-01-09T13:40:00,SHORT,3.015,1.0,5,8,0
AUD_NZD_JPY,2023-01-09T15:00:00,LONG,-3.893,1.25,230,10,0
AUD_NZD_JPY,2023-01-09T15:25:00,LONG,-3.006,1.05,205,10,0
AUD_NZD_JPY,2023-01-09T15:35:00,LONG,-3.7,1.32,195,10,0
AUD_NZD_JPY,2023-01-09T15:55:00,LONG,-3.035,1.15,175,10,0
AUD_NZD_JPY,2023-01-09T18:00:00,LONG,-3.148,1.53,50,13,0
AUD_NZD_JPY,2023-01-09T19:00:00,LONG,-40.588,21.37,60,14,0
AUD_NZD_JPY,2023-01-10T15:05:00,LONG,-3.411,1.18,135,10,0
AUD_NZD_JPY,2023-01-10T15:15:00,LONG,-4.03,1.44,125,10,0
AUD_NZD_JPY,2023-01-10T15:40:00,LONG,-3.33,1.32,100,10,0
AUD_NZD_JPY,2023-01-10T18:45:00,LONG,-3.282,36.01,75,13,0
AUD_NZD_JPY,2023-01-10T19:55:00,LONG,-3.153,13.22,5,14,0
AUD_NZD_JPY,2023-01-11T15:00:00,LONG,-13.697,4.56,300,10,0
AUD_NZD_JPY,2023-01-11T18:55:00,LONG,-3.359,7.45,65,13,0
AUD_NZD_JPY,2023-01-12T10:25:00,LONG,-11.098,16.49,5,5,0
AUD_NZD_JPY,2023-01-12T18:55:00,LONG,-8.161,60.14,35,13,0
AUD_NZD_JPY,2023-01-13T18:45:00,LONG,-4.175,34.97,2955,13,0
AUD_NZD_JPY,2023-01-16T14:55:00,LONG,-3.549,1.87,175,9,0
AUD_NZD_JPY,2023-01-16T15:25:00,LONG,-3.447,1.69,145,10,0
AUD_NZD_JPY,2023-01-16T15:55:00,LONG,-3.397,1.62,115,10,0
AUD_NZD_JPY,2023-01-16T17:05:00,LONG,-3.361,1.93,45,12,0
AUD_NZD_JPY,2023-01-16T18:55:00,LONG,-15.682,11.19,70,13,0
AUD_NZD_JPY,2023-01-16T19:30:00,LONG,-3.425,5.02,35,14,0
AUD_NZD_JPY,2023-01-17T15:00:00,LONG,-3.896,1.21,120,10,0
AUD_NZD_JPY,2023-01-17T15:20:00,LONG,-3.451,1.25,100,10,0
AUD_NZD_JPY,2023-01-17T15:40:00,LONG,-3.042,1.13,80,10,0
AUD_NZD_JPY,2023-01-17T18:55:00,LONG,-25.277,13.88,70,13,0
AUD_NZD_JPY,2023-01-17T19:15:00,LONG,-4.557,6.72,50,14,0
AUD_NZD_JPY,2023-01-18T14:55:00,LONG,-16.758,5.85,305,9,0
AUD_NZD_JPY,2023-01-18T16:15:00,LONG,-3.042,3.2,225,11,0
AUD_NZD_JPY,2023-01-18T18:55:00,LONG,-10.362,22.27,65,13,0
AUD_NZD_JPY,2023-01-19T18:55:00,LONG,-24.73,13.04,50,13,0
AUD_NZD_JPY,2023-01-19T19:25:00,LONG,-3.393,4.63,20,14,0
AUD_NZD_JPY,2023-01-19T19:40:00,LONG,-3.274,4.68,5,14,0
AUD_NZD_JPY,2023-01-19T19:50:00,LONG,-3.076,4.57,25,14,0
AUD_NZD_JPY,2023-01-22T19:00:00,SHORT,19.049,12.33,65,14,0
AUD_NZD_JPY,2023-01-22T19:50:00,LONG,-3.626,6.03,15,14,0
AUD_NZD_JPY,2023-01-23T15:55:00,LONG,-3.858,1.23,55,10,0
AUD_NZD_JPY,2023-01-23T18:55:00,LONG,-48.457,18.34,60,13,0
AUD_NZD_JPY,2023-01-24T18:40:00,LONG,-20.109,6.08,65,13,0
AUD_NZD_JPY,2023-01-24T18:55:00,LONG,-4.707,25.99,50,13,0
AUD_NZD_JPY,2023-01-24T19:15:00,LONG,-3.611,8.18,30,14,0
AUD_NZD_JPY,2023-01-25T15:00:00,LONG,-12.983,5.14,480,10,0
AUD_NZD_JPY,2023-01-25T19:30:00,LONG,-3.916,10.66,210,14,0
AUD_NZD_JPY,2023-01-25T19:55:00,LONG,-11.31,30.05,185,14,0
AUD_NZD_JPY,2023-01-26T15:20:00,LONG,-3.105,1.23,100,10,0
AUD_NZD_JPY,2023-01-26T19:00:00,LONG,-16.559,12.62,65,14,0
AUD_NZD_JPY,2023-01-26T19:30:00,LONG,-3.58,5.29,35,14,0
AUD_NZD_JPY,2023-01-27T11:55:00,LONG,-3.827,4.47,5,6,0
AUD_NZD_JPY,2023-01-27T18:50:00,LONG,-3.37,11.0,2950,13,0
AUD_NZD_JPY,2023-01-30T15:00:00,LONG,-3.565,1.0,135,10,0
AUD_NZD_JPY,2023-01-30T15:10:00,LONG,-3.781,1.48,125,10,0
AUD_NZD_JPY,2023-01-30T15:45:00,LONG,-3.013,1.31,90,10,0
AUD_NZD_JPY,2023-01-30T18:55:00,LONG,-6.24,5.86,60,13,0
AUD_NZD_JPY,2023-01-30T19:30:00,LONG,-5.289,5.32,25,14,0
AUD_NZD_JPY,2023-01-30T19:40:00,LONG,-4.784,5.18,15,14,0
AUD_NZD_JPY,2023-01-31T15:00:00,LONG,-4.354,1.37,295,10,0
AUD_NZD_JPY,2023-01-31T15:20:00,LONG,-4.56,1.42,275,10,0
AUD_NZD_JPY,2023-01-31T15:35:00,LONG,-3.38,1.13,260,10,0
AUD_NZD_JPY,2023-01-31T18:40:00,LONG,-11.192,5.24,75,13,0
AUD_NZD_JPY,2023-01-31T18:55:00,LONG,-5.49,6.02,60,13,0
AUD_NZD_JPY,2023-02-01T15:00:00,LONG,-11.022,25.45,280,10,0
AUD_NZD_JPY,2023-02-01T19:00:00,LONG,-4.45,11.08,40,14,0
AUD_NZD_JPY,2023-02-01T19:15:00,LONG,-3.548,9.56,25,14,0
AUD_NZD_JPY,2023-02-02T15:00:00,LONG,-4.427,1.32,265,10,0
AUD_NZD_JPY,2023-02-02T15:25:00,LONG,-3.302,1.42,240,10,0
AUD_NZD_JPY,2023-02-02T15:55:00,LONG,-3.038,1.15,210,10,0
AUD_NZD_JPY,2023-02-02T18:10:00,LONG,-3.641,1.78,75,13,0
AUD_NZD_JPY,2023-02-02T18:55:00,LONG,-3.199,19.38,30,13,0
AUD_NZD_JPY,2023-02-03T10:25:00,LONG,-6.132,13.29,5,5,0
AUD_NZD_JPY,2023-02-05T19:00:00,LONG,-3.93,19.91,45,14,0
AUD_NZD_JPY,2023-02-06T15:00:00,LONG,-4.444,1.2,270,10,0
AUD_NZD_JPY,2023-02-06T15:35:00,LONG,-3.576,1.24,235,10,0
AUD_NZD_JPY,2023-02-06T16:25:00,LONG,-3.221,1.22,185,11,0
AUD_NZD_JPY,2023-02-06T18:55:00,LONG,-3.251,1.55,35,13,0
AUD_NZD_JPY,2023-02-06T19:05:00,LONG,-10.972,5.4,25,14,0
AUD_NZD_JPY,2023-02-06T19:45:00,LONG,-3.975,3.23,20,14,0
AUD_NZD_JPY,2023-02-07T00:25:00,LONG,-3.275,2.84,15,19,0
AUD_NZD_JPY,2023-02-07T14:55:00,LONG,-4.526,2.74,285,9,0
AUD_NZD_JPY,2023-02-07T15:25:00,LONG,-3.76,1.85,255,10,0
AUD_NZD_JPY,2023-02-07T19:00:00,LONG,-17.183,11.42,40,14,0
AUD_NZD_JPY,2023-02-08T15:00:00,LONG,-10.826,3.57,250,10,0
AUD_NZD_JPY,2023-02-08T16:40:00,LONG,-3.278,3.11,150,11,0
AUD_NZD_JPY,2023-02-08T19:50:00,LONG,-3.057,4.11,15,14,0
AUD_NZD_JPY,2023-02-09T15:00:00,LONG,-3.118,0.99,155,10,0
AUD_NZD_JPY,2023-02-09T15:15:00,LONG,-4.129,1.37,140,10,0
AUD_NZD_JPY,2023-02-09T15:45:00,LONG,-3.134,1.32,110,10,0
AUD_NZD_JPY,2023-02-09T16:05:00,LONG,-3.092,1.21,90,11,0
AUD_NZD_JPY,2023-02-09T16:15:00,LONG,-3.339,1.36,80,11,0
AUD_NZD_JPY,2023-02-09T16:35:00,LONG,-3.005,1.32,60,11,0
AUD_NZD_JPY,2023-02-09T19:00:00,LONG,-5.979,3.23,60,14,0
AUD_NZD_JPY,2023-02-09T19:10:00,LONG,-6.517,6.18,50,14,0
AUD_NZD_JPY,2023-02-10T18:45:00,LONG,-3.015,0.87,2955,13,0
AUD_NZD_JPY,2023-02-12T19:00:00,LONG,-14.853,6.04,60,14,0
AUD_NZD_JPY,2023-02-12T19:35:00,LONG,-6.694,6.5,25,14,0
AUD_NZD_JPY,2023-02-13T15:00:00,LONG,-4.73,1.38,275,10,0
AUD_NZD_JPY,2023-02-13T15:15:00,LONG,-4.068,1.28,260,10,0
AUD_NZD_JPY,2023-02-13T15:30:00,LONG,-3.239,1.08,245,10,0
AUD_NZD_JPY,2023-02-13T15:50:00,LONG,-3.047,1.08,225,10,0
AUD_NZD_JPY,2023-02-13T16:35:00,LONG,-3.237,1.28,180,11,0
AUD_NZD_JPY,2023-02-13T17:10:00,LONG,-3.019,1.3,145,12,0
AUD_NZD_JPY,2023-02-13T17:20:00,LONG,-3.43,1.53,135,12,0
AUD_NZD_JPY,2023-02-13T18:55:00,LONG,-26.232,13.87,40,13,0
AUD_NZD_JPY,2023-02-13T19:25:00,LONG,-3.108,4.57,10,14,0
AUD_NZD_JPY,2023-02-14T10:25:00,LONG,-8.936,12.84,5,5,0
AUD_NZD_JPY,2023-02-14T19:05:00,LONG,-5.196,5.68,50,14,0
AUD_NZD_JPY,2023-02-15T10:25:00,LONG,-3.385,3.36,5,5,0
AUD_NZD_JPY,2023-02-15T15:00:00,LONG,-11.75,4.13,300,10,0
AUD_NZD_JPY,2023-02-16T10:25:00,LONG,-6.865,9.68,5,5,0
AUD_NZD_JPY,2023-02-16T19:00:00,LONG,-9.795,7.47,60,14,0
AUD_NZD_JPY,2023-02-16T19:25:00,LONG,-4.009,4.48,35,14,0
AUD_NZD_JPY,2023-02-16T19:40:00,LONG,-3.706,4.4,20,14,0
AUD_NZD_JPY,2023-02-17T18:50:00,LONG,-4.267,10.2,2950,13,0
AUD_NZD_JPY,2023-02-19T19:50:00,LONG,-3.032,5.0,10,14,0
AUD_NZD_JPY,2023-02-20T15:00:00,LONG,-10.612,2.97,300,10,0
AUD_NZD_JPY,2023-02-20T17:05:00,LONG,-3.048,2.78,175,12,0
AUD_NZD_JPY,2023-02-20T18:45:00,LONG,-3.168,3.74,75,13,0
AUD_NZD_JPY,2023-02-20T18:55:00,LONG,-4.246,5.21,65,13,0
AUD_NZD_JPY,2023-02-20T19:25:00,LONG,-3.382,4.56,35,14,0
AUD_NZD_JPY,2023-02-21T14:55:00,LONG,-6.75,4.02,285,9,0
AUD_NZD_JPY,2023-02-21T16:50:00,LONG,-3.103,3.7,170,11,0
AUD_NZD_JPY,2023-02-21T18:55:00,SHORT,15.783,25.49,45,13,0
AUD_NZD_JPY,2023-02-21T21:55:00,LONG,-6.892,17.87,5,16,1
AUD_NZD_JPY,2023-02-22T15:15:00,SHORT,3.136,1.18,50,10,0
AUD_NZD_JPY,2023-02-22T15:55:00,LONG,-60.374,24.54,10,10,0
AUD_NZD_JPY,2023-02-23T15:00:00,LONG,-3.909,1.41,180,10,0
AUD_NZD_JPY,2023-02-23T15:45:00,LONG,-3.483,1.33,135,10,0
AUD_NZD_JPY,2023-02-23T16:15:00,LONG,-3.377,1.34,105,11,0
AUD_NZD_JPY,2023-02-23T18:55:00,LONG,-3.106,8.22,70,13,0
AUD_NZD_JPY,2023-02-24T10:25:00,LONG,-3.682,5.1,5,5,0
AUD_NZD_JPY,2023-02-24T11:55:00,LONG,-6.301,8.49,5,6,0
AUD_NZD_JPY,2023-02-26T19:00:00,LONG,-16.938,18.09,60,14,0
AUD_NZD_JPY,2023-02-26T19:25:00,LONG,-4.653,11.29,35,14,0
AUD_NZD_JPY,2023-02-27T15:00:00,LONG,-3.97,1.27,300,10,0
AUD_NZD_JPY,2023-02-27T15:45:00,LONG,-3.293,1.2,255,10,0
AUD_NZD_JPY,2023-02-27T17:00:00,LONG,-3.001,1.26,180,12,0
AUD_NZD_JPY,2023-02-27T19:00:00,LONG,-9.243,4.94,60,14,0
AUD_NZD_JPY,2023-02-27T19:25:00,LONG,-3.822,3.04,35,14,0
AUD_NZD_JPY,2023-02-27T19:45:00,LONG,-3.302,3.39,15,14,0
AUD_NZD_JPY,2023-02-28T12:55:00,SHORT,3.695,0.99,5,7,0
AUD_NZD_JPY,2023-02-28T15:00:00,LONG,-5.129,1.48,300,10,0
AUD_NZD_JPY,2023-02-28T15:30:00,LONG,-3.454,1.11,270,10,0
AUD_NZD_JPY,2023-02-28T15:55:00,LONG,-3.028,1.06,245,10,0
AUD_NZD_JPY,2023-02-28T18:55:00,LONG,-3.328,4.89,65,13,0
AUD_NZD_JPY,2023-02-28T19:15:00,LONG,-3.648,3.25,45,14,0
AUD_NZD_JPY,2023-02-28T19:50:00,LONG,-3.111,2.42,10,14,0
AUD_NZD_JPY,2023-02-28T21:25:00,LONG,-6.454,5.2,5,16,1
AUD_NZD_JPY,2023-03-01T11:55:00,LONG,-7.799,5.82,5,6,0
AUD_NZD_JPY,2023-03-01T15:00:00,LONG,-5.749,3.21,295,10,0
AUD_NZD_JPY,2023-03-01T18:55:00,LONG,-4.308,31.25,60,13,0
AUD_NZD_JPY,2023-03-02T14:15:00,SHORT,3.05,1.05,15,9,0
AUD_NZD_JPY,2023-03-02T15:00:00,LONG,-5.238,1.7,300,10,0
AUD_NZD_JPY,2023-03-02T15:50:00,LONG,-3.155,1.38,250,10,0
AUD_NZD_JPY,2023-03-02T19:00:00,LONG,-31.179,18.99,60,14,0
AUD_NZD_JPY,2023-03-05T19:00:00,LONG,-51.948,14.61,35,14,0
AUD_NZD_JPY,2023-03-06T15:00:00,LONG,-3.741,1.04,290,10,0
AUD_NZD_JPY,2023-03-06T15:15:00,LONG,-5.147,1.47,275,10,0
AUD_NZD_JPY,2023-03-06T15:50:00,LONG,-3.53,1.19,240,10,0
AUD_NZD_JPY,2023-03-06T16:35:00,LONG,-3.089,1.19,195,11,0
AUD_NZD_JPY,2023-03-06T16:45:00,LONG,-3.043,1.22,185,11,0
AUD_NZD_JPY,2023-03-06T17:05:00,LONG,-3.146,1.33,165,12,0
AUD_NZD_JPY,2023-03-06T17:15:00,LONG,-3.533,1.53,155,12,0
AUD_NZD_JPY,2023-03-06T18:45:00,LONG,-3.103,1.83,65,13,0
AUD_NZD_JPY,2023-03-06T19:00:00,LONG,-26.409,14.84,50,14,0
AUD_NZD_JPY,2023-03-07T15:30:00,LONG,-3.68,1.35,270,10,0
AUD_NZD_JPY,2023-03-07T15:45:00,LONG,-3.287,1.27,255,10,0
AUD_NZD_JPY,2023-03-07T18:35:00,LONG,-3.152,1.61,85,13,0
AUD_NZD_JPY,2023-03-07T18:55:00,LONG,-3.378,10.14,65,13,0
AUD_NZD_JPY,2023-03-07T19:50:00,LONG,-3.138,4.84,10,14,0
AUD_NZD_JPY,2023-03-08T15:00:00,LONG,-7.155,3.31,260,10,0
AUD_NZD_JPY,2023-03-08T16:35:00,LONG,-3.072,2.89,165,11,0
AUD_NZD_JPY,2023-03-08T16:50:00,LONG,-3.048,3.03,150,11,0
AUD_NZD_JPY,2023-03-08T19:00:00,LONG,-9.86,13.37,20,14,0
AUD_NZD_JPY,2023-03-09T15:00:00,LONG,-4.979,1.4,315,10,0
AUD_NZD_JPY,2023-03-09T15:40:00,LONG,-3.088,1.09,275,10,0
AUD_NZD_JPY,2023-03-09T15:50:00,LONG,-3.145,1.16,265,10,0
AUD_NZD_JPY,2023-03-09T16:05:00,LONG,-3.822,1.48,250,11,0
AUD_NZD_JPY,2023-03-09T17:15:00,LONG,-3.069,1.44,180,12,0
AUD_NZD_JPY,2023-03-09T17:40:00,LONG,-3.296,1.65,155,12,0
AUD_NZD_JPY,2023-03-09T18:45:00,LONG,-3.038,1.76,90,13,0
AUD_NZD_JPY,2023-03-09T18:55:00,LONG,-9.591,7.06,80,13,0
AUD_NZD_JPY,2023-03-09T19:30:00,LONG,-3.669,3.62,45,14,0
AUD_NZD_JPY,2023-03-09T19:45:00,LONG,-3.006,4.74,30,14,0
AUD_NZD_JPY,2023-03-10T10:25:00,LONG,-10.397,11.46,10,5,0
AUD_NZD_JPY,2023-03-12T20:00:00,LONG,-14.182,12.63,30,15,0
AUD_NZD_JPY,2023-03-12T20:40:00,LONG,-9.037,14.15,75,15,0
AUD_NZD_JPY,2023-03-12T21:00:00,LONG,-5.396,10.67,55,16,1
AUD_NZD_JPY,2023-03-12T21:30:00,LONG,-3.806,12.09,25,16,1
AUD_NZD_JPY,2023-03-12T21:45:00,LONG,-4.572,12.09,10,16,1
AUD_NZD_JPY,2023-03-13T17:00:00,LONG,-5.578,1.63,275,12,0
AUD_NZD_JPY,2023-03-13T18:05:00,LONG,-3.706,1.55,210,13,0
AUD_NZD_JPY,2023-03-13T18:20:00,LONG,-3.037,1.35,195,13,0
AUD_NZD_JPY,2023-03-13T20:00:00,LONG,-12.168,9.14,95,15,0
AUD_NZD_JPY,2023-03-13T20:20:00,LONG,-3.476,3.47,75,15,0
AUD_NZD_JPY,2023-03-14T11:25:00,LONG,-12.672,14.03,5,6,0
AUD_NZD_JPY,2023-03-14T20:00:00,LONG,-7.878,9.1,10,15,0
AUD_NZD_JPY,2023-03-14T20:35:00,LONG,-3.935,5.3,25,15,0
AUD_NZD_JPY,2023-03-15T11:25:00,LONG,-6.419,7.44,5,6,0
AUD_NZD_JPY,2023-03-15T17:00:00,LONG,-5.807,4.12,225,12,0
AUD_NZD_JPY,2023-03-15T18:20:00,LONG,-3.192,3.73,145,13,0
AUD_NZD_JPY,2023-03-15T20:10:00,LONG,-4.711,9.97,35,15,0
AUD_NZD_JPY,2023-03-15T20:40:00,LONG,-11.023,21.84,5,15,0
AUD_NZD_JPY,2023-03-16T17:00:00,LONG,-6.317,3.0,250,12,0
AUD_NZD_JPY,2023-03-16T18:20:00,LONG,-3.192,2.6,170,13,0
AUD_NZD_JPY,2023-03-16T18:35:00,LONG,-3.038,2.62,155,13,0
AUD_NZD_JPY,2023-03-16T19:45:00,LONG,-3.277,20.56,85,14,0
AUD_NZD_JPY,2023-03-17T19:45:00,LONG,-5.661,17.59,2960,14,0
AUD_NZD_JPY,2023-03-19T20:30:00,LONG,-8.751,16.78,35,15,0
AUD_NZD_JPY,2023-03-20T20:00:00,LONG,-42.796,14.0,80,15,0
AUD_NZD_JPY,2023-03-21T17:00:00,LONG,-4.655,1.59,245,12,0
AUD_NZD_JPY,2023-03-21T18:00:00,LONG,-3.264,1.57,185,13,0
AUD_NZD_JPY,2023-03-21T18:30:00,LONG,-3.327,1.47,155,13,0
AUD_NZD_JPY,2023-03-21T19:55:00,LONG,-4.884,3.68,70,14,0
AUD_NZD_JPY,2023-03-21T20:20:00,LONG,-5.004,3.41,45,15,0
AUD_NZD_JPY,2023-03-22T16:55:00,LONG,-360.801,94.04,15,11,0
AUD_NZD_JPY,2023-03-23T17:00:00,LONG,-3.746,1.25,225,12,0
AUD_NZD_JPY,2023-03-23T18:10:00,LONG,-3.382,1.27,155,13,0
AUD_NZD_JPY,2023-03-23T18:20:00,LONG,-3.533,1.37,145,13,0
AUD_NZD_JPY,2023-03-23T18:40:00,LONG,-3.447,1.42,125,13,0
AUD_NZD_JPY,2023-03-23T19:05:00,LONG,-3.566,1.57,100,14,0
AUD_NZD_JPY,2023-03-23T19:25:00,LONG,-3.866,1.81,80,14,0
AUD_NZD_JPY,2023-03-23T19:45:00,LONG,-4.434,2.28,60,14,0
AUD_NZD_JPY,2023-03-23T20:00:00,LONG,-20.793,11.49,45,15,0
AUD_NZD_JPY,2023-03-26T20:00:00,LONG,-87.598,26.24,70,15,0
AUD_NZD_JPY,2023-03-27T17:00:00,LONG,-3.575,1.3,195,12,0
AUD_NZD_JPY,2023-03-27T18:10:00,LONG,-3.483,1.39,125,13,0
AUD_NZD_JPY,2023-03-27T19:30:00,LONG,-3.02,1.35,45,14,0
AUD_NZD_JPY,2023-03-27T20:00:00,LONG,-24.396,11.63,15,15,0
AUD_NZD_JPY,2023-03-28T17:00:00,LONG,-4.166,1.08,55,12,0
AUD_NZD_JPY,2023-03-28T17:20:00,LONG,-3.807,1.2,35,12,0
AUD_NZD_JPY,2023-03-28T18:15:00,LONG,-3.645,1.21,100,13,0
AUD_NZD_JPY,2023-03-28T18:25:00,LONG,-3.585,1.25,90,13,0
AUD_NZD_JPY,2023-03-28T19:20:00,LONG,-3.398,1.37,35,14,0
AUD_NZD_JPY,2023-03-28T19:35:00,LONG,-3.447,1.47,20,14,0
AUD_NZD_JPY,2023-03-28T19:50:00,LONG,-3.301,1.49,5,14,0
AUD_NZD_JPY,2023-03-28T20:00:00,LONG,-9.08,8.96,30,15,0
AUD_NZD_JPY,2023-03-28T20:35:00,LONG,-3.569,8.34,30,15,0
AUD_NZD_JPY,2023-03-29T17:00:00,LONG,-17.241,4.12,210,12,0
AUD_NZD_JPY,2023-03-29T18:55:00,LONG,-3.023,3.89,95,13,0
AUD_NZD_JPY,2023-03-29T20:00:00,LONG,-4.641,7.42,30,15,0
AUD_NZD_JPY,2023-03-30T17:00:00,LONG,-3.779,0.96,110,12,0
AUD_NZD_JPY,2023-03-30T17:15:00,LONG,-4.673,1.19,95,12,0
AUD_NZD_JPY,2023-03-30T17:50:00,LONG,-3.922,1.21,60,12,0
AUD_NZD_JPY,2023-03-30T18:10:00,LONG,-3.081,1.01,40,13,0
AUD_NZD_JPY,2023-03-30T18:25:00,LONG,-3.006,1.34,25,13,0
AUD_NZD_JPY,2023-03-30T18:55:00,LONG,-3.186,1.2,135,13,0
AUD_NZD_JPY,2023-03-30T19:10:00,LONG,-3.079,1.21,120,14,0
AUD_NZD_JPY,2023-03-30T19:35:00,LONG,-3.371,3.61,95,14,0
AUD_NZD_JPY,2023-03-30T20:25:00,LONG,-3.89,5.02,45,15,0
AUD_NZD_JPY,2023-03-30T20:55:00,LONG,-3.838,3.59,15,15,0
AUD_NZD_JPY,2023-03-31T19:40:00,LONG,-3.596,1.13,3000,14,0
AUD_NZD_JPY,2023-03-31T19:50:00,LONG,-5.848,6.21,2990,14,0
AUD_NZD_JPY,2023-04-02T20:30:00,SHORT,3.359,2.74,70,15,0
AUD_NZD_JPY,2023-04-02T20:40:00,LONG,-6.903,5.88,60,15,0
AUD_NZD_JPY,2023-04-02T20:50:00,LONG,-4.988,4.79,50,15,0
AUD_NZD_JPY,2023-04-03T18:00:00,LONG,-6.726,1.64,165,13,0
AUD_NZD_JPY,2023-04-03T18:45:00,LONG,-3.442,1.23,120,13,0
AUD_NZD_JPY,2023-04-03T19:05:00,LONG,-4.252,1.61,100,14,0
AUD_NZD_JPY,2023-04-03T19:35:00,LONG,-3.436,1.51,70,14,0
AUD_NZD_JPY,2023-04-03T19:45:00,LONG,-3.34,9.76,60,14,0
AUD_NZD_JPY,2023-04-03T20:55:00,LONG,-3.211,4.2,5,15,0
AUD_NZD_JPY,2023-04-04T18:00:00,LONG,-20.374,5.46,180,13,0
AUD_NZD_JPY,2023-04-04T19:50:00,LONG,-3.398,5.7,70,14,0
AUD_NZD_JPY,2023-04-04T20:05:00,LONG,-3.144,5.64,55,15,0
AUD_NZD_JPY,2023-04-05T11:10:00,LONG,-4.63,8.55,5,6,0
AUD_NZD_JPY,2023-04-05T12:55:00,LONG,-6.097,7.32,5,7,0
AUD_NZD_JPY,2023-04-05T20:00:00,LONG,-44.62,43.21,15,15,0
AUD_NZD_JPY,2023-04-06T18:15:00,SHORT,3.427,0.87,40,13,0
AUD_NZD_JPY,2023-04-06T18:40:00,SHORT,3.021,0.81,15,13,0
AUD_NZD_JPY,2023-04-06T19:50:00,LONG,-6.271,13.1,70,14,0
AUD_NZD_JPY,2023-04-06T20:35:00,LONG,-3.195,5.33,25,15,0
AUD_NZD_JPY,2023-04-07T11:25:00,LONG,-3.56,5.63,5,6,0
AUD_NZD_JPY,2023-04-07T14:10:00,LONG,-27.045,35.28,3230,9,0
AUD_NZD_JPY,2023-04-07T17:00:00,LONG,-3.349,40.49,3060,12,0
AUD_NZD_JPY,2023-04-07T18:30:00,LONG,-3.234,39.04,2970,13,0
AUD_NZD_JPY,2023-04-07T18:40:00,LONG,-3.113,39.04,2960,13,0
AUD_NZD_JPY,2023-04-07T19:40:00,LONG,-3.497,58.49,2900,14,0
AUD_NZD_JPY,2023-04-10T18:00:00,LONG,-4.184,1.36,180,13,0
AUD_NZD_JPY,2023-04-10T19:00:00,LONG,-3.829,1.38,120,14,0
AUD_NZD_JPY,2023-04-10T19:20:00,LONG,-3.469,1.64,100,14,0
AUD_NZD_JPY,2023-04-10T19:55:00,LONG,-6.134,7.13,65,14,0
AUD_NZD_JPY,2023-04-11T18:00:00,LONG,-3.121,1.49,190,13,0
AUD_NZD_JPY,2023-04-11T19:00:00,LONG,-3.031,1.64,130,14,0
AUD_NZD_JPY,2023-04-11T19:40:00,LONG,-3.532,1.63,90,14,0
AUD_NZD_JPY,2023-04-11T19:55:00,LONG,-14.892,6.94,75,14,0
AUD_NZD_JPY,2023-04-11T20:25:00,LONG,-3.626,3.53,45,15,0
AUD_NZD_JPY,2023-04-12T11:25:00,LONG,-6.92,7.64,5,6,0
AUD_NZD_JPY,2023-04-12T16:55:00,LONG,-23.915,14.68,5,11,0
AUD_NZD_JPY,2023-04-12T19:55:00,LONG,-6.209,9.86,75,14,0
AUD_NZD_JPY,2023-04-12T20:30:00,LONG,-3.428,6.58,40,15,0
AUD_NZD_JPY,2023-04-13T18:00:00,LONG,-6.044,1.49,180,13,0
AUD_NZD_JPY,2023-04-13T18:40:00,LONG,-3.663,1.22,140,13,0
AUD_NZD_JPY,2023-04-13T18:50:00,LONG,-3.735,1.72,130,13,0
AUD_NZD_JPY,2023-04-13T19:40:00,LONG,-3.034,1.39,80,14,0
AUD_NZD_JPY,2023-04-13T19:50:00,LONG,-3.128,21.85,70,14,0
AUD_NZD_JPY,2023-04-13T20:20:00,LONG,-6.276,12.2,40,15,0
AUD_NZD_JPY,2023-04-16T20:00:00,LONG,-11.735,14.11,70,15,0
AUD_NZD_JPY,2023-04-17T18:00:00,LONG,-5.775,1.53,185,13,0
AUD_NZD_JPY,2023-04-17T19:10:00,LONG,-3.233,1.34,115,14,0
AUD_NZD_JPY,2023-04-17T19:35:00,LONG,-3.171,1.38,90,14,0
AUD_NZD_JPY,2023-04-17T19:55:00,LONG,-8.116,11.48,70,14,0
AUD_NZD_JPY,2023-04-18T18:00:00,LONG,-3.656,1.47,195,13,0
AUD_NZD_JPY,2023-04-18T18:40:00,LONG,-4.242,1.58,155,13,0
AUD_NZD_JPY,2023-04-18T19:50:00,LONG,-3.264,6.34,85,14,0
AUD_NZD_JPY,2023-04-18T20:30:00,LONG,-3.489,3.52,45,15,0
AUD_NZD_JPY,2023-04-19T13:35:00,SHORT,3.316,0.98,5,8,0
AUD_NZD_JPY,2023-04-19T18:00:00,LONG,-17.542,3.71,180,13,0
AUD_NZD_JPY,2023-04-19T20:00:00,LONG,-16.411,17.37,60,15,0
AUD_NZD_JPY,2023-04-20T18:00:00,LONG,-9.529,2.88,180,13,0
AUD_NZD_JPY,2023-04-20T19:45:00,LONG,-3.167,13.8,75,14,0
AUD_NZD_JPY,2023-04-20T20:15:00,LONG,-4.148,6.62,45,15,0
AUD_NZD_JPY,2023-04-21T19:30:00,LONG,-3.389,0.78,2975,14,0
AUD_NZD_JPY,2023-04-23T20:00:00,LONG,-77.721,18.84,65,15,0
AUD_NZD_JPY,2023-04-24T19:55:00,SHORT,3.228,8.14,80,14,0
AUD_NZD_JPY,2023-04-25T18:00:00,LONG,-4.892,1.36,115,13,0
AUD_NZD_JPY,2023-04-25T18:20:00,LONG,-3.344,1.3,95,13,0
AUD_NZD_JPY,2023-04-25T18:40:00,LONG,-3.249,1.23,75,13,0
AUD_NZD_JPY,2023-04-25T18:55:00,LONG,-3.635,1.28,60,13,0
AUD_NZD_JPY,2023-04-25T19:15:00,LONG,-3.335,1.28,40,14,0
AUD_NZD_JPY,2023-04-25T19:30:00,LONG,-3.228,1.31,25,14,0
AUD_NZD_JPY,2023-04-25T19:40:00,LONG,-3.139,1.51,15,14,0
AUD_NZD_JPY,2023-04-25T20:00:00,LONG,-6.266,5.9,70,15,0
AUD_NZD_JPY,2023-04-25T20:20:00,LONG,-3.215,5.14,50,15,0
AUD_NZD_JPY,2023-04-25T20:55:00,LONG,-4.273,4.04,15,15,0
AUD_NZD_JPY,2023-04-26T18:00:00,LONG,-13.448,3.56,190,13,0
AUD_NZD_JPY,2023-04-26T19:40:00,LONG,-3.324,3.33,90,14,0
AUD_NZD_JPY,2023-04-26T19:55:00,LONG,-6.127,6.57,75,14,0
AUD_NZD_JPY,2023-04-26T20:20:00,LONG,-3.809,5.01,50,15,0
AUD_NZD_JPY,2023-04-26T20:50:00,LONG,-3.261,4.66,20,15,0
AUD_NZD_JPY,2023-04-27T18:00:00,LONG,-4.543,1.58,180,13,0
AUD_NZD_JPY,2023-04-27T19:05:00,LONG,-3.969,1.61,115,14,0
AUD_NZD_JPY,2023-04-27T19:25:00,LONG,-3.246,1.44,95,14,0
AUD_NZD_JPY,2023-04-27T19:40:00,LONG,-3.52,10.01,80,14,0
AUD_NZD_JPY,2023-04-28T17:25:00,SHORT,3.596,0.97,10,12,0
AUD_NZD_JPY,2023-04-30T20:00:00,LONG,-96.168,27.13,110,15,0
AUD_NZD_JPY,2023-05-01T18:00:00,LONG,-5.569,1.77,180,13,0
AUD_NZD_JPY,2023-05-01T19:00:00,LONG,-3.58,1.55,120,14,0
AUD_NZD_JPY,2023-05-01T19:30:00,LONG,-3.41,1.77,90,14,0
AUD_NZD_JPY,2023-05-01T19:55:00,LONG,-4.993,3.68,65,14,0
AUD_NZD_JPY,2023-05-01T20:15:00,LONG,-6.265,4.97,45,15,0
AUD_NZD_JPY,2023-05-02T19:55:00,LONG,-9.334,2.65,25,14,0
AUD_NZD_JPY,2023-05-02T20:05:00,LONG,-7.305,2.47,15,15,0
AUD_NZD_JPY,2023-05-02T20:35:00,LONG,-10.954,4.26,45,15,0
AUD_NZD_JPY,2023-05-02T20:45:00,LONG,-4.824,3.57,35,15,0
AUD_NZD_JPY,2023-05-02T21:40:00,LONG,-10.034,6.1,10,16,1
AUD_NZD_JPY,2023-05-03T11:10:00,LONG,-5.958,4.83,5,6,0
AUD_NZD_JPY,2023-05-03T16:55:00,LONG,-50.574,23.32,5,11,0
AUD_NZD_JPY,2023-05-04T11:25:00,SHORT,4.158,2.67,10,6,0
AUD_NZD_JPY,2023-05-04T20:00:00,LONG,-23.222,7.18,35,15,0
AUD_NZD_JPY,2023-05-04T20:55:00,LONG,-3.197,2.22,15,15,0
AUD_NZD_JPY,2023-05-05T11:25:00,LONG,-11.672,8.7,5,6,0
AUD_NZD_JPY,2023-05-07T20:00:00,LONG,-13.243,9.33,60,15,0
AUD_NZD_JPY,2023-05-08T18:00:00,LONG,-5.597,1.45,190,13,0
AUD_NZD_JPY,2023-05-08T18:45:00,LONG,-3.301,1.47,145,13,0
AUD_NZD_JPY,2023-05-08T19:30:00,LONG,-3.438,3.75,100,14,0
AUD_NZD_JPY,2023-05-08T20:30:00,LONG,-3.591,2.62,40,15,0
AUD_NZD_JPY,2023-05-09T14:15:00,SHORT,4.449,0.95,10,9,0
AUD_NZD_JPY,2023-05-09T17:55:00,LONG,-3.255,1.39,195,12,0
AUD_NZD_JPY,2023-05-09T19:05:00,LONG,-3.401,1.22,125,14,0
AUD_NZD_JPY,2023-05-09T19:40:00,LONG,-3.043,9.14,90,14,0
AUD_NZD_JPY,2023-05-09T20:25:00,LONG,-3.726,3.61,45,15,0
AUD_NZD_JPY,2023-05-09T20:35:00,LONG,-3.457,3.65,35,15,0
AUD_NZD_JPY,2023-05-09T20:55:00,LONG,-3.642,4.05,15,15,0
AUD_NZD_JPY,2023-05-10T11:25:00,LONG,-3.497,4.01,5,6,0
AUD_NZD_JPY,2023-05-10T18:00:00,LONG,-9.906,3.84,180,13,0
AUD_NZD_JPY,2023-05-10T19:45:00,LONG,-3.124,8.21,75,14,0
AUD_NZD_JPY,2023-05-10T20:25:00,LONG,-4.61,7.45,35,15,0
AUD_NZD_JPY,2023-05-11T18:00:00,LONG,-5.643,1.49,180,13,0
AUD_NZD_JPY,2023-05-11T18:30:00,LONG,-3.943,1.34,150,13,0
AUD_NZD_JPY,2023-05-11T19:00:00,LONG,-3.17,2.08,120,14,0
AUD_NZD_JPY,2023-05-11T19:55:00,LONG,-13.4,17.99,65,14,0
AUD_NZD_JPY,2023-05-12T19:45:00,LONG,-4.371,19.12,2945,14,0
AUD_NZD_JPY,2023-05-15T18:00:00,LONG,-6.242,1.46,185,13,0
AUD_NZD_JPY,2023-05-15T18:40:00,LONG,-3.299,1.41,145,13,0
AUD_NZD_JPY,2023-05-15T19:25:00,LONG,-3.116,1.23,100,14,0
AUD_NZD_JPY,2023-05-15T19:40:00,LONG,-4.186,8.78,85,14,0
AUD_NZD_JPY,2023-05-16T16:15:00,SHORT,3.175,0.84,5,11,0
AUD_NZD_JPY,2023-05-16T18:00:00,LONG,-4.57,1.33,200,13,0
AUD_NZD_JPY,2023-05-16T19:00:00,LONG,-3.498,1.52,140,14,0
AUD_NZD_JPY,2023-05-16T19:20:00,LONG,-3.113,1.23,120,14,0
AUD_NZD_JPY,2023-05-16T19:30:00,LONG,-3.378,1.48,110,14,0
AUD_NZD_JPY,2023-05-16T19:45:00,LONG,-3.656,5.42,95,14,0
AUD_NZD_JPY,2023-05-17T18:00:00,LONG,-12.924,3.81,170,13,0
AUD_NZD_JPY,2023-05-17T19:55:00,LONG,-3.095,16.02,55,14,0
AUD_NZD_JPY,2023-05-17T20:20:00,LONG,-5.696,9.65,30,15,0
AUD_NZD_JPY,2023-05-18T18:00:00,LONG,-4.177,1.22,180,13,0
AUD_NZD_JPY,2023-05-18T18:15:00,LONG,-3.511,1.05,165,13,0
AUD_NZD_JPY,2023-05-18T18:40:00,LONG,-3.055,1.01,140,13,0
AUD_NZD_JPY,2023-05-18T18:55:00,LONG,-3.755,1.6,125,13,0
AUD_NZD_JPY,2023-05-18T19:20:00,LONG,-3.49,1.42,100,14,0
AUD_NZD_JPY,2023-05-18T19:45:00,LONG,-3.137,22.47,75,14,0
AUD_NZD_JPY,2023-05-19T19:45:00,SHORT,3.714,0.96,2940,14,0
AUD_NZD_JPY,2023-05-21T20:00:00,LONG,-131.312,35.52,45,15,0
AUD_NZD_JPY,2023-05-22T15:15:00,SHORT,3.294,0.82,25,10,0
AUD_NZD_JPY,2023-05-22T18:00:00,LONG,-5.447,1.34,115,13,0
AUD_NZD_JPY,2023-05-22T18:40:00,LONG,-3.512,1.08,75,13,0
AUD_NZD_JPY,2023-05-22T18:50:00,LONG,-3.367,1.25,65,13,0
AUD_NZD_JPY,2023-05-22T19:05:00,LONG,-3.809,1.68,50,14,0
AUD_NZD_JPY,2023-05-22T19:40:00,LONG,-3.063,1.27,15,14,0
AUD_NZD_JPY,2023-05-22T19:50:00,LONG,-4.015,1.72,5,14,0
AUD_NZD_JPY,2023-05-22T20:00:00,LONG,-15.304,6.93,65,15,0
AUD_NZD_JPY,2023-05-22T20:50:00,LONG,-3.015,4.43,15,15,0
AUD_NZD_JPY,2023-05-23T18:00:00,LONG,-4.667,1.39,160,13,0
AUD_NZD_JPY,2023-05-23T18:40:00,LONG,-3.331,1.37,120,13,0
AUD_NZD_JPY,2023-05-23T19:10:00,LONG,-3.714,1.49,90,14,0
AUD_NZD_JPY,2023-05-23T19:30:00,LONG,-3.066,1.4,70,14,0
AUD_NZD_JPY,2023-05-23T19:55:00,LONG,-5.132,13.61,45,14,0
AUD_NZD_JPY,2023-05-24T00:55:00,LONG,-3.729,6.24,5,19,0
AUD_NZD_JPY,2023-05-24T16:55:00,LONG,-15.407,8.38,5,11,0
AUD_NZD_JPY,2023-05-24T18:00:00,LONG,-6.638,4.87,170,13,0
AUD_NZD_JPY,2023-05-24T19:30:00,LONG,-3.138,4.49,80,14,0
AUD_NZD_JPY,2023-05-24T19:40:00,LONG,-3.006,4.48,70,14,0
AUD_NZD_JPY,2023-05-24T19:55:00,LONG,-3.023,17.75,55,14,0
AUD_NZD_JPY,2023-05-25T20:00:00,LONG,-13.264,6.26,60,15,0
AUD_NZD_JPY,2023-05-26T12:55:00,LONG,-3.919,3.61,10,7,0
AUD_NZD_JPY,2023-05-26T19:50:00,LONG,-3.513,15.69,2955,14,0
AUD_NZD_JPY,2023-05-29T18:35:00,LONG,-3.541,1.35,150,13,0
AUD_NZD_JPY,2023-05-29T18:55:00,LONG,-3.954,1.75,130,13,0
AUD_NZD_JPY,2023-05-29T19:25:00,LONG,-3.725,1.55,100,14,0
AUD_NZD_JPY,2023-05-29T19:40:00,LONG,-3.089,18.52,85,14,0
AUD_NZD_JPY,2023-05-29T20:35:00,LONG,-3.162,5.64,30,15,0
AUD_NZD_JPY,2023-05-30T18:00:00,LONG,-3.574,1.83,185,13,0
AUD_NZD_JPY,2023-05-30T18:55:00,LONG,-4.054,1.62,130,13,0
AUD_NZD_JPY,2023-05-30T19:45:00,LONG,-3.015,1.66,80,14,0
AUD_NZD_JPY,2023-05-30T20:00:00,LONG,-12.627,6.79,65,15,0
AUD_NZD_JPY,2023-05-30T20:15:00,LONG,-5.239,4.79,50,15,0
AUD_NZD_JPY,2023-05-31T16:55:00,LONG,-3.945,1.0,15,11,0
AUD_NZD_JPY,2023-05-31T18:00:00,LONG,-17.396,30.52,145,13,0
AUD_NZD_JPY,2023-06-01T18:00:00,LONG,-3.129,1.36,115,13,0
AUD_NZD_JPY,2023-06-01T18:15:00,LONG,-3.306,1.49,100,13,0
AUD_NZD_JPY,2023-06-01T18:35:00,LONG,-3.033,1.46,80,13,0
AUD_NZD_JPY,2023-06-01T20:00:00,LONG,-12.593,10.97,75,15,0
AUD_NZD_JPY,2023-06-02T11:25:00,LONG,-4.223,7.37,5,6,0
AUD_NZD_JPY,2023-06-04T20:00:00,LONG,-35.907,22.04,60,15,0
AUD_NZD_JPY,2023-06-05T20:00:00,LONG,-44.278,32.24,60,15,0
AUD_NZD_JPY,2023-06-06T18:00:00,LONG,-4.52,1.1,180,13,0
AUD_NZD_JPY,2023-06-06T18:20:00,LONG,-3.707,1.0,160,13,0
AUD_NZD_JPY,2023-06-06T18:30:00,LONG,-3.44,1.58,150,13,0
AUD_NZD_JPY,2023-06-06T19:40:00,LONG,-3.028,1.32,80,14,0
AUD_NZD_JPY,2023-06-06T19:50:00,LONG,-3.202,1.44,70,14,0
AUD_NZD_JPY,2023-06-06T20:00:00,LONG,-22.061,12.43,60,15,0
AUD_NZD_JPY,2023-06-06T20:35:00,LONG,-3.204,4.46,25,15,0
AUD_NZD_JPY,2023-06-06T20:45:00,LONG,-3.353,4.87,15,15,0
AUD_NZD_JPY,2023-06-07T18:00:00,LONG,-12.898,3.71,145,13,0
AUD_NZD_JPY,2023-06-07T19:30:00,LONG,-3.004,3.01,55,14,0
AUD_NZD_JPY,2023-06-07T19:45:00,LONG,-3.011,7.74,40,14,0
AUD_NZD_JPY,2023-06-07T20:10:00,LONG,-5.043,11.0,15,15,0
AUD_NZD_JPY,2023-06-08T18:00:00,LONG,-4.076,1.19,165,13,0
AUD_NZD_JPY,2023-06-08T18:20:00,LONG,-3.187,1.03,145,13,0
AUD_NZD_JPY,2023-06-08T18:30:00,LONG,-3.145,1.05,135,13,0
AUD_NZD_JPY,2023-06-08T18:45:00,LONG,-3.269,1.39,120,13,0
AUD_NZD_JPY,2023-06-08T19:20:00,LONG,-3.268,1.36,85,14,0
AUD_NZD_JPY,2023-06-08T19:30:00,LONG,-3.761,1.62,75,14,0
AUD_NZD_JPY,2023-06-08T19:50:00,LONG,-3.35,6.16,55,14,0
AUD_NZD_JPY,2023-06-08T20:20:00,LONG,-6.069,5.36,25,15,0
AUD_NZD_JPY,2023-06-09T18:50:00,LONG,-3.197,0.7,40,13,0
AUD_NZD_JPY,2023-06-09T19:10:00,LONG,-3.516,0.8,20,14,0
AUD_NZD_JPY,2023-06-09T19:45:00,LONG,-5.875,34.06,2955,14,0
AUD_NZD_JPY,2023-06-12T18:00:00,LONG,-5.677,1.8,185,13,0
AUD_NZD_JPY,2023-06-12T18:55:00,LONG,-3.986,1.56,130,13,0
AUD_NZD_JPY,2023-06-12T19:05:00,LONG,-3.161,1.3,120,14,0
AUD_NZD_JPY,2023-06-12T19:25:00,LONG,-3.078,1.35,100,14,0
AUD_NZD_JPY,2023-06-12T19:35:00,LONG,-3.108,1.4,90,14,0
AUD_NZD_JPY,2023-06-12T19:55:00,LONG,-4.021,8.81,70,14,0
AUD_NZD_JPY,2023-06-13T11:25:00,LONG,-9.603,12.89,5,6,0
AUD_NZD_JPY,2023-06-13T20:00:00,LONG,-8.251,8.58,70,15,0
AUD_NZD_JPY,2023-06-14T15:05:00,SHORT,5.259,1.24,25,10,0
AUD_NZD_JPY,2023-06-14T16:55:00,LONG,-47.337,13.62,5,11,0
AUD_NZD_JPY,2023-06-14T18:00:00,LONG,-5.735,5.86,140,13,0
AUD_NZD_JPY,2023-06-14T19:55:00,LONG,-4.127,19.83,25,14,0
AUD_NZD_JPY,2023-06-14T20:30:00,LONG,-3.878,11.88,30,15,0
AUD_NZD_JPY,2023-06-15T19:55:00,LONG,-6.819,15.79,65,14,0
AUD_NZD_JPY,2023-06-16T18:10:00,SHORT,3.503,0.96,15,13,0
AUD_NZD_JPY,2023-06-16T19:50:00,LONG,-3.681,33.43,2950,14,0
AUD_NZD_JPY,2023-06-19T18:00:00,LONG,-8.991,2.16,180,13,0
AUD_NZD_JPY,2023-06-19T18:55:00,LONG,-4.504,1.91,125,13,0
AUD_NZD_JPY,2023-06-19T19:10:00,LONG,-3.915,1.78,110,14,0
AUD_NZD_JPY,2023-06-19T19:25:00,LONG,-3.457,1.69,95,14,0
AUD_NZD_JPY,2023-06-19T19:45:00,LONG,-3.506,1.91,75,14,0
AUD_NZD_JPY,2023-06-19T20:00:00,LONG,-17.754,10.01,60,15,0
AUD_NZD_JPY,2023-06-20T18:00:00,LONG,-4.523,1.87,190,13,0
AUD_NZD_JPY,2023-06-20T19:40:00,LONG,-3.102,13.24,90,14,0
AUD_NZD_JPY,2023-06-21T18:00:00,LONG,-16.744,4.02,180,13,0
AUD_NZD_JPY,2023-06-21T19:45:00,LONG,-3.208,3.72,75,14,0
AUD_NZD_JPY,2023-06-21T19:55:00,LONG,-3.841,12.42,65,14,0
AUD_NZD_JPY,2023-06-21T20:10:00,LONG,-3.521,8.05,50,15,0
AUD_NZD_JPY,2023-06-21T20:40:00,LONG,-3.288,5.85,20,15,0
AUD_NZD_JPY,2023-06-22T18:00:00,LONG,-4.359,1.41,185,13,0
AUD_NZD_JPY,2023-06-22T19:00:00,LONG,-3.521,1.46,125,14,0
AUD_NZD_JPY,2023-06-22T19:50:00,LONG,-3.029,11.94,75,14,0
AUD_NZD_JPY,2023-06-23T19:15:00,LONG,-3.287,0.94,5,14,0
AUD_NZD_JPY,2023-06-25T20:00:00,LONG,-74.723,22.16,60,15,0
AUD_NZD_JPY,2023-06-26T18:00:00,LONG,-6.201,1.8,190,13,0
AUD_NZD_JPY,2023-06-26T18:55:00,LONG,-3.166,1.26,135,13,0
AUD_NZD_JPY,2023-06-26T19:25:00,LONG,-3.42,1.52,105,14,0
AUD_NZD_JPY,2023-06-26T19:55:00,LONG,-4.335,7.52,75,14,0
AUD_NZD_JPY,2023-06-27T18:00:00,LONG,-4.278,1.47,190,13,0
AUD_NZD_JPY,2023-06-27T18:20:00,LONG,-4.036,1.29,170,13,0
AUD_NZD_JPY,2023-06-27T18:30:00,LONG,-3.069,1.42,160,13,0
AUD_NZD_JPY,2023-06-27T19:00:00,LONG,-3.983,1.54,130,14,0
AUD_NZD_JPY,2023-06-27T19:30:00,LONG,-3.188,1.39,100,14,0
AUD_NZD_JPY,2023-06-27T19:45:00,LONG,-3.139,5.57,85,14,0
AUD_NZD_JPY,2023-06-27T20:35:00,LONG,-3.984,3.09,35,15,0
AUD_NZD_JPY,2023-06-27T20:50:00,LONG,-3.118,2.55,20,15,0
AUD_NZD_JPY,2023-06-28T18:00:00,LONG,-15.278,4.0,185,13,0
AUD_NZD_JPY,2023-06-28T19:40:00,LONG,-3.177,3.57,85,14,0
AUD_NZD_JPY,2023-06-28T19:50:00,LONG,-3.523,4.71,75,14,0
AUD_NZD_JPY,2023-06-28T20:05:00,LONG,-3.132,4.69,60,15,0
AUD_NZD_JPY,2023-06-29T13:55:00,SHORT,3.129,1.1,5,8,0
AUD_NZD_JPY,2023-06-29T18:00:00,LONG,-6.835,2.89,170,13,0
AUD_NZD_JPY,2023-06-29T19:10:00,LONG,-3.166,2.68,100,14,0
AUD_NZD_JPY,2023-06-29T19:30:00,LONG,-3.301,2.45,80,14,0
AUD_NZD_JPY,2023-06-29T20:00:00,LONG,-11.761,11.37,50,15,0
AUD_NZD_JPY,2023-06-30T19:45:00,LONG,-3.523,0.95,2960,14,0
AUD_NZD_JPY,2023-07-02T20:00:00,LONG,-62.185,17.43,65,15,0
AUD_NZD_JPY,2023-07-02T20:20:00,LONG,-3.517,9.39,45,15,0
AUD_NZD_JPY,2023-07-03T18:00:00,LONG,-6.022,1.99,170,13,0
AUD_NZD_JPY,2023-07-03T18:55:00,LONG,-3.475,1.48,115,13,0
AUD_NZD_JPY,2023-07-03T19:40:00,LONG,-3.595,1.71,70,14,0
AUD_NZD_JPY,2023-07-03T19:50:00,LONG,-5.908,9.47,60,14,0
AUD_NZD_JPY,2023-07-04T17:55:00,SHORT,3.552,1.22,190,12,0
AUD_NZD_JPY,2023-07-04T18:10:00,LONG,-4.177,1.62,175,13,0
AUD_NZD_JPY,2023-07-04T18:30:00,LONG,-3.396,1.67,155,13,0
AUD_NZD_JPY,2023-07-04T19:05:00,LONG,-3.37,1.43,120,14,0
AUD_NZD_JPY,2023-07-04T19:40:00,LONG,-3.277,1.76,85,14,0
AUD_NZD_JPY,2023-07-04T19:55:00,LONG,-5.648,12.79,70,14,0
AUD_NZD_JPY,2023-07-04T20:40:00,LONG,-3.553,6.0,25,15,0
AUD_NZD_JPY,2023-07-05T18:00:00,LONG,-12.474,3.7,185,13,0
AUD_NZD_JPY,2023-07-05T19:45:00,LONG,-3.204,3.53,80,14,0
AUD_NZD_JPY,2023-07-05T20:05:00,LONG,-3.484,5.48,60,15,0
AUD_NZD_JPY,2023-07-05T20:40:00,LONG,-4.672,6.59,25,15,0
AUD_NZD_JPY,2023-07-06T11:25:00,LONG,-4.609,6.67,5,6,0
AUD_NZD_JPY,2023-07-06T20:00:00,LONG,-12.029,8.37,70,15,0
AUD_NZD_JPY,2023-07-06T20:35:00,LONG,-3.547,3.74,35,15,0
AUD_NZD_JPY,2023-07-06T20:50:00,LONG,-3.533,3.94,20,15,0
AUD_NZD_JPY,2023-07-07T11:25:00,LONG,-8.545,9.19,5,6,0
AUD_NZD_JPY,2023-07-09T20:05:00,LONG,-7.486,22.96,55,15,0
AUD_NZD_JPY,2023-07-10T18:00:00,LONG,-4.115,1.48,195,13,0
AUD_NZD_JPY,2023-07-10T18:40:00,LONG,-3.388,1.14,155,13,0
AUD_NZD_JPY,2023-07-10T19:10:00,LONG,-3.415,1.27,125,14,0
AUD_NZD_JPY,2023-07-10T19:25:00,LONG,-3.811,1.49,110,14,0
AUD_NZD_JPY,2023-07-10T19:35:00,LONG,-3.513,1.44,100,14,0
AUD_NZD_JPY,2023-07-10T19:50:00,LONG,-3.481,1.52,85,14,0
AUD_NZD_JPY,2023-07-10T20:00:00,LONG,-13.39,9.92,75,15,0
AUD_NZD_JPY,2023-07-10T20:35:00,LONG,-3.969,6.24,40,15,0
AUD_NZD_JPY,2023-07-11T18:00:00,LONG,-29.665,23.25,500,13,0
AUD_NZD_JPY,2023-07-11T20:40:00,LONG,-3.124,9.63,340,15,0
AUD_NZD_JPY,2023-07-12T11:25:00,LONG,-7.897,13.1,10,6,0
AUD_NZD_JPY,2023-07-12T19:55:00,LONG,-4.267,6.94,15,14,0
AUD_NZD_JPY,2023-07-12T20:25:00,SHORT,3.555,4.35,755,15,0
AUD_NZD_JPY,2023-07-12T20:40:00,SHORT,3.764,4.75,740,15,0
AUD_NZD_JPY,2023-07-12T21:00:00,SHORT,3.046,4.08,720,16,1
AUD_NZD_JPY,2023-07-12T21:10:00,SHORT,3.147,4.88,710,16,1
AUD_NZD_JPY,2023-07-12T21:50:00,SHORT,3.0,4.85,670,16,1
AUD_NZD_JPY,2023-07-13T17:25:00,SHORT,3.046,0.72,15,12,0
AUD_NZD_JPY,2023-07-13T18:25:00,LONG,-3.321,0.82,60,13,0
AUD_NZD_JPY,2023-07-13T18:50:00,LONG,-3.227,0.84,35,13,0
AUD_NZD_JPY,2023-07-13T19:45:00,LONG,-4.244,14.46,80,14,0
AUD_NZD_JPY,2023-07-13T20:40:00,LONG,-4.162,6.1,25,15,0
AUD_NZD_JPY,2023-07-14T12:55:00,LONG,-4.961,5.74,15,7,0
AUD_NZD_JPY,2023-07-14T19:50:00,LONG,-3.595,24.67,2950,14,0
AUD_NZD_JPY,2023-07-16T20:25:00,LONG,-3.062,6.97,35,15,0
AUD_NZD_JPY,2023-07-17T18:00:00,LONG,-6.294,1.51,170,13,0
AUD_NZD_JPY,2023-07-17T19:10:00,LONG,-3.577,1.39,100,14,0
AUD_NZD_JPY,2023-07-17T20:00:00,LONG,-13.885,16.65,50,15,0
AUD_NZD_JPY,2023-07-18T18:00:00,LONG,-5.516,1.56,180,13,0
AUD_NZD_JPY,2023-07-18T18:45:00,LONG,-4.011,1.73,135,13,0
AUD_NZD_JPY,2023-07-18T19:35:00,LONG,-3.357,1.51,85,14,0
AUD_NZD_JPY,2023-07-18T19:50:00,LONG,-3.929,1.86,70,14,0
AUD_NZD_JPY,2023-07-18T20:00:00,LONG,-14.012,6.95,60,15,0
AUD_NZD_JPY,2023-07-18T20:25:00,LONG,-3.635,2.92,35,15,0
AUD_NZD_JPY,2023-07-18T21:40:00,LONG,-4.193,3.71,10,16,1
AUD_NZD_JPY,2023-07-19T17:55:00,SHORT,3.382,3.91,185,12,0
AUD_NZD_JPY,2023-07-19T19:35:00,LONG,-3.368,3.4,85,14,0
AUD_NZD_JPY,2023-07-19T19:45:00,LONG,-3.067,3.24,75,14,0
AUD_NZD_JPY,2023-07-19T19:55:00,LONG,-3.959,13.59,65,14,0
AUD_NZD_JPY,2023-07-20T18:00:00,LONG,-3.246,1.33,180,13,0
AUD_NZD_JPY,2023-07-20T18:40:00,LONG,-3.53,1.17,140,13,0
AUD_NZD_JPY,2023-07-20T18:55:00,LONG,-3.256,1.29,125,13,0
AUD_NZD_JPY,2023-07-20T19:20:00,LONG,-3.498,1.38,100,14,0
AUD_NZD_JPY,2023-07-20T19:55:00,LONG,-3.661,14.01,65,14,0
AUD_NZD_JPY,2023-07-21T19:50:00,LONG,-3.807,24.28,2900,14,0
AUD_NZD_JPY,2023-07-23T20:20:00,LONG,-3.18,5.59,10,15,0
AUD_NZD_JPY,2023-07-24T13:50:00,SHORT,3.19,0.89,10,8,0
AUD_NZD_JPY,2023-07-24T18:00:00,LONG,-6.513,1.41,180,13,0
AUD_NZD_JPY,2023-07-24T19:10:00,LONG,-3.625,1.67,110,14,0
AUD_NZD_JPY,2023-07-24T19:35:00,LONG,-4.131,1.81,85,14,0
AUD_NZD_JPY,2023-07-24T19:45:00,LONG,-3.556,1.65,75,14,0
AUD_NZD_JPY,2023-07-24T20:00:00,LONG,-4.557,3.5,60,15,0
AUD_NZD_JPY,2023-07-24T20:15:00,LONG,-7.685,4.41,45,15,0
AUD_NZD_JPY,2023-07-24T20:30:00,LONG,-3.283,2.26,30,15,0
AUD_NZD_JPY,2023-07-24T20:40:00,LONG,-4.982,3.63,20,15,0
AUD_NZD_JPY,2023-07-25T18:00:00,LONG,-5.691,1.37,155,13,0
AUD_NZD_JPY,2023-07-25T18:20:00,LONG,-4.428,1.69,135,13,0
AUD_NZD_JPY,2023-07-25T19:40:00,LONG,-3.095,1.5,55,14,0
AUD_NZD_JPY,2023-07-25T19:55:00,LONG,-3.885,26.93,40,14,0
AUD_NZD_JPY,2023-07-26T16:55:00,LONG,-40.268,11.44,10,11,0
AUD_NZD_JPY,2023-07-26T18:00:00,LONG,-4.809,4.04,180,13,0
AUD_NZD_JPY,2023-07-26T20:00:00,LONG,-7.6,11.05,60,15,0
AUD_NZD_JPY,2023-07-27T11:25:00,LONG,-3.157,4.99,10,6,0
AUD_NZD_JPY,2023-07-27T20:05:00,LONG,-10.264,8.76,35,15,0
AUD_NZD_JPY,2023-07-27T20:50:00,LONG,-4.427,4.91,10,15,0
AUD_NZD_JPY,2023-07-28T11:25:00,SHORT,4.322,4.44,5,6,0
AUD_NZD_JPY,2023-07-28T12:55:00,LONG,-3.237,3.03,15,7,0
AUD_NZD_JPY,2023-07-30T20:00:00,LONG,-74.754,37.85,60,15,0
AUD_NZD_JPY,2023-07-31T17:00:00,SHORT,3.452,0.86,5,12,0
AUD_NZD_JPY,2023-07-31T17:55:00,SHORT,4.78,1.63,185,12,0
AUD_NZD_JPY,2023-07-31T19:25:00,LONG,-3.351,1.49,95,14,0
AUD_NZD_JPY,2023-07-31T19:35:00,LONG,-3.745,17.8,85,14,0
AUD_NZD_JPY,2023-07-31T20:25:00,LONG,-7.619,11.83,35,15,0
AUD_NZD_JPY,2023-07-31T20:40:00,LONG,-6.027,11.16,20,15,0
AUD_NZD_JPY,2023-08-01T18:00:00,LONG,-4.128,1.62,180,13,0
AUD_NZD_JPY,2023-08-01T19:00:00,LONG,-3.685,1.52,120,14,0
AUD_NZD_JPY,2023-08-01T19:50:00,LONG,-3.241,9.95,70,14,0
AUD_NZD_JPY,2023-08-01T20:50:00,LONG,-4.849,8.18,10,15,0
AUD_NZD_JPY,2023-08-02T18:00:00,LONG,-7.927,3.68,125,13,0
AUD_NZD_JPY,2023-08-02T19:45:00,LONG,-3.375,3.87,20,14,0
AUD_NZD_JPY,2023-08-02T20:10:00,LONG,-5.726,7.21,25,15,0
AUD_NZD_JPY,2023-08-03T18:00:00,LONG,-4.774,1.66,190,13,0
AUD_NZD_JPY,2023-08-03T20:00:00,LONG,-4.966,3.91,70,15,0
AUD_NZD_JPY,2023-08-03T20:20:00,LONG,-5.279,3.58,50,15,0
AUD_NZD_JPY,2023-08-04T11:25:00,LONG,-4.52,3.61,5,6,0
AUD_NZD_JPY,2023-08-04T19:50:00,LONG,-4.399,40.31,2955,14,0
AUD_NZD_JPY,2023-08-07T18:00:00,LONG,-6.395,1.58,190,13,0
AUD_NZD_JPY,2023-08-07T18:55:00,LONG,-3.991,1.77,135,13,0
AUD_NZD_JPY,2023-08-07T19:45:00,LONG,-3.56,1.7,85,14,0
AUD_NZD_JPY,2023-08-07T20:00:00,LONG,-5.528,2.81,70,15,0
AUD_NZD_JPY,2023-08-07T20:30:00,LONG,-4.496,2.79,40,15,0
AUD_NZD_JPY,2023-08-07T20:45:00,LONG,-3.537,2.32,25,15,0
AUD_NZD_JPY,2023-08-08T17:55:00,LONG,-3.026,6.47,185,12,0
AUD_NZD_JPY,2023-08-08T20:00:00,LONG,-15.518,31.23,60,15,0
AUD_NZD_JPY,2023-08-09T17:55:00,SHORT,3.948,0.91,170,12,0
AUD_NZD_JPY,2023-08-09T18:05:00,LONG,-3.505,1.0,160,13,0
AUD_NZD_JPY,2023-08-09T18:40:00,LONG,-3.265,0.92,125,13,0
AUD_NZD_JPY,2023-08-09T18:55:00,LONG,-3.592,1.06,110,13,0
AUD_NZD_JPY,2023-08-09T19:05:00,LONG,-3.13,0.97,100,14,0
AUD_NZD_JPY,2023-08-09T19:30:00,LONG,-3.338,1.1,75,14,0
AUD_NZD_JPY,2023-08-09T19:45:00,LONG,-3.52,1.22,60,14,0
AUD_NZD_JPY,2023-08-09T19:55:00,LONG,-3.445,13.19,50,14,0
AUD_NZD_JPY,2023-08-10T18:20:00,SHORT,3.055,1.0,50,13,0
AUD_NZD_JPY,2023-08-10T20:00:00,LONG,-46.721,17.24,35,15,0
AUD_NZD_JPY,2023-08-10T20:20:00,LONG,-27.874,37.16,15,15,0
AUD_NZD_JPY,2023-08-11T19:50:00,LONG,-3.298,25.17,2955,14,0
AUD_NZD_JPY,2023-08-14T18:00:00,LONG,-4.87,1.23,150,13,0
AUD_NZD_JPY,2023-08-14T18:15:00,LONG,-3.164,1.0,135,13,0
AUD_NZD_JPY,2023-08-14T18:40:00,LONG,-5.009,1.53,110,13,0
AUD_NZD_JPY,2023-08-14T18:50:00,LONG,-3.494,1.14,100,13,0
AUD_NZD_JPY,2023-08-14T19:05:00,LONG,-4.072,1.44,85,14,0
AUD_NZD_JPY,2023-08-14T19:30:00,LONG,-3.342,1.7,60,14,0
AUD_NZD_JPY,2023-08-14T19:55:00,LONG,-6.04,18.72,35,14,0
AUD_NZD_JPY,2023-08-15T18:00:00,LONG,-3.032,1.14,155,13,0
AUD_NZD_JPY,2023-08-15T18:35:00,LONG,-3.762,1.44,120,13,0
AUD_NZD_JPY,2023-08-15T18:45:00,LONG,-3.452,1.39,110,13,0
AUD_NZD_JPY,2023-08-15T19:00:00,LONG,-3.388,1.45,95,14,0
AUD_NZD_JPY,2023-08-15T19:35:00,LONG,-3.029,1.41,60,14,0
AUD_NZD_JPY,2023-08-15T20:15:00,LONG,-3.13,1.58,20,15,0
AUD_NZD_JPY,2023-08-15T20:25:00,LONG,-3.422,1.93,10,15,0
AUD_NZD_JPY,2023-08-15T20:55:00,LONG,-4.878,2.78,15,15,0
AUD_NZD_JPY,2023-08-16T16:55:00,LONG,-14.258,4.07,10,11,0
AUD_NZD_JPY,2023-08-16T18:00:00,LONG,-10.602,4.29,180,13,0
AUD_NZD_JPY,2023-08-16T19:25:00,LONG,-3.004,4.0,95,14,0
AUD_NZD_JPY,2023-08-16T20:00:00,LONG,-10.421,13.61,60,15,0
AUD_NZD_JPY,2023-08-16T20:15:00,LONG,-5.106,8.4,45,15,0
AUD_NZD_JPY,2023-08-17T18:00:00,LONG,-4.24,1.51,185,13,0
AUD_NZD_JPY,2023-08-17T19:05:00,LONG,-3.393,1.38,120,14,0
AUD_NZD_JPY,2023-08-17T19:20:00,LONG,-3.59,1.56,105,14,0
AUD_NZD_JPY,2023-08-17T19:30:00,LONG,-3.226,1.47,95,14,0
AUD_NZD_JPY,2023-08-17T20:00:00,LONG,-23.732,11.6,65,15,0
AUD_NZD_JPY,2023-08-17T20:50:00,LONG,-4.382,5.8,15,15,0
AUD_NZD_JPY,2023-08-18T18:55:00,LONG,-3.076,0.63,30,13,0
AUD_NZD_JPY,2023-08-18T19:40:00,LONG,-3.022,26.15,2960,14,0
AUD_NZD_JPY,2023-08-21T15:15:00,SHORT,3.406,0.86,20,10,0
AUD_NZD_JPY,2023-08-21T18:00:00,LONG,-5.371,1.39,185,13,0
AUD_NZD_JPY,2023-08-21T18:30:00,LONG,-3.867,1.21,155,13,0
AUD_NZD_JPY,2023-08-21T18:45:00,LONG,-3.254,1.57,140,13,0
AUD_NZD_JPY,2023-08-21T19:35:00,LONG,-4.162,1.72,90,14,0
AUD_NZD_JPY,2023-08-21T19:55:00,LONG,-3.32,15.58,70,14,0
AUD_NZD_JPY,2023-08-21T20:35:00,LONG,-3.041,4.61,30,15,0
AUD_NZD_JPY,2023-08-22T18:00:00,LONG,-6.018,1.72,180,13,0
AUD_NZD_JPY,2023-08-22T19:00:00,LONG,-3.464,1.47,120,14,0
AUD_NZD_JPY,2023-08-22T19:25:00,LONG,-3.246,1.5,95,14,0
AUD_NZD_JPY,2023-08-22T19:45:00,LONG,-3.271,4.95,75,14,0
AUD_NZD_JPY,2023-08-22T20:35:00,LONG,-4.126,4.54,25,15,0
AUD_NZD_JPY,2023-08-23T18:00:00,LONG,-12.292,3.8,170,13,0
AUD_NZD_JPY,2023-08-23T19:30:00,LONG,-3.34,3.57,80,14,0
AUD_NZD_JPY,2023-08-23T19:45:00,LONG,-3.008,9.38,65,14,0
AUD_NZD_JPY,2023-08-23T20:15:00,LONG,-4.487,6.57,35,15,0
AUD_NZD_JPY,2023-08-23T20:25:00,LONG,-3.508,5.42,25,15,0
AUD_NZD_JPY,2023-08-24T18:00:00,LONG,-3.613,1.05,185,13,0
AUD_NZD_JPY,2023-08-24T18:15:00,LONG,-4.11,1.27,170,13,0
AUD_NZD_JPY,2023-08-24T18:35:00,LONG,-3.885,1.29,150,13,0
AUD_NZD_JPY,2023-08-24T18:50:00,LONG,-3.595,1.24,135,13,0
AUD_NZD_JPY,2023-08-24T19:05:00,LONG,-4.373,1.58,120,14,0
AUD_NZD_JPY,2023-08-24T19:15:00,LONG,-4.134,1.59,110,14,0
AUD_NZD_JPY,2023-08-24T19:55:00,LONG,-3.264,6.77,70,14,0
AUD_NZD_JPY,2023-08-24T20:45:00,LONG,-3.877,4.95,20,15,0
AUD_NZD_JPY,2023-08-27T20:00:00,LONG,-80.99,22.4,60,15,0
AUD_NZD_JPY,2023-08-28T18:00:00,LONG,-6.131,1.44,175,13,0
AUD_NZD_JPY,2023-08-28T18:55:00,LONG,-3.421,1.35,120,13,0
AUD_NZD_JPY,2023-08-28T19:20:00,LONG,-3.569,1.6,95,14,0
AUD_NZD_JPY,2023-08-28T19:55:00,LONG,-3.034,12.32,60,14,0
AUD_NZD_JPY,2023-08-28T20:30:00,LONG,-3.631,4.77,25,15,0
AUD_NZD_JPY,2023-08-29T17:50:00,SHORT,3.349,0.75,185,12,0
AUD_NZD_JPY,2023-08-29T18:00:00,LONG,-5.475,1.59,175,13,0
AUD_NZD_JPY,2023-08-29T18:50:00,LONG,-3.663,1.75,125,13,0
AUD_NZD_JPY,2023-08-29T19:25:00,LONG,-3.158,1.63,90,14,0
AUD_NZD_JPY,2023-08-29T20:00:00,LONG,-10.875,6.41,55,15,0
AUD_NZD_JPY,2023-08-29T20:25:00,LONG,-7.392,6.12,30,15,0
AUD_NZD_JPY,2023-08-30T11:10:00,SHORT,3.688,3.87,15,6,0
AUD_NZD_JPY,2023-08-30T15:00:00,LONG,-22.856,9.49,175,10,0
AUD_NZD_JPY,2023-08-30T18:00:00,LONG,-3.448,10.69,120,13,0
AUD_NZD_JPY,2023-08-30T18:55:00,LONG,-3.112,11.43,65,13,0
AUD_NZD_JPY,2023-08-30T19:30:00,LONG,-3.024,12.64,30,14,0
AUD_NZD_JPY,2023-08-30T19:45:00,LONG,-3.333,17.87,15,14,0
AUD_NZD_JPY,2023-08-31T20:00:00,SHORT,12.736,4.91,65,15,0
AUD_NZD_JPY,2023-08-31T20:15:00,LONG,-43.35,24.12,50,15,0
AUD_NZD_JPY,2023-09-01T19:50:00,LONG,-3.734,10.13,2965,14,0
AUD_NZD_JPY,2023-09-03T20:50:00,SHORT,3.392,4.68,25,15,0
AUD_NZD_JPY,2023-09-04T18:00:00,LONG,-3.937,1.35,185,13,0
AUD_NZD_JPY,2023-09-04T18:25:00,LONG,-3.174,1.38,160,13,0
AUD_NZD_JPY,2023-09-04T19:15:00,LONG,-3.021,1.27,110,14,0
AUD_NZD_JPY,2023-09-04T19:40:00,LONG,-3.762,1.59,85,14,0
AUD_NZD_JPY,2023-09-04T19:55:00,LONG,-4.209,15.76,70,14,0
AUD_NZD_JPY,2023-09-04T20:25:00,LONG,-3.314,4.38,40,15,0
AUD_NZD_JPY,2023-09-04T20:35:00,LONG,-3.803,5.21,30,15,0
AUD_NZD_JPY,2023-09-04T20:45:00,LONG,-3.449,5.13,20,15,0
AUD_NZD_JPY,2023-09-05T18:00:00,LONG,-4.347,1.29,145,13,0
AUD_NZD_JPY,2023-09-05T18:55:00,LONG,-4.186,1.46,90,13,0
AUD_NZD_JPY,2023-09-05T19:55:00,LONG,-3.717,12.14,30,14,0
AUD_NZD_JPY,2023-09-05T20:35:00,LONG,-3.355,4.29,25,15,0
AUD_NZD_JPY,2023-09-06T18:00:00,LONG,-12.279,4.14,170,13,0
AUD_NZD_JPY,2023-09-06T19:55:00,LONG,-3.809,14.83,55,14,0
AUD_NZD_JPY,2023-09-07T15:20:00,SHORT,3.216,0.97,15,10,0
AUD_NZD_JPY,2023-09-07T18:00:00,LONG,-3.423,1.38,180,13,0
AUD_NZD_JPY,2023-09-07T18:25:00,LONG,-3.664,1.29,155,13,0
AUD_NZD_JPY,2023-09-07T18:35:00,LONG,-3.95,1.45,145,13,0
AUD_NZD_JPY,2023-09-07T19:30:00,LONG,-3.134,1.33,90,14,0
AUD_NZD_JPY,2023-09-07T19:40:00,LONG,-3.211,1.41,80,14,0
AUD_NZD_JPY,2023-09-07T19:50:00,LONG,-3.109,8.0,70,14,0
AUD_NZD_JPY,2023-09-10T20:00:00,LONG,-43.195,21.88,70,15,0
AUD_NZD_JPY,2023-09-10T20:45:00,LONG,-3.343,10.04,25,15,0
AUD_NZD_JPY,2023-09-11T18:00:00,LONG,-5.253,1.46,105,13,0
AUD_NZD_JPY,2023-09-11T18:35:00,LONG,-4.363,1.52,70,13,0
AUD_NZD_JPY,2023-09-11T19:30:00,LONG,-3.121,1.35,15,14,0
AUD_NZD_JPY,2023-09-11T19:55:00,LONG,-3.991,19.76,65,14,0
AUD_NZD_JPY,2023-09-12T15:00:00,LONG,-31.371,8.99,215,10,0
AUD_NZD_JPY,2023-09-13T11:25:00,LONG,-11.689,13.15,5,6,0
AUD_NZD_JPY,2023-09-13T18:00:00,LONG,-5.724,5.59,170,13,0
AUD_NZD_JPY,2023-09-13T19:25:00,LONG,-3.093,5.34,85,14,0
AUD_NZD_JPY,2023-09-14T18:00:00,LONG,-3.663,1.22,165,13,0
AUD_NZD_JPY,2023-09-14T18:15:00,LONG,-3.477,1.21,150,13,0
AUD_NZD_JPY,2023-09-14T18:25:00,LONG,-3.202,1.17,140,13,0
AUD_NZD_JPY,2023-09-14T18:35:00,LONG,-4.246,1.6,130,13,0
AUD_NZD_JPY,2023-09-14T18:45:00,LONG,-3.456,1.38,120,13,0
AUD_NZD_JPY,2023-09-14T19:10:00,LONG,-3.351,1.47,95,14,0
AUD_NZD_JPY,2023-09-14T19:20:00,LONG,-3.288,1.5,85,14,0
AUD_NZD_JPY,2023-09-14T19:50:00,LONG,-4.229,3.45,55,14,0
AUD_NZD_JPY,2023-09-14T20:20:00,LONG,-4.37,6.98,25,15,0
AUD_NZD_JPY,2023-09-14T20:50:00,LONG,-4.606,4.51,10,15,0
AUD_NZD_JPY,2023-09-15T19:45:00,LONG,-3.325,32.48,2935,14,0
AUD_NZD_JPY,2023-09-18T18:00:00,LONG,-4.719,1.77,165,13,0
AUD_NZD_JPY,2023-09-18T19:35:00,LONG,-3.063,22.59,70,14,0
AUD_NZD_JPY,2023-09-18T20:20:00,LONG,-3.49,6.21,25,15,0
AUD_NZD_JPY,2023-09-19T18:10:00,LONG,-4.963,1.25,195,13,0
AUD_NZD_JPY,2023-09-19T19:00:00,LONG,-4.047,1.3,145,14,0
AUD_NZD_JPY,2023-09-19T19:10:00,LONG,-3.283,1.56,135,14,0
AUD_NZD_JPY,2023-09-19T19:40:00,LONG,-3.298,1.28,105,14,0
AUD_NZD_JPY,2023-09-19T19:50:00,LONG,-4.605,1.84,95,14,0
AUD_NZD_JPY,2023-09-19T20:00:00,LONG,-19.376,8.24,85,15,0
AUD_NZD_JPY,2023-09-19T20:15:00,LONG,-3.755,3.12,70,15,0
AUD_NZD_JPY,2023-09-19T20:30:00,LONG,-4.009,3.5,55,15,0
AUD_NZD_JPY,2023-09-20T16:55:00,LONG,-34.17,8.22,10,11,0
AUD_NZD_JPY,2023-09-20T18:00:00,LONG,-6.297,4.0,150,13,0
AUD_NZD_JPY,2023-09-20T19:20:00,LONG,-3.181,3.71,70,14,0
AUD_NZD_JPY,2023-09-20T20:00:00,LONG,-3.921,8.34,30,15,0
AUD_NZD_JPY,2023-09-20T20:20:00,LONG,-3.321,5.23,10,15,0
AUD_NZD_JPY,2023-09-20T21:40:00,LONG,-3.045,5.04,5,16,1
AUD_NZD_JPY,2023-09-21T18:00:00,LONG,-4.089,1.23,165,13,0
AUD_NZD_JPY,2023-09-21T18:40:00,LONG,-3.68,1.29,125,13,0
AUD_NZD_JPY,2023-09-21T19:00:00,LONG,-3.413,1.16,105,14,0
AUD_NZD_JPY,2023-09-21T19:10:00,LONG,-3.062,1.08,95,14,0
AUD_NZD_JPY,2023-09-21T19:40:00,LONG,-3.366,1.29,65,14,0
AUD_NZD_JPY,2023-09-21T19:50:00,LONG,-3.229,6.52,55,14,0
AUD_NZD_JPY,2023-09-21T20:35:00,LONG,-3.349,2.91,10,15,0
AUD_NZD_JPY,2023-09-21T20:55:00,LONG,-4.521,4.1,5,15,0
AUD_NZD_JPY,2023-09-22T19:40:00,LONG,-3.806,16.89,2960,14,0
AUD_NZD_JPY,2023-09-25T17:00:00,LONG,-6.022,1.7,220,12,0
AUD_NZD_JPY,2023-09-25T17:45:00,LONG,-3.126,1.34,175,12,0
AUD_NZD_JPY,2023-09-25T18:15:00,LONG,-3.019,1.2,145,13,0
AUD_NZD_JPY,2023-09-25T19:10:00,LONG,-3.488,1.54,90,14,0
AUD_NZD_JPY,2023-09-25T19:55:00,LONG,-4.003,7.38,45,14,0
AUD_NZD_JPY,2023-09-25T20:15:00,LONG,-4.568,4.45,25,15,0
AUD_NZD_JPY,2023-09-25T20:50:00,LONG,-3.029,4.17,15,15,0
AUD_NZD_JPY,2023-09-26T16:55:00,LONG,-5.153,1.45,240,11,0
AUD_NZD_JPY,2023-09-26T18:00:00,LONG,-3.516,1.33,175,13,0
AUD_NZD_JPY,2023-09-26T18:10:00,LONG,-3.159,1.24,165,13,0
AUD_NZD_JPY,2023-09-26T19:50:00,LONG,-3.831,6.17,65,14,0
AUD_NZD_JPY,2023-09-26T20:25:00,LONG,-3.812,5.58,30,15,0
AUD_NZD_JPY,2023-09-27T13:50:00,SHORT,3.612,1.2,15,8,0
AUD_NZD_JPY,2023-09-27T16:55:00,LONG,-21.092,5.63,220,11,0
AUD_NZD_JPY,2023-09-27T18:40:00,LONG,-3.221,4.69,115,13,0
AUD_NZD_JPY,2023-09-28T17:00:00,LONG,-4.951,1.61,240,12,0
AUD_NZD_JPY,2023-09-28T17:15:00,LONG,-3.682,1.32,225,12,0
AUD_NZD_JPY,2023-09-28T17:30:00,LONG,-3.842,1.51,210,12,0
AUD_NZD_JPY,2023-09-28T17:45:00,LONG,-3.29,1.37,195,12,0
AUD_NZD_JPY,2023-09-28T19:15:00,LONG,-3.005,1.56,105,14,0
AUD_NZD_JPY,2023-09-28T19:45:00,LONG,-3.048,2.0,75,14,0
AUD_NZD_JPY,2023-09-28T20:10:00,LONG,-9.403,6.71,50,15,0
AUD_NZD_JPY,2023-09-29T19:35:00,LONG,-3.273,2.8,10,14,0
AUD_NZD_JPY,2023-10-01T20:00:00,LONG,-41.601,15.44,80,15,0
AUD_NZD_JPY,2023-10-02T17:05:00,LONG,-4.189,1.56,235,12,0
AUD_NZD_JPY,2023-10-02T18:05:00,LONG,-3.153,1.38,175,13,0
AUD_NZD_JPY,2023-10-02T18:20:00,LONG,-3.465,1.6,160,13,0
AUD_NZD_JPY,2023-10-02T20:00:00,LONG,-9.848,6.11,60,15,0
AUD_NZD_JPY,2023-10-02T20:55:00,LONG,-4.994,5.3,5,15,0
AUD_NZD_JPY,2023-10-03T02:25:00,LONG,-3.147,3.51,5,21,0
AUD_NZD_JPY,2023-10-03T19:45:00,LONG,-4.724,15.34,65,14,0
AUD_NZD_JPY,2023-10-04T17:00:00,LONG,-18.441,5.12,220,12,0
AUD_NZD_JPY,2023-10-04T18:30:00,LONG,-3.45,4.6,130,13,0
AUD_NZD_JPY,2023-10-04T20:00:00,LONG,-6.487,11.9,40,15,0
AUD_NZD_JPY,2023-10-04T20:30:00,LONG,-3.01,6.26,10,15,0
AUD_NZD_JPY,2023-10-05T17:00:00,LONG,-3.647,2.1,250,12,0
AUD_NZD_JPY,2023-10-05T17:50:00,LONG,-3.141,1.59,200,12,0
AUD_NZD_JPY,2023-10-05T19:50:00,LONG,-3.036,2.18,80,14,0
AUD_NZD_JPY,2023-10-05T20:00:00,LONG,-3.843,4.52,70,15,0
AUD_NZD_JPY,2023-10-06T11:25:00,SHORT,14.189,10.63,5,6,0
AUD_NZD_JPY,2023-10-08T20:00:00,LONG,-7.05,5.5,65,15,0
AUD_NZD_JPY,2023-10-08T20:25:00,LONG,-3.02,2.89,40,15,0
AUD_NZD_JPY,2023-10-08T20:40:00,LONG,-6.123,7.97,25,15,0
AUD_NZD_JPY,2023-10-09T17:00:00,LONG,-4.84,1.54,190,12,0
AUD_NZD_JPY,2023-10-09T17:45:00,LONG,-3.163,1.11,145,12,0
AUD_NZD_JPY,2023-10-09T18:00:00,LONG,-3.664,1.35,130,13,0
AUD_NZD_JPY,2023-10-09T18:45:00,LONG,-3.107,1.31,85,13,0
AUD_NZD_JPY,2023-10-09T18:55:00,LONG,-3.466,1.51,75,13,0
AUD_NZD_JPY,2023-10-09T19:45:00,LONG,-3.145,27.44,25,14,0
AUD_NZD_JPY,2023-10-10T17:00:00,LONG,-5.404,1.38,230,12,0
AUD_NZD_JPY,2023-10-10T17:30:00,LONG,-4.018,1.27,200,12,0
AUD_NZD_JPY,2023-10-10T18:10:00,LONG,-3.005,1.14,160,13,0
AUD_NZD_JPY,2023-10-10T19:45:00,LONG,-3.229,1.57,65,14,0
AUD_NZD_JPY,2023-10-10T19:55:00,LONG,-3.652,2.9,55,14,0
AUD_NZD_JPY,2023-10-10T20:15:00,LONG,-10.994,15.9,35,15,0
AUD_NZD_JPY,2023-10-11T14:50:00,SHORT,3.961,0.94,20,9,0
AUD_NZD_JPY,2023-10-11T16:55:00,LONG,-21.041,4.82,230,11,0
AUD_NZD_JPY,2023-10-11T18:45:00,LONG,-3.033,3.66,120,13,0
AUD_NZD_JPY,2023-10-11T20:05:00,LONG,-3.295,5.02,40,15,0
AUD_NZD_JPY,2023-10-12T17:00:00,LONG,-4.034,1.33,215,12,0
AUD_NZD_JPY,2023-10-12T17:10:00,LONG,-4.526,1.55,205,12,0
AUD_NZD_JPY,2023-10-12T17:35:00,LONG,-3.542,1.34,180,12,0
AUD_NZD_JPY,2023-10-12T18:00:00,LONG,-3.351,1.38,155,13,0
AUD_NZD_JPY,2023-10-12T18:20:00,LONG,-3.272,1.43,135,13,0
AUD_NZD_JPY,2023-10-12T19:55:00,LONG,-3.849,18.45,40,14,0
AUD_NZD_JPY,2023-10-15T20:00:00,LONG,-75.523,21.59,60,15,0
AUD_NZD_JPY,2023-10-16T17:00:00,LONG,-5.009,1.2,240,12,0
AUD_NZD_JPY,2023-10-16T17:20:00,LONG,-3.814,1.05,220,12,0
AUD_NZD_JPY,2023-10-16T17:35:00,LONG,-3.383,1.11,205,12,0
AUD_NZD_JPY,2023-10-16T18:05:00,LONG,-3.679,1.22,175,13,0
AUD_NZD_JPY,2023-10-16T18:20:00,LONG,-3.486,1.23,160,13,0
AUD_NZD_JPY,2023-10-16T18:35:00,LONG,-3.757,1.41,145,13,0
AUD_NZD_JPY,2023-10-16T19:00:00,LONG,-3.524,1.47,120,14,0
AUD_NZD_JPY,2023-10-16T19:25:00,LONG,-3.101,1.41,95,14,0
AUD_NZD_JPY,2023-10-16T19:55:00,LONG,-3.992,4.36,65,14,0
AUD_NZD_JPY,2023-10-16T20:40:00,LONG,-18.501,14.72,20,15,0
AUD_NZD_JPY,2023-10-17T17:00:00,LONG,-4.873,1.57,240,12,0
AUD_NZD_JPY,2023-10-17T18:05:00,LONG,-3.188,1.34,175,13,0
AUD_NZD_JPY,2023-10-17T18:20:00,LONG,-3.489,1.39,160,13,0
AUD_NZD_JPY,2023-10-17T19:30:00,LONG,-3.037,1.6,90,14,0
AUD_NZD_JPY,2023-10-17T19:45:00,LONG,-4.054,4.0,75,14,0
AUD_NZD_JPY,2023-10-18T17:00:00,LONG,-19.877,4.91,220,12,0
AUD_NZD_JPY,2023-10-18T20:05:00,LONG,-3.513,6.39,35,15,0
AUD_NZD_JPY,2023-10-19T17:00:00,LONG,-3.779,1.0,210,12,0
AUD_NZD_JPY,2023-10-19T17:10:00,LONG,-3.618,1.36,200,12,0
AUD_NZD_JPY,2023-10-19T17:50:00,LONG,-3.773,1.28,160,12,0
AUD_NZD_JPY,2023-10-19T18:10:00,LONG,-3.319,1.37,140,13,0
AUD_NZD_JPY,2023-10-19T19:55:00,LONG,-3.194,3.87,35,14,0
AUD_NZD_JPY,2023-10-19T20:35:00,LONG,-7.511,5.25,15,15,0
AUD_NZD_JPY,2023-10-20T19:25:00,LONG,-3.078,0.73,2970,14,0
AUD_NZD_JPY,2023-10-20T19:45:00,LONG,-3.798,22.49,2950,14,0
AUD_NZD_JPY,2023-10-23T17:00:00,LONG,-5.037,1.5,125,12,0
AUD_NZD_JPY,2023-10-23T17:10:00,LONG,-5.059,1.6,115,12,0
AUD_NZD_JPY,2023-10-23T17:45:00,LONG,-3.341,1.32,80,12,0
AUD_NZD_JPY,2023-10-23T17:55:00,LONG,-3.209,1.31,70,12,0
AUD_NZD_JPY,2023-10-23T18:15:00,LONG,-3.114,1.44,50,13,0
AUD_NZD_JPY,2023-10-23T19:35:00,LONG,-3.519,1.8,40,14,0
AUD_NZD_JPY,2023-10-23T20:00:00,LONG,-31.395,17.07,15,15,0
AUD_NZD_JPY,2023-10-23T20:25:00,LONG,-5.23,7.64,5,15,0
AUD_NZD_JPY,2023-10-24T17:00:00,LONG,-4.203,1.64,240,12,0
AUD_NZD_JPY,2023-10-24T17:50:00,LONG,-3.14,1.18,190,12,0
AUD_NZD_JPY,2023-10-24T18:10:00,LONG,-3.002,1.39,170,13,0
AUD_NZD_JPY,2023-10-24T19:40:00,LONG,-3.292,1.63,80,14,0
AUD_NZD_JPY,2023-10-24T19:50:00,LONG,-3.094,1.59,70,14,0
AUD_NZD_JPY,2023-10-24T20:00:00,LONG,-29.68,15.71,60,15,0
AUD_NZD_JPY,2023-10-24T20:20:00,LONG,-3.588,4.49,40,15,0
AUD_NZD_JPY,2023-10-25T17:00:00,LONG,-11.897,3.92,200,12,0
AUD_NZD_JPY,2023-10-25T18:40:00,LONG,-3.048,3.76,100,13,0
AUD_NZD_JPY,2023-10-25T19:00:00,LONG,-3.101,3.81,80,14,0
AUD_NZD_JPY,2023-10-25T20:00:00,LONG,-4.975,7.36,20,15,0
AUD_NZD_JPY,2023-10-26T11:25:00,LONG,-7.271,9.77,5,6,0
AUD_NZD_JPY,2023-10-26T19:55:00,LONG,-3.139,6.52,65,14,0
AUD_NZD_JPY,2023-10-26T20:25:00,LONG,-6.475,7.18,35,15,0
AUD_NZD_JPY,2023-10-27T12:55:00,LONG,-14.892,14.07,5,7,0
AUD_NZD_JPY,2023-10-29T20:30:00,LONG,-3.028,3.28,10,15,0
AUD_NZD_JPY,2023-10-30T17:00:00,LONG,-4.075,1.21,120,12,0
AUD_NZD_JPY,2023-10-30T17:25:00,LONG,-3.04,0.98,95,12,0
AUD_NZD_JPY,2023-10-30T17:35:00,LONG,-3.39,1.14,85,12,0
AUD_NZD_JPY,2023-10-30T17:45:00,LONG,-3.16,1.4,75,12,0
AUD_NZD_JPY,2023-10-30T18:00:00,LONG,-3.021,1.13,60,13,0
AUD_NZD_JPY,2023-10-30T18:20:00,LONG,-3.164,1.25,40,13,0
AUD_NZD_JPY,2023-10-30T18:35:00,LONG,-3.073,1.27,25,13,0
AUD_NZD_JPY,2023-10-30T19:10:00,LONG,-3.825,1.67,95,14,0
AUD_NZD_JPY,2023-10-30T19:35:00,LONG,-3.021,1.43,70,14,0
AUD_NZD_JPY,2023-10-30T19:45:00,LONG,-3.555,1.71,60,14,0
AUD_NZD_JPY,2023-10-30T20:00:00,SHORT,6.988,7.97,45,15,0
AUD_NZD_JPY,2023-10-31T17:00:00,LONG,-20.818,5.97,190,12,0
AUD_NZD_JPY,2023-10-31T20:00:00,LONG,-4.343,15.87,10,15,0
AUD_NZD_JPY,2023-10-31T20:15:00,LONG,-5.079,16.9,35,15,0
AUD_NZD_JPY,2023-10-31T20:40:00,LONG,-13.117,39.24,10,15,0
AUD_NZD_JPY,2023-11-01T16:55:00,LONG,-31.765,13.58,15,11,0
AUD_NZD_JPY,2023-11-01T20:00:00,LONG,-9.11,9.88,25,15,0
AUD_NZD_JPY,2023-11-01T20:45:00,LONG,-3.044,4.65,15,15,0
AUD_NZD_JPY,2023-11-02T18:20:00,SHORT,5.252,1.64,20,13,0
AUD_NZD_JPY,2023-11-02T19:40:00,SHORT,3.928,1.32,80,14,0
AUD_NZD_JPY,2023-11-02T20:00:00,LONG,-9.864,3.49,60,15,0
AUD_NZD_JPY,2023-11-02T20:25:00,LONG,-4.701,2.35,35,15,0
AUD_NZD_JPY,2023-11-02T20:35:00,LONG,-5.058,2.7,25,15,0
AUD_NZD_JPY,2023-11-02T20:45:00,LONG,-5.623,3.19,15,15,0
AUD_NZD_JPY,2023-11-02T20:55:00,LONG,-5.316,3.26,5,15,0
AUD_NZD_JPY,2023-11-03T11:25:00,LONG,-5.28,3.46,25,6,0
AUD_NZD_JPY,2023-11-03T12:55:00,LONG,-4.073,2.49,5,7,0
AUD_NZD_JPY,2023-11-03T19:50:00,LONG,-3.072,10.66,2855,14,0
AUD_NZD_JPY,2023-11-05T19:15:00,LONG,-8.477,7.43,10,14,0
AUD_NZD_JPY,2023-11-06T15:00:00,LONG,-3.796,1.02,165,10,0
AUD_NZD_JPY,2023-11-06T15:10:00,LONG,-3.979,1.09,155,10,0
AUD_NZD_JPY,2023-11-06T15:25:00,LONG,-3.136,0.93,140,10,0
AUD_NZD_JPY,2023-11-06T15:35:00,LONG,-3.846,1.17,130,10,0
AUD_NZD_JPY,2023-11-06T15:45:00,LONG,-3.49,1.12,120,10,0
AUD_NZD_JPY,2023-11-06T16:00:00,LONG,-3.603,1.23,105,11,0
AUD_NZD_JPY,2023-11-06T16:25:00,LONG,-3.023,1.13,80,11,0
AUD_NZD_JPY,2023-11-06T16:50:00,LONG,-3.074,1.21,55,11,0
AUD_NZD_JPY,2023-11-06T17:10:00,LONG,-3.488,1.44,35,12,0
AUD_NZD_JPY,2023-11-06T18:20:00,LONG,-3.152,1.41,10,13,0
AUD_NZD_JPY,2023-11-06T18:50:00,LONG,-3.254,9.56,55,13,0
AUD_NZD_JPY,2023-11-07T00:25:00,LONG,-4.807,6.72,5,19,0
AUD_NZD_JPY,2023-11-07T18:15:00,LONG,-3.285,1.71,100,13,0
AUD_NZD_JPY,2023-11-07T18:30:00,LONG,-3.106,1.69,85,13,0
AUD_NZD_JPY,2023-11-07T18:55:00,LONG,-3.214,9.41,60,13,0
AUD_NZD_JPY,2023-11-08T15:00:00,LONG,-14.21,3.85,255,10,0
AUD_NZD_JPY,2023-11-09T15:05:00,LONG,-3.718,1.48,195,10,0
AUD_NZD_JPY,2023-11-09T15:20:00,LONG,-3.43,1.38,180,10,0
AUD_NZD_JPY,2023-11-09T16:35:00,LONG,-3.094,1.4,105,11,0
AUD_NZD_JPY,2023-11-09T18:55:00,LONG,-3.304,9.5,25,13,0
AUD_NZD_JPY,2023-11-09T19:25:00,LONG,-4.499,4.88,35,14,0
AUD_NZD_JPY,2023-11-09T19:40:00,LONG,-3.134,3.66,20,14,0
AUD_NZD_JPY,2023-11-10T18:25:00,LONG,-3.324,1.16,15,13,0
AUD_NZD_JPY,2023-11-12T19:00:00,LONG,-53.858,19.33,55,14,0
AUD_NZD_JPY,2023-11-12T19:30:00,LONG,-3.879,7.58,25,14,0
AUD_NZD_JPY,2023-11-13T15:00:00,LONG,-4.168,1.84,90,10,0
AUD_NZD_JPY,2023-11-13T15:40:00,LONG,-3.414,1.61,50,10,0
AUD_NZD_JPY,2023-11-13T16:00:00,LONG,-3.78,1.83,30,11,0
AUD_NZD_JPY,2023-11-13T16:40:00,LONG,-3.447,1.86,180,11,0
AUD_NZD_JPY,2023-11-13T17:25:00,LONG,-3.347,1.98,135,12,0
AUD_NZD_JPY,2023-11-13T17:35:00,LONG,-3.313,2.04,125,12,0
AUD_NZD_JPY,2023-11-13T18:25:00,LONG,-3.033,2.04,75,13,0
AUD_NZD_JPY,2023-11-13T19:00:00,LONG,-36.584,26.4,40,14,0
AUD_NZD_JPY,2023-11-14T10:25:00,LONG,-5.705,12.54,5,5,0
AUD_NZD_JPY,2023-11-14T19:00:00,LONG,-5.521,25.35,30,14,0
AUD_NZD_JPY,2023-11-15T15:00:00,LONG,-12.206,4.46,265,10,0
AUD_NZD_JPY,2023-11-15T16:30:00,LONG,-3.106,3.52,175,11,0
AUD_NZD_JPY,2023-11-15T19:05:00,LONG,-6.851,11.55,20,14,0
AUD_NZD_JPY,2023-11-16T10:25:00,LONG,-3.043,5.95,5,5,0
AUD_NZD_JPY,2023-11-16T19:00:00,LONG,-22.673,18.06,55,14,0
AUD_NZD_JPY,2023-11-16T19:20:00,LONG,-3.874,6.34,35,14,0
AUD_NZD_JPY,2023-11-16T19:30:00,LONG,-3.342,5.76,25,14,0
AUD_NZD_JPY,2023-11-19T19:00:00,LONG,-88.562,26.84,40,14,0
AUD_NZD_JPY,2023-11-20T15:00:00,LONG,-10.13,2.57,280,10,0
AUD_NZD_JPY,2023-11-20T16:20:00,LONG,-3.611,2.63,200,11,0
AUD_NZD_JPY,2023-11-20T16:55:00,LONG,-3.242,3.05,165,11,0
AUD_NZD_JPY,2023-11-20T19:00:00,LONG,-19.855,21.04,40,14,0
AUD_NZD_JPY,2023-11-21T15:00:00,LONG,-13.487,7.5,270,10,0
AUD_NZD_JPY,2023-11-21T16:40:00,LONG,-3.375,4.99,170,11,0
AUD_NZD_JPY,2023-11-21T19:25:00,LONG,-5.177,11.01,5,14,0
AUD_NZD_JPY,2023-11-22T15:05:00,SHORT,3.018,1.24,45,10,0
AUD_NZD_JPY,2023-11-22T15:20:00,SHORT,3.709,1.58,30,10,0
AUD_NZD_JPY,2023-11-22T16:20:00,SHORT,3.221,1.54,75,11,0
AUD_NZD_JPY,2023-11-22T19:00:00,LONG,-27.917,20.92,40,14,0
AUD_NZD_JPY,2023-11-23T15:00:00,LONG,-4.391,2.22,285,10,0
AUD_NZD_JPY,2023-11-23T15:55:00,LONG,-3.701,1.97,230,10,0
AUD_NZD_JPY,2023-11-23T17:20:00,LONG,-3.002,1.97,145,12,0
AUD_NZD_JPY,2023-11-23T18:10:00,LONG,-3.505,2.53,95,13,0
AUD_NZD_JPY,2023-11-23T18:40:00,LONG,-3.559,2.78,65,13,0
AUD_NZD_JPY,2023-11-23T18:55:00,LONG,-3.126,6.37,50,13,0
AUD_NZD_JPY,2023-11-24T15:10:00,LONG,-4.829,13.07,115,10,0
AUD_NZD_JPY,2023-11-24T15:30:00,LONG,-9.278,12.15,95,10,0
AUD_NZD_JPY,2023-11-24T15:45:00,LONG,-5.39,8.52,80,10,0
AUD_NZD_JPY,2023-11-24T15:55:00,LONG,-3.563,6.02,70,10,0
AUD_NZD_JPY,2023-11-24T16:05:00,LONG,-4.067,7.2,60,11,0
AUD_NZD_JPY,2023-11-24T16:15:00,LONG,-6.429,13.73,50,11,0
AUD_NZD_JPY,2023-11-24T16:50:00,LONG,-3.301,9.29,15,11,0
AUD_NZD_JPY,2023-11-27T14:55:00,LONG,-3.973,1.77,275,9,0
AUD_NZD_JPY,2023-11-27T15:35:00,LONG,-3.063,1.73,235,10,0
AUD_NZD_JPY,2023-11-27T16:25:00,LONG,-3.428,1.73,185,11,0
AUD_NZD_JPY,2023-11-27T18:55:00,LONG,-3.668,11.82,35,13,0
AUD_NZD_JPY,2023-11-27T19:25:00,LONG,-3.669,4.88,5,14,0
AUD_NZD_JPY,2023-11-28T14:15:00,SHORT,3.024,0.87,10,9,0
AUD_NZD_JPY,2023-11-28T15:00:00,LONG,-4.257,1.78,245,10,0
AUD_NZD_JPY,2023-11-28T16:00:00,LONG,-3.494,1.57,185,11,0
AUD_NZD_JPY,2023-11-28T16:30:00,LONG,-3.27,1.62,155,11,0
AUD_NZD_JPY,2023-11-28T19:10:00,LONG,-3.932,6.92,50,14,0
AUD_NZD_JPY,2023-11-28T21:55:00,LONG,-3.464,3.94,10,16,1
AUD_NZD_JPY,2023-11-29T15:00:00,LONG,-14.731,4.18,295,10,0
AUD_NZD_JPY,2023-11-29T16:35:00,LONG,-3.172,3.44,200,11,0
AUD_NZD_JPY,2023-11-29T17:00:00,LONG,-3.098,3.66,175,12,0
AUD_NZD_JPY,2023-11-29T19:00:00,LONG,-11.365,17.85,55,14,0
AUD_NZD_JPY,2023-11-29T19:15:00,LONG,-3.134,6.55,40,14,0
AUD_NZD_JPY,2023-11-30T15:00:00,LONG,-4.997,1.71,270,10,0
AUD_NZD_JPY,2023-11-30T16:15:00,LONG,-3.027,1.24,195,11,0
AUD_NZD_JPY,2023-11-30T18:55:00,LONG,-20.537,11.62,35,13,0
AUD_NZD_JPY,2023-12-01T18:50:00,LONG,-3.768,8.2,2955,13,0
AUD_NZD_JPY,2023-12-03T19:55:00,LONG,-3.463,4.51,10,14,0
AUD_NZD_JPY,2023-12-04T15:05:00,LONG,-3.717,1.08,285,10,0
AUD_NZD_JPY,2023-12-04T15:25:00,LONG,-4.482,1.39,265,10,0
AUD_NZD_JPY,2023-12-04T16:00:00,LONG,-3.619,1.72,230,11,0
AUD_NZD_JPY,2023-12-04T16:20:00,LONG,-3.637,1.5,210,11,0
AUD_NZD_JPY,2023-12-04T16:30:00,LONG,-3.322,1.43,200,11,0
AUD_NZD_JPY,2023-12-04T17:05:00,LONG,-3.064,1.49,165,12,0
AUD_NZD_JPY,2023-12-04T18:55:00,LONG,-4.559,20.31,55,13,0
AUD_NZD_JPY,2023-12-05T11:55:00,LONG,-7.171,5.02,5,6,0
AUD_NZD_JPY,2023-12-05T18:55:00,LONG,-3.972,3.37,30,13,0
AUD_NZD_JPY,2023-12-05T19:45:00,LONG,-4.133,3.04,15,14,0
AUD_NZD_JPY,2023-12-06T10:10:00,LONG,-4.569,3.12,5,5,0
AUD_NZD_JPY,2023-12-06T15:00:00,LONG,-7.811,3.95,255,10,0
AUD_NZD_JPY,2023-12-06T16:15:00,LONG,-3.651,3.47,180,11,0
AUD_NZD_JPY,2023-12-06T16:30:00,LONG,-3.484,3.58,165,11,0
AUD_NZD_JPY,2023-12-06T16:45:00,LONG,-3.078,3.88,150,11,0
AUD_NZD_JPY,2023-12-06T17:10:00,LONG,-3.084,3.75,125,12,0
AUD_NZD_JPY,2023-12-06T18:55:00,LONG,-6.273,9.66,20,13,0
AUD_NZD_JPY,2023-12-06T19:40:00,LONG,-3.402,5.79,15,14,0
AUD_NZD_JPY,2023-12-07T10:25:00,LONG,-12.537,17.91,5,5,0
AUD_NZD_JPY,2023-12-07T19:00:00,LONG,-5.565,7.89,55,14,0
AUD_NZD_JPY,2023-12-07T19:15:00,LONG,-6.432,10.25,40,14,0
AUD_NZD_JPY,2023-12-08T10:25:00,LONG,-5.051,6.66,5,5,0
AUD_NZD_JPY,2023-12-08T11:55:00,LONG,-3.793,4.45,5,6,0
AUD_NZD_JPY,2023-12-10T19:05:00,LONG,-6.158,8.13,55,14,0
AUD_NZD_JPY,2023-12-10T19:40:00,LONG,-3.361,3.82,20,14,0
AUD_NZD_JPY,2023-12-10T19:50:00,LONG,-4.116,6.3,10,14,0
AUD_NZD_JPY,2023-12-11T15:00:00,LONG,-4.77,1.29,210,10,0
AUD_NZD_JPY,2023-12-11T15:50:00,LONG,-4.548,1.58,160,10,0
AUD_NZD_JPY,2023-12-11T16:30:00,LONG,-3.75,1.52,120,11,0
AUD_NZD_JPY,2023-12-11T16:55:00,LONG,-3.082,1.38,95,11,0
AUD_NZD_JPY,2023-12-11T17:05:00,LONG,-3.893,1.8,85,12,0
AUD_NZD_JPY,2023-12-11T18:50:00,LONG,-3.603,6.8,90,13,0
AUD_NZD_JPY,2023-12-11T19:25:00,LONG,-3.39,2.91,55,14,0
AUD_NZD_JPY,2023-12-12T10:25:00,LONG,-3.074,2.48,5,5,0
AUD_NZD_JPY,2023-12-12T15:00:00,LONG,-4.166,1.51,190,10,0
AUD_NZD_JPY,2023-12-12T15:30:00,LONG,-3.426,2.19,160,10,0
AUD_NZD_JPY,2023-12-12T16:40:00,LONG,-3.464,2.1,90,11,0
AUD_NZD_JPY,2023-12-12T17:20:00,LONG,-3.178,1.8,50,12,0
AUD_NZD_JPY,2023-12-12T18:25:00,LONG,-3.785,2.37,90,13,0
AUD_NZD_JPY,2023-12-12T18:45:00,LONG,-3.52,2.36,70,13,0
AUD_NZD_JPY,2023-12-12T19:00:00,LONG,-12.248,9.24,55,14,0
AUD_NZD_JPY,2023-12-13T15:00:00,LONG,-11.968,27.83,245,10,0
AUD_NZD_JPY,2023-12-13T18:40:00,LONG,-3.691,9.06,25,13,0
AUD_NZD_JPY,2023-12-14T10:25:00,LONG,-8.884,13.14,5,5,0
AUD_NZD_JPY,2023-12-14T18:55:00,LONG,-4.22,28.56,55,13,0
AUD_NZD_JPY,2023-12-15T11:40:00,LONG,-4.444,9.85,5,6,0
AUD_NZD_JPY,2023-12-17T19:00:00,LONG,-24.222,79.98,60,14,0
AUD_NZD_JPY,2023-12-18T14:55:00,LONG,-3.711,1.41,280,9,0
AUD_NZD_JPY,2023-12-18T15:55:00,LONG,-3.327,1.27,220,10,0
AUD_NZD_JPY,2023-12-18T16:10:00,LONG,-3.313,1.34,205,11,0
AUD_NZD_JPY,2023-12-18T18:55:00,LONG,-3.711,16.36,40,13,0
AUD_NZD_JPY,2023-12-18T19:20:00,LONG,-4.197,6.75,15,14,0
AUD_NZD_JPY,2023-12-19T14:55:00,LONG,-3.656,1.46,290,9,0
AUD_NZD_JPY,2023-12-19T15:40:00,LONG,-3.344,1.28,245,10,0
AUD_NZD_JPY,2023-12-19T18:55:00,LONG,-3.308,3.62,50,13,0
AUD_NZD_JPY,2023-12-19T19:10:00,LONG,-4.872,3.01,35,14,0
AUD_NZD_JPY,2023-12-19T19:25:00,LONG,-4.564,2.98,20,14,0
AUD_NZD_JPY,2023-12-19T19:55:00,LONG,-3.042,2.14,15,14,0
AUD_NZD_JPY,2023-12-20T15:00:00,LONG,-25.142,6.8,270,10,0
AUD_NZD_JPY,2023-12-20T16:45:00,LONG,-3.094,6.03,165,11,0
AUD_NZD_JPY,2023-12-20T16:55:00,LONG,-3.031,6.16,155,11,0
AUD_NZD_JPY,2023-12-21T10:25:00,LONG,-3.474,6.68,5,5,0
AUD_NZD_JPY,2023-12-21T15:55:00,LONG,-3.031,1.91,245,10,0
AUD_NZD_JPY,2023-12-21T19:00:00,LONG,-4.144,12.19,60,14,0
AUD_NZD_JPY,2023-12-22T11:55:00,LONG,-5.184,7.04,5,6,0
AUD_NZD_JPY,2023-12-24T19:10:00,LONG,-62.651,61.78,385,14,0
AUD_NZD_JPY,2023-12-24T20:45:00,LONG,-3.511,55.43,290,15,0
AUD_NZD_JPY,2023-12-26T15:00:00,LONG,-5.896,2.16,270,10,0
AUD_NZD_JPY,2023-12-26T15:55:00,LONG,-3.285,1.83,215,10,0
AUD_NZD_JPY,2023-12-26T16:30:00,LONG,-3.133,1.71,180,11,0
AUD_NZD_JPY,2023-12-26T19:00:00,LONG,-7.589,10.29,30,14,0
AUD_NZD_JPY,2023-12-27T12:55:00,SHORT,3.536,0.88,15,7,0
AUD_NZD_JPY,2023-12-27T15:00:00,LONG,-38.041,11.21,245,10,0
AUD_NZD_JPY,2023-12-27T16:50:00,LONG,-3.416,10.39,135,11,0
AUD_NZD_JPY,2023-12-28T15:00:00,LONG,-3.845,1.32,300,10,0
AUD_NZD_JPY,2023-12-28T15:20:00,LONG,-3.907,1.42,280,10,0
AUD_NZD_JPY,2023-12-28T15:40:00,LONG,-3.641,1.42,260,10,0
AUD_NZD_JPY,2023-12-28T16:45:00,LONG,-3.313,1.48,195,11,0
AUD_NZD_JPY,2023-12-28T17:00:00,LONG,-3.139,1.49,180,12,0
AUD_NZD_JPY,2023-12-28T17:15:00,LONG,-3.127,1.89,165,12,0
AUD_NZD_JPY,2023-12-28T19:00:00,LONG,-6.675,4.45,60,14,0
AUD_NZD_JPY,2023-12-28T19:20:00,LONG,-5.983,4.57,40,14,0
AUD_NZD_JPY,2023-12-29T17:25:00,LONG,-3.055,1.01,30,12,0
AUD_NZD_JPY,2023-12-29T17:35:00,LONG,-3.064,1.04,20,12,0
AUD_NZD_JPY,2023-12-29T18:05:00,LONG,-3.355,1.19,4375,13,0
AUD_NZD_JPY,2023-12-29T18:15:00,LONG,-3.152,1.14,4365,13,0
AUD_NZD_JPY,2023-12-29T18:45:00,LONG,-4.012,45.89,4335,13,0
AUD_NZD_JPY,2024-01-02T16:50:00,SHORT,3.086,0.81,75,11,0
AUD_NZD_JPY,2024-01-02T17:55:00,SHORT,3.072,0.88,10,12,0
AUD_NZD_JPY,2024-01-02T18:30:00,SHORT,3.004,0.89,45,13,0
AUD_NZD_JPY,2024-01-02T18:55:00,SHORT,3.645,3.15,20,13,0
AUD_NZD_JPY,2024-01-02T19:25:00,LONG,-3.974,1.6,55,14,0
AUD_NZD_JPY,2024-01-02T19:45:00,SHORT,3.788,1.58,35,14,0
AUD_NZD_JPY,2024-01-02T19:55:00,LONG,-3.768,1.64,25,14,0
AUD_NZD_JPY,2024-01-03T11:55:00,LONG,-10.574,3.87,20,6,0
AUD_NZD_JPY,2024-01-03T15:00:00,LONG,-14.813,19.55,240,10,0
AUD_NZD_JPY,2024-01-03T19:05:00,LONG,-3.057,7.69,30,14,0
AUD_NZD_JPY,2024-01-04T10:10:00,LONG,-4.254,8.08,5,5,0
AUD_NZD_JPY,2024-01-04T19:00:00,LONG,-14.487,13.52,20,14,0
AUD_NZD_JPY,2024-01-04T19:25:00,LONG,-3.445,5.29,25,14,0
AUD_NZD_JPY,2024-01-05T11:55:00,LONG,-4.44,3.92,5,6,0
AUD_NZD_JPY,2024-01-05T18:50:00,LONG,-3.086,18.01,2945,13,0
AUD_NZD_JPY,2024-01-08T15:00:00,LONG,-7.06,1.55,265,10,0
AUD_NZD_JPY,2024-01-08T16:00:00,LONG,-4.042,1.4,205,11,0
AUD_NZD_JPY,2024-01-08T16:15:00,LONG,-3.481,1.29,190,11,0
AUD_NZD_JPY,2024-01-08T16:30:00,LONG,-3.283,1.31,175,11,0
AUD_NZD_JPY,2024-01-08T16:45:00,LONG,-3.79,1.61,160,11,0
AUD_NZD_JPY,2024-01-08T17:05:00,LONG,-3.209,1.48,140,12,0
AUD_NZD_JPY,2024-01-08T19:00:00,LONG,-15.521,50.67,25,14,0
AUD_NZD_JPY,2024-01-09T15:00:00,LONG,-5.451,1.49,255,10,0
AUD_NZD_JPY,2024-01-09T18:55:00,LONG,-5.025,15.92,20,13,0
AUD_NZD_JPY,2024-01-09T19:25:00,LONG,-4.403,5.74,25,14,0
AUD_NZD_JPY,2024-01-10T15:00:00,LONG,-23.118,5.06,250,10,0
AUD_NZD_JPY,2024-01-10T16:35:00,LONG,-3.137,4.46,155,11,0
AUD_NZD_JPY,2024-01-10T16:50:00,LONG,-3.073,4.55,140,11,0
AUD_NZD_JPY,2024-01-11T10:25:00,LONG,-13.844,22.16,5,5,0
AUD_NZD_JPY,2024-01-11T19:00:00,LONG,-4.801,7.79,60,14,0
AUD_NZD_JPY,2024-01-14T19:00:00,LONG,-84.649,26.9,15,14,0
AUD_NZD_JPY,2024-01-15T13:00:00,SHORT,3.099,0.66,315,8,0
AUD_NZD_JPY,2024-01-15T14:55:00,LONG,-3.67,1.27,200,9,0
AUD_NZD_JPY,2024-01-15T16:05:00,LONG,-4.073,1.4,130,11,0
AUD_NZD_JPY,2024-01-15T16:25:00,LONG,-3.523,1.33,110,11,0
AUD_NZD_JPY,2024-01-15T16:40:00,LONG,-3.955,1.58,95,11,0
AUD_NZD_JPY,2024-01-15T18:55:00,LONG,-4.994,14.9,20,13,0
AUD_NZD_JPY,2024-01-16T14:15:00,SHORT,3.445,0.75,10,9,0
AUD_NZD_JPY,2024-01-16T14:35:00,LONG,-3.071,0.68,10,9,0
AUD_NZD_JPY,2024-01-16T14:50:00,SHORT,4.232,0.95,305,9,0
AUD_NZD_JPY,2024-01-16T15:00:00,LONG,-4.826,1.44,295,10,0
AUD_NZD_JPY,2024-01-16T16:00:00,LONG,-4.269,1.54,235,11,0
AUD_NZD_JPY,2024-01-16T16:20:00,LONG,-3.219,1.27,215,11,0
AUD_NZD_JPY,2024-01-16T16:30:00,LONG,-3.073,1.27,205,11,0
AUD_NZD_JPY,2024-01-16T16:40:00,LONG,-3.187,1.35,195,11,0
AUD_NZD_JPY,2024-01-16T16:55:00,LONG,-3.383,1.52,180,11,0
AUD_NZD_JPY,2024-01-16T19:00:00,LONG,-5.447,6.38,55,14,0
AUD_NZD_JPY,2024-01-16T19:25:00,LONG,-3.328,3.65,30,14,0
AUD_NZD_JPY,2024-01-17T15:00:00,LONG,-16.071,5.37,300,10,0
AUD_NZD_JPY,2024-01-17T17:05:00,LONG,-3.007,4.5,175,12,0
AUD_NZD_JPY,2024-01-17T19:00:00,LONG,-3.361,6.59,60,14,0
AUD_NZD_JPY,2024-01-18T10:25:00,LONG,-4.107,4.92,5,5,0
AUD_NZD_JPY,2024-01-18T15:00:00,LONG,-3.71,1.71,305,10,0
AUD_NZD_JPY,2024-01-18T15:15:00,LONG,-3.004,1.45,290,10,0
AUD_NZD_JPY,2024-01-18T15:30:00,LONG,-3.296,1.67,275,10,0
AUD_NZD_JPY,2024-01-18T18:55:00,LONG,-3.967,5.33,70,13,0
AUD_NZD_JPY,2024-01-19T11:55:00,LONG,-9.588,8.24,5,6,0
AUD_NZD_JPY,2024-01-21T19:05:00,LONG,-16.603,16.32,55,14,0
AUD_NZD_JPY,2024-01-22T15:00:00,LONG,-6.513,1.66,285,10,0
AUD_NZD_JPY,2024-01-22T15:55:00,LONG,-3.916,1.6,230,10,0
AUD_NZD_JPY,2024-01-22T19:00:00,LONG,-12.346,8.19,45,14,0
AUD_NZD_JPY,2024-01-23T18:40:00,LONG,-4.554,1.18,800,13,0
AUD_NZD_JPY,2024-01-23T18:50:00,LONG,-3.234,5.48,790,13,0
AUD_NZD_JPY,2024-01-23T19:30:00,SHORT,4.24,5.12,750,14,0
AUD_NZD_JPY,2024-01-23T21:30:00,SHORT,3.194,4.95,630,16,1
AUD_NZD_JPY,2024-01-24T15:00:00,LONG,-23.336,6.92,475,10,0
AUD_NZD_JPY,2024-01-24T19:00:00,LONG,-3.209,9.48,235,14,0
AUD_NZD_JPY,2024-01-25T15:00:00,LONG,-3.143,1.83,390,10,0
AUD_NZD_JPY,2024-01-25T17:00:00,LONG,-3.249,1.7,270,12,0
AUD_NZD_JPY,2024-01-25T19:00:00,LONG,-4.72,3.18,150,14,0
AUD_NZD_JPY,2024-01-25T19:15:00,LONG,-4.396,5.92,135,14,0
AUD_NZD_JPY,2024-01-25T19:50:00,LONG,-3.409,3.3,100,14,0
AUD_NZD_JPY,2024-01-26T15:00:00,SHORT,3.109,0.93,10,10,0
AUD_NZD_JPY,2024-01-28T19:00:00,LONG,-68.147,16.73,70,14,0
AUD_NZD_JPY,2024-01-29T15:00:00,LONG,-5.795,1.71,245,10,0
AUD_NZD_JPY,2024-01-29T16:25:00,LONG,-3.24,1.49,160,11,0
AUD_NZD_JPY,2024-01-29T16:40:00,LONG,-3.677,1.77,145,11,0
AUD_NZD_JPY,2024-01-29T18:55:00,LONG,-3.659,8.92,10,13,0
AUD_NZD_JPY,2024-01-29T19:10:00,LONG,-12.423,11.56,45,14,0
AUD_NZD_JPY,2024-01-30T11:55:00,LONG,-9.227,13.61,5,6,0
AUD_NZD_JPY,2024-01-30T19:05:00,LONG,-3.603,4.09,55,14,0
AUD_NZD_JPY,2024-01-31T10:10:00,LONG,-5.661,3.92,5,5,0
AUD_NZD_JPY,2024-01-31T10:25:00,LONG,-3.653,2.7,20,5,0
AUD_NZD_JPY,2024-01-31T15:00:00,LONG,-9.308,10.39,265,10,0
AUD_NZD_JPY,2024-01-31T16:35:00,LONG,-3.353,4.51,170,11,0
AUD_NZD_JPY,2024-01-31T19:00:00,LONG,-3.253,5.81,25,14,0
AUD_NZD_JPY,2024-01-31T19:10:00,LONG,-3.062,5.65,15,14,0
AUD_NZD_JPY,2024-02-01T10:25:00,LONG,-3.195,4.52,10,5,0
AUD_NZD_JPY,2024-02-01T15:00:00,LONG,-6.862,2.92,300,10,0
AUD_NZD_JPY,2024-02-01T16:25:00,LONG,-3.122,2.67,215,11,0
AUD_NZD_JPY,2024-02-01T19:00:00,LONG,-9.804,11.92,60,14,0
AUD_NZD_JPY,2024-02-02T10:25:00,LONG,-3.823,5.59,5,5,0
AUD_NZD_JPY,2024-02-02T11:55:00,LONG,-11.901,12.82,5,6,0
AUD_NZD_JPY,2024-02-04T19:05:00,LONG,-5.414,5.59,55,14,0
AUD_NZD_JPY,2024-02-04T19:15:00,LONG,-3.515,18.3,45,14,0
AUD_NZD_JPY,2024-02-05T18:30:00,SHORT,4.376,0.98,25,13,0
AUD_NZD_JPY,2024-02-05T18:40:00,LONG,-3.156,0.73,15,13,0
AUD_NZD_JPY,2024-02-05T19:00:00,LONG,-56.056,13.39,15,14,0
AUD_NZD_JPY,2024-02-05T19:20:00,LONG,-4.481,5.21,370,14,0
AUD_NZD_JPY,2024-02-06T15:00:00,LONG,-4.445,1.28,280,10,0
AUD_NZD_JPY,2024-02-06T16:00:00,LONG,-3.052,1.08,220,11,0
AUD_NZD_JPY,2024-02-06T16:10:00,LONG,-3.011,1.1,210,11,0
AUD_NZD_JPY,2024-02-06T16:35:00,LONG,-3.42,1.37,185,11,0
AUD_NZD_JPY,2024-02-06T17:40:00,LONG,-3.127,1.42,120,12,0
AUD_NZD_JPY,2024-02-06T18:55:00,LONG,-3.152,5.59,45,13,0
AUD_NZD_JPY,2024-02-06T19:10:00,LONG,-6.314,5.65,30,14,0
AUD_NZD_JPY,2024-02-06T19:45:00,LONG,-3.038,3.89,10,14,0
AUD_NZD_JPY,2024-02-07T15:00:00,LONG,-26.578,5.53,240,10,0
AUD_NZD_JPY,2024-02-08T15:00:00,LONG,-6.505,1.68,295,10,0
AUD_NZD_JPY,2024-02-08T19:00:00,LONG,-10.689,6.99,55,14,0
AUD_NZD_JPY,2024-02-08T19:25:00,LONG,-4.413,4.12,30,14,0
AUD_NZD_JPY,2024-02-08T19:45:00,LONG,-3.417,3.51,10,14,0
AUD_NZD_JPY,2024-02-09T17:55:00,LONG,-3.175,0.65,5,12,0
AUD_NZD_JPY,2024-02-09T18:10:00,LONG,-3.268,0.68,2990,13,0
AUD_NZD_JPY,2024-02-09T18:20:00,LONG,-3.375,0.72,2980,13,0
AUD_NZD_JPY,2024-02-09T18:45:00,LONG,-3.56,16.13,2955,13,0
AUD_NZD_JPY,2024-02-11T19:50:00,LONG,-3.554,5.36,10,14,0
AUD_NZD_JPY,2024-02-12T15:00:00,LONG,-9.032,1.59,280,10,0
AUD_NZD_JPY,2024-02-12T16:10:00,LONG,-3.611,1.46,210,11,0
AUD_NZD_JPY,2024-02-12T16:25:00,LONG,-3.652,1.37,195,11,0
AUD_NZD_JPY,2024-02-12T16:35:00,LONG,-3.24,1.28,185,11,0
AUD_NZD_JPY,2024-02-12T16:50:00,LONG,-3.055,1.27,170,11,0
AUD_NZD_JPY,2024-02-12T18:55:00,LONG,-4.997,3.63,45,13,0
AUD_NZD_JPY,2024-02-12T19:25:00,SHORT,3.386,2.3,15,14,0
AUD_NZD_JPY,2024-02-12T19:35:00,LONG,-3.864,2.74,5,14,0
AUD_NZD_JPY,2024-02-13T10:25:00,LONG,-6.443,4.39,5,5,0
AUD_NZD_JPY,2024-02-13T15:05:00,LONG,-3.232,1.29,275,10,0
AUD_NZD_JPY,2024-02-13T15:20:00,LONG,-3.792,1.52,260,10,0
AUD_NZD_JPY,2024-02-13T15:35:00,LONG,-3.142,1.36,245,10,0
AUD_NZD_JPY,2024-02-13T15:55:00,LONG,-3.007,1.39,225,10,0
AUD_NZD_JPY,2024-02-13T19:00:00,LONG,-7.346,6.04,40,14,0
AUD_NZD_JPY,2024-02-13T19:25:00,LONG,-3.269,3.25,15,14,0
AUD_NZD_JPY,2024-02-14T15:00:00,LONG,-30.237,5.3,280,10,0
AUD_NZD_JPY,2024-02-14T19:00:00,LONG,-4.643,10.07,40,14,0
AUD_NZD_JPY,2024-02-15T19:00:00,LONG,-8.342,7.28,50,14,0
AUD_NZD_JPY,2024-02-15T19:40:00,LONG,-3.186,2.7,10,14,0
AUD_NZD_JPY,2024-02-16T10:25:00,LONG,-7.202,6.02,5,5,0
AUD_NZD_JPY,2024-02-16T18:50:00,LONG,-3.37,13.31,2935,13,0
AUD_NZD_JPY,2024-02-19T15:00:00,LONG,-8.102,1.73,265,10,0
AUD_NZD_JPY,2024-02-19T16:40:00,LONG,-3.488,1.64,165,11,0
AUD_NZD_JPY,2024-02-19T18:55:00,LONG,-3.292,2.34,30,13,0
AUD_NZD_JPY,2024-02-19T19:50:00,LONG,-3.012,2.26,10,14,0
AUD_NZD_JPY,2024-02-20T15:00:00,LONG,-35.487,5.93,260,10,0
AUD_NZD_JPY,2024-02-20T16:45:00,LONG,-3.002,5.23,155,11,0
AUD_NZD_JPY,2024-02-20T19:00:00,LONG,-3.07,7.59,20,14,0
AUD_NZD_JPY,2024-02-21T15:00:00,LONG,-5.704,6.1,220,10,0
AUD_NZD_JPY,2024-02-21T19:00:00,LONG,-8.097,5.07,20,14,0
AUD_NZD_JPY,2024-02-21T19:25:00,LONG,-3.663,2.91,5,14,0
AUD_NZD_JPY,2024-02-22T10:25:00,LONG,-4.394,3.59,15,5,0
AUD_NZD_JPY,2024-02-22T18:55:00,LONG,-3.054,1.12,15,13,0
AUD_NZD_JPY,2024-02-22T19:25:00,LONG,-3.754,1.42,20,14,0
AUD_NZD_JPY,2024-02-22T19:35:00,LONG,-3.673,1.45,10,14,0
AUD_NZD_JPY,2024-02-23T14:30:00,SHORT,3.982,0.71,5,9,0
AUD_NZD_JPY,2024-02-23T17:40:00,LONG,-4.237,0.78,20,12,0
AUD_NZD_JPY,2024-02-23T17:55:00,LONG,-3.403,0.66,5,12,0
AUD_NZD_JPY,2024-02-23T18:30:00,LONG,-3.335,0.86,2965,13,0
AUD_NZD_JPY,2024-02-23T18:45:00,LONG,-3.874,16.34,2950,13,0
AUD_NZD_JPY,2024-02-26T13:40:00,SHORT,3.843,0.94,15,8,0
AUD_NZD_JPY,2024-02-26T15:00:00,LONG,-4.07,1.24,315,10,0
AUD_NZD_JPY,2024-02-26T16:05:00,LONG,-3.938,1.33,250,11,0
AUD_NZD_JPY,2024-02-26T17:05:00,LONG,-3.262,1.35,190,12,0
AUD_NZD_JPY,2024-02-26T17:25:00,LONG,-3.033,1.36,170,12,0
AUD_NZD_JPY,2024-02-26T18:55:00,LONG,-3.369,3.12,80,13,0
AUD_NZD_JPY,2024-02-26T19:15:00,LONG,-3.27,2.1,60,14,0
AUD_NZD_JPY,2024-02-27T12:55:00,SHORT,3.074,0.69,30,7,0
AUD_NZD_JPY,2024-02-27T13:05:00,SHORT,3.615,0.81,20,8,0
AUD_NZD_JPY,2024-02-27T15:00:00,LONG,-6.381,1.43,270,10,0
AUD_NZD_JPY,2024-02-27T15:20:00,LONG,-3.793,1.33,250,10,0
AUD_NZD_JPY,2024-02-27T17:00:00,LONG,-3.151,1.3,150,12,0
AUD_NZD_JPY,2024-02-27T17:15:00,LONG,-3.134,1.37,135,12,0
AUD_NZD_JPY,2024-02-27T17:25:00,LONG,-3.469,1.58,125,12,0
AUD_NZD_JPY,2024-02-27T18:55:00,LONG,-4.612,2.79,35,13,0
AUD_NZD_JPY,2024-02-27T21:55:00,LONG,-17.634,12.65,5,16,1
AUD_NZD_JPY,2024-02-28T15:00:00,LONG,-16.818,4.23,250,10,0
AUD_NZD_JPY,2024-02-28T16:25:00,LONG,-3.132,3.57,165,11,0
AUD_NZD_JPY,2024-02-29T15:00:00,LONG,-4.545,1.58,285,10,0
AUD_NZD_JPY,2024-02-29T18:55:00,LONG,-4.21,34.44,50,13,0
AUD_NZD_JPY,2024-02-29T19:15:00,LONG,-3.478,8.91,30,14,0
AUD_NZD_JPY,2024-03-01T18:25:00,SHORT,4.172,0.98,2960,13,0
AUD_NZD_JPY,2024-03-03T19:00:00,LONG,-8.668,7.94,45,14,0
AUD_NZD_JPY,2024-03-03T19:55:00,LONG,-3.116,3.48,30,14,0
AUD_NZD_JPY,2024-03-04T15:00:00,LONG,-7.586,1.73,260,10,0
AUD_NZD_JPY,2024-03-04T17:25:00,LONG,-3.239,1.59,115,12,0
AUD_NZD_JPY,2024-03-04T18:55:00,LONG,-7.41,7.74,25,13,0
AUD_NZD_JPY,2024-03-05T11:55:00,LONG,-10.223,4.7,10,6,0
AUD_NZD_JPY,2024-03-05T15:00:00,LONG,-3.627,1.7,290,10,0
AUD_NZD_JPY,2024-03-05T18:55:00,LONG,-4.38,9.53,55,13,0
AUD_NZD_JPY,2024-03-06T10:10:00,LONG,-3.01,3.09,5,5,0
AUD_NZD_JPY,2024-03-06T11:55:00,LONG,-6.477,4.28,5,6,0
AUD_NZD_JPY,2024-03-06T15:00:00,LONG,-9.064,4.28,275,10,0
AUD_NZD_JPY,2024-03-06T16:25:00,LONG,-3.186,3.67,190,11,0
AUD_NZD_JPY,2024-03-06T16:35:00,LONG,-3.002,3.61,180,11,0
AUD_NZD_JPY,2024-03-06T19:00:00,LONG,-6.957,13.36,35,14,0
AUD_NZD_JPY,2024-03-07T15:00:00,LONG,-6.532,1.5,275,10,0
AUD_NZD_JPY,2024-03-07T16:30:00,LONG,-3.349,1.32,185,11,0
AUD_NZD_JPY,2024-03-07T18:55:00,LONG,-3.888,4.43,40,13,0
AUD_NZD_JPY,2024-03-08T10:25:00,LONG,-7.41,4.99,5,5,0
AUD_NZD_JPY,2024-03-10T20:00:00,LONG,-26.134,11.21,65,15,0
AUD_NZD_JPY,2024-03-10T20:25:00,LONG,-3.148,4.15,40,15,0
AUD_NZD_JPY,2024-03-11T17:00:00,LONG,-8.583,1.6,180,12,0
AUD_NZD_JPY,2024-03-11T18:00:00,LONG,-3.201,1.17,120,13,0
AUD_NZD_JPY,2024-03-11T18:15:00,LONG,-3.018,1.16,105,13,0
AUD_NZD_JPY,2024-03-11T18:40:00,LONG,-3.17,1.32,80,13,0
AUD_NZD_JPY,2024-03-11T19:50:00,LONG,-3.204,2.94,10,14,0
AUD_NZD_JPY,2024-03-11T20:10:00,SHORT,4.513,2.51,65,15,0
AUD_NZD_JPY,2024-03-11T20:20:00,LONG,-4.394,2.58,55,15,0
AUD_NZD_JPY,2024-03-12T11:25:00,LONG,-11.106,6.12,5,6,0
AUD_NZD_JPY,2024-03-12T19:55:00,LONG,-3.726,5.37,65,14,0
AUD_NZD_JPY,2024-03-12T20:25:00,LONG,-3.002,2.59,35,15,0
AUD_NZD_JPY,2024-03-13T17:00:00,LONG,-21.127,4.28,200,12,0
AUD_NZD_JPY,2024-03-13T19:55:00,LONG,-3.117,9.3,25,14,0
AUD_NZD_JPY,2024-03-14T17:00:00,LONG,-4.357,1.46,240,12,0
AUD_NZD_JPY,2024-03-14T17:40:00,LONG,-3.322,1.63,200,12,0
AUD_NZD_JPY,2024-03-14T18:00:00,LONG,-3.062,1.39,180,13,0
AUD_NZD_JPY,2024-03-14T18:15:00,LONG,-3.286,1.58,165,13,0
AUD_NZD_JPY,2024-03-14T19:55:00,LONG,-3.708,2.21,65,14,0
AUD_NZD_JPY,2024-03-14T20:20:00,LONG,-6.567,7.4,40,15,0
AUD_NZD_JPY,2024-03-15T12:55:00,LONG,-4.236,3.08,5,7,0
AUD_NZD_JPY,2024-03-15T19:50:00,LONG,-3.023,34.33,2900,14,0
AUD_NZD_JPY,2024-03-17T20:20:00,LONG,-3.839,11.65,40,15,0
AUD_NZD_JPY,2024-03-18T17:00:00,LONG,-7.767,1.63,185,12,0
AUD_NZD_JPY,2024-03-18T17:45:00,LONG,-3.753,1.23,140,12,0
AUD_NZD_JPY,2024-03-18T18:00:00,LONG,-3.393,1.4,125,13,0
AUD_NZD_JPY,2024-03-18T18:40:00,LONG,-3.106,1.36,85,13,0
AUD_NZD_JPY,2024-03-18T19:50:00,LONG,-3.046,11.19,15,14,0
AUD_NZD_JPY,2024-03-18T20:10:00,LONG,-4.811,6.22,30,15,0
AUD_NZD_JPY,2024-03-19T19:55:00,LONG,-3.521,6.08,60,14,0
AUD_NZD_JPY,2024-03-19T20:20:00,LONG,-4.005,5.3,35,15,0
AUD_NZD_JPY,2024-03-19T20:45:00,LONG,-3.881,3.18,10,15,0
AUD_NZD_JPY,2024-03-20T16:55:00,LONG,-124.341,22.21,185,11,0
AUD_NZD_JPY,2024-03-21T17:00:00,LONG,-4.56,1.62,225,12,0
AUD_NZD_JPY,2024-03-21T18:00:00,LONG,-3.559,1.5,165,13,0
AUD_NZD_JPY,2024-03-21T19:55:00,LONG,-4.104,7.94,50,14,0
AUD_NZD_JPY,2024-03-22T19:45:00,LONG,-3.586,25.53,2955,14,0
AUD_NZD_JPY,2024-03-24T20:25:00,LONG,-3.87,10.82,35,15,0
AUD_NZD_JPY,2024-03-25T17:00:00,LONG,-8.062,1.57,195,12,0
AUD_NZD_JPY,2024-03-25T17:55:00,LONG,-3.588,1.21,140,12,0
AUD_NZD_JPY,2024-03-25T18:15:00,LONG,-4.481,1.65,120,13,0
AUD_NZD_JPY,2024-03-25T18:35:00,LONG,-3.46,1.46,100,13,0
AUD_NZD_JPY,2024-03-25T19:45:00,LONG,-3.082,1.61,30,14,0
AUD_NZD_JPY,2024-03-25T19:55:00,LONG,-3.701,2.0,20,14,0
AUD_NZD_JPY,2024-03-25T20:05:00,LONG,-5.539,3.13,10,15,0
AUD_NZD_JPY,2024-03-26T16:55:00,LONG,-3.663,7.45,185,11,0
AUD_NZD_JPY,2024-03-27T17:00:00,LONG,-6.402,1.53,185,12,0
AUD_NZD_JPY,2024-03-27T17:55:00,LONG,-3.766,1.36,130,12,0
AUD_NZD_JPY,2024-03-27T18:15:00,LONG,-3.649,1.44,110,13,0
AUD_NZD_JPY,2024-03-27T19:50:00,LONG,-3.221,3.85,15,14,0
AUD_NZD_JPY,2024-03-27T20:30:00,LONG,-5.428,3.5,45,15,0
AUD_NZD_JPY,2024-03-27T20:40:00,LONG,-4.403,3.04,35,15,0
AUD_NZD_JPY,2024-03-28T11:25:00,LONG,-6.642,4.9,5,6,0
AUD_NZD_JPY,2024-03-28T12:55:00,LONG,-22.133,15.3,5,7,0
AUD_NZD_JPY,2024-03-28T20:05:00,LONG,-3.996,4.76,65,15,0
AUD_NZD_JPY,2024-03-29T08:55:00,LONG,-5.028,4.78,5,3,0
AUD_NZD_JPY,2024-03-29T11:25:00,LONG,-15.445,14.69,5,6,0
AUD_NZD_JPY,2024-03-29T19:45:00,LONG,-3.035,3.99,2955,14,0
AUD_NZD_JPY,2024-03-31T20:00:00,SHORT,15.907,21.51,60,15,0
AUD_NZD_JPY,2024-04-01T17:00:00,LONG,-5.235,1.67,215,12,0
AUD_NZD_JPY,2024-04-01T18:40:00,LONG,-3.468,1.65,115,13,0
AUD_NZD_JPY,2024-04-01T19:05:00,LONG,-3.038,1.58,90,14,0
AUD_NZD_JPY,2024-04-01T19:25:00,LONG,-3.032,1.69,70,14,0
AUD_NZD_JPY,2024-04-01T19:35:00,LONG,-3.297,1.91,60,14,0
AUD_NZD_JPY,2024-04-01T20:00:00,LONG,-4.565,3.71,35,15,0
AUD_NZD_JPY,2024-04-01T20:50:00,LONG,-3.458,2.7,20,15,0
AUD_NZD_JPY,2024-04-02T12:55:00,LONG,-21.965,11.37,5,7,0
AUD_NZD_JPY,2024-04-02T19:55:00,LONG,-3.334,3.24,5,14,0
AUD_NZD_JPY,2024-04-03T11:10:00,LONG,-3.049,1.91,5,6,0
AUD_NZD_JPY,2024-04-03T17:00:00,LONG,-15.914,4.03,240,12,0
AUD_NZD_JPY,2024-04-03T18:35:00,LONG,-3.208,3.66,145,13,0
AUD_NZD_JPY,2024-04-03T19:55:00,LONG,-3.095,5.51,65,14,0
AUD_NZD_JPY,2024-04-04T17:50:00,LONG,-3.329,1.4,150,12,0
AUD_NZD_JPY,2024-04-04T18:05:00,LONG,-3.499,1.54,135,13,0
AUD_NZD_JPY,2024-04-04T18:20:00,LONG,-3.02,1.42,120,13,0
AUD_NZD_JPY,2024-04-04T19:40:00,LONG,-3.31,1.8,40,14,0
AUD_NZD_JPY,2024-04-04T19:55:00,LONG,-4.454,3.36,25,14,0
AUD_NZD_JPY,2024-04-04T20:35:00,LONG,-4.129,2.9,20,15,0
AUD_NZD_JPY,2024-04-05T11:25:00,LONG,-19.816,13.02,5,6,0
AUD_NZD_JPY,2024-04-07T20:00:00,LONG,-4.898,10.21,50,15,0
AUD_NZD_JPY,2024-04-07T20:20:00,LONG,-4.707,14.01,30,15,0
AUD_NZD_JPY,2024-04-08T15:10:00,SHORT,4.137,0.88,20,10,0
AUD_NZD_JPY,2024-04-08T18:00:00,LONG,-5.172,1.12,170,13,0
AUD_NZD_JPY,2024-04-08T18:20:00,LONG,-4.655,1.18,150,13,0
AUD_NZD_JPY,2024-04-08T18:45:00,LONG,-4.255,1.59,125,13,0
AUD_NZD_JPY,2024-04-08T19:35:00,LONG,-3.066,1.77,75,14,0
AUD_NZD_JPY,2024-04-08T19:55:00,LONG,-5.145,5.14,55,14,0
AUD_NZD_JPY,2024-04-09T18:00:00,LONG,-6.049,1.28,165,13,0
AUD_NZD_JPY,2024-04-09T18:50:00,LONG,-3.65,1.14,115,13,0
AUD_NZD_JPY,2024-04-09T19:20:00,LONG,-3.059,1.06,85,14,0
AUD_NZD_JPY,2024-04-09T19:30:00,LONG,-3.135,1.13,75,14,0
AUD_NZD_JPY,2024-04-09T19:45:00,LONG,-3.682,14.4,60,14,0
AUD_NZD_JPY,2024-04-10T17:55:00,LONG,-4.225,4.19,185,12,0
AUD_NZD_JPY,2024-04-10T19:40:00,LONG,-3.47,10.92,80,14,0
AUD_NZD_JPY,2024-04-11T11:25:00,LONG,-5.139,8.36,5,6,0
AUD_NZD_JPY,2024-04-11T20:00:00,LONG,-11.745,9.38,10,15,0
AUD_NZD_JPY,2024-04-12T12:55:00,LONG,-12.981,3.89,10,7,0
AUD_NZD_JPY,2024-04-14T20:00:00,LONG,-43.662,16.45,60,15,0
AUD_NZD_JPY,2024-04-14T20:35:00,LONG,-3.912,6.16,25,15,0
AUD_NZD_JPY,2024-04-15T16:25:00,SHORT,3.331,0.82,45,11,0
AUD_NZD_JPY,2024-04-15T18:00:00,LONG,-3.819,1.41,190,13,0
AUD_NZD_JPY,2024-04-15T18:25:00,LONG,-3.575,1.39,165,13,0
AUD_NZD_JPY,2024-04-15T18:55:00,LONG,-3.193,1.11,135,13,0
AUD_NZD_JPY,2024-04-15T19:05:00,LONG,-3.552,1.28,125,14,0
AUD_NZD_JPY,2024-04-15T19:15:00,LONG,-3.382,1.35,115,14,0
AUD_NZD_JPY,2024-04-15T19:50:00,LONG,-3.444,1.68,80,14,0
AUD_NZD_JPY,2024-04-15T20:05:00,LONG,-10.071,4.66,65,15,0
AUD_NZD_JPY,2024-04-15T20:20:00,LONG,-3.898,2.54,50,15,0
AUD_NZD_JPY,2024-04-15T20:50:00,LONG,-4.569,3.17,20,15,0
AUD_NZD_JPY,2024-04-16T18:00:00,LONG,-6.273,2.14,175,13,0
AUD_NZD_JPY,2024-04-16T19:45:00,LONG,-3.031,9.2,70,14,0
AUD_NZD_JPY,2024-04-16T20:30:00,LONG,-3.759,4.78,25,15,0
AUD_NZD_JPY,2024-04-16T20:40:00,LONG,-3.987,5.33,15,15,0
AUD_NZD_JPY,2024-04-16T21:40:00,LONG,-7.389,10.55,5,16,1
AUD_NZD_JPY,2024-04-17T17:55:00,LONG,-3.216,8.04,185,12,0
AUD_NZD_JPY,2024-04-17T20:30:00,LONG,-3.927,6.61,30,15,0
AUD_NZD_JPY,2024-04-18T18:00:00,LONG,-3.617,1.37,180,13,0
AUD_NZD_JPY,2024-04-18T18:15:00,LONG,-3.138,1.24,165,13,0
AUD_NZD_JPY,2024-04-18T19:05:00,LONG,-3.054,1.42,115,14,0
AUD_NZD_JPY,2024-04-18T19:35:00,LONG,-3.134,1.92,85,14,0
AUD_NZD_JPY,2024-04-18T19:55:00,LONG,-4.274,8.84,65,14,0
AUD_NZD_JPY,2024-04-18T20:40:00,LONG,-4.774,5.2,20,15,0
AUD_NZD_JPY,2024-04-19T19:50:00,LONG,-3.743,23.78,2920,14,0
AUD_NZD_JPY,2024-04-21T20:55:00,LONG,-3.04,7.0,5,15,0
AUD_NZD_JPY,2024-04-22T15:20:00,SHORT,3.11,0.66,25,10,0
AUD_NZD_JPY,2024-04-22T18:00:00,LONG,-13.78,2.88,155,13,0
AUD_NZD_JPY,2024-04-22T19:50:00,LONG,-3.022,3.16,45,14,0
AUD_NZD_JPY,2024-04-22T20:05:00,LONG,-7.085,6.3,30,15,0
AUD_NZD_JPY,2024-04-23T15:05:00,LONG,-3.021,0.65,5,10,0
AUD_NZD_JPY,2024-04-23T18:00:00,LONG,-26.997,5.64,180,13,0
AUD_NZD_JPY,2024-04-23T19:55:00,LONG,-3.467,6.09,65,14,0
AUD_NZD_JPY,2024-04-23T20:05:00,LONG,-6.13,11.34,55,15,0
AUD_NZD_JPY,2024-04-24T17:55:00,LONG,-3.24,0.76,15,12,0
AUD_NZD_JPY,2024-04-24T19:30:00,SHORT,3.155,0.78,90,14,0
AUD_NZD_JPY,2024-04-24T19:55:00,LONG,-7.015,9.02,65,14,0
AUD_NZD_JPY,2024-04-24T20:15:00,LONG,-7.165,6.19,45,15,0
AUD_NZD_JPY,2024-04-25T18:00:00,LONG,-5.809,1.7,180,13,0
AUD_NZD_JPY,2024-04-25T18:45:00,LONG,-3.001,1.74,135,13,0
AUD_NZD_JPY,2024-04-25T19:40:00,LONG,-3.034,14.81,80,14,0
AUD_NZD_JPY,2024-04-26T19:35:00,LONG,-4.59,20.35,2965,14,0
AUD_NZD_JPY,2024-04-28T20:40:00,LONG,-3.906,11.87,20,15,0
AUD_NZD_JPY,2024-04-29T18:00:00,LONG,-3.146,1.5,180,13,0
AUD_NZD_JPY,2024-04-29T18:40:00,LONG,-3.009,1.44,140,13,0
AUD_NZD_JPY,2024-04-29T18:50:00,LONG,-3.606,1.78,130,13,0
AUD_NZD_JPY,2024-04-29T19:40:00,LONG,-3.029,1.77,80,14,0
AUD_NZD_JPY,2024-04-29T19:55:00,LONG,-5.277,17.93,65,14,0
AUD_NZD_JPY,2024-04-30T15:00:00,SHORT,3.236,1.07,10,10,0
AUD_NZD_JPY,2024-04-30T18:00:00,LONG,-24.993,7.6,180,13,0
AUD_NZD_JPY,2024-04-30T19:35:00,LONG,-3.146,7.51,85,14,0
AUD_NZD_JPY,2024-04-30T20:05:00,LONG,-6.646,15.94,55,15,0
AUD_NZD_JPY,2024-04-30T21:40:00,LONG,-3.621,11.1,5,16,1
AUD_NZD_JPY,2024-05-01T12:55:00,LONG,-6.568,11.01,5,7,0
AUD_NZD_JPY,2024-05-01T16:55:00,LONG,-24.788,22.11,5,11,0
AUD_NZD_JPY,2024-05-01T20:00:00,LONG,-10.186,18.61,60,15,0
AUD_NZD_JPY,2024-05-01T20:20:00,LONG,-3.681,8.75,40,15,0
AUD_NZD_JPY,2024-05-02T19:50:00,LONG,-3.717,1.5,70,14,0
AUD_NZD_JPY,2024-05-02T20:00:00,LONG,-41.032,17.31,60,15,0
AUD_NZD_JPY,2024-05-03T11:25:00,LONG,-3.55,7.54,5,6,0
AUD_NZD_JPY,2024-05-05T20:00:00,LONG,-40.915,28.25,60,15,0
AUD_NZD_JPY,2024-05-06T16:15:00,SHORT,3.19,0.75,10,11,0
AUD_NZD_JPY,2024-05-06T17:55:00,LONG,-3.002,1.46,205,12,0
AUD_NZD_JPY,2024-05-06T18:45:00,LONG,-4.639,1.66,155,13,0
AUD_NZD_JPY,2024-05-06T19:35:00,LONG,-3.347,1.54,105,14,0
AUD_NZD_JPY,2024-05-06T19:45:00,LONG,-4.12,9.72,95,14,0
AUD_NZD_JPY,2024-05-07T14:40:00,SHORT,3.292,0.9,10,9,0
AUD_NZD_JPY,2024-05-07T18:00:00,LONG,-5.076,1.77,150,13,0
AUD_NZD_JPY,2024-05-07T19:40:00,LONG,-3.412,1.83,50,14,0
AUD_NZD_JPY,2024-05-07T20:00:00,LONG,-8.234,10.29,30,15,0
AUD_NZD_JPY,2024-05-08T18:00:00,LONG,-16.153,4.02,180,13,0
AUD_NZD_JPY,2024-05-08T19:40:00,LONG,-3.076,8.78,80,14,0
AUD_NZD_JPY,2024-05-09T18:00:00,LONG,-3.162,1.13,180,13,0
AUD_NZD_JPY,2024-05-09T18:40:00,LONG,-3.407,1.28,140,13,0
AUD_NZD_JPY,2024-05-09T19:40:00,LONG,-3.169,1.42,80,14,0
AUD_NZD_JPY,2024-05-09T19:50:00,LONG,-3.521,10.61,70,14,0
AUD_NZD_JPY,2024-05-12T20:00:00,LONG,-56.962,16.15,60,15,0
AUD_NZD_JPY,2024-05-12T20:45:00,LONG,-6.951,14.55,15,15,0
AUD_NZD_JPY,2024-05-13T14:10:00,SHORT,3.184,0.74,25,9,0
AUD_NZD_JPY,2024-05-13T16:15:00,SHORT,3.009,0.7,25,11,0
AUD_NZD_JPY,2024-05-13T17:55:00,LONG,-3.417,1.56,190,12,0
AUD_NZD_JPY,2024-05-13T18:55:00,LONG,-3.869,1.46,130,13,0
AUD_NZD_JPY,2024-05-13T19:05:00,LONG,-3.546,1.39,120,14,0
AUD_NZD_JPY,2024-05-13T19:45:00,LONG,-3.657,8.72,80,14,0
AUD_NZD_JPY,2024-05-13T20:20:00,LONG,-5.973,5.83,45,15,0
AUD_NZD_JPY,2024-05-13T20:50:00,LONG,-3.299,3.78,15,15,0
AUD_NZD_JPY,2024-05-14T18:05:00,LONG,-3.69,1.29,185,13,0
AUD_NZD_JPY,2024-05-14T18:15:00,LONG,-3.291,1.2,175,13,0
AUD_NZD_JPY,2024-05-14T18:40:00,LONG,-3.147,1.23,150,13,0
AUD_NZD_JPY,2024-05-14T19:05:00,LONG,-3.049,1.28,125,14,0
AUD_NZD_JPY,2024-05-14T19:45:00,LONG,-3.502,11.09,85,14,0
AUD_NZD_JPY,2024-05-14T20:20:00,LONG,-3.122,3.67,50,15,0
AUD_NZD_JPY,2024-05-15T11:25:00,LONG,-4.245,5.38,5,6,0
AUD_NZD_JPY,2024-05-15T18:00:00,LONG,-8.238,3.96,145,13,0
AUD_NZD_JPY,2024-05-15T19:50:00,LONG,-3.397,18.51,35,14,0
AUD_NZD_JPY,2024-05-16T18:05:00,LONG,-3.162,1.59,175,13,0
AUD_NZD_JPY,2024-05-16T18:55:00,LONG,-3.203,1.68,125,13,0
AUD_NZD_JPY,2024-05-16T19:50:00,LONG,-3.181,8.45,70,14,0
AUD_NZD_JPY,2024-05-16T20:15:00,LONG,-3.618,3.29,45,15,0
AUD_NZD_JPY,2024-05-16T20:30:00,LONG,-5.609,5.37,30,15,0
AUD_NZD_JPY,2024-05-19T20:00:00,LONG,-47.832,15.36,60,15,0
AUD_NZD_JPY,2024-05-20T18:00:00,LONG,-6.984,1.66,180,13,0
AUD_NZD_JPY,2024-05-20T19:05:00,LONG,-3.505,1.43,115,14,0
AUD_NZD_JPY,2024-05-20T19:15:00,LONG,-3.266,1.4,105,14,0
AUD_NZD_JPY,2024-05-20T19:45:00,LONG,-3.151,1.48,75,14,0
AUD_NZD_JPY,2024-05-20T19:55:00,LONG,-4.121,8.91,65,14,0
AUD_NZD_JPY,2024-05-21T18:00:00,LONG,-4.376,0.93,180,13,0
AUD_NZD_JPY,2024-05-21T18:15:00,LONG,-3.317,1.22,165,13,0
AUD_NZD_JPY,2024-05-21T19:45:00,LONG,-3.725,1.31,75,14,0
AUD_NZD_JPY,2024-05-21T19:55:00,LONG,-8.044,11.14,65,14,0
AUD_NZD_JPY,2024-05-22T00:55:00,LONG,-6.859,9.47,5,19,0
AUD_NZD_JPY,2024-05-22T16:55:00,LONG,-3.989,3.05,5,11,0
AUD_NZD_JPY,2024-05-22T18:00:00,LONG,-13.849,5.02,140,13,0
AUD_NZD_JPY,2024-05-22T19:30:00,LONG,-3.239,4.51,50,14,0
AUD_NZD_JPY,2024-05-22T19:45:00,LONG,-3.105,4.73,35,14,0
AUD_NZD_JPY,2024-05-23T12:40:00,LONG,-8.12,7.12,5,7,0
AUD_NZD_JPY,2024-05-23T20:00:00,LONG,-13.396,8.22,15,15,0
AUD_NZD_JPY,2024-05-23T20:25:00,LONG,-3.002,2.57,40,15,0
AUD_NZD_JPY,2024-05-23T20:35:00,LONG,-4.464,4.22,30,15,0
AUD_NZD_JPY,2024-05-24T12:55:00,LONG,-7.877,4.51,5,7,0
AUD_NZD_JPY,2024-05-26T20:00:00,LONG,-58.593,22.66,60,15,0
AUD_NZD_JPY,2024-05-27T16:00:00,LONG,-4.073,1.29,60,11,0
AUD_NZD_JPY,2024-05-27T16:40:00,LONG,-3.877,1.35,20,11,0
AUD_NZD_JPY,2024-05-27T18:05:00,LONG,-3.317,1.73,180,13,0
AUD_NZD_JPY,2024-05-27T18:45:00,LONG,-3.347,1.48,140,13,0
AUD_NZD_JPY,2024-05-27T19:55:00,LONG,-25.613,13.56,70,14,0
AUD_NZD_JPY,2024-05-28T17:45:00,SHORT,3.068,0.71,165,12,0
AUD_NZD_JPY,2024-05-28T18:05:00,LONG,-4.52,1.19,145,13,0
AUD_NZD_JPY,2024-05-28T18:25:00,LONG,-3.394,1.32,125,13,0
AUD_NZD_JPY,2024-05-28T19:00:00,LONG,-4.192,1.4,90,14,0
AUD_NZD_JPY,2024-05-28T19:40:00,LONG,-3.496,15.22,50,14,0
AUD_NZD_JPY,2024-05-28T20:15:00,LONG,-5.063,7.69,15,15,0
AUD_NZD_JPY,2024-05-29T18:00:00,LONG,-21.733,5.71,140,13,0
AUD_NZD_JPY,2024-05-29T19:55:00,LONG,-3.037,5.87,25,14,0
AUD_NZD_JPY,2024-05-30T11:25:00,LONG,-3.338,4.1,5,6,0
AUD_NZD_JPY,2024-05-30T18:05:00,LONG,-3.088,1.25,125,13,0
AUD_NZD_JPY,2024-05-30T18:15:00,LONG,-3.394,1.43,115,13,0
AUD_NZD_JPY,2024-05-30T18:40:00,LONG,-3.319,1.52,90,13,0
AUD_NZD_JPY,2024-05-30T19:20:00,LONG,-3.018,1.55,50,14,0
AUD_NZD_JPY,2024-05-30T19:50:00,LONG,-3.057,1.7,20,14,0
AUD_NZD_JPY,2024-05-30T20:00:00,LONG,-16.464,9.39,10,15,0
AUD_NZD_JPY,2024-05-30T20:35:00,LONG,-3.344,3.36,15,15,0
AUD_NZD_JPY,2024-05-31T19:45:00,LONG,-3.092,28.08,2955,14,0
AUD_NZD_JPY,2024-06-03T18:00:00,LONG,-3.368,1.69,70,13,0
AUD_NZD_JPY,2024-06-03T18:45:00,LONG,-3.006,1.32,25,13,0
AUD_NZD_JPY,2024-06-03T20:00:00,SHORT,36.652,19.24,20,15,0
AUD_NZD_JPY,2024-06-04T12:55:00,LONG,-4.277,5.04,5,7,0
AUD_NZD_JPY,2024-06-04T19:25:00,LONG,-3.104,1.9,40,14,0
AUD_NZD_JPY,2024-06-04T19:50:00,LONG,-3.161,4.83,15,14,0
AUD_NZD_JPY,2024-06-04T20:15:00,LONG,-16.644,12.74,55,15,0
AUD_NZD_JPY,2024-06-04T20:45:00,LONG,-3.592,4.47,25,15,0
AUD_NZD_JPY,2024-06-04T20:55:00,LONG,-3.888,5.06,15,15,0
AUD_NZD_JPY,2024-06-05T11:10:00,LONG,-4.763,6.08,5,6,0
AUD_NZD_JPY,2024-06-05T12:55:00,LONG,-3.433,4.33,5,7,0
AUD_NZD_JPY,2024-06-05T18:00:00,LONG,-6.093,3.9,130,13,0
AUD_NZD_JPY,2024-06-06T15:10:00,SHORT,3.035,1.08,5,10,0
AUD_NZD_JPY,2024-06-06T18:35:00,LONG,-3.066,1.2,145,13,0
AUD_NZD_JPY,2024-06-06T19:05:00,LONG,-3.583,1.51,115,14,0
AUD_NZD_JPY,2024-06-06T19:20:00,LONG,-3.073,1.35,100,14,0
AUD_NZD_JPY,2024-06-06T19:45:00,LONG,-3.82,1.78,75,14,0
AUD_NZD_JPY,2024-06-06T19:55:00,LONG,-6.727,9.42,65,14,0
AUD_NZD_JPY,2024-06-07T11:25:00,LONG,-4.767,5.48,5,6,0
AUD_NZD_JPY,2024-06-09T20:00:00,LONG,-15.698,15.34,80,15,0
AUD_NZD_JPY,2024-06-10T18:00:00,LONG,-4.045,1.32,180,13,0
AUD_NZD_JPY,2024-06-10T18:45:00,LONG,-3.09,1.21,135,13,0
AUD_NZD_JPY,2024-06-10T19:10:00,LONG,-3.764,1.35,110,14,0
AUD_NZD_JPY,2024-06-10T19:45:00,LONG,-3.034,1.52,75,14,0
AUD_NZD_JPY,2024-06-10T20:05:00,LONG,-4.037,5.67,55,15,0
AUD_NZD_JPY,2024-06-10T20:35:00,LONG,-3.871,3.29,25,15,0
AUD_NZD_JPY,2024-06-11T18:00:00,LONG,-3.649,1.11,185,13,0
AUD_NZD_JPY,2024-06-11T18:10:00,LONG,-4.913,1.53,175,13,0
AUD_NZD_JPY,2024-06-11T18:45:00,LONG,-3.158,1.17,140,13,0
AUD_NZD_JPY,2024-06-11T18:55:00,LONG,-3.174,1.23,130,13,0
AUD_NZD_JPY,2024-06-11T19:50:00,LONG,-3.347,9.6,75,14,0
AUD_NZD_JPY,2024-06-12T16:55:00,LONG,-30.577,12.46,10,11,0
AUD_NZD_JPY,2024-06-12T18:00:00,LONG,-4.004,4.16,120,13,0
AUD_NZD_JPY,2024-06-12T18:55:00,LONG,-3.012,4.1,65,13,0
AUD_NZD_JPY,2024-06-12T20:05:00,LONG,-3.43,5.48,20,15,0
AUD_NZD_JPY,2024-06-13T20:00:00,SHORT,19.611,8.38,185,15,0
AUD_NZD_JPY,2024-06-13T20:30:00,LONG,-5.185,4.28,155,15,0
AUD_NZD_JPY,2024-06-13T20:45:00,LONG,-3.814,3.49,140,15,0
AUD_NZD_JPY,2024-06-13T21:00:00,LONG,-3.06,6.19,125,16,1
AUD_NZD_JPY,2024-06-13T22:25:00,LONG,-3.359,5.72,40,17,1
AUD_NZD_JPY,2024-06-14T00:15:00,LONG,-3.062,6.01,760,19,0
AUD_NZD_JPY,2024-06-14T00:25:00,LONG,-3.388,11.96,750,19,0
AUD_NZD_JPY,2024-06-14T01:15:00,LONG,-3.3,9.33,700,20,0
AUD_NZD_JPY,2024-06-14T01:30:00,LONG,-3.404,14.51,685,20,0
AUD_NZD_JPY,2024-06-14T02:20:00,LONG,-5.095,25.49,635,21,0
AUD_NZD_JPY,2024-06-17T19:45:00,LONG,-4.517,1.28,95,14,0
AUD_NZD_JPY,2024-06-17T20:05:00,LONG,-34.4,10.22,75,15,0
AUD_NZD_JPY,2024-06-18T14:30:00,SHORT,3.321,0.91,15,9,0
AUD_NZD_JPY,2024-06-18T15:00:00,SHORT,3.658,1.06,30,10,0
AUD_NZD_JPY,2024-06-18T18:35:00,LONG,-3.479,1.37,125,13,0
AUD_NZD_JPY,2024-06-18T18:50:00,LONG,-3.75,1.68,110,13,0
AUD_NZD_JPY,2024-06-18T19:15:00,LONG,-3.782,1.57,85,14,0
AUD_NZD_JPY,2024-06-18T19:30:00,LONG,-3.51,1.9,70,14,0
AUD_NZD_JPY,2024-06-18T19:55:00,LONG,-4.489,6.39,45,14,0
AUD_NZD_JPY,2024-06-19T16:05:00,LONG,-3.707,0.81,110,11,0
AUD_NZD_JPY,2024-06-19T16:30:00,LONG,-3.789,0.86,85,11,0
AUD_NZD_JPY,2024-06-19T17:10:00,LONG,-3.08,0.76,45,12,0
AUD_NZD_JPY,2024-06-19T17:50:00,LONG,-3.417,0.91,5,12,0
AUD_NZD_JPY,2024-06-19T18:00:00,LONG,-14.965,10.3,180,13,0
AUD_NZD_JPY,2024-06-19T20:10:00,LONG,-5.247,8.34,50,15,0
AUD_NZD_JPY,2024-06-19T20:25:00,LONG,-3.194,5.81,35,15,0
AUD_NZD_JPY,2024-06-20T17:55:00,LONG,-3.341,1.24,185,12,0
AUD_NZD_JPY,2024-06-20T18:05:00,LONG,-3.021,1.15,175,13,0
AUD_NZD_JPY,2024-06-20T19:25:00,LONG,-3.317,1.52,95,14,0
AUD_NZD_JPY,2024-06-20T19:50:00,LONG,-3.705,2.87,70,14,0
AUD_NZD_JPY,2024-06-20T20:05:00,LONG,-19.97,17.42,55,15,0
AUD_NZD_JPY,2024-06-23T20:00:00,LONG,-76.248,27.59,65,15,0
AUD_NZD_JPY,2024-06-24T17:55:00,LONG,-3.016,2.03,135,12,0
AUD_NZD_JPY,2024-06-24T19:45:00,LONG,-3.801,1.99,25,14,0
AUD_NZD_JPY,2024-06-24T20:00:00,LONG,-22.767,12.77,10,15,0
AUD_NZD_JPY,2024-06-24T20:20:00,LONG,-4.38,6.07,25,15,0
AUD_NZD_JPY,2024-06-25T12:55:00,LONG,-3.122,2.45,5,7,0
AUD_NZD_JPY,2024-06-25T18:00:00,LONG,-18.145,6.09,640,13,0
AUD_NZD_JPY,2024-06-25T20:10:00,LONG,-4.678,9.47,510,15,0
AUD_NZD_JPY,2024-06-26T18:00:00,LONG,-3.289,1.15,1060,13,0
AUD_NZD_JPY,2024-06-26T18:45:00,LONG,-3.142,0.93,1015,13,0
AUD_NZD_JPY,2024-06-26T19:25:00,LONG,-3.387,1.23,975,14,0
AUD_NZD_JPY,2024-06-26T19:45:00,LONG,-4.279,6.98,955,14,0
AUD_NZD_JPY,2024-06-26T21:10:00,SHORT,3.109,2.92,870,16,1
AUD_NZD_JPY,2024-06-26T21:25:00,SHORT,3.142,3.27,855,16,1
AUD_NZD_JPY,2024-06-26T22:05:00,SHORT,3.038,3.45,815,17,1
AUD_NZD_JPY,2024-06-27T20:00:00,LONG,-45.141,18.21,60,15,0
AUD_NZD_JPY,2024-06-28T19:50:00,LONG,-4.4,30.91,2950,14,0
AUD_NZD_JPY,2024-06-30T20:55:00,LONG,-3.313,10.44,5,15,0
AUD_NZD_JPY,2024-07-01T18:00:00,LONG,-7.1,12.75,180,13,0
AUD_NZD_JPY,2024-07-02T12:55:00,LONG,-4.52,7.85,5,7,0
AUD_NZD_JPY,2024-07-02T20:25:00,LONG,-4.777,3.24,55,15,0
AUD_NZD_JPY,2024-07-02T20:40:00,LONG,-4.883,3.53,40,15,0
AUD_NZD_JPY,2024-07-03T11:10:00,LONG,-6.245,3.81,5,6,0
AUD_NZD_JPY,2024-07-03T11:25:00,LONG,-5.976,3.96,5,6,0
AUD_NZD_JPY,2024-07-03T12:55:00,LONG,-3.104,2.21,5,7,0
AUD_NZD_JPY,2024-07-03T16:55:00,LONG,-28.217,14.9,10,11,0
AUD_NZD_JPY,2024-07-03T18:00:00,LONG,-3.728,4.38,180,13,0
AUD_NZD_JPY,2024-07-03T19:55:00,LONG,-7.101,12.25,65,14,0
AUD_NZD_JPY,2024-07-04T16:00:00,SHORT,3.237,0.85,10,11,0
AUD_NZD_JPY,2024-07-04T18:00:00,LONG,-5.92,2.03,180,13,0
AUD_NZD_JPY,2024-07-04T18:45:00,LONG,-3.309,1.95,135,13,0
AUD_NZD_JPY,2024-07-04T19:55:00,LONG,-10.502,9.84,65,14,0
AUD_NZD_JPY,2024-07-04T20:35:00,LONG,-4.047,5.11,25,15,0
AUD_NZD_JPY,2024-07-04T20:50:00,LONG,-3.701,5.9,10,15,0
AUD_NZD_JPY,2024-07-05T11:25:00,LONG,-4.422,6.36,5,6,0
AUD_NZD_JPY,2024-07-07T20:00:00,LONG,-21.307,12.47,60,15,0
AUD_NZD_JPY,2024-07-08T18:00:00,LONG,-8.591,1.96,180,13,0
AUD_NZD_JPY,2024-07-08T19:10:00,LONG,-3.032,1.35,110,14,0
AUD_NZD_JPY,2024-07-08T19:20:00,LONG,-3.31,1.53,100,14,0
AUD_NZD_JPY,2024-07-08T19:45:00,LONG,-3.364,10.21,75,14,0
AUD_NZD_JPY,2024-07-08T20:50:00,LONG,-3.116,3.79,10,15,0
AUD_NZD_JPY,2024-07-09T17:55:00,LONG,-3.651,1.2,185,12,0
AUD_NZD_JPY,2024-07-09T18:15:00,LONG,-4.036,1.31,165,13,0
AUD_NZD_JPY,2024-07-09T18:55:00,LONG,-3.275,1.12,125,13,0
AUD_NZD_JPY,2024-07-09T19:10:00,LONG,-3.972,1.42,110,14,0
AUD_NZD_JPY,2024-07-09T19:35:00,LONG,-3.059,1.23,85,14,0
AUD_NZD_JPY,2024-07-09T19:45:00,LONG,-3.048,19.22,75,14,0
AUD_NZD_JPY,2024-07-10T00:55:00,LONG,-5.994,9.52,5,19,0
AUD_NZD_JPY,2024-07-10T18:00:00,LONG,-23.01,5.99,180,13,0
AUD_NZD_JPY,2024-07-11T18:25:00,LONG,-3.041,1.45,130,13,0
AUD_NZD_JPY,2024-07-11T19:45:00,LONG,-3.504,2.08,50,14,0
AUD_NZD_JPY,2024-07-11T20:00:00,LONG,-25.479,22.14,35,15,0
AUD_NZD_JPY,2024-07-12T12:55:00,LONG,-3.095,5.05,5,7,0
AUD_NZD_JPY,2024-07-12T19:50:00,LONG,-3.17,16.14,2950,14,0
AUD_NZD_JPY,2024-07-14T20:50:00,LONG,-3.043,7.3,10,15,0
AUD_NZD_JPY,2024-07-15T18:00:00,LONG,-4.289,1.69,180,13,0
AUD_NZD_JPY,2024-07-15T18:40:00,LONG,-3.968,1.37,140,13,0
AUD_NZD_JPY,2024-07-15T19:35:00,LONG,-3.996,1.56,85,14,0
AUD_NZD_JPY,2024-07-15T19:45:00,LONG,-4.236,15.05,75,14,0
AUD_NZD_JPY,2024-07-16T11:25:00,LONG,-5.18,10.56,5,6,0
AUD_NZD_JPY,2024-07-16T20:00:00,LONG,-14.657,13.22,60,15,0
AUD_NZD_JPY,2024-07-16T20:15:00,LONG,-3.573,4.9,45,15,0
AUD_NZD_JPY,2024-07-16T21:40:00,LONG,-5.047,7.93,5,16,1
AUD_NZD_JPY,2024-07-17T17:55:00,LONG,-4.343,4.27,185,12,0
AUD_NZD_JPY,2024-07-17T19:40:00,LONG,-3.041,3.59,80,14,0
AUD_NZD_JPY,2024-07-17T19:55:00,LONG,-3.249,15.39,65,14,0
AUD_NZD_JPY,2024-07-18T18:00:00,LONG,-3.657,1.23,180,13,0
AUD_NZD_JPY,2024-07-18T18:30:00,LONG,-3.551,1.29,150,13,0
AUD_NZD_JPY,2024-07-18T19:00:00,LONG,-3.451,1.4,120,14,0
AUD_NZD_JPY,2024-07-18T19:50:00,LONG,-3.673,1.67,70,14,0
AUD_NZD_JPY,2024-07-18T20:00:00,LONG,-19.928,9.53,60,15,0
AUD_NZD_JPY,2024-07-21T20:00:00,LONG,-71.79,23.91,40,15,0
AUD_NZD_JPY,2024-07-22T17:55:00,LONG,-3.106,1.75,185,12,0
AUD_NZD_JPY,2024-07-22T18:40:00,LONG,-3.545,1.7,140,13,0
AUD_NZD_JPY,2024-07-22T19:40:00,LONG,-3.034,8.28,80,14,0
AUD_NZD_JPY,2024-07-22T20:30:00,LONG,-3.22,3.89,30,15,0
AUD_NZD_JPY,2024-07-23T18:00:00,LONG,-7.536,1.63,145,13,0
AUD_NZD_JPY,2024-07-23T19:10:00,LONG,-4.667,2.03,75,14,0
AUD_NZD_JPY,2024-07-23T19:40:00,LONG,-3.116,21.67,45,14,0
AUD_NZD_JPY,2024-07-24T18:00:00,LONG,-10.107,13.49,180,13,0
AUD_NZD_JPY,2024-07-24T20:25:00,LONG,-3.037,5.35,35,15,0
AUD_NZD_JPY,2024-07-25T18:00:00,LONG,-4.439,1.69,180,13,0
AUD_NZD_JPY,2024-07-25T19:15:00,LONG,-3.469,1.57,105,14,0
AUD_NZD_JPY,2024-07-25T19:55:00,LONG,-5.198,15.69,65,14,0
AUD_NZD_JPY,2024-07-26T19:30:00,LONG,-3.115,0.98,2970,14,0
AUD_NZD_JPY,2024-07-28T20:00:00,LONG,-58.952,19.35,60,15,0
AUD_NZD_JPY,2024-07-28T20:50:00,LONG,-7.407,13.43,10,15,0
AUD_NZD_JPY,2024-07-29T17:55:00,LONG,-5.438,1.91,185,12,0
AUD_NZD_JPY,2024-07-29T18:50:00,LONG,-3.304,1.34,130,13,0
AUD_NZD_JPY,2024-07-29T19:00:00,LONG,-4.06,1.73,120,14,0
AUD_NZD_JPY,2024-07-29T19:10:00,LONG,-3.04,1.64,110,14,0
AUD_NZD_JPY,2024-07-29T19:40:00,LONG,-3.181,1.84,80,14,0
AUD_NZD_JPY,2024-07-29T20:00:00,LONG,-37.058,20.49,60,15,0
AUD_NZD_JPY,2024-07-30T12:55:00,LONG,-9.306,6.45,5,7,0
AUD_NZD_JPY,2024-07-30T18:00:00,LONG,-3.048,1.59,180,13,0
AUD_NZD_JPY,2024-07-30T18:20:00,LONG,-3.263,1.8,160,13,0
AUD_NZD_JPY,2024-07-30T18:30:00,LONG,-3.134,1.8,150,13,0
AUD_NZD_JPY,2024-07-30T19:45:00,LONG,-3.583,2.48,75,14,0
AUD_NZD_JPY,2024-07-30T20:00:00,LONG,-3.831,8.84,60,15,0
AUD_NZD_JPY,2024-07-30T20:40:00,LONG,-3.511,4.86,20,15,0
AUD_NZD_JPY,2024-07-31T16:55:00,LONG,-76.765,27.97,10,11,0
AUD_NZD_JPY,2024-07-31T20:00:00,LONG,-10.829,25.05,30,15,0
AUD_NZD_JPY,2024-08-01T18:00:00,LONG,-3.496,1.48,180,13,0
AUD_NZD_JPY,2024-08-01T18:15:00,LONG,-3.516,1.56,165,13,0
AUD_NZD_JPY,2024-08-01T18:30:00,LONG,-3.304,1.54,150,13,0
AUD_NZD_JPY,2024-08-01T18:50:00,LONG,-3.044,1.51,130,13,0
AUD_NZD_JPY,2024-08-01T19:55:00,LONG,-3.714,13.23,65,14,0
AUD_NZD_JPY,2024-08-02T11:25:00,LONG,-3.157,5.28,10,6,0
AUD_NZD_JPY,2024-08-04T20:00:00,LONG,-42.031,20.99,60,15,0
AUD_NZD_JPY,2024-08-05T12:55:00,LONG,-3.162,5.41,5,7,0
AUD_NZD_JPY,2024-08-05T20:00:00,LONG,-13.415,10.43,60,15,0
AUD_NZD_JPY,2024-08-05T20:50:00,LONG,-3.37,5.12,10,15,0
AUD_NZD_JPY,2024-08-06T03:25:00,LONG,-3.644,5.69,5,22,0
AUD_NZD_JPY,2024-08-06T18:20:00,LONG,-3.35,1.89,160,13,0
AUD_NZD_JPY,2024-08-06T19:55:00,SHORT,8.554,17.86,65,14,0
AUD_NZD_JPY,2024-08-06T21:40:00,LONG,-11.153,21.15,5,16,1
AUD_NZD_JPY,2024-08-07T18:00:00,LONG,-15.527,5.65,155,13,0
AUD_NZD_JPY,2024-08-07T19:50:00,LONG,-3.029,4.96,45,14,0
AUD_NZD_JPY,2024-08-07T20:00:00,LONG,-4.727,8.04,35,15,0
AUD_NZD_JPY,2024-08-08T18:00:00,LONG,-4.443,1.37,155,13,0
AUD_NZD_JPY,2024-08-08T18:40:00,LONG,-3.451,1.29,115,13,0
AUD_NZD_JPY,2024-08-08T18:50:00,LONG,-4.082,1.6,105,13,0
AUD_NZD_JPY,2024-08-08T19:15:00,LONG,-3.734,1.65,80,14,0
AUD_NZD_JPY,2024-08-08T19:35:00,LONG,-3.002,1.42,60,14,0
AUD_NZD_JPY,2024-08-08T19:45:00,LONG,-3.142,8.53,50,14,0
AUD_NZD_JPY,2024-08-08T20:10:00,LONG,-4.868,3.93,25,15,0
AUD_NZD_JPY,2024-08-08T20:20:00,LONG,-3.478,2.98,15,15,0
AUD_NZD_JPY,2024-08-08T20:55:00,LONG,-3.893,3.52,20,15,0
AUD_NZD_JPY,2024-08-09T15:45:00,LONG,-3.055,0.81,20,10,0
AUD_NZD_JPY,2024-08-09T16:35:00,LONG,-4.101,1.09,30,11,0
AUD_NZD_JPY,2024-08-09T17:10:00,LONG,-3.865,1.14,10,12,0
AUD_NZD_JPY,2024-08-09T19:45:00,LONG,-3.369,9.08,2970,14,0
AUD_NZD_JPY,2024-08-11T20:35:00,LONG,-4.344,7.3,40,15,0
AUD_NZD_JPY,2024-08-12T18:00:00,LONG,-4.213,1.36,195,13,0
AUD_NZD_JPY,2024-08-12T18:20:00,LONG,-4.515,1.3,175,13,0
AUD_NZD_JPY,2024-08-12T18:55:00,LONG,-4.26,1.33,140,13,0
AUD_NZD_JPY,2024-08-12T19:15:00,LONG,-3.774,1.3,120,14,0
AUD_NZD_JPY,2024-08-12T19:35:00,LONG,-3.048,1.13,100,14,0
AUD_NZD_JPY,2024-08-12T19:45:00,LONG,-3.477,29.09,90,14,0
AUD_NZD_JPY,2024-08-13T18:00:00,LONG,-3.925,1.64,140,13,0
AUD_NZD_JPY,2024-08-13T19:10:00,LONG,-3.01,1.42,70,14,0
AUD_NZD_JPY,2024-08-13T19:30:00,LONG,-3.479,1.53,50,14,0
AUD_NZD_JPY,2024-08-13T19:45:00,LONG,-4.12,1.92,35,14,0
AUD_NZD_JPY,2024-08-13T19:55:00,LONG,-78.589,38.24,25,14,0
AUD_NZD_JPY,2024-08-14T00:55:00,LONG,-3.164,12.26,5,19,0
AUD_NZD_JPY,2024-08-14T18:00:00,LONG,-4.333,3.75,130,13,0
AUD_NZD_JPY,2024-08-14T18:45:00,LONG,-3.359,3.68,85,13,0
AUD_NZD_JPY,2024-08-14T19:00:00,LONG,-3.249,3.8,70,14,0
AUD_NZD_JPY,2024-08-14T19:55:00,LONG,-6.388,8.98,15,14,0
AUD_NZD_JPY,2024-08-15T11:25:00,LONG,-10.635,13.43,5,6,0
AUD_NZD_JPY,2024-08-15T19:55:00,LONG,-8.785,9.37,65,14,0
AUD_NZD_JPY,2024-08-15T20:25:00,LONG,-3.47,4.74,35,15,0
AUD_NZD_JPY,2024-08-16T12:55:00,LONG,-4.583,3.98,5,7,0
AUD_NZD_JPY,2024-08-18T20:00:00,LONG,-63.924,25.92,70,15,0
AUD_NZD_JPY,2024-08-18T20:10:00,LONG,-4.536,9.91,60,15,0
AUD_NZD_JPY,2024-08-19T18:00:00,LONG,-4.879,1.53,190,13,0
AUD_NZD_JPY,2024-08-19T18:40:00,LONG,-3.936,1.29,150,13,0
AUD_NZD_JPY,2024-08-19T18:55:00,LONG,-3.268,1.15,135,13,0
AUD_NZD_JPY,2024-08-19T19:15:00,LONG,-3.114,1.19,115,14,0
AUD_NZD_JPY,2024-08-19T19:40:00,LONG,-3.415,14.18,90,14,0
AUD_NZD_JPY,2024-08-19T20:45:00,LONG,-3.492,5.28,25,15,0
AUD_NZD_JPY,2024-08-20T17:55:00,LONG,-3.724,1.79,190,12,0
AUD_NZD_JPY,2024-08-20T19:40:00,LONG,-3.022,1.46,85,14,0
AUD_NZD_JPY,2024-08-20T19:55:00,LONG,-23.299,11.93,70,14,0
AUD_NZD_JPY,2024-08-20T20:15:00,LONG,-4.553,5.08,50,15,0
AUD_NZD_JPY,2024-08-20T20:40:00,LONG,-3.15,3.81,25,15,0
AUD_NZD_JPY,2024-08-20T20:55:00,LONG,-4.718,5.98,10,15,0
AUD_NZD_JPY,2024-08-21T16:55:00,LONG,-4.123,0.96,10,11,0
AUD_NZD_JPY,2024-08-21T18:00:00,LONG,-14.699,17.04,180,13,0
AUD_NZD_JPY,2024-08-22T18:00:00,LONG,-3.283,1.1,185,13,0
AUD_NZD_JPY,2024-08-22T19:00:00,LONG,-3.028,1.22,125,14,0
AUD_NZD_JPY,2024-08-22T19:55:00,LONG,-36.681,16.57,70,14,0
AUD_NZD_JPY,2024-08-23T19:40:00,SHORT,3.218,1.1,5,14,0
AUD_NZD_JPY,2024-08-25T20:00:00,LONG,-27.007,19.04,65,15,0
AUD_NZD_JPY,2024-08-26T15:10:00,SHORT,3.169,0.65,5,10,0
AUD_NZD_JPY,2024-08-26T18:00:00,LONG,-4.534,1.31,185,13,0
AUD_NZD_JPY,2024-08-26T19:00:00,LONG,-3.416,1.29,125,14,0
AUD_NZD_JPY,2024-08-26T19:35:00,LONG,-3.068,19.11,90,14,0
AUD_NZD_JPY,2024-08-26T20:25:00,LONG,-5.241,9.93,40,15,0
AUD_NZD_JPY,2024-08-27T16:50:00,SHORT,3.661,0.91,10,11,0
AUD_NZD_JPY,2024-08-27T18:00:00,LONG,-4.649,1.76,125,13,0
AUD_NZD_JPY,2024-08-27T18:55:00,LONG,-3.621,1.39,70,13,0
AUD_NZD_JPY,2024-08-27T19:20:00,LONG,-3.233,1.38,45,14,0
AUD_NZD_JPY,2024-08-27T19:50:00,LONG,-3.29,38.03,15,14,0
AUD_NZD_JPY,2024-08-28T17:55:00,LONG,-3.772,7.09,185,12,0
AUD_NZD_JPY,2024-08-29T19:55:00,LONG,-3.284,10.85,75,14,0
AUD_NZD_JPY,2024-08-30T12:55:00,LONG,-3.079,3.19,10,7,0
AUD_NZD_JPY,2024-09-01T20:00:00,LONG,-49.307,21.48,40,15,0
AUD_NZD_JPY,2024-09-02T17:05:00,LONG,-3.043,0.65,35,12,0
AUD_NZD_JPY,2024-09-02T17:55:00,LONG,-6.348,1.45,145,12,0
AUD_NZD_JPY,2024-09-02T18:25:00,LONG,-3.841,1.21,115,13,0
AUD_NZD_JPY,2024-09-02T18:35:00,LONG,-3.881,1.73,105,13,0
AUD_NZD_JPY,2024-09-02T18:55:00,LONG,-3.06,1.16,85,13,0
AUD_NZD_JPY,2024-09-02T19:05:00,LONG,-4.028,1.74,75,14,0
AUD_NZD_JPY,2024-09-02T19:30:00,LONG,-3.266,1.47,50,14,0
AUD_NZD_JPY,2024-09-02T19:40:00,LONG,-3.446,17.67,40,14,0
AUD_NZD_JPY,2024-09-03T12:55:00,SHORT,3.761,2.69,5,7,0
AUD_NZD_JPY,2024-09-03T18:00:00,LONG,-3.351,1.17,180,13,0
AUD_NZD_JPY,2024-09-03T18:15:00,LONG,-4.159,1.69,165,13,0
AUD_NZD_JPY,2024-09-03T19:05:00,LONG,-3.116,1.25,115,14,0
AUD_NZD_JPY,2024-09-03T19:30:00,LONG,-3.047,1.32,90,14,0
AUD_NZD_JPY,2024-09-03T19:45:00,LONG,-4.056,1.84,75,14,0
AUD_NZD_JPY,2024-09-03T19:55:00,LONG,-3.033,1.44,65,14,0
AUD_NZD_JPY,2024-09-03T20:05:00,LONG,-10.526,5.38,55,15,0
AUD_NZD_JPY,2024-09-03T20:50:00,LONG,-3.984,4.37,10,15,0
AUD_NZD_JPY,2024-09-04T12:55:00,LONG,-9.491,8.55,5,7,0
AUD_NZD_JPY,2024-09-04T18:00:00,LONG,-6.084,4.33,165,13,0
AUD_NZD_JPY,2024-09-04T19:35:00,LONG,-3.095,4.26,70,14,0
AUD_NZD_JPY,2024-09-04T19:55:00,LONG,-3.143,10.66,50,14,0
AUD_NZD_JPY,2024-09-05T11:25:00,SHORT,6.597,10.45,5,6,0
AUD_NZD_JPY,2024-09-05T20:00:00,LONG,-13.559,12.07,60,15,0
AUD_NZD_JPY,2024-09-05T20:20:00,LONG,-4.373,6.42,40,15,0
AUD_NZD_JPY,2024-09-05T20:45:00,LONG,-3.003,5.07,15,15,0
AUD_NZD_JPY,2024-09-06T11:25:00,LONG,-6.672,10.69,5,6,0
AUD_NZD_JPY,2024-09-08T20:00:00,LONG,-12.556,15.99,20,15,0
AUD_NZD_JPY,2024-09-08T20:45:00,LONG,-3.086,5.36,20,15,0
AUD_NZD_JPY,2024-09-08T20:55:00,LONG,-7.205,12.9,10,15,0
AUD_NZD_JPY,2024-09-09T17:55:00,LONG,-4.27,2.1,170,12,0
AUD_NZD_JPY,2024-09-09T19:15:00,LONG,-4.14,1.92,90,14,0
AUD_NZD_JPY,2024-09-09T19:50:00,LONG,-4.274,16.87,55,14,0
AUD_NZD_JPY,2024-09-10T19:15:00,LONG,-3.022,1.58,105,14,0
AUD_NZD_JPY,2024-09-10T19:40:00,LONG,-3.24,11.39,80,14,0
AUD_NZD_JPY,2024-09-10T20:45:00,LONG,-3.438,4.36,15,15,0
AUD_NZD_JPY,2024-09-10T20:55:00,LONG,-4.691,6.2,5,15,0
AUD_NZD_JPY,2024-09-11T11:25:00,LONG,-6.947,9.74,10,6,0
AUD_NZD_JPY,2024-09-11T18:00:00,LONG,-7.034,5.33,180,13,0
AUD_NZD_JPY,2024-09-11T19:25:00,LONG,-3.076,5.5,95,14,0
AUD_NZD_JPY,2024-09-11T19:55:00,LONG,-3.443,27.25,65,14,0
AUD_NZD_JPY,2024-09-12T18:00:00,LONG,-3.118,1.61,160,13,0
AUD_NZD_JPY,2024-09-12T18:25:00,LONG,-3.247,1.84,135,13,0
AUD_NZD_JPY,2024-09-12T19:55:00,LONG,-23.669,16.95,45,14,0
AUD_NZD_JPY,2024-09-15T20:05:00,LONG,-4.371,1.27,80,15,0
AUD_NZD_JPY,2024-09-15T20:25:00,LONG,-6.935,4.58,60,15,0
AUD_NZD_JPY,2024-09-15T20:40:00,LONG,-3.02,6.29,45,15,0
AUD_NZD_JPY,2024-09-16T17:55:00,LONG,-3.254,1.58,185,12,0
AUD_NZD_JPY,2024-09-16T18:35:00,LONG,-3.947,1.66,145,13,0
AUD_NZD_JPY,2024-09-16T19:30:00,LONG,-3.313,1.37,90,14,0
AUD_NZD_JPY,2024-09-16T19:40:00,LONG,-3.369,11.84,80,14,0
AUD_NZD_JPY,2024-09-16T20:45:00,LONG,-3.842,5.91,15,15,0
AUD_NZD_JPY,2024-09-17T18:00:00,LONG,-3.221,1.23,190,13,0
AUD_NZD_JPY,2024-09-17T18:25:00,LONG,-3.087,1.29,165,13,0
AUD_NZD_JPY,2024-09-17T18:35:00,LONG,-3.17,1.39,155,13,0
AUD_NZD_JPY,2024-09-17T19:50:00,LONG,-3.455,9.3,80,14,0
AUD_NZD_JPY,2024-09-17T20:40:00,LONG,-3.16,4.41,30,15,0
AUD_NZD_JPY,2024-09-17T20:55:00,LONG,-3.315,4.82,15,15,0
AUD_NZD_JPY,2024-09-18T16:55:00,LONG,-110.065,24.31,10,11,0
AUD_NZD_JPY,2024-09-18T18:00:00,LONG,-3.537,6.15,170,13,0
AUD_NZD_JPY,2024-09-18T18:45:00,LONG,-3.078,6.25,125,13,0
AUD_NZD_JPY,2024-09-18T20:00:00,LONG,-15.007,36.68,50,15,0
AUD_NZD_JPY,2024-09-18T21:40:00,LONG,-3.072,13.9,5,16,1
AUD_NZD_JPY,2024-09-19T18:00:00,LONG,-4.925,1.91,185,13,0
AUD_NZD_JPY,2024-09-19T18:10:00,LONG,-3.22,1.36,175,13,0
AUD_NZD_JPY,2024-09-19T19:25:00,LONG,-3.579,1.8,100,14,0
AUD_NZD_JPY,2024-09-19T19:55:00,LONG,-4.45,11.19,70,14,0
AUD_NZD_JPY,2024-09-19T20:40:00,LONG,-4.089,6.41,25,15,0
AUD_NZD_JPY,2024-09-22T20:00:00,LONG,-8.29,10.86,75,15,0
AUD_NZD_JPY,2024-09-22T20:50:00,LONG,-3.36,5.37,25,15,0
AUD_NZD_JPY,2024-09-23T18:00:00,LONG,-3.948,1.33,180,13,0
AUD_NZD_JPY,2024-09-23T18:40:00,LONG,-4.195,1.38,140,13,0
AUD_NZD_JPY,2024-09-23T19:00:00,LONG,-3.258,1.43,120,14,0
AUD_NZD_JPY,2024-09-23T19:25:00,LONG,-4.015,1.64,95,14,0
AUD_NZD_JPY,2024-09-23T19:45:00,LONG,-4.163,10.19,75,14,0
AUD_NZD_JPY,2024-09-24T03:25:00,LONG,-4.197,6.25,5,22,0
AUD_NZD_JPY,2024-09-24T20:00:00,LONG,-8.627,5.93,75,15,0
AUD_NZD_JPY,2024-09-25T17:55:00,LONG,-4.795,4.08,190,12,0
AUD_NZD_JPY,2024-09-25T19:50:00,LONG,-3.027,9.07,75,14,0
AUD_NZD_JPY,2024-09-25T20:40:00,LONG,-3.323,5.82,25,15,0
AUD_NZD_JPY,2024-09-26T17:55:00,LONG,-4.359,2.0,185,12,0
AUD_NZD_JPY,2024-09-26T18:55:00,LONG,-4.276,2.67,125,13,0
AUD_NZD_JPY,2024-09-26T20:05:00,LONG,-9.956,7.79,55,15,0
AUD_NZD_JPY,2024-09-26T20:55:00,LONG,-7.26,8.82,5,15,0
AUD_NZD_JPY,2024-09-29T20:05:00,LONG,-17.878,9.51,60,15,0
AUD_NZD_JPY,2024-09-30T16:55:00,LONG,-4.193,1.85,215,11,0
AUD_NZD_JPY,2024-09-30T18:30:00,LONG,-3.087,1.42,120,13,0
AUD_NZD_JPY,2024-09-30T19:50:00,LONG,-3.111,7.69,40,14,0
AUD_NZD_JPY,2024-09-30T20:40:00,LONG,-3.604,4.12,15,15,0
AUD_NZD_JPY,2024-10-01T12:55:00,SHORT,8.687,6.09,15,7,0
AUD_NZD_JPY,2024-10-01T20:00:00,LONG,-6.484,10.63,60,15,0
AUD_NZD_JPY,2024-10-02T17:00:00,LONG,-9.173,3.79,200,12,0
AUD_NZD_JPY,2024-10-02T18:35:00,LONG,-3.051,3.65,105,13,0
AUD_NZD_JPY,2024-10-02T20:00:00,LONG,-13.584,18.42,20,15,0
AUD_NZD_JPY,2024-10-03T17:00:00,LONG,-3.64,1.5,195,12,0
AUD_NZD_JPY,2024-10-03T17:30:00,LONG,-3.411,1.38,165,12,0
AUD_NZD_JPY,2024-10-03T19:10:00,LONG,-3.349,1.75,65,14,0
AUD_NZD_JPY,2024-10-03T19:55:00,LONG,-3.15,4.59,20,14,0
AUD_NZD_JPY,2024-10-03T20:30:00,LONG,-3.76,4.66,45,15,0
AUD_NZD_JPY,2024-10-03T20:50:00,LONG,-3.32,5.64,25,15,0
AUD_NZD_JPY,2024-10-04T11:25:00,LONG,-7.415,6.45,5,6,0
AUD_NZD_JPY,2024-10-06T20:00:00,LONG,-56.433,30.16,65,15,0
AUD_NZD_JPY,2024-10-06T20:50:00,LONG,-4.318,21.98,15,15,0
AUD_NZD_JPY,2024-10-07T17:00:00,LONG,-5.37,1.64,245,12,0
AUD_NZD_JPY,2024-10-07T18:20:00,LONG,-3.073,1.63,165,13,0
AUD_NZD_JPY,2024-10-07T18:35:00,LONG,-3.526,1.54,150,13,0
AUD_NZD_JPY,2024-10-07T18:50:00,LONG,-3.114,1.45,135,13,0
AUD_NZD_JPY,2024-10-07T19:00:00,LONG,-3.058,1.48,125,14,0
AUD_NZD_JPY,2024-10-07T19:50:00,LONG,-3.999,11.72,75,14,0
AUD_NZD_JPY,2024-10-07T20:45:00,LONG,-3.69,4.55,20,15,0
AUD_NZD_JPY,2024-10-08T17:00:00,LONG,-3.758,1.81,215,12,0
AUD_NZD_JPY,2024-10-08T18:15:00,LONG,-3.308,1.41,140,13,0
AUD_NZD_JPY,2024-10-08T19:35:00,LONG,-3.28,1.66,60,14,0
AUD_NZD_JPY,2024-10-08T19:55:00,SHORT,23.749,12.75,40,14,0
AUD_NZD_JPY,2024-10-08T20:40:00,LONG,-3.93,5.14,35,15,0
AUD_NZD_JPY,2024-10-08T20:55:00,LONG,-12.456,17.05,20,15,0
AUD_NZD_JPY,2024-10-08T23:55:00,LONG,-5.716,10.55,5,18,1
AUD_NZD_JPY,2024-10-09T16:55:00,LONG,-9.074,5.47,220,11,0
AUD_NZD_JPY,2024-10-09T20:00:00,LONG,-4.262,8.13,35,15,0
AUD_NZD_JPY,2024-10-10T16:55:00,LONG,-3.079,1.84,220,11,0
AUD_NZD_JPY,2024-10-10T18:00:00,LONG,-3.769,1.55,155,13,0
AUD_NZD_JPY,2024-10-10T18:15:00,LONG,-3.319,1.47,140,13,0
AUD_NZD_JPY,2024-10-10T18:45:00,LONG,-3.322,1.64,110,13,0
AUD_NZD_JPY,2024-10-10T19:10:00,LONG,-3.302,1.79,85,14,0
AUD_NZD_JPY,2024-10-10T19:25:00,LONG,-3.014,1.73,70,14,0
AUD_NZD_JPY,2024-10-10T19:45:00,LONG,-3.156,18.7,50,14,0
AUD_NZD_JPY,2024-10-13T20:00:00,LONG,-26.367,16.89,60,15,0
AUD_NZD_JPY,2024-10-14T17:00:00,LONG,-3.625,1.77,150,12,0
AUD_NZD_JPY,2024-10-14T18:00:00,LONG,-3.475,1.24,90,13,0
AUD_NZD_JPY,2024-10-14T18:15:00,LONG,-4.323,1.63,75,13,0
AUD_NZD_JPY,2024-10-14T18:25:00,LONG,-3.267,1.3,65,13,0
AUD_NZD_JPY,2024-10-14T19:40:00,LONG,-3.623,9.19,80,14,0
AUD_NZD_JPY,2024-10-14T20:20:00,LONG,-5.253,5.42,40,15,0
AUD_NZD_JPY,2024-10-15T17:00:00,LONG,-6.969,1.76,225,12,0
AUD_NZD_JPY,2024-10-15T18:00:00,LONG,-3.167,1.45,165,13,0
AUD_NZD_JPY,2024-10-15T19:55:00,LONG,-3.914,16.77,50,14,0
AUD_NZD_JPY,2024-10-15T20:40:00,LONG,-13.692,26.32,5,15,0
AUD_NZD_JPY,2024-10-16T16:55:00,LONG,-4.184,3.89,195,11,0
AUD_NZD_JPY,2024-10-16T18:20:00,LONG,-3.383,3.41,110,13,0
AUD_NZD_JPY,2024-10-16T18:30:00,LONG,-3.157,3.71,100,13,0
AUD_NZD_JPY,2024-10-16T20:00:00,LONG,-3.792,5.48,10,15,0
AUD_NZD_JPY,2024-10-17T11:25:00,LONG,-5.732,7.07,5,6,0
AUD_NZD_JPY,2024-10-17T19:55:00,LONG,-3.02,4.75,70,14,0
AUD_NZD_JPY,2024-10-17T20:10:00,LONG,-4.779,3.9,55,15,0
AUD_NZD_JPY,2024-10-17T20:25:00,LONG,-3.391,3.27,40,15,0
AUD_NZD_JPY,2024-10-18T19:45:00,LONG,-3.673,0.89,2970,14,0
AUD_NZD_JPY,2024-10-20T20:00:00,LONG,-67.774,16.97,75,15,0
AUD_NZD_JPY,2024-10-21T17:00:00,LONG,-5.292,1.4,225,12,0
AUD_NZD_JPY,2024-10-21T17:20:00,LONG,-3.609,1.3,205,12,0
AUD_NZD_JPY,2024-10-21T18:00:00,LONG,-3.159,1.09,165,13,0
AUD_NZD_JPY,2024-10-21T18:30:00,LONG,-3.449,1.31,135,13,0
AUD_NZD_JPY,2024-10-21T18:45:00,LONG,-3.046,1.23,120,13,0
AUD_NZD_JPY,2024-10-21T20:00:00,LONG,-22.159,10.24,45,15,0
AUD_NZD_JPY,2024-10-22T17:00:00,LONG,-5.045,1.48,250,12,0
AUD_NZD_JPY,2024-10-22T17:20:00,LONG,-4.084,1.32,230,12,0
AUD_NZD_JPY,2024-10-22T17:30:00,LONG,-4.561,1.55,220,12,0
AUD_NZD_JPY,2024-10-22T17:55:00,LONG,-4.0,1.61,195,12,0
AUD_NZD_JPY,2024-10-22T18:35:00,LONG,-3.903,1.78,155,13,0
AUD_NZD_JPY,2024-10-22T19:55:00,LONG,-3.371,14.13,75,14,0
AUD_NZD_JPY,2024-10-23T17:00:00,LONG,-17.566,5.06,225,12,0
AUD_NZD_JPY,2024-10-23T19:55:00,LONG,-3.029,15.31,50,14,0
AUD_NZD_JPY,2024-10-23T20:20:00,LONG,-3.438,8.8,25,15,0
AUD_NZD_JPY,2024-10-24T17:20:00,LONG,-3.586,1.58,215,12,0
AUD_NZD_JPY,2024-10-24T17:35:00,LONG,-4.176,1.7,200,12,0
AUD_NZD_JPY,2024-10-24T18:55:00,LONG,-3.021,1.55,120,13,0
AUD_NZD_JPY,2024-10-24T20:00:00,LONG,-13.617,7.71,55,15,0
AUD_NZD_JPY,2024-10-24T20:30:00,LONG,-3.261,2.73,25,15,0
AUD_NZD_JPY,2024-10-25T12:55:00,LONG,-3.509,1.86,5,7,0
AUD_NZD_JPY,2024-10-27T20:00:00,LONG,-55.036,16.22,165,15,0
AUD_NZD_JPY,2024-10-27T20:15:00,LONG,-5.011,10.7,150,15,0
AUD_NZD_JPY,2024-10-28T17:00:00,LONG,-3.637,1.81,255,12,0
AUD_NZD_JPY,2024-10-28T18:00:00,LONG,-3.737,1.81,195,13,0
AUD_NZD_JPY,2024-10-28T18:20:00,LONG,-3.025,1.52,175,13,0
AUD_NZD_JPY,2024-10-28T19:55:00,LONG,-3.175,5.11,80,14,0
AUD_NZD_JPY,2024-10-28T20:20:00,LONG,-3.282,3.43,55,15,0
AUD_NZD_JPY,2024-10-29T17:00:00,LONG,-4.456,1.69,210,12,0
AUD_NZD_JPY,2024-10-29T17:35:00,LONG,-4.692,1.79,175,12,0
AUD_NZD_JPY,2024-10-29T18:00:00,LONG,-3.957,1.65,150,13,0
AUD_NZD_JPY,2024-10-29T18:10:00,LONG,-3.245,1.41,140,13,0
AUD_NZD_JPY,2024-10-29T18:20:00,LONG,-3.581,1.62,130,13,0
AUD_NZD_JPY,2024-10-29T18:30:00,LONG,-3.696,1.74,120,13,0
AUD_NZD_JPY,2024-10-29T18:50:00,LONG,-3.094,1.56,100,13,0
AUD_NZD_JPY,2024-10-29T20:05:00,LONG,-3.421,1.98,25,15,0
AUD_NZD_JPY,2024-10-29T20:20:00,LONG,-4.907,2.94,10,15,0
AUD_NZD_JPY,2024-10-29T20:35:00,LONG,-4.72,3.07,55,15,0
AUD_NZD_JPY,2024-10-29T20:55:00,LONG,-3.074,2.22,35,15,0
AUD_NZD_JPY,2024-10-30T17:00:00,LONG,-15.015,5.21,250,12,0
AUD_NZD_JPY,2024-10-30T18:40:00,LONG,-3.152,4.63,150,13,0
AUD_NZD_JPY,2024-10-30T20:15:00,LONG,-3.211,8.03,55,15,0
AUD_NZD_JPY,2024-10-31T17:00:00,LONG,-3.451,1.92,250,12,0
AUD_NZD_JPY,2024-10-31T17:30:00,LONG,-3.201,1.49,220,12,0
AUD_NZD_JPY,2024-10-31T17:40:00,LONG,-3.353,1.62,210,12,0
AUD_NZD_JPY,2024-10-31T19:55:00,LONG,-3.708,2.31,75,14,0
AUD_NZD_JPY,2024-10-31T20:15:00,LONG,-7.334,5.36,55,15,0
AUD_NZD_JPY,2024-10-31T20:45:00,LONG,-3.889,3.74,25,15,0
AUD_NZD_JPY,2024-10-31T20:55:00,LONG,-3.466,3.49,15,15,0
AUD_NZD_JPY,2024-11-01T11:25:00,LONG,-5.027,5.01,10,6,0
AUD_NZD_JPY,2024-11-03T19:00:00,LONG,-26.466,21.7,60,14,0
AUD_NZD_JPY,2024-11-04T15:00:00,LONG,-6.267,1.79,215,10,0
AUD_NZD_JPY,2024-11-04T15:30:00,LONG,-3.315,1.1,185,10,0
AUD_NZD_JPY,2024-11-04T15:40:00,LONG,-3.345,1.57,175,10,0
AUD_NZD_JPY,2024-11-04T16:10:00,LONG,-3.274,1.85,145,11,0
AUD_NZD_JPY,2024-11-04T19:00:00,LONG,-32.393,18.92,75,14,0
AUD_NZD_JPY,2024-11-05T00:25:00,SHORT,3.193,5.17,5,19,0
AUD_NZD_JPY,2024-11-05T11:55:00,SHORT,10.764,8.7,5,6,0
AUD_NZD_JPY,2024-11-05T18:40:00,LONG,-5.133,4.27,80,13,0
AUD_NZD_JPY,2024-11-05T19:00:00,LONG,-6.303,5.69,60,14,0
AUD_NZD_JPY,2024-11-05T19:15:00,LONG,-5.885,19.92,45,14,0
AUD_NZD_JPY,2024-11-05T19:45:00,LONG,-3.378,6.64,15,14,0
AUD_NZD_JPY,2024-11-05T19:55:00,LONG,-3.33,6.73,5,14,0
AUD_NZD_JPY,2024-11-06T15:00:00,LONG,-13.367,5.19,275,10,0
AUD_NZD_JPY,2024-11-06T16:25:00,LONG,-3.09,4.66,190,11,0
AUD_NZD_JPY,2024-11-06T19:00:00,LONG,-4.083,9.31,35,14,0
AUD_NZD_JPY,2024-11-07T15:55:00,LONG,-21.714,8.27,5,10,0
AUD_NZD_JPY,2024-11-07T18:55:00,SHORT,11.963,10.7,30,13,0
AUD_NZD_JPY,2024-11-07T19:20:00,LONG,-3.265,3.91,5,14,0
AUD_NZD_JPY,2024-11-08T11:55:00,SHORT,6.158,3.79,5,6,0
AUD_NZD_JPY,2024-11-10T19:00:00,LONG,-33.813,12.91,70,14,0
AUD_NZD_JPY,2024-11-10T19:45:00,LONG,-4.174,7.0,25,14,0
AUD_NZD_JPY,2024-11-11T15:00:00,LONG,-4.509,1.48,310,10,0
AUD_NZD_JPY,2024-11-11T15:45:00,LONG,-4.004,1.41,265,10,0
AUD_NZD_JPY,2024-11-11T16:05:00,LONG,-3.342,1.3,245,11,0
AUD_NZD_JPY,2024-11-11T16:25:00,LONG,-3.439,1.41,225,11,0
AUD_NZD_JPY,2024-11-11T17:30:00,LONG,-3.1,1.53,160,12,0
AUD_NZD_JPY,2024-11-11T18:55:00,LONG,-5.366,12.42,75,13,0
AUD_NZD_JPY,2024-11-11T19:35:00,LONG,-3.944,5.48,35,14,0
AUD_NZD_JPY,2024-11-12T15:05:00,LONG,-4.272,1.31,305,10,0
AUD_NZD_JPY,2024-11-12T15:20:00,LONG,-3.48,1.55,290,10,0
AUD_NZD_JPY,2024-11-12T15:55:00,LONG,-3.105,1.24,255,10,0
AUD_NZD_JPY,2024-11-12T16:30:00,LONG,-3.388,1.45,220,11,0
AUD_NZD_JPY,2024-11-12T16:50:00,LONG,-3.066,1.73,200,11,0
AUD_NZD_JPY,2024-11-12T17:10:00,LONG,-3.177,1.56,180,12,0
AUD_NZD_JPY,2024-11-12T19:00:00,LONG,-27.801,16.49,70,14,0
AUD_NZD_JPY,2024-11-13T10:25:00,LONG,-4.306,5.97,5,5,0
AUD_NZD_JPY,2024-11-13T15:00:00,LONG,-6.549,3.81,305,10,0
AUD_NZD_JPY,2024-11-13T16:10:00,LONG,-3.688,3.67,235,11,0
AUD_NZD_JPY,2024-11-13T16:20:00,LONG,-3.186,3.41,225,11,0
AUD_NZD_JPY,2024-11-13T18:55:00,LONG,-3.055,4.69,70,13,0
AUD_NZD_JPY,2024-11-13T19:15:00,LONG,-3.147,5.09,50,14,0
AUD_NZD_JPY,2024-11-14T15:10:00,LONG,-3.418,1.36,310,10,0
AUD_NZD_JPY,2024-11-14T15:20:00,LONG,-3.578,1.78,300,10,0
AUD_NZD_JPY,2024-11-14T15:40:00,LONG,-3.007,1.57,280,10,0
AUD_NZD_JPY,2024-11-14T19:00:00,LONG,-5.997,6.38,80,14,0
AUD_NZD_JPY,2024-11-14T19:30:00,LONG,-5.62,5.84,50,14,0
AUD_NZD_JPY,2024-11-15T10:25:00,SHORT,3.605,4.24,10,5,0
AUD_NZD_JPY,2024-11-15T18:40:00,LONG,-3.415,1.36,2960,13,0
AUD_NZD_JPY,2024-11-17T19:00:00,LONG,-47.005,19.48,60,14,0
AUD_NZD_JPY,2024-11-17T19:45:00,LONG,-3.12,8.22,15,14,0
AUD_NZD_JPY,2024-11-18T15:05:00,LONG,-4.14,1.18,210,10,0
AUD_NZD_JPY,2024-11-18T15:20:00,LONG,-4.864,1.47,195,10,0
AUD_NZD_JPY,2024-11-18T16:00:00,LONG,-3.278,1.53,155,11,0
AUD_NZD_JPY,2024-11-18T16:40:00,LONG,-3.048,1.3,115,11,0
AUD_NZD_JPY,2024-11-18T18:50:00,LONG,-3.025,7.91,90,13,0
AUD_NZD_JPY,2024-11-19T15:00:00,LONG,-3.972,1.24,305,10,0
AUD_NZD_JPY,2024-11-19T15:30:00,LONG,-3.897,1.38,275,10,0
AUD_NZD_JPY,2024-11-19T15:40:00,LONG,-4.327,1.59,265,10,0
AUD_NZD_JPY,2024-11-19T16:15:00,LONG,-3.083,1.51,230,11,0
AUD_NZD_JPY,2024-11-19T16:35:00,LONG,-3.413,1.57,210,11,0
AUD_NZD_JPY,2024-11-19T18:55:00,LONG,-3.957,12.86,70,13,0
AUD_NZD_JPY,2024-11-19T19:50:00,LONG,-3.025,4.4,15,14,0
AUD_NZD_JPY,2024-11-20T15:00:00,LONG,-14.353,4.21,290,10,0
AUD_NZD_JPY,2024-11-20T16:35:00,LONG,-3.07,3.17,195,11,0
AUD_NZD_JPY,2024-11-20T16:55:00,LONG,-3.155,3.49,175,11,0
AUD_NZD_JPY,2024-11-20T19:00:00,LONG,-3.077,4.6,50,14,0
AUD_NZD_JPY,2024-11-20T19:15:00,LONG,-3.27,7.02,35,14,0
AUD_NZD_JPY,2024-11-21T15:00:00,LONG,-3.97,1.47,315,10,0
AUD_NZD_JPY,2024-11-21T15:15:00,LONG,-3.295,1.29,300,10,0
AUD_NZD_JPY,2024-11-21T15:30:00,LONG,-3.794,1.54,285,10,0
AUD_NZD_JPY,2024-11-21T15:40:00,LONG,-4.072,1.73,275,10,0
AUD_NZD_JPY,2024-11-21T18:55:00,LONG,-3.727,7.0,80,13,0
AUD_NZD_JPY,2024-11-22T11:40:00,LONG,-3.174,2.7,5,6,0
AUD_NZD_JPY,2024-11-24T19:00:00,LONG,-37.48,14.13,60,14,0
AUD_NZD_JPY,2024-11-25T15:00:00,LONG,-9.379,2.91,305,10,0
AUD_NZD_JPY,2024-11-25T17:50:00,LONG,-4.226,2.71,135,12,0
AUD_NZD_JPY,2024-11-25T18:55:00,LONG,-4.725,15.58,70,13,0
AUD_NZD_JPY,2024-11-26T19:00:00,LONG,-20.33,6.49,105,14,0
AUD_NZD_JPY,2024-11-26T19:35:00,LONG,-3.022,2.45,70,14,0
AUD_NZD_JPY,2024-11-26T19:45:00,LONG,-4.677,3.92,60,14,0
AUD_NZD_JPY,2024-11-26T21:55:00,LONG,-9.96,9.28,5,16,1
AUD_NZD_JPY,2024-11-27T10:25:00,LONG,-4.88,5.47,5,5,0
AUD_NZD_JPY,2024-11-27T15:00:00,LONG,-6.705,4.47,350,10,0
AUD_NZD_JPY,2024-11-27T16:35:00,LONG,-3.195,3.61,255,11,0
AUD_NZD_JPY,2024-11-27T19:00:00,LONG,-7.573,12.05,110,14,0
AUD_NZD_JPY,2024-11-27T19:10:00,LONG,-3.097,5.77,100,14,0
AUD_NZD_JPY,2024-11-28T14:25:00,LONG,-3.91,1.23,15,9,0
AUD_NZD_JPY,2024-11-28T15:00:00,LONG,-5.838,2.54,315,10,0
AUD_NZD_JPY,2024-11-28T15:30:00,LONG,-4.511,1.98,285,10,0
AUD_NZD_JPY,2024-11-28T15:45:00,LONG,-3.613,1.71,270,10,0
AUD_NZD_JPY,2024-11-28T15:55:00,LONG,-3.876,1.89,260,10,0
AUD_NZD_JPY,2024-11-28T16:20:00,LONG,-3.318,2.07,235,11,0
AUD_NZD_JPY,2024-11-28T18:55:00,LONG,-4.038,7.86,80,13,0
AUD_NZD_JPY,2024-11-29T14:00:00,LONG,-4.715,1.39,15,9,0
AUD_NZD_JPY,2024-11-29T14:55:00,LONG,-3.484,1.17,35,9,0
AUD_NZD_JPY,2024-11-29T16:10:00,LONG,-4.038,1.42,45,11,0
AUD_NZD_JPY,2024-11-29T17:45:00,LONG,-3.701,1.65,25,12,0
AUD_NZD_JPY,2024-11-29T18:30:00,SHORT,3.731,1.64,20,13,0
AUD_NZD_JPY,2024-11-29T18:40:00,LONG,-6.667,3.03,10,13,0
AUD_NZD_JPY,2024-12-01T19:00:00,LONG,-9.441,10.59,60,14,0
AUD_NZD_JPY,2024-12-02T11:55:00,LONG,-4.448,8.68,5,6,0
AUD_NZD_JPY,2024-12-02T18:55:00,LONG,-26.899,23.41,40,13,0
AUD_NZD_JPY,2024-12-02T19:15:00,LONG,-4.976,15.92,20,14,0
AUD_NZD_JPY,2024-12-03T15:00:00,LONG,-4.25,1.4,305,10,0
AUD_NZD_JPY,2024-12-03T15:45:00,LONG,-3.59,1.39,260,10,0
AUD_NZD_JPY,2024-12-03T16:00:00,LONG,-3.661,1.49,245,11,0
AUD_NZD_JPY,2024-12-03T16:15:00,LONG,-3.593,1.53,230,11,0
AUD_NZD_JPY,2024-12-03T17:15:00,LONG,-3.013,1.58,170,12,0
AUD_NZD_JPY,2024-12-03T18:55:00,LONG,-5.843,11.73,70,13,0
AUD_NZD_JPY,2024-12-04T11:55:00,SHORT,9.575,7.09,5,6,0
AUD_NZD_JPY,2024-12-04T15:00:00,LONG,-5.531,6.09,340,10,0
AUD_NZD_JPY,2024-12-04T19:00:00,LONG,-3.692,6.09,100,14,0
AUD_NZD_JPY,2024-12-04T19:10:00,LONG,-3.68,6.38,90,14,0
AUD_NZD_JPY,2024-12-05T15:05:00,LONG,-4.257,1.49,310,10,0
AUD_NZD_JPY,2024-12-05T15:50:00,LONG,-3.034,1.2,265,10,0
AUD_NZD_JPY,2024-12-05T16:00:00,LONG,-3.682,1.51,255,11,0
AUD_NZD_JPY,2024-12-05T18:55:00,LONG,-7.427,5.11,80,13,0
AUD_NZD_JPY,2024-12-06T18:50:00,LONG,-5.255,8.58,2955,13,0
AUD_NZD_JPY,2024-12-09T15:00:00,LONG,-3.683,1.09,325,10,0
AUD_NZD_JPY,2024-12-09T15:10:00,LONG,-4.959,1.53,315,10,0
AUD_NZD_JPY,2024-12-09T15:30:00,LONG,-4.138,1.44,295,10,0
AUD_NZD_JPY,2024-12-09T15:50:00,LONG,-4.378,1.67,275,10,0
AUD_NZD_JPY,2024-12-09T16:00:00,LONG,-3.475,1.4,265,11,0
AUD_NZD_JPY,2024-12-09T18:55:00,LONG,-5.179,4.32,90,13,0
AUD_NZD_JPY,2024-12-09T19:20:00,LONG,-5.25,4.14,65,14,0
AUD_NZD_JPY,2024-12-09T19:35:00,LONG,-4.752,4.12,50,14,0
AUD_NZD_JPY,2024-12-10T00:25:00,SHORT,3.974,3.96,15,19,0
AUD_NZD_JPY,2024-12-10T15:00:00,LONG,-4.272,1.63,305,10,0
AUD_NZD_JPY,2024-12-10T15:15:00,LONG,-3.137,1.38,290,10,0
AUD_NZD_JPY,2024-12-10T15:35:00,LONG,-3.473,1.51,270,10,0
AUD_NZD_JPY,2024-12-10T15:45:00,LONG,-3.325,1.51,260,10,0
AUD_NZD_JPY,2024-12-10T16:00:00,LONG,-3.301,1.58,245,11,0
AUD_NZD_JPY,2024-12-10T16:25:00,LONG,-3.081,1.59,220,11,0
AUD_NZD_JPY,2024-12-10T17:55:00,LONG,-3.274,1.88,130,12,0
AUD_NZD_JPY,2024-12-10T18:40:00,LONG,-3.164,1.95,85,13,0
AUD_NZD_JPY,2024-12-10T18:55:00,LONG,-3.812,17.6,70,13,0
AUD_NZD_JPY,2024-12-10T19:25:00,LONG,-3.092,4.53,40,14,0
AUD_NZD_JPY,2024-12-10T19:35:00,LONG,-3.006,4.53,30,14,0
AUD_NZD_JPY,2024-12-11T10:25:00,LONG,-3.271,5.29,5,5,0
AUD_NZD_JPY,2024-12-11T15:00:00,LONG,-6.392,4.06,325,10,0
AUD_NZD_JPY,2024-12-11T16:25:00,LONG,-3.279,3.65,240,11,0
AUD_NZD_JPY,2024-12-11T16:35:00,LONG,-3.131,3.64,230,11,0
AUD_NZD_JPY,2024-12-11T19:00:00,LONG,-6.867,11.07,85,14,0
AUD_NZD_JPY,2024-12-11T21:25:00,SHORT,3.354,6.42,25,16,1
AUD_NZD_JPY,2024-12-12T15:00:00,LONG,-4.805,1.55,305,10,0
AUD_NZD_JPY,2024-12-12T15:10:00,LONG,-5.398,1.84,295,10,0
AUD_NZD_JPY,2024-12-12T15:30:00,LONG,-3.477,1.56,275,10,0
AUD_NZD_JPY,2024-12-12T16:10:00,LONG,-3.452,1.57,235,11,0
AUD_NZD_JPY,2024-12-12T18:55:00,LONG,-4.109,11.32,70,13,0
AUD_NZD_JPY,2024-12-12T19:45:00,LONG,-4.075,6.14,20,14,0
AUD_NZD_JPY,2024-12-13T13:00:00,LONG,-3.06,0.93,5,8,0
AUD_NZD_JPY,2024-12-13T18:45:00,LONG,-3.698,16.0,2955,13,0
AUD_NZD_JPY,2024-12-16T15:00:00,LONG,-3.654,1.09,300,10,0
AUD_NZD_JPY,2024-12-16T15:10:00,LONG,-4.231,1.5,290,10,0
AUD_NZD_JPY,2024-12-16T15:30:00,LONG,-4.224,1.48,270,10,0
AUD_NZD_JPY,2024-12-16T15:55:00,LONG,-3.207,1.29,245,10,0
AUD_NZD_JPY,2024-12-16T16:10:00,LONG,-3.154,1.34,230,11,0
AUD_NZD_JPY,2024-12-16T16:20:00,LONG,-3.127,1.39,220,11,0
AUD_NZD_JPY,2024-12-16T16:30:00,LONG,-3.341,1.53,210,11,0
AUD_NZD_JPY,2024-12-16T17:05:00,LONG,-3.081,1.55,175,12,0
AUD_NZD_JPY,2024-12-16T18:50:00,LONG,-3.139,17.88,70,13,0
AUD_NZD_JPY,2024-12-16T19:10:00,LONG,-3.231,7.45,50,14,0
AUD_NZD_JPY,2024-12-16T19:40:00,LONG,-3.02,5.06,20,14,0
AUD_NZD_JPY,2024-12-17T15:00:00,LONG,-5.75,1.73,195,10,0
AUD_NZD_JPY,2024-12-17T15:10:00,LONG,-4.697,1.52,185,10,0
AUD_NZD_JPY,2024-12-17T15:40:00,LONG,-3.594,1.4,155,10,0
AUD_NZD_JPY,2024-12-17T16:00:00,LONG,-4.401,1.82,135,11,0
AUD_NZD_JPY,2024-12-17T16:10:00,LONG,-3.336,1.48,125,11,0
AUD_NZD_JPY,2024-12-17T17:20:00,LONG,-3.033,1.58,55,12,0
AUD_NZD_JPY,2024-12-17T18:55:00,LONG,-4.389,9.36,75,13,0
AUD_NZD_JPY,2024-12-18T15:00:00,LONG,-13.104,12.37,240,10,0
AUD_NZD_JPY,2024-12-18T18:40:00,LONG,-6.142,10.79,20,13,0
AUD_NZD_JPY,2024-12-18T19:30:00,LONG,-3.614,8.34,20,14,0
AUD_NZD_JPY,2024-12-19T10:25:00,LONG,-3.948,7.22,5,5,0
AUD_NZD_JPY,2024-12-19T19:00:00,LONG,-11.688,9.69,75,14,0
AUD_NZD_JPY,2024-12-20T10:25:00,LONG,-5.646,6.37,5,5,0
AUD_NZD_JPY,2024-12-22T19:05:00,LONG,-12.725,10.26,65,14,0
AUD_NZD_JPY,2024-12-23T15:00:00,LONG,-9.601,4.74,315,10,0
AUD_NZD_JPY,2024-12-23T16:30:00,LONG,-3.146,4.16,225,11,0
AUD_NZD_JPY,2024-12-23T16:40:00,LONG,-3.137,4.33,215,11,0
AUD_NZD_JPY,2024-12-23T18:55:00,LONG,-4.451,8.61,80,13,0
AUD_NZD_JPY,2024-12-23T19:05:00,SHORT,5.195,10.58,70,14,0
AUD_NZD_JPY,2024-12-24T15:45:00,LONG,-6.058,2.42,1650,10,0
AUD_NZD_JPY,2024-12-24T16:00:00,LONG,-9.227,17.78,1635,11,0
AUD_NZD_JPY,2024-12-24T18:20:00,LONG,-4.559,13.73,1495,13,0
AUD_NZD_JPY,2024-12-25T19:30:00,LONG,-3.726,11.97,40,14,0
AUD_NZD_JPY,2024-12-26T15:00:00,LONG,-26.303,11.43,250,10,0
AUD_NZD_JPY,2024-12-26T16:55:00,LONG,-3.019,10.21,135,11,0
AUD_NZD_JPY,2024-12-27T18:50:00,LONG,-3.391,14.85,2955,13,0
AUD_NZD_JPY,2024-12-30T18:55:00,LONG,-6.71,9.39,65,13,0
AUD_NZD_JPY,2024-12-31T18:15:00,SHORT,3.372,1.25,40,13,0
AUD_NZD_JPY,2024-12-31T18:50:00,LONG,-5.077,2.42,5,13,0
USD_CHF_JPY,2023-07-03T19:45:00,LONG,-3.795,1.17,130,14,0
USD_CHF_JPY,2023-07-03T19:55:00,LONG,-10.466,22.06,120,14,0
USD_CHF_JPY,2023-07-04T19:15:00,LONG,-3.288,0.58,120,14,0
USD_CHF_JPY,2023-07-04T19:25:00,LONG,-4.014,0.74,110,14,0
USD_CHF_JPY,2023-07-04T19:35:00,LONG,-4.914,0.94,100,14,0
USD_CHF_JPY,2023-07-04T19:55:00,LONG,-24.437,23.46,80,14,0
USD_CHF_JPY,2023-07-05T19:50:00,LONG,-3.37,14.58,80,14,0
USD_CHF_JPY,2023-07-05T20:45:00,LONG,-3.743,6.71,25,15,0
USD_CHF_JPY,2023-07-06T20:00:00,LONG,-46.783,14.61,60,15,0
USD_CHF_JPY,2023-07-07T11:25:00,LONG,-3.493,8.79,5,6,0
USD_CHF_JPY,2023-07-09T20:00:00,LONG,-29.779,26.57,65,15,0
USD_CHF_JPY,2023-07-10T19:55:00,LONG,-3.101,27.16,65,14,0
USD_CHF_JPY,2023-07-10T20:40:00,LONG,-3.723,10.61,20,15,0
USD_CHF_JPY,2023-07-11T14:45:00,SHORT,3.201,0.62,10,9,0
USD_CHF_JPY,2023-07-11T19:55:00,LONG,-9.71,7.09,70,14,0
USD_CHF_JPY,2023-07-12T11:25:00,LONG,-12.326,14.77,5,6,0
USD_CHF_JPY,2023-07-12T20:00:00,LONG,-19.303,21.6,60,15,0
USD_CHF_JPY,2023-07-12T20:45:00,LONG,-3.204,14.44,15,15,0
USD_CHF_JPY,2023-07-13T20:00:00,LONG,-90.12,28.53,60,15,0
USD_CHF_JPY,2023-07-13T20:50:00,LONG,-4.016,17.32,10,15,0
USD_CHF_JPY,2023-07-14T19:35:00,LONG,-3.186,0.99,2965,14,0
USD_CHF_JPY,2023-07-14T19:45:00,LONG,-3.842,27.41,2955,14,0
USD_CHF_JPY,2023-07-17T19:55:00,LONG,-5.364,18.89,65,14,0
USD_CHF_JPY,2023-07-17T20:50:00,LONG,-3.106,8.29,10,15,0
USD_CHF_JPY,2023-07-18T13:55:00,LONG,-3.141,0.78,5,8,0
USD_CHF_JPY,2023-07-18T19:50:00,LONG,-3.427,9.3,70,14,0
USD_CHF_JPY,2023-07-19T19:55:00,LONG,-14.395,32.04,35,14,0
USD_CHF_JPY,2023-07-20T20:00:00,LONG,-50.521,12.56,60,15,0
USD_CHF_JPY,2023-07-20T20:35:00,LONG,-3.701,6.8,25,15,0
USD_CHF_JPY,2023-07-21T18:25:00,LONG,-3.037,0.53,5,13,0
USD_CHF_JPY,2023-07-21T19:35:00,LONG,-3.98,0.71,2965,14,0
USD_CHF_JPY,2023-07-21T19:50:00,LONG,-3.803,22.48,2950,14,0
USD_CHF_JPY,2023-07-23T20:55:00,LONG,-3.54,10.79,5,15,0
USD_CHF_JPY,2023-07-24T20:00:00,LONG,-20.152,7.25,70,15,0
USD_CHF_JPY,2023-07-25T19:55:00,LONG,-13.369,39.04,65,14,0
USD_CHF_JPY,2023-07-26T16:55:00,LONG,-37.942,7.45,15,11,0
USD_CHF_JPY,2023-07-26T20:00:00,LONG,-25.249,22.55,60,15,0
USD_CHF_JPY,2023-07-27T19:55:00,LONG,-8.516,27.47,65,14,0
USD_CHF_JPY,2023-07-30T20:00:00,LONG,-23.613,21.85,70,15,0
USD_CHF_JPY,2023-07-31T20:00:00,LONG,-42.902,10.48,60,15,0
USD_CHF_JPY,2023-07-31T20:55:00,LONG,-8.92,16.42,5,15,0
USD_CHF_JPY,2023-08-01T20:00:00,LONG,-13.531,13.42,65,15,0
USD_CHF_JPY,2023-08-01T20:45:00,LONG,-3.2,8.68,20,15,0
USD_CHF_JPY,2023-08-02T19:55:00,LONG,-3.054,20.36,65,14,0
USD_CHF_JPY,2023-08-03T19:55:00,LONG,-5.577,19.57,65,14,0
USD_CHF_JPY,2023-08-03T20:50:00,LONG,-3.37,7.89,10,15,0
USD_CHF_JPY,2023-08-06T20:05:00,LONG,-44.458,26.64,60,15,0
USD_CHF_JPY,2023-08-07T19:55:00,SHORT,4.532,10.51,65,14,0
USD_CHF_JPY,2023-08-07T20:50:00,LONG,-4.27,5.33,10,15,0
USD_CHF_JPY,2023-08-08T19:50:00,LONG,-6.605,1.53,80,14,0
USD_CHF_JPY,2023-08-08T20:00:00,LONG,-43.038,10.9,70,15,0
USD_CHF_JPY,2023-08-09T19:45:00,LONG,-3.805,22.29,200,14,0
USD_CHF_JPY,2023-08-10T20:00:00,LONG,-32.418,13.89,60,15,0
USD_CHF_JPY,2023-08-11T19:40:00,LONG,-3.267,0.92,2965,14,0
USD_CHF_JPY,2023-08-11T19:50:00,LONG,-6.608,28.4,2955,14,0
USD_CHF_JPY,2023-08-14T17:40:00,SHORT,3.233,0.61,20,12,0
USD_CHF_JPY,2023-08-14T19:50:00,LONG,-4.366,0.85,70,14,0
USD_CHF_JPY,2023-08-14T20:00:00,LONG,-38.649,8.98,60,15,0
USD_CHF_JPY,2023-08-15T20:00:00,LONG,-19.365,6.05,65,15,0
USD_CHF_JPY,2023-08-16T16:55:00,LONG,-8.438,1.49,15,11,0
USD_CHF_JPY,2023-08-16T20:00:00,LONG,-39.932,13.69,65,15,0
USD_CHF_JPY,2023-08-17T19:55:00,LONG,-3.201,18.08,80,14,0
USD_CHF_JPY,2023-08-17T20:50:00,LONG,-3.215,8.29,25,15,0
USD_CHF_JPY,2023-08-18T19:30:00,SHORT,5.634,1.02,2980,14,0
USD_CHF_JPY,2023-08-18T19:50:00,LONG,-7.505,18.39,2960,14,0
USD_CHF_JPY,2023-08-21T17:45:00,SHORT,3.07,0.63,5,12,0
USD_CHF_JPY,2023-08-21T20:00:00,LONG,-44.163,8.91,70,15,0
USD_CHF_JPY,2023-08-22T20:00:00,LONG,-37.248,11.86,75,15,0
USD_CHF_JPY,2023-08-22T20:30:00,LONG,-3.757,5.27,45,15,0
USD_CHF_JPY,2023-08-22T20:50:00,LONG,-4.793,7.14,25,15,0
USD_CHF_JPY,2023-08-23T20:00:00,LONG,-32.908,20.08,65,15,0
USD_CHF_JPY,2023-08-24T20:00:00,LONG,-28.536,8.26,75,15,0
USD_CHF_JPY,2023-08-24T20:40:00,LONG,-3.429,3.95,35,15,0
USD_CHF_JPY,2023-08-24T20:55:00,LONG,-4.151,5.09,20,15,0
USD_CHF_JPY,2023-08-25T19:40:00,LONG,-3.087,0.71,2960,14,0
USD_CHF_JPY,2023-08-25T19:50:00,LONG,-3.712,39.91,2950,14,0
USD_CHF_JPY,2023-08-27T20:55:00,LONG,-3.112,18.01,5,15,0
USD_CHF_JPY,2023-08-28T19:50:00,LONG,-3.144,0.63,5,14,0
USD_CHF_JPY,2023-08-28T20:00:00,LONG,-16.496,8.62,70,15,0
USD_CHF_JPY,2023-08-28T20:50:00,LONG,-3.649,4.96,20,15,0
USD_CHF_JPY,2023-08-29T12:55:00,LONG,-3.097,3.02,5,7,0
USD_CHF_JPY,2023-08-29T20:00:00,LONG,-53.617,15.48,60,15,0
USD_CHF_JPY,2023-08-30T20:00:00,LONG,-38.622,10.87,65,15,0
USD_CHF_JPY,2023-08-30T20:40:00,LONG,-6.026,8.57,25,15,0
USD_CHF_JPY,2023-08-30T20:50:00,LONG,-3.702,5.81,15,15,0
USD_CHF_JPY,2023-08-31T19:55:00,LONG,-6.532,21.59,70,14,0
USD_CHF_JPY,2023-08-31T20:35:00,LONG,-3.161,7.27,30,15,0
USD_CHF_JPY,2023-08-31T20:45:00,LONG,-3.051,8.33,20,15,0
USD_CHF_JPY,2023-09-01T19:50:00,LONG,-4.377,17.32,2955,14,0
USD_CHF_JPY,2023-09-03T20:50:00,LONG,-3.48,9.79,15,15,0
USD_CHF_JPY,2023-09-04T19:50:00,LONG,-3.217,22.04,70,14,0
USD_CHF_JPY,2023-09-05T19:55:00,LONG,-9.437,11.22,80,14,0
USD_CHF_JPY,2023-09-06T20:00:00,LONG,-48.096,13.63,60,15,0
USD_CHF_JPY,2023-09-07T19:55:00,LONG,-7.899,22.65,70,14,0
USD_CHF_JPY,2023-09-07T20:45:00,LONG,-3.349,8.24,20,15,0
USD_CHF_JPY,2023-09-08T19:45:00,LONG,-3.034,0.7,2955,14,0
USD_CHF_JPY,2023-09-10T20:00:00,LONG,-219.869,54.0,60,15,0
USD_CHF_JPY,2023-09-11T19:55:00,LONG,-10.165,10.29,65,14,0
USD_CHF_JPY,2023-09-12T19:55:00,LONG,-4.877,13.24,85,14,0
USD_CHF_JPY,2023-09-12T20:40:00,LONG,-3.387,5.5,40,15,0
USD_CHF_JPY,2023-09-12T20:50:00,LONG,-3.737,6.32,30,15,0
USD_CHF_JPY,2023-09-13T19:55:00,LONG,-3.835,13.22,40,14,0
USD_CHF_JPY,2023-09-14T20:00:00,LONG,-42.504,17.99,65,15,0
USD_CHF_JPY,2023-09-14T20:55:00,LONG,-3.341,8.02,10,15,0
USD_CHF_JPY,2023-09-15T19:50:00,LONG,-4.469,33.54,2955,14,0
USD_CHF_JPY,2023-09-18T19:55:00,LONG,-3.369,19.17,75,14,0
USD_CHF_JPY,2023-09-18T20:25:00,LONG,-3.477,5.85,45,15,0
USD_CHF_JPY,2023-09-19T19:55:00,LONG,-3.663,9.44,75,14,0
USD_CHF_JPY,2023-09-19T20:55:00,LONG,-6.035,7.32,15,15,0
USD_CHF_JPY,2023-09-20T16:55:00,LONG,-16.229,2.8,10,11,0
USD_CHF_JPY,2023-09-20T20:00:00,LONG,-65.624,17.71,75,15,0
USD_CHF_JPY,2023-09-21T20:00:00,LONG,-51.25,17.4,65,15,0
USD_CHF_JPY,2023-09-22T19:45:00,LONG,-4.624,34.43,2965,14,0
USD_CHF_JPY,2023-09-25T20:00:00,LONG,-29.839,9.9,60,15,0
USD_CHF_JPY,2023-09-26T19:55:00,LONG,-4.757,30.94,65,14,0
USD_CHF_JPY,2023-09-27T20:00:00,LONG,-82.643,19.46,60,15,0
USD_CHF_JPY,2023-09-27T20:50:00,LONG,-3.173,10.24,10,15,0
USD_CHF_JPY,2023-09-28T20:00:00,LONG,-88.365,20.81,40,15,0
USD_CHF_JPY,2023-09-29T19:50:00,LONG,-3.492,41.42,2960,14,0
USD_CHF_JPY,2023-10-01T20:50:00,LONG,-3.041,15.57,20,15,0
USD_CHF_JPY,2023-10-02T20:00:00,LONG,-25.92,11.22,65,15,0
USD_CHF_JPY,2023-10-02T20:45:00,LONG,-5.089,8.5,20,15,0
USD_CHF_JPY,2023-10-02T20:55:00,LONG,-3.202,5.72,10,15,0
USD_CHF_JPY,2023-10-03T19:55:00,LONG,-10.034,30.32,65,14,0
USD_CHF_JPY,2023-10-03T20:40:00,LONG,-3.289,13.64,20,15,0
USD_CHF_JPY,2023-10-04T20:00:00,LONG,-13.986,12.64,65,15,0
USD_CHF_JPY,2023-10-04T20:55:00,LONG,-4.491,8.88,10,15,0
USD_CHF_JPY,2023-10-05T20:00:00,LONG,-24.291,12.58,70,15,0
USD_CHF_JPY,2023-10-05T20:55:00,LONG,-3.162,6.15,15,15,0
USD_CHF_JPY,2023-10-08T20:00:00,LONG,-68.889,25.25,60,15,0
USD_CHF_JPY,2023-10-08T20:20:00,LONG,-3.037,7.73,40,15,0
USD_CHF_JPY,2023-10-08T20:40:00,LONG,-4.432,20.53,20,15,0
USD_CHF_JPY,2023-10-09T19:05:00,SHORT,4.222,0.71,20,14,0
USD_CHF_JPY,2023-10-09T19:55:00,LONG,-3.088,17.4,65,14,0
USD_CHF_JPY,2023-10-09T20:30:00,LONG,-3.098,7.59,30,15,0
USD_CHF_JPY,2023-10-09T20:55:00,LONG,-4.628,11.91,5,15,0
USD_CHF_JPY,2023-10-10T19:55:00,LONG,-15.672,17.58,65,14,0
USD_CHF_JPY,2023-10-11T20:00:00,LONG,-189.708,27.95,60,15,0
USD_CHF_JPY,2023-10-11T20:50:00,LONG,-3.266,11.15,10,15,0
USD_CHF_JPY,2023-10-12T20:00:00,LONG,-15.647,24.85,60,15,0
USD_CHF_JPY,2023-10-13T19:50:00,LONG,-5.123,35.92,2950,14,0
USD_CHF_JPY,2023-10-15T20:55:00,LONG,-4.642,27.02,5,15,0
USD_CHF_JPY,2023-10-16T19:25:00,SHORT,3.544,0.71,95,14,0
USD_CHF_JPY,2023-10-16T19:55:00,LONG,-3.902,14.78,65,14,0
USD_CHF_JPY,2023-10-16T20:35:00,LONG,-3.056,6.92,25,15,0
USD_CHF_JPY,2023-10-16T20:50:00,LONG,-3.284,15.94,10,15,0
USD_CHF_JPY,2023-10-17T19:55:00,LONG,-4.155,28.78,65,14,0
USD_CHF_JPY,2023-10-17T20:55:00,LONG,-3.455,14.49,5,15,0
USD_CHF_JPY,2023-10-18T19:55:00,LONG,-10.196,7.09,85,14,0
USD_CHF_JPY,2023-10-18T20:40:00,LONG,-3.378,3.09,40,15,0
USD_CHF_JPY,2023-10-18T20:55:00,LONG,-5.516,5.27,25,15,0
USD_CHF_JPY,2023-10-19T19:40:00,SHORT,3.045,0.79,85,14,0
USD_CHF_JPY,2023-10-19T19:55:00,LONG,-4.882,10.41,70,14,0
USD_CHF_JPY,2023-10-20T16:35:00,LONG,-3.895,0.85,5,11,0
USD_CHF_JPY,2023-10-22T20:00:00,LONG,-66.284,55.28,65,15,0
USD_CHF_JPY,2023-10-22T20:45:00,LONG,-3.283,20.46,20,15,0
USD_CHF_JPY,2023-10-23T19:55:00,LONG,-3.82,19.79,65,14,0
USD_CHF_JPY,2023-10-23T20:35:00,LONG,-3.302,12.4,25,15,0
USD_CHF_JPY,2023-10-24T20:00:00,LONG,-77.961,25.62,60,15,0
USD_CHF_JPY,2023-10-24T20:50:00,LONG,-3.958,14.17,10,15,0
USD_CHF_JPY,2023-10-25T14:50:00,SHORT,3.815,2.89,25,9,0
USD_CHF_JPY,2023-10-25T20:00:00,LONG,-12.746,8.65,70,15,0
USD_CHF_JPY,2023-10-25T20:40:00,LONG,-4.425,5.66,30,15,0
USD_CHF_JPY,2023-10-25T20:50:00,LONG,-3.594,5.85,20,15,0
USD_CHF_JPY,2023-10-26T11:25:00,LONG,-3.487,5.0,5,6,0
USD_CHF_JPY,2023-10-26T19:55:00,LONG,-3.591,29.63,65,14,0
USD_CHF_JPY,2023-10-27T19:50:00,LONG,-3.382,30.59,2950,14,0
USD_CHF_JPY,2023-10-29T20:45:00,LONG,-3.491,14.32,15,15,0
USD_CHF_JPY,2023-10-30T20:00:00,LONG,-45.0,10.33,60,15,0
USD_CHF_JPY,2023-10-30T20:45:00,LONG,-3.294,7.62,15,15,0
USD_CHF_JPY,2023-10-31T20:00:00,LONG,-212.833,51.64,470,15,0
USD_CHF_JPY,2023-11-01T12:55:00,LONG,-3.141,11.57,5,7,0
USD_CHF_JPY,2023-11-01T16:55:00,LONG,-25.136,24.78,5,11,0
USD_CHF_JPY,2023-11-01T20:00:00,LONG,-12.455,25.05,65,15,0
USD_CHF_JPY,2023-11-01T20:50:00,LONG,-3.08,18.63,15,15,0
USD_CHF_JPY,2023-11-02T20:00:00,LONG,-29.055,14.78,70,15,0
USD_CHF_JPY,2023-11-02T20:45:00,LONG,-3.183,6.6,25,15,0
USD_CHF_JPY,2023-11-05T19:00:00,LONG,-28.799,48.85,60,14,0
USD_CHF_JPY,2023-11-06T18:55:00,LONG,-4.268,12.69,70,13,0
USD_CHF_JPY,2023-11-06T19:50:00,LONG,-8.0,10.27,15,14,0
USD_CHF_JPY,2023-11-07T19:00:00,LONG,-84.482,22.69,45,14,0
USD_CHF_JPY,2023-11-07T19:55:00,LONG,-3.372,9.43,5,14,0
USD_CHF_JPY,2023-11-08T19:00:00,LONG,-41.572,13.43,65,14,0
USD_CHF_JPY,2023-11-09T18:55:00,LONG,-4.793,19.95,65,13,0
USD_CHF_JPY,2023-11-09T19:35:00,LONG,-3.11,10.52,25,14,0
USD_CHF_JPY,2023-11-09T19:50:00,LONG,-4.442,13.06,10,14,0
USD_CHF_JPY,2023-11-10T18:40:00,LONG,-3.243,0.78,2960,13,0
USD_CHF_JPY,2023-11-12T19:00:00,LONG,-136.593,34.04,60,14,0
USD_CHF_JPY,2023-11-12T19:55:00,LONG,-3.044,9.82,5,14,0
USD_CHF_JPY,2023-11-13T17:45:00,SHORT,4.161,1.02,30,12,0
USD_CHF_JPY,2023-11-13T19:00:00,LONG,-68.384,17.13,60,14,0
USD_CHF_JPY,2023-11-13T19:45:00,LONG,-5.277,14.27,15,14,0
USD_CHF_JPY,2023-11-14T19:00:00,LONG,-26.662,20.15,60,14,0
USD_CHF_JPY,2023-11-14T19:45:00,LONG,-5.77,15.85,15,14,0
USD_CHF_JPY,2023-11-15T18:55:00,LONG,-4.944,30.55,65,13,0
USD_CHF_JPY,2023-11-15T19:35:00,LONG,-3.118,11.44,25,14,0
USD_CHF_JPY,2023-11-15T19:50:00,LONG,-4.23,16.16,10,14,0
USD_CHF_JPY,2023-11-16T19:00:00,LONG,-18.352,14.95,60,14,0
USD_CHF_JPY,2023-11-17T18:50:00,LONG,-6.664,19.43,2950,13,0
USD_CHF_JPY,2023-11-20T19:00:00,LONG,-30.307,11.54,60,14,0
USD_CHF_JPY,2023-11-20T19:50:00,LONG,-5.784,10.87,10,14,0
USD_CHF_JPY,2023-11-21T15:55:00,LONG,-6.609,1.42,5,10,0
USD_CHF_JPY,2023-11-21T18:55:00,LONG,-4.01,11.88,655,13,0
USD_CHF_JPY,2023-11-21T19:50:00,LONG,-4.532,7.71,600,14,0
USD_CHF_JPY,2023-11-22T19:00:00,LONG,-28.3,35.77,65,14,0
USD_CHF_JPY,2023-11-23T15:00:00,LONG,-3.122,0.93,10,10,0
USD_CHF_JPY,2023-11-23T15:20:00,LONG,-3.342,1.03,40,10,0
USD_CHF_JPY,2023-11-23T15:35:00,LONG,-3.042,0.99,25,10,0
USD_CHF_JPY,2023-11-23T18:15:00,LONG,-4.039,1.46,25,13,0
USD_CHF_JPY,2023-11-23T18:50:00,LONG,-3.834,17.41,65,13,0
USD_CHF_JPY,2023-11-24T15:15:00,LONG,-44.101,11.68,3150,10,0
USD_CHF_JPY,2023-11-24T16:00:00,LONG,-3.128,15.81,3105,11,0
USD_CHF_JPY,2023-11-24T16:30:00,LONG,-4.707,12.32,3075,11,0
USD_CHF_JPY,2023-11-24T17:15:00,LONG,-3.099,10.42,3030,12,0
USD_CHF_JPY,2023-11-24T17:50:00,LONG,-4.097,13.87,2995,12,0
USD_CHF_JPY,2023-11-24T18:25:00,LONG,-4.466,26.08,2960,13,0
USD_CHF_JPY,2023-11-27T19:00:00,LONG,-6.544,13.51,65,14,0
USD_CHF_JPY,2023-11-27T19:40:00,LONG,-3.563,4.32,25,14,0
USD_CHF_JPY,2023-11-27T19:55:00,LONG,-3.36,4.35,10,14,0
USD_CHF_JPY,2023-11-28T18:50:00,LONG,-3.48,14.78,75,13,0
USD_CHF_JPY,2023-11-29T17:55:00,SHORT,3.208,0.88,15,12,0
USD_CHF_JPY,2023-11-29T19:00:00,LONG,-18.804,12.33,40,14,0
USD_CHF_JPY,2023-11-29T19:50:00,LONG,-3.694,5.38,10,14,0
USD_CHF_JPY,2023-11-30T18:55:00,LONG,-3.233,36.46,65,13,0
USD_CHF_JPY,2023-12-01T18:50:00,LONG,-3.793,54.64,2950,13,0
USD_CHF_JPY,2023-12-03T19:15:00,LONG,-6.747,26.15,45,14,0
USD_CHF_JPY,2023-12-04T19:00:00,LONG,-11.091,8.79,65,14,0
USD_CHF_JPY,2023-12-04T19:30:00,LONG,-6.434,7.35,35,14,0
USD_CHF_JPY,2023-12-04T19:55:00,LONG,-3.785,5.2,10,14,0
USD_CHF_JPY,2023-12-05T19:00:00,LONG,-105.923,26.43,60,14,0
USD_CHF_JPY,2023-12-06T19:00:00,LONG,-16.188,10.6,60,14,0
USD_CHF_JPY,2023-12-06T19:20:00,LONG,-4.243,7.52,40,14,0
USD_CHF_JPY,2023-12-07T10:25:00,LONG,-3.035,4.43,5,5,0
USD_CHF_JPY,2023-12-07T18:55:00,LONG,-6.005,12.23,75,13,0
USD_CHF_JPY,2023-12-07T19:45:00,LONG,-3.314,8.12,25,14,0
USD_CHF_JPY,2023-12-08T10:25:00,LONG,-5.372,10.49,5,5,0
USD_CHF_JPY,2023-12-10T19:00:00,LONG,-15.797,21.47,60,14,0
USD_CHF_JPY,2023-12-11T18:35:00,SHORT,3.192,0.73,10,13,0
USD_CHF_JPY,2023-12-11T18:55:00,LONG,-6.344,13.74,65,13,0
USD_CHF_JPY,2023-12-12T10:25:00,LONG,-4.065,7.21,5,5,0
USD_CHF_JPY,2023-12-12T19:00:00,LONG,-16.988,30.76,60,14,0
USD_CHF_JPY,2023-12-12T19:30:00,LONG,-4.432,11.79,30,14,0
USD_CHF_JPY,2023-12-12T19:40:00,LONG,-4.991,27.1,20,14,0
USD_CHF_JPY,2023-12-13T13:25:00,LONG,-3.47,0.82,10,8,0
USD_CHF_JPY,2023-12-13T15:55:00,LONG,-79.249,18.76,10,10,0
USD_CHF_JPY,2023-12-13T19:00:00,LONG,-11.061,14.86,65,14,0
USD_CHF_JPY,2023-12-13T19:35:00,LONG,-4.911,12.15,30,14,0
USD_CHF_JPY,2023-12-13T19:45:00,LONG,-3.413,9.08,20,14,0
USD_CHF_JPY,2023-12-14T10:25:00,LONG,-4.992,12.83,5,5,0
USD_CHF_JPY,2023-12-14T19:00:00,LONG,-11.062,25.13,65,14,0
USD_CHF_JPY,2023-12-14T19:40:00,LONG,-5.2,16.8,25,14,0
USD_CHF_JPY,2023-12-15T18:50:00,LONG,-5.221,50.22,2960,13,0
USD_CHF_JPY,2023-12-18T18:55:00,LONG,-3.603,24.98,65,13,0
USD_CHF_JPY,2023-12-19T18:55:00,LONG,-4.335,19.14,65,13,0
USD_CHF_JPY,2023-12-20T18:55:00,LONG,-8.006,35.04,65,13,0
USD_CHF_JPY,2023-12-21T19:00:00,LONG,-26.261,12.96,145,14,0
USD_CHF_JPY,2023-12-22T10:25:00,LONG,-6.627,10.84,5,5,0
USD_CHF_JPY,2023-12-22T18:45:00,LONG,-3.098,2.58,4325,13,0
USD_CHF_JPY,2023-12-24T20:30:00,LONG,-61.773,55.34,1340,15,0
USD_CHF_JPY,2023-12-26T19:00:00,LONG,-58.878,13.73,60,14,0
USD_CHF_JPY,2023-12-27T12:55:00,SHORT,11.878,2.74,30,7,0
USD_CHF_JPY,2023-12-27T18:55:00,LONG,-20.552,17.86,65,13,0
USD_CHF_JPY,2023-12-27T19:45:00,LONG,-5.995,15.17,15,14,0
USD_CHF_JPY,2023-12-28T18:55:00,LONG,-38.621,37.52,65,13,0
USD_CHF_JPY,2023-12-29T16:00:00,LONG,-3.234,0.75,85,11,0
USD_CHF_JPY,2023-12-29T18:30:00,LONG,-4.374,23.66,4410,13,0
USD_CHF_JPY,2024-01-01T19:10:00,LONG,-3.136,27.83,50,14,0
USD_CHF_JPY,2024-01-02T18:55:00,LONG,-39.626,34.13,70,13,0
USD_CHF_JPY,2024-01-02T19:50:00,LONG,-4.19,14.54,15,14,0
USD_CHF_JPY,2024-01-03T15:55:00,LONG,-22.838,10.7,10,10,0
USD_CHF_JPY,2024-01-03T19:05:00,LONG,-9.243,8.24,5,14,0
USD_CHF_JPY,2024-01-03T19:15:00,LONG,-5.46,5.87,20,14,0
USD_CHF_JPY,2024-01-03T19:40:00,LONG,-5.262,6.13,20,14,0
USD_CHF_JPY,2024-01-03T19:55:00,LONG,-3.33,4.2,5,14,0
USD_CHF_JPY,2024-01-04T10:10:00,LONG,-3.632,4.43,5,5,0
USD_CHF_JPY,2024-01-04T10:25:00,LONG,-4.76,5.97,10,5,0
USD_CHF_JPY,2024-01-04T19:00:00,LONG,-53.35,32.26,60,14,0
USD_CHF_JPY,2024-01-04T19:45:00,LONG,-3.807,12.93,15,14,0
USD_CHF_JPY,2024-01-05T10:25:00,LONG,-3.725,12.95,5,5,0
USD_CHF_JPY,2024-01-07T19:00:00,LONG,-20.669,32.87,65,14,0
USD_CHF_JPY,2024-01-07T19:45:00,LONG,-6.854,30.44,20,14,0
USD_CHF_JPY,2024-01-08T18:55:00,LONG,-4.494,15.54,65,13,0
USD_CHF_JPY,2024-01-09T18:55:00,LONG,-8.067,8.75,75,13,0
USD_CHF_JPY,2024-01-09T19:35:00,LONG,-3.303,4.98,35,14,0
USD_CHF_JPY,2024-01-10T17:35:00,SHORT,3.352,0.65,5,12,0
USD_CHF_JPY,2024-01-10T18:55:00,LONG,-6.818,5.17,75,13,0
USD_CHF_JPY,2024-01-11T10:25:00,LONG,-17.01,16.39,5,5,0
USD_CHF_JPY,2024-01-11T19:05:00,LONG,-5.444,6.52,60,14,0
USD_CHF_JPY,2024-01-11T19:20:00,LONG,-5.652,9.07,45,14,0
USD_CHF_JPY,2024-01-11T19:35:00,LONG,-4.463,7.01,30,14,0
USD_CHF_JPY,2024-01-12T18:40:00,LONG,-3.314,25.57,2965,13,0
USD_CHF_JPY,2024-01-15T13:50:00,SHORT,3.168,0.65,20,8,0
USD_CHF_JPY,2024-01-15T18:00:00,LONG,-3.857,0.79,20,13,0
USD_CHF_JPY,2024-01-15T18:55:00,LONG,-14.988,7.06,65,13,0
USD_CHF_JPY,2024-01-16T18:55:00,LONG,-3.181,13.0,65,13,0
USD_CHF_JPY,2024-01-16T19:35:00,LONG,-6.674,9.16,25,14,0
USD_CHF_JPY,2024-01-17T19:00:00,LONG,-6.888,6.04,65,14,0
USD_CHF_JPY,2024-01-17T19:25:00,LONG,-10.041,17.05,40,14,0
USD_CHF_JPY,2024-01-18T19:00:00,LONG,-9.009,10.94,65,14,0
USD_CHF_JPY,2024-01-19T11:55:00,LONG,-3.157,4.97,5,6,0
USD_CHF_JPY,2024-01-21T19:00:00,LONG,-36.063,43.08,60,14,0
USD_CHF_JPY,2024-01-22T19:00:00,LONG,-13.52,4.92,60,14,0
USD_CHF_JPY,2024-01-22T19:40:00,LONG,-3.212,3.13,20,14,0
USD_CHF_JPY,2024-01-23T18:00:00,LONG,-3.228,0.56,5,13,0
USD_CHF_JPY,2024-01-23T19:00:00,LONG,-62.669,11.12,60,14,0
USD_CHF_JPY,2024-01-24T19:00:00,LONG,-17.281,4.93,60,14,0
USD_CHF_JPY,2024-01-24T19:50:00,LONG,-3.057,2.76,10,14,0
USD_CHF_JPY,2024-01-25T19:10:00,LONG,-49.897,16.04,50,14,0
USD_CHF_JPY,2024-01-25T19:55:00,LONG,-3.024,5.64,5,14,0
USD_CHF_JPY,2024-01-28T19:00:00,LONG,-57.294,36.65,65,14,0
USD_CHF_JPY,2024-01-29T18:45:00,SHORT,3.069,0.54,75,13,0
USD_CHF_JPY,2024-01-29T19:00:00,LONG,-28.606,27.16,60,14,0
USD_CHF_JPY,2024-01-29T19:40:00,LONG,-4.653,12.23,20,14,0
USD_CHF_JPY,2024-01-30T19:00:00,LONG,-36.127,15.5,65,14,0
USD_CHF_JPY,2024-01-30T19:55:00,LONG,-3.081,5.4,10,14,0
USD_CHF_JPY,2024-01-31T15:55:00,LONG,-95.13,38.84,10,10,0
USD_CHF_JPY,2024-01-31T19:00:00,LONG,-6.813,18.86,60,14,0
USD_CHF_JPY,2024-02-01T19:00:00,LONG,-76.958,19.81,60,14,0
USD_CHF_JPY,2024-02-02T10:25:00,LONG,-3.146,9.38,5,5,0
USD_CHF_JPY,2024-02-04T19:00:00,LONG,-26.909,59.94,60,14,0
USD_CHF_JPY,2024-02-05T18:45:00,LONG,-3.211,0.83,75,13,0
USD_CHF_JPY,2024-02-05T19:00:00,LONG,-6.697,4.87,60,14,0
USD_CHF_JPY,2024-02-06T14:10:00,SHORT,3.589,0.53,5,9,0
USD_CHF_JPY,2024-02-06T18:50:00,LONG,-3.854,13.45,70,13,0
USD_CHF_JPY,2024-02-06T19:35:00,LONG,-5.039,8.91,25,14,0
USD_CHF_JPY,2024-02-07T18:55:00,LONG,-43.064,13.35,70,13,0
USD_CHF_JPY,2024-02-08T19:00:00,LONG,-27.37,16.43,60,14,0
USD_CHF_JPY,2024-02-11T19:00:00,LONG,-89.606,15.72,60,14,0
USD_CHF_JPY,2024-02-12T18:55:00,LONG,-5.583,20.37,65,13,0
USD_CHF_JPY,2024-02-13T10:25:00,LONG,-4.111,13.96,5,5,0
USD_CHF_JPY,2024-02-13T19:00:00,LONG,-14.788,15.78,75,14,0
USD_CHF_JPY,2024-02-14T18:55:00,LONG,-30.43,7.21,65,13,0
USD_CHF_JPY,2024-02-15T19:00:00,LONG,-41.414,16.68,60,14,0
USD_CHF_JPY,2024-02-18T19:00:00,LONG,-103.304,36.55,60,14,0
USD_CHF_JPY,2024-02-19T14:15:00,SHORT,3.433,0.52,20,9,0
USD_CHF_JPY,2024-02-19T16:20:00,LONG,-3.011,0.47,5,11,0
USD_CHF_JPY,2024-02-19T18:55:00,LONG,-37.015,14.86,70,13,0
USD_CHF_JPY,2024-02-19T19:45:00,LONG,-3.747,10.18,20,14,0
USD_CHF_JPY,2024-02-20T19:00:00,LONG,-40.818,16.0,35,14,0
USD_CHF_JPY,2024-02-20T19:40:00,LONG,-6.889,11.0,700,14,0
USD_CHF_JPY,2024-02-21T15:55:00,LONG,-44.273,5.86,10,10,0
USD_CHF_JPY,2024-02-21T19:00:00,LONG,-22.935,11.83,235,14,0
USD_CHF_JPY,2024-02-21T19:50:00,LONG,-3.473,7.69,185,14,0
USD_CHF_JPY,2024-02-22T18:55:00,LONG,-3.759,9.23,195,13,0
USD_CHF_JPY,2024-02-25T19:00:00,LONG,-79.017,23.61,60,14,0
USD_CHF_JPY,2024-02-26T13:50:00,SHORT,3.251,0.58,15,8,0
USD_CHF_JPY,2024-02-26T18:55:00,LONG,-5.712,11.62,65,13,0
USD_CHF_JPY,2024-02-27T18:45:00,LONG,-3.316,0.54,75,13,0
USD_CHF_JPY,2024-02-27T19:00:00,LONG,-176.315,29.75,60,14,0
USD_CHF_JPY,2024-02-28T19:00:00,LONG,-98.741,16.28,60,14,0
USD_CHF_JPY,2024-02-29T18:55:00,LONG,-6.601,4.51,65,13,0
USD_CHF_JPY,2024-03-01T11:55:00,LONG,-7.732,5.18,10,6,0
USD_CHF_JPY,2024-03-03T19:00:00,LONG,-32.088,21.39,70,14,0
USD_CHF_JPY,2024-03-03T19:55:00,LONG,-3.213,7.35,15,14,0
USD_CHF_JPY,2024-03-04T18:15:00,LONG,-3.07,0.54,5,13,0
USD_CHF_JPY,2024-03-04T18:55:00,LONG,-3.495,26.33,65,13,0
USD_CHF_JPY,2024-03-04T19:25:00,LONG,-4.452,12.73,35,14,0
USD_CHF_JPY,2024-03-05T19:00:00,LONG,-25.162,9.58,65,14,0
USD_CHF_JPY,2024-03-06T11:55:00,LONG,-5.823,5.25,5,6,0
USD_CHF_JPY,2024-03-06T19:00:00,LONG,-32.505,14.22,70,14,0
USD_CHF_JPY,2024-03-06T19:20:00,LONG,-4.632,6.35,50,14,0
USD_CHF_JPY,2024-03-07T18:55:00,LONG,-5.435,9.32,85,13,0
USD_CHF_JPY,2024-03-07T19:30:00,LONG,-3.41,3.37,50,14,0
USD_CHF_JPY,2024-03-07T19:55:00,LONG,-3.433,3.65,25,14,0
USD_CHF_JPY,2024-03-08T10:25:00,LONG,-15.003,16.45,5,5,0
USD_CHF_JPY,2024-03-10T20:00:00,LONG,-22.074,34.39,60,15,0
USD_CHF_JPY,2024-03-11T19:55:00,LONG,-29.107,14.88,65,14,0
USD_CHF_JPY,2024-03-12T11:25:00,LONG,-6.198,10.63,5,6,0
USD_CHF_JPY,2024-03-12T19:55:00,LONG,-3.901,6.58,75,14,0
USD_CHF_JPY,2024-03-13T19:45:00,LONG,-3.31,0.78,110,14,0
USD_CHF_JPY,2024-03-13T20:00:00,LONG,-6.081,4.82,95,15,0
USD_CHF_JPY,2024-03-13T20:45:00,LONG,-3.225,2.27,50,15,0
USD_CHF_JPY,2024-03-14T11:25:00,LONG,-6.414,4.84,5,6,0
USD_CHF_JPY,2024-03-14T20:00:00,LONG,-11.254,8.17,60,15,0
USD_CHF_JPY,2024-03-15T18:15:00,SHORT,3.582,0.64,55,13,0
USD_CHF_JPY,2024-03-15T19:50:00,LONG,-7.006,25.44,2965,14,0
USD_CHF_JPY,2024-03-17T20:50:00,LONG,-4.478,16.68,25,15,0
USD_CHF_JPY,2024-03-18T19:55:00,LONG,-5.24,17.73,65,14,0
USD_CHF_JPY,2024-03-19T20:00:00,LONG,-44.706,12.85,85,15,0
USD_CHF_JPY,2024-03-19T20:40:00,LONG,-3.186,6.73,45,15,0
USD_CHF_JPY,2024-03-20T16:55:00,LONG,-101.246,15.46,10,11,0
USD_CHF_JPY,2024-03-20T20:00:00,LONG,-6.047,6.68,60,15,0
USD_CHF_JPY,2024-03-21T07:25:00,LONG,-3.695,5.57,5,2,0
USD_CHF_JPY,2024-03-21T19:55:00,LONG,-4.081,6.57,65,14,0
USD_CHF_JPY,2024-03-22T19:35:00,LONG,-3.124,0.53,2965,14,0
USD_CHF_JPY,2024-03-24T20:00:00,LONG,-144.258,25.01,60,15,0
USD_CHF_JPY,2024-03-25T18:30:00,SHORT,3.018,0.48,5,13,0
USD_CHF_JPY,2024-03-25T19:55:00,LONG,-3.982,9.84,65,14,0
USD_CHF_JPY,2024-03-26T19:45:00,LONG,-4.254,0.69,610,14,0
USD_CHF_JPY,2024-03-26T20:00:00,LONG,-63.722,21.64,595,15,0
USD_CHF_JPY,2024-03-27T19:55:00,LONG,-4.283,5.59,825,14,0
USD_CHF_JPY,2024-03-27T21:15:00,SHORT,3.704,3.27,745,16,1
USD_CHF_JPY,2024-03-27T21:50:00,SHORT,3.549,3.48,710,16,1
USD_CHF_JPY,2024-03-27T22:10:00,SHORT,3.02,3.24,690,17,1
USD_CHF_JPY,2024-03-28T19:55:00,LONG,-4.203,19.17,50,14,0
USD_CHF_JPY,2024-03-28T21:00:00,LONG,-3.861,10.98,60,16,1
USD_CHF_JPY,2024-03-28T21:20:00,LONG,-3.702,11.2,40,16,1
USD_CHF_JPY,2024-03-28T21:30:00,LONG,-5.11,16.28,30,16,1
USD_CHF_JPY,2024-03-29T19:15:00,LONG,-3.744,10.34,3695,14,0
USD_CHF_JPY,2024-03-29T19:25:00,LONG,-4.987,15.63,3685,14,0
USD_CHF_JPY,2024-03-31T20:10:00,LONG,-3.534,18.33,760,15,0
USD_CHF_JPY,2024-04-01T20:00:00,LONG,-49.491,16.58,60,15,0
USD_CHF_JPY,2024-04-01T20:45:00,LONG,-3.786,9.04,15,15,0
USD_CHF_JPY,2024-04-02T20:00:00,LONG,-17.257,7.46,60,15,0
USD_CHF_JPY,2024-04-02T20:45:00,LONG,-3.169,3.16,15,15,0
USD_CHF_JPY,2024-04-03T12:55:00,LONG,-3.256,2.65,5,7,0
USD_CHF_JPY,2024-04-03T20:00:00,LONG,-7.966,4.98,65,15,0
USD_CHF_JPY,2024-04-04T20:00:00,LONG,-28.77,19.46,45,15,0
USD_CHF_JPY,2024-04-04T20:50:00,LONG,-3.97,9.25,15,15,0
USD_CHF_JPY,2024-04-05T11:25:00,LONG,-5.391,11.24,5,6,0
USD_CHF_JPY,2024-04-07T20:00:00,LONG,-37.586,31.96,60,15,0
USD_CHF_JPY,2024-04-07T20:40:00,LONG,-3.95,18.11,20,15,0
USD_CHF_JPY,2024-04-08T20:00:00,LONG,-71.431,11.58,60,15,0
USD_CHF_JPY,2024-04-09T20:00:00,LONG,-93.719,16.39,60,15,0
USD_CHF_JPY,2024-04-10T11:25:00,LONG,-3.419,11.78,5,6,0
USD_CHF_JPY,2024-04-10T16:55:00,LONG,-3.914,3.55,5,11,0
USD_CHF_JPY,2024-04-10T20:00:00,LONG,-10.66,13.44,60,15,0
USD_CHF_JPY,2024-04-10T20:35:00,LONG,-3.445,7.15,25,15,0
USD_CHF_JPY,2024-04-11T11:25:00,LONG,-4.964,10.41,5,6,0
USD_CHF_JPY,2024-04-11T20:00:00,LONG,-18.634,14.84,60,15,0
USD_CHF_JPY,2024-04-12T12:55:00,LONG,-5.737,10.71,5,7,0
USD_CHF_JPY,2024-04-14T20:00:00,LONG,-34.129,27.44,70,15,0
USD_CHF_JPY,2024-04-14T20:45:00,LONG,-6.3,23.07,25,15,0
USD_CHF_JPY,2024-04-15T20:00:00,LONG,-52.013,13.97,60,15,0
USD_CHF_JPY,2024-04-15T20:40:00,LONG,-3.8,9.04,20,15,0
USD_CHF_JPY,2024-04-16T18:05:00,LONG,-3.256,0.52,15,13,0
USD_CHF_JPY,2024-04-16T20:00:00,LONG,-49.859,9.2,60,15,0
USD_CHF_JPY,2024-04-17T19:55:00,LONG,-5.427,8.31,75,14,0
USD_CHF_JPY,2024-04-17T20:40:00,LONG,-3.04,4.13,30,15,0
USD_CHF_JPY,2024-04-18T20:00:00,LONG,-15.912,5.85,60,15,0
USD_CHF_JPY,2024-04-18T20:45:00,LONG,-3.081,2.62,15,15,0
USD_CHF_JPY,2024-04-21T20:00:00,LONG,-46.305,21.51,60,15,0
USD_CHF_JPY,2024-04-22T20:00:00,LONG,-50.876,11.1,65,15,0
USD_CHF_JPY,2024-04-22T20:50:00,LONG,-3.395,6.36,15,15,0
USD_CHF_JPY,2024-04-23T20:00:00,LONG,-22.932,11.45,60,15,0
USD_CHF_JPY,2024-04-23T20:50:00,LONG,-3.869,7.31,10,15,0
USD_CHF_JPY,2024-04-24T20:00:00,LONG,-15.658,7.06,60,15,0
USD_CHF_JPY,2024-04-25T20:00:00,LONG,-16.982,12.8,70,15,0
USD_CHF_JPY,2024-04-28T20:10:00,LONG,-68.48,28.08,60,15,0
USD_CHF_JPY,2024-04-29T19:55:00,LONG,-3.065,22.28,75,14,0
USD_CHF_JPY,2024-04-30T17:50:00,SHORT,3.972,0.91,5,12,0
USD_CHF_JPY,2024-04-30T20:00:00,LONG,-6.66,23.03,30,15,0
USD_CHF_JPY,2024-04-30T21:10:00,SHORT,3.124,7.73,755,16,1
USD_CHF_JPY,2024-05-01T16:55:00,LONG,-20.543,14.38,5,11,0
USD_CHF_JPY,2024-05-01T19:55:00,LONG,-3.98,21.64,125,14,0
USD_CHF_JPY,2024-05-01T20:35:00,LONG,-9.293,31.02,85,15,0
USD_CHF_JPY,2024-05-02T20:00:00,LONG,-19.669,16.0,65,15,0
USD_CHF_JPY,2024-05-03T12:55:00,LONG,-6.26,14.38,5,7,0
USD_CHF_JPY,2024-05-05T20:00:00,LONG,-19.064,27.65,65,15,0
USD_CHF_JPY,2024-05-05T20:55:00,LONG,-3.74,16.75,10,15,0
USD_CHF_JPY,2024-05-06T18:50:00,SHORT,3.161,0.53,5,13,0
USD_CHF_JPY,2024-05-06T19:40:00,SHORT,4.49,0.77,10,14,0
USD_CHF_JPY,2024-05-06T19:55:00,LONG,-4.302,27.79,70,14,0
USD_CHF_JPY,2024-05-07T19:45:00,LONG,-3.045,15.89,355,14,0
USD_CHF_JPY,2024-05-08T19:45:00,LONG,-5.387,0.94,50,14,0
USD_CHF_JPY,2024-05-08T20:00:00,LONG,-26.879,5.3,35,15,0
USD_CHF_JPY,2024-05-08T20:50:00,LONG,-3.9,2.86,800,15,0
USD_CHF_JPY,2024-05-08T21:00:00,SHORT,3.446,4.44,790,16,1
USD_CHF_JPY,2024-05-09T19:55:00,LONG,-6.6,15.29,65,14,0
USD_CHF_JPY,2024-05-12T20:00:00,LONG,-58.257,26.16,60,15,0
USD_CHF_JPY,2024-05-12T20:50:00,LONG,-7.411,27.35,10,15,0
USD_CHF_JPY,2024-05-13T15:55:00,SHORT,3.462,0.53,35,10,0
USD_CHF_JPY,2024-05-13T19:55:00,LONG,-4.108,5.18,70,14,0
USD_CHF_JPY,2024-05-14T19:50:00,LONG,-3.358,0.67,70,14,0
USD_CHF_JPY,2024-05-14T20:00:00,LONG,-66.441,17.03,60,15,0
USD_CHF_JPY,2024-05-15T11:25:00,LONG,-4.258,10.34,5,6,0
USD_CHF_JPY,2024-05-15T20:00:00,LONG,-8.469,13.73,120,15,0
USD_CHF_JPY,2024-05-15T20:55:00,LONG,-3.657,7.93,65,15,0
USD_CHF_JPY,2024-05-16T20:00:00,LONG,-24.834,17.97,60,15,0
USD_CHF_JPY,2024-05-16T20:50:00,LONG,-5.878,16.37,10,15,0
USD_CHF_JPY,2024-05-17T19:45:00,LONG,-3.497,0.5,2950,14,0
USD_CHF_JPY,2024-05-19T20:00:00,LONG,-11.163,7.97,55,15,0
USD_CHF_JPY,2024-05-20T19:25:00,LONG,-4.525,0.75,10,14,0
USD_CHF_JPY,2024-05-20T19:45:00,LONG,-4.069,7.77,85,14,0
USD_CHF_JPY,2024-05-21T19:50:00,LONG,-3.417,0.52,5,14,0
USD_CHF_JPY,2024-05-21T20:00:00,LONG,-18.356,7.03,75,15,0
USD_CHF_JPY,2024-05-22T16:55:00,LONG,-13.663,1.95,5,11,0
USD_CHF_JPY,2024-05-22T20:00:00,LONG,-10.507,10.03,65,15,0
USD_CHF_JPY,2024-05-23T20:00:00,LONG,-16.372,8.23,70,15,0
USD_CHF_JPY,2024-05-23T20:35:00,LONG,-4.105,7.81,35,15,0
USD_CHF_JPY,2024-05-24T19:50:00,LONG,-3.63,29.99,2950,14,0
USD_CHF_JPY,2024-05-26T20:55:00,LONG,-3.221,13.31,5,15,0
USD_CHF_JPY,2024-05-27T15:50:00,LONG,-3.063,0.48,115,10,0
USD_CHF_JPY,2024-05-27T17:15:00,LONG,-4.009,0.68,30,12,0
USD_CHF_JPY,2024-05-27T19:55:00,LONG,-30.058,10.79,75,14,0
USD_CHF_JPY,2024-05-28T19:35:00,SHORT,4.616,0.77,10,14,0
USD_CHF_JPY,2024-05-28T20:00:00,LONG,-52.956,18.13,60,15,0
USD_CHF_JPY,2024-05-28T20:50:00,LONG,-3.273,10.89,10,15,0
USD_CHF_JPY,2024-05-29T19:50:00,LONG,-4.387,9.69,75,14,0
USD_CHF_JPY,2024-05-30T20:00:00,LONG,-18.659,7.41,65,15,0
USD_CHF_JPY,2024-05-30T20:40:00,LONG,-3.191,5.5,25,15,0
USD_CHF_JPY,2024-06-02T20:00:00,LONG,-75.9,26.83,60,15,0
USD_CHF_JPY,2024-06-02T20:55:00,LONG,-4.949,20.66,5,15,0
USD_CHF_JPY,2024-06-03T20:00:00,LONG,-28.788,15.37,60,15,0
USD_CHF_JPY,2024-06-04T19:55:00,LONG,-3.082,21.17,65,14,0
USD_CHF_JPY,2024-06-04T20:35:00,LONG,-3.212,10.25,25,15,0
USD_CHF_JPY,2024-06-05T12:55:00,LONG,-3.573,9.53,5,7,0
USD_CHF_JPY,2024-06-05T20:00:00,LONG,-10.534,9.27,60,15,0
USD_CHF_JPY,2024-06-06T20:00:00,LONG,-23.431,9.74,65,15,0
USD_CHF_JPY,2024-06-06T20:40:00,LONG,-3.601,9.21,25,15,0
USD_CHF_JPY,2024-06-07T11:25:00,LONG,-8.881,12.82,5,6,0
USD_CHF_JPY,2024-06-09T20:00:00,LONG,-7.666,21.89,60,15,0
USD_CHF_JPY,2024-06-10T20:00:00,LONG,-161.194,31.27,60,15,0
USD_CHF_JPY,2024-06-10T20:55:00,LONG,-3.582,11.56,5,15,0
USD_CHF_JPY,2024-06-11T19:55:00,LONG,-3.812,10.52,75,14,0
USD_CHF_JPY,2024-06-11T20:55:00,LONG,-3.183,5.11,15,15,0
USD_CHF_JPY,2024-06-12T11:25:00,LONG,-5.626,9.44,5,6,0
USD_CHF_JPY,2024-06-12T16:55:00,LONG,-22.103,15.75,10,11,0
USD_CHF_JPY,2024-06-12T20:00:00,LONG,-9.692,17.35,60,15,0
USD_CHF_JPY,2024-06-12T20:35:00,LONG,-4.904,11.52,25,15,0
USD_CHF_JPY,2024-06-13T16:35:00,SHORT,4.745,1.17,10,11,0
USD_CHF_JPY,2024-06-13T17:00:00,LONG,-8.977,3.37,1590,12,0
USD_CHF_JPY,2024-06-13T18:00:00,LONG,-6.79,9.11,1530,13,0
USD_CHF_JPY,2024-06-13T20:20:00,LONG,-4.43,17.6,1390,15,0
USD_CHF_JPY,2024-06-13T20:40:00,LONG,-3.262,9.91,1370,15,0
USD_CHF_JPY,2024-06-14T02:20:00,LONG,-3.969,28.89,1030,21,0
USD_CHF_JPY,2024-06-17T19:55:00,LONG,-5.211,7.45,70,14,0
USD_CHF_JPY,2024-06-18T20:00:00,LONG,-22.139,19.71,60,15,0
USD_CHF_JPY,2024-06-18T20:45:00,LONG,-4.219,9.11,15,15,0
USD_CHF_JPY,2024-06-19T18:25:00,LONG,-3.103,0.48,15,13,0
USD_CHF_JPY,2024-06-19T19:25:00,LONG,-3.299,0.54,100,14,0
USD_CHF_JPY,2024-06-19T19:35:00,LONG,-4.854,0.83,90,14,0
USD_CHF_JPY,2024-06-19T19:45:00,LONG,-4.7,18.42,80,14,0
USD_CHF_JPY,2024-06-19T20:50:00,LONG,-3.155,10.01,15,15,0
USD_CHF_JPY,2024-06-20T19:55:00,LONG,-4.396,15.59,70,14,0
USD_CHF_JPY,2024-06-20T20:55:00,LONG,-3.123,6.15,10,15,0
USD_CHF_JPY,2024-06-23T20:00:00,LONG,-44.311,22.01,60,15,0
USD_CHF_JPY,2024-06-24T19:55:00,LONG,-31.945,12.12,65,14,0
USD_CHF_JPY,2024-06-25T19:55:00,LONG,-9.733,11.68,70,14,0
USD_CHF_JPY,2024-06-25T20:40:00,LONG,-3.262,6.71,25,15,0
USD_CHF_JPY,2024-06-26T19:55:00,LONG,-6.609,9.31,75,14,0
USD_CHF_JPY,2024-06-27T19:40:00,SHORT,4.357,1.17,30,14,0
USD_CHF_JPY,2024-06-27T19:55:00,LONG,-6.606,1.86,15,14,0
USD_CHF_JPY,2024-06-27T20:15:00,LONG,-4.384,13.16,50,15,0
USD_CHF_JPY,2024-06-28T11:25:00,LONG,-3.209,3.75,5,6,0
USD_CHF_JPY,2024-06-28T19:50:00,LONG,-5.202,25.8,2950,14,0
USD_CHF_JPY,2024-06-30T20:55:00,LONG,-3.229,11.72,5,15,0
USD_CHF_JPY,2024-07-01T19:55:00,LONG,-5.587,15.47,70,14,0
USD_CHF_JPY,2024-07-01T20:55:00,LONG,-4.322,10.97,10,15,0
USD_CHF_JPY,2024-07-02T20:00:00,LONG,-15.435,11.07,60,15,0
USD_CHF_JPY,2024-07-03T16:55:00,LONG,-10.854,3.52,10,11,0
USD_CHF_JPY,2024-07-03T19:50:00,LONG,-3.387,28.9,70,14,0
USD_CHF_JPY,2024-07-04T18:10:00,LONG,-3.574,0.81,45,13,0
USD_CHF_JPY,2024-07-04T19:55:00,LONG,-10.354,6.69,65,14,0
USD_CHF_JPY,2024-07-05T11:25:00,LONG,-13.195,13.08,5,6,0
USD_CHF_JPY,2024-07-07T20:00:00,LONG,-9.637,9.24,65,15,0
USD_CHF_JPY,2024-07-07T20:20:00,LONG,-10.453,14.59,45,15,0
USD_CHF_JPY,2024-07-08T19:40:00,SHORT,4.343,12.95,80,14,0
USD_CHF_JPY,2024-07-08T20:55:00,LONG,-5.822,9.51,5,15,0
USD_CHF_JPY,2024-07-09T20:00:00,LONG,-26.328,6.07,70,15,0
USD_CHF_JPY,2024-07-10T19:55:00,LONG,-4.324,8.03,70,14,0
USD_CHF_JPY,2024-07-10T20:55:00,LONG,-3.2,3.81,10,15,0
USD_CHF_JPY,2024-07-11T11:25:00,LONG,-6.717,10.15,5,6,0
USD_CHF_JPY,2024-07-11T20:00:00,LONG,-23.009,29.22,60,15,0
USD_CHF_JPY,2024-07-11T20:55:00,LONG,-3.125,11.25,5,15,0
USD_CHF_JPY,2024-07-12T19:50:00,LONG,-4.19,18.72,2965,14,0
USD_CHF_JPY,2024-07-15T19:35:00,LONG,-3.033,0.56,85,14,0
USD_CHF_JPY,2024-07-15T20:00:00,LONG,-35.974,20.72,60,15,0
USD_CHF_JPY,2024-07-15T20:45:00,LONG,-4.49,15.42,15,15,0
USD_CHF_JPY,2024-07-16T20:00:00,LONG,-5.778,10.19,65,15,0
USD_CHF_JPY,2024-07-16T20:55:00,LONG,-4.034,5.98,10,15,0
USD_CHF_JPY,2024-07-17T20:00:00,LONG,-62.702,12.53,65,15,0
USD_CHF_JPY,2024-07-18T20:00:00,LONG,-78.174,28.16,60,15,0
USD_CHF_JPY,2024-07-18T20:50:00,LONG,-3.007,12.51,10,15,0
USD_CHF_JPY,2024-07-19T19:50:00,LONG,-4.652,21.83,2950,14,0
USD_CHF_JPY,2024-07-22T19:45:00,LONG,-5.175,19.4,75,14,0
USD_CHF_JPY,2024-07-22T20:35:00,LONG,-3.978,11.31,25,15,0
USD_CHF_JPY,2024-07-23T19:40:00,LONG,-3.271,0.7,125,14,0
USD_CHF_JPY,2024-07-23T20:00:00,LONG,-8.772,6.54,105,15,0
USD_CHF_JPY,2024-07-24T12:40:00,LONG,-3.09,2.9,5,7,0
USD_CHF_JPY,2024-07-24T20:00:00,LONG,-26.99,15.68,60,15,0
USD_CHF_JPY,2024-07-24T20:40:00,LONG,-5.313,13.04,20,15,0
USD_CHF_JPY,2024-07-25T20:00:00,LONG,-38.719,18.97,60,15,0
USD_CHF_JPY,2024-07-25T20:55:00,LONG,-7.605,18.62,5,15,0
USD_CHF_JPY,2024-07-28T20:00:00,LONG,-24.723,27.22,60,15,0
USD_CHF_JPY,2024-07-29T19:25:00,LONG,-4.131,0.77,185,14,0
USD_CHF_JPY,2024-07-29T19:45:00,LONG,-3.097,0.62,165,14,0
USD_CHF_JPY,2024-07-29T19:55:00,LONG,-4.012,8.36,155,14,0
USD_CHF_JPY,2024-07-29T20:45:00,LONG,-4.239,5.95,105,15,0
USD_CHF_JPY,2024-07-30T12:55:00,LONG,-6.235,5.56,5,7,0
USD_CHF_JPY,2024-07-30T20:00:00,LONG,-26.12,16.8,160,15,0
USD_CHF_JPY,2024-07-31T16:55:00,LONG,-17.919,7.18,5,11,0
USD_CHF_JPY,2024-07-31T20:00:00,LONG,-23.196,14.57,750,15,0
USD_CHF_JPY,2024-08-01T20:00:00,LONG,-19.192,11.37,60,15,0
USD_CHF_JPY,2024-08-01T20:35:00,LONG,-3.895,7.05,25,15,0
USD_CHF_JPY,2024-08-04T20:00:00,LONG,-66.667,37.26,60,15,0
USD_CHF_JPY,2024-08-05T19:55:00,LONG,-93.093,64.72,65,14,0
USD_CHF_JPY,2024-08-05T20:50:00,LONG,-4.165,33.92,10,15,0
USD_CHF_JPY,2024-08-06T20:00:00,LONG,-63.094,31.03,60,15,0
USD_CHF_JPY,2024-08-06T20:50:00,LONG,-6.321,31.81,10,15,0
USD_CHF_JPY,2024-08-07T20:00:00,LONG,-72.056,23.53,60,15,0
USD_CHF_JPY,2024-08-07T20:50:00,LONG,-5.042,19.87,10,15,0
USD_CHF_JPY,2024-08-08T19:55:00,LONG,-3.302,20.22,75,14,0
USD_CHF_JPY,2024-08-08T20:25:00,LONG,-4.904,12.25,45,15,0
USD_CHF_JPY,2024-08-08T20:45:00,LONG,-5.095,13.88,25,15,0
USD_CHF_JPY,2024-08-09T19:05:00,LONG,-3.114,0.73,3000,14,0
USD_CHF_JPY,2024-08-09T19:35:00,LONG,-3.532,0.84,2970,14,0
USD_CHF_JPY,2024-08-11T20:05:00,LONG,-115.493,28.54,60,15,0
USD_CHF_JPY,2024-08-11T20:55:00,LONG,-3.804,18.52,10,15,0
USD_CHF_JPY,2024-08-12T19:10:00,LONG,-3.148,0.59,35,14,0
USD_CHF_JPY,2024-08-12T19:30:00,LONG,-3.346,0.65,15,14,0
USD_CHF_JPY,2024-08-12T19:50:00,LONG,-3.046,24.47,45,14,0
USD_CHF_JPY,2024-08-13T11:25:00,LONG,-3.024,8.87,5,6,0
USD_CHF_JPY,2024-08-13T20:00:00,LONG,-8.85,17.22,80,15,0
USD_CHF_JPY,2024-08-14T11:25:00,LONG,-4.79,9.94,5,6,0
USD_CHF_JPY,2024-08-14T20:00:00,LONG,-17.155,15.2,65,15,0
USD_CHF_JPY,2024-08-15T11:25:00,LONG,-3.536,6.72,5,6,0
USD_CHF_JPY,2024-08-15T20:00:00,LONG,-11.029,11.98,60,15,0
USD_CHF_JPY,2024-08-15T20:55:00,LONG,-3.281,6.57,5,15,0
USD_CHF_JPY,2024-08-16T12:55:00,LONG,-5.534,9.97,5,7,0
USD_CHF_JPY,2024-08-18T20:05:00,LONG,-30.65,38.98,55,15,0
USD_CHF_JPY,2024-08-19T19:25:00,LONG,-3.971,0.65,20,14,0
USD_CHF_JPY,2024-08-19T19:55:00,LONG,-3.545,14.62,70,14,0
USD_CHF_JPY,2024-08-19T20:55:00,LONG,-4.911,10.37,10,15,0
USD_CHF_JPY,2024-08-20T15:00:00,SHORT,3.331,0.72,10,10,0
USD_CHF_JPY,2024-08-20T19:55:00,LONG,-3.968,6.37,85,14,0
USD_CHF_JPY,2024-08-21T16:55:00,LONG,-6.437,1.17,20,11,0
USD_CHF_JPY,2024-08-21T20:00:00,LONG,-91.591,27.19,35,15,0
USD_CHF_JPY,2024-08-22T20:00:00,LONG,-30.699,25.0,60,15,0
USD_CHF_JPY,2024-08-22T20:55:00,LONG,-4.268,15.44,5,15,0
USD_CHF_JPY,2024-08-23T19:50:00,LONG,-3.537,20.15,2965,14,0
USD_CHF_JPY,2024-08-26T19:55:00,LONG,-5.573,29.09,80,14,0
USD_CHF_JPY,2024-08-26T20:55:00,LONG,-5.139,19.21,20,15,0
USD_CHF_JPY,2024-08-27T20:00:00,LONG,-55.421,11.55,20,15,0
USD_CHF_JPY,2024-08-28T19:55:00,LONG,-4.635,23.73,65,14,0
USD_CHF_JPY,2024-08-29T20:00:00,LONG,-64.924,21.09,60,15,0
USD_CHF_JPY,2024-09-01T20:00:00,LONG,-57.662,21.86,60,15,0
USD_CHF_JPY,2024-09-01T20:55:00,LONG,-3.462,13.31,5,15,0
USD_CHF_JPY,2024-09-02T15:50:00,LONG,-4.125,0.75,10,10,0
USD_CHF_JPY,2024-09-02T19:55:00,LONG,-20.486,16.76,70,14,0
USD_CHF_JPY,2024-09-02T20:55:00,LONG,-5.349,14.1,10,15,0
USD_CHF_JPY,2024-09-03T20:00:00,LONG,-9.496,8.56,65,15,0
USD_CHF_JPY,2024-09-03T20:55:00,LONG,-3.52,5.29,10,15,0
USD_CHF_JPY,2024-09-04T12:55:00,LONG,-4.845,6.41,5,7,0
USD_CHF_JPY,2024-09-04T20:00:00,LONG,-17.812,9.16,70,15,0
USD_CHF_JPY,2024-09-04T20:55:00,LONG,-7.502,11.16,15,15,0
USD_CHF_JPY,2024-09-05T11:25:00,LONG,-8.275,13.59,5,6,0
USD_CHF_JPY,2024-09-05T12:55:00,LONG,-5.268,9.0,5,7,0
USD_CHF_JPY,2024-09-05T20:00:00,LONG,-9.562,11.62,65,15,0
USD_CHF_JPY,2024-09-05T20:50:00,LONG,-4.219,9.83,15,15,0
USD_CHF_JPY,2024-09-06T11:25:00,LONG,-3.005,5.46,5,6,0
USD_CHF_JPY,2024-09-08T20:00:00,LONG,-50.897,39.66,70,15,0
USD_CHF_JPY,2024-09-08T20:55:00,LONG,-3.352,19.78,15,15,0
USD_CHF_JPY,2024-09-09T19:35:00,SHORT,3.43,0.63,80,14,0
USD_CHF_JPY,2024-09-09T19:50:00,SHORT,3.913,0.75,65,14,0
USD_CHF_JPY,2024-09-09T20:00:00,LONG,-82.401,16.33,55,15,0
USD_CHF_JPY,2024-09-10T19:50:00,LONG,-4.635,13.36,75,14,0
USD_CHF_JPY,2024-09-11T20:00:00,LONG,-47.961,14.97,60,15,0
USD_CHF_JPY,2024-09-11T20:30:00,LONG,-3.926,4.9,30,15,0
USD_CHF_JPY,2024-09-11T20:45:00,LONG,-3.331,4.5,15,15,0
USD_CHF_JPY,2024-09-12T20:00:00,LONG,-27.331,10.49,80,15,0
USD_CHF_JPY,2024-09-12T20:55:00,LONG,-4.843,7.41,25,15,0
USD_CHF_JPY,2024-09-13T12:55:00,LONG,-3.345,4.59,5,7,0
USD_CHF_JPY,2024-09-15T20:00:00,LONG,-60.013,32.61,65,15,0
USD_CHF_JPY,2024-09-16T20:00:00,LONG,-40.463,8.12,70,15,0
USD_CHF_JPY,2024-09-16T20:55:00,LONG,-3.742,4.23,15,15,0
USD_CHF_JPY,2024-09-17T11:25:00,LONG,-7.883,9.21,5,6,0
USD_CHF_JPY,2024-09-17T20:00:00,LONG,-33.524,23.62,65,15,0
USD_CHF_JPY,2024-09-18T16:55:00,LONG,-53.74,10.03,35,11,0
USD_CHF_JPY,2024-09-18T20:00:00,LONG,-30.461,23.2,60,15,0
USD_CHF_JPY,2024-09-18T20:50:00,LONG,-3.747,12.8,10,15,0
USD_CHF_JPY,2024-09-19T20:00:00,LONG,-31.547,10.16,75,15,0
USD_CHF_JPY,2024-09-22T20:00:00,LONG,-50.744,19.25,70,15,0
USD_CHF_JPY,2024-09-23T20:00:00,LONG,-42.127,19.69,60,15,0
USD_CHF_JPY,2024-09-23T20:55:00,LONG,-3.544,11.98,5,15,0
USD_CHF_JPY,2024-09-24T20:00:00,LONG,-50.391,15.57,65,15,0
USD_CHF_JPY,2024-09-25T20:00:00,LONG,-113.361,24.51,60,15,0
USD_CHF_JPY,2024-09-26T06:25:00,LONG,-3.056,7.94,5,1,0
USD_CHF_JPY,2024-09-26T11:25:00,LONG,-5.06,13.38,5,6,0
USD_CHF_JPY,2024-09-26T20:00:00,LONG,-3.155,10.4,60,15,0
USD_CHF_JPY,2024-09-26T20:45:00,LONG,-5.135,9.54,15,15,0
USD_CHF_JPY,2024-09-29T20:00:00,LONG,-21.681,24.25,65,15,0
USD_CHF_JPY,2024-09-30T17:15:00,LONG,-3.703,0.77,10,12,0
USD_CHF_JPY,2024-09-30T19:55:00,LONG,-6.111,11.78,75,14,0
USD_CHF_JPY,2024-09-30T20:20:00,LONG,-3.541,6.76,50,15,0
USD_CHF_JPY,2024-10-01T12:55:00,LONG,-12.664,14.45,5,7,0
USD_CHF_JPY,2024-10-01T20:00:00,LONG,-34.808,38.06,65,15,0
USD_CHF_JPY,2024-10-02T19:55:00,LONG,-4.355,15.3,70,14,0
USD_CHF_JPY,2024-10-02T20:50:00,LONG,-3.219,15.96,15,15,0
USD_CHF_JPY,2024-10-03T19:55:00,LONG,-13.044,21.58,65,14,0
USD_CHF_JPY,2024-10-03T20:40:00,LONG,-3.444,10.04,20,15,0
USD_CHF_JPY,2024-10-03T20:55:00,LONG,-5.496,17.16,5,15,0
USD_CHF_JPY,2024-10-06T20:00:00,LONG,-94.297,66.04,60,15,0
USD_CHF_JPY,2024-10-07T19:50:00,LONG,-3.219,21.82,75,14,0
USD_CHF_JPY,2024-10-07T20:35:00,LONG,-3.36,8.04,30,15,0
USD_CHF_JPY,2024-10-08T19:25:00,LONG,-3.03,0.6,100,14,0
USD_CHF_JPY,2024-10-08T19:40:00,LONG,-3.268,27.67,85,14,0
USD_CHF_JPY,2024-10-09T16:55:00,LONG,-10.298,2.2,20,11,0
USD_CHF_JPY,2024-10-09T19:55:00,LONG,-37.207,14.24,65,14,0
USD_CHF_JPY,2024-10-10T11:25:00,LONG,-5.494,12.47,5,6,0
USD_CHF_JPY,2024-10-10T19:55:00,LONG,-27.44,26.03,65,14,0
USD_CHF_JPY,2024-10-13T20:05:00,LONG,-53.361,17.41,75,15,0
USD_CHF_JPY,2024-10-14T19:50:00,LONG,-3.014,9.89,85,14,0
USD_CHF_JPY,2024-10-15T19:50:00,LONG,-3.598,19.68,70,14,0
USD_CHF_JPY,2024-10-16T19:10:00,LONG,-3.02,0.61,20,14,0
USD_CHF_JPY,2024-10-16T19:55:00,LONG,-3.396,17.95,70,14,0
USD_CHF_JPY,2024-10-16T20:25:00,LONG,-5.228,10.09,40,15,0
USD_CHF_JPY,2024-10-16T20:50:00,LONG,-4.038,10.22,15,15,0
USD_CHF_JPY,2024-10-17T20:00:00,LONG,-28.384,13.06,80,15,0
USD_CHF_JPY,2024-10-17T20:15:00,LONG,-6.596,7.6,65,15,0
USD_CHF_JPY,2024-10-18T19:05:00,LONG,-3.696,0.78,25,14,0
USD_CHF_JPY,2024-10-18T19:35:00,LONG,-3.298,0.73,2965,14,0
USD_CHF_JPY,2024-10-18T19:45:00,LONG,-3.352,40.6,2955,14,0
USD_CHF_JPY,2024-10-21T19:55:00,LONG,-5.842,7.26,65,14,0
USD_CHF_JPY,2024-10-21T20:50:00,LONG,-3.668,3.56,10,15,0
USD_CHF_JPY,2024-10-22T19:55:00,LONG,-4.846,14.08,65,14,0
USD_CHF_JPY,2024-10-22T20:45:00,LONG,-3.038,3.91,15,15,0
USD_CHF_JPY,2024-10-23T19:55:00,LONG,-12.459,23.26,65,14,0
USD_CHF_JPY,2024-10-24T19:55:00,LONG,-16.839,17.42,65,14,0
USD_CHF_JPY,2024-10-25T14:50:00,LONG,-3.919,0.52,10,9,0
USD_CHF_JPY,2024-10-27T20:00:00,LONG,-107.362,16.82,60,15,0
USD_CHF_JPY,2024-10-28T18:00:00,LONG,-3.255,0.45,25,13,0
USD_CHF_JPY,2024-10-28T18:10:00,LONG,-4.382,0.62,15,13,0
USD_CHF_JPY,2024-10-28T19:55:00,LONG,-72.293,12.35,65,14,0
USD_CHF_JPY,2024-10-28T20:55:00,LONG,-3.022,4.63,5,15,0
USD_CHF_JPY,2024-10-29T19:55:00,LONG,-55.245,13.18,65,14,0
USD_CHF_JPY,2024-10-30T19:55:00,LONG,-5.858,2.7,680,14,0
USD_CHF_JPY,2024-10-31T19:55:00,LONG,-43.773,10.29,65,14,0
USD_CHF_JPY,2024-10-31T20:45:00,LONG,-4.497,5.88,15,15,0
USD_CHF_JPY,2024-10-31T20:55:00,LONG,-3.008,4.13,5,15,0
USD_CHF_JPY,2024-11-03T19:00:00,LONG,-47.836,13.46,60,14,0
USD_CHF_JPY,2024-11-04T18:50:00,LONG,-3.726,19.45,70,13,0
USD_CHF_JPY,2024-11-05T18:55:00,LONG,-15.847,6.03,65,13,0
USD_CHF_JPY,2024-11-05T19:30:00,LONG,-9.356,14.92,30,14,0
USD_CHF_JPY,2024-11-06T18:55:00,LONG,-55.203,12.24,65,13,0
USD_CHF_JPY,2024-11-07T15:55:00,LONG,-42.517,8.66,5,10,0
USD_CHF_JPY,2024-11-07T18:55:00,LONG,-12.541,20.59,65,13,0
USD_CHF_JPY,2024-11-08T18:40:00,LONG,-4.133,0.4,2960,13,0
USD_CHF_JPY,2024-11-08T18:50:00,LONG,-5.996,19.59,2950,13,0
USD_CHF_JPY,2024-11-11T18:50:00,LONG,-3.125,13.11,70,13,0
USD_CHF_JPY,2024-11-12T18:50:00,LONG,-3.628,21.28,70,13,0
USD_CHF_JPY,2024-11-13T18:55:00,LONG,-23.839,20.71,65,13,0
USD_CHF_JPY,2024-11-13T19:35:00,LONG,-3.407,9.75,25,14,0
USD_CHF_JPY,2024-11-14T18:55:00,LONG,-37.21,18.47,65,13,0
USD_CHF_JPY,2024-11-17T19:00:00,LONG,-73.52,25.15,60,14,0
USD_CHF_JPY,2024-11-18T18:40:00,LONG,-3.811,0.45,80,13,0
USD_CHF_JPY,2024-11-18T18:50:00,LONG,-3.73,23.86,70,13,0
USD_CHF_JPY,2024-11-18T19:20:00,LONG,-3.638,8.53,40,14,0
USD_CHF_JPY,2024-11-19T18:55:00,LONG,-93.022,27.42,65,13,0
USD_CHF_JPY,2024-11-20T13:05:00,LONG,-3.705,0.43,5,8,0
USD_CHF_JPY,2024-11-20T18:55:00,LONG,-39.523,10.98,65,13,0
USD_CHF_JPY,2024-11-20T19:55:00,LONG,-4.523,5.33,5,14,0
USD_CHF_JPY,2024-11-21T13:15:00,LONG,-3.256,0.42,15,8,0
USD_CHF_JPY,2024-11-21T18:50:00,LONG,-3.422,8.5,70,13,0
USD_CHF_JPY,2024-11-21T19:55:00,LONG,-3.254,3.1,5,14,0
USD_CHF_JPY,2024-11-24T19:00:00,LONG,-131.944,19.5,60,14,0
USD_CHF_JPY,2024-11-25T18:55:00,LONG,-106.704,21.88,65,13,0
USD_CHF_JPY,2024-11-26T18:55:00,LONG,-60.578,10.98,65,13,0
USD_CHF_JPY,2024-11-26T19:55:00,LONG,-3.429,4.56,5,14,0
USD_CHF_JPY,2024-11-27T18:55:00,LONG,-30.474,23.02,65,13,0
USD_CHF_JPY,2024-11-27T19:50:00,LONG,-4.874,17.24,10,14,0
USD_CHF_JPY,2024-11-28T14:45:00,LONG,-3.446,0.45,15,9,0
USD_CHF_JPY,2024-11-28T18:00:00,LONG,-3.074,0.43,20,13,0
USD_CHF_JPY,2024-11-28T18:25:00,LONG,-3.589,0.52,95,13,0
USD_CHF_JPY,2024-11-28T18:50:00,LONG,-3.924,14.39,70,13,0
USD_CHF_JPY,2024-11-28T19:40:00,LONG,-3.806,5.85,20,14,0
USD_CHF_JPY,2024-11-29T14:00:00,LONG,-3.174,0.4,35,9,0
USD_CHF_JPY,2024-11-29T15:10:00,LONG,-3.098,0.42,5,10,0
USD_CHF_JPY,2024-11-29T16:40:00,LONG,-3.703,0.53,3080,11,0
USD_CHF_JPY,2024-11-29T18:00:00,LONG,-3.056,0.48,3000,13,0
USD_CHF_JPY,2024-11-29T18:45:00,LONG,-4.758,0.82,2955,13,0
USD_CHF_JPY,2024-12-01T19:00:00,LONG,-121.934,22.27,60,14,0
USD_CHF_JPY,2024-12-02T18:50:00,LONG,-3.78,23.52,70,13,0
USD_CHF_JPY,2024-12-03T18:55:00,LONG,-4.583,5.14,65,13,0
USD_CHF_JPY,2024-12-04T18:55:00,LONG,-3.986,18.9,65,13,0
USD_CHF_JPY,2024-12-04T19:35:00,LONG,-3.056,7.21,25,14,0
USD_CHF_JPY,2024-12-04T19:45:00,LONG,-3.085,7.59,15,14,0
USD_CHF_JPY,2024-12-05T18:50:00,LONG,-3.629,23.32,70,13,0
USD_CHF_JPY,2024-12-08T19:00:00,LONG,-54.247,18.35,60,14,0
USD_CHF_JPY,2024-12-09T19:00:00,LONG,-121.504,16.3,60,14,0
USD_CHF_JPY,2024-12-09T19:55:00,LONG,-3.503,6.88,5,14,0
USD_CHF_JPY,2024-12-10T18:55:00,LONG,-117.661,15.9,65,13,0
USD_CHF_JPY,2024-12-11T10:25:00,LONG,-4.131,8.15,5,5,0
USD_CHF_JPY,2024-12-11T18:55:00,LONG,-18.385,20.86,65,13,0
USD_CHF_JPY,2024-12-12T05:25:00,LONG,-4.688,10.43,5,0,0
USD_CHF_JPY,2024-12-12T18:55:00,LONG,-13.432,15.29,70,13,0
USD_CHF_JPY,2024-12-12T19:55:00,LONG,-3.088,5.83,10,14,0
USD_CHF_JPY,2024-12-13T16:55:00,SHORT,3.053,0.41,10,11,0
USD_CHF_JPY,2024-12-13T18:45:00,LONG,-3.59,26.5,2955,13,0
USD_CHF_JPY,2024-12-15T19:55:00,LONG,-6.059,24.5,5,14,0
USD_CHF_JPY,2024-12-16T18:55:00,LONG,-39.268,13.21,65,13,0
USD_CHF_JPY,2024-12-17T18:55:00,LONG,-20.476,18.71,65,13,0
USD_CHF_JPY,2024-12-17T19:50:00,LONG,-3.326,5.74,10,14,0
USD_CHF_JPY,2024-12-18T12:50:00,LONG,-3.926,0.49,10,7,0
USD_CHF_JPY,2024-12-18T18:50:00,LONG,-3.627,13.62,70,13,0
USD_CHF_JPY,2024-12-18T19:55:00,LONG,-3.275,6.68,5,14,0
USD_CHF_JPY,2024-12-19T18:55:00,LONG,-49.214,20.85,45,13,0
USD_CHF_JPY,2024-12-20T18:40:00,LONG,-4.089,0.55,2960,13,0
USD_CHF_JPY,2024-12-20T18:50:00,LONG,-4.239,23.17,2950,13,0
USD_CHF_JPY,2024-12-22T19:55:00,LONG,-3.331,13.82,5,14,0
USD_CHF_JPY,2024-12-23T18:05:00,LONG,-3.009,0.41,545,13,0
USD_CHF_JPY,2024-12-23T18:55:00,LONG,-14.805,14.82,495,13,0
USD_CHF_JPY,2024-12-23T19:50:00,LONG,-3.726,13.19,440,14,0
USD_CHF_JPY,2024-12-24T15:45:00,LONG,-15.16,15.34,1695,10,0
USD_CHF_JPY,2024-12-24T17:00:00,LONG,-5.238,13.59,1620,12,0
USD_CHF_JPY,2024-12-24T17:20:00,LONG,-4.28,14.35,1600,12,0
USD_CHF_JPY,2024-12-24T17:40:00,LONG,-3.098,11.71,1580,12,0
USD_CHF_JPY,2024-12-24T18:00:00,LONG,-3.069,11.44,1560,13,0
USD_CHF_JPY,2024-12-24T18:40:00,LONG,-3.445,19.28,1520,13,0
USD_CHF_JPY,2024-12-26T18:45:00,LONG,-3.783,8.05,840,13,0
USD_CHF_JPY,2024-12-27T18:40:00,LONG,-4.12,0.75,3160,13,0
USD_CHF_JPY,2024-12-27T18:50:00,LONG,-4.618,24.3,3150,13,0
USD_CHF_JPY,2024-12-30T18:55:00,LONG,-7.467,18.73,315,13,0
USD_CHF_JPY,2024-12-31T18:45:00,LONG,-5.953,2.77,10,13,0
AUD_CAD_JPY,2022-09-13T20:00:00,SHORT,4.8,1.17,60,15,0
AUD_CAD_JPY,2022-09-13T20:35:00,LONG,-6.841,1.76,25,15,0
AUD_CAD_JPY,2022-09-13T20:45:00,LONG,-6.094,3.71,15,15,0
AUD_CAD_JPY,2022-09-14T20:00:00,LONG,-8.517,2.15,35,15,0
AUD_CAD_JPY,2022-09-14T20:45:00,SHORT,8.6,3.09,130,15,0
AUD_CAD_JPY,2022-09-14T21:20:00,LONG,-3.092,1.34,95,16,1
AUD_CAD_JPY,2022-09-15T20:30:00,LONG,-6.992,1.97,30,15,0
AUD_CAD_JPY,2022-09-15T20:50:00,SHORT,3.65,1.44,10,15,0
AUD_CAD_JPY,2022-09-15T22:00:00,LONG,-3.022,1.18,45,17,1
AUD_CAD_JPY,2022-09-16T18:55:00,SHORT,3.005,0.8,15,13,0
AUD_CAD_JPY,2022-09-18T20:30:00,SHORT,6.704,5.06,30,15,0
AUD_CAD_JPY,2022-09-20T20:00:00,LONG,-5.66,3.41,10655,15,0
AUD_CAD_JPY,2022-09-25T20:00:00,LONG,-9.361,24.64,3455,15,0
AUD_CAD_JPY,2022-09-28T19:25:00,LONG,-4.254,1.08,765,14,0
AUD_CAD_JPY,2022-09-28T20:35:00,LONG,-5.24,7.68,695,15,0
AUD_CAD_JPY,2022-09-29T20:00:00,SHORT,3.922,5.82,80,15,0
AUD_CAD_JPY,2022-09-29T20:45:00,LONG,-5.232,3.75,35,15,0
AUD_CAD_JPY,2022-09-30T11:25:00,LONG,-6.364,4.26,5,6,0
AUD_CAD_JPY,2022-10-02T20:00:00,LONG,-7.644,20.52,60,15,0
AUD_CAD_JPY,2022-10-03T20:00:00,LONG,-26.397,6.6,35,15,0
AUD_CAD_JPY,2022-10-03T20:45:00,LONG,-5.964,3.16,15,15,0
AUD_CAD_JPY,2022-10-03T20:55:00,LONG,-6.335,3.64,5,15,0
AUD_CAD_JPY,2022-10-04T20:00:00,LONG,-7.113,1.86,135,15,0
AUD_CAD_JPY,2022-10-04T20:35:00,LONG,-10.713,10.17,100,15,0
AUD_CAD_JPY,2022-10-05T20:40:00,LONG,-6.788,3.12,30,15,0
AUD_CAD_JPY,2022-10-06T20:40:00,LONG,-13.251,3.8,35,15,0
AUD_CAD_JPY,2022-10-06T20:50:00,LONG,-6.264,2.46,25,15,0
AUD_CAD_JPY,2022-10-07T11:25:00,LONG,-31.698,13.48,10,6,0
AUD_CAD_JPY,2022-10-09T20:30:00,LONG,-9.022,12.2,30,15,0
AUD_CAD_JPY,2022-10-10T19:55:00,LONG,-22.846,5.36,75,14,0
AUD_CAD_JPY,2022-10-11T14:45:00,LONG,-3.03,0.76,15,9,0
AUD_CAD_JPY,2022-10-11T15:55:00,LONG,-3.033,0.81,90,10,0
AUD_CAD_JPY,2022-10-11T16:35:00,LONG,-3.126,0.88,50,11,0
AUD_CAD_JPY,2022-10-11T20:00:00,LONG,-8.196,2.74,20,15,0
AUD_CAD_JPY,2022-10-11T20:10:00,LONG,-6.875,2.69,10,15,0
AUD_CAD_JPY,2022-10-11T20:25:00,LONG,-11.748,5.48,55,15,0
AUD_CAD_JPY,2022-10-11T20:55:00,LONG,-4.107,2.51,25,15,0
AUD_CAD_JPY,2022-10-12T16:55:00,LONG,-54.091,10.93,10,11,0
AUD_CAD_JPY,2022-10-12T19:55:00,LONG,-6.674,5.97,55,14,0
AUD_CAD_JPY,2022-10-13T11:25:00,LONG,-17.928,13.19,5,6,0
AUD_CAD_JPY,2022-10-13T19:55:00,LONG,-4.336,6.37,70,14,0
AUD_CAD_JPY,2022-10-14T19:50:00,SHORT,3.364,6.59,2940,14,0
AUD_CAD_JPY,2022-10-16T20:35:00,LONG,-3.668,3.17,15,15,0
AUD_CAD_JPY,2022-10-16T20:45:00,LONG,-3.923,3.52,5,15,0
AUD_CAD_JPY,2022-10-16T20:55:00,LONG,-3.702,3.45,15,15,0
AUD_CAD_JPY,2022-10-17T20:00:00,LONG,-4.853,1.17,65,15,0
AUD_CAD_JPY,2022-10-17T20:10:00,LONG,-5.511,2.67,55,15,0
AUD_CAD_JPY,2022-10-17T20:25:00,SHORT,5.829,11.3,40,15,0
AUD_CAD_JPY,2022-10-18T19:50:00,SHORT,3.172,11.14,30,14,0
AUD_CAD_JPY,2022-10-19T11:25:00,LONG,-3.398,5.46,5,6,0
AUD_CAD_JPY,2022-10-19T19:55:00,LONG,-10.311,4.84,30,14,0
AUD_CAD_JPY,2022-10-19T20:10:00,LONG,-8.652,7.01,15,15,0
AUD_CAD_JPY,2022-10-20T19:50:00,LONG,-3.097,2.3,75,14,0
AUD_CAD_JPY,2022-10-20T20:25:00,LONG,-6.952,2.43,40,15,0
AUD_CAD_JPY,2022-10-20T20:35:00,LONG,-18.524,7.19,30,15,0
AUD_CAD_JPY,2022-10-21T14:00:00,LONG,-4.48,1.32,55,9,0
AUD_CAD_JPY,2022-10-21T14:10:00,LONG,-6.346,1.92,45,9,0
AUD_CAD_JPY,2022-10-21T14:45:00,LONG,-3.306,1.13,10,9,0
AUD_CAD_JPY,2022-10-21T15:20:00,SHORT,3.449,4.55,60,10,0
AUD_CAD_JPY,2022-10-21T17:05:00,SHORT,3.145,1.73,30,12,0
AUD_CAD_JPY,2022-10-21T17:55:00,LONG,-3.313,1.92,30,12,0
AUD_CAD_JPY,2022-10-23T20:10:00,LONG,-42.017,26.96,40,15,0
AUD_CAD_JPY,2022-10-23T20:30:00,LONG,-3.382,6.88,20,15,0
AUD_CAD_JPY,2022-10-23T20:40:00,LONG,-4.201,8.84,10,15,0
AUD_CAD_JPY,2022-10-24T19:55:00,LONG,-3.31,5.22,70,14,0
AUD_CAD_JPY,2022-10-24T20:35:00,LONG,-4.394,6.51,30,15,0
AUD_CAD_JPY,2022-10-25T20:00:00,LONG,-8.655,7.55,30,15,0
AUD_CAD_JPY,2022-10-25T20:50:00,SHORT,5.635,4.04,25,15,0
AUD_CAD_JPY,2022-10-26T19:55:00,LONG,-14.618,45.3,15,14,0
AUD_CAD_JPY,2022-10-26T20:55:00,LONG,-4.087,13.58,20,15,0
AUD_CAD_JPY,2022-10-27T20:00:00,LONG,-4.985,2.52,155,15,0
AUD_CAD_JPY,2022-10-27T20:25:00,SHORT,3.326,1.92,130,15,0
AUD_CAD_JPY,2022-10-27T20:45:00,LONG,-3.644,2.19,110,15,0
AUD_CAD_JPY,2022-10-27T20:55:00,LONG,-4.785,3.0,100,15,0
AUD_CAD_JPY,2022-10-28T19:50:00,LONG,-4.228,32.0,2955,14,0
AUD_CAD_JPY,2022-10-31T20:00:00,SHORT,24.6,8.03,60,15,0
AUD_CAD_JPY,2022-10-31T20:40:00,LONG,-4.189,3.87,20,15,0
AUD_CAD_JPY,2022-10-31T20:50:00,LONG,-4.589,4.48,10,15,0
AUD_CAD_JPY,2022-11-01T20:00:00,LONG,-32.861,7.96,175,15,0
AUD_CAD_JPY,2022-11-01T20:20:00,LONG,-4.435,4.14,155,15,0
AUD_CAD_JPY,2022-11-01T21:05:00,LONG,-3.882,3.19,110,16,1
AUD_CAD_JPY,2022-11-02T16:55:00,LONG,-68.592,21.84,10,11,0
AUD_CAD_JPY,2022-11-03T19:55:00,LONG,-3.442,7.06,70,14,0
AUD_CAD_JPY,2022-11-03T20:25:00,LONG,-3.589,5.3,40,15,0
AUD_CAD_JPY,2022-11-03T20:55:00,LONG,-6.56,6.81,10,15,0
AUD_CAD_JPY,2022-11-04T11:25:00,LONG,-31.519,35.81,5,6,0
AUD_CAD_JPY,2022-11-06T19:00:00,LONG,-9.489,28.44,60,14,0
AUD_CAD_JPY,2022-11-07T19:55:00,LONG,-15.007,4.4,90,14,0
AUD_CAD_JPY,2022-11-07T20:20:00,LONG,-3.08,2.81,65,15,0
AUD_CAD_JPY,2022-11-07T20:50:00,LONG,-4.42,3.02,35,15,0
AUD_CAD_JPY,2022-11-08T19:55:00,LONG,-4.385,14.64,35,14,0
AUD_CAD_JPY,2022-11-08T20:55:00,LONG,-10.124,16.37,10,15,0
AUD_CAD_JPY,2022-11-09T19:55:00,SHORT,3.501,4.83,35,14,0
AUD_CAD_JPY,2022-11-09T20:45:00,SHORT,4.134,2.81,15,15,0
AUD_CAD_JPY,2022-11-10T11:25:00,LONG,-9.502,6.97,5,6,0
AUD_CAD_JPY,2022-11-10T19:55:00,LONG,-23.668,13.81,20,14,0
AUD_CAD_JPY,2022-11-10T20:50:00,LONG,-8.894,15.91,10,15,0
AUD_CAD_JPY,2022-11-11T14:35:00,LONG,-3.025,0.97,15,9,0
AUD_CAD_JPY,2022-11-13T19:00:00,LONG,-42.548,15.24,65,14,0
AUD_CAD_JPY,2022-11-13T19:20:00,LONG,-3.137,5.7,45,14,0
AUD_CAD_JPY,2022-11-13T19:30:00,LONG,-4.621,15.38,35,14,0
AUD_CAD_JPY,2022-11-13T20:00:00,LONG,-5.87,14.61,5,15,0
AUD_CAD_JPY,2022-11-13T20:10:00,LONG,-10.309,29.35,50,15,0
AUD_CAD_JPY,2022-11-13T20:30:00,LONG,-3.647,19.37,30,15,0
AUD_CAD_JPY,2022-11-14T19:40:00,LONG,-3.894,0.95,45,14,0
AUD_CAD_JPY,2022-11-14T19:55:00,LONG,-5.223,1.32,30,14,0
AUD_CAD_JPY,2022-11-14T20:05:00,LONG,-8.873,2.34,20,15,0
AUD_CAD_JPY,2022-11-14T20:15:00,LONG,-3.268,2.13,10,15,0
AUD_CAD_JPY,2022-11-14T20:30:00,LONG,-4.84,2.48,95,15,0
AUD_CAD_JPY,2022-11-14T21:05:00,LONG,-3.686,1.72,60,16,1
AUD_CAD_JPY,2022-11-15T16:15:00,SHORT,3.096,0.74,20,11,0
AUD_CAD_JPY,2022-11-15T16:50:00,SHORT,4.126,1.04,25,11,0
AUD_CAD_JPY,2022-11-15T19:00:00,SHORT,3.616,0.95,10,14,0
AUD_CAD_JPY,2022-11-15T20:00:00,LONG,-8.641,10.71,30,15,0
AUD_CAD_JPY,2022-11-15T20:50:00,LONG,-3.053,2.59,100,15,0
AUD_CAD_JPY,2022-11-16T11:25:00,LONG,-5.303,4.92,5,6,0
AUD_CAD_JPY,2022-11-16T19:55:00,LONG,-6.23,3.78,35,14,0
AUD_CAD_JPY,2022-11-16T20:25:00,LONG,-9.873,6.14,5,15,0
AUD_CAD_JPY,2022-11-16T20:55:00,LONG,-3.955,3.04,70,15,0
AUD_CAD_JPY,2022-11-17T19:55:00,LONG,-9.687,5.74,55,14,0
AUD_CAD_JPY,2022-11-17T20:30:00,LONG,-5.989,4.4,20,15,0
AUD_CAD_JPY,2022-11-20T19:00:00,LONG,-76.948,17.42,25,14,0
AUD_CAD_JPY,2022-11-20T19:30:00,LONG,-4.912,9.69,40,14,0
AUD_CAD_JPY,2022-11-20T19:40:00,LONG,-4.393,10.83,30,14,0
AUD_CAD_JPY,2022-11-21T18:55:00,LONG,-54.014,12.35,60,13,0
AUD_CAD_JPY,2022-11-21T19:10:00,LONG,-3.268,3.6,45,14,0
AUD_CAD_JPY,2022-11-22T18:50:00,SHORT,5.108,4.1,105,13,0
AUD_CAD_JPY,2022-11-22T19:20:00,LONG,-6.057,2.93,75,14,0
AUD_CAD_JPY,2022-11-22T19:45:00,LONG,-6.191,3.35,50,14,0
AUD_CAD_JPY,2022-11-23T11:55:00,LONG,-3.479,2.04,15,6,0
AUD_CAD_JPY,2022-11-23T18:55:00,LONG,-5.142,3.8,70,13,0
AUD_CAD_JPY,2022-11-23T19:20:00,LONG,-5.406,4.96,45,14,0
AUD_CAD_JPY,2022-11-23T19:55:00,LONG,-10.517,8.53,10,14,0
AUD_CAD_JPY,2022-11-24T18:40:00,LONG,-3.118,0.91,35,13,0
AUD_CAD_JPY,2022-11-24T18:55:00,SHORT,19.133,5.8,20,13,0
AUD_CAD_JPY,2022-11-24T19:20:00,LONG,-13.73,8.35,75,14,0
AUD_CAD_JPY,2022-11-25T16:00:00,SHORT,4.15,2.63,20,11,0
AUD_CAD_JPY,2022-11-25T16:15:00,LONG,-3.236,1.08,5,11,0
AUD_CAD_JPY,2022-11-25T16:35:00,LONG,-4.681,1.59,50,11,0
AUD_CAD_JPY,2022-11-25T17:00:00,LONG,-3.203,2.19,25,12,0
AUD_CAD_JPY,2022-11-25T17:50:00,SHORT,4.569,2.3,30,12,0
AUD_CAD_JPY,2022-11-25T18:25:00,LONG,-9.802,4.65,2950,13,0
AUD_CAD_JPY,2022-11-25T18:40:00,LONG,-17.832,32.47,2935,13,0
AUD_CAD_JPY,2022-11-28T18:50:00,SHORT,3.289,0.74,100,13,0
AUD_CAD_JPY,2022-11-28T19:00:00,LONG,-57.06,13.18,90,14,0
AUD_CAD_JPY,2022-11-28T19:15:00,LONG,-4.952,5.19,75,14,0
AUD_CAD_JPY,2022-11-28T19:25:00,LONG,-3.037,3.39,65,14,0
AUD_CAD_JPY,2022-11-28T19:55:00,LONG,-3.136,3.78,35,14,0
AUD_CAD_JPY,2022-11-29T18:55:00,SHORT,11.444,4.83,90,13,0
AUD_CAD_JPY,2022-11-29T19:25:00,LONG,-4.878,2.53,60,14,0
AUD_CAD_JPY,2022-11-29T19:55:00,LONG,-11.359,6.35,30,14,0
AUD_CAD_JPY,2022-11-30T18:55:00,LONG,-3.671,6.78,40,13,0
AUD_CAD_JPY,2022-11-30T19:55:00,LONG,-3.194,2.64,135,14,0
AUD_CAD_JPY,2022-12-01T19:00:00,LONG,-6.501,11.42,65,14,0
AUD_CAD_JPY,2022-12-01T19:40:00,LONG,-4.248,4.13,25,14,0
AUD_CAD_JPY,2022-12-02T10:25:00,SHORT,7.282,7.71,20,5,0
AUD_CAD_JPY,2022-12-02T10:35:00,SHORT,3.725,4.43,10,5,0
AUD_CAD_JPY,2022-12-02T10:50:00,LONG,-3.609,4.56,10,5,0
AUD_CAD_JPY,2022-12-04T19:00:00,LONG,-9.559,7.82,30,14,0
AUD_CAD_JPY,2022-12-04T19:10:00,LONG,-8.522,11.26,20,14,0
AUD_CAD_JPY,2022-12-04T19:35:00,LONG,-3.157,4.68,10,14,0
AUD_CAD_JPY,2022-12-05T18:55:00,LONG,-10.896,4.82,80,13,0
AUD_CAD_JPY,2022-12-05T19:15:00,LONG,-6.507,3.65,60,14,0
AUD_CAD_JPY,2022-12-05T19:25:00,LONG,-4.021,2.5,50,14,0
AUD_CAD_JPY,2022-12-05T19:50:00,LONG,-4.829,3.2,25,14,0
AUD_CAD_JPY,2022-12-06T00:25:00,SHORT,3.474,2.65,5,19,0
AUD_CAD_JPY,2022-12-06T18:55:00,LONG,-12.029,9.01,25,13,0
AUD_CAD_JPY,2022-12-06T19:45:00,LONG,-4.544,5.7,15,14,0
AUD_CAD_JPY,2022-12-07T19:00:00,LONG,-14.326,10.89,25,14,0
AUD_CAD_JPY,2022-12-07T19:30:00,LONG,-3.102,3.69,55,14,0
AUD_CAD_JPY,2022-12-08T18:25:00,SHORT,3.3,0.76,15,13,0
AUD_CAD_JPY,2022-12-08T18:55:00,LONG,-6.654,5.58,65,13,0
AUD_CAD_JPY,2022-12-08T19:35:00,LONG,-3.132,2.39,25,14,0
AUD_CAD_JPY,2022-12-08T19:45:00,LONG,-6.593,8.61,15,14,0
AUD_CAD_JPY,2022-12-09T18:30:00,SHORT,3.068,0.66,15,13,0
AUD_CAD_JPY,2022-12-09T18:50:00,LONG,-6.229,10.89,2960,13,0
AUD_CAD_JPY,2022-12-12T14:20:00,SHORT,3.269,1.21,20,9,0
AUD_CAD_JPY,2022-12-12T18:55:00,LONG,-24.18,7.35,35,13,0
AUD_CAD_JPY,2022-12-12T19:15:00,LONG,-11.088,7.35,15,14,0
AUD_CAD_JPY,2022-12-13T10:25:00,LONG,-9.955,9.13,5,5,0
AUD_CAD_JPY,2022-12-13T19:00:00,LONG,-27.657,19.38,60,14,0
AUD_CAD_JPY,2022-12-13T19:30:00,LONG,-3.352,6.95,30,14,0
AUD_CAD_JPY,2022-12-14T15:55:00,SHORT,10.496,2.4,25,10,0
AUD_CAD_JPY,2022-12-14T16:30:00,LONG,-3.723,1.09,30,11,0
AUD_CAD_JPY,2022-12-14T16:45:00,SHORT,4.669,1.41,15,11,0
AUD_CAD_JPY,2022-12-14T18:55:00,LONG,-8.102,15.31,40,13,0
AUD_CAD_JPY,2022-12-15T18:55:00,LONG,-16.683,8.87,20,13,0
AUD_CAD_JPY,2022-12-15T19:45:00,LONG,-3.255,3.4,15,14,0
AUD_CAD_JPY,2022-12-16T18:30:00,LONG,-3.175,0.67,10,13,0
AUD_CAD_JPY,2022-12-16T18:45:00,LONG,-5.533,14.95,2960,13,0
AUD_CAD_JPY,2022-12-18T19:45:00,LONG,-3.283,8.08,20,14,0
AUD_CAD_JPY,2022-12-19T18:55:00,LONG,-24.81,14.8,65,13,0
AUD_CAD_JPY,2022-12-19T19:25:00,LONG,-3.509,5.51,35,14,0
AUD_CAD_JPY,2022-12-19T19:35:00,LONG,-5.079,8.3,25,14,0
AUD_CAD_JPY,2022-12-19T19:45:00,LONG,-3.681,7.39,15,14,0
AUD_CAD_JPY,2022-12-20T18:55:00,LONG,-20.349,11.16,30,13,0
AUD_CAD_JPY,2022-12-21T18:45:00,LONG,-3.438,0.88,90,13,0
AUD_CAD_JPY,2022-12-21T18:55:00,LONG,-20.72,15.05,80,13,0
AUD_CAD_JPY,2022-12-21T19:45:00,LONG,-3.343,4.68,30,14,0
AUD_CAD_JPY,2022-12-22T18:55:00,LONG,-56.685,16.39,40,13,0
AUD_CAD_JPY,2022-12-22T19:55:00,LONG,-4.965,12.12,5,14,0
AUD_CAD_JPY,2022-12-23T18:40:00,LONG,-3.45,3.7,3040,13,0
AUD_CAD_JPY,2022-12-25T19:00:00,LONG,-29.63,32.18,140,14,0
AUD_CAD_JPY,2022-12-27T19:00:00,LONG,-27.895,8.64,35,14,0
AUD_CAD_JPY,2022-12-27T19:40:00,LONG,-4.66,6.58,5,14,0
AUD_CAD_JPY,2022-12-27T19:55:00,LONG,-3.57,5.3,15,14,0
AUD_CAD_JPY,2022-12-28T18:55:00,LONG,-37.907,10.72,30,13,0
AUD_CAD_JPY,2022-12-28T19:20:00,LONG,-3.508,3.9,5,14,0
AUD_CAD_JPY,2022-12-28T19:55:00,LONG,-3.717,4.56,15,14,0
AUD_CAD_JPY,2022-12-29T14:55:00,SHORT,3.74,0.93,30,9,0
AUD_CAD_JPY,2022-12-29T18:30:00,LONG,-3.853,0.98,90,13,0
AUD_CAD_JPY,2022-12-29T18:40:00,LONG,-3.187,0.84,80,13,0
AUD_CAD_JPY,2022-12-29T19:00:00,LONG,-51.708,14.53,60,14,0
AUD_CAD_JPY,2022-12-29T19:25:00,LONG,-6.676,11.72,35,14,0
AUD_CAD_JPY,2022-12-30T18:45:00,LONG,-4.212,62.22,3000,13,0
AUD_CAD_JPY,2023-01-01T23:55:00,LONG,-3.034,31.41,60,18,1
AUD_CAD_JPY,2023-01-03T18:55:00,LONG,-26.082,10.06,35,13,0
AUD_CAD_JPY,2023-01-03T19:15:00,LONG,-6.874,6.74,15,14,0
AUD_CAD_JPY,2023-01-03T19:35:00,LONG,-4.731,5.34,10,14,0
AUD_CAD_JPY,2023-01-04T15:55:00,SHORT,7.888,2.22,5,10,0
AUD_CAD_JPY,2023-01-04T18:55:00,SHORT,3.973,5.86,90,13,0
AUD_CAD_JPY,2023-01-04T19:35:00,LONG,-4.414,5.81,50,14,0
AUD_CAD_JPY,2023-01-05T18:55:00,LONG,-22.206,7.05,65,13,0
AUD_CAD_JPY,2023-01-05T19:35:00,LONG,-6.211,6.49,25,14,0
AUD_CAD_JPY,2023-01-05T19:45:00,LONG,-5.054,5.81,15,14,0
AUD_CAD_JPY,2023-01-08T19:00:00,LONG,-25.466,18.39,60,14,0
AUD_CAD_JPY,2023-01-09T19:00:00,LONG,-11.124,3.27,70,14,0
AUD_CAD_JPY,2023-01-09T19:15:00,LONG,-8.966,6.52,55,14,0
AUD_CAD_JPY,2023-01-10T18:55:00,LONG,-60.67,14.56,65,13,0
AUD_CAD_JPY,2023-01-10T19:10:00,LONG,-11.21,16.15,50,14,0
AUD_CAD_JPY,2023-01-11T18:55:00,LONG,-27.646,10.03,65,13,0
AUD_CAD_JPY,2023-01-12T10:25:00,LONG,-10.962,14.49,5,5,0
AUD_CAD_JPY,2023-01-12T18:55:00,LONG,-3.292,8.75,70,13,0
AUD_CAD_JPY,2023-01-12T19:25:00,LONG,-6.805,11.11,40,14,0
AUD_CAD_JPY,2023-01-12T19:55:00,LONG,-3.024,5.77,10,14,0
AUD_CAD_JPY,2023-01-15T19:00:00,LONG,-32.532,18.64,35,14,0
AUD_CAD_JPY,2023-01-16T18:50:00,SHORT,3.124,0.88,60,13,0
AUD_CAD_JPY,2023-01-16T19:00:00,LONG,-11.554,3.36,50,14,0
AUD_CAD_JPY,2023-01-16T19:35:00,LONG,-7.299,3.08,15,14,0
AUD_CAD_JPY,2023-01-17T10:25:00,LONG,-4.757,2.27,5,5,0
AUD_CAD_JPY,2023-01-17T18:55:00,LONG,-19.626,14.97,20,13,0
AUD_CAD_JPY,2023-01-17T19:55:00,LONG,-3.162,3.88,15,14,0
AUD_CAD_JPY,2023-01-18T18:55:00,LONG,-4.424,7.31,35,13,0
AUD_CAD_JPY,2023-01-18T19:25:00,LONG,-4.834,3.47,5,14,0
AUD_CAD_JPY,2023-01-18T19:50:00,LONG,-3.785,5.55,20,14,0
AUD_CAD_JPY,2023-01-19T18:55:00,LONG,-24.882,8.14,70,13,0
AUD_CAD_JPY,2023-01-19T19:30:00,LONG,-3.565,3.32,35,14,0
AUD_CAD_JPY,2023-01-22T19:00:00,LONG,-46.622,19.31,30,14,0
AUD_CAD_JPY,2023-01-23T19:00:00,LONG,-17.304,5.59,30,14,0
AUD_CAD_JPY,2023-01-23T19:40:00,LONG,-4.896,3.65,20,14,0
AUD_CAD_JPY,2023-01-24T18:55:00,LONG,-7.838,13.5,40,13,0
AUD_CAD_JPY,2023-01-24T19:15:00,LONG,-4.892,4.91,20,14,0
AUD_CAD_JPY,2023-01-24T19:25:00,LONG,-3.588,4.07,10,14,0
AUD_CAD_JPY,2023-01-25T19:00:00,LONG,-20.599,7.67,570,14,0
AUD_CAD_JPY,2023-01-26T19:00:00,LONG,-29.548,12.31,70,14,0
AUD_CAD_JPY,2023-01-26T19:25:00,LONG,-7.482,9.11,45,14,0
AUD_CAD_JPY,2023-01-27T11:55:00,LONG,-3.948,4.03,5,6,0
AUD_CAD_JPY,2023-01-29T19:00:00,LONG,-14.496,20.89,60,14,0
AUD_CAD_JPY,2023-01-29T19:45:00,LONG,-3.365,7.3,15,14,0
AUD_CAD_JPY,2023-01-30T19:00:00,LONG,-14.191,3.44,115,14,0
AUD_CAD_JPY,2023-01-30T19:35:00,SHORT,4.713,2.26,80,14,0
AUD_CAD_JPY,2023-01-30T19:55:00,LONG,-6.751,3.47,60,14,0
AUD_CAD_JPY,2023-01-31T18:55:00,LONG,-7.871,5.23,45,13,0
AUD_CAD_JPY,2023-02-01T11:55:00,SHORT,3.186,2.03,5,6,0
AUD_CAD_JPY,2023-02-01T15:55:00,LONG,-27.779,7.08,65,10,0
AUD_CAD_JPY,2023-02-01T19:00:00,LONG,-10.352,6.38,70,14,0
AUD_CAD_JPY,2023-02-01T19:10:00,LONG,-4.138,3.5,60,14,0
AUD_CAD_JPY,2023-02-01T19:25:00,LONG,-8.507,7.13,45,14,0
AUD_CAD_JPY,2023-02-01T19:40:00,LONG,-4.384,8.28,30,14,0
AUD_CAD_JPY,2023-02-02T19:00:00,LONG,-3.998,1.39,45,14,0
AUD_CAD_JPY,2023-02-02T19:10:00,LONG,-4.874,1.78,35,14,0
AUD_CAD_JPY,2023-02-02T19:25:00,LONG,-3.091,5.66,20,14,0
AUD_CAD_JPY,2023-02-02T19:55:00,LONG,-3.524,2.55,5,14,0
AUD_CAD_JPY,2023-02-03T10:25:00,LONG,-15.977,11.57,5,5,0
AUD_CAD_JPY,2023-02-05T19:00:00,LONG,-15.101,13.14,30,14,0
AUD_CAD_JPY,2023-02-05T19:45:00,LONG,-3.719,7.96,15,14,0
AUD_CAD_JPY,2023-02-06T18:55:00,LONG,-11.356,2.95,10,13,0
AUD_CAD_JPY,2023-02-06T19:10:00,LONG,-6.432,3.33,110,14,0
AUD_CAD_JPY,2023-02-06T19:50:00,LONG,-6.008,3.09,70,14,0
AUD_CAD_JPY,2023-02-07T18:55:00,LONG,-40.68,10.91,15,13,0
AUD_CAD_JPY,2023-02-07T19:40:00,LONG,-3.114,2.94,60,14,0
AUD_CAD_JPY,2023-02-07T19:50:00,LONG,-3.26,3.19,50,14,0
AUD_CAD_JPY,2023-02-08T14:45:00,LONG,-3.268,0.82,5,9,0
AUD_CAD_JPY,2023-02-08T19:00:00,LONG,-18.342,4.88,40,14,0
AUD_CAD_JPY,2023-02-08T19:25:00,LONG,-3.672,4.08,15,14,0
AUD_CAD_JPY,2023-02-08T19:50:00,LONG,-3.489,2.96,20,14,0
AUD_CAD_JPY,2023-02-09T18:55:00,LONG,-13.893,4.02,5,13,0
AUD_CAD_JPY,2023-02-09T19:05:00,LONG,-7.623,3.08,70,14,0
AUD_CAD_JPY,2023-02-09T19:35:00,LONG,-4.445,2.28,40,14,0
AUD_CAD_JPY,2023-02-09T19:45:00,LONG,-16.207,8.81,30,14,0
AUD_CAD_JPY,2023-02-12T19:00:00,LONG,-11.345,6.42,50,14,0
AUD_CAD_JPY,2023-02-12T19:55:00,LONG,-3.343,3.36,5,14,0
AUD_CAD_JPY,2023-02-13T18:55:00,LONG,-5.081,4.95,110,13,0
AUD_CAD_JPY,2023-02-13T19:40:00,LONG,-3.709,3.69,65,14,0
AUD_CAD_JPY,2023-02-14T10:25:00,LONG,-6.977,6.64,10,5,0
AUD_CAD_JPY,2023-02-14T19:00:00,LONG,-4.628,4.74,20,14,0
AUD_CAD_JPY,2023-02-14T19:30:00,LONG,-3.571,2.72,45,14,0
AUD_CAD_JPY,2023-02-14T19:45:00,LONG,-4.935,3.95,30,14,0
AUD_CAD_JPY,2023-02-15T10:25:00,LONG,-3.242,2.32,5,5,0
AUD_CAD_JPY,2023-02-15T19:00:00,LONG,-17.569,7.49,70,14,0
AUD_CAD_JPY,2023-02-15T19:45:00,LONG,-4.595,5.2,25,14,0
AUD_CAD_JPY,2023-02-15T19:55:00,LONG,-3.52,4.22,15,14,0
AUD_CAD_JPY,2023-02-16T18:55:00,LONG,-5.844,5.05,20,13,0
AUD_CAD_JPY,2023-02-16T19:30:00,LONG,-8.676,4.69,40,14,0
AUD_CAD_JPY,2023-02-19T19:00:00,LONG,-11.442,9.21,60,14,0
AUD_CAD_JPY,2023-02-19T19:55:00,LONG,-4.118,3.75,5,14,0
AUD_CAD_JPY,2023-02-20T18:55:00,LONG,-6.012,6.63,90,13,0
AUD_CAD_JPY,2023-02-20T19:50:00,LONG,-4.885,4.04,35,14,0
AUD_CAD_JPY,2023-02-21T10:25:00,LONG,-7.254,6.17,5,5,0
AUD_CAD_JPY,2023-02-21T18:55:00,LONG,-5.406,3.21,45,13,0
AUD_CAD_JPY,2023-02-21T19:50:00,LONG,-3.994,2.94,145,14,0
AUD_CAD_JPY,2023-02-22T15:55:00,LONG,-36.294,8.13,15,10,0
AUD_CAD_JPY,2023-02-22T18:55:00,SHORT,4.574,8.94,20,13,0
AUD_CAD_JPY,2023-02-22T19:25:00,LONG,-3.699,3.78,20,14,0
AUD_CAD_JPY,2023-02-23T18:55:00,LONG,-3.246,6.24,35,13,0
AUD_CAD_JPY,2023-02-24T10:25:00,LONG,-6.192,3.78,5,5,0
AUD_CAD_JPY,2023-02-24T11:55:00,LONG,-3.954,1.92,5,6,0
AUD_CAD_JPY,2023-02-26T19:00:00,LONG,-20.467,10.61,60,14,0
AUD_CAD_JPY,2023-02-27T19:00:00,LONG,-25.947,5.81,40,14,0
AUD_CAD_JPY,2023-02-28T18:55:00,LONG,-3.433,6.41,65,13,0
AUD_CAD_JPY,2023-02-28T19:15:00,LONG,-7.563,5.13,45,14,0
AUD_CAD_JPY,2023-02-28T19:35:00,LONG,-4.625,4.22,25,14,0
AUD_CAD_JPY,2023-03-01T18:55:00,LONG,-24.913,11.69,55,13,0
AUD_CAD_JPY,2023-03-02T18:55:00,LONG,-3.5,9.2,35,13,0
AUD_CAD_JPY,2023-03-02T19:55:00,LONG,-3.218,3.05,15,14,0
AUD_CAD_JPY,2023-03-03T11:55:00,SHORT,5.404,4.79,5,6,0
AUD_CAD_JPY,2023-03-05T19:00:00,LONG,-11.92,7.52,45,14,0
AUD_CAD_JPY,2023-03-05T19:50:00,LONG,-3.339,3.65,30,14,0
AUD_CAD_JPY,2023-03-06T19:00:00,LONG,-14.813,3.24,75,14,0
AUD_CAD_JPY,2023-03-06T19:50:00,LONG,-6.174,3.32,25,14,0
AUD_CAD_JPY,2023-03-07T18:55:00,LONG,-3.508,7.98,35,13,0
AUD_CAD_JPY,2023-03-07T19:45:00,LONG,-3.552,2.79,40,14,0
AUD_CAD_JPY,2023-03-07T19:55:00,LONG,-4.771,3.88,30,14,0
AUD_CAD_JPY,2023-03-08T19:00:00,LONG,-25.372,6.58,30,14,0
AUD_CAD_JPY,2023-03-08T19:15:00,LONG,-3.781,2.12,15,14,0
AUD_CAD_JPY,2023-03-08T19:50:00,LONG,-4.884,4.26,15,14,0
AUD_CAD_JPY,2023-03-09T19:00:00,LONG,-14.893,3.25,115,14,0
AUD_CAD_JPY,2023-03-09T20:00:00,LONG,-3.121,1.63,55,15,0
AUD_CAD_JPY,2023-03-10T18:45:00,LONG,-3.378,17.14,3025,13,0
AUD_CAD_JPY,2023-03-12T20:20:00,LONG,-6.262,9.32,50,15,0
AUD_CAD_JPY,2023-03-12T20:40:00,LONG,-3.398,5.83,30,15,0
AUD_CAD_JPY,2023-03-12T20:50:00,LONG,-5.932,10.53,20,15,0
AUD_CAD_JPY,2023-03-13T19:45:00,LONG,-3.337,0.81,100,14,0
AUD_CAD_JPY,2023-03-13T19:55:00,LONG,-3.233,10.98,90,14,0
AUD_CAD_JPY,2023-03-13T20:45:00,LONG,-3.453,3.89,40,15,0
AUD_CAD_JPY,2023-03-13T20:55:00,LONG,-4.689,5.47,30,15,0
AUD_CAD_JPY,2023-03-14T11:25:00,LONG,-10.85,13.96,5,6,0
AUD_CAD_JPY,2023-03-14T20:00:00,LONG,-3.358,4.01,15,15,0
AUD_CAD_JPY,2023-03-14T21:00:00,LONG,-3.031,3.57,15,16,1
AUD_CAD_JPY,2023-03-15T11:25:00,LONG,-4.656,3.22,30,6,0
AUD_CAD_JPY,2023-03-15T20:00:00,LONG,-24.227,8.57,115,15,0
AUD_CAD_JPY,2023-03-15T20:15:00,LONG,-4.976,3.71,100,15,0
AUD_CAD_JPY,2023-03-15T20:50:00,LONG,-3.97,4.89,65,15,0
AUD_CAD_JPY,2023-03-16T19:55:00,LONG,-4.862,8.34,110,14,0
AUD_CAD_JPY,2023-03-19T20:00:00,LONG,-48.461,14.96,10,15,0
AUD_CAD_JPY,2023-03-19T20:20:00,LONG,-33.883,38.46,45,15,0
AUD_CAD_JPY,2023-03-19T20:50:00,LONG,-3.629,11.0,15,15,0
AUD_CAD_JPY,2023-03-20T20:00:00,LONG,-4.112,4.22,90,15,0
AUD_CAD_JPY,2023-03-20T20:30:00,LONG,-3.246,3.09,60,15,0
AUD_CAD_JPY,2023-03-21T19:55:00,LONG,-9.257,4.24,65,14,0
AUD_CAD_JPY,2023-03-21T20:30:00,LONG,-3.197,1.63,30,15,0
AUD_CAD_JPY,2023-03-22T16:55:00,LONG,-29.967,5.23,5,11,0
AUD_CAD_JPY,2023-03-22T20:00:00,LONG,-4.041,1.91,165,15,0
AUD_CAD_JPY,2023-03-22T20:35:00,LONG,-4.436,2.18,130,15,0
AUD_CAD_JPY,2023-03-22T20:50:00,LONG,-4.787,7.2,115,15,0
AUD_CAD_JPY,2023-03-23T19:00:00,SHORT,3.099,0.78,10,14,0
AUD_CAD_JPY,2023-03-23T19:55:00,SHORT,7.736,2.04,200,14,0
AUD_CAD_JPY,2023-03-23T20:15:00,LONG,-5.381,1.76,180,15,0
AUD_CAD_JPY,2023-03-23T21:10:00,LONG,-3.196,1.25,125,16,1
AUD_CAD_JPY,2023-03-23T21:35:00,LONG,-3.122,1.27,100,16,1
AUD_CAD_JPY,2023-03-26T20:00:00,LONG,-16.383,11.43,65,15,0
AUD_CAD_JPY,2023-03-27T19:55:00,SHORT,3.696,3.55,165,14,0
AUD_CAD_JPY,2023-03-27T20:15:00,LONG,-12.601,4.63,145,15,0
AUD_CAD_JPY,2023-03-27T21:55:00,LONG,-3.225,1.95,45,16,1
AUD_CAD_JPY,2023-03-28T19:55:00,LONG,-3.917,4.76,35,14,0
AUD_CAD_JPY,2023-03-28T20:50:00,LONG,-3.154,1.89,70,15,0
AUD_CAD_JPY,2023-03-28T21:05:00,LONG,-3.149,1.97,55,16,1
AUD_CAD_JPY,2023-03-29T20:00:00,LONG,-8.929,2.98,95,15,0
AUD_CAD_JPY,2023-03-30T19:10:00,SHORT,3.117,0.58,15,14,0
AUD_CAD_JPY,2023-03-30T19:55:00,LONG,-3.148,8.65,110,14,0
AUD_CAD_JPY,2023-03-30T20:35:00,LONG,-3.611,2.91,70,15,0
AUD_CAD_JPY,2023-03-30T20:50:00,LONG,-4.807,4.18,55,15,0
AUD_CAD_JPY,2023-04-02T20:00:00,LONG,-13.457,5.9,20,15,0
AUD_CAD_JPY,2023-04-03T19:55:00,LONG,-8.048,11.12,70,14,0
AUD_CAD_JPY,2023-04-03T20:35:00,LONG,-3.145,3.85,30,15,0
AUD_CAD_JPY,2023-04-03T20:45:00,LONG,-3.209,4.09,20,15,0
AUD_CAD_JPY,2023-04-04T20:00:00,LONG,-14.931,3.42,65,15,0
AUD_CAD_JPY,2023-04-04T20:45:00,LONG,-3.133,1.72,20,15,0
AUD_CAD_JPY,2023-04-05T20:00:00,LONG,-36.13,12.84,45,15,0
AUD_CAD_JPY,2023-04-06T20:00:00,LONG,-43.251,14.45,60,15,0
AUD_CAD_JPY,2023-04-06T20:35:00,LONG,-3.484,5.76,25,15,0
AUD_CAD_JPY,2023-04-07T14:10:00,LONG,-4.927,1.8,55,9,0
AUD_CAD_JPY,2023-04-07T14:20:00,LONG,-5.478,2.12,45,9,0
AUD_CAD_JPY,2023-04-07T14:35:00,LONG,-3.267,1.38,30,9,0
AUD_CAD_JPY,2023-04-07T15:00:00,LONG,-3.059,1.36,5,10,0
AUD_CAD_JPY,2023-04-07T15:10:00,LONG,-14.015,6.49,80,10,0
AUD_CAD_JPY,2023-04-07T15:40:00,LONG,-5.234,6.74,50,10,0
AUD_CAD_JPY,2023-04-07T16:15:00,LONG,-3.829,7.32,15,11,0
AUD_CAD_JPY,2023-04-07T16:35:00,LONG,-4.04,5.79,5,11,0
AUD_CAD_JPY,2023-04-07T16:45:00,LONG,-3.987,5.94,25,11,0
AUD_CAD_JPY,2023-04-07T17:40:00,LONG,-3.228,5.31,10,12,0
AUD_CAD_JPY,2023-04-07T18:05:00,LONG,-4.922,8.68,5,13,0
AUD_CAD_JPY,2023-04-07T18:40:00,LONG,-3.731,7.02,55,13,0
AUD_CAD_JPY,2023-04-07T19:00:00,LONG,-5.295,10.43,35,14,0
AUD_CAD_JPY,2023-04-09T20:05:00,LONG,-6.777,14.89,65,15,0
AUD_CAD_JPY,2023-04-10T14:25:00,SHORT,3.227,0.76,5,9,0
AUD_CAD_JPY,2023-04-10T20:00:00,LONG,-44.627,8.98,25,15,0
AUD_CAD_JPY,2023-04-10T20:45:00,LONG,-4.172,3.61,5,15,0
AUD_CAD_JPY,2023-04-10T20:55:00,LONG,-4.275,3.88,35,15,0
AUD_CAD_JPY,2023-04-11T19:55:00,LONG,-15.99,5.68,60,14,0
AUD_CAD_JPY,2023-04-12T12:55:00,LONG,-3.868,3.04,5,7,0
AUD_CAD_JPY,2023-04-12T16:55:00,LONG,-5.862,1.82,20,11,0
AUD_CAD_JPY,2023-04-12T20:00:00,LONG,-11.368,5.82,70,15,0
AUD_CAD_JPY,2023-04-13T19:55:00,LONG,-19.651,3.63,170,14,0
AUD_CAD_JPY,2023-04-13T20:25:00,LONG,-5.801,2.04,140,15,0
AUD_CAD_JPY,2023-04-13T20:40:00,LONG,-4.159,1.65,125,15,0
AUD_CAD_JPY,2023-04-14T12:55:00,LONG,-7.092,2.89,5,7,0
AUD_CAD_JPY,2023-04-16T20:00:00,LONG,-44.133,17.54,60,15,0
AUD_CAD_JPY,2023-04-17T19:55:00,LONG,-9.372,3.84,30,14,0
AUD_CAD_JPY,2023-04-17T20:30:00,LONG,-4.802,1.93,60,15,0
AUD_CAD_JPY,2023-04-17T20:55:00,LONG,-4.122,1.79,35,15,0
AUD_CAD_JPY,2023-04-18T11:25:00,LONG,-3.46,1.69,5,6,0
AUD_CAD_JPY,2023-04-18T19:55:00,LONG,-5.747,3.24,25,14,0
AUD_CAD_JPY,2023-04-18T20:10:00,LONG,-3.254,1.1,10,15,0
AUD_CAD_JPY,2023-04-18T20:30:00,LONG,-4.025,1.93,50,15,0
AUD_CAD_JPY,2023-04-19T20:00:00,LONG,-8.649,5.71,70,15,0
AUD_CAD_JPY,2023-04-19T20:45:00,LONG,-4.774,4.65,25,15,0
AUD_CAD_JPY,2023-04-20T19:55:00,LONG,-5.659,2.9,50,14,0
AUD_CAD_JPY,2023-04-20T20:15:00,LONG,-3.697,1.75,30,15,0
AUD_CAD_JPY,2023-04-20T20:50:00,LONG,-3.283,1.17,15,15,0
AUD_CAD_JPY,2023-04-23T20:00:00,LONG,-14.94,17.45,60,15,0
AUD_CAD_JPY,2023-04-24T20:00:00,LONG,-20.402,5.47,415,15,0
AUD_CAD_JPY,2023-04-25T20:00:00,LONG,-15.367,4.06,75,15,0
AUD_CAD_JPY,2023-04-25T20:15:00,LONG,-7.057,6.21,60,15,0
AUD_CAD_JPY,2023-04-26T13:50:00,SHORT,3.033,0.71,10,8,0
AUD_CAD_JPY,2023-04-26T19:55:00,LONG,-15.162,10.19,45,14,0
AUD_CAD_JPY,2023-04-27T11:25:00,LONG,-3.289,3.72,5,6,0
AUD_CAD_JPY,2023-04-27T20:00:00,LONG,-37.055,11.86,20,15,0
AUD_CAD_JPY,2023-04-27T20:25:00,LONG,-3.967,4.13,55,15,0
AUD_CAD_JPY,2023-04-30T20:00:00,LONG,-62.635,17.49,120,15,0
AUD_CAD_JPY,2023-04-30T20:40:00,LONG,-4.601,8.3,80,15,0
AUD_CAD_JPY,2023-05-01T20:00:00,LONG,-27.64,6.51,75,15,0
AUD_CAD_JPY,2023-05-01T20:15:00,LONG,-4.396,2.44,60,15,0
AUD_CAD_JPY,2023-05-01T20:40:00,LONG,-10.523,6.26,35,15,0
AUD_CAD_JPY,2023-05-02T19:55:00,SHORT,3.835,2.21,45,14,0
AUD_CAD_JPY,2023-05-02T20:10:00,LONG,-9.978,2.59,30,15,0
AUD_CAD_JPY,2023-05-02T20:25:00,LONG,-8.475,2.7,15,15,0
AUD_CAD_JPY,2023-05-02T20:45:00,LONG,-3.983,1.51,40,15,0
AUD_CAD_JPY,2023-05-02T20:55:00,LONG,-3.435,1.35,30,15,0
AUD_CAD_JPY,2023-05-02T21:10:00,LONG,-3.286,1.34,15,16,1
AUD_CAD_JPY,2023-05-03T11:10:00,LONG,-4.955,2.27,15,6,0
AUD_CAD_JPY,2023-05-03T16:55:00,LONG,-19.893,5.32,10,11,0
AUD_CAD_JPY,2023-05-03T20:00:00,LONG,-13.734,12.86,60,15,0
AUD_CAD_JPY,2023-05-04T20:00:00,LONG,-15.618,4.41,65,15,0
AUD_CAD_JPY,2023-05-05T11:25:00,LONG,-8.251,6.25,5,6,0
AUD_CAD_JPY,2023-05-07T20:00:00,LONG,-30.973,14.85,60,15,0
AUD_CAD_JPY,2023-05-07T20:45:00,LONG,-3.516,7.18,15,15,0
AUD_CAD_JPY,2023-05-08T19:55:00,LONG,-17.842,7.12,25,14,0
AUD_CAD_JPY,2023-05-08T20:55:00,LONG,-3.944,3.25,35,15,0
AUD_CAD_JPY,2023-05-09T19:55:00,LONG,-11.616,4.83,75,14,0
AUD_CAD_JPY,2023-05-09T20:35:00,LONG,-3.172,3.49,35,15,0
AUD_CAD_JPY,2023-05-10T11:25:00,LONG,-3.125,2.37,5,6,0
AUD_CAD_JPY,2023-05-10T20:00:00,LONG,-10.795,3.87,90,15,0
AUD_CAD_JPY,2023-05-10T20:35:00,LONG,-4.013,2.53,55,15,0
AUD_CAD_JPY,2023-05-11T11:25:00,LONG,-3.186,2.05,15,6,0
AUD_CAD_JPY,2023-05-11T19:55:00,LONG,-28.073,6.55,65,14,0
AUD_CAD_JPY,2023-05-11T20:30:00,LONG,-5.538,4.23,30,15,0
AUD_CAD_JPY,2023-05-11T20:55:00,LONG,-3.106,2.8,5,15,0
AUD_CAD_JPY,2023-05-14T20:00:00,LONG,-68.596,15.31,60,15,0
AUD_CAD_JPY,2023-05-15T16:25:00,LONG,-4.649,0.67,90,11,0
AUD_CAD_JPY,2023-05-15T19:35:00,SHORT,3.186,0.51,20,14,0
AUD_CAD_JPY,2023-05-15T19:50:00,SHORT,3.132,0.51,5,14,0
AUD_CAD_JPY,2023-05-15T20:00:00,LONG,-4.307,0.72,35,15,0
AUD_CAD_JPY,2023-05-15T20:15:00,LONG,-7.157,2.58,20,15,0
AUD_CAD_JPY,2023-05-15T20:45:00,LONG,-8.725,2.9,25,15,0
AUD_CAD_JPY,2023-05-15T20:55:00,LONG,-8.008,3.13,15,15,0
AUD_CAD_JPY,2023-05-16T11:25:00,LONG,-3.134,1.44,5,6,0
AUD_CAD_JPY,2023-05-16T19:55:00,LONG,-11.702,8.34,60,14,0
AUD_CAD_JPY,2023-05-16T20:35:00,LONG,-5.784,4.6,20,15,0
AUD_CAD_JPY,2023-05-17T15:40:00,SHORT,3.018,0.49,5,10,0
AUD_CAD_JPY,2023-05-17T20:00:00,LONG,-16.76,5.51,165,15,0
AUD_CAD_JPY,2023-05-18T17:45:00,SHORT,3.271,0.6,15,12,0
AUD_CAD_JPY,2023-05-18T19:55:00,LONG,-3.074,0.61,580,14,0
AUD_CAD_JPY,2023-05-18T20:05:00,LONG,-10.241,2.07,570,15,0
AUD_CAD_JPY,2023-05-18T20:15:00,LONG,-19.582,4.89,560,15,0
AUD_CAD_JPY,2023-05-18T20:30:00,SHORT,4.294,1.84,545,15,0
AUD_CAD_JPY,2023-05-19T14:40:00,SHORT,4.836,0.94,10,9,0
AUD_CAD_JPY,2023-05-21T20:00:00,LONG,-84.771,17.46,45,15,0
AUD_CAD_JPY,2023-05-22T13:55:00,SHORT,4.055,0.69,15,8,0
AUD_CAD_JPY,2023-05-22T19:50:00,LONG,-3.074,5.74,110,14,0
AUD_CAD_JPY,2023-05-22T20:30:00,LONG,-3.492,2.0,70,15,0
AUD_CAD_JPY,2023-05-22T20:45:00,LONG,-4.092,2.5,55,15,0
AUD_CAD_JPY,2023-05-22T20:55:00,LONG,-7.032,4.53,45,15,0
AUD_CAD_JPY,2023-05-23T20:05:00,LONG,-10.346,2.58,70,15,0
AUD_CAD_JPY,2023-05-23T20:45:00,LONG,-6.144,3.33,30,15,0
AUD_CAD_JPY,2023-05-24T19:10:00,SHORT,3.297,0.53,5,14,0
AUD_CAD_JPY,2023-05-24T20:00:00,LONG,-33.418,6.55,60,15,0
AUD_CAD_JPY,2023-05-24T20:55:00,LONG,-4.251,3.88,5,15,0
AUD_CAD_JPY,2023-05-25T15:50:00,SHORT,3.061,0.66,25,10,0
AUD_CAD_JPY,2023-05-25T19:55:00,LONG,-7.841,5.14,85,14,0
AUD_CAD_JPY,2023-05-25T20:50:00,LONG,-4.018,1.91,30,15,0
AUD_CAD_JPY,2023-05-26T13:45:00,SHORT,3.277,0.72,20,8,0
AUD_CAD_JPY,2023-05-28T20:00:00,LONG,-20.042,16.72,65,15,0
AUD_CAD_JPY,2023-05-28T20:40:00,LONG,-3.769,12.39,25,15,0
AUD_CAD_JPY,2023-05-29T20:00:00,LONG,-18.17,8.59,70,15,0
AUD_CAD_JPY,2023-05-30T20:00:00,SHORT,9.238,4.39,40,15,0
AUD_CAD_JPY,2023-05-30T20:45:00,LONG,-3.713,2.58,45,15,0
AUD_CAD_JPY,2023-05-31T16:50:00,LONG,-3.97,0.7,5,11,0
AUD_CAD_JPY,2023-05-31T19:55:00,LONG,-15.496,6.34,85,14,0
AUD_CAD_JPY,2023-06-01T12:55:00,LONG,-5.637,5.52,10,7,0
AUD_CAD_JPY,2023-06-01T20:00:00,LONG,-14.077,6.43,80,15,0
AUD_CAD_JPY,2023-06-01T20:20:00,LONG,-4.16,3.11,60,15,0
AUD_CAD_JPY,2023-06-01T20:45:00,LONG,-4.755,3.69,35,15,0
AUD_CAD_JPY,2023-06-02T11:25:00,LONG,-12.658,9.32,5,6,0
AUD_CAD_JPY,2023-06-04T20:00:00,LONG,-9.159,11.96,60,15,0
AUD_CAD_JPY,2023-06-05T18:50:00,SHORT,3.1,0.5,15,13,0
AUD_CAD_JPY,2023-06-05T20:00:00,LONG,-12.797,7.79,70,15,0
AUD_CAD_JPY,2023-06-05T20:20:00,LONG,-5.517,3.39,50,15,0
AUD_CAD_JPY,2023-06-05T20:50:00,LONG,-3.138,2.23,20,15,0
AUD_CAD_JPY,2023-06-06T20:00:00,LONG,-26.832,6.21,75,15,0
AUD_CAD_JPY,2023-06-07T20:00:00,LONG,-5.218,2.63,30,15,0
AUD_CAD_JPY,2023-06-07T20:55:00,LONG,-11.051,3.77,10,15,0
AUD_CAD_JPY,2023-06-08T20:00:00,LONG,-17.737,9.72,55,15,0
AUD_CAD_JPY,2023-06-09T19:50:00,LONG,-4.642,25.7,2955,14,0
AUD_CAD_JPY,2023-06-11T20:55:00,LONG,-3.01,9.54,10,15,0
AUD_CAD_JPY,2023-06-12T19:50:00,LONG,-3.143,13.62,60,14,0
AUD_CAD_JPY,2023-06-12T20:15:00,LONG,-4.107,4.23,35,15,0
AUD_CAD_JPY,2023-06-12T20:30:00,LONG,-3.353,3.73,20,15,0
AUD_CAD_JPY,2023-06-13T11:25:00,LONG,-14.636,17.38,5,6,0
AUD_CAD_JPY,2023-06-14T16:55:00,LONG,-18.803,3.14,5,11,0
AUD_CAD_JPY,2023-06-14T20:00:00,LONG,-16.453,5.77,65,15,0
AUD_CAD_JPY,2023-06-14T20:25:00,LONG,-4.497,3.08,40,15,0
AUD_CAD_JPY,2023-06-14T20:45:00,LONG,-3.997,3.73,20,15,0
AUD_CAD_JPY,2023-06-15T19:55:00,LONG,-8.907,5.64,70,14,0
AUD_CAD_JPY,2023-06-15T20:25:00,LONG,-4.294,2.72,40,15,0
AUD_CAD_JPY,2023-06-15T20:55:00,LONG,-3.9,2.69,10,15,0
AUD_CAD_JPY,2023-06-16T19:35:00,LONG,-3.069,0.61,2965,14,0
AUD_CAD_JPY,2023-06-18T20:00:00,LONG,-43.155,13.7,60,15,0
AUD_CAD_JPY,2023-06-18T20:35:00,LONG,-3.366,5.21,25,15,0
AUD_CAD_JPY,2023-06-19T20:00:00,LONG,-22.07,6.16,60,15,0
AUD_CAD_JPY,2023-06-20T19:55:00,LONG,-34.472,5.67,65,14,0
AUD_CAD_JPY,2023-06-20T20:15:00,LONG,-4.322,2.27,45,15,0
AUD_CAD_JPY,2023-06-20T20:35:00,LONG,-4.158,3.11,25,15,0
AUD_CAD_JPY,2023-06-21T20:00:00,LONG,-45.185,8.52,55,15,0
AUD_CAD_JPY,2023-06-22T19:55:00,LONG,-3.204,5.32,25,14,0
AUD_CAD_JPY,2023-06-22T20:40:00,LONG,-4.298,2.16,35,15,0
AUD_CAD_JPY,2023-06-25T20:00:00,LONG,-14.802,5.47,75,15,0
AUD_CAD_JPY,2023-06-26T17:05:00,LONG,-3.508,0.64,10,12,0
AUD_CAD_JPY,2023-06-26T19:55:00,LONG,-9.892,14.59,20,14,0
AUD_CAD_JPY,2023-06-27T20:05:00,LONG,-4.422,1.71,75,15,0
AUD_CAD_JPY,2023-06-27T20:25:00,LONG,-4.695,1.63,55,15,0
AUD_CAD_JPY,2023-06-27T20:55:00,LONG,-3.478,1.23,25,15,0
AUD_CAD_JPY,2023-06-28T15:25:00,SHORT,3.653,0.71,5,10,0
AUD_CAD_JPY,2023-06-28T20:00:00,LONG,-16.226,8.02,385,15,0
AUD_CAD_JPY,2023-06-29T18:40:00,LONG,-3.695,0.68,20,13,0
AUD_CAD_JPY,2023-06-29T18:55:00,LONG,-3.019,0.58,5,13,0
AUD_CAD_JPY,2023-06-29T20:00:00,LONG,-31.994,6.52,665,15,0
AUD_CAD_JPY,2023-06-29T20:20:00,SHORT,3.68,2.67,645,15,0
AUD_CAD_JPY,2023-06-29T20:40:00,SHORT,5.697,3.25,625,15,0
AUD_CAD_JPY,2023-06-29T21:00:00,SHORT,3.865,2.43,605,16,1
AUD_CAD_JPY,2023-06-29T21:10:00,SHORT,4.242,2.78,595,16,1
AUD_CAD_JPY,2023-06-30T12:55:00,LONG,-3.738,2.11,5,7,0
AUD_CAD_JPY,2023-07-02T20:00:00,LONG,-8.948,9.25,65,15,0
AUD_CAD_JPY,2023-07-03T19:55:00,LONG,-14.017,12.15,45,14,0
AUD_CAD_JPY,2023-07-03T20:15:00,LONG,-3.963,4.88,25,15,0
AUD_CAD_JPY,2023-07-03T20:55:00,LONG,-3.543,3.95,5,15,0
AUD_CAD_JPY,2023-07-04T20:00:00,LONG,-29.8,8.01,95,15,0
AUD_CAD_JPY,2023-07-04T20:40:00,LONG,-3.913,3.55,55,15,0
AUD_CAD_JPY,2023-07-05T19:55:00,SHORT,4.114,4.05,60,14,0
AUD_CAD_JPY,2023-07-05T20:40:00,LONG,-3.98,2.35,15,15,0
AUD_CAD_JPY,2023-07-06T11:25:00,LONG,-4.89,3.21,10,6,0
AUD_CAD_JPY,2023-07-06T19:55:00,LONG,-4.728,7.3,65,14,0
AUD_CAD_JPY,2023-07-06T20:40:00,LONG,-3.007,3.21,20,15,0
AUD_CAD_JPY,2023-07-07T19:40:00,LONG,-6.815,1.2,2960,14,0
AUD_CAD_JPY,2023-07-09T20:00:00,LONG,-19.596,17.58,60,15,0
AUD_CAD_JPY,2023-07-10T14:50:00,SHORT,5.227,0.81,5,9,0
AUD_CAD_JPY,2023-07-10T19:45:00,LONG,-5.838,0.88,75,14,0
AUD_CAD_JPY,2023-07-10T20:00:00,LONG,-3.628,2.73,60,15,0
AUD_CAD_JPY,2023-07-10T20:25:00,LONG,-3.953,3.17,35,15,0
AUD_CAD_JPY,2023-07-11T19:55:00,LONG,-3.98,3.2,75,14,0
AUD_CAD_JPY,2023-07-11T20:25:00,LONG,-4.712,1.62,45,15,0
AUD_CAD_JPY,2023-07-11T20:35:00,LONG,-5.147,1.87,35,15,0
AUD_CAD_JPY,2023-07-12T11:25:00,LONG,-5.733,2.52,5,6,0
AUD_CAD_JPY,2023-07-12T19:55:00,LONG,-8.591,8.68,60,14,0
AUD_CAD_JPY,2023-07-13T11:25:00,LONG,-3.441,3.27,5,6,0
AUD_CAD_JPY,2023-07-13T20:00:00,LONG,-22.444,6.67,55,15,0
AUD_CAD_JPY,2023-07-13T20:25:00,LONG,-3.874,3.14,30,15,0
AUD_CAD_JPY,2023-07-13T20:40:00,LONG,-3.073,2.63,15,15,0
AUD_CAD_JPY,2023-07-14T19:15:00,LONG,-3.618,0.61,10,14,0
AUD_CAD_JPY,2023-07-14T19:30:00,LONG,-3.256,0.57,2970,14,0
AUD_CAD_JPY,2023-07-14T19:50:00,LONG,-5.135,10.16,2950,14,0
AUD_CAD_JPY,2023-07-17T20:00:00,LONG,-31.257,5.43,75,15,0
AUD_CAD_JPY,2023-07-17T20:35:00,LONG,-6.288,3.67,40,15,0
AUD_CAD_JPY,2023-07-18T11:25:00,LONG,-6.392,4.33,5,6,0
AUD_CAD_JPY,2023-07-18T20:05:00,LONG,-11.037,5.74,60,15,0
AUD_CAD_JPY,2023-07-18T20:55:00,LONG,-5.923,5.15,10,15,0
AUD_CAD_JPY,2023-07-19T19:45:00,LONG,-3.021,0.46,70,14,0
AUD_CAD_JPY,2023-07-19T19:55:00,LONG,-7.418,9.64,60,14,0
AUD_CAD_JPY,2023-07-19T20:40:00,LONG,-3.721,3.81,15,15,0
AUD_CAD_JPY,2023-07-20T19:45:00,LONG,-3.839,0.79,65,14,0
AUD_CAD_JPY,2023-07-20T19:55:00,LONG,-7.83,4.08,55,14,0
AUD_CAD_JPY,2023-07-20T20:40:00,LONG,-3.79,6.23,10,15,0
AUD_CAD_JPY,2023-07-23T20:00:00,LONG,-56.408,11.9,65,15,0
AUD_CAD_JPY,2023-07-23T20:25:00,LONG,-4.186,3.74,40,15,0
AUD_CAD_JPY,2023-07-23T20:35:00,LONG,-3.451,3.23,30,15,0
AUD_CAD_JPY,2023-07-23T20:45:00,LONG,-4.099,5.91,20,15,0
AUD_CAD_JPY,2023-07-24T20:00:00,LONG,-13.084,4.49,85,15,0
AUD_CAD_JPY,2023-07-24T20:35:00,LONG,-7.578,4.1,50,15,0
AUD_CAD_JPY,2023-07-24T20:55:00,LONG,-6.865,4.47,30,15,0
AUD_CAD_JPY,2023-07-25T19:55:00,LONG,-3.728,11.42,70,14,0
AUD_CAD_JPY,2023-07-25T20:40:00,LONG,-3.639,3.99,25,15,0
AUD_CAD_JPY,2023-07-26T16:55:00,LONG,-27.808,4.81,20,11,0
AUD_CAD_JPY,2023-07-26T20:00:00,LONG,-15.822,5.91,40,15,0
AUD_CAD_JPY,2023-07-26T20:45:00,LONG,-4.468,6.98,20,15,0
AUD_CAD_JPY,2023-07-27T20:00:00,LONG,-24.171,10.29,25,15,0
AUD_CAD_JPY,2023-07-30T20:00:00,LONG,-38.295,9.46,25,15,0
AUD_CAD_JPY,2023-07-30T20:20:00,LONG,-8.379,8.83,5,15,0
AUD_CAD_JPY,2023-07-30T20:30:00,LONG,-5.196,6.36,35,15,0
AUD_CAD_JPY,2023-07-30T20:40:00,LONG,-3.238,5.7,25,15,0
AUD_CAD_JPY,2023-07-31T15:35:00,LONG,-3.763,0.59,5,10,0
AUD_CAD_JPY,2023-07-31T18:20:00,SHORT,3.096,0.49,5,13,0
AUD_CAD_JPY,2023-07-31T18:50:00,SHORT,3.869,0.63,15,13,0
AUD_CAD_JPY,2023-07-31T19:20:00,SHORT,3.975,0.69,20,14,0
AUD_CAD_JPY,2023-07-31T19:55:00,LONG,-4.334,6.55,45,14,0
AUD_CAD_JPY,2023-08-01T20:00:00,LONG,-11.605,7.47,40,15,0
AUD_CAD_JPY,2023-08-01T20:35:00,LONG,-11.473,8.34,5,15,0
AUD_CAD_JPY,2023-08-01T20:50:00,LONG,-3.959,3.74,15,15,0
AUD_CAD_JPY,2023-08-02T20:00:00,LONG,-26.217,7.29,70,15,0
AUD_CAD_JPY,2023-08-02T20:30:00,LONG,-7.792,7.36,40,15,0
AUD_CAD_JPY,2023-08-02T20:45:00,LONG,-3.05,3.33,25,15,0
AUD_CAD_JPY,2023-08-03T20:10:00,LONG,-3.398,2.58,670,15,0
AUD_CAD_JPY,2023-08-03T22:25:00,SHORT,3.458,1.84,535,17,1
AUD_CAD_JPY,2023-08-04T11:25:00,LONG,-12.834,8.72,5,6,0
AUD_CAD_JPY,2023-08-06T20:00:00,LONG,-24.169,16.0,110,15,0
AUD_CAD_JPY,2023-08-06T20:55:00,LONG,-3.184,6.33,55,15,0
AUD_CAD_JPY,2023-08-07T20:00:00,LONG,-7.558,7.01,60,15,0
AUD_CAD_JPY,2023-08-08T19:55:00,LONG,-14.849,11.51,130,14,0
AUD_CAD_JPY,2023-08-08T20:30:00,LONG,-4.306,4.18,95,15,0
AUD_CAD_JPY,2023-08-08T20:40:00,LONG,-3.541,3.63,85,15,0
AUD_CAD_JPY,2023-08-09T19:55:00,LONG,-21.865,5.24,40,14,0
AUD_CAD_JPY,2023-08-09T20:55:00,LONG,-3.901,2.62,5,15,0
AUD_CAD_JPY,2023-08-10T20:00:00,LONG,-32.153,10.79,60,15,0
AUD_CAD_JPY,2023-08-10T20:20:00,LONG,-4.169,3.94,40,15,0
AUD_CAD_JPY,2023-08-11T12:55:00,LONG,-3.487,1.97,10,7,0
AUD_CAD_JPY,2023-08-13T20:00:00,LONG,-40.547,10.0,70,15,0
AUD_CAD_JPY,2023-08-14T20:00:00,LONG,-19.803,3.09,50,15,0
AUD_CAD_JPY,2023-08-14T20:10:00,LONG,-3.274,4.17,40,15,0
AUD_CAD_JPY,2023-08-14T20:35:00,LONG,-3.393,2.08,15,15,0
AUD_CAD_JPY,2023-08-15T11:25:00,LONG,-3.31,1.86,5,6,0
AUD_CAD_JPY,2023-08-15T20:00:00,LONG,-4.238,1.7,30,15,0
AUD_CAD_JPY,2023-08-15T20:20:00,LONG,-3.119,0.87,10,15,0
AUD_CAD_JPY,2023-08-15T20:45:00,LONG,-5.722,1.64,45,15,0
AUD_CAD_JPY,2023-08-16T05:50:00,LONG,-3.031,0.87,15,0,0
AUD_CAD_JPY,2023-08-16T19:50:00,LONG,-3.252,0.61,85,14,0
AUD_CAD_JPY,2023-08-16T20:00:00,LONG,-26.683,12.27,75,15,0
AUD_CAD_JPY,2023-08-16T20:40:00,LONG,-3.037,6.3,35,15,0
AUD_CAD_JPY,2023-08-17T20:00:00,LONG,-40.501,9.31,80,15,0
AUD_CAD_JPY,2023-08-17T20:20:00,LONG,-4.123,4.56,60,15,0
AUD_CAD_JPY,2023-08-17T20:50:00,LONG,-3.317,4.06,30,15,0
AUD_CAD_JPY,2023-08-18T19:50:00,LONG,-5.548,7.81,2955,14,0
AUD_CAD_JPY,2023-08-20T20:55:00,LONG,-3.517,3.94,10,15,0
AUD_CAD_JPY,2023-08-21T20:00:00,LONG,-53.804,10.13,35,15,0
AUD_CAD_JPY,2023-08-21T20:20:00,LONG,-3.145,2.55,15,15,0
AUD_CAD_JPY,2023-08-22T20:00:00,LONG,-15.658,6.14,30,15,0
AUD_CAD_JPY,2023-08-23T11:25:00,LONG,-5.901,4.19,5,6,0
AUD_CAD_JPY,2023-08-23T12:40:00,LONG,-3.237,2.5,5,7,0
AUD_CAD_JPY,2023-08-23T20:00:00,LONG,-19.451,7.94,80,15,0
AUD_CAD_JPY,2023-08-23T20:20:00,LONG,-5.107,3.95,60,15,0
AUD_CAD_JPY,2023-08-23T20:50:00,LONG,-3.397,4.68,30,15,0
AUD_CAD_JPY,2023-08-24T19:55:00,SHORT,4.857,7.38,45,14,0
AUD_CAD_JPY,2023-08-25T16:05:00,SHORT,3.153,0.59,10,11,0
AUD_CAD_JPY,2023-08-27T20:00:00,LONG,-21.987,5.23,30,15,0
AUD_CAD_JPY,2023-08-27T20:40:00,LONG,-4.339,2.29,15,15,0
AUD_CAD_JPY,2023-08-27T20:50:00,LONG,-3.154,1.74,5,15,0
AUD_CAD_JPY,2023-08-28T20:00:00,LONG,-18.883,5.93,70,15,0
AUD_CAD_JPY,2023-08-28T20:55:00,LONG,-4.445,3.52,15,15,0
AUD_CAD_JPY,2023-08-29T20:00:00,LONG,-9.892,7.44,85,15,0
AUD_CAD_JPY,2023-08-29T20:25:00,LONG,-5.001,4.65,60,15,0
AUD_CAD_JPY,2023-08-30T20:00:00,LONG,-44.364,10.88,65,15,0
AUD_CAD_JPY,2023-08-30T20:35:00,LONG,-3.767,5.18,30,15,0
AUD_CAD_JPY,2023-08-31T11:25:00,LONG,-7.128,10.79,5,6,0
AUD_CAD_JPY,2023-08-31T20:00:00,LONG,-14.328,11.57,60,15,0
AUD_CAD_JPY,2023-09-01T19:40:00,LONG,-3.265,0.77,2960,14,0
AUD_CAD_JPY,2023-09-03T20:00:00,LONG,-58.725,15.72,60,15,0
AUD_CAD_JPY,2023-09-04T19:55:00,LONG,-6.942,5.18,65,14,0
AUD_CAD_JPY,2023-09-05T18:50:00,SHORT,3.484,0.61,130,13,0
AUD_CAD_JPY,2023-09-05T20:00:00,LONG,-53.869,11.01,60,15,0
AUD_CAD_JPY,2023-09-05T20:30:00,LONG,-3.484,6.21,30,15,0
AUD_CAD_JPY,2023-09-06T18:00:00,SHORT,3.074,0.58,10,13,0
AUD_CAD_JPY,2023-09-06T19:45:00,SHORT,3.348,0.64,80,14,0
AUD_CAD_JPY,2023-09-06T19:55:00,LONG,-9.208,11.88,70,14,0
AUD_CAD_JPY,2023-09-07T20:00:00,LONG,-29.865,7.32,80,15,0
AUD_CAD_JPY,2023-09-07T20:20:00,LONG,-3.107,2.23,60,15,0
AUD_CAD_JPY,2023-09-07T20:40:00,LONG,-4.441,3.38,40,15,0
AUD_CAD_JPY,2023-09-07T20:50:00,LONG,-4.835,3.89,30,15,0
AUD_CAD_JPY,2023-09-08T11:25:00,LONG,-3.144,2.7,5,6,0
AUD_CAD_JPY,2023-09-10T20:00:00,LONG,-35.691,18.53,70,15,0
AUD_CAD_JPY,2023-09-10T20:45:00,LONG,-3.038,6.42,25,15,0
AUD_CAD_JPY,2023-09-11T19:55:00,LONG,-16.463,5.95,75,14,0
AUD_CAD_JPY,2023-09-11T20:45:00,LONG,-3.503,3.91,25,15,0
AUD_CAD_JPY,2023-09-12T19:30:00,LONG,-3.604,0.51,90,14,0
AUD_CAD_JPY,2023-09-12T20:00:00,LONG,-51.501,7.85,60,15,0
AUD_CAD_JPY,2023-09-12T20:20:00,LONG,-6.216,5.04,40,15,0
AUD_CAD_JPY,2023-09-12T20:55:00,LONG,-3.294,3.33,5,15,0
AUD_CAD_JPY,2023-09-13T20:00:00,LONG,-45.541,11.4,60,15,0
AUD_CAD_JPY,2023-09-13T20:50:00,LONG,-3.468,4.82,10,15,0
AUD_CAD_JPY,2023-09-14T20:00:00,LONG,-32.564,9.42,60,15,0
AUD_CAD_JPY,2023-09-14T20:40:00,LONG,-3.183,9.45,20,15,0
AUD_CAD_JPY,2023-09-17T20:00:00,LONG,-25.935,8.44,45,15,0
AUD_CAD_JPY,2023-09-17T20:40:00,LONG,-3.574,4.44,5,15,0
AUD_CAD_JPY,2023-09-18T20:00:00,LONG,-14.626,5.69,60,15,0
AUD_CAD_JPY,2023-09-19T11:25:00,LONG,-4.211,3.95,5,6,0
AUD_CAD_JPY,2023-09-19T20:00:00,LONG,-12.075,4.08,65,15,0
AUD_CAD_JPY,2023-09-19T20:30:00,LONG,-7.576,4.62,35,15,0
AUD_CAD_JPY,2023-09-19T20:50:00,LONG,-3.709,2.73,15,15,0
AUD_CAD_JPY,2023-09-20T16:50:00,LONG,-3.061,3.87,15,11,0
AUD_CAD_JPY,2023-09-20T20:00:00,LONG,-34.255,12.94,70,15,0
AUD_CAD_JPY,2023-09-20T20:55:00,LONG,-3.005,3.98,15,15,0
AUD_CAD_JPY,2023-09-21T20:00:00,LONG,-11.319,10.01,75,15,0
AUD_CAD_JPY,2023-09-21T20:50:00,LONG,-3.726,3.99,25,15,0
AUD_CAD_JPY,2023-09-24T20:00:00,LONG,-96.678,20.32,60,15,0
AUD_CAD_JPY,2023-09-24T20:45:00,LONG,-3.508,8.78,15,15,0
AUD_CAD_JPY,2023-09-25T19:50:00,LONG,-3.982,0.64,70,14,0
AUD_CAD_JPY,2023-09-25T20:05:00,LONG,-6.074,7.36,55,15,0
AUD_CAD_JPY,2023-09-26T19:55:00,LONG,-3.865,8.47,95,14,0
AUD_CAD_JPY,2023-09-26T20:50:00,LONG,-3.173,4.09,40,15,0
AUD_CAD_JPY,2023-09-27T16:20:00,LONG,-3.07,0.62,10,11,0
AUD_CAD_JPY,2023-09-27T19:35:00,LONG,-3.066,0.63,15,14,0
AUD_CAD_JPY,2023-09-27T20:00:00,LONG,-71.849,15.5,60,15,0
AUD_CAD_JPY,2023-09-28T20:05:00,LONG,-36.327,8.09,30,15,0
AUD_CAD_JPY,2023-09-29T19:40:00,LONG,-12.02,3.66,10,14,0
AUD_CAD_JPY,2023-10-01T20:00:00,LONG,-40.712,16.24,110,15,0
AUD_CAD_JPY,2023-10-02T20:00:00,LONG,-46.818,11.23,60,15,0
AUD_CAD_JPY,2023-10-02T20:30:00,LONG,-3.919,4.42,30,15,0
AUD_CAD_JPY,2023-10-03T19:55:00,LONG,-15.919,4.57,75,14,0
AUD_CAD_JPY,2023-10-03T20:15:00,LONG,-6.706,3.91,55,15,0
AUD_CAD_JPY,2023-10-04T11:10:00,LONG,-9.213,6.25,5,6,0
AUD_CAD_JPY,2023-10-04T12:55:00,SHORT,3.572,2.6,5,7,0
AUD_CAD_JPY,2023-10-04T20:00:00,LONG,-8.342,8.04,45,15,0
AUD_CAD_JPY,2023-10-04T20:25:00,LONG,-5.006,7.3,20,15,0
AUD_CAD_JPY,2023-10-04T20:55:00,LONG,-4.626,5.48,15,15,0
AUD_CAD_JPY,2023-10-05T20:00:00,LONG,-13.109,3.77,35,15,0
AUD_CAD_JPY,2023-10-06T11:25:00,LONG,-14.978,7.27,5,6,0
AUD_CAD_JPY,2023-10-08T20:00:00,LONG,-13.173,7.41,75,15,0
AUD_CAD_JPY,2023-10-09T20:00:00,LONG,-45.029,9.82,65,15,0
AUD_CAD_JPY,2023-10-09T20:20:00,LONG,-3.033,5.71,45,15,0
AUD_CAD_JPY,2023-10-09T20:50:00,LONG,-3.23,4.64,15,15,0
AUD_CAD_JPY,2023-10-10T20:00:00,LONG,-13.797,2.8,60,15,0
AUD_CAD_JPY,2023-10-11T16:55:00,LONG,-9.238,1.84,5,11,0
AUD_CAD_JPY,2023-10-11T19:30:00,LONG,-3.41,0.8,90,14,0
AUD_CAD_JPY,2023-10-11T19:55:00,LONG,-4.107,9.1,65,14,0
AUD_CAD_JPY,2023-10-11T20:35:00,LONG,-3.204,2.97,25,15,0
AUD_CAD_JPY,2023-10-12T11:25:00,LONG,-6.479,6.13,5,6,0
AUD_CAD_JPY,2023-10-12T20:00:00,LONG,-8.665,5.73,80,15,0
AUD_CAD_JPY,2023-10-12T20:35:00,LONG,-3.012,2.66,45,15,0
AUD_CAD_JPY,2023-10-12T20:50:00,LONG,-3.445,3.15,30,15,0
AUD_CAD_JPY,2023-10-13T16:25:00,LONG,-3.045,0.64,50,11,0
AUD_CAD_JPY,2023-10-13T19:35:00,LONG,-4.642,1.37,2965,14,0
AUD_CAD_JPY,2023-10-15T20:00:00,LONG,-112.575,29.36,60,15,0
AUD_CAD_JPY,2023-10-15T20:40:00,LONG,-4.376,16.53,20,15,0
AUD_CAD_JPY,2023-10-16T20:05:00,LONG,-8.107,3.75,70,15,0
AUD_CAD_JPY,2023-10-17T11:25:00,LONG,-5.41,3.15,10,6,0
AUD_CAD_JPY,2023-10-17T20:00:00,LONG,-16.948,4.94,90,15,0
AUD_CAD_JPY,2023-10-17T20:15:00,LONG,-3.514,1.95,75,15,0
AUD_CAD_JPY,2023-10-17T20:45:00,LONG,-5.135,3.13,45,15,0
AUD_CAD_JPY,2023-10-18T20:00:00,LONG,-9.204,3.43,120,15,0
AUD_CAD_JPY,2023-10-19T20:00:00,LONG,-23.676,4.72,15,15,0
AUD_CAD_JPY,2023-10-19T20:20:00,LONG,-8.131,3.99,45,15,0
AUD_CAD_JPY,2023-10-19T20:40:00,LONG,-3.856,2.84,25,15,0
AUD_CAD_JPY,2023-10-19T20:55:00,LONG,-4.664,3.24,10,15,0
AUD_CAD_JPY,2023-10-20T11:25:00,LONG,-3.436,2.64,5,6,0
AUD_CAD_JPY,2023-10-20T17:35:00,LONG,-3.195,1.03,5,12,0
AUD_CAD_JPY,2023-10-22T20:00:00,LONG,-39.684,26.75,50,15,0
AUD_CAD_JPY,2023-10-23T20:00:00,LONG,-20.914,5.72,60,15,0
AUD_CAD_JPY,2023-10-23T20:30:00,LONG,-5.477,4.43,30,15,0
AUD_CAD_JPY,2023-10-24T19:20:00,SHORT,3.837,0.92,5,14,0
AUD_CAD_JPY,2023-10-24T20:00:00,LONG,-18.466,5.8,75,15,0
AUD_CAD_JPY,2023-10-24T20:30:00,LONG,-3.093,4.32,45,15,0
AUD_CAD_JPY,2023-10-24T20:55:00,LONG,-3.299,2.78,20,15,0
AUD_CAD_JPY,2023-10-24T23:25:00,LONG,-5.871,5.3,5,18,1
AUD_CAD_JPY,2023-10-25T12:55:00,LONG,-13.079,11.33,5,7,0
AUD_CAD_JPY,2023-10-25T20:25:00,LONG,-4.839,4.49,50,15,0
AUD_CAD_JPY,2023-10-25T20:50:00,LONG,-3.436,3.6,25,15,0
AUD_CAD_JPY,2023-10-26T19:55:00,LONG,-4.273,7.88,70,14,0
AUD_CAD_JPY,2023-10-27T12:55:00,LONG,-5.621,6.12,5,7,0
AUD_CAD_JPY,2023-10-29T20:00:00,LONG,-17.961,14.98,65,15,0
AUD_CAD_JPY,2023-10-30T20:00:00,LONG,-38.831,8.93,35,15,0
AUD_CAD_JPY,2023-10-31T11:25:00,LONG,-11.489,11.36,5,6,0
AUD_CAD_JPY,2023-10-31T20:00:00,LONG,-6.994,5.91,60,15,0
AUD_CAD_JPY,2023-10-31T20:15:00,LONG,-7.043,12.05,45,15,0
AUD_CAD_JPY,2023-10-31T20:55:00,LONG,-3.082,5.19,5,15,0
AUD_CAD_JPY,2023-11-01T12:55:00,LONG,-4.456,5.96,5,7,0
AUD_CAD_JPY,2023-11-01T16:55:00,LONG,-4.673,2.49,10,11,0
AUD_CAD_JPY,2023-11-01T20:00:00,LONG,-8.546,4.84,15,15,0
AUD_CAD_JPY,2023-11-01T20:30:00,LONG,-6.097,4.04,20,15,0
AUD_CAD_JPY,2023-11-02T11:25:00,LONG,-17.625,12.7,10,6,0
AUD_CAD_JPY,2023-11-02T20:20:00,LONG,-4.496,4.61,25,15,0
AUD_CAD_JPY,2023-11-02T20:35:00,LONG,-3.313,3.61,10,15,0
AUD_CAD_JPY,2023-11-03T11:25:00,LONG,-9.263,7.52,5,6,0
AUD_CAD_JPY,2023-11-05T19:05:00,LONG,-7.17,5.53,65,14,0
AUD_CAD_JPY,2023-11-05T19:40:00,LONG,-3.317,3.3,30,14,0
AUD_CAD_JPY,2023-11-06T19:00:00,LONG,-14.504,7.23,60,14,0
AUD_CAD_JPY,2023-11-06T19:40:00,LONG,-5.161,5.8,20,14,0
AUD_CAD_JPY,2023-11-06T19:55:00,LONG,-7.178,8.88,5,14,0
AUD_CAD_JPY,2023-11-07T00:25:00,LONG,-7.227,10.05,5,19,0
AUD_CAD_JPY,2023-11-07T18:00:00,SHORT,3.202,0.69,5,13,0
AUD_CAD_JPY,2023-11-07T18:10:00,SHORT,3.294,0.72,5,13,0
AUD_CAD_JPY,2023-11-07T19:00:00,LONG,-16.117,5.01,25,14,0
AUD_CAD_JPY,2023-11-07T19:30:00,LONG,-3.184,2.01,30,14,0
AUD_CAD_JPY,2023-11-08T18:40:00,LONG,-5.022,1.14,5,13,0
AUD_CAD_JPY,2023-11-08T19:00:00,LONG,-17.578,4.41,270,14,0
AUD_CAD_JPY,2023-11-09T19:00:00,LONG,-7.248,2.3,45,14,0
AUD_CAD_JPY,2023-11-09T19:25:00,LONG,-6.899,2.37,20,14,0
AUD_CAD_JPY,2023-11-09T19:55:00,LONG,-8.277,3.33,10,14,0
AUD_CAD_JPY,2023-11-10T15:10:00,LONG,-3.919,1.05,15,10,0
AUD_CAD_JPY,2023-11-12T19:00:00,LONG,-32.526,10.7,60,14,0
AUD_CAD_JPY,2023-11-12T19:35:00,LONG,-6.238,17.72,25,14,0
AUD_CAD_JPY,2023-11-13T18:55:00,LONG,-28.316,8.22,50,13,0
AUD_CAD_JPY,2023-11-13T19:50:00,LONG,-7.271,11.16,10,14,0
AUD_CAD_JPY,2023-11-14T10:25:00,LONG,-6.312,10.94,5,5,0
AUD_CAD_JPY,2023-11-14T19:00:00,LONG,-6.002,7.34,60,14,0
AUD_CAD_JPY,2023-11-14T19:30:00,LONG,-3.153,3.53,30,14,0
AUD_CAD_JPY,2023-11-14T19:50:00,LONG,-3.382,4.08,10,14,0
AUD_CAD_JPY,2023-11-15T18:40:00,SHORT,3.187,0.85,80,13,0
AUD_CAD_JPY,2023-11-15T19:00:00,LONG,-8.554,7.99,60,14,0
AUD_CAD_JPY,2023-11-15T19:30:00,LONG,-6.772,6.41,30,14,0
AUD_CAD_JPY,2023-11-15T19:45:00,LONG,-4.028,5.93,15,14,0
AUD_CAD_JPY,2023-11-16T18:00:00,LONG,-3.378,0.95,45,13,0
AUD_CAD_JPY,2023-11-16T19:00:00,LONG,-19.418,8.57,60,14,0
AUD_CAD_JPY,2023-11-16T19:30:00,LONG,-3.552,3.76,30,14,0
AUD_CAD_JPY,2023-11-16T19:50:00,LONG,-7.039,7.92,10,14,0
AUD_CAD_JPY,2023-11-17T17:20:00,LONG,-3.608,0.98,10,12,0
AUD_CAD_JPY,2023-11-19T19:00:00,LONG,-44.48,12.61,65,14,0
AUD_CAD_JPY,2023-11-19T19:10:00,LONG,-7.555,19.34,55,14,0
AUD_CAD_JPY,2023-11-19T19:40:00,LONG,-3.131,6.79,25,14,0
AUD_CAD_JPY,2023-11-19T19:55:00,LONG,-3.127,7.06,10,14,0
AUD_CAD_JPY,2023-11-20T16:30:00,SHORT,3.234,0.74,25,11,0
AUD_CAD_JPY,2023-11-20T19:00:00,LONG,-16.42,7.73,60,14,0
AUD_CAD_JPY,2023-11-20T19:50:00,LONG,-4.638,5.07,10,14,0
AUD_CAD_JPY,2023-11-21T18:45:00,LONG,-3.376,1.15,85,13,0
AUD_CAD_JPY,2023-11-21T19:00:00,LONG,-10.316,5.02,70,14,0
AUD_CAD_JPY,2023-11-21T19:25:00,LONG,-6.042,5.63,45,14,0
AUD_CAD_JPY,2023-11-21T19:50:00,LONG,-3.834,5.83,20,14,0
AUD_CAD_JPY,2023-11-22T11:55:00,LONG,-4.948,4.2,5,6,0
AUD_CAD_JPY,2023-11-22T19:00:00,LONG,-17.823,7.11,45,14,0
AUD_CAD_JPY,2023-11-23T14:20:00,LONG,-3.435,0.88,35,9,0
AUD_CAD_JPY,2023-11-23T14:30:00,LONG,-3.909,1.03,25,9,0
AUD_CAD_JPY,2023-11-23T16:15:00,LONG,-3.021,0.85,5,11,0
AUD_CAD_JPY,2023-11-23T18:55:00,LONG,-30.373,9.37,65,13,0
AUD_CAD_JPY,2023-11-23T19:10:00,LONG,-3.555,5.85,50,14,0
AUD_CAD_JPY,2023-11-23T19:40:00,LONG,-3.65,5.61,20,14,0
AUD_CAD_JPY,2023-11-24T15:10:00,LONG,-3.464,1.16,30,10,0
AUD_CAD_JPY,2023-11-24T15:25:00,LONG,-6.348,2.21,15,10,0
AUD_CAD_JPY,2023-11-24T15:35:00,LONG,-6.244,2.4,5,10,0
AUD_CAD_JPY,2023-11-24T15:45:00,LONG,-22.575,9.51,35,10,0
AUD_CAD_JPY,2023-11-24T16:25:00,LONG,-3.761,3.1,50,11,0
AUD_CAD_JPY,2023-11-24T17:25:00,LONG,-4.352,3.82,3035,12,0
AUD_CAD_JPY,2023-11-24T17:40:00,LONG,-4.649,6.56,3020,12,0
AUD_CAD_JPY,2023-11-24T18:00:00,LONG,-7.721,12.44,3000,13,0
AUD_CAD_JPY,2023-11-24T18:40:00,LONG,-3.557,6.39,2960,13,0
AUD_CAD_JPY,2023-11-26T19:00:00,LONG,-5.508,10.52,60,14,0
AUD_CAD_JPY,2023-11-27T15:50:00,LONG,-3.461,0.72,25,10,0
AUD_CAD_JPY,2023-11-27T18:00:00,LONG,-4.097,0.92,5,13,0
AUD_CAD_JPY,2023-11-27T18:55:00,LONG,-4.409,2.08,65,13,0
AUD_CAD_JPY,2023-11-27T19:15:00,LONG,-5.493,3.98,45,14,0
AUD_CAD_JPY,2023-11-27T19:50:00,LONG,-7.029,3.99,10,14,0
AUD_CAD_JPY,2023-11-28T17:45:00,SHORT,3.11,0.76,20,12,0
AUD_CAD_JPY,2023-11-28T19:00:00,LONG,-17.097,4.18,45,14,0
AUD_CAD_JPY,2023-11-28T19:15:00,LONG,-6.082,3.49,30,14,0
AUD_CAD_JPY,2023-11-28T20:00:00,LONG,-3.631,2.2,10,15,0
AUD_CAD_JPY,2023-11-28T21:25:00,LONG,-3.223,2.07,5,16,1
AUD_CAD_JPY,2023-11-29T15:50:00,LONG,-3.325,0.75,10,10,0
AUD_CAD_JPY,2023-11-29T16:20:00,SHORT,3.078,0.71,15,11,0
AUD_CAD_JPY,2023-11-29T17:25:00,LONG,-3.231,0.75,25,12,0
AUD_CAD_JPY,2023-11-29T18:20:00,SHORT,3.239,0.79,5,13,0
AUD_CAD_JPY,2023-11-29T19:00:00,LONG,-21.047,6.78,45,14,0
AUD_CAD_JPY,2023-11-30T10:25:00,LONG,-6.28,6.15,5,5,0
AUD_CAD_JPY,2023-11-30T19:00:00,LONG,-14.618,7.28,60,14,0
AUD_CAD_JPY,2023-11-30T19:40:00,LONG,-3.558,4.06,20,14,0
AUD_CAD_JPY,2023-12-01T10:25:00,LONG,-4.827,4.26,10,5,0
AUD_CAD_JPY,2023-12-01T11:55:00,LONG,-4.672,3.37,5,6,0
AUD_CAD_JPY,2023-12-03T19:00:00,LONG,-21.486,10.43,60,14,0
AUD_CAD_JPY,2023-12-03T19:45:00,LONG,-3.654,5.51,15,14,0
AUD_CAD_JPY,2023-12-03T19:55:00,LONG,-3.001,4.72,5,14,0
AUD_CAD_JPY,2023-12-04T15:15:00,LONG,-3.234,0.75,25,10,0
AUD_CAD_JPY,2023-12-04T16:10:00,LONG,-3.753,0.81,5,11,0
AUD_CAD_JPY,2023-12-04T18:40:00,LONG,-4.075,0.88,90,13,0
AUD_CAD_JPY,2023-12-04T19:00:00,LONG,-23.617,5.82,70,14,0
AUD_CAD_JPY,2023-12-05T11:55:00,LONG,-14.961,13.03,5,6,0
AUD_CAD_JPY,2023-12-05T19:00:00,LONG,-3.1,4.43,60,14,0
AUD_CAD_JPY,2023-12-06T10:10:00,LONG,-3.434,2.89,5,5,0
AUD_CAD_JPY,2023-12-06T17:10:00,LONG,-3.05,1.07,10,12,0
AUD_CAD_JPY,2023-12-06T19:00:00,LONG,-14.929,6.67,60,14,0
AUD_CAD_JPY,2023-12-06T19:40:00,LONG,-4.212,4.14,20,14,0
AUD_CAD_JPY,2023-12-07T10:25:00,LONG,-12.996,14.05,5,5,0
AUD_CAD_JPY,2023-12-07T19:00:00,LONG,-4.42,8.18,65,14,0
AUD_CAD_JPY,2023-12-07T19:30:00,LONG,-3.09,4.37,35,14,0
AUD_CAD_JPY,2023-12-08T10:25:00,LONG,-4.456,5.49,5,5,0
AUD_CAD_JPY,2023-12-08T11:55:00,LONG,-7.023,8.48,5,6,0
AUD_CAD_JPY,2023-12-10T19:00:00,LONG,-10.405,8.22,60,14,0
AUD_CAD_JPY,2023-12-10T19:25:00,LONG,-3.658,8.76,35,14,0
AUD_CAD_JPY,2023-12-11T16:05:00,LONG,-3.356,0.74,5,11,0
AUD_CAD_JPY,2023-12-11T18:05:00,LONG,-3.119,0.66,20,13,0
AUD_CAD_JPY,2023-12-11T18:20:00,SHORT,3.063,0.67,5,13,0
AUD_CAD_JPY,2023-12-11T18:30:00,SHORT,3.437,0.77,100,13,0
AUD_CAD_JPY,2023-12-11T18:40:00,LONG,-3.975,0.92,90,13,0
AUD_CAD_JPY,2023-12-11T19:00:00,LONG,-21.869,5.46,70,14,0
AUD_CAD_JPY,2023-12-11T19:30:00,LONG,-4.323,2.54,40,14,0
AUD_CAD_JPY,2023-12-11T19:45:00,LONG,-4.569,2.84,25,14,0
AUD_CAD_JPY,2023-12-11T19:55:00,LONG,-3.118,2.06,15,14,0
AUD_CAD_JPY,2023-12-12T10:25:00,LONG,-12.354,8.84,5,5,0
AUD_CAD_JPY,2023-12-12T19:05:00,SHORT,7.194,4.94,50,14,0
AUD_CAD_JPY,2023-12-12T19:15:00,LONG,-5.446,4.87,40,14,0
AUD_CAD_JPY,2023-12-13T15:55:00,LONG,-31.321,9.31,10,10,0
AUD_CAD_JPY,2023-12-13T18:40:00,LONG,-9.347,6.69,10,13,0
AUD_CAD_JPY,2023-12-13T19:00:00,LONG,-7.477,6.53,65,14,0
AUD_CAD_JPY,2023-12-13T19:35:00,LONG,-3.423,3.83,30,14,0
AUD_CAD_JPY,2023-12-14T18:55:00,LONG,-3.696,6.17,90,13,0
AUD_CAD_JPY,2023-12-15T18:40:00,LONG,-3.323,0.86,2960,13,0
AUD_CAD_JPY,2023-12-15T18:50:00,LONG,-4.434,12.76,2950,13,0
AUD_CAD_JPY,2023-12-18T19:00:00,LONG,-21.753,7.36,65,14,0
AUD_CAD_JPY,2023-12-18T19:35:00,LONG,-4.454,5.39,30,14,0
AUD_CAD_JPY,2023-12-19T19:00:00,LONG,-53.274,12.88,60,14,0
AUD_CAD_JPY,2023-12-19T19:40:00,LONG,-3.43,3.73,20,14,0
AUD_CAD_JPY,2023-12-20T19:00:00,LONG,-9.106,3.24,75,14,0
AUD_CAD_JPY,2023-12-20T19:35:00,LONG,-12.127,5.47,40,14,0
AUD_CAD_JPY,2023-12-21T10:25:00,LONG,-6.403,4.44,5,5,0
AUD_CAD_JPY,2023-12-21T18:55:00,LONG,-4.608,5.87,35,13,0
AUD_CAD_JPY,2023-12-22T11:55:00,LONG,-4.288,3.42,5,6,0
AUD_CAD_JPY,2023-12-22T18:35:00,LONG,-3.312,36.22,3190,13,0
AUD_CAD_JPY,2023-12-24T20:40:00,LONG,-3.159,35.11,185,15,0
AUD_CAD_JPY,2023-12-24T21:05:00,LONG,-3.118,30.49,160,16,1
AUD_CAD_JPY,2023-12-26T18:45:00,LONG,-4.887,1.14,10,13,0
AUD_CAD_JPY,2023-12-26T19:00:00,LONG,-7.532,7.3,70,14,0
AUD_CAD_JPY,2023-12-27T17:25:00,LONG,-3.524,0.65,5,12,0
AUD_CAD_JPY,2023-12-27T18:10:00,LONG,-3.187,0.61,140,13,0
AUD_CAD_JPY,2023-12-27T19:00:00,LONG,-22.773,9.85,90,14,0
AUD_CAD_JPY,2023-12-27T19:55:00,LONG,-5.022,6.83,35,14,0
AUD_CAD_JPY,2023-12-28T18:40:00,LONG,-4.483,1.93,85,13,0
AUD_CAD_JPY,2023-12-28T19:00:00,LONG,-10.53,4.87,65,14,0
AUD_CAD_JPY,2023-12-28T19:10:00,LONG,-11.968,6.9,55,14,0
AUD_CAD_JPY,2023-12-28T19:55:00,LONG,-3.99,3.8,10,14,0
AUD_CAD_JPY,2023-12-29T18:20:00,LONG,-3.282,0.71,4395,13,0
AUD_CAD_JPY,2023-12-29T18:30:00,LONG,-3.428,0.76,4385,13,0
AUD_CAD_JPY,2023-12-29T18:40:00,LONG,-5.146,1.4,4375,13,0
AUD_CAD_JPY,2024-01-01T15:00:00,LONG,-141.415,37.34,275,10,0
AUD_CAD_JPY,2024-01-01T17:05:00,LONG,-3.433,24.44,150,12,0
AUD_CAD_JPY,2024-01-01T17:25:00,LONG,-3.893,25.84,130,12,0
AUD_CAD_JPY,2024-01-02T14:10:00,LONG,-3.184,0.76,65,9,0
AUD_CAD_JPY,2024-01-02T18:55:00,LONG,-7.699,4.11,65,13,0
AUD_CAD_JPY,2024-01-02T19:45:00,LONG,-5.483,3.41,15,14,0
AUD_CAD_JPY,2024-01-03T11:55:00,LONG,-10.716,7.14,5,6,0
AUD_CAD_JPY,2024-01-03T15:55:00,LONG,-3.57,1.94,5,10,0
AUD_CAD_JPY,2024-01-03T18:55:00,LONG,-3.61,5.03,110,13,0
AUD_CAD_JPY,2024-01-03T19:40:00,LONG,-3.021,2.79,65,14,0
AUD_CAD_JPY,2024-01-03T19:55:00,LONG,-3.169,3.08,50,14,0
AUD_CAD_JPY,2024-01-04T10:10:00,LONG,-13.867,11.37,5,5,0
AUD_CAD_JPY,2024-01-04T19:00:00,LONG,-8.889,7.73,60,14,0
AUD_CAD_JPY,2024-01-05T10:25:00,LONG,-22.352,19.01,5,5,0
AUD_CAD_JPY,2024-01-07T19:00:00,LONG,-3.259,20.37,60,14,0
AUD_CAD_JPY,2024-01-08T14:50:00,SHORT,3.341,0.66,15,9,0
AUD_CAD_JPY,2024-01-08T19:00:00,LONG,-6.91,4.14,65,14,0
AUD_CAD_JPY,2024-01-09T14:05:00,LONG,-3.156,0.64,15,9,0
AUD_CAD_JPY,2024-01-09T16:35:00,LONG,-5.918,1.17,5,11,0
AUD_CAD_JPY,2024-01-09T19:00:00,LONG,-40.216,8.88,40,14,0
AUD_CAD_JPY,2024-01-09T19:35:00,LONG,-3.412,4.34,5,14,0
AUD_CAD_JPY,2024-01-10T19:00:00,LONG,-40.526,8.42,35,14,0
AUD_CAD_JPY,2024-01-10T19:30:00,LONG,-5.762,6.31,5,14,0
AUD_CAD_JPY,2024-01-10T19:40:00,LONG,-4.326,5.16,20,14,0
AUD_CAD_JPY,2024-01-11T10:25:00,LONG,-4.015,5.25,5,5,0
AUD_CAD_JPY,2024-01-11T19:00:00,LONG,-5.195,10.32,60,14,0
AUD_CAD_JPY,2024-01-11T19:50:00,LONG,-3.469,4.28,10,14,0
AUD_CAD_JPY,2024-01-12T18:45:00,LONG,-6.947,21.33,2955,13,0
AUD_CAD_JPY,2024-01-14T19:55:00,LONG,-3.42,8.05,5,14,0
AUD_CAD_JPY,2024-01-15T17:25:00,LONG,-3.324,0.62,45,12,0
AUD_CAD_JPY,2024-01-15T18:40:00,LONG,-3.447,0.64,5,13,0
AUD_CAD_JPY,2024-01-15T18:55:00,LONG,-16.481,3.14,75,13,0
AUD_CAD_JPY,2024-01-15T19:20:00,LONG,-8.255,3.33,50,14,0
AUD_CAD_JPY,2024-01-15T19:40:00,LONG,-3.144,3.2,30,14,0
AUD_CAD_JPY,2024-01-16T10:25:00,LONG,-7.37,4.67,5,5,0
AUD_CAD_JPY,2024-01-16T13:20:00,LONG,-3.252,1.31,5,8,0
AUD_CAD_JPY,2024-01-16T19:00:00,LONG,-24.459,10.05,60,14,0
AUD_CAD_JPY,2024-01-16T19:40:00,LONG,-4.105,5.35,20,14,0
AUD_CAD_JPY,2024-01-17T19:00:00,LONG,-23.184,18.18,45,14,0
AUD_CAD_JPY,2024-01-18T19:00:00,LONG,-5.055,2.36,70,14,0
AUD_CAD_JPY,2024-01-18T19:20:00,LONG,-9.375,8.56,50,14,0
AUD_CAD_JPY,2024-01-19T10:25:00,LONG,-3.599,3.69,5,5,0
AUD_CAD_JPY,2024-01-19T11:55:00,LONG,-4.041,4.23,5,6,0
AUD_CAD_JPY,2024-01-21T19:00:00,LONG,-17.714,15.58,60,14,0
AUD_CAD_JPY,2024-01-22T19:00:00,LONG,-35.461,5.71,65,14,0
AUD_CAD_JPY,2024-01-23T18:55:00,LONG,-3.06,0.46,825,13,0
AUD_CAD_JPY,2024-01-23T19:05:00,LONG,-11.236,1.72,815,14,0
AUD_CAD_JPY,2024-01-23T19:25:00,SHORT,12.494,3.35,795,14,0
AUD_CAD_JPY,2024-01-23T19:55:00,LONG,-3.356,4.08,765,14,0
AUD_CAD_JPY,2024-01-24T19:00:00,LONG,-45.57,8.62,450,14,0
AUD_CAD_JPY,2024-01-24T19:45:00,LONG,-3.725,5.97,405,14,0
AUD_CAD_JPY,2024-01-25T19:00:00,LONG,-12.031,4.53,480,14,0
AUD_CAD_JPY,2024-01-25T19:45:00,LONG,-3.374,5.69,435,14,0
AUD_CAD_JPY,2024-01-28T19:00:00,LONG,-123.301,19.69,65,14,0
AUD_CAD_JPY,2024-01-29T18:50:00,LONG,-3.888,8.0,70,13,0
AUD_CAD_JPY,2024-01-29T19:30:00,LONG,-4.424,4.61,30,14,0
AUD_CAD_JPY,2024-01-30T18:00:00,LONG,-3.132,0.92,15,13,0
AUD_CAD_JPY,2024-01-30T19:00:00,LONG,-10.713,8.35,60,14,0
AUD_CAD_JPY,2024-01-31T15:55:00,LONG,-14.149,2.49,10,10,0
AUD_CAD_JPY,2024-01-31T16:35:00,LONG,-3.315,0.84,5,11,0
AUD_CAD_JPY,2024-01-31T17:00:00,LONG,-3.089,0.81,10,12,0
AUD_CAD_JPY,2024-01-31T18:45:00,LONG,-3.005,0.81,75,13,0
AUD_CAD_JPY,2024-01-31T19:00:00,LONG,-21.442,6.76,60,14,0
AUD_CAD_JPY,2024-01-31T19:30:00,LONG,-6.762,6.17,30,14,0
AUD_CAD_JPY,2024-01-31T19:55:00,LONG,-3.409,3.8,5,14,0
AUD_CAD_JPY,2024-02-01T10:25:00,LONG,-10.648,12.05,5,5,0
AUD_CAD_JPY,2024-02-01T19:00:00,LONG,-3.325,3.12,50,14,0
AUD_CAD_JPY,2024-02-01T19:10:00,LONG,-3.547,3.42,40,14,0
AUD_CAD_JPY,2024-02-01T19:20:00,LONG,-3.538,4.09,30,14,0
AUD_CAD_JPY,2024-02-01T19:40:00,LONG,-3.221,3.54,10,14,0
AUD_CAD_JPY,2024-02-02T10:25:00,LONG,-4.929,3.73,5,5,0
AUD_CAD_JPY,2024-02-02T11:55:00,LONG,-4.745,3.64,5,6,0
AUD_CAD_JPY,2024-02-04T19:00:00,LONG,-18.59,9.81,35,14,0
AUD_CAD_JPY,2024-02-04T19:40:00,LONG,-7.036,11.7,20,14,0
AUD_CAD_JPY,2024-02-05T18:40:00,LONG,-3.68,0.69,85,13,0
AUD_CAD_JPY,2024-02-05T18:55:00,LONG,-3.484,7.86,70,13,0
AUD_CAD_JPY,2024-02-05T19:50:00,LONG,-3.962,5.21,15,14,0
AUD_CAD_JPY,2024-02-06T18:40:00,LONG,-3.735,1.08,80,13,0
AUD_CAD_JPY,2024-02-06T18:55:00,LONG,-5.664,11.63,65,13,0
AUD_CAD_JPY,2024-02-06T19:50:00,LONG,-3.513,5.88,10,14,0
AUD_CAD_JPY,2024-02-07T18:45:00,LONG,-6.041,0.95,5,13,0
AUD_CAD_JPY,2024-02-07T18:55:00,LONG,-5.256,4.23,80,13,0
AUD_CAD_JPY,2024-02-08T18:15:00,LONG,-3.508,0.62,95,13,0
AUD_CAD_JPY,2024-02-08T18:55:00,LONG,-4.394,9.64,55,13,0
AUD_CAD_JPY,2024-02-09T10:25:00,LONG,-6.805,8.57,15,5,0
AUD_CAD_JPY,2024-02-11T19:00:00,LONG,-14.031,12.73,60,14,0
AUD_CAD_JPY,2024-02-12T18:45:00,LONG,-4.31,0.56,80,13,0
AUD_CAD_JPY,2024-02-12T18:55:00,LONG,-6.017,8.57,70,13,0
AUD_CAD_JPY,2024-02-12T19:55:00,LONG,-3.566,4.84,10,14,0
AUD_CAD_JPY,2024-02-13T10:25:00,LONG,-4.904,6.98,10,5,0
AUD_CAD_JPY,2024-02-13T19:00:00,LONG,-19.207,19.25,60,14,0
AUD_CAD_JPY,2024-02-14T18:40:00,LONG,-4.177,12.03,85,13,0
AUD_CAD_JPY,2024-02-14T19:45:00,LONG,-3.599,4.87,20,14,0
AUD_CAD_JPY,2024-02-15T10:25:00,LONG,-3.504,5.02,5,5,0
AUD_CAD_JPY,2024-02-15T19:00:00,LONG,-8.978,4.96,60,14,0
AUD_CAD_JPY,2024-02-15T19:30:00,LONG,-3.445,2.66,30,14,0
AUD_CAD_JPY,2024-02-16T10:25:00,LONG,-9.916,7.55,5,5,0
AUD_CAD_JPY,2024-02-16T11:55:00,LONG,-3.096,2.73,5,6,0
AUD_CAD_JPY,2024-02-18T19:00:00,LONG,-27.687,16.66,60,14,0
AUD_CAD_JPY,2024-02-19T14:25:00,LONG,-3.655,0.41,5,9,0
AUD_CAD_JPY,2024-02-19T18:30:00,LONG,-4.27,0.51,70,13,0
AUD_CAD_JPY,2024-02-19T18:40:00,LONG,-5.06,0.63,60,13,0
AUD_CAD_JPY,2024-02-19T18:50:00,LONG,-4.414,6.35,50,13,0
AUD_CAD_JPY,2024-02-20T10:25:00,LONG,-11.34,10.16,5,5,0
AUD_CAD_JPY,2024-02-20T19:00:00,LONG,-8.203,7.13,65,14,0
AUD_CAD_JPY,2024-02-20T19:35:00,LONG,-6.69,7.62,30,14,0
AUD_CAD_JPY,2024-02-20T19:55:00,LONG,-7.721,9.96,10,14,0
AUD_CAD_JPY,2024-02-21T15:55:00,LONG,-28.642,3.49,10,10,0
AUD_CAD_JPY,2024-02-21T19:00:00,LONG,-18.868,5.24,55,14,0
AUD_CAD_JPY,2024-02-21T19:25:00,LONG,-3.952,2.69,30,14,0
AUD_CAD_JPY,2024-02-22T10:25:00,LONG,-16.846,12.7,5,5,0
AUD_CAD_JPY,2024-02-22T19:00:00,LONG,-3.478,6.15,25,14,0
AUD_CAD_JPY,2024-02-23T18:35:00,LONG,-4.104,0.8,2950,13,0
AUD_CAD_JPY,2024-02-23T18:50:00,LONG,-3.748,25.72,2935,13,0
AUD_CAD_JPY,2024-02-25T19:15:00,LONG,-3.084,7.27,30,14,0
AUD_CAD_JPY,2024-02-26T19:00:00,LONG,-12.089,4.01,60,14,0
AUD_CAD_JPY,2024-02-26T19:20:00,LONG,-5.03,3.96,40,14,0
AUD_CAD_JPY,2024-02-26T19:50:00,LONG,-3.433,3.06,10,14,0
AUD_CAD_JPY,2024-02-27T19:00:00,LONG,-10.894,4.68,60,14,0
AUD_CAD_JPY,2024-02-28T19:00:00,LONG,-23.47,7.82,25,14,0
AUD_CAD_JPY,2024-02-28T19:30:00,LONG,-3.701,3.27,20,14,0
AUD_CAD_JPY,2024-02-29T10:25:00,LONG,-5.275,4.95,5,5,0
AUD_CAD_JPY,2024-02-29T19:00:00,LONG,-12.573,7.99,60,14,0
AUD_CAD_JPY,2024-03-01T11:55:00,LONG,-4.319,4.3,5,6,0
AUD_CAD_JPY,2024-03-01T18:50:00,LONG,-3.717,14.71,2965,13,0
AUD_CAD_JPY,2024-03-04T17:25:00,LONG,-3.269,0.52,5,12,0
AUD_CAD_JPY,2024-03-04T19:00:00,LONG,-32.332,6.4,70,14,0
AUD_CAD_JPY,2024-03-04T19:45:00,LONG,-3.741,3.37,25,14,0
AUD_CAD_JPY,2024-03-05T18:55:00,LONG,-4.183,6.74,75,13,0
AUD_CAD_JPY,2024-03-05T19:40:00,LONG,-4.085,3.1,30,14,0
AUD_CAD_JPY,2024-03-06T19:00:00,LONG,-38.073,8.24,60,14,0
AUD_CAD_JPY,2024-03-06T19:30:00,LONG,-3.613,3.79,30,14,0
AUD_CAD_JPY,2024-03-07T18:45:00,LONG,-3.325,0.62,35,13,0
AUD_CAD_JPY,2024-03-07T19:00:00,LONG,-41.704,7.95,20,14,0
AUD_CAD_JPY,2024-03-07T19:25:00,LONG,-7.481,6.46,55,14,0
AUD_CAD_JPY,2024-03-07T19:35:00,LONG,-4.482,4.38,45,14,0
AUD_CAD_JPY,2024-03-08T10:25:00,LONG,-12.65,13.44,5,5,0
AUD_CAD_JPY,2024-03-10T20:00:00,LONG,-15.259,15.01,75,15,0
AUD_CAD_JPY,2024-03-10T20:40:00,LONG,-3.317,8.07,35,15,0
AUD_CAD_JPY,2024-03-11T19:35:00,LONG,-3.51,6.27,85,14,0
AUD_CAD_JPY,2024-03-12T11:25:00,LONG,-10.247,9.25,5,6,0
AUD_CAD_JPY,2024-03-12T20:15:00,LONG,-3.139,2.23,10,15,0
AUD_CAD_JPY,2024-03-13T16:25:00,SHORT,3.043,0.44,30,11,0
AUD_CAD_JPY,2024-03-13T19:05:00,LONG,-3.322,0.48,30,14,0
AUD_CAD_JPY,2024-03-13T19:25:00,SHORT,3.349,0.51,10,14,0
AUD_CAD_JPY,2024-03-13T19:55:00,LONG,-4.867,9.65,80,14,0
AUD_CAD_JPY,2024-03-13T20:40:00,LONG,-3.219,3.63,35,15,0
AUD_CAD_JPY,2024-03-14T20:00:00,LONG,-13.051,12.53,60,15,0
AUD_CAD_JPY,2024-03-14T20:40:00,LONG,-3.467,4.29,20,15,0
AUD_CAD_JPY,2024-03-15T19:45:00,LONG,-3.646,42.55,2925,14,0
AUD_CAD_JPY,2024-03-17T20:20:00,LONG,-4.842,15.35,10,15,0
AUD_CAD_JPY,2024-03-18T19:50:00,LONG,-4.128,7.46,80,14,0
AUD_CAD_JPY,2024-03-19T11:25:00,LONG,-4.735,4.24,5,6,0
AUD_CAD_JPY,2024-03-19T20:00:00,LONG,-14.859,10.15,60,15,0
AUD_CAD_JPY,2024-03-19T20:50:00,LONG,-4.474,5.94,10,15,0
AUD_CAD_JPY,2024-03-20T16:00:00,LONG,-3.161,0.44,10,11,0
AUD_CAD_JPY,2024-03-20T16:25:00,LONG,-3.116,0.44,5,11,0
AUD_CAD_JPY,2024-03-20T16:55:00,LONG,-22.608,3.24,15,11,0
AUD_CAD_JPY,2024-03-20T20:00:00,SHORT,6.008,1.71,85,15,0
AUD_CAD_JPY,2024-03-20T20:25:00,LONG,-3.843,1.31,60,15,0
AUD_CAD_JPY,2024-03-20T20:45:00,LONG,-5.902,3.32,40,15,0
AUD_CAD_JPY,2024-03-21T11:25:00,LONG,-20.792,10.04,5,6,0
AUD_CAD_JPY,2024-03-21T12:40:00,LONG,-4.359,3.74,5,7,0
AUD_CAD_JPY,2024-03-21T20:05:00,LONG,-6.607,5.29,55,15,0
AUD_CAD_JPY,2024-03-21T20:15:00,LONG,-6.41,5.68,45,15,0
AUD_CAD_JPY,2024-03-21T20:25:00,LONG,-4.339,4.57,35,15,0
AUD_CAD_JPY,2024-03-22T11:25:00,LONG,-11.204,10.08,5,6,0
AUD_CAD_JPY,2024-03-24T20:05:00,LONG,-19.452,18.52,60,15,0
AUD_CAD_JPY,2024-03-25T19:45:00,LONG,-3.795,0.7,5,14,0
AUD_CAD_JPY,2024-03-25T20:00:00,LONG,-7.105,5.53,60,15,0
AUD_CAD_JPY,2024-03-25T20:45:00,LONG,-4.084,2.96,15,15,0
AUD_CAD_JPY,2024-03-26T12:55:00,LONG,-4.378,3.21,20,7,0
AUD_CAD_JPY,2024-03-26T20:35:00,LONG,-3.212,1.05,620,15,0
AUD_CAD_JPY,2024-03-26T20:50:00,LONG,-4.791,1.64,605,15,0
AUD_CAD_JPY,2024-03-26T21:40:00,SHORT,3.275,1.27,555,16,1
AUD_CAD_JPY,2024-03-26T22:05:00,SHORT,3.135,1.93,530,17,1
AUD_CAD_JPY,2024-03-26T23:15:00,SHORT,3.012,1.62,460,18,1
AUD_CAD_JPY,2024-03-27T20:05:00,SHORT,7.662,1.22,25,15,0
AUD_CAD_JPY,2024-03-27T20:15:00,SHORT,10.019,1.84,15,15,0
AUD_CAD_JPY,2024-03-27T20:25:00,SHORT,5.37,1.2,5,15,0
AUD_CAD_JPY,2024-03-27T20:40:00,LONG,-6.102,1.47,625,15,0
AUD_CAD_JPY,2024-03-27T21:40:00,SHORT,3.321,1.11,565,16,1
AUD_CAD_JPY,2024-03-27T21:55:00,SHORT,3.102,1.7,550,16,1
AUD_CAD_JPY,2024-03-27T22:30:00,SHORT,3.465,1.47,515,17,1
AUD_CAD_JPY,2024-03-27T22:40:00,SHORT,3.24,1.44,505,17,1
AUD_CAD_JPY,2024-03-27T22:55:00,SHORT,3.132,1.62,490,17,1
AUD_CAD_JPY,2024-03-28T11:25:00,LONG,-15.849,8.78,5,6,0
AUD_CAD_JPY,2024-03-28T12:55:00,LONG,-12.238,9.32,5,7,0
AUD_CAD_JPY,2024-03-28T20:00:00,LONG,-9.716,9.03,190,15,0
AUD_CAD_JPY,2024-03-28T20:15:00,LONG,-3.426,3.89,175,15,0
AUD_CAD_JPY,2024-03-28T20:25:00,LONG,-4.079,4.86,165,15,0
AUD_CAD_JPY,2024-03-28T20:40:00,LONG,-3.38,4.35,150,15,0
AUD_CAD_JPY,2024-03-28T21:40:00,LONG,-4.169,9.82,90,16,1
AUD_CAD_JPY,2024-03-29T18:55:00,LONG,-11.828,6.95,35,13,0
AUD_CAD_JPY,2024-03-29T19:45:00,LONG,-3.449,22.03,2955,14,0
AUD_CAD_JPY,2024-04-01T20:00:00,LONG,-5.099,4.27,60,15,0
AUD_CAD_JPY,2024-04-01T20:45:00,LONG,-5.591,3.24,15,15,0
AUD_CAD_JPY,2024-04-02T20:00:00,LONG,-32.489,6.74,65,15,0
AUD_CAD_JPY,2024-04-03T19:50:00,LONG,-3.458,0.79,5,14,0
AUD_CAD_JPY,2024-04-03T20:00:00,LONG,-32.828,7.76,65,15,0
AUD_CAD_JPY,2024-04-03T20:40:00,LONG,-3.474,3.27,25,15,0
AUD_CAD_JPY,2024-04-04T19:05:00,LONG,-3.119,0.68,10,14,0
AUD_CAD_JPY,2024-04-04T19:20:00,LONG,-3.472,0.77,15,14,0
AUD_CAD_JPY,2024-04-04T19:40:00,LONG,-4.343,1.02,80,14,0
AUD_CAD_JPY,2024-04-04T20:00:00,LONG,-35.93,11.11,60,15,0
AUD_CAD_JPY,2024-04-05T11:25:00,LONG,-4.471,7.13,5,6,0
AUD_CAD_JPY,2024-04-07T20:00:00,LONG,-17.138,9.56,50,15,0
AUD_CAD_JPY,2024-04-07T20:25:00,LONG,-4.293,6.98,25,15,0
AUD_CAD_JPY,2024-04-08T18:30:00,LONG,-3.217,0.46,30,13,0
AUD_CAD_JPY,2024-04-08T19:55:00,LONG,-3.454,7.91,80,14,0
AUD_CAD_JPY,2024-04-08T20:55:00,LONG,-4.203,4.17,20,15,0
AUD_CAD_JPY,2024-04-09T20:00:00,LONG,-57.522,9.94,70,15,0
AUD_CAD_JPY,2024-04-09T20:15:00,LONG,-3.051,2.27,55,15,0
AUD_CAD_JPY,2024-04-09T20:25:00,LONG,-3.499,3.52,45,15,0
AUD_CAD_JPY,2024-04-09T20:55:00,LONG,-3.424,3.17,15,15,0
AUD_CAD_JPY,2024-04-10T11:25:00,LONG,-6.308,6.22,10,6,0
AUD_CAD_JPY,2024-04-10T20:00:00,LONG,-28.38,15.34,55,15,0
AUD_CAD_JPY,2024-04-11T20:05:00,LONG,-14.977,4.22,15,15,0
AUD_CAD_JPY,2024-04-11T20:15:00,LONG,-7.462,3.08,5,15,0
AUD_CAD_JPY,2024-04-11T20:25:00,LONG,-3.594,3.66,35,15,0
AUD_CAD_JPY,2024-04-12T19:40:00,LONG,-5.006,0.97,10,14,0
AUD_CAD_JPY,2024-04-14T20:00:00,LONG,-50.721,13.68,60,15,0
AUD_CAD_JPY,2024-04-14T20:45:00,LONG,-3.615,7.3,15,15,0
AUD_CAD_JPY,2024-04-15T20:00:00,LONG,-16.402,4.63,70,15,0
AUD_CAD_JPY,2024-04-16T11:25:00,LONG,-3.725,2.87,5,6,0
AUD_CAD_JPY,2024-04-16T20:00:00,LONG,-11.634,3.32,90,15,0
AUD_CAD_JPY,2024-04-16T20:25:00,LONG,-6.151,3.01,65,15,0
AUD_CAD_JPY,2024-04-17T19:50:00,LONG,-3.592,0.56,70,14,0
AUD_CAD_JPY,2024-04-17T20:00:00,LONG,-54.615,8.67,60,15,0
AUD_CAD_JPY,2024-04-17T20:55:00,LONG,-3.319,3.88,5,15,0
AUD_CAD_JPY,2024-04-18T11:25:00,LONG,-5.16,6.31,5,6,0
AUD_CAD_JPY,2024-04-18T20:00:00,LONG,-8.595,4.35,60,15,0
AUD_CAD_JPY,2024-04-18T20:20:00,LONG,-4.639,2.82,40,15,0
AUD_CAD_JPY,2024-04-18T20:40:00,LONG,-3.342,3.39,20,15,0
AUD_CAD_JPY,2024-04-21T20:00:00,LONG,-24.874,15.12,65,15,0
AUD_CAD_JPY,2024-04-21T20:20:00,LONG,-3.846,16.26,45,15,0
AUD_CAD_JPY,2024-04-22T20:00:00,LONG,-32.013,4.45,625,15,0
AUD_CAD_JPY,2024-04-22T20:45:00,LONG,-3.89,2.51,580,15,0
AUD_CAD_JPY,2024-04-22T21:00:00,SHORT,3.044,2.0,565,16,1
AUD_CAD_JPY,2024-04-23T12:40:00,LONG,-6.385,6.16,5,7,0
AUD_CAD_JPY,2024-04-23T20:15:00,LONG,-10.11,5.0,760,15,0
AUD_CAD_JPY,2024-04-23T20:30:00,SHORT,5.704,3.5,745,15,0
AUD_CAD_JPY,2024-04-23T20:40:00,LONG,-5.289,3.54,735,15,0
AUD_CAD_JPY,2024-04-23T21:00:00,SHORT,4.826,3.91,715,16,1
AUD_CAD_JPY,2024-04-24T20:00:00,LONG,-61.009,21.95,515,15,0
AUD_CAD_JPY,2024-04-25T20:00:00,LONG,-9.768,5.8,10,15,0
AUD_CAD_JPY,2024-04-25T20:35:00,LONG,-3.136,2.52,40,15,0
AUD_CAD_JPY,2024-04-25T20:45:00,LONG,-3.225,2.68,30,15,0
AUD_CAD_JPY,2024-04-25T20:55:00,LONG,-7.571,6.5,20,15,0
AUD_CAD_JPY,2024-04-26T11:25:00,LONG,-6.715,5.53,5,6,0
AUD_CAD_JPY,2024-04-26T12:55:00,LONG,-9.248,7.2,5,7,0
AUD_CAD_JPY,2024-04-28T20:00:00,LONG,-31.413,21.94,60,15,0
AUD_CAD_JPY,2024-04-29T20:00:00,LONG,-30.376,8.35,60,15,0
AUD_CAD_JPY,2024-04-29T20:35:00,LONG,-8.562,8.22,25,15,0
AUD_CAD_JPY,2024-04-29T20:45:00,LONG,-3.675,4.14,15,15,0
AUD_CAD_JPY,2024-04-30T00:25:00,LONG,-7.645,9.14,5,19,0
AUD_CAD_JPY,2024-04-30T20:00:00,LONG,-24.612,11.01,60,15,0
AUD_CAD_JPY,2024-04-30T20:50:00,LONG,-3.996,7.12,10,15,0
AUD_CAD_JPY,2024-05-01T11:10:00,LONG,-9.454,16.94,5,6,0
AUD_CAD_JPY,2024-05-01T12:55:00,LONG,-10.88,21.51,5,7,0
AUD_CAD_JPY,2024-05-01T16:55:00,LONG,-4.646,9.2,5,11,0
AUD_CAD_JPY,2024-05-01T20:00:00,LONG,-6.779,14.13,60,15,0
AUD_CAD_JPY,2024-05-01T20:55:00,LONG,-3.114,9.81,5,15,0
AUD_CAD_JPY,2024-05-02T11:25:00,LONG,-4.003,10.36,5,6,0
AUD_CAD_JPY,2024-05-02T20:05:00,LONG,-5.53,4.51,55,15,0
AUD_CAD_JPY,2024-05-02T20:15:00,LONG,-4.663,4.08,45,15,0
AUD_CAD_JPY,2024-05-02T20:25:00,LONG,-5.711,5.26,35,15,0
AUD_CAD_JPY,2024-05-03T11:25:00,LONG,-8.248,6.85,5,6,0
AUD_CAD_JPY,2024-05-03T12:55:00,LONG,-4.517,4.1,5,7,0
AUD_CAD_JPY,2024-05-05T20:00:00,LONG,-32.838,20.68,65,15,0
AUD_CAD_JPY,2024-05-05T20:25:00,LONG,-3.091,10.18,40,15,0
AUD_CAD_JPY,2024-05-05T20:45:00,LONG,-3.994,8.62,20,15,0
AUD_CAD_JPY,2024-05-06T16:50:00,LONG,-3.064,0.51,15,11,0
AUD_CAD_JPY,2024-05-06T19:45:00,LONG,-3.561,0.88,10,14,0
AUD_CAD_JPY,2024-05-06T20:00:00,LONG,-38.709,7.26,75,15,0
AUD_CAD_JPY,2024-05-06T20:45:00,LONG,-3.446,2.76,30,15,0
AUD_CAD_JPY,2024-05-06T20:55:00,LONG,-3.622,3.0,20,15,0
AUD_CAD_JPY,2024-05-07T20:00:00,LONG,-95.196,19.93,60,15,0
AUD_CAD_JPY,2024-05-08T19:45:00,LONG,-4.138,0.66,75,14,0
AUD_CAD_JPY,2024-05-08T19:55:00,LONG,-5.231,5.86,65,14,0
AUD_CAD_JPY,2024-05-09T11:25:00,LONG,-4.592,4.55,5,6,0
AUD_CAD_JPY,2024-05-09T20:00:00,LONG,-9.771,6.18,60,15,0
AUD_CAD_JPY,2024-05-10T19:45:00,LONG,-3.111,0.75,2955,14,0
AUD_CAD_JPY,2024-05-12T20:00:00,LONG,-44.308,11.02,60,15,0
AUD_CAD_JPY,2024-05-12T20:40:00,LONG,-5.53,8.44,20,15,0
AUD_CAD_JPY,2024-05-13T20:00:00,LONG,-8.049,1.9,25,15,0
AUD_CAD_JPY,2024-05-13T20:30:00,LONG,-10.323,3.09,35,15,0
AUD_CAD_JPY,2024-05-14T11:25:00,LONG,-5.526,2.65,10,6,0
AUD_CAD_JPY,2024-05-14T20:00:00,LONG,-25.046,7.52,60,15,0
AUD_CAD_JPY,2024-05-15T11:25:00,LONG,-3.824,4.3,10,6,0
AUD_CAD_JPY,2024-05-15T20:00:00,LONG,-18.061,6.79,205,15,0
AUD_CAD_JPY,2024-05-15T20:50:00,LONG,-3.582,3.86,155,15,0
AUD_CAD_JPY,2024-05-16T11:25:00,LONG,-6.846,6.62,5,6,0
AUD_CAD_JPY,2024-05-16T20:00:00,LONG,-8.217,6.43,295,15,0
AUD_CAD_JPY,2024-05-17T19:30:00,LONG,-4.019,0.71,2950,14,0
AUD_CAD_JPY,2024-05-19T20:00:00,LONG,-158.281,42.98,40,15,0
AUD_CAD_JPY,2024-05-20T18:00:00,LONG,-3.216,0.47,5,13,0
AUD_CAD_JPY,2024-05-20T19:55:00,SHORT,3.499,0.49,65,14,0
AUD_CAD_JPY,2024-05-20T20:05:00,LONG,-13.564,4.74,55,15,0
AUD_CAD_JPY,2024-05-20T20:55:00,LONG,-3.62,2.5,5,15,0
AUD_CAD_JPY,2024-05-21T11:25:00,LONG,-6.357,4.68,5,6,0
AUD_CAD_JPY,2024-05-21T20:00:00,LONG,-5.361,3.96,60,15,0
AUD_CAD_JPY,2024-05-21T20:35:00,LONG,-4.121,3.58,25,15,0
AUD_CAD_JPY,2024-05-22T16:55:00,LONG,-32.778,5.83,5,11,0
AUD_CAD_JPY,2024-05-22T20:00:00,LONG,-8.993,5.57,60,15,0
AUD_CAD_JPY,2024-05-22T20:40:00,LONG,-4.378,3.82,20,15,0
AUD_CAD_JPY,2024-05-23T11:25:00,LONG,-14.89,12.94,5,6,0
AUD_CAD_JPY,2024-05-24T11:25:00,LONG,-13.695,6.27,5,6,0
AUD_CAD_JPY,2024-05-24T12:55:00,LONG,-4.768,3.03,5,7,0
AUD_CAD_JPY,2024-05-26T20:00:00,LONG,-26.905,14.19,70,15,0
AUD_CAD_JPY,2024-05-26T20:20:00,LONG,-7.173,10.48,50,15,0
AUD_CAD_JPY,2024-05-26T20:50:00,LONG,-6.034,9.89,20,15,0
AUD_CAD_JPY,2024-05-27T15:50:00,LONG,-15.675,13.02,45,10,0
AUD_CAD_JPY,2024-05-27T16:10:00,LONG,-6.65,6.39,25,11,0
AUD_CAD_JPY,2024-05-27T20:00:00,LONG,-6.461,8.33,60,15,0
AUD_CAD_JPY,2024-05-27T20:30:00,LONG,-3.759,5.77,30,15,0
AUD_CAD_JPY,2024-05-28T12:55:00,LONG,-6.374,7.32,5,7,0
AUD_CAD_JPY,2024-05-28T20:00:00,LONG,-9.975,5.54,65,15,0
AUD_CAD_JPY,2024-05-28T20:15:00,LONG,-5.661,4.19,50,15,0
AUD_CAD_JPY,2024-05-28T20:25:00,LONG,-7.22,5.78,40,15,0
AUD_CAD_JPY,2024-05-28T20:40:00,LONG,-3.91,3.56,25,15,0
AUD_CAD_JPY,2024-05-28T20:55:00,LONG,-4.81,4.69,10,15,0
AUD_CAD_JPY,2024-05-29T19:30:00,LONG,-3.688,0.52,20,14,0
AUD_CAD_JPY,2024-05-29T19:55:00,LONG,-3.568,3.78,65,14,0
AUD_CAD_JPY,2024-05-30T11:25:00,LONG,-12.118,7.09,5,6,0
AUD_CAD_JPY,2024-05-30T20:05:00,SHORT,5.278,2.84,65,15,0
AUD_CAD_JPY,2024-05-30T20:20:00,LONG,-3.412,1.96,50,15,0
AUD_CAD_JPY,2024-05-30T20:35:00,LONG,-3.276,1.97,35,15,0
AUD_CAD_JPY,2024-05-30T20:45:00,LONG,-3.719,2.98,25,15,0
AUD_CAD_JPY,2024-05-31T11:25:00,LONG,-8.59,4.25,5,6,0
AUD_CAD_JPY,2024-06-02T20:00:00,LONG,-48.721,17.1,70,15,0
AUD_CAD_JPY,2024-06-02T20:25:00,LONG,-8.142,13.84,45,15,0
AUD_CAD_JPY,2024-06-03T12:55:00,LONG,-8.191,15.49,5,7,0
AUD_CAD_JPY,2024-06-03T20:00:00,LONG,-3.913,14.03,60,15,0
AUD_CAD_JPY,2024-06-03T20:20:00,LONG,-3.049,6.64,40,15,0
AUD_CAD_JPY,2024-06-03T20:40:00,LONG,-3.047,5.15,20,15,0
AUD_CAD_JPY,2024-06-04T12:55:00,LONG,-3.659,3.35,5,7,0
AUD_CAD_JPY,2024-06-04T20:05:00,LONG,-4.397,6.89,55,15,0
AUD_CAD_JPY,2024-06-04T20:40:00,LONG,-4.293,3.43,20,15,0
AUD_CAD_JPY,2024-06-05T12:40:00,LONG,-4.396,3.92,5,7,0
AUD_CAD_JPY,2024-06-05T12:55:00,LONG,-3.629,3.37,5,7,0
AUD_CAD_JPY,2024-06-05T20:20:00,LONG,-5.785,2.42,635,15,0
AUD_CAD_JPY,2024-06-05T20:40:00,LONG,-3.814,1.87,615,15,0
AUD_CAD_JPY,2024-06-05T20:50:00,LONG,-3.403,1.73,605,15,0
AUD_CAD_JPY,2024-06-05T21:10:00,SHORT,3.206,1.73,585,16,1
AUD_CAD_JPY,2024-06-06T11:25:00,LONG,-7.553,5.45,5,6,0
AUD_CAD_JPY,2024-06-06T20:00:00,LONG,-4.532,3.67,65,15,0
AUD_CAD_JPY,2024-06-06T20:20:00,LONG,-3.025,4.08,45,15,0
AUD_CAD_JPY,2024-06-07T11:25:00,LONG,-14.249,8.66,10,6,0
AUD_CAD_JPY,2024-06-09T20:05:00,LONG,-8.237,6.71,65,15,0
AUD_CAD_JPY,2024-06-09T20:40:00,LONG,-6.16,7.75,30,15,0
AUD_CAD_JPY,2024-06-10T16:05:00,LONG,-3.481,0.65,20,11,0
AUD_CAD_JPY,2024-06-10T20:00:00,LONG,-6.633,4.25,60,15,0
AUD_CAD_JPY,2024-06-11T20:05:00,LONG,-21.836,4.88,55,15,0
AUD_CAD_JPY,2024-06-12T11:25:00,LONG,-17.65,13.5,5,6,0
AUD_CAD_JPY,2024-06-12T16:55:00,LONG,-12.997,12.75,10,11,0
AUD_CAD_JPY,2024-06-12T20:05:00,LONG,-8.429,11.24,55,15,0
AUD_CAD_JPY,2024-06-12T20:20:00,LONG,-3.05,4.98,40,15,0
AUD_CAD_JPY,2024-06-12T20:30:00,LONG,-3.511,5.93,30,15,0
AUD_CAD_JPY,2024-06-13T11:25:00,LONG,-3.374,4.59,5,6,0
AUD_CAD_JPY,2024-06-13T17:05:00,SHORT,3.353,1.34,15,12,0
AUD_CAD_JPY,2024-06-13T18:55:00,LONG,-4.179,2.1,125,13,0
AUD_CAD_JPY,2024-06-13T19:30:00,LONG,-3.437,2.65,90,14,0
AUD_CAD_JPY,2024-06-13T20:00:00,LONG,-7.588,12.82,60,15,0
AUD_CAD_JPY,2024-06-13T20:35:00,LONG,-3.484,4.54,25,15,0
AUD_CAD_JPY,2024-06-14T05:55:00,LONG,-8.058,13.1,20,0,0
AUD_CAD_JPY,2024-06-14T12:55:00,LONG,-5.868,10.76,5,7,0
AUD_CAD_JPY,2024-06-16T20:00:00,LONG,-4.758,40.92,65,15,0
AUD_CAD_JPY,2024-06-16T20:20:00,LONG,-5.871,22.79,45,15,0
AUD_CAD_JPY,2024-06-16T20:30:00,LONG,-3.138,15.32,35,15,0
AUD_CAD_JPY,2024-06-17T19:45:00,LONG,-3.064,0.55,10,14,0
AUD_CAD_JPY,2024-06-17T20:00:00,SHORT,12.828,4.54,60,15,0
AUD_CAD_JPY,2024-06-17T20:45:00,LONG,-4.927,3.11,15,15,0
AUD_CAD_JPY,2024-06-18T20:00:00,LONG,-9.964,2.96,70,15,0
AUD_CAD_JPY,2024-06-18T20:45:00,LONG,-5.792,3.48,25,15,0
AUD_CAD_JPY,2024-06-19T16:00:00,LONG,-3.544,0.55,15,11,0
AUD_CAD_JPY,2024-06-19T16:25:00,LONG,-4.606,0.73,10,11,0
AUD_CAD_JPY,2024-06-19T16:45:00,LONG,-3.28,0.55,10,11,0
AUD_CAD_JPY,2024-06-19T18:45:00,LONG,-3.152,0.53,140,13,0
AUD_CAD_JPY,2024-06-19T18:55:00,LONG,-3.207,0.55,130,13,0
AUD_CAD_JPY,2024-06-19T19:10:00,LONG,-3.188,0.58,115,14,0
AUD_CAD_JPY,2024-06-19T19:35:00,LONG,-3.87,0.73,90,14,0
AUD_CAD_JPY,2024-06-19T19:55:00,LONG,-37.208,9.7,70,14,0
AUD_CAD_JPY,2024-06-19T20:50:00,LONG,-3.275,5.07,15,15,0
AUD_CAD_JPY,2024-06-20T20:00:00,SHORT,5.385,5.76,65,15,0
AUD_CAD_JPY,2024-06-20T20:35:00,LONG,-3.128,3.17,30,15,0
AUD_CAD_JPY,2024-06-21T11:25:00,LONG,-5.478,4.31,5,6,0
AUD_CAD_JPY,2024-06-21T12:40:00,LONG,-4.945,4.17,5,7,0
AUD_CAD_JPY,2024-06-23T20:00:00,LONG,-30.708,16.08,65,15,0
AUD_CAD_JPY,2024-06-24T19:55:00,LONG,-29.016,5.67,15,14,0
AUD_CAD_JPY,2024-06-24T20:15:00,LONG,-4.589,4.2,75,15,0
AUD_CAD_JPY,2024-06-24T20:55:00,LONG,-4.4,3.34,35,15,0
AUD_CAD_JPY,2024-06-25T11:25:00,LONG,-11.695,9.48,5,6,0
AUD_CAD_JPY,2024-06-25T20:05:00,LONG,-3.024,6.28,55,15,0
AUD_CAD_JPY,2024-06-26T19:45:00,LONG,-6.693,1.13,135,14,0
AUD_CAD_JPY,2024-06-26T20:00:00,LONG,-36.619,14.77,120,15,0
AUD_CAD_JPY,2024-06-26T20:55:00,LONG,-3.095,6.29,65,15,0
AUD_CAD_JPY,2024-06-27T20:05:00,LONG,-8.597,2.84,530,15,0
AUD_CAD_JPY,2024-06-28T11:25:00,LONG,-5.158,4.45,5,6,0
AUD_CAD_JPY,2024-06-30T20:00:00,LONG,-3.005,11.51,60,15,0
AUD_CAD_JPY,2024-06-30T20:40:00,LONG,-4.331,6.73,20,15,0
AUD_CAD_JPY,2024-07-01T12:55:00,LONG,-3.457,5.53,5,7,0
AUD_CAD_JPY,2024-07-01T20:10:00,LONG,-5.509,3.04,50,15,0
AUD_CAD_JPY,2024-07-01T20:35:00,LONG,-4.385,2.66,25,15,0
AUD_CAD_JPY,2024-07-01T20:45:00,LONG,-3.467,2.22,15,15,0
AUD_CAD_JPY,2024-07-01T20:55:00,LONG,-5.531,3.71,5,15,0
AUD_CAD_JPY,2024-07-02T20:00:00,LONG,-7.673,3.37,45,15,0
AUD_CAD_JPY,2024-07-02T20:40:00,LONG,-5.772,3.15,5,15,0
AUD_CAD_JPY,2024-07-03T11:10:00,LONG,-4.183,2.58,5,6,0
AUD_CAD_JPY,2024-07-03T16:55:00,LONG,-24.207,7.95,5,11,0
AUD_CAD_JPY,2024-07-03T19:55:00,LONG,-6.31,11.5,50,14,0
AUD_CAD_JPY,2024-07-04T17:05:00,LONG,-3.587,0.67,15,12,0
AUD_CAD_JPY,2024-07-04T19:55:00,LONG,-12.991,6.05,20,14,0
AUD_CAD_JPY,2024-07-04T20:20:00,LONG,-4.899,3.01,40,15,0
AUD_CAD_JPY,2024-07-04T20:35:00,LONG,-4.436,4.22,25,15,0
AUD_CAD_JPY,2024-07-05T11:25:00,LONG,-7.363,6.43,10,6,0
AUD_CAD_JPY,2024-07-07T20:00:00,LONG,-5.026,9.11,70,15,0
AUD_CAD_JPY,2024-07-08T20:00:00,LONG,-40.71,7.57,65,15,0
AUD_CAD_JPY,2024-07-09T20:00:00,LONG,-18.734,3.91,60,15,0
AUD_CAD_JPY,2024-07-10T14:35:00,SHORT,3.483,0.6,10,9,0
AUD_CAD_JPY,2024-07-10T15:40:00,LONG,-3.439,0.52,25,10,0
AUD_CAD_JPY,2024-07-10T20:00:00,LONG,-16.205,3.44,65,15,0
AUD_CAD_JPY,2024-07-10T20:45:00,LONG,-5.001,2.94,20,15,0
AUD_CAD_JPY,2024-07-11T20:00:00,LONG,-13.799,3.72,60,15,0
AUD_CAD_JPY,2024-07-11T20:10:00,LONG,-3.85,4.84,50,15,0
AUD_CAD_JPY,2024-07-12T11:25:00,LONG,-12.136,6.96,5,6,0
AUD_CAD_JPY,2024-07-14T20:00:00,LONG,-6.216,3.47,60,15,0
AUD_CAD_JPY,2024-07-14T20:10:00,LONG,-35.427,21.64,50,15,0
AUD_CAD_JPY,2024-07-14T20:50:00,LONG,-5.129,14.48,10,15,0
AUD_CAD_JPY,2024-07-15T15:40:00,LONG,-3.173,0.62,5,10,0
AUD_CAD_JPY,2024-07-15T16:25:00,LONG,-3.043,0.55,10,11,0
AUD_CAD_JPY,2024-07-15T19:45:00,LONG,-7.207,1.32,60,14,0
AUD_CAD_JPY,2024-07-15T20:00:00,LONG,-12.297,8.85,45,15,0
AUD_CAD_JPY,2024-07-16T11:25:00,LONG,-7.9,10.8,5,6,0
AUD_CAD_JPY,2024-07-16T20:00:00,LONG,-4.087,4.92,60,15,0
AUD_CAD_JPY,2024-07-16T20:35:00,LONG,-3.029,3.08,25,15,0
AUD_CAD_JPY,2024-07-17T19:10:00,LONG,-3.453,0.57,20,14,0
AUD_CAD_JPY,2024-07-17T19:40:00,LONG,-6.705,1.15,15,14,0
AUD_CAD_JPY,2024-07-17T20:00:00,LONG,-20.541,3.94,65,15,0
AUD_CAD_JPY,2024-07-17T20:30:00,LONG,-4.869,2.64,35,15,0
AUD_CAD_JPY,2024-07-17T20:50:00,LONG,-3.106,2.18,15,15,0
AUD_CAD_JPY,2024-07-18T11:25:00,LONG,-4.999,3.27,5,6,0
AUD_CAD_JPY,2024-07-18T20:00:00,LONG,-18.789,7.71,65,15,0
AUD_CAD_JPY,2024-07-19T19:05:00,LONG,-3.108,0.55,15,14,0
AUD_CAD_JPY,2024-07-19T19:30:00,LONG,-4.42,0.82,2970,14,0
AUD_CAD_JPY,2024-07-21T20:00:00,LONG,-33.696,14.42,60,15,0
AUD_CAD_JPY,2024-07-22T19:40:00,LONG,-5.17,1.2,10,14,0
AUD_CAD_JPY,2024-07-22T20:00:00,LONG,-7.499,4.79,70,15,0
AUD_CAD_JPY,2024-07-23T16:30:00,LONG,-3.373,0.52,5,11,0
AUD_CAD_JPY,2024-07-23T17:00:00,LONG,-3.385,0.61,20,12,0
AUD_CAD_JPY,2024-07-23T20:00:00,LONG,-14.295,4.01,60,15,0
AUD_CAD_JPY,2024-07-24T12:40:00,LONG,-8.196,5.13,5,7,0
AUD_CAD_JPY,2024-07-24T20:00:00,LONG,-8.753,4.69,60,15,0
AUD_CAD_JPY,2024-07-24T20:40:00,LONG,-4.29,3.41,20,15,0
AUD_CAD_JPY,2024-07-24T20:50:00,LONG,-3.884,4.46,10,15,0
AUD_CAD_JPY,2024-07-25T11:25:00,LONG,-6.949,6.07,10,6,0
AUD_CAD_JPY,2024-07-25T20:00:00,LONG,-6.808,4.44,65,15,0
AUD_CAD_JPY,2024-07-25T20:50:00,LONG,-3.093,2.51,15,15,0
AUD_CAD_JPY,2024-07-26T11:25:00,LONG,-10.669,7.84,5,6,0
AUD_CAD_JPY,2024-07-26T12:55:00,LONG,-8.752,7.52,5,7,0
AUD_CAD_JPY,2024-07-28T20:00:00,LONG,-16.221,13.07,60,15,0
AUD_CAD_JPY,2024-07-28T20:40:00,LONG,-4.769,8.15,20,15,0
AUD_CAD_JPY,2024-07-29T18:55:00,SHORT,3.051,0.5,5,13,0
AUD_CAD_JPY,2024-07-29T20:00:00,LONG,-28.441,4.62,70,15,0
AUD_CAD_JPY,2024-07-29T20:35:00,LONG,-4.61,2.82,35,15,0
AUD_CAD_JPY,2024-07-29T20:50:00,LONG,-3.624,2.8,20,15,0
AUD_CAD_JPY,2024-07-30T12:55:00,LONG,-5.133,3.16,5,7,0
AUD_CAD_JPY,2024-07-30T20:00:00,LONG,-3.387,5.96,75,15,0
AUD_CAD_JPY,2024-07-30T20:40:00,LONG,-4.582,3.61,35,15,0
AUD_CAD_JPY,2024-07-31T16:55:00,LONG,-47.342,14.16,10,11,0
AUD_CAD_JPY,2024-07-31T20:00:00,LONG,-5.749,6.18,60,15,0
AUD_CAD_JPY,2024-07-31T20:30:00,LONG,-3.263,4.07,30,15,0
AUD_CAD_JPY,2024-08-01T11:25:00,LONG,-4.077,3.86,5,6,0
AUD_CAD_JPY,2024-08-01T20:00:00,LONG,-29.283,11.07,35,15,0
AUD_CAD_JPY,2024-08-02T11:25:00,LONG,-8.768,10.18,5,6,0
AUD_CAD_JPY,2024-08-04T20:00:00,LONG,-11.044,23.94,75,15,0
AUD_CAD_JPY,2024-08-04T20:30:00,LONG,-3.62,9.09,45,15,0
AUD_CAD_JPY,2024-08-04T20:55:00,LONG,-3.8,10.51,20,15,0
AUD_CAD_JPY,2024-08-05T12:55:00,LONG,-3.02,6.98,5,7,0
AUD_CAD_JPY,2024-08-05T20:00:00,LONG,-15.834,10.77,75,15,0
AUD_CAD_JPY,2024-08-05T20:40:00,LONG,-3.875,6.55,35,15,0
AUD_CAD_JPY,2024-08-05T20:50:00,LONG,-3.627,8.55,25,15,0
AUD_CAD_JPY,2024-08-06T20:00:00,SHORT,5.039,17.41,60,15,0
AUD_CAD_JPY,2024-08-06T20:45:00,LONG,-4.726,10.03,15,15,0
AUD_CAD_JPY,2024-08-07T19:55:00,LONG,-4.645,3.46,105,14,0
AUD_CAD_JPY,2024-08-07T21:10:00,LONG,-3.539,1.93,30,16,1
AUD_CAD_JPY,2024-08-08T11:25:00,LONG,-4.274,2.54,20,6,0
AUD_CAD_JPY,2024-08-08T20:00:00,LONG,-12.198,4.5,75,15,0
AUD_CAD_JPY,2024-08-08T20:55:00,LONG,-3.174,2.24,20,15,0
AUD_CAD_JPY,2024-08-09T16:35:00,LONG,-3.587,0.84,25,11,0
AUD_CAD_JPY,2024-08-09T19:45:00,LONG,-3.062,0.74,2960,14,0
AUD_CAD_JPY,2024-08-11T20:00:00,LONG,-43.518,11.13,65,15,0
AUD_CAD_JPY,2024-08-11T20:50:00,LONG,-3.621,7.67,15,15,0
AUD_CAD_JPY,2024-08-12T19:50:00,LONG,-3.133,4.53,70,14,0
AUD_CAD_JPY,2024-08-12T20:10:00,LONG,-9.822,3.64,50,15,0
AUD_CAD_JPY,2024-08-13T19:20:00,LONG,-3.303,0.78,25,14,0
AUD_CAD_JPY,2024-08-13T20:05:00,LONG,-7.126,1.79,70,15,0
AUD_CAD_JPY,2024-08-13T20:20:00,LONG,-5.457,3.35,55,15,0
AUD_CAD_JPY,2024-08-13T21:05:00,LONG,-4.157,2.11,10,16,1
AUD_CAD_JPY,2024-08-14T11:25:00,LONG,-7.125,3.84,5,6,0
AUD_CAD_JPY,2024-08-14T19:55:00,LONG,-16.784,6.93,75,14,0
AUD_CAD_JPY,2024-08-14T20:25:00,LONG,-3.135,3.08,45,15,0
AUD_CAD_JPY,2024-08-15T11:25:00,LONG,-5.262,5.53,5,6,0
AUD_CAD_JPY,2024-08-15T19:55:00,LONG,-5.307,2.42,65,14,0
AUD_CAD_JPY,2024-08-15T20:05:00,LONG,-5.005,3.92,55,15,0
AUD_CAD_JPY,2024-08-15T20:50:00,LONG,-4.154,4.56,10,15,0
AUD_CAD_JPY,2024-08-16T12:55:00,LONG,-3.74,2.76,5,7,0
AUD_CAD_JPY,2024-08-16T19:50:00,LONG,-3.799,26.96,2950,14,0
AUD_CAD_JPY,2024-08-19T15:10:00,LONG,-4.256,0.92,10,10,0
AUD_CAD_JPY,2024-08-19T19:50:00,LONG,-3.263,5.3,50,14,0
AUD_CAD_JPY,2024-08-19T20:45:00,LONG,-3.452,2.85,15,15,0
AUD_CAD_JPY,2024-08-19T20:55:00,LONG,-3.347,2.85,5,15,0
AUD_CAD_JPY,2024-08-20T11:25:00,LONG,-3.304,2.87,5,6,0
AUD_CAD_JPY,2024-08-20T20:00:00,LONG,-10.839,6.62,70,15,0
AUD_CAD_JPY,2024-08-21T14:40:00,LONG,-4.075,0.83,15,9,0
AUD_CAD_JPY,2024-08-21T15:55:00,LONG,-3.483,0.73,10,10,0
AUD_CAD_JPY,2024-08-21T16:55:00,LONG,-7.742,1.68,5,11,0
AUD_CAD_JPY,2024-08-21T20:00:00,LONG,-8.168,4.1,60,15,0
AUD_CAD_JPY,2024-08-21T20:40:00,LONG,-5.806,4.89,20,15,0
AUD_CAD_JPY,2024-08-22T11:25:00,LONG,-3.618,3.27,5,6,0
AUD_CAD_JPY,2024-08-22T20:00:00,LONG,-3.786,1.43,65,15,0
AUD_CAD_JPY,2024-08-22T20:10:00,LONG,-4.191,1.94,55,15,0
AUD_CAD_JPY,2024-08-22T20:35:00,LONG,-3.368,2.17,30,15,0
AUD_CAD_JPY,2024-08-22T20:55:00,LONG,-4.628,2.42,10,15,0
AUD_CAD_JPY,2024-08-23T11:25:00,LONG,-4.904,2.42,10,6,0
AUD_CAD_JPY,2024-08-23T19:50:00,LONG,-3.916,15.25,2950,14,0
AUD_CAD_JPY,2024-08-26T19:40:00,LONG,-6.412,1.25,95,14,0
AUD_CAD_JPY,2024-08-26T20:00:00,LONG,-27.594,7.25,75,15,0
AUD_CAD_JPY,2024-08-26T20:50:00,LONG,-4.333,5.67,25,15,0
AUD_CAD_JPY,2024-08-27T19:15:00,SHORT,3.08,0.68,15,14,0
AUD_CAD_JPY,2024-08-27T19:40:00,LONG,-3.048,0.69,15,14,0
AUD_CAD_JPY,2024-08-27T20:00:00,LONG,-33.012,7.75,65,15,0
AUD_CAD_JPY,2024-08-27T20:30:00,LONG,-4.027,3.52,35,15,0
AUD_CAD_JPY,2024-08-28T17:00:00,LONG,-36.453,7.45,5,12,0
AUD_CAD_JPY,2024-08-28T20:00:00,LONG,-9.923,7.47,60,15,0
AUD_CAD_JPY,2024-08-29T11:25:00,LONG,-6.757,8.0,5,6,0
AUD_CAD_JPY,2024-08-29T20:05:00,LONG,-3.43,2.15,55,15,0
AUD_CAD_JPY,2024-08-29T20:25:00,LONG,-3.22,2.58,35,15,0
AUD_CAD_JPY,2024-08-29T20:50:00,LONG,-3.239,5.97,10,15,0
AUD_CAD_JPY,2024-08-30T00:25:00,SHORT,5.192,4.52,5,19,0
AUD_CAD_JPY,2024-08-30T11:25:00,LONG,-3.12,2.24,5,6,0
AUD_CAD_JPY,2024-08-30T12:55:00,LONG,-4.937,3.5,5,7,0
AUD_CAD_JPY,2024-08-30T19:45:00,LONG,-3.006,9.73,2960,14,0
AUD_CAD_JPY,2024-09-01T20:50:00,LONG,-3.241,5.68,15,15,0
AUD_CAD_JPY,2024-09-02T19:55:00,LONG,-24.803,5.07,70,14,0
AUD_CAD_JPY,2024-09-02T20:40:00,LONG,-4.229,2.88,25,15,0
AUD_CAD_JPY,2024-09-02T20:55:00,LONG,-3.148,2.25,10,15,0
AUD_CAD_JPY,2024-09-03T19:55:00,LONG,-3.499,4.85,65,14,0
AUD_CAD_JPY,2024-09-03T20:45:00,LONG,-5.458,4.36,15,15,0
AUD_CAD_JPY,2024-09-04T12:40:00,LONG,-5.148,4.49,5,7,0
AUD_CAD_JPY,2024-09-04T20:00:00,LONG,-5.638,2.21,85,15,0
AUD_CAD_JPY,2024-09-04T20:10:00,LONG,-4.101,1.75,75,15,0
AUD_CAD_JPY,2024-09-04T20:20:00,LONG,-4.938,2.39,65,15,0
AUD_CAD_JPY,2024-09-04T20:45:00,LONG,-3.368,1.83,40,15,0
AUD_CAD_JPY,2024-09-04T20:55:00,LONG,-3.686,2.07,30,15,0
AUD_CAD_JPY,2024-09-05T11:25:00,LONG,-12.789,6.45,5,6,0
AUD_CAD_JPY,2024-09-05T20:00:00,LONG,-6.332,4.44,60,15,0
AUD_CAD_JPY,2024-09-06T11:25:00,LONG,-7.97,7.52,10,6,0
AUD_CAD_JPY,2024-09-08T20:00:00,LONG,-25.803,14.93,65,15,0
AUD_CAD_JPY,2024-09-08T20:40:00,LONG,-5.678,10.24,25,15,0
AUD_CAD_JPY,2024-09-08T20:55:00,LONG,-3.758,7.37,10,15,0
AUD_CAD_JPY,2024-09-09T15:00:00,LONG,-3.1,0.63,10,10,0
AUD_CAD_JPY,2024-09-09T19:50:00,LONG,-3.001,0.57,75,14,0
AUD_CAD_JPY,2024-09-09T20:00:00,LONG,-13.11,3.63,65,15,0
AUD_CAD_JPY,2024-09-09T20:50:00,LONG,-3.254,2.46,15,15,0
AUD_CAD_JPY,2024-09-10T19:55:00,LONG,-3.729,0.7,130,14,0
AUD_CAD_JPY,2024-09-10T20:05:00,LONG,-5.202,2.44,120,15,0
AUD_CAD_JPY,2024-09-10T20:40:00,LONG,-5.173,1.74,85,15,0
AUD_CAD_JPY,2024-09-11T11:25:00,LONG,-12.279,4.89,5,6,0
AUD_CAD_JPY,2024-09-11T20:00:00,LONG,-18.274,7.3,60,15,0
AUD_CAD_JPY,2024-09-12T11:25:00,LONG,-13.278,11.82,10,6,0
AUD_CAD_JPY,2024-09-12T20:00:00,LONG,-3.824,3.38,50,15,0
AUD_CAD_JPY,2024-09-13T19:50:00,LONG,-3.744,7.73,2960,14,0
AUD_CAD_JPY,2024-09-15T20:45:00,LONG,-4.828,7.02,25,15,0
AUD_CAD_JPY,2024-09-16T20:00:00,LONG,-10.927,3.18,70,15,0
AUD_CAD_JPY,2024-09-17T11:25:00,LONG,-6.18,3.92,10,6,0
AUD_CAD_JPY,2024-09-17T20:00:00,LONG,-35.104,11.98,60,15,0
AUD_CAD_JPY,2024-09-18T16:55:00,LONG,-62.034,13.74,10,11,0
AUD_CAD_JPY,2024-09-18T20:15:00,LONG,-4.194,4.41,45,15,0
AUD_CAD_JPY,2024-09-19T11:25:00,LONG,-5.122,3.42,10,6,0
AUD_CAD_JPY,2024-09-19T20:00:00,LONG,-13.532,6.27,70,15,0
AUD_CAD_JPY,2024-09-19T20:55:00,LONG,-3.054,3.35,15,15,0
AUD_CAD_JPY,2024-09-20T14:50:00,LONG,-4.007,0.81,5,9,0
AUD_CAD_JPY,2024-09-22T20:00:00,LONG,-38.361,13.51,65,15,0
AUD_CAD_JPY,2024-09-23T20:00:00,LONG,-21.535,4.61,90,15,0
AUD_CAD_JPY,2024-09-23T20:55:00,LONG,-4.137,2.61,35,15,0
AUD_CAD_JPY,2024-09-24T12:55:00,LONG,-10.755,6.21,5,7,0
AUD_CAD_JPY,2024-09-24T20:05:00,LONG,-12.577,7.25,55,15,0
AUD_CAD_JPY,2024-09-24T20:25:00,LONG,-3.699,4.32,35,15,0
AUD_CAD_JPY,2024-09-24T20:40:00,LONG,-4.099,3.9,20,15,0
AUD_CAD_JPY,2024-09-25T20:00:00,LONG,-52.978,10.73,285,15,0
AUD_CAD_JPY,2024-09-25T20:45:00,LONG,-3.245,4.55,240,15,0
AUD_CAD_JPY,2024-09-25T20:55:00,LONG,-3.497,5.09,230,15,0
AUD_CAD_JPY,2024-09-26T11:25:00,LONG,-3.533,4.5,5,6,0
AUD_CAD_JPY,2024-09-26T20:00:00,LONG,-3.494,3.19,60,15,0
AUD_CAD_JPY,2024-09-26T20:20:00,LONG,-3.24,1.5,40,15,0
AUD_CAD_JPY,2024-09-26T20:55:00,SHORT,3.706,1.85,5,15,0
AUD_CAD_JPY,2024-09-26T21:35:00,SHORT,3.119,1.67,470,16,1
AUD_CAD_JPY,2024-09-26T22:00:00,SHORT,3.197,1.89,445,17,1
AUD_CAD_JPY,2024-09-27T11:25:00,LONG,-7.265,5.76,10,6,0
AUD_CAD_JPY,2024-09-29T20:00:00,SHORT,13.429,6.4,5,15,0
AUD_CAD_JPY,2024-09-29T20:10:00,LONG,-18.389,12.06,70,15,0
AUD_CAD_JPY,2024-09-30T20:00:00,LONG,-47.401,9.53,60,15,0
AUD_CAD_JPY,2024-09-30T20:40:00,LONG,-3.077,4.08,20,15,0
AUD_CAD_JPY,2024-10-01T12:55:00,LONG,-14.331,15.65,10,7,0
AUD_CAD_JPY,2024-10-01T20:00:00,LONG,-13.782,15.72,60,15,0
AUD_CAD_JPY,2024-10-02T20:00:00,LONG,-46.701,11.37,25,15,0
AUD_CAD_JPY,2024-10-02T20:20:00,LONG,-3.769,3.34,5,15,0
AUD_CAD_JPY,2024-10-02T20:45:00,LONG,-3.218,5.04,15,15,0
AUD_CAD_JPY,2024-10-03T12:55:00,LONG,-4.575,3.63,5,7,0
AUD_CAD_JPY,2024-10-03T20:00:00,LONG,-47.898,16.58,25,15,0
AUD_CAD_JPY,2024-10-06T20:00:00,LONG,-58.272,21.16,65,15,0
AUD_CAD_JPY,2024-10-06T20:45:00,LONG,-3.365,10.19,20,15,0
AUD_CAD_JPY,2024-10-07T17:50:00,LONG,-3.798,0.67,35,12,0
AUD_CAD_JPY,2024-10-07T20:00:00,LONG,-18.998,3.93,35,15,0
AUD_CAD_JPY,2024-10-07T20:50:00,LONG,-4.215,3.74,10,15,0
AUD_CAD_JPY,2024-10-08T20:00:00,LONG,-6.658,2.26,60,15,0
AUD_CAD_JPY,2024-10-08T20:25:00,LONG,-30.748,9.6,35,15,0
AUD_CAD_JPY,2024-10-09T16:55:00,LONG,-17.561,3.15,20,11,0
AUD_CAD_JPY,2024-10-09T20:00:00,LONG,-60.025,16.81,60,15,0
AUD_CAD_JPY,2024-10-10T19:55:00,LONG,-3.399,3.4,65,14,0
AUD_CAD_JPY,2024-10-10T20:45:00,LONG,-4.408,1.7,15,15,0
AUD_CAD_JPY,2024-10-10T20:55:00,LONG,-7.797,3.16,5,15,0
AUD_CAD_JPY,2024-10-11T11:25:00,LONG,-4.149,1.98,10,6,0
AUD_CAD_JPY,2024-10-11T12:55:00,LONG,-8.796,3.84,10,7,0
AUD_CAD_JPY,2024-10-13T20:00:00,LONG,-23.703,13.03,65,15,0
AUD_CAD_JPY,2024-10-13T20:45:00,LONG,-4.747,9.17,20,15,0
AUD_CAD_JPY,2024-10-14T16:15:00,LONG,-3.119,0.55,10,11,0
AUD_CAD_JPY,2024-10-14T17:40:00,LONG,-3.393,0.65,30,12,0
AUD_CAD_JPY,2024-10-14T19:00:00,LONG,-3.451,0.72,15,14,0
AUD_CAD_JPY,2024-10-14T19:35:00,LONG,-3.451,0.71,10,14,0
AUD_CAD_JPY,2024-10-14T20:00:00,LONG,-85.214,18.46,60,15,0
AUD_CAD_JPY,2024-10-14T20:20:00,LONG,-5.364,11.2,40,15,0
AUD_CAD_JPY,2024-10-14T20:55:00,LONG,-3.876,7.88,5,15,0
AUD_CAD_JPY,2024-10-15T20:00:00,LONG,-8.088,6.17,60,15,0
AUD_CAD_JPY,2024-10-15T20:55:00,LONG,-3.224,2.91,5,15,0
AUD_CAD_JPY,2024-10-15T22:50:00,LONG,-4.714,12.8,45,17,1
AUD_CAD_JPY,2024-10-16T20:00:00,LONG,-20.603,3.59,60,15,0
AUD_CAD_JPY,2024-10-16T20:55:00,LONG,-4.989,2.89,5,15,0
AUD_CAD_JPY,2024-10-17T11:25:00,LONG,-3.445,2.19,5,6,0
AUD_CAD_JPY,2024-10-17T19:55:00,LONG,-3.348,7.92,65,14,0
AUD_CAD_JPY,2024-10-17T20:55:00,LONG,-3.179,3.4,5,15,0
AUD_CAD_JPY,2024-10-20T20:00:00,LONG,-31.207,5.59,65,15,0
AUD_CAD_JPY,2024-10-21T20:00:00,LONG,-48.952,9.39,60,15,0
AUD_CAD_JPY,2024-10-21T20:35:00,LONG,-3.189,2.91,25,15,0
AUD_CAD_JPY,2024-10-22T18:35:00,LONG,-3.599,0.59,15,13,0
AUD_CAD_JPY,2024-10-22T19:50:00,LONG,-4.018,0.68,40,14,0
AUD_CAD_JPY,2024-10-22T20:00:00,LONG,-50.353,8.86,30,15,0
AUD_CAD_JPY,2024-10-23T19:55:00,LONG,-3.658,7.28,45,14,0
AUD_CAD_JPY,2024-10-24T12:40:00,LONG,-5.263,3.24,5,7,0
AUD_CAD_JPY,2024-10-24T20:00:00,LONG,-17.515,9.53,65,15,0
AUD_CAD_JPY,2024-10-27T20:00:00,LONG,-36.432,8.85,75,15,0
AUD_CAD_JPY,2024-10-27T20:15:00,LONG,-5.991,8.11,60,15,0
AUD_CAD_JPY,2024-10-28T14:15:00,LONG,-3.233,0.61,10,9,0
AUD_CAD_JPY,2024-10-28T19:55:00,LONG,-3.704,8.29,60,14,0
AUD_CAD_JPY,2024-10-29T19:55:00,LONG,-3.846,6.3,70,14,0
AUD_CAD_JPY,2024-10-30T20:00:00,LONG,-5.368,1.34,5,15,0
AUD_CAD_JPY,2024-10-30T20:10:00,LONG,-8.793,3.93,50,15,0
AUD_CAD_JPY,2024-10-31T19:55:00,LONG,-3.565,11.68,75,14,0
AUD_CAD_JPY,2024-11-03T19:00:00,LONG,-20.868,9.6,60,14,0
AUD_CAD_JPY,2024-11-04T18:35:00,SHORT,3.227,0.57,60,13,0
AUD_CAD_JPY,2024-11-04T19:00:00,LONG,-15.88,2.91,35,14,0
AUD_CAD_JPY,2024-11-04T19:15:00,LONG,-6.517,1.99,20,14,0
AUD_CAD_JPY,2024-11-04T19:45:00,LONG,-3.009,1.96,30,14,0
AUD_CAD_JPY,2024-11-05T00:25:00,SHORT,10.024,4.31,5,19,0
AUD_CAD_JPY,2024-11-05T11:55:00,SHORT,22.109,10.37,5,6,0
AUD_CAD_JPY,2024-11-05T19:00:00,LONG,-6.601,5.14,15,14,0
AUD_CAD_JPY,2024-11-05T19:20:00,LONG,-4.266,4.16,40,14,0
AUD_CAD_JPY,2024-11-05T19:45:00,LONG,-4.087,5.12,15,14,0
AUD_CAD_JPY,2024-11-06T19:00:00,LONG,-23.794,6.47,65,14,0
AUD_CAD_JPY,2024-11-06T19:55:00,LONG,-3.144,2.86,10,14,0
AUD_CAD_JPY,2024-11-07T15:55:00,SHORT,11.246,2.7,10,10,0
AUD_CAD_JPY,2024-11-07T18:55:00,LONG,-5.316,9.18,30,13,0
AUD_CAD_JPY,2024-11-07T19:35:00,LONG,-3.098,2.76,35,14,0
AUD_CAD_JPY,2024-11-07T19:55:00,LONG,-3.197,2.95,15,14,0
AUD_CAD_JPY,2024-11-08T11:55:00,SHORT,5.326,3.57,5,6,0
AUD_CAD_JPY,2024-11-10T19:00:00,SHORT,22.847,7.41,20,14,0
AUD_CAD_JPY,2024-11-10T19:25:00,SHORT,3.504,3.79,40,14,0
AUD_CAD_JPY,2024-11-10T19:45:00,LONG,-4.244,4.87,20,14,0
AUD_CAD_JPY,2024-11-11T18:40:00,LONG,-3.798,0.63,80,13,0
AUD_CAD_JPY,2024-11-11T18:55:00,LONG,-3.872,8.95,65,13,0
AUD_CAD_JPY,2024-11-11T19:35:00,LONG,-3.074,5.01,25,14,0
AUD_CAD_JPY,2024-11-12T18:55:00,LONG,-5.662,7.94,75,13,0
AUD_CAD_JPY,2024-11-13T17:55:00,LONG,-3.791,0.78,10,12,0
AUD_CAD_JPY,2024-11-13T18:55:00,LONG,-6.825,4.05,70,13,0
AUD_CAD_JPY,2024-11-13T19:20:00,LONG,-3.89,4.48,45,14,0
AUD_CAD_JPY,2024-11-14T18:55:00,LONG,-3.359,4.07,85,13,0
AUD_CAD_JPY,2024-11-14T19:55:00,LONG,-3.313,2.26,25,14,0
AUD_CAD_JPY,2024-11-15T10:25:00,SHORT,3.255,2.29,10,5,0
AUD_CAD_JPY,2024-11-15T18:40:00,LONG,-3.131,0.76,2965,13,0
AUD_CAD_JPY,2024-11-17T19:00:00,LONG,-6.072,6.89,65,14,0
AUD_CAD_JPY,2024-11-18T18:35:00,SHORT,3.985,0.73,100,13,0
AUD_CAD_JPY,2024-11-18T19:00:00,LONG,-33.529,7.18,75,14,0
AUD_CAD_JPY,2024-11-18T19:40:00,LONG,-3.726,3.56,35,14,0
AUD_CAD_JPY,2024-11-18T19:50:00,LONG,-3.123,3.13,25,14,0
AUD_CAD_JPY,2024-11-19T18:55:00,LONG,-3.336,4.4,70,13,0
AUD_CAD_JPY,2024-11-20T19:00:00,LONG,-10.449,4.54,80,14,0
AUD_CAD_JPY,2024-11-20T19:35:00,LONG,-6.296,3.02,45,14,0
AUD_CAD_JPY,2024-11-21T18:40:00,LONG,-3.064,0.59,95,13,0
AUD_CAD_JPY,2024-11-21T18:50:00,LONG,-3.243,3.27,85,13,0
AUD_CAD_JPY,2024-11-24T19:00:00,LONG,-14.493,5.07,75,14,0
AUD_CAD_JPY,2024-11-24T19:20:00,LONG,-5.062,5.72,55,14,0
AUD_CAD_JPY,2024-11-25T18:55:00,LONG,-7.741,6.45,70,13,0
AUD_CAD_JPY,2024-11-25T19:45:00,LONG,-3.106,2.99,20,14,0
AUD_CAD_JPY,2024-11-26T15:55:00,LONG,-3.694,0.76,10,10,0
AUD_CAD_JPY,2024-11-26T18:50:00,LONG,-3.29,5.47,95,13,0
AUD_CAD_JPY,2024-11-26T19:45:00,LONG,-4.644,3.33,40,14,0
AUD_CAD_JPY,2024-11-27T15:45:00,LONG,-4.7,0.95,30,10,0
AUD_CAD_JPY,2024-11-27T18:55:00,LONG,-54.946,11.1,10,13,0
AUD_CAD_JPY,2024-11-27T19:10:00,LONG,-3.254,3.42,55,14,0
AUD_CAD_JPY,2024-11-28T14:35:00,LONG,-3.109,0.69,75,9,0
AUD_CAD_JPY,2024-11-28T15:05:00,LONG,-4.144,0.95,45,10,0
AUD_CAD_JPY,2024-11-28T18:45:00,LONG,-3.713,11.44,90,13,0
AUD_CAD_JPY,2024-11-29T14:00:00,LONG,-5.276,1.06,70,9,0
AUD_CAD_JPY,2024-11-29T16:10:00,LONG,-3.837,0.91,20,11,0
AUD_CAD_JPY,2024-11-29T17:45:00,LONG,-5.034,1.33,50,12,0
AUD_CAD_JPY,2024-11-29T18:05:00,SHORT,3.43,0.99,30,13,0
AUD_CAD_JPY,2024-11-29T18:15:00,LONG,-4.056,1.21,20,13,0
AUD_CAD_JPY,2024-11-29T18:40:00,LONG,-14.271,4.45,2975,13,0
AUD_CAD_JPY,2024-12-01T19:25:00,LONG,-5.529,5.36,50,14,0
AUD_CAD_JPY,2024-12-02T11:55:00,LONG,-4.502,3.68,5,6,0
AUD_CAD_JPY,2024-12-02T18:55:00,LONG,-21.441,9.11,80,13,0
AUD_CAD_JPY,2024-12-02T19:50:00,LONG,-3.326,3.71,25,14,0
AUD_CAD_JPY,2024-12-03T18:55:00,LONG,-13.483,9.64,25,13,0
AUD_CAD_JPY,2024-12-04T11:55:00,SHORT,10.374,5.31,5,6,0
AUD_CAD_JPY,2024-12-04T18:55:00,LONG,-19.347,8.42,80,13,0
AUD_CAD_JPY,2024-12-05T18:55:00,LONG,-26.933,6.45,70,13,0
AUD_CAD_JPY,2024-12-05T19:10:00,LONG,-3.882,5.66,55,14,0
AUD_CAD_JPY,2024-12-05T19:35:00,LONG,-3.515,2.73,30,14,0
AUD_CAD_JPY,2024-12-05T19:50:00,LONG,-3.259,2.7,15,14,0
AUD_CAD_JPY,2024-12-06T10:25:00,SHORT,5.183,4.57,5,5,0
AUD_CAD_JPY,2024-12-08T19:05:00,SHORT,5.287,2.37,60,14,0
AUD_CAD_JPY,2024-12-08T19:35:00,LONG,-10.737,5.25,30,14,0
AUD_CAD_JPY,2024-12-08T19:50:00,LONG,-5.308,4.7,15,14,0
AUD_CAD_JPY,2024-12-09T18:55:00,LONG,-3.565,3.67,70,13,0
AUD_CAD_JPY,2024-12-10T00:25:00,SHORT,5.61,3.27,5,19,0
AUD_CAD_JPY,2024-12-10T18:40:00,LONG,-3.787,0.77,40,13,0
AUD_CAD_JPY,2024-12-10T19:00:00,LONG,-14.125,3.12,20,14,0
AUD_CAD_JPY,2024-12-10T19:25:00,LONG,-3.135,1.17,40,14,0
AUD_CAD_JPY,2024-12-10T19:35:00,LONG,-9.289,4.08,30,14,0
AUD_CAD_JPY,2024-12-11T10:25:00,LONG,-11.331,7.84,5,5,0
AUD_CAD_JPY,2024-12-11T19:05:00,LONG,-3.529,2.18,80,14,0
AUD_CAD_JPY,2024-12-11T19:15:00,LONG,-4.297,2.73,70,14,0
AUD_CAD_JPY,2024-12-11T19:30:00,LONG,-4.476,3.42,55,14,0
AUD_CAD_JPY,2024-12-11T21:25:00,SHORT,6.457,5.66,5,16,1
AUD_CAD_JPY,2024-12-12T18:55:00,LONG,-7.002,7.25,70,13,0
AUD_CAD_JPY,2024-12-12T19:35:00,LONG,-3.63,5.71,30,14,0
AUD_CAD_JPY,2024-12-13T13:00:00,LONG,-3.593,0.79,5,8,0
AUD_CAD_JPY,2024-12-13T18:45:00,LONG,-5.692,10.43,2970,13,0
AUD_CAD_JPY,2024-12-15T19:40:00,LONG,-3.024,3.44,35,14,0
AUD_CAD_JPY,2024-12-15T19:55:00,LONG,-3.343,3.76,20,14,0
AUD_CAD_JPY,2024-12-16T18:55:00,LONG,-9.255,5.25,80,13,0
AUD_CAD_JPY,2024-12-17T18:55:00,LONG,-4.886,3.2,80,13,0
AUD_CAD_JPY,2024-12-17T19:10:00,LONG,-6.993,2.52,65,14,0
AUD_CAD_JPY,2024-12-17T19:20:00,LONG,-4.822,3.15,55,14,0
AUD_CAD_JPY,2024-12-17T19:40:00,LONG,-4.109,2.21,35,14,0
AUD_CAD_JPY,2024-12-17T19:55:00,LONG,-3.841,2.16,20,14,0
AUD_CAD_JPY,2024-12-18T15:55:00,LONG,-16.806,3.2,10,10,0
AUD_CAD_JPY,2024-12-18T18:55:00,SHORT,15.538,4.75,75,13,0
AUD_CAD_JPY,2024-12-18T19:10:00,LONG,-6.641,3.08,60,14,0
AUD_CAD_JPY,2024-12-18T19:35:00,LONG,-3.405,3.12,35,14,0
AUD_CAD_JPY,2024-12-19T19:00:00,LONG,-17.367,5.08,30,14,0
AUD_CAD_JPY,2024-12-19T19:35:00,LONG,-3.938,3.03,55,14,0
AUD_CAD_JPY,2024-12-20T10:25:00,LONG,-7.221,5.63,5,5,0
AUD_CAD_JPY,2024-12-22T19:05:00,SHORT,18.3,10.08,65,14,0
AUD_CAD_JPY,2024-12-22T19:20:00,LONG,-6.391,6.71,50,14,0
AUD_CAD_JPY,2024-12-22T19:50:00,LONG,-3.494,4.26,20,14,0
AUD_CAD_JPY,2024-12-23T11:55:00,SHORT,3.179,3.42,5,6,0
AUD_CAD_JPY,2024-12-23T18:55:00,LONG,-8.972,18.04,35,13,0
AUD_CAD_JPY,2024-12-24T14:00:00,LONG,-4.005,0.99,50,9,0
AUD_CAD_JPY,2024-12-24T14:20:00,LONG,-3.532,0.89,30,9,0
AUD_CAD_JPY,2024-12-24T15:50:00,LONG,-6.466,2.32,1660,10,0
AUD_CAD_JPY,2024-12-24T16:10:00,LONG,-8.835,5.48,1640,11,0
AUD_CAD_JPY,2024-12-24T16:45:00,LONG,-4.653,6.74,1605,11,0
AUD_CAD_JPY,2024-12-24T17:35:00,LONG,-4.186,5.27,1555,12,0
AUD_CAD_JPY,2024-12-24T17:45:00,LONG,-5.478,7.3,1545,12,0
AUD_CAD_JPY,2024-12-24T18:00:00,LONG,-3.943,6.04,1530,13,0
AUD_CAD_JPY,2024-12-24T18:25:00,SHORT,5.726,14.09,1505,13,0
AUD_CAD_JPY,2024-12-26T19:00:00,SHORT,7.521,9.43,35,14,0
AUD_CAD_JPY,2024-12-27T18:30:00,SHORT,6.144,1.3,2970,13,0
AUD_CAD_JPY,2024-12-27T18:50:00,LONG,-5.297,5.14,2950,13,0
AUD_CAD_JPY,2024-12-29T19:35:00,LONG,-5.19,4.34,25,14,0
AUD_CAD_JPY,2024-12-30T18:55:00,LONG,-40.233,21.98,25,13,0
AUD_CAD_JPY,2024-12-31T18:05:00,SHORT,3.055,0.74,50,13,0
AUD_CAD_JPY,2024-12-31T18:15:00,SHORT,3.511,0.87,40,13,0
AUD_CAD_JPY,2024-12-31T18:50:00,LONG,-6.908,12.03,5,13,0
CAD_CHF_JPY,2022-09-13T20:00:00,LONG,-39.605,14.93,65,15,0
CAD_CHF_JPY,2022-09-14T16:05:00,SHORT,3.042,0.93,5,11,0
CAD_CHF_JPY,2022-09-14T20:00:00,LONG,-24.993,10.84,70,15,0
CAD_CHF_JPY,2022-09-15T11:25:00,LONG,-4.435,7.28,5,6,0
CAD_CHF_JPY,2022-09-15T20:30:00,LONG,-15.415,12.85,60,15,0
CAD_CHF_JPY,2022-09-18T20:00:00,LONG,-19.712,24.43,75,15,0
CAD_CHF_JPY,2022-09-19T20:00:00,LONG,-12.523,5.67,75,15,0
CAD_CHF_JPY,2022-09-20T20:00:00,LONG,-18.225,6.53,555,15,0
CAD_CHF_JPY,2022-09-21T16:55:00,LONG,-110.488,28.97,15,11,0
CAD_CHF_JPY,2022-09-21T20:30:00,LONG,-5.156,11.74,50,15,0
CAD_CHF_JPY,2022-09-22T20:00:00,LONG,-8.174,13.49,70,15,0
CAD_CHF_JPY,2022-09-25T20:00:00,LONG,-73.688,26.49,110,15,0
CAD_CHF_JPY,2022-09-25T20:55:00,LONG,-3.168,13.09,55,15,0
CAD_CHF_JPY,2022-09-26T19:55:00,LONG,-4.792,60.72,40,14,0
CAD_CHF_JPY,2022-09-27T20:00:00,LONG,-20.894,17.1,80,15,0
CAD_CHF_JPY,2022-09-28T20:00:00,LONG,-26.524,18.39,85,15,0
CAD_CHF_JPY,2022-09-29T20:00:00,LONG,-9.687,14.04,70,15,0
CAD_CHF_JPY,2022-09-30T11:25:00,LONG,-3.368,7.43,5,6,0
CAD_CHF_JPY,2022-10-02T20:00:00,LONG,-25.572,16.86,85,15,0
CAD_CHF_JPY,2022-10-03T20:00:00,LONG,-48.908,23.13,60,15,0
CAD_CHF_JPY,2022-10-04T20:00:00,LONG,-23.361,26.58,100,15,0
CAD_CHF_JPY,2022-10-05T20:00:00,LONG,-10.201,14.43,85,15,0
CAD_CHF_JPY,2022-10-05T21:10:00,LONG,-3.311,5.69,15,16,1
CAD_CHF_JPY,2022-10-06T20:00:00,LONG,-9.681,40.32,65,15,0
CAD_CHF_JPY,2022-10-07T11:25:00,LONG,-4.446,19.3,5,6,0
CAD_CHF_JPY,2022-10-09T20:00:00,LONG,-8.797,13.86,90,15,0
CAD_CHF_JPY,2022-10-10T19:55:00,LONG,-37.358,16.42,65,14,0
CAD_CHF_JPY,2022-10-10T20:50:00,LONG,-3.231,8.12,10,15,0
CAD_CHF_JPY,2022-10-11T19:35:00,LONG,-3.209,0.83,105,14,0
CAD_CHF_JPY,2022-10-11T19:45:00,LONG,-4.038,23.3,95,14,0
CAD_CHF_JPY,2022-10-11T20:55:00,LONG,-5.398,15.96,25,15,0
CAD_CHF_JPY,2022-10-12T16:55:00,LONG,-22.073,9.51,10,11,0
CAD_CHF_JPY,2022-10-12T19:55:00,LONG,-24.032,38.85,100,14,0
CAD_CHF_JPY,2022-10-12T20:50:00,LONG,-3.254,31.2,45,15,0
CAD_CHF_JPY,2022-10-13T11:25:00,LONG,-3.013,20.81,5,6,0
CAD_CHF_JPY,2022-10-13T19:55:00,LONG,-11.824,36.06,75,14,0
CAD_CHF_JPY,2022-10-14T19:45:00,LONG,-4.701,96.53,2980,14,0
CAD_CHF_JPY,2022-10-17T19:55:00,LONG,-87.525,24.95,65,14,0
CAD_CHF_JPY,2022-10-18T19:50:00,LONG,-4.578,22.36,70,14,0
CAD_CHF_JPY,2022-10-19T19:55:00,LONG,-45.281,20.29,15,14,0
CAD_CHF_JPY,2022-10-19T20:20:00,LONG,-6.233,22.06,20,15,0
CAD_CHF_JPY,2022-10-19T20:50:00,LONG,-7.062,21.62,10,15,0
CAD_CHF_JPY,2022-10-20T19:55:00,LONG,-41.221,19.71,65,14,0
CAD_CHF_JPY,2022-10-21T14:55:00,SHORT,3.052,1.16,20,9,0
CAD_CHF_JPY,2022-10-21T15:20:00,LONG,-5.709,2.21,5,10,0
CAD_CHF_JPY,2022-10-21T17:05:00,LONG,-3.36,1.47,30,12,0
CAD_CHF_JPY,2022-10-21T19:35:00,LONG,-3.261,1.55,2950,14,0
CAD_CHF_JPY,2022-10-23T20:00:00,LONG,-40.669,20.64,45,15,0
CAD_CHF_JPY,2022-10-23T20:15:00,LONG,-12.475,20.99,30,15,0
CAD_CHF_JPY,2022-10-23T20:40:00,LONG,-3.218,8.79,5,15,0
CAD_CHF_JPY,2022-10-23T21:00:00,LONG,-4.33,12.16,20,16,1
CAD_CHF_JPY,2022-10-24T19:55:00,LONG,-31.073,25.27,80,14,0
CAD_CHF_JPY,2022-10-24T20:45:00,LONG,-3.159,9.92,30,15,0
CAD_CHF_JPY,2022-10-24T20:55:00,LONG,-4.788,15.56,20,15,0
CAD_CHF_JPY,2022-10-25T19:40:00,LONG,-3.045,0.86,90,14,0
CAD_CHF_JPY,2022-10-25T19:55:00,LONG,-49.84,22.85,75,14,0
CAD_CHF_JPY,2022-10-25T20:15:00,LONG,-7.8,22.02,55,15,0
CAD_CHF_JPY,2022-10-26T19:55:00,LONG,-34.436,19.01,80,14,0
CAD_CHF_JPY,2022-10-27T19:55:00,LONG,-8.387,16.13,90,14,0
CAD_CHF_JPY,2022-10-27T20:25:00,LONG,-3.375,6.81,60,15,0
CAD_CHF_JPY,2022-10-27T20:35:00,LONG,-3.403,8.39,50,15,0
CAD_CHF_JPY,2022-10-27T21:00:00,LONG,-3.26,7.81,25,16,1
CAD_CHF_JPY,2022-10-27T21:10:00,LONG,-3.69,9.18,15,16,1
CAD_CHF_JPY,2022-10-30T20:00:00,LONG,-20.054,58.24,75,15,0
CAD_CHF_JPY,2022-10-30T20:55:00,LONG,-5.812,47.94,20,15,0
CAD_CHF_JPY,2022-10-31T19:15:00,LONG,-3.051,0.88,110,14,0
CAD_CHF_JPY,2022-10-31T19:40:00,LONG,-3.135,1.26,85,14,0
CAD_CHF_JPY,2022-10-31T19:55:00,LONG,-81.057,31.86,70,14,0
CAD_CHF_JPY,2022-11-01T19:55:00,LONG,-33.437,28.41,65,14,0
CAD_CHF_JPY,2022-11-02T16:55:00,LONG,-117.583,35.1,10,11,0
CAD_CHF_JPY,2022-11-02T20:35:00,LONG,-4.594,12.06,225,15,0
CAD_CHF_JPY,2022-11-02T20:55:00,LONG,-4.022,11.65,205,15,0
CAD_CHF_JPY,2022-11-03T19:55:00,LONG,-61.794,23.18,70,14,0
CAD_CHF_JPY,2022-11-03T20:20:00,LONG,-4.744,12.16,45,15,0
CAD_CHF_JPY,2022-11-04T11:25:00,LONG,-4.926,15.24,5,6,0
CAD_CHF_JPY,2022-11-06T19:00:00,LONG,-21.184,38.04,135,14,0
CAD_CHF_JPY,2022-11-06T20:10:00,LONG,-6.633,34.08,65,15,0
CAD_CHF_JPY,2022-11-06T20:35:00,LONG,-3.303,31.86,40,15,0
CAD_CHF_JPY,2022-11-07T19:50:00,LONG,-4.414,21.93,80,14,0
CAD_CHF_JPY,2022-11-07T20:40:00,LONG,-4.057,15.07,30,15,0
CAD_CHF_JPY,2022-11-07T20:55:00,LONG,-3.277,12.92,15,15,0
CAD_CHF_JPY,2022-11-08T15:45:00,SHORT,3.067,0.93,30,10,0
CAD_CHF_JPY,2022-11-08T19:45:00,LONG,-5.011,23.85,75,14,0
CAD_CHF_JPY,2022-11-09T19:55:00,LONG,-50.904,17.95,65,14,0
CAD_CHF_JPY,2022-11-10T19:25:00,LONG,-3.434,1.33,25,14,0
CAD_CHF_JPY,2022-11-10T19:55:00,LONG,-37.884,24.96,80,14,0
CAD_CHF_JPY,2022-11-13T19:00:00,LONG,-66.815,34.13,120,14,0
CAD_CHF_JPY,2022-11-13T20:15:00,LONG,-4.17,35.22,45,15,0
CAD_CHF_JPY,2022-11-14T19:50:00,LONG,-3.739,29.1,80,14,0
CAD_CHF_JPY,2022-11-14T20:55:00,LONG,-4.477,19.94,15,15,0
CAD_CHF_JPY,2022-11-15T16:50:00,LONG,-3.437,1.03,65,11,0
CAD_CHF_JPY,2022-11-15T17:15:00,LONG,-3.162,1.0,40,12,0
CAD_CHF_JPY,2022-11-15T19:00:00,LONG,-3.116,1.03,5,14,0
CAD_CHF_JPY,2022-11-15T19:55:00,LONG,-80.085,46.37,65,14,0
CAD_CHF_JPY,2022-11-16T19:55:00,LONG,-18.189,12.77,70,14,0
CAD_CHF_JPY,2022-11-17T19:55:00,LONG,-31.919,17.47,80,14,0
CAD_CHF_JPY,2022-11-17T21:05:00,LONG,-3.157,6.25,10,16,1
CAD_CHF_JPY,2022-11-20T19:00:00,LONG,-71.508,21.68,60,14,0
CAD_CHF_JPY,2022-11-20T19:40:00,LONG,-4.307,12.14,20,14,0
CAD_CHF_JPY,2022-11-21T18:55:00,LONG,-77.749,21.33,225,13,0
CAD_CHF_JPY,2022-11-21T19:50:00,LONG,-3.055,7.17,170,14,0
CAD_CHF_JPY,2022-11-22T18:55:00,LONG,-29.802,12.26,80,13,0
CAD_CHF_JPY,2022-11-23T15:55:00,LONG,-31.338,12.06,30,10,0
CAD_CHF_JPY,2022-11-23T18:55:00,LONG,-20.593,19.37,75,13,0
CAD_CHF_JPY,2022-11-24T18:35:00,LONG,-3.304,16.46,105,13,0
CAD_CHF_JPY,2022-11-24T19:55:00,LONG,-6.546,17.58,25,14,0
CAD_CHF_JPY,2022-11-25T15:45:00,LONG,-5.447,1.93,20,10,0
CAD_CHF_JPY,2022-11-25T16:10:00,LONG,-32.392,15.08,95,11,0
CAD_CHF_JPY,2022-11-25T16:25:00,LONG,-11.331,16.95,80,11,0
CAD_CHF_JPY,2022-11-25T17:00:00,LONG,-4.805,14.02,45,12,0
CAD_CHF_JPY,2022-11-25T18:05:00,LONG,-3.132,11.7,3010,13,0
CAD_CHF_JPY,2022-11-25T18:15:00,LONG,-4.541,26.61,3000,13,0
CAD_CHF_JPY,2022-11-25T18:50:00,LONG,-3.906,19.79,2965,13,0
CAD_CHF_JPY,2022-11-27T19:10:00,LONG,-6.133,34.95,65,14,0
CAD_CHF_JPY,2022-11-27T19:55:00,LONG,-3.003,23.64,20,14,0
CAD_CHF_JPY,2022-11-28T18:15:00,LONG,-4.048,1.25,5,13,0
CAD_CHF_JPY,2022-11-28T18:55:00,LONG,-11.038,6.29,60,13,0
CAD_CHF_JPY,2022-11-28T20:05:00,LONG,-3.305,3.29,25,15,0
CAD_CHF_JPY,2022-11-29T16:25:00,SHORT,3.46,1.03,45,11,0
CAD_CHF_JPY,2022-11-29T18:55:00,LONG,-65.343,25.11,65,13,0
CAD_CHF_JPY,2022-11-30T18:55:00,LONG,-24.463,14.69,65,13,0
CAD_CHF_JPY,2022-12-01T18:55:00,LONG,-13.89,10.39,75,13,0
CAD_CHF_JPY,2022-12-01T19:55:00,LONG,-4.234,6.53,15,14,0
CAD_CHF_JPY,2022-12-02T10:25:00,LONG,-17.345,27.5,50,5,0
CAD_CHF_JPY,2022-12-02T10:40:00,SHORT,3.293,8.36,35,5,0
CAD_CHF_JPY,2022-12-02T10:50:00,SHORT,3.739,9.91,25,5,0
CAD_CHF_JPY,2022-12-04T19:00:00,LONG,-4.033,9.86,5,14,0
CAD_CHF_JPY,2022-12-04T19:10:00,LONG,-4.911,22.88,55,14,0
CAD_CHF_JPY,2022-12-05T18:55:00,LONG,-34.444,32.15,70,13,0
CAD_CHF_JPY,2022-12-06T13:55:00,SHORT,3.139,0.98,10,8,0
CAD_CHF_JPY,2022-12-06T18:55:00,LONG,-22.135,14.48,70,13,0
CAD_CHF_JPY,2022-12-07T11:55:00,LONG,-4.37,9.79,5,6,0
CAD_CHF_JPY,2022-12-07T19:00:00,LONG,-18.726,15.3,75,14,0
CAD_CHF_JPY,2022-12-08T18:55:00,LONG,-44.797,13.87,70,13,0
CAD_CHF_JPY,2022-12-08T19:20:00,LONG,-7.849,11.54,45,14,0
CAD_CHF_JPY,2022-12-08T19:55:00,LONG,-3.845,8.04,10,14,0
CAD_CHF_JPY,2022-12-11T19:00:00,LONG,-31.785,36.74,60,14,0
CAD_CHF_JPY,2022-12-12T14:55:00,LONG,-3.451,0.87,35,9,0
CAD_CHF_JPY,2022-12-12T18:55:00,LONG,-21.188,13.0,65,13,0
CAD_CHF_JPY,2022-12-13T10:25:00,LONG,-12.068,23.31,5,5,0
CAD_CHF_JPY,2022-12-13T18:55:00,LONG,-10.142,27.78,65,13,0
CAD_CHF_JPY,2022-12-14T15:55:00,LONG,-81.296,23.49,10,10,0
CAD_CHF_JPY,2022-12-14T18:55:00,LONG,-6.044,29.06,65,13,0
CAD_CHF_JPY,2022-12-15T10:10:00,LONG,-7.663,36.13,5,5,0
CAD_CHF_JPY,2022-12-15T18:55:00,LONG,-3.276,21.65,65,13,0
CAD_CHF_JPY,2022-12-16T18:35:00,LONG,-3.102,1.6,15,13,0
CAD_CHF_JPY,2022-12-18T19:00:00,LONG,-82.297,26.48,75,14,0
CAD_CHF_JPY,2022-12-19T18:15:00,LONG,-3.586,0.95,105,13,0
CAD_CHF_JPY,2022-12-19T18:50:00,LONG,-3.702,20.13,70,13,0
CAD_CHF_JPY,2022-12-20T18:50:00,LONG,-3.579,17.98,75,13,0
CAD_CHF_JPY,2022-12-20T19:55:00,LONG,-3.116,7.3,10,14,0
CAD_CHF_JPY,2022-12-21T14:05:00,SHORT,3.164,0.99,15,9,0
CAD_CHF_JPY,2022-12-21T18:55:00,LONG,-5.55,20.59,70,13,0
CAD_CHF_JPY,2022-12-22T19:00:00,LONG,-10.154,12.5,15,14,0
CAD_CHF_JPY,2022-12-22T19:25:00,LONG,-9.563,10.74,45,14,0
CAD_CHF_JPY,2022-12-23T18:50:00,LONG,-8.042,27.7,3015,13,0
CAD_CHF_JPY,2022-12-26T19:00:00,LONG,-3.165,17.07,50,14,0
CAD_CHF_JPY,2022-12-26T19:10:00,LONG,-3.503,19.42,40,14,0
CAD_CHF_JPY,2022-12-27T18:55:00,LONG,-26.423,38.46,75,13,0
CAD_CHF_JPY,2022-12-27T19:50:00,LONG,-3.473,21.3,20,14,0
CAD_CHF_JPY,2022-12-28T18:40:00,LONG,-4.096,1.31,80,13,0
CAD_CHF_JPY,2022-12-28T18:55:00,LONG,-52.825,31.84,65,13,0
CAD_CHF_JPY,2022-12-29T18:50:00,LONG,-3.001,31.45,70,13,0
CAD_CHF_JPY,2022-12-30T15:00:00,LONG,-3.841,1.03,10,10,0
CAD_CHF_JPY,2022-12-30T17:50:00,LONG,-3.394,0.99,3130,12,0
CAD_CHF_JPY,2022-12-30T18:05:00,LONG,-3.238,0.98,3115,13,0
CAD_CHF_JPY,2022-12-30T18:15:00,LONG,-3.772,48.39,3105,13,0
CAD_CHF_JPY,2023-01-01T20:35:00,LONG,-3.051,30.17,85,15,0
CAD_CHF_JPY,2023-01-02T16:50:00,LONG,-3.924,22.2,195,11,0
CAD_CHF_JPY,2023-01-02T17:15:00,LONG,-4.746,25.47,170,12,0
CAD_CHF_JPY,2023-01-02T18:10:00,LONG,-4.067,26.23,115,13,0
CAD_CHF_JPY,2023-01-02T19:10:00,LONG,-4.22,34.8,55,14,0
CAD_CHF_JPY,2023-01-03T18:50:00,LONG,-3.107,26.25,80,13,0
CAD_CHF_JPY,2023-01-04T15:55:00,LONG,-22.841,9.38,10,10,0
CAD_CHF_JPY,2023-01-04T18:55:00,LONG,-12.442,15.9,70,13,0
CAD_CHF_JPY,2023-01-04T19:55:00,LONG,-3.115,7.73,10,14,0
CAD_CHF_JPY,2023-01-05T18:55:00,LONG,-23.406,14.64,80,13,0
CAD_CHF_JPY,2023-01-06T10:25:00,LONG,-12.814,33.49,5,5,0
CAD_CHF_JPY,2023-01-08T19:00:00,LONG,-4.246,29.17,70,14,0
CAD_CHF_JPY,2023-01-09T18:45:00,LONG,-3.247,14.5,75,13,0
CAD_CHF_JPY,2023-01-09T19:50:00,LONG,-3.067,6.2,10,14,0
CAD_CHF_JPY,2023-01-10T13:30:00,SHORT,4.061,1.27,15,8,0
CAD_CHF_JPY,2023-01-10T18:45:00,LONG,-3.892,1.12,75,13,0
CAD_CHF_JPY,2023-01-10T18:55:00,LONG,-41.911,19.93,65,13,0
CAD_CHF_JPY,2023-01-10T19:55:00,LONG,-4.398,12.51,5,14,0
CAD_CHF_JPY,2023-01-11T18:55:00,LONG,-16.702,15.1,65,13,0
CAD_CHF_JPY,2023-01-11T19:55:00,LONG,-5.08,12.43,5,14,0
CAD_CHF_JPY,2023-01-12T10:25:00,LONG,-12.898,33.53,5,5,0
CAD_CHF_JPY,2023-01-12T18:55:00,LONG,-5.335,20.38,65,13,0
CAD_CHF_JPY,2023-01-13T13:55:00,SHORT,3.056,1.01,35,8,0
CAD_CHF_JPY,2023-01-13T18:35:00,LONG,-3.515,1.13,2980,13,0
CAD_CHF_JPY,2023-01-13T18:45:00,LONG,-4.645,28.97,2970,13,0
CAD_CHF_JPY,2023-01-15T20:05:00,LONG,-3.865,22.33,10,15,0
CAD_CHF_JPY,2023-01-16T17:35:00,LONG,-3.152,0.98,10,12,0
CAD_CHF_JPY,2023-01-16T18:30:00,LONG,-3.349,1.08,90,13,0
CAD_CHF_JPY,2023-01-16T18:40:00,LONG,-3.408,29.7,80,13,0
CAD_CHF_JPY,2023-01-16T19:55:00,LONG,-3.146,15.6,5,14,0
CAD_CHF_JPY,2023-01-17T19:00:00,LONG,-59.216,20.77,65,14,0
CAD_CHF_JPY,2023-01-18T18:55:00,LONG,-26.486,20.33,65,13,0
CAD_CHF_JPY,2023-01-18T19:55:00,LONG,-3.355,12.75,5,14,0
CAD_CHF_JPY,2023-01-19T18:55:00,LONG,-40.258,12.06,80,13,0
CAD_CHF_JPY,2023-01-19T19:25:00,LONG,-4.924,8.46,50,14,0
CAD_CHF_JPY,2023-01-22T19:00:00,LONG,-46.018,21.97,75,14,0
CAD_CHF_JPY,2023-01-22T19:30:00,LONG,-4.446,11.18,45,14,0
CAD_CHF_JPY,2023-01-22T19:50:00,LONG,-3.434,9.61,25,14,0
CAD_CHF_JPY,2023-01-23T18:55:00,LONG,-4.154,15.77,50,13,0
CAD_CHF_JPY,2023-01-23T19:55:00,LONG,-3.748,7.13,10,14,0
CAD_CHF_JPY,2023-01-24T18:55:00,LONG,-31.987,23.93,75,13,0
CAD_CHF_JPY,2023-01-24T19:55:00,LONG,-3.318,13.65,15,14,0
CAD_CHF_JPY,2023-01-25T18:55:00,LONG,-3.375,18.49,80,13,0
CAD_CHF_JPY,2023-01-25T19:25:00,LONG,-5.433,11.03,50,14,0
CAD_CHF_JPY,2023-01-25T19:45:00,LONG,-3.73,8.72,30,14,0
CAD_CHF_JPY,2023-01-25T19:55:00,LONG,-3.377,8.28,20,14,0
CAD_CHF_JPY,2023-01-25T20:05:00,LONG,-3.234,8.3,10,15,0
CAD_CHF_JPY,2023-01-26T18:55:00,LONG,-36.848,34.4,80,13,0
CAD_CHF_JPY,2023-01-26T19:55:00,LONG,-3.423,16.65,20,14,0
CAD_CHF_JPY,2023-01-29T19:00:00,LONG,-66.561,27.88,70,14,0
CAD_CHF_JPY,2023-01-29T20:00:00,LONG,-3.334,14.03,10,15,0
CAD_CHF_JPY,2023-01-30T18:55:00,LONG,-58.032,16.87,70,13,0
CAD_CHF_JPY,2023-01-31T12:55:00,SHORT,3.158,0.91,5,7,0
CAD_CHF_JPY,2023-01-31T18:50:00,LONG,-4.237,19.16,70,13,0
CAD_CHF_JPY,2023-02-01T15:55:00,LONG,-77.604,30.51,10,10,0
CAD_CHF_JPY,2023-02-01T18:55:00,LONG,-8.577,22.11,70,13,0
CAD_CHF_JPY,2023-02-01T19:55:00,LONG,-4.015,19.52,10,14,0
CAD_CHF_JPY,2023-02-02T19:00:00,LONG,-41.157,19.35,40,14,0
CAD_CHF_JPY,2023-02-03T10:25:00,LONG,-4.055,9.49,5,5,0
CAD_CHF_JPY,2023-02-05T19:00:00,LONG,-10.267,19.01,75,14,0
CAD_CHF_JPY,2023-02-05T19:45:00,LONG,-5.267,17.87,30,14,0
CAD_CHF_JPY,2023-02-06T18:10:00,SHORT,3.642,1.11,5,13,0
CAD_CHF_JPY,2023-02-06T19:00:00,LONG,-22.244,7.59,60,14,0
CAD_CHF_JPY,2023-02-06T19:40:00,LONG,-5.035,6.39,20,14,0
CAD_CHF_JPY,2023-02-07T18:55:00,SHORT,4.733,17.62,45,13,0
CAD_CHF_JPY,2023-02-07T19:55:00,LONG,-3.056,7.3,5,14,0
CAD_CHF_JPY,2023-02-08T19:00:00,LONG,-43.678,18.76,75,14,0
CAD_CHF_JPY,2023-02-08T19:55:00,LONG,-3.065,8.02,20,14,0
CAD_CHF_JPY,2023-02-09T18:55:00,LONG,-3.839,14.36,60,13,0
CAD_CHF_JPY,2023-02-10T11:55:00,LONG,-4.103,7.17,5,6,0
CAD_CHF_JPY,2023-02-12T19:00:00,LONG,-36.46,30.71,70,14,0
CAD_CHF_JPY,2023-02-13T19:00:00,LONG,-78.707,19.42,40,14,0
CAD_CHF_JPY,2023-02-14T10:25:00,LONG,-6.96,18.73,5,5,0
CAD_CHF_JPY,2023-02-14T19:00:00,LONG,-10.645,15.36,60,14,0
CAD_CHF_JPY,2023-02-15T18:55:00,LONG,-8.744,15.48,75,13,0
CAD_CHF_JPY,2023-02-15T19:50:00,LONG,-3.008,4.72,20,14,0
CAD_CHF_JPY,2023-02-16T10:25:00,LONG,-5.724,9.41,5,5,0
CAD_CHF_JPY,2023-02-16T18:55:00,LONG,-3.327,11.81,65,13,0
CAD_CHF_JPY,2023-02-17T18:50:00,LONG,-3.125,28.28,2935,13,0
CAD_CHF_JPY,2023-02-19T19:40:00,LONG,-3.83,17.84,5,14,0
CAD_CHF_JPY,2023-02-19T19:50:00,LONG,-3.206,16.17,10,14,0
CAD_CHF_JPY,2023-02-20T15:20:00,LONG,-3.112,0.95,20,10,0
CAD_CHF_JPY,2023-02-20T17:55:00,LONG,-3.635,0.94,30,12,0
CAD_CHF_JPY,2023-02-20T18:55:00,LONG,-13.939,21.63,65,13,0
CAD_CHF_JPY,2023-02-20T19:55:00,LONG,-3.012,10.32,5,14,0
CAD_CHF_JPY,2023-02-21T18:55:00,LONG,-7.761,21.22,430,13,0
CAD_CHF_JPY,2023-02-22T15:55:00,LONG,-33.309,6.51,10,10,0
CAD_CHF_JPY,2023-02-22T18:55:00,LONG,-5.941,22.29,100,13,0
CAD_CHF_JPY,2023-02-23T19:00:00,LONG,-35.507,13.16,60,14,0
CAD_CHF_JPY,2023-02-23T19:50:00,LONG,-3.111,7.09,10,14,0
CAD_CHF_JPY,2023-02-26T19:00:00,LONG,-57.949,20.55,60,14,0
CAD_CHF_JPY,2023-02-26T19:45:00,LONG,-3.333,9.21,15,14,0
CAD_CHF_JPY,2023-02-27T18:55:00,LONG,-6.018,21.54,65,13,0
CAD_CHF_JPY,2023-02-28T19:00:00,LONG,-11.334,7.88,80,14,0
CAD_CHF_JPY,2023-03-01T18:55:00,LONG,-9.367,14.68,65,13,0
CAD_CHF_JPY,2023-03-01T19:50:00,LONG,-3.327,5.61,10,14,0
CAD_CHF_JPY,2023-03-02T18:55:00,LONG,-3.415,18.34,65,13,0
CAD_CHF_JPY,2023-03-02T19:55:00,LONG,-3.619,9.21,5,14,0
CAD_CHF_JPY,2023-03-03T11:55:00,LONG,-3.07,8.16,5,6,0
CAD_CHF_JPY,2023-03-05T19:00:00,LONG,-22.428,15.26,65,14,0
CAD_CHF_JPY,2023-03-05T19:50:00,LONG,-3.326,9.32,15,14,0
CAD_CHF_JPY,2023-03-06T18:55:00,LONG,-3.673,26.82,65,13,0
CAD_CHF_JPY,2023-03-06T19:45:00,LONG,-3.118,6.48,15,14,0
CAD_CHF_JPY,2023-03-07T18:55:00,LONG,-4.451,20.06,50,13,0
CAD_CHF_JPY,2023-03-07T19:20:00,LONG,-5.673,10.39,25,14,0
CAD_CHF_JPY,2023-03-07T19:30:00,LONG,-4.858,9.72,15,14,0
CAD_CHF_JPY,2023-03-07T19:55:00,LONG,-3.796,8.15,10,14,0
CAD_CHF_JPY,2023-03-08T10:10:00,LONG,-4.411,9.83,5,5,0
CAD_CHF_JPY,2023-03-08T19:00:00,LONG,-8.487,13.94,60,14,0
CAD_CHF_JPY,2023-03-09T18:55:00,LONG,-5.947,2.64,70,13,0
CAD_CHF_JPY,2023-03-09T19:05:00,LONG,-52.214,29.85,60,14,0
CAD_CHF_JPY,2023-03-12T20:00:00,LONG,-34.004,45.23,70,15,0
CAD_CHF_JPY,2023-03-12T21:15:00,LONG,-5.744,39.56,10,16,1
CAD_CHF_JPY,2023-03-13T19:55:00,LONG,-18.188,15.87,55,14,0
CAD_CHF_JPY,2023-03-13T20:40:00,LONG,-3.171,5.03,10,15,0
CAD_CHF_JPY,2023-03-13T21:15:00,LONG,-3.048,9.25,25,16,1
CAD_CHF_JPY,2023-03-14T11:25:00,LONG,-15.709,30.58,5,6,0
CAD_CHF_JPY,2023-03-14T20:00:00,LONG,-7.344,22.35,80,15,0
CAD_CHF_JPY,2023-03-15T19:55:00,LONG,-3.495,2.36,85,14,0
CAD_CHF_JPY,2023-03-15T20:05:00,LONG,-5.989,7.39,75,15,0
CAD_CHF_JPY,2023-03-15T20:55:00,LONG,-4.128,6.84,25,15,0
CAD_CHF_JPY,2023-03-16T11:25:00,LONG,-6.601,9.2,5,6,0
CAD_CHF_JPY,2023-03-16T12:10:00,LONG,-7.972,12.22,5,7,0
CAD_CHF_JPY,2023-03-16T20:05:00,LONG,-5.349,11.81,70,15,0
CAD_CHF_JPY,2023-03-17T19:40:00,LONG,-3.603,32.51,2980,14,0
CAD_CHF_JPY,2023-03-20T19:55:00,LONG,-3.588,30.01,125,14,0
CAD_CHF_JPY,2023-03-21T15:00:00,SHORT,3.017,0.83,15,10,0
CAD_CHF_JPY,2023-03-21T20:00:00,LONG,-25.842,7.6,110,15,0
CAD_CHF_JPY,2023-03-21T20:35:00,LONG,-3.373,2.28,75,15,0
CAD_CHF_JPY,2023-03-21T20:50:00,LONG,-3.03,2.18,60,15,0
CAD_CHF_JPY,2023-03-21T21:00:00,LONG,-3.646,2.72,50,16,1
CAD_CHF_JPY,2023-03-22T16:55:00,LONG,-47.519,12.81,10,11,0
CAD_CHF_JPY,2023-03-22T20:00:00,LONG,-5.012,13.41,120,15,0
CAD_CHF_JPY,2023-03-22T20:40:00,LONG,-3.626,9.69,80,15,0
CAD_CHF_JPY,2023-03-23T19:55:00,LONG,-5.12,22.0,75,14,0
CAD_CHF_JPY,2023-03-23T20:50:00,LONG,-3.552,9.28,20,15,0
CAD_CHF_JPY,2023-03-24T19:45:00,LONG,-4.013,32.53,2965,14,0
CAD_CHF_JPY,2023-03-27T20:00:00,LONG,-29.044,9.92,70,15,0
CAD_CHF_JPY,2023-03-27T20:40:00,LONG,-5.971,7.69,30,15,0
CAD_CHF_JPY,2023-03-27T20:55:00,LONG,-4.995,7.43,15,15,0
CAD_CHF_JPY,2023-03-28T19:40:00,LONG,-3.306,0.87,85,14,0
CAD_CHF_JPY,2023-03-28T19:55:00,LONG,-45.837,13.69,70,14,0
CAD_CHF_JPY,2023-03-28T20:35:00,LONG,-4.303,7.13,30,15,0
CAD_CHF_JPY,2023-03-29T19:45:00,LONG,-3.03,0.75,75,14,0
CAD_CHF_JPY,2023-03-29T19:55:00,LONG,-7.765,24.18,65,14,0
CAD_CHF_JPY,2023-03-29T20:25:00,LONG,-3.286,10.83,35,15,0
CAD_CHF_JPY,2023-03-30T19:55:00,LONG,-14.686,11.91,80,14,0
CAD_CHF_JPY,2023-03-31T19:45:00,LONG,-4.218,37.66,2960,14,0
CAD_CHF_JPY,2023-04-02T20:55:00,LONG,-3.168,19.27,10,15,0
CAD_CHF_JPY,2023-04-03T19:55:00,LONG,-5.211,24.12,70,14,0
CAD_CHF_JPY,2023-04-03T20:55:00,LONG,-3.32,9.77,10,15,0
CAD_CHF_JPY,2023-04-04T19:50:00,LONG,-3.051,9.55,205,14,0
CAD_CHF_JPY,2023-04-04T21:05:00,LONG,-3.337,4.35,130,16,1
CAD_CHF_JPY,2023-04-05T11:10:00,LONG,-3.737,4.56,5,6,0
CAD_CHF_JPY,2023-04-05T12:55:00,LONG,-6.007,6.5,5,7,0
CAD_CHF_JPY,2023-04-05T20:00:00,LONG,-35.177,27.05,80,15,0
CAD_CHF_JPY,2023-04-06T19:50:00,LONG,-3.027,8.53,105,14,0
CAD_CHF_JPY,2023-04-06T20:45:00,LONG,-4.522,4.86,50,15,0
CAD_CHF_JPY,2023-04-07T11:25:00,LONG,-13.008,19.31,10,6,0
CAD_CHF_JPY,2023-04-07T14:10:00,LONG,-11.453,17.76,335,9,0
CAD_CHF_JPY,2023-04-07T15:15:00,LONG,-3.102,8.12,270,10,0
CAD_CHF_JPY,2023-04-07T17:25:00,LONG,-3.126,16.11,140,12,0
CAD_CHF_JPY,2023-04-07T18:35:00,LONG,-3.128,15.5,70,13,0
CAD_CHF_JPY,2023-04-07T18:50:00,LONG,-3.375,17.33,55,13,0
CAD_CHF_JPY,2023-04-09T20:00:00,LONG,-3.49,19.43,65,15,0
CAD_CHF_JPY,2023-04-10T20:00:00,LONG,-100.811,27.18,75,15,0
CAD_CHF_JPY,2023-04-10T20:20:00,LONG,-3.512,7.15,55,15,0
CAD_CHF_JPY,2023-04-10T20:50:00,LONG,-4.55,9.92,25,15,0
CAD_CHF_JPY,2023-04-11T19:55:00,LONG,-6.409,5.8,130,14,0
CAD_CHF_JPY,2023-04-11T20:25:00,LONG,-3.549,2.76,100,15,0
CAD_CHF_JPY,2023-04-11T21:00:00,LONG,-3.837,3.01,65,16,1
CAD_CHF_JPY,2023-04-12T11:25:00,LONG,-15.785,13.01,5,6,0
CAD_CHF_JPY,2023-04-12T19:55:00,LONG,-7.007,11.4,75,14,0
CAD_CHF_JPY,2023-04-13T20:00:00,LONG,-17.27,4.64,80,15,0
CAD_CHF_JPY,2023-04-14T11:25:00,LONG,-3.061,2.57,10,6,0
CAD_CHF_JPY,2023-04-16T20:00:00,LONG,-12.068,23.1,70,15,0
CAD_CHF_JPY,2023-04-17T19:55:00,LONG,-44.627,15.63,70,14,0
CAD_CHF_JPY,2023-04-18T20:00:00,LONG,-46.645,12.09,65,15,0
CAD_CHF_JPY,2023-04-19T19:55:00,LONG,-4.912,9.66,35,14,0
CAD_CHF_JPY,2023-04-19T20:35:00,LONG,-4.79,8.28,40,15,0
CAD_CHF_JPY,2023-04-20T20:00:00,LONG,-38.125,13.55,60,15,0
CAD_CHF_JPY,2023-04-21T17:30:00,SHORT,3.087,0.67,15,12,0
CAD_CHF_JPY,2023-04-21T19:30:00,LONG,-3.243,0.72,2970,14,0
CAD_CHF_JPY,2023-04-21T19:40:00,LONG,-3.291,0.75,2960,14,0
CAD_CHF_JPY,2023-04-21T19:50:00,LONG,-3.893,12.21,2950,14,0
CAD_CHF_JPY,2023-04-24T14:50:00,SHORT,3.631,0.64,5,9,0
CAD_CHF_JPY,2023-04-24T20:00:00,LONG,-23.998,8.2,60,15,0
CAD_CHF_JPY,2023-04-24T20:35:00,LONG,-6.017,6.3,25,15,0
CAD_CHF_JPY,2023-04-24T20:50:00,LONG,-5.256,6.47,10,15,0
CAD_CHF_JPY,2023-04-25T19:50:00,LONG,-3.412,11.79,75,14,0
CAD_CHF_JPY,2023-04-25T20:45:00,LONG,-5.067,8.41,20,15,0
CAD_CHF_JPY,2023-04-26T14:55:00,SHORT,3.196,0.72,10,9,0
CAD_CHF_JPY,2023-04-26T17:15:00,SHORT,4.376,0.95,35,12,0
CAD_CHF_JPY,2023-04-26T20:00:00,LONG,-56.217,14.44,65,15,0
CAD_CHF_JPY,2023-04-27T19:55:00,LONG,-34.131,19.72,90,14,0
CAD_CHF_JPY,2023-04-30T20:00:00,LONG,-35.034,45.64,70,15,0
CAD_CHF_JPY,2023-04-30T21:00:00,LONG,-3.169,18.96,10,16,1
CAD_CHF_JPY,2023-05-01T20:00:00,LONG,-66.27,29.78,35,15,0
CAD_CHF_JPY,2023-05-02T20:00:00,LONG,-48.858,12.43,120,15,0
CAD_CHF_JPY,2023-05-02T20:45:00,LONG,-3.964,6.73,75,15,0
CAD_CHF_JPY,2023-05-03T11:10:00,LONG,-3.134,5.15,5,6,0
CAD_CHF_JPY,2023-05-03T16:55:00,LONG,-10.264,5.46,10,11,0
CAD_CHF_JPY,2023-05-03T19:55:00,SHORT,3.395,28.89,90,14,0
CAD_CHF_JPY,2023-05-04T19:55:00,LONG,-8.046,19.12,70,14,0
CAD_CHF_JPY,2023-05-05T11:25:00,LONG,-7.906,19.02,5,6,0
CAD_CHF_JPY,2023-05-07T20:00:00,LONG,-17.641,24.92,60,15,0
CAD_CHF_JPY,2023-05-08T19:55:00,SHORT,4.636,9.53,80,14,0
CAD_CHF_JPY,2023-05-08T20:55:00,LONG,-3.104,3.71,20,15,0
CAD_CHF_JPY,2023-05-09T16:45:00,SHORT,3.133,0.57,20,11,0
CAD_CHF_JPY,2023-05-09T19:45:00,LONG,-4.015,12.49,85,14,0
CAD_CHF_JPY,2023-05-09T20:35:00,LONG,-3.376,4.97,35,15,0
CAD_CHF_JPY,2023-05-09T20:55:00,LONG,-3.097,4.81,15,15,0
CAD_CHF_JPY,2023-05-10T11:25:00,LONG,-9.383,15.08,5,6,0
CAD_CHF_JPY,2023-05-10T20:00:00,LONG,-19.428,31.58,60,15,0
CAD_CHF_JPY,2023-05-11T15:20:00,SHORT,3.512,0.89,25,10,0
CAD_CHF_JPY,2023-05-11T19:55:00,SHORT,14.944,19.08,65,14,0
CAD_CHF_JPY,2023-05-12T19:40:00,LONG,-3.874,0.92,2960,14,0
CAD_CHF_JPY,2023-05-14T20:00:00,LONG,-88.778,30.97,60,15,0
CAD_CHF_JPY,2023-05-15T19:40:00,LONG,-4.972,0.93,55,14,0
CAD_CHF_JPY,2023-05-15T19:55:00,LONG,-10.394,14.04,40,14,0
CAD_CHF_JPY,2023-05-16T19:55:00,LONG,-5.831,18.83,450,14,0
CAD_CHF_JPY,2023-05-16T20:35:00,LONG,-3.101,7.48,410,15,0
CAD_CHF_JPY,2023-05-17T19:55:00,LONG,-15.854,12.35,20,14,0
CAD_CHF_JPY,2023-05-17T20:30:00,SHORT,5.056,6.0,795,15,0
CAD_CHF_JPY,2023-05-17T21:15:00,SHORT,3.392,4.94,750,16,1
CAD_CHF_JPY,2023-05-17T21:45:00,SHORT,3.014,4.83,720,16,1
CAD_CHF_JPY,2023-05-18T19:55:00,LONG,-3.061,10.97,80,14,0
CAD_CHF_JPY,2023-05-19T14:40:00,LONG,-4.438,0.98,20,9,0
CAD_CHF_JPY,2023-05-21T20:00:00,LONG,-64.395,14.59,45,15,0
CAD_CHF_JPY,2023-05-22T14:40:00,SHORT,3.214,0.59,5,9,0
CAD_CHF_JPY,2023-05-22T20:00:00,LONG,-71.268,13.75,65,15,0
CAD_CHF_JPY,2023-05-22T20:55:00,LONG,-4.387,6.42,10,15,0
CAD_CHF_JPY,2023-05-23T20:00:00,LONG,-37.331,11.67,60,15,0
CAD_CHF_JPY,2023-05-24T13:55:00,SHORT,3.227,0.71,5,8,0
CAD_CHF_JPY,2023-05-24T16:55:00,LONG,-7.303,1.56,5,11,0
CAD_CHF_JPY,2023-05-24T18:30:00,SHORT,3.163,0.76,15,13,0
CAD_CHF_JPY,2023-05-24T19:55:00,SHORT,13.276,21.74,45,14,0
CAD_CHF_JPY,2023-05-25T20:00:00,LONG,-99.96,22.91,80,15,0
CAD_CHF_JPY,2023-05-26T19:45:00,LONG,-4.239,19.31,2970,14,0
CAD_CHF_JPY,2023-05-28T20:40:00,LONG,-3.29,10.02,35,15,0
CAD_CHF_JPY,2023-05-29T15:00:00,LONG,-3.919,0.82,25,10,0
CAD_CHF_JPY,2023-05-29T19:55:00,LONG,-34.548,17.92,70,14,0
CAD_CHF_JPY,2023-05-29T20:40:00,LONG,-3.761,8.65,25,15,0
CAD_CHF_JPY,2023-05-29T20:50:00,LONG,-4.439,10.76,15,15,0
CAD_CHF_JPY,2023-05-30T19:55:00,LONG,-6.291,13.79,70,14,0
CAD_CHF_JPY,2023-05-31T16:55:00,LONG,-3.491,0.82,20,11,0
CAD_CHF_JPY,2023-05-31T19:55:00,LONG,-4.341,21.44,65,14,0
CAD_CHF_JPY,2023-05-31T20:40:00,LONG,-3.564,8.16,20,15,0
CAD_CHF_JPY,2023-06-01T20:00:00,LONG,-50.795,33.99,60,15,0
CAD_CHF_JPY,2023-06-04T20:00:00,LONG,-22.685,21.37,60,15,0
CAD_CHF_JPY,2023-06-05T20:00:00,LONG,-54.192,18.82,60,15,0
CAD_CHF_JPY,2023-06-05T20:40:00,LONG,-3.319,7.97,20,15,0
CAD_CHF_JPY,2023-06-05T20:50:00,LONG,-3.448,8.6,10,15,0
CAD_CHF_JPY,2023-06-06T19:20:00,LONG,-3.372,0.56,100,14,0
CAD_CHF_JPY,2023-06-06T19:30:00,LONG,-3.359,0.58,90,14,0
CAD_CHF_JPY,2023-06-06T19:45:00,LONG,-4.343,13.98,75,14,0
CAD_CHF_JPY,2023-06-07T19:55:00,LONG,-7.534,16.83,65,14,0
CAD_CHF_JPY,2023-06-07T20:30:00,LONG,-3.579,9.54,30,15,0
CAD_CHF_JPY,2023-06-08T20:00:00,LONG,-16.873,7.48,70,15,0
CAD_CHF_JPY,2023-06-08T20:55:00,LONG,-4.61,4.38,15,15,0
CAD_CHF_JPY,2023-06-09T19:45:00,LONG,-5.279,41.12,2955,14,0
CAD_CHF_JPY,2023-06-11T20:55:00,LONG,-3.782,21.14,5,15,0
CAD_CHF_JPY,2023-06-12T18:10:00,LONG,-4.343,0.81,5,13,0
CAD_CHF_JPY,2023-06-12T19:55:00,LONG,-6.475,8.91,70,14,0
CAD_CHF_JPY,2023-06-12T20:50:00,LONG,-3.272,8.69,15,15,0
CAD_CHF_JPY,2023-06-13T11:25:00,LONG,-8.405,11.8,5,6,0
CAD_CHF_JPY,2023-06-13T20:00:00,LONG,-21.853,19.13,65,15,0
CAD_CHF_JPY,2023-06-13T20:20:00,LONG,-3.171,5.92,45,15,0
CAD_CHF_JPY,2023-06-13T20:55:00,LONG,-3.678,7.49,10,15,0
CAD_CHF_JPY,2023-06-14T16:55:00,LONG,-135.966,24.97,10,11,0
CAD_CHF_JPY,2023-06-14T20:50:00,LONG,-3.014,5.69,15,15,0
CAD_CHF_JPY,2023-06-15T11:10:00,LONG,-4.965,4.52,5,6,0
CAD_CHF_JPY,2023-06-15T11:25:00,LONG,-7.814,7.53,5,6,0
CAD_CHF_JPY,2023-06-15T20:00:00,LONG,-17.809,12.36,60,15,0
CAD_CHF_JPY,2023-06-15T20:25:00,LONG,-4.166,6.7,35,15,0
CAD_CHF_JPY,2023-06-15T20:35:00,LONG,-3.326,6.69,25,15,0
CAD_CHF_JPY,2023-06-15T20:55:00,LONG,-3.576,6.52,5,15,0
CAD_CHF_JPY,2023-06-16T12:55:00,LONG,-6.346,9.08,10,7,0
CAD_CHF_JPY,2023-06-18T20:00:00,LONG,-29.347,20.69,75,15,0
CAD_CHF_JPY,2023-06-19T16:05:00,LONG,-3.048,0.58,5,11,0
CAD_CHF_JPY,2023-06-19T17:45:00,LONG,-3.054,0.65,20,12,0
CAD_CHF_JPY,2023-06-19T19:15:00,LONG,-3.385,0.75,10,14,0
CAD_CHF_JPY,2023-06-19T19:45:00,LONG,-4.334,1.0,90,14,0
CAD_CHF_JPY,2023-06-19T19:55:00,LONG,-15.388,22.21,80,14,0
CAD_CHF_JPY,2023-06-20T19:55:00,LONG,-6.204,8.31,70,14,0
CAD_CHF_JPY,2023-06-20T20:55:00,LONG,-5.283,6.54,10,15,0
CAD_CHF_JPY,2023-06-21T20:00:00,LONG,-11.406,2.65,75,15,0
CAD_CHF_JPY,2023-06-21T20:20:00,LONG,-5.561,4.0,55,15,0
CAD_CHF_JPY,2023-06-21T20:50:00,LONG,-6.812,4.0,25,15,0
CAD_CHF_JPY,2023-06-22T06:25:00,LONG,-4.909,3.41,5,1,0
CAD_CHF_JPY,2023-06-22T20:00:00,LONG,-37.849,13.19,75,15,0
CAD_CHF_JPY,2023-06-22T20:55:00,LONG,-4.291,7.8,20,15,0
CAD_CHF_JPY,2023-06-25T20:00:00,LONG,-52.146,24.08,75,15,0
CAD_CHF_JPY,2023-06-26T20:00:00,LONG,-136.047,26.69,75,15,0
CAD_CHF_JPY,2023-06-27T19:55:00,LONG,-3.214,12.22,80,14,0
CAD_CHF_JPY,2023-06-28T16:00:00,SHORT,4.22,0.91,70,11,0
CAD_CHF_JPY,2023-06-28T16:30:00,SHORT,3.061,0.74,40,11,0
CAD_CHF_JPY,2023-06-28T16:40:00,SHORT,3.163,0.79,30,11,0
CAD_CHF_JPY,2023-06-28T20:00:00,LONG,-28.948,14.46,60,15,0
CAD_CHF_JPY,2023-06-29T19:55:00,LONG,-7.745,8.41,80,14,0
CAD_CHF_JPY,2023-06-30T12:55:00,LONG,-5.076,6.34,5,7,0
CAD_CHF_JPY,2023-07-02T20:00:00,LONG,-38.062,27.67,60,15,0
CAD_CHF_JPY,2023-07-03T19:55:00,LONG,-7.543,21.6,125,14,0
CAD_CHF_JPY,2023-07-04T18:40:00,LONG,-3.249,0.63,155,13,0
CAD_CHF_JPY,2023-07-04T19:10:00,LONG,-3.642,0.76,125,14,0
CAD_CHF_JPY,2023-07-04T19:20:00,LONG,-3.501,0.75,115,14,0
CAD_CHF_JPY,2023-07-04T19:55:00,LONG,-21.786,22.98,80,14,0
CAD_CHF_JPY,2023-07-04T20:35:00,LONG,-3.429,11.01,40,15,0
CAD_CHF_JPY,2023-07-05T19:50:00,LONG,-3.528,14.51,80,14,0
CAD_CHF_JPY,2023-07-05T20:50:00,LONG,-3.676,7.43,20,15,0
CAD_CHF_JPY,2023-07-06T20:00:00,LONG,-55.594,17.12,60,15,0
CAD_CHF_JPY,2023-07-07T11:25:00,LONG,-8.155,21.79,5,6,0
CAD_CHF_JPY,2023-07-09T20:00:00,LONG,-14.39,26.57,65,15,0
CAD_CHF_JPY,2023-07-10T19:55:00,LONG,-4.59,26.67,65,14,0
CAD_CHF_JPY,2023-07-10T20:40:00,LONG,-3.755,10.26,20,15,0
CAD_CHF_JPY,2023-07-11T14:45:00,SHORT,3.6,0.73,5,9,0
CAD_CHF_JPY,2023-07-11T19:55:00,LONG,-7.224,12.04,65,14,0
CAD_CHF_JPY,2023-07-11T20:50:00,LONG,-3.103,4.7,10,15,0
CAD_CHF_JPY,2023-07-12T11:25:00,LONG,-12.474,18.88,5,6,0
CAD_CHF_JPY,2023-07-12T20:00:00,LONG,-14.583,21.24,60,15,0
CAD_CHF_JPY,2023-07-13T20:00:00,LONG,-110.281,28.5,60,15,0
CAD_CHF_JPY,2023-07-13T20:50:00,LONG,-4.084,18.56,10,15,0
CAD_CHF_JPY,2023-07-14T19:45:00,LONG,-3.059,1.21,2955,14,0
CAD_CHF_JPY,2023-07-16T20:05:00,LONG,-75.105,30.42,55,15,0
CAD_CHF_JPY,2023-07-17T19:50:00,LONG,-3.074,0.49,70,14,0
CAD_CHF_JPY,2023-07-17T20:00:00,LONG,-49.303,17.32,60,15,0
CAD_CHF_JPY,2023-07-17T20:40:00,LONG,-3.432,6.91,20,15,0
CAD_CHF_JPY,2023-07-17T20:50:00,LONG,-3.572,8.88,10,15,0
CAD_CHF_JPY,2023-07-18T19:55:00,LONG,-37.239,10.18,70,14,0
CAD_CHF_JPY,2023-07-19T19:55:00,LONG,-3.117,23.46,55,14,0
CAD_CHF_JPY,2023-07-20T19:10:00,SHORT,3.825,0.94,25,14,0
CAD_CHF_JPY,2023-07-20T20:00:00,LONG,-43.461,11.51,60,15,0
CAD_CHF_JPY,2023-07-21T18:40:00,SHORT,3.296,0.68,5,13,0
CAD_CHF_JPY,2023-07-21T19:45:00,LONG,-3.005,23.35,2955,14,0
CAD_CHF_JPY,2023-07-23T20:45:00,LONG,-3.092,10.37,15,15,0
CAD_CHF_JPY,2023-07-23T20:55:00,LONG,-3.184,11.1,5,15,0
CAD_CHF_JPY,2023-07-24T20:00:00,LONG,-17.25,7.08,65,15,0
CAD_CHF_JPY,2023-07-25T19:55:00,LONG,-15.499,36.24,65,14,0
CAD_CHF_JPY,2023-07-26T16:55:00,LONG,-68.145,14.54,15,11,0
CAD_CHF_JPY,2023-07-26T20:00:00,LONG,-13.961,17.41,60,15,0
CAD_CHF_JPY,2023-07-27T20:00:00,LONG,-32.018,19.45,75,15,0
CAD_CHF_JPY,2023-07-27T20:55:00,LONG,-3.457,10.89,20,15,0
CAD_CHF_JPY,2023-07-30T20:00:00,LONG,-16.531,26.01,70,15,0
CAD_CHF_JPY,2023-07-31T20:00:00,LONG,-53.515,12.52,60,15,0
CAD_CHF_JPY,2023-07-31T20:15:00,LONG,-6.243,11.98,45,15,0
CAD_CHF_JPY,2023-07-31T20:55:00,LONG,-8.698,17.56,5,15,0
CAD_CHF_JPY,2023-08-01T20:00:00,LONG,-11.494,14.0,60,15,0
CAD_CHF_JPY,2023-08-01T20:50:00,LONG,-3.075,9.07,10,15,0
CAD_CHF_JPY,2023-08-02T20:00:00,LONG,-38.265,19.47,60,15,0
CAD_CHF_JPY,2023-08-03T19:55:00,LONG,-3.349,19.98,65,14,0
CAD_CHF_JPY,2023-08-03T20:50:00,LONG,-3.466,8.46,10,15,0
CAD_CHF_JPY,2023-08-04T11:25:00,LONG,-5.149,12.61,5,6,0
CAD_CHF_JPY,2023-08-06T20:05:00,LONG,-26.665,30.99,60,15,0
CAD_CHF_JPY,2023-08-07T16:00:00,SHORT,3.1,0.67,5,11,0
CAD_CHF_JPY,2023-08-07T19:55:00,SHORT,4.693,10.37,70,14,0
CAD_CHF_JPY,2023-08-07T20:50:00,LONG,-3.681,4.52,15,15,0
CAD_CHF_JPY,2023-08-08T15:40:00,SHORT,3.018,0.75,5,10,0
CAD_CHF_JPY,2023-08-08T19:50:00,LONG,-4.936,1.21,70,14,0
CAD_CHF_JPY,2023-08-08T20:00:00,LONG,-39.934,10.52,60,15,0
CAD_CHF_JPY,2023-08-08T20:35:00,LONG,-3.575,5.22,25,15,0
CAD_CHF_JPY,2023-08-08T20:55:00,LONG,-3.504,5.4,5,15,0
CAD_CHF_JPY,2023-08-09T19:15:00,SHORT,3.021,0.75,15,14,0
CAD_CHF_JPY,2023-08-09T19:55:00,LONG,-5.923,21.37,190,14,0
CAD_CHF_JPY,2023-08-10T11:25:00,LONG,-5.478,11.73,5,6,0
CAD_CHF_JPY,2023-08-10T20:00:00,LONG,-20.246,17.68,60,15,0
CAD_CHF_JPY,2023-08-10T20:35:00,LONG,-3.527,10.06,25,15,0
CAD_CHF_JPY,2023-08-11T19:50:00,LONG,-5.658,30.81,2960,14,0
CAD_CHF_JPY,2023-08-14T19:55:00,LONG,-3.133,8.78,90,14,0
CAD_CHF_JPY,2023-08-15T11:25:00,LONG,-3.882,4.97,5,6,0
CAD_CHF_JPY,2023-08-15T20:00:00,LONG,-19.313,8.55,60,15,0
CAD_CHF_JPY,2023-08-15T20:25:00,LONG,-4.004,4.76,35,15,0
CAD_CHF_JPY,2023-08-15T20:55:00,LONG,-3.549,3.88,5,15,0
CAD_CHF_JPY,2023-08-16T16:55:00,LONG,-3.286,0.77,10,11,0
CAD_CHF_JPY,2023-08-16T20:00:00,LONG,-35.571,14.37,70,15,0
CAD_CHF_JPY,2023-08-16T20:55:00,LONG,-4.514,7.28,15,15,0
CAD_CHF_JPY,2023-08-17T18:45:00,SHORT,3.469,0.81,25,13,0
CAD_CHF_JPY,2023-08-17T20:00:00,LONG,-66.788,18.25,65,15,0
CAD_CHF_JPY,2023-08-18T19:30:00,SHORT,5.461,1.04,2980,14,0
CAD_CHF_JPY,2023-08-18T19:45:00,LONG,-3.928,19.29,2965,14,0
CAD_CHF_JPY,2023-08-20T20:55:00,LONG,-3.098,10.12,15,15,0
CAD_CHF_JPY,2023-08-21T20:00:00,LONG,-39.855,8.13,70,15,0
CAD_CHF_JPY,2023-08-21T20:45:00,LONG,-8.741,8.07,25,15,0
CAD_CHF_JPY,2023-08-22T20:00:00,LONG,-37.764,10.57,40,15,0
CAD_CHF_JPY,2023-08-22T20:45:00,LONG,-3.589,7.58,30,15,0
CAD_CHF_JPY,2023-08-23T19:55:00,LONG,-4.653,20.25,70,14,0
CAD_CHF_JPY,2023-08-24T19:55:00,LONG,-4.031,12.78,50,14,0
CAD_CHF_JPY,2023-08-24T20:55:00,LONG,-3.425,5.13,10,15,0
CAD_CHF_JPY,2023-08-27T20:05:00,LONG,-89.851,45.13,55,15,0
CAD_CHF_JPY,2023-08-27T20:55:00,LONG,-3.2,19.75,5,15,0
CAD_CHF_JPY,2023-08-28T15:25:00,SHORT,3.01,0.64,10,10,0
CAD_CHF_JPY,2023-08-28T19:15:00,LONG,-3.286,0.67,105,14,0
CAD_CHF_JPY,2023-08-28T20:00:00,LONG,-16.285,8.84,60,15,0
CAD_CHF_JPY,2023-08-28T20:55:00,LONG,-4.71,4.99,5,15,0
CAD_CHF_JPY,2023-08-29T20:00:00,LONG,-70.786,15.66,35,15,0
CAD_CHF_JPY,2023-08-30T20:00:00,LONG,-33.346,11.16,65,15,0
CAD_CHF_JPY,2023-08-30T20:40:00,LONG,-7.173,9.21,25,15,0
CAD_CHF_JPY,2023-08-31T19:55:00,LONG,-4.385,17.39,65,14,0
CAD_CHF_JPY,2023-09-01T19:45:00,LONG,-4.495,1.61,2965,14,0
CAD_CHF_JPY,2023-09-03T20:00:00,LONG,-44.328,20.11,70,15,0
CAD_CHF_JPY,2023-09-03T20:50:00,LONG,-3.522,10.64,20,15,0
CAD_CHF_JPY,2023-09-04T19:55:00,LONG,-109.213,22.37,70,14,0
CAD_CHF_JPY,2023-09-05T19:55:00,LONG,-5.225,11.28,65,14,0
CAD_CHF_JPY,2023-09-06T20:00:00,LONG,-31.517,14.31,65,15,0
CAD_CHF_JPY,2023-09-07T19:55:00,LONG,-6.861,18.1,70,14,0
CAD_CHF_JPY,2023-09-07T20:45:00,LONG,-3.959,8.74,20,15,0
CAD_CHF_JPY,2023-09-08T19:45:00,LONG,-3.531,53.85,2955,14,0
CAD_CHF_JPY,2023-09-11T19:55:00,LONG,-7.402,8.67,70,14,0
CAD_CHF_JPY,2023-09-11T20:55:00,LONG,-3.248,4.79,10,15,0
CAD_CHF_JPY,2023-09-12T20:00:00,LONG,-40.454,16.01,80,15,0
CAD_CHF_JPY,2023-09-12T20:40:00,LONG,-3.466,5.95,40,15,0
CAD_CHF_JPY,2023-09-12T20:50:00,LONG,-4.29,7.67,30,15,0
CAD_CHF_JPY,2023-09-13T11:25:00,LONG,-3.787,7.13,5,6,0
CAD_CHF_JPY,2023-09-13T20:00:00,LONG,-21.714,16.36,45,15,0
CAD_CHF_JPY,2023-09-14T20:00:00,LONG,-26.547,13.89,65,15,0
CAD_CHF_JPY,2023-09-14T20:55:00,LONG,-3.445,7.22,10,15,0
CAD_CHF_JPY,2023-09-15T19:50:00,LONG,-3.455,34.65,2955,14,0
CAD_CHF_JPY,2023-09-18T19:55:00,LONG,-4.414,22.36,70,14,0
CAD_CHF_JPY,2023-09-19T14:45:00,LONG,-3.663,0.64,25,9,0
CAD_CHF_JPY,2023-09-19T19:55:00,LONG,-3.119,9.19,65,14,0
CAD_CHF_JPY,2023-09-19T20:40:00,LONG,-3.109,3.68,20,15,0
CAD_CHF_JPY,2023-09-19T20:55:00,LONG,-6.519,8.1,5,15,0
CAD_CHF_JPY,2023-09-20T15:00:00,SHORT,3.656,0.74,5,10,0
CAD_CHF_JPY,2023-09-20T16:55:00,LONG,-13.275,2.66,10,11,0
CAD_CHF_JPY,2023-09-20T19:55:00,LONG,-3.227,13.57,80,14,0
CAD_CHF_JPY,2023-09-21T20:00:00,LONG,-35.973,15.97,65,15,0
CAD_CHF_JPY,2023-09-21T20:35:00,LONG,-3.864,7.54,30,15,0
CAD_CHF_JPY,2023-09-21T20:55:00,LONG,-4.051,8.71,10,15,0
CAD_CHF_JPY,2023-09-22T19:45:00,LONG,-3.505,36.31,2965,14,0
CAD_CHF_JPY,2023-09-25T20:00:00,LONG,-27.044,10.4,65,15,0
CAD_CHF_JPY,2023-09-26T20:00:00,LONG,-95.342,26.19,60,15,0
CAD_CHF_JPY,2023-09-26T20:20:00,LONG,-5.502,17.13,40,15,0
CAD_CHF_JPY,2023-09-27T20:00:00,LONG,-13.493,17.61,60,15,0
CAD_CHF_JPY,2023-09-27T20:50:00,LONG,-3.395,8.7,10,15,0
CAD_CHF_JPY,2023-09-28T20:00:00,LONG,-76.336,21.4,65,15,0
CAD_CHF_JPY,2023-10-01T20:00:00,LONG,-81.294,43.13,70,15,0
CAD_CHF_JPY,2023-10-02T20:00:00,LONG,-12.28,10.45,65,15,0
CAD_CHF_JPY,2023-10-02T20:45:00,LONG,-5.19,8.25,20,15,0
CAD_CHF_JPY,2023-10-02T20:55:00,LONG,-3.287,5.59,10,15,0
CAD_CHF_JPY,2023-10-03T19:55:00,SHORT,4.222,27.06,65,14,0
CAD_CHF_JPY,2023-10-04T20:00:00,LONG,-11.394,14.0,70,15,0
CAD_CHF_JPY,2023-10-04T20:55:00,LONG,-4.549,9.93,15,15,0
CAD_CHF_JPY,2023-10-05T11:25:00,LONG,-3.696,8.3,5,6,0
CAD_CHF_JPY,2023-10-05T20:00:00,LONG,-16.09,10.83,40,15,0
CAD_CHF_JPY,2023-10-05T20:55:00,LONG,-3.217,6.17,15,15,0
CAD_CHF_JPY,2023-10-06T19:50:00,LONG,-4.468,26.03,2950,14,0
CAD_CHF_JPY,2023-10-08T20:20:00,LONG,-3.14,7.99,40,15,0
CAD_CHF_JPY,2023-10-08T20:40:00,LONG,-4.574,20.46,20,15,0
CAD_CHF_JPY,2023-10-09T19:45:00,LONG,-3.875,0.88,80,14,0
CAD_CHF_JPY,2023-10-09T20:00:00,LONG,-64.738,18.69,65,15,0
CAD_CHF_JPY,2023-10-10T19:55:00,LONG,-13.486,18.19,65,14,0
CAD_CHF_JPY,2023-10-11T20:00:00,LONG,-115.721,27.06,60,15,0
CAD_CHF_JPY,2023-10-11T20:40:00,LONG,-3.446,13.31,20,15,0
CAD_CHF_JPY,2023-10-12T20:00:00,LONG,-9.073,24.53,60,15,0
CAD_CHF_JPY,2023-10-13T19:40:00,SHORT,3.374,0.8,2970,14,0
CAD_CHF_JPY,2023-10-13T19:50:00,LONG,-3.389,33.07,2960,14,0
CAD_CHF_JPY,2023-10-15T20:55:00,LONG,-4.927,28.0,15,15,0
CAD_CHF_JPY,2023-10-16T20:00:00,LONG,-53.855,15.4,60,15,0
CAD_CHF_JPY,2023-10-16T20:55:00,LONG,-6.62,15.88,5,15,0
CAD_CHF_JPY,2023-10-17T19:55:00,LONG,-5.138,25.96,70,14,0
CAD_CHF_JPY,2023-10-17T20:55:00,LONG,-3.425,14.45,10,15,0
CAD_CHF_JPY,2023-10-18T19:55:00,LONG,-8.755,6.57,115,14,0
CAD_CHF_JPY,2023-10-19T19:55:00,LONG,-5.645,9.91,70,14,0
CAD_CHF_JPY,2023-10-20T19:50:00,LONG,-3.013,56.18,2955,14,0
CAD_CHF_JPY,2023-10-22T20:45:00,LONG,-3.351,22.03,20,15,0
CAD_CHF_JPY,2023-10-23T20:00:00,LONG,-90.871,22.95,60,15,0
CAD_CHF_JPY,2023-10-23T20:35:00,LONG,-3.087,13.46,25,15,0
CAD_CHF_JPY,2023-10-24T20:00:00,LONG,-79.089,24.97,65,15,0
CAD_CHF_JPY,2023-10-24T20:50:00,LONG,-4.093,14.28,15,15,0
CAD_CHF_JPY,2023-10-25T14:55:00,SHORT,6.952,3.38,10,9,0
CAD_CHF_JPY,2023-10-25T20:00:00,LONG,-15.001,5.97,85,15,0
CAD_CHF_JPY,2023-10-25T20:40:00,LONG,-3.471,3.69,45,15,0
CAD_CHF_JPY,2023-10-25T20:55:00,LONG,-3.868,4.37,30,15,0
CAD_CHF_JPY,2023-10-26T11:25:00,LONG,-4.994,5.86,5,6,0
CAD_CHF_JPY,2023-10-26T20:00:00,LONG,-43.408,22.28,60,15,0
CAD_CHF_JPY,2023-10-26T20:50:00,LONG,-3.503,11.99,10,15,0
CAD_CHF_JPY,2023-10-27T19:50:00,LONG,-6.039,29.07,2960,14,0
CAD_CHF_JPY,2023-10-29T20:45:00,LONG,-3.889,16.23,25,15,0
CAD_CHF_JPY,2023-10-30T19:40:00,LONG,-4.153,0.83,5,14,0
CAD_CHF_JPY,2023-10-30T20:00:00,LONG,-53.881,11.16,60,15,0
CAD_CHF_JPY,2023-10-30T20:45:00,LONG,-3.369,8.55,15,15,0
CAD_CHF_JPY,2023-10-31T20:00:00,LONG,-100.044,45.4,355,15,0
CAD_CHF_JPY,2023-11-01T16:55:00,LONG,-27.135,25.36,5,11,0
CAD_CHF_JPY,2023-11-01T20:00:00,LONG,-10.873,22.77,65,15,0
CAD_CHF_JPY,2023-11-01T20:35:00,LONG,-4.6,18.04,30,15,0
CAD_CHF_JPY,2023-11-01T20:50:00,LONG,-3.178,17.12,15,15,0
CAD_CHF_JPY,2023-11-02T20:00:00,LONG,-24.397,15.2,65,15,0
CAD_CHF_JPY,2023-11-02T20:50:00,LONG,-3.218,6.75,15,15,0
CAD_CHF_JPY,2023-11-05T19:00:00,LONG,-29.828,49.57,60,14,0
CAD_CHF_JPY,2023-11-06T18:55:00,LONG,-3.041,13.59,70,13,0
CAD_CHF_JPY,2023-11-06T19:15:00,LONG,-6.929,7.69,50,14,0
CAD_CHF_JPY,2023-11-06T19:45:00,LONG,-3.544,11.91,20,14,0
CAD_CHF_JPY,2023-11-07T19:00:00,LONG,-96.615,22.34,35,14,0
CAD_CHF_JPY,2023-11-07T19:55:00,LONG,-3.554,10.77,5,14,0
CAD_CHF_JPY,2023-11-08T19:00:00,LONG,-36.478,9.97,65,14,0
CAD_CHF_JPY,2023-11-09T16:45:00,SHORT,3.264,0.73,25,11,0
CAD_CHF_JPY,2023-11-09T18:25:00,SHORT,3.5,0.78,110,13,0
CAD_CHF_JPY,2023-11-09T18:55:00,LONG,-4.132,17.42,80,13,0
CAD_CHF_JPY,2023-11-09T19:50:00,LONG,-4.756,11.87,25,14,0
CAD_CHF_JPY,2023-11-12T19:00:00,LONG,-86.987,36.12,60,14,0
CAD_CHF_JPY,2023-11-13T17:45:00,SHORT,3.546,0.91,5,12,0
CAD_CHF_JPY,2023-11-13T18:55:00,SHORT,3.259,14.25,65,13,0
CAD_CHF_JPY,2023-11-14T19:00:00,LONG,-17.916,20.33,60,14,0
CAD_CHF_JPY,2023-11-14T19:40:00,LONG,-3.284,15.73,20,14,0
CAD_CHF_JPY,2023-11-15T18:55:00,LONG,-7.552,30.08,65,13,0
CAD_CHF_JPY,2023-11-15T19:50:00,LONG,-4.273,16.47,10,14,0
CAD_CHF_JPY,2023-11-16T19:00:00,LONG,-19.437,13.68,60,14,0
CAD_CHF_JPY,2023-11-17T18:50:00,LONG,-4.133,21.16,2950,13,0
CAD_CHF_JPY,2023-11-20T16:50:00,LONG,-3.135,0.74,20,11,0
CAD_CHF_JPY,2023-11-20T18:45:00,LONG,-3.272,0.75,75,13,0
CAD_CHF_JPY,2023-11-20T18:55:00,LONG,-3.776,12.65,65,13,0
CAD_CHF_JPY,2023-11-20T19:50:00,LONG,-5.091,11.02,10,14,0
CAD_CHF_JPY,2023-11-21T15:55:00,LONG,-5.976,1.56,5,10,0
CAD_CHF_JPY,2023-11-21T18:55:00,LONG,-4.413,10.95,60,13,0
CAD_CHF_JPY,2023-11-22T11:55:00,LONG,-3.517,6.17,10,6,0
CAD_CHF_JPY,2023-11-22T19:00:00,LONG,-15.832,34.54,65,14,0
CAD_CHF_JPY,2023-11-23T14:40:00,LONG,-3.652,1.16,130,9,0
CAD_CHF_JPY,2023-11-23T15:00:00,LONG,-4.77,1.6,110,10,0
CAD_CHF_JPY,2023-11-23T15:15:00,LONG,-3.162,1.27,95,10,0
CAD_CHF_JPY,2023-11-23T15:50:00,LONG,-3.305,1.32,60,10,0
CAD_CHF_JPY,2023-11-23T16:35:00,LONG,-3.271,1.38,15,11,0
CAD_CHF_JPY,2023-11-23T18:55:00,LONG,-3.562,25.7,70,13,0
CAD_CHF_JPY,2023-11-24T15:15:00,LONG,-30.237,11.93,3140,10,0
CAD_CHF_JPY,2023-11-24T16:00:00,LONG,-3.191,18.96,3095,11,0
CAD_CHF_JPY,2023-11-24T16:30:00,LONG,-5.125,14.81,3065,11,0
CAD_CHF_JPY,2023-11-24T17:20:00,LONG,-3.114,10.59,3015,12,0
CAD_CHF_JPY,2023-11-24T17:50:00,LONG,-4.307,27.12,2985,12,0
CAD_CHF_JPY,2023-11-27T16:05:00,SHORT,3.184,0.74,5,11,0
CAD_CHF_JPY,2023-11-27T16:45:00,SHORT,3.024,0.72,15,11,0
CAD_CHF_JPY,2023-11-27T19:00:00,LONG,-19.51,15.17,65,14,0
CAD_CHF_JPY,2023-11-28T16:15:00,LONG,-3.198,0.65,15,11,0
CAD_CHF_JPY,2023-11-28T18:00:00,LONG,-3.008,0.62,5,13,0
CAD_CHF_JPY,2023-11-28T18:45:00,LONG,-4.174,0.87,80,13,0
CAD_CHF_JPY,2023-11-28T19:00:00,LONG,-41.09,14.29,65,14,0
CAD_CHF_JPY,2023-11-29T19:00:00,LONG,-16.803,11.65,40,14,0
CAD_CHF_JPY,2023-11-29T19:50:00,LONG,-3.765,5.32,20,14,0
CAD_CHF_JPY,2023-11-30T10:25:00,LONG,-3.295,4.77,5,5,0
CAD_CHF_JPY,2023-11-30T19:00:00,LONG,-64.996,35.65,60,14,0
CAD_CHF_JPY,2023-11-30T19:40:00,LONG,-3.047,12.9,20,14,0
CAD_CHF_JPY,2023-12-01T17:20:00,LONG,-3.393,0.94,10,12,0
CAD_CHF_JPY,2023-12-03T19:00:00,LONG,-185.719,52.84,60,14,0
CAD_CHF_JPY,2023-12-03T19:15:00,LONG,-7.571,32.59,45,14,0
CAD_CHF_JPY,2023-12-04T19:00:00,LONG,-9.02,7.53,60,14,0
CAD_CHF_JPY,2023-12-04T19:30:00,LONG,-8.525,9.24,30,14,0
CAD_CHF_JPY,2023-12-04T19:55:00,LONG,-4.476,6.33,5,14,0
CAD_CHF_JPY,2023-12-05T18:35:00,LONG,-3.123,0.81,5,13,0
CAD_CHF_JPY,2023-12-05T18:55:00,LONG,-7.006,22.73,65,13,0
CAD_CHF_JPY,2023-12-06T19:00:00,LONG,-17.179,10.18,70,14,0
CAD_CHF_JPY,2023-12-06T19:20:00,LONG,-5.262,6.46,50,14,0
CAD_CHF_JPY,2023-12-07T10:25:00,LONG,-6.536,9.23,5,5,0
CAD_CHF_JPY,2023-12-07T18:55:00,LONG,-4.813,13.71,70,13,0
CAD_CHF_JPY,2023-12-07T19:50:00,LONG,-3.368,6.94,15,14,0
CAD_CHF_JPY,2023-12-08T10:25:00,LONG,-4.366,9.15,5,5,0
CAD_CHF_JPY,2023-12-10T19:00:00,LONG,-19.201,24.11,60,14,0
CAD_CHF_JPY,2023-12-11T18:55:00,LONG,-4.288,11.04,65,13,0
CAD_CHF_JPY,2023-12-12T10:25:00,LONG,-4.283,6.9,5,5,0
CAD_CHF_JPY,2023-12-12T19:00:00,LONG,-14.655,26.25,60,14,0
CAD_CHF_JPY,2023-12-12T19:30:00,LONG,-5.51,24.97,30,14,0
CAD_CHF_JPY,2023-12-13T15:55:00,LONG,-65.778,17.47,5,10,0
CAD_CHF_JPY,2023-12-13T19:00:00,LONG,-10.066,13.38,60,14,0
CAD_CHF_JPY,2023-12-13T19:45:00,LONG,-4.041,9.8,15,14,0
CAD_CHF_JPY,2023-12-14T10:25:00,LONG,-5.537,13.21,5,5,0
CAD_CHF_JPY,2023-12-14T19:00:00,LONG,-9.601,25.21,60,14,0
CAD_CHF_JPY,2023-12-14T19:40:00,LONG,-4.911,16.45,20,14,0
CAD_CHF_JPY,2023-12-17T19:00:00,LONG,-107.687,52.47,70,14,0
CAD_CHF_JPY,2023-12-18T18:55:00,LONG,-3.682,25.01,45,13,0
CAD_CHF_JPY,2023-12-19T19:00:00,LONG,-75.277,19.97,60,14,0
CAD_CHF_JPY,2023-12-20T18:55:00,LONG,-5.549,30.19,65,13,0
CAD_CHF_JPY,2023-12-21T19:00:00,LONG,-32.07,15.73,60,14,0
CAD_CHF_JPY,2023-12-21T19:55:00,LONG,-3.055,6.48,5,14,0
CAD_CHF_JPY,2023-12-22T10:25:00,LONG,-9.979,19.32,5,5,0
CAD_CHF_JPY,2023-12-24T20:30:00,LONG,-41.986,59.87,1350,15,0
CAD_CHF_JPY,2023-12-24T21:20:00,LONG,-3.357,53.7,1300,16,1
CAD_CHF_JPY,2023-12-26T19:00:00,LONG,-44.991,12.26,60,14,0
CAD_CHF_JPY,2023-12-27T13:35:00,LONG,-3.027,0.66,15,8,0
CAD_CHF_JPY,2023-12-27T18:55:00,LONG,-28.713,21.79,65,13,0
CAD_CHF_JPY,2023-12-27T19:45:00,LONG,-5.136,13.78,15,14,0
CAD_CHF_JPY,2023-12-28T18:55:00,LONG,-29.287,39.26,65,13,0
CAD_CHF_JPY,2023-12-29T15:30:00,LONG,-3.23,0.85,35,10,0
CAD_CHF_JPY,2023-12-29T16:00:00,LONG,-3.497,0.98,5,11,0
CAD_CHF_JPY,2023-12-29T17:05:00,SHORT,3.611,1.09,20,12,0
CAD_CHF_JPY,2023-12-29T18:30:00,LONG,-6.532,36.41,4410,13,0
CAD_CHF_JPY,2024-01-01T19:10:00,LONG,-3.151,35.19,50,14,0
CAD_CHF_JPY,2024-01-02T18:55:00,LONG,-35.753,25.17,75,13,0
CAD_CHF_JPY,2024-01-02T19:50:00,LONG,-5.294,16.95,20,14,0
CAD_CHF_JPY,2024-01-03T15:55:00,LONG,-40.315,16.45,10,10,0
CAD_CHF_JPY,2024-01-03T19:00:00,LONG,-3.25,9.16,15,14,0
CAD_CHF_JPY,2024-01-03T19:20:00,LONG,-4.269,6.1,15,14,0
CAD_CHF_JPY,2024-01-03T19:40:00,LONG,-4.071,6.12,20,14,0
CAD_CHF_JPY,2024-01-04T10:25:00,LONG,-5.18,6.71,10,5,0
CAD_CHF_JPY,2024-01-04T19:00:00,LONG,-40.272,24.6,65,14,0
CAD_CHF_JPY,2024-01-04T19:45:00,LONG,-4.936,13.42,20,14,0
CAD_CHF_JPY,2024-01-05T10:25:00,LONG,-3.478,10.82,5,5,0
CAD_CHF_JPY,2024-01-05T11:55:00,LONG,-3.103,7.92,5,6,0
CAD_CHF_JPY,2024-01-07T19:00:00,LONG,-36.199,38.06,65,14,0
CAD_CHF_JPY,2024-01-07T19:45:00,LONG,-5.349,29.2,20,14,0
CAD_CHF_JPY,2024-01-08T18:55:00,LONG,-3.454,14.99,65,13,0
CAD_CHF_JPY,2024-01-09T18:55:00,LONG,-5.821,8.66,75,13,0
CAD_CHF_JPY,2024-01-09T19:40:00,LONG,-4.743,5.67,30,14,0
CAD_CHF_JPY,2024-01-10T18:55:00,LONG,-8.993,5.37,70,13,0
CAD_CHF_JPY,2024-01-11T10:25:00,LONG,-22.039,21.03,5,5,0
CAD_CHF_JPY,2024-01-11T19:00:00,LONG,-3.473,8.79,65,14,0
CAD_CHF_JPY,2024-01-11T19:20:00,LONG,-4.68,9.08,45,14,0
CAD_CHF_JPY,2024-01-12T14:45:00,LONG,-3.173,0.83,10,9,0
CAD_CHF_JPY,2024-01-12T18:40:00,LONG,-3.921,25.51,2965,13,0
CAD_CHF_JPY,2024-01-14T19:40:00,LONG,-3.658,13.2,25,14,0
CAD_CHF_JPY,2024-01-14T19:50:00,LONG,-3.656,13.87,15,14,0
CAD_CHF_JPY,2024-01-15T15:10:00,LONG,-3.082,0.65,20,10,0
CAD_CHF_JPY,2024-01-15T18:00:00,LONG,-3.032,0.65,15,13,0
CAD_CHF_JPY,2024-01-15T18:55:00,LONG,-6.724,6.11,65,13,0
CAD_CHF_JPY,2024-01-16T13:20:00,SHORT,4.191,1.15,5,8,0
CAD_CHF_JPY,2024-01-16T18:55:00,LONG,-3.16,10.79,65,13,0
CAD_CHF_JPY,2024-01-17T19:00:00,LONG,-8.673,7.37,65,14,0
CAD_CHF_JPY,2024-01-17T19:55:00,LONG,-22.045,24.11,10,14,0
CAD_CHF_JPY,2024-01-18T19:00:00,LONG,-8.068,13.74,70,14,0
CAD_CHF_JPY,2024-01-19T11:55:00,LONG,-5.015,11.33,5,6,0
CAD_CHF_JPY,2024-01-21T19:00:00,LONG,-22.327,44.41,60,14,0
CAD_CHF_JPY,2024-01-22T19:00:00,SHORT,23.689,4.61,70,14,0
CAD_CHF_JPY,2024-01-22T19:30:00,LONG,-9.393,5.1,40,14,0
CAD_CHF_JPY,2024-01-23T19:00:00,LONG,-50.925,10.92,35,14,0
CAD_CHF_JPY,2024-01-24T19:00:00,LONG,-16.029,5.77,60,14,0
CAD_CHF_JPY,2024-01-25T19:00:00,LONG,-5.018,1.52,60,14,0
CAD_CHF_JPY,2024-01-25T19:10:00,LONG,-46.883,15.15,50,14,0
CAD_CHF_JPY,2024-01-25T19:40:00,LONG,-3.875,6.4,20,14,0
CAD_CHF_JPY,2024-01-25T19:55:00,LONG,-3.885,6.81,5,14,0
CAD_CHF_JPY,2024-01-28T19:00:00,LONG,-43.702,31.66,60,14,0
CAD_CHF_JPY,2024-01-28T19:50:00,LONG,-3.336,14.55,10,14,0
CAD_CHF_JPY,2024-01-29T18:45:00,SHORT,3.139,0.64,10,13,0
CAD_CHF_JPY,2024-01-29T19:00:00,LONG,-24.307,29.51,60,14,0
CAD_CHF_JPY,2024-01-29T19:40:00,LONG,-5.405,14.74,20,14,0
CAD_CHF_JPY,2024-01-30T19:00:00,LONG,-31.504,15.78,30,14,0
CAD_CHF_JPY,2024-01-30T19:55:00,LONG,-3.223,5.91,10,14,0
CAD_CHF_JPY,2024-01-31T10:25:00,LONG,-3.014,5.85,5,5,0
CAD_CHF_JPY,2024-01-31T15:55:00,LONG,-59.095,36.67,10,10,0
CAD_CHF_JPY,2024-01-31T19:00:00,LONG,-6.922,18.41,60,14,0
CAD_CHF_JPY,2024-02-01T19:00:00,LONG,-68.612,21.9,60,14,0
CAD_CHF_JPY,2024-02-04T19:00:00,LONG,-29.972,37.06,60,14,0
CAD_CHF_JPY,2024-02-05T18:50:00,LONG,-3.929,4.34,70,13,0
CAD_CHF_JPY,2024-02-06T18:50:00,LONG,-3.161,12.39,70,13,0
CAD_CHF_JPY,2024-02-07T18:45:00,SHORT,3.07,13.98,75,13,0
CAD_CHF_JPY,2024-02-08T18:05:00,SHORT,3.294,0.6,5,13,0
CAD_CHF_JPY,2024-02-08T18:55:00,LONG,-3.029,21.16,65,13,0
CAD_CHF_JPY,2024-02-11T19:00:00,LONG,-94.116,18.2,60,14,0
CAD_CHF_JPY,2024-02-11T19:45:00,LONG,-3.09,8.8,15,14,0
CAD_CHF_JPY,2024-02-12T18:55:00,LONG,-4.371,19.63,65,13,0
CAD_CHF_JPY,2024-02-13T10:25:00,LONG,-4.059,14.07,5,5,0
CAD_CHF_JPY,2024-02-13T19:00:00,LONG,-14.474,16.8,75,14,0
CAD_CHF_JPY,2024-02-14T18:55:00,LONG,-34.989,8.53,65,13,0
CAD_CHF_JPY,2024-02-15T19:00:00,LONG,-38.051,16.63,60,14,0
CAD_CHF_JPY,2024-02-18T19:00:00,LONG,-25.587,37.94,60,14,0
CAD_CHF_JPY,2024-02-19T14:15:00,SHORT,3.435,0.52,10,9,0
CAD_CHF_JPY,2024-02-19T14:35:00,LONG,-3.421,0.5,40,9,0
CAD_CHF_JPY,2024-02-19T18:55:00,LONG,-38.851,14.37,65,13,0
CAD_CHF_JPY,2024-02-19T19:45:00,LONG,-3.952,12.27,15,14,0
CAD_CHF_JPY,2024-02-20T19:00:00,LONG,-13.65,19.04,35,14,0
CAD_CHF_JPY,2024-02-20T19:40:00,LONG,-4.801,10.31,635,14,0
CAD_CHF_JPY,2024-02-21T15:55:00,LONG,-32.883,5.07,10,10,0
CAD_CHF_JPY,2024-02-21T19:00:00,LONG,-27.129,12.02,160,14,0
CAD_CHF_JPY,2024-02-21T19:50:00,LONG,-3.179,8.3,110,14,0
CAD_CHF_JPY,2024-02-22T19:00:00,LONG,-10.53,9.42,200,14,0
CAD_CHF_JPY,2024-02-23T18:50:00,LONG,-4.159,24.31,2950,13,0
CAD_CHF_JPY,2024-02-26T18:55:00,LONG,-5.306,10.25,70,13,0
CAD_CHF_JPY,2024-02-26T19:40:00,LONG,-3.065,4.81,25,14,0
CAD_CHF_JPY,2024-02-27T18:50:00,LONG,-3.034,0.57,70,13,0
CAD_CHF_JPY,2024-02-27T19:00:00,LONG,-151.656,28.93,60,14,0
CAD_CHF_JPY,2024-02-27T19:40:00,LONG,-3.418,7.57,20,14,0
CAD_CHF_JPY,2024-02-28T19:00:00,LONG,-84.858,16.43,60,14,0
CAD_CHF_JPY,2024-02-28T19:15:00,LONG,-7.311,12.9,45,14,0
CAD_CHF_JPY,2024-02-29T18:55:00,LONG,-5.463,6.78,65,13,0
CAD_CHF_JPY,2024-03-01T11:55:00,LONG,-5.824,4.61,5,6,0
CAD_CHF_JPY,2024-03-01T18:50:00,LONG,-3.16,20.3,2960,13,0
CAD_CHF_JPY,2024-03-03T19:55:00,LONG,-3.15,7.46,15,14,0
CAD_CHF_JPY,2024-03-04T18:15:00,LONG,-3.295,0.73,105,13,0
CAD_CHF_JPY,2024-03-04T19:00:00,LONG,-67.526,25.15,60,14,0
CAD_CHF_JPY,2024-03-04T19:25:00,LONG,-4.717,12.98,35,14,0
CAD_CHF_JPY,2024-03-05T19:00:00,LONG,-29.921,9.67,65,14,0
CAD_CHF_JPY,2024-03-05T19:20:00,LONG,-5.108,6.91,45,14,0
CAD_CHF_JPY,2024-03-06T11:55:00,LONG,-6.179,6.27,5,6,0
CAD_CHF_JPY,2024-03-06T19:00:00,LONG,-26.413,13.33,80,14,0
CAD_CHF_JPY,2024-03-07T18:50:00,LONG,-4.087,7.87,75,13,0
CAD_CHF_JPY,2024-03-07T19:15:00,LONG,-6.039,6.77,50,14,0
CAD_CHF_JPY,2024-03-08T10:25:00,LONG,-11.268,13.17,5,5,0
CAD_CHF_JPY,2024-03-10T20:00:00,LONG,-28.353,40.31,60,15,0
CAD_CHF_JPY,2024-03-11T19:55:00,LONG,-26.829,14.33,65,14,0
CAD_CHF_JPY,2024-03-12T11:25:00,LONG,-11.903,19.67,5,6,0
CAD_CHF_JPY,2024-03-12T20:00:00,LONG,-4.803,6.89,70,15,0
CAD_CHF_JPY,2024-03-13T19:50:00,LONG,-3.823,3.65,135,14,0
CAD_CHF_JPY,2024-03-14T11:25:00,LONG,-7.994,5.13,5,6,0
CAD_CHF_JPY,2024-03-14T20:00:00,LONG,-10.098,7.12,65,15,0
CAD_CHF_JPY,2024-03-15T18:45:00,SHORT,3.25,0.62,5,13,0
CAD_CHF_JPY,2024-03-15T19:50:00,LONG,-6.782,29.11,2965,14,0
CAD_CHF_JPY,2024-03-17T20:50:00,LONG,-4.524,18.07,25,15,0
CAD_CHF_JPY,2024-03-18T19:55:00,LONG,-6.005,17.86,65,14,0
CAD_CHF_JPY,2024-03-19T20:00:00,LONG,-44.417,12.13,80,15,0
CAD_CHF_JPY,2024-03-19T20:45:00,LONG,-3.612,7.08,35,15,0
CAD_CHF_JPY,2024-03-19T20:55:00,LONG,-3.258,6.71,25,15,0
CAD_CHF_JPY,2024-03-20T16:50:00,LONG,-3.247,14.31,15,11,0
CAD_CHF_JPY,2024-03-20T20:00:00,LONG,-8.559,8.79,35,15,0
CAD_CHF_JPY,2024-03-21T07:25:00,LONG,-3.76,5.91,5,2,0
CAD_CHF_JPY,2024-03-21T19:55:00,LONG,-4.945,5.47,65,14,0
CAD_CHF_JPY,2024-03-21T20:50:00,LONG,-6.809,6.87,10,15,0
CAD_CHF_JPY,2024-03-22T19:35:00,LONG,-4.4,0.78,2965,14,0
CAD_CHF_JPY,2024-03-22T19:50:00,LONG,-6.817,22.2,2950,14,0
CAD_CHF_JPY,2024-03-25T20:00:00,LONG,-14.029,9.71,65,15,0
CAD_CHF_JPY,2024-03-26T19:55:00,LONG,-3.431,17.22,135,14,0
CAD_CHF_JPY,2024-03-27T16:50:00,LONG,-3.643,0.74,40,11,0
CAD_CHF_JPY,2024-03-27T19:35:00,LONG,-3.153,0.66,165,14,0
CAD_CHF_JPY,2024-03-27T20:00:00,LONG,-50.561,11.31,140,15,0
CAD_CHF_JPY,2024-03-27T20:45:00,LONG,-3.055,5.55,95,15,0
CAD_CHF_JPY,2024-03-28T19:55:00,LONG,-3.723,20.44,50,14,0
CAD_CHF_JPY,2024-03-28T21:00:00,LONG,-3.948,11.78,70,16,1
CAD_CHF_JPY,2024-03-28T21:20:00,LONG,-3.305,10.52,50,16,1
CAD_CHF_JPY,2024-03-28T21:30:00,LONG,-4.445,14.77,40,16,1
CAD_CHF_JPY,2024-03-29T19:10:00,LONG,-3.183,13.02,3700,14,0
CAD_CHF_JPY,2024-03-29T19:25:00,LONG,-5.515,27.32,3685,14,0
CAD_CHF_JPY,2024-03-31T20:15:00,LONG,-3.74,16.75,755,15,0
CAD_CHF_JPY,2024-04-01T20:00:00,LONG,-43.046,15.91,60,15,0
CAD_CHF_JPY,2024-04-01T20:45:00,LONG,-4.086,9.98,15,15,0
CAD_CHF_JPY,2024-04-02T12:55:00,LONG,-3.18,6.72,5,7,0
CAD_CHF_JPY,2024-04-02T20:00:00,LONG,-15.573,8.56,60,15,0
CAD_CHF_JPY,2024-04-03T12:55:00,LONG,-5.333,4.17,5,7,0
CAD_CHF_JPY,2024-04-03T20:00:00,LONG,-10.983,4.72,60,15,0
CAD_CHF_JPY,2024-04-04T20:00:00,LONG,-20.283,5.57,60,15,0
CAD_CHF_JPY,2024-04-04T20:15:00,LONG,-6.311,21.16,45,15,0
CAD_CHF_JPY,2024-04-04T20:50:00,LONG,-3.334,14.12,10,15,0
CAD_CHF_JPY,2024-04-05T11:25:00,LONG,-5.675,12.69,5,6,0
CAD_CHF_JPY,2024-04-07T20:00:00,LONG,-33.458,38.76,60,15,0
CAD_CHF_JPY,2024-04-07T20:40:00,LONG,-4.085,19.74,20,15,0
CAD_CHF_JPY,2024-04-08T19:55:00,LONG,-3.074,11.55,65,14,0
CAD_CHF_JPY,2024-04-09T20:00:00,LONG,-83.806,15.48,65,15,0
CAD_CHF_JPY,2024-04-10T11:25:00,LONG,-4.259,13.77,5,6,0
CAD_CHF_JPY,2024-04-10T16:55:00,LONG,-4.717,4.95,5,11,0
CAD_CHF_JPY,2024-04-10T20:00:00,LONG,-9.162,12.87,60,15,0
CAD_CHF_JPY,2024-04-11T11:25:00,LONG,-5.798,11.64,5,6,0
CAD_CHF_JPY,2024-04-11T20:00:00,LONG,-16.853,14.91,60,15,0
CAD_CHF_JPY,2024-04-12T12:55:00,LONG,-10.365,18.61,5,7,0
CAD_CHF_JPY,2024-04-14T20:00:00,LONG,-21.945,29.77,65,15,0
CAD_CHF_JPY,2024-04-14T20:45:00,LONG,-4.895,22.89,20,15,0
CAD_CHF_JPY,2024-04-15T20:00:00,LONG,-49.663,20.94,50,15,0
CAD_CHF_JPY,2024-04-15T20:40:00,LONG,-3.07,9.69,10,15,0
CAD_CHF_JPY,2024-04-16T20:00:00,LONG,-45.323,9.19,60,15,0
CAD_CHF_JPY,2024-04-16T20:35:00,LONG,-4.387,8.69,25,15,0
CAD_CHF_JPY,2024-04-16T20:55:00,LONG,-4.024,6.55,5,15,0
CAD_CHF_JPY,2024-04-17T19:55:00,LONG,-3.841,8.45,80,14,0
CAD_CHF_JPY,2024-04-17T20:40:00,LONG,-3.906,4.89,35,15,0
CAD_CHF_JPY,2024-04-17T20:50:00,LONG,-3.014,3.96,25,15,0
CAD_CHF_JPY,2024-04-18T20:00:00,LONG,-15.806,5.71,60,15,0
CAD_CHF_JPY,2024-04-21T20:00:00,LONG,-57.306,24.15,60,15,0
CAD_CHF_JPY,2024-04-22T20:00:00,LONG,-56.738,12.84,65,15,0
CAD_CHF_JPY,2024-04-22T20:55:00,LONG,-3.186,6.4,10,15,0
CAD_CHF_JPY,2024-04-23T19:45:00,LONG,-3.421,0.82,10,14,0
CAD_CHF_JPY,2024-04-23T20:00:00,LONG,-24.269,11.71,60,15,0
CAD_CHF_JPY,2024-04-24T20:00:00,LONG,-7.491,5.8,60,15,0
CAD_CHF_JPY,2024-04-24T20:55:00,LONG,-3.3,2.63,5,15,0
CAD_CHF_JPY,2024-04-25T11:25:00,LONG,-3.347,3.48,10,6,0
CAD_CHF_JPY,2024-04-25T20:00:00,LONG,-15.106,12.12,70,15,0
CAD_CHF_JPY,2024-04-25T20:35:00,LONG,-6.541,8.88,35,15,0
CAD_CHF_JPY,2024-04-28T20:10:00,LONG,-54.99,28.27,60,15,0
CAD_CHF_JPY,2024-04-29T19:55:00,LONG,-4.772,22.75,70,14,0
CAD_CHF_JPY,2024-04-30T19:55:00,LONG,-3.265,21.4,35,14,0
CAD_CHF_JPY,2024-05-01T12:55:00,LONG,-3.521,10.58,5,7,0
CAD_CHF_JPY,2024-05-01T16:55:00,LONG,-22.348,18.72,5,11,0
CAD_CHF_JPY,2024-05-01T19:55:00,LONG,-3.077,4.81,125,14,0
CAD_CHF_JPY,2024-05-01T20:05:00,LONG,-10.623,18.78,115,15,0
CAD_CHF_JPY,2024-05-01T20:35:00,LONG,-7.661,24.94,85,15,0
CAD_CHF_JPY,2024-05-02T20:00:00,LONG,-19.307,15.23,65,15,0
CAD_CHF_JPY,2024-05-03T12:55:00,LONG,-7.7,17.07,5,7,0
CAD_CHF_JPY,2024-05-05T20:00:00,LONG,-17.556,26.37,65,15,0
CAD_CHF_JPY,2024-05-05T20:50:00,LONG,-3.134,19.72,15,15,0
CAD_CHF_JPY,2024-05-06T16:55:00,LONG,-3.109,0.61,30,11,0
CAD_CHF_JPY,2024-05-06T19:45:00,SHORT,3.507,0.68,80,14,0
CAD_CHF_JPY,2024-05-06T20:00:00,LONG,-122.383,25.48,65,15,0
CAD_CHF_JPY,2024-05-07T20:00:00,LONG,-46.177,14.67,395,15,0
CAD_CHF_JPY,2024-05-08T19:40:00,SHORT,4.181,0.76,55,14,0
CAD_CHF_JPY,2024-05-08T19:55:00,LONG,-3.167,6.55,40,14,0
CAD_CHF_JPY,2024-05-08T20:50:00,LONG,-4.298,4.24,765,15,0
CAD_CHF_JPY,2024-05-08T22:30:00,SHORT,3.109,4.12,665,17,1
CAD_CHF_JPY,2024-05-09T20:00:00,LONG,-31.754,14.27,65,15,0
CAD_CHF_JPY,2024-05-12T20:00:00,LONG,-60.365,27.6,60,15,0
CAD_CHF_JPY,2024-05-12T20:50:00,LONG,-7.486,27.76,10,15,0
CAD_CHF_JPY,2024-05-13T19:55:00,LONG,-3.621,5.39,70,14,0
CAD_CHF_JPY,2024-05-13T20:50:00,LONG,-4.042,4.03,15,15,0
CAD_CHF_JPY,2024-05-14T20:00:00,LONG,-71.066,14.66,60,15,0
CAD_CHF_JPY,2024-05-15T11:25:00,LONG,-5.233,10.89,5,6,0
CAD_CHF_JPY,2024-05-15T20:00:00,LONG,-6.17,12.73,35,15,0
CAD_CHF_JPY,2024-05-16T20:00:00,LONG,-33.029,17.69,70,15,0
CAD_CHF_JPY,2024-05-16T20:50:00,LONG,-6.139,18.57,20,15,0
CAD_CHF_JPY,2024-05-17T16:35:00,LONG,-3.269,0.47,30,11,0
CAD_CHF_JPY,2024-05-17T19:30:00,SHORT,3.75,0.56,2965,14,0
CAD_CHF_JPY,2024-05-17T19:50:00,SHORT,3.609,10.09,2945,14,0
CAD_CHF_JPY,2024-05-20T19:25:00,LONG,-3.534,0.58,5,14,0
CAD_CHF_JPY,2024-05-20T19:45:00,LONG,-4.593,0.79,85,14,0
CAD_CHF_JPY,2024-05-20T20:00:00,LONG,-28.07,7.17,70,15,0
CAD_CHF_JPY,2024-05-21T20:00:00,LONG,-14.199,6.0,75,15,0
CAD_CHF_JPY,2024-05-21T20:45:00,LONG,-5.505,4.04,30,15,0
CAD_CHF_JPY,2024-05-22T16:55:00,LONG,-12.864,2.33,15,11,0
CAD_CHF_JPY,2024-05-22T20:00:00,LONG,-15.457,9.04,65,15,0
CAD_CHF_JPY,2024-05-22T20:45:00,LONG,-4.526,5.94,20,15,0
CAD_CHF_JPY,2024-05-23T20:00:00,LONG,-14.801,7.93,70,15,0
CAD_CHF_JPY,2024-05-23T20:30:00,LONG,-3.064,3.17,40,15,0
CAD_CHF_JPY,2024-05-23T20:40:00,LONG,-6.893,7.3,30,15,0
CAD_CHF_JPY,2024-05-23T20:55:00,LONG,-3.598,4.41,15,15,0
CAD_CHF_JPY,2024-05-26T20:00:00,LONG,-67.691,31.47,60,15,0
CAD_CHF_JPY,2024-05-27T16:05:00,SHORT,3.887,0.94,55,11,0
CAD_CHF_JPY,2024-05-27T16:20:00,SHORT,3.59,0.92,40,11,0
CAD_CHF_JPY,2024-05-27T19:55:00,LONG,-19.053,6.16,75,14,0
CAD_CHF_JPY,2024-05-27T20:30:00,LONG,-5.728,8.14,40,15,0
CAD_CHF_JPY,2024-05-27T20:55:00,LONG,-7.239,9.66,15,15,0
CAD_CHF_JPY,2024-05-28T19:35:00,SHORT,3.566,1.03,95,14,0
CAD_CHF_JPY,2024-05-28T19:50:00,LONG,-3.945,0.73,80,14,0
CAD_CHF_JPY,2024-05-28T20:00:00,LONG,-42.695,16.2,70,15,0
CAD_CHF_JPY,2024-05-28T20:55:00,LONG,-5.383,10.5,15,15,0
CAD_CHF_JPY,2024-05-29T16:55:00,LONG,-4.147,0.67,15,11,0
CAD_CHF_JPY,2024-05-29T19:55:00,LONG,-4.032,10.57,70,14,0
CAD_CHF_JPY,2024-05-30T20:00:00,LONG,-19.721,6.13,65,15,0
CAD_CHF_JPY,2024-05-30T20:50:00,LONG,-3.527,3.45,15,15,0
CAD_CHF_JPY,2024-06-02T20:00:00,LONG,-66.392,26.72,60,15,0
CAD_CHF_JPY,2024-06-02T20:55:00,LONG,-4.509,17.84,5,15,0
CAD_CHF_JPY,2024-06-03T20:00:00,LONG,-37.941,19.05,60,15,0
CAD_CHF_JPY,2024-06-03T20:25:00,LONG,-5.481,11.3,35,15,0
CAD_CHF_JPY,2024-06-04T20:00:00,LONG,-16.588,21.01,60,15,0
CAD_CHF_JPY,2024-06-04T20:40:00,LONG,-3.775,9.97,20,15,0
CAD_CHF_JPY,2024-06-05T12:55:00,LONG,-3.916,9.91,5,7,0
CAD_CHF_JPY,2024-06-05T20:00:00,LONG,-9.507,10.39,60,15,0
CAD_CHF_JPY,2024-06-06T20:00:00,LONG,-23.938,10.06,65,15,0
CAD_CHF_JPY,2024-06-06T20:50:00,LONG,-6.211,9.0,15,15,0
CAD_CHF_JPY,2024-06-07T11:25:00,LONG,-7.857,13.07,5,6,0
CAD_CHF_JPY,2024-06-09T20:00:00,LONG,-14.32,21.9,60,15,0
CAD_CHF_JPY,2024-06-10T19:55:00,LONG,-5.819,27.27,65,14,0
CAD_CHF_JPY,2024-06-10T20:55:00,LONG,-3.096,10.06,5,15,0
CAD_CHF_JPY,2024-06-11T19:50:00,LONG,-3.304,10.35,80,14,0
CAD_CHF_JPY,2024-06-12T11:25:00,LONG,-4.711,7.67,5,6,0
CAD_CHF_JPY,2024-06-12T16:55:00,LONG,-29.642,17.64,10,11,0
CAD_CHF_JPY,2024-06-12T20:00:00,LONG,-8.751,17.96,60,15,0
CAD_CHF_JPY,2024-06-12T20:25:00,LONG,-3.083,6.9,35,15,0
CAD_CHF_JPY,2024-06-12T20:35:00,LONG,-5.029,12.38,25,15,0
CAD_CHF_JPY,2024-06-13T16:35:00,SHORT,3.162,0.96,30,11,0
CAD_CHF_JPY,2024-06-13T20:00:00,SHORT,14.547,8.64,1390,15,0
CAD_CHF_JPY,2024-06-13T21:10:00,LONG,-3.633,7.94,1320,16,1
CAD_CHF_JPY,2024-06-14T00:05:00,LONG,-3.01,10.53,1145,19,0
CAD_CHF_JPY,2024-06-14T00:25:00,LONG,-3.005,13.64,1125,19,0
CAD_CHF_JPY,2024-06-14T01:30:00,LONG,-3.091,13.77,1060,20,0
CAD_CHF_JPY,2024-06-14T01:55:00,LONG,-3.043,15.74,1035,20,0
CAD_CHF_JPY,2024-06-14T02:20:00,LONG,-4.562,31.08,1010,21,0
CAD_CHF_JPY,2024-06-14T03:45:00,LONG,-3.065,28.0,925,22,0
CAD_CHF_JPY,2024-06-17T19:55:00,LONG,-6.272,7.29,70,14,0
CAD_CHF_JPY,2024-06-18T19:55:00,LONG,-4.698,18.95,65,14,0
CAD_CHF_JPY,2024-06-18T20:45:00,LONG,-3.484,7.83,15,15,0
CAD_CHF_JPY,2024-06-19T16:25:00,LONG,-5.772,1.02,10,11,0
CAD_CHF_JPY,2024-06-19T17:05:00,LONG,-3.306,0.61,35,12,0
CAD_CHF_JPY,2024-06-19T19:25:00,LONG,-3.414,1.29,100,14,0
CAD_CHF_JPY,2024-06-19T19:45:00,LONG,-4.219,14.49,80,14,0
CAD_CHF_JPY,2024-06-19T20:50:00,LONG,-3.247,8.74,15,15,0
CAD_CHF_JPY,2024-06-20T19:55:00,LONG,-4.332,11.5,70,14,0
CAD_CHF_JPY,2024-06-20T20:55:00,LONG,-3.23,5.45,10,15,0
CAD_CHF_JPY,2024-06-21T12:40:00,LONG,-4.136,7.07,5,7,0
CAD_CHF_JPY,2024-06-23T20:00:00,LONG,-29.862,32.48,60,15,0
CAD_CHF_JPY,2024-06-24T19:55:00,LONG,-31.248,12.15,80,14,0
CAD_CHF_JPY,2024-06-25T19:55:00,LONG,-10.256,10.56,70,14,0
CAD_CHF_JPY,2024-06-25T20:45:00,LONG,-3.123,5.82,20,15,0
CAD_CHF_JPY,2024-06-25T20:55:00,LONG,-3.386,6.59,10,15,0
CAD_CHF_JPY,2024-06-26T20:00:00,LONG,-26.85,9.56,65,15,0
CAD_CHF_JPY,2024-06-27T19:40:00,SHORT,3.558,0.99,90,14,0
CAD_CHF_JPY,2024-06-27T19:55:00,LONG,-8.408,2.73,75,14,0
CAD_CHF_JPY,2024-06-27T20:10:00,LONG,-5.118,12.47,60,15,0
CAD_CHF_JPY,2024-06-28T11:25:00,LONG,-3.991,4.33,5,6,0
CAD_CHF_JPY,2024-06-28T19:50:00,LONG,-4.314,35.13,2950,14,0
CAD_CHF_JPY,2024-07-01T19:55:00,LONG,-5.275,14.2,70,14,0
CAD_CHF_JPY,2024-07-01T20:55:00,LONG,-3.942,9.17,10,15,0
CAD_CHF_JPY,2024-07-02T12:55:00,LONG,-5.182,11.15,5,7,0
CAD_CHF_JPY,2024-07-02T20:00:00,LONG,-8.406,10.28,60,15,0
CAD_CHF_JPY,2024-07-03T16:55:00,LONG,-13.981,4.78,15,11,0
CAD_CHF_JPY,2024-07-03T19:55:00,LONG,-15.32,24.22,65,14,0
CAD_CHF_JPY,2024-07-03T20:35:00,LONG,-3.24,13.45,25,15,0
CAD_CHF_JPY,2024-07-04T19:55:00,LONG,-7.815,4.47,65,14,0
CAD_CHF_JPY,2024-07-04T20:45:00,LONG,-3.43,4.34,15,15,0
CAD_CHF_JPY,2024-07-05T11:25:00,LONG,-20.773,17.37,5,6,0
CAD_CHF_JPY,2024-07-07T20:00:00,LONG,-16.849,21.24,60,15,0
CAD_CHF_JPY,2024-07-07T20:15:00,LONG,-5.199,13.17,45,15,0
CAD_CHF_JPY,2024-07-07T20:45:00,LONG,-4.592,12.23,15,15,0
CAD_CHF_JPY,2024-07-08T19:55:00,LONG,-4.065,12.32,40,14,0
CAD_CHF_JPY,2024-07-08T20:55:00,LONG,-5.558,7.98,5,15,0
CAD_CHF_JPY,2024-07-09T16:45:00,SHORT,3.031,0.5,10,11,0
CAD_CHF_JPY,2024-07-09T19:25:00,SHORT,3.527,0.61,105,14,0
CAD_CHF_JPY,2024-07-09T19:40:00,LONG,-4.062,0.73,90,14,0
CAD_CHF_JPY,2024-07-09T19:55:00,LONG,-3.247,6.24,75,14,0
CAD_CHF_JPY,2024-07-09T20:15:00,LONG,-7.246,5.63,55,15,0
CAD_CHF_JPY,2024-07-10T19:55:00,LONG,-5.889,7.31,55,14,0
CAD_CHF_JPY,2024-07-11T11:25:00,LONG,-7.344,8.22,5,6,0
CAD_CHF_JPY,2024-07-11T20:00:00,LONG,-29.617,29.12,60,15,0
CAD_CHF_JPY,2024-07-12T19:50:00,LONG,-3.548,17.42,2965,14,0
CAD_CHF_JPY,2024-07-15T19:15:00,LONG,-3.118,0.68,25,14,0
CAD_CHF_JPY,2024-07-15T19:30:00,LONG,-3.051,0.84,10,14,0
CAD_CHF_JPY,2024-07-15T19:55:00,LONG,-4.606,21.12,65,14,0
CAD_CHF_JPY,2024-07-15T20:45:00,LONG,-7.129,18.95,15,15,0
CAD_CHF_JPY,2024-07-16T20:00:00,LONG,-7.313,8.63,70,15,0
CAD_CHF_JPY,2024-07-16T20:55:00,LONG,-3.7,5.71,15,15,0
CAD_CHF_JPY,2024-07-17T19:55:00,LONG,-5.794,9.3,50,14,0
CAD_CHF_JPY,2024-07-18T19:55:00,LONG,-5.479,27.34,65,14,0
CAD_CHF_JPY,2024-07-18T20:55:00,LONG,-3.138,11.92,5,15,0
CAD_CHF_JPY,2024-07-19T19:50:00,LONG,-5.014,21.41,2950,14,0
CAD_CHF_JPY,2024-07-22T19:45:00,LONG,-4.233,25.01,65,14,0
CAD_CHF_JPY,2024-07-23T16:15:00,LONG,-3.128,0.78,15,11,0
CAD_CHF_JPY,2024-07-23T20:00:00,LONG,-7.326,5.23,70,15,0
CAD_CHF_JPY,2024-07-24T12:40:00,LONG,-4.628,4.21,5,7,0
CAD_CHF_JPY,2024-07-24T20:00:00,LONG,-27.111,17.49,60,15,0
CAD_CHF_JPY,2024-07-24T20:40:00,LONG,-4.503,12.29,20,15,0
CAD_CHF_JPY,2024-07-25T20:00:00,LONG,-38.678,27.4,60,15,0
CAD_CHF_JPY,2024-07-25T20:55:00,LONG,-5.718,16.86,5,15,0
CAD_CHF_JPY,2024-07-28T20:00:00,LONG,-34.154,26.71,60,15,0
CAD_CHF_JPY,2024-07-29T16:00:00,LONG,-3.576,0.75,65,11,0
CAD_CHF_JPY,2024-07-29T19:15:00,LONG,-3.531,8.31,170,14,0
CAD_CHF_JPY,2024-07-29T20:50:00,LONG,-3.488,5.38,75,15,0
CAD_CHF_JPY,2024-07-30T12:55:00,LONG,-4.977,4.27,5,7,0
CAD_CHF_JPY,2024-07-30T20:00:00,LONG,-31.54,17.97,170,15,0
CAD_CHF_JPY,2024-07-31T16:55:00,LONG,-14.121,5.22,10,11,0
CAD_CHF_JPY,2024-07-31T20:00:00,LONG,-27.828,14.38,685,15,0
CAD_CHF_JPY,2024-08-01T20:00:00,LONG,-26.159,11.6,60,15,0
CAD_CHF_JPY,2024-08-04T20:00:00,LONG,-65.9,41.37,60,15,0
CAD_CHF_JPY,2024-08-05T19:55:00,LONG,-34.06,50.46,65,14,0
CAD_CHF_JPY,2024-08-05T20:50:00,LONG,-4.033,30.63,10,15,0
CAD_CHF_JPY,2024-08-06T19:55:00,LONG,-4.076,27.88,65,14,0
CAD_CHF_JPY,2024-08-06T20:50:00,LONG,-6.191,30.07,10,15,0
CAD_CHF_JPY,2024-08-07T20:00:00,LONG,-81.673,30.53,60,15,0
CAD_CHF_JPY,2024-08-07T20:40:00,LONG,-4.173,18.6,20,15,0
CAD_CHF_JPY,2024-08-07T20:50:00,LONG,-3.314,15.59,10,15,0
CAD_CHF_JPY,2024-08-08T20:00:00,LONG,-33.359,18.41,70,15,0
CAD_CHF_JPY,2024-08-08T20:25:00,LONG,-5.335,11.55,45,15,0
CAD_CHF_JPY,2024-08-08T20:45:00,LONG,-5.166,12.27,25,15,0
CAD_CHF_JPY,2024-08-09T19:40:00,SHORT,3.041,0.83,2965,14,0
CAD_CHF_JPY,2024-08-11T20:05:00,LONG,-120.874,33.51,60,15,0
CAD_CHF_JPY,2024-08-11T20:40:00,LONG,-4.017,18.28,25,15,0
CAD_CHF_JPY,2024-08-11T20:55:00,LONG,-3.279,16.09,10,15,0
CAD_CHF_JPY,2024-08-12T19:55:00,LONG,-5.415,25.25,35,14,0
CAD_CHF_JPY,2024-08-13T11:25:00,LONG,-3.634,11.42,5,6,0
CAD_CHF_JPY,2024-08-13T20:00:00,LONG,-6.622,17.36,80,15,0
CAD_CHF_JPY,2024-08-14T11:25:00,LONG,-5.775,12.05,5,6,0
CAD_CHF_JPY,2024-08-14T20:00:00,LONG,-14.207,16.58,60,15,0
CAD_CHF_JPY,2024-08-15T20:00:00,LONG,-12.853,10.69,60,15,0
CAD_CHF_JPY,2024-08-16T12:55:00,LONG,-6.355,10.66,5,7,0
CAD_CHF_JPY,2024-08-18T20:05:00,LONG,-31.839,41.89,55,15,0
CAD_CHF_JPY,2024-08-19T19:25:00,LONG,-3.343,0.71,100,14,0
CAD_CHF_JPY,2024-08-19T19:55:00,LONG,-5.324,15.29,70,14,0
CAD_CHF_JPY,2024-08-19T20:50:00,LONG,-3.286,9.72,15,15,0
CAD_CHF_JPY,2024-08-20T19:55:00,LONG,-5.165,7.54,70,14,0
CAD_CHF_JPY,2024-08-21T19:55:00,LONG,-4.387,28.5,40,14,0
CAD_CHF_JPY,2024-08-22T11:25:00,LONG,-3.201,13.59,5,6,0
CAD_CHF_JPY,2024-08-22T20:00:00,LONG,-21.731,27.88,60,15,0
CAD_CHF_JPY,2024-08-22T20:55:00,LONG,-3.278,12.86,5,15,0
CAD_CHF_JPY,2024-08-23T19:45:00,LONG,-3.257,24.69,2965,14,0
CAD_CHF_JPY,2024-08-26T19:15:00,LONG,-3.558,0.85,10,14,0
CAD_CHF_JPY,2024-08-26T19:55:00,LONG,-6.546,29.81,75,14,0
CAD_CHF_JPY,2024-08-26T20:55:00,LONG,-4.33,17.01,15,15,0
CAD_CHF_JPY,2024-08-27T20:00:00,LONG,-60.674,14.19,15,15,0
CAD_CHF_JPY,2024-08-28T17:00:00,SHORT,28.176,6.32,15,12,0
CAD_CHF_JPY,2024-08-28T20:00:00,LONG,-35.416,21.46,40,15,0
CAD_CHF_JPY,2024-08-29T20:00:00,LONG,-85.344,21.24,60,15,0
CAD_CHF_JPY,2024-09-01T20:00:00,LONG,-31.716,20.77,60,15,0
CAD_CHF_JPY,2024-09-01T20:55:00,LONG,-3.084,11.08,5,15,0
CAD_CHF_JPY,2024-09-02T15:10:00,LONG,-3.495,0.77,5,10,0
CAD_CHF_JPY,2024-09-02T15:50:00,LONG,-3.423,0.78,40,10,0
CAD_CHF_JPY,2024-09-02T19:55:00,LONG,-18.12,17.73,65,14,0
CAD_CHF_JPY,2024-09-02T20:55:00,LONG,-4.92,14.13,5,15,0
CAD_CHF_JPY,2024-09-03T20:00:00,LONG,-6.582,8.68,70,15,0
CAD_CHF_JPY,2024-09-04T12:55:00,LONG,-3.417,4.48,5,7,0
CAD_CHF_JPY,2024-09-04T19:55:00,LONG,-4.577,9.21,70,14,0
CAD_CHF_JPY,2024-09-04T20:55:00,LONG,-7.397,10.8,10,15,0
CAD_CHF_JPY,2024-09-05T11:25:00,LONG,-6.934,11.38,5,6,0
CAD_CHF_JPY,2024-09-05T12:55:00,LONG,-6.146,10.16,5,7,0
CAD_CHF_JPY,2024-09-05T20:00:00,LONG,-11.532,13.51,60,15,0
CAD_CHF_JPY,2024-09-05T20:15:00,LONG,-5.638,9.67,45,15,0
CAD_CHF_JPY,2024-09-05T20:50:00,LONG,-3.673,9.76,10,15,0
CAD_CHF_JPY,2024-09-06T11:25:00,LONG,-6.936,13.23,5,6,0
CAD_CHF_JPY,2024-09-08T20:00:00,LONG,-24.094,37.18,65,15,0
CAD_CHF_JPY,2024-09-08T20:55:00,LONG,-3.175,18.28,10,15,0
CAD_CHF_JPY,2024-09-09T19:00:00,LONG,-3.109,0.62,5,14,0
CAD_CHF_JPY,2024-09-09T19:55:00,LONG,-3.637,16.02,60,14,0
CAD_CHF_JPY,2024-09-10T19:50:00,LONG,-4.317,13.22,75,14,0
CAD_CHF_JPY,2024-09-11T11:25:00,LONG,-4.678,9.95,5,6,0
CAD_CHF_JPY,2024-09-11T20:00:00,LONG,-20.932,16.23,60,15,0
CAD_CHF_JPY,2024-09-11T20:30:00,LONG,-3.784,6.07,30,15,0
CAD_CHF_JPY,2024-09-12T20:00:00,LONG,-33.999,11.38,80,15,0
CAD_CHF_JPY,2024-09-12T20:50:00,LONG,-3.236,7.16,30,15,0
CAD_CHF_JPY,2024-09-15T20:00:00,LONG,-60.064,32.18,65,15,0
CAD_CHF_JPY,2024-09-16T19:55:00,LONG,-4.858,10.68,85,14,0
CAD_CHF_JPY,2024-09-17T11:25:00,LONG,-4.22,5.58,5,6,0
CAD_CHF_JPY,2024-09-17T20:00:00,LONG,-54.751,27.2,65,15,0
CAD_CHF_JPY,2024-09-18T16:55:00,LONG,-75.308,14.53,10,11,0
CAD_CHF_JPY,2024-09-18T20:00:00,LONG,-23.469,25.0,60,15,0
CAD_CHF_JPY,2024-09-18T20:50:00,LONG,-3.752,13.19,10,15,0
CAD_CHF_JPY,2024-09-19T20:00:00,LONG,-30.081,11.35,65,15,0
CAD_CHF_JPY,2024-09-20T19:45:00,LONG,-3.671,0.79,2965,14,0
CAD_CHF_JPY,2024-09-22T20:00:00,LONG,-72.226,16.97,70,15,0
CAD_CHF_JPY,2024-09-23T19:55:00,LONG,-4.047,20.13,65,14,0
CAD_CHF_JPY,2024-09-23T20:55:00,LONG,-3.481,11.68,5,15,0
CAD_CHF_JPY,2024-09-24T19:55:00,LONG,-4.518,17.88,75,14,0
CAD_CHF_JPY,2024-09-25T19:40:00,SHORT,4.531,0.92,75,14,0
CAD_CHF_JPY,2024-09-25T19:55:00,LONG,-3.179,20.73,60,14,0
CAD_CHF_JPY,2024-09-26T06:25:00,LONG,-3.261,8.44,5,1,0
CAD_CHF_JPY,2024-09-26T11:25:00,LONG,-4.714,12.63,5,6,0
CAD_CHF_JPY,2024-09-26T20:00:00,LONG,-6.511,10.04,60,15,0
CAD_CHF_JPY,2024-09-26T20:40:00,LONG,-3.357,12.04,20,15,0
CAD_CHF_JPY,2024-09-26T20:55:00,LONG,-3.788,8.11,5,15,0
CAD_CHF_JPY,2024-09-29T20:00:00,LONG,-34.248,22.53,65,15,0
CAD_CHF_JPY,2024-09-30T19:55:00,LONG,-5.598,13.45,70,14,0
CAD_CHF_JPY,2024-09-30T20:20:00,LONG,-3.651,6.7,45,15,0
CAD_CHF_JPY,2024-10-01T12:55:00,LONG,-13.096,15.24,5,7,0
CAD_CHF_JPY,2024-10-01T20:00:00,LONG,-38.956,45.02,60,15,0
CAD_CHF_JPY,2024-10-02T19:55:00,LONG,-6.49,16.0,70,14,0
CAD_CHF_JPY,2024-10-02T20:35:00,LONG,-3.152,7.14,30,15,0
CAD_CHF_JPY,2024-10-02T20:55:00,LONG,-6.184,14.87,10,15,0
CAD_CHF_JPY,2024-10-03T19:55:00,LONG,-11.203,22.68,65,14,0
CAD_CHF_JPY,2024-10-03T20:55:00,LONG,-5.206,17.71,5,15,0
CAD_CHF_JPY,2024-10-06T20:00:00,LONG,-98.337,67.47,60,15,0
CAD_CHF_JPY,2024-10-07T19:50:00,LONG,-3.116,26.85,55,14,0
CAD_CHF_JPY,2024-10-07T20:35:00,LONG,-3.677,9.82,10,15,0
CAD_CHF_JPY,2024-10-08T19:45:00,LONG,-4.134,25.08,75,14,0
CAD_CHF_JPY,2024-10-09T16:55:00,LONG,-15.822,3.46,10,11,0
CAD_CHF_JPY,2024-10-09T19:55:00,LONG,-32.018,14.62,65,14,0
CAD_CHF_JPY,2024-10-10T11:25:00,LONG,-6.521,15.92,5,6,0
CAD_CHF_JPY,2024-10-10T19:55:00,LONG,-26.327,31.47,65,14,0
CAD_CHF_JPY,2024-10-13T20:05:00,LONG,-44.395,17.13,90,15,0
CAD_CHF_JPY,2024-10-14T19:35:00,LONG,-3.116,0.76,60,14,0
CAD_CHF_JPY,2024-10-14T19:55:00,LONG,-30.622,16.37,40,14,0
CAD_CHF_JPY,2024-10-15T19:50:00,LONG,-3.779,20.46,70,14,0
CAD_CHF_JPY,2024-10-16T19:55:00,LONG,-3.02,17.22,70,14,0
CAD_CHF_JPY,2024-10-16T20:25:00,LONG,-4.876,9.09,40,15,0
CAD_CHF_JPY,2024-10-16T20:50:00,LONG,-4.388,10.25,15,15,0
CAD_CHF_JPY,2024-10-17T20:00:00,LONG,-12.962,10.02,75,15,0
CAD_CHF_JPY,2024-10-18T19:45:00,LONG,-4.285,39.42,2955,14,0
CAD_CHF_JPY,2024-10-21T19:55:00,LONG,-6.337,7.25,65,14,0
CAD_CHF_JPY,2024-10-21T20:50:00,LONG,-3.429,3.53,10,15,0
CAD_CHF_JPY,2024-10-22T19:55:00,LONG,-4.866,13.76,65,14,0
CAD_CHF_JPY,2024-10-22T20:45:00,LONG,-3.034,3.79,15,15,0
CAD_CHF_JPY,2024-10-23T19:55:00,LONG,-11.146,23.38,65,14,0
CAD_CHF_JPY,2024-10-24T19:55:00,LONG,-15.711,16.15,65,14,0
CAD_CHF_JPY,2024-10-27T20:00:00,LONG,-101.231,15.41,60,15,0
CAD_CHF_JPY,2024-10-28T19:55:00,LONG,-78.405,14.85,65,14,0
CAD_CHF_JPY,2024-10-29T19:55:00,LONG,-52.398,16.25,65,14,0
CAD_CHF_JPY,2024-10-29T20:15:00,LONG,-3.621,5.01,45,15,0
CAD_CHF_JPY,2024-10-30T19:55:00,LONG,-5.941,3.09,50,14,0
CAD_CHF_JPY,2024-10-31T19:55:00,LONG,-53.606,10.3,65,14,0
CAD_CHF_JPY,2024-10-31T20:45:00,LONG,-4.342,5.86,15,15,0
CAD_CHF_JPY,2024-11-03T19:00:00,LONG,-44.84,13.22,60,14,0
CAD_CHF_JPY,2024-11-04T18:50:00,LONG,-3.392,18.13,70,13,0
CAD_CHF_JPY,2024-11-05T18:55:00,LONG,-16.65,10.02,65,13,0
CAD_CHF_JPY,2024-11-05T19:30:00,LONG,-7.318,14.84,30,14,0
CAD_CHF_JPY,2024-11-06T18:55:00,LONG,-52.741,12.13,65,13,0
CAD_CHF_JPY,2024-11-07T15:55:00,LONG,-34.063,8.64,5,10,0
CAD_CHF_JPY,2024-11-07T18:55:00,LONG,-12.085,16.79,65,13,0
CAD_CHF_JPY,2024-11-08T18:40:00,LONG,-4.175,0.47,2960,13,0
CAD_CHF_JPY,2024-11-08T18:50:00,LONG,-4.492,17.75,2950,13,0
CAD_CHF_JPY,2024-11-11T18:55:00,LONG,-57.737,15.66,65,13,0
CAD_CHF_JPY,2024-11-12T18:55:00,LONG,-82.183,19.64,65,13,0
CAD_CHF_JPY,2024-11-13T18:55:00,LONG,-21.88,20.64,65,13,0
CAD_CHF_JPY,2024-11-13T19:35:00,LONG,-3.203,9.67,25,14,0
CAD_CHF_JPY,2024-11-14T18:55:00,LONG,-35.16,18.4,65,13,0
CAD_CHF_JPY,2024-11-17T19:00:00,LONG,-67.477,23.41,60,14,0
CAD_CHF_JPY,2024-11-18T13:05:00,LONG,-4.972,0.5,15,8,0
CAD_CHF_JPY,2024-11-18T18:40:00,LONG,-3.622,0.46,80,13,0
CAD_CHF_JPY,2024-11-18T18:55:00,LONG,-26.253,21.42,65,13,0
CAD_CHF_JPY,2024-11-18T19:20:00,LONG,-3.96,8.55,40,14,0
CAD_CHF_JPY,2024-11-19T18:55:00,LONG,-83.304,26.1,65,13,0
CAD_CHF_JPY,2024-11-20T18:50:00,LONG,-3.198,11.39,70,13,0
CAD_CHF_JPY,2024-11-20T19:55:00,LONG,-4.399,5.29,5,14,0
CAD_CHF_JPY,2024-11-21T18:50:00,LONG,-3.051,9.43,70,13,0
CAD_CHF_JPY,2024-11-21T19:55:00,LONG,-3.033,3.1,5,14,0
CAD_CHF_JPY,2024-11-24T19:00:00,LONG,-132.497,19.5,60,14,0
CAD_CHF_JPY,2024-11-25T18:55:00,LONG,-102.86,21.12,65,13,0
CAD_CHF_JPY,2024-11-26T18:55:00,LONG,-55.601,12.4,65,13,0
CAD_CHF_JPY,2024-11-27T18:55:00,LONG,-35.586,22.74,65,13,0
CAD_CHF_JPY,2024-11-27T19:50:00,LONG,-4.823,17.14,10,14,0
CAD_CHF_JPY,2024-11-28T14:05:00,LONG,-3.354,0.46,160,9,0
CAD_CHF_JPY,2024-11-28T18:00:00,LONG,-3.35,0.51,45,13,0
CAD_CHF_JPY,2024-11-28T18:50:00,LONG,-3.548,13.02,70,13,0
CAD_CHF_JPY,2024-11-28T19:40:00,LONG,-3.992,5.85,20,14,0
CAD_CHF_JPY,2024-11-29T14:00:00,LONG,-3.21,0.42,5,9,0
CAD_CHF_JPY,2024-11-29T15:10:00,LONG,-3.125,0.43,5,10,0
CAD_CHF_JPY,2024-11-29T15:25:00,LONG,-4.073,0.57,125,10,0
CAD_CHF_JPY,2024-11-29T16:25:00,LONG,-3.221,0.49,65,11,0
CAD_CHF_JPY,2024-11-29T16:40:00,LONG,-3.161,0.5,50,11,0
CAD_CHF_JPY,2024-11-29T18:45:00,LONG,-3.784,22.21,2955,13,0
CAD_CHF_JPY,2024-12-02T18:55:00,LONG,-39.854,21.33,65,13,0
CAD_CHF_JPY,2024-12-02T19:50:00,LONG,-3.084,7.52,10,14,0
CAD_CHF_JPY,2024-12-03T18:55:00,LONG,-4.703,5.12,65,13,0
CAD_CHF_JPY,2024-12-04T18:55:00,LONG,-8.886,20.37,65,13,0
CAD_CHF_JPY,2024-12-05T17:55:00,LONG,-4.053,0.56,25,12,0
CAD_CHF_JPY,2024-12-05T18:50:00,LONG,-3.742,23.21,65,13,0
CAD_CHF_JPY,2024-12-08T19:00:00,LONG,-65.517,19.7,60,14,0
CAD_CHF_JPY,2024-12-09T19:00:00,LONG,-122.691,16.96,60,14,0
CAD_CHF_JPY,2024-12-09T19:55:00,LONG,-3.452,6.92,5,14,0
CAD_CHF_JPY,2024-12-10T18:55:00,LONG,-112.872,15.86,65,13,0
CAD_CHF_JPY,2024-12-11T10:25:00,LONG,-5.043,9.9,5,5,0
CAD_CHF_JPY,2024-12-11T18:55:00,LONG,-13.676,21.6,65,13,0
CAD_CHF_JPY,2024-12-12T05:25:00,LONG,-4.631,10.41,5,0,0
CAD_CHF_JPY,2024-12-12T18:55:00,LONG,-13.466,15.21,70,13,0
CAD_CHF_JPY,2024-12-12T19:55:00,LONG,-3.071,5.76,10,14,0
CAD_CHF_JPY,2024-12-13T18:50:00,LONG,-4.02,24.7,2950,13,0
CAD_CHF_JPY,2024-12-15T19:55:00,LONG,-6.339,24.22,5,14,0
CAD_CHF_JPY,2024-12-16T18:55:00,LONG,-38.505,14.71,65,13,0
CAD_CHF_JPY,2024-12-17T18:55:00,LONG,-19.763,19.41,65,13,0
CAD_CHF_JPY,2024-12-17T19:50:00,LONG,-3.205,5.69,10,14,0
CAD_CHF_JPY,2024-12-18T15:55:00,LONG,-5.945,0.85,20,10,0
CAD_CHF_JPY,2024-12-18T16:35:00,LONG,-3.173,0.5,10,11,0
CAD_CHF_JPY,2024-12-18T18:55:00,LONG,-46.903,13.61,65,13,0
CAD_CHF_JPY,2024-12-18T19:55:00,LONG,-3.303,6.77,5,14,0
CAD_CHF_JPY,2024-12-19T18:55:00,LONG,-49.873,20.97,45,13,0
CAD_CHF_JPY,2024-12-22T19:00:00,LONG,-101.853,21.89,60,14,0
CAD_CHF_JPY,2024-12-22T19:40:00,LONG,-3.254,11.95,20,14,0
CAD_CHF_JPY,2024-12-22T19:55:00,LONG,-3.277,12.75,5,14,0
CAD_CHF_JPY,2024-12-23T18:55:00,LONG,-11.164,16.55,375,13,0
CAD_CHF_JPY,2024-12-23T19:50:00,LONG,-3.385,12.15,320,14,0
CAD_CHF_JPY,2024-12-24T15:45:00,LONG,-13.979,14.09,1695,10,0
CAD_CHF_JPY,2024-12-24T17:00:00,LONG,-4.905,12.67,1620,12,0
CAD_CHF_JPY,2024-12-24T17:20:00,LONG,-3.93,13.45,1600,12,0
CAD_CHF_JPY,2024-12-24T17:40:00,LONG,-3.258,11.86,1580,12,0
CAD_CHF_JPY,2024-12-24T18:00:00,LONG,-3.278,11.83,1560,13,0
CAD_CHF_JPY,2024-12-24T18:10:00,LONG,-3.014,13.76,1550,13,0
CAD_CHF_JPY,2024-12-24T18:40:00,LONG,-4.643,19.46,1520,13,0
CAD_CHF_JPY,2024-12-26T18:45:00,LONG,-3.59,4.33,820,13,0
CAD_CHF_JPY,2024-12-26T19:45:00,SHORT,3.868,5.6,760,14,0
CAD_CHF_JPY,2024-12-27T18:40:00,LONG,-3.021,0.56,2990,13,0
CAD_CHF_JPY,2024-12-27T18:50:00,LONG,-3.082,23.22,2980,13,0
CAD_CHF_JPY,2024-12-30T18:55:00,LONG,-27.757,17.5,75,13,0
CAD_CHF_JPY,2024-12-31T18:45:00,LONG,-5.048,6.7,10,13,0
