time,open,high,low,close,volume
2015-10-11T20:00:00,92.744,93.148,92.186,92.24,0
2015-10-12T20:00:00,92.236,92.481,91.476,91.957,0
2015-10-13T20:00:00,91.973,92.175,91.592,91.997,0
2015-10-14T20:00:00,91.995,92.614,91.458,92.608,0
2015-10-15T20:00:00,92.615,92.671,92.034,92.485,0
2015-10-17T20:00:00,92.468,92.486,92.319,92.338,0
2015-10-18T20:00:00,92.341,92.583,91.638,91.759,0
2015-10-19T20:00:00,91.739,92.675,91.524,92.223,0
2015-10-20T20:00:00,92.229,92.523,91.213,91.238,0
2015-10-21T20:00:00,91.246,92.299,91.089,92.215,0
2015-10-22T20:00:00,92.223,92.584,91.634,92.19,0
2015-10-24T20:00:00,92.196,92.241,92.061,92.081,0
2015-10-25T20:00:00,92.089,92.2,91.723,91.924,0
2015-10-26T20:00:00,91.931,91.931,90.634,90.774,0
2015-10-27T20:00:00,90.771,92.049,90.57,91.588,0
2015-10-28T20:00:00,91.601,92.16,91.153,91.949,0
2015-10-29T20:00:00,91.952,92.469,91.392,92.315,0
2015-10-31T20:00:00,92.073,92.229,92.065,92.143,0
2015-11-01T19:00:00,92.151,92.273,91.907,92.23,0
2015-11-02T19:00:00,92.247,92.905,91.919,92.656,0
2015-11-03T19:00:00,92.664,92.963,92.134,92.351,0
2015-11-04T19:00:00,92.362,92.727,92.144,92.442,0
2015-11-05T19:00:00,92.441,92.758,92.152,92.565,0
2015-11-07T19:00:00,92.663,92.695,92.624,92.631,0
2015-11-08T19:00:00,92.646,93.237,92.598,92.725,0
2015-11-09T19:00:00,92.738,93.024,92.704,92.775,0
2015-11-10T19:00:00,92.771,92.966,92.518,92.584,0
2015-11-11T19:00:00,92.605,92.957,92.111,92.264,0
2015-11-12T19:00:00,92.274,92.388,91.887,92.011,0
2015-11-14T19:00:00,91.933,91.981,91.774,91.813,0
2015-11-15T19:00:00,91.841,92.508,91.834,92.436,0
2015-11-16T19:00:00,92.434,92.771,92.396,92.669,0
2015-11-17T19:00:00,92.666,92.937,92.344,92.852,0
2015-11-18T19:00:00,92.848,93.076,92.276,92.425,0
2015-11-19T19:00:00,92.429,92.544,91.957,91.962,0
2015-11-21T19:00:00,92.061,92.112,92.001,92.016,0
2015-11-22T19:00:00,92.015,92.323,91.65,91.99,0
2015-11-23T19:00:00,91.993,92.14,91.615,92.064,0
2015-11-24T19:00:00,92.069,92.344,91.864,92.233,0
2015-11-25T19:00:00,92.235,92.281,92.012,92.226,0
2015-11-26T19:00:00,92.203,92.266,91.718,91.787,0
2015-11-28T19:00:00,91.818,91.876,91.764,91.87,0
2015-11-29T19:00:00,91.868,92.612,91.671,92.284,0
2015-11-30T19:00:00,92.272,92.505,91.778,91.977,0
2015-12-01T19:00:00,91.97,92.684,91.902,92.297,0
2015-12-02T19:00:00,92.304,92.766,91.592,91.867,0
2015-12-03T19:00:00,91.875,92.378,91.516,92.112,0
2015-12-05T19:00:00,92.131,92.161,91.98,91.989,0
2015-12-06T19:00:00,91.992,92.059,91.106,91.251,0
2015-12-07T19:00:00,91.253,91.271,90.118,90.507,0
2015-12-08T19:00:00,90.498,90.587,89.082,89.674,0
2015-12-09T19:00:00,89.68,89.914,89.065,89.249,0
2015-12-10T19:00:00,89.243,89.5,87.717,87.861,0
2015-12-12T19:00:00,88.135,88.188,87.803,87.979,0
2015-12-13T19:00:00,87.971,88.529,87.446,88.209,0
2015-12-14T19:00:00,88.192,88.88,87.902,88.606,0
2015-12-15T19:00:00,88.612,88.792,87.955,88.777,0
2015-12-16T19:00:00,88.785,88.837,87.758,87.895,0
2015-12-17T19:00:00,87.915,88.503,86.679,86.899,0
2015-12-19T19:00:00,86.971,87.076,86.899,86.981,0
2015-12-20T19:00:00,86.954,87.259,86.354,86.867,0
2015-12-21T19:00:00,86.872,87.039,86.547,86.929,0
2015-12-22T19:00:00,86.929,87.408,86.666,87.288,0
2015-12-23T19:00:00,87.276,87.303,86.7,86.957,0
2015-12-24T19:00:00,86.942,87.076,86.868,86.942,0
2015-12-26T19:00:00,86.69,86.989,86.69,86.875,0
2015-12-27T19:00:00,86.877,87.064,86.486,86.593,0
2015-12-28T19:00:00,86.586,87.134,86.372,87.094,0
2015-12-29T19:00:00,87.093,87.141,86.547,86.814,0
2015-12-30T19:00:00,86.811,87.008,86.46,86.796,0
2016-01-02T19:00:00,86.978,86.99,86.687,86.709,0
2016-01-03T19:00:00,86.707,86.871,85.172,85.705,0
2016-01-04T19:00:00,85.703,86.101,84.822,85.138,0
2016-01-05T19:00:00,85.127,85.195,83.898,84.302,0
2016-01-06T19:00:00,84.297,84.406,82.896,83.305,0
2016-01-07T19:00:00,83.309,84.344,82.74,82.829,0
2016-01-09T19:00:00,82.662,82.669,82.261,82.515,0
2016-01-10T19:00:00,82.516,83.882,82.264,82.721,0
2016-01-11T19:00:00,82.725,83.179,82.103,82.636,0
2016-01-12T19:00:00,82.634,83.405,81.733,81.786,0
2016-01-13T19:00:00,81.791,82.432,81.553,82.404,0
2016-01-14T19:00:00,82.405,82.418,80.14,80.442,0
2016-01-16T19:00:00,79.995,80.295,79.985,80.225,0
2016-01-17T19:00:00,80.266,81.045,80.185,80.695,0
2016-01-18T19:00:00,80.726,81.796,80.476,80.69,0
2016-01-19T19:00:00,80.673,80.972,78.935,80.966,0
2016-01-20T19:00:00,80.957,82.684,80.108,82.618,0
2016-01-21T19:00:00,82.62,84.043,82.199,84.043,0
2016-01-23T19:00:00,83.926,83.998,83.805,83.805,0
2016-01-24T19:00:00,83.805,84.099,82.665,82.668,0
2016-01-25T19:00:00,82.681,84.434,82.18,83.821,0
2016-01-26T19:00:00,83.829,84.77,83.411,84.021,0
2016-01-27T19:00:00,84.029,85.292,83.926,84.711,0
2016-01-28T19:00:00,84.701,86.94,84.317,86.654,0
2016-01-30T19:00:00,86.774,86.905,86.668,86.823,0
2016-01-31T19:00:00,86.848,87.03,85.841,86.587,0
2016-02-01T19:00:00,86.613,86.675,85.15,85.179,0
2016-02-02T19:00:00,85.2,86.188,84.475,85.648,0
2016-02-03T19:00:00,85.658,86.197,84.744,84.921,0
2016-02-04T19:00:00,84.938,85.297,83.914,83.92,0
2016-02-06T19:00:00,84.051,84.301,84.051,84.201,0
2016-02-07T19:00:00,84.161,84.703,82.562,83.018,0
2016-02-08T19:00:00,82.999,83.67,81.894,82.94,0
2016-02-09T19:00:00,82.921,83.2,81.253,81.309,0
2016-02-10T19:00:00,81.351,81.533,79.263,80.809,0
2016-02-11T19:00:00,80.754,82.032,80.275,81.689,0
2016-02-13T19:00:00,81.744,82.155,81.719,82.128,0
2016-02-14T19:00:00,82.052,82.98,81.862,82.71,0
2016-02-15T19:00:00,82.739,83.493,81.687,82.331,0
2016-02-16T19:00:00,82.301,83.623,81.577,83.531,0
2016-02-17T19:00:00,83.516,83.557,82.272,82.419,0
2016-02-18T19:00:00,82.456,82.467,81.354,81.701,0
2016-02-20T19:00:00,81.691,81.714,81.525,81.582,0
2016-02-21T19:00:00,81.578,82.773,81.573,82.416,0
2016-02-22T19:00:00,82.415,82.432,81.021,81.096,0
2016-02-23T19:00:00,81.066,81.913,80.341,81.762,0
2016-02-24T19:00:00,81.793,83.582,81.545,83.517,0
2016-02-25T19:00:00,83.518,84.319,83.125,84.286,0
2016-02-27T19:00:00,84.234,84.262,83.794,83.902,0
2016-02-28T19:00:00,83.932,84.025,82.781,83.011,0
2016-02-29T19:00:00,83.041,85.242,82.792,84.815,0
2016-03-01T19:00:00,84.793,85.199,84.246,84.489,0
2016-03-02T19:00:00,84.449,85.207,84.407,84.775,0
2016-03-03T19:00:00,84.751,85.748,84.363,85.435,0
2016-03-05T19:00:00,85.384,85.467,85.294,85.331,0
2016-03-06T19:00:00,85.357,85.641,84.83,85.37,0
2016-03-07T19:00:00,85.391,85.391,83.824,83.966,0
2016-03-08T19:00:00,83.922,85.616,83.633,85.44,0
2016-03-09T19:00:00,85.467,86.125,84.088,84.586,0
2016-03-10T19:00:00,84.58,86.208,84.516,86.089,0
2016-03-12T19:00:00,86.108,86.108,85.806,85.93,0
2016-03-13T20:00:00,85.924,86.217,85.364,85.72,0
2016-03-14T20:00:00,85.724,85.837,84.155,84.663,0
2016-03-15T20:00:00,84.702,86.029,84.604,85.964,0
2016-03-16T20:00:00,85.935,86.221,84.975,85.719,0
2016-03-17T20:00:00,85.739,86.27,85.347,85.678,0
2016-03-19T20:00:00,85.637,85.667,85.349,85.393,0
2016-03-20T20:00:00,85.427,85.69,85.063,85.635,0
2016-03-21T20:00:00,85.632,86.193,84.787,85.99,0
2016-03-22T20:00:00,86.006,86.28,84.989,85.098,0
2016-03-23T20:00:00,85.105,85.346,84.549,85.151,0
2016-03-24T20:00:00,85.182,85.565,85.099,85.099,0
2016-03-26T20:00:00,85.191,85.487,85.142,85.462,0
2016-03-27T20:00:00,85.459,86.096,85.37,86.021,0
2016-03-28T20:00:00,86.0,86.487,85.844,86.232,0
2016-03-29T20:00:00,86.216,87.101,85.791,86.58,0
2016-03-30T20:00:00,86.565,87.444,86.282,86.599,0
2016-03-31T20:00:00,86.603,86.606,85.242,85.755,0
2016-04-02T20:00:00,85.647,85.753,85.597,85.65,0
2016-04-03T20:00:00,85.649,85.708,85.002,85.036,0
2016-04-04T20:00:00,85.059,85.086,83.518,83.967,0
2016-04-05T20:00:00,83.987,84.262,83.431,83.854,0
2016-04-06T20:00:00,83.873,84.028,81.695,82.511,0
2016-04-07T20:00:00,82.537,83.76,82.526,83.193,0
2016-04-09T20:00:00,83.131,83.436,83.089,83.418,0
2016-04-10T20:00:00,83.411,83.807,82.714,83.598,0
2016-04-11T20:00:00,83.609,85.133,83.536,85.113,0
2016-04-12T20:00:00,85.096,85.701,84.935,85.352,0
2016-04-13T20:00:00,85.348,85.415,84.76,85.119,0
2016-04-14T20:00:00,85.102,85.668,84.209,84.86,0
2016-04-16T20:00:00,83.554,83.693,83.182,83.251,0
2016-04-17T20:00:00,83.253,85.46,83.095,85.391,0
2016-04-18T20:00:00,85.371,86.523,85.199,86.001,0
2016-04-19T20:00:00,86.001,87.009,85.486,86.855,0
2016-04-20T20:00:00,86.828,86.932,85.892,86.003,0
2016-04-21T20:00:00,86.022,88.229,85.921,88.167,0
2016-04-23T20:00:00,88.309,88.354,87.928,87.943,0
2016-04-24T20:00:00,87.952,87.955,87.337,87.638,0
2016-04-25T20:00:00,87.641,88.433,87.285,88.175,0
2016-04-26T20:00:00,88.179,88.666,87.892,88.617,0
2016-04-27T20:00:00,88.61,88.787,85.648,86.118,0
2016-04-28T20:00:00,86.127,86.132,84.648,84.672,0
2016-04-30T20:00:00,84.595,85.023,84.585,84.836,0
2016-05-01T20:00:00,84.843,85.223,84.64,84.9,0
2016-05-02T20:00:00,84.911,84.918,83.553,83.963,0
2016-05-03T20:00:00,83.963,84.313,82.982,83.113,0
2016-05-04T20:00:00,83.124,83.729,83.081,83.499,0
2016-05-05T20:00:00,83.508,83.525,82.234,82.945,0
2016-05-07T20:00:00,82.73,83.055,82.695,83.003,0
2016-05-08T20:00:00,82.991,83.783,82.878,83.596,0
2016-05-09T20:00:00,83.61,84.689,83.462,84.536,0
2016-05-10T20:00:00,84.526,84.622,83.906,84.264,0
2016-05-11T20:00:00,84.288,85.446,84.16,84.928,0
2016-05-12T20:00:00,84.958,84.962,83.862,83.941,0
2016-05-14T20:00:00,83.884,83.927,83.691,83.861,0
2016-05-15T20:00:00,83.831,84.604,83.802,84.545,0
2016-05-16T20:00:00,84.544,85.212,84.124,84.437,0
2016-05-17T20:00:00,84.458,85.01,84.099,84.549,0
2016-05-18T20:00:00,84.587,84.59,83.474,83.964,0
2016-05-19T20:00:00,83.961,84.321,83.829,83.943,0
2016-05-21T20:00:00,83.839,84.017,83.787,83.813,0
2016-05-22T20:00:00,83.83,83.882,83.015,83.17,0
2016-05-23T20:00:00,83.175,84.0,82.89,83.899,0
2016-05-24T20:00:00,83.901,84.651,83.781,84.475,0
2016-05-25T20:00:00,84.463,85.163,84.008,84.533,0
2016-05-26T20:00:00,84.538,84.757,83.886,84.686,0
2016-05-28T20:00:00,84.676,84.921,84.632,84.876,0
2016-05-29T20:00:00,84.842,85.291,84.64,84.977,0
2016-05-30T20:00:00,84.993,85.498,84.135,84.594,0
2016-05-31T20:00:00,84.613,84.843,83.281,83.697,0
2016-06-01T20:00:00,83.666,83.704,82.658,83.108,0
2016-06-02T20:00:00,83.118,83.358,82.225,82.296,0
2016-06-04T20:00:00,82.194,82.482,82.1,82.307,0
2016-06-05T20:00:00,82.338,84.047,82.137,83.835,0
2016-06-06T20:00:00,83.807,84.423,83.632,84.073,0
2016-06-07T20:00:00,84.044,84.556,83.735,84.141,0
2016-06-08T20:00:00,84.18,84.318,83.424,84.109,0
2016-06-09T20:00:00,84.098,84.41,83.379,83.747,0
2016-06-11T20:00:00,83.54,83.59,83.199,83.304,0
2016-06-12T20:00:00,83.326,83.46,82.603,82.736,0
2016-06-13T20:00:00,82.749,82.944,82.134,82.458,0
2016-06-14T20:00:00,82.455,82.862,81.766,81.995,0
2016-06-15T20:00:00,81.979,81.983,79.299,81.132,0
2016-06-16T20:00:00,81.145,81.254,80.495,80.738,0
2016-06-18T20:00:00,81.476,81.573,81.21,81.404,0
2016-06-19T20:00:00,81.429,81.802,80.934,81.094,0
2016-06-20T20:00:00,81.075,82.041,80.896,81.754,0
2016-06-21T20:00:00,81.718,82.066,81.24,81.644,0
2016-06-22T20:00:00,81.63,83.798,80.087,81.788,0
2016-06-23T20:00:00,81.789,82.394,76.09,78.519,0
2016-06-25T20:00:00,77.857,78.537,77.857,78.436,0
2016-06-26T20:00:00,78.43,78.644,77.453,77.893,0
2016-06-27T20:00:00,77.897,78.919,77.714,78.833,0
2016-06-28T20:00:00,78.788,79.549,78.346,79.439,0
2016-06-29T20:00:00,79.448,79.94,78.79,79.526,0
2016-06-30T20:00:00,79.534,79.72,79.122,79.406,0
2016-07-02T20:00:00,79.448,79.486,79.319,79.347,0
2016-07-03T20:00:00,79.313,79.937,79.3,79.65,0
2016-07-04T20:00:00,79.638,79.652,77.689,77.771,0
2016-07-05T20:00:00,77.769,78.253,77.021,77.997,0
2016-07-06T20:00:00,77.969,78.434,77.289,77.501,0
2016-07-07T20:00:00,77.501,77.671,76.757,77.064,0
2016-07-09T20:00:00,77.086,77.214,76.972,77.15,0
2016-07-10T20:00:00,77.136,78.605,77.065,78.106,0
2016-07-11T20:00:00,78.119,80.809,78.065,80.168,0
2016-07-12T20:00:00,80.188,80.728,79.434,80.166,0
2016-07-13T20:00:00,80.196,81.995,80.12,81.432,0
2016-07-14T20:00:00,81.418,82.506,80.694,80.843,0
2016-07-16T20:00:00,81.355,81.874,81.253,81.326,0
2016-07-17T20:00:00,81.374,82.135,80.912,81.913,0
2016-07-18T20:00:00,81.879,81.93,81.202,81.443,0
2016-07-19T20:00:00,81.442,82.215,81.165,81.992,0
2016-07-20T20:00:00,81.977,82.267,80.641,80.903,0
2016-07-21T20:00:00,80.882,81.307,80.399,80.757,0
2016-07-23T20:00:00,80.815,80.996,80.703,80.891,0
2016-07-24T20:00:00,80.887,81.204,79.812,79.838,0
2016-07-25T20:00:00,79.843,79.867,78.644,79.568,0
2016-07-26T20:00:00,79.548,80.758,79.541,79.833,0
2016-07-27T20:00:00,79.866,80.137,78.56,79.69,0
2016-07-28T20:00:00,79.649,80.278,78.106,78.158,0
2016-07-30T20:00:00,78.431,78.588,78.228,78.339,0
2016-07-31T20:00:00,78.343,78.769,77.924,77.94,0
2016-08-01T20:00:00,77.941,78.257,76.766,77.106,0
2016-08-02T20:00:00,77.095,77.656,76.75,77.512,0
2016-08-03T20:00:00,77.495,77.805,77.291,77.733,0
2016-08-04T20:00:00,77.753,77.849,76.972,77.231,0
2016-08-06T20:00:00,77.295,77.555,77.231,77.394,0
2016-08-07T20:00:00,77.387,78.119,77.323,77.73,0
2016-08-08T20:00:00,77.733,77.817,77.439,77.687,0
2016-08-09T20:00:00,77.689,77.851,77.385,77.439,0
2016-08-10T20:00:00,77.444,78.725,77.364,78.391,0
2016-08-11T20:00:00,78.388,78.774,77.892,78.127,0
2016-08-13T20:00:00,78.086,78.238,78.071,78.12,0
2016-08-14T20:00:00,78.13,78.417,77.946,78.308,0
2016-08-15T20:00:00,78.302,78.318,77.598,77.836,0
2016-08-16T20:00:00,77.865,78.517,77.602,77.757,0
2016-08-17T20:00:00,77.754,78.48,77.569,78.349,0
2016-08-18T20:00:00,78.357,78.501,77.598,77.827,0
2016-08-20T20:00:00,78.118,78.191,77.9,77.994,0
2016-08-21T20:00:00,77.982,78.101,77.324,77.469,0
2016-08-22T20:00:00,77.482,77.878,77.362,77.611,0
2016-08-23T20:00:00,77.623,77.824,77.408,77.742,0
2016-08-24T20:00:00,77.74,77.867,77.649,77.853,0
2016-08-25T20:00:00,77.824,78.398,77.74,78.245,0
2016-08-27T20:00:00,78.515,78.54,78.267,78.28,0
2016-08-28T20:00:00,78.308,78.708,78.2,78.236,0
2016-08-29T20:00:00,78.231,78.858,78.179,78.599,0
2016-08-30T20:00:00,78.589,78.931,78.576,78.784,0
2016-08-31T20:00:00,78.781,79.2,78.591,78.837,0
2016-09-01T20:00:00,78.84,80.141,78.753,80.087,0
2016-09-03T20:00:00,80.063,80.14,79.955,79.962,0
2016-09-04T20:00:00,79.986,80.105,79.682,80.029,0
2016-09-05T20:00:00,80.048,80.297,78.792,79.045,0
2016-09-06T20:00:00,79.029,79.182,78.635,79.028,0
2016-09-07T20:00:00,79.021,79.381,78.577,79.15,0
2016-09-08T20:00:00,79.154,79.478,78.638,78.685,0
2016-09-10T20:00:00,78.622,78.686,78.314,78.51,0
2016-09-11T20:00:00,78.532,78.608,77.615,78.054,0
2016-09-12T20:00:00,78.071,78.158,77.501,77.873,0
2016-09-13T20:00:00,77.871,78.624,77.465,77.716,0
2016-09-14T20:00:00,77.711,77.965,77.154,77.495,0
2016-09-15T20:00:00,77.494,77.669,77.024,77.367,0
2016-09-17T20:00:00,77.28,77.568,77.215,77.494,0
2016-09-18T20:00:00,77.505,77.648,76.968,77.165,0
2016-09-19T20:00:00,77.179,77.29,76.769,77.064,0
2016-09-20T20:00:00,77.053,77.869,76.142,76.722,0
2016-09-21T20:00:00,76.733,77.511,76.562,77.258,0
2016-09-22T20:00:00,77.249,77.476,76.625,76.709,0
2016-09-24T20:00:00,76.676,76.773,76.628,76.719,0
2016-09-25T20:00:00,76.721,76.753,75.689,75.858,0
2016-09-26T20:00:00,75.867,76.678,75.389,76.058,0
2016-09-27T20:00:00,76.034,77.314,75.849,77.241,0
2016-09-28T20:00:00,77.251,77.83,76.48,76.923,0
2016-09-29T20:00:00,76.91,77.408,76.351,77.271,0
2016-10-01T20:00:00,77.097,77.324,77.08,77.303,0
2016-10-02T20:00:00,77.304,77.633,77.09,77.608,0
2016-10-03T20:00:00,77.618,78.167,77.603,77.936,0
2016-10-04T20:00:00,77.894,78.732,77.813,78.484,0
2016-10-05T20:00:00,78.483,78.869,78.354,78.442,0
2016-10-06T20:00:00,78.445,78.66,77.416,77.457,0
2016-10-08T20:00:00,77.835,77.869,77.662,77.749,0
2016-10-09T20:00:00,77.774,78.939,77.547,78.732,0
2016-10-10T20:00:00,78.744,78.913,77.744,78.106,0
2016-10-11T20:00:00,78.089,78.888,78.034,78.54,0
2016-10-12T20:00:00,78.55,78.733,77.946,78.548,0
2016-10-13T20:00:00,78.566,79.426,78.53,79.251,0
2016-10-15T20:00:00,79.346,79.409,79.145,79.149,0
2016-10-16T20:00:00,79.164,79.313,78.902,79.17,0
2016-10-17T20:00:00,79.163,79.647,79.065,79.218,0
2016-10-18T20:00:00,79.217,79.403,78.602,78.711,0
2016-10-19T20:00:00,78.734,78.934,78.426,78.687,0
2016-10-20T20:00:00,78.704,78.709,77.591,77.86,0
2016-10-22T20:00:00,77.889,77.914,77.768,77.811,0
2016-10-23T20:00:00,77.806,78.484,77.759,78.134,0
2016-10-24T20:00:00,78.136,78.638,77.922,77.993,0
2016-10-25T20:00:00,77.981,78.379,77.831,78.167,0
2016-10-26T20:00:00,78.175,78.714,77.873,78.584,0
2016-10-27T20:00:00,78.6,78.951,77.863,78.199,0
2016-10-29T20:00:00,77.822,78.055,77.816,77.987,0
2016-10-30T20:00:00,77.982,78.521,77.96,78.093,0
2016-10-31T20:00:00,78.1,78.529,77.518,77.696,0
2016-11-01T20:00:00,77.691,77.783,76.896,77.161,0
2016-11-02T20:00:00,77.167,77.215,76.622,76.937,0
2016-11-03T20:00:00,76.929,77.073,76.52,76.898,0
2016-11-05T20:00:00,77.754,78.132,77.572,77.941,0
2016-11-06T19:00:00,77.974,78.248,77.565,78.093,0
2016-11-07T19:00:00,78.097,79.188,77.888,78.933,0
2016-11-08T19:00:00,78.934,79.453,74.805,78.871,0
2016-11-09T19:00:00,78.891,79.588,78.281,79.26,0
2016-11-10T19:00:00,79.251,79.283,78.453,78.816,0
2016-11-12T19:00:00,79.053,79.092,78.91,79.0,0
2016-11-13T19:00:00,78.988,80.032,78.912,79.912,0
2016-11-14T19:00:00,79.921,81.231,79.652,80.985,0
2016-11-15T19:00:00,80.996,81.62,80.853,80.994,0
2016-11-16T19:00:00,80.991,81.673,80.797,81.423,0
2016-11-17T19:00:00,81.422,82.123,81.22,82.069,0
2016-11-19T19:00:00,82.194,82.26,82.094,82.105,0
2016-11-20T19:00:00,82.079,82.866,82.024,82.497,0
2016-11-21T19:00:00,82.523,82.965,82.247,82.603,0
2016-11-22T19:00:00,82.624,83.732,82.508,83.337,0
2016-11-23T19:00:00,83.311,84.085,83.191,83.929,0
2016-11-24T19:00:00,83.948,84.35,83.397,83.503,0
2016-11-26T19:00:00,83.612,83.612,83.265,83.296,0
2016-11-27T19:00:00,83.299,84.047,82.704,83.292,0
2016-11-28T19:00:00,83.324,84.228,83.313,83.713,0
2016-11-29T19:00:00,83.753,85.463,83.448,85.403,0
2016-11-30T19:00:00,85.408,86.004,85.01,85.575,0
2016-12-01T19:00:00,85.579,85.817,85.323,85.412,0
2016-12-03T19:00:00,84.967,85.233,84.58,85.166,0
2016-12-04T19:00:00,85.168,86.449,84.962,85.755,0
2016-12-05T19:00:00,85.783,86.102,85.527,85.882,0
2016-12-06T19:00:00,85.897,86.128,85.595,85.983,0
2016-12-07T19:00:00,86.015,86.518,85.61,86.411,0
2016-12-08T19:00:00,86.406,87.58,86.376,87.436,0
2016-12-10T19:00:00,87.706,88.085,87.641,87.874,0
2016-12-11T19:00:00,87.911,88.464,87.383,87.576,0
2016-12-12T19:00:00,87.581,87.995,87.459,87.699,0
2016-12-13T19:00:00,87.684,88.341,87.408,88.199,0
2016-12-14T19:00:00,88.217,88.908,88.063,88.665,0
2016-12-15T19:00:00,88.677,88.767,88.02,88.411,0
2016-12-17T19:00:00,88.406,88.443,88.249,88.286,0
2016-12-18T19:00:00,88.287,88.307,86.951,87.28,0
2016-12-19T19:00:00,87.312,88.262,87.269,88.105,0
2016-12-20T19:00:00,88.101,88.228,87.34,87.556,0
2016-12-21T19:00:00,87.552,87.652,86.879,87.149,0
2016-12-22T19:00:00,87.163,87.17,86.444,86.641,0
2016-12-24T19:00:00,86.566,86.772,86.56,86.746,0
2016-12-25T19:00:00,86.749,86.749,86.438,86.628,0
2016-12-26T19:00:00,86.629,86.852,86.446,86.518,0
2016-12-27T19:00:00,86.524,86.798,86.182,86.388,0
2016-12-28T19:00:00,86.351,86.461,85.955,86.278,0
2016-12-29T19:00:00,86.294,87.105,86.232,86.992,0
2017-01-01T19:00:00,86.951,87.684,86.93,87.37,0
2017-01-02T19:00:00,87.401,88.234,87.289,87.629,0
2017-01-03T19:00:00,87.655,88.418,87.574,88.068,0
2017-01-04T19:00:00,88.03,88.044,86.992,87.166,0
2017-01-05T19:00:00,87.13,88.516,87.097,88.355,0
2017-01-07T19:00:00,88.314,88.477,88.307,88.462,0
2017-01-08T19:00:00,88.471,88.641,87.49,87.749,0
2017-01-09T19:00:00,87.751,87.862,87.226,87.462,0
2017-01-10T19:00:00,87.472,88.194,86.979,87.416,0
2017-01-11T19:00:00,87.413,87.618,86.573,87.179,0
2017-01-12T19:00:00,87.189,87.738,86.997,87.239,0
2017-01-14T19:00:00,87.081,87.151,86.907,86.99,0
2017-01-15T19:00:00,87.004,87.12,86.475,86.623,0
2017-01-16T19:00:00,86.614,86.945,86.234,86.406,0
2017-01-17T19:00:00,86.425,86.831,85.671,86.461,0
2017-01-18T19:00:00,86.479,86.758,86.1,86.258,0
2017-01-19T19:00:00,86.27,86.379,85.801,85.991,0
2017-01-21T19:00:00,85.805,85.839,85.471,85.531,0
2017-01-22T19:00:00,85.535,85.663,84.79,85.177,0
2017-01-23T19:00:00,85.187,86.613,85.158,86.53,0
2017-01-24T19:00:00,86.546,87.088,86.299,86.659,0
2017-01-25T19:00:00,86.657,87.584,86.561,87.393,0
2017-01-26T19:00:00,87.411,87.959,87.37,87.499,0
2017-01-28T19:00:00,87.409,87.504,87.252,87.305,0
2017-01-29T19:00:00,87.32,87.369,86.55,86.74,0
2017-01-30T19:00:00,86.719,86.941,86.105,86.473,0
2017-01-31T19:00:00,86.462,87.118,86.332,86.81,0
2017-02-01T19:00:00,86.797,86.907,86.191,86.572,0
2017-02-02T19:00:00,86.545,86.892,86.339,86.379,0
2017-02-04T19:00:00,86.284,86.526,86.232,86.504,0
2017-02-05T19:00:00,86.49,86.555,85.158,85.449,0
2017-02-06T19:00:00,85.43,85.506,84.89,85.175,0
2017-02-07T19:00:00,85.171,85.399,84.849,85.151,0
2017-02-08T19:00:00,85.13,86.351,85.098,86.32,0
2017-02-09T19:00:00,86.335,86.926,86.217,86.515,0
2017-02-11T19:00:00,86.692,86.873,86.669,86.829,0
2017-02-12T19:00:00,86.822,87.15,86.74,86.952,0
2017-02-13T19:00:00,86.95,87.509,86.781,87.351,0
2017-02-14T19:00:00,87.351,87.717,87.085,87.306,0
2017-02-15T19:00:00,87.32,87.348,86.498,86.646,0
2017-02-16T19:00:00,86.655,86.863,85.899,86.207,0
2017-02-18T19:00:00,86.163,86.296,86.151,86.252,0
2017-02-19T19:00:00,86.249,86.521,86.124,86.419,0
2017-02-20T19:00:00,86.404,86.567,86.207,86.454,0
2017-02-21T19:00:00,86.437,86.594,85.466,86.133,0
2017-02-22T19:00:00,86.144,86.251,85.854,86.0,0
2017-02-23T19:00:00,85.983,86.167,85.411,85.572,0
2017-02-25T19:00:00,85.567,85.686,85.464,85.488,0
2017-02-26T19:00:00,85.497,85.785,85.339,85.476,0
2017-02-27T19:00:00,85.473,85.506,84.174,84.934,0
2017-02-28T19:00:00,84.933,85.652,84.837,85.438,0
2017-03-01T19:00:00,85.432,85.636,85.287,85.391,0
2017-03-02T19:00:00,85.396,85.454,85.08,85.269,0
2017-03-04T19:00:00,85.186,85.285,85.017,85.035,0
2017-03-05T19:00:00,85.038,85.059,84.792,84.983,0
2017-03-06T19:00:00,84.989,85.122,84.875,84.925,0
2017-03-07T19:00:00,84.913,85.206,84.675,84.806,0
2017-03-08T19:00:00,84.802,85.253,84.638,85.234,0
2017-03-09T19:00:00,85.231,85.89,85.146,85.236,0
2017-03-11T19:00:00,85.192,85.342,85.187,85.243,0
2017-03-12T20:00:00,85.242,85.45,85.109,85.415,0
2017-03-13T20:00:00,85.405,85.561,84.887,85.101,0
2017-03-14T20:00:00,85.089,85.397,84.763,85.27,0
2017-03-15T20:00:00,85.277,85.328,84.772,85.072,0
2017-03-16T20:00:00,85.082,85.196,84.145,84.453,0
2017-03-18T20:00:00,84.395,84.583,84.303,84.487,0
2017-03-19T20:00:00,84.49,84.612,84.207,84.371,0
2017-03-20T20:00:00,84.376,84.782,83.419,83.475,0
2017-03-21T20:00:00,83.485,83.637,82.632,83.515,0
2017-03-22T20:00:00,83.485,83.705,82.918,83.131,0
2017-03-23T20:00:00,83.122,83.401,82.68,83.147,0
2017-03-25T20:00:00,82.938,83.14,82.83,82.921,0
2017-03-26T20:00:00,82.912,82.926,82.231,82.725,0
2017-03-27T20:00:00,82.723,83.145,82.29,83.126,0
2017-03-28T20:00:00,83.111,83.37,82.742,83.359,0
2017-03-29T20:00:00,83.348,83.918,83.19,83.799,0
2017-03-30T20:00:00,83.791,84.192,83.499,83.589,0
2017-04-01T20:00:00,83.623,83.74,83.467,83.48,0
2017-04-02T20:00:00,83.485,83.722,82.676,82.676,0
2017-04-03T20:00:00,82.69,82.783,82.001,82.694,0
2017-04-04T20:00:00,82.696,83.171,82.13,82.152,0
2017-04-05T20:00:00,82.14,82.867,82.072,82.615,0
2017-04-06T20:00:00,82.62,83.047,82.091,82.843,0
2017-04-08T20:00:00,82.799,83.047,82.767,82.938,0
2017-04-09T20:00:00,82.935,83.363,82.904,83.074,0
2017-04-10T20:00:00,83.085,83.199,82.11,82.199,0
2017-04-11T20:00:00,82.204,82.683,82.002,82.202,0
2017-04-12T20:00:00,82.213,82.62,81.771,81.798,0
2017-04-13T20:00:00,81.793,81.959,81.432,81.471,0
2017-04-15T20:00:00,81.612,81.704,81.299,81.337,0
2017-04-16T20:00:00,81.357,81.899,81.251,81.883,0
2017-04-17T20:00:00,81.902,81.943,80.91,81.093,0
2017-04-18T20:00:00,81.088,81.223,80.567,80.704,0
2017-04-19T20:00:00,80.708,81.225,80.691,81.158,0
2017-04-20T20:00:00,81.153,81.234,80.557,80.847,0
2017-04-22T20:00:00,81.824,81.932,81.519,81.576,0
2017-04-23T20:00:00,81.576,82.2,80.854,80.895,0
2017-04-24T20:00:00,80.898,81.93,80.898,81.822,0
2017-04-25T20:00:00,81.813,82.381,81.4,81.614,0
2017-04-26T20:00:00,81.611,82.197,81.267,81.611,0
2017-04-27T20:00:00,81.603,81.862,81.346,81.623,0
2017-04-29T20:00:00,81.518,81.61,81.467,81.584,0
2017-04-30T20:00:00,81.58,81.941,81.521,81.763,0
2017-05-01T20:00:00,81.769,82.234,81.476,81.679,0
2017-05-02T20:00:00,81.674,82.219,81.581,82.16,0
2017-05-03T20:00:00,82.156,82.448,81.546,81.821,0
2017-05-04T20:00:00,81.814,82.661,81.297,82.559,0
2017-05-06T20:00:00,82.629,82.693,82.381,82.406,0
2017-05-07T20:00:00,82.415,82.736,82.068,82.673,0
2017-05-08T20:00:00,82.674,83.303,82.605,82.923,0
2017-05-09T20:00:00,82.915,83.727,82.905,83.372,0
2017-05-10T20:00:00,83.349,83.426,82.565,83.048,0
2017-05-11T20:00:00,83.075,83.131,82.461,82.651,0
2017-05-13T20:00:00,82.607,82.634,82.525,82.55,0
2017-05-14T20:00:00,82.545,83.453,82.529,83.359,0
2017-05-15T20:00:00,83.364,83.513,82.712,82.765,0
2017-05-16T20:00:00,82.762,82.805,81.288,81.647,0
2017-05-17T20:00:00,81.66,82.009,80.641,81.894,0
2017-05-18T20:00:00,81.893,82.439,81.661,82.327,0
2017-05-20T20:00:00,82.129,82.367,82.08,82.308,0
2017-05-21T20:00:00,82.306,82.555,82.152,82.178,0
2017-05-22T20:00:00,82.199,82.827,82.181,82.781,0
2017-05-23T20:00:00,82.765,83.398,82.566,83.142,0
2017-05-24T20:00:00,83.159,83.472,82.819,82.847,0
2017-05-25T20:00:00,82.832,82.944,82.364,82.747,0
2017-05-27T20:00:00,82.646,82.756,82.605,82.677,0
2017-05-28T20:00:00,82.709,82.868,82.49,82.506,0
2017-05-29T20:00:00,82.52,82.547,82.182,82.269,0
2017-05-30T20:00:00,82.284,82.611,81.745,82.115,0
2017-05-31T20:00:00,82.128,82.593,82.088,82.439,0
2017-06-01T20:00:00,82.442,82.685,81.61,81.852,0
2017-06-03T20:00:00,81.761,81.913,81.756,81.821,0
2017-06-04T20:00:00,81.836,82.11,81.719,81.895,0
2017-06-05T20:00:00,81.904,81.942,81.069,81.403,0
2017-06-06T20:00:00,81.402,81.58,80.856,81.34,0
2017-06-07T20:00:00,81.339,81.763,80.958,81.233,0
2017-06-08T20:00:00,81.26,82.432,81.24,81.923,0
2017-06-10T20:00:00,81.923,82.044,81.923,81.962,0
2017-06-11T20:00:00,81.976,82.579,81.396,82.567,0
2017-06-12T20:00:00,82.564,83.298,82.548,83.108,0
2017-06-13T20:00:00,83.11,83.618,82.377,82.637,0
2017-06-14T20:00:00,82.621,83.711,82.553,83.71,0
2017-06-15T20:00:00,83.707,84.227,83.477,83.883,0
2017-06-17T20:00:00,83.847,83.971,83.748,83.967,0
2017-06-18T20:00:00,83.96,84.478,83.772,84.431,0
2017-06-19T20:00:00,84.445,84.539,83.821,83.883,0
2017-06-20T20:00:00,83.888,84.089,83.406,83.522,0
2017-06-21T20:00:00,83.534,84.311,83.191,84.101,0
2017-06-22T20:00:00,84.109,84.233,83.589,83.827,0
2017-06-24T20:00:00,83.718,83.886,83.715,83.876,0
2017-06-25T20:00:00,83.881,84.477,83.844,84.367,0
2017-06-26T20:00:00,84.382,85.332,84.21,85.087,0
2017-06-27T20:00:00,85.068,86.32,85.0,86.154,0
2017-06-28T20:00:00,86.138,86.716,85.841,86.183,0
2017-06-29T20:00:00,86.181,86.856,86.061,86.683,0
2017-07-01T20:00:00,86.407,86.611,86.406,86.484,0
2017-07-02T20:00:00,86.503,87.272,86.454,87.263,0
2017-07-03T20:00:00,87.265,87.637,86.775,87.331,0
2017-07-04T20:00:00,87.347,87.751,86.919,87.323,0
2017-07-05T20:00:00,87.333,87.673,87.012,87.169,0
2017-07-06T20:00:00,87.175,88.694,87.163,88.441,0
2017-07-08T20:00:00,88.365,88.543,88.336,88.461,0
2017-07-09T20:00:00,88.454,88.707,88.222,88.441,0
2017-07-10T20:00:00,88.443,88.824,88.003,88.089,0
2017-07-11T20:00:00,88.11,89.318,87.403,88.877,0
2017-07-12T20:00:00,88.871,89.146,88.572,89.1,0
2017-07-13T20:00:00,89.104,89.18,88.229,88.915,0
2017-07-15T20:00:00,88.905,89.014,88.832,88.9,0
2017-07-16T20:00:00,88.916,89.241,88.648,88.672,0
2017-07-17T20:00:00,88.674,89.03,88.269,88.633,0
2017-07-18T20:00:00,88.634,88.885,88.499,88.775,0
2017-07-19T20:00:00,88.759,89.211,88.475,88.802,0
2017-07-20T20:00:00,88.807,89.0,88.43,88.615,0
2017-07-22T20:00:00,88.547,88.628,88.475,88.493,0
2017-07-23T20:00:00,88.488,88.931,88.155,88.929,0
2017-07-24T20:00:00,88.922,89.556,88.639,89.534,0
2017-07-25T20:00:00,89.553,89.713,89.106,89.261,0
2017-07-26T20:00:00,89.275,89.564,88.326,88.578,0
2017-07-27T20:00:00,88.585,89.371,88.319,89.023,0
2017-07-29T20:00:00,88.86,88.976,88.642,88.656,0
2017-07-30T20:00:00,88.655,88.861,88.151,88.218,0
2017-07-31T20:00:00,88.223,88.633,87.857,87.997,0
2017-08-01T20:00:00,88.008,88.287,87.703,88.083,0
2017-08-02T20:00:00,88.075,88.096,87.34,87.413,0
2017-08-03T20:00:00,87.411,88.014,87.401,87.451,0
2017-08-05T20:00:00,87.434,87.699,87.426,87.622,0
2017-08-06T20:00:00,87.612,87.683,87.179,87.364,0
2017-08-07T20:00:00,87.352,87.485,86.872,86.872,0
2017-08-08T20:00:00,86.873,86.9,86.323,86.662,0
2017-08-09T20:00:00,86.651,86.756,85.609,85.632,0
2017-08-10T20:00:00,85.639,86.259,85.457,86.052,0
2017-08-12T20:00:00,86.106,86.189,86.012,86.189,0
2017-08-13T20:00:00,86.181,86.468,86.096,86.344,0
2017-08-14T20:00:00,86.348,86.856,86.334,86.695,0
2017-08-15T20:00:00,86.7,87.363,86.654,87.115,0
2017-08-16T20:00:00,87.104,87.337,86.119,86.171,0
2017-08-17T20:00:00,86.173,87.255,86.043,86.808,0
2017-08-19T20:00:00,86.848,86.921,86.794,86.853,0
2017-08-20T20:00:00,86.838,86.87,86.314,86.761,0
2017-08-21T20:00:00,86.801,87.359,86.755,87.3,0
2017-08-22T20:00:00,87.302,87.339,86.552,86.806,0
2017-08-23T20:00:00,86.807,87.605,86.806,87.504,0
2017-08-24T20:00:00,87.487,87.742,87.311,87.576,0
2017-08-26T20:00:00,87.465,87.667,87.465,87.633,0
2017-08-27T20:00:00,87.639,87.848,86.429,86.872,0
2017-08-28T20:00:00,86.888,87.719,86.712,87.694,0
2017-08-29T20:00:00,87.72,87.929,87.181,87.451,0
2017-08-30T20:00:00,87.453,88.27,87.304,88.261,0
2017-08-31T20:00:00,88.241,89.068,88.092,88.956,0
2017-09-02T20:00:00,88.168,88.73,88.164,88.691,0
2017-09-03T20:00:00,88.692,88.771,88.127,88.42,0
2017-09-04T20:00:00,88.4,88.422,87.686,87.785,0
2017-09-05T20:00:00,87.789,89.774,87.537,89.2,0
2017-09-06T20:00:00,89.191,89.629,88.986,89.397,0
2017-09-07T20:00:00,89.378,89.649,88.553,88.743,0
2017-09-09T20:00:00,88.941,89.242,88.923,89.062,0
2017-09-10T20:00:00,89.084,90.358,89.01,90.332,0
2017-09-11T20:00:00,90.34,90.654,90.196,90.512,0
2017-09-12T20:00:00,90.505,90.848,90.368,90.788,0
2017-09-13T20:00:00,90.796,90.996,89.979,90.366,0
2017-09-14T20:00:00,90.354,91.625,90.338,90.863,0
2017-09-16T20:00:00,91.001,91.163,90.998,91.12,0
2017-09-17T20:00:00,91.117,91.477,90.4,90.755,0
2017-09-18T20:00:00,90.752,91.048,90.472,90.749,0
2017-09-19T20:00:00,90.761,91.306,90.624,91.16,0
2017-09-20T20:00:00,91.157,91.266,90.759,91.223,0
2017-09-21T20:00:00,91.219,91.44,90.657,90.747,0
2017-09-23T20:00:00,90.895,91.091,90.833,91.058,0
2017-09-24T20:00:00,91.076,91.189,90.136,90.314,0
2017-09-25T20:00:00,90.302,90.974,90.05,90.872,0
2017-09-26T20:00:00,90.896,91.45,90.311,90.418,0
2017-09-27T20:00:00,90.414,90.559,90.174,90.426,0
2017-09-28T20:00:00,90.438,90.635,89.823,90.095,0
2017-09-30T20:00:00,90.053,90.349,90.015,90.304,0
2017-10-01T20:00:00,90.297,90.399,89.977,90.076,0
2017-10-02T20:00:00,90.079,90.462,90.01,90.341,0
2017-10-03T20:00:00,90.328,90.452,90.133,90.378,0
2017-10-04T20:00:00,90.378,90.439,89.603,89.721,0
2017-10-05T20:00:00,89.721,90.281,89.624,89.863,0
2017-10-07T20:00:00,89.745,89.844,89.593,89.754,0
2017-10-08T20:00:00,89.756,89.887,89.696,89.73,0
2017-10-09T20:00:00,89.736,90.017,89.619,89.779,0
2017-10-10T20:00:00,89.778,90.331,89.577,90.295,0
2017-10-11T20:00:00,90.29,90.337,89.91,89.942,0
2017-10-12T20:00:00,89.953,90.012,89.362,89.657,0
2017-10-14T20:00:00,89.524,89.691,89.524,89.634,0
2017-10-15T20:00:00,89.645,89.775,88.985,89.551,0
2017-10-16T20:00:00,89.568,89.792,89.192,89.767,0
2017-10-17T20:00:00,89.761,90.712,89.704,90.636,0
2017-10-18T20:00:00,90.633,90.761,90.017,90.266,0
2017-10-19T20:00:00,90.263,90.749,89.777,89.875,0
2017-10-21T20:00:00,90.147,90.276,90.075,90.236,0
2017-10-22T20:00:00,90.227,90.241,89.554,89.645,0
2017-10-23T20:00:00,89.658,90.115,89.561,89.901,0
2017-10-24T20:00:00,89.895,90.091,88.579,88.741,0
2017-10-25T20:00:00,88.741,89.004,88.521,88.792,0
2017-10-26T20:00:00,88.79,88.813,88.179,88.689,0
2017-10-28T20:00:00,88.664,88.705,88.595,88.618,0
2017-10-29T20:00:00,88.603,88.689,88.039,88.095,0
2017-10-30T20:00:00,88.108,88.266,87.772,88.14,0
2017-10-31T20:00:00,88.137,88.766,88.109,88.673,0
2017-11-01T20:00:00,88.688,89.089,88.578,89.005,0
2017-11-02T20:00:00,89.01,89.603,88.733,89.372,0
2017-11-04T20:00:00,89.304,89.464,89.295,89.446,0
2017-11-05T19:00:00,89.449,89.793,89.245,89.465,0
2017-11-06T19:00:00,89.455,89.718,88.964,89.104,0
2017-11-07T19:00:00,89.111,89.528,89.02,89.484,0
2017-11-08T19:00:00,89.477,89.6,89.068,89.389,0
2017-11-09T19:00:00,89.392,89.624,89.226,89.493,0
2017-11-11T19:00:00,89.412,89.587,89.387,89.557,0
2017-11-12T19:00:00,89.559,89.599,89.06,89.18,0
2017-11-13T19:00:00,89.185,89.355,88.763,89.02,0
2017-11-14T19:00:00,89.022,89.046,88.039,88.309,0
2017-11-15T19:00:00,88.306,88.788,88.306,88.591,0
2017-11-16T19:00:00,88.59,88.599,87.494,87.783,0
2017-11-18T19:00:00,87.78,87.817,87.482,87.541,0
2017-11-19T19:00:00,87.537,88.038,87.444,87.823,0
2017-11-20T19:00:00,87.821,88.153,87.632,87.932,0
2017-11-21T19:00:00,87.928,87.983,87.467,87.564,0
2017-11-22T19:00:00,87.566,87.748,87.37,87.498,0
2017-11-23T19:00:00,87.492,87.89,87.39,87.657,0
2017-11-25T19:00:00,87.692,87.835,87.69,87.797,0
2017-11-26T19:00:00,87.791,87.798,86.938,87.088,0
2017-11-27T19:00:00,87.099,87.225,86.745,87.097,0
2017-11-28T19:00:00,87.091,87.211,86.777,87.05,0
2017-11-29T19:00:00,87.059,87.372,86.795,87.304,0
2017-11-30T19:00:00,87.294,88.602,87.137,88.38,0
2017-12-02T19:00:00,88.703,88.871,88.649,88.74,0
2017-12-03T19:00:00,88.733,89.232,88.557,88.72,0
2017-12-04T19:00:00,88.733,89.213,88.565,88.573,0
2017-12-05T19:00:00,88.594,88.71,87.656,87.813,0
2017-12-06T19:00:00,87.816,88.057,87.489,88.031,0
2017-12-07T19:00:00,88.025,88.499,87.951,88.279,0
2017-12-09T19:00:00,88.268,88.356,88.241,88.282,0
2017-12-10T19:00:00,88.267,88.439,88.035,88.32,0
2017-12-11T19:00:00,88.321,88.513,87.972,88.204,0
2017-12-12T19:00:00,88.198,88.252,87.647,87.955,0
2017-12-13T19:00:00,87.952,88.18,87.512,87.823,0
2017-12-14T19:00:00,87.827,88.1,87.319,87.464,0
2017-12-16T19:00:00,87.485,87.555,87.478,87.537,0
2017-12-17T19:00:00,87.544,87.691,87.311,87.478,0
2017-12-18T19:00:00,87.484,87.77,87.408,87.72,0
2017-12-19T19:00:00,87.717,88.424,87.705,88.276,0
2017-12-20T19:00:00,88.282,89.319,88.246,88.933,0
2017-12-21T19:00:00,88.921,89.269,88.587,88.978,0
2017-12-23T19:00:00,88.907,89.002,88.907,88.959,0
2017-12-24T19:00:00,88.95,89.092,88.812,89.085,0
2017-12-25T19:00:00,89.083,89.243,88.998,89.205,0
2017-12-26T19:00:00,89.204,89.715,89.171,89.518,0
2017-12-27T19:00:00,89.511,89.859,89.368,89.817,0
2017-12-28T19:00:00,89.828,90.023,89.482,89.525,0
2017-12-31T19:00:00,89.466,89.823,89.336,89.794,0
2018-01-01T19:00:00,89.805,89.953,89.365,89.74,0
2018-01-02T19:00:00,89.753,89.799,89.504,89.737,0
2018-01-03T19:00:00,89.741,90.325,89.739,90.29,0
2018-01-04T19:00:00,90.275,91.566,90.211,91.059,0
2018-01-06T19:00:00,91.106,91.29,91.047,91.281,0
2018-01-07T19:00:00,91.274,91.358,90.788,91.122,0
2018-01-08T19:00:00,91.126,91.142,90.119,90.391,0
2018-01-09T19:00:00,90.392,90.394,88.642,88.917,0
2018-01-10T19:00:00,88.9,89.121,88.539,88.852,0
2018-01-11T19:00:00,88.859,89.147,88.627,89.074,0
2018-01-13T19:00:00,89.068,89.314,89.003,89.173,0
2018-01-14T19:00:00,89.174,89.209,88.81,88.988,0
2018-01-15T19:00:00,88.989,89.302,88.601,88.83,0
2018-01-16T19:00:00,88.83,89.618,88.205,89.474,0
2018-01-17T19:00:00,89.456,89.538,88.866,89.449,0
2018-01-18T19:00:00,89.431,89.471,88.496,88.647,0
2018-01-20T19:00:00,88.575,88.678,88.545,88.633,0
2018-01-21T19:00:00,88.645,89.196,88.589,89.105,0
2018-01-22T19:00:00,89.103,89.223,88.393,88.683,0
2018-01-23T19:00:00,88.687,88.886,88.182,88.5,0
2018-01-24T19:00:00,88.502,88.708,88.105,88.58,0
2018-01-25T19:00:00,88.565,88.832,87.873,88.124,0
2018-01-27T19:00:00,88.179,88.235,88.062,88.191,0
2018-01-28T19:00:00,88.208,88.49,87.976,88.3,0
2018-01-29T19:00:00,88.31,88.364,87.785,88.137,0
2018-01-30T19:00:00,88.135,89.041,88.134,88.728,0
2018-01-31T19:00:00,88.725,89.267,88.689,89.222,0
2018-02-01T19:00:00,89.228,89.421,88.588,88.637,0
2018-02-03T19:00:00,88.542,88.63,88.421,88.477,0
2018-02-04T19:00:00,88.478,88.64,86.966,86.994,0
2018-02-05T19:00:00,87.023,87.779,86.333,87.65,0
2018-02-06T19:00:00,87.645,87.672,86.824,86.845,0
2018-02-07T19:00:00,86.854,87.367,86.146,86.213,0
2018-02-08T19:00:00,86.189,86.76,85.546,86.458,0
2018-02-10T19:00:00,86.426,86.482,86.288,86.415,0
2018-02-11T19:00:00,86.405,86.561,85.981,86.401,0
2018-02-12T19:00:00,86.369,86.414,85.168,85.586,0
2018-02-13T19:00:00,85.588,85.735,84.656,85.345,0
2018-02-14T19:00:00,85.378,85.536,84.745,84.986,0
2018-02-15T19:00:00,84.979,85.156,84.472,84.658,0
2018-02-17T19:00:00,84.611,84.642,84.541,84.606,0
2018-02-18T19:00:00,84.622,84.966,84.604,84.897,0
2018-02-19T19:00:00,84.896,85.107,84.778,84.889,0
2018-02-20T19:00:00,84.866,85.249,84.674,84.7,0
2018-02-21T19:00:00,84.711,84.83,83.829,84.012,0
2018-02-22T19:00:00,84.012,84.602,83.96,84.481,0
2018-02-24T19:00:00,84.633,84.714,84.549,84.641,0
2018-02-25T19:00:00,84.639,84.645,84.095,84.39,0
2018-02-26T19:00:00,84.392,84.47,83.989,84.098,0
2018-02-27T19:00:00,84.118,84.178,83.018,83.065,0
2018-02-28T19:00:00,83.082,83.637,82.495,82.726,0
2018-03-01T19:00:00,82.725,82.878,81.657,82.026,0
2018-03-03T19:00:00,81.855,82.019,81.772,81.89,0
2018-03-04T19:00:00,81.896,82.0,81.364,81.838,0
2018-03-05T19:00:00,81.848,82.549,81.391,81.523,0
2018-03-06T19:00:00,81.521,82.315,81.405,82.265,0
2018-03-07T19:00:00,82.253,82.531,81.862,82.503,0
2018-03-08T19:00:00,82.496,83.423,82.42,83.351,0
2018-03-10T19:00:00,83.243,83.473,83.189,83.414,0
2018-03-11T20:00:00,83.408,83.479,82.723,82.739,0
2018-03-12T20:00:00,82.752,83.429,82.007,82.201,0
2018-03-13T20:00:00,82.213,82.418,81.748,81.93,0
2018-03-14T20:00:00,81.937,81.963,81.135,81.427,0
2018-03-15T20:00:00,81.423,81.431,80.667,80.921,0
2018-03-17T20:00:00,80.983,80.986,80.869,80.908,0
2018-03-18T20:00:00,80.916,81.411,80.531,81.022,0
2018-03-19T20:00:00,81.039,81.59,80.997,81.422,0
2018-03-20T20:00:00,81.432,82.395,81.398,82.13,0
2018-03-21T20:00:00,82.105,82.366,80.898,81.158,0
2018-03-22T20:00:00,81.165,82.049,81.045,81.197,0
2018-03-24T20:00:00,81.127,81.417,81.115,81.376,0
2018-03-25T20:00:00,81.373,82.205,81.289,82.205,0
2018-03-26T20:00:00,82.196,82.43,81.672,81.864,0
2018-03-27T20:00:00,81.867,82.824,81.683,82.664,0
2018-03-28T20:00:00,82.657,82.762,82.287,82.604,0
2018-03-29T20:00:00,82.604,82.621,82.304,82.373,0
2018-03-31T20:00:00,82.308,82.564,82.289,82.441,0
2018-04-01T20:00:00,82.441,82.664,81.62,81.858,0
2018-04-02T20:00:00,81.874,83.327,81.829,83.095,0
2018-04-03T20:00:00,83.109,83.727,82.548,83.711,0
2018-04-04T20:00:00,83.71,84.25,83.59,83.857,0
2018-04-05T20:00:00,83.839,84.226,83.518,83.696,0
2018-04-07T20:00:00,83.691,83.831,83.59,83.654,0
2018-04-08T20:00:00,83.64,84.379,83.569,84.022,0
2018-04-09T20:00:00,84.012,85.237,83.912,85.047,0
2018-04-10T20:00:00,85.042,85.112,84.566,84.975,0
2018-04-11T20:00:00,84.974,85.307,84.687,85.185,0
2018-04-12T20:00:00,85.196,85.746,85.006,85.077,0
2018-04-14T20:00:00,85.23,85.357,85.224,85.298,0
2018-04-15T20:00:00,85.286,85.312,84.893,85.169,0
2018-04-16T20:00:00,85.176,85.407,85.048,85.205,0
2018-04-17T20:00:00,85.216,85.425,84.663,85.005,0
2018-04-18T20:00:00,84.993,85.289,84.662,84.812,0
2018-04-19T20:00:00,84.811,85.153,84.311,84.355,0
2018-04-21T20:00:00,84.432,84.487,84.325,84.472,0
2018-04-22T20:00:00,84.459,84.71,84.37,84.664,0
2018-04-23T20:00:00,84.662,85.153,84.564,84.843,0
2018-04-24T20:00:00,84.856,85.257,84.651,85.192,0
2018-04-25T20:00:00,85.183,85.298,84.85,84.9,0
2018-04-26T20:00:00,84.905,85.032,84.741,84.964,0
2018-04-28T20:00:00,84.9,85.01,84.871,84.937,0
2018-04-29T20:00:00,84.936,85.375,84.9,85.171,0
2018-04-30T20:00:00,85.172,85.554,84.961,85.522,0
2018-05-01T20:00:00,85.514,85.727,85.218,85.241,0
2018-05-02T20:00:00,85.24,85.42,84.461,84.884,0
2018-05-03T20:00:00,84.905,85.008,84.358,84.848,0
2018-05-05T20:00:00,84.902,84.958,84.82,84.875,0
2018-05-06T20:00:00,84.893,84.991,84.497,84.565,0
2018-05-07T20:00:00,84.568,84.592,83.88,84.195,0
2018-05-08T20:00:00,84.2,85.493,84.143,85.468,0
2018-05-09T20:00:00,85.469,86.049,85.382,85.688,0
2018-05-10T20:00:00,85.703,85.858,85.397,85.431,0
2018-05-12T20:00:00,85.417,85.549,85.373,85.514,0
2018-05-13T20:00:00,85.526,85.86,85.459,85.703,0
2018-05-14T20:00:00,85.717,85.912,85.303,85.666,0
2018-05-15T20:00:00,85.68,86.326,85.569,86.318,0
2018-05-16T20:00:00,86.315,86.775,86.241,86.34,0
2018-05-17T20:00:00,86.35,86.721,85.756,85.941,0
2018-05-19T20:00:00,86.065,86.112,86.015,86.098,0
2018-05-20T20:00:00,86.097,86.896,86.092,86.859,0
2018-05-21T20:00:00,86.857,87.09,86.376,86.383,0
2018-05-22T20:00:00,86.386,86.481,84.911,85.586,0
2018-05-23T20:00:00,85.602,85.602,84.426,84.815,0
2018-05-24T20:00:00,84.822,85.114,84.035,84.278,0
2018-05-26T20:00:00,84.591,84.682,84.44,84.451,0
2018-05-27T20:00:00,84.462,84.574,83.969,84.187,0
2018-05-28T20:00:00,84.192,84.201,82.984,83.186,0
2018-05-29T20:00:00,83.208,84.935,83.178,84.31,0
2018-05-30T20:00:00,84.305,84.952,83.561,84.023,0
2018-05-31T20:00:00,84.019,84.627,83.983,84.458,0
2018-06-02T20:00:00,84.439,84.589,84.438,84.584,0
2018-06-03T20:00:00,84.56,85.079,84.547,85.074,0
2018-06-04T20:00:00,85.08,85.111,84.051,84.895,0
2018-06-05T20:00:00,84.929,85.63,84.799,85.053,0
2018-06-06T20:00:00,85.042,85.158,84.245,84.492,0
2018-06-07T20:00:00,84.499,84.741,83.845,84.74,0
2018-06-09T20:00:00,84.083,84.405,84.078,84.389,0
2018-06-10T20:00:00,84.395,85.019,84.323,84.985,0
2018-06-11T20:00:00,84.971,85.006,84.668,84.848,0
2018-06-12T20:00:00,84.946,85.001,84.859,84.963,0
2018-06-13T20:00:00,84.947,85.021,84.688,84.806,0
2018-06-14T20:00:00,84.338,84.454,83.704,83.812,0
2018-06-16T20:00:00,83.89,83.928,83.762,83.821,0
2018-06-17T20:00:00,83.799,84.001,83.311,83.351,0
2018-06-18T20:00:00,82.879,83.084,82.559,82.906,0
2018-06-19T20:00:00,82.913,83.039,82.669,82.946,0
2018-06-20T20:00:00,82.933,83.201,82.466,82.555,0
2018-06-21T20:00:00,82.556,83.044,82.273,82.853,0
2018-06-24T20:00:00,82.773,82.882,82.167,82.544,0
2018-06-25T20:00:00,82.534,82.829,82.212,82.708,0
2018-06-26T20:00:00,82.623,83.175,82.352,82.627,0
2018-06-27T20:00:00,82.626,83.396,82.463,83.375,0
2018-06-28T20:00:00,83.326,84.374,83.244,84.254,0
2018-07-01T20:00:00,84.035,84.428,83.741,84.094,0
2018-07-02T20:00:00,84.001,84.431,83.862,84.158,0
2018-07-03T20:00:00,84.132,84.225,83.931,84.046,0
2018-07-04T20:00:00,83.976,84.342,83.869,84.252,0
2018-07-05T20:00:00,84.152,84.453,84.069,84.336,0
2018-07-08T20:00:00,84.301,84.688,84.253,84.548,0
2018-07-09T20:00:00,84.435,84.922,84.435,84.636,0
2018-07-10T20:00:00,84.521,85.169,84.205,84.782,0
2018-07-11T20:00:00,84.705,85.546,84.676,85.546,0
2018-07-12T20:00:00,85.46,85.659,85.242,85.396,0
2018-07-15T20:00:00,85.2,85.653,85.189,85.456,0
2018-07-16T20:00:00,85.413,85.69,85.388,85.581,0
2018-07-17T20:00:00,85.545,85.742,85.042,85.681,0
2018-07-18T20:00:00,85.654,85.714,84.685,84.753,0
2018-07-19T20:00:00,84.691,85.269,84.507,84.809,0
2018-07-22T20:00:00,84.719,84.9,84.411,84.528,0
2018-07-23T20:00:00,84.501,84.646,84.261,84.523,0
2018-07-24T20:00:00,84.444,85.201,84.444,85.052,0
2018-07-25T20:00:00,85.05,85.225,84.8,85.046,0
2018-07-26T20:00:00,84.997,85.173,84.785,84.973,0
2018-07-29T20:00:00,84.959,85.391,84.883,85.189,0
2018-07-30T20:00:00,85.145,86.103,84.749,85.993,0
2018-07-31T20:00:00,85.894,86.289,85.739,85.942,0
2018-08-01T20:00:00,85.825,85.947,85.405,85.725,0
2018-08-02T20:00:00,85.681,85.942,85.566,85.627,0
2018-08-05T20:00:00,85.558,85.735,85.427,85.664,0
2018-08-06T20:00:00,85.644,85.853,85.147,85.322,0
2018-08-07T20:00:00,85.297,85.347,84.727,85.207,0
2018-08-08T20:00:00,85.189,85.433,84.961,85.12,0
2018-08-09T20:00:00,85.08,85.197,84.099,84.394,0
2018-08-12T20:00:00,83.845,84.612,83.631,84.306,0
2018-08-13T20:00:00,84.217,85.121,84.194,85.11,0
2018-08-14T20:00:00,84.985,85.317,83.834,84.269,0
2018-08-15T20:00:00,84.203,84.555,84.002,84.284,0
2018-08-16T20:00:00,84.225,84.754,83.851,84.601,0
2018-08-19T20:00:00,84.647,84.731,84.303,84.396,0
2018-08-20T20:00:00,84.312,84.838,84.208,84.552,0
2018-08-21T20:00:00,84.48,85.095,84.37,85.041,0
2018-08-22T20:00:00,84.988,85.329,84.773,85.072,0
2018-08-23T20:00:00,84.969,85.457,84.969,85.409,0
2018-08-26T20:00:00,85.457,85.741,85.023,85.667,0
2018-08-27T20:00:00,85.621,86.182,85.568,85.986,0
2018-08-28T20:00:00,85.96,86.561,85.9,86.513,0
2018-08-29T20:00:00,86.443,86.583,85.418,85.491,0
2018-08-30T20:00:00,85.389,85.573,84.694,85.173,0
2018-09-02T20:00:00,84.847,85.134,84.73,84.754,0
2018-09-03T20:00:00,84.756,85.0,84.215,84.524,0
2018-09-04T20:00:00,84.419,84.894,84.365,84.626,0
2018-09-05T20:00:00,84.569,84.647,83.762,84.254,0
2018-09-06T20:00:00,84.196,84.638,83.874,84.343,0
2018-09-09T20:00:00,84.288,84.54,84.084,84.432,0
2018-09-10T20:00:00,84.368,85.55,84.368,85.407,0
2018-09-11T20:00:00,85.308,85.813,85.09,85.558,0
2018-09-12T20:00:00,85.611,86.164,85.499,86.073,0
2018-09-13T20:00:00,86.027,86.23,85.809,85.981,0
2018-09-16T20:00:00,85.869,86.124,85.739,85.739,0
2018-09-17T20:00:00,85.73,86.627,85.475,86.593,0
2018-09-18T20:00:00,86.555,87.024,86.306,86.903,0
2018-09-19T20:00:00,86.878,87.249,86.726,87.173,0
2018-09-20T20:00:00,87.15,87.455,87.07,87.152,0
2018-09-23T20:00:00,86.904,87.222,86.896,87.058,0
2018-09-24T20:00:00,87.045,87.26,86.948,87.203,0
2018-09-25T20:00:00,87.198,87.254,86.512,86.539,0
2018-09-26T20:00:00,86.549,87.137,86.208,86.909,0
2018-09-27T20:00:00,86.918,88.073,86.88,88.045,0
2018-09-30T20:00:00,88.452,89.171,88.28,88.883,0
2018-10-01T20:00:00,88.883,89.016,88.466,88.612,0
2018-10-02T20:00:00,88.618,89.214,88.481,88.977,0
2018-10-03T20:00:00,88.938,88.975,87.943,88.099,0
2018-10-04T20:00:00,88.077,88.32,87.69,87.841,0
2018-10-07T20:00:00,87.844,87.972,87.006,87.344,0
2018-10-08T20:00:00,87.342,87.454,87.013,87.218,0
2018-10-09T20:00:00,87.211,87.456,85.882,85.895,0
2018-10-10T20:00:00,85.895,86.375,85.682,86.038,0
2018-10-11T20:00:00,86.035,86.444,85.764,86.061,0
2018-10-14T20:00:00,86.085,86.387,85.572,86.011,0
2018-10-15T20:00:00,86.014,86.884,86.004,86.769,0
2018-10-16T20:00:00,86.763,86.88,86.162,86.464,0
2018-10-17T20:00:00,86.48,86.542,85.573,85.715,0
2018-10-18T20:00:00,85.717,86.369,85.564,85.803,0
2018-10-21T20:00:00,85.94,86.289,85.654,86.097,0
2018-10-22T20:00:00,86.093,86.156,85.365,85.918,0
2018-10-23T20:00:00,85.918,86.811,85.832,85.953,0
2018-10-24T20:00:00,85.944,86.308,85.732,85.976,0
2018-10-25T20:00:00,85.963,86.001,84.845,85.366,0
2018-10-28T20:00:00,85.417,85.898,85.284,85.541,0
2018-10-29T20:00:00,85.533,86.249,85.513,86.249,0
2018-10-30T20:00:00,86.283,86.395,85.677,85.818,0
2018-10-31T20:00:00,85.824,86.312,85.642,86.115,0
2018-11-01T20:00:00,86.111,86.603,85.968,86.305,0
2018-11-04T19:00:00,86.411,86.593,86.271,86.324,0
2018-11-05T19:00:00,86.324,86.533,86.162,86.411,0
2018-11-06T19:00:00,86.407,86.761,86.084,86.531,0
2018-11-07T19:00:00,86.529,86.983,86.441,86.696,0
2018-11-08T19:00:00,86.691,86.761,85.945,86.077,0
2018-11-11T19:00:00,86.135,86.553,85.87,85.913,0
2018-11-12T19:00:00,85.917,86.294,85.767,85.929,0
2018-11-13T19:00:00,85.916,86.257,85.532,85.781,0
2018-11-14T19:00:00,85.777,86.349,85.446,86.21,0
2018-11-15T19:00:00,86.201,86.245,85.495,85.77,0
2018-11-18T19:00:00,85.682,85.788,85.209,85.439,0
2018-11-19T19:00:00,85.436,85.556,84.609,84.723,0
2018-11-20T19:00:00,84.711,85.49,84.623,85.43,0
2018-11-21T19:00:00,85.43,85.699,85.241,85.586,0
2018-11-22T19:00:00,85.585,85.684,85.057,85.261,0
2018-11-25T19:00:00,85.34,85.922,85.303,85.688,0
2018-11-26T19:00:00,85.641,85.856,85.374,85.566,0
2018-11-27T19:00:00,85.558,85.731,85.259,85.612,0
2018-11-28T19:00:00,85.606,85.622,85.16,85.409,0
2018-11-29T19:00:00,85.397,85.532,85.18,85.351,0
2018-12-02T19:00:00,85.812,86.242,85.612,86.106,0
2018-12-03T19:00:00,86.102,86.115,84.916,85.007,0
2018-12-04T19:00:00,84.981,85.192,84.465,84.745,0
2018-12-05T19:00:00,84.733,84.748,83.563,84.188,0
2018-12-06T19:00:00,84.16,85.085,84.094,84.529,0
2018-12-09T19:00:00,84.441,84.711,84.195,84.577,0
2018-12-10T19:00:00,84.554,84.724,84.242,84.653,0
2018-12-11T19:00:00,84.654,84.989,84.573,84.835,0
2018-12-12T19:00:00,84.835,85.23,84.707,85.036,0
2018-12-13T19:00:00,85.032,85.122,84.618,84.659,0
2018-12-16T19:00:00,84.647,84.849,83.964,84.144,0
2018-12-17T19:00:00,84.144,84.151,83.351,83.519,0
2018-12-18T19:00:00,83.514,83.716,83.083,83.392,0
2018-12-19T19:00:00,83.352,83.512,81.928,82.371,0
2018-12-20T19:00:00,82.36,82.533,81.731,81.745,0
2018-12-23T19:00:00,81.563,81.917,81.017,81.057,0
2018-12-25T19:00:00,81.06,82.06,80.899,82.019,0
2018-12-26T19:00:00,81.988,82.027,80.967,81.465,0
2018-12-27T19:00:00,81.467,81.55,80.665,80.834,0
2018-12-30T19:00:00,80.824,81.126,80.262,80.292,0
2019-01-01T19:00:00,80.37,80.63,79.656,80.165,0
2019-01-02T19:00:00,80.173,80.335,76.821,79.795,0
2019-01-03T19:00:00,79.792,81.129,79.712,81.102,0
2019-01-06T19:00:00,81.051,81.831,80.86,81.721,0
2019-01-07T19:00:00,81.726,82.122,81.421,81.898,0
2019-01-08T19:00:00,81.883,82.401,81.563,81.866,0
2019-01-09T19:00:00,81.854,82.011,81.443,81.901,0
2019-01-10T19:00:00,81.899,82.168,81.627,81.786,0
2019-01-13T19:00:00,81.787,81.838,81.288,81.403,0
2019-01-14T19:00:00,81.392,82.068,81.377,81.882,0
2019-01-15T19:00:00,81.872,82.421,81.604,82.282,0
2019-01-16T19:00:00,82.262,82.569,81.608,82.251,0
2019-01-17T19:00:00,82.251,82.891,82.109,82.73,0
2019-01-20T19:00:00,82.63,82.736,82.354,82.446,0
2019-01-21T19:00:00,82.441,82.492,81.731,81.877,0
2019-01-22T19:00:00,81.872,82.432,81.85,82.132,0
2019-01-23T19:00:00,82.128,82.252,81.941,82.093,0
2019-01-24T19:00:00,82.085,82.915,81.891,82.858,0
2019-01-27T19:00:00,82.831,82.916,82.214,82.424,0
2019-01-28T19:00:00,82.404,82.645,82.196,82.425,0
2019-01-29T19:00:00,82.412,83.181,82.27,82.911,0
2019-01-30T19:00:00,82.909,82.98,82.475,82.917,0
2019-01-31T19:00:00,82.919,83.815,82.596,83.545,0
2019-02-03T19:00:00,83.591,83.977,83.536,83.794,0
2019-02-04T19:00:00,83.78,83.972,83.534,83.758,0
2019-02-05T19:00:00,83.759,83.781,83.059,83.225,0
2019-02-06T19:00:00,83.213,83.264,82.391,82.489,0
2019-02-07T19:00:00,82.489,83.009,82.265,82.606,0
2019-02-10T19:00:00,82.664,83.193,82.614,82.963,0
2019-02-11T19:00:00,82.913,83.488,82.856,83.454,0
2019-02-12T19:00:00,83.445,83.856,83.341,83.74,0
2019-02-13T19:00:00,83.717,83.969,82.921,83.069,0
2019-02-14T19:00:00,83.061,83.388,82.819,83.348,0
2019-02-17T19:00:00,83.291,83.62,83.291,83.502,0
2019-02-18T19:00:00,83.498,83.797,83.244,83.712,0
2019-02-19T19:00:00,83.694,84.256,83.638,84.113,0
2019-02-20T19:00:00,84.105,84.208,83.638,83.638,0
2019-02-21T19:00:00,83.645,84.262,83.594,84.201,0
2019-02-24T19:00:00,84.223,84.462,84.068,84.207,0
2019-02-25T19:00:00,84.195,84.233,83.631,83.951,0
2019-02-26T19:00:00,83.947,84.5,83.754,84.349,0
2019-02-27T19:00:00,84.348,84.793,83.94,84.532,0
2019-02-28T19:00:00,84.553,85.236,84.089,84.093,0
2019-03-03T19:00:00,84.235,84.339,83.707,83.987,0
2019-03-04T19:00:00,83.981,84.053,83.761,83.791,0
2019-03-05T19:00:00,83.763,83.789,82.998,83.139,0
2019-03-06T19:00:00,83.137,83.306,82.852,82.892,0
2019-03-07T19:00:00,82.904,83.042,82.416,82.817,0
2019-03-10T20:00:00,82.721,83.042,82.558,83.024,0
2019-03-11T20:00:00,83.013,83.378,82.851,83.369,0
2019-03-12T20:00:00,83.355,83.653,83.127,83.538,0
2019-03-13T20:00:00,83.518,83.943,83.456,83.744,0
2019-03-14T20:00:00,83.72,84.035,83.401,83.555,0
2019-03-17T20:00:00,83.573,83.85,83.349,83.552,0
2019-03-18T20:00:00,83.541,84.091,83.372,83.565,0
2019-03-19T20:00:00,83.577,83.767,83.167,83.176,0
2019-03-20T20:00:00,83.174,83.404,82.722,82.888,0
2019-03-21T20:00:00,82.878,82.966,81.788,81.788,0
2019-03-24T20:00:00,81.838,82.237,81.632,82.032,0
2019-03-25T20:00:00,82.02,82.717,81.922,82.667,0
2019-03-26T20:00:00,82.652,82.697,82.122,82.378,0
2019-03-27T20:00:00,82.359,82.66,81.985,82.301,0
2019-03-28T20:00:00,82.266,83.054,82.232,82.992,0
2019-03-31T20:00:00,83.132,83.754,82.927,83.672,0
2019-04-01T20:00:00,83.669,83.735,83.206,83.447,0
2019-04-02T20:00:00,83.433,83.867,83.341,83.525,0
2019-04-03T20:00:00,83.523,83.609,83.353,83.577,0
2019-04-04T20:00:00,83.556,83.686,83.289,83.411,0
2019-04-07T20:00:00,83.375,83.798,83.226,83.716,0
2019-04-08T20:00:00,83.703,83.849,83.333,83.358,0
2019-04-09T20:00:00,83.35,83.502,83.166,83.329,0
2019-04-10T20:00:00,83.326,83.523,83.1,83.394,0
2019-04-11T20:00:00,83.389,84.084,83.374,84.026,0
2019-04-14T20:00:00,83.893,84.248,83.633,83.791,0
2019-04-15T20:00:00,83.801,83.915,83.48,83.888,0
2019-04-16T20:00:00,83.864,84.355,83.717,83.962,0
2019-04-17T20:00:00,83.959,83.993,83.507,83.658,0
2019-04-18T20:00:00,83.633,83.745,83.525,83.546,0
2019-04-21T20:00:00,83.511,83.927,83.501,83.841,0
2019-04-22T20:00:00,83.835,83.897,83.181,83.319,0
2019-04-23T20:00:00,83.319,83.331,82.67,83.111,0
2019-04-24T20:00:00,83.045,83.168,82.561,82.763,0
2019-04-25T20:00:00,82.763,83.047,82.666,82.887,0
2019-04-28T20:00:00,82.84,83.203,82.812,82.962,0
2019-04-29T20:00:00,82.967,83.25,82.612,83.215,0
2019-04-30T20:00:00,83.222,83.358,82.778,82.809,0
2019-05-01T20:00:00,82.821,83.071,82.664,82.756,0
2019-05-02T20:00:00,82.743,82.976,82.656,82.764,0
2019-05-05T20:00:00,82.144,82.582,81.779,82.346,0
2019-05-06T20:00:00,82.304,82.558,81.681,81.825,0
2019-05-07T20:00:00,81.81,81.949,81.567,81.665,0
2019-05-08T20:00:00,81.666,81.711,81.119,81.448,0
2019-05-09T20:00:00,81.389,82.047,81.337,81.9,0
2019-05-12T20:00:00,81.703,81.829,80.927,81.06,0
2019-05-13T20:00:00,81.046,81.546,80.968,81.395,0
2019-05-14T20:00:00,81.395,81.616,80.927,81.543,0
2019-05-15T20:00:00,81.535,81.946,81.313,81.591,0
2019-05-16T20:00:00,81.589,81.966,81.085,81.723,0
2019-05-19T20:00:00,81.878,82.122,81.722,81.945,0
2019-05-20T20:00:00,81.933,82.545,81.889,82.41,0
2019-05-21T20:00:00,82.4,82.618,82.074,82.121,0
2019-05-22T20:00:00,82.105,82.13,81.161,81.337,0
2019-05-23T20:00:00,81.333,81.593,81.15,81.298,0
2019-05-26T20:00:00,81.292,81.583,81.28,81.404,0
2019-05-27T20:00:00,81.404,81.563,81.0,81.033,0
2019-05-28T20:00:00,81.023,81.173,80.664,81.047,0
2019-05-29T20:00:00,81.047,81.511,80.973,81.183,0
2019-05-30T20:00:00,81.121,81.217,80.07,80.089,0
2019-06-02T20:00:00,80.06,80.519,79.973,80.402,0
2019-06-03T20:00:00,80.396,80.748,80.222,80.723,0
2019-06-04T20:00:00,80.719,81.069,80.556,80.841,0
2019-06-05T20:00:00,80.841,81.225,80.523,81.119,0
2019-06-06T20:00:00,81.11,81.571,81.015,81.539,0
2019-06-09T20:00:00,81.891,81.96,81.617,81.711,0
2019-06-10T20:00:00,81.71,82.085,81.522,81.673,0
2019-06-11T20:00:00,81.665,81.747,81.299,81.307,0
2019-06-12T20:00:00,81.296,81.568,81.126,81.292,0
2019-06-13T20:00:00,81.286,81.326,80.861,80.894,0
2019-06-16T20:00:00,80.876,81.11,80.856,80.894,0
2019-06-17T20:00:00,80.894,81.147,80.571,81.061,0
2019-06-18T20:00:00,81.052,81.397,80.915,81.386,0
2019-06-19T20:00:00,81.389,81.867,81.192,81.315,0
2019-06-20T20:00:00,81.313,81.585,81.114,81.12,0
2019-06-23T20:00:00,81.178,81.486,81.159,81.4,0
2019-06-24T20:00:00,81.399,81.492,80.987,81.349,0
2019-06-25T20:00:00,81.338,82.229,81.289,82.095,0
2019-06-26T20:00:00,82.097,82.364,81.95,82.29,0
2019-06-27T20:00:00,82.271,82.463,82.118,82.332,0
2019-06-30T20:00:00,82.686,82.898,82.507,82.536,0
2019-07-01T20:00:00,82.531,82.668,82.199,82.299,0
2019-07-02T20:00:00,82.253,82.576,82.025,82.509,0
2019-07-03T20:00:00,82.488,82.686,82.385,82.548,0
2019-07-04T20:00:00,82.547,83.024,82.495,82.898,0
2019-07-07T20:00:00,82.862,83.207,82.793,83.0,0
2019-07-08T20:00:00,82.987,83.121,82.78,82.882,0
2019-07-09T20:00:00,82.882,83.15,82.646,82.903,0
2019-07-10T20:00:00,82.879,83.071,82.638,82.979,0
2019-07-11T20:00:00,82.976,83.234,82.574,82.574,0
2019-07-14T20:00:00,82.717,82.965,82.651,82.696,0
2019-07-15T20:00:00,82.698,83.131,82.631,82.704,0
2019-07-16T20:00:00,82.694,82.959,82.641,82.694,0
2019-07-17T20:00:00,82.702,82.725,82.245,82.355,0
2019-07-18T20:00:00,82.358,82.635,82.199,82.446,0
2019-07-21T20:00:00,82.473,82.71,82.209,82.221,0
2019-07-22T20:00:00,82.211,82.437,82.137,82.371,0
2019-07-23T20:00:00,82.402,82.418,82.174,82.302,0
2019-07-24T20:00:00,82.29,82.68,82.257,82.513,0
2019-07-25T20:00:00,82.506,82.614,82.354,82.52,0
2019-07-28T20:00:00,82.43,82.784,82.368,82.625,0
2019-07-29T20:00:00,82.624,82.742,82.284,82.574,0
2019-07-30T20:00:00,82.522,82.818,82.364,82.463,0
2019-07-31T20:00:00,82.455,82.722,81.08,81.236,0
2019-08-01T20:00:00,81.236,81.4,80.447,80.656,0
2019-08-04T20:00:00,80.614,80.777,79.96,80.197,0
2019-08-05T20:00:00,80.198,81.181,79.851,80.129,0
2019-08-06T20:00:00,80.14,80.197,79.099,79.884,0
2019-08-07T20:00:00,79.855,80.236,79.569,80.183,0
2019-08-08T20:00:00,80.196,80.265,79.557,79.887,0
2019-08-11T20:00:00,79.913,80.025,79.28,79.508,0
2019-08-12T20:00:00,79.516,81.034,79.143,80.719,0
2019-08-13T20:00:00,80.669,80.722,79.351,79.513,0
2019-08-14T20:00:00,79.513,80.336,79.304,79.704,0
2019-08-15T20:00:00,79.666,80.164,79.588,80.12,0
2019-08-18T20:00:00,79.971,80.495,79.954,80.023,0
2019-08-19T20:00:00,80.024,80.069,79.582,79.751,0
2019-08-20T20:00:00,79.755,80.33,79.696,80.214,0
2019-08-21T20:00:00,80.111,80.31,79.839,80.006,0
2019-08-22T20:00:00,79.996,80.15,79.007,79.262,0
2019-08-25T20:00:00,78.937,80.151,78.496,80.047,0
2019-08-26T20:00:00,80.054,80.108,79.503,79.605,0
2019-08-27T20:00:00,79.585,79.834,79.333,79.741,0
2019-08-28T20:00:00,79.74,80.239,79.479,80.162,0
2019-08-29T20:00:00,80.153,80.239,79.712,79.82,0
2019-09-01T20:00:00,79.586,79.821,79.478,79.681,0
2019-09-02T20:00:00,79.682,79.778,79.197,79.423,0
2019-09-03T20:00:00,79.42,80.489,79.329,80.442,0
2019-09-04T20:00:00,80.392,81.13,80.336,80.818,0
2019-09-05T20:00:00,80.81,81.224,80.595,81.198,0
2019-09-08T20:00:00,81.046,81.539,81.037,81.435,0
2019-09-09T20:00:00,81.438,81.818,81.309,81.755,0
2019-09-10T20:00:00,81.746,82.069,81.53,81.71,0
2019-09-11T20:00:00,81.708,82.087,81.376,81.811,0
2019-09-12T20:00:00,81.801,81.917,81.361,81.39,0
2019-09-15T20:00:00,81.231,81.68,81.177,81.654,0
2019-09-16T20:00:00,81.61,81.764,81.397,81.631,0
2019-09-17T20:00:00,81.556,81.695,81.366,81.607,0
2019-09-18T20:00:00,81.599,81.616,81.104,81.421,0
2019-09-19T20:00:00,81.418,81.507,80.982,81.077,0
2019-09-22T20:00:00,81.215,81.224,80.672,81.071,0
2019-09-23T20:00:00,81.047,81.34,80.789,80.837,0
2019-09-24T20:00:00,80.841,81.342,80.732,81.215,0
2019-09-25T20:00:00,81.213,81.388,81.08,81.268,0
2019-09-26T20:00:00,81.249,81.824,81.105,81.544,0
2019-09-29T20:00:00,81.494,81.709,81.392,81.626,0
2019-09-30T20:00:00,81.611,81.826,81.227,81.483,0
2019-10-01T20:00:00,81.447,81.661,80.409,80.412,0
2019-10-02T20:00:00,80.423,80.548,79.816,80.151,0
2019-10-03T20:00:00,80.16,80.539,80.041,80.331,0
2019-10-06T20:00:00,80.025,80.74,80.025,80.576,0
2019-10-07T20:00:00,80.558,80.836,80.158,80.356,0
2019-10-08T20:00:00,80.353,80.768,80.267,80.592,0
2019-10-09T20:00:00,80.562,81.333,80.208,81.201,0
2019-10-10T20:00:00,81.189,82.431,81.126,82.098,0
2019-10-13T20:00:00,82.045,82.245,81.747,81.895,0
2019-10-14T20:00:00,81.898,82.495,81.743,82.464,0
2019-10-15T20:00:00,82.465,82.491,82.037,82.379,0
2019-10-16T20:00:00,82.369,82.775,82.287,82.704,0
2019-10-17T20:00:00,82.685,82.773,82.448,82.606,0
2019-10-20T20:00:00,82.506,83.036,82.437,82.97,0
2019-10-21T20:00:00,82.953,83.164,82.714,82.831,0
2019-10-22T20:00:00,82.825,83.168,82.607,83.138,0
2019-10-23T20:00:00,83.095,83.21,82.905,83.086,0
2019-10-24T20:00:00,83.081,83.25,82.999,83.211,0
2019-10-27T20:00:00,83.223,83.501,83.126,83.448,0
2019-10-28T20:00:00,83.444,83.553,83.07,83.193,0
2019-10-29T20:00:00,83.193,83.28,82.538,82.702,0
2019-10-30T20:00:00,82.709,82.72,81.96,82.057,0
2019-10-31T20:00:00,82.048,82.408,81.916,82.293,0
2019-11-03T19:00:00,82.363,82.637,82.29,82.558,0
2019-11-04T19:00:00,82.561,83.017,82.486,82.96,0
2019-11-05T19:00:00,82.958,83.032,82.49,82.658,0
2019-11-06T19:00:00,82.635,83.108,82.33,82.943,0
2019-11-07T19:00:00,82.94,83.05,82.423,82.586,0
2019-11-10T19:00:00,82.564,82.597,82.309,82.402,0
2019-11-11T19:00:00,82.406,82.584,82.285,82.36,0
2019-11-12T19:00:00,82.363,82.387,81.966,82.108,0
2019-11-13T19:00:00,82.107,82.136,81.621,81.831,0
2019-11-14T19:00:00,81.827,82.294,81.762,82.266,0
2019-11-17T19:00:00,82.236,82.529,82.079,82.286,0
2019-11-18T19:00:00,82.28,82.428,81.745,81.803,0
2019-11-19T19:00:00,81.805,81.846,81.362,81.631,0
2019-11-20T19:00:00,81.62,81.852,81.284,81.76,0
2019-11-21T19:00:00,81.766,81.928,81.623,81.661,0
2019-11-24T19:00:00,81.67,81.95,81.611,81.885,0
2019-11-25T19:00:00,81.865,82.199,81.762,82.154,0
2019-11-26T19:00:00,82.153,82.522,82.119,82.464,0
2019-11-27T19:00:00,82.459,82.483,82.273,82.451,0
2019-11-28T19:00:00,82.435,82.509,82.309,82.422,0
2019-12-01T19:00:00,82.482,82.618,81.871,81.878,0
2019-12-02T19:00:00,81.875,82.123,81.516,81.701,0
2019-12-03T19:00:00,81.69,82.565,81.541,82.464,0
2019-12-04T19:00:00,82.465,82.759,82.419,82.545,0
2019-12-05T19:00:00,82.391,82.553,81.842,81.904,0
2019-12-08T19:00:00,81.936,82.142,81.745,81.985,0
2019-12-09T19:00:00,81.988,82.22,81.922,82.162,0
2019-12-10T19:00:00,82.162,82.48,82.076,82.394,0
2019-12-11T19:00:00,82.399,83.028,82.316,82.891,0
2019-12-12T19:00:00,82.863,83.38,82.262,83.019,0
2019-12-15T19:00:00,82.909,83.456,82.909,83.246,0
2019-12-16T19:00:00,83.241,83.333,83.087,83.185,0
2019-12-17T19:00:00,83.181,83.637,83.058,83.517,0
2019-12-18T19:00:00,83.512,83.62,83.187,83.318,0
2019-12-19T19:00:00,83.283,83.358,82.928,83.202,0
2019-12-22T19:00:00,83.134,83.34,82.983,83.2,0
2019-12-23T19:00:00,83.202,83.225,83.027,83.068,0
2019-12-25T19:00:00,83.083,83.676,83.073,83.543,0
2019-12-26T19:00:00,83.523,83.832,83.456,83.696,0
2019-12-29T19:00:00,83.659,83.775,83.219,83.316,0
2019-12-30T19:00:00,83.312,83.915,83.22,83.603,0
2020-01-01T19:00:00,83.718,83.905,83.322,83.618,0
2020-01-02T19:00:00,83.609,83.659,82.983,83.149,0
2020-01-05T19:00:00,83.001,83.68,82.961,83.584,0
2020-01-06T19:00:00,83.515,83.731,83.177,83.374,0
2020-01-07T19:00:00,83.345,83.847,82.801,83.666,0
2020-01-08T19:00:00,83.593,83.9,83.56,83.867,0
2020-01-09T19:00:00,83.869,84.141,83.773,83.877,0
2020-01-12T19:00:00,83.878,84.317,83.818,84.2,0
2020-01-13T19:00:00,84.19,84.431,84.049,84.198,0
2020-01-14T19:00:00,84.178,84.332,83.975,84.254,0
2020-01-15T19:00:00,84.226,84.486,84.188,84.451,0
2020-01-16T19:00:00,84.439,84.568,84.238,84.283,0
2020-01-19T19:00:00,84.256,84.459,84.256,84.434,0
2020-01-20T19:00:00,84.434,84.457,83.938,84.04,0
2020-01-21T19:00:00,84.035,84.349,83.535,83.612,0
2020-01-22T19:00:00,83.612,83.632,83.069,83.401,0
2020-01-23T19:00:00,83.397,83.551,83.004,83.116,0
2020-01-26T19:00:00,82.776,82.925,82.468,82.525,0
2020-01-27T19:00:00,82.522,82.976,82.363,82.959,0
2020-01-28T19:00:00,82.953,83.023,82.562,82.585,0
2020-01-29T19:00:00,82.583,82.631,82.121,82.476,0
2020-01-30T19:00:00,82.502,82.697,81.748,81.898,0
2020-02-02T19:00:00,81.86,82.176,81.575,81.79,0
2020-02-03T19:00:00,81.742,82.505,81.6,82.488,0
2020-02-04T19:00:00,82.481,82.697,82.183,82.675,0
2020-02-05T19:00:00,82.66,82.823,82.56,82.793,0
2020-02-06T19:00:00,82.775,82.811,82.244,82.491,0
2020-02-09T19:00:00,82.419,82.66,82.271,82.426,0
2020-02-10T19:00:00,82.4,82.785,82.386,82.628,0
2020-02-11T19:00:00,82.619,83.117,82.57,83.078,0
2020-02-12T19:00:00,83.07,83.079,82.632,82.765,0
2020-02-13T19:00:00,82.756,82.96,82.699,82.836,0
2020-02-16T19:00:00,82.816,83.109,82.761,83.017,0
2020-02-17T19:00:00,83.02,83.022,82.652,82.851,0
2020-02-18T19:00:00,82.842,84.363,82.822,84.227,0
2020-02-19T19:00:00,84.142,84.741,84.048,84.542,0
2020-02-20T19:00:00,84.535,84.664,84.02,84.361,0
2020-02-23T19:00:00,83.991,84.286,83.096,83.28,0
2020-02-24T19:00:00,83.265,83.564,82.77,82.976,0
2020-02-25T19:00:00,82.981,83.398,82.689,82.808,0
2020-02-26T19:00:00,82.786,82.827,81.8,81.829,0
2020-02-27T19:00:00,81.825,81.976,80.14,80.652,0
2020-03-01T19:00:00,79.903,81.391,79.879,81.28,0
2020-03-02T19:00:00,81.254,81.463,79.953,80.004,0
2020-03-03T19:00:00,80.003,80.647,79.825,80.326,0
2020-03-04T19:00:00,80.33,80.482,78.97,79.148,0
2020-03-05T19:00:00,79.125,79.409,78.233,78.483,0
2020-03-08T20:00:00,76.921,77.034,73.865,74.706,0
2020-03-09T20:00:00,74.685,77.236,74.5,76.942,0
2020-03-10T20:00:00,76.956,76.966,75.658,75.842,0
2020-03-11T20:00:00,75.838,77.276,74.651,75.133,0
2020-03-12T20:00:00,75.133,78.377,74.956,78.226,0
2020-03-15T20:00:00,77.182,77.903,75.291,75.488,0
2020-03-16T20:00:00,75.522,76.751,75.311,75.804,0
2020-03-17T20:00:00,75.797,75.87,73.814,74.469,0
2020-03-18T20:00:00,74.448,76.508,74.188,76.273,0
2020-03-19T20:00:00,76.26,77.79,76.222,77.323,0
2020-03-22T20:00:00,77.062,77.195,75.975,76.71,0
2020-03-23T20:00:00,76.571,77.116,76.228,76.888,0
2020-03-24T20:00:00,76.888,78.477,76.725,78.358,0
2020-03-25T20:00:00,78.164,78.408,77.315,78.134,0
2020-03-26T20:00:00,78.102,78.221,76.602,77.112,0
2020-03-29T20:00:00,76.81,77.001,76.005,76.053,0
2020-03-30T20:00:00,75.984,76.776,75.424,76.45,0
2020-03-31T20:00:00,76.416,76.529,75.156,75.506,0
2020-04-01T20:00:00,75.496,76.562,74.966,76.28,0
2020-04-02T20:00:00,76.291,76.965,76.076,76.348,0
2020-04-05T20:00:00,76.134,77.586,76.036,77.381,0
2020-04-06T20:00:00,77.384,78.18,77.081,77.715,0
2020-04-07T20:00:00,77.66,77.834,77.241,77.651,0
2020-04-08T20:00:00,77.657,77.962,77.235,77.582,0
2020-04-09T20:00:00,77.574,77.73,77.407,77.648,0
2020-04-12T20:00:00,77.803,77.833,76.993,77.504,0
2020-04-13T20:00:00,77.494,77.707,76.921,77.221,0
2020-04-14T20:00:00,77.22,77.225,76.055,76.114,0
2020-04-15T20:00:00,75.984,76.626,75.932,76.624,0
2020-04-16T20:00:00,76.599,77.074,76.313,76.762,0
2020-04-19T20:00:00,76.586,76.808,76.038,76.049,0
2020-04-20T20:00:00,76.047,76.325,75.316,75.837,0
2020-04-21T20:00:00,75.713,76.408,75.582,76.08,0
2020-04-22T20:00:00,76.082,76.893,75.873,76.434,0
2020-04-23T20:00:00,76.416,76.708,76.095,76.248,0
2020-04-26T20:00:00,76.201,76.463,76.045,76.4,0
2020-04-27T20:00:00,76.412,76.553,76.162,76.336,0
2020-04-28T20:00:00,76.337,76.842,76.258,76.821,0
2020-04-29T20:00:00,76.708,77.255,76.569,76.83,0
2020-04-30T20:00:00,76.831,76.961,75.671,75.896,0
2020-05-03T20:00:00,75.8,76.041,75.397,75.736,0
2020-05-04T20:00:00,75.71,76.13,75.663,75.767,0
2020-05-05T20:00:00,75.642,75.914,74.918,74.987,0
2020-05-06T20:00:00,74.992,76.209,74.782,76.054,0
2020-05-07T20:00:00,76.02,76.644,75.935,76.575,0
2020-05-10T20:00:00,76.407,77.06,76.368,76.834,0
2020-05-11T20:00:00,76.826,76.865,76.087,76.089,0
2020-05-12T20:00:00,76.085,76.369,75.803,75.892,0
2020-05-13T20:00:00,75.873,76.486,75.576,76.323,0
2020-05-14T20:00:00,76.296,76.525,75.797,75.934,0
2020-05-17T20:00:00,75.949,77.003,75.86,76.968,0
2020-05-18T20:00:00,76.986,77.817,76.836,77.235,0
2020-05-19T20:00:00,77.22,77.571,77.157,77.325,0
2020-05-20T20:00:00,77.287,77.521,77.069,77.102,0
2020-05-21T20:00:00,77.099,77.268,76.524,76.835,0
2020-05-24T20:00:00,76.855,77.099,76.827,76.979,0
2020-05-25T20:00:00,76.965,78.171,76.779,78.033,0
2020-05-26T20:00:00,78.032,78.525,77.788,78.321,0
2020-05-27T20:00:00,78.322,78.506,78.039,78.196,0
2020-05-28T20:00:00,78.175,78.396,77.774,78.312,0
2020-05-31T20:00:00,78.138,79.343,78.038,79.269,0
2020-06-01T20:00:00,79.27,80.528,79.112,80.374,0
2020-06-02T20:00:00,80.383,80.792,79.955,80.686,0
2020-06-03T20:00:00,80.671,80.95,80.231,80.823,0
2020-06-04T20:00:00,80.815,81.911,80.707,81.619,0
2020-06-07T20:00:00,81.682,81.87,80.826,81.02,0
2020-06-08T20:00:00,81.017,81.127,79.949,80.306,0
2020-06-09T20:00:00,80.227,80.421,79.778,79.857,0
2020-06-10T20:00:00,79.837,79.938,78.38,78.401,0
2020-06-11T20:00:00,78.412,79.478,78.024,79.02,0
2020-06-14T20:00:00,78.789,79.229,78.321,79.079,0
2020-06-15T20:00:00,79.037,79.651,78.783,79.246,0
2020-06-16T20:00:00,79.204,79.493,78.773,78.872,0
2020-06-17T20:00:00,78.87,79.141,78.433,78.656,0
2020-06-18T20:00:00,78.431,78.907,78.431,78.545,0
2020-06-21T20:00:00,78.412,79.08,78.37,79.055,0
2020-06-22T20:00:00,78.977,79.336,78.497,78.598,0
2020-06-23T20:00:00,78.596,78.855,78.381,78.486,0
2020-06-24T20:00:00,78.293,78.769,78.258,78.592,0
2020-06-25T20:00:00,78.578,78.641,78.114,78.316,0
2020-06-28T20:00:00,78.251,78.862,78.224,78.753,0
2020-06-29T20:00:00,78.717,79.56,78.614,79.494,0
2020-06-30T20:00:00,79.305,79.698,78.995,79.092,0
2020-07-01T20:00:00,79.06,79.328,78.931,79.245,0
2020-07-02T20:00:00,79.205,79.352,79.157,79.314,0
2020-07-05T20:00:00,79.193,79.64,79.19,79.259,0
2020-07-06T20:00:00,79.281,79.419,79.011,79.033,0
2020-07-07T20:00:00,79.051,79.472,78.943,79.374,0
2020-07-08T20:00:00,79.362,79.538,78.842,78.907,0
2020-07-09T20:00:00,78.877,78.969,78.384,78.627,0
2020-07-12T20:00:00,78.643,79.22,78.589,78.835,0
2020-07-13T20:00:00,78.8,78.891,78.602,78.749,0
2020-07-14T20:00:00,78.718,79.193,78.549,79.154,0
2020-07-15T20:00:00,79.109,79.287,78.983,78.999,0
2020-07-16T20:00:00,78.944,79.117,78.741,78.781,0
2020-07-19T20:00:00,78.834,79.328,78.756,79.238,0
2020-07-20T20:00:00,79.214,79.734,79.08,79.343,0
2020-07-21T20:00:00,79.283,79.98,79.268,79.859,0
2020-07-22T20:00:00,79.817,80.141,79.628,79.681,0
2020-07-23T20:00:00,79.532,79.758,78.658,79.106,0
2020-07-26T20:00:00,78.931,79.127,78.453,78.888,0
2020-07-27T20:00:00,78.874,79.043,78.327,78.543,0
2020-07-28T20:00:00,78.486,78.728,78.463,78.623,0
2020-07-29T20:00:00,78.62,78.817,77.824,78.014,0
2020-07-30T20:00:00,77.925,79.099,77.613,78.949,0
2020-08-02T20:00:00,78.875,79.32,78.686,79.102,0
2020-08-03T20:00:00,79.054,79.38,79.018,79.367,0
2020-08-04T20:00:00,79.338,79.862,79.253,79.594,0
2020-08-05T20:00:00,79.456,79.633,79.229,79.313,0
2020-08-06T20:00:00,79.277,79.399,78.958,79.122,0
2020-08-09T20:00:00,78.994,79.386,78.916,79.361,0
2020-08-10T20:00:00,79.322,80.307,79.266,80.06,0
2020-08-11T20:00:00,80.033,80.825,79.918,80.697,0
2020-08-12T20:00:00,80.638,80.987,80.506,80.847,0
2020-08-13T20:00:00,80.71,80.956,80.279,80.332,0
2020-08-16T20:00:00,80.348,80.487,80.201,80.212,0
2020-08-17T20:00:00,80.178,80.286,79.89,80.036,0
2020-08-18T20:00:00,80.028,80.365,79.884,80.267,0
2020-08-19T20:00:00,80.267,80.385,79.996,80.218,0
2020-08-20T20:00:00,80.17,80.326,79.895,80.218,0
2020-08-23T20:00:00,80.221,80.487,80.027,80.17,0
2020-08-24T20:00:00,80.165,80.789,80.04,80.76,0
2020-08-25T20:00:00,80.698,80.948,80.539,80.625,0
2020-08-26T20:00:00,80.654,81.283,80.511,81.163,0
2020-08-27T20:00:00,81.151,81.58,80.299,80.432,0
2020-08-30T20:00:00,80.439,81.421,80.225,81.163,0
2020-08-31T20:00:00,81.197,81.461,80.983,81.085,0
2020-09-01T20:00:00,81.096,81.442,80.955,81.392,0
2020-09-02T20:00:00,81.331,81.445,80.58,80.872,0
2020-09-03T20:00:00,80.857,81.412,80.715,81.349,0
2020-09-06T20:00:00,81.364,81.391,80.977,81.083,0
2020-09-07T20:00:00,81.097,81.198,80.084,80.089,0
2020-09-08T20:00:00,80.088,80.801,79.811,80.763,0
2020-09-09T20:00:00,80.745,80.888,80.373,80.435,0
2020-09-10T20:00:00,80.391,80.772,80.352,80.509,0
2020-09-13T20:00:00,80.442,80.648,80.118,80.236,0
2020-09-14T20:00:00,80.18,80.44,79.892,79.957,0
2020-09-15T20:00:00,79.87,79.992,79.51,79.631,0
2020-09-16T20:00:00,79.578,79.719,79.064,79.532,0
2020-09-17T20:00:00,79.479,79.768,79.046,79.185,0
2020-09-20T20:00:00,79.113,79.274,78.523,78.633,0
2020-09-21T20:00:00,78.608,78.946,78.369,78.867,0
2020-09-22T20:00:00,78.782,79.091,78.664,78.705,0
2020-09-23T20:00:00,78.695,79.078,78.478,78.874,0
2020-09-24T20:00:00,78.817,79.049,78.695,78.835,0
2020-09-27T20:00:00,78.749,78.967,78.599,78.875,0
2020-09-28T20:00:00,78.832,79.099,78.761,78.902,0
2020-09-29T20:00:00,78.867,79.302,78.568,79.162,0
2020-09-30T20:00:00,79.154,79.568,79.085,79.392,0
2020-10-01T20:00:00,79.405,79.481,78.755,79.158,0
2020-10-04T20:00:00,79.133,79.768,79.086,79.705,0
2020-10-05T20:00:00,79.755,79.801,79.269,79.337,0
2020-10-06T20:00:00,79.407,79.956,79.186,79.935,0
2020-10-07T20:00:00,79.85,80.358,79.831,80.339,0
2020-10-08T20:00:00,80.331,80.605,80.232,80.532,0
2020-10-11T20:00:00,80.5,80.568,80.26,80.323,0
2020-10-12T20:00:00,80.306,80.523,80.123,80.266,0
2020-10-13T20:00:00,80.256,80.346,79.856,79.993,0
2020-10-14T20:00:00,79.915,80.092,79.445,79.729,0
2020-10-15T20:00:00,79.707,79.995,79.468,79.867,0
2020-10-18T20:00:00,79.806,80.195,79.805,79.91,0
2020-10-19T20:00:00,79.856,80.519,79.846,80.353,0
2020-10-20T20:00:00,80.269,80.472,79.501,79.555,0
2020-10-21T20:00:00,79.477,79.89,79.399,79.818,0
2020-10-22T20:00:00,79.8,79.914,79.583,79.77,0
2020-10-25T20:00:00,79.662,79.764,79.296,79.342,0
2020-10-26T20:00:00,79.357,79.535,79.179,79.179,0
2020-10-27T20:00:00,79.178,79.269,78.22,78.289,0
2020-10-28T20:00:00,78.248,78.633,77.915,78.47,0
2020-10-29T20:00:00,78.47,78.705,78.064,78.544,0
2020-11-01T19:00:00,78.438,79.268,78.211,79.198,0
2020-11-02T19:00:00,79.19,79.822,78.989,79.44,0
2020-11-03T19:00:00,79.412,79.873,78.874,79.536,0
2020-11-04T19:00:00,79.548,79.701,79.185,79.312,0
2020-11-05T19:00:00,79.251,79.389,78.953,79.143,0
2020-11-08T19:00:00,79.201,81.424,79.053,80.984,0
2020-11-09T19:00:00,80.908,81.104,80.561,80.767,0
2020-11-10T19:00:00,80.733,80.951,80.575,80.69,0
2020-11-11T19:00:00,80.696,80.731,79.93,79.991,0
2020-11-12T19:00:00,79.958,80.096,79.41,79.64,0
2020-11-15T19:00:00,79.667,80.344,79.554,79.972,0
2020-11-16T19:00:00,79.986,79.995,79.385,79.475,0
2020-11-17T19:00:00,79.48,79.664,79.238,79.348,0
2020-11-18T19:00:00,79.336,79.493,79.228,79.35,0
2020-11-19T19:00:00,79.344,79.582,79.259,79.283,0
2020-11-22T19:00:00,79.274,79.954,79.256,79.788,0
2020-11-23T19:00:00,79.776,80.412,79.773,80.348,0
2020-11-24T19:00:00,80.336,80.478,80.114,80.307,0
2020-11-25T19:00:00,80.286,80.336,80.051,80.065,0
2020-11-26T19:00:00,80.064,80.248,79.838,80.104,0
2020-11-29T19:00:00,80.015,80.646,79.929,80.214,0
2020-11-30T19:00:00,80.134,80.758,80.133,80.621,0
2020-12-01T19:00:00,80.611,81.011,80.556,80.817,0
2020-12-02T19:00:00,80.815,80.908,80.422,80.713,0
2020-12-03T19:00:00,80.709,81.562,80.624,81.483,0
2020-12-06T19:00:00,81.457,81.555,81.165,81.29,0
2020-12-07T19:00:00,81.297,81.474,81.173,81.242,0
2020-12-08T19:00:00,81.256,81.626,81.186,81.281,0
2020-12-09T19:00:00,81.284,82.118,81.185,81.809,0
2020-12-10T19:00:00,81.779,81.831,81.291,81.494,0
2020-12-13T19:00:00,81.452,81.624,81.3,81.486,0
2020-12-14T19:00:00,81.496,81.724,81.376,81.618,0
2020-12-15T19:00:00,81.605,81.646,80.952,81.153,0
2020-12-16T19:00:00,81.162,81.312,80.927,81.041,0
2020-12-17T19:00:00,81.02,81.301,80.714,80.814,0
2020-12-20T19:00:00,80.861,80.899,80.145,80.348,0
2020-12-21T19:00:00,80.372,80.464,80.141,80.281,0
2020-12-22T19:00:00,80.282,80.709,80.191,80.57,0
2020-12-23T19:00:00,80.558,80.906,80.441,80.463,0
2020-12-27T19:00:00,80.515,80.859,80.451,80.696,0
2020-12-28T19:00:00,80.727,81.054,80.676,80.788,0
2020-12-29T19:00:00,80.77,81.04,80.53,80.853,0
2020-12-30T19:00:00,80.842,81.184,80.769,81.116,0
2021-01-03T19:00:00,81.026,81.195,80.604,80.701,0
2021-01-04T19:00:00,80.658,81.113,80.557,81.047,0
2021-01-05T19:00:00,81.008,81.535,80.959,81.248,0
2021-01-06T19:00:00,81.241,81.939,81.197,81.777,0
2021-01-07T19:00:00,81.794,81.989,81.61,81.902,0
2021-01-10T19:00:00,81.726,81.837,81.235,81.547,0
2021-01-11T19:00:00,81.54,81.813,81.46,81.615,0
2021-01-12T19:00:00,81.64,81.919,81.451,81.779,0
2021-01-13T19:00:00,81.752,82.185,81.7,82.097,0
2021-01-14T19:00:00,82.099,82.15,81.314,81.523,0
2021-01-17T19:00:00,81.471,81.594,81.082,81.271,0
2021-01-18T19:00:00,81.268,81.789,81.235,81.58,0
2021-01-19T19:00:00,81.57,82.124,81.477,81.909,0
2021-01-20T19:00:00,81.891,82.206,81.846,81.889,0
2021-01-21T19:00:00,81.897,81.913,81.479,81.491,0
2021-01-24T19:00:00,81.578,81.774,81.236,81.425,0
2021-01-25T19:00:00,81.412,81.684,81.162,81.609,0
2021-01-26T19:00:00,81.624,81.671,81.221,81.278,0
2021-01-27T19:00:00,81.277,81.556,80.985,81.224,0
2021-01-28T19:00:00,81.175,82.189,81.144,81.936,0
2021-01-31T19:00:00,81.897,82.046,81.575,81.622,0
2021-02-01T19:00:00,81.63,82.147,81.558,82.122,0
2021-02-02T19:00:00,82.121,82.285,81.991,82.139,0
2021-02-03T19:00:00,82.13,82.359,82.084,82.249,0
2021-02-04T19:00:00,82.241,82.628,82.232,82.575,0
2021-02-07T19:00:00,82.509,82.709,82.397,82.58,0
2021-02-08T19:00:00,82.568,82.614,81.962,82.375,0
2021-02-09T19:00:00,82.289,82.56,82.234,82.335,0
2021-02-10T19:00:00,82.33,82.669,82.283,82.415,0
2021-02-11T19:00:00,82.415,82.769,82.332,82.667,0
2021-02-14T19:00:00,82.654,83.397,82.651,83.288,0
2021-02-15T19:00:00,83.324,83.744,83.226,83.502,0
2021-02-16T19:00:00,83.481,83.616,83.028,83.292,0
2021-02-17T19:00:00,83.278,83.419,83.108,83.278,0
2021-02-18T19:00:00,83.324,83.858,83.099,83.544,0
2021-02-21T19:00:00,83.477,83.94,83.149,83.224,0
2021-02-22T19:00:00,83.235,83.698,83.193,83.576,0
2021-02-23T19:00:00,83.549,84.645,83.512,84.548,0
2021-02-24T19:00:00,84.539,85.095,84.175,84.175,0
2021-02-25T19:00:00,84.192,84.424,83.6,83.664,0
2021-02-28T19:00:00,83.624,84.466,83.578,84.33,0
2021-03-01T19:00:00,84.32,84.708,84.107,84.326,0
2021-03-02T19:00:00,84.377,84.863,84.293,84.463,0
2021-03-03T19:00:00,84.495,85.534,84.44,85.142,0
2021-03-04T19:00:00,85.202,85.681,84.937,85.665,0
2021-03-07T19:00:00,85.586,86.108,85.453,85.968,0
2021-03-08T19:00:00,85.809,86.38,85.727,85.756,0
2021-03-09T19:00:00,85.742,86.044,85.742,85.88,0
2021-03-10T19:00:00,85.89,86.604,85.851,86.528,0
2021-03-11T19:00:00,86.555,87.489,86.53,87.346,0
2021-03-14T20:00:00,87.292,87.662,87.21,87.483,0
2021-03-15T20:00:00,87.483,87.638,87.22,87.486,0
2021-03-16T20:00:00,87.525,87.777,87.403,87.685,0
2021-03-17T20:00:00,87.692,88.078,86.882,87.136,0
2021-03-18T20:00:00,87.141,87.303,86.808,87.048,0
2021-03-21T20:00:00,86.691,87.198,86.682,86.872,0
2021-03-22T20:00:00,86.863,86.943,86.077,86.204,0
2021-03-23T20:00:00,86.22,86.805,86.089,86.38,0
2021-03-24T20:00:00,86.364,86.936,86.364,86.544,0
2021-03-25T20:00:00,86.53,87.394,86.529,87.24,0
2021-03-28T20:00:00,87.179,87.271,86.629,87.145,0
2021-03-29T20:00:00,87.145,87.644,87.116,87.305,0
2021-03-30T20:00:00,87.307,88.24,87.258,88.099,0
2021-03-31T20:00:00,88.094,88.235,87.833,88.121,0
2021-04-01T20:00:00,88.125,88.302,87.853,87.966,0
2021-04-04T20:00:00,87.948,88.193,87.818,87.932,0
2021-04-05T20:00:00,87.932,88.089,87.282,87.294,0
2021-04-06T20:00:00,87.257,87.38,86.852,87.112,0
2021-04-07T20:00:00,87.069,87.121,86.499,86.948,0
2021-04-08T20:00:00,86.95,87.577,86.756,87.492,0
2021-04-11T20:00:00,87.437,87.592,87.028,87.07,0
2021-04-12T20:00:00,87.063,87.259,86.565,87.002,0
2021-04-13T20:00:00,86.999,87.158,86.621,86.978,0
2021-04-14T20:00:00,86.971,87.185,86.598,86.681,0
2021-04-15T20:00:00,86.459,87.115,86.459,86.983,0
2021-04-18T20:00:00,86.972,86.98,86.183,86.267,0
2021-04-19T20:00:00,86.267,86.904,85.645,85.704,0
2021-04-20T20:00:00,85.699,86.787,85.422,86.452,0
2021-04-21T20:00:00,86.435,86.722,86.19,86.306,0
2021-04-22T20:00:00,86.307,86.58,86.002,86.451,0
2021-04-25T20:00:00,86.447,87.321,86.337,87.177,0
2021-04-26T20:00:00,87.177,87.721,87.072,87.636,0
2021-04-27T20:00:00,87.634,88.274,87.549,88.174,0
2021-04-28T20:00:00,88.147,88.857,88.052,88.672,0
2021-04-29T20:00:00,88.667,89.045,88.528,88.921,0
2021-05-02T20:00:00,88.876,89.176,88.644,88.776,0
2021-05-03T20:00:00,88.777,88.956,88.431,88.791,0
2021-05-04T20:00:00,88.783,89.158,88.69,88.999,0
2021-05-05T20:00:00,89.002,89.832,88.922,89.785,0
2021-05-06T20:00:00,89.783,89.836,89.069,89.54,0
2021-05-09T20:00:00,89.55,90.111,89.357,89.885,0
2021-05-10T20:00:00,89.889,90.06,89.358,89.748,0
2021-05-11T20:00:00,89.749,90.645,89.702,90.339,0
2021-05-12T20:00:00,90.338,90.58,89.736,89.98,0
2021-05-13T20:00:00,89.986,90.507,89.914,90.333,0
2021-05-16T20:00:00,90.215,90.534,90.002,90.471,0
2021-05-17T20:00:00,90.488,90.736,90.175,90.199,0
2021-05-18T20:00:00,90.221,90.581,89.582,90.011,0
2021-05-19T20:00:00,90.012,90.283,89.72,90.172,0
2021-05-20T20:00:00,90.174,90.461,89.852,90.295,0
2021-05-23T20:00:00,90.204,90.371,90.011,90.282,0
2021-05-24T20:00:00,90.282,90.503,90.082,90.106,0
2021-05-25T20:00:00,90.106,90.367,89.858,90.015,0
2021-05-26T20:00:00,90.023,91.063,89.909,90.967,0
2021-05-27T20:00:00,90.981,91.164,90.756,90.962,0
2021-05-30T20:00:00,90.941,91.011,90.521,90.811,0
2021-05-31T20:00:00,90.812,91.182,90.624,90.677,0
2021-06-01T20:00:00,90.68,91.069,90.563,91.018,0
2021-06-02T20:00:00,91.013,91.149,90.899,91.061,0
2021-06-03T20:00:00,91.058,91.11,90.46,90.697,0
2021-06-06T20:00:00,90.684,90.782,90.322,90.422,0
2021-06-07T20:00:00,90.423,90.661,90.336,90.403,0
2021-06-08T20:00:00,90.416,90.704,90.329,90.498,0
2021-06-09T20:00:00,90.498,90.792,90.319,90.377,0
2021-06-10T20:00:00,90.376,90.595,90.09,90.149,0
2021-06-13T20:00:00,90.124,90.674,90.083,90.619,0
2021-06-14T20:00:00,90.619,90.743,90.231,90.307,0
2021-06-15T20:00:00,90.318,90.426,89.973,90.17,0
2021-06-16T20:00:00,90.174,90.251,89.021,89.121,0
2021-06-17T20:00:00,89.128,89.365,88.344,88.383,0
2021-06-20T20:00:00,88.393,89.299,87.961,89.133,0
2021-06-21T20:00:00,89.134,89.963,89.017,89.885,0
2021-06-22T20:00:00,89.888,90.404,89.852,90.157,0
2021-06-23T20:00:00,90.158,90.321,89.824,89.95,0
2021-06-24T20:00:00,89.948,90.214,89.871,90.064,0
2021-06-27T20:00:00,90.051,90.161,89.539,89.656,0
2021-06-28T20:00:00,89.672,89.679,89.06,89.061,0
2021-06-29T20:00:00,89.067,89.735,88.901,89.609,0
2021-06-30T20:00:00,89.609,90.109,89.494,89.66,0
2021-07-01T20:00:00,89.663,90.188,89.595,90.054,0
2021-07-04T20:00:00,90.044,90.166,89.685,89.87,0
2021-07-05T20:00:00,89.878,90.102,88.485,88.722,0
2021-07-06T20:00:00,88.721,89.128,88.404,88.662,0
2021-07-07T20:00:00,88.651,88.718,87.102,87.432,0
2021-07-08T20:00:00,87.429,88.497,87.368,88.417,0
2021-07-11T20:00:00,88.434,88.635,87.984,88.616,0
2021-07-12T20:00:00,88.612,88.709,88.013,88.381,0
2021-07-13T20:00:00,88.377,88.563,87.84,87.887,0
2021-07-14T20:00:00,87.889,87.918,87.052,87.182,0
2021-07-15T20:00:00,87.202,87.723,87.123,87.234,0
2021-07-18T20:00:00,87.26,87.269,85.421,85.785,0
2021-07-19T20:00:00,85.786,86.667,85.563,86.599,0
2021-07-20T20:00:00,86.584,87.997,86.263,87.789,0
2021-07-21T20:00:00,87.8,87.947,87.431,87.621,0
2021-07-22T20:00:00,87.615,88.04,87.518,87.964,0
2021-07-25T20:00:00,87.929,88.02,87.506,87.889,0
2021-07-26T20:00:00,87.9,88.002,87.079,87.095,0
2021-07-27T20:00:00,87.08,87.824,87.051,87.686,0
2021-07-28T20:00:00,87.662,88.171,87.549,87.918,0
2021-07-29T20:00:00,87.941,88.293,87.77,87.973,0
2021-08-01T20:00:00,87.832,88.066,87.262,87.358,0
2021-08-02T20:00:00,87.358,87.498,86.575,86.954,0
2021-08-03T20:00:00,86.954,87.439,86.661,87.3,0
2021-08-04T20:00:00,87.299,87.936,87.199,87.738,0
2021-08-05T20:00:00,87.736,88.036,87.653,87.773,0
2021-08-08T20:00:00,87.857,87.867,87.589,87.653,0
2021-08-09T20:00:00,87.634,88.323,87.589,88.288,0
2021-08-10T20:00:00,88.284,88.458,88.102,88.285,0
2021-08-11T20:00:00,88.285,88.375,88.057,88.108,0
2021-08-12T20:00:00,88.101,88.218,87.505,87.567,0
2021-08-15T20:00:00,87.605,87.685,86.741,86.823,0
2021-08-16T20:00:00,86.819,86.97,86.389,86.744,0
2021-08-17T20:00:00,86.752,87.141,86.591,86.696,0
2021-08-18T20:00:00,86.701,86.842,85.501,85.501,0
2021-08-19T20:00:00,85.505,85.737,84.668,85.614,0
2021-08-22T20:00:00,85.45,86.765,85.284,86.607,0
2021-08-23T20:00:00,86.605,87.165,86.604,87.018,0
2021-08-24T20:00:00,87.02,87.381,86.887,87.352,0
2021-08-25T20:00:00,87.35,87.496,86.657,86.762,0
2021-08-26T20:00:00,86.764,87.186,86.543,87.078,0
2021-08-29T20:00:00,87.019,87.43,86.89,87.183,0
2021-08-30T20:00:00,87.193,87.433,86.805,87.183,0
2021-08-31T20:00:00,87.179,87.728,87.089,87.089,0
2021-09-01T20:00:00,87.144,87.641,86.99,87.563,0
2021-09-02T20:00:00,87.565,87.887,87.378,87.56,0
2021-09-05T20:00:00,87.545,87.733,87.42,87.624,0
2021-09-06T20:00:00,87.553,87.718,87.151,87.18,0
2021-09-07T20:00:00,87.154,87.349,86.452,86.862,0
2021-09-08T20:00:00,86.863,86.901,86.377,86.598,0
2021-09-09T20:00:00,86.599,87.311,86.572,86.607,0
2021-09-12T20:00:00,86.631,87.011,86.321,86.897,0
2021-09-13T20:00:00,86.906,87.233,86.322,86.4,0
2021-09-14T20:00:00,86.403,86.632,85.958,86.593,0
2021-09-15T20:00:00,86.6,86.813,86.317,86.508,0
2021-09-16T20:00:00,86.493,87.02,86.089,86.112,0
2021-09-19T20:00:00,86.169,86.215,84.897,85.306,0
2021-09-20T20:00:00,85.291,86.02,85.027,85.143,0
2021-09-21T20:00:00,85.167,86.26,85.087,85.934,0
2021-09-22T20:00:00,85.928,87.204,85.841,87.166,0
2021-09-23T20:00:00,87.168,87.632,86.833,87.494,0
2021-09-26T20:00:00,87.452,87.975,87.195,87.891,0
2021-09-27T20:00:00,87.864,88.311,87.622,87.861,0
2021-09-28T20:00:00,87.859,88.093,87.639,87.759,0
2021-09-29T20:00:00,87.759,88.308,87.635,87.724,0
2021-09-30T20:00:00,87.732,87.959,87.179,87.85,0
2021-10-03T20:00:00,87.666,88.521,87.547,88.103,0
2021-10-04T20:00:00,88.092,88.827,87.962,88.557,0
2021-10-05T20:00:00,88.581,88.748,87.996,88.471,0
2021-10-06T20:00:00,88.453,88.997,88.336,88.921,0
2021-10-07T20:00:00,88.919,90.054,88.829,89.961,0
2021-10-10T20:00:00,89.865,91.021,89.695,90.711,0
2021-10-11T20:00:00,90.71,91.409,90.537,91.099,0
2021-10-12T20:00:00,91.066,91.347,90.92,91.015,0
2021-10-13T20:00:00,91.011,91.996,90.836,91.893,0
2021-10-14T20:00:00,91.892,92.666,91.798,92.412,0
2021-10-17T20:00:00,92.261,92.567,92.041,92.335,0
2021-10-18T20:00:00,92.308,92.698,92.238,92.538,0
2021-10-19T20:00:00,92.513,92.866,92.342,92.725,0
2021-10-20T20:00:00,92.691,93.02,91.846,92.11,0
2021-10-21T20:00:00,92.12,92.487,91.65,91.753,0
2021-10-24T20:00:00,91.769,92.141,91.673,91.819,0
2021-10-25T20:00:00,91.806,92.516,91.694,92.122,0
2021-10-26T20:00:00,92.123,92.469,91.243,92.093,0
2021-10-27T20:00:00,92.094,92.106,91.701,91.982,0
2021-10-28T20:00:00,91.985,92.257,91.718,92.027,0
2021-10-31T20:00:00,92.062,92.486,91.951,92.153,0
2021-11-01T20:00:00,92.154,92.235,91.423,91.755,0
2021-11-02T20:00:00,91.756,92.06,91.551,92.002,0
2021-11-03T20:00:00,91.966,92.2,91.12,91.306,0
2021-11-04T20:00:00,91.302,91.557,90.988,91.028,0
2021-11-07T19:00:00,91.051,91.298,90.739,90.987,0
2021-11-08T19:00:00,90.978,91.033,90.419,90.71,0
2021-11-09T19:00:00,90.713,91.703,90.635,91.151,0
2021-11-10T19:00:00,91.152,91.356,90.46,90.663,0
2021-11-11T19:00:00,90.66,90.856,90.439,90.774,0
2021-11-14T19:00:00,90.765,91.239,90.639,91.18,0
2021-11-15T19:00:00,91.179,91.473,91.026,91.39,0
2021-11-16T19:00:00,91.393,91.597,90.339,90.401,0
2021-11-17T19:00:00,90.403,90.732,90.224,90.594,0
2021-11-18T19:00:00,90.613,90.849,89.708,90.164,0
2021-11-21T19:00:00,90.109,90.597,90.008,90.428,0
2021-11-22T19:00:00,90.425,90.948,89.951,90.866,0
2021-11-23T19:00:00,90.867,91.234,90.539,91.102,0
2021-11-24T19:00:00,91.116,91.269,90.952,91.181,0
2021-11-25T19:00:00,91.176,91.176,88.388,88.605,0
2021-11-28T19:00:00,89.129,89.445,88.592,89.089,0
2021-11-29T19:00:00,89.089,89.399,88.003,88.54,0
2021-11-30T19:00:00,88.529,89.266,87.871,87.948,0
2021-12-01T19:00:00,87.94,88.671,87.829,88.247,0
2021-12-02T19:00:00,88.355,89.121,87.703,87.809,0
2021-12-05T19:00:00,87.853,88.998,87.758,88.945,0
2021-12-06T19:00:00,88.94,89.925,88.82,89.826,0
2021-12-07T19:00:00,89.824,90.361,89.492,89.781,0
2021-12-08T19:00:00,89.785,89.917,89.147,89.262,0
2021-12-09T19:00:00,89.256,89.6,88.984,89.098,0
2021-12-12T19:00:00,88.955,89.352,88.512,88.625,0
2021-12-13T19:00:00,88.629,88.846,88.333,88.333,0
2021-12-14T19:00:00,88.329,88.885,88.072,88.811,0
2021-12-15T19:00:00,88.831,89.439,88.642,88.928,0
2021-12-16T19:00:00,88.932,89.086,88.12,88.166,0
2021-12-19T19:00:00,88.088,88.226,87.437,87.735,0
2021-12-20T19:00:00,87.741,88.367,87.703,88.334,0
2021-12-21T19:00:00,88.34,88.953,88.193,88.849,0
2021-12-22T19:00:00,88.834,89.403,88.778,89.258,0
2021-12-23T19:00:00,89.25,89.439,89.069,89.246,0
2021-12-26T19:00:00,89.209,89.891,89.178,89.799,0
2021-12-27T19:00:00,89.789,89.886,89.446,89.526,0
2021-12-28T19:00:00,89.53,89.909,89.434,89.843,0
2021-12-29T19:00:00,89.833,90.352,89.793,90.314,0
2021-12-30T19:00:00,90.318,91.253,90.235,91.021,0
2022-01-02T19:00:00,91.073,91.148,90.218,90.485,0
2022-01-03T19:00:00,90.471,91.663,90.319,91.343,0
2022-01-04T19:00:00,91.336,91.526,90.857,90.991,0
2022-01-05T19:00:00,90.979,91.142,90.293,90.981,0
2022-01-06T19:00:00,90.98,91.498,90.899,91.387,0
2022-01-09T19:00:00,91.349,91.692,90.627,90.806,0
2022-01-10T19:00:00,90.833,91.799,90.783,91.679,0
2022-01-11T19:00:00,91.678,92.18,91.463,91.636,0
2022-01-12T19:00:00,91.635,91.785,91.142,91.185,0
2022-01-13T19:00:00,91.178,91.336,90.539,91.023,0
2022-01-16T19:00:00,91.021,91.655,90.852,91.561,0
2022-01-17T19:00:00,91.551,91.998,91.217,91.551,0
2022-01-18T19:00:00,91.556,91.938,91.282,91.342,0
2022-01-19T19:00:00,91.343,91.702,91.181,91.238,0
2022-01-20T19:00:00,91.23,91.284,90.283,90.334,0
2022-01-23T19:00:00,90.325,90.738,89.565,90.118,0
2022-01-24T19:00:00,90.119,90.428,89.796,90.137,0
2022-01-25T19:00:00,90.139,91.014,90.08,90.441,0
2022-01-26T19:00:00,90.436,91.167,90.096,90.529,0
2022-01-27T19:00:00,90.53,90.809,90.045,90.262,0
2022-01-30T19:00:00,90.223,90.81,90.157,90.538,0
2022-01-31T19:00:00,90.539,90.872,90.19,90.379,0
2022-02-01T19:00:00,90.387,90.509,89.947,90.329,0
2022-02-02T19:00:00,90.255,90.768,90.118,90.673,0
2022-02-03T19:00:00,90.665,90.782,90.137,90.259,0
2022-02-06T19:00:00,90.397,90.899,90.241,90.84,0
2022-02-07T19:00:00,90.833,91.061,90.725,90.887,0
2022-02-08T19:00:00,90.886,91.203,90.739,91.106,0
2022-02-09T19:00:00,91.105,91.708,91.03,91.189,0
2022-02-10T19:00:00,91.186,91.483,90.27,90.637,0
2022-02-13T19:00:00,90.546,90.912,90.019,90.735,0
2022-02-14T19:00:00,90.735,91.035,90.393,90.892,0
2022-02-15T19:00:00,90.894,91.394,90.823,90.995,0
2022-02-16T19:00:00,90.99,91.032,90.34,90.424,0
2022-02-17T19:00:00,90.431,90.957,90.172,90.189,0
2022-02-20T19:00:00,90.182,90.393,89.916,89.935,0
2022-02-21T19:00:00,89.938,90.547,89.689,90.094,0
2022-02-22T19:00:00,90.082,90.757,90.052,90.26,0
2022-02-23T19:00:00,90.271,90.408,89.228,90.107,0
2022-02-24T19:00:00,90.114,91.002,89.927,90.959,0
2022-02-27T19:00:00,90.199,91.004,90.156,90.704,0
2022-02-28T19:00:00,90.707,90.956,90.011,90.154,0
2022-03-01T19:00:00,90.156,91.478,90.086,91.445,0
2022-03-02T19:00:00,91.444,91.969,90.929,91.047,0
2022-03-03T19:00:00,91.045,91.141,89.802,90.186,0
2022-03-06T19:00:00,90.214,90.71,89.902,89.902,0
2022-03-07T19:00:00,89.911,90.299,89.658,89.711,0
2022-03-08T19:00:00,89.718,90.473,89.661,90.384,0
2022-03-09T19:00:00,90.386,91.053,90.285,90.935,0
2022-03-10T19:00:00,90.936,92.311,90.842,91.993,0
2022-03-13T20:00:00,92.091,92.592,92.023,92.155,0
2022-03-14T20:00:00,92.154,92.693,91.582,92.662,0
2022-03-15T20:00:00,92.669,93.687,92.528,93.619,0
2022-03-16T20:00:00,93.628,94.065,93.472,93.917,0
2022-03-17T20:00:00,93.916,94.616,93.766,94.53,0
2022-03-20T20:00:00,94.457,94.924,94.009,94.859,0
2022-03-21T20:00:00,94.84,96.137,94.803,96.082,0
2022-03-22T20:00:00,96.082,96.549,95.705,96.434,0
2022-03-23T20:00:00,96.418,97.7,96.223,97.649,0
2022-03-24T20:00:00,97.649,97.983,96.723,97.85,0
2022-03-27T20:00:00,97.703,100.193,97.643,98.874,0
2022-03-28T20:00:00,98.867,99.223,97.579,98.292,0
2022-03-29T20:00:00,98.295,98.57,97.086,97.536,0
2022-03-30T20:00:00,97.536,98.001,97.051,97.288,0
2022-03-31T20:00:00,97.258,98.42,97.144,97.916,0
2022-04-03T20:00:00,97.901,98.463,97.608,98.32,0
2022-04-04T20:00:00,98.319,99.282,97.996,98.978,0
2022-04-05T20:00:00,98.975,99.323,98.618,98.657,0
2022-04-06T20:00:00,98.659,98.802,98.194,98.393,0
2022-04-07T20:00:00,98.393,98.968,98.242,98.838,0
2022-04-10T20:00:00,98.648,99.85,98.492,99.224,0
2022-04-11T20:00:00,99.196,99.471,98.992,99.116,0
2022-04-12T20:00:00,99.11,100.037,99.071,99.85,0
2022-04-13T20:00:00,99.864,100.1,99.578,99.887,0
2022-04-14T20:00:00,99.892,100.512,99.705,100.152,0
2022-04-17T20:00:00,100.187,100.715,99.952,100.552,0
2022-04-18T20:00:00,100.55,102.174,100.468,102.115,0
2022-04-19T20:00:00,102.118,102.634,101.714,102.12,0
2022-04-20T20:00:00,102.106,102.949,101.85,101.986,0
2022-04-21T20:00:00,101.986,102.143,100.932,101.097,0
2022-04-24T20:00:00,100.992,101.338,99.81,100.611,0
2022-04-25T20:00:00,100.603,101.015,99.147,99.191,0
2022-04-26T20:00:00,99.19,100.299,99.004,100.121,0
2022-04-27T20:00:00,100.129,102.461,100.045,102.128,0
2022-04-28T20:00:00,102.132,102.417,100.782,101.005,0
2022-05-01T20:00:00,101.022,101.424,100.614,100.942,0
2022-05-02T20:00:00,100.943,101.422,100.862,101.312,0
2022-05-03T20:00:00,101.262,101.746,100.883,101.213,0
2022-05-04T20:00:00,101.206,101.998,100.982,101.389,0
2022-05-05T20:00:00,101.393,101.856,101.018,101.155,0
2022-05-08T20:00:00,101.068,101.494,100.059,100.065,0
2022-05-09T20:00:00,100.074,100.473,99.592,100.121,0
2022-05-10T20:00:00,100.117,100.756,99.573,100.011,0
2022-05-11T20:00:00,99.998,100.078,97.792,98.346,0
2022-05-12T20:00:00,98.351,100.171,98.274,100.128,0
2022-05-15T20:00:00,99.965,100.686,99.164,100.496,0
2022-05-16T20:00:00,100.512,101.119,100.262,100.957,0
2022-05-17T20:00:00,100.966,101.15,99.385,99.458,0
2022-05-18T20:00:00,99.461,100.56,99.111,99.62,0
2022-05-19T20:00:00,99.608,100.386,99.272,99.677,0
2022-05-22T20:00:00,99.542,100.164,99.206,100.155,0
2022-05-23T20:00:00,100.155,100.159,98.289,98.878,0
2022-05-24T20:00:00,98.875,99.449,98.462,99.298,0
2022-05-25T20:00:00,99.297,99.674,98.694,99.481,0
2022-05-26T20:00:00,99.477,99.953,99.283,99.928,0
2022-05-29T20:00:00,99.743,100.882,99.584,100.768,0
2022-05-30T20:00:00,100.76,101.963,100.633,101.654,0
2022-05-31T20:00:00,101.659,103.095,101.656,102.781,0
2022-06-01T20:00:00,102.771,103.34,102.454,103.26,0
2022-06-02T20:00:00,103.261,104.108,103.085,103.863,0
2022-06-05T20:00:00,103.857,104.978,103.607,104.812,0
2022-06-06T20:00:00,104.802,105.894,104.778,105.745,0
2022-06-07T20:00:00,105.749,107.209,105.728,106.878,0
2022-06-08T20:00:00,106.835,107.17,105.701,105.747,0
2022-06-09T20:00:00,105.751,105.882,104.607,105.116,0
2022-06-12T20:00:00,105.034,105.502,103.823,104.199,0
2022-06-13T20:00:00,104.197,104.692,103.683,104.573,0
2022-06-14T20:00:00,104.557,104.648,103.454,103.807,0
2022-06-15T20:00:00,103.815,104.531,101.652,102.038,0
2022-06-16T20:00:00,102.029,104.013,101.954,103.585,0
2022-06-19T20:00:00,103.56,104.142,103.319,103.97,0
2022-06-20T20:00:00,103.977,105.845,103.914,105.57,0
2022-06-21T20:00:00,105.541,105.817,104.591,105.219,0
2022-06-22T20:00:00,105.223,105.223,103.528,103.762,0
2022-06-23T20:00:00,103.817,104.888,103.49,104.846,0
2022-06-26T20:00:00,104.554,105.24,104.19,105.108,0
2022-06-27T20:00:00,105.109,106.237,104.95,105.697,0
2022-06-28T20:00:00,105.692,106.421,105.437,105.897,0
2022-06-29T20:00:00,105.889,106.083,105.14,105.33,0
2022-06-30T20:00:00,105.425,105.657,104.152,104.971,0
2022-07-03T20:00:00,104.899,105.581,104.474,105.325,0
2022-07-04T20:00:00,105.331,106.129,103.644,104.126,0
2022-07-05T20:00:00,104.114,104.382,103.36,104.127,0
2022-07-06T20:00:00,104.122,104.877,103.863,104.857,0
2022-07-07T20:00:00,104.855,105.218,104.093,105.201,0
2022-07-10T20:00:00,104.929,105.838,104.919,105.633,0
2022-07-11T20:00:00,105.621,105.747,104.637,105.039,0
2022-07-12T20:00:00,105.069,106.291,104.893,105.821,0
2022-07-13T20:00:00,105.826,106.919,105.265,105.878,0
2022-07-14T20:00:00,105.863,106.465,105.485,106.337,0
2022-07-17T20:00:00,106.382,107.012,106.107,106.493,0
2022-07-18T20:00:00,106.492,107.403,106.105,107.359,0
2022-07-19T20:00:00,107.358,107.551,106.968,107.271,0
2022-07-20T20:00:00,107.19,107.643,106.67,106.723,0
2022-07-21T20:00:00,106.72,107.053,105.258,105.35,0
2022-07-24T20:00:00,105.31,106.486,105.051,106.315,0
2022-07-25T20:00:00,106.314,106.621,105.844,106.124,0
2022-07-26T20:00:00,106.128,106.635,106.113,106.329,0
2022-07-27T20:00:00,106.322,106.504,104.566,104.823,0
2022-07-28T20:00:00,104.819,105.153,103.543,104.089,0
2022-07-31T20:00:00,104.051,104.228,102.411,102.413,0
2022-08-01T20:00:00,102.407,103.48,101.403,103.372,0
2022-08-02T20:00:00,103.353,104.577,102.874,104.216,0
2022-08-03T20:00:00,104.215,104.706,103.23,103.231,0
2022-08-04T20:00:00,103.225,104.737,102.941,104.344,0
2022-08-07T20:00:00,104.379,105.046,104.168,104.956,0
2022-08-08T20:00:00,104.955,105.089,104.616,104.691,0
2022-08-09T20:00:00,104.698,104.948,103.191,103.978,0
2022-08-10T20:00:00,103.972,104.334,103.221,104.154,0
2022-08-11T20:00:00,104.157,104.72,104.078,104.505,0
2022-08-14T20:00:00,104.217,104.56,102.592,103.28,0
2022-08-15T20:00:00,103.279,104.651,102.9,104.417,0
2022-08-16T20:00:00,104.417,104.945,104.206,104.505,0
2022-08-17T20:00:00,104.517,105.086,104.297,104.908,0
2022-08-18T20:00:00,104.911,105.618,104.807,105.339,0
2022-08-21T20:00:00,105.34,105.774,105.024,105.241,0
2022-08-22T20:00:00,105.248,105.768,104.87,105.553,0
2022-08-23T20:00:00,105.583,105.811,105.079,105.709,0
2022-08-24T20:00:00,105.681,105.899,105.421,105.582,0
2022-08-25T20:00:00,105.573,105.993,105.285,105.425,0
2022-08-28T20:00:00,105.524,106.806,105.409,106.594,0
2022-08-29T20:00:00,106.588,106.678,105.79,105.958,0
2022-08-30T20:00:00,105.955,106.077,105.601,105.791,0
2022-08-31T20:00:00,105.791,106.586,105.478,106.565,0
2022-09-01T20:00:00,106.488,107.169,106.392,106.815,0
2022-09-04T20:00:00,106.694,107.084,106.577,106.917,0
2022-09-05T20:00:00,106.923,108.973,106.849,108.536,0
2022-09-06T20:00:00,108.532,110.105,108.433,109.455,0
2022-09-07T20:00:00,109.448,110.098,109.173,109.999,0
2022-09-08T20:00:00,110.002,110.232,108.903,109.528,0
2022-09-11T20:00:00,108.886,110.222,108.816,109.915,0
2022-09-12T20:00:00,109.915,110.525,109.147,109.795,0
2022-09-13T20:00:00,109.79,109.995,108.256,108.516,0
2022-09-14T20:00:00,108.512,109.164,108.372,108.451,0
2022-09-15T20:00:00,108.442,108.464,107.484,107.741,0
2022-09-18T20:00:00,107.705,108.113,107.471,108.062,0
2022-09-19T20:00:00,108.063,108.332,107.403,107.517,0
2022-09-20T20:00:00,107.517,107.8,106.923,106.967,0
2022-09-21T20:00:00,106.964,108.147,104.564,105.516,0
2022-09-22T20:00:00,105.52,105.833,105.155,105.42,0
2022-09-25T20:00:00,105.525,106.011,104.705,105.333,0
2022-09-26T20:00:00,105.313,105.793,105.088,105.448,0
2022-09-27T20:00:00,105.449,105.922,104.614,105.803,0
2022-09-28T20:00:00,105.853,106.003,105.139,105.525,0
2022-09-29T20:00:00,105.572,105.793,104.634,104.776,0
2022-10-02T20:00:00,104.645,106.224,104.505,106.141,0
2022-10-03T20:00:00,106.047,106.72,105.921,106.621,0
2022-10-04T20:00:00,106.424,106.759,105.707,106.192,0
2022-10-05T20:00:00,106.094,106.531,105.448,105.583,0
2022-10-06T20:00:00,105.552,106.153,105.055,105.87,0
2022-10-09T20:00:00,105.739,106.2,105.672,105.686,0
2022-10-10T20:00:00,105.659,106.108,105.105,105.693,0
2022-10-11T20:00:00,105.692,106.68,105.549,106.301,0
2022-10-12T20:00:00,106.303,107.227,105.059,106.953,0
2022-10-13T20:00:00,106.982,107.552,106.844,107.159,0
2022-10-16T20:00:00,107.061,108.676,106.895,108.649,0
2022-10-17T20:00:00,108.645,108.926,107.693,108.541,0
2022-10-18T20:00:00,108.54,108.957,108.36,108.857,0
2022-10-19T20:00:00,108.836,109.672,108.576,109.065,0
2022-10-20T20:00:00,109.056,110.355,106.514,108.175,0
2022-10-23T20:00:00,108.23,109.564,106.652,108.557,0
2022-10-24T20:00:00,108.447,108.863,108.278,108.698,0
2022-10-25T20:00:00,108.556,109.023,107.316,107.912,0
2022-10-26T20:00:00,107.84,108.079,107.097,107.803,0
2022-10-27T20:00:00,107.803,108.628,107.43,108.386,0
2022-10-30T20:00:00,108.48,109.22,108.127,109.096,0
2022-10-31T20:00:00,109.031,109.302,108.386,108.743,0
2022-11-01T20:00:00,108.643,108.814,107.458,107.856,0
2022-11-02T20:00:00,107.7,108.035,107.161,107.86,0
2022-11-03T20:00:00,107.7,109.023,107.672,108.781,0
2022-11-06T19:00:00,108.481,108.981,107.936,108.661,0
2022-11-07T19:00:00,108.665,108.734,108.121,108.409,0
2022-11-08T19:00:00,108.406,108.92,108.142,108.28,0
2022-11-09T19:00:00,108.281,108.315,105.886,105.981,0
2022-11-10T19:00:00,105.982,106.72,104.349,104.58,0
2022-11-13T19:00:00,104.37,105.932,104.291,104.917,0
2022-11-14T19:00:00,104.954,105.659,104.083,104.767,0
2022-11-15T19:00:00,104.795,105.51,104.496,104.596,0
2022-11-16T19:00:00,104.6,105.375,104.357,105.208,0
2022-11-17T19:00:00,105.207,105.423,104.353,104.827,0
2022-11-20T19:00:00,104.856,105.815,104.603,105.656,0
2022-11-21T19:00:00,105.598,105.769,105.327,105.556,0
2022-11-22T19:00:00,105.553,105.722,104.099,104.521,0
2022-11-23T19:00:00,104.52,104.532,103.413,103.701,0
2022-11-24T19:00:00,103.682,104.541,103.681,103.889,0
2022-11-27T19:00:00,103.843,104.03,102.312,102.931,0
2022-11-28T19:00:00,102.92,103.287,101.363,101.925,0
2022-11-29T19:00:00,101.933,103.466,101.933,102.913,0
2022-11-30T19:00:00,102.916,102.916,100.558,100.73,0
2022-12-01T19:00:00,100.69,100.827,99.483,99.756,0
2022-12-04T19:00:00,99.855,101.128,99.685,100.52,0
2022-12-05T19:00:00,100.521,101.038,99.845,100.275,0
2022-12-06T19:00:00,100.244,100.93,99.829,100.048,0
2022-12-07T19:00:00,100.056,100.705,99.788,100.456,0
2022-12-08T19:00:00,100.45,100.628,99.382,100.059,0
2022-12-11T19:00:00,100.06,101.106,99.935,100.904,0
2022-12-12T19:00:00,100.901,101.208,99.47,100.08,0
2022-12-13T19:00:00,100.083,100.132,99.277,99.974,0
2022-12-14T19:00:00,99.967,101.142,99.748,100.847,0
2022-12-15T19:00:00,100.802,100.905,99.515,99.81,0
2022-12-18T19:00:00,99.295,100.457,99.182,100.282,0
2022-12-19T19:00:00,100.227,100.762,95.851,96.751,0
2022-12-20T19:00:00,96.587,97.35,96.571,97.307,0
2022-12-21T19:00:00,97.312,97.312,96.726,96.78,0
2022-12-22T19:00:00,96.854,97.908,96.727,97.664,0
2022-12-25T19:00:00,97.31,97.577,97.127,97.517,0
2022-12-26T19:00:00,97.751,98.919,97.7,98.697,0
2022-12-27T19:00:00,98.506,99.299,98.453,98.759,0
2022-12-28T19:00:00,98.702,98.79,97.979,98.18,2
2022-12-29T19:00:00,97.99,98.218,96.464,96.746,0
2023-01-01T19:00:00,96.518,96.842,96.055,96.289,0
2023-01-02T19:00:00,96.277,96.873,95.398,95.788,0
2023-01-03T19:00:00,95.788,98.464,95.521,98.393,0
2023-01-04T19:00:00,98.397,98.851,97.625,98.244,0
2023-01-05T19:00:00,98.258,98.983,98.092,98.279,0
2023-01-08T19:00:00,98.064,99.079,97.923,98.509,0
2023-01-09T19:00:00,98.508,98.765,98.18,98.487,0
2023-01-10T19:00:00,98.413,98.946,98.269,98.557,0
2023-01-11T19:00:00,98.552,98.658,96.536,96.582,0
2023-01-12T19:00:00,96.621,96.79,95.084,95.458,0
2023-01-15T19:00:00,95.357,96.129,95.239,95.838,0
2023-01-16T19:00:00,95.838,96.23,95.598,95.605,0
2023-01-17T19:00:00,95.607,98.293,95.37,95.508,0
2023-01-18T19:00:00,95.5,95.535,94.63,95.344,0
2023-01-19T19:00:00,95.338,96.958,95.309,96.834,0
2023-01-22T19:00:00,96.672,97.777,96.51,97.739,0
2023-01-23T19:00:00,97.649,97.818,97.158,97.354,0
2023-01-24T19:00:00,97.322,97.781,96.338,96.76,0
2023-01-25T19:00:00,96.76,97.796,96.288,97.738,0
2023-01-26T19:00:00,97.744,97.748,97.239,97.532,0
2023-01-29T19:00:00,97.423,97.868,96.996,97.314,0
2023-01-30T19:00:00,97.326,97.871,96.715,97.739,0
2023-01-31T19:00:00,97.724,97.963,96.632,97.01,0
2023-02-01T19:00:00,96.977,97.232,96.365,96.585,0
2023-02-02T19:00:00,96.562,98.066,96.048,97.857,0
2023-02-05T19:00:00,98.678,98.861,98.034,98.633,0
2023-02-06T19:00:00,98.608,98.712,97.466,97.719,0
2023-02-07T19:00:00,97.718,98.064,97.587,97.683,0
2023-02-08T19:00:00,97.66,98.044,97.358,97.763,0
2023-02-09T19:00:00,97.755,98.554,96.63,98.44,0
2023-02-12T19:00:00,98.247,99.546,98.247,99.274,2
2023-02-13T19:00:00,99.276,99.811,98.815,99.799,2
2023-02-14T19:00:00,99.786,100.277,99.321,100.152,2
2023-02-15T19:00:00,100.135,100.158,99.446,99.527,2
2023-02-16T19:00:00,99.518,99.943,99.396,99.551,2
2023-02-19T19:00:00,99.513,99.818,99.395,99.738,2
2023-02-20T19:00:00,99.707,100.296,99.533,99.691,2
2023-02-21T19:00:00,99.675,99.794,99.288,99.391,2
2023-02-22T19:00:00,99.391,99.908,99.265,99.423,2
2023-02-23T19:00:00,99.412,100.312,99.035,100.301,2
2023-02-26T19:00:00,100.146,100.516,100.002,100.283,2
2023-02-27T19:00:00,100.278,100.874,99.706,99.728,2
2023-02-28T19:00:00,99.729,100.226,99.49,100.125,2
2023-03-01T19:00:00,100.122,100.611,100.039,100.579,2
2023-03-02T19:00:00,100.543,100.63,99.671,99.896,2
2023-03-05T19:00:00,99.848,100.094,99.589,99.843,2
2023-03-06T19:00:00,99.814,100.019,99.463,99.718,2
2023-03-07T19:00:00,99.718,100.175,99.091,99.466,2
2023-03-08T19:00:00,99.492,99.511,98.362,98.452,2
2023-03-09T19:00:00,98.45,99.023,97.226,97.67,2
2023-03-12T20:00:00,97.251,98.081,95.944,96.996,2
2023-03-13T20:00:00,96.972,98.704,96.831,98.065,2
2023-03-14T20:00:00,98.067,98.628,95.897,96.893,2
2023-03-15T20:00:00,96.903,97.547,95.73,97.453,2
2023-03-16T20:00:00,97.307,97.486,95.806,95.967,2
2023-03-19T20:00:00,95.896,96.871,95.024,96.101,2
2023-03-20T20:00:00,96.069,96.928,95.789,96.616,2
2023-03-21T20:00:00,96.534,97.117,95.458,95.692,2
2023-03-22T20:00:00,95.664,96.325,94.894,95.357,2
2023-03-23T20:00:00,95.319,95.451,94.069,95.131,2
2023-03-26T20:00:00,95.02,96.491,94.906,96.294,2
2023-03-27T20:00:00,96.246,96.318,95.499,96.196,2
2023-03-28T20:00:00,96.182,98.006,96.162,97.977,2
2023-03-29T20:00:00,97.956,98.212,97.568,98.103,2
2023-03-30T20:00:00,98.063,98.742,97.938,98.274,2
2023-04-02T20:00:00,98.798,99.056,98.243,98.524,2
2023-04-03T20:00:00,98.558,99.18,97.69,97.949,2
2023-04-04T20:00:00,97.893,98.092,97.095,97.536,2
2023-04-05T20:00:00,97.483,97.87,97.162,97.649,2
2023-04-06T20:00:00,97.657,97.936,97.353,97.748,2
2023-04-09T20:00:00,97.691,98.939,97.609,98.89,2
2023-04-10T20:00:00,98.837,99.341,98.47,99.232,2
2023-04-11T20:00:00,99.219,99.543,98.679,99.041,2
2023-04-12T20:00:00,98.996,99.566,98.726,99.378,2
2023-04-13T20:00:00,99.366,100.158,99.206,100.11,2
2023-04-16T20:00:00,99.993,100.48,99.978,100.357,2
2023-04-17T20:00:00,100.354,100.594,100.028,100.143,2
2023-04-18T20:00:00,100.126,100.561,99.949,100.072,2
2023-04-19T20:00:00,100.033,100.245,99.527,99.597,2
2023-04-20T20:00:00,99.595,99.648,98.679,99.052,2
2023-04-23T20:00:00,98.983,99.524,98.839,99.132,2
2023-04-24T20:00:00,99.114,99.319,97.753,98.121,2
2023-04-25T20:00:00,98.104,98.358,97.555,98.014,2
2023-04-26T20:00:00,98.015,98.622,97.79,98.514,2
2023-04-27T20:00:00,98.485,100.675,97.999,100.616,2
2023-04-30T20:00:00,100.564,101.594,100.459,101.519,2
2023-05-01T20:00:00,101.483,101.803,100.001,100.218,2
2023-05-02T20:00:00,100.175,100.259,98.934,98.935,2
2023-05-03T20:00:00,98.833,99.233,98.385,99.168,2
2023-05-04T20:00:00,99.126,100.822,99.076,100.804,2
2023-05-07T20:00:00,100.628,101.42,100.628,100.946,2
2023-05-08T20:00:00,100.941,101.188,100.676,100.979,2
2023-05-09T20:00:00,100.941,101.277,100.012,100.439,2
2023-05-10T20:00:00,100.392,100.589,99.364,99.566,3
2023-05-11T20:00:00,99.559,100.218,99.559,100.113,2
2023-05-14T20:00:00,100.059,101.133,100.04,101.068,2
2023-05-15T20:00:00,101.063,101.683,100.69,101.164,2
2023-05-16T20:00:00,101.162,102.385,101.137,102.317,2
2023-05-17T20:00:00,102.257,102.84,101.933,102.708,2
2023-05-18T20:00:00,102.731,102.911,101.662,102.204,2
2023-05-21T20:00:00,102.085,102.655,101.868,102.617,2
2023-05-22T20:00:00,102.612,102.899,102.162,102.619,2
2023-05-23T20:00:00,102.575,102.68,102.12,102.586,2
2023-05-24T20:00:00,102.446,102.85,102.093,102.661,2
2023-05-25T20:00:00,102.653,103.33,102.362,103.24,2
2023-05-28T20:00:00,103.266,103.554,102.959,103.323,2
2023-05-29T20:00:00,103.202,103.591,102.603,102.764,2
2023-05-30T20:00:00,102.782,103.018,102.148,102.633,2
2023-05-31T20:00:00,102.62,103.326,102.388,103.193,2
2023-06-01T20:00:00,103.126,104.275,103.125,104.216,2
2023-06-04T20:00:00,104.194,104.589,103.502,103.811,2
2023-06-05T20:00:00,103.764,104.347,103.614,104.171,2
2023-06-06T20:00:00,104.156,104.879,103.702,104.779,2
2023-06-07T20:00:00,104.696,104.871,103.703,104.0,2
2023-06-08T20:00:00,103.89,104.77,103.837,104.468,2
2023-06-11T20:00:00,104.295,104.768,104.277,104.418,2
2023-06-12T20:00:00,104.373,105.45,104.129,105.269,2
2023-06-13T20:00:00,105.268,105.396,104.776,105.13,2
2023-06-14T20:00:00,105.054,106.244,105.009,106.059,2
2023-06-15T20:00:00,106.075,107.657,105.737,107.501,2
2023-06-18T20:00:00,107.374,107.646,106.977,107.466,2
2023-06-19T20:00:00,107.423,107.663,106.553,106.862,2
2023-06-20T20:00:00,106.867,107.894,106.798,107.773,2
2023-06-21T20:00:00,107.657,108.901,107.592,108.815,2
2023-06-22T20:00:00,108.806,109.092,108.01,109.029,2
2023-06-25T20:00:00,108.783,109.266,108.6,109.083,2
2023-06-26T20:00:00,109.023,109.504,108.759,109.203,2
2023-06-27T20:00:00,109.184,109.201,108.622,108.978,2
2023-06-28T20:00:00,108.929,109.383,108.636,109.179,2
2023-06-29T20:00:00,109.199,109.411,108.729,108.913,2
2023-07-02T20:00:00,109.053,109.362,108.795,109.144,2
2023-07-03T20:00:00,109.142,109.359,108.997,109.233,2
2023-07-04T20:00:00,109.091,109.387,108.502,108.91,2
2023-07-05T20:00:00,108.793,108.882,107.736,107.759,2
2023-07-06T20:00:00,107.725,107.835,106.819,107.016,2
2023-07-09T20:00:00,107.041,107.598,106.387,106.4,2
2023-07-10T20:00:00,106.406,106.62,105.646,106.056,2
2023-07-11T20:00:00,106.093,106.093,104.785,105.022,2
2023-07-12T20:00:00,104.904,105.489,104.744,105.295,2
2023-07-13T20:00:00,105.159,105.927,104.719,104.985,2
2023-07-16T20:00:00,105.03,105.717,104.376,105.079,2
2023-07-17T20:00:00,105.087,105.517,104.242,105.416,2
2023-07-18T20:00:00,105.393,106.348,105.3,106.04,2
2023-07-19T20:00:00,105.979,106.61,105.879,106.327,2
2023-07-20T20:00:00,106.307,107.796,106.073,107.259,2
2023-07-23T20:00:00,107.071,107.536,106.779,107.433,2
2023-07-24T20:00:00,107.378,107.66,106.851,106.962,2
2023-07-25T20:00:00,106.969,107.056,105.896,106.178,2
2023-07-26T20:00:00,106.138,107.084,104.791,105.418,2
2023-07-27T20:00:00,105.348,106.689,104.21,106.549,2
2023-07-30T20:00:00,106.428,108.124,106.175,107.851,2
2023-07-31T20:00:00,107.847,108.128,107.517,107.909,2
2023-08-01T20:00:00,107.887,107.891,106.831,107.35,2
2023-08-02T20:00:00,107.341,107.76,106.37,106.708,2
2023-08-03T20:00:00,106.65,107.052,105.896,105.921,2
2023-08-06T20:00:00,105.865,106.641,105.828,106.557,2
2023-08-07T20:00:00,106.566,107.091,105.883,106.806,2
2023-08-08T20:00:00,106.703,107.19,106.558,107.079,4
2023-08-09T20:00:00,107.046,107.877,106.952,107.623,2
2023-08-10T20:00:00,107.601,107.935,107.375,107.785,2
2023-08-13T20:00:00,107.777,108.136,107.513,108.128,3
2023-08-14T20:00:00,108.102,108.276,107.647,107.84,2
2023-08-15T20:00:00,107.823,108.19,107.612,108.134,2
2023-08-16T20:00:00,108.07,108.224,107.504,107.655,2
2023-08-17T20:00:00,107.652,107.681,107.022,107.28,2
2023-08-20T20:00:00,107.272,108.206,107.098,107.942,2
2023-08-21T20:00:00,107.785,108.027,107.44,107.662,2
2023-08-22T20:00:00,107.592,107.635,106.537,107.081,2
2023-08-23T20:00:00,107.031,107.67,106.894,107.368,2
2023-08-24T20:00:00,107.363,107.71,107.225,107.638,2
2023-08-27T20:00:00,107.68,108.026,107.594,107.741,2
2023-08-28T20:00:00,107.727,108.111,107.35,107.633,2
2023-08-29T20:00:00,107.593,108.104,107.427,108.059,2
2023-08-30T20:00:00,108.009,108.124,107.295,107.736,2
2023-08-31T20:00:00,107.499,107.825,106.689,107.598,2
2023-09-03T20:00:00,107.337,107.779,107.337,107.76,2
2023-09-04T20:00:00,107.683,108.543,107.452,108.28,2
2023-09-05T20:00:00,108.256,108.328,107.793,108.269,2
2023-09-06T20:00:00,108.294,108.373,107.416,107.628,2
2023-09-07T20:00:00,107.574,108.459,107.158,108.344,2
2023-09-10T20:00:00,107.769,108.113,107.268,107.981,2
2023-09-11T20:00:00,107.906,108.666,107.82,108.518,2
2023-09-12T20:00:00,108.464,109.094,108.44,108.835,2
2023-09-13T20:00:00,108.689,109.202,108.591,109.172,2
2023-09-14T20:00:00,109.125,109.487,109.027,109.301,2
2023-09-17T20:00:00,109.175,109.642,109.153,109.446,2
2023-09-18T20:00:00,109.406,110.442,109.354,109.948,2
2023-09-19T20:00:00,109.928,110.241,109.761,110.188,2
2023-09-20T20:00:00,110.185,110.185,109.218,109.446,2
2023-09-21T20:00:00,109.372,110.42,109.35,110.039,2
2023-09-24T20:00:00,109.902,110.668,109.755,110.651,2
2023-09-25T20:00:00,110.631,110.691,110.101,110.271,2
2023-09-26T20:00:00,110.197,110.879,110.162,110.845,2
2023-09-27T20:00:00,110.712,110.875,110.434,110.688,2
2023-09-28T20:00:00,110.618,111.167,109.987,110.07,2
2023-10-01T20:00:00,110.065,110.36,109.467,109.576,2
2023-10-02T20:00:00,109.564,109.597,107.515,108.667,2
2023-10-03T20:00:00,108.67,108.946,108.136,108.488,2
2023-10-04T20:00:00,108.347,108.459,107.977,108.369,2
2023-10-05T20:00:00,108.213,109.423,108.209,109.267,2
2023-10-08T20:00:00,108.973,109.367,108.938,109.277,2
2023-10-09T20:00:00,109.157,109.669,109.13,109.475,2
2023-10-10T20:00:00,109.437,109.773,109.273,109.73,2
2023-10-11T20:00:00,109.533,109.943,109.309,109.423,2
2023-10-12T20:00:00,109.381,109.746,109.288,109.506,2
2023-10-15T20:00:00,109.269,109.983,109.16,109.846,2
2023-10-16T20:00:00,109.83,109.923,109.114,109.76,2
2023-10-17T20:00:00,109.727,109.956,109.271,109.308,2
2023-10-18T20:00:00,109.286,109.447,109.022,109.181,2
2023-10-19T20:00:00,109.134,109.671,109.082,109.295,2
2023-10-22T20:00:00,109.157,109.548,109.126,109.342,2
2023-10-23T20:00:00,109.229,109.479,108.912,109.098,2
2023-10-24T20:00:00,109.102,109.134,108.562,108.893,2
2023-10-25T20:00:00,108.829,109.147,108.612,108.723,2
2023-10-26T20:00:00,108.704,108.842,107.712,107.846,2
2023-10-29T20:00:00,107.794,108.4,107.484,107.807,2
2023-10-30T20:00:00,107.796,109.35,107.684,109.245,2
2023-10-31T20:00:00,109.244,109.324,108.69,108.939,2
2023-11-01T20:00:00,108.886,109.551,108.497,109.459,0
2023-11-02T20:00:00,109.387,109.526,109.002,109.32,0
2023-11-05T19:00:00,109.292,109.764,109.255,109.534,0
2023-11-06T19:00:00,109.534,109.614,109.178,109.191,0
2023-11-07T19:00:00,109.179,109.497,109.125,109.456,0
2023-11-08T19:00:00,109.452,109.773,109.334,109.594,0
2023-11-09T19:00:00,109.59,109.835,109.351,109.794,0
2023-11-12T19:00:00,109.696,110.013,109.472,109.872,0
2023-11-13T19:00:00,109.892,109.97,109.481,109.819,0
2023-11-14T19:00:00,109.815,110.673,109.694,110.598,0
2023-11-15T19:00:00,110.587,110.608,109.282,109.58,0
2023-11-16T19:00:00,109.575,109.619,108.722,109.091,0
2023-11-19T19:00:00,108.778,109.308,107.945,108.098,0
2023-11-20T19:00:00,108.091,108.435,107.23,108.304,0
2023-11-21T19:00:00,108.294,109.309,108.052,109.252,0
2023-11-22T19:00:00,109.241,109.248,108.914,109.18,0
2023-11-23T19:00:00,109.16,109.984,108.899,109.534,0
2023-11-26T19:00:00,109.485,109.776,108.945,109.179,0
2023-11-27T19:00:00,109.171,109.483,108.595,108.644,0
2023-11-28T19:00:00,108.635,108.849,108.207,108.347,0
2023-11-29T19:00:00,108.345,109.459,108.064,109.276,0
2023-11-30T19:00:00,109.271,109.654,108.558,108.792,0
2023-12-03T19:00:00,108.575,108.84,108.147,108.74,0
2023-12-04T19:00:00,108.738,108.846,107.988,108.256,0
2023-12-05T19:00:00,108.25,108.692,108.135,108.365,0
2023-12-06T19:00:00,108.37,108.37,104.277,105.965,0
2023-12-07T19:00:00,105.951,106.795,104.89,106.692,0
2023-12-10T19:00:00,106.613,108.033,106.608,107.664,0
2023-12-11T19:00:00,107.671,107.671,106.818,107.025,0
2023-12-12T19:00:00,107.025,107.345,105.688,105.693,0
2023-12-13T19:00:00,105.692,105.893,104.733,105.804,0
2023-12-14T19:00:00,105.797,106.408,105.714,106.284,0
2023-12-17T19:00:00,106.118,106.973,106.102,106.546,0
2023-12-18T19:00:00,106.528,108.279,106.066,107.876,0
2023-12-19T19:00:00,107.865,108.036,107.369,107.372,0
2023-12-20T19:00:00,107.376,107.463,106.567,106.965,0
2023-12-21T19:00:00,106.967,107.57,106.817,107.312,0
2023-12-24T19:00:00,106.876,107.475,106.875,107.261,0
2023-12-25T19:00:00,106.96,108.003,106.959,107.904,0
2023-12-26T19:00:00,107.903,108.27,107.113,107.366,0
2023-12-27T19:00:00,107.364,107.366,106.323,106.853,2
2023-12-28T19:00:00,106.841,107.215,106.384,106.409,1
2023-12-31T19:00:00,106.102,106.278,106.101,106.278,201
2024-01-01T19:00:00,105.933,107.073,105.92,106.584,0
2024-01-02T19:00:00,106.585,107.61,106.382,107.313,0
2024-01-03T19:00:00,107.307,108.447,106.997,108.336,0
2024-01-04T19:00:00,108.325,109.019,108.034,108.222,0
2024-01-07T19:00:00,107.823,108.434,107.445,108.052,0
2024-01-08T19:00:00,108.046,108.06,107.227,107.889,0
2024-01-09T19:00:00,107.886,108.982,107.761,108.928,0
2024-01-10T19:00:00,108.926,109.239,108.391,108.453,0
2024-01-11T19:00:00,108.458,108.787,107.997,108.07,0
2024-01-14T19:00:00,107.798,108.772,107.793,108.463,0
2024-01-15T19:00:00,108.463,109.231,108.268,109.061,0
2024-01-16T19:00:00,109.061,109.897,108.939,109.698,0
2024-01-17T19:00:00,109.685,109.864,109.364,109.844,0
2024-01-18T19:00:00,109.844,110.335,109.712,110.305,0
2024-01-21T19:00:00,110.229,110.399,109.809,109.871,1
2024-01-22T19:00:00,109.838,110.238,109.227,110.176,2
2024-01-23T19:00:00,110.165,110.234,108.882,109.067,1
2024-01-24T19:00:00,109.083,109.685,108.928,109.575,2
2024-01-25T19:00:00,109.469,110.215,109.439,110.11,2
2024-01-28T19:00:00,109.796,110.229,109.498,109.947,0
2024-01-29T19:00:00,109.946,110.256,109.659,110.162,0
2024-01-30T19:00:00,110.161,110.212,109.123,109.336,0
2024-01-31T19:00:00,109.306,109.515,108.819,109.383,0
2024-02-01T19:00:00,109.386,110.378,109.182,110.212,0
2024-02-04T19:00:00,110.147,110.396,109.751,109.799,0
2024-02-05T19:00:00,109.8,109.95,109.448,109.649,0
2024-02-06T19:00:00,109.65,110.141,109.532,110.062,0
2024-02-07T19:00:00,110.059,111.041,109.92,110.953,0
2024-02-08T19:00:00,110.952,111.321,110.795,110.898,0
2024-02-11T19:00:00,110.637,111.197,110.57,111.028,0
2024-02-12T19:00:00,111.017,111.399,110.811,111.161,0
2024-02-13T19:00:00,111.161,111.339,110.922,111.136,0
2024-02-14T19:00:00,111.136,111.385,110.621,111.337,0
2024-02-15T19:00:00,111.338,111.62,111.247,111.356,0
2024-02-18T19:00:00,111.167,111.404,111.088,111.225,0
2024-02-19T19:00:00,111.225,111.445,110.674,110.919,0
2024-02-20T19:00:00,110.915,111.333,110.809,111.278,0
2024-02-21T19:00:00,111.277,111.735,111.205,111.653,0
2024-02-22T19:00:00,111.651,111.801,111.243,111.449,0
2024-02-25T19:00:00,111.396,111.625,111.194,111.582,0
2024-02-26T19:00:00,111.585,111.586,111.174,111.256,0
2024-02-27T19:00:00,111.248,111.27,110.775,110.981,0
2024-02-28T19:00:00,110.979,110.979,110.136,110.445,0
2024-02-29T19:00:00,110.445,110.963,110.395,110.715,0
2024-03-03T19:00:00,110.398,110.993,110.377,110.896,0
2024-03-04T19:00:00,110.897,110.897,110.18,110.382,0
2024-03-05T19:00:00,110.381,110.626,109.939,110.509,0
2024-03-06T19:00:00,110.502,110.507,109.38,110.005,0
2024-03-07T19:00:00,109.998,110.087,108.939,109.067,0
2024-03-10T20:00:00,108.632,109.094,108.632,108.982,0
2024-03-11T20:00:00,108.97,109.716,108.792,109.444,0
2024-03-12T20:00:00,109.448,109.849,109.131,109.678,0
2024-03-13T20:00:00,109.674,109.834,109.426,109.604,0
2024-03-14T20:00:00,109.612,110.304,109.362,110.082,0
2024-03-17T20:00:00,109.897,110.38,109.897,110.203,0
2024-03-18T20:00:00,110.205,111.328,110.048,111.189,0
2024-03-19T20:00:00,111.187,112.262,111.133,112.102,0
2024-03-20T20:00:00,112.101,112.296,111.607,112.054,0
2024-03-21T20:00:00,112.047,112.176,111.161,111.274,0
2024-03-24T20:00:00,111.126,111.594,111.037,111.445,0
2024-03-25T20:00:00,111.443,111.736,111.315,111.569,0
2024-03-26T20:00:00,111.562,111.698,111.059,111.475,0
2024-03-27T20:00:00,111.474,111.869,111.234,111.798,0
2024-03-28T20:00:00,111.799,111.905,111.599,111.73,0
2024-03-31T20:00:00,111.758,111.984,111.499,111.749,0
2024-04-01T20:00:00,111.75,111.885,111.584,111.71,0
2024-04-02T20:00:00,111.71,112.316,111.591,112.139,0
2024-04-03T20:00:00,112.139,112.482,111.49,111.754,0
2024-04-04T20:00:00,111.749,111.749,111.116,111.577,0
2024-04-07T20:00:00,111.334,111.896,111.325,111.85,0
2024-04-08T20:00:00,111.841,111.991,111.476,111.816,0
2024-04-09T20:00:00,111.8,112.003,111.371,111.932,0
2024-04-10T20:00:00,111.937,112.043,111.624,111.968,0
2024-04-11T20:00:00,111.955,111.979,110.868,111.312,0
2024-04-14T20:00:00,110.799,112.415,110.799,111.885,0
2024-04-15T20:00:00,111.885,112.258,111.291,111.866,0
2024-04-16T20:00:00,111.857,112.215,111.676,112.087,0
2024-04-17T20:00:00,112.087,112.458,111.897,112.325,0
2024-04-18T20:00:00,112.325,112.628,111.264,112.473,0
2024-04-21T20:00:00,112.358,113.106,112.241,113.021,0
2024-04-22T20:00:00,113.019,113.337,112.881,113.317,0
2024-04-23T20:00:00,113.317,113.379,112.852,113.36,0
2024-04-24T20:00:00,113.361,114.001,113.198,113.973,0
2024-04-25T20:00:00,113.973,115.919,113.601,115.803,0
2024-04-28T20:00:00,115.321,117.334,113.12,114.442,0
2024-04-29T20:00:00,114.442,114.854,114.233,114.528,0
2024-04-30T20:00:00,114.53,114.739,111.378,112.519,0
2024-05-01T20:00:00,112.506,113.811,111.918,112.326,0
2024-05-02T20:00:00,112.304,112.412,111.432,111.695,0
2024-05-05T20:00:00,111.666,112.783,111.605,112.601,0
2024-05-06T20:00:00,112.604,113.065,112.508,112.694,0
2024-05-07T20:00:00,112.694,113.423,112.41,113.309,0
2024-05-08T20:00:00,113.296,113.755,113.019,113.612,0
2024-05-09T20:00:00,113.611,114.241,113.532,113.944,0
2024-05-12T20:00:00,113.845,114.326,113.656,114.297,0
2024-05-13T20:00:00,114.287,114.801,114.206,114.584,0
2024-05-14T20:00:00,114.584,114.707,113.6,113.854,0
2024-05-15T20:00:00,113.845,114.143,112.954,114.09,0
2024-05-16T20:00:00,114.086,114.447,114.03,114.391,0
2024-05-19T20:00:00,114.169,114.832,114.156,114.678,0
2024-05-20T20:00:00,114.666,114.834,114.151,114.357,0
2024-05-21T20:00:00,114.337,114.673,114.286,114.483,0
2024-05-22T20:00:00,114.466,114.888,114.15,114.281,0
2024-05-23T20:00:00,114.277,114.997,114.221,114.846,0
2024-05-26T20:00:00,114.709,115.123,114.488,115.028,0
2024-05-27T20:00:00,114.987,115.215,114.94,115.172,0
2024-05-28T20:00:00,115.172,115.287,114.807,114.905,0
2024-05-29T20:00:00,114.881,114.926,114.076,114.608,0
2024-05-30T20:00:00,114.599,115.489,114.426,115.406,0
2024-06-02T20:00:00,115.182,115.544,114.296,114.491,0
2024-06-03T20:00:00,114.491,114.797,112.959,113.226,0
2024-06-04T20:00:00,113.215,114.291,113.091,113.979,0
2024-06-05T20:00:00,113.968,114.241,113.645,113.828,0
2024-06-06T20:00:00,113.828,114.39,113.363,113.872,0
2024-06-09T20:00:00,113.772,114.2,113.663,114.113,0
2024-06-10T20:00:00,114.105,114.374,113.864,114.18,0
2024-06-11T20:00:00,114.155,114.497,113.442,114.193,0
2024-06-12T20:00:00,114.188,114.538,113.895,114.182,0
2024-06-13T20:00:00,114.177,115.109,113.999,114.592,0
2024-06-16T20:00:00,114.471,114.954,114.279,114.928,0
2024-06-17T20:00:00,114.92,115.186,114.682,115.067,0
2024-06-18T20:00:00,115.067,115.353,114.842,115.309,0
2024-06-19T20:00:00,115.308,116.163,115.076,116.103,0
2024-06-20T20:00:00,116.093,116.713,115.838,116.705,0
2024-06-23T20:00:00,116.587,117.0,116.055,116.806,0
2024-06-24T20:00:00,116.809,117.057,116.541,116.891,0
2024-06-25T20:00:00,116.889,117.415,116.836,117.347,0
2024-06-26T20:00:00,117.343,117.451,117.02,117.314,0
2024-06-27T20:00:00,117.291,117.738,117.014,117.626,0
2024-06-30T20:00:00,117.517,117.883,117.371,117.535,0
2024-07-01T20:00:00,117.538,118.136,117.433,118.016,0
2024-07-02T20:00:00,118.0,118.638,117.963,118.491,0
2024-07-03T20:00:00,118.48,118.579,118.162,118.418,0
2024-07-04T20:00:00,118.419,118.55,117.723,117.877,0
2024-07-07T20:00:00,117.772,118.15,117.5,117.941,0
2024-07-08T20:00:00,117.933,118.4,117.865,118.278,0
2024-07-09T20:00:00,118.276,118.862,118.224,118.707,0
2024-07-10T20:00:00,118.706,118.775,115.719,116.485,0
2024-07-11T20:00:00,116.485,116.959,115.456,115.792,0
2024-07-14T20:00:00,115.873,116.057,115.05,115.508,0
2024-07-15T20:00:00,115.5,116.011,115.421,115.79,0
2024-07-16T20:00:00,115.796,115.937,114.013,114.137,0
2024-07-17T20:00:00,114.131,114.846,113.575,114.821,0
2024-07-18T20:00:00,114.803,115.177,114.514,114.692,0
2024-07-21T20:00:00,114.523,114.849,113.751,114.136,0
2024-07-22T20:00:00,114.123,114.197,112.828,112.842,0
2024-07-23T20:00:00,112.842,113.173,110.948,111.43,0
2024-07-24T20:00:00,111.43,111.762,109.896,111.353,0
2024-07-25T20:00:00,111.354,111.983,110.738,111.15,0
2024-07-28T20:00:00,110.961,111.613,110.721,111.189,0
2024-07-29T20:00:00,111.17,112.1,110.218,110.232,0
2024-07-30T20:00:00,110.234,111.147,108.34,108.613,0
2024-07-31T20:00:00,108.605,109.224,107.554,107.635,0
2024-08-01T20:00:00,107.633,107.98,105.603,105.638,0
2024-08-04T20:00:00,105.46,105.635,101.647,104.288,0
2024-08-05T20:00:00,104.274,105.992,103.954,104.686,0
2024-08-06T20:00:00,104.67,107.596,104.6,106.597,0
2024-08-07T20:00:00,106.585,107.357,105.794,107.192,0
2024-08-08T20:00:00,107.183,107.613,106.552,106.819,0
2024-08-11T20:00:00,106.534,107.979,106.532,107.078,0
2024-08-12T20:00:00,107.078,107.762,106.898,107.132,0
2024-08-13T20:00:00,107.13,107.594,106.487,107.384,0
2024-08-14T20:00:00,107.375,108.811,107.251,108.731,0
2024-08-15T20:00:00,108.73,108.76,107.497,107.88,0
2024-08-18T20:00:00,107.694,108.252,106.211,107.485,0
2024-08-19T20:00:00,107.486,108.062,106.608,106.64,0
2024-08-20T20:00:00,106.64,107.963,106.368,106.704,0
2024-08-21T20:00:00,106.628,107.704,106.567,107.445,0
2024-08-22T20:00:00,107.445,107.878,106.593,106.869,0
2024-08-25T20:00:00,106.729,107.331,106.223,107.15,0
2024-08-26T20:00:00,107.153,107.75,106.975,107.059,0
2024-08-27T20:00:00,107.059,107.678,106.833,107.239,0
2024-08-28T20:00:00,107.239,108.002,107.015,107.522,0
2024-08-29T20:00:00,107.517,108.535,107.277,108.347,0
2024-09-01T20:00:00,108.223,109.055,107.975,108.84,0
2024-09-02T20:00:00,108.848,109.031,107.122,107.349,0
2024-09-03T20:00:00,107.335,107.531,106.375,106.412,0
2024-09-04T20:00:00,106.41,106.74,105.671,106.226,0
2024-09-05T20:00:00,106.23,106.773,104.658,104.866,0
2024-09-08T20:00:00,104.708,106.041,104.608,105.59,0
2024-09-09T20:00:00,105.584,105.811,104.484,104.656,0
2024-09-10T20:00:00,104.647,105.003,103.492,104.859,0
2024-09-11T20:00:00,104.845,105.428,104.377,104.437,0
2024-09-12T20:00:00,104.423,104.466,103.346,103.666,0
2024-09-15T20:00:00,103.372,103.748,102.81,103.491,0
2024-09-16T20:00:00,103.489,104.764,103.258,104.721,0
2024-09-17T20:00:00,104.72,104.771,103.664,104.571,0
2024-09-18T20:00:00,104.571,105.953,104.304,105.194,0
2024-09-19T20:00:00,105.19,106.42,104.562,106.066,0
2024-09-22T20:00:00,106.179,106.773,105.66,106.038,0
2024-09-23T20:00:00,106.035,107.054,105.908,106.623,0
2024-09-24T20:00:00,106.623,107.531,106.186,107.338,0
2024-09-25T20:00:00,107.337,107.735,106.977,107.538,0
2024-09-26T20:00:00,107.538,108.565,105.044,105.228,0
2024-09-29T20:00:00,105.084,106.354,104.852,106.187,0
2024-09-30T20:00:00,106.181,106.893,105.838,106.407,0
2024-10-01T20:00:00,106.411,108.546,106.251,108.471,0
2024-10-02T20:00:00,108.471,108.959,108.158,108.399,0
2024-10-03T20:00:00,108.389,109.736,107.67,109.48,0
2024-10-06T20:00:00,109.19,109.818,108.561,108.799,0
2024-10-07T20:00:00,108.798,108.798,108.023,108.59,0
2024-10-08T20:00:00,108.587,109.089,108.398,108.887,0
2024-10-09T20:00:00,108.886,109.092,107.825,108.116,0
2024-10-10T20:00:00,108.109,108.607,107.949,108.349,0
2024-10-13T20:00:00,108.161,108.728,108.029,108.552,0
2024-10-14T20:00:00,108.546,108.574,107.703,108.306,0
2024-10-15T20:00:00,108.306,108.907,108.008,108.813,0
2024-10-16T20:00:00,108.804,108.971,108.46,108.878,0
2024-10-17T20:00:00,108.878,108.91,108.217,108.313,0
2024-10-20T20:00:00,108.22,109.088,107.987,109.05,0
2024-10-21T20:00:00,109.05,109.386,108.786,109.332,3
2024-10-22T20:00:00,109.332,110.649,109.191,110.397,3
2024-10-23T20:00:00,110.397,110.498,109.399,109.587,3
2024-10-24T20:00:00,109.587,109.932,109.342,109.638,3
2024-10-27T20:00:00,110.257,110.727,109.685,110.355,3
2024-10-28T20:00:00,110.355,110.693,109.915,110.205,3
2024-10-29T20:00:00,110.205,110.39,109.735,110.332,3
2024-10-30T20:00:00,110.332,110.391,109.079,109.12,3
2024-10-31T20:00:00,109.12,109.975,108.951,109.642,3
2024-11-03T19:00:00,109.351,109.56,109.002,109.428,3
2024-11-04T19:00:00,109.428,109.77,109.336,109.664,3
2024-11-05T19:00:00,109.664,111.021,109.367,110.932,3
2024-11-06T19:00:00,110.932,111.186,110.239,110.336,3
2024-11-07T19:00:00,110.336,110.534,109.495,109.703,3
2024-11-10T19:00:00,109.665,110.549,109.659,110.387,3
2024-11-11T19:00:00,110.387,111.072,109.999,110.868,3
2024-11-12T19:00:00,110.868,111.282,110.578,111.058,3
2024-11-13T19:00:00,111.058,111.52,110.953,111.142,3
2024-11-14T19:00:00,111.142,111.438,109.251,109.582,3
2024-11-17T19:00:00,109.485,110.476,109.262,110.353,3
2024-11-18T19:00:00,110.353,110.837,109.253,110.808,3
2024-11-19T19:00:00,110.808,111.559,110.665,111.183,3
2024-11-20T19:00:00,111.183,111.202,110.241,110.593,3
2024-11-21T19:00:00,110.593,110.908,110.136,110.712,3
2024-11-24T19:00:00,110.441,110.812,109.922,110.236,3
2024-11-25T19:00:00,110.236,110.247,108.565,108.931,3
2024-11-26T19:00:00,108.931,109.028,107.316,107.609,3
2024-11-27T19:00:00,107.609,108.523,107.552,108.057,3
2024-11-28T19:00:00,108.089,108.153,106.77,106.823,3
2024-12-01T19:00:00,106.901,107.449,105.958,106.455,3
2024-12-02T19:00:00,106.455,107.116,105.766,106.318,3
2024-12-03T19:00:00,106.318,107.515,106.266,106.957,3
2024-12-04T19:00:00,106.957,107.449,106.381,106.991,3
2024-12-05T19:00:00,106.989,107.314,105.823,105.996,3
2024-12-08T19:00:00,105.927,107.163,105.754,106.659,3
2024-12-09T19:00:00,106.659,107.44,106.444,107.138,3
2024-12-10T19:00:00,107.138,107.908,106.484,107.664,3
2024-12-11T19:00:00,107.664,108.003,107.145,107.333,3
2024-12-12T19:00:00,107.333,108.075,107.218,107.947,3
2024-12-15T19:00:00,107.893,108.524,107.771,108.188,3
2024-12-16T19:00:00,108.188,108.426,107.037,107.172,3
2024-12-17T19:00:00,107.172,107.577,106.975,107.073,3
2024-12-18T19:00:00,107.073,109.903,106.794,109.339,4
2024-12-19T19:00:00,109.339,109.626,108.611,108.866,3
2024-12-22T19:00:00,108.765,109.377,108.74,109.284,4
2024-12-23T19:00:00,109.284,109.551,108.94,109.385,4
2024-12-25T19:00:00,109.463,109.719,109.23,109.649,5
2024-12-26T19:00:00,109.649,109.806,109.179,109.538,6
2024-12-29T19:00:00,109.433,109.87,108.675,109.163,5
2024-12-30T19:00:00,109.163,109.501,108.534,109.229,5
2025-01-01T19:00:00,109.211,109.765,108.555,109.313,3
2025-01-02T19:00:00,109.301,109.473,108.589,108.882,3
2025-01-05T19:00:00,108.755,110.025,108.733,109.919,3
2025-01-06T19:00:00,109.857,110.461,109.795,109.96,3
2025-01-07T19:00:00,109.96,110.286,109.875,110.093,3
2025-01-08T19:00:00,110.093,110.197,109.492,109.873,3
2025-01-09T19:00:00,109.873,110.186,109.146,109.368,3
2025-01-12T19:00:00,109.295,109.583,108.755,109.437,3
2025-01-13T19:00:00,109.437,110.154,109.259,110.081,3
2025-01-14T19:00:00,110.081,110.144,108.906,109.069,3
2025-01-15T19:00:00,109.069,109.214,107.733,107.741,3
2025-01-16T19:00:00,107.741,108.52,107.646,107.894,3
2025-01-19T19:00:00,107.955,109.018,107.76,108.673,3
2025-01-20T19:00:00,108.655,108.777,107.321,108.513,3
2025-01-21T19:00:00,108.513,109.08,108.453,108.773,3
2025-01-22T19:00:00,108.773,108.91,108.359,108.502,3
2025-01-23T19:00:00,108.502,109.251,108.056,108.707,3
2025-01-26T19:00:00,108.163,108.613,107.07,107.432,3
2025-01-27T19:00:00,107.432,108.285,107.382,107.931,3
2025-01-28T19:00:00,107.931,108.166,107.266,107.6,3
2025-01-29T19:00:00,107.6,107.798,105.753,106.452,3
2025-01-30T19:00:00,106.452,107.714,106.235,106.712,3
2025-02-02T19:00:00,104.961,107.503,104.909,107.232,3
2025-02-03T19:00:00,107.232,108.023,106.779,107.73,3
2025-02-04T19:00:00,107.73,107.83,106.414,106.558,3
2025-02-05T19:00:00,106.558,106.693,105.642,105.772,3
2025-02-06T19:00:00,105.772,106.466,105.38,105.932,3
2025-02-09T19:00:00,105.285,106.447,105.158,106.134,3
2025-02-10T19:00:00,106.134,106.838,105.801,106.681,3
2025-02-11T19:00:00,106.681,108.288,106.623,107.903,3
2025-02-12T19:00:00,107.903,108.315,107.353,107.658,3
2025-02-13T19:00:00,107.658,107.882,107.245,107.45,3
2025-02-16T19:00:00,107.345,107.425,106.666,106.763,3
2025-02-17T19:00:00,106.763,107.235,106.593,107.109,3
2025-02-18T19:00:00,107.109,107.346,106.347,106.349,3
2025-02-19T19:00:00,106.349,106.367,105.318,105.535,3
2025-02-20T19:00:00,105.535,106.331,104.668,104.919,3
2025-02-23T19:00:00,104.805,105.456,104.784,104.96,3
2025-02-24T19:00:00,104.96,105.341,103.947,104.079,3
2025-02-25T19:00:00,104.079,104.536,103.774,103.973,3
2025-02-26T19:00:00,103.973,104.679,103.572,103.752,3
2025-02-27T19:00:00,103.752,104.762,103.202,104.11,3
2025-03-02T19:00:00,104.313,104.971,102.547,103.208,3
2025-03-03T19:00:00,103.208,104.218,102.196,103.958,3
2025-03-04T19:00:00,103.958,104.279,103.023,103.792,3
2025-03-05T19:00:00,103.792,104.235,102.583,103.474,3
2025-03-06T19:00:00,103.474,103.656,101.916,102.935,3
2025-03-09T20:00:00,102.891,102.921,101.632,101.902,3
2025-03-10T20:00:00,101.902,102.799,101.374,102.368,3
2025-03-11T20:00:00,102.368,103.64,102.213,103.112,3
2025-03-12T20:00:00,103.112,103.296,102.044,102.334,3
2025-03-13T20:00:00,102.334,103.557,102.232,103.461,3
2025-03-16T20:00:00,103.347,104.521,103.291,104.402,3
2025-03-17T20:00:00,104.402,105.032,104.173,104.302,3
2025-03-18T20:00:00,104.302,104.928,103.723,103.794,3
2025-03-19T20:00:00,103.794,104.04,103.152,103.851,3
2025-03-20T20:00:00,103.851,104.5,103.478,104.035,3
2025-03-23T20:00:00,103.977,105.495,103.954,105.205,3
2025-03-24T20:00:00,105.205,105.41,104.532,104.901,3
2025-03-25T20:00:00,104.901,105.864,104.901,105.533,3
2025-03-26T20:00:00,105.533,105.821,105.027,105.594,3
2025-03-27T20:00:00,105.594,105.644,104.526,104.658,3
2025-03-30T20:00:00,104.579,104.637,103.738,104.219,3
2025-03-31T20:00:00,104.219,104.625,103.494,104.583,3
2025-04-01T20:00:00,104.583,105.455,104.017,104.721,3
2025-04-02T20:00:00,104.721,104.865,103.297,103.593,3
2025-04-03T20:00:00,103.593,104.105,101.878,103.271,3
2025-04-06T20:00:00,101.925,104.367,101.605,103.72,3
2025-04-07T20:00:00,103.72,104.342,102.366,102.484,3
2025-04-08T20:00:00,102.484,105.08,101.627,104.831,3
2025-04-09T20:00:00,104.892,104.905,102.851,103.289,3
2025-04-10T20:00:00,103.289,103.756,102.247,103.487,3
2025-04-13T20:00:00,103.766,103.876,102.659,103.025,3
2025-04-14T20:00:00,103.025,103.509,102.389,102.515,3
2025-04-15T20:00:00,102.515,102.912,102.024,102.255,3
2025-04-16T20:00:00,102.255,103.157,102.165,102.807,2
2025-04-17T20:00:00,102.797,102.921,102.569,102.616,3
2025-04-20T20:00:00,102.531,102.687,101.535,101.684,3
2025-04-21T20:00:00,101.684,102.536,101.258,102.412,3
2025-04-22T20:00:00,102.412,103.415,102.359,103.31,3
2025-04-23T20:00:00,103.31,103.31,102.559,102.911,3
2025-04-24T20:00:00,102.911,103.953,102.849,103.727,3
2025-04-27T20:00:00,103.477,103.811,102.599,102.652,3
2025-04-28T20:00:00,102.652,103.141,102.499,102.833,3
2025-04-29T20:00:00,102.833,103.835,102.655,103.674,3
2025-04-30T20:00:00,103.674,105.282,103.568,104.885,3
2025-05-01T20:00:00,104.885,105.409,104.261,104.818,3
2025-05-04T20:00:00,104.799,104.903,103.925,103.935,3
2025-05-05T20:00:00,103.935,104.214,103.25,103.323,3
2025-05-06T20:00:00,103.323,104.205,103.307,103.917,3
2025-05-07T20:00:00,103.917,104.955,103.823,104.773,3
2025-05-08T20:00:00,104.773,104.945,103.985,104.281,6
2025-05-11T20:00:00,105.07,106.254,104.562,106.229,3
2025-05-12T20:00:00,106.229,106.236,105.469,105.816,3
2025-05-13T20:00:00,105.816,105.949,104.485,104.947,3
2025-05-14T20:00:00,104.947,104.995,103.949,104.347,3
2025-05-15T20:00:00,104.347,104.5,103.882,104.249,3
2025-05-18T20:00:00,103.887,104.225,103.69,103.818,3
2025-05-19T20:00:00,103.818,104.208,103.394,103.841,3
2025-05-20T20:00:00,103.841,104.005,103.354,103.657,3
2025-05-21T20:00:00,103.657,104.116,103.131,103.933,3
2025-05-22T20:00:00,103.933,103.952,103.006,103.817,3
2025-05-25T20:00:00,103.695,104.301,103.647,103.975,3
2025-05-26T20:00:00,103.975,104.98,103.532,104.502,3
2025-05-27T20:00:00,104.502,104.98,104.209,104.662,3
2025-05-28T20:00:00,104.662,105.571,104.314,104.398,3
2025-05-29T20:00:00,104.398,105.042,103.869,104.843,3
2025-06-01T20:00:00,104.554,104.88,104.016,104.026,3
2025-06-02T20:00:00,104.026,105.035,103.835,104.87,3
2025-06-03T20:00:00,104.87,105.301,104.326,104.348,3
2025-06-04T20:00:00,104.348,105.348,104.257,104.886,3
2025-06-05T20:00:00,104.886,106.013,104.817,105.73,3
2025-06-08T20:00:00,105.707,105.859,105.281,105.49,3
2025-06-09T20:00:00,105.49,106.03,105.329,105.916,3
2025-06-10T20:00:00,105.916,106.308,105.579,105.69,3
2025-06-11T20:00:00,105.69,105.729,105.132,105.395,3
2025-06-12T20:00:00,105.46,106.15,104.796,106.081,3
2025-06-15T20:00:00,105.911,106.738,105.793,106.632,3
2025-06-16T20:00:00,106.632,106.888,106.078,106.127,3
2025-06-17T20:00:00,106.127,106.325,105.63,105.939,2
2025-06-18T20:00:00,105.939,106.333,105.61,106.073,3
2025-06-19T20:00:00,106.073,106.424,105.798,106.377,3
2025-06-22T20:00:00,106.592,107.343,106.23,106.357,3
2025-06-23T20:00:00,106.357,106.431,105.406,105.554,3
2025-06-24T20:00:00,105.554,106.233,105.362,105.75,3
2025-06-25T20:00:00,105.75,106.004,105.034,105.783,3
2025-06-26T20:00:00,105.783,106.158,105.24,105.687,3
2025-06-29T20:00:00,105.353,105.944,105.233,105.766,3
2025-06-30T20:00:00,105.766,105.836,104.849,105.067,3
2025-07-01T20:00:00,105.067,105.782,105.053,105.641,3
2025-07-02T20:00:00,105.641,107.028,105.593,106.681,3
2025-07-03T20:00:00,106.681,106.712,106.103,106.231,3
2025-07-06T20:00:00,106.175,107.029,105.883,106.723,3
2025-07-07T20:00:00,106.723,107.435,106.645,107.248,3
2025-07-08T20:00:00,107.248,107.541,106.82,106.899,3
2025-07-09T20:00:00,106.899,107.172,106.581,107.098,3
2025-07-10T20:00:00,107.098,107.853,106.579,107.674,3
2025-07-13T20:00:00,107.351,107.913,107.307,107.75,3
2025-07-14T20:00:00,107.75,108.608,107.712,108.425,3
2025-07-15T20:00:00,108.425,108.741,107.229,108.007,2
2025-07-16T20:00:00,108.007,108.402,107.864,107.997,3
2025-07-17T20:00:00,107.997,108.413,107.928,108.407,3
2025-07-20T20:00:00,107.757,108.32,107.427,107.633,3
2025-07-21T20:00:00,107.633,108.065,107.188,107.728,3
2025-07-22T20:00:00,107.73,108.229,107.393,107.674,3
2025-07-23T20:00:00,107.674,107.86,107.236,107.757,3
2025-07-24T20:00:00,107.757,108.161,107.545,107.759,3
2025-07-27T20:00:00,107.709,108.252,107.686,108.077,3
2025-07-28T20:00:00,108.077,108.214,107.687,107.767,3
2025-07-29T20:00:00,107.767,108.117,107.341,108.085,3
2025-07-30T20:00:00,108.085,108.932,107.478,108.76,3
2025-07-31T20:00:00,108.76,108.954,106.813,106.955,3
2025-08-03T20:00:00,106.783,107.432,106.588,106.739,3
2025-08-04T20:00:00,106.739,107.213,106.521,107.157,3
2025-08-05T20:00:00,107.157,107.423,106.986,107.201,0
2025-08-06T20:00:00,107.201,107.511,106.896,107.007,3
2025-08-07T20:00:00,107.007,107.692,106.851,107.398,3
2025-08-10T20:00:00,107.213,107.566,107.003,107.509,3
2025-08-11T20:00:00,107.509,107.755,107.198,107.341,3
2025-08-12T20:00:00,107.341,107.531,106.855,107.089,3
2025-08-13T20:00:00,107.089,107.12,106.244,106.937,3
2025-08-14T20:00:00,106.937,107.041,106.35,106.493,3
2025-08-17T20:00:00,106.481,107.192,106.437,107.131,3
2025-08-18T20:00:00,107.131,107.206,106.345,106.473,3
2025-08-19T20:00:00,106.473,106.573,105.941,106.172,3
2025-08-20T20:00:00,106.172,106.775,106.123,106.66,3
2025-08-21T20:00:00,106.66,106.92,105.973,106.27,3
2025-08-24T20:00:00,105.84,106.756,105.84,106.593,3
2025-08-25T20:00:00,106.593,106.742,106.191,106.469,3
2025-08-26T20:00:00,106.469,107.006,106.39,106.842,3
2025-08-27T20:00:00,106.842,107.031,106.685,106.873,3
2025-08-28T20:00:00,106.873,107.118,106.547,107.013,3
2025-08-31T20:00:00,106.997,107.236,106.811,107.01,3
2025-09-01T20:00:00,107.01,107.959,106.939,107.638,3
2025-09-02T20:00:00,107.638,108.031,107.221,107.339,3
2025-09-03T20:00:00,107.339,107.554,107.148,107.447,3
2025-09-04T20:00:00,107.447,107.468,106.169,106.591,3
2025-09-07T20:00:00,107.025,107.343,106.698,106.799,3
2025-09-08T20:00:00,106.799,106.884,106.005,106.475,3
2025-09-09T20:00:00,106.475,106.549,106.17,106.359,3
2025-09-10T20:00:00,106.359,106.679,106.2,106.421,3
2025-09-11T20:00:00,106.421,106.924,106.315,106.654,3
2025-09-14T20:00:00,106.581,107.06,106.356,106.94,3
2025-09-15T20:00:00,106.94,107.108,106.434,106.589,3
2025-09-16T20:00:00,106.589,106.747,105.977,106.684,3
2025-09-17T20:00:00,106.684,107.413,106.575,107.259,3
2025-09-18T20:00:00,107.261,107.445,106.736,107.351,3
2025-09-21T20:00:00,107.267,107.569,106.83,106.89,3
2025-09-22T20:00:00,106.89,106.999,106.524,106.672,3
2025-09-23T20:00:00,106.672,107.204,106.565,107.139,3
2025-09-24T20:00:00,107.139,107.625,106.946,107.456,3
2025-09-25T20:00:00,107.456,107.529,107.158,107.236,3
2025-09-28T20:00:00,107.179,107.248,106.591,106.752,2
2025-09-29T20:00:00,106.752,106.905,106.071,106.224,3
2025-09-30T20:00:00,106.224,106.43,105.261,105.517,3
2025-10-01T20:00:00,105.517,105.735,105.196,105.393,3
2025-10-02T20:00:00,105.393,105.836,105.35,105.712,3
2025-10-05T20:00:00,107.061,107.861,106.723,107.827,3
2025-10-06T20:00:00,107.827,108.95,107.7,108.883,3
2025-10-07T20:00:00,108.883,109.657,108.786,109.423,3
2025-10-08T20:00:00,109.423,109.753,109.076,109.112,3
2025-10-09T20:00:00,109.112,109.29,107.94,107.951,3
2025-10-12T20:00:00,108.461,108.835,108.393,108.454,3
2025-10-13T20:00:00,108.454,108.718,107.916,108.061,3
2025-10-14T20:00:00,108.061,108.18,107.493,107.524,3
2025-10-15T20:00:00,107.524,107.862,106.889,107.032,3
2025-10-16T20:00:00,107.032,107.491,106.235,107.377,3
2025-10-19T20:00:00,107.267,107.926,107.084,107.363,3
2025-10-20T20:00:00,107.363,108.559,107.246,108.337,3
2025-10-21T20:00:00,108.337,108.705,108.133,108.568,3
2025-10-22T20:00:00,108.568,109.22,108.52,109.024,3
2025-10-23T20:00:00,109.024,109.287,108.539,109.171,3
2025-10-26T20:00:00,109.027,109.555,108.997,109.268,3
2025-10-27T20:00:00,109.268,109.28,108.46,109.063,3
2025-10-28T20:00:00,109.063,109.782,108.724,109.518,3
2025-10-29T20:00:00,109.518,110.389,109.216,110.206,3
2025-10-30T20:00:00,110.206,110.309,109.711,109.955,3
2025-11-02T19:00:00,109.853,110.106,109.422,109.707,3
2025-11-03T19:00:00,109.707,109.804,108.868,108.941,3
2025-11-04T19:00:00,108.941,109.299,108.371,109.227,3
2025-11-05T19:00:00,109.227,109.28,108.2,108.397,3
2025-11-06T19:00:00,108.397,109.414,108.301,109.227,3
2025-11-09T19:00:00,109.172,110.078,109.172,109.917,2
2025-11-10T19:00:00,109.917,110.094,109.688,109.938,3
2025-11-11T19:00:00,109.938,110.594,109.849,110.504,3
2025-11-12T19:00:00,110.504,110.64,109.957,110.099,3
2025-11-13T19:00:00,110.099,110.347,109.562,110.181,3
2025-11-16T19:00:00,110.171,110.731,110.083,110.425,3
2025-11-17T19:00:00,110.425,111.453,110.137,111.132,3
2025-11-18T19:00:00,111.132,111.903,110.913,111.851,3
2025-11-19T19:00:00,111.851,112.288,111.547,111.7,3
2025-11-20T19:00:00,111.7,111.825,110.597,110.88,3
2025-11-23T19:00:00,110.845,111.444,110.845,111.162,3
2025-11-24T19:00:00,111.162,111.256,110.433,110.665,3
2025-11-25T19:00:00,110.665,111.495,110.566,111.357,2
2025-11-26T19:00:00,111.357,111.475,110.961,111.37,3
2025-11-27T19:00:00,111.37,112.003,111.219,111.71,3
2025-11-30T19:00:00,111.607,111.777,110.82,111.02,3
2025-12-01T19:00:00,111.02,111.715,111.009,111.503,3
2025-12-02T19:00:00,111.503,111.605,111.15,111.257,3
2025-12-03T19:00:00,111.257,111.398,110.602,111.098,3
2025-12-04T19:00:00,111.097,112.397,110.717,112.389,3
2025-12-07T19:00:00,112.159,112.812,112.001,112.515,3
2025-12-08T19:00:00,112.515,113.459,112.463,113.28,3
2025-12-09T19:00:00,113.28,113.34,112.825,113.047,3
2025-12-10T19:00:00,113.047,113.131,112.503,112.969,3
2025-12-11T19:00:00,112.969,113.445,112.837,113.174,3
2025-12-14T19:00:00,113.12,113.291,112.483,112.669,3
2025-12-15T19:00:00,112.669,112.75,112.279,112.479,3
2025-12-16T19:00:00,112.479,113.044,112.282,112.893,3
2025-12-17T19:00:00,112.893,113.264,112.731,112.867,3
2025-12-18T19:00:00,112.867,114.453,112.83,114.282,3
2025-12-21T19:00:00,114.235,114.363,113.913,114.203,3
2025-12-22T19:00:00,114.203,114.213,113.486,114.085,3
2025-12-23T19:00:00,114.085,114.142,113.718,113.921,3
2025-12-25T19:00:00,113.925,114.638,113.879,114.497,3
2025-12-28T19:00:00,114.495,114.559,113.962,113.981,4
2025-12-29T19:00:00,113.981,114.35,113.814,114.195,4
2025-12-30T19:00:00,114.195,114.611,114.114,114.147,4
2026-01-01T19:00:00,114.131,114.56,114.002,114.22,3
2026-01-04T19:00:00,114.039,114.384,113.449,113.483,3
2026-01-05T19:00:00,113.483,113.836,113.362,113.362,3
2026-01-06T19:00:00,113.361,113.477,113.081,113.081,3
2026-01-07T19:00:00,113.081,113.387,112.749,113.114,3
2026-01-08T19:00:00,113.114,113.849,113.039,113.485,3
2026-01-11T19:00:00,113.563,114.03,113.422,113.873,3
2026-01-12T19:00:00,113.873,114.655,113.795,114.505,3
2026-01-13T19:00:00,114.505,114.753,113.917,114.077,3
2026-01-14T19:00:00,114.077,114.263,113.859,114.145,3
2026-01-15T19:00:00,114.145,114.241,113.474,113.569,3
2026-01-18T19:00:00,113.441,114.082,113.295,113.931,3
2026-01-19T19:00:00,113.931,114.481,113.775,114.252,3
2026-01-20T19:00:00,114.252,114.69,114.078,114.393,3
2026-01-21T19:00:00,114.393,115.002,114.356,114.869,3
2026-01-22T19:00:00,114.869,115.43,113.601,113.632,2
2026-01-25T19:00:00,112.871,113.384,112.057,112.435,3
2026-01-26T19:00:00,112.435,112.752,111.739,112.051,3
2026-01-27T19:00:00,112.051,113.287,111.976,113.131,3
2026-01-28T19:00:00,113.131,113.578,112.61,113.481,3
2026-01-29T19:00:00,113.481,114.453,113.185,113.625,3
2026-02-01T19:00:00,113.771,114.129,113.11,113.738,3
2026-02-02T19:00:00,113.738,114.243,113.636,114.135,3
2026-02-03T19:00:00,114.135,114.891,114.112,114.774,3
2026-02-04T19:00:00,114.774,114.915,114.471,114.471,3
2026-02-05T19:00:00,114.471,115.191,114.125,115.102,3
2026-02-08T19:00:00,115.171,115.318,114.425,114.918,3
2026-02-09T19:00:00,114.918,115.217,113.824,113.877,3
2026-02-10T19:00:00,113.845,114.03,112.505,112.864,3
2026-02-11T19:00:00,112.864,113.267,111.777,112.22,3
2026-02-12T19:00:00,112.22,112.97,112.057,112.121,3
2026-02-15T19:00:00,112.107,112.876,112.007,112.479,3
2026-02-16T19:00:00,112.487,112.745,111.904,112.369,3
2026-02-17T19:00:00,112.369,113.068,112.223,113.008,3
2026-02-18T19:00:00,113.008,113.414,112.788,113.28,3
2026-02-19T19:00:00,113.28,113.692,113.083,113.321,3
2026-02-22T19:00:00,113.114,113.284,112.69,112.86,3
2026-02-23T19:00:00,112.86,114.045,112.798,113.73,3
2026-02-24T19:00:00,113.728,114.503,113.522,114.277,3
2026-02-25T19:00:00,114.277,114.333,113.754,114.108,3
2026-02-26T19:00:00,114.108,114.542,113.819,114.372,3
2026-03-01T19:00:00,114.149,115.278,114.149,115.027,3
2026-03-02T19:00:00,115.027,115.5,114.725,115.251,3
2026-03-03T19:00:00,115.251,115.398,114.784,115.08,3
2026-03-04T19:00:00,115.08,115.716,114.776,115.143,3
2026-03-05T19:00:00,115.143,116.344,115.05,116.289,3
2026-03-08T20:00:00,116.151,117.201,115.979,116.019,3
2026-03-09T20:00:00,116.019,116.61,115.838,116.371,3
2026-03-10T20:00:00,116.371,117.065,116.299,116.927,3
2026-03-11T20:00:00,116.927,117.112,116.677,116.798,3
2026-03-12T20:00:00,116.798,117.017,116.096,116.327,3
2026-03-15T20:00:00,116.189,116.504,116.041,116.173,3
2026-03-16T20:00:00,116.173,116.513,115.835,116.119,3
2026-03-17T20:00:00,116.119,116.5,115.719,116.382,3
2026-03-18T20:00:00,116.382,116.503,114.721,114.783,3
2026-03-19T20:00:00,114.783,116.205,114.712,116.031,3
2026-03-22T20:00:00,116.057,116.398,115.19,115.408,3
2026-03-23T20:00:00,115.408,115.648,115.247,115.276,3
2026-03-24T20:00:00,115.276,115.502,115.113,115.459,3
2026-03-25T20:00:00,115.459,115.495,115.148,115.274,3
2026-03-26T20:00:00,115.274,115.509,115.076,115.351,3
2026-03-29T20:00:00,115.405,115.471,114.398,114.676,3
2026-03-30T20:00:00,114.676,114.875,113.839,114.039,3
2026-03-31T20:00:00,114.039,114.49,113.855,114.4,3
2026-04-01T20:00:00,114.4,114.832,114.251,114.597,3
2026-04-02T20:00:00,114.597,114.7,114.312,114.393,3
2026-04-05T20:00:00,114.285,114.828,114.218,114.735,3
2026-04-06T20:00:00,114.735,115.082,114.585,114.873,3
2026-04-07T20:00:00,114.873,114.943,114.025,114.463,3
2026-04-08T20:00:00,114.463,115.236,114.403,115.013,3
2026-04-09T20:00:00,115.013,115.316,114.97,115.079,3
2026-04-12T20:00:00,115.099,115.684,114.909,115.595,3
2026-04-13T20:00:00,115.595,115.616,115.248,115.306,3
2026-04-14T20:00:00,115.306,115.874,115.274,115.668,3
2026-04-15T20:00:00,115.668,116.236,115.405,116.101,3
2026-04-16T20:00:00,116.101,116.592,115.313,115.877,3
2026-04-19T20:00:00,115.977,116.481,115.901,116.347,3
2026-04-20T20:00:00,116.347,116.852,116.246,116.599,3
2026-04-21T20:00:00,116.599,116.802,116.478,116.612,3
2026-04-22T20:00:00,116.612,116.905,116.444,116.549,3
2026-04-23T20:00:00,116.549,116.725,116.351,116.596,3
2026-04-26T20:00:00,116.593,117.086,116.483,116.975,3
2026-04-27T20:00:00,116.975,117.077,116.598,116.64,3
2026-04-28T20:00:00,116.64,117.298,116.518,117.145,3
2026-04-29T20:00:00,117.145,117.515,113.909,115.294,2
2026-04-30T20:00:00,115.294,115.896,114.589,115.581,3
2026-05-03T20:00:00,115.31,115.698,114.61,115.384,3
2026-05-04T20:00:00,115.384,115.969,115.313,115.911,3
2026-05-05T20:00:00,115.917,116.094,114.131,114.657,3
2026-05-06T20:00:00,114.657,115.028,114.489,114.792,3
2026-05-07T20:00:00,114.792,114.936,114.169,114.592,3
2026-05-10T20:00:00,114.17,115.073,114.17,114.9,3
2026-05-11T20:00:00,114.9,115.212,114.53,115.066,3
2026-05-12T20:00:00,115.066,115.287,114.987,115.154,3
2026-05-13T20:00:00,115.154,115.48,114.659,115.418,3
2026-05-14T20:00:00,115.418,115.558,115.183,115.444,3
2026-05-17T20:00:00,115.333,115.706,115.249,115.579,3
2026-05-18T20:00:00,115.579,115.774,115.23,115.706,3
2026-05-19T20:00:00,115.706,115.763,115.431,115.574,3
2026-05-20T20:00:00,115.574,115.634,115.303,115.382,3
2026-05-21T20:00:00,115.382,115.44,115.126,115.168,3
2026-05-24T20:00:00,114.937,115.193,114.858,115.097,3
2026-05-25T20:00:00,115.097,115.451,115.017,115.323,3
2026-05-26T20:00:00,115.323,115.394,115.145,115.245,3
2026-05-27T20:00:00,115.247,115.604,114.943,115.531,3
2026-05-28T20:00:00,115.531,115.601,115.175,115.446,3
2026-05-31T20:00:00,115.427,115.553,115.239,115.342,3
2026-06-01T20:00:00,115.342,115.672,115.247,115.523,3
2026-06-02T20:00:00,115.523,115.601,115.043,115.157,3
2026-06-03T20:00:00,115.157,115.208,114.802,115.032,3
2026-06-04T20:00:00,115.032,115.36,114.791,114.934,2
2026-06-07T20:00:00,114.727,115.031,114.57,114.765,3
2026-06-08T20:00:00,114.765,115.078,114.716,114.932,3
2026-06-09T20:00:00,114.932,115.363,114.864,115.131,3
2026-06-10T20:00:00,115.131,115.204,114.361,114.467,3
2026-06-11T20:00:00,114.467,114.756,114.417,114.664,3
