time,open,high,low,close,tick_volume,spread,real_volume
2023-01-03 03:00:00,85.46,85.82,84.75,84.99,2015,8,0
2023-01-03 04:00:00,85.0,85.45,84.77,85.43,1156,8,0
2023-01-03 05:00:00,85.44,85.62,85.27,85.54,620,8,0
2023-01-03 06:00:00,85.55,85.55,85.38,85.39,257,8,0
2023-01-03 07:00:00,85.39,85.93,85.28,85.91,707,8,0
2023-01-03 08:00:00,85.91,86.07,85.79,86.05,844,8,0
2023-01-03 09:00:00,86.04,86.38,85.95,86.37,1121,8,0
2023-01-03 10:00:00,86.38,86.88,85.86,86.22,2828,8,0
2023-01-03 11:00:00,86.22,86.34,85.67,85.83,1638,8,0
2023-01-03 12:00:00,85.83,85.86,84.32,84.35,1855,7,0
2023-01-03 13:00:00,84.34,85.03,84.27,84.57,1590,8,0
2023-01-03 14:00:00,84.56,85.06,84.5,84.68,1238,7,0
2023-01-03 15:00:00,84.68,85.25,84.6,85.01,2858,7,0
2023-01-03 16:00:00,85.02,85.34,83.83,84.86,4570,6,0
2023-01-03 17:00:00,84.87,85.31,84.01,84.53,3883,7,0
2023-01-03 18:00:00,84.52,84.76,82.59,82.69,4326,7,0
2023-01-03 19:00:00,82.68,83.35,82.62,83.27,2727,8,0
2023-01-03 20:00:00,83.27,83.4,82.93,83.0,2312,8,0
2023-01-03 21:00:00,83.0,83.02,81.76,81.97,3138,8,0
2023-01-03 22:00:00,81.98,82.42,81.96,82.37,1077,8,0
2023-01-03 23:00:00,82.36,82.39,82.21,82.27,447,9,0
2023-01-04 03:00:00,82.57,82.65,81.77,81.95,1380,8,0
2023-01-04 04:00:00,81.96,82.34,81.91,82.12,573,8,0
2023-01-04 05:00:00,82.11,82.23,81.87,81.97,558,8,0
2023-01-04 06:00:00,81.96,82.0,81.84,81.89,289,8,0
2023-01-04 07:00:00,81.9,82.01,81.48,81.56,664,8,0
2023-01-04 08:00:00,81.57,81.85,81.39,81.63,907,7,0
2023-01-04 09:00:00,81.62,81.81,81.43,81.64,1033,8,0
2023-01-04 10:00:00,81.63,81.63,80.16,80.57,2828,8,0
2023-01-04 11:00:00,80.57,80.6,80.16,80.43,1740,8,0
2023-01-04 12:00:00,80.42,80.47,79.91,79.99,1545,7,0
2023-01-04 13:00:00,80.0,80.2,79.91,79.96,1224,8,0
2023-01-04 14:00:00,79.96,79.98,79.26,79.33,1669,8,0
2023-01-04 15:00:00,79.32,80.28,79.28,80.05,3343,7,0
2023-01-04 16:00:00,80.04,80.15,78.82,79.18,4408,8,0
2023-01-04 17:00:00,79.16,79.33,78.3,78.33,4082,7,0
2023-01-04 18:00:00,78.34,78.85,77.92,78.43,3995,7,0
2023-01-04 19:00:00,78.46,78.99,78.31,78.59,2531,8,0
2023-01-04 20:00:00,78.59,78.82,78.35,78.58,2299,8,0
2023-01-04 21:00:00,78.57,78.7,77.75,78.04,3213,8,0
2023-01-04 22:00:00,78.05,78.13,77.84,78.03,744,8,0
2023-01-04 23:00:00,78.02,78.15,77.97,78.01,444,9,0
2023-01-05 03:00:00,78.48,78.78,78.32,78.72,960,8,0
2023-01-05 04:00:00,78.71,78.8,78.61,78.66,688,8,0
2023-01-05 05:00:00,78.65,78.72,78.55,78.6,429,8,0
2023-01-05 06:00:00,78.61,78.8,78.61,78.76,274,8,0
2023-01-05 07:00:00,78.77,78.94,78.6,78.93,414,8,0
2023-01-05 08:00:00,78.95,79.11,78.68,78.68,825,8,0
2023-01-05 09:00:00,78.69,78.83,78.21,78.32,1253,8,0
2023-01-05 10:00:00,78.32,78.75,78.21,78.69,2169,7,0
2023-01-05 11:00:00,78.7,79.96,78.55,79.74,2069,7,0
2023-01-05 12:00:00,79.76,79.88,79.54,79.68,1389,7,0
2023-01-05 13:00:00,79.69,79.7,79.3,79.37,1075,8,0
2023-01-05 14:00:00,79.38,79.7,79.28,79.29,1019,8,0
2023-01-05 15:00:00,79.29,79.53,78.46,78.52,2949,8,0
2023-01-05 16:00:00,78.51,78.51,77.62,78.26,4414,7,0
2023-01-05 17:00:00,78.27,78.74,78.02,78.51,3802,8,0
2023-01-05 18:00:00,78.5,79.64,78.41,78.98,4334,7,0
2023-01-05 19:00:00,78.98,79.09,78.35,78.74,2651,7,0
2023-01-05 20:00:00,78.73,79.77,78.72,79.36,2152,8,0
2023-01-05 21:00:00,79.37,79.41,78.58,78.8,2342,8,0
2023-01-05 22:00:00,78.81,78.87,78.64,78.67,789,8,0
2023-01-05 23:00:00,78.69,78.86,78.66,78.81,314,9,0
2023-01-06 03:00:00,79.0,79.47,78.99,79.36,669,8,0
2023-01-06 04:00:00,79.36,79.54,79.32,79.48,515,8,0
2023-01-06 05:00:00,79.49,79.74,79.46,79.59,618,8,0
2023-01-06 06:00:00,79.6,79.67,79.5,79.54,237,8,0
2023-01-06 07:00:00,79.53,79.55,79.14,79.23,627,8,0
2023-01-06 08:00:00,79.24,79.47,79.07,79.4,804,8,0
2023-01-06 09:00:00,79.41,79.45,78.77,78.77,1154,8,0
2023-01-06 10:00:00,78.78,79.02,78.47,78.84,1934,8,0
2023-01-06 11:00:00,78.84,79.38,78.37,79.19,1423,8,0
2023-01-06 12:00:00,79.19,79.51,78.99,79.06,1215,8,0
2023-01-06 13:00:00,79.05,79.11,78.34,78.59,1017,7,0
2023-01-06 14:00:00,78.6,78.7,78.36,78.46,1147,8,0
2023-01-06 15:00:00,78.45,80.18,78.4,79.98,3937,8,0
2023-01-06 16:00:00,79.97,80.59,79.04,79.16,4623,7,0
2023-01-06 17:00:00,79.16,80.42,79.16,79.85,3886,8,0
2023-01-06 18:00:00,79.86,80.09,79.42,79.62,3354,7,0
2023-01-06 19:00:00,79.63,79.87,79.21,79.3,2085,8,0
2023-01-06 20:00:00,79.29,79.39,78.13,78.14,2586,8,0
2023-01-06 21:00:00,78.13,78.73,78.1,78.67,2573,8,0
2023-01-06 22:00:00,78.67,78.75,78.41,78.51,713,8,0
2023-01-06 23:00:00,78.5,78.62,78.46,78.56,298,9,0
2023-01-09 01:00:00,78.63,78.96,78.5,78.94,425,8,0
2023-01-09 02:00:00,78.95,79.1,78.9,79.1,259,8,0
2023-01-09 03:00:00,79.11,79.38,79.02,79.34,1144,8,0
2023-01-09 04:00:00,79.33,79.66,79.31,79.61,636,8,0
2023-01-09 05:00:00,79.62,79.75,79.37,79.48,429,8,0
2023-01-09 06:00:00,79.48,79.6,79.44,79.54,226,8,0
2023-01-09 07:00:00,79.53,79.74,79.4,79.69,376,8,0
2023-01-09 08:00:00,79.69,79.8,79.61,79.66,693,8,0
2023-01-09 09:00:00,79.67,80.14,79.57,80.07,1282,8,0
2023-01-09 10:00:00,80.07,80.96,80.02,80.66,2591,7,0
2023-01-09 11:00:00,80.67,81.23,80.65,81.22,1485,8,0
2023-01-09 12:00:00,81.24,81.28,80.74,81.0,1274,8,0
2023-01-09 13:00:00,81.01,81.2,80.82,80.95,1159,8,0
2023-01-09 14:00:00,80.97,81.33,80.9,81.04,1270,8,0
2023-01-09 15:00:00,81.03,81.1,80.64,80.68,2212,7,0
2023-01-09 16:00:00,80.67,81.18,80.19,81.13,3647,8,0
2023-01-09 17:00:00,81.15,81.4,80.23,80.51,3567,7,0
2023-01-09 18:00:00,80.5,80.6,79.5,80.05,3709,7,0
2023-01-09 19:00:00,80.03,80.05,79.66,79.68,2157,8,0
2023-01-09 20:00:00,79.7,80.03,79.48,79.51,1744,8,0
2023-01-09 21:00:00,79.51,79.89,79.38,79.85,2280,8,0
2023-01-09 22:00:00,79.84,79.85,79.64,79.78,600,8,0
2023-01-09 23:00:00,79.78,79.88,79.73,79.78,256,9,0
2023-01-10 03:00:00,79.65,79.72,79.41,79.53,748,8,0
2023-01-10 04:00:00,79.55,79.66,79.18,79.32,653,8,0
2023-01-10 05:00:00,79.33,79.46,79.29,79.36,394,8,0
2023-01-10 06:00:00,79.37,79.38,79.18,79.19,213,8,0
2023-01-10 07:00:00,79.2,79.4,79.19,79.33,437,8,0
2023-01-10 08:00:00,79.32,79.61,79.29,79.5,1022,8,0
2023-01-10 09:00:00,79.5,79.58,79.03,79.05,1122,8,0
2023-01-10 10:00:00,79.09,79.59,78.9,79.16,2285,8,0
2023-01-10 11:00:00,79.18,79.96,79.08,79.8,1609,8,0
2023-01-10 12:00:00,79.8,80.29,79.6,80.16,1191,8,0
2023-01-10 13:00:00,80.15,80.17,79.86,80.15,1011,8,0
2023-01-10 14:00:00,80.14,80.16,79.86,80.13,1213,8,0
2023-01-10 15:00:00,80.12,80.22,79.73,80.09,2078,8,0
2023-01-10 16:00:00,80.1,80.65,79.94,79.95,3756,8,0
2023-01-10 17:00:00,79.94,80.25,79.09,79.47,3601,7,0
2023-01-10 18:00:00,79.47,80.6,79.36,80.53,3342,7,0
2023-01-10 19:00:00,80.54,80.85,80.32,80.36,2004,8,0
2023-01-10 20:00:00,80.35,80.76,80.11,80.7,1792,8,0
2023-01-10 21:00:00,80.69,80.92,80.05,80.18,1924,8,0
2023-01-10 22:00:00,80.18,80.27,79.93,79.96,596,8,0
2023-01-10 23:00:00,79.97,79.97,79.4,79.62,531,9,0
2023-01-11 03:00:00,79.8,79.81,79.44,79.6,1158,8,0
2023-01-11 04:00:00,79.61,79.62,79.38,79.54,706,8,0
2023-01-11 05:00:00,79.54,79.59,79.41,79.56,429,8,0
2023-01-11 06:00:00,79.57,79.57,79.38,79.4,149,8,0
2023-01-11 07:00:00,79.4,79.71,79.36,79.49,468,8,0
2023-01-11 08:00:00,79.48,79.72,79.4,79.67,774,8,0
2023-01-11 09:00:00,79.68,79.8,79.51,79.69,1048,7,0
2023-01-11 10:00:00,79.68,80.45,79.66,80.39,1966,8,0
2023-01-11 11:00:00,80.41,80.82,80.35,80.47,1412,8,0
2023-01-11 12:00:00,80.48,80.63,80.36,80.51,1126,8,0
2023-01-11 13:00:00,80.52,80.69,80.36,80.56,1125,8,0
2023-01-11 14:00:00,80.55,80.87,80.49,80.82,1153,8,0
2023-01-11 15:00:00,80.81,81.95,80.68,81.86,2679,7,0
2023-01-11 16:00:00,81.87,82.21,81.27,81.51,3419,8,0
2023-01-11 17:00:00,81.52,82.19,80.78,81.66,4443,7,0
2023-01-11 18:00:00,81.67,82.84,81.57,82.44,3635,7,0
2023-01-11 19:00:00,82.42,82.96,82.36,82.52,2317,7,0
2023-01-11 20:00:00,82.52,82.82,82.43,82.7,1701,8,0
2023-01-11 21:00:00,82.71,83.01,82.32,82.88,2064,8,0
2023-01-11 22:00:00,82.87,83.03,82.86,82.92,608,8,0
2023-01-11 23:00:00,82.93,83.03,82.9,82.96,348,9,0
2023-01-12 03:00:00,82.91,83.26,82.81,82.99,922,8,0
2023-01-12 04:00:00,82.98,83.02,82.76,82.79,523,8,0
2023-01-12 05:00:00,82.8,82.94,82.63,82.8,395,8,0
2023-01-12 06:00:00,82.79,82.92,82.78,82.82,189,8,0
2023-01-12 07:00:00,82.81,82.93,82.73,82.8,355,8,0
2023-01-12 08:00:00,82.81,82.88,82.71,82.77,602,8,0
2023-01-12 09:00:00,82.76,82.87,82.55,82.84,897,8,0
2023-01-12 10:00:00,82.85,83.01,82.42,82.82,2043,8,0
2023-01-12 11:00:00,82.85,83.61,82.84,83.59,1496,8,0
2023-01-12 12:00:00,83.55,83.79,83.39,83.6,1208,7,0
2023-01-12 13:00:00,83.6,83.94,83.58,83.66,878,8,0
2023-01-12 14:00:00,83.67,83.96,83.62,83.89,1044,8,0
2023-01-12 15:00:00,83.9,84.46,83.29,84.42,4013,7,0
2023-01-12 16:00:00,84.41,84.41,83.59,83.6,4288,6,0
2023-01-12 17:00:00,83.61,84.11,83.44,83.98,3787,7,0
2023-01-12 18:00:00,83.99,84.64,83.87,84.3,3193,7,0
2023-01-12 19:00:00,84.31,84.48,84.0,84.36,1894,8,0
2023-01-12 20:00:00,84.37,84.57,83.77,84.54,1948,8,0
2023-01-12 21:00:00,84.54,84.56,83.93,84.05,1883,8,0
2023-01-12 22:00:00,84.04,84.05,83.76,83.9,778,8,0
2023-01-12 23:00:00,83.89,83.96,83.83,83.83,345,9,0
2023-01-13 03:00:00,83.89,84.07,83.77,83.77,1192,8,0
2023-01-13 04:00:00,83.76,83.81,83.54,83.66,759,8,0
2023-01-13 05:00:00,83.68,83.86,83.56,83.78,436,8,0
2023-01-13 06:00:00,83.77,83.81,83.71,83.74,147,8,0
2023-01-13 07:00:00,83.73,83.86,83.6,83.75,434,8,0
2023-01-13 08:00:00,83.75,83.91,83.59,83.89,796,8,0
2023-01-13 09:00:00,83.88,84.31,83.77,84.29,833,8,0
2023-01-13 10:00:00,84.3,84.49,83.91,84.35,2019,8,0
2023-01-13 11:00:00,84.35,84.43,84.19,84.39,1199,8,0
2023-01-13 12:00:00,84.39,84.95,84.34,84.86,1161,8,0
2023-01-13 13:00:00,84.85,84.92,84.53,84.62,1144,8,0
2023-01-13 14:00:00,84.62,84.74,84.17,84.28,1356,8,0
2023-01-13 15:00:00,84.28,84.42,83.96,84.4,2277,7,0
2023-01-13 16:00:00,84.41,84.74,84.22,84.43,3063,7,0
2023-01-13 17:00:00,84.43,85.23,84.34,84.99,3164,8,0
2023-01-13 18:00:00,85.0,85.22,84.58,84.96,2939,7,0
2023-01-13 19:00:00,84.97,85.12,84.84,84.99,1711,7,0
2023-01-13 20:00:00,84.99,85.3,84.77,85.13,1402,8,0
2023-01-13 21:00:00,85.13,85.46,84.97,85.45,1739,7,0
2023-01-13 22:00:00,85.45,85.54,85.39,85.47,546,8,0
2023-01-13 23:00:00,85.48,85.61,85.42,85.55,238,9,0
2023-01-16 01:00:00,85.62,85.72,85.33,85.33,295,8,0
2023-01-16 02:00:00,85.34,85.44,85.27,85.4,243,8,0
2023-01-16 03:00:00,85.39,85.4,84.91,85.2,1240,8,0
2023-01-16 04:00:00,85.21,85.3,84.91,84.99,731,8,0
2023-01-16 05:00:00,84.99,85.03,84.84,84.98,425,8,0
2023-01-16 06:00:00,84.97,84.98,84.79,84.8,110,8,0
2023-01-16 07:00:00,84.79,84.83,84.69,84.7,383,8,0
2023-01-16 08:00:00,84.7,84.79,84.59,84.61,976,8,0
2023-01-16 09:00:00,84.6,84.82,84.6,84.67,741,8,0
2023-01-16 10:00:00,84.66,84.79,84.18,84.59,1806,8,0
2023-01-16 11:00:00,84.6,85.14,84.6,84.95,1229,8,0
2023-01-16 12:00:00,84.96,85.14,84.74,84.76,1063,8,0
2023-01-16 13:00:00,84.78,85.16,84.76,85.15,813,8,0
2023-01-16 14:00:00,85.16,85.22,84.92,84.98,749,7,0
2023-01-16 15:00:00,84.99,84.99,84.58,84.6,1298,8,0
2023-01-16 16:00:00,84.58,84.7,84.32,84.56,1881,7,0
2023-01-16 17:00:00,84.55,84.7,84.34,84.39,1388,8,0
2023-01-16 18:00:00,84.4,84.57,83.99,84.35,1764,8,0
2023-01-16 19:00:00,84.36,84.62,84.12,84.52,957,8,0
2023-01-16 20:00:00,84.52,84.58,84.27,84.28,419,8,0
2023-01-16 21:00:00,84.29,84.29,84.26,84.28,81,8,0
2023-01-17 03:00:00,84.29,84.61,84.12,84.43,994,8,0
2023-01-17 04:00:00,84.42,84.61,84.27,84.61,874,8,0
2023-01-17 05:00:00,84.62,84.89,84.57,84.69,381,8,0
2023-01-17 06:00:00,84.7,84.81,84.67,84.73,162,8,0
2023-01-17 07:00:00,84.74,84.85,84.7,84.77,393,8,0
2023-01-17 08:00:00,84.76,84.96,84.59,84.61,708,8,0
2023-01-17 09:00:00,84.6,84.76,84.48,84.61,862,8,0
2023-01-17 10:00:00,84.62,85.06,84.36,85.02,2345,8,0
2023-01-17 11:00:00,85.03,85.28,84.63,84.89,1372,8,0
2023-01-17 12:00:00,84.91,85.3,84.91,85.24,1029,7,0
2023-01-17 13:00:00,85.24,85.58,85.2,85.56,963,8,0
2023-01-17 14:00:00,85.56,85.9,85.51,85.76,1152,8,0
2023-01-17 15:00:00,85.77,85.96,85.58,85.89,2100,8,0
2023-01-17 16:00:00,85.89,86.85,85.81,86.51,3223,7,0
2023-01-17 17:00:00,86.52,86.59,86.03,86.12,2837,7,0
2023-01-17 18:00:00,86.11,86.25,85.57,85.95,3308,7,0
2023-01-17 19:00:00,85.96,86.08,85.12,85.39,1998,8,0
2023-01-17 20:00:00,85.38,85.65,84.92,85.46,1910,8,0
2023-01-17 21:00:00,85.47,86.52,85.35,86.49,2458,8,0
2023-01-17 22:00:00,86.49,86.89,86.46,86.71,1048,8,0
2023-01-17 23:00:00,86.72,86.76,86.58,86.71,429,9,0
2023-01-18 03:00:00,86.33,86.67,86.29,86.61,957,8,0
2023-01-18 04:00:00,86.62,86.76,86.41,86.73,967,8,0
2023-01-18 05:00:00,86.74,86.9,86.47,86.6,760,8,0
2023-01-18 06:00:00,86.61,86.74,86.5,86.68,371,8,0
2023-01-18 07:00:00,86.69,87.07,86.57,87.05,685,8,0
2023-01-18 08:00:00,87.06,87.07,86.71,86.77,792,8,0
2023-01-18 09:00:00,86.78,86.88,86.52,86.72,1039,8,0
2023-01-18 10:00:00,86.71,87.02,86.22,86.36,2059,7,0
2023-01-18 11:00:00,86.36,87.5,86.35,87.16,1501,8,0
2023-01-18 12:00:00,87.17,87.4,87.01,87.25,1095,8,0
2023-01-18 13:00:00,87.25,87.55,87.25,87.43,1190,8,0
2023-01-18 14:00:00,87.42,87.5,87.16,87.4,892,8,0
2023-01-18 15:00:00,87.41,87.44,87.0,87.01,2370,7,0
2023-01-18 16:00:00,87.01,87.69,86.94,87.65,2908,7,0
2023-01-18 17:00:00,87.66,87.97,87.23,87.41,2822,7,0
2023-01-18 18:00:00,87.4,87.78,86.5,86.99,3309,7,0
2023-01-18 19:00:00,87.01,87.09,85.42,85.71,2970,7,0
2023-01-18 20:00:00,85.72,85.98,85.18,85.57,2595,8,0
2023-01-18 21:00:00,85.56,85.73,84.73,84.94,2797,8,0
2023-01-18 22:00:00,84.95,84.99,84.76,84.88,960,8,0
2023-01-18 23:00:00,84.87,84.94,84.53,84.69,431,9,0
2023-01-19 03:00:00,84.53,84.69,84.1,84.17,1248,8,0
2023-01-19 04:00:00,84.16,84.48,84.1,84.4,806,8,0
2023-01-19 05:00:00,84.39,84.46,84.17,84.18,456,8,0
2023-01-19 06:00:00,84.17,84.18,83.99,84.04,314,8,0
2023-01-19 07:00:00,84.05,84.2,83.95,84.15,579,8,0
2023-01-19 08:00:00,84.16,84.57,84.07,84.56,861,8,0
2023-01-19 09:00:00,84.53,84.73,84.21,84.53,1195,8,0
2023-01-19 10:00:00,84.52,84.59,84.1,84.27,2226,8,0
2023-01-19 11:00:00,84.28,84.63,84.15,84.4,1391,8,0
2023-01-19 12:00:00,84.4,84.61,84.33,84.56,1033,8,0
2023-01-19 13:00:00,84.55,84.8,84.33,84.57,956,8,0
2023-01-19 14:00:00,84.57,84.84,84.48,84.57,1369,7,0
2023-01-19 15:00:00,84.58,85.32,84.55,85.12,2706,8,0
2023-01-19 16:00:00,85.13,85.96,85.11,85.68,3552,7,0
2023-01-19 17:00:00,85.68,86.38,85.63,85.76,3288,8,0
2023-01-19 18:00:00,85.75,86.31,85.14,86.07,4803,7,0
2023-01-19 19:00:00,86.07,86.92,85.95,86.32,3000,7,0
2023-01-19 20:00:00,86.33,86.56,86.02,86.35,2485,8,0
2023-01-19 21:00:00,86.34,86.51,85.95,86.29,2367,8,0
2023-01-19 22:00:00,86.29,86.47,86.24,86.3,781,8,0
2023-01-19 23:00:00,86.31,86.43,86.23,86.35,379,9,0
2023-01-20 03:00:00,86.6,86.85,86.53,86.76,1117,8,0
2023-01-20 04:00:00,86.77,86.77,86.6,86.63,803,8,0
2023-01-20 05:00:00,86.64,86.8,86.49,86.76,545,8,0
2023-01-20 06:00:00,86.77,86.81,86.29,86.3,850,8,0
2023-01-20 07:00:00,86.31,86.59,86.21,86.49,574,8,0
2023-01-20 08:00:00,86.48,86.67,86.44,86.57,738,8,0
2023-01-20 09:00:00,86.56,86.85,86.48,86.83,859,8,0
2023-01-20 10:00:00,86.84,87.2,86.75,86.89,1598,8,0
2023-01-20 11:00:00,86.91,87.04,86.6,86.65,1482,8,0
2023-01-20 12:00:00,86.66,86.77,86.28,86.67,1429,8,0
2023-01-20 13:00:00,86.66,86.98,86.28,86.49,1271,7,0
2023-01-20 14:00:00,86.48,86.81,86.28,86.76,1215,8,0
2023-01-20 15:00:00,86.77,86.92,86.54,86.84,1646,8,0
2023-01-20 16:00:00,86.85,86.91,85.69,86.21,3816,7,0
2023-01-20 17:00:00,86.23,86.64,86.02,86.32,3378,8,0
2023-01-20 18:00:00,86.32,87.01,86.23,86.86,2724,7,0
2023-01-20 19:00:00,86.87,87.53,86.87,87.47,2105,8,0
2023-01-20 20:00:00,87.48,87.68,87.23,87.67,1557,8,0
2023-01-20 21:00:00,87.66,87.76,87.44,87.74,2241,7,0
2023-01-20 22:00:00,87.75,87.78,87.64,87.74,612,8,0
2023-01-20 23:00:00,87.73,87.76,87.65,87.66,269,9,0
2023-01-23 01:00:00,87.71,87.8,87.09,87.14,463,8,0
2023-01-23 02:00:00,87.15,87.33,87.05,87.32,284,8,0
2023-01-23 03:00:00,87.33,87.44,87.18,87.24,324,8,0
2023-01-23 04:00:00,87.24,87.31,87.08,87.2,218,8,0
2023-01-23 05:00:00,87.21,87.29,87.14,87.25,277,8,0
2023-01-23 06:00:00,87.26,87.38,87.18,87.38,232,8,0
2023-01-23 07:00:00,87.38,87.69,87.3,87.58,342,8,0
2023-01-23 08:00:00,87.57,87.58,87.41,87.48,379,8,0
2023-01-23 09:00:00,87.47,87.72,87.05,87.19,1029,8,0
2023-01-23 10:00:00,87.18,87.6,86.96,87.53,1960,7,0
2023-01-23 11:00:00,87.55,88.11,87.47,87.85,1170,8,0
2023-01-23 12:00:00,87.84,88.32,87.8,88.27,1033,8,0
2023-01-23 13:00:00,88.28,88.32,88.05,88.3,926,8,0
2023-01-23 14:00:00,88.29,88.52,88.15,88.38,1012,8,0
2023-01-23 15:00:00,88.38,88.59,88.32,88.55,1600,8,0
2023-01-23 16:00:00,88.53,88.89,88.04,88.7,3630,7,0
2023-01-23 17:00:00,88.71,88.89,88.17,88.76,3848,7,0
2023-01-23 18:00:00,88.75,88.97,88.37,88.58,3290,7,0
2023-01-23 19:00:00,88.57,88.61,87.91,88.42,2041,7,0
2023-01-23 20:00:00,88.41,88.7,88.23,88.65,1934,8,0
2023-01-23 21:00:00,88.64,88.65,87.84,87.95,2278,8,0
2023-01-23 22:00:00,87.95,88.04,87.88,88.0,873,8,0
2023-01-23 23:00:00,87.99,88.05,87.89,87.91,315,9,0
2023-01-24 03:00:00,87.97,88.2,87.95,88.17,229,8,0
2023-01-24 04:00:00,88.18,88.26,88.11,88.16,206,8,0
2023-01-24 05:00:00,88.15,88.19,88.1,88.11,135,8,0
2023-01-24 06:00:00,88.11,88.11,88.02,88.06,122,8,0
2023-01-24 07:00:00,88.05,88.05,87.86,87.87,198,8,0
2023-01-24 08:00:00,87.86,87.93,87.79,87.87,373,8,0
2023-01-24 09:00:00,87.86,88.07,87.77,87.85,773,8,0
2023-01-24 10:00:00,87.86,88.25,87.67,88.16,1875,7,0
2023-01-24 11:00:00,88.18,88.32,87.22,87.57,1932,8,0
2023-01-24 12:00:00,87.56,88.18,87.54,88.03,1415,8,0
2023-01-24 13:00:00,88.03,88.38,87.99,88.22,1087,8,0
2023-01-24 14:00:00,88.23,88.58,88.18,88.5,926,8,0
2023-01-24 15:00:00,88.51,88.58,87.8,88.17,2039,8,0
2023-01-24 16:00:00,88.18,88.31,87.71,87.78,3481,7,0
2023-01-24 17:00:00,87.77,87.82,86.8,87.03,4566,7,0
2023-01-24 18:00:00,87.02,87.13,86.48,86.54,3596,7,0
2023-01-24 19:00:00,86.53,86.99,86.46,86.77,1983,8,0
2023-01-24 20:00:00,86.77,86.77,85.96,86.13,2139,8,0
2023-01-24 21:00:00,86.12,86.35,85.85,86.22,2054,8,0
2023-01-24 22:00:00,86.21,86.32,86.03,86.25,689,8,0
2023-01-24 23:00:00,86.25,86.41,86.23,86.38,495,9,0
2023-01-25 03:00:00,86.4,86.74,86.31,86.71,440,8,0
2023-01-25 04:00:00,86.72,86.84,86.5,86.54,293,8,0
2023-01-25 05:00:00,86.54,86.62,86.42,86.57,268,8,0
2023-01-25 06:00:00,86.58,86.62,86.4,86.4,257,8,0
2023-01-25 07:00:00,86.4,86.59,86.34,86.59,273,8,0
2023-01-25 08:00:00,86.59,86.62,86.48,86.61,392,8,0
2023-01-25 09:00:00,86.59,86.6,86.28,86.33,839,8,0
2023-01-25 10:00:00,86.35,86.62,85.79,85.82,2152,7,0
2023-01-25 11:00:00,85.82,86.8,85.72,86.08,1905,8,0
2023-01-25 12:00:00,86.09,86.29,85.86,86.0,1479,7,0
2023-01-25 13:00:00,86.0,86.34,85.82,86.34,1358,8,0
2023-01-25 14:00:00,86.33,86.47,85.97,86.13,1278,8,0
2023-01-25 15:00:00,86.13,86.39,85.89,86.08,2133,7,0
2023-01-25 16:00:00,86.08,86.51,85.47,85.66,3404,8,0
2023-01-25 17:00:00,85.66,86.75,85.46,86.24,4646,7,0
2023-01-25 18:00:00,86.24,87.0,86.05,86.71,3766,7,0
2023-01-25 19:00:00,86.71,86.74,85.62,85.72,2122,8,0
2023-01-25 20:00:00,85.71,86.5,85.59,86.33,2045,7,0
2023-01-25 21:00:00,86.34,86.56,86.08,86.38,1953,7,0
2023-01-25 22:00:00,86.39,86.58,86.38,86.47,705,8,0
2023-01-25 23:00:00,86.48,86.48,86.2,86.22,430,9,0
2023-01-26 03:00:00,86.39,86.48,86.25,86.31,391,8,0
2023-01-26 04:00:00,86.32,86.46,86.25,86.44,238,8,0
2023-01-26 05:00:00,86.43,86.46,86.11,86.14,227,8,0
2023-01-26 06:00:00,86.15,86.18,86.05,86.08,237,8,0
2023-01-26 07:00:00,86.09,86.23,86.02,86.19,258,8,0
2023-01-26 08:00:00,86.19,86.32,86.18,86.32,376,8,0
2023-01-26 09:00:00,86.31,86.43,86.15,86.38,724,8,0
2023-01-26 10:00:00,86.36,86.5,85.75,86.05,2099,7,0
2023-01-26 11:00:00,86.07,86.7,86.02,86.52,1434,7,0
2023-01-26 12:00:00,86.52,87.06,86.52,86.62,1117,8,0
2023-01-26 13:00:00,86.63,86.8,86.52,86.71,855,7,0
2023-01-26 14:00:00,86.72,87.25,86.7,87.18,1321,7,0
2023-01-26 15:00:00,87.17,87.67,87.15,87.65,2310,8,0
2023-01-26 16:00:00,87.64,87.95,87.07,87.15,3301,8,0
2023-01-26 17:00:00,87.17,87.48,86.28,87.11,4237,8,0
2023-01-26 18:00:00,87.09,87.65,86.91,87.48,3470,7,0
2023-01-26 19:00:00,87.49,87.61,87.02,87.53,1836,8,0
2023-01-26 20:00:00,87.54,87.61,86.96,87.05,2197,7,0
2023-01-26 21:00:00,87.05,87.69,86.99,87.4,2040,8,0
2023-01-26 22:00:00,87.4,87.43,87.21,87.31,576,8,0
2023-01-26 23:00:00,87.32,87.47,87.28,87.29,249,8,0
2023-01-27 03:00:00,87.44,87.52,87.33,87.38,437,8,0
2023-01-27 04:00:00,87.39,87.54,87.34,87.51,269,8,0
2023-01-27 05:00:00,87.52,87.57,87.49,87.53,223,8,0
2023-01-27 06:00:00,87.53,87.62,87.53,87.58,103,8,0
2023-01-27 07:00:00,87.59,87.73,87.54,87.65,199,8,0
2023-01-27 08:00:00,87.66,87.68,87.51,87.57,377,8,0
2023-01-27 09:00:00,87.56,87.73,87.33,87.49,858,8,0
2023-01-27 10:00:00,87.49,87.94,87.31,87.85,1784,7,0
2023-01-27 11:00:00,87.86,88.43,87.79,88.33,1209,8,0
2023-01-27 12:00:00,88.32,88.36,88.08,88.23,788,8,0
2023-01-27 13:00:00,88.23,88.56,88.22,88.45,902,8,0
2023-01-27 14:00:00,88.46,88.53,88.18,88.26,924,8,0
2023-01-27 15:00:00,88.25,88.43,88.07,88.31,1569,8,0
2023-01-27 16:00:00,88.32,88.57,87.71,87.84,2884,7,0
2023-01-27 17:00:00,87.85,88.45,86.76,86.91,3946,7,0
2023-01-27 18:00:00,86.9,86.92,86.21,86.53,4343,7,0
2023-01-27 19:00:00,86.51,86.58,85.47,86.09,3123,7,0
2023-01-27 20:00:00,86.1,86.4,85.81,86.2,2118,8,0
2023-01-27 21:00:00,86.18,86.46,85.7,86.13,2196,8,0
2023-01-27 22:00:00,86.14,86.19,86.01,86.04,595,8,0
2023-01-27 23:00:00,86.03,86.11,85.94,86.02,242,9,0
2023-01-30 01:00:00,86.66,87.19,86.54,87.05,629,8,0
2023-01-30 02:00:00,87.06,87.16,86.97,86.97,254,8,0
2023-01-30 03:00:00,86.98,87.1,86.6,86.64,1320,8,0
2023-01-30 04:00:00,86.63,86.75,86.37,86.46,700,8,0
2023-01-30 05:00:00,86.47,86.49,86.22,86.25,478,8,0
2023-01-30 06:00:00,86.24,86.29,86.07,86.14,235,8,0
2023-01-30 07:00:00,86.13,86.13,85.8,85.8,470,8,0
2023-01-30 08:00:00,85.81,86.03,85.72,85.88,525,8,0
2023-01-30 09:00:00,85.89,85.89,85.54,85.68,928,8,0
2023-01-30 10:00:00,85.67,86.0,85.48,85.83,1593,7,0
2023-01-30 11:00:00,85.83,86.27,85.63,86.0,1446,8,0
2023-01-30 12:00:00,85.99,86.47,85.79,86.47,1284,7,0
2023-01-30 13:00:00,86.48,86.57,86.07,86.45,1193,7,0
2023-01-30 14:00:00,86.46,86.49,86.1,86.29,978,8,0
2023-01-30 15:00:00,86.28,86.39,84.55,84.83,2532,8,0
2023-01-30 16:00:00,84.84,85.5,84.55,85.24,3697,8,0
2023-01-30 17:00:00,85.23,85.92,85.16,85.83,2958,7,0
2023-01-30 18:00:00,85.82,86.38,84.94,85.2,3456,7,0
2023-01-30 19:00:00,85.19,85.51,84.98,85.12,1982,7,0
2023-01-30 20:00:00,85.11,85.17,84.56,84.74,2014,8,0
2023-01-30 21:00:00,84.75,84.8,84.18,84.24,1986,7,0
2023-01-30 22:00:00,84.24,84.46,84.18,84.32,699,8,0
2023-01-30 23:00:00,84.31,84.48,84.24,84.32,308,9,0
2023-01-31 03:00:00,84.5,84.69,84.27,84.46,871,8,0
2023-01-31 04:00:00,84.46,84.59,84.31,84.35,478,8,0
2023-01-31 05:00:00,84.34,84.36,84.12,84.14,345,8,0
2023-01-31 06:00:00,84.13,84.14,84.07,84.07,116,8,0
2023-01-31 07:00:00,84.08,84.18,84.04,84.12,232,8,0
2023-01-31 08:00:00,84.05,84.07,83.98,84.01,579,0,0
2023-01-31 09:00:00,84.02,84.37,83.95,84.09,817,8,0
2023-01-31 10:00:00,84.1,84.13,83.27,83.65,2097,7,0
2023-01-31 11:00:00,83.63,83.71,83.2,83.21,1349,8,0
2023-01-31 12:00:00,83.21,83.47,83.09,83.31,1105,7,0
2023-01-31 13:00:00,83.32,83.7,83.23,83.58,1126,8,0
2023-01-31 14:00:00,83.59,83.83,83.52,83.6,1153,8,0
2023-01-31 15:00:00,83.61,84.13,83.61,83.82,2381,8,0
2023-01-31 16:00:00,83.81,84.97,83.53,84.92,3634,8,0
2023-01-31 17:00:00,84.92,85.69,84.49,85.45,3740,8,0
2023-01-31 18:00:00,85.46,85.55,84.84,84.96,3197,7,0
2023-01-31 19:00:00,84.97,85.36,84.89,85.3,1951,8,0
2023-01-31 20:00:00,85.3,85.41,84.93,84.99,1205,8,0
2023-01-31 21:00:00,84.98,85.58,84.72,85.4,1733,8,0
2023-01-31 22:00:00,85.42,85.53,85.4,85.44,457,8,0
2023-01-31 23:00:00,85.43,85.54,85.37,85.38,313,9,0
2023-02-01 03:00:00,85.46,85.72,85.43,85.5,767,8,0
2023-02-01 04:00:00,85.49,85.55,85.34,85.35,438,8,0
2023-02-01 05:00:00,85.34,85.68,85.32,85.63,341,8,0
2023-02-01 06:00:00,85.62,85.73,85.59,85.6,207,8,0
2023-02-01 07:00:00,85.59,85.62,85.37,85.5,339,8,0
2023-02-01 08:00:00,85.48,85.57,85.4,85.42,448,8,0
2023-02-01 09:00:00,85.41,85.8,85.25,85.65,800,7,0
2023-02-01 10:00:00,85.65,86.1,85.48,85.89,1928,7,0
2023-02-01 11:00:00,85.91,85.91,85.17,85.25,1430,8,0
2023-02-01 12:00:00,85.25,85.5,85.08,85.21,1058,8,0
2023-02-01 13:00:00,85.21,85.75,85.07,85.74,943,7,0
2023-02-01 14:00:00,85.73,86.04,85.43,85.47,1382,8,0
2023-02-01 15:00:00,85.47,85.78,85.03,85.06,2171,8,0
2023-02-01 16:00:00,85.05,85.45,84.72,84.76,3447,7,0
2023-02-01 17:00:00,84.78,85.24,84.5,84.56,3633,8,0
2023-02-01 18:00:00,84.54,84.63,83.42,83.5,3352,8,0
2023-02-01 19:00:00,83.49,83.49,82.31,82.46,3433,7,0
2023-02-01 20:00:00,82.46,82.87,82.43,82.62,1934,8,0
2023-02-01 21:00:00,82.64,83.3,82.48,83.07,3511,7,0
2023-02-01 22:00:00,83.09,83.41,83.04,83.09,1398,7,0
2023-02-01 23:00:00,83.08,83.26,82.8,82.89,626,9,0
2023-02-02 03:00:00,83.31,83.48,83.05,83.28,1436,8,0
2023-02-02 04:00:00,83.27,83.43,83.21,83.41,706,8,0
2023-02-02 05:00:00,83.42,83.42,83.3,83.36,389,8,0
2023-02-02 06:00:00,83.35,83.51,83.31,83.48,205,8,0
2023-02-02 07:00:00,83.47,83.49,83.24,83.3,528,8,0
2023-02-02 08:00:00,83.32,83.34,83.05,83.1,864,8,0
2023-02-02 09:00:00,83.11,83.37,82.82,82.88,893,8,0
2023-02-02 10:00:00,82.89,83.3,82.73,83.01,1961,7,0
2023-02-02 11:00:00,82.98,83.02,82.34,82.6,1774,8,0
2023-02-02 12:00:00,82.59,83.04,82.42,82.68,1366,8,0
2023-02-02 13:00:00,82.67,82.88,82.28,82.41,1241,8,0
2023-02-02 14:00:00,82.41,82.46,82.04,82.31,1321,7,0
2023-02-02 15:00:00,82.31,82.55,82.06,82.25,2345,7,0
2023-02-02 16:00:00,82.24,82.75,81.56,81.71,3916,7,0
2023-02-02 17:00:00,81.7,82.62,81.19,82.31,3294,8,0
2023-02-02 18:00:00,82.3,82.87,81.81,82.82,3701,7,0
2023-02-02 19:00:00,82.83,83.16,82.41,83.14,2864,7,0
2023-02-02 20:00:00,83.16,83.16,82.73,82.88,1973,8,0
2023-02-02 21:00:00,82.88,82.98,81.9,82.14,2204,8,0
2023-02-02 22:00:00,82.15,82.16,81.87,81.98,875,8,0
2023-02-02 23:00:00,81.97,82.16,81.89,82.12,789,8,0
2023-02-03 03:00:00,82.29,82.39,82.17,82.22,856,8,0
2023-02-03 04:00:00,82.22,82.36,81.96,82.07,527,8,0
2023-02-03 05:00:00,82.05,82.19,82.0,82.04,481,8,0
2023-02-03 06:00:00,82.03,82.04,81.89,81.89,193,8,0
2023-02-03 07:00:00,81.9,81.93,81.8,81.88,451,8,0
2023-02-03 08:00:00,81.89,82.1,81.88,82.04,539,8,0
2023-02-03 09:00:00,82.03,82.04,81.67,81.76,1056,8,0
2023-02-03 10:00:00,81.75,82.05,81.37,81.97,2183,7,0
2023-02-03 11:00:00,81.95,82.53,81.67,82.45,1740,8,0
2023-02-03 12:00:00,82.46,82.53,81.8,81.96,1658,8,0
2023-02-03 13:00:00,81.95,82.07,81.66,82.06,1058,7,0
2023-02-03 14:00:00,82.05,82.27,81.73,82.23,1092,7,0
2023-02-03 15:00:00,82.22,82.77,81.68,82.72,3266,8,0
2023-02-03 16:00:00,82.71,83.44,82.06,83.33,4608,7,0
2023-02-03 17:00:00,83.28,84.09,83.15,83.22,4104,8,0
2023-02-03 18:00:00,83.23,83.26,80.78,80.78,4679,8,0
2023-02-03 19:00:00,80.77,80.77,79.94,80.06,3192,7,0
2023-02-03 20:00:00,80.08,80.26,79.77,79.96,2597,8,0
2023-02-03 21:00:00,79.95,80.1,79.62,79.63,2278,8,0
2023-02-03 22:00:00,79.63,79.76,79.62,79.64,634,8,0
2023-02-03 23:00:00,79.63,79.71,79.53,79.61,299,9,0
2023-02-06 01:00:00,79.67,80.04,79.67,79.89,345,8,0
2023-02-06 02:00:00,79.91,80.08,79.91,80.02,314,8,0
2023-02-06 03:00:00,80.04,80.16,79.54,80.0,1689,8,0
2023-02-06 04:00:00,79.98,80.04,79.89,80.03,729,8,0
2023-02-06 05:00:00,80.02,80.11,79.97,80.01,315,8,0
2023-02-06 06:00:00,80.01,80.09,80.0,80.05,276,8,0
2023-02-06 07:00:00,80.06,80.22,79.91,80.17,504,8,0
2023-02-06 08:00:00,80.18,80.21,79.97,80.13,670,8,0
2023-02-06 09:00:00,80.14,80.64,80.09,80.51,1516,8,0
2023-02-06 10:00:00,80.5,80.68,80.2,80.46,2134,7,0
2023-02-06 11:00:00,80.43,80.43,79.79,80.05,1993,8,0
2023-02-06 12:00:00,80.04,80.79,79.89,80.63,1879,8,0
2023-02-06 13:00:00,80.64,80.69,80.01,80.17,1443,7,0
2023-02-06 14:00:00,80.16,80.79,80.05,80.76,1550,8,0
2023-02-06 15:00:00,80.74,81.09,80.53,80.92,2671,8,0
2023-02-06 16:00:00,80.91,81.05,80.15,80.2,3939,7,0
2023-02-06 17:00:00,80.18,80.2,79.1,79.12,3807,7,0
2023-02-06 18:00:00,79.13,80.64,78.98,80.35,4278,7,0
2023-02-06 19:00:00,80.34,80.75,80.01,80.44,2884,7,0
2023-02-06 20:00:00,80.44,80.79,80.36,80.73,1815,8,0
2023-02-06 21:00:00,80.74,81.1,80.57,81.06,1790,8,0
2023-02-06 22:00:00,81.05,81.18,80.97,81.15,597,8,0
2023-02-06 23:00:00,81.16,81.27,81.06,81.12,307,9,0
2023-02-07 03:00:00,81.04,81.61,81.03,81.56,904,8,0
2023-02-07 04:00:00,81.56,81.66,81.46,81.64,515,8,0
2023-02-07 05:00:00,81.65,81.66,81.54,81.56,393,8,0
2023-02-07 06:00:00,81.57,81.6,81.53,81.58,208,8,0
2023-02-07 07:00:00,81.58,82.01,81.4,81.94,567,8,0
2023-02-07 08:00:00,81.96,82.02,81.8,81.98,761,8,0
2023-02-07 09:00:00,81.99,82.27,81.8,82.15,948,8,0
2023-02-07 10:00:00,82.14,82.7,82.1,82.66,2397,8,0
2023-02-07 11:00:00,82.66,82.68,81.95,82.28,1699,7,0
2023-02-07 12:00:00,82.27,82.72,82.21,82.34,1300,7,0
2023-02-07 13:00:00,82.35,82.37,81.9,81.92,1234,8,0
2023-02-07 14:00:00,81.93,82.05,81.65,81.78,1298,8,0
2023-02-07 15:00:00,81.77,82.14,81.54,82.0,2164,8,0
2023-02-07 16:00:00,82.0,82.03,81.36,81.85,4022,7,0
2023-02-07 17:00:00,81.86,82.31,81.54,82.29,3569,7,0
2023-02-07 18:00:00,82.29,83.43,82.18,83.22,3779,7,0
2023-02-07 19:00:00,83.22,83.63,82.9,83.54,3039,7,0
2023-02-07 20:00:00,83.55,83.65,82.91,83.31,3360,7,0
2023-02-07 21:00:00,83.34,83.75,83.25,83.61,2269,8,0
2023-02-07 22:00:00,83.61,83.78,83.51,83.66,683,8,0
2023-02-07 23:00:00,83.65,83.92,83.64,83.89,320,9,0
2023-02-08 03:00:00,83.77,83.9,83.4,83.41,1252,8,0
2023-02-08 04:00:00,83.42,83.73,83.41,83.67,657,8,0
2023-02-08 05:00:00,83.68,83.7,83.38,83.43,420,8,0
2023-02-08 06:00:00,83.43,83.58,83.42,83.57,222,8,0
2023-02-08 07:00:00,83.58,83.58,83.39,83.55,354,8,0
2023-02-08 08:00:00,83.56,83.64,83.44,83.57,599,8,0
2023-02-08 09:00:00,83.55,83.95,83.33,83.92,1019,8,0
2023-02-08 10:00:00,83.92,84.39,83.63,84.35,2432,7,0
2023-02-08 11:00:00,84.35,84.64,84.31,84.48,1421,7,0
2023-02-08 12:00:00,84.49,84.51,84.11,84.19,1123,7,0
2023-02-08 13:00:00,84.19,84.24,83.92,84.16,1088,8,0
2023-02-08 14:00:00,84.17,84.39,83.83,83.91,1282,8,0
2023-02-08 15:00:00,83.9,84.46,83.78,84.44,2055,7,0
2023-02-08 16:00:00,84.43,84.58,83.88,84.08,3574,8,0
2023-02-08 17:00:00,84.09,84.33,83.42,84.18,4139,7,0
2023-02-08 18:00:00,84.17,84.33,83.42,84.01,4134,7,0
2023-02-08 19:00:00,84.0,84.48,83.8,84.48,2206,8,0
2023-02-08 20:00:00,84.48,84.87,84.45,84.72,1913,8,0
2023-02-08 21:00:00,84.71,84.93,84.63,84.91,1756,8,0
2023-02-08 22:00:00,84.91,84.93,84.8,84.89,585,8,0
2023-02-08 23:00:00,84.87,84.92,84.81,84.84,249,9,0
2023-02-09 03:00:00,84.72,85.0,84.57,84.98,923,8,0
2023-02-09 04:00:00,84.99,85.02,84.85,84.87,417,8,0
2023-02-09 05:00:00,84.87,84.87,84.67,84.83,341,8,0
2023-02-09 06:00:00,84.84,84.86,84.79,84.82,121,8,0
2023-02-09 07:00:00,84.83,85.01,84.82,84.94,538,8,0
2023-02-09 08:00:00,84.93,85.01,84.88,84.95,521,8,0
2023-02-09 09:00:00,84.94,85.0,84.66,84.7,853,8,0
2023-02-09 10:00:00,84.7,85.21,84.7,85.08,1579,8,0
2023-02-09 11:00:00,85.1,85.19,84.57,84.94,1352,8,0
2023-02-09 12:00:00,84.95,85.23,84.85,85.09,1054,8,0
2023-02-09 13:00:00,85.1,85.23,84.94,84.96,1005,8,0
2023-02-09 14:00:00,84.97,85.04,84.48,84.63,1347,8,0
2023-02-09 15:00:00,84.63,84.63,84.06,84.15,2463,7,0
2023-02-09 16:00:00,84.16,84.35,83.62,83.87,3827,8,0
2023-02-09 17:00:00,83.87,84.14,83.0,83.04,3703,7,0
2023-02-09 18:00:00,83.03,84.2,82.85,83.89,3893,8,0
2023-02-09 19:00:00,83.9,84.22,83.68,84.04,2074,8,0
2023-02-09 20:00:00,84.03,84.42,83.99,84.33,1968,8,0
2023-02-09 21:00:00,84.34,84.47,83.82,83.89,1952,8,0
2023-02-09 22:00:00,83.88,84.04,83.79,83.86,901,8,0
2023-02-09 23:00:00,83.88,83.99,83.78,83.93,246,8,0
2023-02-10 03:00:00,83.96,84.11,83.86,83.98,1022,0,0
2023-02-10 04:00:00,83.99,84.2,83.86,84.0,688,0,0
2023-02-10 05:00:00,83.99,84.06,83.85,83.87,619,0,0
2023-02-10 06:00:00,83.88,84.09,83.85,84.05,314,0,0
2023-02-10 07:00:00,84.06,84.07,83.65,83.78,698,0,0
2023-02-10 08:00:00,83.8,84.19,83.79,84.0,893,0,0
2023-02-10 09:00:00,84.01,84.26,83.81,83.94,1465,0,0
2023-02-10 10:00:00,83.93,86.4,83.81,86.24,5130,0,0
2023-02-10 11:00:00,86.25,86.58,85.97,86.24,3762,0,0
2023-02-10 12:00:00,86.25,86.38,85.83,85.84,2882,0,0
2023-02-10 13:00:00,85.84,86.36,85.84,86.09,1937,0,0
2023-02-10 14:00:00,86.07,86.14,85.87,85.95,2012,0,0
2023-02-10 15:00:00,85.94,85.94,84.93,85.27,4316,0,0
2023-02-10 16:00:00,85.26,85.72,85.02,85.62,5427,0,0
2023-02-10 17:00:00,85.62,85.93,85.34,85.76,4941,0,0
2023-02-10 18:00:00,85.76,86.37,85.68,86.0,3307,0,0
2023-02-10 19:00:00,85.99,86.13,85.5,85.61,3169,0,0
2023-02-10 20:00:00,85.61,86.13,85.61,86.12,2433,0,0
2023-02-10 21:00:00,86.12,86.25,85.93,86.16,2029,0,0
2023-02-10 22:00:00,86.17,86.31,86.16,86.29,884,0,0
2023-02-10 23:00:00,86.28,86.29,86.22,86.23,261,0,0
2023-02-13 01:00:00,86.35,86.35,85.62,85.74,271,0,0
2023-02-13 02:00:00,85.72,85.76,85.58,85.67,178,0,0
2023-02-13 03:00:00,85.68,85.7,85.18,85.56,1504,0,0
2023-02-13 04:00:00,85.54,85.66,85.29,85.43,761,0,0
2023-02-13 05:00:00,85.44,85.48,85.35,85.38,512,0,0
2023-02-13 06:00:00,85.39,85.4,85.21,85.23,231,0,0
2023-02-13 07:00:00,85.22,85.38,85.19,85.32,541,0,0
2023-02-13 08:00:00,85.33,85.4,85.19,85.33,697,0,0
2023-02-13 09:00:00,85.31,85.41,85.27,85.39,827,0,0
2023-02-13 10:00:00,85.4,85.51,85.26,85.35,2176,0,0
2023-02-13 11:00:00,85.36,85.44,84.86,85.2,1969,0,0
2023-02-13 12:00:00,85.2,85.37,84.98,85.32,1372,0,0
2023-02-13 13:00:00,85.33,85.94,85.3,85.89,1553,0,0
2023-02-13 14:00:00,85.91,86.21,85.81,85.99,1611,0,0
2023-02-13 15:00:00,85.98,85.98,85.19,85.57,2910,0,0
2023-02-13 16:00:00,85.57,85.69,85.21,85.62,4319,0,0
2023-02-13 17:00:00,85.62,85.9,85.23,85.8,3946,0,0
2023-02-13 18:00:00,85.81,86.1,85.46,86.09,3477,0,0
2023-02-13 19:00:00,86.08,86.63,85.81,86.63,2514,0,0
2023-02-13 20:00:00,86.63,86.65,86.23,86.28,1880,0,0
2023-02-13 21:00:00,86.27,86.45,86.12,86.14,2308,0,0
2023-02-13 22:00:00,86.15,86.16,85.51,85.73,2296,0,0
2023-02-13 23:00:00,85.72,85.8,85.47,85.51,436,0,0
2023-02-14 03:00:00,85.66,85.77,85.38,85.58,1108,0,0
2023-02-14 04:00:00,85.57,85.75,85.42,85.73,844,0,0
2023-02-14 05:00:00,85.74,85.78,85.56,85.69,426,0,0
2023-02-14 06:00:00,85.68,85.73,85.64,85.7,190,0,0
2023-02-14 07:00:00,85.7,85.85,85.58,85.85,331,8,0
2023-02-14 08:00:00,85.85,86.13,85.79,85.92,770,8,0
2023-02-14 09:00:00,85.92,86.05,85.78,85.82,717,8,0
2023-02-14 10:00:00,85.82,86.04,85.63,85.8,1682,8,0
2023-02-14 11:00:00,85.79,85.9,85.55,85.69,1300,8,0
2023-02-14 12:00:00,85.7,85.72,85.15,85.4,1197,8,0
2023-02-14 13:00:00,85.4,85.48,85.05,85.45,1087,8,0
2023-02-14 14:00:00,85.45,85.55,85.33,85.53,991,8,0
2023-02-14 15:00:00,85.52,85.91,84.87,85.24,4435,7,0
2023-02-14 16:00:00,85.25,85.49,83.9,85.16,5553,8,0
2023-02-14 17:00:00,85.17,85.72,84.78,85.02,4061,7,0
2023-02-14 18:00:00,85.02,85.57,84.8,84.95,3673,7,0
2023-02-14 19:00:00,84.95,85.35,84.93,85.26,2014,8,0
2023-02-14 20:00:00,85.25,85.54,85.11,85.13,1955,7,0
2023-02-14 21:00:00,85.14,85.48,85.1,85.44,1502,8,0
2023-02-14 22:00:00,85.45,85.5,85.38,85.47,535,8,0
2023-02-14 23:00:00,85.46,85.47,85.04,85.06,361,9,0
2023-02-15 03:00:00,84.98,85.22,84.89,85.18,710,8,0
2023-02-15 04:00:00,85.17,85.21,84.92,85.02,405,8,0
2023-02-15 05:00:00,85.01,85.07,84.74,84.74,435,8,0
2023-02-15 06:00:00,84.75,84.77,84.57,84.6,248,8,0
2023-02-15 07:00:00,84.59,84.63,84.45,84.56,499,8,0
2023-02-15 08:00:00,84.57,84.67,84.39,84.62,710,8,0
2023-02-15 09:00:00,84.61,84.61,84.15,84.32,990,8,0
2023-02-15 10:00:00,84.33,84.52,83.94,84.03,2206,8,0
2023-02-15 11:00:00,84.05,84.38,83.94,84.32,1687,8,0
2023-02-15 12:00:00,84.31,84.73,84.16,84.67,1118,8,0
2023-02-15 13:00:00,84.68,84.92,84.61,84.77,1101,8,0
2023-02-15 14:00:00,84.76,85.05,84.49,84.59,1439,7,0
2023-02-15 15:00:00,84.59,84.78,84.29,84.4,2872,8,0
2023-02-15 16:00:00,84.4,84.84,84.15,84.24,2930,8,0
2023-02-15 17:00:00,84.22,84.87,84.08,84.08,3831,8,0
2023-02-15 18:00:00,84.08,84.26,83.66,84.03,3315,8,0
2023-02-15 19:00:00,84.04,84.72,83.83,84.47,2699,7,0
2023-02-15 20:00:00,84.47,85.41,84.4,85.33,1972,8,0
2023-02-15 21:00:00,85.33,85.56,84.96,85.0,1523,8,0
2023-02-15 22:00:00,85.01,85.13,84.96,85.09,647,8,0
2023-02-15 23:00:00,85.08,85.08,84.88,84.88,228,9,0
2023-02-16 03:00:00,84.89,85.49,84.89,85.48,892,8,0
2023-02-16 04:00:00,85.47,85.69,85.4,85.62,791,8,0
2023-02-16 05:00:00,85.63,85.64,85.43,85.51,399,8,0
2023-02-16 06:00:00,85.5,85.56,85.4,85.5,320,8,0
2023-02-16 07:00:00,85.51,85.67,85.49,85.67,377,8,0
2023-02-16 08:00:00,85.68,85.7,85.39,85.57,827,8,0
2023-02-16 09:00:00,85.56,85.7,85.5,85.61,628,8,0
2023-02-16 10:00:00,85.61,85.88,85.22,85.3,1894,8,0
2023-02-16 11:00:00,85.29,85.38,84.61,84.68,1730,8,0
2023-02-16 12:00:00,84.67,85.03,84.46,84.97,1512,8,0
2023-02-16 13:00:00,84.98,85.36,84.97,85.26,978,8,0
2023-02-16 14:00:00,85.25,85.33,84.99,85.02,922,8,0
2023-02-16 15:00:00,85.01,85.43,84.64,85.09,2680,8,0
2023-02-16 16:00:00,85.08,85.53,84.89,85.4,3347,7,0
2023-02-16 17:00:00,85.39,85.5,84.61,84.95,3214,7,0
2023-02-16 18:00:00,84.95,85.42,84.57,85.33,3138,8,0
2023-02-16 19:00:00,85.34,85.43,85.04,85.08,1939,8,0
2023-02-16 20:00:00,85.1,85.14,84.33,84.77,1922,8,0
2023-02-16 21:00:00,84.76,84.93,84.59,84.76,1435,8,0
2023-02-16 22:00:00,84.77,84.79,84.31,84.34,1157,8,0
2023-02-16 23:00:00,84.35,84.49,84.27,84.31,389,9,0
2023-02-17 03:00:00,84.38,84.56,84.26,84.34,922,8,0
2023-02-17 04:00:00,84.33,84.51,84.16,84.44,559,8,0
2023-02-17 05:00:00,84.45,84.48,84.14,84.15,307,8,0
2023-02-17 06:00:00,84.14,84.17,83.95,83.97,163,8,0
2023-02-17 07:00:00,83.96,84.07,83.86,84.01,503,8,0
2023-02-17 08:00:00,84.0,84.13,83.81,83.88,574,8,0
2023-02-17 09:00:00,83.87,83.92,83.41,83.74,994,8,0
2023-02-17 10:00:00,83.73,83.74,83.07,83.35,2007,7,0
2023-02-17 11:00:00,83.36,83.68,82.96,83.46,1929,8,0
2023-02-17 12:00:00,83.45,83.45,82.78,82.8,1388,8,0
2023-02-17 13:00:00,82.81,82.9,82.36,82.37,1420,8,0
2023-02-17 14:00:00,82.38,82.52,82.01,82.47,1547,7,0
2023-02-17 15:00:00,82.47,82.64,82.23,82.44,2641,8,0
2023-02-17 16:00:00,82.45,82.47,81.55,81.89,3676,7,0
2023-02-17 17:00:00,81.89,82.61,81.64,82.5,4096,7,0
2023-02-17 18:00:00,82.5,83.05,82.33,82.39,3574,7,0
2023-02-17 19:00:00,82.39,82.83,82.11,82.44,2804,8,0
2023-02-17 20:00:00,82.44,82.63,81.83,82.57,2321,8,0
2023-02-17 21:00:00,82.56,82.93,82.48,82.91,1862,8,0
2023-02-17 22:00:00,82.91,83.0,82.63,82.67,816,8,0
2023-02-17 23:00:00,82.69,82.79,82.6,82.74,252,9,0
2023-02-20 01:00:00,82.91,82.98,82.72,82.85,178,8,0
2023-02-20 02:00:00,82.86,82.89,82.61,82.66,163,8,0
2023-02-20 03:00:00,82.68,82.83,82.44,82.82,733,8,0
2023-02-20 04:00:00,82.81,83.19,82.81,83.05,514,8,0
2023-02-20 05:00:00,83.04,83.33,82.98,83.23,406,8,0
2023-02-20 06:00:00,83.22,83.27,83.08,83.08,183,8,0
2023-02-20 07:00:00,83.09,83.4,83.03,83.39,474,8,0
2023-02-20 08:00:00,83.4,83.44,83.26,83.29,556,8,0
2023-02-20 09:00:00,83.28,83.54,83.2,83.53,584,8,0
2023-02-20 10:00:00,83.54,83.67,83.34,83.53,1503,7,0
2023-02-20 11:00:00,83.51,83.65,83.33,83.54,1193,8,0
2023-02-20 12:00:00,83.53,83.55,83.19,83.29,1002,8,0
2023-02-20 13:00:00,83.28,83.32,83.08,83.17,806,8,0
2023-02-20 14:00:00,83.16,83.46,83.08,83.36,846,8,0
2023-02-20 15:00:00,83.37,83.88,83.32,83.84,1599,8,0
2023-02-20 16:00:00,83.83,84.0,83.41,83.46,1220,8,0
2023-02-20 17:00:00,83.45,83.73,83.13,83.17,1370,8,0
2023-02-20 18:00:00,83.15,83.48,82.79,83.46,1648,8,0
2023-02-20 19:00:00,83.46,83.82,83.4,83.78,676,8,0
2023-02-20 20:00:00,83.79,83.85,83.72,83.78,344,8,0
2023-02-20 21:00:00,83.78,83.78,83.67,83.68,60,8,0
2023-02-21 03:00:00,83.57,83.64,83.05,83.07,884,8,0
2023-02-21 04:00:00,83.06,83.11,82.89,82.97,654,8,0
2023-02-21 05:00:00,82.96,83.06,82.83,82.86,534,8,0
2023-02-21 06:00:00,82.85,82.9,82.75,82.79,201,8,0
2023-02-21 07:00:00,82.78,82.94,82.71,82.81,495,8,0
2023-02-21 08:00:00,82.8,82.94,82.65,82.9,682,8,0
2023-02-21 09:00:00,82.89,83.21,82.77,83.13,831,8,0
2023-02-21 10:00:00,83.12,83.57,82.95,83.0,2523,8,0
2023-02-21 11:00:00,82.99,83.23,82.36,83.14,2314,7,0
2023-02-21 12:00:00,83.14,83.66,83.14,83.65,1424,7,0
2023-02-21 13:00:00,83.64,83.84,83.37,83.44,1224,8,0
2023-02-21 14:00:00,83.43,83.58,83.18,83.28,1205,8,0
2023-02-21 15:00:00,83.27,83.43,82.98,83.22,2437,7,0
2023-02-21 16:00:00,83.23,83.65,82.87,83.18,4400,7,0
2023-02-21 17:00:00,83.18,83.37,82.25,82.67,4263,7,0
2023-02-21 18:00:00,82.66,82.94,82.49,82.55,3549,8,0
2023-02-21 19:00:00,82.54,82.98,82.34,82.95,2107,8,0
2023-02-21 20:00:00,82.95,83.3,82.81,83.04,2042,7,0
2023-02-21 21:00:00,83.05,83.06,82.27,82.7,1846,8,0
2023-02-21 22:00:00,82.71,82.78,82.49,82.49,681,8,0
2023-02-21 23:00:00,82.5,82.58,82.47,82.53,284,9,0
2023-02-22 03:00:00,82.51,82.68,82.31,82.5,911,8,0
2023-02-22 04:00:00,82.51,82.94,82.38,82.78,949,8,0
2023-02-22 05:00:00,82.77,82.88,82.67,82.68,398,8,0
2023-02-22 06:00:00,82.69,82.69,82.51,82.53,221,8,0
2023-02-22 07:00:00,82.53,82.55,82.32,82.33,485,8,0
2023-02-22 08:00:00,82.32,82.38,82.24,82.37,575,8,0
2023-02-22 09:00:00,82.36,82.5,82.25,82.27,832,8,0
2023-02-22 10:00:00,82.28,82.32,81.87,82.13,1929,8,0
2023-02-22 11:00:00,82.14,82.16,81.48,81.66,1852,8,0
2023-02-22 12:00:00,81.65,82.08,81.44,81.95,1351,7,0
2023-02-22 13:00:00,81.94,82.3,81.8,82.06,1442,8,0
2023-02-22 14:00:00,82.06,82.46,82.02,82.29,1526,8,0
2023-02-22 15:00:00,82.31,82.55,82.14,82.43,2366,8,0
2023-02-22 16:00:00,82.42,82.63,81.92,82.12,4039,7,0
2023-02-22 17:00:00,82.11,82.11,81.17,81.27,3442,6,0
2023-02-22 18:00:00,81.26,81.37,80.67,80.86,2612,7,0
2023-02-22 19:00:00,80.85,81.15,80.78,80.88,1844,8,0
2023-02-22 20:00:00,80.87,80.92,80.47,80.53,1685,7,0
2023-02-22 21:00:00,80.54,80.69,80.28,80.3,2009,8,0
2023-02-22 22:00:00,80.31,80.41,80.29,80.31,473,8,0
2023-02-22 23:00:00,80.31,80.35,80.23,80.23,200,8,0
2023-02-23 03:00:00,80.28,80.68,80.27,80.66,880,8,0
2023-02-23 04:00:00,80.67,80.82,80.56,80.79,448,8,0
2023-02-23 05:00:00,80.78,80.85,80.73,80.79,296,8,0
2023-02-23 06:00:00,80.8,80.83,80.68,80.76,204,8,0
2023-02-23 07:00:00,80.75,80.84,80.56,80.6,456,8,0
2023-02-23 08:00:00,80.59,80.75,80.52,80.64,538,8,0
2023-02-23 09:00:00,80.63,80.91,80.51,80.81,921,8,0
2023-02-23 10:00:00,80.8,81.08,80.49,80.8,2031,7,0
2023-02-23 11:00:00,80.79,80.87,80.46,80.69,1486,7,0
2023-02-23 12:00:00,80.68,81.14,80.61,81.1,1302,8,0
2023-02-23 13:00:00,81.11,81.34,81.02,81.27,1005,8,0
2023-02-23 14:00:00,81.27,81.37,81.15,81.34,1245,8,0
2023-02-23 15:00:00,81.33,81.4,80.9,81.31,2611,7,0
2023-02-23 16:00:00,81.3,82.3,81.14,82.12,4076,7,0
2023-02-23 17:00:00,82.13,82.24,81.78,82.0,3008,7,0
2023-02-23 18:00:00,81.97,82.1,81.21,81.38,4324,7,0
2023-02-23 19:00:00,81.36,82.41,81.32,81.89,2787,8,0
2023-02-23 20:00:00,81.89,81.96,81.57,81.71,1928,8,0
2023-02-23 21:00:00,81.7,82.0,81.61,81.94,1695,7,0
2023-02-23 22:00:00,81.95,82.21,81.94,82.11,749,8,0
2023-02-23 23:00:00,82.09,82.32,82.09,82.16,319,9,0
2023-02-24 03:00:00,82.28,82.62,82.26,82.54,917,8,0
2023-02-24 04:00:00,82.54,82.62,82.36,82.37,517,8,0
2023-02-24 05:00:00,82.36,82.55,82.36,82.54,326,8,0
2023-02-24 06:00:00,82.56,82.65,82.49,82.58,189,8,0
2023-02-24 07:00:00,82.59,82.61,82.43,82.44,327,8,0
2023-02-24 08:00:00,82.45,82.72,82.43,82.61,398,8,0
2023-02-24 09:00:00,82.62,82.78,82.52,82.68,642,8,0
2023-02-24 10:00:00,82.67,83.01,82.56,82.59,1730,7,0
2023-02-24 11:00:00,82.6,82.8,82.47,82.72,1112,8,0
2023-02-24 12:00:00,82.71,83.0,82.52,82.56,1108,8,0
2023-02-24 13:00:00,82.55,82.6,82.08,82.24,1065,7,0
2023-02-24 14:00:00,82.23,82.61,82.19,82.53,989,8,0
2023-02-24 15:00:00,82.52,82.64,81.9,82.06,3029,7,0
2023-02-24 16:00:00,82.05,82.32,80.69,81.06,4350,7,0
2023-02-24 17:00:00,81.05,81.78,80.94,81.61,4274,8,0
2023-02-24 18:00:00,81.61,82.88,81.43,82.66,3419,7,0
2023-02-24 19:00:00,82.66,82.82,82.04,82.38,2414,7,0
2023-02-24 20:00:00,82.38,82.76,82.35,82.54,1694,8,0
2023-02-24 21:00:00,82.54,82.93,82.47,82.86,1588,8,0
2023-02-24 22:00:00,82.86,82.96,82.82,82.94,636,8,0
2023-02-24 23:00:00,82.93,82.96,82.87,82.88,214,9,0
2023-02-27 01:00:00,82.87,83.07,82.87,83.01,317,8,0
2023-02-27 02:00:00,83.0,83.05,82.91,83.01,196,8,0
2023-02-27 03:00:00,83.02,83.02,82.46,82.8,925,8,0
2023-02-27 04:00:00,82.8,82.9,82.67,82.69,470,8,0
2023-02-27 05:00:00,82.68,82.68,82.35,82.41,402,8,0
2023-02-27 06:00:00,82.4,82.43,82.37,82.43,142,8,0
2023-02-27 07:00:00,82.42,82.52,82.12,82.12,535,8,0
2023-02-27 08:00:00,82.13,82.26,82.07,82.2,692,8,0
2023-02-27 09:00:00,82.18,82.58,81.95,82.56,931,8,0
2023-02-27 10:00:00,82.56,83.05,82.56,82.95,1951,8,0
2023-02-27 11:00:00,82.96,83.16,82.95,83.01,1075,7,0
2023-02-27 12:00:00,83.0,83.08,82.47,82.66,1147,8,0
2023-02-27 13:00:00,82.65,82.77,82.21,82.36,1302,8,0
2023-02-27 14:00:00,82.34,82.66,82.34,82.42,1140,8,0
2023-02-27 15:00:00,82.43,82.61,82.17,82.36,2353,8,0
2023-02-27 16:00:00,82.36,82.6,81.45,81.69,3907,7,0
2023-02-27 17:00:00,81.69,82.37,81.53,82.06,3452,8,0
2023-02-27 18:00:00,82.05,82.31,81.64,82.17,2983,8,0
2023-02-27 19:00:00,82.18,82.42,82.01,82.15,1891,8,0
2023-02-27 20:00:00,82.17,82.19,81.32,81.49,1914,8,0
2023-02-27 21:00:00,81.49,82.08,81.45,81.86,1820,7,0
2023-02-27 22:00:00,81.86,81.98,81.81,81.92,690,8,0
2023-02-27 23:00:00,81.93,82.05,81.92,81.94,303,8,0
2023-02-28 03:00:00,81.88,82.01,81.73,81.88,686,8,0
2023-02-28 04:00:00,81.88,82.09,81.82,82.02,475,8,0
2023-02-28 05:00:00,82.03,82.14,82.0,82.08,278,8,0
2023-02-28 06:00:00,82.09,82.12,82.08,82.12,83,8,0
2023-02-28 07:00:00,82.11,82.19,81.97,82.05,318,8,0
2023-02-28 08:00:00,82.06,82.52,82.06,82.52,515,8,0
2023-02-28 09:00:00,82.51,82.63,82.38,82.48,749,8,0
2023-02-28 10:00:00,82.48,82.69,82.27,82.58,1550,8,0
2023-02-28 11:00:00,82.59,82.82,82.4,82.61,1310,8,0
2023-02-28 12:00:00,82.62,83.04,82.44,83.04,1266,8,0
2023-02-28 13:00:00,83.03,83.17,82.94,83.08,743,7,0
2023-02-28 14:00:00,83.09,83.23,82.89,83.22,1017,7,0
2023-02-28 15:00:00,83.21,83.68,83.19,83.51,1610,8,0
2023-02-28 16:00:00,83.51,83.87,82.97,83.03,3323,8,0
2023-02-28 17:00:00,83.04,83.73,82.99,83.22,3301,7,0
2023-02-28 18:00:00,83.22,83.67,83.16,83.49,2789,7,0
2023-02-28 19:00:00,83.49,83.69,83.32,83.62,1487,8,0
2023-02-28 20:00:00,83.61,83.66,83.25,83.44,1468,8,0
2023-02-28 21:00:00,83.45,83.58,83.06,83.08,1494,8,0
2023-02-28 22:00:00,83.07,83.16,82.99,83.06,604,8,0
2023-02-28 23:00:00,83.05,83.09,82.91,83.0,323,9,0
2023-03-01 03:00:00,82.82,83.56,82.82,83.55,763,8,0
2023-03-01 04:00:00,83.54,83.82,83.48,83.68,522,8,0
2023-03-01 05:00:00,83.69,83.82,83.66,83.77,309,8,0
2023-03-01 06:00:00,83.76,83.81,83.71,83.8,168,8,0
2023-03-01 07:00:00,83.81,83.84,83.73,83.74,333,8,0
2023-03-01 08:00:00,83.75,83.95,83.74,83.83,566,8,0
2023-03-01 09:00:00,83.84,83.97,83.71,83.76,742,8,0
2023-03-01 10:00:00,83.75,84.05,83.6,83.84,1833,8,0
2023-03-01 11:00:00,83.86,84.04,82.77,83.01,2043,8,0
2023-03-01 12:00:00,83.0,83.08,82.52,82.55,1619,7,0
2023-03-01 13:00:00,82.54,82.78,82.48,82.74,1013,8,0
2023-03-01 14:00:00,82.73,83.06,82.71,83.03,894,8,0
2023-03-01 15:00:00,83.02,83.13,82.69,83.01,2242,8,0
2023-03-01 16:00:00,83.0,83.66,82.87,83.18,3302,7,0
2023-03-01 17:00:00,83.2,84.05,82.65,83.97,4240,7,0
2023-03-01 18:00:00,83.96,84.09,83.11,83.48,3354,7,0
2023-03-01 19:00:00,83.48,83.5,82.9,83.2,2043,8,0
2023-03-01 20:00:00,83.2,83.95,83.12,83.87,1487,8,0
2023-03-01 21:00:00,83.87,84.22,83.8,84.21,1306,8,0
2023-03-01 22:00:00,84.21,84.34,84.16,84.27,455,8,0
2023-03-01 23:00:00,84.28,84.28,84.17,84.18,261,9,0
2023-03-02 03:00:00,84.0,84.24,83.93,84.11,1092,8,0
2023-03-02 04:00:00,84.12,84.28,84.08,84.22,483,8,0
2023-03-02 05:00:00,84.22,84.25,84.1,84.14,322,8,0
2023-03-02 06:00:00,84.13,84.27,84.13,84.24,163,8,0
2023-03-02 07:00:00,84.25,84.25,84.07,84.14,300,8,0
2023-03-02 08:00:00,84.14,84.14,83.89,83.95,430,8,0
2023-03-02 09:00:00,83.96,84.05,83.66,83.82,853,8,0
2023-03-02 10:00:00,83.83,84.32,83.78,84.27,1923,8,0
2023-03-02 11:00:00,84.3,84.66,84.24,84.54,1452,8,0
2023-03-02 12:00:00,84.54,84.75,84.41,84.68,1210,8,0
2023-03-02 13:00:00,84.67,84.76,84.52,84.56,876,8,0
2023-03-02 14:00:00,84.57,84.61,84.36,84.54,946,8,0
2023-03-02 15:00:00,84.53,84.53,84.1,84.24,1856,8,0
2023-03-02 16:00:00,84.26,84.56,84.0,84.41,3218,7,0
2023-03-02 17:00:00,84.4,84.57,84.16,84.46,2567,7,0
2023-03-02 18:00:00,84.45,84.9,84.37,84.39,2302,8,0
2023-03-02 19:00:00,84.38,84.41,83.89,84.26,1685,8,0
2023-03-02 20:00:00,84.26,84.4,84.13,84.32,1504,8,0
2023-03-02 21:00:00,84.33,84.63,84.33,84.43,1539,8,0
2023-03-02 22:00:00,84.42,84.47,84.29,84.33,491,8,0
2023-03-02 23:00:00,84.31,84.37,84.21,84.21,237,9,0
2023-03-03 03:00:00,84.37,84.44,84.04,84.2,743,8,0
2023-03-03 04:00:00,84.21,84.35,84.19,84.22,377,8,0
2023-03-03 05:00:00,84.23,84.24,84.19,84.22,232,8,0
2023-03-03 06:00:00,84.23,84.32,84.2,84.3,117,8,0
2023-03-03 07:00:00,84.3,84.46,84.29,84.45,332,8,0
2023-03-03 08:00:00,84.44,84.46,84.26,84.38,496,8,0
2023-03-03 09:00:00,84.37,84.48,84.11,84.12,647,8,0
2023-03-03 10:00:00,84.11,84.69,84.11,84.51,1573,7,0
2023-03-03 11:00:00,84.52,84.61,84.05,84.32,1449,8,0
2023-03-03 12:00:00,84.31,84.42,84.07,84.41,1200,8,0
2023-03-03 13:00:00,84.41,84.49,84.06,84.1,828,8,0
2023-03-03 14:00:00,84.1,84.16,84.04,84.07,775,8,0
2023-03-03 15:00:00,84.06,84.25,82.84,83.02,2553,7,0
2023-03-03 16:00:00,83.01,83.92,82.19,83.86,6071,7,0
2023-03-03 17:00:00,83.84,84.95,83.53,84.94,3661,7,0
2023-03-03 18:00:00,84.95,85.3,84.83,85.2,2303,7,0
2023-03-03 19:00:00,85.21,85.6,85.14,85.59,1258,7,0
2023-03-03 20:00:00,85.59,85.65,85.45,85.56,980,8,0
2023-03-03 21:00:00,85.55,85.77,85.5,85.77,1004,8,0
2023-03-03 22:00:00,85.76,85.78,85.63,85.71,396,8,0
2023-03-03 23:00:00,85.7,85.79,85.65,85.78,201,9,0
2023-03-06 01:00:00,85.59,85.59,85.2,85.28,343,8,0
2023-03-06 02:00:00,85.3,85.35,85.27,85.29,163,8,0
2023-03-06 03:00:00,85.28,85.34,85.04,85.16,763,8,0
2023-03-06 04:00:00,85.15,85.16,84.91,84.94,581,8,0
2023-03-06 05:00:00,84.95,85.04,84.88,84.98,319,8,0
2023-03-06 06:00:00,84.97,85.01,84.8,84.83,187,8,0
2023-03-06 07:00:00,84.82,85.1,84.78,85.03,396,8,0
2023-03-06 08:00:00,85.02,85.15,84.92,84.94,528,8,0
2023-03-06 09:00:00,84.95,85.34,84.87,85.33,743,8,0
2023-03-06 10:00:00,85.33,85.44,85.0,85.03,1500,8,0
2023-03-06 11:00:00,85.03,85.28,84.8,84.98,1452,8,0
2023-03-06 12:00:00,84.98,84.99,84.13,84.28,1502,8,0
2023-03-06 13:00:00,84.27,84.4,84.2,84.34,1079,8,0
2023-03-06 14:00:00,84.33,84.54,84.28,84.48,915,8,0
2023-03-06 15:00:00,84.47,84.67,84.32,84.67,1379,7,0
2023-03-06 16:00:00,84.68,85.02,84.24,84.89,2987,8,0
2023-03-06 17:00:00,84.88,85.29,84.75,85.01,2436,8,0
2023-03-06 18:00:00,85.02,85.91,84.95,85.62,2350,8,0
2023-03-06 19:00:00,85.63,86.12,85.62,85.7,1909,8,0
2023-03-06 20:00:00,85.71,85.82,85.56,85.67,1319,8,0
2023-03-06 21:00:00,85.65,86.12,85.6,86.05,1206,7,0
2023-03-06 22:00:00,86.06,86.13,86.02,86.12,565,8,0
2023-03-06 23:00:00,86.13,86.13,85.99,86.0,178,9,0
2023-03-07 03:00:00,85.96,86.43,85.96,86.42,719,8,0
2023-03-07 04:00:00,86.43,86.5,86.14,86.22,502,8,0
2023-03-07 05:00:00,86.21,86.28,86.12,86.18,372,8,0
2023-03-07 06:00:00,86.16,86.22,86.13,86.19,161,8,0
2023-03-07 07:00:00,86.19,86.33,86.15,86.29,343,8,0
2023-03-07 08:00:00,86.3,86.36,85.96,85.97,571,8,0
2023-03-07 09:00:00,85.96,86.26,85.95,86.14,751,8,0
2023-03-07 10:00:00,86.16,86.29,85.67,85.74,1520,8,0
2023-03-07 11:00:00,85.75,85.97,85.62,85.94,1157,7,0
2023-03-07 12:00:00,85.94,86.06,85.64,85.81,1111,8,0
2023-03-07 13:00:00,85.81,85.81,85.33,85.38,854,8,0
2023-03-07 14:00:00,85.38,85.59,85.28,85.5,877,8,0
2023-03-07 15:00:00,85.51,85.56,85.15,85.26,1533,8,0
2023-03-07 16:00:00,85.26,85.7,85.24,85.47,2370,8,0
2023-03-07 17:00:00,85.47,85.48,83.95,84.23,5312,7,0
2023-03-07 18:00:00,84.24,84.55,83.44,83.54,3803,7,0
2023-03-07 19:00:00,83.55,83.91,83.48,83.75,2572,7,0
2023-03-07 20:00:00,83.75,83.77,83.15,83.34,1920,8,0
2023-03-07 21:00:00,83.33,83.51,82.62,82.63,1804,8,0
2023-03-07 22:00:00,82.64,83.04,82.64,82.97,768,8,0
2023-03-07 23:00:00,82.98,82.99,82.64,82.66,345,8,0
2023-03-08 03:00:00,82.93,83.28,82.84,83.12,1253,8,0
2023-03-08 04:00:00,83.11,83.35,83.06,83.31,682,8,0
2023-03-08 05:00:00,83.3,83.36,83.21,83.3,403,8,0
2023-03-08 06:00:00,83.31,83.33,83.16,83.27,201,8,0
2023-03-08 07:00:00,83.28,83.33,82.98,83.13,510,8,0
2023-03-08 08:00:00,83.13,83.18,83.06,83.17,612,8,0
2023-03-08 09:00:00,83.16,83.16,82.62,82.75,950,8,0
2023-03-08 10:00:00,82.75,83.15,82.68,82.81,1675,8,0
2023-03-08 11:00:00,82.79,83.12,82.4,82.94,1737,7,0
2023-03-08 12:00:00,82.94,83.26,82.93,83.07,1475,8,0
2023-03-08 13:00:00,83.07,83.23,82.93,82.99,1095,8,0
2023-03-08 14:00:00,82.98,83.12,82.66,82.87,1016,8,0
2023-03-08 15:00:00,82.86,83.06,82.2,82.36,2458,7,0
2023-03-08 16:00:00,82.36,82.64,82.02,82.55,3490,7,0
2023-03-08 17:00:00,82.56,83.1,81.91,82.09,4830,7,0
2023-03-08 18:00:00,82.08,82.77,81.85,82.1,3426,8,0
2023-03-08 19:00:00,82.1,82.5,82.03,82.38,2102,8,0
2023-03-08 20:00:00,82.39,82.69,82.26,82.47,1804,8,0
2023-03-08 21:00:00,82.48,82.59,82.21,82.24,1521,8,0
2023-03-08 22:00:00,82.24,82.35,82.14,82.25,610,8,0
2023-03-08 23:00:00,82.26,82.31,82.21,82.21,243,9,0
2023-03-09 03:00:00,82.37,82.47,82.23,82.29,852,8,0
2023-03-09 04:00:00,82.28,82.52,82.27,82.44,469,8,0
2023-03-09 05:00:00,82.45,82.45,82.3,82.41,326,8,0
2023-03-09 06:00:00,82.42,82.47,82.36,82.4,129,8,0
2023-03-09 07:00:00,82.41,82.5,82.38,82.38,375,8,0
2023-03-09 08:00:00,82.39,82.55,82.34,82.49,579,8,0
2023-03-09 09:00:00,82.5,82.5,82.22,82.24,588,8,0
2023-03-09 10:00:00,82.25,82.64,82.19,82.22,1376,8,0
2023-03-09 11:00:00,82.21,82.41,81.93,82.34,1102,8,0
2023-03-09 12:00:00,82.33,82.58,82.24,82.38,880,8,0
2023-03-09 13:00:00,82.4,82.73,82.38,82.52,738,8,0
2023-03-09 14:00:00,82.53,82.74,82.41,82.54,707,8,0
2023-03-09 15:00:00,82.53,83.17,82.17,83.16,2500,6,0
2023-03-09 16:00:00,83.15,83.72,82.96,83.54,3345,8,0
2023-03-09 17:00:00,83.5,83.62,82.7,82.7,2910,7,0
2023-03-09 18:00:00,82.7,83.22,82.56,82.72,2796,7,0
2023-03-09 19:00:00,82.71,82.76,82.11,82.17,2058,8,0
2023-03-09 20:00:00,82.17,82.2,81.38,81.39,2379,8,0
2023-03-09 21:00:00,81.37,81.74,81.25,81.27,1492,8,0
2023-03-09 22:00:00,81.28,81.31,81.15,81.26,581,8,0
2023-03-09 23:00:00,81.25,81.31,81.18,81.2,257,8,0
2023-03-10 03:00:00,81.26,81.46,81.21,81.26,837,8,0
2023-03-10 04:00:00,81.26,81.3,80.94,81.06,776,8,0
2023-03-10 05:00:00,81.06,81.06,80.82,80.88,512,8,0
2023-03-10 06:00:00,80.87,80.88,80.75,80.84,218,8,0
2023-03-10 07:00:00,80.85,80.94,80.74,80.93,462,8,0
2023-03-10 08:00:00,80.91,81.01,80.62,80.65,592,8,0
2023-03-10 09:00:00,80.66,81.03,80.61,81.01,973,8,0
2023-03-10 10:00:00,81.03,81.04,80.5,80.78,1890,8,0
2023-03-10 11:00:00,80.76,81.1,80.47,80.87,1480,8,0
2023-03-10 12:00:00,80.86,81.15,80.69,80.75,1227,8,0
2023-03-10 13:00:00,80.75,80.87,80.57,80.74,975,8,0
2023-03-10 14:00:00,80.74,80.99,80.59,80.81,1224,7,0
2023-03-10 15:00:00,80.82,81.98,80.55,81.58,3608,7,0
2023-03-10 16:00:00,81.58,81.67,81.1,81.5,5622,7,0
2023-03-10 17:00:00,81.51,82.06,81.12,81.72,5302,7,0
2023-03-10 18:00:00,81.73,82.77,81.53,81.98,3902,7,0
2023-03-10 19:00:00,81.98,82.67,81.8,82.49,2929,8,0
2023-03-10 20:00:00,82.48,82.65,81.93,82.12,1910,8,0
2023-03-10 21:00:00,82.12,82.54,82.1,82.28,2217,8,0
2023-03-10 22:00:00,82.29,82.37,82.07,82.31,1180,8,0
2023-03-10 23:00:00,82.33,82.39,82.22,82.34,230,9,0
2023-03-13 01:00:00,82.39,83.12,81.89,82.82,1036,8,0
2023-03-13 02:00:00,82.83,82.84,82.55,82.81,511,8,0
2023-03-13 03:00:00,82.81,82.91,82.71,82.72,723,8,0
2023-03-13 04:00:00,82.74,82.97,82.05,82.14,1530,8,0
2023-03-13 05:00:00,82.13,82.74,82.05,82.67,1330,8,0
2023-03-13 06:00:00,82.68,82.71,82.5,82.62,558,8,0
2023-03-13 07:00:00,82.63,82.76,82.57,82.76,241,8,0
2023-03-13 08:00:00,82.74,82.8,82.6,82.76,499,8,0
2023-03-13 09:00:00,82.76,82.8,82.54,82.66,717,8,0
2023-03-13 10:00:00,82.66,82.93,82.49,82.8,1143,8,0
2023-03-13 11:00:00,82.81,82.9,82.13,82.14,2400,8,0
2023-03-13 12:00:00,82.13,82.17,80.7,80.93,3184,7,0
2023-03-13 13:00:00,80.92,81.3,80.87,81.28,2333,8,0
2023-03-13 14:00:00,81.29,81.54,80.16,80.17,2425,7,0
2023-03-13 15:00:00,80.16,80.19,78.0,78.61,5677,8,0
2023-03-13 16:00:00,78.6,80.53,78.37,80.43,6974,7,0
2023-03-13 17:00:00,80.43,81.64,80.09,81.48,5928,7,0
2023-03-13 18:00:00,81.48,82.01,81.17,81.67,4444,7,0
2023-03-13 19:00:00,81.68,81.8,80.49,80.52,4321,7,0
2023-03-13 20:00:00,80.53,80.96,80.24,80.46,2727,7,0
2023-03-13 21:00:00,80.45,80.75,79.89,80.19,2946,8,0
2023-03-13 22:00:00,80.18,80.23,79.89,80.03,1519,7,0
2023-03-13 23:00:00,80.02,80.36,80.02,80.3,497,9,0
2023-03-14 03:00:00,80.24,80.32,80.04,80.13,586,8,0
2023-03-14 04:00:00,80.14,80.57,79.9,79.93,1302,8,0
2023-03-14 05:00:00,79.92,80.12,79.4,79.46,878,8,0
2023-03-14 06:00:00,79.45,79.65,79.32,79.59,614,8,0
2023-03-14 07:00:00,79.6,79.66,79.47,79.59,332,8,0
2023-03-14 08:00:00,79.58,79.6,79.38,79.45,555,8,0
2023-03-14 09:00:00,79.44,79.77,79.38,79.58,999,8,0
2023-03-14 10:00:00,79.59,79.77,79.44,79.53,1497,8,0
2023-03-14 11:00:00,79.52,79.9,78.78,79.1,2832,8,0
2023-03-14 12:00:00,79.09,79.12,78.41,78.95,2069,7,0
2023-03-14 13:00:00,78.94,78.95,78.46,78.69,1273,8,0
2023-03-14 14:00:00,78.68,79.47,78.66,79.29,1566,8,0
2023-03-14 15:00:00,79.3,79.5,78.81,79.32,4147,7,0
2023-03-14 16:00:00,79.34,80.04,78.48,79.98,5085,6,0
2023-03-14 17:00:00,79.99,80.03,79.38,79.44,3808,7,0
2023-03-14 18:00:00,79.45,80.15,79.11,79.58,2629,8,0
2023-03-14 19:00:00,79.56,79.61,78.47,78.72,2882,7,0
2023-03-14 20:00:00,78.72,78.89,77.93,77.95,2775,8,0
2023-03-14 21:00:00,77.94,78.01,76.6,76.68,2924,8,0
2023-03-14 22:00:00,76.68,77.34,76.64,77.33,1286,7,0
2023-03-14 23:00:00,77.32,77.35,77.16,77.19,443,9,0
2023-03-15 03:00:00,77.49,77.78,77.39,77.73,446,8,0
2023-03-15 04:00:00,77.71,78.12,77.71,77.9,1155,8,0
2023-03-15 05:00:00,77.89,78.08,77.89,78.04,602,8,0
2023-03-15 06:00:00,78.05,78.2,78.0,78.17,473,8,0
2023-03-15 07:00:00,78.18,78.25,78.15,78.24,186,8,0
2023-03-15 08:00:00,78.23,78.24,77.86,77.9,521,8,0
2023-03-15 09:00:00,77.89,78.2,77.86,78.11,564,8,0
2023-03-15 10:00:00,78.1,78.24,77.92,78.05,1222,8,0
2023-03-15 11:00:00,78.04,78.4,77.82,78.03,1837,7,0
2023-03-15 12:00:00,78.03,78.06,77.45,77.72,2593,7,0
2023-03-15 13:00:00,77.7,77.73,75.69,75.7,2884,7,0
2023-03-15 14:00:00,75.71,76.38,75.64,76.31,3376,8,0
2023-03-15 15:00:00,76.29,76.29,75.14,75.25,3312,7,0
2023-03-15 16:00:00,75.21,75.3,73.77,74.17,6735,7,0
2023-03-15 17:00:00,74.15,75.01,73.26,73.42,5887,7,0
2023-03-15 18:00:00,73.43,74.04,72.7,72.87,3945,7,0
2023-03-15 19:00:00,72.86,72.99,71.46,71.57,4566,8,0
2023-03-15 20:00:00,71.59,73.42,71.4,73.12,4999,7,0
2023-03-15 21:00:00,73.11,74.19,72.7,74.0,4411,6,0
2023-03-15 22:00:00,74.01,74.51,73.88,74.0,2191,9,0
2023-03-15 23:00:00,74.01,74.27,73.93,74.03,408,9,0
2023-03-16 03:00:00,74.05,74.63,74.03,74.6,1014,10,0
2023-03-16 04:00:00,74.59,74.59,73.62,73.68,2323,10,0
2023-03-16 05:00:00,73.68,73.75,73.26,73.37,1389,10,0
2023-03-16 06:00:00,73.36,73.83,73.36,73.74,976,10,0
2023-03-16 07:00:00,73.75,74.33,73.69,74.31,526,10,0
2023-03-16 08:00:00,74.3,74.34,73.96,74.03,979,10,0
2023-03-16 09:00:00,74.05,74.12,73.7,73.88,1282,10,0
2023-03-16 10:00:00,73.87,74.02,73.56,73.64,1804,9,0
2023-03-16 11:00:00,73.63,74.42,73.6,74.05,3617,8,0
2023-03-16 12:00:00,74.04,74.4,73.58,74.26,2240,8,0
2023-03-16 13:00:00,74.26,74.45,73.83,74.02,1818,8,0
2023-03-16 14:00:00,74.03,74.04,72.95,73.53,2175,8,0
2023-03-16 15:00:00,73.54,73.89,73.0,73.36,3574,8,0
2023-03-16 16:00:00,73.34,73.4,72.01,72.87,6361,7,0
2023-03-16 17:00:00,72.86,74.14,71.57,73.97,6262,8,0
2023-03-16 18:00:00,73.97,74.14,72.98,73.64,5428,7,0
2023-03-16 19:00:00,73.62,74.76,73.14,74.68,4204,8,0
2023-03-16 20:00:00,74.69,75.21,74.37,74.97,3154,8,0
2023-03-16 21:00:00,74.96,74.97,73.81,74.34,2159,9,0
2023-03-16 22:00:00,74.34,74.45,74.11,74.12,868,9,0
2023-03-16 23:00:00,74.13,74.46,74.13,74.27,417,9,0
2023-03-17 03:00:00,74.44,74.49,74.31,74.39,383,8,0
2023-03-17 04:00:00,74.4,74.58,74.12,74.55,896,8,0
2023-03-17 05:00:00,74.54,74.89,74.52,74.85,541,8,0
2023-03-17 06:00:00,74.84,75.32,74.83,75.19,731,8,0
2023-03-17 07:00:00,75.2,75.3,75.1,75.16,317,8,0
2023-03-17 08:00:00,75.17,75.19,74.95,74.97,671,8,0
2023-03-17 09:00:00,74.96,75.0,74.45,74.66,1047,8,0
2023-03-17 10:00:00,74.65,75.17,74.54,75.12,1532,8,0
2023-03-17 11:00:00,75.13,75.42,74.59,74.93,2770,8,0
2023-03-17 12:00:00,74.94,75.49,74.7,75.43,2273,8,0
2023-03-17 13:00:00,75.43,75.64,75.2,75.45,1969,8,0
2023-03-17 14:00:00,75.45,75.46,74.43,74.85,2348,7,0
2023-03-17 15:00:00,74.86,74.87,72.97,73.51,3482,8,0
2023-03-17 16:00:00,73.52,74.03,72.64,72.65,5893,8,0
2023-03-17 17:00:00,72.67,73.16,72.22,72.25,5503,8,0
2023-03-17 18:00:00,72.24,72.77,71.34,72.72,4906,8,0
2023-03-17 19:00:00,72.7,73.45,72.38,72.97,5138,9,0
2023-03-17 20:00:00,72.97,73.24,72.61,72.95,3585,9,0
2023-03-17 21:00:00,72.95,73.0,72.55,72.57,2775,9,0
2023-03-17 22:00:00,72.58,72.63,72.18,72.28,1297,9,0
2023-03-17 23:00:00,72.28,72.42,72.23,72.42,422,9,0
2023-03-20 01:00:00,72.72,73.24,72.29,73.13,730,8,0
2023-03-20 02:00:00,73.14,73.2,72.86,73.1,353,8,0
2023-03-20 03:00:00,73.09,73.24,72.99,73.1,653,8,0
2023-03-20 04:00:00,73.08,73.59,72.9,72.96,1784,8,0
2023-03-20 05:00:00,72.97,73.18,72.74,72.78,876,8,0
2023-03-20 06:00:00,72.77,72.84,72.38,72.4,713,8,0
2023-03-20 07:00:00,72.41,72.42,72.18,72.19,263,8,0
2023-03-20 08:00:00,72.2,72.23,71.98,71.99,718,8,0
2023-03-20 09:00:00,71.99,72.01,70.83,70.84,1352,8,0
2023-03-20 10:00:00,70.81,71.11,70.51,70.77,2397,8,0
2023-03-20 11:00:00,70.76,71.14,70.04,71.04,3372,8,0
2023-03-20 12:00:00,71.05,71.75,70.6,70.76,3654,7,0
2023-03-20 13:00:00,70.77,71.67,70.57,71.39,3135,8,0
2023-03-20 14:00:00,71.39,72.07,71.38,71.91,2639,8,0
2023-03-20 15:00:00,71.9,72.87,71.84,72.79,2680,7,0
2023-03-20 16:00:00,72.8,72.94,71.69,72.12,5714,7,0
2023-03-20 17:00:00,72.11,72.35,71.64,72.23,4887,8,0
2023-03-20 18:00:00,72.21,72.76,72.17,72.39,3394,7,0
2023-03-20 19:00:00,72.38,72.68,71.79,71.82,4140,7,0
2023-03-20 20:00:00,71.82,73.06,71.73,72.34,3158,8,0
2023-03-20 21:00:00,72.34,73.63,72.29,73.37,2754,8,0
2023-03-20 22:00:00,73.36,73.65,73.3,73.55,1048,8,0
2023-03-20 23:00:00,73.54,73.66,73.45,73.56,324,9,0
2023-03-21 03:00:00,73.42,73.82,73.23,73.38,905,8,0
2023-03-21 04:00:00,73.37,73.47,73.08,73.22,1357,8,0
2023-03-21 05:00:00,73.22,73.31,72.63,72.82,1113,8,0
2023-03-21 06:00:00,72.83,72.98,72.73,72.88,604,8,0
2023-03-21 07:00:00,72.88,72.96,72.79,72.9,220,8,0
2023-03-21 08:00:00,72.91,73.1,72.81,72.85,697,8,0
2023-03-21 09:00:00,72.86,73.13,72.72,73.11,761,8,0
2023-03-21 10:00:00,73.12,73.2,72.64,72.78,1357,8,0
2023-03-21 11:00:00,72.77,74.39,72.67,74.16,2964,7,0
2023-03-21 12:00:00,74.15,74.42,74.03,74.4,1672,7,0
2023-03-21 13:00:00,74.4,74.56,74.11,74.29,1406,8,0
2023-03-21 14:00:00,74.3,74.46,73.65,74.43,1813,8,0
2023-03-21 15:00:00,74.43,74.79,74.26,74.68,2123,8,0
2023-03-21 16:00:00,74.67,75.13,74.06,74.71,4405,7,0
2023-03-21 17:00:00,74.73,74.93,73.96,74.43,4587,8,0
2023-03-21 18:00:00,74.44,74.67,73.85,74.1,3572,8,0
2023-03-21 19:00:00,74.08,74.49,74.0,74.35,3203,7,0
2023-03-21 20:00:00,74.34,75.07,74.24,74.94,2247,8,0
2023-03-21 21:00:00,74.95,75.13,74.67,74.91,1889,8,0
2023-03-21 22:00:00,74.9,75.05,74.85,75.02,650,8,0
2023-03-21 23:00:00,75.01,75.09,74.86,74.87,365,9,0
2023-03-22 03:00:00,74.88,74.95,74.66,74.84,463,8,0
2023-03-22 04:00:00,74.85,74.87,74.51,74.55,978,8,0
2023-03-22 05:00:00,74.55,74.61,74.36,74.45,644,8,0
2023-03-22 06:00:00,74.46,74.7,74.4,74.69,381,8,0
2023-03-22 07:00:00,74.68,74.75,74.63,74.73,174,8,0
2023-03-22 08:00:00,74.74,74.79,74.55,74.56,547,8,0
2023-03-22 09:00:00,74.55,74.61,74.28,74.58,717,8,0
2023-03-22 10:00:00,74.59,74.69,74.32,74.49,932,8,0
2023-03-22 11:00:00,74.47,74.78,74.45,74.66,1931,8,0
2023-03-22 12:00:00,74.66,74.91,74.43,74.57,1552,8,0
2023-03-22 13:00:00,74.58,74.9,74.4,74.79,1389,7,0
2023-03-22 14:00:00,74.79,74.99,74.58,74.65,1377,8,0
2023-03-22 15:00:00,74.66,75.43,74.66,75.41,1854,7,0
2023-03-22 16:00:00,75.42,75.62,74.73,74.99,3638,7,0
2023-03-22 17:00:00,74.98,75.92,74.66,75.77,3899,8,0
2023-03-22 18:00:00,75.75,75.93,75.39,75.4,2921,8,0
2023-03-22 19:00:00,75.4,76.28,75.31,76.06,3030,8,0
2023-03-22 20:00:00,76.07,76.09,75.68,75.88,1786,8,0
2023-03-22 21:00:00,75.87,76.8,75.87,76.29,4042,7,0
2023-03-22 22:00:00,76.28,76.33,75.54,75.57,2782,8,0
2023-03-22 23:00:00,75.58,75.63,75.4,75.41,604,9,0
2023-03-23 03:00:00,75.57,75.81,75.52,75.71,710,8,0
2023-03-23 04:00:00,75.72,76.02,75.52,75.58,1323,8,0
2023-03-23 05:00:00,75.59,75.85,75.44,75.8,1158,8,0
2023-03-23 06:00:00,75.79,75.88,75.62,75.65,489,8,0
2023-03-23 07:00:00,75.64,75.77,75.63,75.76,167,8,0
2023-03-23 08:00:00,75.77,75.91,75.64,75.68,633,8,0
2023-03-23 09:00:00,75.67,75.87,75.66,75.81,776,8,0
2023-03-23 10:00:00,75.8,76.08,75.7,75.91,981,8,0
2023-03-23 11:00:00,75.9,76.33,75.73,76.19,1651,8,0
2023-03-23 12:00:00,76.21,76.24,75.53,75.63,1391,8,0
2023-03-23 13:00:00,75.63,75.89,75.38,75.82,1652,8,0
2023-03-23 14:00:00,75.85,76.03,75.77,75.89,1182,8,0
2023-03-23 15:00:00,75.89,76.2,75.84,75.97,1487,8,0
2023-03-23 16:00:00,75.96,76.88,75.77,76.54,3658,7,0
2023-03-23 17:00:00,76.54,76.92,76.33,76.88,3610,7,0
2023-03-23 18:00:00,76.9,77.07,76.44,76.46,2558,7,0
2023-03-23 19:00:00,76.47,76.7,75.9,75.94,2852,7,0
2023-03-23 20:00:00,75.95,75.95,75.45,75.58,2310,8,0
2023-03-23 21:00:00,75.59,75.89,74.79,75.07,2817,8,0
2023-03-23 22:00:00,75.07,75.46,74.7,74.79,3003,6,0
2023-03-23 23:00:00,74.8,75.06,74.77,75.01,487,9,0
2023-03-24 03:00:00,75.06,75.1,74.8,74.92,652,8,0
2023-03-24 04:00:00,74.91,75.08,74.58,74.75,1460,8,0
2023-03-24 05:00:00,74.75,75.39,74.71,75.38,1014,8,0
2023-03-24 06:00:00,75.37,75.38,75.24,75.33,487,8,0
2023-03-24 07:00:00,75.32,75.34,75.26,75.31,169,8,0
2023-03-24 08:00:00,75.3,75.51,75.29,75.35,508,8,0
2023-03-24 09:00:00,75.36,75.61,75.29,75.59,543,8,0
2023-03-24 10:00:00,75.58,75.87,75.36,75.37,1169,8,0
2023-03-24 11:00:00,75.36,75.39,74.19,74.56,2922,7,0
2023-03-24 12:00:00,74.56,74.78,73.01,73.12,3110,7,0
2023-03-24 13:00:00,73.11,73.28,72.41,73.03,3451,8,0
2023-03-24 14:00:00,73.03,73.04,72.34,72.92,2721,7,0
2023-03-24 15:00:00,72.91,73.35,72.61,73.2,3121,7,0
2023-03-24 16:00:00,73.21,74.02,73.21,74.0,6414,7,0
2023-03-24 17:00:00,74.02,74.41,73.58,73.68,6374,7,0
2023-03-24 18:00:00,73.67,74.88,73.44,74.75,3799,7,0
2023-03-24 19:00:00,74.76,74.87,73.94,74.49,3659,8,0
2023-03-24 20:00:00,74.48,74.72,74.34,74.63,2574,8,0
2023-03-24 21:00:00,74.62,74.89,74.44,74.52,1894,8,0
2023-03-24 22:00:00,74.53,74.7,74.43,74.53,888,8,0
2023-03-24 23:00:00,74.53,74.62,74.48,74.55,266,9,0
2023-03-27 01:00:00,74.9,75.25,74.87,75.0,436,8,0
2023-03-27 02:00:00,75.0,75.27,74.85,74.97,358,8,0
2023-03-27 03:00:00,74.98,75.16,74.81,74.81,517,8,0
2023-03-27 04:00:00,74.83,74.88,74.44,74.44,1252,8,0
2023-03-27 05:00:00,74.45,74.62,74.39,74.53,744,8,0
2023-03-27 06:00:00,74.52,74.6,74.38,74.58,484,8,0
2023-03-27 07:00:00,74.57,74.66,74.5,74.65,223,8,0
2023-03-27 08:00:00,74.66,74.96,74.63,74.94,572,8,0
2023-03-27 09:00:00,74.93,75.35,74.85,75.34,939,8,0
2023-03-27 10:00:00,75.33,75.53,74.73,75.11,1970,7,0
2023-03-27 11:00:00,75.08,75.39,74.73,74.87,2331,7,0
2023-03-27 12:00:00,74.86,75.11,74.82,75.08,1224,8,0
2023-03-27 13:00:00,75.07,75.47,75.0,75.31,1414,8,0
2023-03-27 14:00:00,75.3,75.58,75.27,75.53,1349,8,0
2023-03-27 15:00:00,75.53,76.11,75.49,75.93,1713,7,0
2023-03-27 16:00:00,75.94,76.09,75.49,75.76,3580,7,0
2023-03-27 17:00:00,75.77,76.14,75.62,75.9,3095,8,0
2023-03-27 18:00:00,75.91,76.65,75.62,76.46,2867,7,0
2023-03-27 19:00:00,76.46,76.97,76.24,76.91,2134,8,0
2023-03-27 20:00:00,76.9,77.9,76.88,77.89,2273,8,0
2023-03-27 21:00:00,77.9,77.97,77.47,77.58,3706,7,0
2023-03-27 22:00:00,77.59,77.81,77.53,77.75,1131,8,0
2023-03-27 23:00:00,77.74,77.86,77.64,77.66,368,9,0
2023-03-28 03:00:00,77.82,77.87,77.6,77.86,645,8,0
2023-03-28 04:00:00,77.87,77.87,77.42,77.55,1304,8,0
2023-03-28 05:00:00,77.56,77.56,77.28,77.35,575,8,0
2023-03-28 06:00:00,77.36,77.47,77.32,77.37,350,8,0
2023-03-28 07:00:00,77.38,77.39,77.29,77.35,172,8,0
2023-03-28 08:00:00,77.34,77.42,77.27,77.35,266,8,0
2023-03-28 09:00:00,77.34,77.68,77.34,77.5,953,8,0
2023-03-28 10:00:00,77.49,77.99,77.4,77.7,1847,8,0
2023-03-28 11:00:00,77.71,78.27,77.69,78.09,2084,7,0
2023-03-28 12:00:00,78.08,78.23,77.81,78.09,1444,8,0
2023-03-28 13:00:00,78.1,78.27,77.72,77.77,1461,8,0
2023-03-28 14:00:00,77.77,78.01,77.6,77.65,1303,7,0
2023-03-28 15:00:00,77.65,77.9,77.37,77.71,2234,8,0
2023-03-28 16:00:00,77.73,77.9,77.06,77.67,4336,7,0
2023-03-28 17:00:00,77.66,78.22,77.6,77.94,3348,7,0
2023-03-28 18:00:00,77.95,78.6,77.85,78.57,2785,7,0
2023-03-28 19:00:00,78.58,78.65,78.37,78.62,1464,7,0
2023-03-28 20:00:00,78.62,78.65,78.28,78.47,1568,7,0
2023-03-28 21:00:00,78.45,78.52,77.86,78.21,2200,8,0
2023-03-28 22:00:00,78.23,78.29,78.14,78.23,871,8,0
2023-03-28 23:00:00,78.23,78.43,78.16,78.28,433,8,0
2023-03-29 03:00:00,78.45,78.59,78.41,78.49,417,8,0
2023-03-29 04:00:00,78.5,78.63,78.34,78.43,699,8,0
2023-03-29 05:00:00,78.44,78.48,78.28,78.29,389,8,0
2023-03-29 06:00:00,78.28,78.34,78.17,78.21,355,8,0
2023-03-29 07:00:00,78.22,78.33,78.19,78.26,238,8,0
2023-03-29 08:00:00,78.27,78.46,78.24,78.42,553,8,0
2023-03-29 09:00:00,78.41,78.56,78.36,78.38,652,8,0
2023-03-29 10:00:00,78.39,78.67,78.32,78.52,1085,8,0
2023-03-29 11:00:00,78.54,78.56,78.18,78.35,1487,8,0
2023-03-29 12:00:00,78.36,78.79,78.26,78.76,937,8,0
2023-03-29 13:00:00,78.75,78.93,78.65,78.89,851,8,0
2023-03-29 14:00:00,78.9,78.92,78.6,78.72,879,7,0
2023-03-29 15:00:00,78.72,78.93,78.71,78.9,1309,8,0
2023-03-29 16:00:00,78.9,78.95,78.43,78.73,2286,8,0
2023-03-29 17:00:00,78.72,78.95,77.99,78.45,3130,8,0
2023-03-29 18:00:00,78.45,78.57,77.35,77.43,3538,8,0
2023-03-29 19:00:00,77.44,77.84,77.35,77.7,2668,8,0
2023-03-29 20:00:00,77.72,77.93,77.26,77.49,2113,8,0
2023-03-29 21:00:00,77.5,77.69,77.35,77.46,2064,8,0
2023-03-29 22:00:00,77.46,77.56,77.34,77.52,951,8,0
2023-03-29 23:00:00,77.51,77.54,77.28,77.29,317,8,0
2023-03-30 03:00:00,77.48,77.6,77.37,77.51,606,8,0
2023-03-30 04:00:00,77.5,77.64,77.23,77.26,783,8,0
2023-03-30 05:00:00,77.25,77.37,77.13,77.2,475,8,0
2023-03-30 06:00:00,77.2,77.29,77.12,77.23,280,8,0
2023-03-30 07:00:00,77.22,77.32,77.22,77.26,148,8,0
2023-03-30 08:00:00,77.27,77.72,77.26,77.7,580,8,0
2023-03-30 09:00:00,77.7,77.74,77.52,77.68,793,8,0
2023-03-30 10:00:00,77.66,77.85,77.49,77.84,1243,7,0
2023-03-30 11:00:00,77.84,78.25,77.65,78.24,1539,7,0
2023-03-30 12:00:00,78.22,78.26,77.83,78.17,898,8,0
2023-03-30 13:00:00,78.16,78.3,78.09,78.23,804,8,0
2023-03-30 14:00:00,78.22,78.23,77.95,78.09,856,8,0
2023-03-30 15:00:00,78.1,78.32,77.79,77.95,1648,8,0
2023-03-30 16:00:00,77.94,78.25,77.83,77.9,2654,7,0
2023-03-30 17:00:00,77.91,78.43,77.37,78.01,3046,7,0
2023-03-30 18:00:00,78.01,78.52,77.99,78.39,2434,7,0
2023-03-30 19:00:00,78.4,78.63,78.36,78.48,1460,8,0
2023-03-30 20:00:00,78.5,78.58,78.13,78.52,1388,8,0
2023-03-30 21:00:00,78.53,78.79,78.37,78.48,1412,8,0
2023-03-30 22:00:00,78.47,78.5,78.25,78.47,561,8,0
2023-03-30 23:00:00,78.46,78.53,78.42,78.43,287,9,0
2023-03-31 03:00:00,78.46,78.6,78.33,78.55,485,8,0
2023-03-31 04:00:00,78.56,78.77,78.45,78.56,818,8,0
2023-03-31 05:00:00,78.57,78.62,78.34,78.36,504,8,0
2023-03-31 06:00:00,78.37,78.42,78.29,78.39,293,8,0
2023-03-31 07:00:00,78.39,78.49,78.38,78.42,197,8,0
2023-03-31 08:00:00,78.41,78.44,78.26,78.29,502,8,0
2023-03-31 09:00:00,78.3,78.52,78.14,78.51,846,8,0
2023-03-31 10:00:00,78.5,78.62,77.86,78.07,1427,7,0
2023-03-31 11:00:00,78.08,78.09,77.79,77.85,1670,8,0
2023-03-31 12:00:00,77.86,78.52,77.81,78.39,1237,7,0
2023-03-31 13:00:00,78.39,78.92,78.39,78.91,896,8,0
2023-03-31 14:00:00,78.91,79.0,78.69,78.86,932,8,0
2023-03-31 15:00:00,78.85,78.91,78.55,78.73,1738,8,0
2023-03-31 16:00:00,78.72,79.4,78.61,79.19,2746,7,0
2023-03-31 17:00:00,79.2,79.3,78.73,78.84,2792,7,0
2023-03-31 18:00:00,78.85,79.56,78.31,79.55,2865,8,0
2023-03-31 19:00:00,79.56,79.75,79.34,79.64,1502,8,0
2023-03-31 20:00:00,79.65,79.68,79.45,79.54,1214,8,0
2023-03-31 21:00:00,79.55,79.86,79.47,79.52,1258,8,0
2023-03-31 22:00:00,79.52,79.76,79.51,79.71,543,8,0
2023-03-31 23:00:00,79.72,79.83,79.67,79.78,261,9,0
2023-04-03 01:00:00,85.39,86.11,85.11,85.29,2426,9,0
2023-04-03 02:00:00,85.3,85.32,84.82,84.82,959,10,0
2023-04-03 03:00:00,84.85,84.87,84.38,84.49,1181,10,0
2023-04-03 04:00:00,84.45,84.45,83.74,84.09,2234,10,0
2023-04-03 05:00:00,84.1,84.25,83.81,83.88,950,10,0
2023-04-03 06:00:00,83.89,84.17,83.89,84.13,597,10,0
2023-04-03 07:00:00,84.12,84.12,83.82,83.87,373,10,0
2023-04-03 08:00:00,83.86,83.86,83.37,83.39,742,10,0
2023-04-03 09:00:00,83.4,84.19,83.38,84.04,1482,9,0
2023-04-03 10:00:00,84.04,84.21,83.89,84.13,1744,9,0
2023-04-03 11:00:00,84.14,84.51,83.92,84.12,1964,8,0
2023-04-03 12:00:00,84.13,84.33,83.73,83.95,1502,8,0
2023-04-03 13:00:00,83.95,84.38,83.67,84.31,1194,8,0
2023-04-03 14:00:00,84.3,84.95,84.24,84.93,1543,8,0
2023-04-03 15:00:00,84.94,85.01,84.27,84.51,1785,8,0
2023-04-03 16:00:00,84.52,85.03,84.06,84.9,3440,8,0
2023-04-03 17:00:00,84.94,85.24,84.23,84.31,3851,8,0
2023-04-03 18:00:00,84.33,84.74,83.92,84.57,3042,8,0
2023-04-03 19:00:00,84.57,84.82,84.35,84.75,2142,8,0
2023-04-03 20:00:00,84.76,84.82,84.48,84.71,1489,8,0
2023-04-03 21:00:00,84.72,84.96,84.41,84.78,1507,8,0
2023-04-03 22:00:00,84.79,84.94,84.57,84.83,635,9,0
2023-04-03 23:00:00,84.81,84.96,84.64,84.69,278,9,0
2023-04-04 03:00:00,84.73,84.94,84.68,84.79,595,10,0
2023-04-04 04:00:00,84.78,85.24,84.71,85.18,805,10,0
2023-04-04 05:00:00,85.17,85.24,85.02,85.23,409,9,0
2023-04-04 06:00:00,85.23,85.23,85.06,85.19,311,10,0
2023-04-04 07:00:00,85.18,85.23,85.12,85.18,198,10,0
2023-04-04 08:00:00,85.19,85.34,84.97,85.16,601,10,0
2023-04-04 09:00:00,85.17,85.34,85.02,85.26,983,9,0
2023-04-04 10:00:00,85.28,85.59,85.08,85.36,1250,8,0
2023-04-04 11:00:00,85.37,85.51,84.89,84.98,1611,9,0
2023-04-04 12:00:00,84.99,85.36,84.95,85.24,1193,8,0
2023-04-04 13:00:00,85.25,85.64,85.24,85.57,937,8,0
2023-04-04 14:00:00,85.57,85.65,85.36,85.49,853,9,0
2023-04-04 15:00:00,85.5,85.72,85.27,85.5,1449,9,0
2023-04-04 16:00:00,85.51,85.88,85.27,85.45,2276,8,0
2023-04-04 17:00:00,85.47,85.64,84.23,84.43,4551,8,0
2023-04-04 18:00:00,84.44,84.74,83.71,84.11,4250,8,0
2023-04-04 19:00:00,84.11,84.41,84.0,84.22,2938,8,0
2023-04-04 20:00:00,84.22,84.84,84.11,84.83,2284,9,0
2023-04-04 21:00:00,84.82,85.0,84.5,84.61,1862,8,0
2023-04-04 22:00:00,84.62,84.67,84.37,84.65,1032,9,0
2023-04-04 23:00:00,84.65,85.22,84.63,85.13,422,9,0
2023-04-05 03:00:00,85.05,85.28,85.01,85.07,450,10,0
2023-04-05 04:00:00,85.09,85.3,85.04,85.24,353,10,0
2023-04-05 05:00:00,85.23,85.32,85.2,85.28,336,10,0
2023-04-05 06:00:00,85.26,85.29,85.16,85.16,199,10,0
2023-04-05 07:00:00,85.17,85.2,85.08,85.15,247,10,0
2023-04-05 08:00:00,85.16,85.24,85.08,85.13,204,10,0
2023-04-05 09:00:00,85.11,85.32,85.06,85.18,541,9,0
2023-04-05 10:00:00,85.19,85.37,84.94,85.16,1410,9,0
2023-04-05 11:00:00,85.19,85.33,84.63,84.63,1696,9,0
2023-04-05 12:00:00,84.64,84.86,84.49,84.53,1447,8,0
2023-04-05 13:00:00,84.54,84.64,84.37,84.62,931,9,0
2023-04-05 14:00:00,84.61,84.86,84.38,84.75,1050,8,0
2023-04-05 15:00:00,84.74,84.82,84.44,84.55,1710,8,0
2023-04-05 16:00:00,84.56,84.91,84.31,84.65,2670,7,0
2023-04-05 17:00:00,84.67,84.74,83.87,84.3,3682,8,0
2023-04-05 18:00:00,84.29,84.81,84.25,84.78,2818,7,0
2023-04-05 19:00:00,84.77,84.95,84.57,84.8,1783,8,0
2023-04-05 20:00:00,84.79,85.02,84.79,84.94,1459,8,0
2023-04-05 21:00:00,84.93,85.06,84.64,84.71,1448,8,0
2023-04-05 22:00:00,84.72,84.75,84.58,84.64,485,8,0
2023-04-05 23:00:00,84.65,84.68,84.54,84.55,169,9,0
2023-04-06 03:00:00,84.71,84.79,84.57,84.68,450,8,0
2023-04-06 04:00:00,84.67,84.74,84.07,84.24,1733,8,0
2023-04-06 05:00:00,84.23,84.31,84.0,84.1,831,8,0
2023-04-06 06:00:00,84.09,84.17,83.89,83.94,555,8,0
2023-04-06 07:00:00,83.94,84.74,83.89,84.31,993,8,0
2023-04-06 08:00:00,84.3,84.46,84.14,84.43,646,8,0
2023-04-06 09:00:00,84.42,84.53,84.31,84.45,781,8,0
2023-04-06 10:00:00,84.46,84.59,84.31,84.48,1097,8,0
2023-04-06 11:00:00,84.5,84.6,83.89,84.46,1514,8,0
2023-04-06 12:00:00,84.47,84.63,84.26,84.6,1183,8,0
2023-04-06 13:00:00,84.59,84.78,84.52,84.6,855,8,0
2023-04-06 14:00:00,84.61,85.19,84.58,85.18,1236,7,0
2023-04-06 15:00:00,85.18,85.25,84.73,84.86,1587,8,0
2023-04-06 16:00:00,84.86,85.01,84.09,84.57,3760,7,0
2023-04-06 17:00:00,84.57,84.86,84.41,84.74,3295,7,0
2023-04-06 18:00:00,84.74,84.9,84.63,84.86,2318,8,0
2023-04-06 19:00:00,84.86,84.89,84.32,84.62,1621,8,0
2023-04-06 20:00:00,84.63,84.82,84.56,84.75,1309,8,0
2023-04-06 21:00:00,84.74,84.94,84.66,84.74,1407,8,0
2023-04-06 22:00:00,84.73,84.82,84.69,84.73,413,8,0
2023-04-06 23:00:00,84.72,84.73,84.58,84.61,231,9,0
2023-04-10 01:00:00,84.88,85.43,84.87,85.25,336,8,0
2023-04-10 02:00:00,85.24,85.25,84.97,84.99,230,9,0
2023-04-10 03:00:00,85.01,85.23,84.99,85.12,290,8,0
2023-04-10 04:00:00,85.13,85.3,84.74,84.9,1036,8,0
2023-04-10 05:00:00,84.91,85.0,84.76,84.78,474,8,0
2023-04-10 06:00:00,84.77,84.81,84.63,84.74,348,8,0
2023-04-10 07:00:00,84.75,84.79,84.67,84.74,202,8,0
2023-04-10 08:00:00,84.75,84.9,84.67,84.73,429,8,0
2023-04-10 09:00:00,84.73,84.88,84.6,84.81,535,8,0
2023-04-10 10:00:00,84.79,84.99,84.56,84.81,690,7,0
2023-04-10 11:00:00,84.82,85.03,84.65,84.97,1015,8,0
2023-04-10 12:00:00,84.99,85.12,84.89,84.9,400,8,0
2023-04-10 13:00:00,84.89,85.12,84.88,84.92,457,8,0
2023-04-10 14:00:00,84.93,85.08,84.77,85.08,688,8,0
2023-04-10 15:00:00,85.08,85.13,83.9,84.0,1718,7,0
2023-04-10 16:00:00,84.01,84.94,83.92,84.74,3336,8,0
2023-04-10 17:00:00,84.73,85.17,84.4,84.46,2669,8,0
2023-04-10 18:00:00,84.47,84.7,84.1,84.16,2185,7,0
2023-04-10 19:00:00,84.15,84.37,84.08,84.16,1439,8,0
2023-04-10 20:00:00,84.17,84.35,84.07,84.2,1419,8,0
2023-04-10 21:00:00,84.22,84.45,83.89,84.08,1486,7,0
2023-04-10 22:00:00,84.09,84.16,83.97,84.03,764,8,0
2023-04-10 23:00:00,84.02,84.12,84.01,84.05,288,9,0
2023-04-11 03:00:00,84.02,84.12,83.93,84.09,329,8,0
2023-04-11 04:00:00,84.12,84.25,83.97,84.23,645,8,0
2023-04-11 05:00:00,84.23,84.53,84.22,84.37,561,8,0
2023-04-11 06:00:00,84.36,84.56,84.36,84.46,272,8,0
2023-04-11 07:00:00,84.48,84.55,84.46,84.51,205,8,0
2023-04-11 08:00:00,84.52,84.61,84.46,84.61,348,8,0
2023-04-11 09:00:00,84.61,84.79,84.46,84.52,840,8,0
2023-04-11 10:00:00,84.53,84.7,84.36,84.56,1036,8,0
2023-04-11 11:00:00,84.57,84.69,84.37,84.45,1417,8,0
2023-04-11 12:00:00,84.44,84.57,84.17,84.23,1103,8,0
2023-04-11 13:00:00,84.23,84.27,83.62,83.78,1243,8,0
2023-04-11 14:00:00,83.78,83.91,83.53,83.54,1083,8,0
2023-04-11 15:00:00,83.55,83.96,83.53,83.77,1483,7,0
2023-04-11 16:00:00,83.77,84.43,83.71,84.21,3179,7,0
2023-04-11 17:00:00,84.22,84.83,84.22,84.72,2613,7,0
2023-04-11 18:00:00,84.71,85.23,84.68,85.12,2257,8,0
2023-04-11 19:00:00,85.13,85.24,85.0,85.22,1321,7,0
2023-04-11 20:00:00,85.21,85.31,85.07,85.28,887,8,0
2023-04-11 21:00:00,85.29,85.42,85.2,85.28,1063,8,0
2023-04-11 22:00:00,85.28,85.34,85.16,85.28,517,8,0
2023-04-11 23:00:00,85.28,85.35,85.18,85.26,266,9,0
2023-04-12 03:00:00,85.27,85.39,85.24,85.32,285,8,0
2023-04-12 04:00:00,85.3,85.51,85.25,85.38,1029,8,0
2023-04-12 05:00:00,85.37,85.49,85.32,85.49,455,8,0
2023-04-12 06:00:00,85.48,85.48,85.29,85.35,341,8,0
2023-04-12 07:00:00,85.34,85.42,85.32,85.38,127,8,0
2023-04-12 08:00:00,85.37,85.54,85.35,85.5,300,8,0
2023-04-12 09:00:00,85.51,85.56,85.38,85.49,446,8,0
2023-04-12 10:00:00,85.5,85.69,85.4,85.49,1101,8,0
2023-04-12 11:00:00,85.5,85.51,85.12,85.45,1458,8,0
2023-04-12 12:00:00,85.46,85.66,85.42,85.65,763,8,0
2023-04-12 13:00:00,85.64,85.65,85.33,85.38,564,8,0
2023-04-12 14:00:00,85.36,85.44,85.25,85.26,784,8,0
2023-04-12 15:00:00,85.27,86.2,85.2,85.79,2435,8,0
2023-04-12 16:00:00,85.78,86.56,85.71,86.34,3501,7,0
2023-04-12 17:00:00,86.33,86.8,86.17,86.61,3415,8,0
2023-04-12 18:00:00,86.61,86.9,86.38,86.85,2586,8,0
2023-04-12 19:00:00,86.85,87.07,86.72,87.05,1702,8,0
2023-04-12 20:00:00,87.05,87.14,86.77,86.88,1388,8,0
2023-04-12 21:00:00,86.89,87.07,86.79,86.95,1385,8,0
2023-04-12 22:00:00,86.96,87.02,86.86,86.89,515,8,0
2023-04-12 23:00:00,86.9,86.96,86.84,86.88,256,9,0
2023-04-13 03:00:00,86.75,86.88,86.73,86.82,320,8,0
2023-04-13 04:00:00,86.81,87.03,86.68,86.84,712,8,0
2023-04-13 05:00:00,86.84,86.91,86.79,86.81,329,8,0
2023-04-13 06:00:00,86.82,86.83,86.71,86.72,318,8,0
2023-04-13 07:00:00,86.73,86.73,86.58,86.63,219,8,0
2023-04-13 08:00:00,86.63,86.67,86.52,86.61,303,8,0
2023-04-13 09:00:00,86.62,86.77,86.59,86.7,648,8,0
2023-04-13 10:00:00,86.71,86.95,86.66,86.89,1045,8,0
2023-04-13 11:00:00,86.91,87.09,86.64,86.86,1446,8,0
2023-04-13 12:00:00,86.88,87.05,86.71,86.8,948,8,0
2023-04-13 13:00:00,86.81,86.89,86.44,86.46,980,8,0
2023-04-13 14:00:00,86.47,86.82,86.42,86.75,985,7,0
2023-04-13 15:00:00,86.76,86.86,86.47,86.53,1650,8,0
2023-04-13 16:00:00,86.54,86.78,86.31,86.43,2898,7,0
2023-04-13 17:00:00,86.45,86.95,86.36,86.88,2033,8,0
2023-04-13 18:00:00,86.89,87.04,86.08,86.23,2257,8,0
2023-04-13 19:00:00,86.23,86.33,86.02,86.13,1650,7,0
2023-04-13 20:00:00,86.12,86.27,85.95,85.99,1389,8,0
2023-04-13 21:00:00,85.98,86.1,85.77,85.91,1258,8,0
2023-04-13 22:00:00,85.92,86.0,85.85,85.98,494,8,0
2023-04-13 23:00:00,85.96,86.07,85.92,86.01,272,9,0
2023-04-14 03:00:00,85.85,86.01,85.76,85.9,451,8,0
2023-04-14 04:00:00,85.89,86.17,85.89,86.16,786,8,0
2023-04-14 05:00:00,86.17,86.25,85.93,86.02,651,8,0
2023-04-14 06:00:00,86.0,86.18,85.92,86.14,504,8,0
2023-04-14 07:00:00,86.13,86.18,86.07,86.09,175,8,0
2023-04-14 08:00:00,86.1,86.2,86.03,86.15,439,8,0
2023-04-14 09:00:00,86.14,86.14,85.92,85.95,675,8,0
2023-04-14 10:00:00,85.95,86.0,85.44,85.47,1133,8,0
2023-04-14 11:00:00,85.47,85.85,85.35,85.72,1592,8,0
2023-04-14 12:00:00,85.72,86.1,85.66,86.09,855,8,0
2023-04-14 13:00:00,86.1,86.16,85.98,86.14,741,8,0
2023-04-14 14:00:00,86.14,86.19,85.89,85.93,891,7,0
2023-04-14 15:00:00,85.94,86.16,85.76,85.8,1716,8,0
2023-04-14 16:00:00,85.79,86.55,85.71,86.43,2863,8,0
2023-04-14 17:00:00,86.4,86.53,85.25,85.65,4111,7,0
2023-04-14 18:00:00,85.66,86.24,85.51,86.11,2859,8,0
2023-04-14 19:00:00,86.12,86.2,85.67,86.1,1855,8,0
2023-04-14 20:00:00,86.11,86.31,85.94,86.03,1626,7,0
2023-04-14 21:00:00,86.04,86.09,85.75,85.95,1663,8,0
2023-04-14 22:00:00,85.95,86.16,85.91,86.12,774,8,0
2023-04-14 23:00:00,86.11,86.18,86.09,86.09,188,9,0
2023-04-17 01:00:00,85.96,86.12,85.87,86.05,281,9,0
2023-04-17 02:00:00,86.04,86.07,85.93,86.05,181,8,0
2023-04-17 03:00:00,86.04,86.17,85.92,85.99,330,8,0
2023-04-17 04:00:00,85.99,86.16,85.76,86.0,754,8,0
2023-04-17 05:00:00,86.01,86.16,85.88,86.06,387,8,0
2023-04-17 06:00:00,86.07,86.14,85.98,86.03,213,8,0
2023-04-17 07:00:00,86.02,86.04,85.94,85.95,92,8,0
2023-04-17 08:00:00,85.96,86.11,85.87,85.91,413,8,0
2023-04-17 09:00:00,85.9,86.06,85.79,86.05,592,8,0
2023-04-17 10:00:00,86.04,86.1,85.86,85.92,1136,8,0
2023-04-17 11:00:00,85.93,85.99,85.34,85.35,1543,8,0
2023-04-17 12:00:00,85.35,85.93,85.34,85.92,989,7,0
2023-04-17 13:00:00,85.91,85.92,85.57,85.62,824,7,0
2023-04-17 14:00:00,85.62,85.72,85.49,85.51,686,8,0
2023-04-17 15:00:00,85.51,85.57,85.36,85.4,1412,8,0
2023-04-17 16:00:00,85.4,85.72,85.27,85.5,2565,7,0
2023-04-17 17:00:00,85.49,85.74,84.91,85.38,3117,8,0
2023-04-17 18:00:00,85.37,85.53,84.24,84.54,3589,7,0
2023-04-17 19:00:00,84.54,84.66,84.23,84.3,1809,7,0
2023-04-17 20:00:00,84.29,84.6,84.25,84.33,1611,8,0
2023-04-17 21:00:00,84.34,84.71,84.12,84.6,1554,8,0
2023-04-17 22:00:00,84.61,84.73,84.54,84.56,544,8,0
2023-04-17 23:00:00,84.55,84.64,84.5,84.51,250,9,0
2023-04-18 03:00:00,84.45,84.52,84.31,84.4,354,8,0
2023-04-18 04:00:00,84.39,84.8,84.33,84.71,792,8,0
2023-04-18 05:00:00,84.72,84.89,84.6,84.78,592,8,0
2023-04-18 06:00:00,84.77,84.92,84.7,84.7,343,8,0
2023-04-18 07:00:00,84.71,84.75,84.62,84.65,172,8,0
2023-04-18 08:00:00,84.64,84.93,84.59,84.81,487,8,0
2023-04-18 09:00:00,84.8,85.0,84.72,84.96,579,8,0
2023-04-18 10:00:00,84.95,84.97,84.58,84.62,960,8,0
2023-04-18 11:00:00,84.63,84.64,84.05,84.06,1616,8,0
2023-04-18 12:00:00,84.06,84.48,84.05,84.34,985,8,0
2023-04-18 13:00:00,84.35,84.63,84.24,84.49,934,7,0
2023-04-18 14:00:00,84.48,84.53,84.14,84.21,923,8,0
2023-04-18 15:00:00,84.21,84.32,83.9,83.96,1305,8,0
2023-04-18 16:00:00,83.97,84.57,83.8,83.84,3061,7,0
2023-04-18 17:00:00,83.85,84.69,83.61,84.44,3324,8,0
2023-04-18 18:00:00,84.45,85.07,84.43,84.96,2600,8,0
2023-04-18 19:00:00,84.96,85.03,84.79,84.87,1601,8,0
2023-04-18 20:00:00,84.86,85.13,84.72,84.88,1064,8,0
2023-04-18 21:00:00,84.85,84.88,84.35,84.44,1604,8,0
2023-04-18 22:00:00,84.45,84.52,84.35,84.4,678,8,0
2023-04-18 23:00:00,84.39,84.53,84.38,84.47,209,9,0
2023-04-19 03:00:00,84.54,84.63,84.52,84.52,226,8,0
2023-04-19 04:00:00,84.51,84.85,84.45,84.45,677,8,0
2023-04-19 05:00:00,84.46,84.53,84.35,84.41,424,8,0
2023-04-19 06:00:00,84.42,84.44,84.32,84.37,312,8,0
2023-04-19 07:00:00,84.37,84.4,84.26,84.29,165,8,0
2023-04-19 08:00:00,84.28,84.29,84.14,84.2,485,8,0
2023-04-19 09:00:00,84.21,84.26,84.0,84.02,819,8,0
2023-04-19 10:00:00,84.03,84.12,83.6,83.64,1171,8,0
2023-04-19 11:00:00,83.65,83.66,82.68,82.88,2452,7,0
2023-04-19 12:00:00,82.89,83.02,82.56,82.97,1585,8,0
2023-04-19 13:00:00,82.97,83.15,82.77,82.93,1086,7,0
2023-04-19 14:00:00,82.94,82.97,82.68,82.82,1060,8,0
2023-04-19 15:00:00,82.83,83.19,82.61,83.15,1407,8,0
2023-04-19 16:00:00,83.15,83.28,82.31,82.37,2700,8,0
2023-04-19 17:00:00,82.36,83.44,82.16,83.27,3963,7,0
2023-04-19 18:00:00,83.28,83.52,82.9,82.95,2795,7,0
2023-04-19 19:00:00,82.96,83.05,82.54,83.05,1847,7,0
2023-04-19 20:00:00,83.05,83.47,83.01,83.28,1361,7,0
2023-04-19 21:00:00,83.3,83.35,82.76,82.85,1551,8,0
2023-04-19 22:00:00,82.84,82.89,82.71,82.75,547,8,0
2023-04-19 23:00:00,82.74,82.74,82.52,82.56,350,9,0
2023-04-20 03:00:00,82.45,82.54,82.37,82.52,304,8,0
2023-04-20 04:00:00,82.53,82.58,82.28,82.34,675,8,0
2023-04-20 05:00:00,82.33,82.39,82.12,82.12,325,8,0
2023-04-20 06:00:00,82.13,82.13,81.95,82.01,296,8,0
2023-04-20 07:00:00,82.0,82.07,81.98,81.99,226,8,0
2023-04-20 08:00:00,81.98,81.98,81.82,81.98,376,8,0
2023-04-20 09:00:00,81.99,82.19,81.89,82.05,739,8,0
2023-04-20 10:00:00,82.06,82.07,81.39,81.48,1159,8,0
2023-04-20 11:00:00,81.49,81.79,81.22,81.42,1846,8,0
2023-04-20 12:00:00,81.42,81.54,81.12,81.47,1025,8,0
2023-04-20 13:00:00,81.46,81.75,81.29,81.72,795,8,0
2023-04-20 14:00:00,81.72,81.83,81.58,81.67,752,7,0
2023-04-20 15:00:00,81.66,81.69,81.31,81.48,1446,8,0
2023-04-20 16:00:00,81.48,81.67,80.9,81.08,2851,8,0
2023-04-20 17:00:00,81.07,81.37,80.71,80.85,2655,8,0
2023-04-20 18:00:00,80.85,81.13,80.51,80.8,2735,8,0
2023-04-20 19:00:00,80.79,81.11,80.51,81.08,1933,7,0
2023-04-20 20:00:00,81.06,81.36,80.81,81.0,1650,8,0
2023-04-20 21:00:00,81.0,81.04,80.52,80.8,1711,7,0
2023-04-20 22:00:00,80.79,80.81,80.54,80.62,729,8,0
2023-04-20 23:00:00,80.63,80.63,80.48,80.49,223,9,0
2023-04-21 03:00:00,80.5,80.64,80.49,80.62,231,8,0
2023-04-21 04:00:00,80.63,80.72,80.49,80.51,446,8,0
2023-04-21 05:00:00,80.51,80.7,80.49,80.64,344,8,0
2023-04-21 06:00:00,80.65,80.78,80.65,80.76,285,8,0
2023-04-21 07:00:00,80.75,80.91,80.7,80.76,486,8,0
2023-04-21 08:00:00,80.78,80.81,80.6,80.61,364,8,0
2023-04-21 09:00:00,80.6,80.73,80.25,80.26,735,8,0
2023-04-21 10:00:00,80.25,80.8,80.19,80.75,1188,8,0
2023-04-21 11:00:00,80.77,81.02,80.61,80.82,1460,8,0
2023-04-21 12:00:00,80.81,80.92,80.67,80.76,804,8,0
2023-04-21 13:00:00,80.76,80.88,80.62,80.71,817,8,0
2023-04-21 14:00:00,80.7,81.14,80.61,81.03,814,8,0
2023-04-21 15:00:00,81.02,81.38,80.97,81.14,995,8,0
2023-04-21 16:00:00,81.13,81.78,81.05,81.45,2564,7,0
2023-04-21 17:00:00,81.45,81.62,80.81,81.05,3138,7,0
2023-04-21 18:00:00,81.06,81.49,81.0,81.42,2674,8,0
2023-04-21 19:00:00,81.44,81.58,81.14,81.18,1539,7,0
2023-04-21 20:00:00,81.18,81.37,81.01,81.32,1406,8,0
2023-04-21 21:00:00,81.31,81.52,81.22,81.34,1513,8,0
2023-04-21 22:00:00,81.33,81.41,81.28,81.38,461,8,0
2023-04-21 23:00:00,81.39,81.59,81.34,81.49,173,9,0
2023-04-24 01:00:00,81.45,81.45,81.22,81.39,244,9,0
2023-04-24 02:00:00,81.37,81.38,81.27,81.32,109,9,0
2023-04-24 03:00:00,81.31,81.32,80.93,80.99,229,8,0
2023-04-24 04:00:00,81.0,81.2,80.79,80.79,843,8,0
2023-04-24 05:00:00,80.8,80.88,80.61,80.66,514,8,0
2023-04-24 06:00:00,80.65,80.82,80.65,80.71,343,8,0
2023-04-24 07:00:00,80.7,80.71,80.53,80.56,153,8,0
2023-04-24 08:00:00,80.57,80.57,80.35,80.4,519,8,0
2023-04-24 09:00:00,80.41,80.56,80.33,80.46,760,8,0
2023-04-24 10:00:00,80.45,80.82,80.27,80.82,1011,8,0
2023-04-24 11:00:00,80.83,81.45,80.78,81.32,1298,8,0
2023-04-24 12:00:00,81.33,81.36,81.07,81.22,835,8,0
2023-04-24 13:00:00,81.23,81.25,81.04,81.1,594,8,0
2023-04-24 14:00:00,81.09,81.27,81.07,81.21,550,8,0
2023-04-24 15:00:00,81.2,81.35,80.73,80.78,1019,7,0
2023-04-24 16:00:00,80.77,81.95,80.51,81.74,3098,7,0
2023-04-24 17:00:00,81.75,82.37,81.7,81.97,3235,7,0
2023-04-24 18:00:00,81.96,82.56,81.79,82.42,2668,8,0
2023-04-24 19:00:00,82.42,82.71,82.32,82.55,1605,8,0
2023-04-24 20:00:00,82.54,82.77,82.34,82.57,1392,8,0
2023-04-24 21:00:00,82.56,82.61,82.4,82.46,1348,8,0
2023-04-24 22:00:00,82.46,82.54,82.41,82.49,403,8,0
2023-04-24 23:00:00,82.49,82.5,82.34,82.35,186,9,0
2023-04-25 03:00:00,82.34,82.58,82.32,82.56,203,8,0
2023-04-25 04:00:00,82.55,82.77,82.54,82.6,759,8,0
2023-04-25 05:00:00,82.59,82.62,82.38,82.45,406,8,0
2023-04-25 06:00:00,82.46,82.57,82.35,82.54,319,8,0
2023-04-25 07:00:00,82.53,82.57,82.44,82.48,125,8,0
2023-04-25 08:00:00,82.47,82.52,82.23,82.33,460,8,0
2023-04-25 09:00:00,82.34,82.61,82.31,82.54,560,8,0
2023-04-25 10:00:00,82.55,82.82,82.47,82.74,1271,8,0
2023-04-25 11:00:00,82.74,82.83,82.4,82.64,1529,8,0
2023-04-25 12:00:00,82.62,82.62,82.14,82.3,1117,8,0
2023-04-25 13:00:00,82.3,82.3,81.87,81.91,889,8,0
2023-04-25 14:00:00,81.91,82.04,81.77,81.78,808,8,0
2023-04-25 15:00:00,81.79,82.15,81.65,81.7,1453,8,0
2023-04-25 16:00:00,81.71,81.8,80.76,80.9,3944,7,0
2023-04-25 17:00:00,80.9,81.06,80.18,80.52,3124,7,0
2023-04-25 18:00:00,80.52,80.88,80.26,80.74,2759,7,0
2023-04-25 19:00:00,80.75,81.21,80.73,80.82,1526,7,0
2023-04-25 20:00:00,80.82,80.9,80.32,80.64,1852,8,0
2023-04-25 21:00:00,80.65,80.75,80.47,80.66,1524,8,0
2023-04-25 22:00:00,80.65,80.72,80.43,80.46,580,7,0
2023-04-25 23:00:00,80.47,80.63,80.46,80.5,324,9,0
2023-04-26 03:00:00,80.76,80.81,80.7,80.81,259,8,0
2023-04-26 04:00:00,80.8,80.81,80.36,80.71,1045,8,0
2023-04-26 05:00:00,80.7,80.84,80.55,80.82,406,8,0
2023-04-26 06:00:00,80.81,80.92,80.75,80.85,260,8,0
2023-04-26 07:00:00,80.85,81.03,80.84,80.98,153,8,0
2023-04-26 08:00:00,80.99,81.19,80.89,81.18,462,8,0
2023-04-26 09:00:00,81.19,81.24,80.99,81.19,723,8,0
2023-04-26 10:00:00,81.18,81.22,80.48,80.6,1393,8,0
2023-04-26 11:00:00,80.61,81.3,80.5,81.12,1717,8,0
2023-04-26 12:00:00,81.12,81.2,80.57,80.63,1115,8,0
2023-04-26 13:00:00,80.64,80.77,80.39,80.44,867,8,0
2023-04-26 14:00:00,80.46,80.48,79.83,80.08,1295,8,0
2023-04-26 15:00:00,80.07,80.28,79.63,79.66,1686,8,0
2023-04-26 16:00:00,79.65,79.9,79.01,79.06,3002,7,0
2023-04-26 17:00:00,79.05,79.89,78.95,79.86,3752,7,0
2023-04-26 18:00:00,79.87,80.52,79.85,80.34,3000,8,0
2023-04-26 19:00:00,80.35,80.48,79.59,79.63,2047,8,0
2023-04-26 20:00:00,79.64,79.87,79.06,79.09,1832,8,0
2023-04-26 21:00:00,79.1,79.11,77.51,77.65,3005,8,0
2023-04-26 22:00:00,77.65,77.79,77.45,77.61,1097,8,0
2023-04-26 23:00:00,77.61,77.78,77.59,77.64,403,9,0
2023-04-27 03:00:00,77.75,77.96,77.67,77.93,496,8,0
2023-04-27 04:00:00,77.95,77.98,77.81,77.88,802,8,0
2023-04-27 05:00:00,77.87,78.01,77.75,77.84,422,8,0
2023-04-27 06:00:00,77.84,77.96,77.79,77.92,346,8,0
2023-04-27 07:00:00,77.91,77.98,77.79,77.87,212,8,0
2023-04-27 08:00:00,77.88,78.12,77.79,78.04,504,8,0
2023-04-27 09:00:00,78.03,78.09,77.87,78.01,894,8,0
2023-04-27 10:00:00,78.02,78.24,77.78,78.22,1455,8,0
2023-04-27 11:00:00,78.23,78.36,77.89,78.13,1609,7,0
2023-04-27 12:00:00,78.13,78.14,77.79,77.84,1170,8,0
2023-04-27 13:00:00,77.83,77.9,77.6,77.65,1041,8,0
2023-04-27 14:00:00,77.65,78.05,77.61,77.91,1240,8,0
2023-04-27 15:00:00,77.91,78.0,77.75,77.79,1676,8,0
2023-04-27 16:00:00,77.78,78.16,77.35,78.16,3126,7,0
2023-04-27 17:00:00,78.15,78.48,77.57,77.64,3039,8,0
2023-04-27 18:00:00,77.62,78.18,77.3,77.94,3254,7,0
2023-04-27 19:00:00,77.94,78.22,77.75,78.15,1857,8,0
2023-04-27 20:00:00,78.14,78.46,78.03,78.05,1398,8,0
2023-04-27 21:00:00,78.04,78.3,77.69,78.15,1956,8,0
2023-04-27 22:00:00,78.16,78.27,78.13,78.22,587,8,0
2023-04-27 23:00:00,78.21,78.3,78.16,78.16,300,8,0
2023-04-28 03:00:00,78.16,78.22,78.08,78.13,192,8,0
2023-04-28 04:00:00,78.13,78.41,78.0,78.34,736,8,0
2023-04-28 05:00:00,78.35,78.39,78.22,78.38,315,8,0
2023-04-28 06:00:00,78.37,78.54,78.22,78.53,293,8,0
2023-04-28 07:00:00,78.55,78.97,78.55,78.71,744,8,0
2023-04-28 08:00:00,78.71,78.74,78.58,78.66,522,8,0
2023-04-28 09:00:00,78.65,78.72,78.53,78.56,800,8,0
2023-04-28 10:00:00,78.56,78.58,78.22,78.38,1334,8,0
2023-04-28 11:00:00,78.37,78.43,77.46,77.55,1919,7,0
2023-04-28 12:00:00,77.57,78.44,77.42,78.33,1810,8,0
2023-04-28 13:00:00,78.32,78.62,78.31,78.48,1058,8,0
2023-04-28 14:00:00,78.49,78.85,78.47,78.71,1083,8,0
2023-04-28 15:00:00,78.7,78.93,78.48,78.75,1642,8,0
2023-04-28 16:00:00,78.74,78.79,78.03,78.12,2715,8,0
2023-04-28 17:00:00,78.11,79.33,78.1,79.26,2678,8,0
2023-04-28 18:00:00,79.27,80.19,78.92,80.05,2824,7,0
2023-04-28 19:00:00,80.04,80.37,79.92,79.95,1501,8,0
2023-04-28 20:00:00,79.93,80.42,79.81,80.28,1194,8,0
2023-04-28 21:00:00,80.27,80.4,80.04,80.17,1283,8,0
2023-04-28 22:00:00,80.17,80.25,80.1,80.2,340,8,0
2023-04-28 23:00:00,80.19,80.28,80.14,80.18,244,9,0
2023-05-01 01:00:00,80.07,80.13,79.71,79.77,332,9,0
2023-05-01 02:00:00,79.77,79.82,79.51,79.53,171,8,0
2023-05-01 03:00:00,79.55,79.75,79.55,79.71,293,8,0
2023-05-01 04:00:00,79.7,79.73,79.57,79.61,171,8,0
2023-05-01 05:00:00,79.62,79.67,79.55,79.65,177,8,0
2023-05-01 06:00:00,79.64,79.67,79.58,79.62,142,8,0
2023-05-01 07:00:00,79.62,79.65,79.51,79.64,216,8,0
2023-05-01 08:00:00,79.65,79.71,79.63,79.68,156,8,0
2023-05-01 09:00:00,79.68,79.68,79.48,79.52,329,8,0
2023-05-01 10:00:00,79.55,79.57,79.23,79.26,616,8,0
2023-05-01 11:00:00,79.28,79.44,78.53,78.53,1169,8,0
2023-05-01 12:00:00,78.53,78.73,78.48,78.7,665,7,0
2023-05-01 13:00:00,78.69,78.73,78.44,78.57,529,8,0
2023-05-01 14:00:00,78.58,78.77,78.51,78.63,633,8,0
2023-05-01 15:00:00,78.62,78.89,78.44,78.51,1085,8,0
2023-05-01 16:00:00,78.52,79.62,78.19,79.31,2896,8,0
2023-05-01 17:00:00,79.28,79.55,78.87,79.02,3387,7,0
2023-05-01 18:00:00,79.01,79.24,78.62,78.98,2590,7,0
2023-05-01 19:00:00,78.98,79.17,78.73,78.88,1954,7,0
2023-05-01 20:00:00,78.89,78.98,78.03,78.73,2005,8,0
2023-05-01 21:00:00,78.72,79.42,78.69,79.35,1696,8,0
2023-05-01 22:00:00,79.35,79.36,79.21,79.22,364,8,0
2023-05-01 23:00:00,79.21,79.29,79.19,79.23,208,9,0
2023-05-02 03:00:00,79.14,79.25,79.13,79.25,184,8,0
2023-05-02 04:00:00,79.27,79.34,79.14,79.16,253,8,0
2023-05-02 05:00:00,79.15,79.3,79.14,79.29,176,8,0
2023-05-02 06:00:00,79.3,79.36,79.23,79.27,160,8,0
2023-05-02 07:00:00,79.28,79.31,79.18,79.18,171,8,0
2023-05-02 08:00:00,79.18,79.31,78.96,78.97,278,8,0
2023-05-02 09:00:00,78.96,79.14,78.92,79.08,444,8,0
2023-05-02 10:00:00,79.09,79.66,78.87,78.87,1318,8,0
2023-05-02 11:00:00,78.86,79.27,78.7,79.21,1878,7,0
2023-05-02 12:00:00,79.22,79.26,78.81,78.83,932,8,0
2023-05-02 13:00:00,78.83,78.88,78.64,78.8,847,8,0
2023-05-02 14:00:00,78.8,79.09,78.68,79.06,777,8,0
2023-05-02 15:00:00,79.05,79.18,78.6,78.73,1323,8,0
2023-05-02 16:00:00,78.74,78.74,76.9,76.99,3155,7,0
2023-05-02 17:00:00,76.97,77.02,75.89,75.89,3962,7,0
2023-05-02 18:00:00,75.86,76.23,75.52,75.79,4119,7,0
2023-05-02 19:00:00,75.8,75.9,75.4,75.52,2522,7,0
2023-05-02 20:00:00,75.53,75.66,75.2,75.36,2093,8,0
2023-05-02 21:00:00,75.36,75.41,74.98,75.31,2040,8,0
2023-05-02 22:00:00,75.31,75.36,75.13,75.13,557,8,0
2023-05-02 23:00:00,75.14,75.23,75.07,75.08,280,9,0
2023-05-03 03:00:00,75.18,75.22,75.06,75.2,416,8,0
2023-05-03 04:00:00,75.21,75.25,75.13,75.17,504,8,0
2023-05-03 05:00:00,75.18,75.25,75.15,75.25,250,8,0
2023-05-03 06:00:00,75.25,75.29,75.21,75.25,140,8,0
2023-05-03 07:00:00,75.24,75.25,75.17,75.22,189,8,0
2023-05-03 08:00:00,75.21,75.26,75.09,75.13,220,8,0
2023-05-03 09:00:00,75.13,75.44,75.08,75.32,518,8,0
2023-05-03 10:00:00,75.33,75.33,74.56,74.63,1687,8,0
2023-05-03 11:00:00,74.62,74.64,73.41,73.91,2475,7,0
2023-05-03 12:00:00,73.92,74.03,73.42,73.75,1700,8,0
2023-05-03 13:00:00,73.74,73.75,72.92,72.98,1558,8,0
2023-05-03 14:00:00,72.97,73.34,72.8,73.28,1603,7,0
2023-05-03 15:00:00,73.27,73.41,72.95,73.01,2066,7,0
2023-05-03 16:00:00,73.0,73.25,72.48,72.56,3378,8,0
2023-05-03 17:00:00,72.57,72.82,72.12,72.33,4275,7,0
2023-05-03 18:00:00,72.33,72.75,71.63,72.07,3785,7,0
2023-05-03 19:00:00,72.08,72.6,72.0,72.33,2705,7,0
2023-05-03 20:00:00,72.35,72.63,72.22,72.41,1449,8,0
2023-05-03 21:00:00,72.39,72.76,71.95,72.42,4052,6,0
2023-05-03 22:00:00,72.41,72.47,71.85,71.85,1800,8,0
2023-05-03 23:00:00,71.84,72.01,71.81,71.81,348,9,0
2023-05-04 03:00:00,71.41,71.98,71.33,71.86,926,8,0
2023-05-04 04:00:00,71.87,73.22,71.86,72.84,2469,8,0
2023-05-04 05:00:00,72.84,72.91,72.39,72.42,578,8,0
2023-05-04 06:00:00,72.43,72.73,72.33,72.71,441,8,0
2023-05-04 07:00:00,72.72,72.86,72.62,72.81,307,8,0
2023-05-04 08:00:00,72.8,73.15,72.73,73.09,693,8,0
2023-05-04 09:00:00,73.08,73.3,72.7,73.26,1031,8,0
2023-05-04 10:00:00,73.25,73.35,72.84,73.15,2123,7,0
2023-05-04 11:00:00,73.13,73.26,72.75,73.22,2106,8,0
2023-05-04 12:00:00,73.21,73.31,72.88,72.88,1499,8,0
2023-05-04 13:00:00,72.88,72.96,72.46,72.49,1095,8,0
2023-05-04 14:00:00,72.5,72.57,72.22,72.51,1096,8,0
2023-05-04 15:00:00,72.52,72.84,72.35,72.46,1665,8,0
2023-05-04 16:00:00,72.45,72.65,71.84,72.23,4349,7,0
2023-05-04 17:00:00,72.22,72.25,71.44,72.04,5808,7,0
2023-05-04 18:00:00,72.03,72.7,71.89,72.49,4569,7,0
2023-05-04 19:00:00,72.48,72.87,72.32,72.61,2655,7,0
2023-05-04 20:00:00,72.62,73.62,72.53,73.0,2859,8,0
2023-05-04 21:00:00,72.99,73.06,72.23,72.34,1998,7,0
2023-05-04 22:00:00,72.34,72.48,72.18,72.34,875,8,0
2023-05-04 23:00:00,72.34,72.51,72.27,72.38,313,9,0
2023-05-05 03:00:00,72.55,72.57,72.32,72.42,393,8,0
2023-05-05 04:00:00,72.43,72.84,72.41,72.68,815,8,0
2023-05-05 05:00:00,72.66,72.75,72.51,72.75,508,8,0
2023-05-05 06:00:00,72.76,72.97,72.74,72.97,360,8,0
2023-05-05 07:00:00,72.97,73.16,72.95,73.1,222,8,0
2023-05-05 08:00:00,73.11,73.14,72.97,73.05,406,8,0
2023-05-05 09:00:00,73.06,73.38,73.05,73.35,606,8,0
2023-05-05 10:00:00,73.34,73.77,73.25,73.63,1289,8,0
2023-05-05 11:00:00,73.63,73.74,73.17,73.7,1487,8,0
2023-05-05 12:00:00,73.71,73.73,73.35,73.63,983,8,0
2023-05-05 13:00:00,73.62,74.29,73.62,74.18,1023,8,0
2023-05-05 14:00:00,74.17,74.53,74.12,74.26,860,8,0
2023-05-05 15:00:00,74.26,74.62,74.14,74.27,2047,7,0
2023-05-05 16:00:00,74.25,75.31,73.89,75.31,3676,7,0
2023-05-05 17:00:00,75.29,75.52,74.96,75.29,3102,7,0
2023-05-05 18:00:00,75.3,75.34,74.73,74.87,2724,7,0
2023-05-05 19:00:00,74.86,75.25,74.8,75.22,2037,7,0
2023-05-05 20:00:00,75.23,75.38,74.97,75.21,1271,8,0
2023-05-05 21:00:00,75.22,75.62,75.08,75.29,1393,8,0
2023-05-05 22:00:00,75.28,75.35,75.16,75.2,521,8,0
2023-05-05 23:00:00,75.19,75.24,75.09,75.17,238,9,0
2023-05-08 01:00:00,75.15,75.66,75.15,75.32,347,9,0
2023-05-08 02:00:00,75.31,75.43,75.19,75.21,175,8,0
2023-05-08 03:00:00,75.22,75.29,75.11,75.22,392,8,0
2023-05-08 04:00:00,75.23,75.32,74.82,74.89,920,8,0
2023-05-08 05:00:00,74.88,75.43,74.87,75.32,550,8,0
2023-05-08 06:00:00,75.32,75.36,75.17,75.22,340,8,0
2023-05-08 07:00:00,75.21,75.59,75.21,75.56,240,8,0
2023-05-08 08:00:00,75.55,75.7,75.53,75.67,384,8,0
2023-05-08 09:00:00,75.66,75.98,75.54,75.89,534,8,0
2023-05-08 10:00:00,75.9,76.18,75.8,76.1,975,8,0
2023-05-08 11:00:00,76.12,76.6,76.07,76.31,1289,8,0
2023-05-08 12:00:00,76.29,76.62,76.26,76.55,724,8,0
2023-05-08 13:00:00,76.56,76.85,76.56,76.8,531,8,0
2023-05-08 14:00:00,76.81,77.06,76.76,77.01,643,8,0
2023-05-08 15:00:00,77.0,77.13,76.56,76.68,1070,8,0
2023-05-08 16:00:00,76.67,77.28,76.4,76.51,3268,7,0
2023-05-08 17:00:00,76.52,76.74,76.28,76.63,2795,7,0
2023-05-08 18:00:00,76.63,76.89,76.52,76.83,1870,7,0
2023-05-08 19:00:00,76.82,76.94,76.63,76.73,1331,8,0
2023-05-08 20:00:00,76.72,77.12,76.66,77.04,1088,8,0
2023-05-08 21:00:00,77.03,77.12,76.72,76.81,1371,8,0
2023-05-08 22:00:00,76.8,76.81,76.5,76.52,549,8,0
2023-05-08 23:00:00,76.51,76.54,76.43,76.46,188,9,0
2023-05-09 03:00:00,76.63,76.7,76.57,76.67,298,8,0
2023-05-09 04:00:00,76.68,76.68,76.3,76.4,597,8,0
2023-05-09 05:00:00,76.41,76.76,76.41,76.67,426,8,0
2023-05-09 06:00:00,76.65,76.65,76.52,76.62,242,8,0
2023-05-09 07:00:00,76.63,76.63,76.54,76.54,104,8,0
2023-05-09 08:00:00,76.54,76.57,76.15,76.17,362,8,0
2023-05-09 09:00:00,76.18,76.49,76.18,76.23,656,8,0
2023-05-09 10:00:00,76.23,76.59,75.85,75.88,1205,8,0
2023-05-09 11:00:00,75.89,76.28,75.82,76.06,1475,8,0
2023-05-09 12:00:00,76.05,76.52,76.05,76.22,1100,8,0
2023-05-09 13:00:00,76.21,76.45,76.11,76.28,733,8,0
2023-05-09 14:00:00,76.27,76.31,76.03,76.11,743,7,0
2023-05-09 15:00:00,76.11,76.4,75.98,76.39,1362,8,0
2023-05-09 16:00:00,76.4,76.57,75.82,76.19,3200,8,0
2023-05-09 17:00:00,76.2,76.36,75.57,76.07,3224,8,0
2023-05-09 18:00:00,76.08,76.13,74.99,75.54,2547,8,0
2023-05-09 19:00:00,75.53,76.23,75.47,76.17,2497,8,0
2023-05-09 20:00:00,76.18,77.32,76.05,77.16,2235,8,0
2023-05-09 21:00:00,77.19,77.37,77.0,77.21,1459,8,0
2023-05-09 22:00:00,77.21,77.26,77.09,77.1,401,8,0
2023-05-09 23:00:00,77.1,77.2,77.06,77.11,201,9,0
2023-05-10 03:00:00,77.23,77.24,77.06,77.06,323,8,0
2023-05-10 04:00:00,77.05,77.24,76.86,76.88,712,8,0
2023-05-10 05:00:00,76.89,76.92,76.68,76.69,493,8,0
2023-05-10 06:00:00,76.7,76.79,76.68,76.73,260,8,0
2023-05-10 07:00:00,76.72,76.84,76.72,76.82,143,8,0
2023-05-10 08:00:00,76.81,76.87,76.71,76.78,360,8,0
2023-05-10 09:00:00,76.79,76.82,76.54,76.77,591,8,0
2023-05-10 10:00:00,76.76,77.03,76.37,76.42,1117,8,0
2023-05-10 11:00:00,76.44,76.58,76.01,76.26,1605,8,0
2023-05-10 12:00:00,76.25,76.41,76.04,76.23,940,8,0
2023-05-10 13:00:00,76.23,76.57,76.15,76.49,799,8,0
2023-05-10 14:00:00,76.5,76.7,76.42,76.64,602,8,0
2023-05-10 15:00:00,76.65,77.46,76.53,77.41,2086,8,0
2023-05-10 16:00:00,77.4,77.43,75.98,76.13,3626,8,0
2023-05-10 17:00:00,76.12,76.65,75.75,76.06,5214,7,0
2023-05-10 18:00:00,76.05,76.93,76.04,76.57,3413,7,0
2023-05-10 19:00:00,76.56,76.92,76.4,76.51,1993,8,0
2023-05-10 20:00:00,76.52,76.58,75.57,75.99,2432,8,0
2023-05-10 21:00:00,75.99,76.39,75.89,76.28,1807,8,0
2023-05-10 22:00:00,76.28,76.58,76.24,76.48,592,8,0
2023-05-10 23:00:00,76.49,76.59,76.48,76.49,169,9,0
2023-05-11 03:00:00,76.55,76.69,76.52,76.65,153,8,0
2023-05-11 04:00:00,76.64,76.85,76.45,76.5,823,8,0
2023-05-11 05:00:00,76.51,76.83,76.49,76.81,493,8,0
2023-05-11 06:00:00,76.8,76.94,76.78,76.84,270,8,0
2023-05-11 07:00:00,76.85,76.95,76.82,76.9,153,8,0
2023-05-11 08:00:00,76.91,77.15,76.9,77.05,402,8,0
2023-05-11 09:00:00,77.06,77.06,76.42,76.54,848,7,0
2023-05-11 10:00:00,76.54,76.95,76.54,76.83,1399,8,0
2023-05-11 11:00:00,76.84,77.17,76.73,77.13,1456,8,0
2023-05-11 12:00:00,77.14,77.26,76.81,76.9,1006,8,0
2023-05-11 13:00:00,76.9,76.97,76.59,76.63,842,8,0
2023-05-11 14:00:00,76.62,76.72,75.99,76.02,1454,8,0
2023-05-11 15:00:00,76.03,76.33,75.41,75.49,2761,7,0
2023-05-11 16:00:00,75.5,75.61,74.92,75.26,5055,7,0
2023-05-11 17:00:00,75.26,75.4,74.49,75.24,4557,6,0
2023-05-11 18:00:00,75.24,75.74,75.15,75.21,3134,8,0
2023-05-11 19:00:00,75.21,75.57,75.16,75.31,1900,8,0
2023-05-11 20:00:00,75.32,75.38,74.64,74.82,2034,8,0
2023-05-11 21:00:00,74.81,75.09,74.68,74.83,1489,8,0
2023-05-11 22:00:00,74.82,75.4,74.73,75.35,896,8,0
2023-05-11 23:00:00,75.34,75.42,75.26,75.26,229,8,0
2023-05-12 03:00:00,75.15,75.28,75.13,75.27,331,8,0
2023-05-12 04:00:00,75.27,75.27,74.62,74.65,1260,8,0
2023-05-12 05:00:00,74.66,74.7,74.18,74.59,1054,8,0
2023-05-12 06:00:00,74.6,74.74,74.38,74.41,490,8,0
2023-05-12 07:00:00,74.4,74.49,74.29,74.48,196,8,0
2023-05-12 08:00:00,74.47,74.64,74.39,74.58,796,8,0
2023-05-12 09:00:00,74.57,74.59,74.09,74.13,924,8,0
2023-05-12 10:00:00,74.14,74.68,74.14,74.25,1791,8,0
2023-05-12 11:00:00,74.23,74.62,74.0,74.39,2044,8,0
2023-05-12 12:00:00,74.41,74.86,74.09,74.79,1583,7,0
2023-05-12 13:00:00,74.78,75.05,74.6,74.96,1034,8,0
2023-05-12 14:00:00,74.95,75.17,74.72,75.14,1022,8,0
2023-05-12 15:00:00,75.15,75.33,74.89,75.27,1636,8,0
2023-05-12 16:00:00,75.26,75.66,75.05,75.55,3606,7,0
2023-05-12 17:00:00,75.54,75.64,74.54,74.85,4125,7,0
2023-05-12 18:00:00,74.85,75.04,73.91,74.04,3864,7,0
2023-05-12 19:00:00,74.05,74.46,74.03,74.05,2374,8,0
2023-05-12 20:00:00,74.06,74.27,73.84,73.91,1827,8,0
2023-05-12 21:00:00,73.92,74.07,73.85,74.0,1303,7,0
2023-05-12 22:00:00,74.0,74.08,73.98,74.02,408,8,0
2023-05-12 23:00:00,74.01,74.07,73.96,74.0,167,9,0
2023-05-15 01:00:00,73.93,74.07,73.91,73.99,137,9,0
2023-05-15 02:00:00,73.99,73.99,73.85,73.96,81,9,0
2023-05-15 03:00:00,73.99,74.11,73.91,74.05,296,8,0
2023-05-15 04:00:00,74.07,74.12,73.44,73.57,1315,8,0
2023-05-15 05:00:00,73.58,73.67,73.43,73.43,562,8,0
2023-05-15 06:00:00,73.44,73.51,73.3,73.31,337,8,0
2023-05-15 07:00:00,73.3,73.4,73.3,73.37,132,8,0
2023-05-15 08:00:00,73.36,73.93,73.34,73.91,797,8,0
2023-05-15 09:00:00,73.89,73.91,73.64,73.77,928,8,0
2023-05-15 10:00:00,73.77,74.1,73.63,74.07,1164,8,0
2023-05-15 11:00:00,74.06,74.32,73.99,74.0,1182,8,0
2023-05-15 12:00:00,74.0,74.27,73.95,74.22,773,8,0
2023-05-15 13:00:00,74.21,74.28,74.07,74.18,747,8,0
2023-05-15 14:00:00,74.17,74.47,74.14,74.47,598,7,0
2023-05-15 15:00:00,74.48,74.7,74.21,74.37,1402,7,0
2023-05-15 16:00:00,74.35,74.92,74.29,74.62,3539,8,0
2023-05-15 17:00:00,74.61,75.39,74.41,75.29,2889,7,0
2023-05-15 18:00:00,75.28,75.39,74.86,75.33,1951,7,0
2023-05-15 19:00:00,75.32,75.57,75.05,75.4,1475,8,0
2023-05-15 20:00:00,75.4,75.42,75.09,75.14,1217,8,0
2023-05-15 21:00:00,75.14,75.3,74.98,75.03,1055,8,0
2023-05-15 22:00:00,75.02,75.4,74.96,75.11,689,8,0
2023-05-15 23:00:00,75.12,75.36,75.07,75.23,308,9,0
2023-05-16 03:00:00,75.35,75.41,75.23,75.38,335,8,0
2023-05-16 04:00:00,75.37,75.76,75.35,75.75,796,8,0
2023-05-16 05:00:00,75.74,75.75,75.44,75.58,566,8,0
2023-05-16 06:00:00,75.58,75.58,75.36,75.43,290,8,0
2023-05-16 07:00:00,75.44,75.44,75.34,75.42,184,8,0
2023-05-16 08:00:00,75.41,75.41,75.17,75.19,530,8,0
2023-05-16 09:00:00,75.21,75.26,74.88,74.92,852,8,0
2023-05-16 10:00:00,74.93,75.41,74.85,75.22,1322,8,0
2023-05-16 11:00:00,75.24,75.64,75.09,75.14,1431,7,0
2023-05-16 12:00:00,75.12,75.3,74.48,74.84,1096,8,0
2023-05-16 13:00:00,74.85,75.22,74.69,75.17,885,8,0
2023-05-16 14:00:00,75.16,75.16,74.82,74.96,808,8,0
2023-05-16 15:00:00,74.95,75.34,74.95,75.2,1657,8,0
2023-05-16 16:00:00,75.2,75.7,74.98,75.3,3304,7,0
2023-05-16 17:00:00,75.29,75.5,74.58,74.61,3102,7,0
2023-05-16 18:00:00,74.6,74.97,74.35,74.68,2750,8,0
2023-05-16 19:00:00,74.67,74.81,74.47,74.73,1466,8,0
2023-05-16 20:00:00,74.74,74.9,74.62,74.65,953,8,0
2023-05-16 21:00:00,74.64,74.8,74.5,74.6,929,8,0
2023-05-16 22:00:00,74.59,74.65,74.43,74.43,379,8,0
2023-05-16 23:00:00,74.44,74.47,74.34,74.4,256,9,0
2023-05-17 03:00:00,74.49,74.51,74.29,74.38,239,8,0
2023-05-17 04:00:00,74.39,74.69,74.29,74.44,960,8,0
2023-05-17 05:00:00,74.45,74.98,74.44,74.94,750,8,0
2023-05-17 06:00:00,74.93,74.97,74.78,74.83,376,8,0
2023-05-17 07:00:00,74.82,74.86,74.73,74.74,146,8,0
2023-05-17 08:00:00,74.73,74.74,74.12,74.12,725,8,0
2023-05-17 09:00:00,74.13,74.38,74.1,74.28,891,8,0
2023-05-17 10:00:00,74.27,74.33,73.96,74.14,1538,7,0
2023-05-17 11:00:00,74.15,74.75,74.07,74.74,1886,8,0
2023-05-17 12:00:00,74.75,74.94,74.54,74.94,998,8,0
2023-05-17 13:00:00,74.94,75.22,74.79,75.11,807,8,0
2023-05-17 14:00:00,75.11,75.2,74.89,74.98,716,8,0
2023-05-17 15:00:00,74.97,75.12,74.7,75.07,1136,8,0
2023-05-17 16:00:00,75.07,75.99,75.06,75.38,3337,8,0
2023-05-17 17:00:00,75.37,75.77,74.94,75.27,3402,8,0
2023-05-17 18:00:00,75.26,76.46,75.13,76.28,2942,8,0
2023-05-17 19:00:00,76.29,77.14,76.29,76.83,1522,8,0
2023-05-17 20:00:00,76.84,76.99,76.69,76.96,1243,8,0
2023-05-17 21:00:00,76.97,76.97,76.67,76.76,1158,8,0
2023-05-17 22:00:00,76.76,76.83,76.67,76.77,432,8,0
2023-05-17 23:00:00,76.76,76.78,76.59,76.62,183,9,0
2023-05-18 03:00:00,76.63,76.69,76.57,76.57,239,8,0
2023-05-18 04:00:00,76.57,76.62,76.42,76.53,810,8,0
2023-05-18 05:00:00,76.52,76.7,76.51,76.65,516,8,0
2023-05-18 06:00:00,76.66,76.77,76.66,76.66,320,8,0
2023-05-18 07:00:00,76.67,76.68,76.5,76.56,155,8,0
2023-05-18 08:00:00,76.58,76.6,76.33,76.41,528,8,0
2023-05-18 09:00:00,76.42,76.77,76.36,76.65,791,8,0
2023-05-18 10:00:00,76.63,76.71,76.43,76.68,1158,8,0
2023-05-18 11:00:00,76.7,76.75,76.38,76.4,1318,8,0
2023-05-18 12:00:00,76.39,76.54,76.34,76.5,747,8,0
2023-05-18 13:00:00,76.49,76.72,76.18,76.68,691,8,0
2023-05-18 14:00:00,76.68,76.85,76.62,76.67,570,8,0
2023-05-18 15:00:00,76.67,76.72,75.95,76.03,1212,8,0
2023-05-18 16:00:00,76.03,76.41,75.63,75.96,3380,7,0
2023-05-18 17:00:00,75.95,76.34,75.68,76.17,3054,8,0
2023-05-18 18:00:00,76.18,76.36,75.57,75.65,2260,8,0
2023-05-18 19:00:00,75.64,75.81,75.44,75.56,2271,8,0
2023-05-18 20:00:00,75.56,75.76,75.42,75.48,1557,8,0
2023-05-18 21:00:00,75.46,75.81,75.42,75.73,1134,8,0
2023-05-18 22:00:00,75.73,75.94,75.73,75.88,444,8,0
2023-05-18 23:00:00,75.89,75.96,75.82,75.83,244,9,0
2023-05-19 03:00:00,75.93,75.96,75.74,75.79,234,8,0
2023-05-19 04:00:00,75.8,75.91,75.64,75.71,816,8,0
2023-05-19 05:00:00,75.7,76.4,75.68,76.37,886,8,0
2023-05-19 06:00:00,76.36,76.46,76.27,76.35,543,8,0
2023-05-19 07:00:00,76.34,76.39,76.25,76.3,180,8,0
2023-05-19 08:00:00,76.29,76.44,76.25,76.36,430,8,0
2023-05-19 09:00:00,76.34,76.67,76.32,76.54,823,8,0
2023-05-19 10:00:00,76.52,76.62,76.24,76.46,1080,8,0
2023-05-19 11:00:00,76.47,76.47,76.05,76.14,1449,7,0
2023-05-19 12:00:00,76.15,76.65,76.1,76.61,1013,8,0
2023-05-19 13:00:00,76.61,76.75,76.56,76.65,723,8,0
2023-05-19 14:00:00,76.66,76.79,76.48,76.77,840,7,0
2023-05-19 15:00:00,76.77,77.28,76.77,77.26,1186,8,0
2023-05-19 16:00:00,77.26,77.37,76.32,76.39,2981,7,0
2023-05-19 17:00:00,76.4,76.5,75.8,76.12,3010,7,0
2023-05-19 18:00:00,76.13,76.25,75.16,75.53,4161,7,0
2023-05-19 19:00:00,75.52,75.75,75.33,75.57,2423,8,0
2023-05-19 20:00:00,75.58,75.76,75.01,75.05,1924,7,0
2023-05-19 21:00:00,75.04,75.64,75.03,75.62,1555,8,0
2023-05-19 22:00:00,75.63,75.77,75.5,75.74,420,8,0
2023-05-19 23:00:00,75.73,75.74,75.61,75.7,249,9,0
2023-05-22 01:00:00,75.66,75.67,75.42,75.44,272,9,0
2023-05-22 02:00:00,75.44,75.59,75.43,75.59,156,8,0
2023-05-22 03:00:00,75.61,75.64,75.48,75.54,340,8,0
2023-05-22 04:00:00,75.57,75.65,74.78,74.92,1760,8,0
2023-05-22 05:00:00,74.93,75.04,74.82,74.86,773,8,0
2023-05-22 06:00:00,74.85,74.94,74.64,74.71,434,8,0
2023-05-22 07:00:00,74.72,74.9,74.7,74.87,213,8,0
2023-05-22 08:00:00,74.86,74.9,74.72,74.8,575,8,0
2023-05-22 09:00:00,74.81,74.83,74.41,74.58,1040,8,0
2023-05-22 10:00:00,74.57,75.2,74.52,75.09,1483,7,0
2023-05-22 11:00:00,75.1,75.61,74.94,75.43,1412,8,0
2023-05-22 12:00:00,75.44,75.54,75.28,75.32,868,8,0
2023-05-22 13:00:00,75.32,75.48,75.16,75.45,784,8,0
2023-05-22 14:00:00,75.44,75.66,75.44,75.66,748,8,0
2023-05-22 15:00:00,75.65,75.87,75.27,75.38,1353,8,0
2023-05-22 16:00:00,75.37,75.93,75.14,75.58,3819,7,0
2023-05-22 17:00:00,75.58,75.79,75.24,75.43,3716,7,0
2023-05-22 18:00:00,75.44,76.06,75.31,75.77,2440,8,0
2023-05-22 19:00:00,75.78,76.14,75.57,75.94,1683,8,0
2023-05-22 20:00:00,75.93,76.31,75.9,76.12,1526,8,0
2023-05-22 21:00:00,76.13,76.13,75.79,75.86,1090,8,0
2023-05-22 22:00:00,75.85,75.89,75.73,75.82,357,8,0
2023-05-22 23:00:00,75.81,75.94,75.79,75.84,186,9,0
2023-05-23 03:00:00,76.04,76.11,75.94,76.03,203,8,0
2023-05-23 04:00:00,76.02,76.36,75.93,76.18,713,8,0
2023-05-23 05:00:00,76.17,76.23,76.05,76.23,510,8,0
2023-05-23 06:00:00,76.22,76.22,76.03,76.09,333,8,0
2023-05-23 07:00:00,76.1,76.11,75.91,75.95,147,8,0
2023-05-23 08:00:00,75.96,76.15,75.88,76.06,519,8,0
2023-05-23 09:00:00,76.05,76.2,75.84,75.9,944,8,0
2023-05-23 10:00:00,75.89,75.94,75.49,75.58,1346,8,0
2023-05-23 11:00:00,75.58,75.87,75.5,75.59,1634,7,0
2023-05-23 12:00:00,75.58,75.91,75.56,75.9,736,8,0
2023-05-23 13:00:00,75.89,76.55,75.78,76.43,829,8,0
2023-05-23 14:00:00,76.43,76.65,76.28,76.63,663,8,0
2023-05-23 15:00:00,76.63,76.92,76.63,76.81,1436,8,0
2023-05-23 16:00:00,76.8,77.28,76.43,77.25,3066,7,0
2023-05-23 17:00:00,77.26,77.46,76.71,76.85,3434,7,0
2023-05-23 18:00:00,76.84,77.26,76.77,77.17,2084,8,0
2023-05-23 19:00:00,77.16,77.21,76.96,77.12,1348,8,0
2023-05-23 20:00:00,77.11,77.26,77.01,77.13,1111,8,0
2023-05-23 21:00:00,77.13,77.23,76.5,76.72,1580,8,0
2023-05-23 22:00:00,76.71,76.9,76.68,76.87,621,8,0
2023-05-23 23:00:00,76.88,77.59,76.84,77.49,413,9,0
2023-05-24 03:00:00,77.63,77.63,77.47,77.5,273,8,0
2023-05-24 04:00:00,77.49,77.7,77.43,77.56,1026,8,0
2023-05-24 05:00:00,77.56,77.56,77.34,77.46,649,8,0
2023-05-24 06:00:00,77.47,77.51,77.35,77.38,442,8,0
2023-05-24 07:00:00,77.39,77.52,77.38,77.52,110,9,0
2023-05-24 08:00:00,77.51,77.58,77.39,77.45,628,8,0
2023-05-24 09:00:00,77.46,77.55,77.39,77.52,880,8,0
2023-05-24 10:00:00,77.51,77.51,77.22,77.37,1518,8,0
2023-05-24 11:00:00,77.39,77.78,77.38,77.75,1301,7,0
2023-05-24 12:00:00,77.76,78.12,77.73,78.03,857,7,0
2023-05-24 13:00:00,78.02,78.1,77.66,77.82,755,8,0
2023-05-24 14:00:00,77.83,77.91,77.68,77.71,854,8,0
2023-05-24 15:00:00,77.72,77.88,77.52,77.87,1177,8,0
2023-05-24 16:00:00,77.87,78.23,77.69,77.86,2390,8,0
2023-05-24 17:00:00,77.85,78.47,77.61,78.25,2928,8,0
2023-05-24 18:00:00,78.25,78.31,77.9,78.15,2135,7,0
2023-05-24 19:00:00,78.16,78.36,76.92,77.35,2420,8,0
2023-05-24 20:00:00,77.34,77.67,76.98,77.64,1774,8,0
2023-05-24 21:00:00,77.62,78.27,77.59,77.71,1956,8,0
2023-05-24 22:00:00,77.7,77.96,77.58,77.93,1119,8,0
2023-05-24 23:00:00,77.92,78.21,77.84,78.16,302,9,0
2023-05-25 03:00:00,78.23,78.24,78.1,78.18,272,8,0
2023-05-25 04:00:00,78.17,78.26,77.93,78.09,1045,8,0
2023-05-25 05:00:00,78.1,78.35,78.0,78.07,806,8,0
2023-05-25 06:00:00,78.06,78.22,78.03,78.18,431,8,0
2023-05-25 07:00:00,78.17,78.23,78.11,78.18,152,8,0
2023-05-25 08:00:00,78.19,78.21,77.98,78.0,608,8,0
2023-05-25 09:00:00,77.99,78.11,77.82,78.01,990,8,0
2023-05-25 10:00:00,77.99,78.04,77.69,77.79,1237,7,0
2023-05-25 11:00:00,77.81,77.92,77.28,77.36,1224,8,0
2023-05-25 12:00:00,77.36,77.47,77.12,77.13,1063,8,0
2023-05-25 13:00:00,77.12,77.3,76.78,76.82,894,8,0
2023-05-25 14:00:00,76.83,76.99,76.77,76.95,836,8,0
2023-05-25 15:00:00,76.95,77.43,76.73,77.19,1759,8,0
2023-05-25 16:00:00,77.19,77.32,75.97,76.28,4040,6,0
2023-05-25 17:00:00,76.26,76.6,75.92,76.53,3392,7,0
2023-05-25 18:00:00,76.53,76.74,75.07,75.33,3191,7,0
2023-05-25 19:00:00,75.33,75.84,75.21,75.73,2063,7,0
2023-05-25 20:00:00,75.73,75.85,75.6,75.81,1397,8,0
2023-05-25 21:00:00,75.8,76.21,75.8,75.99,1360,8,0
2023-05-25 22:00:00,76.0,76.2,76.0,76.13,525,8,0
2023-05-25 23:00:00,76.14,76.15,75.9,75.96,287,9,0
2023-05-26 03:00:00,76.01,76.13,75.88,76.13,304,8,0
2023-05-26 04:00:00,76.12,76.14,75.67,75.73,949,8,0
2023-05-26 05:00:00,75.72,75.87,75.62,75.64,567,8,0
2023-05-26 06:00:00,75.65,75.98,75.63,75.92,574,8,0
2023-05-26 07:00:00,75.93,75.96,75.88,75.9,145,9,0
2023-05-26 08:00:00,75.91,76.2,75.87,76.06,822,8,0
2023-05-26 09:00:00,76.05,76.33,76.0,76.28,679,8,0
2023-05-26 10:00:00,76.26,76.41,75.89,76.0,1512,8,0
2023-05-26 11:00:00,75.99,76.46,75.91,76.27,1710,7,0
2023-05-26 12:00:00,76.27,76.57,76.11,76.56,1143,8,0
2023-05-26 13:00:00,76.55,76.62,76.38,76.6,770,7,0
2023-05-26 14:00:00,76.57,76.84,76.57,76.71,838,8,0
2023-05-26 15:00:00,76.71,76.95,76.49,76.95,1553,8,0
2023-05-26 16:00:00,76.95,77.27,76.83,76.97,3169,7,0
2023-05-26 17:00:00,76.97,77.24,76.49,76.56,3017,7,0
2023-05-26 18:00:00,76.57,77.13,76.57,76.76,2531,7,0
2023-05-26 19:00:00,76.75,76.96,76.63,76.66,1507,7,0
2023-05-26 20:00:00,76.67,76.85,76.6,76.81,1516,8,0
2023-05-26 21:00:00,76.8,77.06,76.67,77.03,1378,8,0
2023-05-26 22:00:00,77.04,77.16,77.01,77.02,550,8,0
2023-05-26 23:00:00,77.01,77.18,77.0,77.14,141,9,0
2023-05-29 01:00:00,77.32,77.64,77.32,77.4,237,9,0
2023-05-29 02:00:00,77.42,77.46,77.29,77.45,108,8,0
2023-05-29 03:00:00,77.47,77.52,77.4,77.43,192,8,0
2023-05-29 04:00:00,77.44,77.65,77.27,77.6,842,8,0
2023-05-29 05:00:00,77.61,77.77,77.56,77.58,427,8,0
2023-05-29 06:00:00,77.59,77.62,77.47,77.5,214,8,0
2023-05-29 07:00:00,77.5,77.52,77.47,77.51,48,8,0
2023-05-29 08:00:00,77.53,77.57,77.31,77.32,365,8,0
2023-05-29 09:00:00,77.33,77.43,77.21,77.39,555,8,0
2023-05-29 10:00:00,77.38,77.55,77.33,77.4,773,8,0
2023-05-29 11:00:00,77.39,77.46,77.1,77.12,1060,8,0
2023-05-29 12:00:00,77.12,77.12,76.62,76.65,798,8,0
2023-05-29 13:00:00,76.66,76.74,76.61,76.69,501,7,0
2023-05-29 14:00:00,76.69,76.79,76.56,76.57,532,8,0
2023-05-29 15:00:00,76.56,76.59,76.22,76.35,735,8,0
2023-05-29 16:00:00,76.36,76.45,76.11,76.4,1509,8,0
2023-05-29 17:00:00,76.41,76.57,76.3,76.5,1038,8,0
2023-05-29 18:00:00,76.51,76.63,76.46,76.57,752,8,0
2023-05-29 19:00:00,76.56,77.1,76.56,77.05,605,7,0
2023-05-29 20:00:00,77.05,77.06,77.02,77.04,101,8,0
2023-05-30 03:00:00,76.95,77.04,76.85,76.97,331,8,0
2023-05-30 04:00:00,76.98,77.51,76.98,77.32,777,8,0
2023-05-30 05:00:00,77.33,77.45,77.06,77.06,450,8,0
2023-05-30 06:00:00,77.07,77.08,76.49,76.6,533,8,0
2023-05-30 07:00:00,76.6,76.61,76.48,76.55,169,8,0
2023-05-30 08:00:00,76.54,76.62,76.28,76.29,679,8,0
2023-05-30 09:00:00,76.28,76.75,76.28,76.71,793,8,0
2023-05-30 10:00:00,76.71,76.73,76.27,76.41,1578,8,0
2023-05-30 11:00:00,76.4,76.46,75.67,75.68,2064,7,0
2023-05-30 12:00:00,75.67,75.78,75.24,75.5,1564,8,0
2023-05-30 13:00:00,75.49,76.08,75.4,75.87,1316,8,0
2023-05-30 14:00:00,75.87,76.09,75.8,76.0,1095,8,0
2023-05-30 15:00:00,76.0,76.08,75.39,75.49,1427,7,0
2023-05-30 16:00:00,75.49,75.52,73.96,74.33,4341,7,0
2023-05-30 17:00:00,74.32,74.68,73.69,73.91,3482,7,0
2023-05-30 18:00:00,73.92,74.44,73.7,73.77,2780,8,0
2023-05-30 19:00:00,73.76,74.12,73.63,73.73,1685,7,0
2023-05-30 20:00:00,73.72,73.75,73.26,73.41,1654,8,0
2023-05-30 21:00:00,73.42,73.95,73.39,73.87,1423,8,0
2023-05-30 22:00:00,73.88,74.0,73.87,73.97,505,8,0
2023-05-30 23:00:00,73.96,73.99,73.66,73.71,293,9,0
2023-05-31 03:00:00,73.8,73.88,73.69,73.76,434,8,0
2023-05-31 04:00:00,73.77,73.88,73.51,73.53,1327,8,0
2023-05-31 05:00:00,73.52,73.61,73.34,73.37,623,8,0
2023-05-31 06:00:00,73.36,73.52,73.35,73.42,370,8,0
2023-05-31 07:00:00,73.4,73.5,73.4,73.47,165,8,0
2023-05-31 08:00:00,73.47,73.61,73.25,73.59,640,8,0
2023-05-31 09:00:00,73.58,73.58,73.41,73.5,822,8,0
2023-05-31 10:00:00,73.49,73.77,73.0,73.19,1778,8,0
2023-05-31 11:00:00,73.18,73.81,72.82,72.94,2157,7,0
2023-05-31 12:00:00,72.93,73.5,72.34,72.44,1971,8,0
2023-05-31 13:00:00,72.43,72.56,71.61,71.97,1659,8,0
2023-05-31 14:00:00,71.98,72.05,71.73,71.92,1182,8,0
2023-05-31 15:00:00,71.93,71.94,71.49,71.71,1573,8,0
2023-05-31 16:00:00,71.69,73.46,71.45,72.98,4299,7,0
2023-05-31 17:00:00,72.99,73.78,72.67,73.22,3773,8,0
2023-05-31 18:00:00,73.23,73.53,72.86,73.31,2735,8,0
2023-05-31 19:00:00,73.31,73.63,73.04,73.08,1776,7,0
2023-05-31 20:00:00,73.07,73.22,72.86,72.9,1585,7,0
2023-05-31 21:00:00,72.91,72.92,72.27,72.59,1852,8,0
2023-05-31 22:00:00,72.58,72.64,72.25,72.26,510,8,0
2023-05-31 23:00:00,72.27,72.55,72.02,72.02,417,9,0
2023-06-01 03:00:00,72.16,72.28,72.08,72.09,366,8,0
2023-06-01 04:00:00,72.11,72.88,72.11,72.84,1640,8,0
2023-06-01 05:00:00,72.84,73.13,72.75,73.05,982,8,0
2023-06-01 06:00:00,73.04,73.15,72.97,73.09,519,8,0
2023-06-01 07:00:00,73.08,73.18,72.9,72.93,770,8,0
2023-06-01 08:00:00,72.94,72.99,72.79,72.87,554,8,0
2023-06-01 09:00:00,72.88,73.37,72.83,73.24,1065,8,0
2023-06-01 10:00:00,73.25,73.25,72.72,72.74,1558,7,0
2023-06-01 11:00:00,72.75,73.0,72.52,72.76,1280,8,0
2023-06-01 12:00:00,72.77,72.82,72.3,72.66,1001,8,0
2023-06-01 13:00:00,72.66,72.73,71.99,72.03,1143,8,0
2023-06-01 14:00:00,72.03,72.39,72.03,72.37,708,8,0
2023-06-01 15:00:00,72.36,72.87,72.31,72.66,1874,7,0
2023-06-01 16:00:00,72.64,72.69,72.07,72.35,3302,7,0
2023-06-01 17:00:00,72.37,73.37,72.32,73.14,3210,7,0
2023-06-01 18:00:00,73.13,74.93,73.04,74.9,3586,7,0
2023-06-01 19:00:00,74.9,75.18,74.85,74.96,1714,7,0
2023-06-01 20:00:00,74.95,74.95,74.62,74.67,1154,8,0
2023-06-01 21:00:00,74.68,74.69,74.13,74.26,1217,8,0
2023-06-01 22:00:00,74.25,74.29,74.12,74.15,378,8,0
2023-06-01 23:00:00,74.16,74.34,74.13,74.23,219,9,0
2023-06-02 03:00:00,74.19,74.27,74.12,74.21,440,8,0
2023-06-02 04:00:00,74.22,74.42,74.21,74.37,829,8,0
2023-06-02 05:00:00,74.38,74.61,74.34,74.59,571,8,0
2023-06-02 06:00:00,74.58,74.77,74.54,74.7,504,8,0
2023-06-02 07:00:00,74.69,74.72,74.59,74.59,236,8,0
2023-06-02 08:00:00,74.58,74.94,74.53,74.93,589,8,0
2023-06-02 09:00:00,74.94,75.15,74.86,75.11,744,8,0
2023-06-02 10:00:00,75.1,75.2,74.85,75.04,1301,7,0
2023-06-02 11:00:00,75.05,75.55,74.48,75.49,1760,7,0
2023-06-02 12:00:00,75.5,75.73,75.06,75.18,1270,8,0
2023-06-02 13:00:00,75.19,75.39,75.15,75.32,792,8,0
2023-06-02 14:00:00,75.31,75.49,75.17,75.34,911,7,0
2023-06-02 15:00:00,75.33,76.06,75.32,75.81,1982,8,0
2023-06-02 16:00:00,75.8,76.27,75.6,76.1,3180,7,0
2023-06-02 17:00:00,76.11,76.36,75.55,75.63,2868,7,0
2023-06-02 18:00:00,75.65,75.92,75.31,75.89,2184,7,0
2023-06-02 19:00:00,75.9,76.06,75.61,75.85,1655,8,0
2023-06-02 20:00:00,75.85,76.1,75.74,76.09,1066,8,0
2023-06-02 21:00:00,76.08,76.22,75.87,76.0,1127,7,0
2023-06-02 22:00:00,75.99,76.41,75.98,76.29,764,8,0
2023-06-02 23:00:00,76.3,76.36,76.14,76.21,234,9,0
2023-06-05 01:00:00,77.68,78.58,77.4,77.92,1442,12,0
2023-06-05 02:00:00,77.93,77.96,77.63,77.72,423,11,0
2023-06-05 03:00:00,77.72,77.72,77.0,77.02,697,10,0
2023-06-05 04:00:00,77.02,77.03,76.51,76.88,1863,11,0
2023-06-05 05:00:00,76.88,76.88,76.69,76.71,421,11,0
2023-06-05 06:00:00,76.83,76.99,76.7,76.88,432,11,0
2023-06-05 07:00:00,76.89,77.04,76.74,77.04,464,11,0
2023-06-05 08:00:00,77.02,77.18,76.75,76.8,947,11,0
2023-06-05 09:00:00,76.81,77.22,76.8,77.04,834,9,0
2023-06-05 10:00:00,77.06,77.59,77.04,77.47,1791,8,0
2023-06-05 11:00:00,77.49,78.12,77.45,77.73,1817,8,0
2023-06-05 12:00:00,77.73,77.82,77.16,77.22,1195,7,0
2023-06-05 13:00:00,77.22,77.43,77.22,77.4,809,8,0
2023-06-05 14:00:00,77.39,77.76,77.31,77.63,729,8,0
2023-06-05 15:00:00,77.64,78.1,77.6,77.8,1753,8,0
2023-06-05 16:00:00,77.79,77.98,77.01,77.14,3129,8,0
2023-06-05 17:00:00,77.17,77.26,76.44,77.08,4083,8,0
2023-06-05 18:00:00,77.1,77.33,76.71,77.13,2561,7,0
2023-06-05 19:00:00,77.14,77.47,77.04,77.46,1410,8,0
2023-06-05 20:00:00,77.45,77.46,76.94,77.03,1186,8,0
2023-06-05 21:00:00,77.02,77.11,76.42,76.46,1637,8,0
2023-06-05 22:00:00,76.47,76.52,76.28,76.33,571,8,0
2023-06-05 23:00:00,76.32,76.43,76.2,76.35,214,9,0
2023-06-06 03:00:00,76.43,76.44,76.3,76.36,333,8,0
2023-06-06 04:00:00,76.36,76.5,76.01,76.06,1101,8,0
2023-06-06 05:00:00,76.07,76.47,76.06,76.42,828,8,0
2023-06-06 06:00:00,76.44,76.47,76.32,76.4,408,8,0
2023-06-06 07:00:00,76.41,76.46,76.3,76.42,350,8,0
2023-06-06 08:00:00,76.43,76.49,76.16,76.19,637,8,0
2023-06-06 09:00:00,76.19,76.24,75.72,75.76,928,8,0
2023-06-06 10:00:00,75.76,75.85,75.11,75.44,1827,7,0
2023-06-06 11:00:00,75.44,75.63,74.62,74.69,1851,8,0
2023-06-06 12:00:00,74.69,75.43,74.64,75.37,1211,8,0
2023-06-06 13:00:00,75.38,75.43,74.96,74.98,1005,7,0
2023-06-06 14:00:00,74.99,75.04,74.77,74.94,1045,8,0
2023-06-06 15:00:00,74.94,75.26,74.94,75.15,1583,8,0
2023-06-06 16:00:00,75.16,75.62,75.04,75.36,3548,7,0
2023-06-06 17:00:00,75.35,76.42,75.31,76.22,2893,7,0
2023-06-06 18:00:00,76.23,76.64,75.97,76.07,2339,8,0
2023-06-06 19:00:00,76.08,76.35,75.99,76.27,1638,8,0
2023-06-06 20:00:00,76.27,76.36,76.15,76.32,1218,8,0
2023-06-06 21:00:00,76.31,76.4,76.01,76.08,909,8,0
2023-06-06 22:00:00,76.08,76.13,75.88,75.96,379,8,0
2023-06-06 23:00:00,75.96,76.02,75.82,75.83,281,9,0
2023-06-07 03:00:00,76.12,76.28,76.07,76.24,281,8,0
2023-06-07 04:00:00,76.25,76.38,76.05,76.09,947,8,0
2023-06-07 05:00:00,76.08,76.13,75.86,75.88,490,8,0
2023-06-07 06:00:00,75.87,76.0,75.73,75.84,340,8,0
2023-06-07 07:00:00,75.83,75.88,75.76,75.77,109,8,0
2023-06-07 08:00:00,75.76,75.81,75.57,75.64,607,8,0
2023-06-07 09:00:00,75.65,75.86,75.57,75.78,749,8,0
2023-06-07 10:00:00,75.77,75.87,75.41,75.48,1281,8,0
2023-06-07 11:00:00,75.49,76.35,75.46,76.33,1910,7,0
2023-06-07 12:00:00,76.32,76.63,76.15,76.57,990,8,0
2023-06-07 13:00:00,76.57,77.04,76.57,77.03,742,7,0
2023-06-07 14:00:00,77.02,77.14,76.81,76.84,711,8,0
2023-06-07 15:00:00,76.84,77.12,76.82,77.04,1003,8,0
2023-06-07 16:00:00,77.04,77.17,76.4,76.96,2958,8,0
2023-06-07 17:00:00,76.93,77.3,76.82,76.9,3649,8,0
2023-06-07 18:00:00,76.9,77.52,76.71,77.5,2688,8,0
2023-06-07 19:00:00,77.49,77.5,76.9,76.97,1680,7,0
2023-06-07 20:00:00,76.97,77.22,76.87,77.06,1354,8,0
2023-06-07 21:00:00,77.07,77.1,76.73,76.78,1085,8,0
2023-06-07 22:00:00,76.78,76.93,76.78,76.87,409,8,0
2023-06-07 23:00:00,76.88,76.88,76.68,76.68,218,9,0
2023-06-08 03:00:00,76.65,76.81,76.56,76.81,339,8,0
2023-06-08 04:00:00,76.8,76.9,76.52,76.53,838,8,0
2023-06-08 05:00:00,76.54,76.78,76.54,76.75,641,8,0
2023-06-08 06:00:00,76.74,76.78,76.63,76.67,418,8,0
2023-06-08 07:00:00,76.66,76.74,76.62,76.66,196,8,0
2023-06-08 08:00:00,76.65,76.92,76.62,76.77,542,8,0
2023-06-08 09:00:00,76.76,76.98,76.67,76.95,642,8,0
2023-06-08 10:00:00,76.96,77.19,76.79,76.88,1345,8,0
2023-06-08 11:00:00,76.89,76.95,76.42,76.43,1546,7,0
2023-06-08 12:00:00,76.43,77.08,76.37,77.08,966,8,0
2023-06-08 13:00:00,77.08,77.58,77.04,77.37,987,8,0
2023-06-08 14:00:00,77.37,77.52,77.26,77.47,831,8,0
2023-06-08 15:00:00,77.48,77.58,77.2,77.3,1406,8,0
2023-06-08 16:00:00,77.29,77.29,76.3,76.58,3601,8,0
2023-06-08 17:00:00,76.57,76.71,76.14,76.43,3150,8,0
2023-06-08 18:00:00,76.41,76.53,73.6,73.81,5067,7,0
2023-06-08 19:00:00,73.8,75.41,73.52,75.24,5206,7,0
2023-06-08 20:00:00,75.23,76.13,75.19,75.94,2776,8,0
2023-06-08 21:00:00,75.94,76.12,75.64,75.74,1530,8,0
2023-06-08 22:00:00,75.75,75.8,75.52,75.57,366,8,0
2023-06-08 23:00:00,75.56,75.57,75.41,75.43,197,9,0
2023-06-09 03:00:00,75.39,75.52,75.27,75.52,444,8,0
2023-06-09 04:00:00,75.53,75.72,75.42,75.43,1001,8,0
2023-06-09 05:00:00,75.42,75.49,75.29,75.44,558,8,0
2023-06-09 06:00:00,75.45,75.55,75.41,75.45,287,8,0
2023-06-09 07:00:00,75.44,75.47,75.29,75.34,171,8,0
2023-06-09 08:00:00,75.35,75.47,75.25,75.34,678,8,0
2023-06-09 09:00:00,75.33,75.55,75.18,75.49,775,8,0
2023-06-09 10:00:00,75.48,75.93,75.31,75.89,1452,8,0
2023-06-09 11:00:00,75.88,76.22,75.56,76.13,1766,7,0
2023-06-09 12:00:00,76.13,76.25,76.03,76.16,944,7,0
2023-06-09 13:00:00,76.15,76.17,75.69,76.04,932,8,0
2023-06-09 14:00:00,76.03,76.24,75.99,76.16,843,8,0
2023-06-09 15:00:00,76.15,76.22,75.81,76.15,1348,7,0
2023-06-09 16:00:00,76.15,76.16,75.43,75.75,3742,7,0
2023-06-09 17:00:00,75.76,76.47,75.76,76.39,3001,8,0
2023-06-09 18:00:00,76.39,76.41,75.84,75.93,2505,8,0
2023-06-09 19:00:00,75.92,76.08,75.68,75.79,1939,8,0
2023-06-09 20:00:00,75.78,75.8,74.98,75.11,2358,8,0
2023-06-09 21:00:00,75.13,75.28,74.66,74.74,1572,8,0
2023-06-09 22:00:00,74.73,74.86,74.66,74.83,522,8,0
2023-06-09 23:00:00,74.84,74.94,74.83,74.92,177,9,0
2023-06-12 01:00:00,74.67,74.74,74.4,74.41,178,9,0
2023-06-12 02:00:00,74.4,74.48,74.33,74.46,91,8,0
2023-06-12 03:00:00,74.47,74.47,74.31,74.46,304,8,0
2023-06-12 04:00:00,74.47,74.47,73.84,73.86,1151,8,0
2023-06-12 05:00:00,73.85,74.01,73.84,73.85,427,8,0
2023-06-12 06:00:00,73.86,73.93,73.8,73.9,227,8,0
2023-06-12 07:00:00,73.89,73.94,73.67,73.71,202,8,0
2023-06-12 08:00:00,73.72,73.93,73.71,73.87,549,8,0
2023-06-12 09:00:00,73.88,74.08,73.83,73.98,655,8,0
2023-06-12 10:00:00,73.99,74.04,73.16,73.29,1990,7,0
2023-06-12 11:00:00,73.3,73.46,72.72,73.07,2429,8,0
2023-06-12 12:00:00,73.06,73.16,72.37,72.93,1926,8,0
2023-06-12 13:00:00,72.92,73.43,72.85,73.39,1207,8,0
2023-06-12 14:00:00,73.37,73.51,73.09,73.3,1031,8,0
2023-06-12 15:00:00,73.29,73.38,72.7,72.75,1686,8,0
2023-06-12 16:00:00,72.76,73.05,72.39,72.58,3647,8,0
2023-06-12 17:00:00,72.57,72.62,71.64,72.5,3448,8,0
2023-06-12 18:00:00,72.49,72.91,72.44,72.56,2922,7,0
2023-06-12 19:00:00,72.57,72.64,71.95,72.17,1904,8,0
2023-06-12 20:00:00,72.17,72.27,72.0,72.07,1520,8,0
2023-06-12 21:00:00,72.1,72.2,71.53,71.65,1733,8,0
2023-06-12 22:00:00,71.64,71.8,71.64,71.74,470,8,0
2023-06-12 23:00:00,71.74,72.04,71.74,72.02,212,9,0
2023-06-13 03:00:00,72.13,72.21,71.89,72.01,646,8,0
2023-06-13 04:00:00,72.02,72.23,71.98,72.22,926,8,0
2023-06-13 05:00:00,72.22,72.33,71.97,72.32,592,8,0
2023-06-13 06:00:00,72.31,72.33,72.11,72.31,393,8,0
2023-06-13 07:00:00,72.31,72.33,72.21,72.25,212,8,0
2023-06-13 08:00:00,72.24,72.34,72.1,72.23,652,8,0
2023-06-13 09:00:00,72.22,72.62,72.14,72.34,1002,8,0
2023-06-13 10:00:00,72.33,72.68,72.2,72.4,1611,7,0
2023-06-13 11:00:00,72.41,72.8,72.23,72.76,1645,8,0
2023-06-13 12:00:00,72.75,73.05,72.46,72.85,1360,8,0
2023-06-13 13:00:00,72.84,73.39,72.83,73.24,1064,8,0
2023-06-13 14:00:00,73.24,73.38,72.97,73.2,881,8,0
2023-06-13 15:00:00,73.2,73.85,73.14,73.73,2794,7,0
2023-06-13 16:00:00,73.75,74.46,73.6,74.46,3367,7,0
2023-06-13 17:00:00,74.47,74.53,74.06,74.26,2521,7,0
2023-06-13 18:00:00,74.27,74.49,73.86,73.96,2554,8,0
2023-06-13 19:00:00,73.98,74.37,73.9,74.27,1698,8,0
2023-06-13 20:00:00,74.26,74.45,74.18,74.44,1209,8,0
2023-06-13 21:00:00,74.45,74.57,73.85,73.92,1306,8,0
2023-06-13 22:00:00,73.93,74.09,73.9,73.93,448,8,0
2023-06-13 23:00:00,73.94,74.18,73.91,74.02,303,9,0
2023-06-14 03:00:00,74.0,74.0,73.86,73.94,376,8,0
2023-06-14 04:00:00,73.95,74.08,73.86,74.01,825,8,0
2023-06-14 05:00:00,74.01,74.27,73.97,74.26,442,8,0
2023-06-14 06:00:00,74.27,74.37,74.16,74.35,381,8,0
2023-06-14 07:00:00,74.36,74.36,74.25,74.33,149,8,0
2023-06-14 08:00:00,74.34,74.63,74.32,74.48,456,8,0
2023-06-14 09:00:00,74.49,74.61,74.47,74.55,666,8,0
2023-06-14 10:00:00,74.54,74.98,74.3,74.93,1503,8,0
2023-06-14 11:00:00,74.95,75.17,74.65,75.06,1459,8,0
2023-06-14 12:00:00,75.05,75.05,74.85,74.97,833,8,0
2023-06-14 13:00:00,74.96,75.38,74.95,75.34,717,8,0
2023-06-14 14:00:00,75.33,75.38,74.6,74.73,1322,7,0
2023-06-14 15:00:00,74.74,75.09,74.64,75.03,1574,7,0
2023-06-14 16:00:00,75.03,75.26,74.82,74.84,2866,8,0
2023-06-14 17:00:00,74.83,74.94,74.01,74.19,3914,8,0
2023-06-14 18:00:00,74.18,74.49,73.47,73.55,3412,8,0
2023-06-14 19:00:00,73.55,74.26,73.49,74.11,2030,8,0
2023-06-14 20:00:00,74.09,74.27,73.65,73.68,1484,8,0
2023-06-14 21:00:00,73.69,73.81,72.98,73.21,3664,7,0
2023-06-14 22:00:00,73.2,73.59,73.19,73.59,946,8,0
2023-06-14 23:00:00,73.6,73.63,73.43,73.49,308,9,0
2023-06-15 03:00:00,73.33,73.41,73.3,73.35,296,8,0
2023-06-15 04:00:00,73.34,73.34,72.99,73.03,902,8,0
2023-06-15 05:00:00,73.02,73.15,72.98,72.99,503,8,0
2023-06-15 06:00:00,72.98,73.03,72.9,72.94,306,8,0
2023-06-15 07:00:00,72.93,73.0,72.85,72.94,156,8,0
2023-06-15 08:00:00,72.95,73.56,72.89,73.48,833,8,0
2023-06-15 09:00:00,73.49,73.65,73.38,73.55,927,8,0
2023-06-15 10:00:00,73.56,73.56,73.11,73.48,1615,6,0
2023-06-15 11:00:00,73.48,73.78,73.19,73.2,1650,8,0
2023-06-15 12:00:00,73.2,74.01,73.12,73.97,1250,7,0
2023-06-15 13:00:00,73.96,74.19,73.73,74.13,958,8,0
2023-06-15 14:00:00,74.12,74.17,73.83,73.91,833,8,0
2023-06-15 15:00:00,73.91,73.94,73.65,73.88,1385,8,0
2023-06-15 16:00:00,73.89,74.44,73.79,74.27,3024,7,0
2023-06-15 17:00:00,74.28,74.76,74.01,74.74,2931,7,0
2023-06-15 18:00:00,74.75,75.34,74.67,75.19,2739,7,0
2023-06-15 19:00:00,75.18,75.38,75.04,75.24,1608,8,0
2023-06-15 20:00:00,75.23,75.91,75.17,75.71,1316,8,0
2023-06-15 21:00:00,75.7,75.75,75.49,75.66,1327,8,0
2023-06-15 22:00:00,75.67,75.67,75.53,75.55,449,8,0
2023-06-15 23:00:00,75.54,75.62,75.51,75.52,193,9,0
2023-06-16 03:00:00,75.61,75.62,75.38,75.44,332,8,0
2023-06-16 04:00:00,75.45,75.57,75.37,75.53,765,8,0
2023-06-16 05:00:00,75.54,75.54,75.36,75.4,483,8,0
2023-06-16 06:00:00,75.39,75.52,75.37,75.43,300,8,0
2023-06-16 07:00:00,75.42,75.52,75.39,75.44,135,8,0
2023-06-16 08:00:00,75.43,75.75,75.35,75.7,627,8,0
2023-06-16 09:00:00,75.71,75.89,75.67,75.78,843,8,0
2023-06-16 10:00:00,75.78,75.86,75.4,75.44,1254,8,0
2023-06-16 11:00:00,75.44,75.79,75.33,75.61,1690,7,0
2023-06-16 12:00:00,75.62,75.68,75.09,75.22,1288,8,0
2023-06-16 13:00:00,75.23,75.44,75.09,75.44,725,8,0
2023-06-16 14:00:00,75.43,75.75,75.4,75.75,953,8,0
2023-06-16 15:00:00,75.74,76.29,75.64,76.19,1547,8,0
2023-06-16 16:00:00,76.2,76.23,75.37,75.52,3712,8,0
2023-06-16 17:00:00,75.55,76.19,75.55,76.12,3112,8,0
2023-06-16 18:00:00,76.11,76.14,75.56,75.95,2832,7,0
2023-06-16 19:00:00,75.95,76.03,75.7,75.96,1468,8,0
2023-06-16 20:00:00,75.97,76.29,75.94,76.28,1318,8,0
2023-06-16 21:00:00,76.27,76.65,76.1,76.64,1319,8,0
2023-06-16 22:00:00,76.64,76.67,76.44,76.47,498,8,0
2023-06-16 23:00:00,76.48,76.53,76.2,76.27,250,9,0
2023-06-19 01:00:00,76.28,76.29,76.15,76.24,159,9,0
2023-06-19 02:00:00,76.23,76.24,75.99,76.06,154,9,0
2023-06-19 03:00:00,76.04,76.04,75.83,75.87,280,8,0
2023-06-19 04:00:00,75.86,75.88,75.49,75.58,945,8,0
2023-06-19 05:00:00,75.58,75.61,75.3,75.32,460,8,0
2023-06-19 06:00:00,75.33,75.45,75.32,75.43,376,8,0
2023-06-19 07:00:00,75.42,75.47,75.39,75.44,132,8,0
2023-06-19 08:00:00,75.45,75.79,75.44,75.68,516,8,0
2023-06-19 09:00:00,75.69,75.84,75.67,75.79,515,8,0
2023-06-19 10:00:00,75.79,76.25,75.62,76.1,941,8,0
2023-06-19 11:00:00,76.11,76.23,76.01,76.16,1060,8,0
2023-06-19 12:00:00,76.16,76.48,76.08,76.42,820,8,0
2023-06-19 13:00:00,76.41,76.5,76.2,76.37,678,8,0
2023-06-19 14:00:00,76.36,76.56,76.34,76.54,584,8,0
2023-06-19 15:00:00,76.55,76.86,76.54,76.73,911,8,0
2023-06-19 16:00:00,76.74,76.8,76.31,76.64,2013,8,0
2023-06-19 17:00:00,76.65,76.66,76.32,76.33,1120,8,0
2023-06-19 18:00:00,76.32,76.37,75.84,75.97,1680,7,0
2023-06-19 19:00:00,75.97,76.05,75.67,76.04,690,8,0
2023-06-19 20:00:00,76.03,76.09,76.01,76.03,86,8,0
2023-06-20 03:00:00,76.03,76.16,76.01,76.01,236,8,0
2023-06-20 04:00:00,76.01,76.12,75.66,75.7,693,8,0
2023-06-20 05:00:00,75.71,75.99,75.7,75.96,495,8,0
2023-06-20 06:00:00,75.97,75.98,75.85,75.87,235,8,0
2023-06-20 07:00:00,75.88,75.9,75.83,75.87,130,8,0
2023-06-20 08:00:00,75.86,75.9,75.74,75.88,462,8,0
2023-06-20 09:00:00,75.89,76.12,75.57,76.07,919,8,0
2023-06-20 10:00:00,76.08,76.54,75.99,76.28,1546,8,0
2023-06-20 11:00:00,76.27,76.64,76.27,76.58,1548,7,0
2023-06-20 12:00:00,76.58,77.04,76.44,76.5,1194,8,0
2023-06-20 13:00:00,76.52,76.86,76.5,76.7,959,8,0
2023-06-20 14:00:00,76.69,76.8,76.44,76.45,932,8,0
2023-06-20 15:00:00,76.46,76.53,75.71,75.8,1750,7,0
2023-06-20 16:00:00,75.81,76.07,74.67,75.13,4011,7,0
2023-06-20 17:00:00,75.14,75.29,74.48,75.06,3863,7,0
2023-06-20 18:00:00,75.07,75.4,74.85,75.01,3064,7,0
2023-06-20 19:00:00,75.02,75.4,74.94,75.2,2553,8,0
2023-06-20 20:00:00,75.21,75.52,75.1,75.45,1902,8,0
2023-06-20 21:00:00,75.46,75.91,75.27,75.85,1542,7,0
2023-06-20 22:00:00,75.85,76.0,75.82,75.93,611,8,0
2023-06-20 23:00:00,75.92,75.95,75.42,75.43,419,9,0
2023-06-21 03:00:00,75.54,75.7,75.48,75.66,291,8,0
2023-06-21 04:00:00,75.64,76.08,75.59,76.05,1186,8,0
2023-06-21 05:00:00,76.04,76.15,76.0,76.07,569,8,0
2023-06-21 06:00:00,76.08,76.23,76.01,76.09,337,8,0
2023-06-21 07:00:00,76.1,76.3,76.1,76.26,232,8,0
2023-06-21 08:00:00,76.27,76.28,76.07,76.07,575,8,0
2023-06-21 09:00:00,76.06,76.14,75.84,75.93,1001,8,0
2023-06-21 10:00:00,75.93,76.3,75.85,75.99,1193,8,0
2023-06-21 11:00:00,76.01,76.33,75.66,75.93,1843,7,0
2023-06-21 12:00:00,75.92,76.04,75.61,75.83,1304,7,0
2023-06-21 13:00:00,75.82,76.12,75.73,75.83,977,8,0
2023-06-21 14:00:00,75.83,75.94,75.67,75.76,1018,8,0
2023-06-21 15:00:00,75.75,76.06,75.47,75.88,1984,8,0
2023-06-21 16:00:00,75.88,76.57,75.65,76.43,3078,8,0
2023-06-21 17:00:00,76.44,76.82,76.08,76.73,2675,7,0
2023-06-21 18:00:00,76.72,77.18,76.57,77.13,2340,7,0
2023-06-21 19:00:00,77.12,77.2,76.92,77.12,1452,7,0
2023-06-21 20:00:00,77.11,77.17,76.91,77.06,1036,8,0
2023-06-21 21:00:00,77.05,77.16,76.95,77.13,1003,8,0
2023-06-21 22:00:00,77.12,77.17,77.07,77.15,294,8,0
2023-06-21 23:00:00,77.14,77.16,76.83,76.85,312,9,0
2023-06-22 03:00:00,76.97,77.04,76.95,77.04,236,8,0
2023-06-22 04:00:00,77.03,77.08,76.96,76.99,180,8,0
2023-06-22 05:00:00,77.0,77.0,76.83,76.92,249,8,0
2023-06-22 06:00:00,76.93,76.94,76.8,76.89,92,8,0
2023-06-22 07:00:00,76.88,76.89,76.62,76.65,136,8,0
2023-06-22 08:00:00,76.67,76.72,76.64,76.67,234,8,0
2023-06-22 09:00:00,76.66,76.94,76.64,76.9,532,8,0
2023-06-22 10:00:00,76.91,76.97,76.75,76.84,1377,7,0
2023-06-22 11:00:00,76.85,77.16,76.48,76.62,1637,7,0
2023-06-22 12:00:00,76.61,76.7,76.04,76.16,1197,8,0
2023-06-22 13:00:00,76.15,76.22,75.69,75.74,970,8,0
2023-06-22 14:00:00,75.73,75.75,75.43,75.73,1075,7,0
2023-06-22 15:00:00,75.72,75.83,75.55,75.6,1507,8,0
2023-06-22 16:00:00,75.61,75.62,74.7,74.96,3564,7,0
2023-06-22 17:00:00,74.97,75.34,74.6,75.19,2664,8,0
2023-06-22 18:00:00,75.18,75.42,74.01,74.27,3737,7,0
2023-06-22 19:00:00,74.27,74.47,73.74,73.95,1922,7,0
2023-06-22 20:00:00,73.94,74.41,73.91,73.92,1427,7,0
2023-06-22 21:00:00,73.91,74.34,73.91,74.26,1348,8,0
2023-06-22 22:00:00,74.27,74.3,74.04,74.2,524,8,0
2023-06-22 23:00:00,74.19,74.34,74.14,74.28,227,9,0
2023-06-23 03:00:00,74.19,74.34,74.17,74.32,355,8,0
2023-06-23 04:00:00,74.31,74.32,73.94,73.97,333,8,0
2023-06-23 05:00:00,73.96,73.98,73.83,73.86,234,8,0
2023-06-23 06:00:00,73.87,73.88,73.51,73.54,259,8,0
2023-06-23 07:00:00,73.53,73.6,73.3,73.52,371,8,0
2023-06-23 08:00:00,73.53,73.61,73.44,73.55,399,8,0
2023-06-23 09:00:00,73.56,73.78,73.34,73.76,917,8,0
2023-06-23 10:00:00,73.75,73.78,72.86,72.98,1814,8,0
2023-06-23 11:00:00,72.98,73.37,72.93,73.12,2070,8,0
2023-06-23 12:00:00,73.11,73.6,72.93,73.56,1445,8,0
2023-06-23 13:00:00,73.55,73.68,73.08,73.17,1317,7,0
2023-06-23 14:00:00,73.16,73.6,73.08,73.49,1223,8,0
2023-06-23 15:00:00,73.5,73.53,73.0,73.03,1795,8,0
2023-06-23 16:00:00,73.02,73.38,72.25,73.13,3789,8,0
2023-06-23 17:00:00,73.12,73.43,72.9,73.3,3212,8,0
2023-06-23 18:00:00,73.3,73.94,73.13,73.73,2920,7,0
2023-06-23 19:00:00,73.74,73.81,73.48,73.62,2303,7,0
2023-06-23 20:00:00,73.61,73.88,73.46,73.8,1509,7,0
2023-06-23 21:00:00,73.79,74.13,73.76,73.99,1373,8,0
2023-06-23 22:00:00,73.99,74.13,73.94,74.08,435,8,0
2023-06-23 23:00:00,74.07,74.45,74.07,74.34,227,9,0
2023-06-26 01:00:00,74.51,74.86,74.31,74.86,429,9,0
2023-06-26 02:00:00,74.85,74.86,74.74,74.75,118,9,0
2023-06-26 03:00:00,74.76,74.78,74.5,74.68,377,8,0
2023-06-26 04:00:00,74.69,74.69,74.1,74.11,1859,8,0
2023-06-26 05:00:00,74.1,74.32,74.07,74.09,817,8,0
2023-06-26 06:00:00,74.08,74.12,73.82,73.95,555,8,0
2023-06-26 07:00:00,73.94,74.18,73.94,74.18,136,8,0
2023-06-26 08:00:00,74.17,74.25,74.01,74.21,606,8,0
2023-06-26 09:00:00,74.2,74.69,74.17,74.63,1058,8,0
2023-06-26 10:00:00,74.64,74.77,73.87,74.24,1834,7,0
2023-06-26 11:00:00,74.25,74.25,73.56,73.89,2517,8,0
2023-06-26 12:00:00,73.87,74.45,73.85,74.35,1353,7,0
2023-06-26 13:00:00,74.34,74.52,74.11,74.16,1207,8,0
2023-06-26 14:00:00,74.17,74.59,74.09,74.56,1044,8,0
2023-06-26 15:00:00,74.57,74.67,73.88,74.09,1636,8,0
2023-06-26 16:00:00,74.08,74.94,73.73,74.6,3747,7,0
2023-06-26 17:00:00,74.58,74.64,73.95,74.01,3619,7,0
2023-06-26 18:00:00,74.0,74.54,73.89,74.53,2961,7,0
2023-06-26 19:00:00,74.52,74.77,74.36,74.7,1921,8,0
2023-06-26 20:00:00,74.69,74.86,74.5,74.59,1489,8,0
2023-06-26 21:00:00,74.6,74.71,74.16,74.42,1451,8,0
2023-06-26 22:00:00,74.42,74.57,74.3,74.46,623,8,0
2023-06-26 23:00:00,74.45,74.53,74.38,74.39,224,9,0
2023-06-27 03:00:00,74.43,74.43,74.22,74.27,200,8,0
2023-06-27 04:00:00,74.26,74.73,74.21,74.68,1082,8,0
2023-06-27 05:00:00,74.67,74.69,74.54,74.6,477,8,0
2023-06-27 06:00:00,74.59,74.72,74.59,74.67,386,8,0
2023-06-27 07:00:00,74.66,74.77,74.63,74.68,117,9,0
2023-06-27 08:00:00,74.69,74.89,74.69,74.85,394,8,0
2023-06-27 09:00:00,74.84,75.04,74.64,74.66,886,8,0
2023-06-27 10:00:00,74.67,74.82,74.26,74.39,1475,8,0
2023-06-27 11:00:00,74.38,74.88,74.29,74.64,2060,7,0
2023-06-27 12:00:00,74.65,74.67,73.14,73.4,2349,7,0
2023-06-27 13:00:00,73.41,73.67,73.33,73.56,1573,7,0
2023-06-27 14:00:00,73.55,73.58,72.74,73.03,1622,8,0
2023-06-27 15:00:00,73.02,73.68,73.01,73.54,2248,7,0
2023-06-27 16:00:00,73.54,74.21,73.38,73.47,4204,7,0
2023-06-27 17:00:00,73.46,74.31,73.38,73.94,3511,7,0
2023-06-27 18:00:00,73.93,74.1,72.87,72.91,3008,7,0
2023-06-27 19:00:00,72.93,73.31,72.73,72.79,2413,7,0
2023-06-27 20:00:00,72.78,73.14,72.62,73.02,1946,8,0
2023-06-27 21:00:00,73.01,73.02,72.34,72.47,1897,8,0
2023-06-27 22:00:00,72.48,72.53,72.3,72.51,662,8,0
2023-06-27 23:00:00,72.52,72.82,72.46,72.81,554,9,0
2023-06-28 03:00:00,72.74,72.84,72.61,72.7,378,8,0
2023-06-28 04:00:00,72.69,72.79,72.54,72.6,901,8,0
2023-06-28 05:00:00,72.61,72.94,72.56,72.88,488,8,0
2023-06-28 06:00:00,72.87,73.03,72.83,72.99,401,8,0
2023-06-28 07:00:00,72.98,73.09,72.65,72.66,702,8,0
2023-06-28 08:00:00,72.67,73.01,72.67,72.93,602,8,0
2023-06-28 09:00:00,72.94,73.01,72.63,72.74,1085,8,0
2023-06-28 10:00:00,72.73,72.85,72.46,72.77,1407,7,0
2023-06-28 11:00:00,72.76,72.84,71.82,72.08,1691,7,0
2023-06-28 12:00:00,72.07,73.18,71.96,72.94,1790,8,0
2023-06-28 13:00:00,72.93,73.06,72.43,72.46,1045,7,0
2023-06-28 14:00:00,72.47,72.62,72.3,72.41,1175,7,0
2023-06-28 15:00:00,72.4,72.4,71.96,72.25,2189,8,0
2023-06-28 16:00:00,72.24,72.85,71.97,72.32,3855,7,0
2023-06-28 17:00:00,72.31,73.34,72.17,73.07,4151,7,0
2023-06-28 18:00:00,73.08,74.2,73.02,73.98,3189,8,0
2023-06-28 19:00:00,73.99,74.21,73.68,74.14,1814,7,0
2023-06-28 20:00:00,74.15,74.36,74.0,74.33,1658,8,0
2023-06-28 21:00:00,74.33,74.38,73.95,74.01,1267,8,0
2023-06-28 22:00:00,74.01,74.03,73.81,73.82,576,8,0
2023-06-28 23:00:00,73.83,73.83,73.7,73.72,313,9,0
2023-06-29 03:00:00,73.89,73.98,73.84,73.94,315,8,0
2023-06-29 04:00:00,73.95,74.18,73.86,74.01,930,8,0
2023-06-29 05:00:00,74.02,74.04,73.84,73.86,434,8,0
2023-06-29 06:00:00,73.87,73.88,73.71,73.77,382,8,0
2023-06-29 07:00:00,73.77,73.87,73.73,73.76,230,8,0
2023-06-29 08:00:00,73.77,73.82,73.66,73.78,452,8,0
2023-06-29 09:00:00,73.77,74.0,73.72,73.9,897,8,0
2023-06-29 10:00:00,73.9,73.97,73.6,73.65,1168,8,0
2023-06-29 11:00:00,73.67,74.56,73.57,74.4,1938,7,0
2023-06-29 12:00:00,74.41,74.48,74.01,74.1,1204,8,0
2023-06-29 13:00:00,74.09,74.41,74.06,74.35,1018,8,0
2023-06-29 14:00:00,74.35,74.63,74.35,74.4,722,8,0
2023-06-29 15:00:00,74.39,74.43,73.83,74.08,2054,8,0
2023-06-29 16:00:00,74.08,74.65,73.87,74.61,3719,7,0
2023-06-29 17:00:00,74.6,75.1,74.56,74.6,2939,8,0
2023-06-29 18:00:00,74.59,74.69,73.54,74.18,4073,7,0
2023-06-29 19:00:00,74.17,74.54,74.13,74.47,2300,8,0
2023-06-29 20:00:00,74.46,74.52,74.06,74.31,1852,8,0
2023-06-29 21:00:00,74.32,74.53,74.26,74.4,1361,8,0
2023-06-29 22:00:00,74.41,74.44,74.33,74.43,249,8,0
2023-06-29 23:00:00,74.44,74.45,74.34,74.34,191,8,0
2023-06-30 03:00:00,74.32,74.37,74.23,74.26,331,8,0
2023-06-30 04:00:00,74.26,74.5,74.25,74.5,649,8,0
2023-06-30 05:00:00,74.51,74.68,74.46,74.67,490,8,0
2023-06-30 06:00:00,74.68,74.74,74.61,74.63,330,8,0
2023-06-30 07:00:00,74.64,74.64,74.56,74.59,161,8,0
2023-06-30 08:00:00,74.58,74.68,74.53,74.65,376,8,0
2023-06-30 09:00:00,74.64,74.66,74.41,74.47,656,8,0
2023-06-30 10:00:00,74.48,74.96,74.44,74.88,1211,8,0
2023-06-30 11:00:00,74.88,75.21,74.68,75.12,1507,7,0
2023-06-30 12:00:00,75.1,75.42,74.75,74.89,1331,7,0
2023-06-30 13:00:00,74.87,74.94,74.37,74.48,1080,8,0
2023-06-30 14:00:00,74.47,74.65,74.36,74.55,1067,8,0
2023-06-30 15:00:00,74.56,75.13,74.26,75.11,2075,7,0
2023-06-30 16:00:00,75.11,75.36,74.69,74.9,3009,7,0
2023-06-30 17:00:00,74.9,75.52,74.9,75.25,2753,8,0
2023-06-30 18:00:00,75.24,75.67,75.24,75.66,2183,7,0
2023-06-30 19:00:00,75.67,75.77,75.12,75.14,1546,8,0
2023-06-30 20:00:00,75.13,75.45,74.98,75.44,1675,8,0
2023-06-30 21:00:00,75.46,75.47,75.22,75.39,1441,7,0
2023-06-30 22:00:00,75.38,75.4,75.2,75.25,412,8,0
2023-06-30 23:00:00,75.25,75.28,75.01,75.14,246,9,0
2023-07-03 01:00:00,75.12,75.33,75.04,75.05,177,9,0
2023-07-03 02:00:00,75.04,75.11,74.95,75.11,110,8,0
2023-07-03 03:00:00,75.12,75.17,75.06,75.12,249,8,0
2023-07-03 04:00:00,75.11,75.43,75.08,75.33,1055,8,0
2023-07-03 05:00:00,75.34,75.45,75.25,75.38,462,8,0
2023-07-03 06:00:00,75.39,75.4,75.28,75.4,385,8,0
2023-07-03 07:00:00,75.42,75.43,75.32,75.41,171,8,0
2023-07-03 08:00:00,75.41,75.41,75.18,75.22,586,8,0
2023-07-03 09:00:00,75.23,75.27,75.03,75.06,1010,8,0
2023-07-03 10:00:00,75.07,75.39,74.95,75.29,1294,8,0
2023-07-03 11:00:00,75.28,76.01,74.69,75.89,1909,8,0
2023-07-03 12:00:00,75.9,76.52,75.87,76.17,2236,8,0
2023-07-03 13:00:00,76.17,76.18,75.89,75.95,872,8,0
2023-07-03 14:00:00,75.94,76.08,75.7,76.07,961,7,0
2023-07-03 15:00:00,76.07,76.31,75.88,75.94,1640,7,0
2023-07-03 16:00:00,75.93,76.07,74.94,75.09,3338,7,0
2023-07-03 17:00:00,75.13,75.67,74.75,75.67,3159,8,0
2023-07-03 18:00:00,75.66,75.95,75.38,75.78,2183,8,0
2023-07-03 19:00:00,75.79,75.87,74.97,75.1,1845,8,0
2023-07-03 20:00:00,75.1,75.1,74.52,74.75,1038,8,0
2023-07-03 21:00:00,74.74,74.89,74.5,74.8,1325,8,0
2023-07-03 22:00:00,74.8,74.88,74.75,74.86,205,8,0
2023-07-03 23:00:00,74.85,74.91,74.8,74.81,148,9,0
2023-07-04 03:00:00,74.82,74.82,74.72,74.8,201,8,0
2023-07-04 04:00:00,74.81,74.91,74.66,74.91,887,8,0
2023-07-04 05:00:00,74.9,75.02,74.87,74.99,455,8,0
2023-07-04 06:00:00,75.0,75.09,74.94,75.03,318,8,0
2023-07-04 07:00:00,75.04,75.05,74.93,74.96,164,8,0
2023-07-04 08:00:00,74.95,74.97,74.79,74.8,335,8,0
2023-07-04 09:00:00,74.79,75.08,74.7,75.02,704,8,0
2023-07-04 10:00:00,75.04,75.28,74.97,75.12,818,7,0
2023-07-04 11:00:00,75.13,75.3,74.98,75.26,1037,8,0
2023-07-04 12:00:00,75.27,75.54,75.24,75.51,671,8,0
2023-07-04 13:00:00,75.51,75.59,75.32,75.54,596,8,0
2023-07-04 14:00:00,75.55,75.82,75.48,75.82,558,8,0
2023-07-04 15:00:00,75.81,75.91,75.71,75.84,779,8,0
2023-07-04 16:00:00,75.82,75.87,75.52,75.6,1387,8,0
2023-07-04 17:00:00,75.61,76.12,75.57,76.08,1374,8,0
2023-07-04 18:00:00,76.07,76.19,75.85,76.04,1159,8,0
2023-07-04 19:00:00,76.03,76.18,75.88,76.15,577,7,0
2023-07-04 20:00:00,76.15,76.15,76.03,76.11,71,8,0
2023-07-05 03:00:00,75.88,76.05,75.83,75.99,290,8,0
2023-07-05 04:00:00,75.98,76.01,75.67,75.71,820,8,0
2023-07-05 05:00:00,75.7,75.78,75.63,75.71,293,8,0
2023-07-05 06:00:00,75.72,75.74,75.61,75.68,209,8,0
2023-07-05 07:00:00,75.67,75.76,75.66,75.75,129,8,0
2023-07-05 08:00:00,75.73,75.87,75.7,75.83,330,8,0
2023-07-05 09:00:00,75.81,75.84,75.55,75.63,679,8,0
2023-07-05 10:00:00,75.65,75.99,75.64,75.72,1289,8,0
2023-07-05 11:00:00,75.7,75.7,75.22,75.62,1789,8,0
2023-07-05 12:00:00,75.61,76.01,75.46,76.01,1222,7,0
2023-07-05 13:00:00,75.99,76.01,75.74,75.96,732,8,0
2023-07-05 14:00:00,75.95,76.1,75.87,76.03,864,8,0
2023-07-05 15:00:00,76.03,76.37,75.83,76.11,1882,8,0
2023-07-05 16:00:00,76.12,76.73,75.93,76.34,3306,7,0
2023-07-05 17:00:00,76.34,76.61,75.86,76.07,2315,8,0
2023-07-05 18:00:00,76.07,76.68,75.8,76.6,2286,7,0
2023-07-05 19:00:00,76.6,76.76,76.42,76.46,1390,8,0
2023-07-05 20:00:00,76.46,76.79,76.29,76.77,1347,6,0
2023-07-05 21:00:00,76.76,76.83,76.5,76.61,1085,8,0
2023-07-05 22:00:00,76.62,76.67,76.57,76.57,284,8,0
2023-07-05 23:00:00,76.58,76.59,76.42,76.42,175,9,0
2023-07-06 03:00:00,76.52,76.61,76.47,76.51,263,8,0
2023-07-06 04:00:00,76.53,76.63,76.39,76.6,472,8,0
2023-07-06 05:00:00,76.61,76.68,76.52,76.6,416,8,0
2023-07-06 06:00:00,76.59,76.59,76.27,76.3,360,8,0
2023-07-06 07:00:00,76.29,76.3,76.19,76.26,279,8,0
2023-07-06 08:00:00,76.27,76.33,76.1,76.2,553,8,0
2023-07-06 09:00:00,76.21,76.37,76.16,76.31,587,8,0
2023-07-06 10:00:00,76.32,76.5,76.17,76.23,1362,8,0
2023-07-06 11:00:00,76.24,76.89,76.14,76.86,1533,7,0
2023-07-06 12:00:00,76.87,76.94,76.67,76.74,721,8,0
2023-07-06 13:00:00,76.75,76.76,76.31,76.55,928,8,0
2023-07-06 14:00:00,76.54,76.82,76.53,76.63,772,8,0
2023-07-06 15:00:00,76.62,76.66,75.79,76.05,2283,7,0
2023-07-06 16:00:00,76.07,76.39,75.23,75.26,3568,7,0
2023-07-06 17:00:00,75.26,75.55,74.91,75.46,3857,7,0
2023-07-06 18:00:00,75.44,75.97,75.04,75.73,4093,7,0
2023-07-06 19:00:00,75.72,76.05,75.33,76.04,1914,8,0
2023-07-06 20:00:00,76.05,76.44,75.95,76.32,2120,8,0
2023-07-06 21:00:00,76.3,76.57,76.28,76.56,1147,8,0
2023-07-06 22:00:00,76.56,76.57,76.4,76.43,436,8,0
2023-07-06 23:00:00,76.44,76.45,76.35,76.36,214,9,0
2023-07-07 03:00:00,76.35,76.42,76.29,76.4,223,8,0
2023-07-07 04:00:00,76.41,76.44,76.23,76.32,590,8,0
2023-07-07 05:00:00,76.32,76.53,76.3,76.53,417,8,0
2023-07-07 06:00:00,76.54,76.65,76.51,76.63,232,8,0
2023-07-07 07:00:00,76.64,76.66,76.61,76.63,112,8,0
2023-07-07 08:00:00,76.64,76.81,76.61,76.79,461,8,0
2023-07-07 09:00:00,76.78,76.85,76.61,76.65,541,8,0
2023-07-07 10:00:00,76.65,76.93,76.62,76.76,1356,7,0
2023-07-07 11:00:00,76.75,76.77,76.22,76.28,1249,8,0
2023-07-07 12:00:00,76.28,76.78,76.25,76.76,993,8,0
2023-07-07 13:00:00,76.75,76.83,76.56,76.71,579,8,0
2023-07-07 14:00:00,76.7,76.77,76.49,76.49,603,8,0
2023-07-07 15:00:00,76.48,76.78,76.29,76.54,1791,8,0
2023-07-07 16:00:00,76.54,77.21,75.88,77.18,4000,7,0
2023-07-07 17:00:00,77.19,77.53,77.08,77.5,1903,7,0
2023-07-07 18:00:00,77.49,77.62,77.12,77.57,1764,8,0
2023-07-07 19:00:00,77.56,77.8,77.43,77.77,1066,8,0
2023-07-07 20:00:00,77.77,77.85,77.64,77.84,793,8,0
2023-07-07 21:00:00,77.85,78.35,77.78,78.26,1120,8,0
2023-07-07 22:00:00,78.25,78.3,78.03,78.09,459,8,0
2023-07-07 23:00:00,78.08,78.15,78.06,78.11,207,9,0
2023-07-10 01:00:00,78.24,78.25,77.96,78.05,269,9,0
2023-07-10 02:00:00,78.05,78.05,77.92,78.02,150,9,0
2023-07-10 03:00:00,78.02,78.05,77.87,77.89,293,8,0
2023-07-10 04:00:00,77.9,78.22,77.9,78.08,874,8,0
2023-07-10 05:00:00,78.09,78.13,77.86,77.88,422,8,0
2023-07-10 06:00:00,77.88,77.96,77.72,77.73,316,8,0
2023-07-10 07:00:00,77.72,77.88,77.72,77.82,195,8,0
2023-07-10 08:00:00,77.82,77.89,77.74,77.77,399,8,0
2023-07-10 09:00:00,77.76,77.78,77.64,77.73,557,8,0
2023-07-10 10:00:00,77.74,77.92,77.46,77.52,1156,8,0
2023-07-10 11:00:00,77.53,77.77,77.38,77.53,1195,8,0
2023-07-10 12:00:00,77.52,77.92,77.52,77.91,807,8,0
2023-07-10 13:00:00,77.9,78.03,77.71,77.79,707,8,0
2023-07-10 14:00:00,77.8,78.23,77.62,77.83,1224,7,0
2023-07-10 15:00:00,77.85,78.03,77.46,77.47,1482,8,0
2023-07-10 16:00:00,77.48,78.25,77.44,78.22,2712,7,0
2023-07-10 17:00:00,78.23,78.57,78.01,78.34,2246,7,0
2023-07-10 18:00:00,78.33,78.52,78.01,78.36,2202,7,0
2023-07-10 19:00:00,78.35,78.4,77.54,77.63,1657,7,0
2023-07-10 20:00:00,77.62,77.72,77.24,77.53,1715,8,0
2023-07-10 21:00:00,77.54,77.7,77.33,77.59,1195,8,0
2023-07-10 22:00:00,77.58,77.72,77.57,77.68,270,8,0
2023-07-10 23:00:00,77.69,77.72,77.64,77.64,165,9,0
2023-07-11 03:00:00,77.61,77.89,77.56,77.81,424,8,0
2023-07-11 04:00:00,77.8,77.91,77.72,77.75,611,8,0
2023-07-11 05:00:00,77.74,77.93,77.7,77.93,405,8,0
2023-07-11 06:00:00,77.92,77.95,77.79,77.93,352,8,0
2023-07-11 07:00:00,77.94,77.97,77.91,77.93,179,8,0
2023-07-11 08:00:00,77.95,78.0,77.78,77.84,479,8,0
2023-07-11 09:00:00,77.83,77.91,77.74,77.84,612,8,0
2023-07-11 10:00:00,77.83,78.08,77.82,77.94,1121,8,0
2023-07-11 11:00:00,77.93,78.21,77.67,77.76,1469,7,0
2023-07-11 12:00:00,77.75,77.77,77.47,77.76,1135,8,0
2023-07-11 13:00:00,77.77,77.88,77.57,77.84,818,8,0
2023-07-11 14:00:00,77.85,78.05,77.8,77.99,733,8,0
2023-07-11 15:00:00,77.99,78.03,77.75,77.91,939,7,0
2023-07-11 16:00:00,77.92,78.32,77.92,78.24,2318,8,0
2023-07-11 17:00:00,78.25,78.98,78.18,78.92,2173,7,0
2023-07-11 18:00:00,78.91,79.26,78.81,79.0,1843,7,0
2023-07-11 19:00:00,79.0,79.19,78.94,79.04,984,8,0
2023-07-11 20:00:00,79.03,79.24,79.03,79.1,766,8,0
2023-07-11 21:00:00,79.1,79.29,79.0,79.21,893,8,0
2023-07-11 22:00:00,79.22,79.28,79.21,79.26,277,8,0
2023-07-11 23:00:00,79.25,79.26,79.06,79.12,313,9,0
2023-07-12 03:00:00,79.1,79.22,79.09,79.15,382,8,0
2023-07-12 04:00:00,79.14,79.48,79.14,79.42,804,8,0
2023-07-12 05:00:00,79.41,79.48,79.3,79.36,482,8,0
2023-07-12 06:00:00,79.35,79.37,79.2,79.2,184,8,0
2023-07-12 07:00:00,79.19,79.3,79.18,79.23,160,8,0
2023-07-12 08:00:00,79.24,79.28,79.07,79.09,465,8,0
2023-07-12 09:00:00,79.1,79.14,78.98,79.05,633,8,0
2023-07-12 10:00:00,79.06,79.38,79.06,79.35,933,8,0
2023-07-12 11:00:00,79.34,79.46,79.1,79.45,1171,8,0
2023-07-12 12:00:00,79.44,79.54,79.18,79.4,875,7,0
2023-07-12 13:00:00,79.39,79.42,79.08,79.17,795,8,0
2023-07-12 14:00:00,79.17,79.43,79.06,79.39,766,8,0
2023-07-12 15:00:00,79.39,79.79,79.36,79.67,1714,7,0
2023-07-12 16:00:00,79.66,80.24,79.48,80.04,2648,7,0
2023-07-12 17:00:00,80.03,80.19,79.68,80.05,3198,7,0
2023-07-12 18:00:00,80.05,80.31,79.47,79.94,2690,7,0
2023-07-12 19:00:00,79.93,79.94,79.44,79.63,1530,8,0
2023-07-12 20:00:00,79.63,79.95,79.49,79.9,1028,8,0
2023-07-12 21:00:00,79.89,80.14,79.69,80.14,1119,8,0
2023-07-12 22:00:00,80.13,80.14,80.06,80.12,309,8,0
2023-07-12 23:00:00,80.11,80.16,79.96,79.97,219,9,0
2023-07-13 03:00:00,79.95,80.01,79.87,79.95,293,8,0
2023-07-13 04:00:00,79.95,80.1,79.85,80.09,611,8,0
2023-07-13 05:00:00,80.1,80.21,80.04,80.2,315,8,0
2023-07-13 06:00:00,80.21,80.29,80.17,80.22,240,8,0
2023-07-13 07:00:00,80.21,80.24,80.07,80.08,158,8,0
2023-07-13 08:00:00,80.07,80.17,80.03,80.09,538,8,0
2023-07-13 09:00:00,80.11,80.15,80.0,80.13,602,7,0
2023-07-13 10:00:00,80.13,80.23,80.0,80.21,854,8,0
2023-07-13 11:00:00,80.23,80.38,79.96,80.0,1288,8,0
2023-07-13 12:00:00,80.01,80.16,79.89,79.98,749,8,0
2023-07-13 13:00:00,79.99,80.19,79.92,80.08,589,8,0
2023-07-13 14:00:00,80.09,80.23,80.02,80.08,574,8,0
2023-07-13 15:00:00,80.07,80.07,79.73,79.77,1419,8,0
2023-07-13 16:00:00,79.78,80.65,79.68,80.6,2588,7,0
2023-07-13 17:00:00,80.59,81.1,80.4,80.83,2960,7,0
2023-07-13 18:00:00,80.84,80.88,80.09,80.28,2054,7,0
2023-07-13 19:00:00,80.26,80.28,79.96,80.17,1266,7,0
2023-07-13 20:00:00,80.16,80.44,80.15,80.41,961,8,0
2023-07-13 21:00:00,80.41,81.34,80.32,81.33,1669,8,0
2023-07-13 22:00:00,81.33,81.47,81.28,81.47,530,8,0
2023-07-13 23:00:00,81.46,81.48,81.32,81.36,290,9,0
2023-07-14 03:00:00,81.35,81.41,81.22,81.22,412,8,0
2023-07-14 04:00:00,81.21,81.34,81.14,81.27,813,8,0
2023-07-14 05:00:00,81.26,81.29,81.07,81.21,502,8,0
2023-07-14 06:00:00,81.22,81.23,81.12,81.16,299,8,0
2023-07-14 07:00:00,81.15,81.19,81.1,81.14,109,8,0
2023-07-14 08:00:00,81.15,81.26,81.07,81.25,408,8,0
2023-07-14 09:00:00,81.26,81.26,80.74,80.82,747,8,0
2023-07-14 10:00:00,80.82,81.08,80.73,81.03,1101,8,0
2023-07-14 11:00:00,81.03,81.21,80.88,80.99,1217,8,0
2023-07-14 12:00:00,80.99,81.23,80.82,81.13,974,8,0
2023-07-14 13:00:00,81.14,81.26,80.95,81.01,837,8,0
2023-07-14 14:00:00,81.02,81.19,80.91,81.0,704,8,0
2023-07-14 15:00:00,81.0,81.12,80.89,81.08,908,8,0
2023-07-14 16:00:00,81.09,81.15,80.49,80.74,2648,7,0
2023-07-14 17:00:00,80.71,80.71,79.43,79.62,3434,7,0
2023-07-14 18:00:00,79.64,80.18,79.53,80.15,2379,8,0
2023-07-14 19:00:00,80.14,80.19,79.69,79.71,1283,8,0
2023-07-14 20:00:00,79.71,79.91,79.57,79.76,1365,7,0
2023-07-14 21:00:00,79.75,79.9,79.57,79.58,1288,8,0
2023-07-14 22:00:00,79.58,79.62,79.5,79.53,385,8,0
2023-07-14 23:00:00,79.52,79.53,79.35,79.53,239,9,0
2023-07-17 01:00:00,79.22,79.33,78.84,79.11,396,9,0
2023-07-17 02:00:00,79.1,79.14,78.99,79.14,108,8,0
2023-07-17 03:00:00,79.13,79.19,79.06,79.13,245,8,0
2023-07-17 04:00:00,79.14,79.31,78.86,78.94,992,8,0
2023-07-17 05:00:00,78.91,79.03,78.89,78.95,485,8,0
2023-07-17 06:00:00,78.95,79.03,78.93,79.0,233,8,0
2023-07-17 07:00:00,78.99,79.0,78.89,78.94,109,8,0
2023-07-17 08:00:00,78.93,78.99,78.84,78.86,362,8,0
2023-07-17 09:00:00,78.87,78.88,78.54,78.69,768,7,0
2023-07-17 10:00:00,78.7,78.97,78.59,78.63,1068,8,0
2023-07-17 11:00:00,78.62,78.76,78.31,78.41,1534,8,0
2023-07-17 12:00:00,78.42,80.4,78.12,78.31,4171,7,0
2023-07-17 13:00:00,78.31,78.66,78.27,78.58,1095,8,0
2023-07-17 14:00:00,78.59,78.91,78.58,78.78,897,8,0
2023-07-17 15:00:00,78.78,78.91,78.56,78.64,1638,8,0
2023-07-17 16:00:00,78.62,79.05,78.51,78.9,4220,7,0
2023-07-17 17:00:00,78.88,79.26,78.8,79.18,2749,7,0
2023-07-17 18:00:00,79.17,79.32,78.42,78.51,2096,8,0
2023-07-17 19:00:00,78.52,78.75,78.42,78.45,1198,8,0
2023-07-17 20:00:00,78.44,78.5,78.26,78.27,936,8,0
2023-07-17 21:00:00,78.26,78.59,78.23,78.3,1017,8,0
2023-07-17 22:00:00,78.29,78.42,78.28,78.33,327,8,0
2023-07-17 23:00:00,78.32,78.39,78.28,78.28,144,9,0
2023-07-18 03:00:00,78.4,78.53,78.39,78.51,242,8,0
2023-07-18 04:00:00,78.51,78.69,78.48,78.57,674,8,0
2023-07-18 05:00:00,78.56,78.58,78.44,78.55,428,8,0
2023-07-18 06:00:00,78.56,78.68,78.51,78.61,236,8,0
2023-07-18 07:00:00,78.62,78.64,78.59,78.6,117,8,0
2023-07-18 08:00:00,78.6,78.66,78.5,78.52,332,8,0
2023-07-18 09:00:00,78.53,78.53,78.4,78.43,470,8,0
2023-07-18 10:00:00,78.42,78.54,78.09,78.32,946,8,0
2023-07-18 11:00:00,78.31,78.62,78.18,78.5,1434,8,0
2023-07-18 12:00:00,78.51,78.94,78.41,78.9,939,8,0
2023-07-18 13:00:00,78.89,78.93,78.64,78.73,659,8,0
2023-07-18 14:00:00,78.74,78.77,78.61,78.61,556,7,0
2023-07-18 15:00:00,78.62,78.73,78.36,78.41,1278,8,0
2023-07-18 16:00:00,78.4,79.33,78.31,79.26,2755,8,0
2023-07-18 17:00:00,79.26,79.49,78.94,79.34,2341,8,0
2023-07-18 18:00:00,79.33,79.59,79.23,79.41,1701,8,0
2023-07-18 19:00:00,79.4,79.84,79.32,79.62,1042,8,0
2023-07-18 20:00:00,79.62,79.81,79.5,79.76,1024,8,0
2023-07-18 21:00:00,79.76,79.83,79.37,79.41,1299,8,0
2023-07-18 22:00:00,79.42,79.58,79.34,79.57,295,8,0
2023-07-18 23:00:00,79.56,79.69,79.43,79.62,247,8,0
2023-07-19 03:00:00,79.66,79.67,79.45,79.48,290,8,0
2023-07-19 04:00:00,79.49,79.63,79.47,79.51,567,8,0
2023-07-19 05:00:00,79.52,79.52,79.27,79.29,413,8,0
2023-07-19 06:00:00,79.3,79.39,79.24,79.26,286,8,0
2023-07-19 07:00:00,79.26,79.3,79.24,79.26,72,8,0
2023-07-19 08:00:00,79.27,79.61,79.27,79.57,361,8,0
2023-07-19 09:00:00,79.58,79.66,79.47,79.63,837,8,0
2023-07-19 10:00:00,79.61,79.61,79.26,79.45,925,8,0
2023-07-19 11:00:00,79.46,80.21,79.37,80.06,1507,7,0
2023-07-19 12:00:00,80.05,80.15,79.83,79.85,863,8,0
2023-07-19 13:00:00,79.86,79.93,79.7,79.76,596,8,0
2023-07-19 14:00:00,79.77,79.87,79.64,79.77,640,8,0
2023-07-19 15:00:00,79.78,80.19,79.76,80.12,1145,8,0
2023-07-19 16:00:00,80.12,80.72,79.86,80.65,2440,8,0
2023-07-19 17:00:00,80.64,80.74,79.64,80.11,3356,6,0
2023-07-19 18:00:00,80.1,80.54,79.91,79.97,2709,7,0
2023-07-19 19:00:00,79.96,79.99,79.5,79.76,1740,8,0
2023-07-19 20:00:00,79.77,79.94,79.21,79.22,1254,8,0
2023-07-19 21:00:00,79.23,79.42,79.04,79.38,1258,8,0
2023-07-19 22:00:00,79.37,79.37,79.21,79.28,301,8,0
2023-07-19 23:00:00,79.29,79.42,79.26,79.35,216,9,0
2023-07-20 03:00:00,79.21,79.35,79.16,79.28,367,8,0
2023-07-20 04:00:00,79.29,79.61,79.29,79.48,932,8,0
2023-07-20 05:00:00,79.49,79.55,79.35,79.5,488,8,0
2023-07-20 06:00:00,79.49,79.51,79.39,79.41,255,8,0
2023-07-20 07:00:00,79.42,79.44,79.34,79.34,118,8,0
2023-07-20 08:00:00,79.35,79.4,79.29,79.38,498,8,0
2023-07-20 09:00:00,79.37,79.45,79.21,79.42,765,8,0
2023-07-20 10:00:00,79.44,79.5,79.22,79.26,1121,8,0
2023-07-20 11:00:00,79.25,79.73,79.17,79.67,1323,8,0
2023-07-20 12:00:00,79.68,79.71,79.38,79.39,745,8,0
2023-07-20 13:00:00,79.39,79.66,79.35,79.65,569,8,0
2023-07-20 14:00:00,79.64,79.78,79.58,79.67,577,7,0
2023-07-20 15:00:00,79.67,79.68,79.46,79.59,1090,7,0
2023-07-20 16:00:00,79.6,80.11,79.55,79.86,2252,8,0
2023-07-20 17:00:00,79.86,80.1,79.35,79.56,2399,8,0
2023-07-20 18:00:00,79.55,79.76,78.56,79.08,2632,8,0
2023-07-20 19:00:00,79.09,79.8,78.95,79.63,1713,8,0
2023-07-20 20:00:00,79.63,79.7,79.27,79.52,1307,8,0
2023-07-20 21:00:00,79.53,79.67,79.31,79.64,1339,8,0
2023-07-20 22:00:00,79.65,79.68,79.5,79.54,344,8,0
2023-07-20 23:00:00,79.54,79.59,79.47,79.48,219,9,0
2023-07-21 03:00:00,79.62,79.66,79.5,79.58,187,8,0
2023-07-21 04:00:00,79.57,79.97,79.57,79.97,744,8,0
2023-07-21 05:00:00,79.98,80.3,79.93,80.19,576,8,0
2023-07-21 06:00:00,80.2,80.2,80.03,80.07,243,8,0
2023-07-21 07:00:00,80.07,80.16,80.02,80.16,120,8,0
2023-07-21 08:00:00,80.16,80.18,80.05,80.13,481,8,0
2023-07-21 09:00:00,80.12,80.27,80.09,80.21,607,8,0
2023-07-21 10:00:00,80.21,80.33,80.11,80.26,847,8,0
2023-07-21 11:00:00,80.26,80.27,79.9,80.03,1360,8,0
2023-07-21 12:00:00,80.02,80.47,80.01,80.4,1037,8,0
2023-07-21 13:00:00,80.41,80.52,80.28,80.29,756,7,0
2023-07-21 14:00:00,80.28,80.5,80.19,80.31,715,8,0
2023-07-21 15:00:00,80.32,80.69,80.29,80.54,1245,7,0
2023-07-21 16:00:00,80.54,80.56,79.77,79.8,2805,7,0
2023-07-21 17:00:00,79.79,80.43,79.71,80.08,2216,8,0
2023-07-21 18:00:00,80.07,80.53,80.02,80.41,1649,8,0
2023-07-21 19:00:00,80.42,80.75,80.12,80.74,1154,8,0
2023-07-21 20:00:00,80.73,80.76,80.45,80.54,847,8,0
2023-07-21 21:00:00,80.54,81.04,80.48,80.84,1095,8,0
2023-07-21 22:00:00,80.85,80.85,80.66,80.67,303,8,0
2023-07-21 23:00:00,80.68,80.72,80.56,80.56,192,9,0
2023-07-24 01:00:00,80.62,80.66,80.36,80.36,143,9,0
2023-07-24 02:00:00,80.36,80.42,80.32,80.33,80,8,0
2023-07-24 03:00:00,80.34,80.48,80.31,80.48,217,8,0
2023-07-24 04:00:00,80.49,80.55,80.31,80.42,885,8,0
2023-07-24 05:00:00,80.41,80.66,80.38,80.65,542,8,0
2023-07-24 06:00:00,80.64,80.82,80.6,80.74,284,8,0
2023-07-24 07:00:00,80.75,80.78,80.67,80.7,149,8,0
2023-07-24 08:00:00,80.71,80.73,80.6,80.64,436,8,0
2023-07-24 09:00:00,80.65,80.67,80.46,80.51,637,8,0
2023-07-24 10:00:00,80.53,80.57,80.23,80.46,998,6,0
2023-07-24 11:00:00,80.45,80.88,80.41,80.8,1231,8,0
2023-07-24 12:00:00,80.8,81.45,80.56,81.41,1285,7,0
2023-07-24 13:00:00,81.42,81.56,81.2,81.26,993,8,0
2023-07-24 14:00:00,81.25,81.33,81.11,81.2,758,8,0
2023-07-24 15:00:00,81.21,81.6,81.11,81.49,1493,8,0
2023-07-24 16:00:00,81.5,81.74,80.93,81.68,3253,7,0
2023-07-24 17:00:00,81.68,82.26,81.59,82.18,3236,7,0
2023-07-24 18:00:00,82.17,82.71,81.89,82.65,2026,7,0
2023-07-24 19:00:00,82.64,82.88,82.4,82.82,1286,7,0
2023-07-24 20:00:00,82.82,82.83,82.41,82.47,1200,8,0
2023-07-24 21:00:00,82.48,82.64,82.39,82.62,1350,7,0
2023-07-24 22:00:00,82.62,82.67,82.57,82.61,353,8,0
2023-07-24 23:00:00,82.62,82.64,82.52,82.53,231,9,0
2023-07-25 03:00:00,82.54,82.58,82.45,82.58,246,8,0
2023-07-25 04:00:00,82.57,82.68,82.4,82.53,941,8,0
2023-07-25 05:00:00,82.54,82.7,82.49,82.64,460,8,0
2023-07-25 06:00:00,82.65,82.67,82.52,82.62,344,8,0
2023-07-25 07:00:00,82.61,82.65,82.6,82.62,168,8,0
2023-07-25 08:00:00,82.62,82.75,82.55,82.64,495,8,0
2023-07-25 09:00:00,82.65,82.77,82.55,82.62,663,8,0
2023-07-25 10:00:00,82.63,82.75,82.23,82.26,1015,8,0
2023-07-25 11:00:00,82.24,82.47,81.91,82.23,1487,7,0
2023-07-25 12:00:00,82.22,82.46,82.12,82.26,811,8,0
2023-07-25 13:00:00,82.27,82.59,82.23,82.51,559,7,0
2023-07-25 14:00:00,82.5,82.72,82.33,82.41,755,7,0
2023-07-25 15:00:00,82.4,82.5,82.01,82.13,1183,8,0
2023-07-25 16:00:00,82.12,82.42,82.01,82.31,2729,7,0
2023-07-25 17:00:00,82.3,82.99,82.29,82.65,2286,7,0
2023-07-25 18:00:00,82.64,83.25,82.62,83.19,2329,8,0
2023-07-25 19:00:00,83.18,83.25,82.91,83.0,1453,8,0
2023-07-25 20:00:00,82.99,83.43,82.99,83.41,1073,8,0
2023-07-25 21:00:00,83.4,83.44,83.13,83.16,910,8,0
2023-07-25 22:00:00,83.16,83.22,83.14,83.17,303,8,0
2023-07-25 23:00:00,83.16,83.21,82.81,82.82,354,8,0
2023-07-26 03:00:00,82.85,82.96,82.76,82.83,244,8,0
2023-07-26 04:00:00,82.82,82.99,82.69,82.97,701,8,0
2023-07-26 05:00:00,82.96,82.97,82.77,82.91,390,8,0
2023-07-26 06:00:00,82.9,82.97,82.76,82.85,323,8,0
2023-07-26 07:00:00,82.84,82.9,82.73,82.75,184,8,0
2023-07-26 08:00:00,82.76,82.78,82.65,82.71,436,8,0
2023-07-26 09:00:00,82.72,82.88,82.7,82.81,666,8,0
2023-07-26 10:00:00,82.81,83.17,82.79,83.07,984,8,0
2023-07-26 11:00:00,83.07,83.11,82.64,82.75,1358,7,0
2023-07-26 12:00:00,82.74,82.78,82.36,82.39,901,8,0
2023-07-26 13:00:00,82.4,82.47,82.31,82.4,798,8,0
2023-07-26 14:00:00,82.4,82.41,82.18,82.21,598,8,0
2023-07-26 15:00:00,82.21,82.54,82.2,82.34,1083,8,0
2023-07-26 16:00:00,82.35,82.92,82.29,82.83,2296,8,0
2023-07-26 17:00:00,82.83,83.14,82.64,82.91,2385,8,0
2023-07-26 18:00:00,82.92,83.39,82.54,82.56,2327,8,0
2023-07-26 19:00:00,82.55,82.94,82.48,82.91,1688,7,0
2023-07-26 20:00:00,82.92,82.92,82.49,82.62,1218,8,0
2023-07-26 21:00:00,82.62,82.75,82.31,82.48,2488,8,0
2023-07-26 22:00:00,82.49,82.64,82.35,82.57,993,8,0
2023-07-26 23:00:00,82.56,82.64,82.52,82.53,267,9,0
2023-07-27 03:00:00,82.66,82.82,82.59,82.82,260,8,0
2023-07-27 04:00:00,82.83,83.22,82.81,83.22,665,8,0
2023-07-27 05:00:00,83.23,83.33,83.2,83.25,416,8,0
2023-07-27 06:00:00,83.26,83.37,83.25,83.32,256,8,0
2023-07-27 07:00:00,83.32,83.35,83.23,83.25,162,8,0
2023-07-27 08:00:00,83.27,83.27,83.08,83.09,408,8,0
2023-07-27 09:00:00,83.1,83.14,82.94,82.99,749,8,0
2023-07-27 10:00:00,83.0,83.31,82.97,83.01,1204,7,0
2023-07-27 11:00:00,83.03,83.17,82.88,83.15,1299,7,0
2023-07-27 12:00:00,83.16,83.36,83.1,83.16,971,8,0
2023-07-27 13:00:00,83.17,83.25,82.9,83.08,771,8,0
2023-07-27 14:00:00,83.06,83.21,83.04,83.21,683,8,0
2023-07-27 15:00:00,83.2,83.69,83.1,83.35,1870,8,0
2023-07-27 16:00:00,83.34,83.45,82.54,82.83,3883,8,0
2023-07-27 17:00:00,82.83,83.51,82.8,83.35,2924,7,0
2023-07-27 18:00:00,83.36,83.71,83.29,83.54,2145,7,0
2023-07-27 19:00:00,83.53,84.03,83.44,83.98,1227,8,0
2023-07-27 20:00:00,83.98,84.01,83.19,83.32,1601,8,0
2023-07-27 21:00:00,83.34,83.81,83.17,83.36,1937,8,0
2023-07-27 22:00:00,83.35,83.5,83.31,83.41,496,8,0
2023-07-27 23:00:00,83.42,83.5,83.29,83.3,216,9,0
2023-07-28 03:00:00,83.13,83.22,83.05,83.2,284,8,0
2023-07-28 04:00:00,83.21,83.41,83.19,83.35,568,8,0
2023-07-28 05:00:00,83.34,83.36,83.07,83.27,419,8,0
2023-07-28 06:00:00,83.28,83.4,83.21,83.29,892,8,0
2023-07-28 07:00:00,83.28,83.32,83.18,83.22,449,8,0
2023-07-28 08:00:00,83.23,83.42,83.22,83.41,365,8,0
2023-07-28 09:00:00,83.42,83.54,83.34,83.49,546,8,0
2023-07-28 10:00:00,83.5,83.8,83.47,83.58,1309,8,0
2023-07-28 11:00:00,83.57,83.69,83.31,83.49,1301,8,0
2023-07-28 12:00:00,83.48,83.55,83.3,83.39,830,8,0
2023-07-28 13:00:00,83.39,83.45,83.18,83.33,705,8,0
2023-07-28 14:00:00,83.33,83.51,83.28,83.41,703,8,0
2023-07-28 15:00:00,83.4,83.78,83.4,83.75,1346,8,0
2023-07-28 16:00:00,83.74,83.77,82.77,83.33,2893,7,0
2023-07-28 17:00:00,83.34,83.96,83.18,83.5,3005,8,0
2023-07-28 18:00:00,83.51,83.89,83.4,83.58,2325,8,0
2023-07-28 19:00:00,83.57,83.61,83.18,83.28,1510,8,0
2023-07-28 20:00:00,83.27,83.87,83.23,83.84,1392,8,0
2023-07-28 21:00:00,83.83,84.41,83.74,84.13,1293,7,0
2023-07-28 22:00:00,84.14,84.26,84.1,84.25,440,8,0
2023-07-28 23:00:00,84.25,84.41,84.24,84.36,142,9,0
2023-07-31 01:00:00,84.3,84.34,84.15,84.17,149,9,0
2023-07-31 02:00:00,84.16,84.26,84.13,84.13,136,8,0
2023-07-31 03:00:00,84.14,84.19,84.04,84.06,226,8,0
2023-07-31 04:00:00,84.05,84.27,83.95,84.11,700,8,0
2023-07-31 05:00:00,84.12,84.14,83.98,84.05,378,8,0
2023-07-31 06:00:00,84.06,84.06,83.83,83.85,229,8,0
2023-07-31 07:00:00,83.84,83.93,83.8,83.92,102,8,0
2023-07-31 08:00:00,83.92,84.0,83.82,83.91,326,8,0
2023-07-31 09:00:00,83.92,84.19,83.92,84.16,529,8,0
2023-07-31 10:00:00,84.17,84.32,84.06,84.1,1005,8,0
2023-07-31 11:00:00,84.11,84.49,84.05,84.36,1255,7,0
2023-07-31 12:00:00,84.36,84.82,84.09,84.78,1124,8,0
2023-07-31 13:00:00,84.78,85.04,84.77,84.93,660,8,0
2023-07-31 14:00:00,84.93,85.05,84.82,84.92,614,8,0
2023-07-31 15:00:00,84.92,85.11,84.8,84.94,1162,7,0
2023-07-31 16:00:00,84.95,85.28,84.8,85.01,2755,8,0
2023-07-31 17:00:00,85.01,85.26,84.72,84.91,1914,8,0
2023-07-31 18:00:00,84.91,85.29,84.66,85.28,1835,8,0
2023-07-31 19:00:00,85.27,85.36,84.76,84.78,1102,7,0
2023-07-31 20:00:00,84.77,85.14,84.71,85.11,991,8,0
2023-07-31 21:00:00,85.12,85.41,85.04,85.37,901,8,0
2023-07-31 22:00:00,85.37,85.48,85.35,85.37,357,8,0
2023-07-31 23:00:00,85.38,85.39,85.18,85.18,232,9,0
2023-08-01 03:00:00,85.12,85.18,85.04,85.11,173,8,0
2023-08-01 04:00:00,85.12,85.27,85.04,85.11,478,8,0
2023-08-01 05:00:00,85.1,85.17,84.93,84.97,382,8,0
2023-08-01 06:00:00,84.98,85.13,84.95,85.11,226,8,0
2023-08-01 07:00:00,85.11,85.13,85.07,85.07,130,8,0
2023-08-01 08:00:00,85.08,85.09,84.95,85.0,309,8,0
2023-08-01 09:00:00,85.01,85.06,84.95,85.04,432,8,0
2023-08-01 10:00:00,85.05,85.21,84.73,84.8,820,8,0
2023-08-01 11:00:00,84.81,85.17,84.68,85.09,1069,8,0
2023-08-01 12:00:00,85.09,85.14,84.82,84.93,711,7,0
2023-08-01 13:00:00,84.94,85.18,84.77,85.16,561,8,0
2023-08-01 14:00:00,85.15,85.27,84.95,85.19,611,7,0
2023-08-01 15:00:00,85.18,85.21,84.72,84.73,1168,8,0
2023-08-01 16:00:00,84.74,84.97,84.45,84.74,2605,8,0
2023-08-01 17:00:00,84.73,85.06,84.19,84.69,2960,7,0
2023-08-01 18:00:00,84.71,84.9,84.37,84.65,2255,7,0
2023-08-01 19:00:00,84.63,85.1,84.63,84.9,1075,8,0
2023-08-01 20:00:00,84.9,85.29,84.74,84.98,1243,8,0
2023-08-01 21:00:00,84.99,85.2,84.71,84.75,1025,8,0
2023-08-01 22:00:00,84.76,85.02,84.72,85.01,384,8,0
2023-08-01 23:00:00,85.01,85.65,85.01,85.59,469,9,0
2023-08-02 03:00:00,85.67,85.7,85.53,85.61,422,8,0
2023-08-02 04:00:00,85.6,85.83,85.49,85.82,823,8,0
2023-08-02 05:00:00,85.82,85.83,85.64,85.64,420,8,0
2023-08-02 06:00:00,85.63,85.65,85.44,85.49,346,8,0
2023-08-02 07:00:00,85.5,85.54,85.41,85.44,174,8,0
2023-08-02 08:00:00,85.42,85.66,85.41,85.61,435,8,0
2023-08-02 09:00:00,85.6,85.67,85.44,85.47,759,8,0
2023-08-02 10:00:00,85.48,85.59,85.11,85.12,1121,8,0
2023-08-02 11:00:00,85.13,85.4,84.92,85.34,1325,8,0
2023-08-02 12:00:00,85.34,85.54,85.18,85.19,850,8,0
2023-08-02 13:00:00,85.18,85.5,85.1,85.43,759,8,0
2023-08-02 14:00:00,85.42,85.5,85.13,85.2,674,8,0
2023-08-02 15:00:00,85.2,85.37,85.15,85.22,1025,8,0
2023-08-02 16:00:00,85.22,85.27,84.23,84.29,3455,7,0
2023-08-02 17:00:00,84.3,84.68,82.93,83.06,5159,6,0
2023-08-02 18:00:00,83.07,83.33,82.81,82.84,3593,8,0
2023-08-02 19:00:00,82.86,83.1,82.62,82.99,1752,7,0
2023-08-02 20:00:00,83.01,83.02,82.68,82.69,1222,8,0
2023-08-02 21:00:00,82.7,83.41,82.69,83.39,1432,8,0
2023-08-02 22:00:00,83.39,83.44,83.26,83.37,448,8,0
2023-08-02 23:00:00,83.37,83.38,83.25,83.27,188,9,0
2023-08-03 03:00:00,83.29,83.38,83.12,83.18,373,8,0
2023-08-03 04:00:00,83.17,83.53,83.08,83.38,667,8,0
2023-08-03 05:00:00,83.37,83.4,83.2,83.22,576,8,0
2023-08-03 06:00:00,83.21,83.23,83.11,83.14,362,8,0
2023-08-03 07:00:00,83.14,83.19,83.08,83.12,205,8,0
2023-08-03 08:00:00,83.11,83.25,83.07,83.11,608,8,0
2023-08-03 09:00:00,83.12,83.19,82.75,82.76,918,8,0
2023-08-03 10:00:00,82.76,82.88,82.28,82.31,1556,8,0
2023-08-03 11:00:00,82.32,82.86,82.22,82.82,1735,8,0
2023-08-03 12:00:00,82.81,83.0,82.51,83.0,1177,8,0
2023-08-03 13:00:00,82.99,83.1,82.72,82.83,1013,8,0
2023-08-03 14:00:00,82.82,83.18,82.82,82.91,1332,8,0
2023-08-03 15:00:00,82.9,84.19,82.84,84.19,2521,8,0
2023-08-03 16:00:00,84.18,84.49,83.43,83.77,4212,8,0
2023-08-03 17:00:00,83.8,84.24,83.64,84.02,2392,8,0
2023-08-03 18:00:00,84.02,84.82,84.02,84.67,2413,8,0
2023-08-03 19:00:00,84.67,85.07,84.49,85.02,1399,8,0
2023-08-03 20:00:00,85.02,85.26,84.87,84.96,1248,8,0
2023-08-03 21:00:00,84.97,85.11,84.84,85.07,1340,8,0
2023-08-03 22:00:00,85.07,85.16,84.97,85.11,362,8,0
2023-08-03 23:00:00,85.12,85.21,85.03,85.03,364,9,0
2023-08-04 03:00:00,85.11,85.28,85.03,85.28,279,8,0
2023-08-04 04:00:00,85.27,85.41,84.99,85.05,895,8,0
2023-08-04 05:00:00,85.04,85.08,84.88,84.95,625,8,0
2023-08-04 06:00:00,84.94,85.08,84.94,85.04,283,8,0
2023-08-04 07:00:00,85.05,85.11,85.05,85.07,188,8,0
2023-08-04 08:00:00,85.08,85.15,85.03,85.11,441,8,0
2023-08-04 09:00:00,85.12,85.13,84.95,85.03,687,8,0
2023-08-04 10:00:00,85.02,85.4,85.02,85.37,1172,7,0
2023-08-04 11:00:00,85.37,85.46,85.15,85.31,1318,8,0
2023-08-04 12:00:00,85.32,85.53,85.26,85.52,834,8,0
2023-08-04 13:00:00,85.53,85.65,85.27,85.27,575,8,0
2023-08-04 14:00:00,85.28,85.47,85.2,85.35,692,8,0
2023-08-04 15:00:00,85.36,85.46,84.98,85.41,2093,8,0
2023-08-04 16:00:00,85.41,85.63,85.1,85.16,3559,7,0
2023-08-04 17:00:00,85.17,85.73,84.95,85.5,2478,7,0
2023-08-04 18:00:00,85.49,86.04,85.37,85.84,1645,8,0
2023-08-04 19:00:00,85.85,86.46,85.8,86.39,1181,8,0
2023-08-04 20:00:00,86.39,86.42,86.2,86.26,957,8,0
2023-08-04 21:00:00,86.26,86.26,85.8,85.85,1175,8,0
2023-08-04 22:00:00,85.85,85.91,85.79,85.83,412,8,0
2023-08-04 23:00:00,85.82,85.93,85.73,85.9,209,9,0
2023-08-07 01:00:00,86.03,86.5,85.99,86.23,386,9,0
2023-08-07 02:00:00,86.23,86.28,86.16,86.25,145,8,0
2023-08-07 03:00:00,86.24,86.47,86.18,86.45,328,8,0
2023-08-07 04:00:00,86.44,86.44,85.92,86.15,951,8,0
2023-08-07 05:00:00,86.16,86.17,85.93,85.97,378,8,0
2023-08-07 06:00:00,85.96,86.03,85.95,85.98,176,8,0
2023-08-07 07:00:00,85.97,85.98,85.92,85.96,130,8,0
2023-08-07 08:00:00,85.95,86.02,85.87,85.92,395,8,0
2023-08-07 09:00:00,85.93,86.01,85.8,85.86,628,8,0
2023-08-07 10:00:00,85.88,86.06,85.77,85.87,887,7,0
2023-08-07 11:00:00,85.86,85.87,85.32,85.43,1181,8,0
2023-08-07 12:00:00,85.42,85.7,85.15,85.29,1012,8,0
2023-08-07 13:00:00,85.28,85.35,85.07,85.21,673,6,0
2023-08-07 14:00:00,85.2,85.4,85.17,85.36,621,7,0
2023-08-07 15:00:00,85.36,85.59,85.04,85.48,1191,8,0
2023-08-07 16:00:00,85.48,85.71,85.08,85.13,2650,8,0
2023-08-07 17:00:00,85.14,85.26,84.85,85.05,2637,7,0
2023-08-07 18:00:00,85.06,85.39,84.87,85.2,2123,8,0
2023-08-07 19:00:00,85.19,85.47,85.18,85.44,1398,7,0
2023-08-07 20:00:00,85.44,85.64,85.31,85.34,907,8,0
2023-08-07 21:00:00,85.34,85.5,85.05,85.49,984,8,0
2023-08-07 22:00:00,85.48,85.63,85.37,85.62,319,8,0
2023-08-07 23:00:00,85.61,85.71,85.59,85.62,228,9,0
2023-08-08 03:00:00,85.55,85.59,85.47,85.48,193,8,0
2023-08-08 04:00:00,85.47,85.47,85.05,85.07,747,8,0
2023-08-08 05:00:00,85.06,85.38,85.02,85.36,418,8,0
2023-08-08 06:00:00,85.35,85.41,85.23,85.24,289,8,0
2023-08-08 07:00:00,85.24,85.32,85.0,85.2,464,8,0
2023-08-08 08:00:00,85.19,85.22,85.02,85.04,305,7,0
2023-08-08 09:00:00,85.05,85.06,84.48,84.48,856,8,0
2023-08-08 10:00:00,84.49,84.68,84.32,84.33,1267,8,0
2023-08-08 11:00:00,84.34,84.55,84.01,84.21,1452,7,0
2023-08-08 12:00:00,84.2,84.28,83.65,83.76,1191,8,0
2023-08-08 13:00:00,83.75,83.9,83.52,83.75,1084,8,0
2023-08-08 14:00:00,83.74,83.92,83.29,83.36,1057,8,0
2023-08-08 15:00:00,83.37,83.76,83.13,83.64,1848,8,0
2023-08-08 16:00:00,83.63,84.13,83.54,83.91,3639,7,0
2023-08-08 17:00:00,83.92,84.52,83.91,84.47,2574,8,0
2023-08-08 18:00:00,84.47,85.07,84.28,84.74,2378,8,0
2023-08-08 19:00:00,84.75,85.37,84.71,85.29,1854,8,0
2023-08-08 20:00:00,85.29,85.8,85.24,85.78,1108,8,0
2023-08-08 21:00:00,85.77,86.09,85.65,86.02,1174,8,0
2023-08-08 22:00:00,86.01,86.03,85.8,85.81,418,8,0
2023-08-08 23:00:00,85.81,85.94,85.68,85.79,343,8,0
2023-08-09 03:00:00,85.69,85.88,85.66,85.72,303,8,0
2023-08-09 04:00:00,85.73,85.87,85.68,85.83,794,8,0
2023-08-09 05:00:00,85.84,85.84,85.72,85.75,447,8,0
2023-08-09 06:00:00,85.75,85.79,85.71,85.72,187,8,0
2023-08-09 07:00:00,85.73,85.78,85.71,85.77,105,8,0
2023-08-09 08:00:00,85.78,85.81,85.65,85.67,425,8,0
2023-08-09 09:00:00,85.68,85.89,85.65,85.78,612,8,0
2023-08-09 10:00:00,85.76,86.16,85.72,86.16,1041,7,0
2023-08-09 11:00:00,86.15,86.25,85.81,86.25,1273,8,0
2023-08-09 12:00:00,86.24,86.61,86.22,86.54,1232,7,0
2023-08-09 13:00:00,86.53,86.73,86.31,86.38,877,8,0
2023-08-09 14:00:00,86.38,86.85,86.34,86.59,848,7,0
2023-08-09 15:00:00,86.6,86.69,86.45,86.62,1476,7,0
2023-08-09 16:00:00,86.63,86.93,86.42,86.77,2735,7,0
2023-08-09 17:00:00,86.78,87.32,86.54,86.77,3103,7,0
2023-08-09 18:00:00,86.76,86.98,86.38,86.51,3041,8,0
2023-08-09 19:00:00,86.5,86.56,86.05,86.42,1888,8,0
2023-08-09 20:00:00,86.43,86.71,86.3,86.7,1310,8,0
2023-08-09 21:00:00,86.71,87.27,86.63,87.14,1253,8,0
2023-08-09 22:00:00,87.14,87.24,87.06,87.11,331,8,0
2023-08-09 23:00:00,87.12,87.18,87.03,87.04,335,9,0
2023-08-10 03:00:00,87.03,87.13,86.95,87.11,276,8,0
2023-08-10 04:00:00,87.12,87.14,86.94,86.99,572,8,0
2023-08-10 05:00:00,87.0,87.11,86.94,87.02,317,8,0
2023-08-10 06:00:00,87.03,87.09,87.01,87.04,167,8,0
2023-08-10 07:00:00,87.05,87.16,87.05,87.12,165,8,0
2023-08-10 08:00:00,87.11,87.44,87.08,87.43,552,8,0
2023-08-10 09:00:00,87.42,87.48,87.15,87.21,767,7,0
2023-08-10 10:00:00,87.2,87.71,87.17,87.36,1188,8,0
2023-08-10 11:00:00,87.35,87.6,87.14,87.4,1457,8,0
2023-08-10 12:00:00,87.41,87.5,86.99,87.04,904,8,0
2023-08-10 13:00:00,87.05,87.13,86.89,86.99,811,8,0
2023-08-10 14:00:00,87.0,87.11,86.83,86.84,784,8,0
2023-08-10 15:00:00,86.83,87.19,86.62,86.95,2422,8,0
2023-08-10 16:00:00,86.96,87.08,86.53,86.96,3648,7,0
2023-08-10 17:00:00,86.96,87.12,86.55,86.59,2663,7,0
2023-08-10 18:00:00,86.6,86.89,86.36,86.67,2418,7,0
2023-08-10 19:00:00,86.67,86.78,86.2,86.24,1688,8,0
2023-08-10 20:00:00,86.25,86.41,85.91,86.0,1746,8,0
2023-08-10 21:00:00,86.0,86.34,85.88,86.28,1882,8,0
2023-08-10 22:00:00,86.28,86.28,85.94,86.09,643,8,0
2023-08-10 23:00:00,86.1,86.11,86.0,86.01,195,9,0
2023-08-11 03:00:00,86.06,86.21,86.02,86.19,191,8,0
2023-08-11 04:00:00,86.19,86.33,86.17,86.22,823,8,0
2023-08-11 05:00:00,86.22,86.22,85.88,85.95,502,8,0
2023-08-11 06:00:00,85.92,86.1,85.91,86.01,394,8,0
2023-08-11 07:00:00,86.02,86.04,85.88,85.9,148,8,0
2023-08-11 08:00:00,85.9,86.01,85.87,85.93,395,8,0
2023-08-11 09:00:00,85.94,85.99,85.73,85.75,530,8,0
2023-08-11 10:00:00,85.74,86.32,85.69,86.14,1093,7,0
2023-08-11 11:00:00,86.14,86.33,85.94,86.07,1467,8,0
2023-08-11 12:00:00,86.06,86.07,85.52,85.9,1192,8,0
2023-08-11 13:00:00,85.9,86.45,85.88,86.4,1151,8,0
2023-08-11 14:00:00,86.39,86.61,86.3,86.53,933,8,0
2023-08-11 15:00:00,86.52,86.72,86.37,86.67,2004,8,0
2023-08-11 16:00:00,86.66,86.67,85.86,86.16,3166,8,0
2023-08-11 17:00:00,86.18,86.72,86.18,86.41,3443,8,0
2023-08-11 18:00:00,86.42,86.73,86.23,86.71,2436,8,0
2023-08-11 19:00:00,86.72,86.94,86.6,86.81,1628,8,0
2023-08-11 20:00:00,86.81,86.94,86.63,86.92,1201,8,0
2023-08-11 21:00:00,86.93,86.94,86.26,86.31,1433,8,0
2023-08-11 22:00:00,86.31,86.36,86.21,86.26,306,8,0
2023-08-11 23:00:00,86.27,86.33,86.18,86.2,153,9,0
2023-08-14 01:00:00,86.19,86.19,85.87,85.94,219,9,0
2023-08-14 02:00:00,85.93,86.07,85.89,86.06,85,8,0
2023-08-14 03:00:00,86.07,86.12,86.01,86.04,240,8,0
2023-08-14 04:00:00,86.03,86.25,85.92,86.21,1270,8,0
2023-08-14 05:00:00,86.22,86.25,85.77,85.77,650,8,0
2023-08-14 06:00:00,85.77,85.77,85.59,85.65,447,8,0
2023-08-14 07:00:00,85.64,85.69,85.51,85.51,177,8,0
2023-08-14 08:00:00,85.52,85.57,85.36,85.49,505,8,0
2023-08-14 09:00:00,85.48,85.51,85.27,85.36,795,8,0
2023-08-14 10:00:00,85.35,86.08,85.24,86.04,1614,8,0
2023-08-14 11:00:00,86.03,86.25,85.93,85.98,1528,8,0
2023-08-14 12:00:00,85.97,86.27,85.85,86.18,931,8,0
2023-08-14 13:00:00,86.2,86.22,85.99,86.18,687,8,0
2023-08-14 14:00:00,86.16,86.25,85.95,86.02,642,8,0
2023-08-14 15:00:00,86.01,86.01,85.1,85.27,1815,8,0
2023-08-14 16:00:00,85.28,85.95,85.23,85.52,3639,7,0
2023-08-14 17:00:00,85.53,86.25,85.49,85.96,3283,8,0
2023-08-14 18:00:00,85.97,86.13,85.62,85.74,2349,7,0
2023-08-14 19:00:00,85.75,85.84,85.34,85.77,1625,8,0
2023-08-14 20:00:00,85.78,86.05,85.58,85.99,1186,8,0
2023-08-14 21:00:00,85.98,86.19,85.66,85.73,1411,8,0
2023-08-14 22:00:00,85.74,85.82,85.68,85.82,345,8,0
2023-08-14 23:00:00,85.81,85.86,85.68,85.68,131,9,0
2023-08-15 03:00:00,85.61,85.74,85.58,85.74,154,8,0
2023-08-15 04:00:00,85.75,85.98,85.67,85.92,884,8,0
2023-08-15 05:00:00,85.91,85.95,85.74,85.82,600,8,0
2023-08-15 06:00:00,85.83,85.87,85.78,85.85,237,8,0
2023-08-15 07:00:00,85.84,85.87,85.79,85.8,118,8,0
2023-08-15 08:00:00,85.81,85.88,85.69,85.8,417,8,0
2023-08-15 09:00:00,85.79,86.18,85.77,86.03,807,8,0
2023-08-15 10:00:00,86.03,86.05,85.42,85.45,1377,8,0
2023-08-15 11:00:00,85.46,85.91,85.32,85.71,1427,8,0
2023-08-15 12:00:00,85.72,85.75,85.21,85.25,1025,8,0
2023-08-15 13:00:00,85.24,85.46,85.0,85.05,1116,8,0
2023-08-15 14:00:00,85.07,85.22,85.01,85.02,949,8,0
2023-08-15 15:00:00,85.01,85.11,84.59,84.76,2451,8,0
2023-08-15 16:00:00,84.77,85.31,84.46,84.48,4001,7,0
2023-08-15 17:00:00,84.47,84.57,83.94,84.32,3125,7,0
2023-08-15 18:00:00,84.32,84.57,83.91,83.96,2610,8,0
2023-08-15 19:00:00,83.97,84.22,83.9,84.19,1623,8,0
2023-08-15 20:00:00,84.2,84.26,84.01,84.12,1301,8,0
2023-08-15 21:00:00,84.13,84.62,84.13,84.51,1092,8,0
2023-08-15 22:00:00,84.5,84.52,84.39,84.48,383,8,0
2023-08-15 23:00:00,84.47,84.63,84.46,84.51,228,9,0
2023-08-16 03:00:00,84.55,84.59,84.32,84.43,230,8,0
2023-08-16 04:00:00,84.44,84.56,84.14,84.45,730,8,0
2023-08-16 05:00:00,84.44,84.45,84.21,84.22,489,8,0
2023-08-16 06:00:00,84.24,84.28,84.12,84.24,314,8,0
2023-08-16 07:00:00,84.23,84.28,84.18,84.2,117,8,0
2023-08-16 08:00:00,84.19,84.24,84.04,84.09,426,8,0
2023-08-16 09:00:00,84.1,84.26,84.01,84.04,681,8,0
2023-08-16 10:00:00,84.03,84.65,84.03,84.28,1026,8,0
2023-08-16 11:00:00,84.29,84.74,84.29,84.42,1417,8,0
2023-08-16 12:00:00,84.41,84.59,84.28,84.36,1123,7,0
2023-08-16 13:00:00,84.37,84.51,84.26,84.46,823,7,0
2023-08-16 14:00:00,84.46,84.82,84.34,84.77,755,8,0
2023-08-16 15:00:00,84.76,84.86,84.59,84.69,1166,8,0
2023-08-16 16:00:00,84.68,84.96,84.42,84.5,2896,8,0
2023-08-16 17:00:00,84.51,84.73,84.16,84.43,3367,7,0
2023-08-16 18:00:00,84.42,84.74,84.29,84.42,2135,8,0
2023-08-16 19:00:00,84.43,84.55,83.42,83.51,1774,8,0
2023-08-16 20:00:00,83.51,83.65,83.28,83.59,1827,8,0
2023-08-16 21:00:00,83.59,83.62,83.04,83.12,1879,8,0
2023-08-16 22:00:00,83.11,83.12,82.8,82.88,705,8,0
2023-08-16 23:00:00,82.89,83.06,82.87,82.97,234,9,0
2023-08-17 03:00:00,82.84,82.87,82.71,82.75,261,8,0
2023-08-17 04:00:00,82.76,83.24,82.74,83.2,946,8,0
2023-08-17 05:00:00,83.19,83.26,83.07,83.22,458,8,0
2023-08-17 06:00:00,83.21,83.27,83.13,83.14,353,8,0
2023-08-17 07:00:00,83.13,83.15,83.04,83.06,178,8,0
2023-08-17 08:00:00,83.07,83.07,82.9,83.03,394,8,0
2023-08-17 09:00:00,83.02,83.48,83.0,83.44,774,8,0
2023-08-17 10:00:00,83.45,83.66,83.41,83.65,922,8,0
2023-08-17 11:00:00,83.64,83.65,83.16,83.24,1069,8,0
2023-08-17 12:00:00,83.23,83.61,83.19,83.55,1013,8,0
2023-08-17 13:00:00,83.54,83.93,83.54,83.87,981,8,0
2023-08-17 14:00:00,83.87,84.1,83.79,83.86,855,8,0
2023-08-17 15:00:00,83.85,84.07,83.69,83.91,1478,8,0
2023-08-17 16:00:00,83.91,84.34,83.83,83.97,2597,8,0
2023-08-17 17:00:00,83.96,84.52,83.95,84.32,2268,8,0
2023-08-17 18:00:00,84.33,84.44,84.07,84.11,1602,8,0
2023-08-17 19:00:00,84.1,84.29,84.04,84.18,1210,8,0
2023-08-17 20:00:00,84.19,84.21,83.75,83.76,1095,8,0
2023-08-17 21:00:00,83.77,83.91,83.5,83.56,1150,8,0
2023-08-17 22:00:00,83.56,83.6,83.4,83.46,526,8,0
2023-08-17 23:00:00,83.46,83.52,83.41,83.41,187,9,0
2023-08-18 03:00:00,83.46,83.67,83.32,83.67,347,8,0
2023-08-18 04:00:00,83.67,83.99,83.64,83.94,729,8,0
2023-08-18 05:00:00,83.93,83.99,83.85,83.97,447,8,0
2023-08-18 06:00:00,83.96,83.96,83.79,83.79,324,8,0
2023-08-18 07:00:00,83.8,83.83,83.65,83.66,194,8,0
2023-08-18 08:00:00,83.67,83.86,83.58,83.84,403,8,0
2023-08-18 09:00:00,83.85,83.95,83.79,83.88,556,8,0
2023-08-18 10:00:00,83.87,84.15,83.54,83.73,1371,8,0
2023-08-18 11:00:00,83.72,83.94,83.6,83.81,1595,8,0
2023-08-18 12:00:00,83.82,83.85,83.24,83.49,1042,8,0
2023-08-18 13:00:00,83.48,83.77,83.41,83.74,761,8,0
2023-08-18 14:00:00,83.75,83.79,83.12,83.17,1009,8,0
2023-08-18 15:00:00,83.19,83.35,82.98,83.04,1465,8,0
2023-08-18 16:00:00,83.03,84.2,83.01,83.71,3725,8,0
2023-08-18 17:00:00,83.71,83.92,83.4,83.62,2523,8,0
2023-08-18 18:00:00,83.63,84.12,83.37,83.91,2395,8,0
2023-08-18 19:00:00,83.91,84.54,83.87,84.49,1665,7,0
2023-08-18 20:00:00,84.48,84.69,84.46,84.63,1291,8,0
2023-08-18 21:00:00,84.61,84.62,84.25,84.45,1142,8,0
2023-08-18 22:00:00,84.44,84.46,84.32,84.36,362,8,0
2023-08-18 23:00:00,84.37,84.42,84.35,84.4,157,9,0
2023-08-21 01:00:00,84.38,84.39,84.16,84.39,232,9,0
2023-08-21 02:00:00,84.38,84.38,84.3,84.32,88,9,0
2023-08-21 03:00:00,84.31,84.37,84.29,84.34,176,8,0
2023-08-21 04:00:00,84.33,85.16,84.3,85.14,1213,8,0
2023-08-21 05:00:00,85.13,85.29,85.01,85.23,612,8,0
2023-08-21 06:00:00,85.22,85.25,85.03,85.05,277,8,0
2023-08-21 07:00:00,85.04,85.05,84.95,84.97,138,8,0
2023-08-21 08:00:00,84.96,85.04,84.87,84.98,434,8,0
2023-08-21 09:00:00,84.97,85.14,84.89,85.08,713,8,0
2023-08-21 10:00:00,85.07,85.24,84.97,85.03,1153,8,0
2023-08-21 11:00:00,85.04,85.22,84.77,84.83,1307,6,0
2023-08-21 12:00:00,84.82,85.04,84.77,85.02,818,8,0
2023-08-21 13:00:00,85.03,85.33,85.02,85.14,746,7,0
2023-08-21 14:00:00,85.13,85.48,85.13,85.39,712,8,0
2023-08-21 15:00:00,85.38,85.45,85.24,85.33,1257,8,0
2023-08-21 16:00:00,85.32,85.32,84.67,84.71,2813,7,0
2023-08-21 17:00:00,84.72,84.9,84.31,84.45,2664,7,0
2023-08-21 18:00:00,84.44,85.03,84.41,84.75,2132,8,0
2023-08-21 19:00:00,84.74,84.78,84.1,84.39,1488,8,0
2023-08-21 20:00:00,84.38,84.45,84.07,84.18,1574,8,0
2023-08-21 21:00:00,84.18,84.3,83.98,84.12,1248,7,0
2023-08-21 22:00:00,84.11,84.13,84.0,84.11,354,8,0
2023-08-21 23:00:00,84.11,84.21,84.1,84.14,125,9,0
2023-08-22 03:00:00,84.06,84.26,84.06,84.25,225,8,0
2023-08-22 04:00:00,84.24,84.29,83.91,83.93,667,8,0
2023-08-22 05:00:00,83.94,84.08,83.92,83.99,380,8,0
2023-08-22 06:00:00,84.0,84.1,83.97,83.99,278,8,0
2023-08-22 07:00:00,84.0,84.02,83.99,84.01,63,8,0
2023-08-22 08:00:00,84.0,84.05,83.88,83.93,370,8,0
2023-08-22 09:00:00,83.94,84.2,83.89,84.03,584,8,0
2023-08-22 10:00:00,84.02,84.16,83.67,83.68,859,8,0
2023-08-22 11:00:00,83.69,83.97,83.67,83.96,1245,8,0
2023-08-22 12:00:00,83.95,84.2,83.75,83.83,865,8,0
2023-08-22 13:00:00,83.84,83.99,83.73,83.79,666,8,0
2023-08-22 14:00:00,83.8,83.87,83.6,83.71,617,8,0
2023-08-22 15:00:00,83.72,84.09,83.6,83.89,1093,8,0
2023-08-22 16:00:00,83.9,84.36,83.68,84.14,2967,7,0
2023-08-22 17:00:00,84.15,84.32,83.71,83.86,2092,8,0
2023-08-22 18:00:00,83.87,84.09,83.75,83.85,1845,8,0
2023-08-22 19:00:00,83.84,84.17,83.8,83.88,1133,8,0
2023-08-22 20:00:00,83.88,84.0,83.64,83.83,1081,8,0
2023-08-22 21:00:00,83.84,83.87,83.53,83.69,957,7,0
2023-08-22 22:00:00,83.68,83.78,83.68,83.76,260,8,0
2023-08-22 23:00:00,83.75,83.78,83.48,83.55,207,9,0
2023-08-23 03:00:00,83.55,83.6,83.45,83.53,190,8,0
2023-08-23 04:00:00,83.54,83.77,83.51,83.76,627,8,0
2023-08-23 05:00:00,83.77,83.84,83.7,83.84,359,8,0
2023-08-23 06:00:00,83.83,83.93,83.82,83.83,208,8,0
2023-08-23 07:00:00,83.84,83.86,83.78,83.79,65,8,0
2023-08-23 08:00:00,83.81,83.88,83.7,83.85,376,8,0
2023-08-23 09:00:00,83.84,83.87,83.41,83.48,542,8,0
2023-08-23 10:00:00,83.47,83.48,83.13,83.24,868,8,0
2023-08-23 11:00:00,83.25,83.49,83.13,83.31,1087,8,0
2023-08-23 12:00:00,83.32,83.36,82.87,82.92,863,8,0
2023-08-23 13:00:00,82.91,82.91,82.4,82.58,688,8,0
2023-08-23 14:00:00,82.57,82.7,82.49,82.62,720,8,0
2023-08-23 15:00:00,82.64,82.65,82.34,82.51,1252,7,0
2023-08-23 16:00:00,82.52,82.64,81.67,82.2,2884,7,0
2023-08-23 17:00:00,82.23,83.09,82.17,83.03,3475,7,0
2023-08-23 18:00:00,83.04,83.31,82.68,82.98,2510,8,0
2023-08-23 19:00:00,82.98,83.24,82.83,82.94,1368,7,0
2023-08-23 20:00:00,82.94,83.39,82.86,82.93,1362,8,0
2023-08-23 21:00:00,82.94,83.24,82.7,82.82,1329,8,0
2023-08-23 22:00:00,82.81,82.85,82.58,82.64,389,8,0
2023-08-23 23:00:00,82.63,82.64,82.43,82.51,339,9,0
2023-08-24 03:00:00,82.61,82.67,82.52,82.61,228,8,0
2023-08-24 04:00:00,82.6,82.7,82.26,82.34,656,8,0
2023-08-24 05:00:00,82.33,82.55,82.32,82.45,462,8,0
2023-08-24 06:00:00,82.46,82.59,82.42,82.57,326,8,0
2023-08-24 07:00:00,82.57,82.82,82.56,82.81,179,8,0
2023-08-24 08:00:00,82.82,82.85,82.72,82.76,408,8,0
2023-08-24 09:00:00,82.75,82.77,82.34,82.37,563,8,0
2023-08-24 10:00:00,82.37,82.55,82.26,82.27,1286,7,0
2023-08-24 11:00:00,82.26,83.0,82.22,82.95,1411,8,0
2023-08-24 12:00:00,82.96,83.19,82.85,83.18,995,8,0
2023-08-24 13:00:00,83.19,83.22,83.04,83.12,684,8,0
2023-08-24 14:00:00,83.11,83.12,82.9,82.92,567,8,0
2023-08-24 15:00:00,82.92,82.98,82.44,82.44,1132,7,0
2023-08-24 16:00:00,82.42,82.62,81.61,82.54,3068,8,0
2023-08-24 17:00:00,82.55,82.91,82.27,82.39,3563,8,0
2023-08-24 18:00:00,82.42,82.73,82.4,82.58,2161,7,0
2023-08-24 19:00:00,82.58,83.1,82.54,82.96,1499,8,0
2023-08-24 20:00:00,82.95,83.03,82.53,82.7,1258,8,0
2023-08-24 21:00:00,82.7,82.96,82.56,82.95,1062,8,0
2023-08-24 22:00:00,82.94,82.99,82.75,82.75,411,8,0
2023-08-24 23:00:00,82.76,82.76,82.65,82.66,215,9,0
2023-08-25 03:00:00,82.71,82.83,82.68,82.83,213,8,0
2023-08-25 04:00:00,82.84,83.3,82.84,83.27,594,8,0
2023-08-25 05:00:00,83.27,83.28,83.07,83.13,422,8,0
2023-08-25 06:00:00,83.14,83.14,83.02,83.05,222,8,0
2023-08-25 07:00:00,83.06,83.18,83.05,83.15,102,8,0
2023-08-25 08:00:00,83.16,83.43,83.1,83.39,427,8,0
2023-08-25 09:00:00,83.41,83.43,83.18,83.23,660,8,0
2023-08-25 10:00:00,83.24,83.53,83.23,83.5,1088,8,0
2023-08-25 11:00:00,83.5,83.91,83.37,83.87,949,7,0
2023-08-25 12:00:00,83.86,84.08,83.83,83.97,717,8,0
2023-08-25 13:00:00,83.96,84.03,83.73,83.75,711,8,0
2023-08-25 14:00:00,83.74,83.95,83.69,83.94,640,7,0
2023-08-25 15:00:00,83.93,84.0,83.75,83.88,903,8,0
2023-08-25 16:00:00,83.87,84.18,83.56,83.65,2985,7,0
2023-08-25 17:00:00,83.66,84.03,83.31,83.7,5036,7,0
2023-08-25 18:00:00,83.69,83.85,83.26,83.52,3103,8,0
2023-08-25 19:00:00,83.52,83.88,83.36,83.43,2062,7,0
2023-08-25 20:00:00,83.42,83.62,82.19,83.23,3141,7,0
2023-08-25 21:00:00,83.23,84.14,83.12,84.12,2309,8,0
2023-08-25 22:00:00,84.13,84.38,84.1,84.14,605,8,0
2023-08-25 23:00:00,84.13,84.2,84.0,84.15,300,9,0
2023-08-28 01:00:00,84.1,84.37,84.09,84.2,212,9,0
2023-08-28 02:00:00,84.19,84.26,84.18,84.22,76,9,0
2023-08-28 03:00:00,84.24,84.28,84.06,84.07,245,8,0
2023-08-28 04:00:00,84.08,84.19,83.76,83.77,1027,8,0
2023-08-28 05:00:00,83.76,83.85,83.69,83.83,446,8,0
2023-08-28 06:00:00,83.82,83.85,83.73,83.76,249,9,0
2023-08-28 07:00:00,83.75,83.79,83.72,83.78,88,9,0
2023-08-28 08:00:00,83.77,84.05,83.76,83.93,418,8,0
2023-08-28 09:00:00,83.94,84.18,83.93,84.1,575,8,0
2023-08-28 10:00:00,84.09,84.25,84.05,84.23,935,8,0
2023-08-28 11:00:00,84.25,84.35,84.0,84.13,1038,8,0
2023-08-28 12:00:00,84.12,84.25,83.97,84.12,636,8,0
2023-08-28 13:00:00,84.12,84.17,83.73,83.78,712,8,0
2023-08-28 14:00:00,83.78,83.88,83.54,83.81,806,8,0
2023-08-28 15:00:00,83.8,84.03,83.7,83.82,997,7,0
2023-08-28 16:00:00,83.83,84.65,83.65,84.54,3253,7,0
2023-08-28 17:00:00,84.53,84.63,84.08,84.39,2278,8,0
2023-08-28 18:00:00,84.4,84.42,83.65,84.01,1982,8,0
2023-08-28 19:00:00,84.0,84.03,83.53,83.76,1664,8,0
2023-08-28 20:00:00,83.75,83.92,83.51,83.72,1365,8,0
2023-08-28 21:00:00,83.71,83.98,83.51,83.87,1296,8,0
2023-08-28 22:00:00,83.88,83.96,83.85,83.86,434,8,0
2023-08-28 23:00:00,83.87,83.92,83.7,83.7,252,9,0
2023-08-29 03:00:00,83.76,83.83,83.7,83.75,143,8,0
2023-08-29 04:00:00,83.75,83.75,83.48,83.59,639,8,0
2023-08-29 05:00:00,83.6,83.84,83.55,83.83,395,8,0
2023-08-29 06:00:00,83.82,83.83,83.71,83.76,221,8,0
2023-08-29 07:00:00,83.77,83.83,83.75,83.8,94,8,0
2023-08-29 08:00:00,83.79,83.82,83.68,83.71,378,8,0
2023-08-29 09:00:00,83.71,83.78,83.55,83.55,417,8,0
2023-08-29 10:00:00,83.57,84.04,83.56,84.02,1063,8,0
2023-08-29 11:00:00,84.03,84.26,83.93,84.17,1140,8,0
2023-08-29 12:00:00,84.16,84.46,84.09,84.34,952,8,0
2023-08-29 13:00:00,84.35,84.45,84.3,84.38,589,8,0
2023-08-29 14:00:00,84.39,84.53,84.27,84.38,619,8,0
2023-08-29 15:00:00,84.38,84.49,84.2,84.23,1052,7,0
2023-08-29 16:00:00,84.22,84.22,83.47,83.57,2766,8,0
2023-08-29 17:00:00,83.56,84.11,83.22,84.05,3565,8,0
2023-08-29 18:00:00,84.06,84.35,84.02,84.14,2109,8,0
2023-08-29 19:00:00,84.15,84.32,84.03,84.32,1036,8,0
2023-08-29 20:00:00,84.31,84.87,84.23,84.86,1157,8,0
2023-08-29 21:00:00,84.85,84.9,84.59,84.88,1096,8,0
2023-08-29 22:00:00,84.89,84.91,84.78,84.81,257,8,0
2023-08-29 23:00:00,84.82,84.99,84.79,84.87,350,9,0
2023-08-30 03:00:00,84.95,85.0,84.91,84.94,204,8,0
2023-08-30 04:00:00,84.95,85.2,84.95,85.18,618,8,0
2023-08-30 05:00:00,85.19,85.19,85.0,85.02,338,8,0
2023-08-30 06:00:00,85.03,85.11,85.01,85.1,185,8,0
2023-08-30 07:00:00,85.11,85.16,85.07,85.09,119,8,0
2023-08-30 08:00:00,85.08,85.16,85.07,85.12,296,8,0
2023-08-30 09:00:00,85.11,85.22,85.07,85.13,608,7,0
2023-08-30 10:00:00,85.14,85.3,85.11,85.21,842,7,0
2023-08-30 11:00:00,85.2,85.22,84.73,85.11,1670,8,0
2023-08-30 12:00:00,85.12,85.36,85.08,85.31,836,9,0
2023-08-30 13:00:00,85.3,85.43,85.19,85.29,789,9,0
2023-08-30 14:00:00,85.28,85.36,85.22,85.26,621,9,0
2023-08-30 15:00:00,85.25,85.27,85.01,85.02,1264,7,0
2023-08-30 16:00:00,85.02,85.56,84.98,85.44,2456,7,0
2023-08-30 17:00:00,85.41,85.58,84.85,85.01,3549,7,0
2023-08-30 18:00:00,85.01,85.13,84.49,84.9,3510,7,0
2023-08-30 19:00:00,84.89,85.01,84.5,84.95,1848,9,0
2023-08-30 20:00:00,84.94,85.07,84.67,84.88,1975,9,0
2023-08-30 21:00:00,84.87,85.2,84.78,85.11,1663,9,0
2023-08-30 22:00:00,85.11,85.16,85.05,85.16,471,8,0
2023-08-30 23:00:00,85.15,85.2,84.94,85.15,216,9,0
2023-08-31 03:00:00,85.13,85.27,85.09,85.21,234,8,0
2023-08-31 04:00:00,85.2,85.26,85.12,85.12,407,9,0
2023-08-31 05:00:00,85.12,85.16,84.99,85.01,293,9,0
2023-08-31 06:00:00,85.0,85.1,84.96,85.09,254,8,0
2023-08-31 07:00:00,85.1,85.16,85.09,85.13,150,8,0
2023-08-31 08:00:00,85.14,85.23,85.08,85.19,315,9,0
2023-08-31 09:00:00,85.2,85.23,84.97,85.02,543,10,0
2023-08-31 10:00:00,85.03,85.36,84.96,85.36,762,9,0
2023-08-31 11:00:00,85.35,85.39,85.15,85.36,1036,9,0
2023-08-31 12:00:00,85.35,85.6,85.22,85.39,908,9,0
2023-08-31 13:00:00,85.4,85.66,85.33,85.61,699,9,0
2023-08-31 14:00:00,85.6,85.82,85.6,85.73,626,9,0
2023-08-31 15:00:00,85.74,86.05,85.66,85.99,1286,7,0
2023-08-31 16:00:00,85.99,86.12,85.74,85.95,2552,7,0
2023-08-31 17:00:00,85.99,86.41,85.9,86.16,2381,7,0
2023-08-31 18:00:00,86.18,86.23,85.34,85.54,2486,7,0
2023-08-31 19:00:00,85.53,85.79,85.46,85.76,1546,7,0
2023-08-31 20:00:00,85.76,86.41,85.74,86.4,1733,7,0
2023-08-31 21:00:00,86.4,86.75,86.34,86.5,1495,7,0
2023-08-31 22:00:00,86.5,86.65,86.47,86.63,345,8,0
2023-08-31 23:00:00,86.63,86.73,86.43,86.44,241,9,0
2023-09-01 03:00:00,86.63,86.73,86.58,86.67,272,8,0
2023-09-01 04:00:00,86.68,86.83,86.68,86.8,862,8,0
2023-09-01 05:00:00,86.79,86.9,86.76,86.78,386,8,0
2023-09-01 06:00:00,86.79,86.89,86.74,86.89,217,8,0
2023-09-01 07:00:00,86.89,86.91,86.84,86.86,137,8,0
2023-09-01 08:00:00,86.85,86.94,86.84,86.89,391,8,0
2023-09-01 09:00:00,86.9,87.05,86.83,86.87,601,8,0
2023-09-01 10:00:00,86.86,87.12,86.82,86.98,823,8,0
2023-09-01 11:00:00,86.97,87.18,86.78,87.05,1089,7,0
2023-09-01 12:00:00,87.05,87.58,87.02,87.55,840,7,0
2023-09-01 13:00:00,87.55,87.8,87.51,87.77,771,7,0
2023-09-01 14:00:00,87.76,87.84,87.52,87.66,728,7,0
2023-09-01 15:00:00,87.67,87.84,87.21,87.79,1025,7,0
2023-09-01 16:00:00,87.78,88.12,87.47,88.09,2113,9,0
2023-09-01 17:00:00,88.08,88.23,87.67,88.12,1478,9,0
2023-09-01 18:00:00,88.13,88.14,87.51,87.98,2517,8,0
2023-09-01 19:00:00,87.97,88.25,87.9,88.22,1484,9,0
2023-09-01 20:00:00,88.21,88.4,88.13,88.39,1396,9,0
2023-09-01 21:00:00,88.38,88.55,88.16,88.53,1228,10,0
2023-09-01 22:00:00,88.53,88.64,88.5,88.61,435,8,0
2023-09-01 23:00:00,88.62,88.68,88.54,88.61,228,9,0
2023-09-04 01:00:00,88.62,88.66,88.42,88.62,262,9,0
2023-09-04 02:00:00,88.61,88.63,88.52,88.53,166,9,0
2023-09-04 03:00:00,88.52,88.6,88.42,88.53,254,8,0
2023-09-04 04:00:00,88.52,88.55,88.26,88.32,1065,10,0
2023-09-04 05:00:00,88.31,88.41,88.29,88.36,434,9,0
2023-09-04 06:00:00,88.36,88.37,88.28,88.35,276,8,0
2023-09-04 07:00:00,88.34,88.37,88.31,88.34,162,9,0
2023-09-04 08:00:00,88.34,88.4,88.2,88.23,367,9,0
2023-09-04 09:00:00,88.23,88.32,88.15,88.27,681,8,0
2023-09-04 10:00:00,88.26,88.49,88.24,88.48,974,9,0
2023-09-04 11:00:00,88.49,88.5,88.06,88.23,1206,9,0
2023-09-04 12:00:00,88.22,88.44,88.17,88.36,760,9,0
2023-09-04 13:00:00,88.35,88.56,88.35,88.41,664,9,0
2023-09-04 14:00:00,88.42,88.46,88.31,88.34,459,9,0
2023-09-04 15:00:00,88.35,88.41,88.26,88.28,638,8,0
2023-09-04 16:00:00,88.29,88.68,88.24,88.66,1301,9,0
2023-09-04 17:00:00,88.65,88.74,88.45,88.7,1205,9,0
2023-09-04 18:00:00,88.71,88.79,88.6,88.69,1050,9,0
2023-09-04 19:00:00,88.68,88.98,88.56,88.75,777,9,0
2023-09-04 20:00:00,88.74,88.84,88.72,88.73,178,8,0
2023-09-05 03:00:00,88.57,88.7,88.57,88.62,262,8,0
2023-09-05 04:00:00,88.61,88.82,88.42,88.48,475,9,0
2023-09-05 05:00:00,88.47,88.57,88.37,88.55,326,8,0
2023-09-05 06:00:00,88.56,88.71,88.52,88.69,246,9,0
2023-09-05 07:00:00,88.66,88.72,88.63,88.64,176,8,0
2023-09-05 08:00:00,88.65,88.7,88.52,88.52,371,9,0
2023-09-05 09:00:00,88.51,88.56,88.36,88.45,511,8,0
2023-09-05 10:00:00,88.46,88.49,88.02,88.03,1148,9,0
2023-09-05 11:00:00,88.02,88.17,87.82,88.17,1470,9,0
2023-09-05 12:00:00,88.18,88.37,88.13,88.3,799,9,0
2023-09-05 13:00:00,88.31,88.35,87.88,88.07,737,9,0
2023-09-05 14:00:00,88.08,88.33,88.02,88.16,648,9,0
2023-09-05 15:00:00,88.15,88.35,88.04,88.26,1378,9,0
2023-09-05 16:00:00,88.27,90.45,88.26,90.03,6517,7,0
2023-09-05 17:00:00,90.04,90.07,89.21,89.6,3640,9,0
2023-09-05 18:00:00,89.61,90.88,89.49,90.64,3461,8,0
2023-09-05 19:00:00,90.63,90.74,90.33,90.35,1921,8,0
2023-09-05 20:00:00,90.34,90.36,89.72,89.74,2062,9,0
2023-09-05 21:00:00,89.74,89.84,89.46,89.68,2164,9,0
2023-09-05 22:00:00,89.67,89.83,89.57,89.79,396,9,0
2023-09-05 23:00:00,89.78,89.82,89.53,89.55,186,9,0
2023-09-06 03:00:00,89.84,89.96,89.8,89.86,309,8,0
2023-09-06 04:00:00,89.87,90.04,89.79,89.85,661,11,0
2023-09-06 05:00:00,89.85,89.93,89.82,89.92,461,9,0
2023-09-06 06:00:00,89.91,89.92,89.74,89.83,398,9,0
2023-09-06 07:00:00,89.82,89.84,89.73,89.73,165,8,0
2023-09-06 08:00:00,89.74,89.9,89.69,89.7,437,8,0
2023-09-06 09:00:00,89.71,89.77,89.54,89.64,728,10,0
2023-09-06 10:00:00,89.63,89.64,89.3,89.39,1127,9,0
2023-09-06 11:00:00,89.4,89.47,89.0,89.02,1449,8,0
2023-09-06 12:00:00,89.02,89.26,89.0,89.23,816,7,0
2023-09-06 13:00:00,89.23,89.47,89.2,89.29,824,7,0
2023-09-06 14:00:00,89.28,89.38,89.17,89.31,682,7,0
2023-09-06 15:00:00,89.31,89.56,89.18,89.4,1607,7,0
2023-09-06 16:00:00,89.41,90.03,89.2,89.98,3188,7,0
2023-09-06 17:00:00,89.97,89.99,89.18,89.24,2936,7,0
2023-09-06 18:00:00,89.24,90.06,89.19,90.0,2707,7,0
2023-09-06 19:00:00,90.01,90.48,89.94,90.38,1932,7,0
2023-09-06 20:00:00,90.38,90.76,90.19,90.61,1786,7,0
2023-09-06 21:00:00,90.61,90.81,90.27,90.46,1491,7,0
2023-09-06 22:00:00,90.46,90.54,90.41,90.53,369,8,0
2023-09-06 23:00:00,90.52,90.53,90.12,90.32,290,8,0
2023-09-07 03:00:00,90.42,90.47,90.33,90.45,278,8,0
2023-09-07 04:00:00,90.46,90.57,90.29,90.31,1059,8,0
2023-09-07 05:00:00,90.3,90.35,90.1,90.11,640,8,0
2023-09-07 06:00:00,90.1,90.12,90.0,90.06,369,8,0
2023-09-07 07:00:00,90.05,90.08,89.98,89.99,200,8,0
2023-09-07 08:00:00,89.98,90.02,89.87,89.92,413,8,0
2023-09-07 09:00:00,89.92,90.08,89.87,89.98,700,8,0
2023-09-07 10:00:00,89.99,90.17,89.81,90.05,960,7,0
2023-09-07 11:00:00,90.04,90.16,89.77,90.01,1348,7,0
2023-09-07 12:00:00,90.0,90.07,89.59,89.74,1086,7,0
2023-09-07 13:00:00,89.75,89.97,89.75,89.9,739,7,0
2023-09-07 14:00:00,89.91,89.96,89.74,89.84,669,7,0
2023-09-07 15:00:00,89.83,90.11,89.75,90.1,1494,7,0
2023-09-07 16:00:00,90.09,90.38,89.84,89.9,3684,7,0
2023-09-07 17:00:00,89.89,90.33,89.88,90.04,2849,7,0
2023-09-07 18:00:00,90.06,90.35,89.96,90.12,3185,7,0
2023-09-07 19:00:00,90.11,90.11,89.2,89.27,1853,7,0
2023-09-07 20:00:00,89.27,89.76,89.17,89.64,2005,7,0
2023-09-07 21:00:00,89.64,89.84,89.56,89.69,1448,7,0
2023-09-07 22:00:00,89.7,89.79,89.66,89.75,465,8,0
2023-09-07 23:00:00,89.74,89.74,89.24,89.45,316,9,0
2023-09-08 03:00:00,89.46,89.49,89.19,89.3,316,8,0
2023-09-08 04:00:00,89.31,89.54,89.13,89.16,937,8,0
2023-09-08 05:00:00,89.15,89.29,89.1,89.13,488,8,0
2023-09-08 06:00:00,89.12,89.15,89.04,89.07,394,8,0
2023-09-08 07:00:00,89.06,89.07,88.97,88.99,183,8,0
2023-09-08 08:00:00,88.99,89.2,88.97,89.16,448,8,0
2023-09-08 09:00:00,89.16,89.39,89.13,89.38,743,8,0
2023-09-08 10:00:00,89.37,89.53,89.23,89.44,1146,7,0
2023-09-08 11:00:00,89.44,89.81,89.37,89.54,1514,7,0
2023-09-08 12:00:00,89.53,90.07,89.34,90.06,1321,7,0
2023-09-08 13:00:00,90.05,90.23,90.02,90.2,1179,8,0
2023-09-08 14:00:00,90.21,90.31,90.08,90.26,953,7,0
2023-09-08 15:00:00,90.26,90.44,90.24,90.39,1160,7,0
2023-09-08 16:00:00,90.4,90.44,89.71,89.92,3712,7,0
2023-09-08 17:00:00,89.93,90.64,89.84,90.51,2934,7,0
2023-09-08 18:00:00,90.5,90.64,90.31,90.44,2366,6,0
2023-09-08 19:00:00,90.43,90.68,90.31,90.4,1675,7,0
2023-09-08 20:00:00,90.41,90.47,90.15,90.46,1529,7,0
2023-09-08 21:00:00,90.45,90.57,90.23,90.23,1246,7,0
2023-09-08 22:00:00,90.22,90.3,90.16,90.18,301,8,0
2023-09-08 23:00:00,90.18,90.23,90.02,90.05,180,9,0
2023-09-11 01:00:00,90.2,90.2,89.89,90.05,391,9,0
2023-09-11 02:00:00,90.05,90.05,89.94,90.02,159,8,0
2023-09-11 03:00:00,90.03,90.04,89.79,89.93,418,8,0
2023-09-11 04:00:00,89.92,90.05,89.79,89.98,1415,7,0
2023-09-11 05:00:00,89.99,90.18,89.92,90.13,676,8,0
2023-09-11 06:00:00,90.14,90.18,90.08,90.1,327,8,0
2023-09-11 07:00:00,90.11,90.22,90.09,90.19,282,8,0
2023-09-11 08:00:00,90.18,90.48,90.17,90.26,790,8,0
2023-09-11 09:00:00,90.25,90.26,90.04,90.15,894,7,0
2023-09-11 10:00:00,90.15,90.47,90.02,90.36,1288,7,0
2023-09-11 11:00:00,90.36,90.38,89.87,89.97,1789,7,0
2023-09-11 12:00:00,89.96,90.19,89.93,90.07,1226,7,0
2023-09-11 13:00:00,90.07,90.17,89.89,90.12,868,7,0
2023-09-11 14:00:00,90.12,90.17,89.94,90.07,1045,7,0
2023-09-11 15:00:00,90.08,90.34,90.04,90.23,996,7,0
2023-09-11 16:00:00,90.23,91.12,90.19,90.55,3249,7,0
2023-09-11 17:00:00,90.54,90.8,90.35,90.46,2741,7,0
2023-09-11 18:00:00,90.47,90.53,89.97,90.43,2486,7,0
2023-09-11 19:00:00,90.42,90.57,90.35,90.51,1360,7,0
2023-09-11 20:00:00,90.51,90.56,90.26,90.28,1197,7,0
2023-09-11 21:00:00,90.28,90.44,90.12,90.29,1519,8,0
2023-09-11 22:00:00,90.28,90.28,90.18,90.22,356,8,0
2023-09-11 23:00:00,90.22,90.31,90.02,90.24,194,9,0
2023-09-12 03:00:00,90.27,90.29,90.18,90.22,211,8,0
2023-09-12 04:00:00,90.21,90.34,90.17,90.26,688,8,0
2023-09-12 05:00:00,90.26,90.66,90.24,90.61,783,8,0
2023-09-12 06:00:00,90.6,90.68,90.57,90.68,347,8,0
2023-09-12 07:00:00,90.67,90.76,90.6,90.74,242,8,0
2023-09-12 08:00:00,90.73,90.74,90.51,90.61,441,8,0
2023-09-12 09:00:00,90.62,90.62,90.42,90.43,676,8,0
2023-09-12 10:00:00,90.44,90.61,90.36,90.56,1228,8,0
2023-09-12 11:00:00,90.56,90.81,90.51,90.75,1223,7,0
2023-09-12 12:00:00,90.75,91.03,90.72,90.86,922,7,0
2023-09-12 13:00:00,90.86,90.99,90.81,90.88,875,7,0
2023-09-12 14:00:00,90.87,90.95,90.73,90.89,968,7,0
2023-09-12 15:00:00,90.89,91.32,90.84,91.3,1702,7,0
2023-09-12 16:00:00,91.31,91.9,91.17,91.63,3171,7,0
2023-09-12 17:00:00,91.63,91.83,91.37,91.75,2506,7,0
2023-09-12 18:00:00,91.75,91.95,91.63,91.75,1904,7,0
2023-09-12 19:00:00,91.75,91.85,91.65,91.75,1261,7,0
2023-09-12 20:00:00,91.75,91.97,91.7,91.77,1168,7,0
2023-09-12 21:00:00,91.76,91.89,91.6,91.69,1361,8,0
2023-09-12 22:00:00,91.68,91.81,91.67,91.72,427,8,0
2023-09-12 23:00:00,91.72,91.74,91.33,91.54,299,9,0
2023-09-13 03:00:00,91.59,91.71,91.58,91.69,307,8,0
2023-09-13 04:00:00,91.7,91.86,91.68,91.72,646,8,0
2023-09-13 05:00:00,91.71,91.77,91.55,91.57,527,8,0
2023-09-13 06:00:00,91.58,91.79,91.52,91.76,384,8,0
2023-09-13 07:00:00,91.76,91.83,91.74,91.83,139,8,0
2023-09-13 08:00:00,91.84,91.91,91.75,91.79,456,8,0
2023-09-13 09:00:00,91.78,91.83,91.62,91.81,680,8,0
2023-09-13 10:00:00,91.8,92.26,91.76,92.04,1106,7,0
2023-09-13 11:00:00,92.03,92.35,91.92,92.15,1230,7,0
2023-09-13 12:00:00,92.16,92.22,92.02,92.12,965,7,0
2023-09-13 13:00:00,92.12,92.19,91.98,92.19,800,7,0
2023-09-13 14:00:00,92.18,92.22,91.97,92.0,633,7,0
2023-09-13 15:00:00,92.01,92.2,91.79,91.98,1231,7,0
2023-09-13 16:00:00,91.99,92.02,91.36,91.64,2788,9,0
2023-09-13 17:00:00,91.65,92.08,91.13,91.9,3811,9,0
2023-09-13 18:00:00,91.91,92.04,91.57,91.67,3145,9,0
2023-09-13 19:00:00,91.68,91.79,91.29,91.54,1487,9,0
2023-09-13 20:00:00,91.54,91.57,91.18,91.37,1240,9,0
2023-09-13 21:00:00,91.38,91.55,91.2,91.48,1380,9,0
2023-09-13 22:00:00,91.49,91.67,91.45,91.66,407,9,0
2023-09-13 23:00:00,91.66,91.76,91.47,91.49,194,9,0
2023-09-14 03:00:00,91.57,91.78,91.53,91.73,232,9,0
2023-09-14 04:00:00,91.74,91.88,91.7,91.83,655,10,0
2023-09-14 05:00:00,91.83,91.87,91.73,91.74,624,9,0
2023-09-14 06:00:00,91.75,91.83,91.71,91.82,274,9,0
2023-09-14 07:00:00,91.82,91.87,91.79,91.86,190,8,0
2023-09-14 08:00:00,91.85,92.0,91.84,91.92,627,9,0
2023-09-14 09:00:00,91.93,92.04,91.83,92.02,659,8,0
2023-09-14 10:00:00,92.01,92.13,91.93,92.1,963,8,0
2023-09-14 11:00:00,92.11,92.23,92.0,92.04,1247,9,0
2023-09-14 12:00:00,92.03,92.07,91.85,92.02,747,9,0
2023-09-14 13:00:00,92.03,92.57,92.02,92.57,959,9,0
2023-09-14 14:00:00,92.56,92.65,92.46,92.65,745,9,0
2023-09-14 15:00:00,92.64,92.82,92.63,92.77,1057,9,0
2023-09-14 16:00:00,92.76,92.95,92.49,92.86,2077,9,0
2023-09-14 17:00:00,92.87,93.16,92.7,92.98,2711,7,0
2023-09-14 18:00:00,92.98,93.13,92.69,93.0,2404,7,0
2023-09-14 19:00:00,92.99,93.28,92.94,93.26,1645,7,0
2023-09-14 20:00:00,93.27,93.37,93.14,93.22,1246,7,0
2023-09-14 21:00:00,93.22,93.33,93.04,93.31,1316,8,0
2023-09-14 22:00:00,93.3,93.42,93.28,93.36,366,8,0
2023-09-14 23:00:00,93.35,93.66,93.33,93.35,458,8,0
2023-09-15 03:00:00,93.4,93.65,93.37,93.54,416,8,0
2023-09-15 04:00:00,93.53,93.74,93.52,93.64,1244,8,0
2023-09-15 05:00:00,93.65,93.79,93.63,93.79,751,8,0
2023-09-15 06:00:00,93.78,94.0,93.76,94.0,481,8,0
2023-09-15 07:00:00,94.01,94.05,93.9,93.92,222,8,0
2023-09-15 08:00:00,93.92,93.92,93.7,93.75,531,8,0
2023-09-15 09:00:00,93.74,93.87,93.67,93.76,1054,8,0
2023-09-15 10:00:00,93.77,93.81,93.54,93.62,1131,7,0
2023-09-15 11:00:00,93.61,93.75,93.37,93.48,1382,7,0
2023-09-15 12:00:00,93.48,93.56,93.26,93.35,983,7,0
2023-09-15 13:00:00,93.34,93.52,93.28,93.44,720,7,0
2023-09-15 14:00:00,93.43,93.59,93.33,93.44,712,7,0
2023-09-15 15:00:00,93.44,93.47,93.17,93.18,1158,7,0
2023-09-15 16:00:00,93.19,93.25,92.13,92.66,3987,7,0
2023-09-15 17:00:00,92.67,93.47,92.64,93.09,3674,7,0
2023-09-15 18:00:00,93.08,93.25,92.79,93.16,2758,7,0
2023-09-15 19:00:00,93.15,93.44,93.12,93.17,1494,7,0
2023-09-15 20:00:00,93.16,93.24,92.97,93.21,1680,7,0
2023-09-15 21:00:00,93.2,93.54,93.0,93.48,1545,7,0
2023-09-15 22:00:00,93.49,93.55,93.39,93.52,452,7,0
2023-09-15 23:00:00,93.53,93.62,93.5,93.62,178,8,0
2023-09-18 01:00:00,93.52,93.52,93.28,93.3,181,9,0
2023-09-18 02:00:00,93.3,93.36,93.25,93.34,101,9,0
2023-09-18 03:00:00,93.35,93.4,93.28,93.39,243,8,0
2023-09-18 04:00:00,93.4,93.6,93.4,93.55,796,8,0
2023-09-18 05:00:00,93.54,93.7,93.54,93.59,525,8,0
2023-09-18 06:00:00,93.6,93.62,93.49,93.6,401,8,0
2023-09-18 07:00:00,93.61,93.89,93.6,93.79,247,8,0
2023-09-18 08:00:00,93.8,93.92,93.69,93.9,440,8,0
2023-09-18 09:00:00,93.91,94.07,93.88,94.05,919,8,0
2023-09-18 10:00:00,94.04,94.06,93.77,93.9,1089,7,0
2023-09-18 11:00:00,93.89,93.92,93.24,93.28,1609,7,0
2023-09-18 12:00:00,93.27,93.71,93.26,93.6,992,7,0
2023-09-18 13:00:00,93.6,93.84,93.55,93.79,862,7,0
2023-09-18 14:00:00,93.79,93.81,93.58,93.65,931,7,0
2023-09-18 15:00:00,93.65,94.13,93.63,94.07,1483,7,0
2023-09-18 16:00:00,94.08,94.12,93.54,93.58,3205,7,0
2023-09-18 17:00:00,93.57,94.17,93.55,93.84,2354,7,0
2023-09-18 18:00:00,93.83,94.15,93.7,93.82,2240,7,0
2023-09-18 19:00:00,93.81,93.92,93.26,93.31,1976,7,0
2023-09-18 20:00:00,93.3,93.39,92.97,93.16,1861,7,0
2023-09-18 21:00:00,93.16,93.63,93.06,93.53,1687,8,0
2023-09-18 22:00:00,93.53,93.72,93.47,93.7,598,8,0
2023-09-18 23:00:00,93.7,93.83,93.5,93.73,540,8,0
2023-09-19 03:00:00,93.73,93.81,93.71,93.78,305,8,0
2023-09-19 04:00:00,93.77,93.85,93.64,93.65,579,8,0
2023-09-19 05:00:00,93.66,93.86,93.54,93.85,536,8,0
2023-09-19 06:00:00,93.84,93.96,93.77,93.94,542,8,0
2023-09-19 07:00:00,93.95,94.05,93.9,93.96,331,8,0
2023-09-19 08:00:00,93.96,93.99,93.83,93.9,563,8,0
2023-09-19 09:00:00,93.91,94.05,93.66,93.86,1050,8,0
2023-09-19 10:00:00,93.85,93.95,93.69,93.74,1217,7,0
2023-09-19 11:00:00,93.74,94.2,93.74,94.08,1594,7,0
2023-09-19 12:00:00,94.09,94.1,93.67,93.88,1529,7,0
2023-09-19 13:00:00,93.88,94.09,93.82,93.88,968,7,0
2023-09-19 14:00:00,93.87,93.94,93.64,93.76,1062,7,0
2023-09-19 15:00:00,93.76,94.57,93.76,94.46,1705,7,0
2023-09-19 16:00:00,94.46,94.86,93.94,94.31,3990,7,0
2023-09-19 17:00:00,94.32,94.48,94.04,94.28,2809,9,0
2023-09-19 18:00:00,94.3,94.49,94.0,94.05,2657,9,0
2023-09-19 19:00:00,94.03,94.13,93.6,93.82,2563,9,0
2023-09-19 20:00:00,93.83,93.84,93.26,93.36,2038,8,0
2023-09-19 21:00:00,93.35,93.68,93.21,93.5,2098,9,0
2023-09-19 22:00:00,93.5,93.74,93.45,93.68,555,8,0
2023-09-19 23:00:00,93.69,93.73,93.33,93.33,349,9,0
2023-09-20 03:00:00,93.44,93.5,93.05,93.06,372,8,0
2023-09-20 04:00:00,93.07,93.17,92.95,92.97,801,9,0
2023-09-20 05:00:00,92.96,92.98,92.35,92.39,678,9,0
2023-09-20 06:00:00,92.39,92.6,92.12,92.16,555,9,0
2023-09-20 07:00:00,92.16,92.51,92.15,92.51,317,8,0
2023-09-20 08:00:00,92.51,92.59,92.28,92.31,506,8,0
2023-09-20 09:00:00,92.3,92.49,92.22,92.35,937,8,0
2023-09-20 10:00:00,92.36,92.61,92.13,92.51,1506,9,0
2023-09-20 11:00:00,92.5,92.52,91.86,92.0,1968,8,0
2023-09-20 12:00:00,92.01,92.54,92.0,92.51,1324,8,0
2023-09-20 13:00:00,92.52,92.86,92.48,92.56,1262,8,0
2023-09-20 14:00:00,92.55,92.84,92.5,92.66,1035,9,0
2023-09-20 15:00:00,92.65,92.75,92.33,92.56,1553,9,0
2023-09-20 16:00:00,92.57,93.09,92.28,93.06,3686,8,0
2023-09-20 17:00:00,93.07,93.36,92.74,93.31,3740,7,0
2023-09-20 18:00:00,93.32,93.69,92.75,92.86,3526,7,0
2023-09-20 19:00:00,92.85,93.4,92.8,93.34,2103,9,0
2023-09-20 20:00:00,93.32,93.37,92.61,92.82,2167,7,0
2023-09-20 21:00:00,92.81,92.83,92.27,92.48,2544,9,0
2023-09-20 22:00:00,92.48,92.52,92.16,92.17,944,9,0
2023-09-20 23:00:00,92.17,92.26,91.86,91.89,323,9,0
2023-09-21 03:00:00,92.04,92.11,92.0,92.04,377,9,0
2023-09-21 04:00:00,92.04,92.04,91.7,91.87,876,11,0
2023-09-21 05:00:00,91.87,91.95,91.71,91.75,425,8,0
2023-09-21 06:00:00,91.75,91.91,91.72,91.8,399,9,0
2023-09-21 07:00:00,91.8,91.83,91.71,91.82,259,9,0
2023-09-21 08:00:00,91.81,91.92,91.75,91.77,485,9,0
2023-09-21 09:00:00,91.76,91.79,91.44,91.53,718,9,0
2023-09-21 10:00:00,91.52,91.63,91.26,91.55,1318,8,0
2023-09-21 11:00:00,91.54,91.69,91.23,91.41,1723,9,0
2023-09-21 12:00:00,91.42,91.8,91.41,91.58,1171,9,0
2023-09-21 13:00:00,91.6,91.77,91.5,91.66,965,8,0
2023-09-21 14:00:00,91.67,92.11,91.63,92.07,1557,9,0
2023-09-21 15:00:00,92.08,92.79,91.99,92.76,2966,9,0
2023-09-21 16:00:00,92.75,93.56,92.75,93.34,4956,8,0
2023-09-21 17:00:00,93.35,93.4,92.79,92.81,4172,9,0
2023-09-21 18:00:00,92.8,93.31,92.36,92.58,3777,8,0
2023-09-21 19:00:00,92.59,92.99,92.53,92.6,2017,9,0
2023-09-21 20:00:00,92.61,92.77,92.42,92.65,2135,7,0
2023-09-21 21:00:00,92.66,92.8,92.25,92.3,2021,7,0
2023-09-21 22:00:00,92.3,92.41,92.25,92.27,497,8,0
2023-09-21 23:00:00,92.28,92.35,91.98,92.0,239,8,0
2023-09-22 03:00:00,92.36,92.5,92.2,92.49,353,8,0
2023-09-22 04:00:00,92.48,92.65,92.4,92.54,958,8,0
2023-09-22 05:00:00,92.55,92.99,92.55,92.84,573,8,0
2023-09-22 06:00:00,92.83,92.96,92.78,92.88,291,7,0
2023-09-22 07:00:00,92.89,92.92,92.84,92.86,144,8,0
2023-09-22 08:00:00,92.86,92.93,92.77,92.82,333,8,0
2023-09-22 09:00:00,92.83,92.84,92.65,92.76,882,8,0
2023-09-22 10:00:00,92.76,92.78,92.38,92.64,1712,7,0
2023-09-22 11:00:00,92.63,92.95,92.3,92.74,2283,6,0
2023-09-22 12:00:00,92.75,93.04,92.62,93.02,1525,7,0
2023-09-22 13:00:00,93.02,93.23,92.96,93.1,1434,7,0
2023-09-22 14:00:00,93.1,93.2,92.97,93.05,1021,7,0
2023-09-22 15:00:00,93.04,93.33,92.86,93.27,1751,7,0
2023-09-22 16:00:00,93.27,93.44,92.9,93.36,4557,6,0
2023-09-22 17:00:00,93.35,93.43,92.73,92.73,3669,7,0
2023-09-22 18:00:00,92.73,92.87,92.26,92.41,3465,7,0
2023-09-22 19:00:00,92.42,92.42,91.67,92.15,2888,7,0
2023-09-22 20:00:00,92.16,92.43,91.95,91.97,2276,7,0
2023-09-22 21:00:00,91.97,92.39,91.91,92.29,2498,7,0
2023-09-22 22:00:00,92.3,92.46,92.29,92.31,657,8,0
2023-09-22 23:00:00,92.31,92.38,92.2,92.23,173,8,0
2023-09-25 01:00:00,92.35,92.46,92.14,92.36,275,9,0
2023-09-25 02:00:00,92.36,92.57,92.32,92.55,175,8,0
2023-09-25 03:00:00,92.55,92.55,92.19,92.34,430,8,0
2023-09-25 04:00:00,92.35,92.48,92.04,92.05,875,7,0
2023-09-25 05:00:00,92.04,92.28,92.04,92.17,640,8,0
2023-09-25 06:00:00,92.18,92.23,92.04,92.09,515,7,0
2023-09-25 07:00:00,92.1,92.45,92.1,92.38,288,8,0
2023-09-25 08:00:00,92.37,92.45,92.21,92.31,797,8,0
2023-09-25 09:00:00,92.32,92.57,92.24,92.49,970,7,0
2023-09-25 10:00:00,92.48,92.76,92.29,92.63,1275,6,0
2023-09-25 11:00:00,92.63,92.72,92.19,92.36,2031,7,0
2023-09-25 12:00:00,92.36,92.42,91.84,92.24,1141,7,0
2023-09-25 13:00:00,92.25,92.29,91.99,92.03,902,7,0
2023-09-25 14:00:00,92.04,92.19,91.81,91.83,1206,7,0
2023-09-25 15:00:00,91.83,92.02,91.63,91.9,2077,7,0
2023-09-25 16:00:00,91.9,92.42,91.79,91.91,3524,7,0
2023-09-25 17:00:00,91.91,92.13,91.3,91.4,3895,7,0
2023-09-25 18:00:00,91.39,91.79,91.23,91.63,2608,7,0
2023-09-25 19:00:00,91.63,92.15,91.63,91.88,1692,7,0
2023-09-25 20:00:00,91.88,92.07,91.75,91.89,1511,6,0
2023-09-25 21:00:00,91.89,92.1,91.8,91.94,2214,7,0
2023-09-25 22:00:00,91.94,92.07,91.87,92.03,624,8,0
2023-09-25 23:00:00,92.03,92.08,91.7,91.91,260,7,0
2023-09-26 03:00:00,91.82,91.83,91.67,91.67,457,8,0
2023-09-26 04:00:00,91.66,91.92,91.59,91.82,712,8,0
2023-09-26 05:00:00,91.83,91.9,91.62,91.64,416,8,0
2023-09-26 06:00:00,91.63,91.64,91.41,91.45,455,8,0
2023-09-26 07:00:00,91.44,91.48,91.37,91.42,225,8,0
2023-09-26 08:00:00,91.43,91.51,91.32,91.38,500,8,0
2023-09-26 09:00:00,91.39,91.42,90.82,90.95,1346,8,0
2023-09-26 10:00:00,90.94,90.94,90.38,90.85,1772,7,0
2023-09-26 11:00:00,90.86,91.01,90.61,90.84,1905,7,0
2023-09-26 12:00:00,90.84,91.15,90.69,91.09,1025,7,0
2023-09-26 13:00:00,91.09,91.29,91.02,91.13,1225,7,0
2023-09-26 14:00:00,91.12,91.26,90.96,91.09,1016,7,0
2023-09-26 15:00:00,91.09,91.5,91.04,91.42,1624,7,0
2023-09-26 16:00:00,91.41,91.81,91.18,91.75,3226,7,0
2023-09-26 17:00:00,91.74,92.26,91.38,92.11,2982,7,0
2023-09-26 18:00:00,92.11,92.54,91.98,92.45,2563,7,0
2023-09-26 19:00:00,92.45,92.65,92.37,92.55,1702,7,0
2023-09-26 20:00:00,92.56,92.63,92.38,92.6,1571,7,0
2023-09-26 21:00:00,92.59,92.62,92.32,92.44,1612,7,0
2023-09-26 22:00:00,92.43,92.53,92.4,92.49,600,8,0
2023-09-26 23:00:00,92.5,92.58,92.23,92.45,303,8,0
2023-09-27 03:00:00,92.44,92.6,92.44,92.48,236,8,0
2023-09-27 04:00:00,92.49,93.07,92.49,93.07,877,6,0
2023-09-27 05:00:00,93.07,93.1,92.95,93.05,627,8,0
2023-09-27 06:00:00,93.06,93.18,93.01,93.11,442,7,0
2023-09-27 07:00:00,93.12,93.15,93.09,93.12,198,8,0
2023-09-27 08:00:00,93.11,93.17,93.07,93.11,360,8,0
2023-09-27 09:00:00,93.1,93.2,92.74,92.75,927,8,0
2023-09-27 10:00:00,92.76,93.01,92.65,92.96,1423,7,0
2023-09-27 11:00:00,92.95,93.23,92.78,93.02,1551,7,0
2023-09-27 12:00:00,93.02,93.22,92.77,93.0,1270,7,0
2023-09-27 13:00:00,92.99,93.37,92.97,93.21,1326,7,0
2023-09-27 14:00:00,93.2,93.55,93.17,93.38,1169,7,0
2023-09-27 15:00:00,93.38,93.78,93.29,93.56,2244,7,0
2023-09-27 16:00:00,93.57,94.04,93.33,93.81,4086,7,0
2023-09-27 17:00:00,93.81,94.25,93.67,93.95,4134,7,0
2023-09-27 18:00:00,93.95,94.65,93.92,94.34,4047,7,0
2023-09-27 19:00:00,94.33,94.64,94.33,94.45,2607,8,0
2023-09-27 20:00:00,94.45,94.5,94.13,94.24,1664,10,0
2023-09-27 21:00:00,94.23,94.59,94.15,94.23,2010,9,0
2023-09-27 22:00:00,94.22,94.33,94.1,94.11,941,9,0
2023-09-27 23:00:00,94.11,94.19,93.88,93.9,373,9,0
2023-09-28 03:00:00,94.2,94.83,94.19,94.75,793,9,0
2023-09-28 04:00:00,94.75,95.09,94.64,94.79,1385,10,0
2023-09-28 05:00:00,94.78,94.93,94.58,94.74,855,10,0
2023-09-28 06:00:00,94.74,94.76,94.62,94.68,308,9,0
2023-09-28 07:00:00,94.69,94.78,94.65,94.74,283,8,0
2023-09-28 08:00:00,94.73,94.78,94.59,94.74,638,9,0
2023-09-28 09:00:00,94.73,94.8,94.55,94.8,1072,9,0
2023-09-28 10:00:00,94.79,94.86,94.56,94.64,1658,9,0
2023-09-28 11:00:00,94.65,94.65,93.84,94.21,2846,7,0
2023-09-28 12:00:00,94.21,94.25,93.64,93.66,2028,7,0
2023-09-28 13:00:00,93.67,94.01,93.49,93.9,1715,7,0
2023-09-28 14:00:00,93.89,93.97,93.59,93.81,1540,7,0
2023-09-28 15:00:00,93.8,93.92,93.38,93.58,2473,7,0
2023-09-28 16:00:00,93.58,93.79,93.32,93.52,3621,7,0
2023-09-28 17:00:00,93.51,93.81,93.18,93.39,3600,7,0
2023-09-28 18:00:00,93.39,93.97,93.39,93.6,3633,7,0
2023-09-28 19:00:00,93.61,93.67,93.18,93.25,2392,6,0
2023-09-28 20:00:00,93.26,93.31,92.63,92.72,2703,7,0
2023-09-28 21:00:00,92.72,92.94,92.55,92.85,2484,7,0
2023-09-28 22:00:00,92.86,93.02,92.81,92.92,637,8,0
2023-09-28 23:00:00,92.9,92.97,92.65,92.67,277,9,0
2023-09-29 03:00:00,92.71,92.84,92.65,92.74,401,8,0
2023-09-29 04:00:00,92.75,93.14,92.66,93.13,524,6,0
2023-09-29 05:00:00,93.12,93.15,92.93,92.99,353,8,0
2023-09-29 06:00:00,92.98,93.0,92.89,92.94,238,8,0
2023-09-29 07:00:00,92.93,92.93,92.84,92.86,162,8,0
2023-09-29 08:00:00,92.86,92.88,92.62,92.77,538,8,0
2023-09-29 09:00:00,92.76,92.9,92.61,92.79,871,7,0
2023-09-29 10:00:00,92.79,93.09,92.62,92.75,1468,7,0
2023-09-29 11:00:00,93.0,93.06,92.48,92.66,1617,7,0
2023-09-29 12:00:00,92.65,93.22,92.56,93.17,1320,7,0
2023-09-29 13:00:00,93.16,93.47,93.08,93.44,1088,7,0
2023-09-29 14:00:00,93.43,93.79,93.39,93.7,1706,7,0
2023-09-29 15:00:00,93.7,93.84,93.58,93.62,1674,7,0
2023-09-29 16:00:00,93.62,93.64,92.41,92.57,4587,7,0
2023-09-29 17:00:00,92.56,92.69,91.88,91.96,4604,6,0
2023-09-29 18:00:00,91.96,92.44,91.8,92.23,3404,7,0
2023-09-29 19:00:00,92.23,92.76,92.1,92.59,2699,7,0
2023-09-29 20:00:00,92.59,92.62,91.67,91.87,2303,7,0
2023-09-29 21:00:00,91.87,92.08,91.72,91.82,1862,8,0
2023-09-29 22:00:00,91.81,92.16,91.71,91.95,822,7,0
2023-09-29 23:00:00,91.96,92.03,91.83,91.83,320,8,0
2023-10-02 01:00:00,91.85,92.13,91.84,92.12,344,8,0
2023-10-02 02:00:00,92.13,92.19,92.05,92.1,165,8,0
2023-10-02 03:00:00,92.09,92.16,91.98,91.98,334,8,0
2023-10-02 04:00:00,91.97,92.16,91.85,92.07,259,8,0
2023-10-02 05:00:00,92.08,92.09,92.02,92.07,94,8,0
2023-10-02 06:00:00,92.08,92.17,92.06,92.1,188,8,0
2023-10-02 07:00:00,92.1,92.1,91.95,91.95,335,8,0
2023-10-02 08:00:00,91.96,92.01,91.85,91.87,256,8,0
2023-10-02 09:00:00,91.88,92.38,91.86,92.37,553,7,0
2023-10-02 10:00:00,92.37,92.37,91.65,91.94,1646,7,0
2023-10-02 11:00:00,91.93,92.31,91.92,92.22,1865,7,0
2023-10-02 12:00:00,92.23,92.66,91.96,92.62,1356,7,0
2023-10-02 13:00:00,92.63,92.95,92.56,92.69,1182,7,0
2023-10-02 14:00:00,92.7,92.88,92.37,92.41,1110,7,0
2023-10-02 15:00:00,92.42,92.61,92.13,92.14,1734,7,0
2023-10-02 16:00:00,92.13,92.44,91.24,91.57,4476,7,0
2023-10-02 17:00:00,91.56,91.83,90.35,90.79,4849,7,0
2023-10-02 18:00:00,90.8,91.05,90.31,90.62,3267,7,0
2023-10-02 19:00:00,90.62,90.99,90.62,90.76,2331,6,0
2023-10-02 20:00:00,90.75,90.79,90.31,90.35,1628,7,0
2023-10-02 21:00:00,90.35,90.47,90.02,90.14,1467,8,0
2023-10-02 22:00:00,90.15,90.26,90.08,90.2,555,7,0
2023-10-02 23:00:00,90.21,90.27,89.83,89.85,228,9,0
2023-10-03 03:00:00,89.97,89.99,89.76,89.78,347,8,0
2023-10-03 04:00:00,89.78,89.78,89.31,89.35,434,8,0
2023-10-03 05:00:00,89.35,89.46,89.23,89.24,469,8,0
2023-10-03 06:00:00,89.25,89.63,89.23,89.61,314,8,0
2023-10-03 07:00:00,89.61,89.63,89.35,89.45,352,8,0
2023-10-03 08:00:00,89.44,89.46,89.15,89.22,493,8,0
2023-10-03 09:00:00,89.21,90.06,89.19,90.04,940,8,0
2023-10-03 10:00:00,90.03,90.04,89.56,89.99,1509,7,0
2023-10-03 11:00:00,89.98,90.34,89.82,90.3,1720,7,0
2023-10-03 12:00:00,90.29,90.39,90.18,90.29,1023,7,0
2023-10-03 13:00:00,90.29,90.36,89.68,89.72,1270,7,0
2023-10-03 14:00:00,89.71,89.86,89.59,89.74,1345,7,0
2023-10-03 15:00:00,89.74,90.29,89.67,90.03,1876,7,0
2023-10-03 16:00:00,90.03,90.7,89.3,90.4,5323,7,0
2023-10-03 17:00:00,90.41,90.54,89.82,90.13,3647,7,0
2023-10-03 18:00:00,90.12,90.98,90.06,90.88,3665,7,0
2023-10-03 19:00:00,90.89,91.12,90.71,90.76,2557,7,0
2023-10-03 20:00:00,90.76,90.85,90.57,90.61,1768,7,0
2023-10-03 21:00:00,90.61,90.66,90.36,90.62,1490,7,0
2023-10-03 22:00:00,90.62,90.71,90.54,90.71,472,8,0
2023-10-03 23:00:00,90.7,90.73,90.34,90.34,361,8,0
2023-10-04 03:00:00,90.49,90.68,90.41,90.61,432,8,0
2023-10-04 04:00:00,90.61,90.63,90.1,90.3,674,8,0
2023-10-04 05:00:00,90.31,90.42,90.18,90.42,433,8,0
2023-10-04 06:00:00,90.43,90.43,90.26,90.33,218,8,0
2023-10-04 07:00:00,90.32,90.39,90.21,90.36,279,8,0
2023-10-04 08:00:00,90.37,90.41,90.12,90.23,412,8,0
2023-10-04 09:00:00,90.22,90.26,89.98,90.03,667,7,0
2023-10-04 10:00:00,90.02,90.03,89.6,89.62,1788,7,0
2023-10-04 11:00:00,89.61,90.03,89.41,89.99,2520,7,0
2023-10-04 12:00:00,90.0,90.06,89.37,89.52,1758,7,0
2023-10-04 13:00:00,89.51,89.62,88.7,88.92,1978,6,0
2023-10-04 14:00:00,88.92,88.99,88.69,88.94,1462,7,0
2023-10-04 15:00:00,88.93,88.99,88.28,88.82,2564,6,0
2023-10-04 16:00:00,88.81,88.98,87.73,88.03,3590,7,0
2023-10-04 17:00:00,88.0,88.06,87.07,87.17,4329,7,0
2023-10-04 18:00:00,87.16,87.56,86.59,86.65,3221,7,0
2023-10-04 19:00:00,86.65,86.71,86.31,86.43,2505,7,0
2023-10-04 20:00:00,86.42,86.48,85.35,85.35,2195,7,0
2023-10-04 21:00:00,85.36,85.86,85.27,85.69,2427,6,0
2023-10-04 22:00:00,85.7,85.81,85.52,85.67,604,7,0
2023-10-04 23:00:00,85.67,85.75,85.33,85.33,342,9,0
2023-10-05 03:00:00,85.3,85.55,85.28,85.55,508,8,0
2023-10-05 04:00:00,85.54,85.59,85.41,85.51,382,8,0
2023-10-05 05:00:00,85.52,85.79,85.5,85.79,297,7,0
2023-10-05 06:00:00,85.78,85.95,85.75,85.85,367,8,0
2023-10-05 07:00:00,85.85,85.93,85.76,85.85,276,8,0
2023-10-05 08:00:00,85.84,85.89,85.63,85.69,471,8,0
2023-10-05 09:00:00,85.68,85.94,85.68,85.91,751,8,0
2023-10-05 10:00:00,85.9,85.9,85.06,85.42,2057,7,0
2023-10-05 11:00:00,85.41,85.61,84.35,84.35,2740,7,0
2023-10-05 12:00:00,84.36,84.91,84.29,84.46,1788,7,0
2023-10-05 13:00:00,84.46,84.54,83.6,83.65,1911,7,0
2023-10-05 14:00:00,83.66,84.34,83.57,84.34,2018,7,0
2023-10-05 15:00:00,84.33,85.15,84.32,84.62,3118,7,0
2023-10-05 16:00:00,84.61,84.79,83.82,84.62,5626,6,0
2023-10-05 17:00:00,84.63,85.39,84.25,84.81,5765,7,0
2023-10-05 18:00:00,84.8,84.89,83.31,83.61,4456,7,0
2023-10-05 19:00:00,83.62,84.34,83.38,83.82,3438,6,0
2023-10-05 20:00:00,83.83,84.31,83.54,84.24,2549,7,0
2023-10-05 21:00:00,84.24,84.25,83.45,83.58,2360,7,0
2023-10-05 22:00:00,83.58,83.79,83.53,83.67,757,8,0
2023-10-05 23:00:00,83.68,83.8,83.5,83.72,369,8,0
2023-10-06 03:00:00,83.91,84.07,83.89,84.05,462,8,0
2023-10-06 04:00:00,84.04,84.04,83.77,83.81,450,8,0
2023-10-06 05:00:00,83.8,83.9,83.79,83.88,256,8,0
2023-10-06 06:00:00,83.88,83.88,83.73,83.77,205,8,0
2023-10-06 07:00:00,83.78,83.78,83.6,83.64,182,8,0
2023-10-06 08:00:00,83.65,83.68,83.5,83.57,302,8,0
2023-10-06 09:00:00,83.56,83.85,83.46,83.69,960,8,0
2023-10-06 10:00:00,83.68,84.24,83.24,84.02,2100,7,0
2023-10-06 11:00:00,84.01,84.01,83.59,83.66,1909,7,0
2023-10-06 12:00:00,83.65,83.76,83.29,83.44,1425,7,0
2023-10-06 13:00:00,83.43,83.94,83.43,83.79,1502,7,0
2023-10-06 14:00:00,83.8,83.8,83.47,83.55,1589,7,0
2023-10-06 15:00:00,83.55,84.09,82.94,83.81,3470,7,0
2023-10-06 16:00:00,83.8,84.34,83.03,83.43,4943,7,0
2023-10-06 17:00:00,83.44,83.67,83.03,83.63,4965,7,0
2023-10-06 18:00:00,83.62,84.27,83.46,84.14,3948,7,0
2023-10-06 19:00:00,84.13,84.37,83.82,83.84,2598,7,0
2023-10-06 20:00:00,83.83,84.05,83.72,83.9,2165,7,0
2023-10-06 21:00:00,83.9,84.25,83.8,84.05,1731,7,0
2023-10-06 22:00:00,84.05,84.09,83.81,83.87,767,8,0
2023-10-06 23:00:00,83.86,83.92,83.71,83.8,266,8,0
2023-10-09 01:00:00,85.47,87.4,85.34,87.29,2773,9,0
2023-10-09 02:00:00,87.28,87.42,86.5,86.64,1112,11,0
2023-10-09 03:00:00,86.65,87.48,86.59,87.41,1386,10,0
2023-10-09 04:00:00,87.43,88.31,87.34,87.37,3037,10,0
2023-10-09 05:00:00,87.36,87.38,86.94,87.05,1222,9,0
2023-10-09 06:00:00,87.06,87.19,86.87,86.98,820,9,0
2023-10-09 07:00:00,86.98,87.07,86.74,86.76,463,9,0
2023-10-09 08:00:00,86.75,86.98,86.5,86.8,1344,9,0
2023-10-09 09:00:00,86.8,86.96,86.43,86.53,1572,9,0
2023-10-09 10:00:00,86.54,86.82,85.9,85.95,2608,9,0
2023-10-09 11:00:00,85.94,86.51,85.76,86.22,3332,7,0
2023-10-09 12:00:00,86.21,86.76,85.99,86.55,2171,7,0
2023-10-09 13:00:00,86.54,87.14,86.45,86.9,1683,7,0
2023-10-09 14:00:00,86.89,87.13,86.51,87.11,1504,7,0
2023-10-09 15:00:00,87.11,87.34,86.94,86.97,2868,7,0
2023-10-09 16:00:00,86.96,87.15,86.22,86.36,4642,7,0
2023-10-09 17:00:00,86.37,87.56,86.37,87.15,3770,7,0
2023-10-09 18:00:00,87.16,87.52,87.03,87.31,3314,7,0
2023-10-09 19:00:00,87.31,87.47,86.85,87.03,2119,7,0
2023-10-09 20:00:00,87.03,87.44,86.81,86.86,1818,7,0
2023-10-09 21:00:00,86.86,87.54,86.86,87.45,2276,7,0
2023-10-09 22:00:00,87.45,87.52,87.33,87.41,376,7,0
2023-10-09 23:00:00,87.4,87.51,87.18,87.39,215,9,0
2023-10-10 03:00:00,87.4,87.42,87.09,87.17,672,8,0
2023-10-10 04:00:00,87.18,87.3,86.91,87.23,1127,8,0
2023-10-10 05:00:00,87.24,87.37,87.05,87.06,810,8,0
2023-10-10 06:00:00,87.07,87.12,87.02,87.05,372,8,0
2023-10-10 07:00:00,87.06,87.06,86.83,86.94,314,8,0
2023-10-10 08:00:00,86.95,87.07,86.88,86.93,537,8,0
2023-10-10 09:00:00,86.94,86.98,86.64,86.71,879,7,0
2023-10-10 10:00:00,86.7,87.15,86.35,86.9,1986,7,0
2023-10-10 11:00:00,86.91,87.67,86.86,87.51,2604,7,0
2023-10-10 12:00:00,87.53,87.53,87.0,87.04,2044,6,0
2023-10-10 13:00:00,87.03,87.27,86.8,86.9,1595,7,0
2023-10-10 14:00:00,86.89,87.11,86.76,86.96,1676,7,0
2023-10-10 15:00:00,86.97,87.35,86.83,87.03,2354,7,0
2023-10-10 16:00:00,87.04,87.36,86.6,86.65,3969,7,0
2023-10-10 17:00:00,86.66,86.97,86.2,86.6,4171,7,0
2023-10-10 18:00:00,86.59,86.86,86.35,86.81,3506,7,0
2023-10-10 19:00:00,86.82,87.17,86.78,87.13,2080,6,0
2023-10-10 20:00:00,87.12,87.26,86.63,86.96,2189,7,0
2023-10-10 21:00:00,86.96,87.17,86.84,86.88,1769,7,0
2023-10-10 22:00:00,86.87,86.89,86.79,86.83,315,7,0
2023-10-10 23:00:00,86.82,87.01,86.76,86.78,254,9,0
2023-10-11 03:00:00,86.97,87.24,86.97,87.22,363,8,0
2023-10-11 04:00:00,87.22,87.25,86.95,87.02,788,8,0
2023-10-11 05:00:00,87.02,87.23,86.98,87.16,464,8,0
2023-10-11 06:00:00,87.17,87.18,87.09,87.17,233,8,0
2023-10-11 07:00:00,87.17,87.21,87.14,87.16,132,8,0
2023-10-11 08:00:00,87.15,87.29,87.04,87.1,486,8,0
2023-10-11 09:00:00,87.11,87.36,86.97,87.33,738,8,0
2023-10-11 10:00:00,87.32,87.48,87.11,87.21,1150,7,0
2023-10-11 11:00:00,87.19,87.22,86.83,86.85,2084,7,0
2023-10-11 12:00:00,86.86,87.0,86.31,86.41,1922,7,0
2023-10-11 13:00:00,86.4,86.8,86.35,86.7,1027,7,0
2023-10-11 14:00:00,86.69,86.83,86.05,86.44,1496,7,0
2023-10-11 15:00:00,86.44,86.53,86.07,86.15,2500,7,0
2023-10-11 16:00:00,86.15,86.72,85.91,85.98,5876,7,0
2023-10-11 17:00:00,85.98,86.13,84.82,85.13,4914,7,0
2023-10-11 18:00:00,85.13,85.76,84.62,85.25,4417,7,0
2023-10-11 19:00:00,85.25,86.04,85.21,85.85,3243,7,0
2023-10-11 20:00:00,85.86,85.99,85.61,85.66,1757,7,0
2023-10-11 21:00:00,85.66,85.74,84.98,85.59,2902,7,0
2023-10-11 22:00:00,85.58,85.77,85.55,85.69,540,8,0
2023-10-11 23:00:00,85.68,85.71,84.79,84.89,608,8,0
2023-10-12 03:00:00,84.93,85.06,84.85,85.04,440,8,0
2023-10-12 04:00:00,85.03,85.05,84.72,84.84,842,8,0
2023-10-12 05:00:00,84.85,84.88,84.58,84.69,465,8,0
2023-10-12 06:00:00,84.68,84.93,84.67,84.89,369,8,0
2023-10-12 07:00:00,84.88,85.02,84.84,84.98,233,8,0
2023-10-12 08:00:00,84.98,85.0,84.66,84.79,330,8,0
2023-10-12 09:00:00,84.79,85.1,84.68,85.02,809,8,0
2023-10-12 10:00:00,85.03,85.86,85.02,85.84,1956,7,0
2023-10-12 11:00:00,85.84,86.22,85.67,86.08,2118,7,0
2023-10-12 12:00:00,86.07,86.36,85.93,86.1,1268,7,0
2023-10-12 13:00:00,86.09,86.2,85.94,86.03,898,7,0
2023-10-12 14:00:00,86.02,86.53,85.99,86.52,1195,7,0
2023-10-12 15:00:00,86.52,86.86,86.38,86.66,1901,7,0
2023-10-12 16:00:00,86.65,86.87,86.23,86.35,3820,7,0
2023-10-12 17:00:00,86.36,86.79,86.15,86.24,3417,7,0
2023-10-12 18:00:00,86.24,86.76,85.34,85.79,4786,7,0
2023-10-12 19:00:00,85.78,85.84,85.08,85.22,3179,7,0
2023-10-12 20:00:00,85.21,85.4,84.85,85.03,3265,7,0
2023-10-12 21:00:00,85.03,85.67,84.86,85.63,2634,7,0
2023-10-12 22:00:00,85.63,85.7,85.56,85.69,531,8,0
2023-10-12 23:00:00,85.68,85.7,85.33,85.38,250,8,0
2023-10-13 03:00:00,85.65,85.71,85.53,85.6,353,8,0
2023-10-13 04:00:00,85.59,85.69,85.49,85.67,639,8,0
2023-10-13 05:00:00,85.66,85.89,85.59,85.86,493,8,0
2023-10-13 06:00:00,85.85,85.87,85.67,85.73,229,8,0
2023-10-13 07:00:00,85.73,85.85,85.72,85.83,127,8,0
2023-10-13 08:00:00,85.83,85.96,85.83,85.86,418,8,0
2023-10-13 09:00:00,85.87,86.34,85.8,86.32,711,8,0
2023-10-13 10:00:00,86.32,87.09,86.24,87.05,1572,7,0
2023-10-13 11:00:00,87.05,87.53,87.05,87.46,1459,7,0
2023-10-13 12:00:00,87.45,88.31,87.43,88.23,1533,7,0
2023-10-13 13:00:00,88.24,88.45,87.98,88.22,1922,7,0
2023-10-13 14:00:00,88.23,88.66,87.99,88.59,2124,6,0
2023-10-13 15:00:00,88.6,89.04,88.41,88.83,2306,7,0
2023-10-13 16:00:00,88.82,88.83,87.72,87.91,5171,7,0
2023-10-13 17:00:00,87.91,88.64,87.9,88.33,4082,7,0
2023-10-13 18:00:00,88.33,88.84,88.07,88.82,3397,7,0
2023-10-13 19:00:00,88.81,89.2,88.68,89.17,2200,7,0
2023-10-13 20:00:00,89.18,89.55,89.16,89.5,2575,7,0
2023-10-13 21:00:00,89.49,90.05,89.42,89.87,2238,7,0
2023-10-13 22:00:00,89.87,89.96,89.73,89.91,724,8,0
2023-10-13 23:00:00,89.9,90.0,89.84,89.88,428,8,0
2023-10-16 01:00:00,89.78,90.12,89.25,89.74,1345,9,0
2023-10-16 02:00:00,89.76,90.0,89.72,89.76,441,9,0
2023-10-16 03:00:00,89.77,89.78,89.36,89.6,974,9,0
2023-10-16 04:00:00,89.6,89.86,89.37,89.82,1624,11,0
2023-10-16 05:00:00,89.82,90.02,89.76,89.87,682,10,0
2023-10-16 06:00:00,89.87,90.02,89.69,89.92,494,9,0
2023-10-16 07:00:00,89.91,89.92,89.81,89.89,254,8,0
2023-10-16 08:00:00,89.89,89.97,89.5,89.64,618,9,0
2023-10-16 09:00:00,89.64,89.65,89.34,89.37,933,9,0
2023-10-16 10:00:00,89.36,89.8,89.33,89.63,2513,7,0
2023-10-16 11:00:00,89.62,89.79,89.12,89.49,2641,7,0
2023-10-16 12:00:00,89.48,89.87,89.3,89.84,1744,7,0
2023-10-16 13:00:00,89.84,89.9,89.68,89.76,1121,7,0
2023-10-16 14:00:00,89.75,89.88,89.57,89.69,1001,7,0
2023-10-16 15:00:00,89.7,90.37,89.63,90.24,2386,7,0
2023-10-16 16:00:00,90.24,90.24,89.19,89.24,4081,7,0
2023-10-16 17:00:00,89.24,89.41,88.58,89.17,4584,6,0
2023-10-16 18:00:00,89.16,89.49,88.84,88.92,2916,7,0
2023-10-16 19:00:00,88.93,89.27,88.92,89.22,1649,7,0
2023-10-16 20:00:00,89.22,89.31,88.89,89.0,1424,8,0
2023-10-16 21:00:00,89.0,89.17,88.63,88.77,1315,8,0
2023-10-16 22:00:00,88.77,89.12,88.77,89.1,438,8,0
2023-10-16 23:00:00,89.11,89.22,88.89,88.91,251,8,0
2023-10-17 03:00:00,88.9,89.07,88.65,88.89,849,8,0
2023-10-17 04:00:00,88.88,88.88,88.58,88.63,931,8,0
2023-10-17 05:00:00,88.62,88.66,88.26,88.42,588,8,0
2023-10-17 06:00:00,88.42,88.72,88.41,88.7,513,8,0
2023-10-17 07:00:00,88.69,88.73,88.6,88.61,204,8,0
2023-10-17 08:00:00,88.61,88.81,88.53,88.79,607,8,0
2023-10-17 09:00:00,88.8,88.89,88.6,88.79,746,7,0
2023-10-17 10:00:00,88.78,89.15,88.63,88.87,1765,7,0
2023-10-17 11:00:00,88.87,89.09,88.45,88.81,2350,7,0
2023-10-17 12:00:00,88.8,89.13,88.65,89.12,1393,7,0
2023-10-17 13:00:00,89.11,89.13,88.72,89.02,1150,7,0
2023-10-17 14:00:00,89.03,89.19,88.89,88.98,1046,8,0
2023-10-17 15:00:00,88.98,89.14,88.61,88.89,2054,7,0
2023-10-17 16:00:00,88.88,89.17,88.45,88.92,3986,7,0
2023-10-17 17:00:00,88.91,89.46,88.81,89.03,3227,7,0
2023-10-17 18:00:00,89.04,89.28,87.91,88.49,4320,7,0
2023-10-17 19:00:00,88.47,88.6,88.15,88.51,2085,7,0
2023-10-17 20:00:00,88.51,88.71,88.39,88.6,1678,7,0
2023-10-17 21:00:00,88.59,89.07,88.42,88.94,2130,7,0
2023-10-17 22:00:00,88.97,89.38,88.95,89.35,655,8,0
2023-10-17 23:00:00,89.36,89.85,89.31,89.62,628,8,0
2023-10-18 03:00:00,90.3,90.58,90.2,90.22,866,8,0
2023-10-18 04:00:00,90.23,90.83,90.18,90.83,1471,8,0
2023-10-18 05:00:00,90.84,91.03,90.42,90.48,958,8,0
2023-10-18 06:00:00,90.47,90.64,90.38,90.45,411,8,0
2023-10-18 07:00:00,90.46,90.8,90.46,90.54,312,8,0
2023-10-18 08:00:00,90.53,90.55,90.31,90.47,441,8,0
2023-10-18 09:00:00,90.48,90.62,90.22,90.24,835,7,0
2023-10-18 10:00:00,90.24,90.49,90.11,90.42,1538,7,0
2023-10-18 11:00:00,90.42,90.91,90.26,90.84,2025,7,0
2023-10-18 12:00:00,90.84,91.89,90.83,91.41,2356,7,0
2023-10-18 13:00:00,91.4,91.66,91.19,91.26,1421,9,0
2023-10-18 14:00:00,91.27,91.28,90.58,90.67,1683,9,0
2023-10-18 15:00:00,90.68,90.72,90.17,90.19,2815,8,0
2023-10-18 16:00:00,90.18,90.48,89.63,90.14,4936,8,0
2023-10-18 17:00:00,90.13,90.57,89.79,90.34,4228,9,0
2023-10-18 18:00:00,90.33,90.38,89.9,90.2,3535,9,0
2023-10-18 19:00:00,90.19,90.63,90.06,90.49,2072,9,0
2023-10-18 20:00:00,90.48,90.87,90.16,90.33,2027,9,0
2023-10-18 21:00:00,90.34,90.78,90.26,90.54,2237,8,0
2023-10-18 22:00:00,90.53,90.55,90.28,90.34,538,9,0
2023-10-18 23:00:00,90.35,90.39,90.05,90.07,276,9,0
2023-10-19 03:00:00,90.26,90.26,89.63,89.86,627,8,0
2023-10-19 04:00:00,89.85,90.19,89.82,89.99,937,9,0
2023-10-19 05:00:00,89.99,90.11,89.88,89.98,454,9,0
2023-10-19 06:00:00,89.98,90.03,89.91,89.99,299,8,0
2023-10-19 07:00:00,90.0,90.15,89.99,90.15,189,8,0
2023-10-19 08:00:00,90.14,90.21,89.98,90.06,483,8,0
2023-10-19 09:00:00,90.06,90.25,89.91,90.0,907,9,0
2023-10-19 10:00:00,89.99,90.14,89.34,89.34,2086,9,0
2023-10-19 11:00:00,89.33,89.56,88.69,88.84,2705,8,0
2023-10-19 12:00:00,88.83,89.26,88.68,88.97,2033,9,0
2023-10-19 13:00:00,88.96,89.43,88.88,89.27,1203,9,0
2023-10-19 14:00:00,89.28,89.75,89.23,89.67,865,9,0
2023-10-19 15:00:00,89.66,89.93,89.5,89.64,1722,9,0
2023-10-19 16:00:00,89.63,90.06,89.22,89.73,3561,8,0
2023-10-19 17:00:00,89.72,90.06,89.61,90.04,2748,9,0
2023-10-19 18:00:00,90.02,90.56,89.94,90.4,3115,7,0
2023-10-19 19:00:00,90.41,90.95,90.27,90.83,2561,9,0
2023-10-19 20:00:00,90.82,91.28,90.8,91.23,1884,9,0
2023-10-19 21:00:00,91.22,91.9,91.08,91.77,2018,8,0
2023-10-19 22:00:00,91.76,92.18,91.55,92.12,913,11,0
2023-10-19 23:00:00,92.11,92.3,91.81,92.03,443,9,0
2023-10-20 03:00:00,91.93,92.21,91.9,91.94,713,9,0
2023-10-20 04:00:00,91.93,92.11,91.81,91.91,1110,8,0
2023-10-20 05:00:00,91.9,92.24,91.82,92.17,530,9,0
2023-10-20 06:00:00,92.18,92.19,91.98,92.04,281,8,0
2023-10-20 07:00:00,92.07,92.15,91.97,92.06,234,8,0
2023-10-20 08:00:00,92.04,92.2,91.99,92.18,388,9,0
2023-10-20 09:00:00,92.18,92.23,91.68,91.85,884,9,0
2023-10-20 10:00:00,91.85,92.11,91.66,91.77,1561,7,0
2023-10-20 11:00:00,91.77,92.52,91.67,92.4,1946,7,0
2023-10-20 12:00:00,92.4,92.53,92.2,92.31,1516,7,0
2023-10-20 13:00:00,92.31,92.38,92.04,92.31,1153,7,0
2023-10-20 14:00:00,92.31,92.47,92.21,92.29,1199,7,0
2023-10-20 15:00:00,92.28,92.4,91.96,92.37,1539,7,0
2023-10-20 16:00:00,92.38,92.41,91.6,92.21,4416,6,0
2023-10-20 17:00:00,92.2,92.5,91.74,92.16,3933,7,0
2023-10-20 18:00:00,92.16,92.37,92.01,92.14,2912,7,0
2023-10-20 19:00:00,92.13,92.22,91.5,91.5,1904,7,0
2023-10-20 20:00:00,91.51,91.74,90.91,91.32,3946,7,0
2023-10-20 21:00:00,91.33,91.39,90.62,91.13,2671,7,0
2023-10-20 22:00:00,91.12,91.23,90.98,91.12,729,8,0
2023-10-20 23:00:00,91.12,91.17,91.02,91.17,357,8,0
2023-10-23 01:00:00,90.78,91.01,90.61,90.68,653,6,0
2023-10-23 02:00:00,90.68,90.82,90.54,90.69,258,8,0
2023-10-23 03:00:00,90.67,90.86,90.41,90.45,697,8,0
2023-10-23 04:00:00,90.44,90.45,90.0,90.27,1624,8,0
2023-10-23 05:00:00,90.28,90.44,90.12,90.14,609,8,0
2023-10-23 06:00:00,90.15,90.38,90.15,90.19,409,8,0
2023-10-23 07:00:00,90.18,90.24,89.99,90.11,274,8,0
2023-10-23 08:00:00,90.12,90.23,89.96,90.16,555,8,0
2023-10-23 09:00:00,90.16,90.37,90.1,90.23,1000,8,0
2023-10-23 10:00:00,90.22,90.71,90.11,90.65,1884,7,0
2023-10-23 11:00:00,90.68,91.19,90.54,91.18,1765,7,0
2023-10-23 12:00:00,91.18,91.28,90.71,90.74,1412,7,0
2023-10-23 13:00:00,90.74,90.83,90.44,90.51,1060,7,0
2023-10-23 14:00:00,90.52,90.88,90.43,90.73,1311,7,0
2023-10-23 15:00:00,90.74,91.12,90.51,90.62,1682,7,0
2023-10-23 16:00:00,90.61,90.79,90.01,90.41,5443,7,0
2023-10-23 17:00:00,90.4,90.78,89.99,90.52,4136,7,0
2023-10-23 18:00:00,90.52,90.74,89.63,89.9,3291,7,0
2023-10-23 19:00:00,89.89,89.94,89.04,89.13,2562,7,0
2023-10-23 20:00:00,89.14,89.27,88.67,89.01,3084,7,0
2023-10-23 21:00:00,89.01,89.2,88.73,89.03,1834,7,0
2023-10-23 22:00:00,89.03,89.38,88.97,89.24,1033,7,0
2023-10-23 23:00:00,89.25,89.46,89.13,89.13,416,8,0
2023-10-24 03:00:00,89.47,89.53,89.27,89.27,493,8,0
2023-10-24 04:00:00,89.26,89.47,89.1,89.36,1128,8,0
2023-10-24 05:00:00,89.37,89.52,89.23,89.38,745,8,0
2023-10-24 06:00:00,89.37,89.38,89.26,89.26,372,8,0
2023-10-24 07:00:00,89.25,89.29,89.16,89.17,242,8,0
2023-10-24 08:00:00,89.18,89.27,88.94,89.04,536,8,0
2023-10-24 09:00:00,89.05,89.32,88.99,89.23,734,8,0
2023-10-24 10:00:00,89.22,89.55,89.15,89.45,1258,7,0
2023-10-24 11:00:00,89.44,89.46,88.38,88.95,2491,7,0
2023-10-24 12:00:00,88.96,89.38,88.79,89.23,1610,7,0
2023-10-24 13:00:00,89.22,89.38,89.09,89.16,1156,7,0
2023-10-24 14:00:00,89.15,89.22,88.7,89.01,1190,7,0
2023-10-24 15:00:00,89.0,89.13,88.65,88.94,1527,6,0
2023-10-24 16:00:00,88.93,88.94,87.84,88.21,4276,7,0
2023-10-24 17:00:00,88.2,88.46,87.26,87.35,4322,7,0
2023-10-24 18:00:00,87.35,87.36,86.43,86.67,4793,6,0
2023-10-24 19:00:00,86.66,87.26,86.45,87.21,2866,7,0
2023-10-24 20:00:00,87.21,87.48,87.0,87.37,1751,7,0
2023-10-24 21:00:00,87.37,87.51,87.07,87.15,1710,7,0
2023-10-24 22:00:00,87.15,87.29,87.01,87.12,578,8,0
2023-10-24 23:00:00,87.13,87.45,86.96,87.18,487,8,0
2023-10-25 03:00:00,87.17,87.34,87.04,87.09,598,7,0
2023-10-25 04:00:00,87.08,87.29,86.99,87.15,972,8,0
2023-10-25 05:00:00,87.16,87.19,87.03,87.13,587,8,0
2023-10-25 06:00:00,87.12,87.27,87.1,87.2,428,8,0
2023-10-25 07:00:00,87.21,87.28,87.02,87.05,266,8,0
2023-10-25 08:00:00,87.06,87.06,86.8,86.82,542,8,0
2023-10-25 09:00:00,86.83,86.94,86.68,86.72,714,7,0
2023-10-25 10:00:00,86.71,87.02,86.69,86.86,1492,7,0
2023-10-25 11:00:00,86.86,87.57,86.71,87.46,2326,7,0
2023-10-25 12:00:00,87.45,87.63,87.19,87.37,1573,7,0
2023-10-25 13:00:00,87.35,87.39,86.99,87.05,1086,7,0
2023-10-25 14:00:00,87.04,87.53,87.04,87.51,984,7,0
2023-10-25 15:00:00,87.52,87.71,87.4,87.46,1482,7,0
2023-10-25 16:00:00,87.45,87.6,87.05,87.14,3648,7,0
2023-10-25 17:00:00,87.13,87.28,86.48,86.88,4730,7,0
2023-10-25 18:00:00,86.88,87.85,85.91,87.65,6698,7,0
2023-10-25 19:00:00,87.66,88.39,87.56,88.06,2846,10,0
2023-10-25 20:00:00,88.06,89.13,88.06,88.52,4047,7,0
2023-10-25 21:00:00,88.51,89.21,88.37,89.11,3079,9,0
2023-10-25 22:00:00,89.11,89.3,88.87,88.92,906,9,0
2023-10-25 23:00:00,88.93,89.11,88.67,88.74,650,9,0
2023-10-26 03:00:00,88.83,89.21,88.78,89.11,637,8,0
2023-10-26 04:00:00,89.11,89.13,88.76,88.77,1493,9,0
2023-10-26 05:00:00,88.76,88.88,88.71,88.76,687,9,0
2023-10-26 06:00:00,88.77,88.8,88.65,88.75,360,9,0
2023-10-26 07:00:00,88.76,88.85,88.74,88.76,279,9,0
2023-10-26 08:00:00,88.76,88.79,88.14,88.17,910,9,0
2023-10-26 09:00:00,88.17,88.47,88.09,88.29,1163,8,0
2023-10-26 10:00:00,88.3,89.19,88.24,88.92,2375,7,0
2023-10-26 11:00:00,88.91,88.93,88.3,88.54,2475,7,0
2023-10-26 12:00:00,88.55,88.61,88.08,88.4,1835,7,0
2023-10-26 13:00:00,88.39,88.4,87.74,87.82,1565,7,0
2023-10-26 14:00:00,87.81,87.83,87.35,87.46,1935,7,0
2023-10-26 15:00:00,87.47,87.47,86.47,87.17,5131,6,0
2023-10-26 16:00:00,87.16,87.68,86.92,87.64,5806,7,0
2023-10-26 17:00:00,87.63,88.08,87.32,87.91,4779,7,0
2023-10-26 18:00:00,87.9,88.06,87.37,87.93,4872,7,0
2023-10-26 19:00:00,87.92,87.93,87.31,87.45,2730,6,0
2023-10-26 20:00:00,87.44,87.72,86.84,87.09,2878,7,0
2023-10-26 21:00:00,87.1,87.31,86.78,87.09,2147,7,0
2023-10-26 22:00:00,87.1,87.25,86.82,87.24,906,7,0
2023-10-26 23:00:00,87.24,87.4,86.98,87.03,341,8,0
2023-10-27 03:00:00,87.35,87.43,87.26,87.32,610,8,0
2023-10-27 04:00:00,87.33,87.7,87.24,87.63,1405,6,0
2023-10-27 05:00:00,87.64,87.98,87.58,87.96,869,8,0
2023-10-27 06:00:00,87.95,88.1,87.93,87.97,649,8,0
2023-10-27 07:00:00,87.98,88.29,87.94,88.22,398,8,0
2023-10-27 08:00:00,88.21,88.46,88.1,88.36,985,8,0
2023-10-27 09:00:00,88.35,88.45,88.12,88.32,900,8,0
2023-10-27 10:00:00,88.31,88.37,87.93,88.07,1310,7,0
2023-10-27 11:00:00,88.06,88.8,87.93,88.58,2087,7,0
2023-10-27 12:00:00,88.58,89.06,88.58,88.93,1329,7,0
2023-10-27 13:00:00,88.95,89.09,88.63,88.69,1355,7,0
2023-10-27 14:00:00,88.68,88.68,88.09,88.11,1246,7,0
2023-10-27 15:00:00,88.11,88.61,87.6,88.2,3796,7,0
2023-10-27 16:00:00,88.19,88.4,86.93,87.05,6288,7,0
2023-10-27 17:00:00,87.04,87.69,86.74,87.38,4897,7,0
2023-10-27 18:00:00,87.36,87.79,87.18,87.72,4096,8,0
2023-10-27 19:00:00,87.71,88.22,87.31,88.11,2823,8,0
2023-10-27 20:00:00,88.11,89.2,87.76,89.18,3903,9,0
2023-10-27 21:00:00,89.17,89.33,88.49,88.56,2477,11,0
2023-10-27 22:00:00,88.55,88.9,88.47,88.73,902,12,0
2023-10-27 23:00:00,88.73,88.83,88.53,88.69,466,9,0
2023-10-30 01:00:00,88.7,88.7,87.31,87.97,978,9,0
2023-10-30 02:00:00,87.96,88.3,87.89,88.18,337,9,0
2023-10-30 03:00:00,88.19,88.58,88.16,88.41,389,9,0
2023-10-30 04:00:00,88.42,88.61,88.33,88.33,965,9,0
2023-10-30 05:00:00,88.34,88.37,88.11,88.25,582,9,0
2023-10-30 06:00:00,88.24,88.26,87.89,87.94,441,9,0
2023-10-30 07:00:00,87.94,88.01,87.89,87.89,236,9,0
2023-10-30 08:00:00,87.88,88.14,87.87,88.03,421,9,0
2023-10-30 09:00:00,88.04,88.22,87.99,88.08,494,9,0
2023-10-30 10:00:00,88.07,88.21,87.52,87.87,1263,9,0
2023-10-30 11:00:00,87.87,88.16,87.52,87.56,2272,6,0
2023-10-30 12:00:00,87.57,88.13,87.33,88.1,1509,6,0
2023-10-30 13:00:00,88.08,88.32,87.85,88.21,1559,6,0
2023-10-30 14:00:00,88.21,88.24,87.95,88.14,1046,6,0
2023-10-30 15:00:00,88.15,88.28,87.6,87.79,2480,7,0
2023-10-30 16:00:00,87.8,88.13,87.48,87.85,4662,7,0
2023-10-30 17:00:00,87.85,87.92,86.81,86.86,3668,7,0
2023-10-30 18:00:00,86.85,86.86,86.2,86.45,2951,7,0
2023-10-30 19:00:00,86.45,86.89,86.25,86.38,3462,6,0
2023-10-30 20:00:00,86.38,86.62,85.7,86.62,3992,7,0
2023-10-30 21:00:00,86.62,86.94,86.06,86.4,2957,7,0
2023-10-30 22:00:00,86.4,86.72,86.34,86.51,850,7,0
2023-10-30 23:00:00,86.51,86.56,86.22,86.25,374,7,0
2023-10-31 03:00:00,86.51,86.82,86.49,86.76,615,8,0
2023-10-31 04:00:00,86.76,86.77,86.44,86.47,1057,8,0
2023-10-31 05:00:00,86.48,86.65,86.46,86.51,532,8,0
2023-10-31 06:00:00,86.5,86.56,86.17,86.43,610,8,0
2023-10-31 07:00:00,86.42,86.59,86.37,86.55,310,8,0
2023-10-31 08:00:00,86.54,86.71,86.49,86.65,731,8,0
2023-10-31 09:00:00,86.66,86.93,86.54,86.76,912,8,0
2023-10-31 10:00:00,86.74,86.8,86.35,86.38,919,7,0
2023-10-31 11:00:00,86.39,87.07,86.38,86.73,2352,7,0
2023-10-31 12:00:00,86.72,87.11,86.66,86.74,1927,7,0
2023-10-31 13:00:00,86.74,87.23,86.72,86.9,1627,7,0
2023-10-31 14:00:00,86.9,86.99,86.56,86.87,1006,8,0
2023-10-31 15:00:00,86.87,87.06,86.43,86.8,2036,7,0
2023-10-31 16:00:00,86.79,87.04,85.89,86.33,4923,6,0
2023-10-31 17:00:00,86.32,87.26,86.29,86.73,4245,6,0
2023-10-31 18:00:00,86.74,86.83,86.12,86.72,2875,6,0
2023-10-31 19:00:00,86.71,86.75,85.74,85.86,3218,7,0
2023-10-31 20:00:00,85.87,85.87,85.03,85.14,2673,6,0
2023-10-31 21:00:00,85.13,85.21,84.66,85.04,1557,7,0
2023-10-31 22:00:00,85.04,85.24,84.99,85.18,572,8,0
2023-10-31 23:00:00,85.17,85.35,85.02,85.02,393,8,0
2023-11-01 03:00:00,85.27,85.31,85.02,85.11,487,8,0
2023-11-01 04:00:00,85.11,85.43,85.04,85.06,1081,7,0
2023-11-01 05:00:00,85.07,85.24,84.99,85.2,444,8,0
2023-11-01 06:00:00,85.21,85.28,85.07,85.08,313,8,0
2023-11-01 07:00:00,85.06,85.14,85.03,85.12,229,8,0
2023-11-01 08:00:00,85.11,85.16,84.99,85.11,461,8,0
2023-11-01 09:00:00,85.1,85.33,85.06,85.33,639,8,0
2023-11-01 10:00:00,85.34,85.59,85.25,85.44,873,7,0
2023-11-01 11:00:00,85.43,85.56,85.18,85.31,1525,7,0
2023-11-01 12:00:00,85.32,85.83,85.32,85.82,1363,7,0
2023-11-01 13:00:00,85.82,86.32,85.69,86.23,1486,7,0
2023-11-01 14:00:00,86.23,86.56,86.15,86.54,1162,7,0
2023-11-01 15:00:00,86.55,86.9,86.43,86.55,1790,7,0
2023-11-01 16:00:00,86.55,87.05,86.41,86.67,3215,6,0
2023-11-01 17:00:00,86.68,86.95,86.29,86.75,3861,7,0
2023-11-01 18:00:00,86.74,86.77,85.73,86.18,2459,7,0
2023-11-01 19:00:00,86.17,86.34,85.35,85.67,2837,6,0
2023-11-01 20:00:00,85.67,85.88,84.77,85.11,2364,7,0
2023-11-01 21:00:00,85.11,85.46,84.42,84.6,3759,9,0
2023-11-01 22:00:00,84.6,84.93,84.58,84.83,644,9,0
2023-11-01 23:00:00,84.84,84.89,84.57,84.62,292,9,0
2023-11-02 03:00:00,84.82,85.06,84.75,85.0,563,8,0
2023-11-02 04:00:00,85.01,85.52,85.0,85.27,864,10,0
2023-11-02 05:00:00,85.26,85.32,85.21,85.32,333,9,0
2023-11-02 06:00:00,85.31,85.4,85.25,85.27,275,8,0
2023-11-02 07:00:00,85.26,85.35,85.2,85.3,184,8,0
2023-11-02 08:00:00,85.29,85.33,85.17,85.19,474,8,0
2023-11-02 09:00:00,85.2,85.35,85.09,85.34,799,8,0
2023-11-02 10:00:00,85.33,85.52,85.06,85.43,825,9,0
2023-11-02 11:00:00,85.44,85.8,85.4,85.61,1626,8,0
2023-11-02 12:00:00,85.63,86.02,85.49,85.6,1427,7,0
2023-11-02 13:00:00,85.59,85.76,85.36,85.51,1186,7,0
2023-11-02 14:00:00,85.5,85.76,85.41,85.42,1011,7,0
2023-11-02 15:00:00,85.42,85.62,84.94,85.16,2301,7,0
2023-11-02 16:00:00,85.15,85.67,84.48,85.57,3931,7,0
2023-11-02 17:00:00,85.56,85.91,84.98,85.52,3659,6,0
2023-11-02 18:00:00,85.53,86.2,85.04,86.17,3119,7,0
2023-11-02 19:00:00,86.16,86.42,85.95,86.21,3561,7,0
2023-11-02 20:00:00,86.22,86.86,86.14,86.81,1823,7,0
2023-11-02 21:00:00,86.81,86.86,86.45,86.7,1701,8,0
2023-11-02 22:00:00,86.7,86.72,86.5,86.51,504,8,0
2023-11-02 23:00:00,86.51,86.69,86.38,86.41,285,8,0
2023-11-03 03:00:00,86.7,86.82,86.57,86.66,362,8,0
2023-11-03 04:00:00,86.65,86.68,86.45,86.51,814,8,0
2023-11-03 05:00:00,86.52,86.88,86.51,86.86,463,8,0
2023-11-03 06:00:00,86.87,86.91,86.71,86.75,454,7,0
2023-11-03 07:00:00,86.76,86.98,86.75,86.9,223,8,0
2023-11-03 08:00:00,86.91,86.94,86.78,86.84,262,8,0
2023-11-03 09:00:00,86.83,86.92,86.78,86.84,506,8,0
2023-11-03 10:00:00,86.84,87.13,86.75,87.07,758,7,0
2023-11-03 11:00:00,87.08,87.16,86.87,86.99,1259,7,0
2023-11-03 12:00:00,87.01,87.02,86.47,86.55,1216,7,0
2023-11-03 13:00:00,86.54,86.74,86.3,86.71,1247,7,0
2023-11-03 14:00:00,86.71,87.26,86.64,87.19,1019,7,0
2023-11-03 15:00:00,87.18,87.55,86.98,87.34,1896,8,0
2023-11-03 16:00:00,87.33,87.33,85.46,86.49,7756,7,0
2023-11-03 17:00:00,86.5,86.67,85.07,85.36,5615,8,0
2023-11-03 18:00:00,85.36,86.41,85.28,86.01,3489,9,0
2023-11-03 19:00:00,86.0,86.12,85.05,85.07,3867,9,0
2023-11-03 20:00:00,85.07,85.13,84.51,84.59,2167,9,0
2023-11-03 21:00:00,84.58,85.1,84.38,85.08,1835,9,0
2023-11-03 22:00:00,85.09,85.27,85.0,85.01,611,9,0
2023-11-03 23:00:00,85.01,85.09,84.82,84.85,291,9,0
2023-11-06 01:00:00,84.97,85.06,84.68,85.05,564,8,0
2023-11-06 02:00:00,85.06,85.15,85.02,85.11,229,8,0
2023-11-06 03:00:00,85.1,85.13,84.86,85.06,931,8,0
2023-11-06 04:00:00,85.05,85.22,85.01,85.07,461,8,0
2023-11-06 05:00:00,85.06,85.11,84.9,85.0,366,8,0
2023-11-06 06:00:00,84.99,85.09,84.97,85.02,150,8,0
2023-11-06 07:00:00,85.01,85.11,84.95,84.97,352,8,0
2023-11-06 08:00:00,84.96,85.23,84.96,85.21,458,8,0
2023-11-06 09:00:00,85.2,85.45,85.13,85.35,598,9,0
2023-11-06 10:00:00,85.35,85.9,85.33,85.71,1604,11,0
2023-11-06 11:00:00,85.72,86.07,85.68,85.91,1235,7,0
2023-11-06 12:00:00,85.92,86.23,85.9,86.06,988,7,0
2023-11-06 13:00:00,86.06,86.24,85.68,85.69,1042,7,0
2023-11-06 14:00:00,85.68,85.86,85.51,85.66,1476,7,0
2023-11-06 15:00:00,85.65,85.89,85.29,85.46,2092,7,0
2023-11-06 16:00:00,85.45,86.1,85.33,85.93,3899,7,0
2023-11-06 17:00:00,85.93,86.2,85.52,85.58,3429,7,0
2023-11-06 18:00:00,85.57,86.0,85.48,85.87,2776,7,0
2023-11-06 19:00:00,85.86,86.1,85.63,86.01,1733,7,0
2023-11-06 20:00:00,86.02,86.05,85.42,85.55,1442,7,0
2023-11-06 21:00:00,85.54,85.55,84.93,85.29,1842,8,0
2023-11-06 22:00:00,85.28,85.3,85.01,85.03,391,8,0
2023-11-06 23:00:00,85.02,85.07,84.76,84.78,297,8,0
2023-11-07 00:00:00,85.01,85.01,85.01,85.01,1,17,0
2023-11-07 03:00:00,84.96,84.97,84.59,84.67,866,8,0
2023-11-07 04:00:00,84.67,84.8,84.48,84.76,544,8,0
2023-11-07 05:00:00,84.77,84.77,84.52,84.58,383,8,0
2023-11-07 06:00:00,84.57,84.58,84.5,84.54,187,8,0
2023-11-07 07:00:00,84.55,84.6,84.36,84.48,508,8,0
2023-11-07 08:00:00,84.47,84.48,83.95,84.07,801,8,0
2023-11-07 09:00:00,84.06,84.25,83.91,84.15,994,7,0
2023-11-07 10:00:00,84.15,84.16,83.43,83.45,2138,7,0
2023-11-07 11:00:00,83.46,83.57,83.07,83.28,1593,6,0
2023-11-07 12:00:00,83.27,83.53,83.14,83.45,1513,7,0
2023-11-07 13:00:00,83.44,83.67,83.29,83.44,1195,6,0
2023-11-07 14:00:00,83.43,83.69,83.27,83.29,1256,7,0
2023-11-07 15:00:00,83.3,83.61,82.97,83.52,2792,7,0
2023-11-07 16:00:00,83.52,83.56,82.5,82.56,3240,7,0
2023-11-07 17:00:00,82.56,82.92,82.34,82.44,2805,7,0
2023-11-07 18:00:00,82.45,82.72,82.0,82.08,2509,7,0
2023-11-07 19:00:00,82.07,82.16,81.57,81.96,1827,7,0
2023-11-07 20:00:00,81.96,82.14,81.77,81.8,1452,7,0
2023-11-07 21:00:00,81.81,81.9,81.36,81.46,1388,7,0
2023-11-07 22:00:00,81.47,81.69,81.34,81.55,533,8,0
2023-11-07 23:00:00,81.55,81.64,81.04,81.04,407,9,0
2023-11-08 00:00:00,81.26,81.26,81.26,81.26,1,17,0
2023-11-08 03:00:00,81.14,81.42,81.1,81.3,982,9,0
2023-11-08 04:00:00,81.29,81.78,81.28,81.57,799,9,0
2023-11-08 05:00:00,81.56,81.56,81.43,81.5,307,8,0
2023-11-08 06:00:00,81.49,81.51,81.36,81.4,182,8,0
2023-11-08 07:00:00,81.41,81.43,81.18,81.31,464,8,0
2023-11-08 08:00:00,81.32,81.7,81.26,81.58,944,11,0
2023-11-08 09:00:00,81.57,81.64,81.43,81.58,788,8,0
2023-11-08 10:00:00,81.59,81.71,81.31,81.65,1783,7,0
2023-11-08 11:00:00,81.65,81.71,81.3,81.36,1465,7,0
2023-11-08 12:00:00,81.36,81.36,80.74,80.97,1485,7,0
2023-11-08 13:00:00,80.96,81.03,80.69,80.9,1159,7,0
2023-11-08 14:00:00,80.9,80.99,80.1,80.2,1783,7,0
2023-11-08 15:00:00,80.2,81.17,80.19,80.95,3206,7,0
2023-11-08 16:00:00,80.94,81.34,80.63,80.88,4620,7,0
2023-11-08 17:00:00,80.88,80.93,79.74,79.79,3453,7,0
2023-11-08 18:00:00,79.78,80.45,79.58,79.8,4925,7,0
2023-11-08 19:00:00,79.81,79.87,79.12,79.24,2953,7,0
2023-11-08 20:00:00,79.24,79.54,79.06,79.48,2118,7,0
2023-11-08 21:00:00,79.48,79.67,79.25,79.63,1741,9,0
2023-11-08 22:00:00,79.62,79.77,79.62,79.65,448,9,0
2023-11-08 23:00:00,79.66,79.74,79.38,79.4,271,9,0
2023-11-09 00:00:00,79.62,79.62,79.62,79.62,1,17,0
2023-11-09 03:00:00,79.56,80.14,79.54,79.93,1015,8,0
2023-11-09 04:00:00,79.92,79.92,79.67,79.68,494,9,0
2023-11-09 05:00:00,79.68,79.77,79.58,79.61,399,9,0
2023-11-09 06:00:00,79.61,79.63,79.48,79.49,215,8,0
2023-11-09 07:00:00,79.49,79.6,79.31,79.58,775,8,0
2023-11-09 08:00:00,79.57,79.93,79.54,79.92,842,10,0
2023-11-09 09:00:00,79.92,80.08,79.87,79.94,908,9,0
2023-11-09 10:00:00,79.93,80.23,79.83,80.23,1710,7,0
2023-11-09 11:00:00,80.23,80.28,79.93,80.11,1417,6,0
2023-11-09 12:00:00,80.11,80.27,79.97,80.09,1096,7,0
2023-11-09 13:00:00,80.1,80.1,79.76,79.9,1100,7,0
2023-11-09 14:00:00,79.9,80.16,79.77,80.13,1050,7,0
2023-11-09 15:00:00,80.14,80.59,80.07,80.4,2482,7,0
2023-11-09 16:00:00,80.39,80.58,80.09,80.32,3749,7,0
2023-11-09 17:00:00,80.33,81.31,80.23,81.01,3276,7,0
2023-11-09 18:00:00,81.0,81.0,80.13,80.32,3372,7,0
2023-11-09 19:00:00,80.31,80.37,79.94,80.19,2145,7,0
2023-11-09 20:00:00,80.18,80.68,80.18,80.22,2196,7,0
2023-11-09 21:00:00,80.22,80.36,79.61,79.64,1884,7,0
2023-11-09 22:00:00,79.63,79.77,79.61,79.71,361,8,0
2023-11-09 23:00:00,79.72,79.78,79.52,79.54,269,9,0
2023-11-10 00:00:00,79.75,79.75,79.75,79.75,1,17,0
2023-11-10 03:00:00,79.71,79.95,79.69,79.93,756,9,0
2023-11-10 04:00:00,79.93,80.22,79.86,80.18,622,8,0
2023-11-10 05:00:00,80.19,80.25,80.09,80.17,357,8,0
2023-11-10 06:00:00,80.18,80.5,80.13,80.34,732,8,0
2023-11-10 07:00:00,80.33,80.33,80.17,80.28,373,9,0
2023-11-10 08:00:00,80.27,80.3,80.15,80.25,631,8,0
2023-11-10 09:00:00,80.25,80.3,80.13,80.17,582,9,0
2023-11-10 10:00:00,80.16,80.55,80.05,80.47,1292,7,0
2023-11-10 11:00:00,80.48,80.7,80.25,80.66,1263,7,0
2023-11-10 12:00:00,80.65,80.73,80.43,80.59,924,7,0
2023-11-10 13:00:00,80.58,80.79,80.53,80.77,806,7,0
2023-11-10 14:00:00,80.78,81.0,80.71,80.8,874,7,0
2023-11-10 15:00:00,80.8,80.98,80.6,80.89,1489,7,0
2023-11-10 16:00:00,80.88,81.1,80.61,80.96,3144,7,0
2023-11-10 17:00:00,80.96,81.12,80.73,80.98,2430,7,0
2023-11-10 18:00:00,80.99,81.65,80.82,81.37,2695,7,0
2023-11-10 19:00:00,81.37,81.68,81.12,81.66,1876,7,0
2023-11-10 20:00:00,81.67,81.87,81.4,81.52,1415,7,0
2023-11-10 21:00:00,81.52,81.8,81.17,81.21,1451,8,0
2023-11-10 22:00:00,81.21,81.4,81.21,81.33,379,8,0
2023-11-10 23:00:00,81.33,81.47,81.25,81.39,198,9,0
2023-11-13 01:00:00,81.19,81.34,80.92,81.05,297,8,0
2023-11-13 02:00:00,80.99,81.01,80.81,80.83,223,8,0
2023-11-13 03:00:00,80.82,80.84,80.56,80.74,1173,8,0
2023-11-13 04:00:00,80.75,80.8,80.47,80.47,661,8,0
2023-11-13 05:00:00,80.48,80.55,80.45,80.51,214,8,0
2023-11-13 06:00:00,80.52,80.52,80.41,80.42,100,8,0
2023-11-13 07:00:00,80.43,80.74,80.41,80.7,313,8,0
2023-11-13 08:00:00,80.71,80.75,80.57,80.73,506,8,0
2023-11-13 09:00:00,80.72,80.75,80.53,80.63,529,8,0
2023-11-13 10:00:00,80.62,80.85,80.23,80.84,1131,7,0
2023-11-13 11:00:00,80.83,81.27,80.8,81.19,1267,6,0
2023-11-13 12:00:00,81.18,81.43,81.09,81.35,953,7,0
2023-11-13 13:00:00,81.35,81.52,81.19,81.35,1020,7,0
2023-11-13 14:00:00,81.35,81.47,81.15,81.35,941,7,0
2023-11-13 15:00:00,81.34,81.48,81.15,81.21,1725,7,0
2023-11-13 16:00:00,81.21,82.04,81.2,81.94,3437,7,0
2023-11-13 17:00:00,81.93,82.1,81.72,81.89,2320,7,0
2023-11-13 18:00:00,81.88,82.53,81.84,82.49,2415,7,0
2023-11-13 19:00:00,82.48,82.55,82.35,82.45,1279,7,0
2023-11-13 20:00:00,82.46,82.46,82.07,82.42,1105,7,0
2023-11-13 21:00:00,82.43,82.49,82.2,82.46,1352,7,0
2023-11-13 22:00:00,82.45,82.54,82.41,82.52,324,8,0
2023-11-13 23:00:00,82.51,82.59,82.25,82.25,204,9,0
2023-11-14 00:00:00,82.47,82.47,82.47,82.47,1,17,0
2023-11-14 03:00:00,82.45,82.71,82.42,82.48,655,8,0
2023-11-14 04:00:00,82.49,82.57,82.38,82.53,370,8,0
2023-11-14 05:00:00,82.54,82.58,82.43,82.57,289,8,0
2023-11-14 06:00:00,82.56,82.63,82.56,82.6,105,8,0
2023-11-14 07:00:00,82.61,82.62,82.42,82.44,270,8,0
2023-11-14 08:00:00,82.44,82.54,82.43,82.53,458,8,0
2023-11-14 09:00:00,82.52,82.54,82.35,82.47,684,7,0
2023-11-14 10:00:00,82.48,82.6,82.25,82.49,1265,7,0
2023-11-14 11:00:00,82.49,82.52,82.05,82.28,1374,7,0
2023-11-14 12:00:00,82.28,82.55,82.22,82.51,836,7,0
2023-11-14 13:00:00,82.52,82.54,82.04,82.11,790,7,0
2023-11-14 14:00:00,82.1,82.26,82.08,82.23,647,7,0
2023-11-14 15:00:00,82.22,82.88,81.84,82.82,2044,7,0
2023-11-14 16:00:00,82.83,83.41,82.74,83.35,3126,9,0
2023-11-14 17:00:00,83.34,83.72,83.14,83.45,2370,7,0
2023-11-14 18:00:00,83.46,83.52,82.94,83.11,2330,7,0
2023-11-14 19:00:00,83.11,83.13,82.34,82.38,1953,7,0
2023-11-14 20:00:00,82.37,82.63,82.22,82.49,1691,7,0
2023-11-14 21:00:00,82.49,82.52,81.89,82.24,1616,8,0
2023-11-14 22:00:00,82.24,82.32,82.22,82.25,247,8,0
2023-11-14 23:00:00,82.27,82.32,81.95,81.97,203,9,0
2023-11-15 00:00:00,82.19,82.19,82.19,82.19,1,17,0
2023-11-15 03:00:00,82.19,82.38,82.12,82.29,737,7,0
2023-11-15 04:00:00,82.29,82.55,82.29,82.51,453,9,0
2023-11-15 05:00:00,82.52,82.56,82.49,82.53,218,8,0
2023-11-15 06:00:00,82.52,82.53,82.42,82.42,165,8,0
2023-11-15 07:00:00,82.42,82.7,82.42,82.61,342,8,0
2023-11-15 08:00:00,82.62,82.8,82.57,82.71,478,9,0
2023-11-15 09:00:00,82.71,82.71,82.33,82.4,651,7,0
2023-11-15 10:00:00,82.41,82.46,82.12,82.23,1454,9,0
2023-11-15 11:00:00,82.22,82.25,81.59,81.96,1449,9,0
2023-11-15 12:00:00,81.95,82.07,81.76,81.95,1289,9,0
2023-11-15 13:00:00,81.94,82.07,81.69,82.05,772,8,0
2023-11-15 14:00:00,82.04,82.14,81.86,82.08,819,8,0
2023-11-15 15:00:00,82.09,82.28,81.59,81.62,1899,7,0
2023-11-15 16:00:00,81.62,81.68,81.22,81.47,3603,7,0
2023-11-15 17:00:00,81.47,82.05,81.35,81.55,3590,7,0
2023-11-15 18:00:00,81.54,81.76,81.16,81.67,3364,7,0
2023-11-15 19:00:00,81.66,81.78,81.48,81.62,1946,7,0
2023-11-15 20:00:00,81.62,81.64,80.9,80.92,1607,7,0
2023-11-15 21:00:00,80.92,81.16,80.79,80.83,1665,9,0
2023-11-15 22:00:00,80.84,80.93,80.69,80.88,502,8,0
2023-11-15 23:00:00,80.88,80.92,80.68,80.89,243,9,0
2023-11-16 03:00:00,80.78,80.82,80.33,80.39,788,8,0
2023-11-16 04:00:00,80.39,80.42,80.28,80.35,312,9,0
2023-11-16 05:00:00,80.34,80.49,80.34,80.37,235,9,0
2023-11-16 06:00:00,80.37,80.49,80.26,80.48,159,8,0
2023-11-16 07:00:00,80.47,80.49,80.32,80.42,300,9,0
2023-11-16 08:00:00,80.42,80.8,80.42,80.8,527,8,0
2023-11-16 09:00:00,80.79,80.79,80.43,80.45,769,10,0
2023-11-16 10:00:00,80.46,80.84,80.24,80.73,1583,8,0
2023-11-16 11:00:00,80.74,80.86,80.53,80.79,1163,9,0
2023-11-16 12:00:00,80.78,81.04,80.61,80.84,970,9,0
2023-11-16 13:00:00,80.83,81.07,80.76,80.91,859,8,0
2023-11-16 14:00:00,80.9,80.92,80.31,80.45,1008,9,0
2023-11-16 15:00:00,80.46,80.9,80.38,80.58,1753,7,0
2023-11-16 16:00:00,80.59,80.65,78.28,78.31,4814,8,0
2023-11-16 17:00:00,78.3,78.68,77.96,78.23,4394,7,0
2023-11-16 18:00:00,78.22,78.28,77.57,77.63,2892,6,0
2023-11-16 19:00:00,77.62,77.79,76.73,76.75,2318,7,0
2023-11-16 20:00:00,76.75,77.13,76.63,76.97,2365,7,0
2023-11-16 21:00:00,76.97,77.51,76.96,77.45,1352,7,0
2023-11-16 22:00:00,77.45,77.67,77.42,77.43,424,8,0
2023-11-16 23:00:00,77.44,77.55,77.24,77.46,234,8,0
2023-11-17 03:00:00,77.53,77.61,77.31,77.55,1085,8,0
2023-11-17 04:00:00,77.54,77.65,77.51,77.55,420,8,0
2023-11-17 05:00:00,77.56,77.76,77.56,77.59,305,8,0
2023-11-17 06:00:00,77.6,77.61,77.47,77.55,171,8,0
2023-11-17 07:00:00,77.54,77.59,77.47,77.56,270,8,0
2023-11-17 08:00:00,77.56,77.58,77.45,77.51,399,8,0
2023-11-17 09:00:00,77.5,77.6,77.43,77.55,606,8,0
2023-11-17 10:00:00,77.55,78.06,77.42,78.0,1480,6,0
2023-11-17 11:00:00,78.0,78.21,77.74,78.13,1831,7,0
2023-11-17 12:00:00,78.12,78.3,77.97,78.24,1328,7,0
2023-11-17 13:00:00,78.23,78.56,78.14,78.54,979,7,0
2023-11-17 14:00:00,78.55,78.56,78.41,78.51,821,7,0
2023-11-17 15:00:00,78.52,78.76,78.38,78.49,1790,7,0
2023-11-17 16:00:00,78.5,79.02,78.12,78.98,3294,6,0
2023-11-17 17:00:00,78.97,79.77,78.95,79.71,2520,7,0
2023-11-17 18:00:00,79.7,80.06,79.48,80.0,2531,7,0
2023-11-17 19:00:00,79.99,80.51,79.88,80.47,2830,7,0
2023-11-17 20:00:00,80.46,80.62,80.36,80.54,1728,7,0
2023-11-17 21:00:00,80.54,80.66,80.28,80.35,1525,7,0
2023-11-17 22:00:00,80.34,80.46,80.32,80.38,489,8,0
2023-11-17 23:00:00,80.37,80.41,80.3,80.34,162,9,0
2023-11-20 01:00:00,79.99,80.71,79.99,80.68,566,7,0
2023-11-20 02:00:00,80.67,80.67,80.45,80.52,281,7,0
2023-11-20 03:00:00,80.53,80.89,80.33,80.75,1479,8,0
2023-11-20 04:00:00,80.75,81.13,80.69,81.02,648,8,0
2023-11-20 05:00:00,81.01,81.08,80.97,81.03,275,8,0
2023-11-20 06:00:00,81.04,81.1,81.0,81.03,126,8,0
2023-11-20 07:00:00,81.02,81.17,81.0,81.12,203,8,0
2023-11-20 08:00:00,81.11,81.28,81.11,81.16,499,8,0
2023-11-20 09:00:00,81.15,81.21,80.94,80.99,777,8,0
2023-11-20 10:00:00,80.99,81.24,80.7,80.73,1710,7,0
2023-11-20 11:00:00,80.74,81.24,80.74,81.11,1271,7,0
2023-11-20 12:00:00,81.11,81.49,80.85,81.47,1202,7,0
2023-11-20 13:00:00,81.46,81.8,81.42,81.7,930,7,0
2023-11-20 14:00:00,81.7,81.97,81.66,81.92,870,7,0
2023-11-20 15:00:00,81.93,82.33,81.9,82.32,1451,7,0
2023-11-20 16:00:00,82.31,82.35,81.71,82.15,3192,7,0
2023-11-20 17:00:00,82.16,82.65,82.03,82.6,2401,7,0
2023-11-20 18:00:00,82.59,82.75,82.46,82.72,1880,7,0
2023-11-20 19:00:00,82.73,82.82,82.59,82.73,1162,7,0
2023-11-20 20:00:00,82.73,82.83,82.64,82.76,1024,7,0
2023-11-20 21:00:00,82.75,82.75,82.06,82.21,1444,7,0
2023-11-20 22:00:00,82.21,82.22,82.02,82.06,355,7,0
2023-11-20 23:00:00,82.07,82.09,81.73,81.73,209,9,0
2023-11-21 00:00:00,81.95,81.95,81.95,81.95,1,17,0
2023-11-21 03:00:00,82.17,82.23,82.01,82.21,749,8,0
2023-11-21 04:00:00,82.22,82.23,82.05,82.12,424,8,0
2023-11-21 05:00:00,82.13,82.15,81.86,81.87,280,8,0
2023-11-21 06:00:00,81.87,82.0,81.85,81.99,164,8,0
2023-11-21 07:00:00,81.98,82.02,81.76,81.78,358,8,0
2023-11-21 08:00:00,81.79,81.83,81.63,81.69,593,8,0
2023-11-21 09:00:00,81.68,81.92,81.61,81.85,817,8,0
2023-11-21 10:00:00,81.86,82.04,81.53,81.61,1625,7,0
2023-11-21 11:00:00,81.62,81.93,81.54,81.65,1206,7,0
2023-11-21 12:00:00,81.64,82.24,81.53,82.09,1191,7,0
2023-11-21 13:00:00,82.08,82.08,81.76,81.94,938,7,0
2023-11-21 14:00:00,81.93,82.18,81.83,81.91,1010,7,0
2023-11-21 15:00:00,81.92,81.99,81.45,81.63,2551,7,0
2023-11-21 16:00:00,81.62,82.15,81.49,81.89,3730,7,0
2023-11-21 17:00:00,81.9,82.23,81.6,82.16,2746,7,0
2023-11-21 18:00:00,82.17,82.28,81.6,81.99,2995,7,0
2023-11-21 19:00:00,81.98,82.07,81.82,82.02,1654,7,0
2023-11-21 20:00:00,82.01,82.35,81.94,82.34,1097,7,0
2023-11-21 21:00:00,82.33,82.51,82.25,82.5,1258,7,0
2023-11-21 22:00:00,82.51,82.51,82.42,82.49,277,7,0
2023-11-21 23:00:00,82.48,82.49,82.19,82.43,196,8,0
2023-11-22 03:00:00,82.43,82.63,82.3,82.31,776,8,0
2023-11-22 04:00:00,82.3,82.38,82.11,82.28,552,8,0
2023-11-22 05:00:00,82.29,82.34,82.22,82.33,291,8,0
2023-11-22 06:00:00,82.34,82.43,82.3,82.42,134,8,0
2023-11-22 07:00:00,82.41,82.45,82.27,82.28,320,7,0
2023-11-22 08:00:00,82.29,82.31,82.14,82.21,579,8,0
2023-11-22 09:00:00,82.2,82.58,82.2,82.53,649,8,0
2023-11-22 10:00:00,82.52,82.6,82.25,82.25,1172,7,0
2023-11-22 11:00:00,82.27,82.43,81.82,81.82,1547,7,0
2023-11-22 12:00:00,81.84,81.99,81.61,81.85,1588,7,0
2023-11-22 13:00:00,81.85,81.9,81.29,81.53,1290,7,0
2023-11-22 14:00:00,81.52,81.52,79.84,80.72,3991,7,0
2023-11-22 15:00:00,80.71,80.88,78.71,79.21,7355,8,0
2023-11-22 16:00:00,79.2,79.35,78.67,78.95,4731,8,0
2023-11-22 17:00:00,78.94,79.26,78.42,79.19,4702,8,0
2023-11-22 18:00:00,79.2,79.51,79.02,79.4,3141,9,0
2023-11-22 19:00:00,79.42,80.81,79.37,80.73,3176,9,0
2023-11-22 20:00:00,80.73,81.68,80.72,81.54,1998,9,0
2023-11-22 21:00:00,81.54,81.88,81.39,81.6,1869,9,0
2023-11-22 22:00:00,81.61,81.71,81.5,81.54,370,8,0
2023-11-22 23:00:00,81.53,81.58,81.26,81.29,239,9,0
2023-11-23 00:00:00,81.51,81.51,81.51,81.51,1,17,0
2023-11-23 03:00:00,81.39,81.39,80.4,80.7,1533,10,0
2023-11-23 04:00:00,80.7,80.87,80.67,80.79,596,9,0
2023-11-23 05:00:00,80.79,80.81,80.58,80.76,438,9,0
2023-11-23 06:00:00,80.77,80.86,80.72,80.86,150,8,0
2023-11-23 07:00:00,80.86,80.87,80.72,80.76,402,9,0
2023-11-23 08:00:00,80.77,80.88,80.74,80.84,460,9,0
2023-11-23 09:00:00,80.84,81.25,80.83,81.22,966,9,0
2023-11-23 10:00:00,81.21,81.31,80.96,81.15,1706,6,0
2023-11-23 11:00:00,81.16,81.27,80.5,80.52,1768,8,0
2023-11-23 12:00:00,80.53,81.21,80.52,81.01,1434,8,0
2023-11-23 13:00:00,81.0,81.12,80.85,81.1,1066,9,0
2023-11-23 14:00:00,81.11,81.2,80.9,81.08,836,8,0
2023-11-23 15:00:00,81.09,81.09,80.62,80.68,1847,8,0
2023-11-23 16:00:00,80.67,80.67,80.06,80.34,3088,8,0
2023-11-23 17:00:00,80.33,80.79,80.19,80.72,1891,8,0
2023-11-23 18:00:00,80.73,80.96,80.59,80.95,1626,8,0
2023-11-23 19:00:00,80.96,81.4,80.84,81.37,1122,8,0
2023-11-23 20:00:00,81.38,81.39,81.03,81.04,239,9,0
2023-11-24 03:00:00,81.22,81.58,81.15,81.57,977,9,0
2023-11-24 04:00:00,81.57,81.57,81.25,81.26,738,9,0
2023-11-24 05:00:00,81.25,81.28,81.18,81.2,401,9,0
2023-11-24 06:00:00,81.19,81.25,81.14,81.16,138,8,0
2023-11-24 07:00:00,81.15,81.31,81.08,81.3,471,8,0
2023-11-24 08:00:00,81.29,81.51,81.15,81.36,579,9,0
2023-11-24 09:00:00,81.36,81.36,81.18,81.32,668,9,0
2023-11-24 10:00:00,81.31,81.45,81.11,81.28,1540,8,0
2023-11-24 11:00:00,81.27,81.47,81.11,81.35,1227,9,0
2023-11-24 12:00:00,81.36,81.5,81.32,81.48,799,9,0
2023-11-24 13:00:00,81.49,81.61,81.43,81.58,549,8,0
2023-11-24 14:00:00,81.59,81.65,81.33,81.36,529,8,0
2023-11-24 15:00:00,81.35,81.35,80.79,80.93,1462,9,0
2023-11-24 16:00:00,80.94,81.67,80.88,81.63,3725,8,0
2023-11-24 17:00:00,81.62,81.97,81.44,81.97,2585,9,0
2023-11-24 18:00:00,81.96,81.98,81.18,81.21,2519,8,0
2023-11-24 19:00:00,81.22,81.46,80.77,80.83,2216,9,0
2023-11-24 20:00:00,80.82,80.91,80.23,80.23,1107,9,0
2023-11-27 01:00:00,80.17,80.63,80.16,80.62,407,8,0
2023-11-27 02:00:00,80.61,80.62,80.53,80.53,241,8,0
2023-11-27 03:00:00,80.53,80.64,80.05,80.09,1485,9,0
2023-11-27 04:00:00,80.09,80.15,79.83,79.86,842,9,0
2023-11-27 05:00:00,79.85,79.87,79.62,79.8,553,9,0
2023-11-27 06:00:00,79.8,79.81,79.62,79.67,235,9,0
2023-11-27 07:00:00,79.68,79.87,79.64,79.84,536,9,0
2023-11-27 08:00:00,79.84,79.93,79.74,79.87,770,10,0
2023-11-27 09:00:00,79.87,80.1,79.83,79.86,889,9,0
2023-11-27 10:00:00,79.85,80.08,79.6,79.97,1800,9,0
2023-11-27 11:00:00,79.96,80.19,79.49,79.5,1550,9,0
2023-11-27 12:00:00,79.51,79.51,79.03,79.2,1826,7,0
2023-11-27 13:00:00,79.19,79.6,79.06,79.58,1210,7,0
2023-11-27 14:00:00,79.57,79.94,79.44,79.81,1530,6,0
2023-11-27 15:00:00,79.81,80.24,79.7,79.74,2843,7,0
2023-11-27 16:00:00,79.74,80.37,79.74,80.24,4696,6,0
2023-11-27 17:00:00,80.23,81.09,80.18,80.29,4317,7,0
2023-11-27 18:00:00,80.28,80.46,79.86,80.09,3574,6,0
2023-11-27 19:00:00,80.08,80.34,79.48,79.6,2545,7,0
2023-11-27 20:00:00,79.61,80.45,79.49,80.26,2349,7,0
2023-11-27 21:00:00,80.25,80.32,79.72,79.91,1740,7,0
2023-11-27 22:00:00,79.92,79.98,79.84,79.94,394,8,0
2023-11-27 23:00:00,79.94,80.01,79.74,79.97,204,8,0
2023-11-28 03:00:00,80.13,80.33,79.94,80.3,842,8,0
2023-11-28 04:00:00,80.31,80.33,80.02,80.03,504,8,0
2023-11-28 05:00:00,80.02,80.13,79.98,80.1,360,8,0
2023-11-28 06:00:00,80.1,80.1,79.96,79.97,122,8,0
2023-11-28 07:00:00,79.95,79.97,79.69,79.77,513,8,0
2023-11-28 08:00:00,79.76,80.08,79.71,79.99,573,8,0
2023-11-28 09:00:00,80.0,80.08,79.82,79.95,800,8,0
2023-11-28 10:00:00,79.96,80.57,79.95,80.54,1511,7,0
2023-11-28 11:00:00,80.53,80.82,80.41,80.79,925,7,0
2023-11-28 12:00:00,80.78,80.84,80.58,80.68,906,7,0
2023-11-28 13:00:00,80.67,80.72,80.51,80.58,637,8,0
2023-11-28 14:00:00,80.59,80.74,80.5,80.58,791,7,0
2023-11-28 15:00:00,80.57,80.69,79.66,80.22,4812,7,0
2023-11-28 16:00:00,80.22,80.72,80.19,80.35,3855,7,0
2023-11-28 17:00:00,80.35,81.67,80.33,81.64,3179,7,0
2023-11-28 18:00:00,81.64,81.91,81.56,81.73,2245,7,0
2023-11-28 19:00:00,81.73,81.9,81.69,81.83,1364,7,0
2023-11-28 20:00:00,81.84,81.84,81.44,81.53,989,7,0
2023-11-28 21:00:00,81.53,81.63,81.27,81.39,1149,7,0
2023-11-28 22:00:00,81.38,81.42,81.28,81.29,343,8,0
2023-11-28 23:00:00,81.28,81.37,81.13,81.13,340,9,0
2023-11-29 00:00:00,81.34,81.34,81.34,81.34,1,17,0
2023-11-29 03:00:00,81.65,81.83,81.42,81.45,835,9,0
2023-11-29 04:00:00,81.46,81.51,81.28,81.33,395,9,0
2023-11-29 05:00:00,81.34,81.43,81.27,81.38,262,9,0
2023-11-29 06:00:00,81.38,81.39,81.33,81.37,123,9,0
2023-11-29 07:00:00,81.37,81.46,81.28,81.35,349,9,0
2023-11-29 08:00:00,81.35,81.63,81.21,81.47,535,8,0
2023-11-29 09:00:00,81.47,81.49,81.26,81.41,560,9,0
2023-11-29 10:00:00,81.4,81.8,81.26,81.78,1617,8,0
2023-11-29 11:00:00,81.77,82.41,81.49,82.23,1951,7,0
2023-11-29 12:00:00,82.24,82.4,81.98,82.37,1145,7,0
2023-11-29 13:00:00,82.38,82.66,82.22,82.63,798,8,0
2023-11-29 14:00:00,82.64,82.72,82.52,82.59,809,7,0
2023-11-29 15:00:00,82.6,82.67,82.23,82.25,1830,7,0
2023-11-29 16:00:00,82.25,82.28,81.36,81.37,3357,7,0
2023-11-29 17:00:00,81.38,81.64,80.59,81.5,5299,7,0
2023-11-29 18:00:00,81.49,82.14,81.42,82.05,3537,6,0
2023-11-29 19:00:00,82.06,82.7,81.97,82.52,3003,7,0
2023-11-29 20:00:00,82.52,82.73,82.34,82.55,2179,7,0
2023-11-29 21:00:00,82.55,82.88,82.54,82.79,1775,7,0
2023-11-29 22:00:00,82.78,82.91,82.6,82.62,591,8,0
2023-11-29 23:00:00,82.61,82.64,82.33,82.54,273,8,0
2023-11-30 03:00:00,82.49,82.54,82.3,82.36,1168,8,0
2023-11-30 04:00:00,82.37,82.83,82.34,82.73,566,8,0
2023-11-30 05:00:00,82.74,82.74,82.51,82.63,402,8,0
2023-11-30 06:00:00,82.64,83.01,82.63,82.95,272,8,0
2023-11-30 07:00:00,82.95,83.28,82.92,83.1,650,8,0
2023-11-30 08:00:00,83.11,83.26,83.05,83.09,570,7,0
2023-11-30 09:00:00,83.08,83.35,82.77,83.14,1278,7,0
2023-11-30 10:00:00,83.15,83.7,82.94,82.98,2105,7,0
2023-11-30 11:00:00,82.99,83.62,82.97,83.51,1504,7,0
2023-11-30 12:00:00,83.51,84.43,83.51,84.26,3225,6,0
2023-11-30 13:00:00,84.26,84.5,82.85,83.46,5096,7,0
2023-11-30 14:00:00,83.45,83.67,83.3,83.6,1826,9,0
2023-11-30 15:00:00,83.59,84.17,83.3,83.93,4184,8,0
2023-11-30 16:00:00,83.91,84.38,83.3,83.68,5637,7,0
2023-11-30 17:00:00,83.67,84.12,81.6,81.67,5153,8,0
2023-11-30 18:00:00,81.68,81.86,79.93,80.27,7691,8,0
2023-11-30 19:00:00,80.28,81.83,80.21,81.21,3956,8,0
2023-11-30 20:00:00,81.2,81.7,80.56,80.71,3049,9,0
2023-11-30 21:00:00,80.71,80.93,80.44,80.84,2483,9,0
2023-11-30 22:00:00,80.85,80.9,79.93,79.98,775,9,0
2023-11-30 23:00:00,79.99,80.54,79.91,80.31,540,9,0
2023-12-01 03:00:00,80.68,80.71,80.39,80.54,927,9,0
2023-12-01 04:00:00,80.54,80.55,80.03,80.39,775,9,0
2023-12-01 05:00:00,80.4,80.46,80.25,80.44,315,9,0
2023-12-01 06:00:00,80.43,80.6,80.41,80.59,184,8,0
2023-12-01 07:00:00,80.58,80.7,80.45,80.63,649,9,0
2023-12-01 08:00:00,80.64,80.65,80.41,80.44,596,9,0
2023-12-01 09:00:00,80.43,80.64,80.34,80.52,815,9,0
2023-12-01 10:00:00,80.53,81.03,80.25,80.44,2432,8,0
2023-12-01 11:00:00,80.46,80.88,80.25,80.57,2429,9,0
2023-12-01 12:00:00,80.56,81.16,80.5,80.93,1323,9,0
2023-12-01 13:00:00,80.94,81.03,80.63,80.97,1306,9,0
2023-12-01 14:00:00,80.98,81.08,80.51,80.64,1214,9,0
2023-12-01 15:00:00,80.63,80.85,80.0,80.73,3281,7,0
2023-12-01 16:00:00,80.74,81.02,80.43,81.02,3996,7,0
2023-12-01 17:00:00,81.03,81.43,80.62,81.05,3705,7,0
2023-12-01 18:00:00,81.06,81.26,80.58,80.96,3989,7,0
2023-12-01 19:00:00,80.97,81.31,80.73,81.18,2490,7,0
2023-12-01 20:00:00,81.17,81.18,79.14,79.14,4258,7,0
2023-12-01 21:00:00,79.14,79.38,78.68,79.07,2260,9,0
2023-12-01 22:00:00,79.07,79.08,78.9,78.9,548,8,0
2023-12-01 23:00:00,78.91,79.11,78.91,79.09,237,9,0
2023-12-04 01:00:00,79.32,79.64,79.02,79.51,849,9,0
2023-12-04 02:00:00,79.5,79.51,79.3,79.36,323,9,0
2023-12-04 03:00:00,79.37,79.37,78.52,78.52,1706,10,0
2023-12-04 04:00:00,78.51,78.54,78.22,78.45,701,9,0
2023-12-04 05:00:00,78.44,78.46,78.24,78.35,434,8,0
2023-12-04 06:00:00,78.36,78.37,78.22,78.23,174,8,0
2023-12-04 07:00:00,78.24,78.34,78.03,78.09,439,9,0
2023-12-04 08:00:00,78.1,78.26,78.03,78.05,554,11,0
2023-12-04 09:00:00,78.07,78.17,78.01,78.08,523,9,0
2023-12-04 10:00:00,78.07,78.19,77.76,77.82,1321,9,0
2023-12-04 11:00:00,77.81,78.52,77.62,78.38,1538,9,0
2023-12-04 12:00:00,78.39,78.48,78.0,78.28,1517,8,0
2023-12-04 13:00:00,78.27,78.65,77.83,78.49,1842,8,0
2023-12-04 14:00:00,78.5,78.64,78.2,78.25,1421,8,0
2023-12-04 15:00:00,78.24,78.93,77.83,77.95,4905,7,0
2023-12-04 16:00:00,77.96,78.44,77.76,77.78,4627,9,0
2023-12-04 17:00:00,77.77,79.48,77.49,78.53,5101,8,0
2023-12-04 18:00:00,78.54,79.1,78.26,78.38,4967,7,0
2023-12-04 19:00:00,78.4,78.76,78.18,78.7,2725,9,0
2023-12-04 20:00:00,78.7,78.74,78.09,78.09,1926,9,0
2023-12-04 21:00:00,78.09,78.27,77.93,78.2,1409,9,0
2023-12-04 22:00:00,78.2,78.25,78.13,78.19,344,8,0
2023-12-04 23:00:00,78.18,78.24,77.87,77.89,199,9,0
2023-12-05 00:00:00,78.12,78.12,78.12,78.12,1,17,0
2023-12-05 03:00:00,78.05,78.36,77.98,78.07,1119,9,0
2023-12-05 04:00:00,78.07,78.18,78.0,78.07,552,9,0
2023-12-05 05:00:00,78.07,78.1,77.97,77.97,272,9,0
2023-12-05 06:00:00,77.97,78.02,77.93,78.01,173,9,0
2023-12-05 07:00:00,78.0,78.2,77.98,78.17,362,8,0
2023-12-05 08:00:00,78.18,78.18,77.91,78.12,462,9,0
2023-12-05 09:00:00,78.12,78.38,78.0,78.36,631,9,0
2023-12-05 10:00:00,78.37,79.04,78.3,78.91,1753,7,0
2023-12-05 11:00:00,78.9,78.98,78.54,78.58,1337,7,0
2023-12-05 12:00:00,78.59,78.84,78.33,78.36,1117,7,0
2023-12-05 13:00:00,78.36,78.47,77.85,77.9,1092,7,0
2023-12-05 14:00:00,77.9,78.06,77.77,77.92,1097,7,0
2023-12-05 15:00:00,77.92,78.27,77.14,77.68,4072,7,0
2023-12-05 16:00:00,77.68,78.94,77.54,78.75,5730,7,0
2023-12-05 17:00:00,78.76,79.02,78.16,78.37,4032,7,0
2023-12-05 18:00:00,78.36,78.62,78.02,78.58,4035,7,0
2023-12-05 19:00:00,78.59,78.69,77.5,77.65,3298,7,0
2023-12-05 20:00:00,77.65,77.69,77.06,77.12,1991,7,0
2023-12-05 21:00:00,77.12,77.54,77.07,77.33,1821,7,0
2023-12-05 22:00:00,77.33,77.38,77.11,77.15,384,8,0
2023-12-05 23:00:00,77.14,77.31,76.72,76.93,414,8,0
2023-12-06 03:00:00,77.06,77.39,77.02,77.26,1310,8,0
2023-12-06 04:00:00,77.27,77.45,77.26,77.37,533,7,0
2023-12-06 05:00:00,77.38,77.48,77.22,77.22,284,8,0
2023-12-06 06:00:00,77.22,77.22,77.13,77.16,138,8,0
2023-12-06 07:00:00,77.15,77.26,77.06,77.16,486,8,0
2023-12-06 08:00:00,77.17,77.33,77.12,77.33,557,8,0
2023-12-06 09:00:00,77.34,77.43,77.27,77.34,579,8,0
2023-12-06 10:00:00,77.35,77.58,77.0,77.11,1697,7,0
2023-12-06 11:00:00,77.1,77.27,76.78,76.94,1510,7,0
2023-12-06 12:00:00,76.93,76.94,76.29,76.7,1578,7,0
2023-12-06 13:00:00,76.69,76.73,76.18,76.45,1423,7,0
2023-12-06 14:00:00,76.44,76.6,76.36,76.47,965,7,0
2023-12-06 15:00:00,76.48,76.71,76.01,76.19,3465,7,0
2023-12-06 16:00:00,76.18,76.18,75.43,75.48,4323,7,0
2023-12-06 17:00:00,75.47,75.79,75.14,75.26,4152,8,0
2023-12-06 18:00:00,75.25,75.26,74.33,74.34,3355,9,0
2023-12-06 19:00:00,74.33,74.74,74.11,74.58,2142,9,0
2023-12-06 20:00:00,74.58,74.75,74.26,74.66,2123,9,0
2023-12-06 21:00:00,74.65,74.84,74.22,74.31,1825,9,0
2023-12-06 22:00:00,74.31,74.36,74.24,74.26,432,8,0
2023-12-06 23:00:00,74.27,74.28,73.96,73.98,229,9,0
2023-12-07 00:00:00,74.2,74.2,74.2,74.2,1,17,0
2023-12-07 03:00:00,74.46,74.68,74.4,74.57,1132,9,0
2023-12-07 04:00:00,74.57,74.69,74.53,74.66,483,9,0
2023-12-07 05:00:00,74.67,74.75,74.61,74.69,363,8,0
2023-12-07 06:00:00,74.68,74.74,74.64,74.7,192,8,0
2023-12-07 07:00:00,74.7,74.74,74.53,74.55,373,9,0
2023-12-07 08:00:00,74.54,74.75,74.54,74.75,495,9,0
2023-12-07 09:00:00,74.74,75.0,74.59,74.99,797,10,0
2023-12-07 10:00:00,74.98,75.01,74.57,74.97,2033,9,0
2023-12-07 11:00:00,74.96,75.2,74.8,75.1,1646,9,0
2023-12-07 12:00:00,75.09,75.45,74.9,74.96,1391,9,0
2023-12-07 13:00:00,74.97,75.11,74.8,74.84,967,8,0
2023-12-07 14:00:00,74.83,74.96,74.61,74.89,1179,9,0
2023-12-07 15:00:00,74.88,75.47,74.88,75.09,2692,9,0
2023-12-07 16:00:00,75.08,75.41,74.81,74.99,4160,7,0
2023-12-07 17:00:00,74.98,75.16,74.48,74.59,3450,7,0
2023-12-07 18:00:00,74.59,74.93,74.15,74.22,3446,6,0
2023-12-07 19:00:00,74.21,74.24,73.67,74.2,2369,7,0
2023-12-07 20:00:00,74.2,74.54,73.94,74.26,2341,7,0
2023-12-07 21:00:00,74.25,74.42,74.01,74.31,2033,7,0
2023-12-07 22:00:00,74.31,74.47,74.25,74.46,421,8,0
2023-12-07 23:00:00,74.47,74.48,74.14,74.16,197,8,0
2023-12-08 00:00:00,74.37,74.37,74.37,74.37,1,18,0
2023-12-08 03:00:00,74.67,75.15,74.24,75.14,2761,7,0
2023-12-08 04:00:00,75.15,75.25,75.0,75.13,976,8,0
2023-12-08 05:00:00,75.13,75.38,75.08,75.37,629,8,0
2023-12-08 06:00:00,75.38,75.38,75.2,75.26,188,8,0
2023-12-08 07:00:00,75.26,75.55,75.16,75.53,816,8,0
2023-12-08 08:00:00,75.54,75.8,75.49,75.6,646,8,0
2023-12-08 09:00:00,75.6,75.71,75.5,75.57,576,7,0
2023-12-08 10:00:00,75.56,75.85,75.33,75.85,1627,7,0
2023-12-08 11:00:00,75.84,76.1,75.62,75.7,1337,7,0
2023-12-08 12:00:00,75.69,75.71,75.14,75.38,1645,7,0
2023-12-08 13:00:00,75.38,75.6,75.28,75.35,915,7,0
2023-12-08 14:00:00,75.34,75.63,75.25,75.53,813,7,0
2023-12-08 15:00:00,75.52,75.96,75.5,75.59,2082,7,0
2023-12-08 16:00:00,75.58,75.86,75.33,75.54,3079,7,0
2023-12-08 17:00:00,75.55,76.39,75.55,75.91,3455,7,0
2023-12-08 18:00:00,75.9,76.15,75.56,75.8,2880,7,0
2023-12-08 19:00:00,75.8,75.82,75.28,75.42,2020,7,0
2023-12-08 20:00:00,75.41,75.93,75.36,75.86,1432,8,0
2023-12-08 21:00:00,75.86,76.01,75.74,75.91,1244,8,0
2023-12-08 22:00:00,75.91,75.99,75.82,75.87,455,8,0
2023-12-08 23:00:00,75.86,76.02,75.84,75.88,143,9,0
2023-12-11 01:00:00,75.74,75.96,75.63,75.96,323,8,0
2023-12-11 02:00:00,75.95,76.22,75.94,76.17,213,8,0
2023-12-11 03:00:00,76.16,76.24,75.9,76.09,1177,8,0
2023-12-11 04:00:00,76.09,76.23,76.04,76.16,379,8,0
2023-12-11 05:00:00,76.16,76.41,76.13,76.36,235,8,0
2023-12-11 06:00:00,76.35,76.39,76.32,76.36,116,8,0
2023-12-11 07:00:00,76.35,76.49,76.35,76.48,238,8,0
2023-12-11 08:00:00,76.49,76.52,76.4,76.51,336,8,0
2023-12-11 09:00:00,76.5,76.52,76.36,76.41,461,7,0
2023-12-11 10:00:00,76.41,76.48,75.97,76.17,1290,7,0
2023-12-11 11:00:00,76.18,76.19,75.55,75.56,1243,7,0
2023-12-11 12:00:00,75.55,75.71,75.29,75.31,851,7,0
2023-12-11 13:00:00,75.3,75.55,75.09,75.54,906,7,0
2023-12-11 14:00:00,75.54,75.89,75.39,75.85,850,7,0
2023-12-11 15:00:00,75.85,76.04,75.72,75.73,1669,7,0
2023-12-11 16:00:00,75.73,76.07,75.51,75.9,3447,7,0
2023-12-11 17:00:00,75.89,75.95,75.65,75.79,2481,7,0
2023-12-11 18:00:00,75.79,76.1,75.32,75.9,3132,7,0
2023-12-11 19:00:00,75.9,76.01,75.35,75.96,1900,7,0
2023-12-11 20:00:00,75.96,76.43,75.93,76.41,1669,7,0
2023-12-11 21:00:00,76.4,76.48,75.97,76.12,1454,7,0
2023-12-11 22:00:00,76.12,76.24,76.07,76.2,251,7,0
2023-12-11 23:00:00,76.21,76.24,75.88,76.08,167,9,0
2023-12-12 03:00:00,76.2,76.25,76.03,76.17,715,8,0
2023-12-12 04:00:00,76.16,76.28,76.13,76.26,273,8,0
2023-12-12 05:00:00,76.27,76.4,76.24,76.36,268,8,0
2023-12-12 06:00:00,76.37,76.62,76.36,76.59,129,7,0
2023-12-12 07:00:00,76.6,76.64,76.5,76.59,246,7,0
2023-12-12 08:00:00,76.58,76.7,76.54,76.64,305,8,0
2023-12-12 09:00:00,76.64,76.72,76.5,76.53,501,8,0
2023-12-12 10:00:00,76.51,76.51,76.11,76.34,1091,7,0
2023-12-12 11:00:00,76.34,76.57,76.28,76.38,1108,7,0
2023-12-12 12:00:00,76.39,76.43,75.81,75.83,1091,7,0
2023-12-12 13:00:00,75.82,76.0,75.75,75.94,805,8,0
2023-12-12 14:00:00,75.93,75.93,75.48,75.58,1008,7,0
2023-12-12 15:00:00,75.58,75.71,74.66,74.66,2300,7,0
2023-12-12 16:00:00,74.67,74.69,73.69,73.84,4643,7,0
2023-12-12 17:00:00,73.83,74.3,73.69,73.75,3203,9,0
2023-12-12 18:00:00,73.74,73.77,73.22,73.24,2512,9,0
2023-12-12 19:00:00,73.23,73.44,73.05,73.07,1457,9,0
2023-12-12 20:00:00,73.08,73.27,73.01,73.09,1286,9,0
2023-12-12 21:00:00,73.07,73.53,73.02,73.45,1195,9,0
2023-12-12 22:00:00,73.46,73.58,73.44,73.45,369,8,0
2023-12-12 23:00:00,73.46,73.67,73.25,73.47,333,9,0
2023-12-13 03:00:00,73.26,73.36,72.89,73.35,1092,8,0
2023-12-13 04:00:00,73.34,73.53,73.27,73.44,469,8,0
2023-12-13 05:00:00,73.43,73.45,73.07,73.08,303,8,0
2023-12-13 06:00:00,73.07,73.24,73.07,73.21,229,8,0
2023-12-13 07:00:00,73.2,73.32,73.14,73.17,335,8,0
2023-12-13 08:00:00,73.16,73.18,72.67,72.7,758,9,0
2023-12-13 09:00:00,72.71,72.98,72.71,72.83,748,9,0
2023-12-13 10:00:00,72.82,72.98,72.5,72.88,2079,7,0
2023-12-13 11:00:00,72.89,73.38,72.7,73.27,2134,7,0
2023-12-13 12:00:00,73.27,73.56,73.14,73.5,1349,7,0
2023-12-13 13:00:00,73.49,73.67,73.27,73.57,1062,7,0
2023-12-13 14:00:00,73.56,73.71,73.5,73.62,945,7,0
2023-12-13 15:00:00,73.62,74.17,73.6,73.87,1808,7,0
2023-12-13 16:00:00,73.86,74.07,73.52,74.03,2789,7,0
2023-12-13 17:00:00,74.03,74.49,73.75,74.33,3244,7,0
2023-12-13 18:00:00,74.33,74.54,73.9,74.47,2681,7,0
2023-12-13 19:00:00,74.47,74.5,74.02,74.05,1552,7,0
2023-12-13 20:00:00,74.05,74.31,73.86,74.26,1685,7,0
2023-12-13 21:00:00,74.25,74.57,74.23,74.35,1200,7,0
2023-12-13 22:00:00,74.36,74.71,74.34,74.71,444,8,0
2023-12-13 23:00:00,74.71,74.77,74.53,74.73,238,8,0
2023-12-14 03:00:00,74.83,75.05,74.8,74.85,672,8,0
2023-12-14 04:00:00,74.84,74.84,74.6,74.69,454,8,0
2023-12-14 05:00:00,74.68,74.71,74.58,74.58,227,8,0
2023-12-14 06:00:00,74.59,74.71,74.56,74.7,86,8,0
2023-12-14 07:00:00,74.71,74.82,74.59,74.8,300,8,0
2023-12-14 08:00:00,74.81,74.83,74.72,74.8,447,8,0
2023-12-14 09:00:00,74.81,74.92,74.79,74.86,514,8,0
2023-12-14 10:00:00,74.86,75.52,74.8,75.3,1696,7,0
2023-12-14 11:00:00,75.3,75.85,75.25,75.76,1291,7,0
2023-12-14 12:00:00,75.77,75.98,75.67,75.84,917,7,0
2023-12-14 13:00:00,75.83,75.93,75.53,75.62,784,7,0
2023-12-14 14:00:00,75.62,75.97,75.55,75.95,876,7,0
2023-12-14 15:00:00,75.93,76.46,75.82,76.46,1505,7,0
2023-12-14 16:00:00,76.45,76.94,76.44,76.89,2180,7,0
2023-12-14 17:00:00,76.89,77.06,76.71,76.86,2418,7,0
2023-12-14 18:00:00,76.85,77.2,76.72,77.06,2342,7,0
2023-12-14 19:00:00,77.07,77.43,77.03,77.29,1534,7,0
2023-12-14 20:00:00,77.3,77.32,77.07,77.24,1399,7,0
2023-12-14 21:00:00,77.23,77.29,76.57,76.65,2180,7,0
2023-12-14 22:00:00,76.65,76.85,76.62,76.85,377,7,0
2023-12-14 23:00:00,76.84,76.85,76.52,76.74,196,9,0
2023-12-15 03:00:00,76.81,76.99,76.78,76.9,634,8,0
2023-12-15 04:00:00,76.91,77.13,76.9,77.13,390,8,0
2023-12-15 05:00:00,77.14,77.22,77.07,77.18,287,8,0
2023-12-15 06:00:00,77.17,77.17,77.03,77.08,196,8,0
2023-12-15 07:00:00,77.08,77.09,76.92,76.95,328,8,0
2023-12-15 08:00:00,76.94,77.01,76.78,76.99,434,8,0
2023-12-15 09:00:00,76.99,77.04,76.76,76.81,511,8,0
2023-12-15 10:00:00,76.8,77.17,76.63,77.13,1567,6,0
2023-12-15 11:00:00,77.14,77.26,76.9,76.94,1218,7,0
2023-12-15 12:00:00,76.95,77.23,76.8,77.18,906,7,0
2023-12-15 13:00:00,77.18,77.19,76.95,76.98,886,7,0
2023-12-15 14:00:00,76.98,77.37,76.96,77.31,792,7,0
2023-12-15 15:00:00,77.31,77.38,76.7,77.14,1841,7,0
2023-12-15 16:00:00,77.15,77.16,76.24,76.28,4517,7,0
2023-12-15 17:00:00,76.28,76.5,75.47,76.39,4743,7,0
2023-12-15 18:00:00,76.39,76.94,76.29,76.85,3283,7,0
2023-12-15 19:00:00,76.84,77.14,76.67,77.13,2024,7,0
2023-12-15 20:00:00,77.13,77.13,76.68,76.89,1893,7,0
2023-12-15 21:00:00,76.9,76.96,76.6,76.71,1588,7,0
2023-12-15 22:00:00,76.71,76.92,76.62,76.89,446,7,0
2023-12-15 23:00:00,76.9,76.98,76.83,76.93,178,9,0
2023-12-18 01:00:00,77.01,77.42,77.01,77.42,427,8,0
2023-12-18 02:00:00,77.41,77.55,77.15,77.15,323,9,0
2023-12-18 03:00:00,77.15,77.22,76.82,76.96,663,11,0
2023-12-18 04:00:00,76.96,77.1,76.94,76.94,583,9,0
2023-12-18 05:00:00,76.95,77.03,76.89,76.95,375,8,0
2023-12-18 06:00:00,76.96,76.99,76.94,76.98,297,9,0
2023-12-18 07:00:00,76.98,77.19,76.92,77.14,493,9,0
2023-12-18 08:00:00,77.13,77.5,77.1,77.46,698,9,0
2023-12-18 09:00:00,77.46,77.46,77.05,77.11,737,9,0
2023-12-18 10:00:00,77.1,77.32,77.0,77.16,1348,7,0
2023-12-18 11:00:00,77.15,77.16,76.24,76.38,1828,7,0
2023-12-18 12:00:00,76.37,76.37,75.92,76.27,1734,7,0
2023-12-18 13:00:00,76.28,77.52,76.14,77.48,2859,7,0
2023-12-18 14:00:00,77.47,77.65,77.13,77.6,1502,9,0
2023-12-18 15:00:00,77.6,78.73,77.53,78.66,3519,8,0
2023-12-18 16:00:00,78.65,79.5,78.65,79.47,3267,8,0
2023-12-18 17:00:00,79.48,79.57,78.48,78.74,3213,8,0
2023-12-18 18:00:00,78.73,79.01,78.37,78.66,2849,8,0
2023-12-18 19:00:00,78.65,78.83,78.5,78.68,1643,9,0
2023-12-18 20:00:00,78.69,78.69,78.11,78.15,1656,8,0
2023-12-18 21:00:00,78.14,78.33,77.61,78.14,2051,9,0
2023-12-18 22:00:00,78.14,78.24,78.11,78.2,422,8,0
2023-12-18 23:00:00,78.21,78.23,77.82,77.83,352,9,0
2023-12-19 00:00:00,78.05,78.05,78.05,78.05,1,17,0
2023-12-19 03:00:00,78.19,78.35,78.05,78.23,1061,9,0
2023-12-19 04:00:00,78.22,78.25,78.03,78.12,540,8,0
2023-12-19 05:00:00,78.12,78.14,78.04,78.06,259,8,0
2023-12-19 06:00:00,78.06,78.16,78.04,78.13,184,8,0
2023-12-19 07:00:00,78.13,78.21,78.02,78.06,324,9,0
2023-12-19 08:00:00,78.07,78.16,78.04,78.08,497,8,0
2023-12-19 09:00:00,78.08,78.16,77.92,77.97,628,9,0
2023-12-19 10:00:00,77.97,78.15,77.46,77.92,2147,8,0
2023-12-19 11:00:00,77.93,78.18,77.65,77.74,1835,7,0
2023-12-19 12:00:00,77.74,78.11,77.69,78.08,1316,7,0
2023-12-19 13:00:00,78.09,78.15,77.86,78.01,913,7,0
2023-12-19 14:00:00,78.0,78.01,77.68,77.75,998,7,0
2023-12-19 15:00:00,77.74,78.15,77.73,78.07,1871,7,0
2023-12-19 16:00:00,78.06,79.02,78.03,78.93,3006,7,0
2023-12-19 17:00:00,78.94,79.37,78.6,79.35,2919,7,0
2023-12-19 18:00:00,79.34,79.65,79.09,79.44,2304,7,0
2023-12-19 19:00:00,79.45,79.7,79.1,79.44,2043,7,0
2023-12-19 20:00:00,79.43,79.46,78.99,79.24,1577,7,0
2023-12-19 21:00:00,79.25,79.46,78.96,79.44,1510,7,0
2023-12-19 22:00:00,79.43,79.71,79.39,79.63,503,7,0
2023-12-19 23:00:00,79.63,79.63,79.14,79.14,446,9,0
2023-12-20 00:00:00,79.36,79.36,79.14,79.36,3,17,0
2023-12-20 03:00:00,79.34,79.39,79.26,79.38,588,7,0
2023-12-20 04:00:00,79.37,79.37,79.18,79.32,487,8,0
2023-12-20 05:00:00,79.32,79.33,79.14,79.19,360,8,0
2023-12-20 06:00:00,79.19,79.23,79.13,79.17,223,8,0
2023-12-20 07:00:00,79.17,79.36,79.16,79.34,454,8,0
2023-12-20 08:00:00,79.34,79.39,79.31,79.37,477,8,0
2023-12-20 09:00:00,79.36,79.54,79.3,79.48,615,8,0
2023-12-20 10:00:00,79.48,80.09,79.46,79.86,1469,7,0
2023-12-20 11:00:00,79.86,79.95,79.65,79.94,1072,7,0
2023-12-20 12:00:00,79.94,80.3,79.93,80.13,828,7,0
2023-12-20 13:00:00,80.13,80.26,80.04,80.15,880,6,0
2023-12-20 14:00:00,80.14,80.22,80.09,80.11,892,7,0
2023-12-20 15:00:00,80.1,80.26,79.75,80.21,1953,6,0
2023-12-20 16:00:00,80.22,80.56,80.07,80.3,2950,7,0
2023-12-20 17:00:00,80.3,80.36,79.63,79.79,3607,7,0
2023-12-20 18:00:00,79.8,80.42,79.76,79.87,2831,7,0
2023-12-20 19:00:00,79.87,80.05,79.22,79.24,2229,7,0
2023-12-20 20:00:00,79.23,79.52,79.09,79.3,2420,7,0
2023-12-20 21:00:00,79.3,79.75,79.24,79.27,1689,7,0
2023-12-20 22:00:00,79.26,79.43,79.09,79.11,1100,7,0
2023-12-20 23:00:00,79.11,79.16,78.86,79.08,261,9,0
2023-12-21 03:00:00,79.04,79.18,78.94,79.17,1096,8,0
2023-12-21 04:00:00,79.17,79.33,79.15,79.33,501,8,0
2023-12-21 05:00:00,79.34,79.45,79.23,79.26,480,8,0
2023-12-21 06:00:00,79.27,79.28,79.16,79.18,385,8,0
2023-12-21 07:00:00,79.18,79.6,79.15,79.57,582,8,0
2023-12-21 08:00:00,79.58,79.59,79.47,79.56,634,8,0
2023-12-21 09:00:00,79.55,79.63,79.44,79.56,791,8,0
2023-12-21 10:00:00,79.57,79.96,79.56,79.93,1712,7,0
2023-12-21 11:00:00,79.94,79.95,79.6,79.82,1210,7,0
2023-12-21 12:00:00,79.83,79.84,79.23,79.32,1312,7,0
2023-12-21 13:00:00,79.33,79.45,79.17,79.3,881,7,0
2023-12-21 14:00:00,79.29,79.43,78.33,78.77,2274,7,0
2023-12-21 15:00:00,78.76,78.85,77.75,78.27,4023,8,0
2023-12-21 16:00:00,78.25,79.16,78.07,78.73,4374,8,0
2023-12-21 17:00:00,78.74,79.21,78.69,78.99,4017,8,0
2023-12-21 18:00:00,78.98,79.32,78.53,78.56,3591,9,0
2023-12-21 19:00:00,78.57,78.72,78.31,78.63,2647,9,0
2023-12-21 20:00:00,78.64,78.93,78.57,78.79,1770,9,0
2023-12-21 21:00:00,78.78,79.2,78.72,79.01,1781,9,0
2023-12-21 22:00:00,79.01,79.21,78.9,79.17,458,8,0
2023-12-21 23:00:00,79.18,79.22,78.9,79.11,328,9,0
2023-12-22 03:00:00,79.1,79.64,79.09,79.62,998,9,0
2023-12-22 04:00:00,79.63,79.76,79.54,79.75,655,9,0
2023-12-22 05:00:00,79.74,79.92,79.71,79.79,583,9,0
2023-12-22 06:00:00,79.79,79.92,79.5,79.62,909,9,0
2023-12-22 07:00:00,79.63,79.65,79.42,79.45,677,9,0
2023-12-22 08:00:00,79.45,79.71,79.43,79.69,709,9,0
2023-12-22 09:00:00,79.7,79.76,79.53,79.7,753,9,0
2023-12-22 10:00:00,79.71,79.95,79.64,79.94,1352,9,0
2023-12-22 11:00:00,79.94,80.02,79.6,79.64,1484,9,0
2023-12-22 12:00:00,79.65,79.86,79.53,79.72,1444,8,0
2023-12-22 13:00:00,79.73,79.89,79.55,79.62,1081,9,0
2023-12-22 14:00:00,79.63,79.69,79.15,79.56,2129,7,0
2023-12-22 15:00:00,79.57,79.99,79.45,79.84,1877,7,0
2023-12-22 16:00:00,79.84,80.05,79.59,79.85,2984,9,0
2023-12-22 17:00:00,79.86,80.05,78.88,78.9,3087,9,0
2023-12-22 18:00:00,78.89,79.29,78.59,78.96,3333,6,0
2023-12-22 19:00:00,78.97,79.16,78.82,79.09,2264,9,0
2023-12-22 20:00:00,79.08,79.2,78.91,79.1,1655,9,0
2023-12-22 21:00:00,79.11,79.18,78.67,78.91,2132,9,0
2023-12-26 03:00:00,78.69,79.02,78.63,78.88,1200,8,0
2023-12-26 04:00:00,78.87,79.0,78.73,78.76,421,8,0
2023-12-26 05:00:00,78.77,78.86,78.73,78.81,321,8,0
2023-12-26 06:00:00,78.81,78.98,78.75,78.97,265,8,0
2023-12-26 07:00:00,79.0,79.07,78.96,79.07,330,8,0
2023-12-26 08:00:00,79.05,79.07,78.85,78.87,400,8,0
2023-12-26 09:00:00,78.87,79.0,78.79,78.87,635,8,0
2023-12-26 10:00:00,78.88,79.12,78.31,78.78,1778,8,0
2023-12-26 11:00:00,78.79,78.92,78.45,78.63,1059,8,0
2023-12-26 12:00:00,78.63,78.83,78.43,78.8,800,8,0
2023-12-26 13:00:00,78.8,78.9,78.5,78.9,946,11,0
2023-12-26 14:00:00,78.9,79.39,78.86,79.38,1116,11,0
2023-12-26 15:00:00,79.4,80.32,79.4,80.24,2172,10,0
2023-12-26 16:00:00,80.24,80.87,80.2,80.63,2503,11,0
2023-12-26 17:00:00,80.62,80.82,80.52,80.67,1625,10,0
2023-12-26 18:00:00,80.68,81.25,80.68,81.23,1235,11,0
2023-12-26 19:00:00,81.24,81.38,81.02,81.12,1063,11,0
2023-12-26 20:00:00,81.13,81.26,80.88,81.26,971,12,0
2023-12-26 21:00:00,81.25,81.33,80.58,80.64,1831,11,0
2023-12-26 22:00:00,80.63,80.71,80.35,80.41,849,8,0
2023-12-26 23:00:00,80.41,80.58,80.32,80.38,554,9,0
2023-12-27 00:00:00,80.61,80.61,80.38,80.61,3,17,0
2023-12-27 03:00:00,80.56,80.69,80.43,80.62,1011,8,0
2023-12-27 04:00:00,80.61,80.71,80.5,80.65,446,8,0
2023-12-27 05:00:00,80.65,80.82,80.62,80.73,447,9,0
2023-12-27 06:00:00,80.73,80.76,80.66,80.72,266,8,0
2023-12-27 07:00:00,80.74,80.78,80.57,80.75,426,8,0
2023-12-27 08:00:00,80.75,80.89,80.68,80.89,491,8,0
2023-12-27 09:00:00,80.89,80.89,80.68,80.72,496,8,0
2023-12-27 10:00:00,80.74,80.83,80.57,80.83,684,8,0
2023-12-27 11:00:00,80.82,80.96,80.4,80.59,710,8,0
2023-12-27 12:00:00,80.59,80.69,80.21,80.29,511,8,0
2023-12-27 13:00:00,80.32,80.37,80.14,80.3,478,8,0
2023-12-27 14:00:00,80.29,80.5,80.25,80.41,504,8,0
2023-12-27 15:00:00,80.42,80.42,79.54,80.33,1269,8,0
2023-12-27 16:00:00,80.34,80.65,80.04,80.27,1279,8,0
2023-12-27 17:00:00,80.25,80.49,80.12,80.27,1483,8,0
2023-12-27 18:00:00,80.26,80.35,79.57,79.71,2814,8,0
2023-12-27 19:00:00,79.7,79.88,79.54,79.64,1607,9,0
2023-12-27 20:00:00,79.63,79.86,79.47,79.47,1873,8,0
2023-12-27 21:00:00,79.46,79.64,79.23,79.45,2185,8,0
2023-12-27 22:00:00,79.46,79.54,79.23,79.25,570,9,0
2023-12-27 23:00:00,79.24,79.36,78.98,79.19,356,9,0
2023-12-28 00:00:00,79.08,79.08,79.08,79.08,1,40,0
2023-12-28 03:00:00,79.51,79.79,79.08,79.68,727,8,0
2023-12-28 04:00:00,79.67,79.76,79.52,79.55,511,9,0
2023-12-28 05:00:00,79.55,79.58,79.41,79.47,454,8,0
2023-12-28 06:00:00,79.47,79.5,79.4,79.4,273,8,0
2023-12-28 07:00:00,79.4,79.63,79.37,79.6,386,9,0
2023-12-28 08:00:00,79.6,79.71,79.48,79.66,583,8,0
2023-12-28 09:00:00,79.65,79.67,79.36,79.39,725,9,0
2023-12-28 10:00:00,79.39,79.76,79.0,79.21,2165,8,0
2023-12-28 11:00:00,79.2,79.26,78.75,79.14,1549,8,0
2023-12-28 12:00:00,79.14,79.14,78.39,78.73,1683,9,0
2023-12-28 13:00:00,78.74,78.88,78.66,78.79,882,9,0
2023-12-28 14:00:00,78.78,78.8,78.45,78.8,1100,8,0
2023-12-28 15:00:00,78.79,79.01,78.14,78.99,2849,9,0
2023-12-28 16:00:00,79.0,79.06,78.4,78.91,3668,8,0
2023-12-28 17:00:00,78.91,79.07,78.27,78.27,2665,8,0
2023-12-28 18:00:00,78.27,79.01,78.07,78.15,3451,8,0
2023-12-28 19:00:00,78.14,78.47,77.87,77.96,1904,9,0
2023-12-28 20:00:00,77.97,77.98,77.14,77.31,2292,9,0
2023-12-28 21:00:00,77.31,77.42,77.03,77.35,1961,9,0
2023-12-28 22:00:00,77.35,77.37,77.19,77.27,579,10,0
2023-12-28 23:00:00,77.27,77.39,77.13,77.35,387,9,0
2023-12-29 03:00:00,77.26,77.41,77.13,77.34,1122,9,0
2023-12-29 04:00:00,77.34,77.43,77.24,77.33,449,9,0
2023-12-29 05:00:00,77.33,77.44,77.2,77.22,469,9,0
2023-12-29 06:00:00,77.21,77.55,77.05,77.52,770,9,0
2023-12-29 07:00:00,77.5,77.65,77.44,77.49,518,9,0
2023-12-29 08:00:00,77.49,77.53,77.34,77.35,585,9,0
2023-12-29 09:00:00,77.36,77.53,77.36,77.4,522,8,0
2023-12-29 10:00:00,77.41,77.77,77.38,77.7,1279,8,0
2023-12-29 11:00:00,77.69,77.9,77.57,77.66,1213,9,0
2023-12-29 12:00:00,77.65,77.72,77.17,77.62,1290,8,0
2023-12-29 13:00:00,77.64,77.69,77.39,77.51,1042,9,0
2023-12-29 14:00:00,77.5,77.61,77.21,77.5,1993,9,0
2023-12-29 15:00:00,77.51,77.73,77.23,77.58,1535,9,0
2023-12-29 16:00:00,77.59,77.88,77.17,77.65,2965,8,0
2023-12-29 17:00:00,77.66,77.75,76.77,77.08,2413,8,0
2023-12-29 18:00:00,77.09,77.74,77.0,77.04,2375,9,0
2023-12-29 19:00:00,77.03,77.57,77.01,77.33,1582,9,0
2023-12-29 20:00:00,77.32,77.42,77.05,77.21,1489,9,0
2023-12-29 21:00:00,77.22,77.35,76.67,76.8,1947,8,0
2024-01-02 03:00:00,77.45,78.37,77.43,77.88,2224,9,0
2024-01-02 04:00:00,77.87,78.25,77.87,78.13,808,8,0
2024-01-02 05:00:00,78.14,78.35,78.14,78.19,648,9,0
2024-01-02 06:00:00,78.19,78.29,78.11,78.28,303,8,0
2024-01-02 07:00:00,78.29,78.43,78.22,78.42,362,8,0
2024-01-02 08:00:00,78.42,78.53,78.36,78.46,586,8,0
2024-01-02 09:00:00,78.46,78.48,78.15,78.2,712,11,0
2024-01-02 10:00:00,78.21,78.44,77.94,78.37,1914,10,0
2024-01-02 11:00:00,78.37,78.61,78.21,78.55,1534,8,0
2024-01-02 12:00:00,78.56,78.94,78.54,78.92,1291,9,0
2024-01-02 13:00:00,78.91,78.97,78.45,78.65,1443,9,0
2024-01-02 14:00:00,78.65,78.82,78.3,78.51,1533,8,0
2024-01-02 15:00:00,78.52,78.96,78.28,78.86,3033,7,0
2024-01-02 16:00:00,78.85,78.89,76.85,77.17,5961,7,0
2024-01-02 17:00:00,77.16,77.59,76.88,76.99,4177,7,0
2024-01-02 18:00:00,76.99,77.18,75.83,76.32,4804,6,0
2024-01-02 19:00:00,76.31,76.82,76.07,76.67,2601,7,0
2024-01-02 20:00:00,76.66,76.72,75.73,75.74,2602,7,0
2024-01-02 21:00:00,75.73,76.07,75.56,75.98,2143,7,0
2024-01-02 22:00:00,75.98,76.11,75.86,75.86,702,7,0
2024-01-02 23:00:00,75.85,76.01,75.65,75.87,409,8,0
2024-01-03 03:00:00,75.9,76.13,75.74,75.75,1023,7,0
2024-01-03 04:00:00,75.75,75.87,75.73,75.83,313,8,0
2024-01-03 05:00:00,75.84,75.9,75.72,75.82,316,8,0
2024-01-03 06:00:00,75.81,75.83,75.77,75.79,150,8,0
2024-01-03 07:00:00,75.79,75.8,75.55,75.77,456,8,0
2024-01-03 08:00:00,75.77,76.06,75.65,75.9,904,8,0
2024-01-03 09:00:00,75.89,75.91,75.55,75.57,841,8,0
2024-01-03 10:00:00,75.56,75.6,75.15,75.46,2050,7,0
2024-01-03 11:00:00,75.45,75.69,74.76,75.47,2362,7,0
2024-01-03 12:00:00,75.46,75.72,75.33,75.39,2115,7,0
2024-01-03 13:00:00,75.4,76.05,75.4,76.03,1554,7,0
2024-01-03 14:00:00,76.02,76.63,75.88,76.55,2487,7,0
2024-01-03 15:00:00,76.56,76.83,76.17,76.26,2703,7,0
2024-01-03 16:00:00,76.25,77.59,76.09,77.56,3882,7,0
2024-01-03 17:00:00,77.55,78.34,77.54,78.29,3726,7,0
2024-01-03 18:00:00,78.28,78.35,77.57,77.81,3569,7,0
2024-01-03 19:00:00,77.8,78.01,77.65,77.9,2183,10,0
2024-01-03 20:00:00,77.9,78.23,77.89,78.09,1383,10,0
2024-01-03 21:00:00,78.09,78.31,77.94,78.28,1366,8,0
2024-01-03 22:00:00,78.27,78.56,78.25,78.4,587,8,0
2024-01-03 23:00:00,78.41,78.55,78.07,78.14,548,9,0
2024-01-04 00:00:00,78.35,78.35,78.35,78.35,1,17,0
2024-01-04 03:00:00,78.47,78.6,78.18,78.46,1076,9,0
2024-01-04 04:00:00,78.46,78.48,78.24,78.25,542,8,0
2024-01-04 05:00:00,78.27,78.41,78.22,78.4,485,8,0
2024-01-04 06:00:00,78.37,78.54,78.33,78.49,292,8,0
2024-01-04 07:00:00,78.49,78.71,78.46,78.71,376,8,0
2024-01-04 08:00:00,78.7,78.8,78.62,78.69,559,9,0
2024-01-04 09:00:00,78.68,78.74,78.54,78.59,756,9,0
2024-01-04 10:00:00,78.6,79.07,78.6,79.03,1549,10,0
2024-01-04 11:00:00,79.04,79.29,78.61,78.76,1434,8,0
2024-01-04 12:00:00,78.75,79.03,78.66,78.75,1091,9,0
2024-01-04 13:00:00,78.75,78.87,78.71,78.84,739,11,0
2024-01-04 14:00:00,78.84,78.92,78.65,78.67,870,10,0
2024-01-04 15:00:00,78.68,78.89,78.18,78.73,2907,8,0
2024-01-04 16:00:00,78.74,78.74,77.79,78.2,4630,9,0
2024-01-04 17:00:00,78.2,78.44,77.42,77.43,3247,11,0
2024-01-04 18:00:00,77.45,77.46,76.4,76.67,4989,10,0
2024-01-04 19:00:00,76.68,77.56,76.45,77.46,2918,11,0
2024-01-04 20:00:00,77.45,77.79,77.35,77.54,1885,11,0
2024-01-04 21:00:00,77.53,77.61,77.21,77.35,1783,11,0
2024-01-04 22:00:00,77.34,77.58,77.28,77.5,650,9,0
2024-01-04 23:00:00,77.49,77.58,77.3,77.32,316,9,0
2024-01-05 00:00:00,77.54,77.54,77.54,77.54,1,17,0
2024-01-05 03:00:00,77.59,77.9,77.54,77.78,1090,9,0
2024-01-05 04:00:00,77.78,77.9,77.68,77.83,568,8,0
2024-01-05 05:00:00,77.83,77.9,77.72,77.73,308,9,0
2024-01-05 06:00:00,77.73,77.86,77.73,77.83,247,8,0
2024-01-05 07:00:00,77.84,77.95,77.73,77.78,405,9,0
2024-01-05 08:00:00,77.79,78.0,77.79,77.87,633,9,0
2024-01-05 09:00:00,77.88,77.9,77.68,77.84,631,9,0
2024-01-05 10:00:00,77.84,78.03,77.53,78.0,1804,11,0
2024-01-05 11:00:00,78.01,78.36,77.93,78.14,1245,10,0
2024-01-05 12:00:00,78.14,78.23,77.66,77.71,1099,8,0
2024-01-05 13:00:00,77.72,77.96,77.57,77.84,1186,9,0
2024-01-05 14:00:00,77.85,78.06,77.74,77.93,1020,9,0
2024-01-05 15:00:00,77.94,78.6,77.91,78.48,2994,8,0
2024-01-05 16:00:00,78.48,79.01,78.19,78.85,4028,9,0
2024-01-05 17:00:00,78.86,79.11,78.25,78.52,2921,9,0
2024-01-05 18:00:00,78.51,79.04,78.45,78.86,2887,9,0
2024-01-05 19:00:00,78.86,78.86,78.28,78.53,2170,9,0
2024-01-05 20:00:00,78.52,78.84,78.38,78.79,1516,8,0
2024-01-05 21:00:00,78.78,78.85,78.47,78.51,1451,9,0
2024-01-05 22:00:00,78.52,78.71,78.5,78.69,451,8,0
2024-01-05 23:00:00,78.7,78.76,78.59,78.66,263,9,0
2024-01-08 01:00:00,78.73,78.8,78.5,78.65,462,8,0
2024-01-08 02:00:00,78.65,78.7,78.47,78.52,304,8,0
2024-01-08 03:00:00,78.51,78.55,78.09,78.1,1182,9,0
2024-01-08 04:00:00,78.09,78.11,77.66,77.71,756,9,0
2024-01-08 05:00:00,77.7,77.8,77.61,77.77,496,9,0
2024-01-08 06:00:00,77.77,77.8,77.67,77.68,246,8,0
2024-01-08 07:00:00,77.68,77.75,77.44,77.5,531,9,0
2024-01-08 08:00:00,77.49,77.67,77.47,77.62,572,9,0
2024-01-08 09:00:00,77.62,77.96,77.59,77.9,780,9,0
2024-01-08 10:00:00,77.89,78.07,77.7,77.92,1773,8,0
2024-01-08 11:00:00,77.93,77.97,77.54,77.73,1623,9,0
2024-01-08 12:00:00,77.73,77.73,76.69,76.71,1954,8,0
2024-01-08 13:00:00,76.71,76.72,76.39,76.66,1546,9,0
2024-01-08 14:00:00,76.66,76.82,76.39,76.7,1321,9,0
2024-01-08 15:00:00,76.69,76.69,75.99,76.2,3347,9,0
2024-01-08 16:00:00,76.19,76.2,75.15,75.57,4649,7,0
2024-01-08 17:00:00,75.58,76.21,75.29,75.82,2884,10,0
2024-01-08 18:00:00,75.83,76.02,75.44,75.49,2800,10,0
2024-01-08 19:00:00,75.49,75.74,75.38,75.63,1548,11,0
2024-01-08 20:00:00,75.64,75.84,75.57,75.73,1065,11,0
2024-01-08 21:00:00,75.73,76.29,75.72,76.27,1411,8,0
2024-01-08 22:00:00,76.26,76.3,76.19,76.25,438,8,0
2024-01-08 23:00:00,76.26,76.3,75.93,76.16,347,9,0
2024-01-09 03:00:00,76.09,76.3,75.91,76.22,1037,9,0
2024-01-09 04:00:00,76.21,76.37,76.14,76.2,509,8,0
2024-01-09 05:00:00,76.19,76.37,76.14,76.18,349,8,0
2024-01-09 06:00:00,76.21,76.21,76.06,76.12,301,8,0
2024-01-09 07:00:00,76.12,76.17,75.79,75.88,617,8,0
2024-01-09 08:00:00,75.88,75.96,75.8,75.91,700,8,0
2024-01-09 09:00:00,75.92,76.3,75.92,76.28,678,8,0
2024-01-09 10:00:00,76.27,76.83,76.26,76.75,1715,10,0
2024-01-09 11:00:00,76.74,77.29,76.66,77.24,1353,10,0
2024-01-09 12:00:00,77.25,77.52,77.2,77.33,1073,10,0
2024-01-09 13:00:00,77.32,77.7,77.25,77.65,919,11,0
2024-01-09 14:00:00,77.65,77.8,77.57,77.65,802,11,0
2024-01-09 15:00:00,77.66,77.98,77.01,77.17,2342,11,0
2024-01-09 16:00:00,77.16,77.47,76.58,76.97,4151,11,0
2024-01-09 17:00:00,76.97,77.18,76.59,76.8,3181,11,0
2024-01-09 18:00:00,76.81,77.83,76.73,77.78,3097,10,0
2024-01-09 19:00:00,77.78,77.9,77.46,77.72,1783,10,0
2024-01-09 20:00:00,77.72,77.78,77.45,77.76,1396,8,0
2024-01-09 21:00:00,77.76,77.76,77.24,77.34,1432,12,0
2024-01-09 22:00:00,77.35,77.37,77.21,77.28,438,8,0
2024-01-09 23:00:00,77.3,77.39,77.05,77.06,375,9,0
2024-01-10 00:00:00,77.28,77.28,77.28,77.28,1,17,0
2024-01-10 03:00:00,77.43,77.72,77.28,77.58,880,13,0
2024-01-10 04:00:00,77.58,77.76,77.53,77.63,443,8,0
2024-01-10 05:00:00,77.62,77.64,77.5,77.58,328,8,0
2024-01-10 06:00:00,77.57,77.7,77.55,77.65,287,8,0
2024-01-10 07:00:00,77.66,77.71,77.57,77.67,439,8,0
2024-01-10 08:00:00,77.67,77.73,77.56,77.62,630,9,0
2024-01-10 09:00:00,77.62,77.79,77.4,77.42,710,11,0
2024-01-10 10:00:00,77.42,77.63,77.14,77.2,1740,11,0
2024-01-10 11:00:00,77.21,77.33,76.82,76.9,1760,11,0
2024-01-10 12:00:00,76.9,77.43,76.81,77.32,1614,11,0
2024-01-10 13:00:00,77.31,77.56,77.25,77.55,802,11,0
2024-01-10 14:00:00,77.55,78.12,77.39,78.07,1129,10,0
2024-01-10 15:00:00,78.07,78.48,77.91,78.32,2759,11,0
2024-01-10 16:00:00,78.33,78.38,77.81,78.13,3134,11,0
2024-01-10 17:00:00,78.15,78.43,77.12,77.19,4433,10,0
2024-01-10 18:00:00,77.2,77.48,76.95,77.2,3382,11,0
2024-01-10 19:00:00,77.2,77.29,76.24,76.31,2552,11,0
2024-01-10 20:00:00,76.32,76.58,76.18,76.52,1722,11,0
2024-01-10 21:00:00,76.51,76.64,76.38,76.5,1059,8,0
2024-01-10 22:00:00,76.5,76.56,76.44,76.47,456,8,0
2024-01-10 23:00:00,76.48,76.58,76.28,76.5,330,9,0
2024-01-11 03:00:00,76.44,76.89,76.43,76.76,1282,9,0
2024-01-11 04:00:00,76.77,76.93,76.65,76.67,722,8,0
2024-01-11 05:00:00,76.67,76.92,76.61,76.88,480,9,0
2024-01-11 06:00:00,76.85,76.94,76.84,76.93,254,8,0
2024-01-11 07:00:00,76.91,77.17,76.87,77.08,543,9,0
2024-01-11 08:00:00,77.08,77.23,77.0,77.14,499,8,0
2024-01-11 09:00:00,77.14,77.24,76.96,77.06,693,8,0
2024-01-11 10:00:00,77.06,77.19,76.57,77.04,1475,10,0
2024-01-11 11:00:00,77.05,77.88,76.99,77.85,1764,11,0
2024-01-11 12:00:00,77.86,78.04,77.62,77.77,1178,10,0
2024-01-11 13:00:00,77.76,78.02,77.48,77.98,1131,10,0
2024-01-11 14:00:00,77.98,78.02,77.85,77.97,799,8,0
2024-01-11 15:00:00,77.97,78.13,77.47,77.78,2250,11,0
2024-01-11 16:00:00,77.68,78.32,77.67,78.28,2574,10,0
2024-01-11 17:00:00,78.29,78.69,78.02,78.66,2312,8,0
2024-01-11 18:00:00,78.65,78.82,78.25,78.29,2803,9,0
2024-01-11 19:00:00,78.28,78.32,77.42,77.51,2989,9,0
2024-01-11 20:00:00,77.5,77.62,76.97,77.15,2560,9,0
2024-01-11 21:00:00,77.15,77.37,77.07,77.31,1950,9,0
2024-01-11 22:00:00,77.3,77.63,77.23,77.59,580,9,0
2024-01-11 23:00:00,77.59,78.04,77.59,77.78,497,9,0
2024-01-12 00:00:00,77.99,77.99,77.99,77.99,1,17,0
2024-01-12 03:00:00,78.45,79.1,77.99,78.95,1585,9,0
2024-01-12 04:00:00,78.96,78.99,78.51,78.9,1016,9,0
2024-01-12 05:00:00,78.91,78.96,78.51,78.55,617,9,0
2024-01-12 06:00:00,78.55,78.56,78.33,78.5,458,8,0
2024-01-12 07:00:00,78.5,78.79,78.46,78.73,585,8,0
2024-01-12 08:00:00,78.74,78.97,78.68,78.85,707,9,0
2024-01-12 09:00:00,78.84,78.98,78.63,78.82,941,10,0
2024-01-12 10:00:00,78.82,79.15,78.82,78.93,2073,9,0
2024-01-12 11:00:00,78.92,79.34,78.58,79.32,1677,9,0
2024-01-12 12:00:00,79.33,80.23,79.23,80.09,1717,9,0
2024-01-12 13:00:00,80.08,80.45,80.01,80.04,1935,9,0
2024-01-12 14:00:00,80.04,80.07,79.64,79.76,1629,8,0
2024-01-12 15:00:00,79.77,79.8,79.25,79.47,3042,9,0
2024-01-12 16:00:00,79.48,79.92,78.96,79.46,3985,8,0
2024-01-12 17:00:00,79.45,79.49,78.57,78.89,3864,9,0
2024-01-12 18:00:00,78.88,78.94,78.13,78.24,4104,8,0
2024-01-12 19:00:00,78.24,78.24,77.75,77.91,2584,9,0
2024-01-12 20:00:00,77.91,78.43,77.91,78.41,1879,9,0
2024-01-12 21:00:00,78.4,78.4,77.95,78.03,1777,9,0
2024-01-12 22:00:00,78.03,78.21,77.98,78.14,567,9,0
2024-01-12 23:00:00,78.14,78.18,78.01,78.03,281,9,0
2024-01-15 01:00:00,77.91,77.94,77.41,77.94,554,8,0
2024-01-15 02:00:00,77.93,78.02,77.84,77.99,318,9,0
2024-01-15 03:00:00,77.98,78.13,77.65,77.92,1671,10,0
2024-01-15 04:00:00,77.93,78.29,77.91,78.27,661,8,0
2024-01-15 05:00:00,78.26,78.34,78.14,78.14,412,8,0
2024-01-15 06:00:00,78.14,78.21,78.11,78.2,251,8,0
2024-01-15 07:00:00,78.18,78.27,78.09,78.13,468,8,0
2024-01-15 08:00:00,78.13,78.21,77.99,78.04,757,9,0
2024-01-15 09:00:00,78.04,78.36,78.02,78.24,543,9,0
2024-01-15 10:00:00,78.24,78.25,77.77,77.82,1792,8,0
2024-01-15 11:00:00,77.82,77.92,77.49,77.54,1403,9,0
2024-01-15 12:00:00,77.53,77.65,77.42,77.5,1286,9,0
2024-01-15 13:00:00,77.49,77.6,77.3,77.36,879,9,0
2024-01-15 14:00:00,77.35,77.35,76.87,76.9,1064,9,0
2024-01-15 15:00:00,76.9,77.21,76.64,77.17,1907,9,0
2024-01-15 16:00:00,77.16,77.61,77.11,77.44,2458,9,0
2024-01-15 17:00:00,77.44,77.51,77.06,77.35,1903,9,0
2024-01-15 18:00:00,77.36,78.0,77.28,77.8,2446,8,0
2024-01-15 19:00:00,77.81,78.02,77.61,77.88,1264,9,0
2024-01-15 20:00:00,77.89,77.96,77.81,77.88,503,8,0
2024-01-15 21:00:00,77.88,77.95,77.85,77.87,108,9,0
2024-01-16 03:00:00,78.0,78.03,77.58,77.72,1194,9,0
2024-01-16 04:00:00,77.71,77.85,77.64,77.7,594,8,0
2024-01-16 05:00:00,77.69,78.06,77.58,78.02,821,9,0
2024-01-16 06:00:00,78.02,78.06,77.91,77.97,464,8,0
2024-01-16 07:00:00,77.96,77.99,77.7,77.81,600,8,0
2024-01-16 08:00:00,77.81,77.98,77.76,77.98,592,9,0
2024-01-16 09:00:00,77.97,78.03,77.67,77.84,866,9,0
2024-01-16 10:00:00,77.83,78.35,77.58,78.3,2292,8,0
2024-01-16 11:00:00,78.29,78.39,77.92,78.2,1470,9,0
2024-01-16 12:00:00,78.19,78.85,78.19,78.53,1544,8,0
2024-01-16 13:00:00,78.52,78.66,78.21,78.4,1144,8,0
2024-01-16 14:00:00,78.4,78.69,78.29,78.51,1511,9,0
2024-01-16 15:00:00,78.51,79.1,78.12,78.25,3976,9,0
2024-01-16 16:00:00,78.26,78.67,77.7,77.77,4240,9,0
2024-01-16 17:00:00,77.78,78.01,77.34,77.67,3693,9,0
2024-01-16 18:00:00,77.67,78.49,77.45,78.2,3153,8,0
2024-01-16 19:00:00,78.19,78.33,77.4,77.68,2888,8,0
2024-01-16 20:00:00,77.67,77.88,77.48,77.66,1988,9,0
2024-01-16 21:00:00,77.66,78.14,77.54,77.85,1616,8,0
2024-01-16 22:00:00,77.85,77.85,77.44,77.44,433,8,0
2024-01-16 23:00:00,77.44,77.53,77.2,77.22,401,9,0
2024-01-17 00:00:00,77.44,77.44,77.44,77.44,1,17,0
2024-01-17 03:00:00,77.44,77.56,77.22,77.39,851,9,0
2024-01-17 04:00:00,77.38,77.63,77.36,77.41,602,8,0
2024-01-17 05:00:00,77.41,77.62,77.41,77.42,512,8,0
2024-01-17 06:00:00,77.42,77.44,77.36,77.38,353,8,0
2024-01-17 07:00:00,77.38,77.5,77.22,77.5,631,8,0
2024-01-17 08:00:00,77.5,77.55,77.3,77.41,753,9,0
2024-01-17 09:00:00,77.4,77.4,77.16,77.25,732,9,0
2024-01-17 10:00:00,77.25,77.25,76.67,76.76,1732,8,0
2024-01-17 11:00:00,76.77,77.07,76.25,76.38,1829,9,0
2024-01-17 12:00:00,76.38,76.75,76.32,76.6,1298,9,0
2024-01-17 13:00:00,76.6,76.83,76.35,76.81,1093,8,0
2024-01-17 14:00:00,76.81,76.86,76.55,76.6,1118,9,0
2024-01-17 15:00:00,76.6,76.7,76.27,76.44,2473,8,0
2024-01-17 16:00:00,76.45,76.74,76.2,76.58,3453,9,0
2024-01-17 17:00:00,76.57,77.15,76.3,76.91,3597,9,0
2024-01-17 18:00:00,76.92,77.44,76.77,76.83,3349,9,0
2024-01-17 19:00:00,76.83,77.19,76.7,76.81,2012,9,0
2024-01-17 20:00:00,76.79,77.41,76.76,77.39,1917,9,0
2024-01-17 21:00:00,77.38,77.76,77.37,77.73,1469,9,0
2024-01-17 22:00:00,77.72,77.8,77.61,77.72,480,8,0
2024-01-17 23:00:00,77.73,77.82,77.46,77.68,396,9,0
2024-01-18 03:00:00,77.76,77.92,77.66,77.74,929,9,0
2024-01-18 04:00:00,77.73,77.73,77.37,77.43,745,9,0
2024-01-18 05:00:00,77.43,77.68,77.42,77.65,536,9,0
2024-01-18 06:00:00,77.65,77.78,77.64,77.72,332,8,0
2024-01-18 07:00:00,77.72,77.81,77.65,77.79,473,9,0
2024-01-18 08:00:00,77.77,78.03,77.77,77.97,429,8,0
2024-01-18 09:00:00,77.96,78.0,77.87,77.89,845,9,0
2024-01-18 10:00:00,77.89,78.06,77.59,77.88,1808,9,0
2024-01-18 11:00:00,77.88,77.98,77.59,77.89,1360,9,0
2024-01-18 12:00:00,77.88,78.03,77.7,78.0,1259,9,0
2024-01-18 13:00:00,78.0,78.17,77.47,77.59,1222,9,0
2024-01-18 14:00:00,77.59,77.67,77.24,77.48,1306,9,0
2024-01-18 15:00:00,77.47,77.67,76.98,77.5,2601,9,0
2024-01-18 16:00:00,77.51,78.04,77.36,77.7,4223,9,0
2024-01-18 17:00:00,77.69,78.17,77.66,77.77,2602,8,0
2024-01-18 18:00:00,77.95,78.6,77.77,78.56,3609,7,0
2024-01-18 19:00:00,78.56,78.86,78.56,78.77,1918,7,0
2024-01-18 20:00:00,78.77,78.91,78.4,78.89,1432,7,0
2024-01-18 21:00:00,78.9,78.92,78.6,78.69,1638,8,0
2024-01-18 22:00:00,78.68,78.72,78.59,78.62,456,7,0
2024-01-18 23:00:00,78.62,78.71,78.34,78.55,307,9,0
2024-01-19 03:00:00,78.55,78.69,78.48,78.6,764,8,0
2024-01-19 04:00:00,78.6,78.61,78.4,78.42,530,8,0
2024-01-19 05:00:00,78.43,78.51,78.42,78.46,327,8,0
2024-01-19 06:00:00,78.46,78.61,78.45,78.6,215,8,0
2024-01-19 07:00:00,78.59,78.64,78.49,78.58,398,8,0
2024-01-19 08:00:00,78.58,78.76,78.49,78.73,495,8,0
2024-01-19 09:00:00,78.74,78.86,78.57,78.75,902,8,0
2024-01-19 10:00:00,78.75,79.04,78.65,78.85,1599,7,0
2024-01-19 11:00:00,78.85,79.26,78.85,79.17,1421,6,0
2024-01-19 12:00:00,79.17,79.25,78.87,78.94,928,7,0
2024-01-19 13:00:00,78.93,78.95,78.52,78.56,1235,7,0
2024-01-19 14:00:00,78.57,78.69,78.43,78.48,1194,7,0
2024-01-19 15:00:00,78.48,78.76,78.34,78.72,1801,7,0
2024-01-19 16:00:00,78.72,79.27,78.55,79.25,3050,6,0
2024-01-19 17:00:00,79.26,79.32,78.84,78.85,2396,7,0
2024-01-19 18:00:00,78.85,79.14,78.19,78.33,2618,7,0
2024-01-19 19:00:00,78.33,78.49,77.93,78.11,2373,7,0
2024-01-19 20:00:00,78.1,78.45,78.0,78.06,1976,7,0
2024-01-19 21:00:00,78.05,78.47,78.01,78.44,1641,7,0
2024-01-19 22:00:00,78.43,78.49,78.34,78.43,473,8,0
2024-01-19 23:00:00,78.44,78.47,78.15,78.16,326,8,0
2024-01-22 01:00:00,78.29,78.3,77.88,77.98,450,8,0
2024-01-22 02:00:00,77.98,78.03,77.79,77.85,408,8,0
2024-01-22 03:00:00,77.83,78.03,77.72,77.84,1055,8,0
2024-01-22 04:00:00,77.82,78.01,77.76,78.0,416,8,0
2024-01-22 05:00:00,78.0,78.31,77.96,78.08,547,8,0
2024-01-22 06:00:00,78.08,78.08,77.83,77.86,237,8,0
2024-01-22 07:00:00,77.86,78.01,77.77,77.99,479,8,0
2024-01-22 08:00:00,78.0,78.02,77.76,77.89,644,8,0
2024-01-22 09:00:00,77.89,78.02,77.76,77.85,655,8,0
2024-01-22 10:00:00,77.84,77.96,77.58,77.61,1207,8,0
2024-01-22 11:00:00,77.61,78.21,77.48,78.17,1303,8,0
2024-01-22 12:00:00,78.18,78.42,78.06,78.3,938,8,0
2024-01-22 13:00:00,78.29,78.59,78.14,78.51,728,8,0
2024-01-22 14:00:00,78.51,78.54,78.2,78.2,769,8,0
2024-01-22 15:00:00,78.21,78.47,78.17,78.38,1811,8,0
2024-01-22 16:00:00,78.38,79.16,78.36,78.86,2818,8,0
2024-01-22 17:00:00,78.85,79.33,78.79,79.25,2256,7,0
2024-01-22 18:00:00,79.26,79.53,79.09,79.45,1859,8,0
2024-01-22 19:00:00,79.45,79.87,79.4,79.82,1170,8,0
2024-01-22 20:00:00,79.83,80.11,79.81,80.03,1174,8,0
2024-01-22 21:00:00,80.03,80.04,79.4,79.58,1496,8,0
2024-01-22 22:00:00,79.59,79.6,79.38,79.42,432,8,0
2024-01-22 23:00:00,79.41,79.52,79.37,79.46,272,9,0
2024-01-23 00:00:00,79.46,79.46,79.46,79.46,1,17,0
2024-01-23 03:00:00,79.53,79.61,79.29,79.41,846,8,0
2024-01-23 04:00:00,79.4,79.59,79.35,79.52,608,8,0
2024-01-23 05:00:00,79.52,79.65,79.45,79.59,358,8,0
2024-01-23 06:00:00,79.59,79.6,79.44,79.46,212,8,0
2024-01-23 07:00:00,79.46,79.76,79.45,79.72,477,8,0
2024-01-23 08:00:00,79.73,79.82,79.64,79.66,521,8,0
2024-01-23 09:00:00,79.66,79.97,79.62,79.97,736,8,0
2024-01-23 10:00:00,79.97,79.98,79.6,79.67,1255,8,0
2024-01-23 11:00:00,79.67,79.72,79.06,79.11,1290,7,0
2024-01-23 12:00:00,79.11,79.36,79.05,79.11,936,8,0
2024-01-23 13:00:00,79.1,79.12,78.64,78.75,887,8,0
2024-01-23 14:00:00,78.74,79.13,78.69,79.07,865,8,0
2024-01-23 15:00:00,79.08,79.14,78.4,78.44,1928,8,0
2024-01-23 16:00:00,78.44,79.36,78.29,79.19,2783,7,0
2024-01-23 17:00:00,79.18,79.63,79.08,79.56,2446,7,0
2024-01-23 18:00:00,79.57,79.93,79.18,79.35,2128,8,0
2024-01-23 19:00:00,79.36,79.53,78.94,79.07,1535,8,0
2024-01-23 20:00:00,79.08,79.08,78.72,78.93,1469,8,0
2024-01-23 21:00:00,78.92,79.26,78.9,79.24,1011,8,0
2024-01-23 22:00:00,79.24,79.31,79.22,79.3,310,8,0
2024-01-23 23:00:00,79.3,79.39,79.19,79.21,394,9,0
2024-01-24 00:00:00,79.21,79.21,79.21,79.21,1,18,0
2024-01-24 03:00:00,79.17,79.3,79.09,79.26,700,8,0
2024-01-24 04:00:00,79.25,79.29,79.11,79.11,395,8,0
2024-01-24 05:00:00,79.11,79.15,79.02,79.04,248,8,0
2024-01-24 06:00:00,79.04,79.04,78.95,79.0,197,8,0
2024-01-24 07:00:00,78.99,79.21,78.95,79.19,418,8,0
2024-01-24 08:00:00,79.19,79.33,79.14,79.33,599,8,0
2024-01-24 09:00:00,79.34,79.49,79.12,79.48,762,8,0
2024-01-24 10:00:00,79.48,79.57,79.15,79.3,1373,8,0
2024-01-24 11:00:00,79.3,79.67,79.3,79.36,1107,8,0
2024-01-24 12:00:00,79.31,79.6,79.06,79.08,1047,8,0
2024-01-24 13:00:00,79.09,79.12,78.79,78.87,929,8,0
2024-01-24 14:00:00,78.87,78.94,78.61,78.91,987,8,0
2024-01-24 15:00:00,78.92,79.65,78.92,79.61,2346,8,0
2024-01-24 16:00:00,79.61,79.81,79.3,79.31,2819,8,0
2024-01-24 17:00:00,79.31,79.84,79.14,79.64,3378,7,0
2024-01-24 18:00:00,79.65,80.31,79.65,80.26,2061,8,0
2024-01-24 19:00:00,80.27,80.27,79.69,79.88,1323,8,0
2024-01-24 20:00:00,79.88,79.88,79.39,79.49,1553,8,0
2024-01-24 21:00:00,79.49,79.74,79.41,79.67,1097,8,0
2024-01-24 22:00:00,79.67,80.01,79.67,80.0,490,8,0
2024-01-24 23:00:00,80.0,80.0,79.81,79.83,306,9,0
2024-01-25 03:00:00,79.88,79.99,79.64,79.71,838,8,0
2024-01-25 04:00:00,79.71,79.89,79.65,79.85,631,8,0
2024-01-25 05:00:00,79.86,79.93,79.84,79.87,423,8,0
2024-01-25 06:00:00,79.87,79.88,79.8,79.84,163,8,0
2024-01-25 07:00:00,79.85,80.02,79.83,79.97,446,8,0
2024-01-25 08:00:00,79.97,80.03,79.86,79.9,451,8,0
2024-01-25 09:00:00,79.9,80.16,79.85,80.11,618,8,0
2024-01-25 10:00:00,80.11,80.34,79.98,80.29,1205,7,0
2024-01-25 11:00:00,80.3,80.78,80.22,80.64,1329,8,0
2024-01-25 12:00:00,80.65,80.81,80.6,80.73,1008,8,0
2024-01-25 13:00:00,80.72,80.75,80.39,80.46,873,8,0
2024-01-25 14:00:00,80.46,80.51,80.14,80.21,815,8,0
2024-01-25 15:00:00,80.22,80.63,80.04,80.62,1964,7,0
2024-01-25 16:00:00,80.63,81.06,80.56,81.01,2107,7,0
2024-01-25 17:00:00,81.02,81.05,80.45,80.61,2193,7,0
2024-01-25 18:00:00,80.6,81.16,80.55,81.01,1917,8,0
2024-01-25 19:00:00,81.01,81.17,80.87,81.16,1224,8,0
2024-01-25 20:00:00,81.15,81.57,81.14,81.43,1046,8,0
2024-01-25 21:00:00,81.44,82.06,81.34,81.98,1067,8,0
2024-01-25 22:00:00,81.98,82.03,81.83,81.84,440,8,0
2024-01-25 23:00:00,81.84,81.87,81.68,81.69,285,9,0
2024-01-26 03:00:00,81.74,81.81,81.42,81.43,1242,8,0
2024-01-26 04:00:00,81.42,81.72,81.42,81.69,489,9,0
2024-01-26 05:00:00,81.69,81.74,81.5,81.51,339,8,0
2024-01-26 06:00:00,81.51,81.53,81.46,81.48,216,9,0
2024-01-26 07:00:00,81.48,81.7,81.4,81.65,529,8,0
2024-01-26 08:00:00,81.64,81.64,81.41,81.43,697,8,0
2024-01-26 09:00:00,81.44,81.61,81.36,81.48,727,8,0
2024-01-26 10:00:00,81.48,81.62,81.35,81.43,1363,8,0
2024-01-26 11:00:00,81.43,81.48,81.22,81.26,1113,8,0
2024-01-26 12:00:00,81.25,81.42,81.08,81.39,1018,8,0
2024-01-26 13:00:00,81.4,81.52,81.32,81.46,734,8,0
2024-01-26 14:00:00,81.47,81.49,81.19,81.28,690,8,0
2024-01-26 15:00:00,81.29,81.4,81.1,81.29,1890,8,0
2024-01-26 16:00:00,81.28,81.85,81.26,81.8,2025,8,0
2024-01-26 17:00:00,81.8,82.18,81.62,81.84,1997,8,0
2024-01-26 18:00:00,81.84,81.86,80.96,81.03,2093,7,0
2024-01-26 19:00:00,81.02,81.38,80.75,81.38,1741,8,0
2024-01-26 20:00:00,81.37,82.91,81.36,82.34,2659,8,0
2024-01-26 21:00:00,82.33,82.94,82.27,82.91,1857,8,0
2024-01-26 22:00:00,82.91,83.13,82.81,83.08,609,8,0
2024-01-26 23:00:00,83.09,83.11,82.89,83.1,391,9,0
2024-01-29 01:00:00,83.59,84.07,83.57,83.78,991,9,0
2024-01-29 02:00:00,83.78,83.84,83.21,83.31,615,9,0
2024-01-29 03:00:00,83.31,83.47,82.9,83.18,2390,10,0
2024-01-29 04:00:00,83.19,83.28,83.04,83.18,862,9,0
2024-01-29 05:00:00,83.19,83.33,83.08,83.28,432,9,0
2024-01-29 06:00:00,83.27,83.41,83.26,83.39,255,8,0
2024-01-29 07:00:00,83.38,83.39,83.13,83.2,611,8,0
2024-01-29 08:00:00,83.2,83.3,83.03,83.13,590,9,0
2024-01-29 09:00:00,83.12,83.28,83.01,83.1,749,10,0
2024-01-29 10:00:00,83.1,83.4,82.9,82.92,1950,8,0
2024-01-29 11:00:00,82.93,82.93,82.44,82.63,1826,7,0
2024-01-29 12:00:00,82.62,83.03,82.58,82.92,1305,7,0
2024-01-29 13:00:00,82.93,83.16,82.88,82.92,890,7,0
2024-01-29 14:00:00,82.93,83.04,82.68,82.85,1171,7,0
2024-01-29 15:00:00,82.85,82.86,82.13,82.29,2183,7,0
2024-01-29 16:00:00,82.3,82.5,81.53,81.95,3602,7,0
2024-01-29 17:00:00,81.95,82.15,81.42,82.13,3367,7,0
2024-01-29 18:00:00,82.13,82.25,81.69,81.89,2922,7,0
2024-01-29 19:00:00,81.89,82.28,81.7,81.78,1779,7,0
2024-01-29 20:00:00,81.79,82.12,81.61,81.9,2117,7,0
2024-01-29 21:00:00,81.9,82.09,81.4,81.9,2013,7,0
2024-01-29 22:00:00,81.91,82.02,81.84,81.97,554,7,0
2024-01-29 23:00:00,81.98,82.01,81.68,81.89,347,9,0
2024-01-30 03:00:00,81.89,82.18,81.89,82.14,835,8,0
2024-01-30 04:00:00,82.14,82.16,81.82,82.03,628,8,0
2024-01-30 05:00:00,82.03,82.08,81.88,81.92,474,8,0
2024-01-30 06:00:00,81.92,82.04,81.92,82.01,213,8,0
2024-01-30 07:00:00,82.02,82.22,81.98,82.15,417,8,0
2024-01-30 08:00:00,82.16,82.22,81.99,82.02,511,8,0
2024-01-30 09:00:00,82.02,82.04,81.66,81.76,957,8,0
2024-01-30 10:00:00,81.75,81.9,81.33,81.67,2485,7,0
2024-01-30 11:00:00,81.67,82.11,81.61,82.04,1381,7,0
2024-01-30 12:00:00,82.04,82.08,81.67,81.91,1272,7,0
2024-01-30 13:00:00,81.91,81.91,81.49,81.64,1175,6,0
2024-01-30 14:00:00,81.64,81.65,81.13,81.26,1554,6,0
2024-01-30 15:00:00,81.25,81.27,80.76,81.04,2796,7,0
2024-01-30 16:00:00,81.02,82.11,80.92,81.8,3608,6,0
2024-01-30 17:00:00,81.8,82.26,81.42,82.21,3595,7,0
2024-01-30 18:00:00,82.21,82.59,82.11,82.51,2510,7,0
2024-01-30 19:00:00,82.51,82.71,82.32,82.56,1634,7,0
2024-01-30 20:00:00,82.56,82.76,82.42,82.55,1291,8,0
2024-01-30 21:00:00,82.55,82.57,82.23,82.39,1695,7,0
2024-01-30 22:00:00,82.39,82.5,82.32,82.39,439,8,0
2024-01-30 23:00:00,82.39,82.46,82.07,82.07,390,8,0
2024-01-31 00:00:00,82.3,82.3,82.18,82.18,2,17,0
2024-01-31 03:00:00,82.49,82.54,82.03,82.11,854,8,0
2024-01-31 04:00:00,82.11,82.23,81.99,82.17,617,8,0
2024-01-31 05:00:00,82.17,82.18,82.0,82.03,376,8,0
2024-01-31 06:00:00,82.04,82.19,82.04,82.18,164,8,0
2024-01-31 07:00:00,82.18,82.35,82.03,82.23,614,8,0
2024-01-31 08:00:00,82.23,82.25,82.05,82.13,714,8,0
2024-01-31 09:00:00,82.14,82.19,81.82,81.91,767,8,0
2024-01-31 10:00:00,81.92,82.38,81.9,81.95,1545,6,0
2024-01-31 11:00:00,81.94,82.14,81.52,81.58,1884,7,0
2024-01-31 12:00:00,81.57,81.65,81.32,81.58,1545,7,0
2024-01-31 13:00:00,81.59,81.74,81.44,81.53,1055,7,0
2024-01-31 14:00:00,81.52,81.73,81.44,81.49,1248,7,0
2024-01-31 15:00:00,81.48,81.99,81.26,81.91,2808,7,0
2024-01-31 16:00:00,81.91,82.16,81.46,81.47,3303,7,0
2024-01-31 17:00:00,81.47,81.68,80.79,81.66,3584,7,0
2024-01-31 18:00:00,81.66,81.69,80.39,80.74,4520,7,0
2024-01-31 19:00:00,80.74,81.23,80.48,80.77,3059,7,0
2024-01-31 20:00:00,80.77,80.77,80.21,80.49,1928,7,0
2024-01-31 21:00:00,80.5,80.77,80.25,80.56,2353,9,0
2024-01-31 22:00:00,80.57,80.63,80.21,80.37,1338,8,0
2024-01-31 23:00:00,80.38,80.43,80.17,80.39,499,8,0
2024-02-01 03:00:00,80.42,81.09,80.37,80.97,984,7,0
2024-02-01 04:00:00,80.97,81.1,80.93,81.03,594,8,0
2024-02-01 05:00:00,81.03,81.05,80.87,80.96,328,8,0
2024-02-01 06:00:00,80.97,80.97,80.72,80.76,235,8,0
2024-02-01 07:00:00,80.76,80.83,80.55,80.57,552,8,0
2024-02-01 08:00:00,80.57,80.67,80.46,80.47,508,8,0
2024-02-01 09:00:00,80.48,80.64,80.42,80.61,722,8,0
2024-02-01 10:00:00,80.6,80.63,80.07,80.56,2450,7,0
2024-02-01 11:00:00,80.57,81.18,80.57,81.11,2092,7,0
2024-02-01 12:00:00,81.11,81.29,80.81,80.98,1628,7,0
2024-02-01 13:00:00,80.96,81.31,80.93,81.06,1087,6,0
2024-02-01 14:00:00,81.06,81.24,80.64,80.81,1933,7,0
2024-02-01 15:00:00,80.8,81.34,80.78,81.22,2570,7,0
2024-02-01 16:00:00,81.22,81.37,80.54,80.94,4366,7,0
2024-02-01 17:00:00,80.93,81.44,80.79,80.84,3120,7,0
2024-02-01 18:00:00,80.84,81.41,80.58,81.24,3301,7,0
2024-02-01 19:00:00,81.25,81.43,78.61,78.72,5975,7,0
2024-02-01 20:00:00,78.72,80.38,78.56,79.26,9012,6,0
2024-02-01 21:00:00,79.26,79.46,78.48,78.87,4119,11,0
2024-02-01 22:00:00,78.87,78.96,78.57,78.62,1024,9,0
2024-02-01 23:00:00,78.63,78.86,78.48,78.71,596,9,0
2024-02-02 03:00:00,79.09,79.3,78.71,79.19,1116,9,0
2024-02-02 04:00:00,79.19,79.21,79.03,79.1,636,8,0
2024-02-02 05:00:00,79.1,79.16,78.96,78.99,406,8,0
2024-02-02 06:00:00,78.99,79.02,78.93,79.0,337,8,0
2024-02-02 07:00:00,78.99,79.04,78.84,78.85,539,9,0
2024-02-02 08:00:00,78.84,79.03,78.67,78.93,953,9,0
2024-02-02 09:00:00,78.92,79.17,78.89,79.01,789,10,0
2024-02-02 10:00:00,79.01,79.06,78.5,78.62,2352,7,0
2024-02-02 11:00:00,78.63,79.14,78.48,79.02,1844,7,0
2024-02-02 12:00:00,79.02,79.3,78.89,78.97,1567,7,0
2024-02-02 13:00:00,78.96,79.07,78.76,78.85,1104,7,0
2024-02-02 14:00:00,78.84,78.95,78.48,78.52,1377,7,0
2024-02-02 15:00:00,78.52,78.57,77.89,78.14,2861,7,0
2024-02-02 16:00:00,78.13,78.24,77.0,77.1,3839,7,0
2024-02-02 17:00:00,77.09,77.91,76.78,77.12,4937,6,0
2024-02-02 18:00:00,77.12,77.6,76.9,77.03,4246,6,0
2024-02-02 19:00:00,77.03,77.52,76.98,77.3,2824,7,0
2024-02-02 20:00:00,77.3,77.54,77.2,77.45,2548,7,0
2024-02-02 21:00:00,77.45,77.55,76.98,77.02,2082,7,0
2024-02-02 22:00:00,77.02,77.14,76.95,77.1,582,8,0
2024-02-02 23:00:00,77.09,77.31,77.05,77.25,358,7,0
2024-02-05 01:00:00,77.78,77.98,77.74,77.78,571,7,0
2024-02-05 02:00:00,77.78,77.79,77.43,77.48,382,8,0
2024-02-05 03:00:00,77.48,77.5,77.28,77.41,1118,8,0
2024-02-05 04:00:00,77.41,77.53,77.2,77.28,729,8,0
2024-02-05 05:00:00,77.28,77.53,77.26,77.52,709,8,0
2024-02-05 06:00:00,77.51,77.58,77.41,77.57,266,8,0
2024-02-05 07:00:00,77.57,77.82,77.55,77.68,822,8,0
2024-02-05 08:00:00,77.68,77.68,77.48,77.5,773,8,0
2024-02-05 09:00:00,77.5,77.5,77.26,77.29,688,8,0
2024-02-05 10:00:00,77.29,77.61,77.12,77.24,1927,7,0
2024-02-05 11:00:00,77.23,77.23,76.73,77.11,1740,7,0
2024-02-05 12:00:00,77.12,77.18,76.8,76.86,1262,7,0
2024-02-05 13:00:00,76.87,77.01,76.66,76.73,1194,8,0
2024-02-05 14:00:00,76.73,77.24,76.58,77.19,1258,7,0
2024-02-05 15:00:00,77.19,77.45,76.96,77.38,1916,7,0
2024-02-05 16:00:00,77.38,77.54,76.53,76.71,3670,7,0
2024-02-05 17:00:00,76.72,76.97,76.58,76.91,3931,7,0
2024-02-05 18:00:00,76.91,77.44,76.81,77.43,3375,7,0
2024-02-05 19:00:00,77.43,78.04,77.4,77.92,2545,7,0
2024-02-05 20:00:00,77.91,78.21,77.87,77.94,1870,7,0
2024-02-05 21:00:00,77.94,78.06,77.7,77.9,1925,7,0
2024-02-05 22:00:00,77.9,77.98,77.79,77.95,465,8,0
2024-02-05 23:00:00,77.95,77.96,77.64,77.86,278,8,0
2024-02-06 03:00:00,77.83,78.04,77.72,78.01,819,8,0
2024-02-06 04:00:00,78.01,78.08,77.85,77.86,513,8,0
2024-02-06 05:00:00,77.87,77.98,77.86,77.88,379,8,0
2024-02-06 06:00:00,77.88,78.09,77.88,78.04,286,8,0
2024-02-06 07:00:00,78.05,78.12,77.95,77.97,439,8,0
2024-02-06 08:00:00,77.97,78.01,77.88,77.98,581,8,0
2024-02-06 09:00:00,77.97,78.18,77.94,78.17,724,8,0
2024-02-06 10:00:00,78.18,78.29,77.8,77.81,1632,7,0
2024-02-06 11:00:00,77.82,77.88,77.53,77.71,1519,7,0
2024-02-06 12:00:00,77.72,78.15,77.67,78.0,1047,7,0
2024-02-06 13:00:00,77.98,78.41,77.95,78.31,849,7,0
2024-02-06 14:00:00,78.31,78.52,78.26,78.41,997,7,0
2024-02-06 15:00:00,78.41,78.65,78.19,78.47,1768,7,0
2024-02-06 16:00:00,78.47,78.62,78.15,78.42,3233,7,0
2024-02-06 17:00:00,78.42,78.77,78.17,78.22,3089,7,0
2024-02-06 18:00:00,78.22,78.83,78.09,78.63,2777,7,0
2024-02-06 19:00:00,78.63,78.93,77.91,78.36,5017,7,0
2024-02-06 20:00:00,78.37,78.59,78.06,78.44,2943,7,0
2024-02-06 21:00:00,78.43,78.66,78.07,78.63,1858,7,0
2024-02-06 22:00:00,78.63,78.67,78.51,78.54,421,8,0
2024-02-06 23:00:00,78.54,78.58,78.29,78.5,300,8,0
2024-02-07 03:00:00,78.55,78.81,78.5,78.7,938,8,0
2024-02-07 04:00:00,78.69,78.74,78.55,78.58,569,8,0
2024-02-07 05:00:00,78.58,78.59,78.5,78.54,244,8,0
2024-02-07 06:00:00,78.54,78.64,78.52,78.52,144,8,0
2024-02-07 07:00:00,78.52,78.53,78.43,78.49,310,8,0
2024-02-07 08:00:00,78.49,78.52,78.38,78.43,504,8,0
2024-02-07 09:00:00,78.44,78.6,78.32,78.45,836,8,0
2024-02-07 10:00:00,78.45,78.83,78.42,78.77,1614,7,0
2024-02-07 11:00:00,78.76,79.01,78.53,78.96,1451,7,0
2024-02-07 12:00:00,78.97,79.13,78.81,78.94,1031,7,0
2024-02-07 13:00:00,78.92,79.31,78.73,79.0,1503,7,0
2024-02-07 14:00:00,78.99,79.11,78.91,78.94,859,7,0
2024-02-07 15:00:00,78.94,79.14,78.75,78.9,1773,7,0
2024-02-07 16:00:00,78.91,79.09,78.57,78.61,3351,7,0
2024-02-07 17:00:00,78.6,79.21,78.52,78.75,3523,7,0
2024-02-07 18:00:00,78.74,79.02,78.59,78.69,2874,7,0
2024-02-07 19:00:00,78.68,79.01,78.6,78.89,3024,7,0
2024-02-07 20:00:00,78.89,79.06,78.73,78.78,1330,8,0
2024-02-07 21:00:00,78.78,79.11,78.72,79.0,1196,8,0
2024-02-07 22:00:00,78.99,79.28,78.98,79.26,328,7,0
2024-02-07 23:00:00,79.26,79.29,78.91,78.93,365,8,0
2024-02-08 00:00:00,79.14,79.14,79.14,79.14,1,17,0
2024-02-08 03:00:00,79.09,79.36,79.08,79.27,529,8,0
2024-02-08 04:00:00,79.27,79.45,79.25,79.37,386,8,0
2024-02-08 05:00:00,79.37,79.4,79.3,79.33,269,8,0
2024-02-08 06:00:00,79.33,79.37,79.31,79.33,157,8,0
2024-02-08 07:00:00,79.33,79.4,79.23,79.39,320,8,0
2024-02-08 08:00:00,79.39,79.47,79.35,79.42,504,8,0
2024-02-08 09:00:00,79.42,79.44,79.28,79.3,723,8,0
2024-02-08 10:00:00,79.31,79.47,79.09,79.11,1410,7,0
2024-02-08 11:00:00,79.12,79.42,78.84,79.16,1584,7,0
2024-02-08 12:00:00,79.16,79.72,79.13,79.69,1117,7,0
2024-02-08 13:00:00,79.69,79.85,79.64,79.84,784,7,0
2024-02-08 14:00:00,79.84,80.05,79.73,80.04,827,7,0
2024-02-08 15:00:00,80.04,80.18,79.84,79.95,1491,7,0
2024-02-08 16:00:00,79.94,80.54,79.85,80.5,2712,7,0
2024-02-08 17:00:00,80.51,80.86,80.4,80.51,2308,7,0
2024-02-08 18:00:00,80.52,81.09,80.44,81.04,2494,7,0
2024-02-08 19:00:00,81.04,81.32,80.97,81.3,1532,7,0
2024-02-08 20:00:00,81.3,81.36,81.05,81.15,1514,8,0
2024-02-08 21:00:00,81.14,81.59,81.08,81.56,1308,8,0
2024-02-08 22:00:00,81.56,81.57,81.46,81.49,433,8,0
2024-02-08 23:00:00,81.49,81.54,81.18,81.41,334,8,0
2024-02-09 03:00:00,81.33,81.41,81.21,81.22,491,8,0
2024-02-09 04:00:00,81.22,81.24,81.06,81.2,568,8,0
2024-02-09 05:00:00,81.2,81.37,81.19,81.34,336,8,0
2024-02-09 06:00:00,81.33,81.36,81.1,81.14,595,8,0
2024-02-09 07:00:00,81.14,81.16,81.03,81.08,311,8,0
2024-02-09 08:00:00,81.09,81.21,81.09,81.18,324,8,0
2024-02-09 09:00:00,81.18,81.27,81.14,81.2,537,8,0
2024-02-09 10:00:00,81.2,81.52,81.18,81.4,1263,7,0
2024-02-09 11:00:00,81.4,81.52,81.15,81.46,1310,7,0
2024-02-09 12:00:00,81.46,81.47,81.2,81.33,1002,7,0
2024-02-09 13:00:00,81.34,81.35,81.08,81.17,878,7,0
2024-02-09 14:00:00,81.17,81.3,80.95,81.02,1003,7,0
2024-02-09 15:00:00,81.02,81.42,80.9,81.42,1629,7,0
2024-02-09 16:00:00,81.41,82.09,81.25,81.95,2350,7,0
2024-02-09 17:00:00,81.95,82.1,81.29,81.33,2915,7,0
2024-02-09 18:00:00,81.34,81.84,81.05,81.77,3062,7,0
2024-02-09 19:00:00,81.76,81.85,81.54,81.69,1559,7,0
2024-02-09 20:00:00,81.7,81.75,81.59,81.69,1164,7,0
2024-02-09 21:00:00,81.69,81.93,81.62,81.65,1130,7,0
2024-02-09 22:00:00,81.65,81.66,81.55,81.62,342,8,0
2024-02-09 23:00:00,81.62,81.63,81.52,81.6,253,9,0
2024-02-12 01:00:00,81.52,81.57,81.23,81.5,448,8,0
2024-02-12 02:00:00,81.51,81.57,81.5,81.52,152,8,0
2024-02-12 03:00:00,81.51,81.52,81.42,81.45,247,8,0
2024-02-12 04:00:00,81.45,81.54,81.39,81.46,196,8,0
2024-02-12 05:00:00,81.46,81.46,81.37,81.45,191,8,0
2024-02-12 06:00:00,81.44,81.55,81.42,81.47,174,8,0
2024-02-12 07:00:00,81.48,81.63,81.45,81.57,221,8,0
2024-02-12 08:00:00,81.56,81.6,81.5,81.59,224,8,0
2024-02-12 09:00:00,81.59,81.64,81.46,81.47,447,8,0
2024-02-12 10:00:00,81.47,81.48,80.95,81.35,1750,7,0
2024-02-12 11:00:00,81.35,81.58,81.27,81.42,1256,7,0
2024-02-12 12:00:00,81.42,81.42,80.95,81.13,1237,7,0
2024-02-12 13:00:00,81.12,81.24,80.81,80.86,1107,7,0
2024-02-12 14:00:00,80.86,81.12,80.79,81.09,959,7,0
2024-02-12 15:00:00,81.09,81.19,80.49,80.8,1632,7,0
2024-02-12 16:00:00,80.81,81.83,80.76,81.57,3216,7,0
2024-02-12 17:00:00,81.57,81.88,81.31,81.45,2237,7,0
2024-02-12 18:00:00,81.46,81.76,81.24,81.53,2331,7,0
2024-02-12 19:00:00,81.52,81.63,81.39,81.62,1514,7,0
2024-02-12 20:00:00,81.62,81.64,81.34,81.46,894,7,0
2024-02-12 21:00:00,81.46,81.75,81.42,81.69,1273,7,0
2024-02-12 22:00:00,81.69,81.8,81.64,81.77,378,8,0
2024-02-12 23:00:00,81.77,81.77,81.42,81.64,225,9,0
2024-02-13 00:00:00,81.53,81.53,81.53,81.53,1,40,0
2024-02-13 03:00:00,81.66,81.73,81.61,81.71,264,8,0
2024-02-13 04:00:00,81.71,81.78,81.65,81.75,169,8,0
2024-02-13 05:00:00,81.75,81.79,81.7,81.72,163,8,0
2024-02-13 06:00:00,81.72,81.74,81.68,81.73,163,8,0
2024-02-13 07:00:00,81.73,81.81,81.73,81.74,140,8,0
2024-02-13 08:00:00,81.74,81.99,81.73,81.95,290,8,0
2024-02-13 09:00:00,81.96,82.02,81.81,81.85,591,8,0
2024-02-13 10:00:00,81.85,82.01,81.66,81.66,1473,7,0
2024-02-13 11:00:00,81.67,82.38,81.65,82.25,1305,7,0
2024-02-13 12:00:00,82.26,82.59,82.23,82.31,936,7,0
2024-02-13 13:00:00,82.32,82.4,82.17,82.22,886,7,0
2024-02-13 14:00:00,82.23,82.33,82.07,82.23,1006,7,0
2024-02-13 15:00:00,82.23,82.43,81.71,81.89,1853,8,0
2024-02-13 16:00:00,81.89,82.36,81.65,81.94,3228,7,0
2024-02-13 17:00:00,81.94,82.15,81.66,82.15,3203,7,0
2024-02-13 18:00:00,82.15,82.64,82.1,82.39,2344,7,0
2024-02-13 19:00:00,82.4,82.8,82.31,82.51,1479,7,0
2024-02-13 20:00:00,82.51,82.67,82.37,82.44,1498,7,0
2024-02-13 21:00:00,82.42,82.64,82.18,82.23,1626,8,0
2024-02-13 22:00:00,82.23,82.25,82.09,82.21,585,7,0
2024-02-13 23:00:00,82.21,82.35,81.86,81.86,460,9,0
2024-02-14 00:00:00,82.09,82.09,81.98,81.98,2,17,0
2024-02-14 03:00:00,82.03,82.04,81.88,82.02,418,8,0
2024-02-14 04:00:00,82.02,82.1,81.9,82.07,260,8,0
2024-02-14 05:00:00,82.07,82.28,82.06,82.2,323,8,0
2024-02-14 06:00:00,82.2,82.24,82.16,82.21,169,8,0
2024-02-14 07:00:00,82.21,82.26,82.16,82.18,220,8,0
2024-02-14 08:00:00,82.18,82.25,82.11,82.13,267,8,0
2024-02-14 09:00:00,82.13,82.55,82.1,82.37,905,8,0
2024-02-14 10:00:00,82.37,82.57,82.22,82.28,1293,7,0
2024-02-14 11:00:00,82.28,82.49,82.19,82.37,1230,7,0
2024-02-14 12:00:00,82.37,82.6,82.36,82.57,798,7,0
2024-02-14 13:00:00,82.57,82.69,82.19,82.38,783,7,0
2024-02-14 14:00:00,82.38,82.6,82.32,82.5,724,7,0
2024-02-14 15:00:00,82.49,82.82,82.37,82.67,1371,7,0
2024-02-14 16:00:00,82.67,83.14,82.52,82.96,2845,7,0
2024-02-14 17:00:00,82.96,83.15,81.82,82.42,4965,7,0
2024-02-14 18:00:00,82.42,82.5,81.86,81.94,3352,7,0
2024-02-14 19:00:00,81.94,81.94,81.22,81.32,2529,7,0
2024-02-14 20:00:00,81.31,81.52,81.21,81.48,1689,7,0
2024-02-14 21:00:00,81.48,81.67,81.09,81.1,1927,7,0
2024-02-14 22:00:00,81.1,81.16,80.97,81.12,407,8,0
2024-02-14 23:00:00,81.12,81.13,80.8,81.03,194,8,0
2024-02-15 00:00:00,80.92,80.92,80.92,80.92,1,39,0
2024-02-15 03:00:00,80.96,80.97,80.76,80.8,390,8,0
2024-02-15 04:00:00,80.8,80.91,80.76,80.89,250,8,0
2024-02-15 05:00:00,80.89,80.89,80.76,80.77,221,8,0
2024-02-15 06:00:00,80.77,80.8,80.73,80.74,169,8,0
2024-02-15 07:00:00,80.74,80.88,80.74,80.81,199,8,0
2024-02-15 08:00:00,80.81,80.96,80.78,80.92,264,7,0
2024-02-15 09:00:00,80.93,81.03,80.7,80.72,652,8,0
2024-02-15 10:00:00,80.72,81.09,80.49,81.05,1681,7,0
2024-02-15 11:00:00,81.06,81.28,80.76,80.78,1460,7,0
2024-02-15 12:00:00,80.78,80.85,80.54,80.57,1233,7,0
2024-02-15 13:00:00,80.57,80.63,80.31,80.62,1035,7,0
2024-02-15 14:00:00,80.62,80.88,80.51,80.84,1051,7,0
2024-02-15 15:00:00,80.84,81.16,80.8,81.16,1846,7,0
2024-02-15 16:00:00,81.16,81.88,81.16,81.55,3301,9,0
2024-02-15 17:00:00,81.56,82.29,81.56,82.14,2773,8,0
2024-02-15 18:00:00,82.14,82.75,82.06,82.68,2300,7,0
2024-02-15 19:00:00,82.68,82.71,82.37,82.44,1539,7,0
2024-02-15 20:00:00,82.44,82.53,82.25,82.32,1299,7,0
2024-02-15 21:00:00,82.31,82.5,82.25,82.46,1358,8,0
2024-02-15 22:00:00,82.46,82.5,82.35,82.37,451,8,0
2024-02-15 23:00:00,82.38,82.39,82.01,82.22,243,8,0
2024-02-16 00:00:00,82.22,82.22,82.22,82.22,1,17,0
2024-02-16 03:00:00,82.21,82.23,82.12,82.22,296,8,0
2024-02-16 04:00:00,82.22,82.34,82.19,82.32,173,8,0
2024-02-16 05:00:00,82.32,82.32,82.17,82.19,121,8,0
2024-02-16 06:00:00,82.19,82.24,82.17,82.22,144,8,0
2024-02-16 07:00:00,82.22,82.29,82.2,82.26,197,8,0
2024-02-16 08:00:00,82.26,82.29,82.21,82.22,208,8,0
2024-02-16 09:00:00,82.23,82.3,82.12,82.17,544,8,0
2024-02-16 10:00:00,82.18,82.21,81.87,81.88,1226,7,0
2024-02-16 11:00:00,81.88,81.95,81.42,81.53,976,7,0
2024-02-16 12:00:00,81.53,81.71,81.43,81.55,927,7,0
2024-02-16 13:00:00,81.55,81.64,81.38,81.56,774,7,0
2024-02-16 14:00:00,81.56,81.77,81.51,81.62,799,7,0
2024-02-16 15:00:00,81.63,82.28,81.44,82.28,2559,7,0
2024-02-16 16:00:00,82.27,82.71,82.05,82.12,3603,7,0
2024-02-16 17:00:00,82.13,82.56,81.95,82.38,3350,7,0
2024-02-16 18:00:00,82.38,82.72,82.16,82.69,2487,7,0
2024-02-16 19:00:00,82.69,83.04,82.6,82.62,1541,7,0
2024-02-16 20:00:00,82.61,82.87,82.49,82.77,1502,8,0
2024-02-16 21:00:00,82.78,82.96,82.58,82.82,2112,7,0
2024-02-16 22:00:00,82.82,82.84,82.68,82.7,401,8,0
2024-02-16 23:00:00,82.69,82.74,82.65,82.65,210,9,0
2024-02-19 01:00:00,82.68,82.69,82.44,82.56,265,8,0
2024-02-19 02:00:00,82.56,82.63,82.49,82.49,215,8,0
2024-02-19 03:00:00,82.5,82.5,82.06,82.34,1583,10,0
2024-02-19 04:00:00,82.35,82.35,82.21,82.27,562,8,0
2024-02-19 05:00:00,82.26,82.39,82.25,82.27,280,8,0
2024-02-19 06:00:00,82.27,82.3,82.22,82.23,136,8,0
2024-02-19 07:00:00,82.23,82.26,82.19,82.2,238,8,0
2024-02-19 08:00:00,82.21,82.27,82.14,82.15,431,9,0
2024-02-19 09:00:00,82.15,82.34,82.15,82.31,403,9,0
2024-02-19 10:00:00,82.3,82.33,82.03,82.07,1081,9,0
2024-02-19 11:00:00,82.07,82.23,81.98,82.21,615,9,0
2024-02-19 12:00:00,82.21,82.23,82.02,82.21,606,9,0
2024-02-19 13:00:00,82.21,82.62,82.18,82.61,584,10,0
2024-02-19 14:00:00,82.61,82.8,82.58,82.79,577,8,0
2024-02-19 15:00:00,82.8,82.8,82.57,82.65,896,9,0
2024-02-19 16:00:00,82.65,82.86,82.5,82.72,1053,9,0
2024-02-19 17:00:00,82.72,82.94,82.72,82.9,738,9,0
2024-02-19 18:00:00,82.9,82.93,82.66,82.73,843,8,0
2024-02-19 19:00:00,82.73,82.91,82.71,82.85,449,8,0
2024-02-19 20:00:00,82.85,82.85,82.67,82.68,286,8,0
2024-02-19 21:00:00,82.68,82.68,82.6,82.65,86,8,0
2024-02-20 03:00:00,82.55,82.85,82.55,82.77,664,8,0
2024-02-20 04:00:00,82.76,82.78,82.69,82.71,272,9,0
2024-02-20 05:00:00,82.71,82.77,82.69,82.75,244,8,0
2024-02-20 06:00:00,82.75,82.77,82.7,82.74,133,8,0
2024-02-20 07:00:00,82.74,82.83,82.72,82.83,233,9,0
2024-02-20 08:00:00,82.83,82.85,82.64,82.73,528,9,0
2024-02-20 09:00:00,82.74,82.87,82.69,82.79,505,9,0
2024-02-20 10:00:00,82.78,82.9,82.43,82.57,1196,7,0
2024-02-20 11:00:00,82.57,82.63,82.05,82.11,1305,7,0
2024-02-20 12:00:00,82.1,82.43,82.1,82.31,989,7,0
2024-02-20 13:00:00,82.3,82.3,82.07,82.21,943,7,0
2024-02-20 14:00:00,82.22,82.27,81.9,82.11,1050,7,0
2024-02-20 15:00:00,82.11,82.54,81.92,82.52,2123,7,0
2024-02-20 16:00:00,82.52,82.77,82.33,82.36,3294,7,0
2024-02-20 17:00:00,82.37,82.51,81.42,81.6,3865,7,0
2024-02-20 18:00:00,81.6,81.8,81.38,81.7,3222,7,0
2024-02-20 19:00:00,81.7,81.94,81.59,81.92,2139,7,0
2024-02-20 20:00:00,81.92,82.02,81.67,81.94,1603,8,0
2024-02-20 21:00:00,81.92,81.98,81.44,81.87,1995,7,0
2024-02-20 22:00:00,81.87,81.92,81.75,81.8,391,8,0
2024-02-20 23:00:00,81.81,81.82,81.54,81.55,203,9,0
2024-02-21 00:00:00,81.77,81.77,81.66,81.66,2,18,0
2024-02-21 03:00:00,81.72,81.88,81.67,81.84,441,8,0
2024-02-21 04:00:00,81.84,81.89,81.78,81.82,393,8,0
2024-02-21 05:00:00,81.82,81.94,81.82,81.92,295,8,0
2024-02-21 06:00:00,81.92,81.93,81.86,81.91,83,8,0
2024-02-21 07:00:00,81.91,82.0,81.89,81.91,262,8,0
2024-02-21 08:00:00,81.91,81.92,81.7,81.76,625,8,0
2024-02-21 09:00:00,81.76,81.87,81.61,81.61,628,8,0
2024-02-21 10:00:00,81.61,81.62,80.97,80.99,1663,7,0
2024-02-21 11:00:00,80.99,81.39,80.95,81.25,1700,7,0
2024-02-21 12:00:00,81.25,81.45,81.09,81.27,1185,7,0
2024-02-21 13:00:00,81.27,81.29,80.99,81.2,784,7,0
2024-02-21 14:00:00,81.2,81.46,81.14,81.42,922,7,0
2024-02-21 15:00:00,81.42,81.68,81.34,81.45,1950,7,0
2024-02-21 16:00:00,81.45,81.96,81.2,81.76,3606,7,0
2024-02-21 17:00:00,81.75,82.02,81.44,81.97,2945,7,0
2024-02-21 18:00:00,81.97,82.21,81.72,82.19,2781,7,0
2024-02-21 19:00:00,82.18,82.29,81.72,82.11,2948,7,0
2024-02-21 20:00:00,82.12,82.18,81.73,82.07,1525,7,0
2024-02-21 21:00:00,82.07,82.28,82.05,82.21,1305,7,0
2024-02-21 22:00:00,82.21,82.28,82.08,82.27,508,7,0
2024-02-21 23:00:00,82.27,82.3,82.02,82.24,423,8,0
2024-02-22 03:00:00,82.27,82.31,82.16,82.17,770,8,0
2024-02-22 04:00:00,82.18,82.29,82.08,82.28,450,8,0
2024-02-22 05:00:00,82.29,82.36,82.25,82.29,308,8,0
2024-02-22 06:00:00,82.29,82.35,82.21,82.34,232,8,0
2024-02-22 07:00:00,82.34,82.43,82.31,82.37,302,8,0
2024-02-22 08:00:00,82.36,82.41,82.33,82.38,312,8,0
2024-02-22 09:00:00,82.38,82.49,82.34,82.41,429,8,0
2024-02-22 10:00:00,82.41,82.56,82.27,82.29,1105,7,0
2024-02-22 11:00:00,82.3,82.57,82.22,82.45,1229,7,0
2024-02-22 12:00:00,82.44,82.57,82.24,82.28,804,7,0
2024-02-22 13:00:00,82.28,82.34,81.93,82.05,801,7,0
2024-02-22 14:00:00,82.05,82.05,81.85,81.92,1006,7,0
2024-02-22 15:00:00,81.91,82.05,81.53,81.54,2011,7,0
2024-02-22 16:00:00,81.54,82.23,81.44,82.08,3722,7,0
2024-02-22 17:00:00,82.07,82.29,81.95,82.04,2596,7,0
2024-02-22 18:00:00,82.04,82.79,82.04,82.78,3206,7,0
2024-02-22 19:00:00,82.77,82.96,82.72,82.89,1162,7,0
2024-02-22 20:00:00,82.89,82.93,82.72,82.75,1035,8,0
2024-02-22 21:00:00,82.74,82.85,82.65,82.7,1015,8,0
2024-02-22 22:00:00,82.7,82.74,82.59,82.61,255,8,0
2024-02-22 23:00:00,82.61,82.64,82.29,82.5,193,8,0
2024-02-23 00:00:00,82.4,82.4,82.4,82.4,1,39,0
2024-02-23 03:00:00,82.43,82.54,82.39,82.54,385,8,0
2024-02-23 04:00:00,82.53,82.53,82.42,82.42,278,8,0
2024-02-23 05:00:00,82.43,82.43,82.29,82.29,272,8,0
2024-02-23 06:00:00,82.29,82.38,82.29,82.37,126,8,0
2024-02-23 07:00:00,82.37,82.37,82.23,82.23,249,8,0
2024-02-23 08:00:00,82.23,82.31,82.19,82.27,356,8,0
2024-02-23 09:00:00,82.26,82.38,82.17,82.33,474,8,0
2024-02-23 10:00:00,82.32,82.36,81.95,82.01,1384,7,0
2024-02-23 11:00:00,82.01,82.03,81.56,81.6,1385,7,0
2024-02-23 12:00:00,81.6,81.9,81.52,81.72,1077,7,0
2024-02-23 13:00:00,81.73,81.94,81.43,81.52,1085,7,0
2024-02-23 14:00:00,81.53,81.66,81.38,81.46,1365,7,0
2024-02-23 15:00:00,81.46,81.82,81.21,81.69,2068,7,0
2024-02-23 16:00:00,81.69,81.75,80.93,81.21,4001,7,0
2024-02-23 17:00:00,81.21,81.65,80.99,81.54,3110,7,0
2024-02-23 18:00:00,81.53,81.61,80.94,80.99,2585,7,0
2024-02-23 19:00:00,81.0,81.05,80.69,80.74,1882,6,0
2024-02-23 20:00:00,80.75,80.98,80.64,80.94,1692,7,0
2024-02-23 21:00:00,80.94,81.13,80.74,80.99,1515,8,0
2024-02-23 22:00:00,80.98,80.99,80.87,80.88,526,8,0
2024-02-23 23:00:00,80.88,80.89,80.76,80.8,224,8,0
2024-02-26 01:00:00,80.69,80.9,80.66,80.67,382,7,0
2024-02-26 02:00:00,80.67,80.69,80.5,80.5,254,8,0
2024-02-26 03:00:00,80.51,80.58,80.36,80.37,670,8,0
2024-02-26 04:00:00,80.37,80.46,80.37,80.43,300,8,0
2024-02-26 05:00:00,80.43,80.45,80.33,80.34,229,8,0
2024-02-26 06:00:00,80.34,80.47,80.34,80.45,117,8,0
2024-02-26 07:00:00,80.45,80.47,80.36,80.41,181,9,0
2024-02-26 08:00:00,80.42,80.63,80.38,80.59,375,8,0
2024-02-26 09:00:00,80.58,80.59,80.3,80.35,510,8,0
2024-02-26 10:00:00,80.35,80.46,80.15,80.41,1135,8,0
2024-02-26 11:00:00,80.4,80.47,80.22,80.44,901,7,0
2024-02-26 12:00:00,80.44,80.6,80.32,80.6,705,7,0
2024-02-26 13:00:00,80.6,80.6,80.42,80.45,508,7,0
2024-02-26 14:00:00,80.45,80.49,80.32,80.34,659,7,0
2024-02-26 15:00:00,80.33,80.72,80.32,80.58,946,7,0
2024-02-26 16:00:00,80.58,81.13,80.43,81.11,2102,7,0
2024-02-26 17:00:00,81.12,81.33,81.02,81.3,1586,8,0
2024-02-26 18:00:00,81.3,81.43,81.1,81.38,1618,8,0
2024-02-26 19:00:00,81.36,82.0,81.34,81.96,1240,7,0
2024-02-26 20:00:00,81.96,82.1,81.77,81.77,1170,8,0
2024-02-26 21:00:00,81.77,81.79,81.54,81.78,1396,8,0
2024-02-26 22:00:00,81.77,81.88,81.67,81.67,373,8,0
2024-02-26 23:00:00,81.66,81.7,81.41,81.62,221,8,0
2024-02-27 00:00:00,81.52,81.52,81.52,81.52,1,39,0
2024-02-27 03:00:00,81.75,81.8,81.58,81.62,481,8,0
2024-02-27 04:00:00,81.62,81.63,81.5,81.54,330,8,0
2024-02-27 05:00:00,81.55,81.61,81.49,81.52,275,8,0
2024-02-27 06:00:00,81.52,81.62,81.51,81.56,115,8,0
2024-02-27 07:00:00,81.56,81.73,81.56,81.72,222,8,0
2024-02-27 08:00:00,81.71,81.8,81.7,81.73,287,8,0
2024-02-27 09:00:00,81.73,81.98,81.71,81.85,580,8,0
2024-02-27 10:00:00,81.85,81.88,81.53,81.54,994,7,0
2024-02-27 11:00:00,81.55,81.75,81.36,81.74,968,7,0
2024-02-27 12:00:00,81.74,81.78,81.25,81.39,935,7,0
2024-02-27 13:00:00,81.4,81.43,81.18,81.29,797,7,0
2024-02-27 14:00:00,81.29,81.44,81.29,81.38,600,8,0
2024-02-27 15:00:00,81.38,81.66,81.33,81.63,1219,7,0
2024-02-27 16:00:00,81.62,82.19,81.62,82.15,2259,7,0
2024-02-27 17:00:00,82.16,82.27,81.96,82.16,1476,7,0
2024-02-27 18:00:00,82.16,82.33,82.11,82.15,1352,7,0
2024-02-27 19:00:00,82.14,82.25,81.86,82.24,1330,7,0
2024-02-27 20:00:00,82.24,82.67,82.03,82.56,2085,7,0
2024-02-27 21:00:00,82.56,82.64,82.39,82.46,1302,7,0
2024-02-27 22:00:00,82.45,82.47,82.35,82.36,354,8,0
2024-02-27 23:00:00,82.36,82.37,81.99,82.21,275,8,0
2024-02-28 03:00:00,82.25,82.3,82.17,82.3,453,8,0
2024-02-28 04:00:00,82.3,82.34,82.2,82.28,310,8,0
2024-02-28 05:00:00,82.28,82.32,82.16,82.28,274,8,0
2024-02-28 06:00:00,82.27,82.29,82.22,82.23,139,8,0
2024-02-28 07:00:00,82.23,82.32,82.23,82.28,234,8,0
2024-02-28 08:00:00,82.27,82.29,82.08,82.09,355,8,0
2024-02-28 09:00:00,82.09,82.3,82.06,82.09,576,8,0
2024-02-28 10:00:00,82.09,82.16,81.59,81.65,969,7,0
2024-02-28 11:00:00,81.65,81.88,81.46,81.7,1017,6,0
2024-02-28 12:00:00,81.7,81.82,81.63,81.7,708,7,0
2024-02-28 13:00:00,81.69,81.84,81.64,81.71,556,8,0
2024-02-28 14:00:00,81.71,81.86,81.66,81.83,636,7,0
2024-02-28 15:00:00,81.83,82.59,81.83,82.51,1650,7,0
2024-02-28 16:00:00,82.5,83.02,82.5,82.94,2026,7,0
2024-02-28 17:00:00,82.94,82.96,82.36,82.57,2281,7,0
2024-02-28 18:00:00,82.57,82.64,81.61,81.83,3166,7,0
2024-02-28 19:00:00,81.82,82.41,81.75,82.16,1800,7,0
2024-02-28 20:00:00,82.16,82.17,81.8,81.81,1469,7,0
2024-02-28 21:00:00,81.81,82.14,81.74,81.91,1410,7,0
2024-02-28 22:00:00,81.91,81.97,81.84,81.95,413,8,0
2024-02-28 23:00:00,81.95,81.96,81.53,81.74,248,8,0
2024-02-29 00:00:00,81.74,81.74,81.74,81.74,1,17,0
2024-02-29 03:00:00,81.76,81.96,81.7,81.92,679,7,0
2024-02-29 04:00:00,81.92,81.98,81.86,81.89,295,8,0
2024-02-29 05:00:00,81.89,81.97,81.84,81.97,167,8,0
2024-02-29 06:00:00,81.97,81.97,81.89,81.95,150,8,0
2024-02-29 07:00:00,81.95,82.03,81.91,81.97,265,8,0
2024-02-29 08:00:00,81.98,82.07,81.87,81.88,338,8,0
2024-02-29 09:00:00,81.88,81.9,81.57,81.6,412,8,0
2024-02-29 10:00:00,81.6,81.84,81.37,81.49,1369,6,0
2024-02-29 11:00:00,81.49,81.94,81.48,81.92,1019,7,0
2024-02-29 12:00:00,81.91,82.02,81.69,81.75,891,8,0
2024-02-29 13:00:00,81.75,81.83,81.47,81.59,701,8,0
2024-02-29 14:00:00,81.59,82.11,81.56,81.83,1123,7,0
2024-02-29 15:00:00,81.83,82.15,81.77,82.04,1721,7,0
2024-02-29 16:00:00,82.04,82.12,81.57,81.88,3434,6,0
2024-02-29 17:00:00,81.89,82.16,81.62,82.0,2693,7,0
2024-02-29 18:00:00,82.0,82.59,81.96,82.57,2058,7,0
2024-02-29 19:00:00,82.56,82.67,81.85,81.89,1823,7,0
2024-02-29 20:00:00,81.89,82.11,81.86,82.0,1210,7,0
2024-02-29 21:00:00,81.99,82.07,81.54,81.59,1409,8,0
2024-02-29 22:00:00,81.59,81.82,81.53,81.71,383,7,0
2024-02-29 23:00:00,81.7,81.85,81.57,81.58,227,8,0
2024-03-01 00:00:00,81.8,81.8,81.8,81.8,1,17,0
2024-03-01 03:00:00,81.92,82.08,81.92,82.01,380,8,0
2024-03-01 04:00:00,82.01,82.06,81.94,82.01,247,8,0
2024-03-01 05:00:00,82.01,82.1,81.96,82.02,222,8,0
2024-03-01 06:00:00,82.01,82.02,81.98,82.0,93,8,0
2024-03-01 07:00:00,82.0,82.09,81.98,82.08,170,8,0
2024-03-01 08:00:00,82.08,82.12,81.97,81.97,285,8,0
2024-03-01 09:00:00,81.98,82.06,81.93,81.99,415,8,0
2024-03-01 10:00:00,81.99,82.03,81.63,81.9,1055,7,0
2024-03-01 11:00:00,81.91,82.77,81.91,82.73,1461,7,0
2024-03-01 12:00:00,82.73,82.9,82.53,82.61,1014,7,0
2024-03-01 13:00:00,82.6,83.02,82.56,82.89,821,7,0
2024-03-01 14:00:00,82.89,83.1,82.86,83.07,651,7,0
2024-03-01 15:00:00,83.07,83.17,82.89,83.07,1286,7,0
2024-03-01 16:00:00,83.07,83.25,82.8,83.04,2313,7,0
2024-03-01 17:00:00,83.04,83.74,82.76,83.58,2301,7,0
2024-03-01 18:00:00,83.58,84.11,83.5,84.03,1592,7,0
2024-03-01 19:00:00,84.03,84.04,83.3,83.61,1685,7,0
2024-03-01 20:00:00,83.61,83.65,83.34,83.44,1208,7,0
2024-03-01 21:00:00,83.43,83.49,83.3,83.34,1090,7,0
2024-03-01 22:00:00,83.34,83.34,83.14,83.17,356,8,0
2024-03-01 23:00:00,83.17,83.17,83.07,83.09,229,8,0
2024-03-04 01:00:00,83.19,83.63,83.19,83.31,694,8,0
2024-03-04 02:00:00,83.32,83.6,83.32,83.51,253,8,0
2024-03-04 03:00:00,83.51,83.71,83.35,83.52,1174,8,0
2024-03-04 04:00:00,83.53,83.53,83.37,83.43,669,8,0
2024-03-04 05:00:00,83.43,83.43,83.28,83.37,417,8,0
2024-03-04 06:00:00,83.37,83.43,83.33,83.34,141,8,0
2024-03-04 07:00:00,83.34,83.34,83.19,83.28,277,8,0
2024-03-04 08:00:00,83.28,83.4,83.21,83.31,527,8,0
2024-03-04 09:00:00,83.31,83.55,83.19,83.45,627,8,0
2024-03-04 10:00:00,83.45,83.79,83.33,83.6,1359,7,0
2024-03-04 11:00:00,83.6,83.62,83.16,83.21,1239,7,0
2024-03-04 12:00:00,83.21,83.35,83.06,83.13,1059,7,0
2024-03-04 13:00:00,83.13,83.18,82.85,82.88,773,7,0
2024-03-04 14:00:00,82.87,83.03,82.68,83.03,877,7,0
2024-03-04 15:00:00,83.03,83.46,82.97,83.45,1491,7,0
2024-03-04 16:00:00,83.46,83.77,83.32,83.33,1933,7,0
2024-03-04 17:00:00,83.33,83.38,82.81,82.88,2520,7,0
2024-03-04 18:00:00,82.88,83.19,82.67,82.69,2277,7,0
2024-03-04 19:00:00,82.69,82.79,82.42,82.51,1603,7,0
2024-03-04 20:00:00,82.51,82.57,82.35,82.49,1356,7,0
2024-03-04 21:00:00,82.5,82.67,82.39,82.64,1332,7,0
2024-03-04 22:00:00,82.64,82.67,82.56,82.58,405,8,0
2024-03-04 23:00:00,82.58,82.67,82.34,82.37,196,9,0
2024-03-05 00:00:00,82.59,82.59,82.59,82.59,1,18,0
2024-03-05 03:00:00,82.44,82.56,82.38,82.52,638,8,0
2024-03-05 04:00:00,82.52,82.55,82.25,82.38,367,8,0
2024-03-05 05:00:00,82.38,82.43,82.34,82.36,249,8,0
2024-03-05 06:00:00,82.36,82.37,82.3,82.35,115,8,0
2024-03-05 07:00:00,82.36,82.39,82.26,82.27,348,8,0
2024-03-05 08:00:00,82.27,82.32,82.15,82.19,345,8,0
2024-03-05 09:00:00,82.18,82.33,82.07,82.19,623,8,0
2024-03-05 10:00:00,82.2,82.59,82.05,82.55,1540,7,0
2024-03-05 11:00:00,82.55,82.77,82.3,82.49,1364,7,0
2024-03-05 12:00:00,82.49,82.71,82.27,82.65,990,7,0
2024-03-05 13:00:00,82.65,82.69,82.23,82.41,783,7,0
2024-03-05 14:00:00,82.41,82.41,81.82,81.86,1220,7,0
2024-03-05 15:00:00,81.86,82.16,81.5,82.03,3135,7,0
2024-03-05 16:00:00,82.03,82.53,81.78,82.32,3451,7,0
2024-03-05 17:00:00,82.33,82.86,81.6,82.74,3978,7,0
2024-03-05 18:00:00,82.74,82.87,81.98,82.1,4115,7,0
2024-03-05 19:00:00,82.1,82.28,81.73,81.92,2102,7,0
2024-03-05 20:00:00,81.92,81.98,81.59,81.61,1280,7,0
2024-03-05 21:00:00,81.61,81.98,81.56,81.79,1317,7,0
2024-03-05 22:00:00,81.78,81.84,81.74,81.79,403,8,0
2024-03-05 23:00:00,81.79,81.81,81.5,81.5,244,8,0
2024-03-06 00:00:00,81.72,81.72,81.61,81.61,2,17,0
2024-03-06 03:00:00,81.69,81.8,81.57,81.6,591,8,0
2024-03-06 04:00:00,81.6,81.85,81.58,81.81,368,8,0
2024-03-06 05:00:00,81.8,81.88,81.72,81.88,294,8,0
2024-03-06 06:00:00,81.88,81.93,81.83,81.9,155,7,0
2024-03-06 07:00:00,81.91,82.02,81.9,81.99,256,8,0
2024-03-06 08:00:00,81.99,82.04,81.94,81.97,292,8,0
2024-03-06 09:00:00,81.97,82.13,81.9,81.99,568,8,0
2024-03-06 10:00:00,81.98,82.36,81.87,82.21,1248,7,0
2024-03-06 11:00:00,82.2,82.42,82.1,82.39,1152,7,0
2024-03-06 12:00:00,82.39,82.44,82.16,82.21,896,7,0
2024-03-06 13:00:00,82.21,82.37,82.16,82.31,737,7,0
2024-03-06 14:00:00,82.31,82.34,82.15,82.22,562,7,0
2024-03-06 15:00:00,82.22,82.58,82.22,82.51,1629,7,0
2024-03-06 16:00:00,82.51,82.97,82.47,82.86,2159,7,0
2024-03-06 17:00:00,82.87,83.51,82.73,83.39,2674,7,0
2024-03-06 18:00:00,83.39,83.7,83.16,83.17,1955,7,0
2024-03-06 19:00:00,83.17,83.27,82.99,83.16,1549,7,0
2024-03-06 20:00:00,83.16,83.2,82.8,82.9,1562,8,0
2024-03-06 21:00:00,82.9,82.9,82.5,82.5,1232,7,0
2024-03-06 22:00:00,82.49,82.59,82.48,82.57,329,8,0
2024-03-06 23:00:00,82.56,82.62,82.32,82.34,169,8,0
2024-03-07 00:00:00,82.56,82.56,82.44,82.44,2,17,0
2024-03-07 03:00:00,82.66,82.82,82.55,82.65,717,8,0
2024-03-07 04:00:00,82.65,82.69,82.5,82.66,418,8,0
2024-03-07 05:00:00,82.66,82.67,82.48,82.55,354,8,0
2024-03-07 06:00:00,82.55,82.58,82.51,82.54,140,8,0
2024-03-07 07:00:00,82.53,82.56,82.48,82.52,340,8,0
2024-03-07 08:00:00,82.52,82.73,82.49,82.61,497,8,0
2024-03-07 09:00:00,82.61,82.62,82.47,82.51,558,8,0
2024-03-07 10:00:00,82.51,82.54,82.01,82.17,1498,7,0
2024-03-07 11:00:00,82.16,82.49,81.92,81.95,1868,7,0
2024-03-07 12:00:00,81.95,82.3,81.9,82.07,1643,7,0
2024-03-07 13:00:00,82.07,82.08,81.81,82.0,1036,7,0
2024-03-07 14:00:00,82.0,82.31,81.96,82.25,830,7,0
2024-03-07 15:00:00,82.25,82.51,82.04,82.42,1977,7,0
2024-03-07 16:00:00,82.42,82.48,81.77,81.99,3928,7,0
2024-03-07 17:00:00,81.99,82.36,81.85,82.28,3385,7,0
2024-03-07 18:00:00,82.28,82.8,82.14,82.58,2905,7,0
2024-03-07 19:00:00,82.59,83.13,82.55,82.93,1851,7,0
2024-03-07 20:00:00,82.93,83.06,82.55,82.79,1426,7,0
2024-03-07 21:00:00,82.79,82.84,82.48,82.53,1562,8,0
2024-03-07 22:00:00,82.53,82.57,82.43,82.51,485,8,0
2024-03-07 23:00:00,82.51,82.84,82.44,82.62,366,8,0
2024-03-08 00:00:00,82.85,82.85,82.85,82.85,1,17,0
2024-03-08 03:00:00,82.84,83.01,82.84,82.94,575,8,0
2024-03-08 04:00:00,82.94,82.95,82.81,82.87,275,8,0
2024-03-08 05:00:00,82.87,82.98,82.82,82.96,272,8,0
2024-03-08 06:00:00,82.96,83.1,82.96,83.04,163,8,0
2024-03-08 07:00:00,83.05,83.15,83.0,83.11,227,8,0
2024-03-08 08:00:00,83.11,83.19,83.0,83.16,411,8,0
2024-03-08 09:00:00,83.16,83.17,82.88,83.03,523,8,0
2024-03-08 10:00:00,83.03,83.42,83.03,83.37,1452,6,0
2024-03-08 11:00:00,83.37,83.46,82.82,82.87,1304,7,0
2024-03-08 12:00:00,82.88,82.88,82.28,82.3,1333,7,0
2024-03-08 13:00:00,82.31,82.43,82.09,82.1,1102,7,0
2024-03-08 14:00:00,82.1,82.24,81.97,82.14,1067,7,0
2024-03-08 15:00:00,82.14,82.61,82.09,82.27,2759,7,0
2024-03-08 16:00:00,82.28,82.57,82.12,82.21,3277,7,0
2024-03-08 17:00:00,82.2,82.34,81.92,82.23,2456,7,0
2024-03-08 18:00:00,82.23,82.27,81.4,81.98,3444,7,0
2024-03-08 19:00:00,81.97,82.02,81.7,81.82,2025,7,0
2024-03-08 20:00:00,81.81,81.86,81.45,81.58,1414,7,0
2024-03-08 21:00:00,81.58,81.9,81.46,81.7,1199,7,0
2024-03-08 22:00:00,81.7,81.71,81.57,81.65,441,8,0
2024-03-08 23:00:00,81.65,81.67,81.44,81.45,212,8,0
2024-03-11 01:00:00,81.52,81.71,81.46,81.53,290,8,0
2024-03-11 02:00:00,81.52,81.54,81.42,81.54,220,8,0
2024-03-11 03:00:00,81.54,81.58,81.3,81.33,229,8,0
2024-03-11 04:00:00,81.33,81.34,81.04,81.16,1028,8,0
2024-03-11 05:00:00,81.15,81.18,81.06,81.11,303,8,0
2024-03-11 06:00:00,81.11,81.3,81.1,81.21,213,8,0
2024-03-11 07:00:00,81.21,81.25,81.19,81.2,141,8,0
2024-03-11 08:00:00,81.2,81.33,81.19,81.31,403,8,0
2024-03-11 09:00:00,81.3,81.52,81.29,81.49,484,8,0
2024-03-11 10:00:00,81.49,81.92,81.46,81.82,847,7,0
2024-03-11 11:00:00,81.82,81.99,81.62,81.68,1565,7,0
2024-03-11 12:00:00,81.68,82.11,81.62,81.97,1419,7,0
2024-03-11 13:00:00,81.97,82.12,81.52,81.62,1331,7,0
2024-03-11 14:00:00,81.62,81.63,81.35,81.44,1287,7,0
2024-03-11 15:00:00,81.44,81.63,81.32,81.56,1455,7,0
2024-03-11 16:00:00,81.56,81.77,80.82,81.17,3766,7,0
2024-03-11 17:00:00,81.18,81.58,80.82,81.3,2688,7,0
2024-03-11 18:00:00,81.3,82.11,81.24,82.09,2518,7,0
2024-03-11 19:00:00,82.09,82.41,81.93,81.95,1944,7,0
2024-03-11 20:00:00,81.95,82.04,81.73,81.88,1420,8,0
2024-03-11 21:00:00,81.88,82.1,81.69,82.1,1363,7,0
2024-03-11 22:00:00,82.1,82.17,82.08,82.13,319,7,0
2024-03-11 23:00:00,82.13,82.16,81.9,82.11,248,8,0
2024-03-12 03:00:00,82.13,82.15,82.0,82.02,224,8,0
2024-03-12 04:00:00,82.02,82.19,81.97,82.15,650,8,0
2024-03-12 05:00:00,82.15,82.15,82.05,82.11,342,8,0
2024-03-12 06:00:00,82.11,82.17,82.06,82.15,205,8,0
2024-03-12 07:00:00,82.16,82.17,82.07,82.09,154,8,0
2024-03-12 08:00:00,82.09,82.17,82.08,82.13,282,8,0
2024-03-12 09:00:00,82.13,82.28,82.07,82.26,444,8,0
2024-03-12 10:00:00,82.26,82.43,82.2,82.4,556,7,0
2024-03-12 11:00:00,82.4,82.67,82.17,82.26,1249,7,0
2024-03-12 12:00:00,82.26,82.55,82.1,82.52,1277,7,0
2024-03-12 13:00:00,82.53,82.61,82.37,82.44,887,6,0
2024-03-12 14:00:00,82.44,82.44,81.9,81.91,1170,7,0
2024-03-12 15:00:00,81.91,82.09,81.6,81.65,2547,7,0
2024-03-12 16:00:00,81.64,82.1,81.39,82.04,3736,7,0
2024-03-12 17:00:00,82.04,82.43,81.94,82.36,2738,7,0
2024-03-12 18:00:00,82.37,82.52,82.05,82.25,2280,7,0
2024-03-12 19:00:00,82.25,82.39,82.05,82.14,2496,7,0
2024-03-12 20:00:00,82.14,82.21,81.69,81.76,1791,7,0
2024-03-12 21:00:00,81.75,81.77,81.49,81.66,1415,8,0
2024-03-12 22:00:00,81.66,81.88,81.64,81.81,412,8,0
2024-03-12 23:00:00,81.81,82.09,81.75,82.03,302,8,0
2024-03-13 00:00:00,81.92,81.92,81.92,81.92,1,39,0
2024-03-13 03:00:00,82.03,82.05,81.93,81.97,229,8,0
2024-03-13 04:00:00,81.96,82.08,81.93,82.05,497,8,0
2024-03-13 05:00:00,82.05,82.08,81.97,82.02,278,8,0
2024-03-13 06:00:00,82.02,82.05,81.94,82.05,209,8,0
2024-03-13 07:00:00,82.05,82.11,82.04,82.09,151,8,0
2024-03-13 08:00:00,82.08,82.23,82.08,82.23,328,8,0
2024-03-13 09:00:00,82.23,82.24,82.11,82.15,467,8,0
2024-03-13 10:00:00,82.15,82.18,81.84,81.89,604,8,0
2024-03-13 11:00:00,81.88,82.31,81.67,82.27,1554,8,0
2024-03-13 12:00:00,82.27,82.64,82.22,82.6,1418,7,0
2024-03-13 13:00:00,82.6,82.79,82.53,82.67,834,7,0
2024-03-13 14:00:00,82.66,82.75,82.58,82.73,801,7,0
2024-03-13 15:00:00,82.73,83.15,82.68,83.06,855,7,0
2024-03-13 16:00:00,83.07,83.43,83.05,83.42,2568,7,0
2024-03-13 17:00:00,83.42,83.5,82.9,83.01,3083,7,0
2024-03-13 18:00:00,83.01,83.28,82.94,82.99,2044,7,0
2024-03-13 19:00:00,82.99,83.53,82.92,83.49,1637,7,0
2024-03-13 20:00:00,83.49,83.55,83.41,83.51,1130,7,0
2024-03-13 21:00:00,83.5,83.77,83.43,83.76,997,7,0
2024-03-13 22:00:00,83.76,83.8,83.64,83.64,376,8,0
2024-03-13 23:00:00,83.64,83.64,83.26,83.27,193,8,0
2024-03-14 00:00:00,83.48,83.48,83.48,83.48,1,17,0
2024-03-14 03:00:00,83.59,83.7,83.53,83.69,222,8,0
2024-03-14 04:00:00,83.69,83.78,83.63,83.76,437,8,0
2024-03-14 05:00:00,83.76,83.77,83.62,83.67,337,8,0
2024-03-14 06:00:00,83.68,83.77,83.66,83.74,235,8,0
2024-03-14 07:00:00,83.74,83.75,83.65,83.66,152,8,0
2024-03-14 08:00:00,83.65,83.67,83.57,83.61,304,8,0
2024-03-14 09:00:00,83.61,83.74,83.56,83.65,518,8,0
2024-03-14 10:00:00,83.66,83.87,83.61,83.86,736,8,0
2024-03-14 11:00:00,83.86,84.16,83.68,84.13,1456,7,0
2024-03-14 12:00:00,84.13,84.29,84.1,84.16,1165,7,0
2024-03-14 13:00:00,84.16,84.28,84.02,84.07,948,8,0
2024-03-14 14:00:00,84.06,84.24,83.96,84.19,806,7,0
2024-03-14 15:00:00,84.19,84.29,83.98,84.18,1481,7,0
2024-03-14 16:00:00,84.17,84.39,84.08,84.31,2167,7,0
2024-03-14 17:00:00,84.31,85.02,84.3,84.87,1806,7,0
2024-03-14 18:00:00,84.87,84.89,84.38,84.76,1852,7,0
2024-03-14 19:00:00,84.76,85.07,84.61,85.05,1637,7,0
2024-03-14 20:00:00,85.04,85.14,84.89,84.94,1070,8,0
2024-03-14 21:00:00,84.94,85.16,84.78,84.8,1114,7,0
2024-03-14 22:00:00,84.8,84.84,84.67,84.71,322,8,0
2024-03-14 23:00:00,84.71,84.73,84.38,84.41,221,9,0
2024-03-15 00:00:00,84.63,84.63,84.52,84.52,2,17,0
2024-03-15 03:00:00,84.52,84.69,84.47,84.68,322,8,0
2024-03-15 04:00:00,84.67,84.83,84.66,84.72,669,8,0
2024-03-15 05:00:00,84.72,84.8,84.68,84.71,297,8,0
2024-03-15 06:00:00,84.71,84.77,84.66,84.75,211,8,0
2024-03-15 07:00:00,84.75,84.77,84.7,84.71,135,8,0
2024-03-15 08:00:00,84.71,84.79,84.66,84.74,523,8,0
2024-03-15 09:00:00,84.74,84.79,84.71,84.74,632,8,0
2024-03-15 10:00:00,84.74,84.88,84.46,84.54,809,8,0
2024-03-15 11:00:00,84.54,84.6,84.27,84.27,1568,7,0
2024-03-15 12:00:00,84.27,84.51,84.16,84.5,1010,7,0
2024-03-15 13:00:00,84.49,84.61,84.34,84.57,755,7,0
2024-03-15 14:00:00,84.57,84.63,84.42,84.49,789,7,0
2024-03-15 15:00:00,84.48,84.65,84.27,84.62,1581,7,0
2024-03-15 16:00:00,84.62,84.87,84.27,84.3,2666,7,0
2024-03-15 17:00:00,84.3,84.81,84.29,84.8,2397,7,0
2024-03-15 18:00:00,84.81,85.07,84.67,84.83,1791,7,0
2024-03-15 19:00:00,84.83,85.02,84.7,85.02,1408,7,0
2024-03-15 20:00:00,85.02,85.02,84.66,84.9,1172,7,0
2024-03-15 21:00:00,84.89,85.01,84.78,84.82,1228,7,0
2024-03-15 22:00:00,84.82,84.86,84.75,84.82,402,8,0
2024-03-15 23:00:00,84.82,84.89,84.73,84.81,225,9,0
2024-03-18 01:00:00,84.86,85.0,84.83,84.92,312,8,0
2024-03-18 02:00:00,84.93,84.93,84.83,84.84,129,8,0
2024-03-18 03:00:00,84.83,84.93,84.8,84.89,269,8,0
2024-03-18 04:00:00,84.88,85.14,84.77,85.09,694,8,0
2024-03-18 05:00:00,85.09,85.19,85.05,85.11,471,8,0
2024-03-18 06:00:00,85.11,85.16,85.07,85.15,234,8,0
2024-03-18 07:00:00,85.15,85.17,85.13,85.15,118,8,0
2024-03-18 08:00:00,85.14,85.27,85.13,85.16,291,8,0
2024-03-18 09:00:00,85.16,85.28,85.15,85.22,497,8,0
2024-03-18 10:00:00,85.23,85.39,85.17,85.35,635,7,0
2024-03-18 11:00:00,85.34,85.71,85.27,85.28,1479,7,0
2024-03-18 12:00:00,85.28,85.72,85.27,85.68,1188,7,0
2024-03-18 13:00:00,85.69,85.78,85.4,85.44,953,7,0
2024-03-18 14:00:00,85.43,85.44,85.13,85.35,1141,7,0
2024-03-18 15:00:00,85.35,85.43,85.01,85.16,1574,7,0
2024-03-18 16:00:00,85.16,85.7,85.12,85.42,3083,7,0
2024-03-18 17:00:00,85.41,85.53,85.22,85.5,2328,7,0
2024-03-18 18:00:00,85.5,86.03,85.31,86.01,1939,7,0
2024-03-18 19:00:00,86.01,86.14,85.71,86.03,1903,7,0
2024-03-18 20:00:00,86.03,86.33,86.01,86.26,1202,7,0
2024-03-18 21:00:00,86.25,86.42,86.22,86.39,1035,8,0
2024-03-18 22:00:00,86.4,86.58,86.33,86.39,457,7,0
2024-03-18 23:00:00,86.39,86.44,86.05,86.07,365,9,0
2024-03-19 00:00:00,86.3,86.3,86.19,86.19,2,17,0
2024-03-19 03:00:00,86.3,86.31,86.14,86.17,281,8,0
2024-03-19 04:00:00,86.17,86.3,86.12,86.13,824,8,0
2024-03-19 05:00:00,86.13,86.28,86.1,86.11,414,8,0
2024-03-19 06:00:00,86.11,86.21,86.07,86.1,307,8,0
2024-03-19 07:00:00,86.1,86.14,86.08,86.13,191,8,0
2024-03-19 08:00:00,86.13,86.13,86.02,86.07,388,8,0
2024-03-19 09:00:00,86.07,86.14,86.03,86.11,650,8,0
2024-03-19 10:00:00,86.11,86.29,85.98,86.04,633,7,0
2024-03-19 11:00:00,86.04,86.29,85.95,86.21,1438,7,0
2024-03-19 12:00:00,86.21,86.31,85.9,86.1,1231,7,0
2024-03-19 13:00:00,86.1,86.18,85.94,86.06,1039,7,0
2024-03-19 14:00:00,86.07,86.32,86.05,86.23,886,7,0
2024-03-19 15:00:00,86.24,86.45,86.17,86.28,1050,7,0
2024-03-19 16:00:00,86.28,86.76,86.17,86.48,1967,7,0
2024-03-19 17:00:00,86.47,86.92,86.41,86.83,1520,7,0
2024-03-19 18:00:00,86.83,86.99,86.57,86.86,1893,7,0
2024-03-19 19:00:00,86.86,86.96,86.54,86.93,1941,7,0
2024-03-19 20:00:00,86.93,87.03,86.79,86.91,1238,7,0
2024-03-19 21:00:00,86.91,86.92,86.64,86.76,1089,8,0
2024-03-19 22:00:00,86.76,86.84,86.72,86.77,269,8,0
2024-03-19 23:00:00,86.76,86.78,86.27,86.29,329,9,0
2024-03-20 00:00:00,86.51,86.51,86.39,86.39,2,17,0
2024-03-20 03:00:00,86.46,86.53,86.38,86.51,238,8,0
2024-03-20 04:00:00,86.52,86.6,86.44,86.54,482,8,0
2024-03-20 05:00:00,86.54,86.54,86.44,86.47,314,8,0
2024-03-20 06:00:00,86.48,86.57,86.43,86.55,253,8,0
2024-03-20 07:00:00,86.56,86.61,86.53,86.54,106,8,0
2024-03-20 08:00:00,86.54,86.6,86.51,86.58,227,8,0
2024-03-20 09:00:00,86.58,86.68,86.47,86.48,401,8,0
2024-03-20 10:00:00,86.48,86.51,86.36,86.37,472,8,0
2024-03-20 11:00:00,86.37,86.37,85.91,86.25,1424,7,0
2024-03-20 12:00:00,86.25,86.26,86.0,86.11,1177,7,0
2024-03-20 13:00:00,86.11,86.27,85.62,85.76,1177,6,0
2024-03-20 14:00:00,85.78,86.18,85.77,86.12,957,7,0
2024-03-20 15:00:00,86.12,86.12,85.34,85.75,2165,7,0
2024-03-20 16:00:00,85.74,85.85,85.33,85.6,3136,7,0
2024-03-20 17:00:00,85.6,85.81,85.04,85.51,3087,7,0
2024-03-20 18:00:00,85.51,85.55,85.18,85.34,2092,7,0
2024-03-20 19:00:00,85.34,85.44,85.09,85.13,1786,7,0
2024-03-20 20:00:00,85.12,85.27,85.05,85.14,1212,7,0
2024-03-20 21:00:00,85.15,85.68,85.05,85.43,2268,7,0
2024-03-20 22:00:00,85.43,85.65,85.43,85.65,636,7,0
2024-03-20 23:00:00,85.64,85.74,85.35,85.36,206,8,0
2024-03-21 00:00:00,85.57,85.57,85.57,85.57,1,18,0
2024-03-21 03:00:00,85.73,85.89,85.68,85.81,464,8,0
2024-03-21 04:00:00,85.81,85.91,85.73,85.88,552,8,0
2024-03-21 05:00:00,85.88,85.89,85.78,85.79,279,8,0
2024-03-21 06:00:00,85.79,85.9,85.79,85.89,175,8,0
2024-03-21 07:00:00,85.89,85.98,85.88,85.96,130,8,0
2024-03-21 08:00:00,85.96,85.96,85.85,85.87,289,8,0
2024-03-21 09:00:00,85.87,85.89,85.76,85.81,362,8,0
2024-03-21 10:00:00,85.81,85.88,85.75,85.81,470,8,0
2024-03-21 11:00:00,85.81,86.02,85.33,85.35,1385,7,0
2024-03-21 12:00:00,85.35,85.41,85.1,85.19,1376,7,0
2024-03-21 13:00:00,85.2,85.35,85.12,85.27,1029,7,0
2024-03-21 14:00:00,85.28,85.28,84.83,84.91,1021,7,0
2024-03-21 15:00:00,84.91,85.33,84.9,85.22,1388,7,0
2024-03-21 16:00:00,85.23,85.52,85.06,85.21,2608,7,0
2024-03-21 17:00:00,85.2,85.35,84.62,84.63,2605,7,0
2024-03-21 18:00:00,84.63,84.92,84.55,84.75,1797,7,0
2024-03-21 19:00:00,84.74,85.05,84.72,84.85,1829,7,0
2024-03-21 20:00:00,84.85,85.19,84.84,85.13,1160,7,0
2024-03-21 21:00:00,85.13,85.28,85.1,85.13,925,7,0
2024-03-21 22:00:00,85.13,85.26,85.12,85.2,299,8,0
2024-03-21 23:00:00,85.2,85.21,84.72,84.95,237,9,0
2024-03-22 03:00:00,85.1,85.1,84.95,84.99,289,8,0
2024-03-22 04:00:00,84.99,85.02,84.7,84.73,625,8,0
2024-03-22 05:00:00,84.73,84.82,84.57,84.61,478,8,0
2024-03-22 06:00:00,84.61,84.68,84.56,84.61,285,8,0
2024-03-22 07:00:00,84.61,84.68,84.61,84.62,163,8,0
2024-03-22 08:00:00,84.62,84.68,84.6,84.6,299,8,0
2024-03-22 09:00:00,84.6,84.76,84.6,84.71,506,8,0
2024-03-22 10:00:00,84.71,84.88,84.64,84.87,476,8,0
2024-03-22 11:00:00,84.86,85.21,84.83,85.21,1201,7,0
2024-03-22 12:00:00,85.2,85.26,84.99,85.15,1118,7,0
2024-03-22 13:00:00,85.16,85.35,85.06,85.31,903,8,0
2024-03-22 14:00:00,85.32,85.34,85.03,85.13,742,7,0
2024-03-22 15:00:00,85.12,85.5,85.1,85.39,1124,7,0
2024-03-22 16:00:00,85.38,85.56,85.01,85.06,2440,7,0
2024-03-22 17:00:00,85.06,85.25,84.82,85.05,2377,7,0
2024-03-22 18:00:00,85.05,85.2,84.83,84.96,2038,7,0
2024-03-22 19:00:00,84.96,85.11,84.65,84.73,2018,7,0
2024-03-22 20:00:00,84.73,84.94,84.65,84.89,1299,8,0
2024-03-22 21:00:00,84.89,85.0,84.75,84.86,1085,8,0
2024-03-22 22:00:00,84.87,84.99,84.81,84.97,389,7,0
2024-03-22 23:00:00,84.97,85.04,84.92,84.93,184,8,0
2024-03-25 01:00:00,84.97,85.07,84.74,84.94,306,8,0
2024-03-25 02:00:00,84.94,85.03,84.93,85.02,136,8,0
2024-03-25 03:00:00,85.02,85.09,84.99,85.06,178,8,0
2024-03-25 04:00:00,85.06,85.28,85.06,85.27,771,8,0
2024-03-25 05:00:00,85.27,85.36,85.24,85.32,295,8,0
2024-03-25 06:00:00,85.33,85.41,85.26,85.33,267,8,0
2024-03-25 07:00:00,85.33,85.33,85.28,85.29,90,9,0
2024-03-25 08:00:00,85.3,85.36,85.26,85.27,266,8,0
2024-03-25 09:00:00,85.28,85.28,85.09,85.11,517,8,0
2024-03-25 10:00:00,85.11,85.35,85.05,85.14,551,8,0
2024-03-25 11:00:00,85.15,85.31,84.89,85.22,1172,7,0
2024-03-25 12:00:00,85.23,85.53,85.09,85.27,1025,7,0
2024-03-25 13:00:00,85.28,85.51,85.16,85.27,761,8,0
2024-03-25 14:00:00,85.26,85.36,85.02,85.09,748,8,0
2024-03-25 15:00:00,85.09,85.28,84.96,85.16,1002,7,0
2024-03-25 16:00:00,85.16,85.88,85.12,85.82,2365,7,0
2024-03-25 17:00:00,85.81,86.46,85.71,86.17,1847,9,0
2024-03-25 18:00:00,86.16,86.23,85.92,86.02,1446,9,0
2024-03-25 19:00:00,86.01,86.2,85.81,85.88,1252,9,0
2024-03-25 20:00:00,85.87,85.93,85.74,85.84,934,10,0
2024-03-25 21:00:00,85.83,86.21,85.72,86.21,992,9,0
2024-03-25 22:00:00,86.21,86.24,86.03,86.04,340,9,0
2024-03-25 23:00:00,86.04,86.06,85.79,85.81,224,9,0
2024-03-26 00:00:00,86.02,86.02,85.91,85.91,2,18,0
2024-03-26 03:00:00,86.09,86.17,86.02,86.11,222,8,0
2024-03-26 04:00:00,86.11,86.32,86.11,86.24,480,9,0
2024-03-26 05:00:00,86.23,86.31,86.03,86.06,358,9,0
2024-03-26 06:00:00,86.07,86.07,85.95,85.98,326,9,0
2024-03-26 07:00:00,85.99,86.08,85.96,86.08,192,9,0
2024-03-26 08:00:00,86.08,86.13,86.03,86.08,286,9,0
2024-03-26 09:00:00,86.09,86.1,85.9,85.91,440,9,0
2024-03-26 10:00:00,85.91,85.96,85.76,85.79,382,9,0
2024-03-26 11:00:00,85.78,86.01,85.77,85.96,1022,8,0
2024-03-26 12:00:00,85.95,86.15,85.84,85.92,906,7,0
2024-03-26 13:00:00,85.92,86.01,85.64,85.91,993,8,0
2024-03-26 14:00:00,85.91,86.23,85.88,86.15,726,7,0
2024-03-26 15:00:00,86.15,86.21,86.0,86.18,868,8,0
2024-03-26 16:00:00,86.18,86.29,85.7,85.98,1953,8,0
2024-03-26 17:00:00,85.98,86.06,85.37,85.72,2139,8,0
2024-03-26 18:00:00,85.72,86.05,85.55,85.91,1500,8,0
2024-03-26 19:00:00,85.91,86.01,85.73,85.89,1408,8,0
2024-03-26 20:00:00,85.88,85.97,85.57,85.59,889,8,0
2024-03-26 21:00:00,85.58,85.63,85.41,85.42,800,8,0
2024-03-26 22:00:00,85.42,85.43,85.3,85.35,341,9,0
2024-03-26 23:00:00,85.35,85.36,85.05,85.07,331,10,0
2024-03-27 00:00:00,85.07,85.12,85.07,85.12,2,23,0
2024-03-27 03:00:00,85.16,85.2,85.01,85.09,219,10,0
2024-03-27 04:00:00,85.09,85.09,84.82,84.85,460,9,0
2024-03-27 05:00:00,84.85,84.93,84.65,84.7,329,9,0
2024-03-27 06:00:00,84.71,84.86,84.7,84.83,209,8,0
2024-03-27 07:00:00,84.83,84.87,84.8,84.87,127,10,0
2024-03-27 08:00:00,84.87,84.87,84.74,84.77,289,10,0
2024-03-27 09:00:00,84.77,84.86,84.69,84.73,409,9,0
2024-03-27 10:00:00,84.73,84.92,84.6,84.81,551,8,0
2024-03-27 11:00:00,84.8,84.91,84.52,84.54,1243,8,0
2024-03-27 12:00:00,84.54,84.95,84.48,84.9,935,7,0
2024-03-27 13:00:00,84.9,85.06,84.81,84.96,918,8,0
2024-03-27 14:00:00,84.95,85.2,84.91,85.15,829,7,0
2024-03-27 15:00:00,85.15,85.17,84.86,84.94,1000,8,0
2024-03-27 16:00:00,84.94,85.33,84.82,85.09,2192,8,0
2024-03-27 17:00:00,85.09,85.42,84.93,85.2,2023,8,0
2024-03-27 18:00:00,85.2,85.42,85.09,85.26,1475,8,0
2024-03-27 19:00:00,85.26,85.42,85.0,85.04,1402,8,0
2024-03-27 20:00:00,85.04,85.25,84.94,85.2,961,9,0
2024-03-27 21:00:00,85.2,85.52,85.17,85.5,755,8,0
2024-03-27 22:00:00,85.5,85.56,85.46,85.56,288,9,0
2024-03-27 23:00:00,85.55,85.57,85.42,85.42,147,9,0
2024-03-28 00:00:00,85.42,85.42,85.42,85.42,1,34,0
2024-03-28 03:00:00,85.42,85.65,85.42,85.64,171,10,0
2024-03-28 04:00:00,85.64,85.72,85.59,85.61,364,9,0
2024-03-28 05:00:00,85.61,85.8,85.58,85.77,275,10,0
2024-03-28 06:00:00,85.77,85.81,85.54,85.54,261,10,0
2024-03-28 07:00:00,85.54,85.64,85.49,85.56,345,9,0
2024-03-28 08:00:00,85.57,85.76,85.57,85.64,338,9,0
2024-03-28 09:00:00,85.64,85.7,85.56,85.62,384,9,0
2024-03-28 10:00:00,85.62,85.74,85.53,85.66,408,9,0
2024-03-28 11:00:00,85.66,85.73,85.48,85.68,854,8,0
2024-03-28 12:00:00,85.69,85.74,85.36,85.72,782,7,0
2024-03-28 13:00:00,85.72,86.02,85.68,86.0,975,7,0
2024-03-28 14:00:00,86.01,86.33,86.0,86.12,806,7,0
2024-03-28 15:00:00,86.13,86.54,86.13,86.41,1243,7,0
2024-03-28 16:00:00,86.4,86.42,86.06,86.17,1733,7,0
2024-03-28 17:00:00,86.17,86.45,86.04,86.44,1510,7,0
2024-03-28 18:00:00,86.44,86.53,86.19,86.29,1081,6,0
2024-03-28 19:00:00,86.29,86.57,86.16,86.49,918,7,0
2024-03-28 20:00:00,86.5,86.69,86.41,86.67,1178,8,0
2024-03-28 21:00:00,86.67,86.88,86.59,86.71,1044,7,0
2024-03-28 22:00:00,86.72,86.79,86.66,86.68,328,8,0
2024-03-28 23:00:00,86.68,86.74,86.59,86.66,207,8,0
2024-03-29 00:00:00,86.66,86.71,86.66,86.71,2,23,0
2024-04-01 01:00:00,86.86,86.9,86.64,86.71,343,8,0
2024-04-01 02:00:00,86.71,86.75,86.65,86.75,217,9,0
2024-04-01 03:00:00,86.74,86.77,86.54,86.54,193,10,0
2024-04-01 04:00:00,86.54,87.04,86.54,87.01,601,9,0
2024-04-01 05:00:00,87.01,87.13,86.95,87.09,313,9,0
2024-04-01 06:00:00,87.09,87.12,87.07,87.11,143,10,0
2024-04-01 07:00:00,87.1,87.1,87.03,87.04,121,10,0
2024-04-01 08:00:00,87.04,87.12,87.02,87.1,211,10,0
2024-04-01 09:00:00,87.1,87.12,86.98,87.1,328,9,0
2024-04-01 10:00:00,87.1,87.23,86.92,87.19,425,8,0
2024-04-01 11:00:00,87.19,87.2,86.48,86.68,1073,8,0
2024-04-01 12:00:00,86.69,86.82,86.57,86.68,769,8,0
2024-04-01 13:00:00,86.68,86.71,86.42,86.58,564,8,0
2024-04-01 14:00:00,86.58,86.79,86.37,86.4,578,7,0
2024-04-01 15:00:00,86.4,86.85,86.21,86.85,1102,7,0
2024-04-01 16:00:00,86.86,87.16,86.55,86.74,3249,8,0
2024-04-01 17:00:00,86.74,87.36,86.61,87.34,2252,7,0
2024-04-01 18:00:00,87.34,87.63,87.29,87.57,1722,8,0
2024-04-01 19:00:00,87.57,87.75,87.51,87.69,1042,8,0
2024-04-01 20:00:00,87.68,87.68,87.21,87.27,1339,8,0
2024-04-01 21:00:00,87.27,87.38,87.12,87.32,1183,8,0
2024-04-01 22:00:00,87.31,87.4,87.28,87.36,244,9,0
2024-04-01 23:00:00,87.36,87.46,87.36,87.39,155,10,0
2024-04-02 03:00:00,87.38,87.53,87.36,87.51,284,10,0
2024-04-02 04:00:00,87.5,87.57,87.39,87.51,523,9,0
2024-04-02 05:00:00,87.51,87.53,87.39,87.51,405,9,0
2024-04-02 06:00:00,87.52,87.61,87.51,87.54,191,9,0
2024-04-02 07:00:00,87.55,87.59,87.52,87.58,120,10,0
2024-04-02 08:00:00,87.58,87.6,87.51,87.58,278,9,0
2024-04-02 09:00:00,87.58,87.77,87.57,87.75,467,9,0
2024-04-02 10:00:00,87.75,88.18,87.75,88.15,872,8,0
2024-04-02 11:00:00,88.14,88.53,88.01,88.36,1300,8,0
2024-04-02 12:00:00,88.35,88.74,88.26,88.69,1092,8,0
2024-04-02 13:00:00,88.68,88.79,88.54,88.56,725,8,0
2024-04-02 14:00:00,88.56,88.62,88.21,88.39,990,8,0
2024-04-02 15:00:00,88.39,88.4,88.16,88.35,1233,8,0
2024-04-02 16:00:00,88.35,88.47,87.85,88.05,2528,8,0
2024-04-02 17:00:00,88.06,88.29,87.66,88.17,2377,8,0
2024-04-02 18:00:00,88.17,88.64,88.11,88.45,1876,8,0
2024-04-02 19:00:00,88.45,88.45,87.83,88.05,1261,8,0
2024-04-02 20:00:00,88.05,88.54,88.05,88.49,822,9,0
2024-04-02 21:00:00,88.49,88.75,88.43,88.72,854,9,0
2024-04-02 22:00:00,88.72,88.74,88.61,88.67,235,9,0
2024-04-02 23:00:00,88.67,89.0,88.62,88.85,326,10,0
2024-04-03 00:00:00,88.85,88.91,88.85,88.91,2,23,0
2024-04-03 03:00:00,88.87,88.9,88.6,88.61,302,9,0
2024-04-03 04:00:00,88.62,88.77,88.57,88.59,507,10,0
2024-04-03 05:00:00,88.59,88.76,88.58,88.69,275,9,0
2024-04-03 06:00:00,88.69,88.85,88.65,88.66,290,10,0
2024-04-03 07:00:00,88.67,88.74,88.64,88.66,204,9,0
2024-04-03 08:00:00,88.66,88.77,88.62,88.74,308,9,0
2024-04-03 09:00:00,88.74,88.84,88.62,88.82,420,9,0
2024-04-03 10:00:00,88.82,88.84,88.56,88.67,933,8,0
2024-04-03 11:00:00,88.67,88.78,88.37,88.69,1433,8,0
2024-04-03 12:00:00,88.69,88.95,88.69,88.9,774,8,0
2024-04-03 13:00:00,88.91,89.27,88.79,89.25,664,8,0
2024-04-03 14:00:00,89.25,89.49,89.16,89.47,798,8,0
2024-04-03 15:00:00,89.47,89.54,89.2,89.31,1178,8,0
2024-04-03 16:00:00,89.31,89.46,89.09,89.31,1760,8,0
2024-04-03 17:00:00,89.32,89.66,89.22,89.3,2418,7,0
2024-04-03 18:00:00,89.29,89.53,89.24,89.34,1384,7,0
2024-04-03 19:00:00,89.34,89.45,89.03,89.27,1106,8,0
2024-04-03 20:00:00,89.27,89.5,89.25,89.31,908,8,0
2024-04-03 21:00:00,89.3,89.31,89.03,89.09,880,9,0
2024-04-03 22:00:00,89.09,89.16,89.04,89.11,239,9,0
2024-04-03 23:00:00,89.12,89.2,89.08,89.08,191,10,0
2024-04-04 00:00:00,89.08,89.13,89.08,89.13,2,23,0
2024-04-04 03:00:00,89.15,89.32,89.1,89.31,278,10,0
2024-04-04 04:00:00,89.31,89.35,89.18,89.2,204,10,0
2024-04-04 05:00:00,89.2,89.25,89.15,89.24,179,9,0
2024-04-04 06:00:00,89.24,89.36,89.21,89.23,192,10,0
2024-04-04 07:00:00,89.24,89.34,89.22,89.29,172,10,0
2024-04-04 08:00:00,89.29,89.3,89.19,89.22,198,10,0
2024-04-04 09:00:00,89.22,89.24,89.01,89.03,435,9,0
2024-04-04 10:00:00,89.03,89.06,88.86,88.9,903,8,0
2024-04-04 11:00:00,88.91,89.02,88.66,88.85,1365,8,0
2024-04-04 12:00:00,88.85,89.09,88.83,88.9,931,8,0
2024-04-04 13:00:00,88.9,89.11,88.81,88.97,684,8,0
2024-04-04 14:00:00,88.96,89.1,88.92,89.07,577,8,0
2024-04-04 15:00:00,89.07,89.14,88.54,88.91,1537,8,0
2024-04-04 16:00:00,88.92,89.12,88.76,89.0,1928,8,0
2024-04-04 17:00:00,89.0,89.07,88.82,88.91,1688,8,0
2024-04-04 18:00:00,88.9,88.98,88.71,88.74,1271,8,0
2024-04-04 19:00:00,88.73,88.9,88.41,88.86,1025,8,0
2024-04-04 20:00:00,88.85,89.57,88.79,89.53,931,9,0
2024-04-04 21:00:00,89.53,90.92,89.52,90.39,3159,7,0
2024-04-04 22:00:00,90.39,90.57,90.24,90.38,1366,8,0
2024-04-04 23:00:00,90.38,90.62,90.37,90.56,371,10,0
2024-04-05 00:00:00,90.61,90.61,90.61,90.61,1,22,0
2024-04-05 03:00:00,90.75,90.79,90.6,90.71,551,10,0
2024-04-05 04:00:00,90.71,90.73,90.44,90.47,479,10,0
2024-04-05 05:00:00,90.47,90.6,90.45,90.53,261,9,0
2024-04-05 06:00:00,90.53,90.6,90.48,90.6,193,10,0
2024-04-05 07:00:00,90.6,90.66,90.47,90.48,173,9,0
2024-04-05 08:00:00,90.48,90.73,90.48,90.7,269,10,0
2024-04-05 09:00:00,90.69,90.83,90.63,90.7,512,8,0
2024-04-05 10:00:00,90.7,90.77,90.26,90.38,1115,7,0
2024-04-05 11:00:00,90.38,90.49,90.21,90.38,1407,8,0
2024-04-05 12:00:00,90.39,90.48,90.17,90.42,1017,8,0
2024-04-05 13:00:00,90.42,90.7,90.4,90.66,1055,8,0
2024-04-05 14:00:00,90.65,90.66,90.3,90.43,883,8,0
2024-04-05 15:00:00,90.43,90.77,90.22,90.74,1694,7,0
2024-04-05 16:00:00,90.74,90.91,90.28,90.41,3075,7,0
2024-04-05 17:00:00,90.41,90.83,90.34,90.8,1764,7,0
2024-04-05 18:00:00,90.8,91.19,90.75,91.15,2035,8,0
2024-04-05 19:00:00,91.16,91.34,91.09,91.2,1369,8,0
2024-04-05 20:00:00,91.2,91.47,91.2,91.32,1106,8,0
2024-04-05 21:00:00,91.32,91.35,90.45,90.62,1413,8,0
2024-04-05 22:00:00,90.62,90.67,90.47,90.5,371,9,0
2024-04-05 23:00:00,90.5,90.5,90.4,90.44,223,10,0
2024-04-08 01:00:00,89.81,89.96,89.56,89.8,576,10,0
2024-04-08 02:00:00,89.8,89.85,89.6,89.64,214,10,0
2024-04-08 03:00:00,89.64,89.64,89.0,89.03,649,10,0
2024-04-08 04:00:00,89.03,89.09,88.35,89.07,1882,9,0
2024-04-08 05:00:00,89.08,89.48,89.05,89.36,947,9,0
2024-04-08 06:00:00,89.36,89.37,89.21,89.27,447,9,0
2024-04-08 07:00:00,89.27,89.43,89.24,89.43,225,10,0
2024-04-08 08:00:00,89.43,89.49,89.07,89.11,538,9,0
2024-04-08 09:00:00,89.11,89.35,89.11,89.21,822,9,0
2024-04-08 10:00:00,89.22,89.67,89.12,89.64,1682,8,0
2024-04-08 11:00:00,89.64,90.07,89.45,90.03,2008,8,0
2024-04-08 12:00:00,90.03,90.24,89.81,89.87,1339,8,0
2024-04-08 13:00:00,89.87,90.13,89.71,90.02,961,8,0
2024-04-08 14:00:00,90.02,90.14,89.76,90.11,1313,7,0
2024-04-08 15:00:00,90.11,90.13,89.8,89.81,1538,7,0
2024-04-08 16:00:00,89.82,90.65,89.69,89.85,3744,7,0
2024-04-08 17:00:00,89.85,89.94,89.09,89.74,3870,7,0
2024-04-08 18:00:00,89.75,89.93,89.03,89.09,2983,7,0
2024-04-08 19:00:00,89.1,89.75,89.1,89.66,2363,7,0
2024-04-08 20:00:00,89.66,89.9,89.49,89.77,1774,8,0
2024-04-08 21:00:00,89.78,90.13,89.72,90.11,1524,7,0
2024-04-08 22:00:00,90.11,90.22,90.05,90.06,334,8,0
2024-04-08 23:00:00,90.06,90.09,89.95,89.98,225,9,0
2024-04-09 00:00:00,89.99,90.04,89.99,90.04,2,23,0
2024-04-09 03:00:00,90.15,90.38,90.14,90.37,302,8,0
2024-04-09 04:00:00,90.37,90.37,90.03,90.05,688,8,0
2024-04-09 05:00:00,90.05,90.23,90.01,90.2,395,8,0
2024-04-09 06:00:00,90.21,90.24,90.03,90.06,242,8,0
2024-04-09 07:00:00,90.06,90.16,90.04,90.06,156,8,0
2024-04-09 08:00:00,90.06,90.08,89.89,89.91,272,8,0
2024-04-09 09:00:00,89.91,90.09,89.91,89.99,587,7,0
2024-04-09 10:00:00,89.99,90.3,89.89,90.21,1081,7,0
2024-04-09 11:00:00,90.21,90.43,90.01,90.29,1474,7,0
2024-04-09 12:00:00,90.29,90.43,89.93,90.16,1220,7,0
2024-04-09 13:00:00,90.16,90.26,89.99,90.06,851,8,0
2024-04-09 14:00:00,90.06,90.17,89.8,89.95,901,7,0
2024-04-09 15:00:00,89.95,90.26,89.76,89.8,2367,7,0
2024-04-09 16:00:00,89.8,90.2,89.76,89.9,2801,7,0
2024-04-09 17:00:00,89.89,89.99,89.14,89.34,2682,7,0
2024-04-09 18:00:00,89.33,89.51,89.05,89.39,2377,7,0
2024-04-09 19:00:00,89.39,89.49,88.8,88.87,1463,8,0
2024-04-09 20:00:00,88.86,89.1,88.84,88.96,1233,7,0
2024-04-09 21:00:00,88.97,89.08,88.9,89.02,1085,8,0
2024-04-09 22:00:00,89.02,89.06,89.0,89.06,281,7,0
2024-04-09 23:00:00,89.06,89.09,88.93,88.95,271,8,0
2024-04-10 00:00:00,88.95,89.0,88.95,89.0,2,23,0
2024-04-10 03:00:00,88.99,89.05,88.88,88.94,268,8,0
2024-04-10 04:00:00,88.94,89.11,88.83,89.1,758,8,0
2024-04-10 05:00:00,89.1,89.1,88.91,88.99,497,8,0
2024-04-10 06:00:00,88.99,89.02,88.93,88.93,259,8,0
2024-04-10 07:00:00,88.93,89.08,88.9,88.96,182,8,0
2024-04-10 08:00:00,88.96,89.1,88.92,88.99,340,8,0
2024-04-10 09:00:00,88.98,89.24,88.94,89.24,576,8,0
2024-04-10 10:00:00,89.23,89.39,89.15,89.3,936,7,0
2024-04-10 11:00:00,89.3,89.33,88.85,89.2,1371,7,0
2024-04-10 12:00:00,89.19,89.29,89.06,89.19,884,7,0
2024-04-10 13:00:00,89.18,89.45,89.12,89.42,805,7,0
2024-04-10 14:00:00,89.42,89.52,89.3,89.33,856,7,0
2024-04-10 15:00:00,89.32,89.57,89.11,89.55,2499,7,0
2024-04-10 16:00:00,89.54,89.68,88.97,89.11,3810,7,0
2024-04-10 17:00:00,89.11,89.29,88.68,88.9,3741,7,0
2024-04-10 18:00:00,88.91,89.27,88.35,89.06,3560,7,0
2024-04-10 19:00:00,89.06,89.23,88.89,88.96,1666,7,0
2024-04-10 20:00:00,88.96,89.98,88.64,89.85,3894,6,0
2024-04-10 21:00:00,89.85,90.13,89.66,89.87,2384,6,0
2024-04-10 22:00:00,89.87,90.05,89.84,90.03,631,8,0
2024-04-10 23:00:00,90.04,90.05,89.87,89.87,292,8,0
2024-04-11 00:00:00,89.87,89.87,89.87,89.87,1,34,0
2024-04-11 03:00:00,89.96,90.01,89.89,90.0,216,8,0
2024-04-11 04:00:00,90.0,90.08,89.94,89.99,625,8,0
2024-04-11 05:00:00,90.0,90.18,90.0,90.16,433,8,0
2024-04-11 06:00:00,90.17,90.23,90.09,90.17,218,8,0
2024-04-11 07:00:00,90.17,90.2,90.0,90.05,168,8,0
2024-04-11 08:00:00,90.05,90.1,89.95,89.95,335,8,0
2024-04-11 09:00:00,89.96,90.04,89.8,89.85,607,8,0
2024-04-11 10:00:00,89.85,90.2,89.82,90.16,1232,7,0
2024-04-11 11:00:00,90.17,90.33,89.95,90.28,1598,7,0
2024-04-11 12:00:00,90.28,90.36,89.85,89.9,1124,8,0
2024-04-11 13:00:00,89.9,89.91,89.38,89.48,1210,7,0
2024-04-11 14:00:00,89.48,89.66,89.32,89.61,994,8,0
2024-04-11 15:00:00,89.62,89.85,89.29,89.3,2175,7,0
2024-04-11 16:00:00,89.3,89.71,89.24,89.33,3714,7,0
2024-04-11 17:00:00,89.33,89.52,88.87,89.15,2871,7,0
2024-04-11 18:00:00,89.15,89.51,89.15,89.44,2768,7,0
2024-04-11 19:00:00,89.45,89.65,89.13,89.3,2076,7,0
2024-04-11 20:00:00,89.3,89.61,89.17,89.2,2076,7,0
2024-04-11 21:00:00,89.2,89.46,89.1,89.4,2139,7,0
2024-04-11 22:00:00,89.4,89.73,89.36,89.67,571,7,0
2024-04-11 23:00:00,89.67,89.73,89.49,89.57,265,8,0
2024-04-12 00:00:00,89.57,89.57,89.57,89.57,1,33,0
2024-04-12 03:00:00,89.56,89.6,89.45,89.53,298,7,0
2024-04-12 04:00:00,89.54,89.9,89.46,89.9,791,8,0
2024-04-12 05:00:00,89.9,90.02,89.71,89.74,497,8,0
2024-04-12 06:00:00,89.73,89.81,89.68,89.7,294,8,0
2024-04-12 07:00:00,89.69,89.72,89.63,89.65,186,8,0
2024-04-12 08:00:00,89.65,89.87,89.61,89.84,391,8,0
2024-04-12 09:00:00,89.85,89.94,89.83,89.87,586,8,0
2024-04-12 10:00:00,89.88,90.05,89.76,89.8,1021,7,0
2024-04-12 11:00:00,89.8,90.03,89.71,89.99,1632,7,0
2024-04-12 12:00:00,89.98,90.11,89.87,90.06,811,7,0
2024-04-12 13:00:00,90.06,90.28,90.04,90.17,603,7,0
2024-04-12 14:00:00,90.18,90.23,90.02,90.2,756,8,0
2024-04-12 15:00:00,90.2,90.72,90.2,90.6,1846,7,0
2024-04-12 16:00:00,90.6,91.5,90.55,91.12,3725,7,0
2024-04-12 17:00:00,91.12,91.54,90.98,91.21,3108,7,0
2024-04-12 18:00:00,91.21,91.37,90.1,90.47,4246,6,0
2024-04-12 19:00:00,90.47,90.49,89.92,89.96,2913,7,0
2024-04-12 20:00:00,89.96,90.25,89.87,90.08,2367,7,0
2024-04-12 21:00:00,90.08,90.33,89.55,89.68,1879,7,0
2024-04-12 22:00:00,89.67,89.72,89.49,89.72,687,7,0
2024-04-12 23:00:00,89.72,89.72,89.47,89.55,231,9,0
2024-04-15 01:00:00,89.6,89.98,89.43,89.61,1159,10,0
2024-04-15 02:00:00,89.61,89.94,89.6,89.89,434,10,0
2024-04-15 03:00:00,89.87,90.04,89.53,89.7,571,9,0
2024-04-15 04:00:00,89.71,89.84,89.18,89.74,2010,9,0
2024-04-15 05:00:00,89.73,89.78,89.47,89.56,655,10,0
2024-04-15 06:00:00,89.56,89.71,89.52,89.65,429,9,0
2024-04-15 07:00:00,89.65,89.71,89.55,89.61,261,9,0
2024-04-15 08:00:00,89.61,89.62,89.39,89.55,603,9,0
2024-04-15 09:00:00,89.54,89.54,89.18,89.29,1027,8,0
2024-04-15 10:00:00,89.29,89.39,88.66,88.69,1761,7,0
2024-04-15 11:00:00,88.69,89.1,88.64,88.99,2036,7,0
2024-04-15 12:00:00,89.0,89.1,88.76,89.01,1070,7,0
2024-04-15 13:00:00,89.02,89.37,89.02,89.28,1051,8,0
2024-04-15 14:00:00,89.28,89.34,89.09,89.21,1189,7,0
2024-04-15 15:00:00,89.21,89.31,88.91,88.99,2278,7,0
2024-04-15 16:00:00,88.99,89.45,88.73,88.84,3818,7,0
2024-04-15 17:00:00,88.84,89.37,88.18,88.89,4826,7,0
2024-04-15 18:00:00,88.89,88.94,88.44,88.67,3892,6,0
2024-04-15 19:00:00,88.68,88.98,88.47,88.91,2145,7,0
2024-04-15 20:00:00,88.91,89.61,88.78,89.61,2619,7,0
2024-04-15 21:00:00,89.61,89.8,89.32,89.74,1865,7,0
2024-04-15 22:00:00,89.74,89.81,89.57,89.74,741,8,0
2024-04-15 23:00:00,89.73,89.79,89.66,89.66,265,8,0
2024-04-16 00:00:00,89.71,89.71,89.71,89.71,1,23,0
2024-04-16 03:00:00,89.87,90.0,89.85,89.95,431,8,0
2024-04-16 04:00:00,89.95,90.12,89.8,90.09,1004,8,0
2024-04-16 05:00:00,90.09,90.18,90.0,90.14,740,8,0
2024-04-16 06:00:00,90.14,90.18,89.91,89.93,376,8,0
2024-04-16 07:00:00,89.93,90.01,89.88,89.96,289,8,0
2024-04-16 08:00:00,89.96,90.14,89.96,90.02,583,8,0
2024-04-16 09:00:00,90.02,90.04,89.65,89.69,898,8,0
2024-04-16 10:00:00,89.69,89.92,89.5,89.59,1360,7,0
2024-04-16 11:00:00,89.59,89.73,89.25,89.48,1637,7,0
2024-04-16 12:00:00,89.48,89.58,89.1,89.22,1661,7,0
2024-04-16 13:00:00,89.22,89.37,89.09,89.15,1188,6,0
2024-04-16 14:00:00,89.16,89.36,89.14,89.17,971,7,0
2024-04-16 15:00:00,89.18,89.28,88.86,88.86,1662,7,0
2024-04-16 16:00:00,88.86,89.56,88.86,89.25,3826,7,0
2024-04-16 17:00:00,89.25,89.67,88.99,89.64,2996,7,0
2024-04-16 18:00:00,89.63,89.78,89.46,89.55,2161,7,0
2024-04-16 19:00:00,89.55,89.58,89.27,89.4,1532,7,0
2024-04-16 20:00:00,89.4,89.51,89.19,89.39,2641,7,0
2024-04-16 21:00:00,89.39,89.57,89.22,89.55,2120,7,0
2024-04-16 22:00:00,89.55,89.62,89.36,89.37,680,8,0
2024-04-16 23:00:00,89.37,89.4,89.22,89.24,267,8,0
2024-04-17 00:00:00,89.24,89.24,89.24,89.24,1,33,0
2024-04-17 03:00:00,89.49,89.54,89.25,89.27,481,8,0
2024-04-17 04:00:00,89.26,89.33,88.92,88.95,1068,8,0
2024-04-17 05:00:00,88.95,89.07,88.85,88.86,538,8,0
2024-04-17 06:00:00,88.86,88.95,88.85,88.91,358,8,0
2024-04-17 07:00:00,88.91,88.98,88.87,88.96,215,8,0
2024-04-17 08:00:00,88.95,88.97,88.84,88.96,436,8,0
2024-04-17 09:00:00,88.96,89.14,88.81,89.13,1004,8,0
2024-04-17 10:00:00,89.13,89.21,88.84,89.11,1161,7,0
2024-04-17 11:00:00,89.11,89.24,88.92,89.05,1716,7,0
2024-04-17 12:00:00,89.05,89.31,88.58,88.6,1519,7,0
2024-04-17 13:00:00,88.6,88.9,88.5,88.88,1012,7,0
2024-04-17 14:00:00,88.88,89.02,88.79,88.95,982,7,0
2024-04-17 15:00:00,88.95,88.97,88.29,88.44,1796,7,0
2024-04-17 16:00:00,88.45,88.73,87.99,88.66,3645,7,0
2024-04-17 17:00:00,88.66,88.87,88.31,88.72,3782,7,0
2024-04-17 18:00:00,88.72,88.73,87.28,87.36,3185,7,0
2024-04-17 19:00:00,87.36,87.46,86.61,87.01,3533,8,0
2024-04-17 20:00:00,87.0,87.12,86.76,86.85,2347,8,0
2024-04-17 21:00:00,86.85,87.1,86.68,86.77,1983,8,0
2024-04-17 22:00:00,86.78,86.93,86.69,86.84,808,9,0
2024-04-17 23:00:00,86.86,87.0,86.82,86.82,306,10,0
2024-04-18 03:00:00,86.89,86.97,86.79,86.83,310,10,0
2024-04-18 04:00:00,86.83,86.94,86.66,86.85,976,9,0
2024-04-18 05:00:00,86.86,87.04,86.83,86.95,451,9,0
2024-04-18 06:00:00,86.94,87.03,86.84,87.01,357,9,0
2024-04-18 07:00:00,87.01,87.01,86.88,86.93,164,10,0
2024-04-18 08:00:00,86.92,87.05,86.87,86.91,393,9,0
2024-04-18 09:00:00,86.91,86.98,86.75,86.78,674,8,0
2024-04-18 10:00:00,86.77,86.97,86.11,86.33,1905,7,0
2024-04-18 11:00:00,86.33,86.61,86.05,86.1,2206,8,0
2024-04-18 12:00:00,86.11,86.32,85.93,85.94,1654,8,0
2024-04-18 13:00:00,85.94,86.04,85.63,85.86,1245,8,0
2024-04-18 14:00:00,85.86,86.41,85.85,86.11,1751,8,0
2024-04-18 15:00:00,86.11,86.75,86.08,86.74,2384,8,0
2024-04-18 16:00:00,86.74,87.11,86.48,86.83,4833,8,0
2024-04-18 17:00:00,86.83,86.86,86.21,86.23,3480,8,0
2024-04-18 18:00:00,86.22,86.7,85.93,86.48,3416,8,0
2024-04-18 19:00:00,86.47,87.19,86.39,86.97,2358,8,0
2024-04-18 20:00:00,86.97,87.01,86.63,86.7,1778,8,0
2024-04-18 21:00:00,86.69,86.71,86.32,86.59,1630,8,0
2024-04-18 22:00:00,86.58,86.58,86.4,86.46,523,9,0
2024-04-18 23:00:00,86.47,86.47,86.16,86.16,265,10,0
2024-04-19 00:00:00,86.16,86.21,86.16,86.21,2,23,0
2024-04-19 03:00:00,86.41,86.8,86.2,86.71,540,9,0
2024-04-19 04:00:00,86.7,89.51,86.67,89.04,5101,8,0
2024-04-19 05:00:00,89.05,89.94,88.74,89.18,4558,9,0
2024-04-19 06:00:00,89.19,89.43,88.11,88.58,3420,7,0
2024-04-19 07:00:00,88.58,88.66,87.89,88.16,1378,8,0
2024-04-19 08:00:00,88.16,88.41,87.91,87.99,1554,9,0
2024-04-19 09:00:00,87.99,88.12,87.33,87.58,2679,8,0
2024-04-19 10:00:00,87.58,87.59,87.1,87.13,2525,7,0
2024-04-19 11:00:00,87.13,87.17,86.45,86.7,2956,7,0
2024-04-19 12:00:00,86.7,87.05,86.3,86.32,2131,7,0
2024-04-19 13:00:00,86.32,86.35,85.9,86.06,1742,7,0
2024-04-19 14:00:00,86.06,86.06,85.6,85.88,1810,7,0
2024-04-19 15:00:00,85.89,86.08,85.64,85.96,2098,7,0
2024-04-19 16:00:00,85.97,86.68,85.65,86.46,4647,7,0
2024-04-19 17:00:00,86.46,86.93,86.4,86.89,3347,7,0
2024-04-19 18:00:00,86.89,87.04,86.32,86.59,2914,7,0
2024-04-19 19:00:00,86.59,87.06,86.44,87.03,1910,6,0
2024-04-19 20:00:00,87.02,87.16,86.77,86.81,1593,7,0
2024-04-19 21:00:00,86.81,86.84,86.44,86.73,1686,8,0
2024-04-19 22:00:00,86.73,86.76,86.47,86.5,599,8,0
2024-04-19 23:00:00,86.49,86.54,86.45,86.45,286,9,0
2024-04-22 01:00:00,86.28,86.37,86.22,86.22,293,9,0
2024-04-22 02:00:00,86.22,86.42,86.22,86.22,244,8,0
2024-04-22 03:00:00,86.22,86.23,85.96,86.07,557,8,0
2024-04-22 04:00:00,86.07,86.13,85.75,85.79,2007,7,0
2024-04-22 05:00:00,85.8,86.05,85.72,85.98,575,8,0
2024-04-22 06:00:00,85.98,85.98,85.78,85.91,437,8,0
2024-04-22 07:00:00,85.91,85.98,85.8,85.85,271,8,0
2024-04-22 08:00:00,85.86,85.89,85.54,85.56,734,8,0
2024-04-22 09:00:00,85.56,85.66,85.36,85.36,1095,8,0
2024-04-22 10:00:00,85.37,85.41,85.12,85.22,1192,7,0
2024-04-22 11:00:00,85.22,85.72,85.14,85.59,1783,7,0
2024-04-22 12:00:00,85.59,86.01,85.52,85.96,1234,7,0
2024-04-22 13:00:00,85.97,86.18,85.86,86.1,1029,7,0
2024-04-22 14:00:00,86.11,86.13,85.69,85.71,1247,7,0
2024-04-22 15:00:00,85.7,85.78,85.39,85.62,1388,7,0
2024-04-22 16:00:00,85.62,85.85,85.11,85.72,4410,7,0
2024-04-22 17:00:00,85.72,86.19,85.63,85.95,3112,7,0
2024-04-22 18:00:00,85.96,86.36,85.63,86.3,2364,7,0
2024-04-22 19:00:00,86.3,86.44,85.97,86.21,1620,7,0
2024-04-22 20:00:00,86.21,86.33,85.92,85.94,1172,7,0
2024-04-22 21:00:00,85.94,86.27,85.88,86.25,1206,7,0
2024-04-22 22:00:00,86.26,86.31,86.19,86.28,300,8,0
2024-04-22 23:00:00,86.29,86.35,86.2,86.2,203,9,0
2024-04-23 00:00:00,86.26,86.26,86.26,86.26,1,22,0
2024-04-23 03:00:00,86.3,86.56,86.27,86.56,304,8,0
2024-04-23 04:00:00,86.55,86.66,86.06,86.19,1317,8,0
2024-04-23 05:00:00,86.19,86.46,86.19,86.42,790,7,0
2024-04-23 06:00:00,86.42,86.52,86.36,86.42,451,8,0
2024-04-23 07:00:00,86.43,86.56,86.42,86.54,195,8,0
2024-04-23 08:00:00,86.55,86.62,86.3,86.35,676,8,0
2024-04-23 09:00:00,86.35,86.4,86.2,86.27,852,8,0
2024-04-23 10:00:00,86.28,86.79,86.25,86.75,1611,7,0
2024-04-23 11:00:00,86.75,87.27,86.58,86.62,1876,7,0
2024-04-23 12:00:00,86.62,86.76,86.21,86.24,1579,7,0
2024-04-23 13:00:00,86.24,86.3,85.91,85.93,1189,7,0
2024-04-23 14:00:00,85.93,85.96,85.55,85.59,1167,7,0
2024-04-23 15:00:00,85.59,85.59,85.2,85.35,1902,7,0
2024-04-23 16:00:00,85.35,86.16,85.23,86.14,4666,7,0
2024-04-23 17:00:00,86.14,86.55,86.05,86.5,3804,7,0
2024-04-23 18:00:00,86.5,87.02,86.38,86.98,2762,7,0
2024-04-23 19:00:00,86.98,87.22,86.92,87.08,1403,7,0
2024-04-23 20:00:00,87.08,87.39,87.06,87.34,1081,7,0
2024-04-23 21:00:00,87.34,87.5,87.28,87.46,1284,8,0
2024-04-23 22:00:00,87.46,87.5,87.36,87.39,301,7,0
2024-04-23 23:00:00,87.38,87.49,87.33,87.33,235,9,0
2024-04-24 00:00:00,87.33,87.39,87.33,87.39,2,23,0
2024-04-24 03:00:00,87.46,87.49,87.42,87.46,222,8,0
2024-04-24 04:00:00,87.46,87.5,87.26,87.3,865,8,0
2024-04-24 05:00:00,87.3,87.38,87.25,87.34,496,8,0
2024-04-24 06:00:00,87.35,87.46,87.29,87.43,310,8,0
2024-04-24 07:00:00,87.44,87.45,87.4,87.42,103,8,0
2024-04-24 08:00:00,87.43,87.55,87.41,87.5,472,8,0
2024-04-24 09:00:00,87.51,87.7,87.44,87.61,888,8,0
2024-04-24 10:00:00,87.61,87.61,87.34,87.46,940,7,0
2024-04-24 11:00:00,87.47,87.63,87.0,87.08,1845,7,0
2024-04-24 12:00:00,87.09,87.18,86.93,87.06,1169,7,0
2024-04-24 13:00:00,87.07,87.22,86.88,86.91,913,7,0
2024-04-24 14:00:00,86.91,87.29,86.83,87.26,910,7,0
2024-04-24 15:00:00,87.26,87.43,86.98,87.36,1557,6,0
2024-04-24 16:00:00,87.36,87.47,86.89,87.12,3221,7,0
2024-04-24 17:00:00,87.12,87.7,86.89,86.92,4222,6,0
2024-04-24 18:00:00,86.93,87.4,86.71,87.04,3736,7,0
2024-04-24 19:00:00,87.04,87.21,86.78,86.89,1937,7,0
2024-04-24 20:00:00,86.89,86.92,86.67,86.77,1301,7,0
2024-04-24 21:00:00,86.77,87.17,86.66,87.07,1816,7,0
2024-04-24 22:00:00,87.07,87.22,87.06,87.15,326,8,0
2024-04-24 23:00:00,87.15,87.16,86.93,86.95,262,8,0
2024-04-25 00:00:00,86.95,86.95,86.95,86.95,1,33,0
2024-04-25 03:00:00,86.88,86.97,86.84,86.93,257,7,0
2024-04-25 04:00:00,86.92,86.96,86.76,86.81,797,8,0
2024-04-25 05:00:00,86.81,87.11,86.79,87.06,515,8,0
2024-04-25 06:00:00,87.05,87.14,86.95,87.08,400,8,0
2024-04-25 07:00:00,87.07,87.15,87.06,87.15,167,8,0
2024-04-25 08:00:00,87.15,87.19,87.1,87.13,384,8,0
2024-04-25 09:00:00,87.13,87.27,87.04,87.25,713,8,0
2024-04-25 10:00:00,87.26,87.33,87.1,87.29,564,8,0
2024-04-25 11:00:00,87.29,87.42,87.12,87.14,975,7,0
2024-04-25 12:00:00,87.14,87.17,86.83,86.96,660,7,0
2024-04-25 13:00:00,86.96,87.13,86.93,87.07,565,8,0
2024-04-25 14:00:00,87.07,87.19,86.93,87.16,563,7,0
2024-04-25 15:00:00,87.15,87.41,86.89,87.0,1544,7,0
2024-04-25 16:00:00,87.01,87.19,86.31,86.6,4615,7,0
2024-04-25 17:00:00,86.59,86.7,86.19,86.34,2937,7,0
2024-04-25 18:00:00,86.34,86.7,86.2,86.69,2358,7,0
2024-04-25 19:00:00,86.67,86.77,86.5,86.66,1070,7,0
2024-04-25 20:00:00,86.67,87.19,86.6,87.18,1146,8,0
2024-04-25 21:00:00,87.16,87.91,87.07,87.86,1498,7,0
2024-04-25 22:00:00,87.86,87.95,87.8,87.95,488,8,0
2024-04-25 23:00:00,87.96,87.99,87.8,87.81,261,8,0
2024-04-26 00:00:00,87.81,87.81,87.81,87.81,1,34,0
2024-04-26 03:00:00,87.89,88.08,87.89,87.97,227,8,0
2024-04-26 04:00:00,87.97,88.08,87.83,87.91,753,8,0
2024-04-26 05:00:00,87.91,87.94,87.85,87.91,272,8,0
2024-04-26 06:00:00,87.91,87.95,87.87,87.94,166,8,0
2024-04-26 07:00:00,87.94,87.99,87.92,87.96,144,8,0
2024-04-26 08:00:00,87.96,88.18,87.96,88.11,364,8,0
2024-04-26 09:00:00,88.11,88.17,87.95,88.06,686,7,0
2024-04-26 10:00:00,88.06,88.3,88.04,88.04,802,7,0
2024-04-26 11:00:00,88.04,88.17,87.7,87.74,1263,7,0
2024-04-26 12:00:00,87.75,88.11,87.71,88.09,1009,7,0
2024-04-26 13:00:00,88.09,88.3,88.0,88.22,677,7,0
2024-04-26 14:00:00,88.22,88.36,88.17,88.27,556,8,0
2024-04-26 15:00:00,88.27,88.55,88.26,88.44,1550,7,0
2024-04-26 16:00:00,88.44,88.54,88.1,88.13,3047,7,0
2024-04-26 17:00:00,88.14,88.27,87.55,87.76,2654,7,0
2024-04-26 18:00:00,87.76,88.27,87.6,88.24,2282,7,0
2024-04-26 19:00:00,88.24,88.27,88.04,88.09,909,7,0
2024-04-26 20:00:00,88.09,88.21,88.04,88.12,809,8,0
2024-04-26 21:00:00,88.12,88.27,87.97,88.03,833,8,0
2024-04-26 22:00:00,88.02,88.07,87.95,87.99,273,8,0
2024-04-26 23:00:00,87.99,88.01,87.93,87.95,195,8,0
2024-04-29 01:00:00,87.85,87.86,87.65,87.68,355,7,0
2024-04-29 02:00:00,87.69,87.71,87.44,87.45,195,8,0
2024-04-29 03:00:00,87.45,87.55,87.44,87.54,357,8,0
2024-04-29 04:00:00,87.54,87.54,87.2,87.31,1053,8,0
2024-04-29 05:00:00,87.31,87.45,87.28,87.36,379,8,0
2024-04-29 06:00:00,87.37,87.41,87.35,87.4,194,8,0
2024-04-29 07:00:00,87.4,87.43,87.37,87.39,134,8,0
2024-04-29 08:00:00,87.38,87.46,87.38,87.44,229,8,0
2024-04-29 09:00:00,87.44,87.47,87.2,87.32,665,7,0
2024-04-29 10:00:00,87.32,87.55,87.22,87.55,807,8,0
2024-04-29 11:00:00,87.55,87.79,87.51,87.74,915,7,0
2024-04-29 12:00:00,87.75,87.87,87.57,87.77,676,7,0
2024-04-29 13:00:00,87.77,87.91,87.74,87.88,579,7,0
2024-04-29 14:00:00,87.88,88.1,87.88,87.96,496,7,0
2024-04-29 15:00:00,87.96,88.06,87.35,87.58,1306,7,0
2024-04-29 16:00:00,87.58,87.92,87.51,87.74,2386,7,0
2024-04-29 17:00:00,87.74,87.79,87.0,87.06,2309,7,0
2024-04-29 18:00:00,87.06,87.47,86.97,87.39,2294,7,0
2024-04-29 19:00:00,87.4,87.57,87.23,87.37,1143,7,0
2024-04-29 20:00:00,87.37,87.42,86.84,86.92,1003,7,0
2024-04-29 21:00:00,86.92,87.15,86.84,87.13,982,7,0
2024-04-29 22:00:00,87.13,87.22,87.08,87.13,417,8,0
2024-04-29 23:00:00,87.13,87.18,87.04,87.05,219,9,0
2024-04-30 00:00:00,87.05,87.1,87.05,87.1,2,23,0
2024-04-30 03:00:00,87.05,87.06,86.89,86.91,253,8,0
2024-04-30 04:00:00,86.9,87.01,86.85,86.95,685,8,0
2024-04-30 05:00:00,86.95,87.04,86.89,87.04,353,8,0
2024-04-30 06:00:00,87.04,87.08,86.98,87.0,365,8,0
2024-04-30 07:00:00,87.0,87.0,86.85,86.89,162,8,0
2024-04-30 08:00:00,86.89,86.89,86.7,86.81,412,8,0
2024-04-30 09:00:00,86.81,86.94,86.76,86.91,445,8,0
2024-04-30 10:00:00,86.91,87.32,86.8,87.28,788,7,0
2024-04-30 11:00:00,87.28,87.42,87.07,87.35,861,7,0
2024-04-30 12:00:00,87.36,87.44,87.21,87.24,765,7,0
2024-04-30 13:00:00,87.23,87.46,87.2,87.45,506,7,0
2024-04-30 14:00:00,87.45,87.54,87.29,87.38,506,7,0
2024-04-30 15:00:00,87.39,87.66,87.32,87.33,1450,7,0
2024-04-30 16:00:00,87.33,87.35,85.65,85.66,3714,7,0
2024-04-30 17:00:00,85.66,85.99,85.32,85.77,3885,6,0
2024-04-30 18:00:00,85.77,86.71,85.75,86.04,3466,7,0
2024-04-30 19:00:00,86.05,86.25,85.73,85.86,1945,7,0
2024-04-30 20:00:00,85.85,86.25,85.75,86.23,1599,7,0
2024-04-30 21:00:00,86.23,86.43,86.01,86.04,1226,7,0
2024-04-30 22:00:00,86.04,86.06,85.84,85.86,512,8,0
2024-04-30 23:00:00,85.85,85.96,85.68,85.7,354,8,0
2024-05-01 00:00:00,85.7,85.75,85.7,85.75,2,23,0
2024-05-01 03:00:00,85.69,85.71,85.38,85.39,322,8,0
2024-05-01 04:00:00,85.39,85.54,85.39,85.48,201,8,0
2024-05-01 05:00:00,85.48,85.48,85.38,85.46,166,8,0
2024-05-01 06:00:00,85.46,85.5,85.42,85.44,149,8,0
2024-05-01 07:00:00,85.43,85.5,85.39,85.49,207,8,0
2024-05-01 08:00:00,85.49,85.52,85.4,85.51,236,8,0
2024-05-01 09:00:00,85.51,85.52,85.26,85.35,441,8,0
2024-05-01 10:00:00,85.36,85.43,85.02,85.1,721,7,0
2024-05-01 11:00:00,85.11,85.34,84.9,84.94,1103,7,0
2024-05-01 12:00:00,84.94,85.06,84.66,84.75,853,7,0
2024-05-01 13:00:00,84.75,85.17,84.64,85.11,783,7,0
2024-05-01 14:00:00,85.11,85.24,84.79,84.84,944,7,0
2024-05-01 15:00:00,84.85,85.21,84.68,84.96,1446,7,0
2024-05-01 16:00:00,84.96,85.42,84.76,85.42,3134,7,0
2024-05-01 17:00:00,85.42,85.72,84.36,84.4,4482,7,0
2024-05-01 18:00:00,84.39,84.4,83.4,83.42,3239,7,0
2024-05-01 19:00:00,83.42,83.83,83.27,83.55,2505,6,0
2024-05-01 20:00:00,83.56,83.59,83.31,83.41,2011,7,0
2024-05-01 21:00:00,83.41,83.55,83.14,83.44,4186,6,0
2024-05-01 22:00:00,83.44,83.58,83.26,83.26,1131,7,0
2024-05-01 23:00:00,83.26,83.48,83.23,83.23,345,8,0
2024-05-02 00:00:00,83.23,83.29,83.23,83.29,2,23,0
2024-05-02 03:00:00,83.36,83.59,83.36,83.44,430,7,0
2024-05-02 04:00:00,83.43,83.58,83.35,83.49,376,8,0
2024-05-02 05:00:00,83.54,83.68,83.51,83.66,417,8,0
2024-05-02 06:00:00,83.66,83.74,83.63,83.74,212,8,0
2024-05-02 07:00:00,83.74,83.91,83.72,83.78,258,8,0
2024-05-02 08:00:00,83.78,83.87,83.74,83.8,266,8,0
2024-05-02 09:00:00,83.79,83.94,83.69,83.73,640,8,0
2024-05-02 10:00:00,83.74,84.02,83.62,83.99,1121,7,0
2024-05-02 11:00:00,83.98,84.09,83.82,84.02,1633,7,0
2024-05-02 12:00:00,84.02,84.2,83.84,84.06,948,7,0
2024-05-02 13:00:00,84.06,84.24,83.7,83.75,1549,7,0
2024-05-02 14:00:00,83.75,84.15,83.67,84.11,972,7,0
2024-05-02 15:00:00,84.11,84.22,83.52,83.52,1744,7,0
2024-05-02 16:00:00,83.52,83.78,83.17,83.29,4074,7,0
2024-05-02 17:00:00,83.28,83.58,83.05,83.16,3734,7,0
2024-05-02 18:00:00,83.15,83.6,82.88,83.05,2812,7,0
2024-05-02 19:00:00,83.05,83.61,82.96,83.54,1960,7,0
2024-05-02 20:00:00,83.54,83.78,83.35,83.39,1673,7,0
2024-05-02 21:00:00,83.39,83.98,83.3,83.59,2222,8,0
2024-05-02 22:00:00,83.6,83.65,83.44,83.45,540,7,0
2024-05-02 23:00:00,83.45,83.53,83.4,83.45,273,8,0
2024-05-03 00:00:00,83.45,83.5,83.45,83.5,2,23,0
2024-05-03 03:00:00,83.75,83.84,83.58,83.84,292,8,0
2024-05-03 04:00:00,83.84,83.85,83.57,83.67,346,8,0
2024-05-03 05:00:00,83.68,83.69,83.56,83.64,218,8,0
2024-05-03 06:00:00,83.65,83.77,83.6,83.74,239,8,0
2024-05-03 07:00:00,83.75,83.76,83.64,83.64,209,8,0
2024-05-03 08:00:00,83.64,83.76,83.63,83.7,211,8,0
2024-05-03 09:00:00,83.7,83.76,83.57,83.72,503,7,0
2024-05-03 10:00:00,83.72,83.94,83.72,83.8,918,7,0
2024-05-03 11:00:00,83.8,83.84,83.49,83.64,1249,7,0
2024-05-03 12:00:00,83.64,83.66,83.38,83.47,762,7,0
2024-05-03 13:00:00,83.48,83.8,83.39,83.75,749,7,0
2024-05-03 14:00:00,83.75,83.93,83.7,83.89,738,7,0
2024-05-03 15:00:00,83.89,84.17,83.58,83.68,2211,7,0
2024-05-03 16:00:00,83.67,83.84,83.12,83.32,3738,6,0
2024-05-03 17:00:00,83.32,83.45,82.89,83.1,3043,7,0
2024-05-03 18:00:00,83.11,83.34,82.98,82.99,2865,7,0
2024-05-03 19:00:00,82.99,83.19,82.94,83.02,1257,7,0
2024-05-03 20:00:00,83.01,83.19,82.92,82.93,1001,8,0
2024-05-03 21:00:00,82.93,83.08,82.65,82.7,1082,8,0
2024-05-03 22:00:00,82.71,82.77,82.64,82.77,313,8,0
2024-05-03 23:00:00,82.77,82.78,82.58,82.6,176,8,0
2024-05-06 01:00:00,82.73,83.21,82.69,83.15,460,9,0
2024-05-06 02:00:00,83.14,83.17,83.02,83.03,140,8,0
2024-05-06 03:00:00,83.02,83.03,82.66,82.88,461,8,0
2024-05-06 04:00:00,82.87,83.25,82.84,83.01,1818,8,0
2024-05-06 05:00:00,83.01,83.11,82.91,82.94,441,8,0
2024-05-06 06:00:00,82.95,83.04,82.9,83.01,327,8,0
2024-05-06 07:00:00,83.01,83.06,82.97,83.02,144,8,0
2024-05-06 08:00:00,83.02,83.22,83.01,83.21,342,8,0
2024-05-06 09:00:00,83.21,83.43,83.18,83.41,479,8,0
2024-05-06 10:00:00,83.4,83.5,83.31,83.34,622,8,0
2024-05-06 11:00:00,83.34,83.57,83.31,83.47,1025,7,0
2024-05-06 12:00:00,83.47,83.59,83.32,83.44,591,8,0
2024-05-06 13:00:00,83.44,83.55,83.41,83.51,575,8,0
2024-05-06 14:00:00,83.51,83.61,83.37,83.59,641,8,0
2024-05-06 15:00:00,83.59,83.59,83.19,83.2,1098,8,0
2024-05-06 16:00:00,83.2,83.54,83.07,83.41,3093,8,0
2024-05-06 17:00:00,83.42,83.52,83.2,83.24,1390,8,0
2024-05-06 18:00:00,83.24,83.35,83.12,83.3,1229,8,0
2024-05-06 19:00:00,83.3,83.6,82.56,83.03,4206,7,0
2024-05-06 20:00:00,83.03,83.11,82.78,82.84,2402,8,0
2024-05-06 21:00:00,82.85,83.37,82.85,83.31,1337,8,0
2024-05-06 22:00:00,83.31,83.36,83.11,83.22,438,9,0
2024-05-06 23:00:00,83.23,83.34,83.15,83.19,184,10,0
2024-05-07 00:00:00,83.24,83.24,83.24,83.24,1,23,0
2024-05-07 03:00:00,83.51,83.59,83.47,83.48,275,10,0
2024-05-07 04:00:00,83.48,83.56,83.22,83.27,776,9,0
2024-05-07 05:00:00,83.27,83.36,83.12,83.29,412,9,0
2024-05-07 06:00:00,83.29,83.4,83.29,83.34,189,10,0
2024-05-07 07:00:00,83.34,83.38,83.12,83.24,274,9,0
2024-05-07 08:00:00,83.24,83.33,83.18,83.33,384,10,0
2024-05-07 09:00:00,83.33,83.33,83.16,83.26,491,9,0
2024-05-07 10:00:00,83.26,83.32,82.95,83.09,935,7,0
2024-05-07 11:00:00,83.09,83.52,83.09,83.3,1805,7,0
2024-05-07 12:00:00,83.31,83.35,82.95,82.96,1089,7,0
2024-05-07 13:00:00,82.96,82.99,82.74,82.87,664,8,0
2024-05-07 14:00:00,82.87,82.98,82.75,82.88,673,7,0
2024-05-07 15:00:00,82.88,82.99,82.52,82.58,1131,7,0
2024-05-07 16:00:00,82.58,82.95,82.33,82.62,2915,7,0
2024-05-07 17:00:00,82.61,82.73,82.24,82.59,2503,7,0
2024-05-07 18:00:00,82.59,82.99,82.55,82.98,2077,7,0
2024-05-07 19:00:00,82.98,83.44,82.96,83.28,1771,7,0
2024-05-07 20:00:00,83.28,83.66,83.23,83.25,1464,7,0
2024-05-07 21:00:00,83.25,83.32,82.93,83.08,1251,7,0
2024-05-07 22:00:00,83.08,83.11,82.99,83.01,284,8,0
2024-05-07 23:00:00,83.01,83.1,82.68,82.77,283,8,0
2024-05-08 00:00:00,82.77,82.82,82.77,82.82,2,23,0
2024-05-08 03:00:00,82.82,82.84,82.72,82.76,261,8,0
2024-05-08 04:00:00,82.76,82.8,82.57,82.58,472,8,0
2024-05-08 05:00:00,82.57,82.64,82.55,82.6,266,8,0
2024-05-08 06:00:00,82.61,82.72,82.54,82.62,241,8,0
2024-05-08 07:00:00,82.63,82.64,82.51,82.51,176,8,0
2024-05-08 08:00:00,82.52,82.53,82.44,82.47,335,8,0
2024-05-08 09:00:00,82.47,82.52,82.2,82.21,724,8,0
2024-05-08 10:00:00,82.22,82.29,81.89,81.94,908,7,0
2024-05-08 11:00:00,81.94,82.07,81.75,81.87,1671,7,0
2024-05-08 12:00:00,81.86,81.96,81.52,81.96,1319,7,0
2024-05-08 13:00:00,81.96,82.25,81.92,82.23,1100,7,0
2024-05-08 14:00:00,82.22,82.26,81.9,81.99,893,7,0
2024-05-08 15:00:00,81.99,82.17,81.83,82.11,1242,7,0
2024-05-08 16:00:00,82.1,82.46,81.98,82.43,3156,7,0
2024-05-08 17:00:00,82.43,83.12,82.39,83.0,3080,7,0
2024-05-08 18:00:00,83.0,83.56,82.93,83.45,2282,7,0
2024-05-08 19:00:00,83.45,83.45,83.08,83.17,1236,7,0
2024-05-08 20:00:00,83.17,83.29,83.02,83.2,867,7,0
2024-05-08 21:00:00,83.2,83.51,83.2,83.39,1030,8,0
2024-05-08 22:00:00,83.39,83.48,83.38,83.48,336,8,0
2024-05-08 23:00:00,83.48,83.53,83.36,83.36,216,9,0
2024-05-09 00:00:00,83.36,83.41,83.36,83.41,2,23,0
2024-05-09 03:00:00,83.49,83.64,83.49,83.56,268,8,0
2024-05-09 04:00:00,83.57,83.6,83.42,83.53,573,8,0
2024-05-09 05:00:00,83.53,83.64,83.48,83.62,334,8,0
2024-05-09 06:00:00,83.63,83.67,83.58,83.64,174,8,0
2024-05-09 07:00:00,83.65,83.66,83.6,83.64,144,8,0
2024-05-09 08:00:00,83.64,83.64,83.54,83.54,257,8,0
2024-05-09 09:00:00,83.54,83.6,83.49,83.5,461,8,0
2024-05-09 10:00:00,83.5,83.83,83.48,83.82,685,7,0
2024-05-09 11:00:00,83.83,83.96,83.72,83.86,784,7,0
2024-05-09 12:00:00,83.87,84.0,83.55,83.68,812,8,0
2024-05-09 13:00:00,83.69,83.99,83.68,83.98,650,7,0
2024-05-09 14:00:00,83.98,84.02,83.78,83.81,688,7,0
2024-05-09 15:00:00,83.81,83.96,83.65,83.74,1084,7,0
2024-05-09 16:00:00,83.74,83.82,83.24,83.69,2677,7,0
2024-05-09 17:00:00,83.69,83.79,83.41,83.55,1919,7,0
2024-05-09 18:00:00,83.55,83.78,83.17,83.22,1878,7,0
2024-05-09 19:00:00,83.22,83.7,83.22,83.4,1198,7,0
2024-05-09 20:00:00,83.4,83.53,83.31,83.33,658,8,0
2024-05-09 21:00:00,83.33,83.78,83.32,83.77,966,7,0
2024-05-09 22:00:00,83.76,83.94,83.75,83.91,265,7,0
2024-05-09 23:00:00,83.91,83.93,83.76,83.77,158,9,0
2024-05-10 03:00:00,83.92,83.96,83.87,83.94,253,8,0
2024-05-10 04:00:00,83.94,84.08,83.91,84.02,464,8,0
2024-05-10 05:00:00,84.01,84.01,83.89,83.97,287,8,0
2024-05-10 06:00:00,83.97,84.06,83.96,84.06,175,8,0
2024-05-10 07:00:00,84.06,84.1,84.04,84.07,97,8,0
2024-05-10 08:00:00,84.07,84.15,84.07,84.14,250,8,0
2024-05-10 09:00:00,84.15,84.21,84.1,84.2,370,8,0
2024-05-10 10:00:00,84.2,84.22,83.98,84.11,595,7,0
2024-05-10 11:00:00,84.12,84.15,83.69,83.88,997,7,0
2024-05-10 12:00:00,83.88,84.12,83.77,84.12,652,7,0
2024-05-10 13:00:00,84.12,84.2,84.01,84.14,445,7,0
2024-05-10 14:00:00,84.14,84.17,84.0,84.02,498,7,0
2024-05-10 15:00:00,84.02,84.09,83.83,83.88,901,7,0
2024-05-10 16:00:00,83.88,84.12,83.72,83.91,1798,7,0
2024-05-10 17:00:00,83.9,83.91,83.5,83.56,1714,8,0
2024-05-10 18:00:00,83.56,83.57,82.99,83.04,1608,7,0
2024-05-10 19:00:00,83.04,83.08,82.64,82.71,1305,7,0
2024-05-10 20:00:00,82.71,82.78,82.56,82.58,1079,8,0
2024-05-10 21:00:00,82.59,82.82,82.49,82.58,1025,8,0
2024-05-10 22:00:00,82.57,82.69,82.56,82.6,319,8,0
2024-05-10 23:00:00,82.6,82.65,82.4,82.41,190,9,0
2024-05-13 01:00:00,82.44,82.44,82.26,82.27,194,9,0
2024-05-13 02:00:00,82.28,82.32,82.27,82.32,112,8,0
2024-05-13 03:00:00,82.31,82.38,82.26,82.28,173,8,0
2024-05-13 04:00:00,82.28,82.28,81.99,82.0,500,8,0
2024-05-13 05:00:00,81.99,82.31,81.99,82.31,410,8,0
2024-05-13 06:00:00,82.3,82.33,82.22,82.27,196,8,0
2024-05-13 07:00:00,82.28,82.32,82.22,82.26,138,8,0
2024-05-13 08:00:00,82.26,82.29,82.15,82.26,304,8,0
2024-05-13 09:00:00,82.26,82.49,82.26,82.48,586,8,0
2024-05-13 10:00:00,82.48,82.73,82.37,82.72,755,7,0
2024-05-13 11:00:00,82.72,82.86,82.63,82.83,929,7,0
2024-05-13 12:00:00,82.83,82.9,82.58,82.63,829,7,0
2024-05-13 13:00:00,82.63,82.93,82.57,82.88,639,7,0
2024-05-13 14:00:00,82.88,83.12,82.81,83.0,616,7,0
2024-05-13 15:00:00,83.0,83.13,82.91,82.95,1067,7,0
2024-05-13 16:00:00,82.95,83.31,82.83,83.3,2525,7,0
2024-05-13 17:00:00,83.3,83.55,83.1,83.11,1610,7,0
2024-05-13 18:00:00,83.11,83.21,82.78,82.91,1723,7,0
2024-05-13 19:00:00,82.9,83.07,82.69,82.81,1310,7,0
2024-05-13 20:00:00,82.81,83.05,82.71,83.05,1011,8,0
2024-05-13 21:00:00,83.05,83.21,82.91,83.16,1187,8,0
2024-05-13 22:00:00,83.15,83.25,83.1,83.2,367,8,0
2024-05-13 23:00:00,83.19,83.2,83.03,83.03,180,8,0
2024-05-14 00:00:00,83.03,83.08,83.03,83.08,2,23,0
2024-05-14 03:00:00,83.09,83.3,83.09,83.29,159,8,0
2024-05-14 04:00:00,83.29,83.31,83.07,83.11,420,8,0
2024-05-14 05:00:00,83.11,83.15,83.01,83.06,240,8,0
2024-05-14 06:00:00,83.06,83.19,83.05,83.17,157,8,0
2024-05-14 07:00:00,83.17,83.2,83.14,83.18,121,8,0
2024-05-14 08:00:00,83.17,83.25,83.15,83.18,283,7,0
2024-05-14 09:00:00,83.18,83.2,83.06,83.12,439,8,0
2024-05-14 10:00:00,83.11,83.13,82.96,82.99,643,7,0
2024-05-14 11:00:00,82.99,83.02,82.71,82.87,763,7,0
2024-05-14 12:00:00,82.87,83.09,82.86,83.06,814,8,0
2024-05-14 13:00:00,83.06,83.23,82.96,82.99,857,7,0
2024-05-14 14:00:00,82.98,82.99,82.8,82.86,541,7,0
2024-05-14 15:00:00,82.87,82.87,82.54,82.56,1292,7,0
2024-05-14 16:00:00,82.56,82.85,81.82,82.84,4533,7,0
2024-05-14 17:00:00,82.84,82.89,82.0,82.28,2417,7,0
2024-05-14 18:00:00,82.28,82.29,81.93,81.97,1916,7,0
2024-05-14 19:00:00,81.97,82.21,81.84,82.21,1444,7,0
2024-05-14 20:00:00,82.21,82.26,81.9,81.95,889,8,0
2024-05-14 21:00:00,81.95,82.21,81.95,82.11,1030,8,0
2024-05-14 22:00:00,82.11,82.19,82.07,82.17,256,8,0
2024-05-14 23:00:00,82.17,82.58,82.17,82.35,296,8,0
2024-05-15 00:00:00,82.35,82.35,82.35,82.35,1,33,0
2024-05-15 03:00:00,82.41,82.48,82.28,82.31,282,8,0
2024-05-15 04:00:00,82.31,82.58,82.31,82.55,504,8,0
2024-05-15 05:00:00,82.55,82.61,82.51,82.6,315,8,0
2024-05-15 06:00:00,82.6,82.75,82.58,82.63,279,8,0
2024-05-15 07:00:00,82.63,82.64,82.55,82.57,160,8,0
2024-05-15 08:00:00,82.57,82.71,82.53,82.63,343,8,0
2024-05-15 09:00:00,82.63,82.69,82.54,82.58,552,8,0
2024-05-15 10:00:00,82.58,82.71,82.44,82.48,961,7,0
2024-05-15 11:00:00,82.48,82.63,82.37,82.58,1200,7,0
2024-05-15 12:00:00,82.58,82.63,82.23,82.24,892,7,0
2024-05-15 13:00:00,82.24,82.3,81.84,81.95,692,7,0
2024-05-15 14:00:00,81.95,82.09,81.52,81.67,1310,7,0
2024-05-15 15:00:00,81.67,82.24,81.54,81.74,2208,7,0
2024-05-15 16:00:00,81.74,81.85,80.82,81.1,3459,7,0
2024-05-15 17:00:00,81.1,81.75,80.81,81.51,3401,6,0
2024-05-15 18:00:00,81.51,82.36,81.38,82.21,2694,7,0
2024-05-15 19:00:00,82.21,82.47,82.09,82.4,1179,7,0
2024-05-15 20:00:00,82.41,82.58,82.24,82.42,984,8,0
2024-05-15 21:00:00,82.42,82.6,82.39,82.54,659,7,0
2024-05-15 22:00:00,82.54,82.66,82.53,82.66,280,7,0
2024-05-15 23:00:00,82.66,82.67,82.5,82.55,190,8,0
2024-05-16 00:00:00,82.55,82.6,82.55,82.6,2,23,0
2024-05-16 03:00:00,82.72,82.9,82.7,82.88,226,8,0
2024-05-16 04:00:00,82.88,82.91,82.67,82.73,560,8,0
2024-05-16 05:00:00,82.74,82.78,82.68,82.77,263,8,0
2024-05-16 06:00:00,82.78,82.87,82.72,82.76,175,8,0
2024-05-16 07:00:00,82.76,82.83,82.73,82.82,161,8,0
2024-05-16 08:00:00,82.82,82.89,82.78,82.79,312,8,0
2024-05-16 09:00:00,82.79,82.88,82.68,82.84,429,8,0
2024-05-16 10:00:00,82.83,82.9,82.61,82.66,740,7,0
2024-05-16 11:00:00,82.66,82.8,82.36,82.46,1318,7,0
2024-05-16 12:00:00,82.46,82.72,82.12,82.16,1104,7,0
2024-05-16 13:00:00,82.16,82.32,82.01,82.29,916,8,0
2024-05-16 14:00:00,82.3,82.55,82.29,82.51,864,7,0
2024-05-16 15:00:00,82.51,83.01,82.32,82.78,1494,7,0
2024-05-16 16:00:00,82.79,83.44,82.77,83.15,2301,7,0
2024-05-16 17:00:00,83.15,83.3,82.84,82.89,1683,7,0
2024-05-16 18:00:00,82.9,83.11,82.66,83.03,1950,7,0
2024-05-16 19:00:00,83.04,83.06,82.71,82.76,1240,7,0
2024-05-16 20:00:00,82.76,83.09,82.76,82.95,857,7,0
2024-05-16 21:00:00,82.95,83.15,82.88,83.14,936,8,0
2024-05-16 22:00:00,83.13,83.14,82.99,83.03,265,8,0
2024-05-16 23:00:00,83.03,83.1,82.97,82.97,159,9,0
2024-05-17 00:00:00,82.97,82.97,82.97,82.97,1,33,0
2024-05-17 03:00:00,83.13,83.24,83.0,83.05,311,8,0
2024-05-17 04:00:00,83.04,83.3,83.01,83.29,766,8,0
2024-05-17 05:00:00,83.29,83.35,83.09,83.12,475,8,0
2024-05-17 06:00:00,83.12,83.18,83.09,83.17,285,8,0
2024-05-17 07:00:00,83.17,83.25,83.16,83.21,149,8,0
2024-05-17 08:00:00,83.21,83.31,83.19,83.3,410,8,0
2024-05-17 09:00:00,83.3,83.53,83.29,83.52,569,8,0
2024-05-17 10:00:00,83.52,83.54,83.28,83.3,716,7,0
2024-05-17 11:00:00,83.3,83.37,83.06,83.13,1225,7,0
2024-05-17 12:00:00,83.13,83.17,82.87,83.15,1032,7,0
2024-05-17 13:00:00,83.15,83.22,83.02,83.15,828,7,0
2024-05-17 14:00:00,83.16,83.18,82.8,82.96,718,8,0
2024-05-17 15:00:00,82.96,83.49,82.93,83.43,1075,7,0
2024-05-17 16:00:00,83.43,83.45,82.89,83.27,2469,7,0
2024-05-17 17:00:00,83.27,83.32,82.91,83.12,1641,7,0
2024-05-17 18:00:00,83.12,83.42,83.12,83.31,1361,7,0
2024-05-17 19:00:00,83.31,83.48,83.22,83.35,682,7,0
2024-05-17 20:00:00,83.34,83.67,83.26,83.65,664,7,0
2024-05-17 21:00:00,83.65,83.75,83.58,83.71,702,7,0
2024-05-17 22:00:00,83.7,83.74,83.65,83.66,307,8,0
2024-05-17 23:00:00,83.66,83.66,83.59,83.6,161,8,0
2024-05-20 01:00:00,83.68,83.85,83.64,83.68,338,8,0
2024-05-20 02:00:00,83.68,83.7,83.49,83.5,159,8,0
2024-05-20 03:00:00,83.5,83.71,83.42,83.71,305,8,0
2024-05-20 04:00:00,83.71,84.01,83.55,83.87,1150,8,0
2024-05-20 05:00:00,83.88,84.02,83.79,83.8,405,8,0
2024-05-20 06:00:00,83.8,83.85,83.71,83.84,298,8,0
2024-05-20 07:00:00,83.84,83.88,83.77,83.78,137,8,0
2024-05-20 08:00:00,83.78,84.06,83.78,84.04,366,8,0
2024-05-20 09:00:00,84.04,84.14,84.0,84.13,616,8,0
2024-05-20 10:00:00,84.13,84.15,83.91,84.09,718,7,0
2024-05-20 11:00:00,84.09,84.11,83.68,83.74,950,8,0
2024-05-20 12:00:00,83.74,83.79,83.47,83.48,767,8,0
2024-05-20 13:00:00,83.48,83.68,83.41,83.55,595,7,0
2024-05-20 14:00:00,83.55,83.61,83.43,83.53,625,7,0
2024-05-20 15:00:00,83.53,83.57,83.09,83.2,1324,7,0
2024-05-20 16:00:00,83.2,83.74,82.96,83.7,2983,7,0
2024-05-20 17:00:00,83.7,84.22,83.58,83.67,2357,7,0
2024-05-20 18:00:00,83.67,83.79,83.33,83.43,2072,7,0
2024-05-20 19:00:00,83.43,83.5,83.12,83.22,1263,7,0
2024-05-20 20:00:00,83.22,83.32,82.91,83.08,1145,7,0
2024-05-20 21:00:00,83.08,83.53,83.08,83.5,1409,7,0
2024-05-20 22:00:00,83.5,83.54,83.36,83.48,380,8,0
2024-05-20 23:00:00,83.48,83.49,83.31,83.33,212,9,0
2024-05-21 00:00:00,83.33,83.39,83.33,83.39,2,23,0
2024-05-21 03:00:00,83.53,83.53,83.34,83.36,150,8,0
2024-05-21 04:00:00,83.36,83.52,83.23,83.27,753,8,0
2024-05-21 05:00:00,83.27,83.28,82.96,82.97,611,8,0
2024-05-21 06:00:00,82.97,83.11,82.95,83.07,318,8,0
2024-05-21 07:00:00,83.07,83.08,82.98,82.98,170,8,0
2024-05-21 08:00:00,82.98,83.07,82.91,83.01,457,8,0
2024-05-21 09:00:00,83.01,83.07,82.86,82.91,566,8,0
2024-05-21 10:00:00,82.91,83.05,82.65,82.84,942,7,0
2024-05-21 11:00:00,82.84,83.08,82.65,82.94,1382,7,0
2024-05-21 12:00:00,82.94,83.15,82.71,82.75,1244,7,0
2024-05-21 13:00:00,82.75,82.83,82.31,82.35,891,8,0
2024-05-21 14:00:00,82.35,82.4,82.05,82.13,1094,7,0
2024-05-21 15:00:00,82.13,82.44,81.92,82.42,1528,7,0
2024-05-21 16:00:00,82.42,82.88,82.24,82.58,2937,7,0
2024-05-21 17:00:00,82.58,83.14,82.42,82.88,2502,7,0
2024-05-21 18:00:00,82.88,83.21,82.2,82.25,2788,7,0
2024-05-21 19:00:00,82.25,82.67,82.17,82.62,1934,7,0
2024-05-21 20:00:00,82.62,82.9,82.59,82.81,1102,7,0
2024-05-21 21:00:00,82.81,83.01,82.53,82.7,2037,7,0
2024-05-21 22:00:00,82.7,82.74,82.64,82.7,332,8,0
2024-05-21 23:00:00,82.7,82.72,82.23,82.23,324,8,0
2024-05-22 03:00:00,82.44,82.47,82.16,82.19,192,8,0
2024-05-22 04:00:00,82.19,82.36,82.0,82.15,852,8,0
2024-05-22 05:00:00,82.16,82.28,82.05,82.12,467,8,0
2024-05-22 06:00:00,82.12,82.2,82.07,82.15,297,8,0
2024-05-22 07:00:00,82.15,82.21,82.07,82.12,206,8,0
2024-05-22 08:00:00,82.13,82.14,82.03,82.14,322,8,0
2024-05-22 09:00:00,82.15,82.16,81.9,81.91,517,8,0
2024-05-22 10:00:00,81.91,81.91,81.44,81.64,862,7,0
2024-05-22 11:00:00,81.64,81.97,81.48,81.94,1287,7,0
2024-05-22 12:00:00,81.93,82.16,81.53,82.07,1287,7,0
2024-05-22 13:00:00,82.07,82.35,81.96,82.29,847,7,0
2024-05-22 14:00:00,82.29,82.31,81.76,81.79,744,7,0
2024-05-22 15:00:00,81.79,82.05,81.71,81.9,1670,7,0
2024-05-22 16:00:00,81.9,82.08,81.54,81.75,3083,7,0
2024-05-22 17:00:00,81.74,82.25,81.54,82.19,3448,7,0
2024-05-22 18:00:00,82.19,82.35,81.74,81.78,2575,7,0
2024-05-22 19:00:00,81.79,82.33,81.63,82.11,1717,7,0
2024-05-22 20:00:00,82.1,82.22,81.74,81.76,1234,7,0
2024-05-22 21:00:00,81.77,81.77,81.4,81.45,1252,7,0
2024-05-22 22:00:00,81.45,81.47,81.4,81.44,359,7,0
2024-05-22 23:00:00,81.43,81.48,81.27,81.27,210,8,0
2024-05-23 03:00:00,81.38,81.42,81.27,81.27,163,8,0
2024-05-23 04:00:00,81.27,81.27,80.97,81.07,571,8,0
2024-05-23 05:00:00,81.08,81.19,81.08,81.18,345,8,0
2024-05-23 06:00:00,81.17,81.34,81.15,81.3,337,8,0
2024-05-23 07:00:00,81.3,81.3,81.18,81.24,150,8,0
2024-05-23 08:00:00,81.24,81.28,81.07,81.11,387,8,0
2024-05-23 09:00:00,81.11,81.46,81.07,81.44,564,8,0
2024-05-23 10:00:00,81.44,81.62,81.33,81.46,994,7,0
2024-05-23 11:00:00,81.46,81.91,81.46,81.73,1482,7,0
2024-05-23 12:00:00,81.73,82.19,81.7,82.17,1094,7,0
2024-05-23 13:00:00,82.16,82.36,82.14,82.29,937,7,0
2024-05-23 14:00:00,82.29,82.32,82.08,82.16,721,7,0
2024-05-23 15:00:00,82.16,82.54,82.16,82.48,1172,7,0
2024-05-23 16:00:00,82.49,82.69,82.17,82.36,2661,7,0
2024-05-23 17:00:00,82.36,82.41,81.57,81.62,2938,7,0
2024-05-23 18:00:00,81.62,81.83,81.13,81.15,2898,6,0
2024-05-23 19:00:00,81.14,81.57,81.03,81.06,2052,7,0
2024-05-23 20:00:00,81.06,81.08,80.74,80.82,1730,7,0
2024-05-23 21:00:00,80.83,81.22,80.69,81.1,1567,7,0
2024-05-23 22:00:00,81.1,81.13,80.95,81.08,446,8,0
2024-05-23 23:00:00,81.08,81.3,81.0,81.06,414,8,0
2024-05-24 00:00:00,81.12,81.12,81.12,81.12,1,22,0
2024-05-24 03:00:00,81.06,81.1,80.98,81.04,274,8,0
2024-05-24 04:00:00,81.03,81.25,80.99,81.19,690,8,0
2024-05-24 05:00:00,81.19,81.22,81.03,81.19,474,8,0
2024-05-24 06:00:00,81.19,81.2,81.07,81.11,280,8,0
2024-05-24 07:00:00,81.11,81.11,81.04,81.09,152,8,0
2024-05-24 08:00:00,81.09,81.1,81.01,81.1,325,8,0
2024-05-24 09:00:00,81.09,81.22,80.94,81.03,641,7,0
2024-05-24 10:00:00,81.03,81.05,80.76,80.99,837,7,0
2024-05-24 11:00:00,81.01,81.04,80.71,80.82,1292,7,0
2024-05-24 12:00:00,80.82,80.86,80.42,80.52,838,7,0
2024-05-24 13:00:00,80.52,80.63,80.43,80.63,681,8,0
2024-05-24 14:00:00,80.62,80.98,80.6,80.85,837,7,0
2024-05-24 15:00:00,80.85,81.05,80.57,80.96,1233,7,0
2024-05-24 16:00:00,80.96,81.59,80.81,81.41,3338,7,0
2024-05-24 17:00:00,81.43,81.71,81.42,81.56,2172,7,0
2024-05-24 18:00:00,81.55,81.92,81.26,81.89,2030,7,0
2024-05-24 19:00:00,81.89,81.97,81.69,81.88,1247,7,0
2024-05-24 20:00:00,81.89,82.02,81.81,81.92,911,7,0
2024-05-24 21:00:00,81.91,82.14,81.74,81.9,1168,6,0
2024-05-24 22:00:00,81.9,81.9,81.78,81.84,309,8,0
2024-05-24 23:00:00,81.83,81.9,81.75,81.8,181,14,0
2024-05-27 01:00:00,81.85,81.86,81.74,81.86,160,16,0
2024-05-27 02:00:00,81.85,81.87,81.78,81.86,102,19,0
2024-05-27 03:00:00,81.88,81.94,81.86,81.89,120,19,0
2024-05-27 04:00:00,81.9,81.95,81.78,81.94,620,18,0
2024-05-27 05:00:00,81.94,82.06,81.88,81.97,359,18,0
2024-05-27 06:00:00,81.97,82.07,81.97,82.01,141,18,0
2024-05-27 07:00:00,82.02,82.07,82.0,82.04,83,18,0
2024-05-27 08:00:00,82.04,82.07,81.99,82.05,162,18,0
2024-05-27 09:00:00,82.05,82.11,82.0,82.06,293,14,0
2024-05-27 10:00:00,82.06,82.07,81.93,81.93,503,8,0
2024-05-27 11:00:00,81.93,82.14,81.81,82.01,836,10,0
2024-05-27 12:00:00,82.01,82.27,81.97,82.27,536,9,0
2024-05-27 13:00:00,82.27,82.39,82.23,82.38,347,10,0
2024-05-27 14:00:00,82.38,82.41,82.29,82.39,271,11,0
2024-05-27 15:00:00,82.39,82.45,82.33,82.4,439,11,0
2024-05-27 16:00:00,82.41,82.66,82.34,82.57,985,10,0
2024-05-27 17:00:00,82.57,82.66,82.48,82.54,847,10,0
2024-05-27 18:00:00,82.54,82.9,82.52,82.82,644,10,0
2024-05-27 19:00:00,82.82,82.91,82.74,82.81,419,11,0
2024-05-27 20:00:00,82.81,82.84,82.76,82.77,51,12,0
2024-05-28 03:00:00,82.73,82.85,82.72,82.8,323,11,0
2024-05-28 04:00:00,82.8,82.93,82.76,82.87,525,13,0
2024-05-28 05:00:00,82.87,83.03,82.86,82.99,240,13,0
2024-05-28 06:00:00,82.98,83.04,82.98,83.02,180,13,0
2024-05-28 07:00:00,83.02,83.04,82.96,82.98,67,14,0
2024-05-28 08:00:00,82.98,83.02,82.88,82.89,267,13,0
2024-05-28 09:00:00,82.89,82.93,82.76,82.78,460,11,0
2024-05-28 10:00:00,82.77,82.91,82.71,82.85,835,8,0
2024-05-28 11:00:00,82.86,83.11,82.83,82.91,1029,7,0
2024-05-28 12:00:00,82.91,83.11,82.82,82.9,897,7,0
2024-05-28 13:00:00,82.91,83.08,82.86,82.98,691,7,0
2024-05-28 14:00:00,82.98,83.09,82.83,82.91,701,7,0
2024-05-28 15:00:00,82.91,83.3,82.83,83.08,1328,7,0
2024-05-28 16:00:00,83.09,83.48,82.91,83.27,3115,7,0
2024-05-28 17:00:00,83.26,83.58,83.09,83.45,1891,7,0
2024-05-28 18:00:00,83.46,83.84,83.45,83.84,1067,7,0
2024-05-28 19:00:00,83.83,83.97,83.72,83.92,702,8,0
2024-05-28 20:00:00,83.92,83.98,83.73,83.75,999,8,0
2024-05-28 21:00:00,83.76,84.16,83.72,84.16,951,8,0
2024-05-28 22:00:00,84.15,84.24,84.13,84.19,322,8,0
2024-05-28 23:00:00,84.19,84.25,84.17,84.17,210,9,0
2024-05-29 00:00:00,84.23,84.23,84.23,84.23,1,23,0
2024-05-29 03:00:00,84.28,84.3,84.14,84.16,240,8,0
2024-05-29 04:00:00,84.16,84.2,84.03,84.06,574,8,0
2024-05-29 05:00:00,84.06,84.14,84.04,84.07,310,8,0
2024-05-29 06:00:00,84.07,84.1,84.02,84.08,212,8,0
2024-05-29 07:00:00,84.08,84.13,84.05,84.11,110,8,0
2024-05-29 08:00:00,84.11,84.13,84.05,84.08,223,8,0
2024-05-29 09:00:00,84.08,84.28,84.02,84.19,577,7,0
2024-05-29 10:00:00,84.19,84.32,84.09,84.2,712,7,0
2024-05-29 11:00:00,84.22,84.61,84.22,84.52,1379,7,0
2024-05-29 12:00:00,84.52,84.63,84.46,84.59,608,6,0
2024-05-29 13:00:00,84.59,84.65,84.45,84.48,522,7,0
2024-05-29 14:00:00,84.47,84.53,84.41,84.43,501,7,0
2024-05-29 15:00:00,84.43,84.47,84.13,84.14,1055,7,0
2024-05-29 16:00:00,84.14,84.26,83.66,83.8,2210,7,0
2024-05-29 17:00:00,83.81,84.05,83.36,83.57,2465,6,0
2024-05-29 18:00:00,83.57,83.76,83.21,83.32,2167,7,0
2024-05-29 19:00:00,83.32,83.42,83.2,83.28,915,7,0
2024-05-29 20:00:00,83.28,83.47,83.26,83.4,613,8,0
2024-05-29 21:00:00,83.42,83.53,83.17,83.19,793,8,0
2024-05-29 22:00:00,83.2,83.22,83.08,83.1,234,7,0
2024-05-29 23:00:00,83.11,83.46,83.09,83.2,349,8,0
2024-05-30 00:00:00,83.2,83.25,83.2,83.25,2,23,0
2024-05-30 03:00:00,83.26,83.31,83.16,83.26,220,8,0
2024-05-30 04:00:00,83.25,83.5,83.22,83.44,671,8,0
2024-05-30 05:00:00,83.44,83.48,83.23,83.31,429,8,0
2024-05-30 06:00:00,83.31,83.33,83.21,83.31,346,8,0
2024-05-30 07:00:00,83.31,83.36,83.17,83.23,208,8,0
2024-05-30 08:00:00,83.23,83.23,83.05,83.06,401,8,0
2024-05-30 09:00:00,83.06,83.19,83.0,83.04,487,8,0
2024-05-30 10:00:00,83.04,83.2,82.87,82.93,771,8,0
2024-05-30 11:00:00,82.95,83.43,82.87,83.28,1076,7,0
2024-05-30 12:00:00,83.27,83.29,82.96,82.99,960,7,0
2024-05-30 13:00:00,82.99,83.09,82.89,83.08,654,7,0
2024-05-30 14:00:00,83.08,83.36,82.95,83.11,753,7,0
2024-05-30 15:00:00,83.11,83.14,82.65,82.83,1402,7,0
2024-05-30 16:00:00,82.84,83.13,82.34,83.13,3295,7,0
2024-05-30 17:00:00,83.12,83.25,82.69,82.91,2413,7,0
2024-05-30 18:00:00,82.9,83.18,82.23,82.5,4521,7,0
2024-05-30 19:00:00,82.49,82.52,82.01,82.05,1569,7,0
2024-05-30 20:00:00,82.06,82.13,81.81,81.85,1240,7,0
2024-05-30 21:00:00,81.85,82.17,81.77,81.98,1771,7,0
2024-05-30 22:00:00,81.98,82.01,81.81,81.87,373,8,0
2024-05-30 23:00:00,81.87,81.9,81.71,81.73,185,8,0
2024-05-31 00:00:00,81.73,81.73,81.73,81.73,1,34,0
2024-05-31 03:00:00,81.68,81.72,81.61,81.67,285,8,0
2024-05-31 04:00:00,81.67,81.73,81.52,81.58,797,8,0
2024-05-31 05:00:00,81.59,81.62,81.48,81.49,398,8,0
2024-05-31 06:00:00,81.48,81.6,81.45,81.59,300,8,0
2024-05-31 07:00:00,81.59,81.66,81.56,81.64,192,8,0
2024-05-31 08:00:00,81.64,81.79,81.58,81.75,414,8,0
2024-05-31 09:00:00,81.75,81.91,81.7,81.75,685,8,0
2024-05-31 10:00:00,81.75,81.82,81.61,81.69,838,7,0
2024-05-31 11:00:00,81.69,82.05,81.57,82.01,1223,6,0
2024-05-31 12:00:00,82.01,82.11,81.49,81.95,1504,7,0
2024-05-31 13:00:00,81.95,82.06,81.79,81.92,817,7,0
2024-05-31 14:00:00,81.92,82.05,81.79,81.92,970,7,0
2024-05-31 15:00:00,81.91,82.61,81.79,82.47,1641,7,0
2024-05-31 16:00:00,82.46,82.51,81.78,81.81,3227,6,0
2024-05-31 17:00:00,81.82,81.9,81.28,81.29,2271,7,0
2024-05-31 18:00:00,81.28,81.54,80.68,80.93,2066,7,0
2024-05-31 19:00:00,80.93,81.5,80.82,81.34,1902,7,0
2024-05-31 20:00:00,81.34,81.37,81.08,81.11,1647,7,0
2024-05-31 21:00:00,81.12,81.36,80.94,81.14,2141,6,0
2024-05-31 22:00:00,81.13,81.21,81.08,81.21,441,8,0
2024-05-31 23:00:00,81.21,81.33,81.21,81.24,246,8,0
2024-06-03 01:00:00,81.0,81.13,80.46,80.67,818,9,0
2024-06-03 02:00:00,80.68,80.76,80.49,80.74,319,10,0
2024-06-03 03:00:00,80.74,81.02,80.68,81.02,367,8,0
2024-06-03 04:00:00,81.02,81.53,81.01,81.37,1303,9,0
2024-06-03 05:00:00,81.37,81.55,81.36,81.38,400,9,0
2024-06-03 06:00:00,81.37,81.38,80.92,80.95,469,9,0
2024-06-03 07:00:00,80.95,80.98,80.92,80.92,159,10,0
2024-06-03 08:00:00,80.93,80.98,80.7,80.77,580,9,0
2024-06-03 09:00:00,80.77,80.89,80.6,80.83,716,9,0
2024-06-03 10:00:00,80.83,81.31,80.83,81.25,1039,8,0
2024-06-03 11:00:00,81.24,81.34,81.0,81.28,1301,7,0
2024-06-03 12:00:00,81.28,81.36,80.88,80.88,888,7,0
2024-06-03 13:00:00,80.88,81.1,80.77,81.08,627,7,0
2024-06-03 14:00:00,81.08,81.23,81.0,81.01,794,7,0
2024-06-03 15:00:00,81.01,81.22,80.73,80.78,1186,7,0
2024-06-03 16:00:00,80.79,80.86,79.03,79.12,2523,7,0
2024-06-03 17:00:00,79.13,79.55,78.55,78.7,5125,7,0
2024-06-03 18:00:00,78.71,78.74,78.14,78.38,2962,8,0
2024-06-03 19:00:00,78.38,78.7,78.22,78.28,1911,8,0
2024-06-03 20:00:00,78.28,78.38,78.11,78.15,1120,8,0
2024-06-03 21:00:00,78.16,78.35,78.09,78.19,1239,7,0
2024-06-03 22:00:00,78.19,78.25,78.04,78.08,340,8,0
2024-06-03 23:00:00,78.08,78.2,77.9,77.93,268,8,0
2024-06-04 00:00:00,77.93,77.98,77.93,77.98,2,23,0
2024-06-04 03:00:00,78.04,78.14,77.98,78.0,410,8,0
2024-06-04 04:00:00,78.0,78.1,77.66,77.85,943,8,0
2024-06-04 05:00:00,77.85,77.88,77.73,77.8,491,8,0
2024-06-04 06:00:00,77.79,77.85,77.69,77.7,296,8,0
2024-06-04 07:00:00,77.7,77.77,77.65,77.73,229,8,0
2024-06-04 08:00:00,77.73,77.73,77.43,77.56,526,8,0
2024-06-04 09:00:00,77.57,77.72,77.47,77.55,775,8,0
2024-06-04 10:00:00,77.55,77.55,77.11,77.14,1117,7,0
2024-06-04 11:00:00,77.14,77.44,76.95,76.96,1827,7,0
2024-06-04 12:00:00,76.96,77.17,76.75,76.94,1436,7,0
2024-06-04 13:00:00,76.95,77.11,76.71,77.08,938,7,0
2024-06-04 14:00:00,77.09,77.2,76.98,77.04,859,7,0
2024-06-04 15:00:00,77.04,77.28,76.9,76.95,1494,7,0
2024-06-04 16:00:00,76.95,77.24,76.7,76.7,3357,7,0
2024-06-04 17:00:00,76.71,77.52,76.7,76.98,3163,7,0
2024-06-04 18:00:00,76.98,77.71,76.88,77.11,2231,7,0
2024-06-04 19:00:00,77.11,77.68,77.11,77.33,1608,7,0
2024-06-04 20:00:00,77.33,77.76,77.32,77.75,1087,8,0
2024-06-04 21:00:00,77.75,77.78,77.34,77.53,1110,8,0
2024-06-04 22:00:00,77.53,77.53,77.38,77.43,334,7,0
2024-06-04 23:00:00,77.43,77.52,76.97,76.99,418,8,0
2024-06-05 00:00:00,76.99,77.05,76.99,77.05,2,22,0
2024-06-05 03:00:00,77.19,77.36,77.18,77.31,254,8,0
2024-06-05 04:00:00,77.32,77.48,77.21,77.43,638,8,0
2024-06-05 05:00:00,77.43,77.52,77.36,77.52,282,8,0
2024-06-05 06:00:00,77.52,77.52,77.36,77.39,235,8,0
2024-06-05 07:00:00,77.39,77.43,77.37,77.37,167,8,0
2024-06-05 08:00:00,77.37,77.41,77.31,77.38,223,8,0
2024-06-05 09:00:00,77.37,77.43,77.29,77.36,445,8,0
2024-06-05 10:00:00,77.36,77.67,77.29,77.63,793,7,0
2024-06-05 11:00:00,77.63,77.72,77.24,77.27,1167,7,0
2024-06-05 12:00:00,77.27,77.61,77.07,77.41,971,7,0
2024-06-05 13:00:00,77.41,77.67,77.24,77.66,735,7,0
2024-06-05 14:00:00,77.65,77.85,77.55,77.7,811,7,0
2024-06-05 15:00:00,77.69,78.0,77.63,77.82,1080,7,0
2024-06-05 16:00:00,77.82,77.95,77.49,77.84,3387,7,0
2024-06-05 17:00:00,77.83,78.02,77.46,77.67,3630,6,0
2024-06-05 18:00:00,77.67,77.84,77.1,77.8,2421,7,0
2024-06-05 19:00:00,77.8,78.2,77.69,78.15,1227,7,0
2024-06-05 20:00:00,78.16,78.34,78.06,78.32,846,7,0
2024-06-05 21:00:00,78.33,78.39,78.1,78.36,1004,7,0
2024-06-05 22:00:00,78.36,78.41,78.25,78.31,283,8,0
2024-06-05 23:00:00,78.31,78.41,78.29,78.32,179,9,0
2024-06-06 00:00:00,78.32,78.37,78.32,78.37,2,23,0
2024-06-06 03:00:00,78.59,78.67,78.57,78.62,223,8,0
2024-06-06 04:00:00,78.62,78.66,78.48,78.57,758,8,0
2024-06-06 05:00:00,78.57,78.62,78.48,78.59,363,8,0
2024-06-06 06:00:00,78.59,78.6,78.5,78.51,238,8,0
2024-06-06 07:00:00,78.52,78.66,78.52,78.63,168,8,0
2024-06-06 08:00:00,78.63,78.64,78.54,78.55,335,8,0
2024-06-06 09:00:00,78.55,78.67,78.48,78.66,498,8,0
2024-06-06 10:00:00,78.65,78.95,78.65,78.89,792,7,0
2024-06-06 11:00:00,78.89,78.98,78.59,78.63,1081,7,0
2024-06-06 12:00:00,78.63,78.68,78.27,78.53,998,7,0
2024-06-06 13:00:00,78.54,78.6,78.44,78.53,636,7,0
2024-06-06 14:00:00,78.54,78.93,78.53,78.82,765,7,0
2024-06-06 15:00:00,78.82,79.07,78.27,78.4,1446,7,0
2024-06-06 16:00:00,78.4,78.87,78.23,78.54,3020,7,0
2024-06-06 17:00:00,78.54,79.07,78.47,78.85,1994,7,0
2024-06-06 18:00:00,78.85,79.85,78.79,79.81,1845,7,0
2024-06-06 19:00:00,79.81,79.9,79.58,79.6,1409,7,0
2024-06-06 20:00:00,79.6,79.86,79.55,79.85,802,7,0
2024-06-06 21:00:00,79.86,79.86,79.62,79.75,1094,7,0
2024-06-06 22:00:00,79.75,79.77,79.68,79.71,298,8,0
2024-06-06 23:00:00,79.71,79.75,79.66,79.71,166,9,0
2024-06-07 00:00:00,79.71,79.71,79.71,79.71,1,34,0
2024-06-07 03:00:00,79.86,79.92,79.81,79.88,190,8,0
2024-06-07 04:00:00,79.88,80.02,79.6,79.61,725,8,0
2024-06-07 05:00:00,79.61,79.75,79.53,79.71,400,8,0
2024-06-07 06:00:00,79.71,79.85,79.62,79.85,263,8,0
2024-06-07 07:00:00,79.85,79.88,79.82,79.87,126,8,0
2024-06-07 08:00:00,79.87,79.9,79.76,79.78,330,8,0
2024-06-07 09:00:00,79.78,79.82,79.65,79.78,568,8,0
2024-06-07 10:00:00,79.78,79.82,79.61,79.73,842,7,0
2024-06-07 11:00:00,79.74,79.82,79.36,79.46,1358,7,0
2024-06-07 12:00:00,79.46,79.75,79.38,79.72,945,7,0
2024-06-07 13:00:00,79.73,80.05,79.67,80.03,657,7,0
2024-06-07 14:00:00,80.03,80.17,80.02,80.13,548,7,0
2024-06-07 15:00:00,80.13,80.17,79.63,79.65,1558,8,0
2024-06-07 16:00:00,79.65,80.05,79.49,79.96,2870,8,0
2024-06-07 17:00:00,79.97,80.19,79.63,79.83,2038,7,0
2024-06-07 18:00:00,79.83,79.84,79.4,79.4,1755,7,0
2024-06-07 19:00:00,79.4,79.82,79.29,79.7,1372,7,0
2024-06-07 20:00:00,79.7,79.74,79.49,79.6,911,7,0
2024-06-07 21:00:00,79.6,79.63,79.31,79.32,1004,8,0
2024-06-07 22:00:00,79.32,79.36,79.18,79.25,304,8,0
2024-06-07 23:00:00,79.25,79.31,79.17,79.27,207,9,0
2024-06-10 01:00:00,79.29,79.45,79.2,79.28,249,8,0
2024-06-10 02:00:00,79.28,79.3,79.25,79.3,125,8,0
2024-06-10 03:00:00,79.29,79.51,79.26,79.51,354,8,0
2024-06-10 04:00:00,79.51,79.63,79.46,79.61,206,8,0
2024-06-10 05:00:00,79.61,79.67,79.59,79.67,155,8,0
2024-06-10 06:00:00,79.67,79.83,79.67,79.71,289,8,0
2024-06-10 07:00:00,79.71,79.75,79.59,79.68,232,8,0
2024-06-10 08:00:00,79.69,79.69,79.58,79.64,313,8,0
2024-06-10 09:00:00,79.64,79.73,79.55,79.59,499,8,0
2024-06-10 10:00:00,79.6,79.95,79.54,79.87,930,8,0
2024-06-10 11:00:00,79.87,79.95,79.35,79.36,1330,7,0
2024-06-10 12:00:00,79.36,79.69,79.29,79.5,1160,8,0
2024-06-10 13:00:00,79.5,79.7,79.44,79.61,904,8,0
2024-06-10 14:00:00,79.6,80.05,79.57,80.03,887,8,0
2024-06-10 15:00:00,80.03,80.31,80.01,80.02,1371,8,0
2024-06-10 16:00:00,80.01,80.3,79.71,80.29,2883,8,0
2024-06-10 17:00:00,80.29,80.71,79.94,80.45,2562,8,0
2024-06-10 18:00:00,80.46,81.28,80.4,81.28,1994,8,0
2024-06-10 19:00:00,81.28,81.47,81.08,81.42,1279,8,0
2024-06-10 20:00:00,81.41,81.41,81.26,81.37,1111,8,0
2024-06-10 21:00:00,81.37,81.62,81.22,81.58,1229,9,0
2024-06-10 22:00:00,81.57,81.61,81.52,81.54,367,8,0
2024-06-10 23:00:00,81.54,81.87,81.51,81.75,238,10,0
2024-06-11 00:00:00,81.75,81.79,81.75,81.79,2,23,0
2024-06-11 03:00:00,81.71,81.75,81.52,81.54,325,8,0
2024-06-11 04:00:00,81.54,81.55,81.27,81.37,1644,9,0
2024-06-11 05:00:00,81.37,81.37,81.1,81.16,662,10,0
2024-06-11 06:00:00,81.17,81.21,81.12,81.19,312,10,0
2024-06-11 07:00:00,81.19,81.31,81.15,81.25,235,9,0
2024-06-11 08:00:00,81.25,81.33,81.19,81.19,381,9,0
2024-06-11 09:00:00,81.19,81.44,81.18,81.41,491,9,0
2024-06-11 10:00:00,81.41,81.44,81.21,81.3,991,8,0
2024-06-11 11:00:00,81.29,81.54,81.23,81.27,1681,7,0
2024-06-11 12:00:00,81.28,81.4,81.03,81.27,1192,7,0
2024-06-11 13:00:00,81.26,81.26,81.01,81.19,791,7,0
2024-06-11 14:00:00,81.19,81.33,81.09,81.2,687,7,0
2024-06-11 15:00:00,81.19,81.5,81.03,81.44,1364,7,0
2024-06-11 16:00:00,81.44,81.76,81.04,81.12,3227,7,0
2024-06-11 17:00:00,81.11,81.4,80.99,81.23,2002,6,0
2024-06-11 18:00:00,81.23,82.11,81.21,81.84,2257,7,0
2024-06-11 19:00:00,81.84,82.01,81.7,82.01,1264,7,0
2024-06-11 20:00:00,82.01,82.04,81.7,81.78,954,8,0
2024-06-11 21:00:00,81.78,81.89,81.58,81.68,1260,7,0
2024-06-11 22:00:00,81.68,81.72,81.59,81.61,260,8,0
2024-06-11 23:00:00,81.6,81.97,81.53,81.77,402,8,0
2024-06-12 03:00:00,81.81,81.89,81.7,81.83,299,8,0
2024-06-12 04:00:00,81.84,81.98,81.82,81.96,571,8,0
2024-06-12 05:00:00,81.96,82.01,81.9,82.01,334,8,0
2024-06-12 06:00:00,82.01,82.03,81.97,82.01,151,8,0
2024-06-12 07:00:00,82.01,82.02,81.99,82.01,108,8,0
2024-06-12 08:00:00,82.01,82.18,82.0,82.16,327,8,0
2024-06-12 09:00:00,82.16,82.19,82.08,82.13,385,8,0
2024-06-12 10:00:00,82.13,82.18,82.02,82.14,754,7,0
2024-06-12 11:00:00,82.15,82.37,82.13,82.34,931,7,0
2024-06-12 12:00:00,82.34,82.67,82.34,82.58,804,7,0
2024-06-12 13:00:00,82.58,82.59,82.38,82.5,811,7,0
2024-06-12 14:00:00,82.49,82.58,82.42,82.49,698,7,0
2024-06-12 15:00:00,82.49,82.91,82.48,82.79,1602,7,0
2024-06-12 16:00:00,82.79,83.06,82.79,83.03,2127,7,0
2024-06-12 17:00:00,83.03,83.05,82.03,82.05,3442,7,0
2024-06-12 18:00:00,82.05,82.11,81.74,82.07,2820,7,0
2024-06-12 19:00:00,82.08,82.52,82.03,82.5,1182,7,0
2024-06-12 20:00:00,82.5,82.62,82.38,82.53,966,8,0
2024-06-12 21:00:00,82.54,82.54,82.15,82.22,2202,7,0
2024-06-12 22:00:00,82.22,82.26,82.05,82.14,496,8,0
2024-06-12 23:00:00,82.14,82.24,81.97,82.0,204,9,0
2024-06-13 00:00:00,82.0,82.05,82.0,82.05,2,23,0
2024-06-13 03:00:00,82.08,82.16,82.05,82.14,272,8,0
2024-06-13 04:00:00,82.13,82.13,81.85,81.92,755,8,0
2024-06-13 05:00:00,81.91,82.03,81.9,81.96,340,8,0
2024-06-13 06:00:00,81.97,82.03,81.95,82.03,250,8,0
2024-06-13 07:00:00,82.03,82.12,82.01,82.06,187,8,0
2024-06-13 08:00:00,82.06,82.07,81.95,81.97,390,8,0
2024-06-13 09:00:00,81.97,82.07,81.91,81.94,506,8,0
2024-06-13 10:00:00,81.94,82.17,81.91,82.1,782,8,0
2024-06-13 11:00:00,82.1,82.26,81.84,81.87,1130,7,0
2024-06-13 12:00:00,81.87,81.92,81.52,81.57,757,7,0
2024-06-13 13:00:00,81.57,81.77,81.53,81.67,638,7,0
2024-06-13 14:00:00,81.67,81.87,81.61,81.62,697,7,0
2024-06-13 15:00:00,81.62,82.14,81.62,82.1,1450,7,0
2024-06-13 16:00:00,82.1,82.72,82.07,82.44,2517,7,0
2024-06-13 17:00:00,82.45,82.72,82.28,82.54,2317,7,0
2024-06-13 18:00:00,82.53,82.53,81.87,82.05,2520,7,0
2024-06-13 19:00:00,82.05,82.49,82.03,82.41,1514,7,0
2024-06-13 20:00:00,82.41,82.74,82.38,82.4,1014,8,0
2024-06-13 21:00:00,82.39,82.48,82.22,82.23,929,7,0
2024-06-13 22:00:00,82.23,82.25,81.94,81.96,452,8,0
2024-06-13 23:00:00,81.97,81.98,81.68,81.71,412,8,0
2024-06-14 00:00:00,81.71,81.71,81.71,81.71,1,34,0
2024-06-14 03:00:00,81.75,81.8,81.64,81.78,260,8,0
2024-06-14 04:00:00,81.78,82.17,81.69,82.11,762,8,0
2024-06-14 05:00:00,82.11,82.13,82.02,82.1,423,8,0
2024-06-14 06:00:00,82.09,82.13,81.96,82.09,332,8,0
2024-06-14 07:00:00,82.09,82.13,81.84,82.05,547,8,0
2024-06-14 08:00:00,82.05,82.17,82.0,82.06,420,8,0
2024-06-14 09:00:00,82.06,82.07,81.94,82.05,624,8,0
2024-06-14 10:00:00,82.05,82.24,81.99,82.02,755,7,0
2024-06-14 11:00:00,82.03,82.19,81.87,82.18,1134,8,0
2024-06-14 12:00:00,82.18,82.49,82.11,82.33,974,7,0
2024-06-14 13:00:00,82.32,82.65,82.17,82.6,807,7,0
2024-06-14 14:00:00,82.6,83.0,82.52,82.95,970,7,0
2024-06-14 15:00:00,82.95,83.05,82.71,82.86,1240,7,0
2024-06-14 16:00:00,82.87,83.04,82.72,82.92,2169,7,0
2024-06-14 17:00:00,82.92,82.92,82.3,82.43,2314,7,0
2024-06-14 18:00:00,82.43,82.43,82.01,82.38,2500,7,0
2024-06-14 19:00:00,82.38,82.55,82.3,82.51,1312,7,0
2024-06-14 20:00:00,82.51,82.64,82.37,82.42,1142,7,0
2024-06-14 21:00:00,82.42,82.48,82.18,82.33,1118,8,0
2024-06-14 22:00:00,82.33,82.36,82.17,82.19,366,8,0
2024-06-14 23:00:00,82.18,82.21,82.05,82.12,216,8,0
2024-06-17 01:00:00,82.11,82.27,82.03,82.19,232,9,0
2024-06-17 02:00:00,82.19,82.19,82.02,82.02,118,8,0
2024-06-17 03:00:00,82.03,82.11,81.94,82.04,312,8,0
2024-06-17 04:00:00,82.04,82.08,81.83,82.07,904,8,0
2024-06-17 05:00:00,82.07,82.07,81.96,81.98,353,8,0
2024-06-17 06:00:00,81.98,82.0,81.87,81.91,260,8,0
2024-06-17 07:00:00,81.91,81.96,81.88,81.91,121,8,0
2024-06-17 08:00:00,81.91,81.94,81.78,81.82,433,8,0
2024-06-17 09:00:00,81.82,81.87,81.67,81.77,395,8,0
2024-06-17 10:00:00,81.77,82.2,81.76,82.1,765,7,0
2024-06-17 11:00:00,82.1,82.52,82.1,82.38,1125,7,0
2024-06-17 12:00:00,82.39,82.41,82.06,82.11,714,7,0
2024-06-17 13:00:00,82.11,82.16,82.0,82.07,488,7,0
2024-06-17 14:00:00,82.07,82.53,82.02,82.46,668,7,0
2024-06-17 15:00:00,82.46,82.66,82.35,82.36,1000,7,0
2024-06-17 16:00:00,82.36,82.84,82.29,82.76,2255,7,0
2024-06-17 17:00:00,82.76,83.01,82.67,82.77,1756,7,0
2024-06-17 18:00:00,82.77,83.17,82.67,82.9,1843,7,0
2024-06-17 19:00:00,82.9,83.3,82.85,83.21,1167,7,0
2024-06-17 20:00:00,83.22,83.46,83.18,83.45,932,8,0
2024-06-17 21:00:00,83.45,83.93,83.33,83.79,1482,7,0
2024-06-17 22:00:00,83.79,83.95,83.77,83.82,384,8,0
2024-06-17 23:00:00,83.82,83.91,83.76,83.79,284,9,0
2024-06-18 00:00:00,83.79,83.84,83.79,83.84,2,23,0
2024-06-18 03:00:00,83.84,83.88,83.71,83.74,487,8,0
2024-06-18 04:00:00,83.74,83.83,83.61,83.62,889,8,0
2024-06-18 05:00:00,83.62,83.68,83.45,83.47,617,8,0
2024-06-18 06:00:00,83.47,83.55,83.46,83.48,322,8,0
2024-06-18 07:00:00,83.48,83.56,83.48,83.49,212,8,0
2024-06-18 08:00:00,83.49,83.6,83.48,83.55,427,8,0
2024-06-18 09:00:00,83.56,83.6,83.42,83.45,614,8,0
2024-06-18 10:00:00,83.45,83.63,83.44,83.48,848,7,0
2024-06-18 11:00:00,83.48,83.57,83.11,83.35,1486,7,0
2024-06-18 12:00:00,83.35,83.54,83.23,83.52,972,7,0
2024-06-18 13:00:00,83.52,83.66,83.43,83.53,752,7,0
2024-06-18 14:00:00,83.52,83.71,83.52,83.66,806,7,0
2024-06-18 15:00:00,83.65,83.74,83.51,83.65,1244,7,0
2024-06-18 16:00:00,83.65,84.21,83.57,84.16,2326,7,0
2024-06-18 17:00:00,84.16,84.43,84.04,84.41,1705,7,0
2024-06-18 18:00:00,84.42,84.56,84.18,84.19,1832,7,0
2024-06-18 19:00:00,84.19,84.32,84.0,84.18,1476,7,0
2024-06-18 20:00:00,84.17,84.33,84.11,84.32,951,7,0
2024-06-18 21:00:00,84.32,84.82,84.22,84.69,1800,7,0
2024-06-18 22:00:00,84.69,84.71,84.6,84.66,528,7,0
2024-06-18 23:00:00,84.66,84.79,84.58,84.65,306,8,0
2024-06-19 00:00:00,84.65,84.7,84.65,84.7,2,23,0
2024-06-19 03:00:00,84.7,84.8,84.67,84.75,456,8,0
2024-06-19 04:00:00,84.75,84.79,84.64,84.71,583,8,0
2024-06-19 05:00:00,84.72,84.74,84.61,84.72,461,8,0
2024-06-19 06:00:00,84.72,84.76,84.63,84.66,260,8,0
2024-06-19 07:00:00,84.66,84.71,84.64,84.69,158,8,0
2024-06-19 08:00:00,84.68,84.75,84.65,84.72,378,8,0
2024-06-19 09:00:00,84.72,84.73,84.28,84.37,695,7,0
2024-06-19 10:00:00,84.36,84.57,84.36,84.45,818,7,0
2024-06-19 11:00:00,84.45,84.54,84.28,84.39,1319,7,0
2024-06-19 12:00:00,84.39,84.61,84.36,84.54,803,7,0
2024-06-19 13:00:00,84.54,84.72,84.52,84.71,775,7,0
2024-06-19 14:00:00,84.71,84.86,84.65,84.84,651,7,0
2024-06-19 15:00:00,84.84,85.0,84.69,85.0,880,7,0
2024-06-19 16:00:00,85.0,85.04,84.61,84.79,1426,7,0
2024-06-19 17:00:00,84.78,85.09,84.69,85.03,1000,7,0
2024-06-19 18:00:00,85.03,85.11,84.44,84.46,1129,7,0
2024-06-19 19:00:00,84.46,84.68,84.39,84.39,723,7,0
2024-06-19 20:00:00,84.39,84.57,84.39,84.54,119,8,0
2024-06-20 03:00:00,84.5,84.52,84.35,84.39,312,8,0
2024-06-20 04:00:00,84.39,84.49,84.33,84.39,745,9,0
2024-06-20 05:00:00,84.4,84.51,84.38,84.48,346,9,0
2024-06-20 06:00:00,84.49,84.49,84.37,84.38,333,9,0
2024-06-20 07:00:00,84.39,84.48,84.37,84.43,170,10,0
2024-06-20 08:00:00,84.43,84.51,84.37,84.42,358,9,0
2024-06-20 09:00:00,84.42,84.51,84.31,84.49,375,8,0
2024-06-20 10:00:00,84.5,84.57,84.26,84.4,829,7,0
2024-06-20 11:00:00,84.4,84.72,84.38,84.56,1110,7,0
2024-06-20 12:00:00,84.55,84.64,84.41,84.51,1139,7,0
2024-06-20 13:00:00,84.51,84.61,84.48,84.57,758,8,0
2024-06-20 14:00:00,84.57,84.71,84.51,84.7,657,7,0
2024-06-20 15:00:00,84.71,84.9,84.5,84.89,1027,7,0
2024-06-20 16:00:00,84.89,85.15,84.83,85.03,2063,7,0
2024-06-20 17:00:00,85.03,85.13,84.87,84.91,1842,7,0
2024-06-20 18:00:00,84.9,85.2,84.58,84.68,3138,7,0
2024-06-20 19:00:00,84.67,84.91,84.58,84.89,1424,7,0
2024-06-20 20:00:00,84.89,85.02,84.81,84.88,1083,7,0
2024-06-20 21:00:00,84.88,85.1,84.73,85.09,1073,7,0
2024-06-20 22:00:00,85.09,85.11,84.98,85.0,277,8,0
2024-06-20 23:00:00,85.0,85.01,84.69,84.69,171,9,0
2024-06-21 00:00:00,84.69,84.69,84.69,84.69,1,33,0
2024-06-21 03:00:00,84.75,84.81,84.71,84.75,208,8,0
2024-06-21 04:00:00,84.74,84.83,84.71,84.81,648,8,0
2024-06-21 05:00:00,84.81,84.83,84.7,84.78,323,8,0
2024-06-21 06:00:00,84.78,84.78,84.69,84.74,235,8,0
2024-06-21 07:00:00,84.74,84.82,84.74,84.81,149,8,0
2024-06-21 08:00:00,84.81,84.88,84.79,84.85,288,8,0
2024-06-21 09:00:00,84.86,84.95,84.7,84.72,541,8,0
2024-06-21 10:00:00,84.71,84.84,84.57,84.69,1100,7,0
2024-06-21 11:00:00,84.69,84.71,84.48,84.61,1435,7,0
2024-06-21 12:00:00,84.62,84.87,84.56,84.86,1112,7,0
2024-06-21 13:00:00,84.86,84.93,84.75,84.8,725,7,0
2024-06-21 14:00:00,84.8,84.87,84.68,84.72,871,7,0
2024-06-21 15:00:00,84.73,84.97,84.72,84.91,951,7,0
2024-06-21 16:00:00,84.9,85.14,84.72,84.83,2426,7,0
2024-06-21 17:00:00,84.82,85.35,84.78,85.28,2015,7,0
2024-06-21 18:00:00,85.29,85.31,84.66,84.72,2456,7,0
2024-06-21 19:00:00,84.72,84.75,84.22,84.25,1830,7,0
2024-06-21 20:00:00,84.24,84.41,84.15,84.32,1264,7,0
2024-06-21 21:00:00,84.33,84.49,84.0,84.26,1484,7,0
2024-06-21 22:00:00,84.26,84.38,84.23,84.31,356,8,0
2024-06-21 23:00:00,84.31,84.34,84.22,84.23,195,8,0
2024-06-24 01:00:00,84.22,84.35,84.07,84.13,217,9,0
2024-06-24 02:00:00,84.12,84.12,83.88,83.9,170,9,0
2024-06-24 03:00:00,83.9,84.1,83.88,84.08,376,8,0
2024-06-24 04:00:00,84.08,84.17,83.95,84.17,1063,8,0
2024-06-24 05:00:00,84.17,84.27,84.09,84.21,498,8,0
2024-06-24 06:00:00,84.21,84.33,84.2,84.32,306,8,0
2024-06-24 07:00:00,84.32,84.34,84.29,84.32,113,8,0
2024-06-24 08:00:00,84.32,84.43,84.3,84.34,352,8,0
2024-06-24 09:00:00,84.34,84.4,84.19,84.31,426,7,0
2024-06-24 10:00:00,84.31,84.54,84.27,84.52,637,7,0
2024-06-24 11:00:00,84.53,84.62,84.41,84.57,1008,7,0
2024-06-24 12:00:00,84.56,84.82,84.51,84.72,750,7,0
2024-06-24 13:00:00,84.71,84.79,84.54,84.68,620,7,0
2024-06-24 14:00:00,84.67,84.78,84.57,84.77,594,7,0
2024-06-24 15:00:00,84.77,84.8,84.23,84.44,810,7,0
2024-06-24 16:00:00,84.45,84.68,83.97,84.63,2536,7,0
2024-06-24 17:00:00,84.63,84.87,84.46,84.56,1593,7,0
2024-06-24 18:00:00,84.56,85.12,84.55,85.09,1986,7,0
2024-06-24 19:00:00,85.09,85.24,85.06,85.21,954,7,0
2024-06-24 20:00:00,85.2,85.28,85.11,85.27,953,7,0
2024-06-24 21:00:00,85.27,85.28,85.1,85.14,929,7,0
2024-06-24 22:00:00,85.14,85.27,85.13,85.2,306,8,0
2024-06-24 23:00:00,85.2,85.22,85.11,85.11,155,9,0
2024-06-25 00:00:00,85.11,85.11,85.11,85.11,1,33,0
2024-06-25 03:00:00,85.19,85.23,85.14,85.23,166,8,0
2024-06-25 04:00:00,85.24,85.34,85.06,85.11,727,8,0
2024-06-25 05:00:00,85.11,85.11,85.01,85.02,407,9,0
2024-06-25 06:00:00,85.02,85.12,85.0,85.11,187,8,0
2024-06-25 07:00:00,85.11,85.18,85.1,85.15,176,8,0
2024-06-25 08:00:00,85.14,85.26,85.11,85.13,372,8,0
2024-06-25 09:00:00,85.13,85.17,85.02,85.04,353,8,0
2024-06-25 10:00:00,85.04,85.16,84.96,84.98,712,8,0
2024-06-25 11:00:00,85.0,85.18,84.81,84.83,1195,7,0
2024-06-25 12:00:00,84.84,84.95,84.7,84.71,890,8,0
2024-06-25 13:00:00,84.71,84.82,84.57,84.65,691,8,0
2024-06-25 14:00:00,84.65,84.73,84.45,84.47,651,8,0
2024-06-25 15:00:00,84.48,84.89,84.47,84.88,1000,7,0
2024-06-25 16:00:00,84.88,85.0,84.57,84.74,2107,7,0
2024-06-25 17:00:00,84.74,85.1,84.65,85.06,1549,7,0
2024-06-25 18:00:00,85.06,85.15,84.46,84.55,1820,7,0
2024-06-25 19:00:00,84.55,84.63,84.26,84.42,1069,7,0
2024-06-25 20:00:00,84.42,84.56,84.27,84.51,935,8,0
2024-06-25 21:00:00,84.52,84.52,84.07,84.14,1138,8,0
2024-06-25 22:00:00,84.14,84.18,84.02,84.17,285,8,0
2024-06-25 23:00:00,84.17,84.18,83.9,83.95,356,8,0
2024-06-26 00:00:00,83.95,84.01,83.95,84.01,2,23,0
2024-06-26 03:00:00,84.0,84.08,83.96,84.08,219,8,0
2024-06-26 04:00:00,84.08,84.26,84.03,84.23,437,8,0
2024-06-26 05:00:00,84.24,84.45,84.24,84.44,273,8,0
2024-06-26 06:00:00,84.44,84.52,84.41,84.52,256,8,0
2024-06-26 07:00:00,84.52,84.57,84.47,84.53,239,8,0
2024-06-26 08:00:00,84.53,84.6,84.53,84.53,270,8,0
2024-06-26 09:00:00,84.53,84.69,84.52,84.66,338,8,0
2024-06-26 10:00:00,84.66,84.68,84.34,84.38,536,8,0
2024-06-26 11:00:00,84.38,84.49,84.26,84.4,882,7,0
2024-06-26 12:00:00,84.41,84.91,84.39,84.88,660,7,0
2024-06-26 13:00:00,84.88,84.94,84.78,84.78,526,8,0
2024-06-26 14:00:00,84.77,84.78,84.55,84.56,599,7,0
2024-06-26 15:00:00,84.56,84.7,84.43,84.46,906,7,0
2024-06-26 16:00:00,84.46,84.56,83.91,84.49,2727,7,0
2024-06-26 17:00:00,84.49,84.7,83.7,84.2,3536,6,0
2024-06-26 18:00:00,84.2,84.4,83.66,84.15,2805,7,0
2024-06-26 19:00:00,84.14,84.52,83.97,84.49,1446,7,0
2024-06-26 20:00:00,84.49,84.96,84.42,84.79,832,7,0
2024-06-26 21:00:00,84.79,84.86,84.26,84.32,907,7,0
2024-06-26 22:00:00,84.32,84.32,84.1,84.14,261,8,0
2024-06-26 23:00:00,84.14,84.41,84.12,84.26,200,8,0
2024-06-27 00:00:00,84.26,84.26,84.26,84.26,1,33,0
2024-06-27 03:00:00,84.15,84.17,84.05,84.08,270,8,0
2024-06-27 04:00:00,84.08,84.1,84.0,84.03,364,8,0
2024-06-27 05:00:00,84.04,84.09,84.02,84.04,180,8,0
2024-06-27 06:00:00,84.04,84.21,84.04,84.17,205,8,0
2024-06-27 07:00:00,84.17,84.21,84.16,84.19,124,8,0
2024-06-27 08:00:00,84.19,84.3,84.16,84.29,213,8,0
2024-06-27 09:00:00,84.29,84.33,84.19,84.21,360,8,0
2024-06-27 10:00:00,84.21,84.68,84.18,84.66,547,7,0
2024-06-27 11:00:00,84.68,84.88,84.62,84.87,850,8,0
2024-06-27 12:00:00,84.87,85.14,84.76,84.84,722,8,0
2024-06-27 13:00:00,84.83,84.88,84.58,84.7,782,7,0
2024-06-27 14:00:00,84.71,84.96,84.6,84.91,749,7,0
2024-06-27 15:00:00,84.91,85.14,84.81,85.13,1310,7,0
2024-06-27 16:00:00,85.13,85.47,84.85,85.07,3142,7,0
2024-06-27 17:00:00,85.07,85.31,84.93,85.1,2053,7,0
2024-06-27 18:00:00,85.1,85.29,84.7,84.87,2274,7,0
2024-06-27 19:00:00,84.88,84.97,84.56,84.85,1407,7,0
2024-06-27 20:00:00,84.85,84.98,84.74,84.97,981,8,0
2024-06-27 21:00:00,84.97,85.22,84.9,85.18,1040,8,0
2024-06-27 22:00:00,85.19,85.34,85.19,85.24,302,8,0
2024-06-27 23:00:00,85.25,85.25,85.02,85.02,184,9,0
2024-06-28 00:00:00,85.02,85.07,85.02,85.07,2,23,0
2024-06-28 03:00:00,85.21,85.39,85.2,85.21,294,9,0
2024-06-28 04:00:00,85.22,85.43,85.2,85.4,578,9,0
2024-06-28 05:00:00,85.4,85.56,85.39,85.46,320,10,0
2024-06-28 06:00:00,85.46,85.57,85.43,85.51,269,9,0
2024-06-28 07:00:00,85.51,85.53,85.49,85.5,138,10,0
2024-06-28 08:00:00,85.51,85.62,85.49,85.56,272,10,0
2024-06-28 09:00:00,85.56,85.65,85.51,85.65,381,9,0
2024-06-28 10:00:00,85.65,85.76,85.53,85.71,546,8,0
2024-06-28 11:00:00,85.72,85.78,85.5,85.68,1061,8,0
2024-06-28 12:00:00,85.68,86.02,85.63,85.87,878,8,0
2024-06-28 13:00:00,85.87,85.93,85.57,85.63,860,8,0
2024-06-28 14:00:00,85.62,85.78,85.41,85.44,899,7,0
2024-06-28 15:00:00,85.44,85.57,85.3,85.44,1164,8,0
2024-06-28 16:00:00,85.43,85.51,84.79,84.79,2518,7,0
2024-06-28 17:00:00,84.8,84.89,84.38,84.78,2593,7,0
2024-06-28 18:00:00,84.78,85.02,84.54,84.99,2073,7,0
2024-06-28 19:00:00,85.0,85.15,84.58,84.8,1447,7,0
2024-06-28 20:00:00,84.79,84.97,84.71,84.87,920,7,0
2024-06-28 21:00:00,84.87,84.99,84.6,84.64,1001,7,0
2024-06-28 22:00:00,84.64,84.8,84.58,84.79,366,8,0
2024-06-28 23:00:00,84.8,84.83,84.7,84.76,169,8,0
2024-07-01 01:00:00,84.71,84.9,84.69,84.74,209,8,0
2024-07-01 02:00:00,84.74,85.1,84.72,84.99,254,8,0
2024-07-01 03:00:00,84.99,85.01,84.88,84.97,333,8,0
2024-07-01 04:00:00,84.96,85.17,84.91,85.12,447,8,0
2024-07-01 05:00:00,85.11,85.2,85.07,85.16,272,8,0
2024-07-01 06:00:00,85.16,85.3,85.15,85.22,245,8,0
2024-07-01 07:00:00,85.22,85.23,85.07,85.17,183,8,0
2024-07-01 08:00:00,85.17,85.31,85.14,85.29,297,8,0
2024-07-01 09:00:00,85.29,85.48,85.26,85.46,322,8,0
2024-07-01 10:00:00,85.46,85.54,85.34,85.41,669,8,0
2024-07-01 11:00:00,85.41,85.55,85.03,85.13,1063,7,0
2024-07-01 12:00:00,85.13,85.39,85.05,85.06,920,7,0
2024-07-01 13:00:00,85.06,85.33,85.01,85.3,644,7,0
2024-07-01 14:00:00,85.29,85.47,85.26,85.42,606,6,0
2024-07-01 15:00:00,85.42,85.51,85.34,85.49,1099,7,0
2024-07-01 16:00:00,85.49,85.81,85.38,85.61,2018,7,0
2024-07-01 17:00:00,85.63,85.65,85.01,85.63,2478,7,0
2024-07-01 18:00:00,85.63,86.19,85.54,86.16,1746,7,0
2024-07-01 19:00:00,86.15,86.26,85.99,86.22,997,7,0
2024-07-01 20:00:00,86.22,86.37,86.13,86.34,880,7,0
2024-07-01 21:00:00,86.34,86.55,86.27,86.51,934,7,0
2024-07-01 22:00:00,86.51,86.68,86.47,86.56,337,8,0
2024-07-01 23:00:00,86.56,86.59,86.31,86.31,244,8,0
2024-07-02 00:00:00,86.31,86.36,86.31,86.36,2,23,0
2024-07-02 03:00:00,86.43,86.55,86.42,86.46,284,7,0
2024-07-02 04:00:00,86.46,86.62,86.44,86.6,477,8,0
2024-07-02 05:00:00,86.6,86.63,86.56,86.62,255,8,0
2024-07-02 06:00:00,86.62,86.64,86.54,86.56,188,8,0
2024-07-02 07:00:00,86.57,86.61,86.54,86.58,160,8,0
2024-07-02 08:00:00,86.58,86.61,86.53,86.57,293,8,0
2024-07-02 09:00:00,86.57,86.67,86.51,86.6,509,8,0
2024-07-02 10:00:00,86.6,86.71,86.37,86.68,767,7,0
2024-07-02 11:00:00,86.68,86.93,86.49,86.85,1386,7,0
2024-07-02 12:00:00,86.85,87.1,86.84,86.94,854,7,0
2024-07-02 13:00:00,86.94,87.07,86.88,87.03,700,7,0
2024-07-02 14:00:00,87.02,87.09,86.91,87.02,645,7,0
2024-07-02 15:00:00,87.03,87.19,86.93,87.13,1053,7,0
2024-07-02 16:00:00,87.14,87.21,86.66,86.85,2905,7,0
2024-07-02 17:00:00,86.85,86.85,86.36,86.37,2921,7,0
2024-07-02 18:00:00,86.38,86.86,86.27,86.32,2392,7,0
2024-07-02 19:00:00,86.33,86.68,86.26,86.55,1361,7,0
2024-07-02 20:00:00,86.54,86.66,86.3,86.41,862,7,0
2024-07-02 21:00:00,86.41,86.43,85.95,86.15,1579,7,0
2024-07-02 22:00:00,86.15,86.24,86.12,86.24,277,8,0
2024-07-02 23:00:00,86.23,86.6,86.19,86.23,361,9,0
2024-07-03 00:00:00,86.22,86.22,86.22,86.22,1,33,0
2024-07-03 03:00:00,86.16,86.22,86.13,86.21,193,7,0
2024-07-03 04:00:00,86.21,86.37,86.19,86.33,396,8,0
2024-07-03 05:00:00,86.33,86.4,86.31,86.38,314,8,0
2024-07-03 06:00:00,86.38,86.47,86.38,86.43,254,8,0
2024-07-03 07:00:00,86.42,86.43,86.37,86.41,170,8,0
2024-07-03 08:00:00,86.42,86.44,86.36,86.36,296,8,0
2024-07-03 09:00:00,86.36,86.57,86.35,86.49,451,8,0
2024-07-03 10:00:00,86.49,86.51,86.26,86.3,765,7,0
2024-07-03 11:00:00,86.31,86.4,86.14,86.17,1031,7,0
2024-07-03 12:00:00,86.17,86.27,85.93,86.05,983,7,0
2024-07-03 13:00:00,86.04,86.16,85.94,86.09,750,7,0
2024-07-03 14:00:00,86.09,86.19,85.97,86.12,656,7,0
2024-07-03 15:00:00,86.11,86.28,86.03,86.28,1066,7,0
2024-07-03 16:00:00,86.28,86.42,85.96,86.34,2153,7,0
2024-07-03 17:00:00,86.35,86.66,85.66,85.77,3363,7,0
2024-07-03 18:00:00,85.78,86.25,85.78,86.19,2974,7,0
2024-07-03 19:00:00,86.19,86.49,86.02,86.39,1237,7,0
2024-07-03 20:00:00,86.39,86.58,86.25,86.58,690,8,0
2024-07-03 21:00:00,86.58,87.13,86.55,86.92,1040,7,0
2024-07-03 22:00:00,86.92,87.02,86.89,86.93,261,7,0
2024-07-03 23:00:00,86.93,86.94,86.66,86.67,210,9,0
2024-07-04 00:00:00,86.67,86.72,86.67,86.72,2,23,0
2024-07-04 03:00:00,86.82,86.83,86.71,86.73,158,8,0
2024-07-04 04:00:00,86.73,86.76,86.63,86.66,394,8,0
2024-07-04 05:00:00,86.66,86.66,86.59,86.64,205,8,0
2024-07-04 06:00:00,86.64,86.7,86.53,86.54,192,8,0
2024-07-04 07:00:00,86.54,86.6,86.51,86.6,115,8,0
2024-07-04 08:00:00,86.6,86.6,86.51,86.54,232,8,0
2024-07-04 09:00:00,86.54,86.57,86.44,86.46,441,7,0
2024-07-04 10:00:00,86.46,86.5,86.23,86.23,599,7,0
2024-07-04 11:00:00,86.23,86.76,86.23,86.67,825,7,0
2024-07-04 12:00:00,86.67,86.73,86.54,86.57,619,7,0
2024-07-04 13:00:00,86.57,86.74,86.5,86.71,497,8,0
2024-07-04 14:00:00,86.72,86.73,86.39,86.55,488,7,0
2024-07-04 15:00:00,86.55,86.66,86.52,86.6,391,8,0
2024-07-04 16:00:00,86.59,86.97,86.52,86.95,1109,8,0
2024-07-04 17:00:00,86.95,87.07,86.79,86.89,814,8,0
2024-07-04 18:00:00,86.9,87.27,86.81,87.2,1032,7,0
2024-07-04 19:00:00,87.19,87.25,87.05,87.1,599,9,0
2024-07-04 20:00:00,87.11,87.24,87.09,87.2,125,12,0
2024-07-05 03:00:00,87.07,87.22,87.06,87.13,201,13,0
2024-07-05 04:00:00,87.12,87.15,86.88,86.9,309,13,0
2024-07-05 05:00:00,86.9,86.9,86.75,86.76,219,13,0
2024-07-05 06:00:00,86.75,86.79,86.66,86.76,203,13,0
2024-07-05 07:00:00,86.75,86.84,86.72,86.77,172,13,0
2024-07-05 08:00:00,86.77,86.78,86.69,86.73,241,13,0
2024-07-05 09:00:00,86.73,86.82,86.7,86.81,290,11,0
2024-07-05 10:00:00,86.82,87.27,86.79,87.14,666,7,0
2024-07-05 11:00:00,87.15,87.24,86.96,86.96,1010,8,0
2024-07-05 12:00:00,86.96,87.05,86.87,86.93,597,8,0
2024-07-05 13:00:00,86.93,87.1,86.86,86.88,634,7,0
2024-07-05 14:00:00,86.88,87.03,86.85,87.01,575,7,0
2024-07-05 15:00:00,87.01,87.2,86.84,87.17,1278,7,0
2024-07-05 16:00:00,87.17,87.32,86.93,87.23,2333,7,0
2024-07-05 17:00:00,87.23,87.34,86.84,87.3,1953,7,0
2024-07-05 18:00:00,87.31,87.59,87.26,87.32,1619,7,0
2024-07-05 19:00:00,87.32,87.37,87.05,87.06,984,8,0
2024-07-05 20:00:00,87.06,87.1,86.43,86.48,1764,8,0
2024-07-05 21:00:00,86.48,86.54,86.16,86.4,1615,8,0
2024-07-05 22:00:00,86.4,86.42,86.27,86.32,421,8,0
2024-07-05 23:00:00,86.32,86.53,86.28,86.43,322,8,0
2024-07-08 01:00:00,86.27,86.51,86.02,86.4,831,8,0
2024-07-08 02:00:00,86.4,86.47,86.33,86.4,254,8,0
2024-07-08 03:00:00,86.4,86.42,86.04,86.05,348,8,0
2024-07-08 04:00:00,86.05,86.11,85.88,85.92,756,8,0
2024-07-08 05:00:00,85.92,86.07,85.9,85.96,360,8,0
2024-07-08 06:00:00,85.95,86.13,85.9,86.05,204,8,0
2024-07-08 07:00:00,86.05,86.09,86.01,86.05,167,8,0
2024-07-08 08:00:00,86.04,86.06,85.85,85.87,323,8,0
2024-07-08 09:00:00,85.87,85.88,85.72,85.72,724,8,0
2024-07-08 10:00:00,85.72,85.94,85.61,85.86,1095,7,0
2024-07-08 11:00:00,85.87,85.92,85.56,85.57,1218,7,0
2024-07-08 12:00:00,85.58,85.58,85.3,85.33,977,7,0
2024-07-08 13:00:00,85.34,85.54,85.24,85.5,870,7,0
2024-07-08 14:00:00,85.51,85.73,85.47,85.63,790,7,0
2024-07-08 15:00:00,85.63,85.93,85.55,85.83,1277,7,0
2024-07-08 16:00:00,85.83,85.92,85.36,85.75,3115,7,0
2024-07-08 17:00:00,85.75,85.97,85.61,85.84,2103,7,0
2024-07-08 18:00:00,85.85,85.98,85.4,85.43,1652,8,0
2024-07-08 19:00:00,85.42,85.62,85.35,85.58,1112,7,0
2024-07-08 20:00:00,85.58,85.71,85.33,85.43,965,7,0
2024-07-08 21:00:00,85.44,85.53,85.24,85.26,1024,7,0
2024-07-08 22:00:00,85.26,85.32,85.22,85.32,226,8,0
2024-07-08 23:00:00,85.32,85.39,85.18,85.18,174,9,0
2024-07-09 00:00:00,85.18,85.18,85.18,85.18,1,33,0
2024-07-09 03:00:00,85.31,85.36,85.28,85.34,192,8,0
2024-07-09 04:00:00,85.34,85.4,85.2,85.22,320,8,0
2024-07-09 05:00:00,85.22,85.24,85.11,85.14,221,8,0
2024-07-09 06:00:00,85.14,85.2,85.1,85.14,204,8,0
2024-07-09 07:00:00,85.14,85.23,85.13,85.15,153,8,0
2024-07-09 08:00:00,85.15,85.47,85.15,85.45,417,8,0
2024-07-09 09:00:00,85.46,85.48,85.28,85.35,433,8,0
2024-07-09 10:00:00,85.36,85.36,85.02,85.05,669,8,0
2024-07-09 11:00:00,85.06,85.09,84.84,84.89,1019,7,0
2024-07-09 12:00:00,84.89,85.13,84.78,85.01,756,7,0
2024-07-09 13:00:00,85.01,85.16,84.91,85.01,587,8,0
2024-07-09 14:00:00,85.0,85.16,84.93,85.06,739,8,0
2024-07-09 15:00:00,85.06,85.09,84.82,84.97,1249,7,0
2024-07-09 16:00:00,84.98,85.27,84.74,84.76,2246,6,0
2024-07-09 17:00:00,84.76,85.36,84.74,85.28,1809,7,0
2024-07-09 18:00:00,85.29,85.44,84.36,84.55,2917,7,0
2024-07-09 19:00:00,84.55,84.66,84.19,84.65,1756,7,0
2024-07-09 20:00:00,84.66,85.0,84.55,84.57,1215,7,0
2024-07-09 21:00:00,84.58,84.63,84.16,84.47,1374,8,0
2024-07-09 22:00:00,84.47,84.47,84.33,84.41,297,8,0
2024-07-09 23:00:00,84.41,84.63,84.37,84.54,284,8,0
2024-07-10 00:00:00,84.54,84.54,84.54,84.54,1,33,0
2024-07-10 03:00:00,84.47,84.47,84.39,84.44,196,8,0
2024-07-10 04:00:00,84.44,84.46,84.23,84.24,415,8,0
2024-07-10 05:00:00,84.25,84.29,84.06,84.08,317,8,0
2024-07-10 06:00:00,84.08,84.09,84.0,84.04,220,8,0
2024-07-10 07:00:00,84.04,84.04,83.98,83.99,133,8,0
2024-07-10 08:00:00,83.99,83.99,83.73,83.74,284,8,0
2024-07-10 09:00:00,83.75,83.76,83.61,83.71,548,8,0
2024-07-10 10:00:00,83.71,84.01,83.6,83.99,744,7,0
2024-07-10 11:00:00,83.99,84.58,83.87,84.46,1160,7,0
2024-07-10 12:00:00,84.46,84.51,84.34,84.38,848,7,0
2024-07-10 13:00:00,84.38,84.43,84.06,84.07,691,7,0
2024-07-10 14:00:00,84.07,84.11,83.92,84.11,666,7,0
2024-07-10 15:00:00,84.11,84.28,83.93,84.0,976,7,0
2024-07-10 16:00:00,84.0,84.26,83.76,84.06,2131,7,0
2024-07-10 17:00:00,84.07,84.57,83.96,84.41,2887,7,0
2024-07-10 18:00:00,84.4,85.18,84.4,85.14,2504,7,0
2024-07-10 19:00:00,85.14,85.16,84.69,84.71,1290,7,0
2024-07-10 20:00:00,84.71,84.83,84.44,84.8,1293,8,0
2024-07-10 21:00:00,84.8,84.87,84.51,84.8,1271,8,0
2024-07-10 22:00:00,84.8,84.92,84.77,84.88,263,8,0
2024-07-10 23:00:00,84.89,84.91,84.76,84.76,164,8,0
2024-07-11 00:00:00,84.76,84.76,84.76,84.76,1,33,0
2024-07-11 03:00:00,84.94,85.02,84.87,85.01,238,8,0
2024-07-11 04:00:00,85.01,85.32,85.01,85.3,588,8,0
2024-07-11 05:00:00,85.3,85.38,85.27,85.3,233,8,0
2024-07-11 06:00:00,85.3,85.33,85.21,85.24,264,8,0
2024-07-11 07:00:00,85.24,85.3,85.17,85.26,196,8,0
2024-07-11 08:00:00,85.26,85.31,85.24,85.29,264,8,0
2024-07-11 09:00:00,85.29,85.29,85.15,85.18,364,8,0
2024-07-11 10:00:00,85.18,85.19,84.86,84.86,727,7,0
2024-07-11 11:00:00,84.87,85.1,84.75,84.76,1244,7,0
2024-07-11 12:00:00,84.76,84.89,84.68,84.8,788,7,0
2024-07-11 13:00:00,84.81,85.03,84.77,84.87,687,7,0
2024-07-11 14:00:00,84.87,84.99,84.61,84.65,623,7,0
2024-07-11 15:00:00,84.66,85.02,84.55,84.83,1737,7,0
2024-07-11 16:00:00,84.83,84.9,84.15,84.47,3559,7,0
2024-07-11 17:00:00,84.47,85.09,84.29,85.02,2602,7,0
2024-07-11 18:00:00,85.02,85.15,84.78,84.89,2236,7,0
2024-07-11 19:00:00,84.89,84.94,84.36,84.39,1331,7,0
2024-07-11 20:00:00,84.39,84.9,84.38,84.89,1168,8,0
2024-07-11 21:00:00,84.88,85.1,84.71,85.1,1400,7,0
2024-07-11 22:00:00,85.1,85.2,85.02,85.17,382,8,0
2024-07-11 23:00:00,85.17,85.18,84.83,84.83,259,8,0
2024-07-12 00:00:00,84.83,84.83,84.83,84.83,1,33,0
2024-07-12 03:00:00,85.08,85.19,85.07,85.11,269,8,0
2024-07-12 04:00:00,85.12,85.17,84.84,84.97,538,8,0
2024-07-12 05:00:00,84.97,85.18,84.95,85.12,370,8,0
2024-07-12 06:00:00,85.12,85.12,84.93,84.97,331,8,0
2024-07-12 07:00:00,84.97,84.98,84.88,84.98,202,8,0
2024-07-12 08:00:00,84.98,85.04,84.88,85.02,341,8,0
2024-07-12 09:00:00,85.02,85.27,85.01,85.24,531,8,0
2024-07-12 10:00:00,85.24,85.49,85.2,85.41,802,8,0
2024-07-12 11:00:00,85.41,85.58,85.3,85.57,1069,8,0
2024-07-12 12:00:00,85.58,85.66,85.39,85.49,785,7,0
2024-07-12 13:00:00,85.49,85.49,85.18,85.22,654,8,0
2024-07-12 14:00:00,85.22,85.38,85.17,85.37,561,8,0
2024-07-12 15:00:00,85.37,85.45,85.19,85.32,1116,7,0
2024-07-12 16:00:00,85.32,85.5,84.81,84.95,2551,7,0
2024-07-12 17:00:00,84.95,85.34,84.82,85.06,2211,7,0
2024-07-12 18:00:00,85.05,85.27,84.65,84.8,2448,7,0
2024-07-12 19:00:00,84.81,84.96,84.55,84.92,1578,7,0
2024-07-12 20:00:00,84.92,84.95,84.55,84.74,1069,7,0
2024-07-12 21:00:00,84.74,84.76,84.39,84.48,1235,8,0
2024-07-12 22:00:00,84.47,84.53,84.42,84.49,242,8,0
2024-07-12 23:00:00,84.49,84.55,84.38,84.39,160,9,0
2024-07-15 01:00:00,84.48,84.75,84.43,84.57,411,9,0
2024-07-15 02:00:00,84.57,84.61,84.46,84.46,179,8,0
2024-07-15 03:00:00,84.47,84.47,84.01,84.01,397,8,0
2024-07-15 04:00:00,84.01,84.63,83.85,84.57,961,8,0
2024-07-15 05:00:00,84.57,84.59,84.43,84.51,488,8,0
2024-07-15 06:00:00,84.51,84.57,84.48,84.54,239,8,0
2024-07-15 07:00:00,84.54,84.56,84.5,84.54,132,8,0
2024-07-15 08:00:00,84.54,84.58,84.4,84.44,244,8,0
2024-07-15 09:00:00,84.43,84.44,84.21,84.27,452,8,0
2024-07-15 10:00:00,84.27,84.39,84.12,84.19,839,7,0
2024-07-15 11:00:00,84.19,84.56,84.18,84.52,1434,7,0
2024-07-15 12:00:00,84.52,84.64,84.47,84.49,847,7,0
2024-07-15 13:00:00,84.49,84.52,84.34,84.36,760,7,0
2024-07-15 14:00:00,84.36,84.43,84.22,84.29,641,7,0
2024-07-15 15:00:00,84.29,84.48,84.2,84.44,1134,7,0
2024-07-15 16:00:00,84.42,84.56,83.82,84.13,2763,7,0
2024-07-15 17:00:00,84.13,84.27,83.88,84.21,2299,7,0
2024-07-15 18:00:00,84.2,84.52,84.15,84.27,1906,7,0
2024-07-15 19:00:00,84.27,84.51,84.22,84.34,1280,7,0
2024-07-15 20:00:00,84.34,84.39,84.13,84.18,1091,7,0
2024-07-15 21:00:00,84.19,84.35,84.06,84.24,1011,7,0
2024-07-15 22:00:00,84.24,84.35,84.17,84.26,274,8,0
2024-07-15 23:00:00,84.26,84.28,84.14,84.14,154,9,0
2024-07-16 00:00:00,84.14,84.18,84.14,84.18,2,23,0
2024-07-16 03:00:00,84.07,84.16,84.07,84.13,177,8,0
2024-07-16 04:00:00,84.14,84.19,83.94,84.0,474,8,0
2024-07-16 05:00:00,84.0,84.05,83.93,83.98,302,8,0
2024-07-16 06:00:00,83.98,84.03,83.93,83.98,241,8,0
2024-07-16 07:00:00,83.98,84.01,83.94,83.95,157,8,0
2024-07-16 08:00:00,83.95,83.95,83.79,83.82,272,8,0
2024-07-16 09:00:00,83.82,83.82,83.56,83.66,430,8,0
2024-07-16 10:00:00,83.66,83.67,83.52,83.63,576,7,0
2024-07-16 11:00:00,83.63,83.64,83.43,83.52,899,8,0
2024-07-16 12:00:00,83.53,83.73,83.45,83.59,660,7,0
2024-07-16 13:00:00,83.59,83.62,83.39,83.43,582,7,0
2024-07-16 14:00:00,83.43,83.43,82.8,82.81,1141,8,0
2024-07-16 15:00:00,82.8,83.0,82.67,82.81,1519,8,0
2024-07-16 16:00:00,82.8,83.14,82.72,83.03,2973,7,0
2024-07-16 17:00:00,83.04,83.55,82.92,83.53,1909,7,0
2024-07-16 18:00:00,83.53,83.63,83.19,83.33,1849,8,0
2024-07-16 19:00:00,83.33,83.51,83.17,83.24,1297,7,0
2024-07-16 20:00:00,83.24,83.63,83.19,83.43,1106,7,0
2024-07-16 21:00:00,83.43,83.47,82.96,83.13,1581,7,0
2024-07-16 22:00:00,83.13,83.23,83.08,83.16,321,8,0
2024-07-16 23:00:00,83.16,83.2,82.96,82.99,275,9,0
2024-07-17 00:00:00,83.04,83.04,83.04,83.04,1,23,0
2024-07-17 03:00:00,83.01,83.01,82.88,82.94,246,8,0
2024-07-17 04:00:00,82.94,83.02,82.75,83.02,728,8,0
2024-07-17 05:00:00,83.02,83.17,83.01,83.09,343,8,0
2024-07-17 06:00:00,83.09,83.09,82.96,83.03,278,8,0
2024-07-17 07:00:00,83.04,83.04,82.93,82.94,178,8,0
2024-07-17 08:00:00,82.94,82.98,82.89,82.91,334,8,0
2024-07-17 09:00:00,82.91,83.01,82.75,83.01,581,8,0
2024-07-17 10:00:00,83.01,83.39,82.97,83.33,863,7,0
2024-07-17 11:00:00,83.33,83.36,83.02,83.02,1164,7,0
2024-07-17 12:00:00,83.02,83.07,82.92,82.97,699,7,0
2024-07-17 13:00:00,82.97,83.3,82.89,83.25,699,7,0
2024-07-17 14:00:00,83.25,83.33,83.18,83.32,639,7,0
2024-07-17 15:00:00,83.33,83.64,83.28,83.6,888,7,0
2024-07-17 16:00:00,83.6,84.11,83.54,84.08,1921,7,0
2024-07-17 17:00:00,84.08,84.29,83.8,84.19,2330,7,0
2024-07-17 18:00:00,84.19,84.32,83.78,84.3,2519,7,0
2024-07-17 19:00:00,84.3,84.36,84.09,84.3,1380,7,0
2024-07-17 20:00:00,84.3,84.34,84.19,84.3,986,7,0
2024-07-17 21:00:00,84.29,84.33,84.02,84.22,1556,8,0
2024-07-17 22:00:00,84.21,84.28,84.16,84.22,368,8,0
2024-07-17 23:00:00,84.21,84.34,84.17,84.25,196,8,0
2024-07-18 00:00:00,84.3,84.3,84.3,84.3,1,23,0
2024-07-18 03:00:00,84.34,84.42,84.3,84.41,227,8,0
2024-07-18 04:00:00,84.41,84.75,84.38,84.58,693,8,0
2024-07-18 05:00:00,84.59,84.6,84.38,84.49,354,8,0
2024-07-18 06:00:00,84.49,84.55,84.46,84.55,211,8,0
2024-07-18 07:00:00,84.55,84.62,84.52,84.55,146,8,0
2024-07-18 08:00:00,84.56,84.64,84.5,84.57,410,8,0
2024-07-18 09:00:00,84.57,84.91,84.55,84.88,534,8,0
2024-07-18 10:00:00,84.88,84.88,84.6,84.64,920,7,0
2024-07-18 11:00:00,84.65,84.7,84.21,84.32,1258,7,0
2024-07-18 12:00:00,84.31,84.35,84.02,84.18,793,7,0
2024-07-18 13:00:00,84.18,84.22,83.96,84.14,723,7,0
2024-07-18 14:00:00,84.14,84.14,83.97,84.0,622,7,0
2024-07-18 15:00:00,84.01,84.14,83.8,83.8,1242,8,0
2024-07-18 16:00:00,83.81,84.29,83.66,83.68,2694,7,0
2024-07-18 17:00:00,83.68,83.96,83.4,83.69,2232,7,0
2024-07-18 18:00:00,83.7,84.34,83.62,84.24,2372,7,0
2024-07-18 19:00:00,84.25,84.44,84.16,84.44,1228,7,0
2024-07-18 20:00:00,84.44,84.6,84.3,84.52,946,8,0
2024-07-18 21:00:00,84.52,84.54,84.02,84.03,1370,7,0
2024-07-18 22:00:00,84.03,84.03,83.67,83.71,490,8,0
2024-07-18 23:00:00,83.72,83.92,83.72,83.77,553,8,0
2024-07-19 00:00:00,83.77,83.82,83.77,83.82,2,23,0
2024-07-19 03:00:00,83.74,83.76,83.61,83.74,363,8,0
2024-07-19 04:00:00,83.74,83.77,83.57,83.63,737,8,0
2024-07-19 05:00:00,83.63,83.73,83.59,83.71,360,8,0
2024-07-19 06:00:00,83.72,83.91,83.72,83.8,371,8,0
2024-07-19 07:00:00,83.8,83.82,83.76,83.79,189,8,0
2024-07-19 08:00:00,83.78,83.79,83.63,83.65,367,8,0
2024-07-19 09:00:00,83.65,83.82,83.63,83.73,374,8,0
2024-07-19 10:00:00,83.72,83.87,83.56,83.86,855,7,0
2024-07-19 11:00:00,83.86,84.39,83.79,84.38,1182,7,0
2024-07-19 12:00:00,84.38,84.4,84.06,84.19,811,7,0
2024-07-19 13:00:00,84.18,84.21,83.95,83.96,656,8,0
2024-07-19 14:00:00,83.96,84.08,83.85,84.07,680,7,0
2024-07-19 15:00:00,84.07,84.18,83.96,84.11,1071,7,0
2024-07-19 16:00:00,84.11,84.11,83.28,83.9,2917,8,0
2024-07-19 17:00:00,83.89,83.93,83.47,83.53,2408,8,0
2024-07-19 18:00:00,83.53,83.66,82.93,83.04,2164,8,0
2024-07-19 19:00:00,83.04,83.07,82.21,82.24,1655,8,0
2024-07-19 20:00:00,82.24,82.41,81.83,81.93,2079,8,0
2024-07-19 21:00:00,81.93,82.07,81.69,81.9,1766,8,0
2024-07-19 22:00:00,81.91,81.99,81.81,81.89,607,8,0
2024-07-19 23:00:00,81.89,81.91,81.74,81.74,250,10,0
2024-07-22 01:00:00,81.83,82.07,81.81,82.07,503,10,0
2024-07-22 02:00:00,82.06,82.15,81.99,82.13,187,10,0
2024-07-22 03:00:00,82.13,82.23,82.05,82.17,374,9,0
2024-07-22 04:00:00,82.17,82.23,81.9,81.9,942,9,0
2024-07-22 05:00:00,81.9,82.16,81.87,82.15,401,9,0
2024-07-22 06:00:00,82.15,82.28,82.13,82.24,277,9,0
2024-07-22 07:00:00,82.24,82.24,82.08,82.17,250,10,0
2024-07-22 08:00:00,82.17,82.25,82.11,82.2,390,10,0
2024-07-22 09:00:00,82.2,82.21,81.94,81.97,572,8,0
2024-07-22 10:00:00,81.97,82.2,81.92,82.0,974,8,0
2024-07-22 11:00:00,82.0,82.15,81.85,81.86,957,8,0
2024-07-22 12:00:00,81.86,81.95,81.5,81.67,1016,7,0
2024-07-22 13:00:00,81.66,81.7,81.43,81.45,679,8,0
2024-07-22 14:00:00,81.46,81.57,81.33,81.33,646,7,0
2024-07-22 15:00:00,81.33,81.42,81.09,81.17,1100,7,0
2024-07-22 16:00:00,81.17,81.3,80.75,80.93,2549,7,0
2024-07-22 17:00:00,80.93,81.47,80.91,81.43,2370,7,0
2024-07-22 18:00:00,81.43,81.59,81.09,81.31,2342,7,0
2024-07-22 19:00:00,81.32,81.59,81.25,81.48,1275,7,0
2024-07-22 20:00:00,81.49,81.56,81.37,81.38,1139,7,0
2024-07-22 21:00:00,81.38,81.63,81.21,81.56,1431,7,0
2024-07-22 22:00:00,81.56,81.56,81.47,81.48,204,8,0
2024-07-22 23:00:00,81.49,81.58,81.28,81.28,204,9,0
2024-07-23 00:00:00,81.28,81.28,81.28,81.28,1,34,0
2024-07-23 03:00:00,81.38,81.44,81.34,81.39,289,8,0
2024-07-23 04:00:00,81.4,81.74,81.38,81.67,621,8,0
2024-07-23 05:00:00,81.66,81.71,81.55,81.57,382,8,0
2024-07-23 06:00:00,81.57,81.57,81.48,81.53,285,8,0
2024-07-23 07:00:00,81.54,81.55,81.51,81.51,114,8,0
2024-07-23 08:00:00,81.51,81.53,81.4,81.42,332,8,0
2024-07-23 09:00:00,81.42,81.61,81.41,81.54,533,8,0
2024-07-23 10:00:00,81.54,81.64,81.46,81.52,1013,7,0
2024-07-23 11:00:00,81.52,81.84,81.45,81.57,1066,7,0
2024-07-23 12:00:00,81.56,81.87,81.55,81.69,705,8,0
2024-07-23 13:00:00,81.68,81.72,81.26,81.39,788,7,0
2024-07-23 14:00:00,81.39,81.46,81.08,81.28,893,7,0
2024-07-23 15:00:00,81.28,81.29,80.82,80.83,1226,7,0
2024-07-23 16:00:00,80.84,81.04,80.39,80.77,2859,7,0
2024-07-23 17:00:00,80.77,80.98,80.4,80.45,2674,7,0
2024-07-23 18:00:00,80.44,80.51,79.74,79.82,2568,7,0
2024-07-23 19:00:00,79.83,80.37,79.77,80.25,1859,7,0
2024-07-23 20:00:00,80.25,80.41,80.09,80.11,1490,7,0
2024-07-23 21:00:00,80.12,80.5,80.1,80.47,1603,7,0
2024-07-23 22:00:00,80.47,80.56,80.44,80.52,314,7,0
2024-07-23 23:00:00,80.52,80.68,80.44,80.54,359,9,0
2024-07-24 00:00:00,80.54,80.59,80.54,80.59,2,23,0
2024-07-24 03:00:00,80.53,80.55,80.46,80.48,208,8,0
2024-07-24 04:00:00,80.48,80.5,80.24,80.43,648,8,0
2024-07-24 05:00:00,80.43,80.51,80.37,80.49,350,8,0
2024-07-24 06:00:00,80.5,80.51,80.42,80.43,307,8,0
2024-07-24 07:00:00,80.43,80.43,80.24,80.3,239,8,0
2024-07-24 08:00:00,80.3,80.41,80.27,80.32,406,8,0
2024-07-24 09:00:00,80.32,80.6,80.31,80.5,601,8,0
2024-07-24 10:00:00,80.5,80.53,80.3,80.49,926,7,0
2024-07-24 11:00:00,80.49,80.75,80.43,80.62,1156,7,0
2024-07-24 12:00:00,80.63,80.85,80.61,80.78,734,7,0
2024-07-24 13:00:00,80.79,80.87,80.58,80.78,889,7,0
2024-07-24 14:00:00,80.78,81.03,80.75,80.96,656,7,0
2024-07-24 15:00:00,80.97,81.06,80.74,80.8,954,7,0
2024-07-24 16:00:00,80.8,80.88,80.47,80.52,2553,7,0
2024-07-24 17:00:00,80.52,80.92,80.29,80.29,3025,7,0
2024-07-24 18:00:00,80.29,81.33,80.12,81.0,3251,7,0
2024-07-24 19:00:00,81.0,81.27,80.89,81.03,1781,7,0
2024-07-24 20:00:00,81.02,81.25,80.8,80.83,1319,7,0
2024-07-24 21:00:00,80.83,81.01,80.67,80.81,1697,7,0
2024-07-24 22:00:00,80.81,80.84,80.7,80.71,592,7,0
2024-07-24 23:00:00,80.71,80.74,80.51,80.53,258,9,0
2024-07-25 00:00:00,80.53,80.58,80.53,80.58,2,23,0
2024-07-25 03:00:00,80.61,80.62,80.49,80.51,182,8,0
2024-07-25 04:00:00,80.5,80.51,80.37,80.38,560,8,0
2024-07-25 05:00:00,80.37,80.38,80.09,80.12,649,8,0
2024-07-25 06:00:00,80.12,80.24,80.09,80.19,408,8,0
2024-07-25 07:00:00,80.18,80.22,80.12,80.17,169,8,0
2024-07-25 08:00:00,80.17,80.22,80.04,80.22,434,8,0
2024-07-25 09:00:00,80.21,80.3,80.09,80.3,580,8,0
2024-07-25 10:00:00,80.3,80.37,80.09,80.37,730,8,0
2024-07-25 11:00:00,80.38,80.51,80.0,80.04,1181,7,0
2024-07-25 12:00:00,80.04,80.06,79.4,79.43,1365,7,0
2024-07-25 13:00:00,79.44,79.86,79.37,79.82,974,7,0
2024-07-25 14:00:00,79.83,79.87,79.32,79.33,1076,6,0
2024-07-25 15:00:00,79.33,79.97,79.28,79.68,1920,7,0
2024-07-25 16:00:00,79.69,80.13,79.33,79.52,4074,7,0
2024-07-25 17:00:00,79.53,80.33,79.43,80.3,3347,7,0
2024-07-25 18:00:00,80.3,81.07,80.3,81.06,2480,7,0
2024-07-25 19:00:00,81.06,81.26,80.96,81.18,1395,7,0
2024-07-25 20:00:00,81.18,81.43,81.04,81.35,1169,8,0
2024-07-25 21:00:00,81.34,81.44,81.13,81.33,1136,7,0
2024-07-25 22:00:00,81.33,81.56,81.3,81.32,390,8,0
2024-07-25 23:00:00,81.31,81.47,81.24,81.36,291,9,0
2024-07-26 00:00:00,81.36,81.41,81.36,81.41,2,23,0
2024-07-26 03:00:00,81.42,81.49,81.31,81.32,319,8,0
2024-07-26 04:00:00,81.32,81.67,81.27,81.65,907,8,0
2024-07-26 05:00:00,81.65,81.65,81.49,81.53,380,8,0
2024-07-26 06:00:00,81.53,81.62,81.49,81.51,290,8,0
2024-07-26 07:00:00,81.52,81.53,81.44,81.5,213,8,0
2024-07-26 08:00:00,81.5,81.52,81.42,81.45,353,8,0
2024-07-26 09:00:00,81.45,81.61,81.36,81.51,570,8,0
2024-07-26 10:00:00,81.51,81.52,81.27,81.29,607,8,0
2024-07-26 11:00:00,81.3,81.42,81.2,81.29,829,8,0
2024-07-26 12:00:00,81.28,81.28,80.97,80.98,630,8,0
2024-07-26 13:00:00,80.98,81.14,80.88,80.93,515,8,0
2024-07-26 14:00:00,80.94,81.12,80.93,80.93,533,8,0
2024-07-26 15:00:00,80.93,80.98,80.62,80.7,1157,7,0
2024-07-26 16:00:00,80.7,80.83,80.32,80.34,2494,7,0
2024-07-26 17:00:00,80.34,80.39,79.39,79.45,3095,7,0
2024-07-26 18:00:00,79.46,79.98,79.42,79.96,2607,7,0
2024-07-26 19:00:00,79.97,80.49,79.93,80.49,1349,7,0
2024-07-26 20:00:00,80.5,80.57,80.07,80.27,1630,8,0
2024-07-26 21:00:00,80.27,80.53,79.67,79.67,1803,7,0
2024-07-26 22:00:00,79.67,79.93,79.65,79.92,744,7,0
2024-07-26 23:00:00,79.92,80.04,79.64,79.64,407,8,0
2024-07-29 01:00:00,80.59,80.61,80.35,80.51,630,8,0
2024-07-29 02:00:00,80.51,80.54,80.43,80.45,158,8,0
2024-07-29 03:00:00,80.44,80.62,80.3,80.55,526,8,0
2024-07-29 04:00:00,80.56,80.61,80.15,80.39,1163,8,0
2024-07-29 05:00:00,80.38,80.4,80.22,80.3,545,8,0
2024-07-29 06:00:00,80.3,80.5,80.27,80.49,355,8,0
2024-07-29 07:00:00,80.49,80.55,80.48,80.5,157,8,0
2024-07-29 08:00:00,80.51,80.71,80.51,80.67,497,8,0
2024-07-29 09:00:00,80.67,80.78,80.36,80.41,629,8,0
2024-07-29 10:00:00,80.41,80.53,80.15,80.38,1004,8,0
2024-07-29 11:00:00,80.38,80.39,80.08,80.12,1334,7,0
2024-07-29 12:00:00,80.12,80.33,79.94,80.27,785,7,0
2024-07-29 13:00:00,80.26,80.37,79.82,79.85,778,7,0
2024-07-29 14:00:00,79.85,79.89,79.67,79.69,704,7,0
2024-07-29 15:00:00,79.69,80.09,79.68,79.95,1430,7,0
2024-07-29 16:00:00,79.94,80.54,79.74,80.16,3064,7,0
2024-07-29 17:00:00,80.16,80.33,78.95,78.98,2733,7,0
2024-07-29 18:00:00,78.98,79.28,78.68,78.81,3582,7,0
2024-07-29 19:00:00,78.81,79.06,78.57,78.69,1876,7,0
2024-07-29 20:00:00,78.68,78.9,78.59,78.85,1159,8,0
2024-07-29 21:00:00,78.84,79.12,78.79,78.97,1524,8,0
2024-07-29 22:00:00,78.97,79.06,78.91,78.96,436,7,0
2024-07-29 23:00:00,78.96,79.04,78.92,78.92,210,8,0
2024-07-30 00:00:00,78.92,78.98,78.92,78.98,2,23,0
2024-07-30 03:00:00,78.78,78.82,78.74,78.76,301,8,0
2024-07-30 04:00:00,78.77,78.77,78.58,78.61,767,8,0
2024-07-30 05:00:00,78.61,78.61,78.52,78.59,347,8,0
2024-07-30 06:00:00,78.59,78.6,78.49,78.53,212,8,0
2024-07-30 07:00:00,78.54,78.65,78.54,78.62,173,8,0
2024-07-30 08:00:00,78.62,78.71,78.57,78.62,403,8,0
2024-07-30 09:00:00,78.62,78.62,78.47,78.53,564,7,0
2024-07-30 10:00:00,78.53,78.94,78.47,78.94,807,7,0
2024-07-30 11:00:00,78.94,79.1,78.8,78.84,978,7,0
2024-07-30 12:00:00,78.84,78.93,78.71,78.9,742,8,0
2024-07-30 13:00:00,78.9,78.94,78.74,78.86,643,7,0
2024-07-30 14:00:00,78.86,78.92,78.36,78.4,798,7,0
2024-07-30 15:00:00,78.4,78.66,78.22,78.22,1297,7,0
2024-07-30 16:00:00,78.22,78.58,77.98,78.08,3200,7,0
2024-07-30 17:00:00,78.08,78.42,77.95,78.21,2885,7,0
2024-07-30 18:00:00,78.2,78.3,77.88,77.91,2969,7,0
2024-07-30 19:00:00,77.91,78.5,77.87,78.47,2009,7,0
2024-07-30 20:00:00,78.47,78.51,78.04,78.16,2000,7,0
2024-07-30 21:00:00,78.17,78.22,77.91,78.18,1869,7,0
2024-07-30 22:00:00,78.18,78.39,78.18,78.31,370,8,0
2024-07-30 23:00:00,78.31,78.48,78.25,78.3,375,8,0
2024-07-31 00:00:00,78.3,78.3,78.3,78.3,1,34,0
2024-07-31 03:00:00,78.43,78.47,78.34,78.46,378,7,0
2024-07-31 04:00:00,78.46,78.65,78.39,78.61,718,8,0
2024-07-31 05:00:00,78.61,78.8,78.58,78.79,524,8,0
2024-07-31 06:00:00,78.79,79.14,78.74,79.03,514,8,0
2024-07-31 07:00:00,79.03,79.22,79.02,79.19,398,7,0
2024-07-31 08:00:00,79.19,79.43,79.16,79.3,578,8,0
2024-07-31 09:00:00,79.29,79.57,79.24,79.53,704,7,0
2024-07-31 10:00:00,79.53,79.54,79.17,79.25,906,7,0
2024-07-31 11:00:00,79.25,79.94,79.13,79.93,1305,7,0
2024-07-31 12:00:00,79.93,80.03,79.77,79.88,1109,8,0
2024-07-31 13:00:00,79.87,80.05,79.6,80.01,817,7,0
2024-07-31 14:00:00,80.01,80.48,79.99,80.35,932,7,0
2024-07-31 15:00:00,80.36,80.55,80.17,80.19,1513,7,0
2024-07-31 16:00:00,80.2,80.3,79.95,80.16,2926,7,0
2024-07-31 17:00:00,80.16,80.37,79.65,79.97,3234,7,0
2024-07-31 18:00:00,79.96,80.45,79.92,80.28,2905,6,0
2024-07-31 19:00:00,80.28,80.65,80.27,80.62,1271,7,0
2024-07-31 20:00:00,80.6,80.81,80.53,80.78,1092,7,0
2024-07-31 21:00:00,80.78,80.92,80.57,80.9,2125,7,0
2024-07-31 22:00:00,80.89,81.36,80.85,81.22,1567,7,0
2024-07-31 23:00:00,81.22,81.41,81.18,81.29,535,8,0
2024-08-01 00:00:00,81.29,81.34,81.29,81.34,2,23,0
2024-08-01 03:00:00,81.33,81.4,81.25,81.34,514,8,0
2024-08-01 04:00:00,81.34,81.47,81.08,81.12,1450,8,0
2024-08-01 05:00:00,81.12,81.21,80.98,81.08,738,8,0
2024-08-01 06:00:00,81.08,81.19,80.99,81.19,449,8,0
2024-08-01 07:00:00,81.19,81.45,81.19,81.39,369,8,0
2024-08-01 08:00:00,81.39,81.42,81.24,81.38,584,8,0
2024-08-01 09:00:00,81.37,81.41,81.19,81.27,759,8,0
2024-08-01 10:00:00,81.27,81.62,81.04,81.36,1540,7,0
2024-08-01 11:00:00,81.37,81.46,81.1,81.23,1750,7,0
2024-08-01 12:00:00,81.23,81.55,81.21,81.32,936,6,0
2024-08-01 13:00:00,81.33,81.45,81.13,81.45,707,8,0
2024-08-01 14:00:00,81.44,81.48,81.16,81.19,847,7,0
2024-08-01 15:00:00,81.18,81.45,81.0,81.35,1625,7,0
2024-08-01 16:00:00,81.34,81.47,81.01,81.23,2766,7,0
2024-08-01 17:00:00,81.24,81.27,80.07,80.15,3753,7,0
2024-08-01 18:00:00,80.15,80.48,79.99,80.07,2896,7,0
2024-08-01 19:00:00,80.08,80.26,79.86,80.17,2071,7,0
2024-08-01 20:00:00,80.17,80.17,79.59,79.73,1767,7,0
2024-08-01 21:00:00,79.73,79.78,79.29,79.68,1934,7,0
2024-08-01 22:00:00,79.67,80.14,79.58,80.0,827,7,0
2024-08-01 23:00:00,80.0,80.05,79.81,79.84,434,8,0
2024-08-02 00:00:00,79.84,79.84,79.84,79.84,1,33,0
2024-08-02 03:00:00,79.78,79.78,79.58,79.59,558,8,0
2024-08-02 04:00:00,79.6,79.93,79.51,79.82,964,8,0
2024-08-02 05:00:00,79.82,79.83,79.62,79.8,653,8,0
2024-08-02 06:00:00,79.8,80.11,79.79,79.96,520,8,0
2024-08-02 07:00:00,79.96,79.99,79.75,79.8,309,8,0
2024-08-02 08:00:00,79.8,80.07,79.78,80.07,778,8,0
2024-08-02 09:00:00,80.07,80.08,79.85,79.92,900,8,0
2024-08-02 10:00:00,79.92,80.26,79.79,80.21,1094,7,0
2024-08-02 11:00:00,80.2,80.28,79.74,79.77,1350,7,0
2024-08-02 12:00:00,79.77,79.88,79.55,79.57,1144,7,0
2024-08-02 13:00:00,79.56,79.62,79.36,79.39,913,7,0
2024-08-02 14:00:00,79.4,79.54,78.63,78.87,1252,7,0
2024-08-02 15:00:00,78.87,78.87,77.64,77.86,3653,7,0
2024-08-02 16:00:00,77.85,78.17,77.16,77.21,5589,7,0
2024-08-02 17:00:00,77.2,77.25,76.49,77.02,4601,7,0
2024-08-02 18:00:00,77.02,77.13,76.59,76.9,3881,8,0
2024-08-02 19:00:00,76.91,77.27,76.49,76.56,2315,7,0
2024-08-02 20:00:00,76.56,76.93,76.26,76.27,1901,8,0
2024-08-02 21:00:00,76.27,76.94,76.27,76.77,1973,8,0
2024-08-02 22:00:00,76.78,77.12,76.76,77.06,913,8,0
2024-08-02 23:00:00,77.07,77.28,77.03,77.24,499,9,0
2024-08-05 01:00:00,77.26,77.53,76.87,77.0,784,9,0
2024-08-05 02:00:00,77.0,77.19,76.94,77.1,344,10,0
2024-08-05 03:00:00,77.1,77.12,76.15,76.45,1701,9,0
2024-08-05 04:00:00,76.44,76.98,76.2,76.82,2743,9,0
2024-08-05 05:00:00,76.81,77.15,76.69,77.07,1142,9,0
2024-08-05 06:00:00,77.06,77.14,76.81,76.86,634,10,0
2024-08-05 07:00:00,76.85,76.87,76.47,76.47,662,9,0
2024-08-05 08:00:00,76.48,76.55,75.86,75.89,1826,9,0
2024-08-05 09:00:00,75.89,76.02,75.57,75.87,2578,9,0
2024-08-05 10:00:00,75.87,76.59,75.75,76.1,3347,8,0
2024-08-05 11:00:00,76.1,76.32,75.04,75.27,3915,7,0
2024-08-05 12:00:00,75.27,75.5,74.89,75.09,3381,7,0
2024-08-05 13:00:00,75.1,75.64,75.07,75.46,2288,7,0
2024-08-05 14:00:00,75.45,75.67,75.02,75.04,2219,7,0
2024-08-05 15:00:00,75.03,75.9,75.0,75.72,3853,7,0
2024-08-05 16:00:00,75.72,76.31,75.42,75.96,6721,6,0
2024-08-05 17:00:00,75.96,76.47,75.79,76.01,6283,7,0
2024-08-05 18:00:00,76.02,76.71,75.95,76.3,5097,7,0
2024-08-05 19:00:00,76.3,76.8,76.05,76.05,2316,7,0
2024-08-05 20:00:00,76.05,76.38,76.04,76.13,1865,7,0
2024-08-05 21:00:00,76.12,76.58,75.99,76.57,2213,7,0
2024-08-05 22:00:00,76.57,77.0,76.56,76.97,865,8,0
2024-08-05 23:00:00,76.97,77.2,76.94,76.99,527,9,0
2024-08-06 00:00:00,76.99,77.05,76.99,77.05,2,23,0
2024-08-06 03:00:00,77.21,77.66,77.15,77.52,848,8,0
2024-08-06 04:00:00,77.52,77.52,76.91,77.25,1864,7,0
2024-08-06 05:00:00,77.25,77.28,77.08,77.1,707,8,0
2024-08-06 06:00:00,77.1,77.19,76.92,77.08,568,8,0
2024-08-06 07:00:00,77.08,77.27,77.04,77.17,338,8,0
2024-08-06 08:00:00,77.17,77.19,76.88,76.93,995,8,0
2024-08-06 09:00:00,76.92,76.98,76.75,76.77,1077,8,0
2024-08-06 10:00:00,76.76,76.76,76.08,76.19,1501,7,0
2024-08-06 11:00:00,76.19,76.44,76.07,76.22,2244,7,0
2024-08-06 12:00:00,76.21,76.47,76.07,76.42,1707,7,0
2024-08-06 13:00:00,76.42,76.72,75.99,76.7,1644,7,0
2024-08-06 14:00:00,76.69,76.76,76.01,76.07,1218,7,0
2024-08-06 15:00:00,76.07,76.16,75.45,75.64,2700,7,0
2024-08-06 16:00:00,75.64,76.54,75.52,76.46,4958,7,0
2024-08-06 17:00:00,76.46,76.99,76.32,76.92,4349,7,0
2024-08-06 18:00:00,76.91,76.95,76.04,76.7,4044,7,0
2024-08-06 19:00:00,76.7,76.9,76.39,76.43,2182,7,0
2024-08-06 20:00:00,76.44,76.73,76.28,76.62,1985,8,0
2024-08-06 21:00:00,76.62,76.86,76.19,76.3,1798,8,0
2024-08-06 22:00:00,76.3,76.3,76.11,76.11,630,9,0
2024-08-06 23:00:00,76.11,76.3,75.92,76.02,738,9,0
2024-08-07 00:00:00,76.02,76.07,76.02,76.07,2,23,0
2024-08-07 03:00:00,75.98,76.23,75.93,76.09,489,9,0
2024-08-07 04:00:00,76.1,76.23,75.75,76.16,1405,9,0
2024-08-07 05:00:00,76.16,76.37,76.07,76.28,876,9,0
2024-08-07 06:00:00,76.28,76.39,76.24,76.36,399,9,0
2024-08-07 07:00:00,76.36,76.62,76.35,76.53,377,10,0
2024-08-07 08:00:00,76.52,76.72,76.35,76.41,746,9,0
2024-08-07 09:00:00,76.41,76.42,76.18,76.32,789,9,0
2024-08-07 10:00:00,76.32,76.68,76.09,76.57,1491,8,0
2024-08-07 11:00:00,76.58,76.72,76.34,76.56,1816,8,0
2024-08-07 12:00:00,76.56,77.11,76.4,77.09,1519,8,0
2024-08-07 13:00:00,77.09,77.48,77.02,77.41,1193,8,0
2024-08-07 14:00:00,77.4,77.9,77.38,77.87,1107,8,0
2024-08-07 15:00:00,77.87,78.03,77.79,77.86,1806,8,0
2024-08-07 16:00:00,77.87,77.95,77.31,77.45,3663,7,0
2024-08-07 17:00:00,77.45,78.18,77.32,78.11,4212,7,0
2024-08-07 18:00:00,78.1,78.57,78.1,78.55,2843,8,0
2024-08-07 19:00:00,78.55,78.58,77.87,77.91,2125,8,0
2024-08-07 20:00:00,77.91,78.17,77.9,78.03,1881,8,0
2024-08-07 21:00:00,78.03,78.18,77.86,78.0,2054,8,0
2024-08-07 22:00:00,78.01,78.27,77.95,78.15,648,9,0
2024-08-07 23:00:00,78.15,78.29,78.08,78.1,414,10,0
2024-08-08 00:00:00,78.1,78.1,78.1,78.1,1,33,0
2024-08-08 03:00:00,78.28,78.31,78.1,78.18,721,9,0
2024-08-08 04:00:00,78.18,78.34,77.97,78.02,1434,9,0
2024-08-08 05:00:00,78.03,78.3,78.01,78.22,814,9,0
2024-08-08 06:00:00,78.22,78.36,78.14,78.28,549,10,0
2024-08-08 07:00:00,78.27,78.37,77.92,78.06,997,9,0
2024-08-08 08:00:00,78.06,78.18,77.84,77.85,776,9,0
2024-08-08 09:00:00,77.85,77.95,77.64,77.71,978,9,0
2024-08-08 10:00:00,77.71,77.9,77.49,77.73,1168,8,0
2024-08-08 11:00:00,77.74,78.13,77.66,77.83,2178,8,0
2024-08-08 12:00:00,77.82,77.94,77.33,77.44,1409,8,0
2024-08-08 13:00:00,77.44,77.9,77.44,77.88,1180,8,0
2024-08-08 14:00:00,77.89,78.12,77.83,78.0,1119,8,0
2024-08-08 15:00:00,78.01,78.34,77.75,78.25,2225,7,0
2024-08-08 16:00:00,78.26,78.31,77.73,77.95,3878,7,0
2024-08-08 17:00:00,77.96,78.63,77.74,78.49,3275,6,0
2024-08-08 18:00:00,78.49,78.7,78.29,78.3,2611,7,0
2024-08-08 19:00:00,78.31,78.76,78.25,78.6,1631,7,0
2024-08-08 20:00:00,78.6,79.03,78.57,78.99,1432,7,0
2024-08-08 21:00:00,78.99,79.02,78.64,78.71,1538,7,0
2024-08-08 22:00:00,78.71,78.78,78.62,78.72,605,7,0
2024-08-08 23:00:00,78.72,78.77,78.57,78.6,243,8,0
2024-08-09 00:00:00,78.6,78.66,78.6,78.66,2,23,0
2024-08-09 03:00:00,78.73,78.81,78.61,78.64,460,8,0
2024-08-09 04:00:00,78.64,78.88,78.48,78.86,1007,8,0
2024-08-09 05:00:00,78.86,78.92,78.75,78.88,413,8,0
2024-08-09 06:00:00,78.88,78.98,78.86,78.92,342,8,0
2024-08-09 07:00:00,78.92,78.96,78.86,78.86,214,8,0
2024-08-09 08:00:00,78.85,78.88,78.71,78.73,482,8,0
2024-08-09 09:00:00,78.72,78.87,78.64,78.81,560,8,0
2024-08-09 10:00:00,78.81,78.83,78.63,78.69,980,7,0
2024-08-09 11:00:00,78.69,78.86,78.43,78.78,1530,7,0
2024-08-09 12:00:00,78.78,78.91,78.63,78.91,839,7,0
2024-08-09 13:00:00,78.91,79.02,78.81,78.96,678,7,0
2024-08-09 14:00:00,78.97,79.22,78.93,79.19,726,7,0
2024-08-09 15:00:00,79.19,79.3,79.0,79.05,1099,7,0
2024-08-09 16:00:00,79.05,79.1,78.51,78.56,2841,7,0
2024-08-09 17:00:00,78.56,79.21,78.46,79.17,2676,7,0
2024-08-09 18:00:00,79.17,79.31,78.87,79.17,2448,7,0
2024-08-09 19:00:00,79.17,79.43,79.05,79.36,1116,7,0
2024-08-09 20:00:00,79.36,79.41,79.06,79.13,1026,7,0
2024-08-09 21:00:00,79.13,79.41,78.93,79.14,1651,7,0
2024-08-09 22:00:00,79.15,79.42,79.1,79.34,475,8,0
2024-08-09 23:00:00,79.34,79.36,79.24,79.31,313,9,0
2024-08-12 01:00:00,79.3,79.37,79.06,79.31,531,8,0
2024-08-12 02:00:00,79.31,79.32,79.11,79.11,173,8,0
2024-08-12 03:00:00,79.11,79.37,79.05,79.31,319,8,0
2024-08-12 04:00:00,79.31,79.38,79.06,79.36,922,8,0
2024-08-12 05:00:00,79.36,79.46,79.27,79.42,357,8,0
2024-08-12 06:00:00,79.41,79.42,79.3,79.34,290,8,0
2024-08-12 07:00:00,79.34,79.47,79.34,79.47,225,8,0
2024-08-12 08:00:00,79.46,79.54,79.42,79.51,409,8,0
2024-08-12 09:00:00,79.51,79.63,79.44,79.62,427,8,0
2024-08-12 10:00:00,79.62,79.77,79.61,79.74,528,7,0
2024-08-12 11:00:00,79.75,80.0,79.59,79.82,1100,7,0
2024-08-12 12:00:00,79.82,79.96,79.56,79.95,697,8,0
2024-08-12 13:00:00,79.95,80.0,79.83,79.93,481,8,0
2024-08-12 14:00:00,79.93,80.05,79.88,80.03,496,7,0
2024-08-12 15:00:00,80.03,80.2,79.88,80.2,860,7,0
2024-08-12 16:00:00,80.2,80.4,79.98,80.12,2205,7,0
2024-08-12 17:00:00,80.12,80.42,79.86,80.39,2240,7,0
2024-08-12 18:00:00,80.39,80.8,80.2,80.77,2138,7,0
2024-08-12 19:00:00,80.77,81.01,80.65,81.0,1102,7,0
2024-08-12 20:00:00,81.0,81.39,80.91,81.35,1088,8,0
2024-08-12 21:00:00,81.35,81.89,81.28,81.61,2270,7,0
2024-08-12 22:00:00,81.62,81.64,81.39,81.4,633,8,0
2024-08-12 23:00:00,81.4,81.49,81.31,81.34,263,9,0
2024-08-13 00:00:00,81.34,81.34,81.34,81.34,1,34,0
2024-08-13 03:00:00,81.38,81.4,81.24,81.25,486,8,0
2024-08-13 04:00:00,81.26,81.43,81.24,81.26,1006,7,0
2024-08-13 05:00:00,81.27,81.33,81.04,81.11,626,8,0
2024-08-13 06:00:00,81.12,81.17,80.97,81.11,610,8,0
2024-08-13 07:00:00,81.11,81.31,81.1,81.23,265,8,0
2024-08-13 08:00:00,81.23,81.26,81.08,81.09,518,8,0
2024-08-13 09:00:00,81.09,81.43,81.07,81.38,786,8,0
2024-08-13 10:00:00,81.38,81.42,81.27,81.33,907,8,0
2024-08-13 11:00:00,81.34,81.53,81.26,81.33,1173,7,0
2024-08-13 12:00:00,81.33,81.58,81.29,81.53,782,7,0
2024-08-13 13:00:00,81.53,81.75,81.32,81.32,715,7,0
2024-08-13 14:00:00,81.32,81.64,81.18,81.23,1341,7,0
2024-08-13 15:00:00,81.22,81.45,81.13,81.39,1356,7,0
2024-08-13 16:00:00,81.4,81.44,80.77,80.96,3316,7,0
2024-08-13 17:00:00,80.97,81.05,80.47,80.72,2578,7,0
2024-08-13 18:00:00,80.72,80.75,80.26,80.34,2077,7,0
2024-08-13 19:00:00,80.34,80.5,80.15,80.47,1303,7,0
2024-08-13 20:00:00,80.47,80.57,80.21,80.36,1118,8,0
2024-08-13 21:00:00,80.36,80.39,80.15,80.21,1432,7,0
2024-08-13 22:00:00,80.2,80.35,80.09,80.35,439,8,0
2024-08-13 23:00:00,80.35,80.5,80.2,80.36,471,8,0
2024-08-14 00:00:00,80.36,80.41,80.36,80.41,2,23,0
2024-08-14 03:00:00,80.51,80.63,80.44,80.58,320,8,0
2024-08-14 04:00:00,80.58,80.89,80.56,80.86,1144,8,0
2024-08-14 05:00:00,80.86,80.86,80.44,80.57,916,8,0
2024-08-14 06:00:00,80.57,80.71,80.4,80.7,440,8,0
2024-08-14 07:00:00,80.69,80.75,80.55,80.62,259,8,0
2024-08-14 08:00:00,80.61,80.75,80.6,80.67,526,8,0
2024-08-14 09:00:00,80.67,80.77,80.58,80.59,604,8,0
2024-08-14 10:00:00,80.6,80.82,80.45,80.63,1002,7,0
2024-08-14 11:00:00,80.63,80.82,80.47,80.79,1250,7,0
2024-08-14 12:00:00,80.79,80.91,80.42,80.48,804,7,0
2024-08-14 13:00:00,80.48,80.53,79.85,80.09,975,7,0
2024-08-14 14:00:00,80.1,80.29,79.93,80.2,915,8,0
2024-08-14 15:00:00,80.21,80.56,80.16,80.51,1692,7,0
2024-08-14 16:00:00,80.5,80.69,80.19,80.21,2492,7,0
2024-08-14 17:00:00,80.21,80.22,79.71,79.75,3338,7,0
2024-08-14 18:00:00,79.75,80.06,79.48,79.93,2665,7,0
2024-08-14 19:00:00,79.93,80.03,79.65,79.9,1400,8,0
2024-08-14 20:00:00,79.89,80.0,79.44,79.51,1393,8,0
2024-08-14 21:00:00,79.52,79.55,79.13,79.49,1738,8,0
2024-08-14 22:00:00,79.49,79.49,79.32,79.4,503,8,0
2024-08-14 23:00:00,79.4,79.41,79.26,79.3,307,8,0
2024-08-15 00:00:00,79.3,79.35,79.3,79.35,2,23,0
2024-08-15 03:00:00,79.4,79.49,79.33,79.36,378,8,0
2024-08-15 04:00:00,79.36,79.5,79.1,79.39,1177,8,0
2024-08-15 05:00:00,79.4,79.54,79.16,79.48,816,8,0
2024-08-15 06:00:00,79.48,79.54,79.39,79.44,403,8,0
2024-08-15 07:00:00,79.44,79.55,79.39,79.44,282,8,0
2024-08-15 08:00:00,79.44,79.44,79.25,79.37,413,8,0
2024-08-15 09:00:00,79.37,79.45,79.31,79.42,651,8,0
2024-08-15 10:00:00,79.42,79.75,79.35,79.67,837,7,0
2024-08-15 11:00:00,79.67,79.7,79.33,79.5,1265,8,0
2024-08-15 12:00:00,79.5,79.77,79.5,79.75,827,7,0
2024-08-15 13:00:00,79.75,79.89,79.64,79.72,777,7,0
2024-08-15 14:00:00,79.72,80.03,79.68,79.98,827,8,0
2024-08-15 15:00:00,79.98,80.1,79.71,79.74,1529,7,0
2024-08-15 16:00:00,79.74,80.57,79.69,80.31,2891,7,0
2024-08-15 17:00:00,80.32,80.67,80.0,80.65,2256,7,0
2024-08-15 18:00:00,80.65,80.83,80.45,80.71,1935,8,0
2024-08-15 19:00:00,80.71,80.75,80.56,80.63,939,7,0
2024-08-15 20:00:00,80.63,80.65,80.23,80.29,1014,8,0
2024-08-15 21:00:00,80.29,80.63,80.27,80.38,1403,7,0
2024-08-15 22:00:00,80.38,80.38,80.21,80.3,418,8,0
2024-08-15 23:00:00,80.3,80.33,80.23,80.24,258,8,0
2024-08-16 00:00:00,80.24,80.24,80.24,80.24,1,33,0
2024-08-16 03:00:00,80.28,80.32,80.12,80.26,466,8,0
2024-08-16 04:00:00,80.26,80.36,80.13,80.29,729,8,0
2024-08-16 05:00:00,80.29,80.32,80.15,80.31,324,8,0
2024-08-16 06:00:00,80.31,80.32,80.18,80.18,191,8,0
2024-08-16 07:00:00,80.18,80.19,80.09,80.13,221,8,0
2024-08-16 08:00:00,80.12,80.17,80.06,80.14,416,8,0
2024-08-16 09:00:00,80.13,80.27,80.09,80.12,516,8,0
2024-08-16 10:00:00,80.13,80.27,80.02,80.26,744,7,0
2024-08-16 11:00:00,80.27,80.36,79.69,79.75,1143,7,0
2024-08-16 12:00:00,79.75,79.75,79.25,79.41,936,7,0
2024-08-16 13:00:00,79.4,79.41,78.61,78.82,1263,7,0
2024-08-16 14:00:00,78.82,78.89,78.08,78.42,1627,7,0
2024-08-16 15:00:00,78.42,78.97,78.37,78.88,1740,7,0
2024-08-16 16:00:00,78.88,79.52,78.73,79.29,2478,7,0
2024-08-16 17:00:00,79.28,79.43,78.65,79.08,3117,7,0
2024-08-16 18:00:00,79.08,79.4,78.87,79.25,2501,7,0
2024-08-16 19:00:00,79.25,79.4,79.01,79.12,1352,7,0
2024-08-16 20:00:00,79.13,79.29,78.8,79.26,1114,7,0
2024-08-16 21:00:00,79.27,79.47,78.97,79.02,1423,8,0
2024-08-16 22:00:00,79.02,79.25,78.97,79.21,458,7,0
2024-08-16 23:00:00,79.21,79.27,79.02,79.04,268,9,0
2024-08-19 01:00:00,79.01,79.16,78.63,78.63,527,9,0
2024-08-19 02:00:00,78.63,78.76,78.63,78.75,199,8,0
2024-08-19 03:00:00,78.76,78.93,78.73,78.78,471,8,0
2024-08-19 04:00:00,78.78,79.1,78.65,79.04,967,8,0
2024-08-19 05:00:00,79.04,79.12,78.87,78.93,622,8,0
2024-08-19 06:00:00,78.93,79.04,78.87,78.96,568,8,0
2024-08-19 07:00:00,78.96,79.04,78.83,78.88,331,8,0
2024-08-19 08:00:00,78.89,78.92,78.71,78.81,701,8,0
2024-08-19 09:00:00,78.81,78.84,78.59,78.72,763,8,0
2024-08-19 10:00:00,78.72,78.98,78.46,78.46,868,7,0
2024-08-19 11:00:00,78.46,78.86,78.36,78.72,1667,7,0
2024-08-19 12:00:00,78.72,78.76,78.35,78.41,1037,7,0
2024-08-19 13:00:00,78.41,78.51,78.15,78.37,821,7,0
2024-08-19 14:00:00,78.37,78.65,78.33,78.56,804,7,0
2024-08-19 15:00:00,78.56,78.85,78.38,78.82,1479,7,0
2024-08-19 16:00:00,78.82,79.17,78.7,78.79,2344,7,0
2024-08-19 17:00:00,78.8,78.84,78.21,78.74,2581,7,0
2024-08-19 18:00:00,78.74,78.93,78.28,78.32,2277,7,0
2024-08-19 19:00:00,78.32,78.39,77.29,77.38,2819,7,0
2024-08-19 20:00:00,77.38,77.41,77.03,77.1,1962,7,0
2024-08-19 21:00:00,77.11,77.43,77.04,77.31,1586,7,0
2024-08-19 22:00:00,77.32,77.36,77.16,77.33,602,8,0
2024-08-19 23:00:00,77.33,77.43,77.2,77.22,321,8,0
2024-08-20 00:00:00,77.22,77.22,77.22,77.22,1,34,0
2024-08-20 03:00:00,77.2,77.2,76.85,77.06,511,8,0
2024-08-20 04:00:00,77.06,77.33,77.02,77.06,935,8,0
2024-08-20 05:00:00,77.06,77.06,76.8,76.85,433,8,0
2024-08-20 06:00:00,76.84,76.85,76.61,76.63,377,8,0
2024-08-20 07:00:00,76.64,76.73,76.62,76.69,228,8,0
2024-08-20 08:00:00,76.69,76.7,76.56,76.59,457,8,0
2024-08-20 09:00:00,76.58,76.89,76.47,76.86,884,7,0
2024-08-20 10:00:00,76.85,76.85,76.43,76.58,1033,7,0
2024-08-20 11:00:00,76.58,76.77,76.17,76.76,1734,7,0
2024-08-20 12:00:00,76.77,77.11,76.39,77.09,1446,7,0
2024-08-20 13:00:00,77.1,77.52,77.08,77.5,1159,7,0
2024-08-20 14:00:00,77.5,77.51,77.06,77.44,970,6,0
2024-08-20 15:00:00,77.43,77.47,77.08,77.08,1324,6,0
2024-08-20 16:00:00,77.08,77.8,76.98,77.74,3054,7,0
2024-08-20 17:00:00,77.74,77.83,76.89,77.0,2837,7,0
2024-08-20 18:00:00,77.0,77.16,76.56,76.73,3616,7,0
2024-08-20 19:00:00,76.73,77.08,76.6,76.83,1752,7,0
2024-08-20 20:00:00,76.83,76.86,76.63,76.76,1109,8,0
2024-08-20 21:00:00,76.76,76.89,76.61,76.79,1328,7,0
2024-08-20 22:00:00,76.79,76.84,76.66,76.68,530,8,0
2024-08-20 23:00:00,76.68,76.78,76.51,76.51,265,8,0
2024-08-21 03:00:00,76.57,76.73,76.54,76.68,278,8,0
2024-08-21 04:00:00,76.68,76.79,76.54,76.56,975,8,0
2024-08-21 05:00:00,76.57,76.64,76.42,76.48,426,8,0
2024-08-21 06:00:00,76.49,76.58,76.43,76.55,312,8,0
2024-08-21 07:00:00,76.54,76.59,76.53,76.57,198,8,0
2024-08-21 08:00:00,76.58,76.62,76.51,76.53,363,8,0
2024-08-21 09:00:00,76.52,76.91,76.48,76.87,664,7,0
2024-08-21 10:00:00,76.87,76.87,76.47,76.58,873,7,0
2024-08-21 11:00:00,76.58,76.85,76.48,76.8,1552,7,0
2024-08-21 12:00:00,76.81,77.04,76.67,76.98,959,7,0
2024-08-21 13:00:00,76.98,77.16,76.81,76.83,754,7,0
2024-08-21 14:00:00,76.82,76.94,76.64,76.91,869,7,0
2024-08-21 15:00:00,76.91,77.03,76.72,76.9,1175,7,0
2024-08-21 16:00:00,76.91,77.3,76.87,77.17,2534,7,0
2024-08-21 17:00:00,77.16,77.6,76.78,76.88,3656,6,0
2024-08-21 18:00:00,76.88,77.1,76.02,76.04,3761,7,0
2024-08-21 19:00:00,76.04,76.16,75.57,75.64,2574,7,0
2024-08-21 20:00:00,75.64,75.66,75.21,75.21,1824,7,0
2024-08-21 21:00:00,75.22,75.84,75.16,75.66,1789,7,0
2024-08-21 22:00:00,75.66,75.8,75.51,75.6,571,8,0
2024-08-21 23:00:00,75.6,75.64,75.46,75.49,342,9,0
2024-08-22 00:00:00,75.49,75.55,75.49,75.55,2,23,0
2024-08-22 03:00:00,75.43,75.58,75.42,75.42,357,8,0
2024-08-22 04:00:00,75.42,75.54,75.33,75.36,1006,8,0
2024-08-22 05:00:00,75.36,75.6,75.25,75.58,566,8,0
2024-08-22 06:00:00,75.59,75.61,75.51,75.52,366,8,0
2024-08-22 07:00:00,75.52,75.54,75.41,75.45,211,8,0
2024-08-22 08:00:00,75.45,75.6,75.44,75.5,470,8,0
2024-08-22 09:00:00,75.5,75.58,75.38,75.44,587,8,0
2024-08-22 10:00:00,75.45,75.62,75.34,75.37,1032,7,0
2024-08-22 11:00:00,75.37,75.66,75.3,75.55,1728,7,0
2024-08-22 12:00:00,75.56,75.95,75.49,75.91,1184,7,0
2024-08-22 13:00:00,75.91,76.04,75.65,75.89,1021,7,0
2024-08-22 14:00:00,75.89,76.07,75.87,76.03,1138,7,0
2024-08-22 15:00:00,76.03,76.13,75.69,76.01,1458,7,0
2024-08-22 16:00:00,76.02,76.24,75.68,76.14,3393,7,0
2024-08-22 17:00:00,76.14,76.67,75.98,76.61,3552,7,0
2024-08-22 18:00:00,76.6,76.87,76.35,76.79,2795,7,0
2024-08-22 19:00:00,76.79,77.06,76.75,76.87,1364,8,0
2024-08-22 20:00:00,76.87,76.97,76.61,76.68,1395,7,0
2024-08-22 21:00:00,76.67,76.86,76.38,76.41,1336,7,0
2024-08-22 22:00:00,76.41,76.51,76.39,76.46,419,8,0
2024-08-22 23:00:00,76.47,76.57,76.41,76.43,254,9,0
2024-08-23 00:00:00,76.43,76.43,76.43,76.43,1,34,0
2024-08-23 03:00:00,76.61,76.69,76.55,76.69,291,8,0
2024-08-23 04:00:00,76.69,76.72,76.54,76.56,749,8,0
2024-08-23 05:00:00,76.56,76.61,76.39,76.42,539,8,0
2024-08-23 06:00:00,76.42,76.66,76.41,76.61,444,8,0
2024-08-23 07:00:00,76.6,76.69,76.6,76.64,263,8,0
2024-08-23 08:00:00,76.64,76.67,76.54,76.57,481,8,0
2024-08-23 09:00:00,76.56,76.71,76.52,76.63,686,7,0
2024-08-23 10:00:00,76.62,76.94,76.56,76.89,1055,7,0
2024-08-23 11:00:00,76.89,77.16,76.79,77.15,1192,7,0
2024-08-23 12:00:00,77.15,77.37,77.1,77.28,875,8,0
2024-08-23 13:00:00,77.29,77.32,77.08,77.26,782,7,0
2024-08-23 14:00:00,77.25,77.79,77.22,77.77,766,8,0
2024-08-23 15:00:00,77.76,77.9,77.54,77.68,1504,7,0
2024-08-23 16:00:00,77.68,77.77,77.4,77.64,2882,7,0
2024-08-23 17:00:00,77.63,78.09,77.6,77.76,2773,7,0
2024-08-23 18:00:00,77.74,78.2,77.68,78.1,2073,7,0
2024-08-23 19:00:00,78.09,78.23,78.02,78.18,1107,7,0
2024-08-23 20:00:00,78.17,78.41,78.17,78.26,1005,8,0
2024-08-23 21:00:00,78.25,78.33,78.11,78.19,1250,8,0
2024-08-23 22:00:00,78.19,78.27,78.13,78.16,438,8,0
2024-08-23 23:00:00,78.16,78.23,78.13,78.18,199,8,0
2024-08-26 01:00:00,78.46,78.64,78.39,78.44,548,15,0
2024-08-26 02:00:00,78.44,78.7,78.27,78.65,269,13,0
2024-08-26 03:00:00,78.66,78.67,78.53,78.62,395,13,0
2024-08-26 04:00:00,78.62,78.72,78.54,78.67,862,13,0
2024-08-26 05:00:00,78.66,78.67,78.54,78.56,324,13,0
2024-08-26 06:00:00,78.56,78.7,78.53,78.6,314,13,0
2024-08-26 07:00:00,78.6,78.62,78.54,78.57,145,13,0
2024-08-26 08:00:00,78.58,78.62,78.52,78.55,297,13,0
2024-08-26 09:00:00,78.56,78.9,78.54,78.86,589,11,0
2024-08-26 10:00:00,78.87,78.96,78.7,78.91,814,7,0
2024-08-26 11:00:00,78.92,79.08,78.82,78.91,923,7,0
2024-08-26 12:00:00,78.91,79.04,78.79,78.8,609,7,0
2024-08-26 13:00:00,78.8,79.92,78.79,79.9,2090,7,0
2024-08-26 14:00:00,79.9,80.34,79.87,80.21,1308,7,0
2024-08-26 15:00:00,80.22,80.25,79.96,80.22,1751,7,0
2024-08-26 16:00:00,80.21,80.51,80.11,80.48,2351,7,0
2024-08-26 17:00:00,80.48,80.54,80.03,80.16,2398,7,0
2024-08-26 18:00:00,80.16,80.27,79.93,80.03,1971,7,0
2024-08-26 19:00:00,80.03,80.13,79.88,80.06,1437,7,0
2024-08-26 20:00:00,80.06,80.26,80.04,80.2,1281,7,0
2024-08-26 21:00:00,80.2,80.45,80.18,80.37,1204,8,0
2024-08-26 22:00:00,80.37,80.39,80.1,80.12,442,8,0
2024-08-26 23:00:00,80.12,80.14,79.98,80.01,286,8,0
2024-08-27 00:00:00,80.01,80.07,80.01,80.07,2,23,0
2024-08-27 03:00:00,80.13,80.15,80.04,80.08,294,8,0
2024-08-27 04:00:00,80.07,80.1,79.81,80.04,970,8,0
2024-08-27 05:00:00,80.04,80.17,79.97,80.1,469,8,0
2024-08-27 06:00:00,80.1,80.13,80.04,80.08,274,8,0
2024-08-27 07:00:00,80.07,80.16,80.03,80.13,274,8,0
2024-08-27 08:00:00,80.13,80.23,80.12,80.2,327,8,0
2024-08-27 09:00:00,80.19,80.41,80.19,80.33,665,8,0
2024-08-27 10:00:00,80.32,80.35,80.01,80.02,911,7,0
2024-08-27 11:00:00,80.04,80.22,79.84,79.92,1295,7,0
2024-08-27 12:00:00,79.93,79.97,79.48,79.66,1174,7,0
2024-08-27 13:00:00,79.66,79.99,79.62,79.92,727,7,0
2024-08-27 14:00:00,79.93,80.01,79.81,79.94,658,7,0
2024-08-27 15:00:00,79.94,80.0,79.58,79.76,1355,7,0
2024-08-27 16:00:00,79.75,79.92,79.5,79.61,2423,7,0
2024-08-27 17:00:00,79.61,79.65,79.01,79.24,2715,7,0
2024-08-27 18:00:00,79.22,79.34,78.83,78.94,2459,7,0
2024-08-27 19:00:00,78.93,78.96,78.55,78.56,1254,7,0
2024-08-27 20:00:00,78.57,78.77,78.52,78.66,1286,8,0
2024-08-27 21:00:00,78.66,78.86,78.51,78.7,1664,8,0
2024-08-27 22:00:00,78.71,78.76,78.63,78.75,480,8,0
2024-08-27 23:00:00,78.76,78.95,78.68,78.74,326,10,0
2024-08-28 00:00:00,78.74,78.8,78.74,78.8,2,22,0
2024-08-28 03:00:00,78.86,78.99,78.85,78.95,315,8,0
2024-08-28 04:00:00,78.94,79.01,78.77,78.8,668,9,0
2024-08-28 05:00:00,78.79,78.82,78.57,78.68,472,9,0
2024-08-28 06:00:00,78.68,78.71,78.57,78.68,296,10,0
2024-08-28 07:00:00,78.68,78.7,78.56,78.58,254,9,0
2024-08-28 08:00:00,78.59,78.61,78.46,78.56,480,10,0
2024-08-28 09:00:00,78.57,78.72,78.55,78.66,625,9,0
2024-08-28 10:00:00,78.65,78.67,78.35,78.39,1123,8,0
2024-08-28 11:00:00,78.4,78.44,77.57,78.07,2278,8,0
2024-08-28 12:00:00,78.06,78.16,77.7,77.8,1352,8,0
2024-08-28 13:00:00,77.8,77.84,77.23,77.29,1352,8,0
2024-08-28 14:00:00,77.3,77.58,77.07,77.53,1361,7,0
2024-08-28 15:00:00,77.54,77.98,77.37,77.88,1750,7,0
2024-08-28 16:00:00,77.89,78.1,77.51,77.72,3038,8,0
2024-08-28 17:00:00,77.72,78.16,77.2,78.13,3968,8,0
2024-08-28 18:00:00,78.12,78.41,77.65,77.79,3696,8,0
2024-08-28 19:00:00,77.79,78.08,77.66,78.03,1828,8,0
2024-08-28 20:00:00,78.02,78.1,77.56,77.69,1673,9,0
2024-08-28 21:00:00,77.7,77.78,77.41,77.58,1402,8,0
2024-08-28 22:00:00,77.58,77.72,77.55,77.66,467,8,0
2024-08-28 23:00:00,77.66,77.69,77.2,77.2,325,10,0
2024-08-29 00:00:00,77.2,77.2,77.2,77.2,1,34,0
2024-08-29 03:00:00,77.33,77.54,77.32,77.45,503,9,0
2024-08-29 04:00:00,77.45,77.69,77.45,77.6,688,9,0
2024-08-29 05:00:00,77.6,77.73,77.56,77.66,500,9,0
2024-08-29 06:00:00,77.66,77.66,77.56,77.6,282,10,0
2024-08-29 07:00:00,77.61,77.62,77.52,77.6,231,10,0
2024-08-29 08:00:00,77.6,77.72,77.57,77.71,354,9,0
2024-08-29 09:00:00,77.7,77.72,77.47,77.54,638,8,0
2024-08-29 10:00:00,77.54,77.73,77.43,77.61,997,8,0
2024-08-29 11:00:00,77.61,77.66,76.93,76.98,1998,7,0
2024-08-29 12:00:00,76.98,77.31,76.9,77.27,1061,8,0
2024-08-29 13:00:00,77.28,77.64,77.25,77.64,982,8,0
2024-08-29 14:00:00,77.63,77.86,77.52,77.82,975,8,0
2024-08-29 15:00:00,77.82,78.03,77.63,78.02,1486,7,0
2024-08-29 16:00:00,78.02,79.3,77.87,79.25,4387,7,0
2024-08-29 17:00:00,79.24,79.43,78.73,78.9,3590,8,0
2024-08-29 18:00:00,78.89,79.01,78.11,78.37,3845,7,0
2024-08-29 19:00:00,78.37,78.69,78.26,78.4,1806,7,0
2024-08-29 20:00:00,78.4,78.65,78.33,78.41,1460,8,0
2024-08-29 21:00:00,78.4,78.76,78.4,78.72,1683,8,0
2024-08-29 22:00:00,78.71,78.86,78.69,78.81,436,8,0
2024-08-29 23:00:00,78.81,78.81,78.69,78.71,237,10,0
2024-08-30 00:00:00,78.76,78.76,78.76,78.76,1,23,0
2024-08-30 03:00:00,78.5,78.63,78.46,78.6,431,9,0
2024-08-30 04:00:00,78.6,78.85,78.52,78.72,810,10,0
2024-08-30 05:00:00,78.71,78.85,78.7,78.84,503,10,0
2024-08-30 06:00:00,78.85,78.94,78.73,78.89,418,10,0
2024-08-30 07:00:00,78.89,78.91,78.82,78.89,288,9,0
2024-08-30 08:00:00,78.89,79.03,78.84,78.95,417,9,0
2024-08-30 09:00:00,78.95,79.04,78.91,78.98,611,9,0
2024-08-30 10:00:00,78.98,79.35,78.9,79.06,1280,8,0
2024-08-30 11:00:00,79.07,79.22,78.79,78.83,1782,7,0
2024-08-30 12:00:00,78.83,78.92,78.52,78.54,1437,7,0
2024-08-30 13:00:00,78.54,78.91,78.54,78.88,1074,7,0
2024-08-30 14:00:00,78.89,78.93,78.39,78.71,1237,7,0
2024-08-30 15:00:00,78.71,78.85,78.53,78.54,1754,7,0
2024-08-30 16:00:00,78.54,78.57,76.66,76.85,8229,6,0
2024-08-30 17:00:00,76.85,77.21,76.55,76.94,3974,7,0
2024-08-30 18:00:00,76.94,77.22,76.69,77.09,2913,6,0
2024-08-30 19:00:00,77.09,77.22,76.74,76.82,1844,6,0
2024-08-30 20:00:00,76.82,76.94,76.6,76.84,1570,7,0
2024-08-30 21:00:00,76.84,77.01,76.64,76.65,1940,7,0
2024-08-30 22:00:00,76.65,76.82,76.58,76.79,528,8,0
2024-08-30 23:00:00,76.8,76.89,76.76,76.82,271,10,0
2024-09-02 01:00:00,76.67,76.68,76.3,76.32,318,14,0
2024-09-02 02:00:00,76.32,76.34,76.08,76.11,115,13,0
2024-09-02 03:00:00,76.12,76.45,76.1,76.44,251,13,0
2024-09-02 04:00:00,76.45,76.53,76.17,76.21,769,13,0
2024-09-02 05:00:00,76.21,76.22,76.03,76.14,474,13,0
2024-09-02 06:00:00,76.15,76.16,76.03,76.13,261,13,0
2024-09-02 07:00:00,76.12,76.15,76.05,76.13,174,13,0
2024-09-02 08:00:00,76.13,76.27,76.1,76.21,307,13,0
2024-09-02 09:00:00,76.22,76.29,76.08,76.16,620,11,0
2024-09-02 10:00:00,76.15,76.68,76.15,76.58,991,11,0
2024-09-02 11:00:00,76.59,77.0,76.4,76.95,1588,8,0
2024-09-02 12:00:00,76.95,77.05,76.59,76.72,1055,8,0
2024-09-02 13:00:00,76.71,76.75,76.54,76.68,807,8,0
2024-09-02 14:00:00,76.68,77.0,76.64,76.65,787,7,0
2024-09-02 15:00:00,76.65,76.85,76.55,76.79,1036,8,0
2024-09-02 16:00:00,76.79,76.91,76.53,76.63,1538,8,0
2024-09-02 17:00:00,76.64,76.88,76.59,76.81,1202,8,0
2024-09-02 18:00:00,76.81,77.34,76.58,77.33,1810,8,0
2024-09-02 19:00:00,77.33,77.43,77.12,77.25,1011,7,0
2024-09-02 20:00:00,77.25,77.33,77.06,77.09,323,9,0
2024-09-03 03:00:00,76.88,77.07,76.85,77.07,389,8,0
2024-09-03 04:00:00,77.06,77.09,76.83,76.97,605,8,0
2024-09-03 05:00:00,76.97,77.25,76.97,77.08,530,8,0
2024-09-03 06:00:00,77.08,77.12,76.97,77.02,373,8,0
2024-09-03 07:00:00,77.02,77.05,76.98,77.02,211,8,0
2024-09-03 08:00:00,77.02,77.25,76.91,77.17,551,8,0
2024-09-03 09:00:00,77.18,77.22,77.08,77.19,637,8,0
2024-09-03 10:00:00,77.19,77.32,76.82,76.88,1093,7,0
2024-09-03 11:00:00,76.88,77.05,76.3,76.75,2453,7,0
2024-09-03 12:00:00,76.74,76.81,75.83,75.85,2435,7,0
2024-09-03 13:00:00,75.85,75.85,75.25,75.28,1852,7,0
2024-09-03 14:00:00,75.29,75.74,75.27,75.66,1483,7,0
2024-09-03 15:00:00,75.66,76.1,74.93,75.2,2769,7,0
2024-09-03 16:00:00,75.2,75.2,74.06,74.11,4786,7,0
2024-09-03 17:00:00,74.11,74.22,73.75,73.87,3973,7,0
2024-09-03 18:00:00,73.86,74.28,73.71,73.89,3280,7,0
2024-09-03 19:00:00,73.89,74.1,73.48,73.57,1980,7,0
2024-09-03 20:00:00,73.57,73.75,73.4,73.43,1302,7,0
2024-09-03 21:00:00,73.42,73.67,73.37,73.5,990,8,0
2024-09-03 22:00:00,73.5,73.73,73.5,73.63,508,8,0
2024-09-03 23:00:00,73.62,73.69,73.36,73.4,305,8,0
2024-09-04 00:00:00,73.4,73.4,73.4,73.4,1,33,0
2024-09-04 03:00:00,73.52,73.58,73.25,73.26,512,8,0
2024-09-04 04:00:00,73.26,73.33,73.08,73.21,1140,8,0
2024-09-04 05:00:00,73.21,73.22,73.0,73.13,578,8,0
2024-09-04 06:00:00,73.13,73.3,73.1,73.16,558,8,0
2024-09-04 07:00:00,73.16,73.26,73.13,73.19,264,8,0
2024-09-04 08:00:00,73.19,73.32,73.17,73.3,489,8,0
2024-09-04 09:00:00,73.3,73.37,72.98,73.03,829,8,0
2024-09-04 10:00:00,73.03,73.06,72.53,72.56,1612,7,0
2024-09-04 11:00:00,72.55,73.41,72.49,73.26,2812,7,0
2024-09-04 12:00:00,73.26,73.73,73.16,73.23,2142,7,0
2024-09-04 13:00:00,73.23,74.6,73.11,74.43,3871,7,0
2024-09-04 14:00:00,74.42,74.44,73.87,73.96,1654,7,0
2024-09-04 15:00:00,73.96,74.01,73.0,73.5,2666,7,0
2024-09-04 16:00:00,73.5,73.67,72.7,73.05,4756,7,0
2024-09-04 17:00:00,73.04,73.94,72.59,73.01,6179,7,0
2024-09-04 18:00:00,73.01,73.57,72.99,73.14,4589,7,0
2024-09-04 19:00:00,73.13,73.2,72.94,73.06,1693,7,0
2024-09-04 20:00:00,73.06,73.06,72.6,72.64,1265,7,0
2024-09-04 21:00:00,72.64,72.83,72.43,72.44,1779,7,0
2024-09-04 22:00:00,72.44,72.45,72.19,72.24,638,8,0
2024-09-04 23:00:00,72.24,72.53,72.19,72.43,460,8,0
2024-09-05 00:00:00,72.43,72.43,72.43,72.43,1,34,0
2024-09-05 03:00:00,72.55,72.77,72.55,72.73,422,8,0
2024-09-05 04:00:00,72.72,72.97,72.69,72.82,875,8,0
2024-09-05 05:00:00,72.83,72.9,72.75,72.8,504,8,0
2024-09-05 06:00:00,72.79,72.8,72.6,72.63,367,8,0
2024-09-05 07:00:00,72.63,72.79,72.63,72.76,256,8,0
2024-09-05 08:00:00,72.75,72.79,72.64,72.77,446,8,0
2024-09-05 09:00:00,72.77,72.87,72.65,72.83,767,8,0
2024-09-05 10:00:00,72.83,73.04,72.67,72.93,1177,7,0
2024-09-05 11:00:00,72.93,73.17,72.87,73.07,1534,7,0
2024-09-05 12:00:00,73.07,73.45,73.01,73.06,1428,7,0
2024-09-05 13:00:00,73.06,73.15,72.76,73.07,853,7,0
2024-09-05 14:00:00,73.07,73.21,72.8,72.94,1320,8,0
2024-09-05 15:00:00,72.93,73.3,72.86,73.12,1824,7,0
2024-09-05 16:00:00,73.12,73.38,72.67,73.1,3191,7,0
2024-09-05 17:00:00,73.11,73.97,73.1,73.72,4937,7,0
2024-09-05 18:00:00,73.74,73.85,72.73,72.79,4373,7,0
2024-09-05 19:00:00,72.79,72.97,72.3,72.64,2209,7,0
2024-09-05 20:00:00,72.64,72.64,72.21,72.29,1550,7,0
2024-09-05 21:00:00,72.28,72.71,72.27,72.66,1709,8,0
2024-09-05 22:00:00,72.66,72.7,72.49,72.52,370,8,0
2024-09-05 23:00:00,72.52,72.62,72.46,72.52,262,9,0
2024-09-06 00:00:00,72.53,72.53,72.52,72.52,2,33,0
2024-09-06 03:00:00,72.64,72.74,72.54,72.63,445,8,0
2024-09-06 04:00:00,72.63,72.78,72.52,72.67,743,8,0
2024-09-06 05:00:00,72.68,72.73,72.51,72.63,478,8,0
2024-09-06 06:00:00,72.63,72.65,72.46,72.52,444,8,0
2024-09-06 07:00:00,72.53,72.65,72.46,72.64,187,8,0
2024-09-06 08:00:00,72.64,72.66,72.42,72.65,519,8,0
2024-09-06 09:00:00,72.64,73.0,72.64,73.0,756,7,0
2024-09-06 10:00:00,73.0,73.0,72.67,72.91,1193,7,0
2024-09-06 11:00:00,72.91,73.06,72.32,72.55,1898,7,0
2024-09-06 12:00:00,72.56,72.93,72.43,72.91,1375,7,0
2024-09-06 13:00:00,72.91,73.0,72.47,72.48,1001,7,0
2024-09-06 14:00:00,72.48,72.96,72.44,72.86,1217,7,0
2024-09-06 15:00:00,72.86,73.18,72.74,72.74,2447,7,0
2024-09-06 16:00:00,72.73,73.33,72.63,73.22,3477,7,0
2024-09-06 17:00:00,73.23,73.32,71.17,71.41,4747,7,0
2024-09-06 18:00:00,71.4,71.78,70.86,70.89,4356,7,0
2024-09-06 19:00:00,70.89,71.05,70.44,70.81,2900,7,0
2024-09-06 20:00:00,70.8,71.2,70.77,70.87,2005,7,0
2024-09-06 21:00:00,70.88,71.22,70.78,71.22,1706,7,0
2024-09-06 22:00:00,71.23,71.37,71.16,71.35,738,7,0
2024-09-06 23:00:00,71.35,71.37,71.2,71.27,341,8,0
2024-09-09 01:00:00,71.29,71.44,71.21,71.42,387,8,0
2024-09-09 02:00:00,71.42,71.51,71.34,71.48,227,8,0
2024-09-09 03:00:00,71.48,71.7,71.47,71.5,553,8,0
2024-09-09 04:00:00,71.5,71.88,71.33,71.68,1571,8,0
2024-09-09 05:00:00,71.68,71.88,71.63,71.69,746,8,0
2024-09-09 06:00:00,71.69,71.96,71.67,71.72,602,7,0
2024-09-09 07:00:00,71.72,71.79,71.67,71.74,283,8,0
2024-09-09 08:00:00,71.74,71.79,71.37,71.41,690,8,0
2024-09-09 09:00:00,71.41,71.69,71.36,71.67,1005,7,0
2024-09-09 10:00:00,71.66,71.97,71.57,71.81,1283,7,0
2024-09-09 11:00:00,71.81,72.0,71.48,71.51,1992,7,0
2024-09-09 12:00:00,71.51,71.74,71.47,71.56,1428,7,0
2024-09-09 13:00:00,71.56,71.63,71.18,71.4,1347,7,0
2024-09-09 14:00:00,71.4,71.87,71.26,71.69,1476,7,0
2024-09-09 15:00:00,71.68,71.69,71.21,71.24,1749,7,0
2024-09-09 16:00:00,71.24,71.35,70.44,70.77,4614,7,0
2024-09-09 17:00:00,70.77,71.62,70.77,71.5,4069,7,0
2024-09-09 18:00:00,71.5,71.62,70.81,71.26,3538,7,0
2024-09-09 19:00:00,71.26,71.84,71.16,71.73,2061,7,0
2024-09-09 20:00:00,71.73,71.77,71.33,71.57,1571,7,0
2024-09-09 21:00:00,71.57,71.79,71.5,71.66,1696,7,0
2024-09-09 22:00:00,71.66,71.68,71.42,71.43,502,8,0
2024-09-09 23:00:00,71.44,71.73,71.44,71.56,306,8,0
2024-09-10 00:00:00,71.56,71.56,71.56,71.56,1,34,0
2024-09-10 03:00:00,71.67,71.77,71.56,71.76,430,7,0
2024-09-10 04:00:00,71.76,72.0,71.63,71.7,1246,8,0
2024-09-10 05:00:00,71.71,71.73,71.54,71.57,596,8,0
2024-09-10 06:00:00,71.57,71.64,71.46,71.47,437,8,0
2024-09-10 11:00:00,70.92,70.95,70.84,70.94,237,7,0
2024-09-10 12:00:00,70.94,70.94,70.48,70.72,1765,7,0
2024-09-10 13:00:00,70.78,71.06,70.71,71.04,637,7,0
2024-09-10 14:00:00,70.96,71.02,70.66,70.78,1006,7,0
2024-09-10 15:00:00,70.71,71.13,70.59,71.11,1544,7,0
2024-09-10 16:00:00,71.11,71.58,70.61,70.62,4152,7,0
2024-09-10 17:00:00,70.63,70.7,68.86,69.32,7967,7,0
2024-09-10 18:00:00,69.32,69.58,68.45,68.71,5188,7,0
2024-09-10 19:00:00,68.72,69.02,68.65,68.8,2568,8,0
2024-09-10 20:00:00,68.79,69.13,68.76,68.83,1601,8,0
2024-09-10 21:00:00,68.83,69.26,68.69,69.23,1692,7,0
2024-09-10 22:00:00,69.22,69.41,69.19,69.36,451,8,0
2024-09-10 23:00:00,69.36,69.57,69.3,69.37,495,8,0
2024-09-11 00:00:00,69.37,69.37,69.37,69.37,1,33,0
2024-09-11 03:00:00,69.44,69.5,69.24,69.27,526,8,0
2024-09-11 04:00:00,69.26,69.39,69.07,69.3,1267,8,0
2024-09-11 05:00:00,69.31,69.58,69.28,69.44,839,8,0
2024-09-11 06:00:00,69.44,69.44,69.24,69.35,557,8,0
2024-09-11 07:00:00,69.35,69.39,69.21,69.35,297,8,0
2024-09-11 08:00:00,69.34,69.76,69.3,69.66,725,8,0
2024-09-11 09:00:00,69.65,70.08,69.54,70.0,1498,7,0
2024-09-11 10:00:00,70.0,70.23,69.78,70.03,1867,7,0
2024-09-11 11:00:00,70.03,70.3,69.88,70.26,2013,7,0
2024-09-11 12:00:00,70.26,70.56,70.08,70.45,1369,7,0
2024-09-11 13:00:00,70.45,70.65,70.24,70.28,1071,8,0
2024-09-11 14:00:00,70.27,70.57,70.23,70.37,1108,7,0
2024-09-11 15:00:00,70.37,70.42,69.97,70.08,2357,7,0
2024-09-11 16:00:00,70.08,70.32,69.47,69.65,4764,6,0
2024-09-11 17:00:00,69.66,69.78,68.75,69.29,6068,7,0
2024-09-11 18:00:00,69.28,70.32,69.14,70.2,4889,6,0
2024-09-11 19:00:00,70.19,70.66,69.89,70.61,2723,7,0
2024-09-11 20:00:00,70.61,70.78,70.38,70.53,1779,8,0
2024-09-11 21:00:00,70.53,70.54,70.24,70.24,1425,7,0
2024-09-11 22:00:00,70.24,70.29,70.12,70.18,631,8,0
2024-09-11 23:00:00,70.18,70.41,70.17,70.33,305,8,0
2024-09-12 00:00:00,70.33,70.33,70.33,70.33,1,33,0
2024-09-12 03:00:00,70.32,70.58,70.32,70.57,495,8,0
2024-09-12 04:00:00,70.57,70.76,70.37,70.42,1127,8,0
2024-09-12 05:00:00,70.42,70.61,70.39,70.6,679,8,0
2024-09-12 06:00:00,70.61,70.77,70.54,70.76,481,8,0
2024-09-12 07:00:00,70.76,70.82,70.7,70.82,241,8,0
2024-09-12 08:00:00,70.83,71.11,70.75,71.11,709,8,0
2024-09-12 09:00:00,71.1,71.38,71.04,71.29,939,8,0
2024-09-12 10:00:00,71.29,71.53,71.18,71.29,1198,7,0
2024-09-12 11:00:00,71.29,71.3,70.93,70.95,1689,7,0
2024-09-12 12:00:00,70.95,71.51,70.84,71.51,1378,7,0
2024-09-12 13:00:00,71.51,71.56,71.22,71.34,1117,7,0
2024-09-12 14:00:00,71.32,71.46,71.18,71.24,1151,7,0
2024-09-12 15:00:00,71.24,71.26,70.88,70.92,1955,7,0
2024-09-12 16:00:00,70.92,71.35,70.67,70.72,3772,7,0
2024-09-12 17:00:00,70.73,71.8,70.67,71.75,3417,7,0
2024-09-12 18:00:00,71.75,72.48,71.74,72.01,4049,7,0
2024-09-12 19:00:00,72.01,72.25,71.78,72.03,2223,8,0
2024-09-12 20:00:00,72.03,72.05,71.71,71.8,1459,8,0
2024-09-12 21:00:00,71.8,71.83,71.56,71.79,1807,8,0
2024-09-12 22:00:00,71.8,71.89,71.73,71.88,446,7,0
2024-09-12 23:00:00,71.87,71.88,71.66,71.67,281,8,0
2024-09-13 00:00:00,71.71,71.71,71.71,71.71,1,23,0
2024-09-13 03:00:00,71.92,72.01,71.82,71.91,440,8,0
2024-09-13 04:00:00,71.91,72.05,71.78,71.91,891,8,0
2024-09-13 05:00:00,71.91,71.93,71.79,71.83,620,8,0
2024-09-13 06:00:00,71.83,71.96,71.8,71.9,403,8,0
2024-09-13 07:00:00,71.9,72.03,71.88,71.99,264,8,0
2024-09-13 08:00:00,71.99,72.09,71.96,71.99,634,8,0
2024-09-13 09:00:00,71.98,72.09,71.88,72.02,838,8,0
2024-09-13 10:00:00,72.02,72.05,71.77,71.81,1345,7,0
2024-09-13 11:00:00,71.82,72.13,71.77,72.11,1814,7,0
2024-09-13 12:00:00,72.11,72.33,71.9,72.23,1297,7,0
2024-09-13 13:00:00,72.23,72.31,72.09,72.19,823,7,0
2024-09-13 14:00:00,72.18,72.36,72.15,72.31,1051,7,0
2024-09-13 15:00:00,72.31,72.61,72.13,72.46,1736,7,0
2024-09-13 16:00:00,72.45,72.55,72.01,72.52,3002,7,0
2024-09-13 17:00:00,72.51,72.78,72.37,72.48,2393,7,0
2024-09-13 18:00:00,72.48,72.54,71.87,71.92,2832,7,0
2024-09-13 19:00:00,71.91,72.01,71.43,71.56,2034,7,0
2024-09-13 20:00:00,71.56,71.61,71.27,71.33,1498,8,0
2024-09-13 21:00:00,71.34,71.5,71.08,71.47,1751,7,0
2024-09-13 22:00:00,71.47,71.74,71.43,71.72,454,8,0
2024-09-13 23:00:00,71.71,71.75,71.56,71.61,288,9,0
2024-09-16 01:00:00,71.61,71.82,71.34,71.38,330,8,0
2024-09-16 02:00:00,71.38,71.39,71.28,71.28,153,8,0
2024-09-16 03:00:00,71.28,71.38,71.12,71.3,434,8,0
2024-09-16 04:00:00,71.29,71.36,71.22,71.31,411,8,0
2024-09-16 05:00:00,71.31,71.4,71.25,71.33,355,8,0
2024-09-16 06:00:00,71.32,71.34,71.17,71.22,318,8,0
2024-09-16 07:00:00,71.22,71.22,71.08,71.11,281,8,0
2024-09-16 08:00:00,71.12,71.31,71.11,71.31,321,8,0
2024-09-16 09:00:00,71.3,71.54,71.24,71.54,590,8,0
2024-09-16 10:00:00,71.55,71.92,71.46,71.71,922,7,0
2024-09-16 11:00:00,71.72,71.85,71.51,71.83,1374,7,0
2024-09-16 12:00:00,71.84,71.97,71.29,71.58,1231,7,0
2024-09-16 13:00:00,71.58,71.63,71.27,71.33,1022,7,0
2024-09-16 14:00:00,71.34,71.83,71.24,71.75,1291,7,0
2024-09-16 15:00:00,71.75,72.07,71.5,72.07,1605,7,0
2024-09-16 16:00:00,72.06,72.62,72.03,72.54,2852,7,0
2024-09-16 17:00:00,72.54,72.9,72.05,72.36,2992,7,0
2024-09-16 18:00:00,72.36,72.4,71.91,72.17,2953,7,0
2024-09-16 19:00:00,72.16,72.23,71.97,72.11,1720,7,0
2024-09-16 20:00:00,72.11,72.45,72.07,72.44,1189,8,0
2024-09-16 21:00:00,72.44,72.54,72.23,72.36,1651,7,0
2024-09-16 22:00:00,72.36,72.59,72.36,72.49,363,7,0
2024-09-16 23:00:00,72.49,72.51,72.38,72.38,311,9,0
2024-09-17 00:00:00,72.43,72.43,72.43,72.43,1,23,0
2024-09-17 03:00:00,72.46,72.48,72.37,72.4,248,8,0
2024-09-17 04:00:00,72.39,72.64,72.38,72.53,295,8,0
2024-09-17 05:00:00,72.54,72.61,72.47,72.57,339,8,0
2024-09-17 06:00:00,72.57,72.63,72.57,72.58,251,8,0
2024-09-17 07:00:00,72.58,72.62,72.55,72.56,232,8,0
2024-09-17 08:00:00,72.56,72.67,72.55,72.64,286,7,0
2024-09-17 09:00:00,72.64,72.73,72.57,72.7,411,8,0
2024-09-17 10:00:00,72.7,72.72,72.11,72.11,1048,7,0
2024-09-17 11:00:00,72.11,72.43,72.06,72.41,1491,6,0
2024-09-17 12:00:00,72.41,72.49,71.89,71.92,1304,7,0
2024-09-17 13:00:00,71.91,72.2,71.74,72.17,1000,7,0
2024-09-17 14:00:00,72.18,72.41,72.12,72.34,929,7,0
2024-09-17 15:00:00,72.34,72.55,71.99,72.32,1631,7,0
2024-09-17 16:00:00,72.31,72.84,72.1,72.75,2458,7,0
2024-09-17 17:00:00,72.76,73.13,72.68,72.89,1877,7,0
2024-09-17 18:00:00,72.89,73.28,72.73,73.25,2500,7,0
2024-09-17 19:00:00,73.25,73.72,73.17,73.51,1607,7,0
2024-09-17 20:00:00,73.51,73.61,73.23,73.28,1300,8,0
2024-09-17 21:00:00,73.28,73.34,73.03,73.33,1517,8,0
2024-09-17 22:00:00,73.33,73.38,73.26,73.29,418,8,0
2024-09-17 23:00:00,73.29,73.36,73.0,73.05,497,8,0
2024-09-18 00:00:00,73.05,73.05,73.05,73.05,1,34,0
2024-09-18 03:00:00,73.1,73.2,73.05,73.13,509,8,0
2024-09-18 04:00:00,73.13,73.2,72.68,72.83,2285,8,0
2024-09-18 05:00:00,72.83,72.96,72.73,72.8,959,8,0
2024-09-18 06:00:00,72.8,72.85,72.7,72.83,459,8,0
2024-09-18 07:00:00,72.83,72.87,72.66,72.7,235,8,0
2024-09-18 08:00:00,72.7,72.79,72.5,72.67,728,8,0
2024-09-18 09:00:00,72.67,72.78,72.55,72.61,814,8,0
2024-09-18 10:00:00,72.62,72.78,72.55,72.67,1041,7,0
2024-09-18 11:00:00,72.67,72.72,72.16,72.26,1596,7,0
2024-09-18 12:00:00,72.25,72.26,71.77,71.84,1297,7,0
2024-09-18 13:00:00,71.84,72.33,71.77,72.2,1369,7,0
2024-09-18 14:00:00,72.2,72.57,72.14,72.49,1080,7,0
2024-09-18 15:00:00,72.49,72.78,72.35,72.68,1554,8,0
2024-09-18 16:00:00,72.68,72.93,72.39,72.82,3507,7,0
2024-09-18 17:00:00,72.82,73.01,72.51,72.82,3362,7,0
2024-09-18 18:00:00,72.82,73.26,72.16,72.51,3472,7,0
2024-09-18 19:00:00,72.51,72.8,72.41,72.73,2184,6,0
2024-09-18 20:00:00,72.73,72.83,72.55,72.76,1368,7,0
2024-09-18 21:00:00,72.76,73.46,72.53,72.64,4235,8,0
2024-09-18 22:00:00,72.63,72.67,72.14,72.21,1759,8,0
2024-09-18 23:00:00,72.21,72.4,72.16,72.21,503,8,0
2024-09-19 00:00:00,72.21,72.21,72.21,72.21,1,33,0
2024-09-19 03:00:00,72.54,72.88,72.54,72.75,945,8,0
2024-09-19 04:00:00,72.75,72.75,72.26,72.45,1319,8,0
2024-09-19 05:00:00,72.45,72.91,72.44,72.82,1323,8,0
2024-09-19 06:00:00,72.82,73.06,72.81,73.06,711,8,0
2024-09-19 07:00:00,73.06,73.12,72.97,73.1,354,8,0
2024-09-19 08:00:00,73.1,73.26,73.07,73.23,711,8,0
2024-09-19 09:00:00,73.24,73.62,73.24,73.61,969,8,0
2024-09-19 10:00:00,73.61,73.87,73.41,73.87,1203,7,0
2024-09-19 11:00:00,73.88,74.07,73.66,73.76,1594,7,0
2024-09-19 12:00:00,73.76,74.03,73.76,73.87,1088,7,0
2024-09-19 13:00:00,73.87,73.88,73.41,73.58,1004,7,0
2024-09-19 14:00:00,73.59,73.77,73.58,73.71,1169,7,0
2024-09-19 15:00:00,73.71,74.13,73.64,74.07,1510,7,0
2024-09-19 16:00:00,74.07,74.1,73.2,73.53,3504,7,0
2024-09-19 17:00:00,73.54,73.87,73.38,73.62,3362,7,0
2024-09-19 18:00:00,73.63,74.4,73.61,74.23,2496,8,0
2024-09-19 19:00:00,74.23,74.46,74.14,74.16,1327,8,0
2024-09-19 20:00:00,74.16,74.22,73.95,74.05,1095,9,0
2024-09-19 21:00:00,74.05,74.18,73.93,73.97,1181,8,0
2024-09-19 22:00:00,73.97,74.07,73.95,74.03,386,9,0
2024-09-19 23:00:00,74.04,74.09,73.95,73.96,268,10,0
2024-09-20 00:00:00,73.96,73.96,73.96,73.96,1,33,0
2024-09-20 03:00:00,74.01,74.02,73.86,73.9,448,9,0
2024-09-20 04:00:00,73.9,73.92,73.74,73.81,888,9,0
2024-09-20 05:00:00,73.81,73.93,73.7,73.88,692,9,0
2024-09-20 06:00:00,73.89,74.03,73.88,73.95,521,9,0
2024-09-20 07:00:00,73.96,73.96,73.89,73.93,201,10,0
2024-09-20 08:00:00,73.93,73.93,73.8,73.86,426,10,0
2024-09-20 09:00:00,73.85,74.07,73.84,73.98,694,8,0
2024-09-20 10:00:00,73.98,74.02,73.7,73.76,712,8,0
2024-09-20 11:00:00,73.76,73.95,73.63,73.94,1470,8,0
2024-09-20 12:00:00,73.94,74.03,73.76,73.77,806,8,0
2024-09-20 13:00:00,73.77,73.8,73.48,73.77,1028,8,0
2024-09-20 14:00:00,73.77,73.93,73.66,73.81,984,8,0
2024-09-20 15:00:00,73.81,73.83,73.63,73.74,1194,8,0
2024-09-20 16:00:00,73.74,73.85,73.3,73.4,2923,6,0
2024-09-20 17:00:00,73.4,73.86,73.28,73.81,2196,7,0
2024-09-20 18:00:00,73.81,74.24,73.61,73.75,2827,7,0
2024-09-20 19:00:00,73.75,74.2,73.67,74.09,1548,7,0
2024-09-20 20:00:00,74.09,74.15,73.87,74.13,965,7,0
2024-09-20 21:00:00,74.13,74.13,73.65,73.98,1362,7,0
2024-09-20 22:00:00,73.98,74.11,73.93,73.98,459,8,0
2024-09-20 23:00:00,73.98,74.0,73.84,73.94,271,9,0
2024-09-23 01:00:00,74.0,74.07,73.69,73.73,682,8,0
2024-09-23 02:00:00,73.73,73.78,73.62,73.76,230,9,0
2024-09-23 03:00:00,73.76,74.01,73.73,73.96,433,8,0
2024-09-23 04:00:00,73.96,74.36,73.94,74.31,1074,8,0
2024-09-23 05:00:00,74.31,74.31,74.13,74.15,640,8,0
2024-09-23 06:00:00,74.15,74.33,74.12,74.28,510,8,0
2024-09-23 07:00:00,74.28,74.37,74.27,74.34,199,8,0
2024-09-23 08:00:00,74.33,74.38,74.26,74.3,531,8,0
2024-09-23 09:00:00,74.31,74.35,74.0,74.0,902,8,0
2024-09-23 10:00:00,74.01,74.08,73.47,73.8,1767,7,0
2024-09-23 11:00:00,73.81,74.03,73.52,73.65,1949,7,0
2024-09-23 12:00:00,73.65,73.98,73.58,73.86,1606,7,0
2024-09-23 13:00:00,73.86,74.05,73.8,73.84,1225,7,0
2024-09-23 14:00:00,73.85,74.11,73.83,74.03,888,7,0
2024-09-23 15:00:00,74.03,74.1,73.58,73.8,1728,6,0
2024-09-23 16:00:00,73.8,74.42,73.63,74.33,3126,7,0
2024-09-23 17:00:00,74.34,74.46,73.73,73.83,3141,7,0
2024-09-23 18:00:00,73.83,73.83,72.73,72.89,4148,6,0
2024-09-23 19:00:00,72.89,72.99,72.44,72.88,3383,7,0
2024-09-23 20:00:00,72.88,73.32,72.85,73.21,1680,7,0
2024-09-23 21:00:00,73.21,73.32,73.13,73.23,1403,7,0
2024-09-23 22:00:00,73.22,73.41,73.21,73.39,497,8,0
2024-09-23 23:00:00,73.39,73.5,73.34,73.45,278,9,0
2024-09-24 00:00:00,73.45,73.51,73.45,73.51,2,22,0
2024-09-24 03:00:00,73.41,73.48,73.26,73.27,430,8,0
2024-09-24 04:00:00,73.28,73.77,73.26,73.59,1400,8,0
2024-09-24 05:00:00,73.59,73.8,73.48,73.79,807,7,0
2024-09-24 06:00:00,73.79,73.96,73.75,73.88,576,7,0
2024-09-24 07:00:00,73.88,73.95,73.83,73.95,345,8,0
2024-09-24 08:00:00,73.95,74.08,73.89,73.96,613,8,0
2024-09-24 09:00:00,73.96,74.12,73.92,74.11,960,7,0
2024-09-24 10:00:00,74.11,74.29,74.04,74.11,798,7,0
2024-09-24 11:00:00,74.12,74.7,74.09,74.65,1612,7,0
2024-09-24 12:00:00,74.65,74.98,74.65,74.96,1092,7,0
2024-09-24 13:00:00,74.96,75.11,74.64,74.75,1172,7,0
2024-09-24 14:00:00,74.76,74.96,74.69,74.73,1098,8,0
2024-09-24 15:00:00,74.73,74.8,74.52,74.72,1430,6,0
2024-09-24 16:00:00,74.73,75.09,74.43,74.6,3148,7,0
2024-09-24 17:00:00,74.6,74.6,74.01,74.47,3406,7,0
2024-09-24 18:00:00,74.47,74.55,73.96,74.38,3316,6,0
2024-09-24 19:00:00,74.38,74.5,74.14,74.25,1970,7,0
2024-09-24 20:00:00,74.25,74.39,74.18,74.27,1192,7,0
2024-09-24 21:00:00,74.26,74.54,74.18,74.51,1106,7,0
2024-09-24 22:00:00,74.5,74.56,74.4,74.42,387,7,0
2024-09-24 23:00:00,74.43,74.47,74.32,74.33,352,8,0
2024-09-25 00:00:00,74.33,74.33,74.33,74.33,1,34,0
2024-09-25 03:00:00,74.43,74.47,74.28,74.3,347,7,0
2024-09-25 04:00:00,74.31,74.63,74.2,74.31,1383,7,0
2024-09-25 05:00:00,74.31,74.36,74.18,74.22,636,8,0
2024-09-25 06:00:00,74.22,74.22,74.08,74.21,580,8,0
2024-09-25 07:00:00,74.21,74.32,74.2,74.26,219,8,0
2024-09-25 08:00:00,74.27,74.3,74.04,74.14,655,8,0
2024-09-25 09:00:00,74.13,74.26,74.1,74.22,1185,7,0
2024-09-25 10:00:00,74.22,74.27,73.99,74.15,1030,7,0
2024-09-25 11:00:00,74.17,74.52,74.03,74.51,1713,7,0
2024-09-25 12:00:00,74.52,74.52,73.9,74.09,1680,7,0
2024-09-25 13:00:00,74.09,74.1,73.87,74.0,980,7,0
2024-09-25 14:00:00,74.0,74.1,73.41,73.45,1352,7,0
2024-09-25 15:00:00,73.45,73.46,72.92,73.34,2270,7,0
2024-09-25 16:00:00,73.35,73.97,73.2,73.82,3215,7,0
2024-09-25 17:00:00,73.82,74.11,73.51,73.74,4452,7,0
2024-09-25 18:00:00,73.73,74.11,73.24,73.3,4289,7,0
2024-09-25 19:00:00,73.31,73.35,72.46,72.96,4126,7,0
2024-09-25 20:00:00,72.96,72.98,72.55,72.75,2276,7,0
2024-09-25 21:00:00,72.75,72.98,72.71,72.92,1820,7,0
2024-09-25 22:00:00,72.92,73.01,72.86,72.97,520,8,0
2024-09-25 23:00:00,72.96,73.02,72.89,72.9,354,8,0
2024-09-26 00:00:00,72.9,72.9,72.9,72.9,1,34,0
2024-09-26 03:00:00,72.8,72.99,72.77,72.98,492,8,0
2024-09-26 04:00:00,72.98,73.22,72.81,73.14,743,8,0
2024-09-26 05:00:00,73.14,73.14,72.91,73.0,637,8,0
2024-09-26 06:00:00,73.0,73.06,72.89,73.0,583,8,0
2024-09-26 07:00:00,73.0,73.02,72.36,72.39,655,8,0
2024-09-26 08:00:00,72.38,72.39,71.06,71.29,2366,7,0
2024-09-26 09:00:00,71.28,71.51,70.2,71.24,4381,6,0
2024-09-26 10:00:00,71.23,71.51,70.81,71.39,2423,7,0
2024-09-26 11:00:00,71.39,71.63,70.96,71.47,2776,7,0
2024-09-26 12:00:00,71.47,71.88,71.24,71.78,2450,7,0
2024-09-26 13:00:00,71.78,71.91,71.17,71.21,2118,7,0
2024-09-26 14:00:00,71.2,71.26,70.73,70.84,2147,7,0
2024-09-26 15:00:00,70.83,71.39,70.82,71.32,2811,7,0
2024-09-26 16:00:00,71.32,71.67,70.3,70.75,7815,8,0
2024-09-26 17:00:00,70.76,71.59,70.61,71.36,5763,7,0
2024-09-26 18:00:00,71.36,71.7,71.02,71.56,4505,8,0
2024-09-26 19:00:00,71.56,71.58,70.85,71.0,2780,8,0
2024-09-26 20:00:00,71.0,71.23,70.67,70.87,2106,8,0
2024-09-26 21:00:00,70.87,71.11,70.83,70.9,1665,8,0
2024-09-26 22:00:00,70.9,70.93,70.6,70.66,592,8,0
2024-09-26 23:00:00,70.66,70.82,70.65,70.7,309,10,0
2024-09-27 00:00:00,70.76,70.76,70.76,70.76,1,23,0
2024-09-27 03:00:00,70.68,70.7,70.38,70.5,594,8,0
2024-09-27 04:00:00,70.5,70.76,70.43,70.72,1336,9,0
2024-09-27 05:00:00,70.72,70.77,70.58,70.76,768,9,0
2024-09-27 06:00:00,70.76,70.86,70.69,70.82,566,9,0
2024-09-27 07:00:00,70.82,70.88,70.75,70.84,254,9,0
2024-09-27 08:00:00,70.84,70.93,70.68,70.76,968,9,0
2024-09-27 09:00:00,70.76,71.26,70.76,71.18,1536,8,0
2024-09-27 10:00:00,71.18,71.37,70.75,71.24,1527,8,0
2024-09-27 11:00:00,71.24,71.46,70.99,71.25,1865,7,0
2024-09-27 12:00:00,71.26,71.4,70.88,71.06,1651,8,0
2024-09-27 13:00:00,71.06,71.27,70.99,71.08,1418,8,0
2024-09-27 14:00:00,71.08,71.29,71.05,71.1,1217,7,0
2024-09-27 15:00:00,71.1,71.23,70.66,70.75,1754,7,0
2024-09-27 16:00:00,70.75,71.06,70.38,70.67,4363,7,0
2024-09-27 17:00:00,70.65,71.33,70.52,71.23,3743,7,0
2024-09-27 18:00:00,71.23,71.72,70.86,71.36,3573,7,0
2024-09-27 19:00:00,71.36,71.83,71.23,71.54,3191,8,0
2024-09-27 20:00:00,71.54,71.71,70.82,71.02,2375,8,0
2024-09-27 21:00:00,71.03,71.72,70.95,71.52,2367,8,0
2024-09-27 22:00:00,71.52,71.87,71.46,71.81,702,8,0
2024-09-27 23:00:00,71.81,71.89,71.75,71.84,311,10,0
2024-09-30 01:00:00,71.8,71.85,71.15,71.25,755,10,0
2024-09-30 02:00:00,71.25,71.64,71.22,71.59,324,10,0
2024-09-30 03:00:00,71.6,71.72,71.48,71.7,569,9,0
2024-09-30 04:00:00,71.7,72.25,71.42,71.59,3400,8,0
2024-09-30 05:00:00,71.59,72.06,71.47,71.93,1360,9,0
2024-09-30 06:00:00,71.93,71.99,71.73,71.77,675,9,0
2024-09-30 07:00:00,71.78,71.91,71.78,71.86,317,9,0
2024-09-30 08:00:00,71.86,72.7,71.76,72.5,1269,9,0
2024-09-30 09:00:00,72.5,72.66,72.27,72.61,1718,8,0
2024-09-30 10:00:00,72.61,72.62,71.82,72.0,1546,8,0
2024-09-30 11:00:00,72.0,72.31,71.74,71.92,2328,7,0
2024-09-30 12:00:00,71.92,71.96,71.4,71.55,1607,7,0
2024-09-30 13:00:00,71.55,71.68,71.2,71.37,1288,7,0
2024-09-30 14:00:00,71.37,71.37,70.96,71.32,1496,7,0
2024-09-30 15:00:00,71.33,71.74,71.25,71.67,1940,7,0
2024-09-30 16:00:00,71.66,71.79,71.12,71.27,4320,6,0
2024-09-30 17:00:00,71.27,72.15,71.08,72.11,3860,7,0
2024-09-30 18:00:00,72.12,72.44,71.93,72.29,3036,6,0
2024-09-30 19:00:00,72.31,72.33,71.61,71.77,2018,7,0
2024-09-30 20:00:00,71.78,71.92,71.52,71.7,1691,7,0
2024-09-30 21:00:00,71.7,71.88,71.45,71.83,2141,7,0
2024-09-30 22:00:00,71.83,71.9,71.65,71.7,592,8,0
2024-09-30 23:00:00,71.7,71.85,71.64,71.65,262,9,0
2024-10-01 00:00:00,71.65,71.65,71.65,71.65,1,34,0
2024-10-01 03:00:00,71.79,71.84,71.64,71.73,338,8,0
2024-10-01 04:00:00,71.74,71.76,71.67,71.73,231,8,0
2024-10-01 05:00:00,71.73,71.88,71.64,71.79,247,8,0
2024-10-01 06:00:00,71.79,71.79,71.66,71.78,241,8,0
2024-10-01 07:00:00,71.78,71.79,71.71,71.76,214,8,0
2024-10-01 08:00:00,71.76,71.76,71.64,71.68,339,8,0
2024-10-01 09:00:00,71.68,71.74,71.45,71.46,522,8,0
2024-10-01 10:00:00,71.46,71.47,70.83,70.86,1859,7,0
2024-10-01 11:00:00,70.85,70.88,70.08,70.16,2677,7,0
2024-10-01 12:00:00,70.16,70.6,69.84,70.57,2251,7,0
2024-10-01 13:00:00,70.57,71.38,70.57,71.34,2013,7,0
2024-10-01 14:00:00,71.34,71.46,71.04,71.11,1286,7,0
2024-10-01 15:00:00,71.1,71.29,70.65,70.68,2231,7,0
2024-10-01 16:00:00,70.68,73.82,70.55,73.46,10199,7,0
2024-10-01 17:00:00,73.46,74.02,73.15,74.01,7520,8,0
2024-10-01 18:00:00,74.01,74.68,73.84,74.22,5143,7,0
2024-10-01 19:00:00,74.22,74.91,73.98,74.79,5633,7,0
2024-10-01 20:00:00,74.79,75.32,73.57,73.62,5830,10,0
2024-10-01 21:00:00,73.62,73.98,73.26,73.7,3989,8,0
2024-10-01 22:00:00,73.7,73.92,73.61,73.86,1427,8,0
2024-10-01 23:00:00,73.86,74.3,73.86,74.15,1187,8,0
2024-10-02 00:00:00,74.15,74.21,74.15,74.21,2,23,0
2024-10-02 03:00:00,74.38,74.56,74.1,74.38,869,9,0
2024-10-02 04:00:00,74.39,74.59,74.32,74.53,548,9,0
2024-10-02 05:00:00,74.53,74.63,74.21,74.4,604,9,0
2024-10-02 06:00:00,74.4,74.53,74.33,74.41,354,9,0
2024-10-02 07:00:00,74.42,74.56,74.38,74.52,471,9,0
2024-10-02 08:00:00,74.51,74.86,74.49,74.66,1083,9,0
2024-10-02 09:00:00,74.66,74.72,74.41,74.53,941,8,0
2024-10-02 10:00:00,74.54,75.4,74.48,75.08,2384,8,0
2024-10-02 11:00:00,75.09,75.23,74.78,75.06,2616,8,0
2024-10-02 12:00:00,75.06,75.48,74.96,75.4,1618,8,0
2024-10-02 13:00:00,75.41,75.99,75.32,75.75,1466,8,0
2024-10-02 14:00:00,75.74,75.89,75.33,75.39,1514,8,0
2024-10-02 15:00:00,75.39,75.56,75.09,75.36,2079,8,0
2024-10-02 16:00:00,75.34,75.78,75.22,75.68,3103,8,0
2024-10-02 17:00:00,75.68,75.91,74.46,74.47,4223,7,0
2024-10-02 18:00:00,74.47,74.64,73.53,73.54,4260,8,0
2024-10-02 19:00:00,73.54,73.9,73.47,73.71,2465,8,0
2024-10-02 20:00:00,73.72,74.01,73.59,73.97,1768,8,0
2024-10-02 21:00:00,73.97,74.13,73.57,74.08,1865,8,0
2024-10-02 22:00:00,74.08,74.59,74.08,74.56,569,8,0
2024-10-02 23:00:00,74.55,74.62,74.44,74.46,360,10,0
2024-10-03 00:00:00,74.46,74.51,74.46,74.51,2,23,0
2024-10-03 03:00:00,74.44,74.5,74.31,74.39,485,9,0
2024-10-03 04:00:00,74.38,74.6,74.37,74.53,459,9,0
2024-10-03 05:00:00,74.54,74.54,74.35,74.41,345,9,0
2024-10-03 06:00:00,74.41,74.68,74.41,74.64,464,9,0
2024-10-03 07:00:00,74.65,74.66,74.53,74.57,314,10,0
2024-10-03 08:00:00,74.57,74.77,74.57,74.65,413,10,0
2024-10-03 09:00:00,74.64,74.79,74.51,74.77,541,9,0
2024-10-03 10:00:00,74.78,74.95,74.4,74.52,1546,8,0
2024-10-03 11:00:00,74.54,74.99,74.21,74.44,2852,8,0
2024-10-03 12:00:00,74.44,75.43,74.16,74.93,2498,8,0
2024-10-03 13:00:00,74.93,75.32,74.93,75.14,1405,8,0
2024-10-03 14:00:00,75.13,75.43,74.28,74.95,3017,7,0
2024-10-03 15:00:00,74.95,75.42,74.87,75.32,2373,8,0
2024-10-03 16:00:00,75.32,75.69,75.03,75.53,3405,8,0
2024-10-03 17:00:00,75.52,77.46,75.49,76.38,8594,7,0
2024-10-03 18:00:00,76.38,76.79,76.3,76.74,4145,7,0
2024-10-03 19:00:00,76.73,77.38,76.67,77.26,2298,8,0
2024-10-03 20:00:00,77.27,77.38,76.63,77.07,2934,8,0
2024-10-03 21:00:00,77.07,77.66,76.91,77.53,2434,8,0
2024-10-03 22:00:00,77.53,77.8,77.48,77.57,1016,8,0
2024-10-03 23:00:00,77.57,77.6,77.18,77.3,609,10,0
2024-10-04 00:00:00,77.3,77.34,77.3,77.34,2,23,0
2024-10-04 03:00:00,77.54,77.65,77.43,77.6,736,8,0
2024-10-04 04:00:00,77.59,77.6,77.27,77.39,808,9,0
2024-10-04 05:00:00,77.39,77.54,77.38,77.42,478,9,0
2024-10-04 06:00:00,77.43,77.51,77.26,77.31,394,10,0
2024-10-04 07:00:00,77.31,77.39,77.27,77.29,327,10,0
2024-10-04 08:00:00,77.29,77.39,77.22,77.31,351,10,0
2024-10-04 09:00:00,77.31,77.44,77.18,77.36,769,8,0
2024-10-04 10:00:00,77.36,78.2,77.33,78.0,2253,8,0
2024-10-04 11:00:00,78.01,78.26,77.9,78.25,2320,8,0
2024-10-04 12:00:00,78.24,78.29,77.88,78.05,1649,8,0
2024-10-04 13:00:00,78.05,78.76,78.05,78.36,1358,8,0
2024-10-04 14:00:00,78.37,78.61,78.32,78.53,1795,8,0
2024-10-04 15:00:00,78.52,78.52,77.51,77.97,4193,7,0
2024-10-04 16:00:00,77.97,78.19,77.7,77.84,4278,7,0
2024-10-04 17:00:00,77.85,78.25,77.63,77.97,3395,7,0
2024-10-04 18:00:00,77.97,78.45,77.77,78.42,3123,8,0
2024-10-04 19:00:00,78.43,78.71,78.32,78.64,1944,8,0
2024-10-04 20:00:00,78.64,79.02,78.59,78.93,1603,8,0
2024-10-04 21:00:00,78.93,78.95,77.55,77.73,3540,10,0
2024-10-04 22:00:00,77.73,78.08,77.72,77.86,958,10,0
2024-10-04 23:00:00,77.86,78.09,77.77,77.79,369,13,0
2024-10-07 01:00:00,77.77,77.77,76.98,77.41,1109,10,0
2024-10-07 02:00:00,77.4,77.41,77.23,77.26,237,10,0
2024-10-07 03:00:00,77.26,77.44,77.11,77.39,648,9,0
2024-10-07 04:00:00,77.4,77.49,77.27,77.34,840,9,0
2024-10-07 05:00:00,77.33,77.55,77.32,77.4,604,9,0
2024-10-07 06:00:00,77.41,77.55,77.4,77.46,448,10,0
2024-10-07 07:00:00,77.46,77.54,77.41,77.46,235,9,0
2024-10-07 08:00:00,77.47,77.59,77.37,77.5,403,9,0
2024-10-07 09:00:00,77.51,77.75,77.42,77.6,696,7,0
2024-10-07 10:00:00,77.59,78.57,77.59,78.3,1828,8,0
2024-10-07 11:00:00,78.31,79.22,78.31,79.16,2328,8,0
2024-10-07 12:00:00,79.16,79.49,78.98,79.34,1966,8,0
2024-10-07 13:00:00,79.34,79.65,79.32,79.56,1348,8,0
2024-10-07 14:00:00,79.57,79.65,79.11,79.15,1534,8,0
2024-10-07 15:00:00,79.15,79.31,78.41,78.49,2710,8,0
2024-10-07 16:00:00,78.48,79.44,78.46,78.93,4032,8,0
2024-10-07 17:00:00,78.93,79.65,78.83,79.44,3264,8,0
2024-10-07 18:00:00,79.44,80.52,79.43,80.51,3154,8,0
2024-10-07 19:00:00,80.51,80.59,80.0,80.44,2073,8,0
2024-10-07 20:00:00,80.44,80.66,80.3,80.46,1446,8,0
2024-10-07 21:00:00,80.46,80.9,80.31,80.87,1720,8,0
2024-10-07 22:00:00,80.86,80.9,80.72,80.81,491,9,0
2024-10-07 23:00:00,80.82,80.88,80.65,80.65,369,10,0
2024-10-08 00:00:00,80.65,80.65,80.65,80.65,1,34,0
2024-10-08 03:00:00,80.75,80.86,80.05,80.15,1605,8,0
2024-10-08 04:00:00,80.15,80.31,79.98,79.99,2016,9,0
2024-10-08 05:00:00,79.99,80.06,78.92,79.32,2598,8,0
2024-10-08 06:00:00,79.33,79.58,79.28,79.41,1157,8,0
2024-10-08 07:00:00,79.41,79.57,79.36,79.43,412,9,0
2024-10-08 08:00:00,79.43,79.5,79.27,79.34,863,9,0
2024-10-08 09:00:00,79.34,79.61,79.09,79.47,1263,8,0
2024-10-08 10:00:00,79.48,79.57,79.07,79.23,1755,8,0
2024-10-08 11:00:00,79.23,79.57,78.89,79.04,2767,8,0
2024-10-08 12:00:00,79.05,79.26,78.68,79.15,2011,8,0
2024-10-08 13:00:00,79.15,79.27,78.93,79.17,1323,8,0
2024-10-08 14:00:00,79.17,79.44,78.85,79.01,1324,8,0
2024-10-08 15:00:00,79.01,79.36,78.98,79.11,1977,8,0
2024-10-08 16:00:00,79.11,79.26,77.71,77.91,7492,7,0
2024-10-08 17:00:00,77.91,77.92,76.64,77.14,5678,7,0
2024-10-08 18:00:00,77.14,77.29,76.64,76.96,3394,8,0
2024-10-08 19:00:00,76.96,77.26,76.17,76.37,2624,8,0
2024-10-08 20:00:00,76.36,78.0,76.3,77.39,5103,8,0
2024-10-08 21:00:00,77.4,77.6,76.78,77.14,3202,8,0
2024-10-08 22:00:00,77.14,77.46,77.12,77.32,859,8,0
2024-10-08 23:00:00,77.32,77.4,76.99,77.16,752,9,0
2024-10-09 00:00:00,77.16,77.22,77.16,77.22,2,22,0
2024-10-09 03:00:00,77.3,77.36,77.1,77.3,656,9,0
2024-10-09 04:00:00,77.3,77.6,77.09,77.19,1911,9,0
2024-10-09 05:00:00,77.19,77.26,76.98,77.16,1344,9,0
2024-10-09 06:00:00,77.16,77.33,77.03,77.24,837,9,0
2024-10-09 07:00:00,77.24,77.36,77.2,77.24,300,9,0
2024-10-09 08:00:00,77.24,77.72,77.24,77.6,1620,9,0
2024-10-09 09:00:00,77.6,77.66,77.18,77.41,1352,8,0
2024-10-09 10:00:00,77.4,77.76,77.28,77.51,1807,7,0
2024-10-09 11:00:00,77.51,77.66,77.2,77.44,2574,7,0
2024-10-09 12:00:00,77.43,77.78,77.21,77.57,1871,8,0
2024-10-09 13:00:00,77.57,77.68,76.55,76.66,2448,8,0
2024-10-09 14:00:00,76.67,76.79,76.3,76.72,1716,7,0
2024-10-09 15:00:00,76.72,77.17,76.4,76.55,2593,8,0
2024-10-09 16:00:00,76.56,76.63,75.18,75.48,6888,7,0
2024-10-09 17:00:00,75.47,75.97,74.97,75.86,6205,7,0
2024-10-09 18:00:00,75.86,76.6,75.63,76.41,5347,8,0
2024-10-09 19:00:00,76.41,76.63,75.73,76.14,2950,8,0
2024-10-09 20:00:00,76.14,76.39,75.51,76.32,2786,8,0
2024-10-09 21:00:00,76.32,76.53,76.16,76.41,2179,7,0
2024-10-09 22:00:00,76.41,76.64,76.41,76.51,519,9,0
2024-10-09 23:00:00,76.51,76.55,76.34,76.35,506,10,0
2024-10-10 00:00:00,76.35,76.35,76.35,76.35,1,33,0
2024-10-10 03:00:00,76.47,76.77,76.47,76.77,503,9,0
2024-10-10 04:00:00,76.77,76.8,76.46,76.6,1671,9,0
2024-10-10 05:00:00,76.6,76.94,76.47,76.88,1142,9,0
2024-10-10 06:00:00,76.88,77.02,76.82,76.87,657,9,0
2024-10-10 07:00:00,76.87,76.97,76.86,76.9,213,10,0
2024-10-10 08:00:00,76.9,76.98,76.8,76.87,754,9,0
2024-10-10 09:00:00,76.86,76.95,76.51,76.66,919,9,0
2024-10-10 10:00:00,76.65,76.94,76.56,76.87,1140,8,0
2024-10-10 11:00:00,76.88,77.12,76.73,76.87,1411,8,0
2024-10-10 12:00:00,76.88,77.55,76.86,77.34,1485,7,0
2024-10-10 13:00:00,77.34,77.57,77.28,77.45,1054,8,0
2024-10-10 14:00:00,77.44,77.53,76.92,76.92,1052,8,0
2024-10-10 15:00:00,76.92,77.98,76.87,77.71,3523,8,0
2024-10-10 16:00:00,77.7,77.76,77.08,77.43,4521,8,0
2024-10-10 17:00:00,77.43,78.33,77.32,78.12,4131,8,0
2024-10-10 18:00:00,78.12,78.67,77.73,78.58,2766,8,0
2024-10-10 19:00:00,78.57,79.06,78.44,78.98,1986,8,0
2024-10-10 20:00:00,78.98,79.35,78.91,79.2,1527,8,0
2024-10-10 21:00:00,79.2,79.26,78.79,79.1,1668,9,0
2024-10-10 22:00:00,79.1,79.39,79.09,79.1,785,8,0
2024-10-10 23:00:00,79.1,79.12,78.57,78.64,1114,9,0
2024-10-11 00:00:00,78.64,78.64,78.64,78.64,1,33,0
2024-10-11 03:00:00,78.82,79.02,78.7,78.73,756,11,0
2024-10-11 04:00:00,78.73,78.92,78.47,78.66,1169,13,0
2024-10-11 05:00:00,78.66,78.86,78.52,78.85,746,13,0
2024-10-11 06:00:00,78.85,78.88,78.72,78.79,460,13,0
2024-10-11 07:00:00,78.79,78.86,78.72,78.82,358,13,0
2024-10-11 08:00:00,78.81,78.99,78.63,78.71,639,13,0
2024-10-11 09:00:00,78.7,78.72,77.96,78.12,1636,9,0
2024-10-11 10:00:00,78.12,78.4,77.74,78.22,1682,8,0
2024-10-11 11:00:00,78.23,78.67,78.06,78.16,2156,8,0
2024-10-11 12:00:00,78.16,78.59,77.93,78.46,1622,7,0
2024-10-11 13:00:00,78.46,78.64,78.21,78.41,1404,8,0
2024-10-11 14:00:00,78.4,78.56,78.29,78.43,1095,8,0
2024-10-11 15:00:00,78.43,78.65,78.29,78.36,1385,8,0
2024-10-11 16:00:00,78.37,78.74,78.22,78.4,3187,8,0
2024-10-11 17:00:00,78.4,79.16,78.05,79.15,3232,8,0
2024-10-11 18:00:00,79.15,79.17,78.52,78.73,2882,8,0
2024-10-11 19:00:00,78.73,78.81,78.51,78.65,1545,8,0
2024-10-11 20:00:00,78.65,79.11,78.33,78.95,1834,8,0
2024-10-11 21:00:00,78.95,79.02,78.58,78.7,1640,9,0
2024-10-11 22:00:00,78.7,78.82,78.41,78.72,729,7,0
2024-10-11 23:00:00,78.72,78.92,78.44,78.5,463,9,0
2024-10-14 01:00:00,77.99,78.06,77.5,77.51,1406,10,0
2024-10-14 02:00:00,77.51,77.56,77.24,77.37,432,10,0
2024-10-14 03:00:00,77.36,77.72,77.22,77.72,646,9,0
2024-10-14 04:00:00,77.72,77.79,77.35,77.58,3680,9,0
2024-10-14 05:00:00,77.57,77.8,77.36,77.77,1334,9,0
2024-10-14 06:00:00,77.76,77.98,77.72,77.83,678,9,0
2024-10-14 07:00:00,77.83,77.86,77.76,77.8,250,10,0
2024-10-14 08:00:00,77.8,77.99,77.74,77.79,1127,9,0
2024-10-14 09:00:00,77.79,77.84,77.65,77.66,877,9,0
2024-10-14 10:00:00,77.65,77.74,77.3,77.43,1208,8,0
2024-10-14 11:00:00,77.44,77.86,77.42,77.52,1974,8,0
2024-10-14 12:00:00,77.52,77.55,76.62,76.72,2472,8,0
2024-10-14 13:00:00,76.72,77.2,76.64,76.91,1548,8,0
2024-10-14 14:00:00,76.91,77.22,76.85,77.1,1352,8,0
2024-10-14 15:00:00,77.1,77.38,77.09,77.09,1501,8,0
2024-10-14 16:00:00,77.09,77.86,76.97,77.66,3961,8,0
2024-10-14 17:00:00,77.67,77.8,77.03,77.51,3322,7,0
2024-10-14 18:00:00,77.5,77.61,76.86,77.08,2767,8,0
2024-10-14 19:00:00,77.07,77.42,76.9,77.36,1781,8,0
2024-10-14 20:00:00,77.36,77.63,77.27,77.43,1273,8,0
2024-10-14 21:00:00,77.43,77.51,77.1,77.24,1328,9,0
2024-10-14 22:00:00,77.24,77.32,77.14,77.31,387,9,0
2024-10-14 23:00:00,77.31,77.39,75.03,75.05,2815,9,0
2024-10-15 00:00:00,75.05,75.05,75.05,75.05,1,33,0
2024-10-15 03:00:00,74.96,75.25,74.8,75.11,1479,9,0
2024-10-15 04:00:00,75.11,75.32,74.85,74.88,1966,8,0
2024-10-15 05:00:00,74.88,75.02,74.82,74.9,1081,8,0
2024-10-15 06:00:00,74.91,75.08,74.77,74.95,878,10,0
2024-10-15 07:00:00,74.95,74.97,74.79,74.84,438,9,0
2024-10-15 08:00:00,74.83,74.86,74.03,74.26,1681,9,0
2024-10-15 09:00:00,74.26,74.57,74.25,74.51,1303,8,0
2024-10-15 10:00:00,74.51,74.52,74.06,74.26,1836,8,0
2024-10-15 11:00:00,74.26,74.27,73.79,73.86,2428,8,0
2024-10-15 12:00:00,73.86,73.87,73.23,73.29,1642,8,0
2024-10-15 13:00:00,73.29,73.75,73.12,73.67,2263,7,0
2024-10-15 14:00:00,73.67,74.4,73.67,74.16,2205,8,0
2024-10-15 15:00:00,74.17,74.52,73.99,74.08,2213,8,0
2024-10-15 16:00:00,74.08,74.36,73.37,73.81,4447,7,0
2024-10-15 17:00:00,73.81,74.16,73.41,73.5,3806,8,0
2024-10-15 18:00:00,73.5,73.77,73.19,73.24,3127,8,0
2024-10-15 19:00:00,73.23,74.11,73.23,73.96,2193,8,0
2024-10-15 20:00:00,73.96,73.99,73.64,73.74,1545,8,0
2024-10-15 21:00:00,73.74,74.42,73.71,74.37,1668,8,0
2024-10-15 22:00:00,74.37,74.47,74.29,74.3,524,9,0
2024-10-15 23:00:00,74.31,74.37,74.17,74.33,334,10,0
2024-10-16 00:00:00,74.33,74.33,74.33,74.33,1,33,0
2024-10-16 03:00:00,74.38,74.47,74.16,74.22,697,9,0
2024-10-16 04:00:00,74.23,74.37,74.09,74.31,1456,9,0
2024-10-16 05:00:00,74.31,74.34,74.03,74.19,928,9,0
2024-10-16 06:00:00,74.18,74.28,74.07,74.16,740,9,0
2024-10-16 07:00:00,74.16,74.25,74.14,74.24,273,9,0
2024-10-16 08:00:00,74.23,74.26,74.05,74.21,932,9,0
2024-10-16 09:00:00,74.21,74.23,74.03,74.14,1130,9,0
2024-10-16 10:00:00,74.14,74.61,74.03,74.05,1459,7,0
2024-10-16 11:00:00,74.04,74.28,73.76,73.94,2038,8,0
2024-10-16 12:00:00,73.95,74.14,73.69,74.01,1415,8,0
2024-10-16 13:00:00,74.01,74.01,73.44,73.56,1226,8,0
2024-10-16 14:00:00,73.56,73.8,73.49,73.64,1086,8,0
2024-10-16 15:00:00,73.64,74.33,73.57,74.19,2100,8,0
2024-10-16 16:00:00,74.2,74.34,73.67,73.69,3257,8,0
2024-10-16 17:00:00,73.68,74.1,73.62,73.75,2466,8,0
2024-10-16 18:00:00,73.75,73.91,73.14,73.86,3446,8,0
2024-10-16 19:00:00,73.86,74.03,73.79,73.82,1537,8,0
2024-10-16 20:00:00,73.82,74.16,73.8,73.91,1042,8,0
2024-10-16 21:00:00,73.91,74.07,73.77,73.95,1136,9,0
2024-10-16 22:00:00,73.95,74.1,73.86,74.01,395,9,0
2024-10-16 23:00:00,74.01,74.19,73.98,74.07,368,7,0
2024-10-17 00:00:00,74.07,74.07,74.07,74.07,1,33,0
2024-10-17 03:00:00,74.22,74.37,74.22,74.36,383,9,0
2024-10-17 04:00:00,74.38,74.45,74.21,74.42,865,9,0
2024-10-17 05:00:00,74.42,74.56,73.96,74.13,1268,8,0
2024-10-17 06:00:00,74.13,74.24,74.05,74.06,570,9,0
2024-10-17 07:00:00,74.06,74.14,73.98,74.14,240,10,0
2024-10-17 08:00:00,74.14,74.18,74.0,74.02,477,9,0
2024-10-17 09:00:00,74.03,74.04,73.54,73.58,960,8,0
2024-10-17 10:00:00,73.58,73.86,73.57,73.68,1354,8,0
2024-10-17 11:00:00,73.68,74.21,73.67,73.99,1576,8,0
2024-10-17 12:00:00,73.99,74.27,73.91,74.15,1138,7,0
2024-10-17 13:00:00,74.14,74.3,73.76,73.92,1158,8,0
2024-10-17 14:00:00,73.91,74.17,73.85,73.95,935,7,0
2024-10-17 15:00:00,73.95,74.25,73.81,73.99,1848,8,0
2024-10-17 16:00:00,73.99,74.22,73.62,74.09,2976,8,0
2024-10-17 17:00:00,74.08,74.26,73.86,73.93,2283,8,0
2024-10-17 18:00:00,73.93,74.29,73.62,73.88,3263,8,0
2024-10-17 19:00:00,73.87,74.01,73.56,73.67,1418,8,0
2024-10-17 20:00:00,73.67,73.8,72.92,73.78,2746,8,0
2024-10-17 21:00:00,73.78,74.18,73.78,74.03,1320,9,0
2024-10-17 22:00:00,74.04,74.21,73.99,74.15,427,9,0
2024-10-17 23:00:00,74.15,74.19,73.99,74.01,264,10,0
2024-10-18 00:00:00,74.01,74.01,74.01,74.01,1,34,0
2024-10-18 03:00:00,74.17,74.33,74.13,74.26,490,9,0
2024-10-18 04:00:00,74.26,74.36,74.09,74.12,1328,9,0
2024-10-18 05:00:00,74.12,74.49,74.11,74.32,954,9,0
2024-10-18 06:00:00,74.32,74.37,74.05,74.16,663,9,0
2024-10-18 07:00:00,74.16,74.3,74.14,74.28,256,10,0
2024-10-18 08:00:00,74.28,74.44,74.24,74.37,782,9,0
2024-10-18 09:00:00,74.37,74.55,74.27,74.44,1011,9,0
2024-10-18 10:00:00,74.44,74.44,74.03,74.1,1221,8,0
2024-10-18 11:00:00,74.1,74.38,73.93,74.01,1636,8,0
2024-10-18 12:00:00,74.01,74.36,73.97,74.01,1004,8,0
2024-10-18 13:00:00,74.01,74.04,73.58,73.72,1167,8,0
2024-10-18 14:00:00,73.72,74.01,73.66,73.93,1527,8,0
2024-10-18 15:00:00,73.93,74.16,73.67,73.77,1661,8,0
2024-10-18 16:00:00,73.77,73.83,72.97,73.15,4087,8,0
2024-10-18 17:00:00,73.14,73.21,72.37,72.59,3716,8,0
2024-10-18 18:00:00,72.58,72.71,72.18,72.58,2610,7,0
2024-10-18 19:00:00,72.59,73.44,72.56,73.1,2605,8,0
2024-10-18 20:00:00,73.1,73.37,73.03,73.19,1719,8,0
2024-10-18 21:00:00,73.19,73.2,72.65,72.75,1740,8,0
2024-10-18 22:00:00,72.75,72.99,72.72,72.94,473,9,0
2024-10-18 23:00:00,72.94,72.94,72.72,72.77,364,9,0
2024-10-21 01:00:00,72.82,73.0,72.45,72.69,663,9,0
2024-10-21 02:00:00,72.7,72.88,72.68,72.83,225,10,0
2024-10-21 03:00:00,72.83,73.0,72.75,72.98,512,9,0
2024-10-21 04:00:00,72.98,73.06,72.54,72.55,1563,9,0
2024-10-21 05:00:00,72.55,73.01,72.53,72.87,977,9,0
2024-10-21 06:00:00,72.87,73.08,72.84,73.08,612,9,0
2024-10-21 07:00:00,73.08,73.18,73.03,73.13,216,9,0
2024-10-21 08:00:00,73.13,73.17,72.9,72.95,549,8,0
2024-10-21 09:00:00,72.95,73.17,72.94,73.1,807,9,0
2024-10-21 10:00:00,73.1,73.34,72.99,73.3,1135,8,0
2024-10-21 11:00:00,73.3,73.53,73.17,73.42,1447,8,0
2024-10-21 12:00:00,73.41,73.81,73.41,73.76,1134,7,0
2024-10-21 13:00:00,73.76,74.08,73.68,74.04,1047,8,0
2024-10-21 14:00:00,74.04,74.24,74.02,74.09,820,8,0
2024-10-21 15:00:00,74.1,74.14,73.73,73.95,1735,8,0
2024-10-21 16:00:00,73.94,74.19,73.72,73.89,2818,8,0
2024-10-21 17:00:00,73.89,73.89,73.33,73.39,2520,8,0
2024-10-21 18:00:00,73.38,73.84,73.23,73.83,2474,8,0
2024-10-21 19:00:00,73.83,73.99,73.77,73.9,1291,8,0
2024-10-21 20:00:00,73.9,74.24,73.89,74.11,1287,8,0
2024-10-21 21:00:00,74.1,74.12,73.76,73.93,1373,9,0
2024-10-21 22:00:00,73.93,73.96,73.71,73.72,423,9,0
2024-10-21 23:00:00,73.72,73.82,73.55,73.57,359,10,0
2024-10-22 00:00:00,73.57,73.57,73.57,73.57,1,34,0
2024-10-22 03:00:00,73.89,73.89,73.65,73.67,454,8,0
2024-10-22 04:00:00,73.67,73.75,73.5,73.64,1373,9,0
2024-10-22 05:00:00,73.65,73.74,73.54,73.59,922,9,0
2024-10-22 06:00:00,73.6,73.79,73.59,73.73,618,10,0
2024-10-22 07:00:00,73.73,73.76,73.6,73.61,300,10,0
2024-10-22 08:00:00,73.61,73.66,73.54,73.58,492,9,0
2024-10-22 09:00:00,73.59,73.87,73.58,73.71,865,8,0
2024-10-22 10:00:00,73.71,73.73,73.24,73.5,1910,8,0
2024-10-22 11:00:00,73.5,73.82,73.41,73.74,2290,8,0
2024-10-22 12:00:00,73.73,74.68,73.65,74.45,2608,8,0
2024-10-22 13:00:00,74.45,74.73,74.42,74.58,1559,8,0
2024-10-22 14:00:00,74.56,74.79,74.39,74.52,1520,8,0
2024-10-22 15:00:00,74.53,74.72,74.38,74.49,1611,8,0
2024-10-22 16:00:00,74.5,75.56,74.26,75.05,4694,8,0
2024-10-22 17:00:00,75.05,75.41,74.66,75.17,5011,8,0
2024-10-22 18:00:00,75.17,75.65,75.08,75.62,2723,8,0
2024-10-22 19:00:00,75.63,75.93,75.58,75.61,1715,7,0
2024-10-22 20:00:00,75.61,75.67,75.43,75.45,1352,8,0
2024-10-22 21:00:00,75.45,75.7,75.39,75.57,1398,9,0
2024-10-22 22:00:00,75.57,75.58,75.36,75.38,469,9,0
2024-10-22 23:00:00,75.39,75.39,75.06,75.1,323,10,0
2024-10-23 00:00:00,75.1,75.16,75.1,75.16,2,23,0
2024-10-23 03:00:00,75.34,75.39,75.31,75.34,322,9,0
2024-10-23 04:00:00,75.34,75.41,75.22,75.35,838,9,0
2024-10-23 05:00:00,75.35,75.55,75.31,75.42,701,9,0
2024-10-23 06:00:00,75.44,75.53,75.41,75.49,376,9,0
2024-10-23 07:00:00,75.49,75.55,75.47,75.51,202,9,0
2024-10-23 08:00:00,75.51,75.64,75.49,75.55,682,9,0
2024-10-23 09:00:00,75.54,75.55,75.12,75.23,757,8,0
2024-10-23 10:00:00,75.23,75.33,75.13,75.15,1081,8,0
2024-10-23 11:00:00,75.15,75.28,74.93,74.99,1476,8,0
2024-10-23 12:00:00,74.99,75.09,74.72,74.82,1155,8,0
2024-10-23 13:00:00,74.82,74.83,74.19,74.26,1911,7,0
2024-10-23 14:00:00,74.27,74.45,74.08,74.38,1749,7,0
2024-10-23 15:00:00,74.39,74.58,74.28,74.47,1687,8,0
2024-10-23 16:00:00,74.47,75.2,74.32,75.06,3072,7,0
2024-10-23 17:00:00,75.07,75.32,74.53,74.67,4203,6,0
2024-10-23 18:00:00,74.67,74.87,74.33,74.58,3155,7,0
2024-10-23 19:00:00,74.58,74.68,74.28,74.49,1866,7,0
2024-10-23 20:00:00,74.49,74.79,74.32,74.66,1861,7,0
2024-10-23 21:00:00,74.66,74.7,74.46,74.61,1297,7,0
2024-10-23 22:00:00,74.62,74.85,74.59,74.82,379,7,0
2024-10-23 23:00:00,74.83,74.88,74.74,74.75,273,8,0
2024-10-24 00:00:00,74.81,74.81,74.81,74.81,1,23,0
2024-10-24 03:00:00,75.02,75.39,74.93,75.35,541,8,0
2024-10-24 04:00:00,75.35,75.4,75.23,75.28,947,8,0
2024-10-24 05:00:00,75.28,75.51,75.23,75.49,681,8,0
2024-10-24 06:00:00,75.48,75.51,75.4,75.4,343,8,0
2024-10-24 07:00:00,75.4,75.46,75.37,75.43,192,8,0
2024-10-24 08:00:00,75.43,75.46,75.3,75.31,515,8,0
2024-10-24 09:00:00,75.31,75.38,75.22,75.29,721,8,0
2024-10-24 10:00:00,75.31,75.77,75.31,75.72,1294,7,0
2024-10-24 11:00:00,75.74,75.92,75.51,75.69,1783,7,0
2024-10-24 12:00:00,75.69,76.03,75.68,75.94,1262,7,0
2024-10-24 13:00:00,75.94,76.08,75.24,75.3,1326,7,0
2024-10-24 14:00:00,75.29,75.37,74.81,74.81,1318,7,0
2024-10-24 15:00:00,74.81,75.17,74.7,74.96,1763,7,0
2024-10-24 16:00:00,74.95,75.39,74.85,75.07,3120,7,0
2024-10-24 17:00:00,75.07,75.13,73.83,74.09,3801,7,0
2024-10-24 18:00:00,74.08,74.34,73.81,73.84,3231,7,0
2024-10-24 19:00:00,73.85,74.09,73.63,73.74,1890,6,0
2024-10-24 20:00:00,73.74,74.02,73.74,73.95,1006,7,0
2024-10-24 21:00:00,73.95,74.21,73.79,74.16,1070,8,0
2024-10-24 22:00:00,74.15,74.41,74.15,74.38,467,8,0
2024-10-24 23:00:00,74.38,74.38,74.08,74.08,288,8,0
2024-10-25 03:00:00,74.35,74.52,74.32,74.41,500,8,0
2024-10-25 04:00:00,74.41,74.41,74.16,74.17,1065,8,0
2024-10-25 05:00:00,74.17,74.33,74.12,74.27,647,8,0
2024-10-25 06:00:00,74.27,74.29,74.09,74.13,396,8,0
2024-10-25 07:00:00,74.12,74.17,74.08,74.14,213,8,0
2024-10-25 08:00:00,74.14,74.23,74.13,74.17,522,8,0
2024-10-25 09:00:00,74.18,74.4,74.1,74.32,782,8,0
2024-10-25 10:00:00,74.33,74.44,73.93,73.98,1260,7,0
2024-10-25 11:00:00,73.99,74.3,73.79,74.08,1998,6,0
2024-10-25 12:00:00,74.09,74.39,74.0,74.35,1297,7,0
2024-10-25 13:00:00,74.35,74.55,74.24,74.48,833,7,0
2024-10-25 14:00:00,74.47,74.65,74.37,74.51,759,7,0
2024-10-25 15:00:00,74.51,74.97,74.49,74.91,1316,6,0
2024-10-25 16:00:00,74.91,75.18,74.75,75.05,2740,7,0
2024-10-25 17:00:00,75.05,75.15,74.7,74.79,2238,7,0
2024-10-25 18:00:00,74.79,75.71,74.65,75.45,3825,7,0
2024-10-25 19:00:00,75.45,75.59,75.0,75.55,2296,7,0
2024-10-25 20:00:00,75.55,75.59,75.31,75.46,1511,7,0
2024-10-25 21:00:00,75.46,75.7,75.27,75.59,1839,8,0
2024-10-25 22:00:00,75.59,75.66,75.48,75.51,551,7,0
2024-10-25 23:00:00,75.52,75.53,75.38,75.45,302,8,0
2024-10-28 01:00:00,71.75,72.42,71.7,72.35,1999,9,0
2024-10-28 02:00:00,72.36,72.61,72.35,72.57,600,7,0
2024-10-28 03:00:00,72.57,72.62,72.44,72.61,732,10,0
2024-10-28 04:00:00,72.61,72.61,72.11,72.4,1845,9,0
2024-10-28 05:00:00,72.4,72.43,72.21,72.27,801,9,0
2024-10-28 06:00:00,72.27,72.47,72.26,72.26,496,10,0
2024-10-28 07:00:00,72.26,72.27,72.1,72.27,412,10,0
2024-10-28 08:00:00,72.27,72.27,72.15,72.2,435,10,0
2024-10-28 09:00:00,72.21,72.62,72.18,72.51,1003,10,0
2024-10-28 10:00:00,72.51,72.63,72.38,72.44,1420,8,0
2024-10-28 11:00:00,72.44,72.47,71.97,72.11,1988,8,0
2024-10-28 12:00:00,72.13,72.13,70.94,71.03,2830,7,0
2024-10-28 13:00:00,71.03,71.4,70.95,71.29,2227,8,0
2024-10-28 14:00:00,71.29,71.54,71.17,71.2,1413,8,0
2024-10-28 15:00:00,71.19,71.34,71.01,71.01,1726,8,0
2024-10-28 16:00:00,71.01,71.7,70.78,71.67,3743,8,0
2024-10-28 17:00:00,71.66,71.85,71.32,71.82,2934,7,0
2024-10-28 18:00:00,71.82,71.84,71.31,71.64,2254,8,0
2024-10-28 19:00:00,71.64,71.8,71.25,71.3,2477,7,0
2024-10-28 20:00:00,71.3,71.42,71.21,71.34,1569,7,0
2024-10-28 21:00:00,71.34,71.49,70.9,71.17,1944,8,0
2024-10-28 22:00:00,71.18,71.56,71.07,71.52,1091,8,0
2024-10-28 23:00:00,71.52,71.61,71.44,71.47,410,10,0
2024-10-29 00:00:00,71.47,71.52,71.47,71.52,2,23,0
2024-10-29 03:00:00,71.49,71.5,71.31,71.32,378,8,0
2024-10-29 04:00:00,71.33,71.36,71.15,71.18,725,8,0
2024-10-29 05:00:00,71.18,71.3,71.13,71.16,580,9,0
2024-10-29 06:00:00,71.16,71.17,70.92,70.96,404,9,0
2024-10-29 07:00:00,70.95,71.02,70.93,70.97,240,9,0
2024-10-29 08:00:00,70.97,71.0,70.82,70.91,494,9,0
2024-10-29 09:00:00,70.92,70.94,70.74,70.82,539,9,0
2024-10-29 10:00:00,70.81,71.29,70.81,71.28,727,8,0
2024-10-29 11:00:00,71.28,71.54,70.99,71.34,2032,7,0
2024-10-29 12:00:00,71.34,71.61,71.2,71.47,1645,8,0
2024-10-29 13:00:00,71.47,71.75,71.47,71.66,1266,7,0
2024-10-29 14:00:00,71.66,72.05,71.62,71.73,1721,7,0
2024-10-29 15:00:00,71.73,71.88,71.54,71.59,1468,7,0
2024-10-29 16:00:00,71.59,71.59,70.85,71.1,3186,8,0
2024-10-29 17:00:00,71.11,71.34,70.94,71.05,2414,7,0
2024-10-29 18:00:00,71.04,71.14,70.23,70.63,3850,7,0
2024-10-29 19:00:00,70.62,70.81,70.45,70.68,2388,7,0
2024-10-29 20:00:00,70.69,70.8,70.5,70.72,1437,7,0
2024-10-29 21:00:00,70.73,70.91,70.61,70.63,1461,7,0
2024-10-29 22:00:00,70.63,70.76,70.58,70.74,419,7,0
2024-10-29 23:00:00,70.74,71.03,70.71,70.88,338,8,0
2024-10-30 00:00:00,70.88,70.93,70.88,70.93,2,23,0
2024-10-30 03:00:00,70.89,70.93,70.76,70.8,432,8,0
2024-10-30 04:00:00,70.8,71.04,70.73,70.94,911,8,0
2024-10-30 05:00:00,70.94,71.03,70.85,70.93,483,8,0
2024-10-30 06:00:00,70.94,71.06,70.91,71.04,357,8,0
2024-10-30 07:00:00,71.04,71.06,71.01,71.05,152,8,0
2024-10-30 08:00:00,71.05,71.16,71.02,71.11,369,8,0
2024-10-30 09:00:00,71.11,71.28,71.09,71.27,527,7,0
2024-10-30 10:00:00,71.26,71.26,70.99,71.19,686,8,0
2024-10-30 11:00:00,71.19,71.6,71.14,71.21,1697,7,0
2024-10-30 12:00:00,71.2,71.38,71.04,71.1,1370,7,0
2024-10-30 13:00:00,71.09,71.42,71.03,71.24,1277,7,0
2024-10-30 14:00:00,71.23,71.58,71.17,71.42,838,7,0
2024-10-30 15:00:00,71.43,72.36,71.39,71.84,3573,7,0
2024-10-30 16:00:00,71.85,71.9,71.4,71.64,3153,7,0
2024-10-30 17:00:00,71.65,71.94,71.5,71.93,3205,6,0
2024-10-30 18:00:00,71.94,72.58,71.86,72.34,2590,7,0
2024-10-30 19:00:00,72.34,72.5,71.95,72.06,2321,7,0
2024-10-30 20:00:00,72.06,72.13,71.77,71.86,1344,7,0
2024-10-30 21:00:00,71.86,72.24,71.85,72.21,1362,7,0
2024-10-30 22:00:00,72.21,72.44,72.16,72.37,478,7,0
2024-10-30 23:00:00,72.37,72.6,72.28,72.45,401,8,0
2024-10-31 00:00:00,72.45,72.45,72.45,72.45,1,33,0
2024-10-31 03:00:00,72.44,72.47,72.35,72.41,333,7,0
2024-10-31 04:00:00,72.42,72.43,72.25,72.28,793,8,0
2024-10-31 05:00:00,72.29,72.45,72.27,72.42,554,8,0
2024-10-31 06:00:00,72.42,72.54,72.4,72.51,351,8,0
2024-10-31 07:00:00,72.51,72.57,72.51,72.53,234,8,0
2024-10-31 08:00:00,72.53,72.59,72.52,72.56,318,8,0
2024-10-31 09:00:00,72.55,72.57,72.4,72.48,370,8,0
2024-10-31 10:00:00,72.48,72.48,72.1,72.23,881,8,0
2024-10-31 11:00:00,72.23,72.28,71.73,72.2,1716,7,0
2024-10-31 12:00:00,72.22,72.56,71.95,72.38,1811,6,0
2024-10-31 13:00:00,72.38,72.7,72.14,72.28,1794,7,0
2024-10-31 14:00:00,72.28,72.67,72.22,72.58,1361,7,0
2024-10-31 15:00:00,72.58,72.82,72.45,72.75,1772,7,0
2024-10-31 16:00:00,72.75,73.04,72.59,72.78,2937,7,0
2024-10-31 17:00:00,72.78,73.05,72.62,72.9,2902,7,0
2024-10-31 18:00:00,72.9,73.16,72.77,72.83,2073,7,0
2024-10-31 19:00:00,72.84,72.9,72.4,72.61,2275,7,0
2024-10-31 20:00:00,72.61,72.71,72.33,72.62,1450,7,0
2024-10-31 21:00:00,72.63,73.98,72.57,73.91,4598,6,0
2024-10-31 22:00:00,73.92,74.17,73.86,73.99,1669,7,0
2024-10-31 23:00:00,73.99,74.12,73.78,73.87,659,8,0
2024-11-01 00:00:00,73.87,73.93,73.87,73.93,2,23,0
2024-11-01 03:00:00,74.08,74.12,73.84,73.87,618,8,0
2024-11-01 04:00:00,73.87,74.04,73.82,73.92,1097,8,0
2024-11-01 05:00:00,73.92,74.03,73.73,73.79,669,8,0
2024-11-01 06:00:00,73.79,74.02,73.71,73.99,394,8,0
2024-11-01 07:00:00,73.99,74.13,73.98,74.1,209,8,0
2024-11-01 08:00:00,74.1,74.11,74.0,74.06,332,8,0
2024-11-01 09:00:00,74.05,74.17,73.87,73.93,593,8,0
2024-11-01 10:00:00,73.93,74.26,73.86,74.24,726,7,0
2024-11-01 11:00:00,74.24,74.81,74.21,74.46,1867,6,0
2024-11-01 12:00:00,74.47,74.77,74.47,74.68,1573,7,0
2024-11-01 13:00:00,74.68,74.69,74.01,74.02,1476,7,0
2024-11-01 14:00:00,74.03,74.19,73.87,74.12,1173,7,0
2024-11-01 15:00:00,74.11,74.48,74.08,74.27,2614,7,0
2024-11-01 16:00:00,74.27,74.6,74.11,74.38,2844,7,0
2024-11-01 17:00:00,74.38,74.43,73.32,73.76,4287,7,0
2024-11-01 18:00:00,73.76,73.92,73.47,73.63,2593,7,0
2024-11-01 19:00:00,73.63,73.77,73.13,73.46,2456,7,0
2024-11-01 20:00:00,73.45,73.49,73.07,73.15,1446,7,0
2024-11-01 21:00:00,73.15,73.29,72.87,72.96,1762,8,0
2024-11-01 22:00:00,72.96,73.02,72.88,72.9,435,9,0
2024-11-01 23:00:00,72.91,73.03,72.72,72.74,243,10,0
2024-11-04 01:00:00,74.09,74.14,73.74,74.01,1360,8,0
2024-11-04 02:00:00,74.01,74.33,73.96,74.23,396,10,0
2024-11-04 03:00:00,74.22,74.26,73.9,73.93,1067,9,0
2024-11-04 04:00:00,73.93,74.06,73.79,73.87,663,10,0
2024-11-04 05:00:00,73.87,74.14,73.83,74.14,455,9,0
2024-11-04 06:00:00,74.14,74.21,74.09,74.1,216,10,0
2024-11-04 07:00:00,74.1,74.23,74.08,74.23,280,10,0
2024-11-04 08:00:00,74.22,74.33,74.16,74.22,449,9,0
2024-11-04 09:00:00,74.21,74.4,74.1,74.13,529,9,0
2024-11-04 10:00:00,74.13,74.72,74.13,74.71,1444,8,0
2024-11-04 11:00:00,74.71,74.93,74.62,74.86,1133,8,0
2024-11-04 12:00:00,74.87,74.92,74.51,74.75,906,8,0
2024-11-04 13:00:00,74.74,75.24,74.74,75.14,804,8,0
2024-11-04 14:00:00,75.14,75.15,74.81,74.85,764,8,0
2024-11-04 15:00:00,74.86,75.04,74.62,74.92,1707,7,0
2024-11-04 16:00:00,74.9,75.0,74.56,74.65,2548,8,0
2024-11-04 17:00:00,74.65,74.67,74.13,74.27,2924,8,0
2024-11-04 18:00:00,74.26,74.79,74.2,74.7,2413,8,0
2024-11-04 19:00:00,74.7,75.04,74.57,74.93,1424,8,0
2024-11-04 20:00:00,74.93,75.02,74.78,74.94,1070,8,0
2024-11-04 21:00:00,74.94,75.04,74.81,74.98,1101,8,0
2024-11-04 22:00:00,74.98,75.22,74.85,75.14,632,9,0
2024-11-04 23:00:00,75.14,75.21,75.03,75.03,271,10,0
2024-11-05 00:00:00,75.03,75.03,75.03,75.03,1,33,0
2024-11-05 03:00:00,74.81,74.93,74.73,74.84,787,9,0
2024-11-05 04:00:00,74.84,75.06,74.79,74.99,652,9,0
2024-11-05 05:00:00,74.99,75.09,74.95,75.04,288,9,0
2024-11-05 06:00:00,75.04,75.07,74.95,74.96,205,10,0
2024-11-05 07:00:00,74.96,75.03,74.89,74.9,371,9,0
2024-11-05 08:00:00,74.9,74.91,74.8,74.83,412,9,0
2024-11-05 09:00:00,74.83,75.07,74.83,75.04,507,9,0
2024-11-05 10:00:00,75.04,75.16,74.89,75.04,1242,8,0
2024-11-05 11:00:00,75.06,75.47,75.0,75.3,1636,8,0
2024-11-05 12:00:00,75.3,75.42,75.13,75.21,858,8,0
2024-11-05 13:00:00,75.21,75.32,75.07,75.19,632,8,0
2024-11-05 14:00:00,75.19,75.47,75.17,75.38,793,8,0
2024-11-05 15:00:00,75.38,75.44,75.11,75.19,1434,8,0
2024-11-05 16:00:00,75.19,75.7,75.19,75.52,1703,8,0
2024-11-05 17:00:00,75.52,75.86,75.42,75.8,1463,11,0
2024-11-05 18:00:00,75.8,76.05,75.73,75.9,1300,11,0
2024-11-05 19:00:00,75.9,75.99,75.23,75.32,1101,11,0
2024-11-05 20:00:00,75.33,75.35,74.84,75.07,1317,11,0
2024-11-05 21:00:00,75.07,75.56,75.01,75.46,1421,11,0
2024-11-05 22:00:00,75.46,75.58,75.31,75.4,510,11,0
2024-11-05 23:00:00,75.4,75.51,75.2,75.21,338,14,0
2024-11-06 00:00:00,75.21,75.26,75.21,75.26,2,23,0
2024-11-06 03:00:00,74.98,75.07,74.82,74.94,995,13,0
2024-11-06 04:00:00,74.93,75.09,74.92,75.01,816,13,0
2024-11-06 05:00:00,75.01,75.01,74.46,74.54,1071,13,0
2024-11-06 06:00:00,74.54,74.6,74.35,74.35,516,12,0
2024-11-06 07:00:00,74.35,74.5,73.98,74.0,852,13,0
2024-11-06 08:00:00,74.0,74.22,73.45,74.07,1876,13,0
2024-11-06 09:00:00,74.07,74.59,74.04,74.56,1316,11,0
2024-11-06 10:00:00,74.56,74.59,73.95,74.11,1726,10,0
2024-11-06 11:00:00,74.12,74.56,73.63,74.55,1966,11,0
2024-11-06 12:00:00,74.54,74.67,74.05,74.31,1703,10,0
2024-11-06 13:00:00,74.3,74.5,74.18,74.49,1511,10,0
2024-11-06 14:00:00,74.5,74.51,73.77,73.9,1395,10,0
2024-11-06 15:00:00,73.89,73.89,73.17,73.46,2723,11,0
2024-11-06 16:00:00,73.47,74.68,73.38,74.59,3421,10,0
2024-11-06 17:00:00,74.59,75.76,74.42,75.69,4334,8,0
2024-11-06 18:00:00,75.69,75.8,74.79,75.08,4159,8,0
2024-11-06 19:00:00,75.08,75.3,75.0,75.16,1630,8,0
2024-11-06 20:00:00,75.15,75.2,74.7,74.77,1380,9,0
2024-11-06 21:00:00,74.77,75.11,74.62,74.86,2131,7,0
2024-11-06 22:00:00,74.86,75.12,74.86,75.01,606,9,0
2024-11-06 23:00:00,75.01,75.04,74.88,74.94,305,9,0
2024-11-07 00:00:00,74.94,74.99,74.94,74.99,4,22,0
2024-11-07 03:00:00,74.8,75.22,74.76,75.22,1248,9,0
2024-11-07 04:00:00,75.21,75.44,75.18,75.37,742,9,0
2024-11-07 05:00:00,75.37,75.42,75.26,75.39,469,9,0
2024-11-07 06:00:00,75.39,75.4,75.15,75.15,294,10,0
2024-11-07 07:00:00,75.15,75.26,75.11,75.24,408,9,0
2024-11-07 08:00:00,75.24,75.26,74.94,75.03,616,9,0
2024-11-07 09:00:00,75.04,75.04,74.68,74.77,720,8,0
2024-11-07 10:00:00,74.77,74.85,74.45,74.56,1192,8,0
2024-11-07 11:00:00,74.56,74.84,74.38,74.46,1208,8,0
2024-11-07 12:00:00,74.46,74.51,74.14,74.24,1209,8,0
2024-11-07 13:00:00,74.24,74.35,73.88,74.08,1160,8,0
2024-11-07 14:00:00,74.08,74.32,73.99,74.21,1237,7,0
2024-11-07 15:00:00,74.21,74.69,74.21,74.52,2351,7,0
2024-11-07 16:00:00,74.52,74.74,73.94,74.39,3679,7,0
2024-11-07 17:00:00,74.39,74.74,73.99,74.71,3090,7,0
2024-11-07 18:00:00,74.7,75.22,74.57,74.97,3761,7,0
2024-11-07 19:00:00,74.97,75.68,74.96,75.66,1885,6,0
2024-11-07 20:00:00,75.66,75.88,75.57,75.63,1478,7,0
2024-11-07 21:00:00,75.62,75.78,75.33,75.4,1989,8,0
2024-11-07 22:00:00,75.39,75.47,75.14,75.18,628,8,0
2024-11-07 23:00:00,75.18,75.39,75.17,75.25,271,10,0
2024-11-08 00:00:00,75.25,75.25,75.25,75.25,1,33,0
2024-11-08 03:00:00,75.32,75.41,75.16,75.21,840,10,0
2024-11-08 04:00:00,75.21,75.23,75.06,75.07,479,9,0
2024-11-08 05:00:00,75.07,75.09,74.88,74.91,354,9,0
2024-11-08 06:00:00,74.9,74.97,74.9,74.94,205,10,0
2024-11-08 07:00:00,74.95,75.13,74.95,75.06,296,9,0
2024-11-08 08:00:00,75.05,75.06,74.82,74.86,483,9,0
2024-11-08 09:00:00,74.86,75.01,74.81,74.88,435,8,0
2024-11-08 10:00:00,74.89,74.91,74.27,74.38,1741,8,0
2024-11-08 11:00:00,74.38,74.61,74.29,74.42,1261,8,0
2024-11-08 12:00:00,74.42,74.46,74.22,74.33,1061,8,0
2024-11-08 13:00:00,74.33,74.85,74.31,74.66,1024,8,0
2024-11-08 14:00:00,74.65,74.82,74.25,74.31,1014,8,0
2024-11-08 15:00:00,74.31,74.69,74.23,74.62,1532,7,0
2024-11-08 16:00:00,74.62,74.74,74.03,74.06,2410,8,0
2024-11-08 17:00:00,74.05,74.05,73.36,73.56,3077,7,0
2024-11-08 18:00:00,73.55,73.7,73.27,73.35,2360,8,0
2024-11-08 19:00:00,73.35,73.87,73.34,73.85,1798,8,0
2024-11-08 20:00:00,73.85,73.88,73.55,73.58,1060,8,0
2024-11-08 21:00:00,73.59,73.87,73.57,73.81,1013,8,0
2024-11-08 22:00:00,73.81,73.91,73.76,73.77,446,9,0
2024-11-08 23:00:00,73.77,73.88,73.76,73.79,224,9,0
2024-11-11 01:00:00,73.62,73.82,73.48,73.62,425,9,0
2024-11-11 02:00:00,73.62,73.7,73.6,73.65,148,10,0
2024-11-11 03:00:00,73.64,73.65,73.34,73.48,1017,9,0
2024-11-11 04:00:00,73.49,73.54,73.33,73.52,550,9,0
2024-11-11 05:00:00,73.51,73.52,73.36,73.45,339,10,0
2024-11-11 06:00:00,73.45,73.45,73.31,73.34,174,9,0
2024-11-11 07:00:00,73.35,73.64,73.34,73.45,475,9,0
2024-11-11 08:00:00,73.45,73.78,73.42,73.77,677,9,0
2024-11-11 09:00:00,73.77,73.79,73.59,73.73,657,9,0
2024-11-11 10:00:00,73.73,73.94,73.64,73.81,1382,8,0
2024-11-11 11:00:00,73.82,73.93,72.9,72.98,2024,8,0
2024-11-11 12:00:00,72.98,72.98,72.6,72.62,1614,8,0
2024-11-11 13:00:00,72.61,72.8,72.42,72.67,1213,7,0
2024-11-11 14:00:00,72.68,72.74,72.21,72.25,1134,8,0
2024-11-11 15:00:00,72.25,72.42,71.88,72.06,2167,8,0
2024-11-11 16:00:00,72.06,72.17,71.79,72.07,2646,8,0
2024-11-11 17:00:00,72.08,72.16,71.58,71.6,2344,8,0
2024-11-11 18:00:00,71.61,71.83,71.46,71.54,2098,8,0
2024-11-11 19:00:00,71.54,71.84,71.53,71.71,1188,8,0
2024-11-11 20:00:00,71.71,71.78,71.57,71.76,1027,9,0
2024-11-11 21:00:00,71.76,71.91,71.57,71.81,1344,8,0
2024-11-11 22:00:00,71.82,71.89,71.77,71.86,333,9,0
2024-11-11 23:00:00,71.86,71.89,71.65,71.68,199,10,0
2024-11-12 00:00:00,71.68,71.74,71.68,71.74,2,23,0
2024-11-12 03:00:00,71.8,71.97,71.65,71.69,834,9,0
2024-11-12 04:00:00,71.69,71.7,71.46,71.56,562,9,0
2024-11-12 05:00:00,71.55,71.63,71.48,71.58,345,9,0
2024-11-12 06:00:00,71.58,71.66,71.56,71.61,214,10,0
2024-11-12 07:00:00,71.61,71.64,71.41,71.48,431,9,0
2024-11-12 08:00:00,71.48,71.63,71.43,71.58,505,9,0
2024-11-12 09:00:00,71.58,71.83,71.5,71.78,772,8,0
2024-11-12 10:00:00,71.78,71.91,71.68,71.86,1304,8,0
2024-11-12 11:00:00,71.85,72.19,71.67,72.16,1758,7,0
2024-11-12 12:00:00,72.16,72.24,72.04,72.07,986,8,0
2024-11-12 13:00:00,72.08,72.41,71.96,72.16,982,8,0
2024-11-12 14:00:00,72.16,72.35,71.72,72.21,1371,8,0
2024-11-12 15:00:00,72.21,72.42,72.05,72.41,1767,8,0
2024-11-12 16:00:00,72.41,72.64,72.2,72.42,2428,8,0
2024-11-12 17:00:00,72.42,72.56,71.68,71.72,2455,8,0
2024-11-12 18:00:00,71.72,72.21,71.42,71.98,3078,8,0
2024-11-12 19:00:00,71.98,72.1,71.72,72.0,1428,8,0
2024-11-12 20:00:00,72.01,72.02,71.63,71.67,1070,8,0
2024-11-12 21:00:00,71.66,71.91,71.62,71.86,976,8,0
2024-11-12 22:00:00,71.86,71.91,71.57,71.61,509,8,0
2024-11-12 23:00:00,71.61,71.65,71.43,71.46,229,10,0
2024-11-13 00:00:00,71.46,71.46,71.46,71.46,1,33,0
2024-11-13 03:00:00,71.65,71.9,71.6,71.82,900,9,0
2024-11-13 04:00:00,71.83,72.01,71.8,72.0,582,9,0
2024-11-13 05:00:00,72.0,72.05,71.87,71.89,393,9,0
2024-11-13 06:00:00,71.89,71.93,71.84,71.89,202,10,0
2024-11-13 07:00:00,71.89,71.94,71.83,71.85,363,9,0
2024-11-13 08:00:00,71.84,71.94,71.77,71.86,508,9,0
2024-11-13 09:00:00,71.86,71.97,71.7,71.84,651,9,0
2024-11-13 10:00:00,71.84,71.95,71.61,71.93,1162,8,0
2024-11-13 11:00:00,71.93,72.44,71.91,72.21,1062,8,0
2024-11-13 12:00:00,72.21,72.41,72.11,72.3,879,8,0
2024-11-13 13:00:00,72.3,72.4,71.75,71.99,1123,8,0
2024-11-13 14:00:00,71.99,72.12,71.7,71.92,1124,8,0
2024-11-13 15:00:00,71.92,72.08,71.41,71.54,2148,8,0
2024-11-13 16:00:00,71.55,71.6,70.65,70.65,3735,8,0
2024-11-13 17:00:00,70.65,71.7,70.58,71.52,3468,8,0
2024-11-13 18:00:00,71.52,72.09,71.51,71.81,2846,7,0
2024-11-13 19:00:00,71.82,72.36,71.78,72.16,1609,7,0
2024-11-13 20:00:00,72.17,72.32,72.07,72.26,1275,8,0
2024-11-13 21:00:00,72.26,72.37,71.85,71.86,1731,7,0
2024-11-13 22:00:00,71.86,71.9,71.56,71.7,712,7,0
2024-11-13 23:00:00,71.71,71.75,71.57,71.58,321,8,0
2024-11-14 00:00:00,71.58,71.58,71.58,71.58,1,34,0
2024-11-14 03:00:00,71.99,72.01,71.87,71.94,757,8,0
2024-11-14 04:00:00,71.95,72.01,71.84,71.88,527,8,0
2024-11-14 05:00:00,71.88,71.98,71.67,71.68,446,8,0
2024-11-14 06:00:00,71.68,71.83,71.68,71.81,277,8,0
2024-11-14 07:00:00,71.81,71.82,71.56,71.62,511,8,0
2024-11-14 08:00:00,71.62,71.7,71.58,71.61,499,8,0
2024-11-14 09:00:00,71.61,71.85,71.56,71.77,709,7,0
2024-11-14 10:00:00,71.77,72.21,71.77,72.12,1333,7,0
2024-11-14 11:00:00,72.12,72.2,71.7,72.09,1472,7,0
2024-11-14 12:00:00,72.09,72.36,71.91,72.31,1097,7,0
2024-11-14 13:00:00,72.31,72.54,72.18,72.29,1025,7,0
2024-11-14 14:00:00,72.3,72.49,72.13,72.46,1065,7,0
2024-11-14 15:00:00,72.46,72.88,72.43,72.78,2027,7,0
2024-11-14 16:00:00,72.77,72.97,72.6,72.82,2604,7,0
2024-11-14 17:00:00,72.81,72.92,72.35,72.46,2175,7,0
2024-11-14 18:00:00,72.46,72.93,72.11,72.33,3559,7,0
2024-11-14 19:00:00,72.33,72.39,71.78,71.9,1733,7,0
2024-11-14 20:00:00,71.9,72.18,71.72,72.16,1160,7,0
2024-11-14 21:00:00,72.15,72.48,72.14,72.3,1288,7,0
2024-11-14 22:00:00,72.3,72.3,72.13,72.18,703,8,0
2024-11-14 23:00:00,72.17,72.31,72.07,72.07,216,8,0
2024-11-15 00:00:00,72.07,72.07,72.07,72.07,1,33,0
2024-11-15 03:00:00,72.07,72.13,71.87,71.92,758,8,0
2024-11-15 04:00:00,71.92,71.95,71.81,71.86,523,8,0
2024-11-15 05:00:00,71.86,71.95,71.8,71.93,272,8,0
2024-11-15 06:00:00,71.94,71.94,71.62,71.71,281,8,0
2024-11-15 07:00:00,71.7,71.75,71.52,71.55,377,8,0
2024-11-15 08:00:00,71.54,71.58,71.39,71.4,490,8,0
2024-11-15 09:00:00,71.41,71.45,71.13,71.15,719,8,0
2024-11-15 10:00:00,71.15,71.59,71.11,71.47,1409,7,0
2024-11-15 11:00:00,71.48,71.64,71.2,71.55,1324,7,0
2024-11-15 12:00:00,71.55,71.65,71.31,71.57,1267,7,0
2024-11-15 13:00:00,71.57,72.09,71.51,72.08,1068,7,0
2024-11-15 14:00:00,72.08,72.25,71.96,72.05,1040,8,0
2024-11-15 15:00:00,72.06,72.22,71.58,71.6,1731,7,0
2024-11-15 16:00:00,71.6,71.85,71.46,71.79,2804,7,0
2024-11-15 17:00:00,71.79,72.12,71.48,72.01,2387,7,0
2024-11-15 18:00:00,72.01,72.22,71.2,71.31,2533,7,0
2024-11-15 19:00:00,71.32,71.43,70.78,70.88,1884,7,0
2024-11-15 20:00:00,70.88,70.93,70.63,70.72,1410,7,0
2024-11-15 21:00:00,70.72,70.99,70.72,70.92,1312,7,0
2024-11-15 22:00:00,70.92,70.94,70.79,70.85,586,7,0
2024-11-15 23:00:00,70.86,70.92,70.75,70.75,176,9,0
2024-11-18 01:00:00,70.65,70.77,70.48,70.66,680,8,0
2024-11-18 02:00:00,70.65,71.01,70.64,71.0,290,8,0
2024-11-18 03:00:00,71.0,71.03,70.74,70.95,1079,8,0
2024-11-18 04:00:00,70.94,71.06,70.86,71.0,522,8,0
2024-11-18 05:00:00,71.01,71.23,71.01,71.16,451,8,0
2024-11-18 06:00:00,71.16,71.18,71.09,71.12,162,8,0
2024-11-18 07:00:00,71.12,71.13,70.92,70.94,383,8,0
2024-11-18 08:00:00,70.94,71.12,70.85,71.05,624,8,0
2024-11-18 09:00:00,71.05,71.14,70.96,71.11,590,7,0
2024-11-18 10:00:00,71.11,71.28,70.7,70.89,1318,7,0
2024-11-18 11:00:00,70.89,71.44,70.63,71.41,1275,8,0
2024-11-18 12:00:00,71.41,71.55,71.23,71.41,809,7,0
2024-11-18 13:00:00,71.41,71.41,71.13,71.24,799,7,0
2024-11-18 14:00:00,71.24,71.38,71.15,71.19,978,7,0
2024-11-18 15:00:00,71.18,71.48,70.99,71.42,1651,7,0
2024-11-18 16:00:00,71.42,72.52,71.33,72.19,3202,7,0
2024-11-18 17:00:00,72.2,72.84,72.2,72.77,2262,7,0
2024-11-18 18:00:00,72.76,73.04,72.65,72.82,2044,7,0
2024-11-18 19:00:00,72.82,72.9,72.53,72.77,1414,7,0
2024-11-18 20:00:00,72.77,73.1,72.75,73.03,1089,8,0
2024-11-18 21:00:00,73.02,73.21,73.01,73.06,1339,7,0
2024-11-18 22:00:00,73.06,73.17,73.01,73.05,456,7,0
2024-11-18 23:00:00,73.04,73.22,72.83,72.84,322,8,0
2024-11-19 00:00:00,72.84,72.84,72.84,72.84,1,33,0
2024-11-19 03:00:00,72.87,73.18,72.87,73.12,622,8,0
2024-11-19 04:00:00,73.13,73.19,73.0,73.01,517,8,0
2024-11-19 05:00:00,73.01,73.22,72.98,73.22,377,8,0
2024-11-19 06:00:00,73.22,73.26,73.17,73.19,224,8,0
2024-11-19 07:00:00,73.19,73.19,73.06,73.14,305,8,0
2024-11-19 08:00:00,73.13,73.26,73.09,73.11,495,8,0
2024-11-19 09:00:00,73.11,73.11,72.87,72.91,586,7,0
2024-11-19 10:00:00,72.91,72.97,72.48,72.55,1568,7,0
2024-11-19 11:00:00,72.55,72.88,72.41,72.81,1511,7,0
2024-11-19 12:00:00,72.81,72.82,72.48,72.75,1176,8,0
2024-11-19 13:00:00,72.73,72.9,72.49,72.68,1022,7,0
2024-11-19 14:00:00,72.67,72.93,72.65,72.76,1030,7,0
2024-11-19 15:00:00,72.76,73.19,72.71,73.01,2138,6,0
2024-11-19 16:00:00,73.01,73.53,72.87,73.43,3185,7,0
2024-11-19 17:00:00,73.43,73.62,72.38,73.15,5181,6,0
2024-11-19 18:00:00,73.15,73.15,72.59,72.95,2984,7,0
2024-11-19 19:00:00,72.95,73.26,72.87,73.18,1470,7,0
2024-11-19 20:00:00,73.18,73.18,72.73,73.05,1629,7,0
2024-11-19 21:00:00,73.05,73.18,72.84,73.13,1445,8,0
2024-11-19 22:00:00,73.13,73.2,73.02,73.11,518,7,0
2024-11-19 23:00:00,73.11,73.19,72.87,72.87,343,9,0
2024-11-20 00:00:00,72.87,72.87,72.87,72.87,1,33,0
2024-11-20 03:00:00,73.06,73.11,72.87,72.91,738,8,0
2024-11-20 04:00:00,72.91,73.05,72.87,73.04,503,8,0
2024-11-20 05:00:00,73.04,73.08,72.93,72.95,250,8,0
2024-11-20 06:00:00,72.95,72.97,72.91,72.94,171,8,0
2024-11-20 07:00:00,72.94,73.0,72.89,72.94,331,8,0
2024-11-20 08:00:00,72.94,73.05,72.87,73.01,483,8,0
2024-11-20 09:00:00,73.0,73.25,73.0,73.24,546,8,0
2024-11-20 10:00:00,73.24,73.5,73.07,73.49,1140,7,0
2024-11-20 11:00:00,73.49,73.61,73.25,73.33,1218,7,0
2024-11-20 12:00:00,73.33,73.37,73.07,73.21,1058,7,0
2024-11-20 13:00:00,73.22,73.35,73.16,73.34,859,7,0
2024-11-20 14:00:00,73.34,73.54,73.23,73.53,908,7,0
2024-11-20 15:00:00,73.53,73.55,73.24,73.55,1236,8,0
2024-11-20 16:00:00,73.54,73.62,73.24,73.25,1754,7,0
2024-11-20 17:00:00,73.24,73.42,72.7,73.21,2589,7,0
2024-11-20 18:00:00,73.2,73.25,72.86,72.91,1646,7,0
2024-11-20 19:00:00,72.91,73.14,72.57,72.61,1238,6,0
2024-11-20 20:00:00,72.6,72.75,72.47,72.61,801,7,0
2024-11-20 21:00:00,72.61,72.76,72.4,72.65,947,7,0
2024-11-20 22:00:00,72.65,72.82,72.6,72.8,359,7,0
2024-11-20 23:00:00,72.79,72.88,72.62,72.62,272,8,0
2024-11-21 03:00:00,72.75,72.85,72.69,72.81,593,8,0
2024-11-21 04:00:00,72.82,72.9,72.74,72.75,421,8,0
2024-11-21 05:00:00,72.75,72.79,72.61,72.64,394,8,0
2024-11-21 06:00:00,72.65,72.69,72.59,72.6,205,8,0
2024-11-21 07:00:00,72.61,72.74,72.59,72.65,296,8,0
2024-11-21 08:00:00,72.65,72.9,72.58,72.88,448,8,0
2024-11-21 09:00:00,72.88,73.13,72.87,73.1,535,8,0
2024-11-21 10:00:00,73.1,73.38,73.09,73.32,1083,7,0
2024-11-21 11:00:00,73.32,73.49,73.13,73.44,1156,7,0
2024-11-21 12:00:00,73.44,73.63,73.3,73.61,927,7,0
2024-11-21 13:00:00,73.6,73.94,73.52,73.91,917,7,0
2024-11-21 14:00:00,73.91,74.0,73.73,73.77,873,7,0
2024-11-21 15:00:00,73.77,73.85,73.57,73.78,1512,7,0
2024-11-21 16:00:00,73.78,73.89,73.42,73.57,2530,7,0
2024-11-21 17:00:00,73.57,73.76,73.31,73.65,2402,7,0
2024-11-21 18:00:00,73.64,73.78,73.31,73.36,2148,6,0
2024-11-21 19:00:00,73.36,73.46,73.11,73.23,1750,7,0
2024-11-21 20:00:00,73.22,73.57,73.13,73.49,1371,8,0
2024-11-21 21:00:00,73.49,73.89,73.47,73.84,1082,8,0
2024-11-21 22:00:00,73.83,73.92,73.79,73.89,461,7,0
2024-11-21 23:00:00,73.9,73.93,73.69,73.69,309,9,0
2024-11-22 03:00:00,73.75,74.09,73.75,74.04,618,8,0
2024-11-22 04:00:00,74.03,74.14,73.97,74.11,468,8,0
2024-11-22 05:00:00,74.11,74.19,73.89,73.93,359,8,0
2024-11-22 06:00:00,73.93,73.95,73.84,73.88,186,8,0
2024-11-22 07:00:00,73.89,73.9,73.74,73.74,509,8,0
2024-11-22 08:00:00,73.74,73.89,73.74,73.78,513,8,0
2024-11-22 09:00:00,73.77,74.23,73.74,74.22,817,8,0
2024-11-22 10:00:00,74.22,74.34,74.08,74.13,1465,8,0
2024-11-22 11:00:00,74.13,74.22,73.63,73.94,1691,7,0
2024-11-22 12:00:00,73.95,74.16,73.77,73.85,1515,7,0
2024-11-22 13:00:00,73.85,73.87,73.32,73.35,1230,7,0
2024-11-22 14:00:00,73.36,73.45,72.96,73.34,1727,7,0
2024-11-22 15:00:00,73.34,73.45,73.06,73.33,1803,7,0
2024-11-22 16:00:00,73.34,74.11,73.34,74.06,2721,6,0
2024-11-22 17:00:00,74.07,74.6,73.97,74.47,2509,7,0
2024-11-22 18:00:00,74.47,74.5,74.1,74.4,1933,7,0
2024-11-22 19:00:00,74.43,74.68,74.36,74.68,1156,7,0
2024-11-22 20:00:00,74.68,74.81,74.61,74.76,995,7,0
2024-11-22 21:00:00,74.76,74.87,74.55,74.68,1302,6,0
2024-11-22 22:00:00,74.67,74.78,74.47,74.52,686,8,0
2024-11-22 23:00:00,74.53,74.66,74.52,74.54,271,8,0
2024-11-25 01:00:00,74.72,74.8,74.41,74.67,266,8,0
2024-11-25 02:00:00,74.67,74.72,74.56,74.61,180,8,0
2024-11-25 03:00:00,74.62,74.78,74.46,74.49,796,8,0
2024-11-25 04:00:00,74.48,74.51,74.26,74.3,550,8,0
2024-11-25 05:00:00,74.31,74.4,74.22,74.39,509,8,0
2024-11-25 06:00:00,74.38,74.46,74.22,74.23,371,8,0
2024-11-25 07:00:00,74.23,74.27,73.99,74.06,573,8,0
2024-11-25 08:00:00,74.06,74.2,73.96,74.16,663,7,0
2024-11-25 09:00:00,74.17,74.2,73.87,73.95,782,7,0
2024-11-25 10:00:00,73.94,74.16,73.79,74.07,1551,7,0
2024-11-25 11:00:00,74.07,74.37,73.95,74.07,1480,7,0
2024-11-25 12:00:00,74.06,74.5,74.0,74.26,1368,7,0
2024-11-25 13:00:00,74.25,74.59,74.24,74.57,1318,7,0
2024-11-25 14:00:00,74.58,74.62,74.35,74.56,1065,7,0
2024-11-25 15:00:00,74.56,74.58,74.04,74.18,1608,7,0
2024-11-25 16:00:00,74.18,74.22,72.91,73.18,5995,6,0
2024-11-25 17:00:00,73.19,73.29,72.51,72.53,3173,8,0
2024-11-25 18:00:00,72.53,73.04,72.38,72.5,3455,7,0
2024-11-25 19:00:00,72.5,72.85,72.45,72.49,1698,8,0
2024-11-25 20:00:00,72.49,72.52,72.29,72.42,928,8,0
2024-11-25 21:00:00,72.44,72.53,72.35,72.47,1014,8,0
2024-11-25 22:00:00,72.47,72.61,72.46,72.57,272,9,0
2024-11-25 23:00:00,72.58,72.6,72.45,72.45,225,10,0
2024-11-26 03:00:00,72.12,72.34,72.08,72.3,695,9,0
2024-11-26 04:00:00,72.3,72.58,72.29,72.51,547,10,0
2024-11-26 05:00:00,72.51,72.64,72.49,72.6,325,10,0
2024-11-26 06:00:00,72.6,72.68,72.59,72.62,166,10,0
2024-11-26 07:00:00,72.62,72.66,72.5,72.57,368,9,0
2024-11-26 08:00:00,72.58,72.71,72.47,72.51,608,9,0
2024-11-26 09:00:00,72.51,72.66,72.38,72.47,731,9,0
2024-11-26 10:00:00,72.46,72.89,72.43,72.81,1585,8,0
2024-11-26 11:00:00,72.81,72.97,72.73,72.94,1199,8,0
2024-11-26 12:00:00,72.94,73.15,72.89,73.0,954,8,0
2024-11-26 13:00:00,72.98,73.17,72.9,73.04,718,8,0
2024-11-26 14:00:00,73.05,73.19,72.62,72.73,1050,8,0
2024-11-26 15:00:00,72.73,73.15,72.73,73.0,1559,7,0
2024-11-26 16:00:00,73.0,73.75,72.66,73.07,3517,7,0
2024-11-26 17:00:00,73.07,73.33,72.78,73.1,2087,7,0
2024-11-26 18:00:00,73.1,73.11,72.64,72.67,1863,7,0
2024-11-26 19:00:00,72.66,72.66,71.77,71.79,1665,7,0
2024-11-26 20:00:00,71.79,72.31,71.59,71.93,2405,6,0
2024-11-26 21:00:00,71.93,72.42,71.91,72.16,1397,7,0
2024-11-26 22:00:00,72.16,72.19,72.03,72.14,478,8,0
2024-11-26 23:00:00,72.14,72.43,72.1,72.31,379,8,0
2024-11-27 00:00:00,72.31,72.31,72.31,72.31,1,34,0
2024-11-27 03:00:00,72.24,72.33,72.1,72.1,573,8,0
2024-11-27 04:00:00,72.1,72.3,72.07,72.28,511,7,0
2024-11-27 05:00:00,72.28,72.37,72.12,72.34,357,8,0
2024-11-27 06:00:00,72.35,72.35,72.24,72.27,182,8,0
2024-11-27 07:00:00,72.27,72.42,72.24,72.31,381,8,0
2024-11-27 08:00:00,72.32,72.51,72.22,72.44,535,8,0
2024-11-27 09:00:00,72.45,72.67,72.34,72.52,773,7,0
2024-11-27 10:00:00,72.52,72.71,72.27,72.56,1344,7,0
2024-11-27 11:00:00,72.57,72.79,72.15,72.54,1343,7,0
2024-11-27 12:00:00,72.54,72.71,72.36,72.48,982,7,0
2024-11-27 13:00:00,72.49,72.66,72.35,72.51,788,7,0
2024-11-27 14:00:00,72.51,72.73,72.39,72.66,825,7,0
2024-11-27 15:00:00,72.66,72.79,72.47,72.68,1386,7,0
2024-11-27 16:00:00,72.68,72.75,72.08,72.62,2414,7,0
2024-11-27 17:00:00,72.62,72.69,72.08,72.35,2715,7,0
2024-11-27 18:00:00,72.35,72.52,71.87,71.89,2232,7,0
2024-11-27 19:00:00,71.88,71.92,71.68,71.72,1544,7,0
2024-11-27 20:00:00,71.72,71.87,71.66,71.83,1053,7,0
2024-11-27 21:00:00,71.82,72.33,71.79,72.31,1195,7,0
2024-11-27 22:00:00,72.3,72.33,72.18,72.28,276,7,0
2024-11-27 23:00:00,72.28,72.33,72.17,72.18,259,8,0
2024-11-28 00:00:00,72.18,72.18,72.18,72.18,1,34,0
2024-11-28 03:00:00,72.22,72.24,72.11,72.17,580,8,0
2024-11-28 04:00:00,72.17,72.24,72.13,72.23,302,8,0
2024-11-28 05:00:00,72.22,72.23,72.04,72.06,246,8,0
2024-11-28 06:00:00,72.05,72.1,71.96,71.97,148,8,0
2024-11-28 07:00:00,71.97,72.17,71.94,72.13,329,8,0
2024-11-28 08:00:00,72.13,72.31,72.12,72.18,445,8,0
2024-11-28 09:00:00,72.18,72.19,71.91,71.94,548,8,0
2024-11-28 10:00:00,71.93,72.07,71.78,71.95,1226,7,0
2024-11-28 11:00:00,71.95,72.57,71.87,72.48,837,7,0
2024-11-28 12:00:00,72.47,72.81,72.47,72.81,778,7,0
2024-11-28 13:00:00,72.81,72.88,72.7,72.83,578,7,0
2024-11-28 14:00:00,72.83,72.84,72.59,72.68,468,8,0
2024-11-28 15:00:00,72.68,72.74,72.52,72.69,722,7,0
2024-11-28 16:00:00,72.7,72.72,72.43,72.52,981,7,0
2024-11-28 17:00:00,72.52,72.56,72.42,72.44,692,7,0
2024-11-28 18:00:00,72.43,72.48,72.12,72.31,1595,7,0
2024-11-28 19:00:00,72.32,72.76,72.3,72.67,668,7,0
2024-11-28 20:00:00,72.66,72.66,72.51,72.6,176,8,0
2024-11-29 03:00:00,72.37,72.65,72.22,72.59,664,8,0
2024-11-29 04:00:00,72.59,72.69,72.51,72.64,453,8,0
2024-11-29 05:00:00,72.64,72.81,72.63,72.79,434,8,0
2024-11-29 06:00:00,72.78,72.8,72.71,72.75,171,8,0
2024-11-29 07:00:00,72.75,72.78,72.67,72.71,293,8,0
2024-11-29 08:00:00,72.7,72.79,72.66,72.76,319,8,0
2024-11-29 09:00:00,72.76,72.76,72.12,72.14,664,7,0
2024-11-29 10:00:00,72.14,72.7,72.08,72.25,1386,7,0
2024-11-29 11:00:00,72.24,72.5,72.01,72.09,1248,7,0
2024-11-29 12:00:00,72.09,72.21,71.94,71.95,959,6,0
2024-11-29 13:00:00,71.95,72.29,71.94,72.09,880,7,0
2024-11-29 14:00:00,72.09,73.09,72.07,72.95,1346,7,0
2024-11-29 15:00:00,72.95,73.01,72.7,72.87,1515,7,0
2024-11-29 16:00:00,72.87,73.13,72.69,73.02,2339,7,0
2024-11-29 17:00:00,73.02,73.23,72.81,73.03,2009,8,0
2024-11-29 18:00:00,73.02,73.18,72.29,72.42,2406,8,0
2024-11-29 19:00:00,72.42,72.48,72.14,72.3,1536,7,0
2024-11-29 20:00:00,72.3,72.33,72.16,72.18,972,9,0
2024-11-29 21:00:00,72.17,72.17,71.64,71.96,1137,11,0
2024-12-02 01:00:00,71.71,72.08,71.68,71.99,782,8,0
2024-12-02 02:00:00,72.0,72.04,71.87,71.87,189,9,0
2024-12-02 03:00:00,71.85,71.98,71.67,71.97,967,9,0
2024-12-02 04:00:00,71.97,72.23,71.96,72.18,879,10,0
2024-12-02 05:00:00,72.18,72.19,72.1,72.1,262,9,0
2024-12-02 06:00:00,72.1,72.13,72.04,72.08,211,9,0
2024-12-02 07:00:00,72.08,72.2,72.03,72.13,366,9,0
2024-12-02 08:00:00,72.13,72.46,72.13,72.26,555,9,0
2024-12-02 09:00:00,72.26,72.38,72.2,72.25,583,9,0
2024-12-02 10:00:00,72.24,72.56,72.09,72.32,1435,8,0
2024-12-02 11:00:00,72.31,72.51,72.19,72.48,1562,8,0
2024-12-02 12:00:00,72.48,72.59,72.31,72.46,1107,8,0
2024-12-02 13:00:00,72.45,72.65,72.41,72.6,733,8,0
2024-12-02 14:00:00,72.6,72.69,72.42,72.56,749,8,0
2024-12-02 15:00:00,72.57,72.78,72.47,72.63,1238,7,0
2024-12-02 16:00:00,72.62,72.77,71.84,71.96,2263,7,0
2024-12-02 17:00:00,71.96,72.45,71.84,72.19,2568,7,0
2024-12-02 18:00:00,72.19,72.19,71.45,71.5,2217,7,0
2024-12-02 19:00:00,71.49,71.74,71.43,71.69,1317,7,0
2024-12-02 20:00:00,71.69,71.75,71.49,71.64,956,7,0
2024-12-02 21:00:00,71.63,71.82,71.56,71.75,796,8,0
2024-12-02 22:00:00,71.76,71.77,71.64,71.71,322,8,0
2024-12-02 23:00:00,71.71,71.83,71.69,71.7,196,9,0
2024-12-03 00:00:00,71.7,71.7,71.7,71.7,1,34,0
2024-12-03 03:00:00,71.8,71.89,71.67,71.7,760,8,0
2024-12-03 04:00:00,71.69,71.74,71.57,71.63,430,8,0
2024-12-03 05:00:00,71.62,71.84,71.58,71.83,329,8,0
2024-12-03 06:00:00,71.83,71.89,71.8,71.86,169,8,0
2024-12-03 07:00:00,71.86,71.92,71.8,71.9,268,8,0
2024-12-03 08:00:00,71.9,72.07,71.9,72.0,400,8,0
2024-12-03 09:00:00,72.0,72.09,71.92,72.01,458,8,0
2024-12-03 10:00:00,72.01,72.53,71.99,72.53,895,7,0
2024-12-03 11:00:00,72.53,72.6,72.33,72.5,987,7,0
2024-12-03 12:00:00,72.5,72.52,72.25,72.29,769,7,0
2024-12-03 13:00:00,72.29,72.54,72.25,72.49,624,7,0
2024-12-03 14:00:00,72.49,72.92,72.49,72.84,711,7,0
2024-12-03 15:00:00,72.84,73.03,72.67,72.82,1649,7,0
2024-12-03 16:00:00,72.81,72.93,72.4,72.58,2109,7,0
2024-12-03 17:00:00,72.58,73.3,72.5,73.25,2552,7,0
2024-12-03 18:00:00,73.25,73.6,73.1,73.55,1979,7,0
2024-12-03 19:00:00,73.56,73.72,73.45,73.48,1184,7,0
2024-12-03 20:00:00,73.48,73.67,73.34,73.66,849,7,0
2024-12-03 21:00:00,73.66,73.77,73.43,73.56,1033,8,0
2024-12-03 22:00:00,73.56,73.58,73.48,73.5,331,8,0
2024-12-03 23:00:00,73.5,73.51,73.35,73.41,305,8,0
2024-12-04 00:00:00,73.41,73.41,73.41,73.41,1,33,0
2024-12-04 03:00:00,73.49,73.54,73.37,73.39,593,8,0
2024-12-04 04:00:00,73.39,73.56,73.37,73.52,495,8,0
2024-12-04 05:00:00,73.52,73.55,73.44,73.51,306,8,0
2024-12-04 06:00:00,73.51,73.66,73.49,73.65,212,8,0
2024-12-04 07:00:00,73.65,73.68,73.59,73.68,301,8,0
2024-12-04 08:00:00,73.68,73.72,73.63,73.69,410,8,0
2024-12-04 09:00:00,73.69,73.77,73.6,73.63,465,8,0
2024-12-04 10:00:00,73.63,73.75,73.44,73.53,1066,7,0
2024-12-04 11:00:00,73.54,73.93,73.52,73.91,1116,7,0
2024-12-04 12:00:00,73.91,74.1,73.78,73.85,1296,7,0
2024-12-04 13:00:00,73.85,73.87,73.63,73.7,701,7,0
2024-12-04 14:00:00,73.7,73.72,73.34,73.62,789,8,0
2024-12-04 15:00:00,73.61,73.88,73.53,73.84,1165,7,0
2024-12-04 16:00:00,73.83,73.94,73.49,73.59,2002,7,0
2024-12-04 17:00:00,73.59,73.6,73.16,73.42,2872,7,0
2024-12-04 18:00:00,73.41,73.44,72.94,73.05,2040,7,0
2024-12-04 19:00:00,73.04,73.14,72.26,72.43,1326,7,0
2024-12-04 20:00:00,72.43,72.63,72.14,72.2,2260,8,0
2024-12-04 21:00:00,72.19,72.46,72.09,72.36,1320,7,0
2024-12-04 22:00:00,72.36,72.51,72.31,72.39,483,9,0
2024-12-04 23:00:00,72.39,72.41,72.13,72.19,239,10,0
2024-12-05 00:00:00,72.19,72.19,72.19,72.19,1,33,0
2024-12-05 03:00:00,72.37,72.4,72.17,72.2,585,9,0
2024-12-05 04:00:00,72.22,72.27,72.12,72.14,411,9,0
2024-12-05 05:00:00,72.14,72.21,72.07,72.18,297,10,0
2024-12-05 06:00:00,72.18,72.21,72.13,72.14,143,10,0
2024-12-05 07:00:00,72.14,72.16,72.06,72.09,242,10,0
2024-12-05 08:00:00,72.09,72.16,72.03,72.14,368,10,0
2024-12-05 09:00:00,72.14,72.26,72.01,72.14,674,9,0
2024-12-05 10:00:00,72.14,72.4,72.04,72.31,939,8,0
2024-12-05 11:00:00,72.31,72.54,72.2,72.44,1142,8,0
2024-12-05 12:00:00,72.44,72.51,72.23,72.4,1146,8,0
2024-12-05 13:00:00,72.4,72.72,71.65,71.71,2154,8,0
2024-12-05 14:00:00,71.72,72.41,71.62,72.1,2371,8,0
2024-12-05 15:00:00,72.11,72.68,72.03,72.59,1732,7,0
2024-12-05 16:00:00,72.59,72.71,72.31,72.67,2255,7,0
2024-12-05 17:00:00,72.66,72.68,72.1,72.45,1819,7,0
2024-12-05 18:00:00,72.45,72.5,71.86,72.14,1849,7,0
2024-12-05 19:00:00,72.14,72.15,71.85,71.86,1181,7,0
2024-12-05 20:00:00,71.86,72.32,71.82,72.17,1068,7,0
2024-12-05 21:00:00,72.17,72.18,71.87,72.12,1147,7,0
2024-12-05 22:00:00,72.12,72.22,72.0,72.03,338,8,0
2024-12-05 23:00:00,72.03,72.08,71.84,71.88,236,9,0
2024-12-06 00:00:00,71.88,71.88,71.88,71.88,1,34,0
2024-12-06 03:00:00,71.92,71.99,71.56,71.57,604,8,0
2024-12-06 04:00:00,71.57,71.78,71.55,71.77,404,8,0
2024-12-06 05:00:00,71.77,71.87,71.76,71.84,384,8,0
2024-12-06 06:00:00,71.84,71.88,71.78,71.88,181,8,0
2024-12-06 07:00:00,71.88,71.9,71.77,71.9,315,8,0
2024-12-06 08:00:00,71.89,71.93,71.78,71.79,361,8,0
2024-12-06 09:00:00,71.79,71.79,71.6,71.66,385,8,0
2024-12-06 10:00:00,71.67,71.95,71.57,71.62,961,7,0
2024-12-06 11:00:00,71.62,71.78,71.51,71.62,1079,7,0
2024-12-06 12:00:00,71.62,71.67,71.3,71.3,716,8,0
2024-12-06 13:00:00,71.3,71.33,71.14,71.16,804,7,0
2024-12-06 14:00:00,71.16,71.43,71.12,71.12,766,7,0
2024-12-06 15:00:00,71.12,71.33,71.03,71.06,1511,7,0
2024-12-06 16:00:00,71.05,71.34,70.85,70.94,2486,7,0
2024-12-06 17:00:00,70.93,71.03,70.68,71.0,1838,7,0
2024-12-06 18:00:00,71.01,71.18,70.92,71.17,1842,7,0
2024-12-06 19:00:00,71.17,71.24,71.0,71.15,968,7,0
2024-12-06 20:00:00,71.14,71.37,71.12,71.28,941,8,0
2024-12-06 21:00:00,71.28,71.29,70.83,70.84,1055,7,0
2024-12-06 22:00:00,70.84,70.91,70.81,70.88,350,8,0
2024-12-06 23:00:00,70.88,70.89,70.77,70.79,138,8,0
2024-12-09 01:00:00,70.88,71.04,70.78,71.03,360,8,0
2024-12-09 02:00:00,71.03,71.04,70.86,70.9,198,8,0
2024-12-09 03:00:00,70.9,71.27,70.87,71.24,719,8,0
2024-12-09 04:00:00,71.24,71.29,71.1,71.2,404,6,0
2024-12-09 05:00:00,71.2,71.23,71.08,71.19,359,8,0
2024-12-09 06:00:00,71.2,71.23,71.15,71.21,186,8,0
2024-12-09 07:00:00,71.21,71.35,71.19,71.31,409,8,0
2024-12-09 08:00:00,71.31,71.35,71.28,71.35,339,8,0
2024-12-09 09:00:00,71.34,71.63,71.16,71.62,587,8,0
2024-12-09 10:00:00,71.62,71.94,71.52,71.85,1144,7,0
2024-12-09 11:00:00,71.86,71.86,71.54,71.59,1110,8,0
2024-12-09 12:00:00,71.59,71.85,71.55,71.63,804,7,0
2024-12-09 13:00:00,71.64,71.86,71.59,71.76,616,7,0
2024-12-09 14:00:00,71.77,71.8,71.62,71.69,664,8,0
2024-12-09 15:00:00,71.7,72.03,71.69,71.9,1140,7,0
2024-12-09 16:00:00,71.9,72.08,71.74,72.07,1740,7,0
2024-12-09 17:00:00,72.08,72.45,72.0,72.25,1391,7,0
2024-12-09 18:00:00,72.25,72.42,72.03,72.14,1830,7,0
2024-12-09 19:00:00,72.14,72.22,72.06,72.16,884,7,0
2024-12-09 20:00:00,72.16,72.21,72.08,72.08,761,8,0
2024-12-09 21:00:00,72.08,72.13,71.84,71.92,823,8,0
2024-12-09 22:00:00,71.92,71.92,71.74,71.74,343,8,0
2024-12-09 23:00:00,71.75,71.81,71.6,71.61,201,9,0
2024-12-10 00:00:00,71.61,71.61,71.61,71.61,1,33,0
2024-12-10 03:00:00,71.72,71.97,71.71,71.76,764,8,0
2024-12-10 04:00:00,71.77,71.87,71.67,71.7,553,8,0
2024-12-10 05:00:00,71.7,71.75,71.62,71.67,502,8,0
2024-12-10 06:00:00,71.67,71.72,71.59,71.6,142,8,0
2024-12-10 07:00:00,71.59,71.62,71.54,71.59,442,7,0
2024-12-10 08:00:00,71.58,71.7,71.52,71.68,518,8,0
2024-12-10 09:00:00,71.67,71.74,71.57,71.68,481,8,0
2024-12-10 10:00:00,71.68,72.02,71.66,71.99,1153,7,0
2024-12-10 11:00:00,71.99,72.04,71.65,71.85,992,7,0
2024-12-10 12:00:00,71.85,71.87,71.48,71.5,752,7,0
2024-12-10 13:00:00,71.5,71.66,71.35,71.54,754,7,0
2024-12-10 14:00:00,71.55,71.77,71.53,71.76,693,7,0
2024-12-10 15:00:00,71.76,71.86,71.62,71.85,1207,7,0
2024-12-10 16:00:00,71.85,72.09,71.74,71.9,2071,7,0
2024-12-10 17:00:00,71.9,72.38,71.82,72.35,1623,7,0
2024-12-10 18:00:00,72.35,72.52,72.23,72.48,1566,7,0
2024-12-10 19:00:00,72.48,72.48,72.26,72.35,856,7,0
2024-12-10 20:00:00,72.35,72.35,72.15,72.19,617,7,0
2024-12-10 21:00:00,72.19,72.26,71.73,71.81,1026,7,0
2024-12-10 22:00:00,71.82,71.89,71.74,71.79,377,8,0
2024-12-10 23:00:00,71.79,71.89,71.72,71.75,288,8,0
2024-12-11 03:00:00,71.98,72.3,71.98,72.26,404,8,0
2024-12-11 04:00:00,72.26,72.44,72.24,72.37,407,8,0
2024-12-11 05:00:00,72.37,72.43,72.32,72.36,249,8,0
2024-12-11 06:00:00,72.36,72.38,72.31,72.34,171,8,0
2024-12-11 07:00:00,72.34,72.46,72.33,72.42,224,8,0
2024-12-11 08:00:00,72.42,72.53,72.34,72.51,353,8,0
2024-12-11 09:00:00,72.51,72.51,72.09,72.15,634,8,0
2024-12-11 10:00:00,72.15,72.31,72.09,72.3,794,7,0
2024-12-11 11:00:00,72.31,72.75,72.24,72.62,931,7,0
2024-12-11 12:00:00,72.62,72.76,72.53,72.63,617,7,0
2024-12-11 13:00:00,72.63,72.91,72.51,72.78,665,7,0
2024-12-11 14:00:00,72.79,72.98,72.75,72.77,795,8,0
2024-12-11 15:00:00,72.77,72.89,72.66,72.69,1448,7,0
2024-12-11 16:00:00,72.7,72.81,72.47,72.73,2122,7,0
2024-12-11 17:00:00,72.72,72.89,72.32,72.69,2446,7,0
2024-12-11 18:00:00,72.69,73.16,72.63,73.04,2123,7,0
2024-12-11 19:00:00,73.04,73.16,72.99,73.11,885,7,0
2024-12-11 20:00:00,73.11,73.26,72.94,73.19,751,8,0
2024-12-11 21:00:00,73.19,73.42,73.14,73.4,1041,7,0
2024-12-11 22:00:00,73.4,73.48,73.29,73.29,382,8,0
2024-12-11 23:00:00,73.3,73.33,73.19,73.25,189,8,0
2024-12-12 00:00:00,73.25,73.25,73.25,73.25,1,33,0
2024-12-12 03:00:00,73.37,73.38,73.15,73.2,723,8,0
2024-12-12 04:00:00,73.2,73.28,73.17,73.25,505,8,0
2024-12-12 05:00:00,73.25,73.38,73.25,73.3,349,8,0
2024-12-12 06:00:00,73.3,73.37,73.25,73.36,151,8,0
2024-12-12 07:00:00,73.37,73.54,73.32,73.46,458,8,0
2024-12-12 08:00:00,73.47,73.52,73.37,73.41,579,8,0
2024-12-12 09:00:00,73.41,73.54,73.36,73.54,416,8,0
2024-12-12 10:00:00,73.54,73.65,73.46,73.63,800,7,0
2024-12-12 11:00:00,73.63,73.69,73.42,73.49,802,7,0
2024-12-12 12:00:00,73.49,73.53,73.19,73.2,639,7,0
2024-12-12 13:00:00,73.19,73.35,73.07,73.33,833,8,0
2024-12-12 14:00:00,73.33,73.38,73.17,73.23,883,7,0
2024-12-12 15:00:00,73.23,73.32,73.0,73.18,1338,8,0
2024-12-12 16:00:00,73.18,73.39,72.66,72.7,2475,7,0
2024-12-12 17:00:00,72.71,72.74,72.32,72.34,2194,7,0
2024-12-12 18:00:00,72.35,72.76,72.18,72.74,1801,7,0
2024-12-12 19:00:00,72.75,73.48,72.74,73.37,1921,8,0
2024-12-12 20:00:00,73.37,73.54,73.19,73.25,992,9,0
2024-12-12 21:00:00,73.24,73.38,73.1,73.3,1178,8,0
2024-12-12 22:00:00,73.3,73.38,73.23,73.26,412,9,0
2024-12-12 23:00:00,73.26,73.27,72.99,73.01,221,10,0
2024-12-13 03:00:00,73.1,73.15,73.03,73.05,629,10,0
2024-12-13 04:00:00,73.04,73.18,73.03,73.09,583,10,0
2024-12-13 05:00:00,73.09,73.15,73.04,73.12,405,9,0
2024-12-13 06:00:00,73.12,73.24,73.11,73.21,245,10,0
2024-12-13 07:00:00,73.22,73.23,73.08,73.13,457,9,0
2024-12-13 08:00:00,73.13,73.24,73.1,73.23,529,10,0
2024-12-13 09:00:00,73.23,73.41,73.09,73.39,493,8,0
2024-12-13 10:00:00,73.39,73.39,73.12,73.14,960,8,0
2024-12-13 11:00:00,73.15,73.62,73.09,73.54,913,8,0
2024-12-13 12:00:00,73.54,73.91,73.54,73.89,609,8,0
2024-12-13 13:00:00,73.89,74.02,73.71,73.8,715,8,0
2024-12-13 14:00:00,73.81,73.82,73.54,73.58,582,8,0
2024-12-13 15:00:00,73.58,73.62,73.38,73.44,1192,8,0
2024-12-13 16:00:00,73.44,73.82,73.34,73.67,2110,8,0
2024-12-13 17:00:00,73.67,73.86,73.48,73.8,1611,7,0
2024-12-13 18:00:00,73.81,74.09,73.65,74.07,1450,7,0
2024-12-13 19:00:00,74.07,74.18,74.01,74.08,911,7,0
2024-12-13 20:00:00,74.07,74.27,74.02,74.16,716,8,0
2024-12-13 21:00:00,74.16,74.29,74.12,74.18,751,8,0
2024-12-13 22:00:00,74.18,74.18,74.06,74.07,309,8,0
2024-12-13 23:00:00,74.07,74.15,73.96,73.96,233,8,0
2024-12-16 01:00:00,74.05,74.17,73.98,74.11,538,8,0
2024-12-16 02:00:00,74.11,74.11,73.97,74.0,191,8,0
2024-12-16 03:00:00,73.99,74.08,73.91,74.05,690,8,0
2024-12-16 04:00:00,74.05,74.06,73.89,73.93,521,8,0
2024-12-16 05:00:00,73.93,73.96,73.87,73.91,414,8,0
2024-12-16 06:00:00,73.91,74.01,73.85,73.87,232,8,0
2024-12-16 07:00:00,73.88,73.93,73.81,73.83,292,8,0
2024-12-16 08:00:00,73.83,73.94,73.78,73.88,489,8,0
2024-12-16 09:00:00,73.88,74.0,73.82,73.91,636,8,0
2024-12-16 10:00:00,73.91,74.02,73.58,73.6,1083,8,0
2024-12-16 11:00:00,73.6,73.74,73.56,73.56,897,7,0
2024-12-16 12:00:00,73.56,73.75,73.51,73.55,752,8,0
2024-12-16 13:00:00,73.55,73.65,73.41,73.53,718,8,0
2024-12-16 14:00:00,73.53,73.71,73.46,73.69,682,8,0
2024-12-16 15:00:00,73.68,73.79,73.62,73.74,1019,8,0
2024-12-16 16:00:00,73.75,73.96,73.66,73.71,1903,8,0
2024-12-16 17:00:00,73.72,74.03,73.61,73.85,1780,8,0
2024-12-16 18:00:00,73.85,73.87,73.41,73.49,1490,8,0
2024-12-16 19:00:00,73.49,73.86,73.43,73.81,1070,8,0
2024-12-16 20:00:00,73.81,73.92,73.54,73.6,887,8,0
2024-12-16 21:00:00,73.6,73.72,73.48,73.49,914,8,0
2024-12-16 22:00:00,73.49,73.53,73.42,73.49,357,8,0
2024-12-16 23:00:00,73.49,73.54,73.44,73.45,216,9,0
2024-12-17 00:00:00,73.45,73.45,73.45,73.45,1,33,0
2024-12-17 03:00:00,73.58,73.65,73.45,73.64,750,8,0
2024-12-17 04:00:00,73.63,73.66,73.5,73.54,437,8,0
2024-12-17 05:00:00,73.54,73.57,73.47,73.54,347,8,0
2024-12-17 06:00:00,73.54,73.56,73.51,73.53,126,8,0
2024-12-17 07:00:00,73.53,73.76,73.49,73.74,432,8,0
2024-12-17 08:00:00,73.73,73.82,73.72,73.78,394,8,0
2024-12-17 09:00:00,73.78,73.84,73.57,73.59,495,8,0
2024-12-17 10:00:00,73.59,73.6,72.89,73.02,1287,8,0
2024-12-17 11:00:00,73.03,73.29,72.92,73.2,848,8,0
2024-12-17 12:00:00,73.2,73.24,72.98,73.05,687,8,0
2024-12-17 13:00:00,73.04,73.13,72.88,72.89,614,8,0
2024-12-17 14:00:00,72.89,73.07,72.77,72.83,729,8,0
2024-12-17 15:00:00,72.83,73.03,72.74,72.79,1537,8,0
2024-12-17 16:00:00,72.79,72.97,72.44,72.52,2421,8,0
2024-12-17 17:00:00,72.52,72.61,72.2,72.25,1734,8,0
2024-12-17 18:00:00,72.25,72.61,72.24,72.56,1775,8,0
2024-12-17 19:00:00,72.56,72.82,72.49,72.79,1096,8,0
2024-12-17 20:00:00,72.78,72.98,72.63,72.94,757,8,0
2024-12-17 21:00:00,72.94,73.0,72.79,72.99,863,8,0
2024-12-17 22:00:00,72.99,73.05,72.93,72.98,327,8,0
2024-12-17 23:00:00,72.98,73.07,72.88,72.9,292,9,0
2024-12-18 00:00:00,72.9,72.9,72.9,72.9,1,33,0
2024-12-18 03:00:00,72.94,73.11,72.84,73.05,460,8,0
2024-12-18 04:00:00,73.05,73.1,72.91,72.96,352,8,0
2024-12-18 05:00:00,72.96,72.98,72.85,72.89,242,8,0
2024-12-18 06:00:00,72.89,72.97,72.86,72.93,130,8,0
2024-12-18 07:00:00,72.93,73.0,72.86,72.89,242,8,0
2024-12-18 08:00:00,72.89,72.98,72.85,72.95,311,8,0
2024-12-18 09:00:00,72.95,73.25,72.95,73.24,480,8,0
2024-12-18 10:00:00,73.24,73.36,73.14,73.26,747,8,0
2024-12-18 11:00:00,73.27,73.48,73.21,73.36,796,8,0
2024-12-18 12:00:00,73.36,73.48,73.21,73.21,628,8,0
2024-12-18 13:00:00,73.21,73.35,73.18,73.27,457,8,0
2024-12-18 14:00:00,73.27,73.55,73.24,73.5,452,8,0
2024-12-18 15:00:00,73.51,73.55,73.33,73.42,859,8,0
2024-12-18 16:00:00,73.42,73.67,73.17,73.37,1831,8,0
2024-12-18 17:00:00,73.37,73.66,73.29,73.61,1952,8,0
2024-12-18 18:00:00,73.61,73.85,73.48,73.71,1782,8,0
2024-12-18 19:00:00,73.7,73.71,73.19,73.26,1301,8,0
2024-12-18 20:00:00,73.25,73.45,73.08,73.16,1025,8,0
2024-12-18 21:00:00,73.16,73.35,72.78,72.79,1509,8,0
2024-12-18 22:00:00,72.8,72.82,72.46,72.5,917,8,0
2024-12-18 23:00:00,72.5,72.61,72.37,72.39,462,9,0
2024-12-19 00:00:00,72.39,72.39,72.39,72.39,1,33,0
2024-12-19 03:00:00,72.57,72.74,72.56,72.67,920,8,0
2024-12-19 04:00:00,72.67,72.71,72.48,72.68,417,8,0
2024-12-19 05:00:00,72.68,72.77,72.63,72.72,369,8,0
2024-12-19 06:00:00,72.72,72.73,72.59,72.64,191,8,0
2024-12-19 07:00:00,72.64,72.67,72.51,72.6,446,8,0
2024-12-19 08:00:00,72.6,72.86,72.58,72.81,539,8,0
2024-12-19 09:00:00,72.81,72.81,72.49,72.6,559,8,0
2024-12-19 10:00:00,72.61,72.69,72.35,72.67,1059,8,0
2024-12-19 11:00:00,72.67,73.01,72.67,72.98,945,8,0
2024-12-19 12:00:00,72.99,73.15,72.89,72.96,579,8,0
2024-12-19 13:00:00,72.95,73.01,72.76,72.81,552,8,0
2024-12-19 14:00:00,72.81,72.89,72.67,72.75,784,8,0
2024-12-19 15:00:00,72.74,73.36,72.74,73.3,1523,8,0
2024-12-19 16:00:00,73.3,73.47,73.14,73.22,2445,8,0
2024-12-19 17:00:00,73.23,73.25,72.57,72.59,2329,8,0
2024-12-19 18:00:00,72.59,72.72,72.27,72.33,2570,8,0
2024-12-19 19:00:00,72.33,72.47,72.26,72.43,1446,8,0
2024-12-19 20:00:00,72.43,72.58,72.38,72.49,920,8,0
2024-12-19 21:00:00,72.49,72.52,72.3,72.32,1028,8,0
2024-12-19 22:00:00,72.32,72.34,72.16,72.17,383,8,0
2024-12-19 23:00:00,72.18,72.27,72.12,72.15,190,9,0
2024-12-20 00:00:00,72.15,72.15,72.15,72.15,1,34,0
2024-12-20 03:00:00,72.14,72.2,72.04,72.17,551,8,0
2024-12-20 04:00:00,72.17,72.17,72.05,72.09,319,8,0
2024-12-20 05:00:00,72.09,72.12,71.96,72.0,329,8,0
2024-12-20 06:00:00,72.0,72.08,72.0,72.04,137,8,0
2024-12-20 07:00:00,72.04,72.1,72.0,72.09,315,8,0
2024-12-20 08:00:00,72.09,72.29,72.08,72.16,440,8,0
2024-12-20 09:00:00,72.15,72.18,71.99,72.03,477,8,0
2024-12-20 10:00:00,72.04,72.27,71.97,71.97,971,8,0
2024-12-20 11:00:00,71.97,71.98,71.75,71.79,874,8,0
2024-12-20 12:00:00,71.79,71.85,71.69,71.7,766,8,0
2024-12-20 13:00:00,71.7,71.75,71.59,71.63,515,8,0
2024-12-20 14:00:00,71.63,72.24,71.63,72.2,903,8,0
2024-12-20 15:00:00,72.2,72.27,71.86,71.86,1257,8,0
2024-12-20 16:00:00,71.86,72.16,71.62,71.71,2217,8,0
2024-12-20 17:00:00,71.71,72.21,71.69,72.19,1958,8,0
2024-12-20 18:00:00,72.19,72.5,72.05,72.4,1553,8,0
2024-12-20 19:00:00,72.41,72.69,72.35,72.66,991,8,0
2024-12-20 20:00:00,72.65,72.88,72.61,72.67,945,8,0
2024-12-20 21:00:00,72.67,72.74,72.45,72.56,1294,8,0
2024-12-20 22:00:00,72.56,72.68,72.47,72.58,571,8,0
2024-12-20 23:00:00,72.58,72.59,72.5,72.55,216,9,0
2024-12-23 01:00:00,72.47,72.67,72.47,72.62,345,8,0
2024-12-23 02:00:00,72.63,72.71,72.61,72.68,180,8,0
2024-12-23 03:00:00,72.68,72.92,72.65,72.88,586,8,0
2024-12-23 04:00:00,72.88,72.98,72.82,72.92,433,8,0
2024-12-23 05:00:00,72.92,72.92,72.78,72.88,297,8,0
2024-12-23 06:00:00,72.88,72.94,72.85,72.86,198,8,0
2024-12-23 07:00:00,72.86,72.89,72.8,72.83,283,8,0
2024-12-23 08:00:00,72.83,72.89,72.76,72.82,386,9,0
2024-12-23 09:00:00,72.83,72.94,72.71,72.76,425,8,0
2024-12-23 10:00:00,72.77,72.9,72.6,72.85,1057,8,0
2024-12-23 11:00:00,72.84,72.96,72.53,72.53,862,8,0
2024-12-23 12:00:00,72.54,72.65,72.29,72.3,727,8,0
2024-12-23 13:00:00,72.31,72.47,72.22,72.24,585,8,0
2024-12-23 14:00:00,72.25,72.47,72.14,72.15,660,8,0
2024-12-23 15:00:00,72.16,72.33,72.1,72.11,1056,8,0
2024-12-23 16:00:00,72.11,72.42,72.04,72.04,2093,8,0
2024-12-23 17:00:00,72.04,72.12,71.7,71.73,1417,8,0
2024-12-23 18:00:00,71.72,71.96,71.66,71.72,1348,8,0
2024-12-23 19:00:00,71.72,72.07,71.69,72.05,900,8,0
2024-12-23 20:00:00,72.06,72.38,71.95,72.38,843,8,0
2024-12-23 21:00:00,72.37,72.54,72.23,72.48,1206,8,0
2024-12-23 22:00:00,72.48,72.55,72.39,72.54,307,8,0
2024-12-23 23:00:00,72.53,72.69,72.5,72.51,208,9,0
2024-12-24 00:00:00,72.51,72.51,72.51,72.51,1,33,0
2024-12-24 03:00:00,72.56,72.63,72.48,72.49,488,8,0
2024-12-24 04:00:00,72.49,72.71,72.49,72.54,480,8,0
2024-12-24 05:00:00,72.54,72.55,72.42,72.43,385,8,0
2024-12-24 06:00:00,72.43,72.61,72.42,72.58,530,9,0
2024-12-24 07:00:00,72.58,72.66,72.55,72.59,304,9,0
2024-12-24 08:00:00,72.59,72.64,72.56,72.56,475,9,0
2024-12-24 09:00:00,72.57,72.73,72.56,72.71,393,8,0
2024-12-24 10:00:00,72.71,72.86,72.64,72.77,505,8,0
2024-12-24 11:00:00,72.77,72.87,72.67,72.72,514,8,0
2024-12-24 12:00:00,72.72,72.91,72.61,72.9,429,8,0
2024-12-24 13:00:00,72.91,73.01,72.81,72.82,456,8,0
2024-12-24 14:00:00,72.82,72.91,72.51,72.82,1249,8,0
2024-12-24 15:00:00,72.81,72.91,72.64,72.91,641,8,0
2024-12-24 16:00:00,72.91,73.2,72.81,73.01,1774,8,0
2024-12-24 17:00:00,73.02,73.36,73.0,73.15,1024,8,0
2024-12-24 18:00:00,73.15,73.37,73.08,73.25,936,8,0
2024-12-24 19:00:00,73.24,73.24,72.98,73.03,727,8,0
2024-12-24 20:00:00,73.03,73.2,72.91,73.11,829,8,0
2024-12-26 03:00:00,73.33,73.35,73.21,73.25,453,8,0
2024-12-26 04:00:00,73.26,73.33,73.18,73.25,269,8,0
2024-12-26 05:00:00,73.26,73.42,73.26,73.35,289,8,0
2024-12-26 06:00:00,73.35,73.36,73.23,73.24,161,8,0
2024-12-26 07:00:00,73.24,73.25,73.06,73.19,377,8,0
2024-12-26 08:00:00,73.19,73.23,73.12,73.19,352,8,0
2024-12-26 09:00:00,73.19,73.29,73.14,73.27,452,8,0
2024-12-26 10:00:00,73.27,73.43,73.25,73.38,526,8,0
2024-12-26 11:00:00,73.38,73.52,73.38,73.49,303,8,0
2024-12-26 12:00:00,73.5,73.53,73.38,73.51,316,8,0
2024-12-26 13:00:00,73.52,73.52,73.44,73.5,242,8,0
2024-12-26 14:00:00,73.5,73.52,73.28,73.51,411,8,0
2024-12-26 15:00:00,73.51,73.68,73.48,73.52,515,8,0
2024-12-26 16:00:00,73.52,73.67,73.36,73.38,918,8,0
2024-12-26 17:00:00,73.39,73.44,73.02,73.16,1167,8,0
2024-12-26 18:00:00,73.15,73.25,72.92,73.06,933,8,0
2024-12-26 19:00:00,73.05,73.07,72.86,72.93,663,8,0
2024-12-26 20:00:00,72.93,73.05,72.8,72.9,638,8,0
2024-12-26 21:00:00,72.9,72.95,72.51,72.72,935,8,0
2024-12-26 22:00:00,72.72,72.72,72.62,72.68,234,8,0
2024-12-26 23:00:00,72.68,72.78,72.65,72.65,191,9,0
2024-12-27 03:00:00,72.62,72.79,72.56,72.77,498,8,0
2024-12-27 04:00:00,72.76,72.83,72.68,72.74,309,8,0
2024-12-27 05:00:00,72.74,72.85,72.7,72.85,237,8,0
2024-12-27 06:00:00,72.85,72.85,72.73,72.76,165,8,0
2024-12-27 07:00:00,72.75,72.8,72.73,72.74,198,8,0
2024-12-27 08:00:00,72.73,72.75,72.62,72.7,337,8,0
2024-12-27 09:00:00,72.71,72.97,72.69,72.94,422,8,0
2024-12-27 10:00:00,72.94,72.99,72.82,72.94,817,8,0
2024-12-27 11:00:00,72.93,73.04,72.76,72.95,650,8,0
2024-12-27 12:00:00,72.95,73.3,72.89,73.29,635,8,0
2024-12-27 13:00:00,73.3,73.41,73.24,73.27,420,8,0
2024-12-27 14:00:00,73.28,73.48,73.24,73.39,399,8,0
2024-12-27 15:00:00,73.39,73.47,73.28,73.47,755,8,0
2024-12-27 16:00:00,73.47,73.66,73.44,73.51,1400,8,0
2024-12-27 17:00:00,73.51,73.51,73.2,73.36,1653,8,0
2024-12-27 18:00:00,73.36,73.64,73.32,73.45,1349,8,0
2024-12-27 19:00:00,73.45,73.48,73.22,73.4,859,8,0
2024-12-27 20:00:00,73.4,73.76,73.4,73.74,915,8,0
2024-12-27 21:00:00,73.74,73.84,73.53,73.54,781,8,0
2024-12-27 22:00:00,73.54,73.54,73.27,73.33,288,8,0
2024-12-27 23:00:00,73.33,73.39,73.28,73.31,191,9,0
2024-12-30 01:00:00,73.33,73.62,73.24,73.55,445,8,0
2024-12-30 02:00:00,73.55,73.59,73.46,73.57,194,8,0
2024-12-30 03:00:00,73.57,73.81,73.52,73.81,443,8,0
2024-12-30 04:00:00,73.8,73.81,73.71,73.71,245,8,0
2024-12-30 05:00:00,73.71,73.74,73.67,73.73,160,8,0
2024-12-30 06:00:00,73.73,73.78,73.69,73.77,120,8,0
2024-12-30 07:00:00,73.77,73.8,73.69,73.71,191,8,0
2024-12-30 08:00:00,73.71,73.76,73.58,73.62,297,8,0
2024-12-30 09:00:00,73.62,73.66,73.55,73.6,468,8,0
2024-12-30 10:00:00,73.6,73.74,73.29,73.31,1116,7,0
2024-12-30 11:00:00,73.32,73.76,73.3,73.62,753,8,0
2024-12-30 12:00:00,73.61,73.66,73.37,73.53,853,8,0
2024-12-30 13:00:00,73.53,73.8,73.49,73.75,575,8,0
2024-12-30 14:00:00,73.76,74.02,73.75,73.88,655,8,0
2024-12-30 15:00:00,73.88,74.03,73.78,73.96,792,8,0
2024-12-30 16:00:00,73.97,74.24,73.97,74.17,1322,8,0
2024-12-30 17:00:00,74.17,74.37,73.96,74.19,1387,8,0
2024-12-30 18:00:00,74.19,74.34,73.84,74.17,1260,8,0
2024-12-30 19:00:00,74.17,74.39,74.17,74.22,669,8,0
2024-12-30 20:00:00,74.22,74.3,73.99,74.0,603,8,0
2024-12-30 21:00:00,74.0,74.05,73.69,73.92,895,8,0
2024-12-30 22:00:00,73.92,74.14,73.91,73.99,368,9,0
2024-12-30 23:00:00,74.0,74.04,73.87,73.87,168,10,0
2024-12-31 00:00:00,73.87,73.87,73.87,73.87,1,34,0
2024-12-31 03:00:00,74.12,74.46,74.12,74.36,441,10,0
2024-12-31 04:00:00,74.36,74.36,74.22,74.26,268,10,0
2024-12-31 05:00:00,74.25,74.31,74.16,74.17,296,10,0
2024-12-31 06:00:00,74.16,74.55,74.16,74.49,531,10,0
2024-12-31 07:00:00,74.49,74.53,74.42,74.46,300,10,0
2024-12-31 08:00:00,74.45,74.6,74.44,74.58,452,10,0
2024-12-31 09:00:00,74.58,74.58,74.4,74.42,327,9,0
2024-12-31 10:00:00,74.42,74.46,74.24,74.35,664,9,0
2024-12-31 11:00:00,74.35,74.48,74.19,74.21,704,9,0
2024-12-31 12:00:00,74.21,74.43,74.18,74.34,487,9,0
2024-12-31 13:00:00,74.34,74.51,74.3,74.41,484,9,0
2024-12-31 14:00:00,74.42,74.55,73.81,73.83,1024,9,0
2024-12-31 15:00:00,73.83,73.98,73.72,73.95,775,9,0
2024-12-31 16:00:00,73.96,74.38,73.96,74.38,1313,9,0
2024-12-31 17:00:00,74.37,74.56,74.17,74.5,1028,9,0
2024-12-31 18:00:00,74.5,74.64,74.43,74.53,773,9,0
2024-12-31 19:00:00,74.53,74.63,74.43,74.59,666,9,0
2024-12-31 20:00:00,74.59,74.76,74.5,74.59,508,9,0
2024-12-31 21:00:00,74.59,74.73,74.49,74.72,619,9,0
2025-01-02 03:00:00,74.84,75.07,74.81,74.94,904,10,0
2025-01-02 04:00:00,74.94,74.98,74.79,74.91,411,10,0
2025-01-02 05:00:00,74.91,74.91,74.77,74.81,358,10,0
2025-01-02 06:00:00,74.81,74.82,74.68,74.72,144,10,0
2025-01-02 07:00:00,74.73,74.73,74.66,74.69,257,10,0
2025-01-02 08:00:00,74.69,74.77,74.59,74.72,387,10,0
2025-01-02 09:00:00,74.72,74.9,74.7,74.74,508,9,0
2025-01-02 10:00:00,74.74,74.87,74.59,74.74,1009,9,0
2025-01-02 11:00:00,74.75,75.19,74.71,75.19,976,9,0
2025-01-02 12:00:00,75.19,75.55,75.19,75.54,1102,9,0
2025-01-02 13:00:00,75.53,75.64,75.41,75.59,650,9,0
2025-01-02 14:00:00,75.59,75.62,75.43,75.57,606,9,0
2025-01-02 15:00:00,75.57,75.62,75.34,75.58,1054,9,0
2025-01-02 16:00:00,75.58,76.11,75.57,76.09,2023,9,0
2025-01-02 17:00:00,76.09,76.29,75.98,76.15,1861,9,0
2025-01-02 18:00:00,76.14,76.39,75.94,76.25,2440,9,0
2025-01-02 19:00:00,76.25,76.31,75.9,75.99,1155,9,0
2025-01-02 20:00:00,75.99,75.99,75.74,75.83,1072,8,0
2025-01-02 21:00:00,75.82,76.03,75.7,75.86,1127,8,0
2025-01-02 22:00:00,75.86,75.87,75.7,75.73,357,8,0
2025-01-02 23:00:00,75.73,75.77,75.6,75.62,181,9,0
2025-01-03 00:00:00,75.62,75.62,75.62,75.62,1,33,0
2025-01-03 03:00:00,75.86,75.96,75.85,75.88,633,8,0
2025-01-03 04:00:00,75.87,76.09,75.81,75.89,563,8,0
2025-01-03 05:00:00,75.89,76.02,75.86,75.99,387,8,0
2025-01-03 06:00:00,76.0,76.01,75.92,75.92,140,8,0
2025-01-03 07:00:00,75.92,75.94,75.82,75.86,303,8,0
2025-01-03 08:00:00,75.85,75.86,75.75,75.76,443,8,0
2025-01-03 09:00:00,75.76,75.8,75.69,75.71,330,8,0
2025-01-03 10:00:00,75.71,75.86,75.6,75.62,823,8,0
2025-01-03 11:00:00,75.63,75.74,75.36,75.46,908,8,0
2025-01-03 12:00:00,75.46,75.59,75.37,75.43,639,8,0
2025-01-03 13:00:00,75.43,75.65,75.36,75.64,499,8,0
2025-01-03 14:00:00,75.63,75.75,75.51,75.69,635,8,0
2025-01-03 15:00:00,75.69,76.05,75.58,76.0,1108,8,0
2025-01-03 16:00:00,76.0,76.08,75.85,75.97,1793,8,0
2025-01-03 17:00:00,75.97,76.21,75.97,76.2,1524,8,0
2025-01-03 18:00:00,76.2,76.34,76.07,76.34,1197,8,0
2025-01-03 19:00:00,76.34,76.49,76.29,76.47,692,8,0
2025-01-03 20:00:00,76.47,76.53,76.27,76.36,806,8,0
2025-01-03 21:00:00,76.36,76.45,76.25,76.44,723,8,0
2025-01-03 22:00:00,76.44,76.47,76.33,76.36,272,8,0
2025-01-03 23:00:00,76.36,76.39,76.32,76.37,128,10,0
2025-01-06 01:00:00,76.35,76.51,76.25,76.42,403,10,0
2025-01-06 02:00:00,76.42,76.48,76.2,76.2,238,10,0
2025-01-06 03:00:00,76.2,76.66,76.2,76.44,788,9,0
2025-01-06 04:00:00,76.44,76.44,76.23,76.27,507,10,0
2025-01-06 05:00:00,76.27,76.3,76.09,76.11,273,10,0
2025-01-06 06:00:00,76.11,76.17,75.95,75.95,221,10,0
2025-01-06 07:00:00,75.95,76.03,75.92,76.01,372,10,0
2025-01-06 08:00:00,76.01,76.07,75.95,76.06,394,10,0
2025-01-06 09:00:00,76.05,76.17,75.95,76.01,585,9,0
2025-01-06 10:00:00,76.01,76.04,75.86,76.0,944,9,0
2025-01-06 11:00:00,76.0,76.2,75.92,76.1,867,9,0
2025-01-06 12:00:00,76.1,76.36,76.04,76.27,610,9,0
2025-01-06 13:00:00,76.26,76.56,76.18,76.55,977,9,0
2025-01-06 14:00:00,76.55,76.92,76.52,76.76,963,9,0
2025-01-06 15:00:00,76.76,76.84,76.46,76.59,1323,8,0
2025-01-06 16:00:00,76.6,77.15,76.58,77.12,2400,8,0
2025-01-06 17:00:00,77.12,77.25,76.43,76.49,1785,8,0
2025-01-06 18:00:00,76.49,76.73,76.33,76.58,1903,8,0
2025-01-06 19:00:00,76.58,76.59,76.04,76.07,1238,8,0
2025-01-06 20:00:00,76.07,76.1,75.72,75.87,1062,8,0
2025-01-06 21:00:00,75.87,76.21,75.84,76.03,1034,8,0
2025-01-06 22:00:00,76.03,76.07,75.96,76.0,352,8,0
2025-01-06 23:00:00,75.99,76.07,75.87,75.87,179,9,0
2025-01-07 00:00:00,75.87,75.87,75.87,75.87,1,33,0
2025-01-07 03:00:00,75.92,75.94,75.73,75.92,563,8,0
2025-01-07 04:00:00,75.92,76.01,75.84,75.96,458,8,0
2025-01-07 05:00:00,75.96,76.02,75.87,76.02,377,8,0
2025-01-07 06:00:00,76.02,76.03,75.95,76.0,126,8,0
2025-01-07 07:00:00,76.0,76.07,75.98,76.06,299,8,0
2025-01-07 08:00:00,76.05,76.09,75.91,76.0,367,8,0
2025-01-07 09:00:00,76.0,76.05,75.81,75.82,572,8,0
2025-01-07 10:00:00,75.83,76.04,75.67,75.68,957,8,0
2025-01-07 11:00:00,75.69,76.14,75.68,76.12,1333,8,0
2025-01-07 12:00:00,76.13,76.5,76.08,76.45,999,8,0
2025-01-07 13:00:00,76.44,76.81,76.44,76.78,910,8,0
2025-01-07 14:00:00,76.79,76.82,76.63,76.67,674,8,0
2025-01-07 15:00:00,76.67,76.72,76.46,76.64,1327,8,0
2025-01-07 16:00:00,76.64,76.87,76.41,76.78,1742,8,0
2025-01-07 17:00:00,76.78,76.81,76.6,76.79,1769,8,0
2025-01-07 18:00:00,76.79,76.91,76.37,76.64,1678,8,0
2025-01-07 19:00:00,76.64,76.86,76.62,76.86,929,8,0
2025-01-07 20:00:00,76.85,77.01,76.77,76.8,684,8,0
2025-01-07 21:00:00,76.79,76.97,76.69,76.94,722,8,0
2025-01-07 22:00:00,76.94,76.96,76.75,76.77,292,8,0
2025-01-07 23:00:00,76.78,76.9,76.72,76.76,311,9,0
2025-01-08 00:00:00,76.76,76.76,76.76,76.76,1,33,0
2025-01-08 03:00:00,77.04,77.16,76.98,77.1,684,8,0
2025-01-08 04:00:00,77.1,77.11,76.93,76.99,339,8,0
2025-01-08 05:00:00,76.99,77.11,76.94,76.98,319,8,0
2025-01-08 06:00:00,76.98,77.08,76.96,77.02,149,8,0
2025-01-08 07:00:00,77.02,77.3,77.02,77.26,273,8,0
2025-01-08 08:00:00,77.26,77.32,77.06,77.09,617,8,0
2025-01-08 09:00:00,77.09,77.22,77.0,77.22,484,8,0
2025-01-08 10:00:00,77.22,77.56,77.19,77.53,1330,8,0
2025-01-08 11:00:00,77.53,77.55,77.29,77.42,1040,8,0
2025-01-08 12:00:00,77.42,77.53,76.66,76.74,1312,8,0
2025-01-08 13:00:00,76.74,77.07,76.55,77.02,1405,8,0
2025-01-08 14:00:00,77.02,77.2,76.95,77.07,1030,8,0
2025-01-08 15:00:00,77.08,77.2,76.75,76.95,1533,8,0
2025-01-08 16:00:00,76.95,77.04,76.68,76.87,2140,8,0
2025-01-08 17:00:00,76.86,76.99,76.46,76.5,2483,8,0
2025-01-08 18:00:00,76.5,76.51,75.77,75.9,2390,8,0
2025-01-08 19:00:00,75.9,76.0,75.76,75.88,1340,8,0
2025-01-08 20:00:00,75.88,75.94,75.76,75.81,943,8,0
2025-01-08 21:00:00,75.81,76.04,75.78,76.0,982,8,0
2025-01-08 22:00:00,76.0,76.05,75.89,75.95,403,8,0
2025-01-08 23:00:00,75.95,75.95,75.77,75.79,239,9,0
2025-01-09 03:00:00,75.83,75.88,75.39,75.46,908,8,0
2025-01-09 04:00:00,75.46,75.69,75.46,75.67,466,8,0
2025-01-09 05:00:00,75.67,75.84,75.66,75.8,309,8,0
2025-01-09 06:00:00,75.79,75.8,75.72,75.77,182,8,0
2025-01-09 07:00:00,75.77,75.92,75.68,75.9,371,8,0
2025-01-09 08:00:00,75.9,76.01,75.84,75.97,419,8,0
2025-01-09 09:00:00,75.96,76.04,75.69,75.7,618,8,0
2025-01-09 10:00:00,75.7,76.05,75.68,75.73,1050,8,0
2025-01-09 11:00:00,75.74,75.91,75.61,75.88,963,8,0
2025-01-09 12:00:00,75.88,76.02,75.74,75.99,951,8,0
2025-01-09 13:00:00,75.99,76.11,75.91,76.05,631,8,0
2025-01-09 14:00:00,76.05,76.3,76.03,76.25,699,8,0
2025-01-09 15:00:00,76.25,76.3,76.03,76.18,1165,8,0
2025-01-09 16:00:00,76.18,76.42,76.13,76.27,1372,8,0
2025-01-09 17:00:00,76.27,76.74,76.26,76.6,794,8,0
2025-01-09 18:00:00,76.6,76.84,76.52,76.73,953,8,0
2025-01-09 19:00:00,76.73,76.89,76.61,76.76,671,8,0
2025-01-09 20:00:00,76.76,76.83,76.58,76.65,692,8,0
2025-01-09 21:00:00,76.65,76.88,76.52,76.88,878,8,0
2025-01-09 22:00:00,76.88,76.89,76.78,76.87,232,8,0
2025-01-09 23:00:00,76.87,76.9,76.76,76.77,175,9,0
2025-01-10 00:00:00,76.77,76.77,76.77,76.77,1,33,0
2025-01-10 03:00:00,76.89,76.98,76.68,76.72,726,8,0
2025-01-10 04:00:00,76.72,76.84,76.65,76.71,494,8,0
2025-01-10 05:00:00,76.71,76.83,76.7,76.73,323,8,0
2025-01-10 06:00:00,76.73,76.9,76.72,76.87,241,8,0
2025-01-10 07:00:00,76.88,77.03,76.87,76.96,265,8,0
2025-01-10 08:00:00,76.96,77.04,76.86,76.99,401,8,0
2025-01-10 09:00:00,76.99,77.28,76.99,77.19,616,8,0
2025-01-10 10:00:00,77.19,77.68,77.11,77.56,1233,8,0
2025-01-10 11:00:00,77.56,78.31,77.47,78.3,1854,8,0
2025-01-10 12:00:00,78.3,78.44,78.16,78.38,1631,8,0
2025-01-10 13:00:00,78.39,79.27,78.35,79.05,1722,8,0
2025-01-10 14:00:00,79.05,79.24,78.74,79.23,2190,8,0
2025-01-10 15:00:00,79.23,79.46,79.06,79.35,2941,8,0
2025-01-10 16:00:00,79.35,80.22,79.19,79.58,4481,9,0
2025-01-10 17:00:00,79.58,79.63,78.43,78.43,3998,9,0
2025-01-10 18:00:00,78.42,78.88,78.0,78.72,4496,9,0
2025-01-10 19:00:00,78.72,79.07,78.66,78.97,2058,9,0
2025-01-10 20:00:00,78.97,79.12,78.8,79.1,1292,9,0
2025-01-10 21:00:00,79.1,79.41,79.02,79.18,1412,9,0
2025-01-10 22:00:00,79.18,79.26,79.12,79.23,543,9,0
2025-01-10 23:00:00,79.22,79.28,79.07,79.07,305,10,0
2025-01-13 01:00:00,79.28,80.81,79.28,80.54,2466,10,0
2025-01-13 02:00:00,80.53,80.81,80.45,80.69,623,10,0
2025-01-13 03:00:00,80.68,80.8,80.41,80.53,1962,10,0
2025-01-13 04:00:00,80.53,80.62,80.27,80.39,820,10,0
2025-01-13 05:00:00,80.38,80.4,80.22,80.33,671,10,0
2025-01-13 06:00:00,80.34,80.62,80.27,80.52,630,10,0
2025-01-13 07:00:00,80.52,80.6,80.39,80.6,733,10,0
2025-01-13 08:00:00,80.6,80.69,80.46,80.57,811,10,0
2025-01-13 09:00:00,80.58,80.58,80.15,80.26,1311,9,0
2025-01-13 10:00:00,80.26,80.97,80.19,80.81,2832,9,0
2025-01-13 11:00:00,80.82,80.87,79.91,79.95,2593,9,0
2025-01-13 12:00:00,79.95,80.55,79.88,80.41,2133,9,0
2025-01-13 13:00:00,80.42,80.75,80.35,80.47,1657,9,0
2025-01-13 14:00:00,80.47,80.66,80.2,80.44,1704,9,0
2025-01-13 15:00:00,80.44,80.45,80.0,80.09,2605,8,0
2025-01-13 16:00:00,80.09,80.14,79.7,79.99,3211,8,0
2025-01-13 17:00:00,79.98,80.41,79.75,80.37,2557,8,0
2025-01-13 18:00:00,80.37,80.69,80.31,80.57,3209,8,0
2025-01-13 19:00:00,80.57,80.67,80.13,80.42,2221,8,0
2025-01-13 20:00:00,80.42,80.52,80.12,80.13,1724,8,0
2025-01-13 21:00:00,80.13,80.47,80.08,80.34,1709,8,0
2025-01-13 22:00:00,80.34,80.35,80.06,80.07,637,8,0
2025-01-13 23:00:00,80.08,80.16,80.0,80.01,425,9,0
2025-01-14 00:00:00,80.02,80.02,80.02,80.02,1,33,0
2025-01-14 03:00:00,80.11,80.13,79.92,80.0,1467,8,0
2025-01-14 04:00:00,80.0,80.06,79.72,79.84,848,8,0
2025-01-14 05:00:00,79.85,80.01,79.79,79.96,620,8,0
2025-01-14 06:00:00,79.97,79.97,79.79,79.8,298,8,0
2025-01-14 07:00:00,79.8,79.85,79.7,79.79,495,8,0
2025-01-14 08:00:00,79.79,79.84,79.62,79.71,726,8,0
2025-01-14 09:00:00,79.72,79.81,79.45,79.63,1289,8,0
2025-01-14 10:00:00,79.63,80.06,79.63,79.91,1913,8,0
2025-01-14 11:00:00,79.92,80.32,79.92,80.28,1722,6,0
2025-01-14 12:00:00,80.27,80.3,79.53,79.58,1789,8,0
2025-01-14 13:00:00,79.6,80.1,79.57,80.07,1315,8,0
2025-01-14 14:00:00,80.07,80.08,79.73,79.73,1178,8,0
2025-01-14 15:00:00,79.74,79.87,79.46,79.73,2388,8,0
2025-01-14 16:00:00,79.73,79.86,79.27,79.35,3206,8,0
2025-01-14 17:00:00,79.35,79.75,79.14,79.64,2731,8,0
2025-01-14 18:00:00,79.64,79.8,79.22,79.55,3082,8,0
2025-01-14 19:00:00,79.55,79.82,79.43,79.52,1817,8,0
2025-01-14 20:00:00,79.52,79.6,79.33,79.4,1168,8,0
2025-01-14 21:00:00,79.4,79.6,79.24,79.33,1328,8,0
2025-01-14 22:00:00,79.32,79.52,79.28,79.5,509,8,0
2025-01-14 23:00:00,79.5,79.79,79.43,79.58,545,9,0
2025-01-15 00:00:00,79.58,79.58,79.58,79.58,1,33,0
2025-01-15 03:00:00,79.44,79.51,79.25,79.27,938,8,0
2025-01-15 04:00:00,79.27,79.27,79.08,79.19,956,8,0
2025-01-15 05:00:00,79.18,79.33,79.13,79.23,515,8,0
2025-01-15 06:00:00,79.23,79.47,79.19,79.43,329,8,0
2025-01-15 07:00:00,79.43,79.53,79.32,79.51,523,8,0
2025-01-15 08:00:00,79.51,79.74,79.47,79.67,821,8,0
2025-01-15 09:00:00,79.67,79.9,79.48,79.62,1295,8,0
2025-01-15 10:00:00,79.62,79.75,79.25,79.25,1993,8,0
2025-01-15 11:00:00,79.26,79.46,78.98,79.39,1923,8,0
2025-01-15 12:00:00,79.39,79.65,79.28,79.34,1367,8,0
2025-01-15 13:00:00,79.33,79.48,79.26,79.42,1073,8,0
2025-01-15 14:00:00,79.41,79.62,79.37,79.54,1324,8,0
2025-01-15 15:00:00,79.54,79.84,79.47,79.79,2552,8,0
2025-01-15 16:00:00,79.79,80.32,79.67,80.3,2374,8,0
2025-01-15 17:00:00,80.3,80.38,79.97,80.01,2482,8,0
2025-01-15 18:00:00,80.01,80.9,79.98,80.67,3351,8,0
2025-01-15 19:00:00,80.66,80.84,80.47,80.8,1795,8,0
2025-01-15 20:00:00,80.8,81.03,80.63,80.97,1688,8,0
2025-01-15 21:00:00,80.97,81.49,80.94,81.49,2112,8,0
2025-01-15 22:00:00,81.49,81.71,81.43,81.57,958,8,0
2025-01-15 23:00:00,81.56,81.62,81.32,81.46,446,9,0
2025-01-16 00:00:00,81.46,81.46,81.46,81.46,1,33,0
2025-01-16 03:00:00,81.43,81.56,81.12,81.15,1748,8,0
2025-01-16 04:00:00,81.15,81.38,81.05,81.28,1083,8,0
2025-01-16 05:00:00,81.28,81.48,81.23,81.38,641,8,0
2025-01-16 06:00:00,81.38,81.4,81.23,81.24,319,8,0
2025-01-16 07:00:00,81.24,81.24,81.01,81.06,747,8,0
2025-01-16 08:00:00,81.07,81.4,81.01,81.25,1363,8,0
2025-01-16 09:00:00,81.25,81.32,81.07,81.16,1055,8,0
2025-01-16 10:00:00,81.16,81.17,80.79,80.92,2302,8,0
2025-01-16 11:00:00,80.92,81.04,80.78,80.97,1589,8,0
2025-01-16 12:00:00,80.97,81.03,80.66,80.73,1370,8,0
2025-01-16 13:00:00,80.73,80.74,80.12,80.2,1325,8,0
2025-01-16 14:00:00,80.21,80.54,80.11,80.41,1978,8,0
2025-01-16 15:00:00,80.41,80.86,80.33,80.86,2100,8,0
2025-01-16 16:00:00,80.86,80.95,80.46,80.66,3059,8,0
2025-01-16 17:00:00,80.66,80.69,79.97,80.33,3402,8,0
2025-01-16 18:00:00,80.33,80.44,79.5,80.05,4941,8,0
2025-01-16 19:00:00,80.05,80.51,79.88,80.46,2737,8,0
2025-01-16 20:00:00,80.46,80.54,80.06,80.12,1537,8,0
2025-01-16 21:00:00,80.12,80.48,79.96,80.45,1457,8,0
2025-01-16 22:00:00,80.44,80.44,80.27,80.36,551,8,0
2025-01-16 23:00:00,80.36,80.38,80.25,80.25,301,9,0
2025-01-17 00:00:00,80.25,80.25,80.25,80.25,1,33,0
2025-01-17 03:00:00,80.44,80.57,80.39,80.53,914,8,0
2025-01-17 04:00:00,80.53,80.64,80.48,80.58,493,8,0
2025-01-17 05:00:00,80.58,80.65,80.53,80.6,399,8,0
2025-01-17 06:00:00,80.6,80.76,80.6,80.75,269,8,0
2025-01-17 07:00:00,80.75,80.85,80.62,80.64,632,8,0
2025-01-17 08:00:00,80.64,80.7,80.55,80.56,753,8,0
2025-01-17 09:00:00,80.57,80.79,80.37,80.71,1122,8,0
2025-01-17 10:00:00,80.71,80.87,80.44,80.59,1849,8,0
2025-01-17 11:00:00,80.59,80.69,80.21,80.53,1910,8,0
2025-01-17 12:00:00,80.53,80.79,80.35,80.53,1633,8,0
2025-01-17 13:00:00,80.54,80.72,80.25,80.31,1305,8,0
2025-01-17 14:00:00,80.31,80.41,80.0,80.15,1398,8,0
2025-01-17 15:00:00,80.15,80.17,79.63,79.88,2621,8,0
2025-01-17 16:00:00,79.88,80.2,79.63,80.09,2992,8,0
2025-01-17 17:00:00,80.09,80.23,79.73,79.75,2888,8,0
2025-01-17 18:00:00,79.74,80.33,79.68,80.33,2641,8,0
2025-01-17 19:00:00,80.32,80.36,79.99,80.08,1324,8,0
2025-01-17 20:00:00,80.08,80.16,79.92,80.01,1048,8,0
2025-01-17 21:00:00,80.01,80.21,79.73,79.8,1219,8,0
2025-01-17 22:00:00,79.8,79.96,79.72,79.87,484,8,0
2025-01-17 23:00:00,79.87,79.99,79.74,79.78,310,9,0
2025-01-20 03:00:00,80.11,80.19,79.7,79.84,1273,8,0
2025-01-20 04:00:00,79.84,79.86,79.63,79.72,929,8,0
2025-01-20 05:00:00,79.72,79.87,79.65,79.77,516,8,0
2025-01-20 06:00:00,79.77,79.79,79.65,79.69,225,8,0
2025-01-20 07:00:00,79.68,79.74,79.62,79.65,366,8,0
2025-01-20 08:00:00,79.65,79.72,79.4,79.56,620,8,0
2025-01-20 09:00:00,79.55,79.74,79.54,79.62,535,8,0
2025-01-20 10:00:00,79.62,79.8,79.49,79.61,1678,8,0
2025-01-20 11:00:00,79.61,79.73,79.28,79.43,1325,8,0
2025-01-20 12:00:00,79.43,79.62,79.37,79.48,927,8,0
2025-01-20 13:00:00,79.49,79.73,79.43,79.67,766,8,0
2025-01-20 14:00:00,79.67,80.03,79.65,79.92,854,8,0
2025-01-20 15:00:00,79.92,80.08,78.65,78.71,3235,8,0
2025-01-20 16:00:00,78.71,79.26,78.7,78.97,3582,8,0
2025-01-20 17:00:00,78.97,79.3,78.72,78.83,2377,8,0
2025-01-20 18:00:00,78.82,79.27,78.79,79.26,2217,8,0
2025-01-20 19:00:00,79.26,79.46,78.82,79.31,1708,8,0
2025-01-20 20:00:00,79.3,79.32,79.13,79.15,578,8,0
2025-01-20 21:00:00,79.15,79.2,79.08,79.1,144,8,0
2025-01-21 03:00:00,78.9,79.54,78.83,79.14,2507,8,0
2025-01-21 04:00:00,79.14,79.57,79.13,79.32,1286,8,0
2025-01-21 05:00:00,79.31,79.39,79.18,79.21,689,8,0
2025-01-21 06:00:00,79.21,79.3,79.09,79.11,377,8,0
2025-01-21 07:00:00,79.11,79.27,79.1,79.22,432,8,0
2025-01-21 08:00:00,79.21,79.25,78.98,79.01,657,8,0
2025-01-21 09:00:00,79.01,79.09,78.89,78.94,720,8,0
2025-01-21 10:00:00,78.94,79.13,78.63,78.65,1838,8,0
2025-01-21 11:00:00,78.66,78.82,78.58,78.6,1571,8,0
2025-01-21 12:00:00,78.6,78.68,78.22,78.23,1710,8,0
2025-01-21 13:00:00,78.23,78.25,77.91,77.95,1660,8,0
2025-01-21 14:00:00,77.95,78.37,77.95,78.27,1326,8,0
2025-01-21 15:00:00,78.28,78.34,77.81,77.84,1922,8,0
2025-01-21 16:00:00,77.84,78.58,77.82,78.42,2996,8,0
2025-01-21 17:00:00,78.41,78.71,78.27,78.65,2578,8,0
2025-01-21 18:00:00,78.65,78.83,78.52,78.54,2306,8,0
2025-01-21 19:00:00,78.54,78.89,78.38,78.42,1480,8,0
2025-01-21 20:00:00,78.42,78.53,78.33,78.42,1405,8,0
2025-01-21 21:00:00,78.42,78.75,78.21,78.74,1387,8,0
2025-01-21 22:00:00,78.75,78.79,78.64,78.75,446,8,0
2025-01-21 23:00:00,78.76,78.77,78.48,78.48,263,9,0
2025-01-22 03:00:00,78.6,78.61,78.41,78.5,710,8,0
2025-01-22 04:00:00,78.5,78.51,78.35,78.47,569,8,0
2025-01-22 05:00:00,78.47,78.57,78.46,78.54,343,8,0
2025-01-22 06:00:00,78.54,78.61,78.52,78.55,159,8,0
2025-01-22 07:00:00,78.55,78.56,78.41,78.43,314,8,0
2025-01-22 08:00:00,78.43,78.43,78.18,78.21,651,8,0
2025-01-22 09:00:00,78.21,78.29,78.05,78.25,911,8,0
2025-01-22 10:00:00,78.25,78.57,78.19,78.5,1238,8,0
2025-01-22 11:00:00,78.5,78.9,78.48,78.82,1518,8,0
2025-01-22 12:00:00,78.82,79.01,78.73,78.97,1033,8,0
2025-01-22 13:00:00,78.96,79.04,78.62,78.71,730,8,0
2025-01-22 14:00:00,78.72,78.78,78.43,78.52,886,8,0
2025-01-22 15:00:00,78.53,78.67,78.3,78.59,1766,8,0
2025-01-22 16:00:00,78.59,78.64,78.12,78.16,2335,8,0
2025-01-22 17:00:00,78.16,78.75,78.15,78.39,3582,8,0
2025-01-22 18:00:00,78.39,78.59,78.11,78.57,3071,8,0
2025-01-22 19:00:00,78.58,78.88,78.48,78.66,1511,8,0
2025-01-22 20:00:00,78.66,78.66,78.29,78.39,1156,8,0
2025-01-22 21:00:00,78.39,78.41,78.23,78.26,923,8,0
2025-01-22 22:00:00,78.27,78.3,78.22,78.24,337,8,0
2025-01-22 23:00:00,78.24,78.27,78.02,78.08,246,9,0
2025-01-23 03:00:00,78.07,78.12,77.98,77.99,639,7,0
2025-01-23 04:00:00,77.99,78.05,77.95,78.01,398,7,0
2025-01-23 05:00:00,78.0,78.05,77.96,77.96,205,7,0
2025-01-23 06:00:00,77.96,77.97,77.94,77.95,68,7,0
2025-01-23 07:00:00,77.94,78.06,77.94,77.98,257,7,0
2025-01-23 08:00:00,77.97,78.05,77.83,77.87,619,7,0
2025-01-23 09:00:00,77.87,78.09,77.83,78.07,460,7,0
2025-01-23 10:00:00,78.07,78.54,78.06,78.36,1102,7,0
2025-01-23 11:00:00,78.35,78.51,78.16,78.16,974,7,0
2025-01-23 12:00:00,78.15,78.39,78.06,78.37,1035,7,0
2025-01-23 13:00:00,78.38,78.72,78.38,78.66,868,7,0
2025-01-23 14:00:00,78.66,78.68,78.43,78.61,874,7,0
2025-01-23 15:00:00,78.61,78.65,78.27,78.45,1393,7,0
2025-01-23 16:00:00,78.45,78.82,78.28,78.8,1779,7,0
2025-01-23 17:00:00,78.8,78.86,78.5,78.58,1647,7,0
2025-01-23 18:00:00,78.58,78.73,77.35,77.73,6040,7,0
2025-01-23 19:00:00,77.73,78.11,77.55,78.01,2593,7,0
2025-01-23 20:00:00,78.02,78.05,77.54,77.67,1232,7,0
2025-01-23 21:00:00,77.66,77.75,77.41,77.47,1159,7,0
2025-01-23 22:00:00,77.48,77.52,77.23,77.26,687,7,0
2025-01-23 23:00:00,77.27,77.27,77.13,77.13,341,8,0
2025-01-24 03:00:00,77.19,77.36,76.94,77.34,814,7,0
2025-01-24 04:00:00,77.34,77.57,77.33,77.55,642,7,0
2025-01-24 05:00:00,77.56,77.56,77.36,77.44,436,7,0
2025-01-24 06:00:00,77.44,77.55,77.42,77.52,287,7,0
2025-01-24 07:00:00,77.52,77.56,77.48,77.53,293,7,0
2025-01-24 08:00:00,77.53,77.56,77.47,77.51,519,7,0
2025-01-24 09:00:00,77.5,77.67,77.43,77.64,770,7,0
2025-01-24 10:00:00,77.64,77.73,77.37,77.57,1309,7,0
2025-01-24 11:00:00,77.56,77.9,77.51,77.76,1207,7,0
2025-01-24 12:00:00,77.76,77.96,77.66,77.93,851,7,0
2025-01-24 13:00:00,77.92,78.01,77.73,77.83,965,7,0
2025-01-24 14:00:00,77.83,78.01,77.79,77.92,921,7,0
2025-01-24 15:00:00,77.93,78.06,77.69,77.75,1216,7,0
2025-01-24 16:00:00,77.75,78.12,77.38,77.4,2518,7,0
2025-01-24 17:00:00,77.4,77.61,77.17,77.2,2920,7,0
2025-01-24 18:00:00,77.2,77.66,77.11,77.2,2351,7,0
2025-01-24 19:00:00,77.2,77.46,77.15,77.36,1341,7,0
2025-01-24 20:00:00,77.36,77.73,77.32,77.71,1117,7,0
2025-01-24 21:00:00,77.7,77.74,77.48,77.59,1225,7,0
2025-01-24 22:00:00,77.59,77.67,77.51,77.52,358,7,0
2025-01-24 23:00:00,77.52,77.54,77.42,77.45,195,8,0
2025-01-27 03:00:00,76.72,76.83,76.57,76.65,1151,7,0
2025-01-27 04:00:00,76.65,76.94,76.58,76.93,672,7,0
2025-01-27 05:00:00,76.93,77.1,76.89,77.09,425,7,0
2025-01-27 06:00:00,77.09,77.1,76.94,76.95,182,7,0
2025-01-27 07:00:00,76.94,76.96,76.83,76.85,202,7,0
2025-01-27 08:00:00,76.85,77.07,76.82,77.03,588,7,0
2025-01-27 09:00:00,77.03,77.18,76.96,77.05,782,7,0
2025-01-27 10:00:00,77.05,77.46,77.05,77.41,1147,7,0
2025-01-27 11:00:00,77.4,77.75,77.24,77.61,1143,7,0
2025-01-27 12:00:00,77.6,77.97,77.57,77.59,1224,7,0
2025-01-27 13:00:00,77.58,77.63,77.13,77.15,1200,7,0
2025-01-27 14:00:00,77.15,77.18,76.89,76.95,1260,7,0
2025-01-27 15:00:00,76.96,77.27,76.88,77.26,1317,7,0
2025-01-27 16:00:00,77.26,77.39,77.06,77.35,2303,7,0
2025-01-27 17:00:00,77.35,77.47,76.43,76.51,2736,6,0
2025-01-27 18:00:00,76.51,76.55,75.71,75.74,2904,7,0
2025-01-27 19:00:00,75.75,75.98,75.5,75.64,1832,7,0
2025-01-27 20:00:00,75.65,76.05,75.65,76.03,1100,7,0
2025-01-27 21:00:00,76.02,76.28,76.0,76.05,1172,7,0
2025-01-27 22:00:00,76.05,76.22,75.99,76.08,462,7,0
2025-01-27 23:00:00,76.07,76.12,75.98,75.99,226,8,0
2025-01-28 03:00:00,76.13,76.34,76.1,76.21,534,7,0
2025-01-28 04:00:00,76.2,76.28,76.1,76.24,474,7,0
2025-01-28 05:00:00,76.24,76.27,76.09,76.19,430,7,0
2025-01-28 06:00:00,76.19,76.54,76.19,76.34,865,7,0
2025-01-28 07:00:00,76.34,76.56,76.32,76.5,401,7,0
2025-01-28 08:00:00,76.49,76.56,76.44,76.47,319,7,0
2025-01-28 09:00:00,76.47,76.86,76.44,76.83,703,7,0
2025-01-28 10:00:00,76.83,76.85,76.39,76.61,999,7,0
2025-01-28 11:00:00,76.61,76.72,76.37,76.41,1231,7,0
2025-01-28 12:00:00,76.42,76.72,76.33,76.66,1136,7,0
2025-01-28 13:00:00,76.65,76.72,76.45,76.66,906,7,0
2025-01-28 14:00:00,76.66,76.78,76.59,76.64,781,7,0
2025-01-28 15:00:00,76.63,77.05,76.55,76.73,1792,7,0
2025-01-28 16:00:00,76.73,77.14,76.22,76.41,3104,7,0
2025-01-28 17:00:00,76.41,76.56,76.04,76.16,2591,7,0
2025-01-28 18:00:00,76.16,76.29,75.87,76.0,2301,7,0
2025-01-28 19:00:00,76.0,76.31,75.95,75.95,1420,7,0
2025-01-28 20:00:00,75.96,76.49,75.9,76.48,1495,7,0
2025-01-28 21:00:00,76.48,76.59,76.32,76.48,1742,7,0
2025-01-28 22:00:00,76.48,76.59,76.43,76.51,550,7,0
2025-01-28 23:00:00,76.51,76.59,76.36,76.4,391,8,0
2025-01-29 03:00:00,76.48,76.52,76.31,76.32,232,7,0
2025-01-29 04:00:00,76.32,76.37,76.25,76.26,223,7,0
2025-01-29 05:00:00,76.26,76.28,76.18,76.25,233,7,0
2025-01-29 06:00:00,76.25,76.28,76.2,76.23,153,7,0
2025-01-29 07:00:00,76.23,76.24,76.15,76.17,186,7,0
2025-01-29 08:00:00,76.17,76.38,76.17,76.28,303,7,0
2025-01-29 09:00:00,76.28,76.51,76.26,76.37,440,7,0
2025-01-29 10:00:00,76.37,76.57,76.05,76.06,1052,7,0
2025-01-29 11:00:00,76.05,76.07,75.61,75.71,1212,7,0
2025-01-29 12:00:00,75.71,75.81,75.57,75.63,867,7,0
2025-01-29 13:00:00,75.62,76.12,75.55,75.79,822,7,0
2025-01-29 14:00:00,75.79,76.17,75.75,76.14,816,7,0
2025-01-29 15:00:00,76.14,76.26,75.9,75.98,1111,7,0
2025-01-29 16:00:00,75.98,76.16,75.78,76.07,1722,7,0
2025-01-29 17:00:00,76.07,76.45,75.98,76.25,2447,7,0
2025-01-29 18:00:00,76.25,76.35,75.94,76.25,2148,7,0
2025-01-29 19:00:00,76.25,76.27,75.47,75.5,1754,7,0
2025-01-29 20:00:00,75.5,75.77,75.28,75.75,1389,7,0
2025-01-29 21:00:00,75.74,75.83,75.48,75.74,1506,7,0
2025-01-29 22:00:00,75.73,75.77,75.64,75.75,378,7,0
2025-01-29 23:00:00,75.75,75.81,75.67,75.67,186,8,0
2025-01-30 03:00:00,75.65,75.67,75.54,75.67,275,7,0
2025-01-30 04:00:00,75.67,75.67,75.41,75.43,294,7,0
2025-01-30 05:00:00,75.44,75.49,75.41,75.43,187,7,0
2025-01-30 06:00:00,75.43,75.45,75.29,75.29,199,7,0
2025-01-30 07:00:00,75.29,75.45,75.28,75.41,205,7,0
2025-01-30 08:00:00,75.42,75.51,75.41,75.45,202,7,0
2025-01-30 09:00:00,75.45,75.51,75.31,75.37,520,7,0
2025-01-30 10:00:00,75.37,75.48,75.07,75.19,1006,7,0
2025-01-30 11:00:00,75.2,75.25,74.87,74.96,957,7,0
2025-01-30 12:00:00,74.95,75.37,74.91,75.36,900,7,0
2025-01-30 13:00:00,75.36,75.63,75.33,75.48,783,7,0
2025-01-30 14:00:00,75.48,75.62,75.34,75.6,914,7,0
2025-01-30 15:00:00,75.6,75.65,75.26,75.26,1136,7,0
2025-01-30 16:00:00,75.26,75.94,75.23,75.78,1679,7,0
2025-01-30 17:00:00,75.78,76.38,75.69,76.23,1716,7,0
2025-01-30 18:00:00,76.24,76.3,75.75,75.77,1751,7,0
2025-01-30 19:00:00,75.78,75.9,75.69,75.73,1026,7,0
2025-01-30 20:00:00,75.73,76.11,75.7,75.81,1074,7,0
2025-01-30 21:00:00,75.8,75.91,75.66,75.86,1076,7,0
2025-01-30 22:00:00,75.86,76.47,75.71,75.8,2867,7,0
2025-01-30 23:00:00,75.8,76.12,75.77,75.94,852,8,0
2025-01-31 03:00:00,75.93,76.2,75.88,76.01,595,7,0
2025-01-31 04:00:00,76.01,76.28,76.0,76.15,349,7,0
2025-01-31 05:00:00,76.15,76.25,76.12,76.24,215,7,0
2025-01-31 06:00:00,76.24,76.26,76.18,76.21,159,7,0
2025-01-31 07:00:00,76.21,76.25,76.11,76.13,172,7,0
2025-01-31 08:00:00,76.13,76.17,76.09,76.12,257,7,0
2025-01-31 09:00:00,76.11,76.14,75.8,75.83,440,7,0
2025-01-31 10:00:00,75.82,75.97,75.72,75.92,1097,7,0
2025-01-31 11:00:00,75.93,75.93,75.45,75.56,948,7,0
2025-01-31 12:00:00,75.56,75.63,75.32,75.5,1222,7,0
2025-01-31 13:00:00,75.5,75.56,75.34,75.55,833,7,0
2025-01-31 14:00:00,75.56,75.83,75.53,75.82,963,7,0
2025-01-31 15:00:00,75.82,75.98,75.74,75.81,873,7,0
2025-01-31 16:00:00,75.81,75.98,75.08,75.08,2654,7,0
2025-01-31 17:00:00,75.09,75.83,75.02,75.56,2198,7,0
2025-01-31 18:00:00,75.56,75.98,75.53,75.82,2013,7,0
2025-01-31 19:00:00,75.83,75.89,75.18,75.38,2604,7,0
2025-01-31 20:00:00,75.39,76.21,75.34,76.11,3232,7,0
2025-01-31 21:00:00,76.11,76.12,75.33,75.36,1704,7,0
2025-01-31 22:00:00,75.36,76.16,75.33,75.96,1968,7,0
2025-01-31 23:00:00,75.96,76.32,75.88,76.21,1384,8,0
2025-02-03 03:00:00,75.87,76.11,75.84,75.9,865,7,0
2025-02-03 04:00:00,75.9,75.92,75.72,75.76,698,7,0
2025-02-03 05:00:00,75.77,76.11,75.75,75.99,668,7,0
2025-02-03 06:00:00,76.0,76.18,75.96,76.17,378,7,0
2025-02-03 07:00:00,76.17,76.24,76.15,76.21,355,7,0
2025-02-03 08:00:00,76.2,76.33,76.15,76.17,559,7,0
2025-02-03 09:00:00,76.16,76.5,76.13,76.25,997,7,0
2025-02-03 10:00:00,76.24,76.63,76.21,76.27,1811,7,0
2025-02-03 11:00:00,76.27,76.42,75.97,76.39,1597,7,0
2025-02-03 12:00:00,76.4,76.72,76.19,76.41,1634,7,0
2025-02-03 13:00:00,76.4,76.82,76.39,76.8,1107,7,0
2025-02-03 14:00:00,76.8,76.81,76.65,76.75,1167,7,0
2025-02-03 15:00:00,76.75,76.82,76.31,76.82,2145,7,0
2025-02-03 16:00:00,76.82,77.03,75.61,75.74,4573,7,0
2025-02-03 17:00:00,75.74,75.81,74.85,75.22,6467,8,0
2025-02-03 18:00:00,75.22,75.75,75.2,75.32,4170,8,0
2025-02-03 19:00:00,75.32,75.66,75.21,75.3,2321,7,0
2025-02-03 20:00:00,75.3,75.6,75.24,75.57,1428,8,0
2025-02-03 21:00:00,75.57,75.81,75.54,75.74,1508,8,0
2025-02-03 22:00:00,75.74,75.81,75.56,75.6,481,8,0
2025-02-03 23:00:00,75.6,75.64,75.17,75.25,1715,9,0
2025-02-04 03:00:00,75.19,75.33,75.13,75.21,579,9,0
2025-02-04 04:00:00,75.21,75.27,75.14,75.26,269,9,0
2025-02-04 05:00:00,75.27,75.41,75.26,75.33,238,9,0
2025-02-04 06:00:00,75.33,75.35,75.17,75.18,210,9,0
2025-02-04 07:00:00,75.18,75.21,74.84,74.85,975,9,0
2025-02-04 08:00:00,74.85,75.09,74.83,75.04,529,9,0
2025-02-04 09:00:00,75.04,75.14,74.96,75.03,691,8,0
2025-02-04 10:00:00,75.03,75.12,74.61,74.63,1386,8,0
2025-02-04 11:00:00,74.63,75.05,74.63,74.91,1234,8,0
2025-02-04 12:00:00,74.9,75.12,74.72,75.08,1301,8,0
2025-02-04 13:00:00,75.08,75.09,74.82,74.95,802,8,0
2025-02-04 14:00:00,74.95,74.96,74.7,74.74,879,8,0
2025-02-04 15:00:00,74.75,74.78,74.3,74.37,1910,8,0
2025-02-04 16:00:00,74.37,76.19,73.96,75.93,6966,8,0
2025-02-04 17:00:00,75.92,76.44,75.73,75.81,3774,8,0
2025-02-04 18:00:00,75.82,76.17,75.5,76.16,2621,8,0
2025-02-04 19:00:00,76.16,76.24,75.78,75.94,1446,8,0
2025-02-04 20:00:00,75.95,76.35,75.94,76.26,1195,8,0
2025-02-04 21:00:00,76.26,76.28,75.47,75.77,2436,7,0
2025-02-04 22:00:00,75.76,75.9,75.64,75.78,955,7,0
2025-02-04 23:00:00,75.78,75.9,75.71,75.76,490,8,0
2025-02-05 03:00:00,75.96,76.1,75.74,75.83,2193,7,0
2025-02-05 04:00:00,75.82,75.83,75.6,75.61,555,7,0
2025-02-05 05:00:00,75.61,75.65,75.54,75.63,309,7,0
2025-02-05 06:00:00,75.63,75.63,75.55,75.58,163,7,0
2025-02-05 07:00:00,75.58,75.85,75.55,75.8,309,7,0
2025-02-05 08:00:00,75.81,75.91,75.79,75.82,422,7,0
2025-02-05 09:00:00,75.81,75.81,75.57,75.72,638,7,0
2025-02-05 10:00:00,75.72,75.82,75.46,75.47,1235,7,0
2025-02-05 11:00:00,75.48,75.63,75.3,75.49,963,7,0
2025-02-05 12:00:00,75.49,75.5,75.15,75.39,1034,7,0
2025-02-05 13:00:00,75.39,75.48,75.06,75.11,1085,7,0
2025-02-05 14:00:00,75.11,75.26,74.93,74.99,683,7,0
2025-02-05 15:00:00,74.99,75.31,74.97,75.18,1206,7,0
2025-02-05 16:00:00,75.19,75.32,74.86,75.24,1996,7,0
2025-02-05 17:00:00,75.25,75.25,74.71,74.83,2532,7,0
2025-02-05 18:00:00,74.82,74.86,74.38,74.48,2263,7,0
2025-02-05 19:00:00,74.48,74.68,74.44,74.62,1166,7,0
2025-02-05 20:00:00,74.62,74.64,74.42,74.48,734,7,0
2025-02-05 21:00:00,74.48,74.59,74.39,74.51,832,7,0
2025-02-05 22:00:00,74.51,74.6,74.49,74.54,245,7,0
2025-02-05 23:00:00,74.54,74.55,74.31,74.33,180,8,0
2025-02-06 03:00:00,74.45,74.57,74.44,74.52,511,7,0
2025-02-06 04:00:00,74.52,74.62,74.46,74.6,370,7,0
2025-02-06 05:00:00,74.6,74.62,74.47,74.5,251,7,0
2025-02-06 06:00:00,74.5,74.52,74.44,74.45,103,7,0
2025-02-06 07:00:00,74.45,74.65,74.45,74.63,263,7,0
2025-02-06 08:00:00,74.63,74.71,74.57,74.58,261,7,0
2025-02-06 09:00:00,74.58,74.67,74.4,74.48,462,7,0
2025-02-06 10:00:00,74.48,74.76,74.44,74.63,1045,7,0
2025-02-06 11:00:00,74.63,74.86,74.54,74.72,798,7,0
2025-02-06 12:00:00,74.72,75.09,74.71,74.99,779,7,0
2025-02-06 13:00:00,74.99,75.04,74.68,74.72,915,7,0
2025-02-06 14:00:00,74.72,74.88,74.66,74.71,648,7,0
2025-02-06 15:00:00,74.71,74.96,74.66,74.91,1021,7,0
2025-02-06 16:00:00,74.91,75.06,74.03,74.11,2472,7,0
2025-02-06 17:00:00,74.11,75.16,74.1,74.63,4468,7,0
2025-02-06 18:00:00,74.63,74.8,74.42,74.48,2209,7,0
2025-02-06 19:00:00,74.48,74.51,74.1,74.12,1301,7,0
2025-02-06 20:00:00,74.12,74.27,73.92,73.94,918,7,0
2025-02-06 21:00:00,73.94,74.22,73.93,74.06,1001,7,0
2025-02-06 22:00:00,74.06,74.14,74.01,74.11,285,7,0
2025-02-06 23:00:00,74.11,74.11,73.92,73.92,217,8,0
2025-02-07 03:00:00,74.06,74.29,74.04,74.29,388,7,0
2025-02-07 04:00:00,74.29,74.45,74.28,74.43,359,7,0
2025-02-07 05:00:00,74.43,74.48,74.4,74.42,249,7,0
2025-02-07 06:00:00,74.42,74.42,74.31,74.39,177,7,0
2025-02-07 07:00:00,74.39,74.54,74.38,74.41,248,7,0
2025-02-07 08:00:00,74.4,74.59,74.39,74.57,357,7,0
2025-02-07 09:00:00,74.57,74.73,74.48,74.49,569,7,0
2025-02-07 10:00:00,74.49,74.88,74.47,74.78,1077,7,0
2025-02-07 11:00:00,74.77,74.77,74.44,74.72,954,7,0
2025-02-07 12:00:00,74.72,74.81,74.6,74.71,754,7,0
2025-02-07 13:00:00,74.72,74.72,74.38,74.55,723,7,0
2025-02-07 14:00:00,74.55,74.69,74.46,74.49,688,7,0
2025-02-07 15:00:00,74.49,74.63,74.43,74.48,1376,7,0
2025-02-07 16:00:00,74.48,74.76,74.35,74.59,1826,7,0
2025-02-07 17:00:00,74.59,74.7,74.28,74.42,1958,6,0
2025-02-07 18:00:00,74.42,74.49,74.11,74.15,1994,7,0
2025-02-07 19:00:00,74.15,74.49,74.13,74.45,1374,7,0
2025-02-07 20:00:00,74.45,74.57,74.37,74.37,855,7,0
2025-02-07 21:00:00,74.37,74.65,74.36,74.44,961,7,0
2025-02-07 22:00:00,74.44,74.5,74.41,74.42,330,7,0
2025-02-07 23:00:00,74.42,74.49,74.38,74.44,179,8,0
2025-02-10 03:00:00,74.77,74.87,74.74,74.84,784,7,0
2025-02-10 04:00:00,74.84,75.03,74.82,74.88,406,7,0
2025-02-10 05:00:00,74.88,74.93,74.81,74.88,313,7,0
2025-02-10 06:00:00,74.88,74.95,74.85,74.94,164,7,0
2025-02-10 07:00:00,74.94,75.04,74.89,74.89,319,7,0
2025-02-10 08:00:00,74.9,75.0,74.8,75.0,389,7,0
2025-02-10 09:00:00,75.0,75.04,74.84,74.85,439,7,0
2025-02-10 10:00:00,74.84,75.04,74.75,74.96,916,7,0
2025-02-10 11:00:00,74.97,75.22,74.87,75.16,787,7,0
2025-02-10 12:00:00,75.16,75.38,75.04,75.38,664,7,0
2025-02-10 13:00:00,75.38,75.53,75.23,75.37,613,7,0
2025-02-10 14:00:00,75.37,75.45,75.32,75.43,478,7,0
2025-02-10 15:00:00,75.43,75.49,75.23,75.24,982,7,0
2025-02-10 16:00:00,75.23,75.44,75.21,75.35,1595,7,0
2025-02-10 17:00:00,75.35,75.51,75.07,75.39,1456,7,0
2025-02-10 18:00:00,75.4,75.82,75.3,75.65,1473,7,0
2025-02-10 19:00:00,75.66,75.82,75.61,75.71,756,7,0
2025-02-10 20:00:00,75.71,75.74,75.5,75.51,624,7,0
2025-02-10 21:00:00,75.5,75.81,75.47,75.79,765,7,0
2025-02-10 22:00:00,75.79,75.8,75.72,75.77,215,7,0
2025-02-10 23:00:00,75.77,75.82,75.67,75.7,131,8,0
2025-02-11 03:00:00,75.69,75.77,75.65,75.69,455,7,0
2025-02-11 04:00:00,75.69,75.94,75.63,75.76,524,7,0
2025-02-11 05:00:00,75.75,75.83,75.71,75.81,266,7,0
2025-02-11 06:00:00,75.81,75.88,75.8,75.82,174,7,0
2025-02-11 07:00:00,75.82,76.0,75.82,75.97,286,7,0
2025-02-11 08:00:00,75.97,76.1,75.95,76.02,365,7,0
2025-02-11 09:00:00,76.02,76.29,75.97,76.24,520,7,0
2025-02-11 10:00:00,76.24,76.45,76.21,76.38,1018,7,0
2025-02-11 11:00:00,76.38,76.55,76.31,76.53,931,7,0
2025-02-11 12:00:00,76.53,76.68,76.46,76.59,696,7,0
2025-02-11 13:00:00,76.59,76.59,76.41,76.54,657,7,0
2025-02-11 14:00:00,76.54,76.77,76.54,76.71,743,7,0
2025-02-11 15:00:00,76.72,76.99,76.7,76.73,1193,7,0
2025-02-11 16:00:00,76.73,76.87,76.46,76.65,1779,7,0
2025-02-11 17:00:00,76.65,76.65,76.22,76.44,1975,7,0
2025-02-11 18:00:00,76.44,76.71,76.41,76.69,1354,6,0
2025-02-11 19:00:00,76.7,76.78,76.59,76.68,809,7,0
2025-02-11 20:00:00,76.68,76.83,76.63,76.76,712,7,0
2025-02-11 21:00:00,76.75,76.83,76.7,76.81,730,7,0
2025-02-11 22:00:00,76.81,76.82,76.68,76.68,243,7,0
2025-02-11 23:00:00,76.68,76.69,76.52,76.53,338,8,0
2025-02-12 03:00:00,76.54,76.59,76.38,76.48,458,7,0
2025-02-12 04:00:00,76.48,76.6,76.47,76.53,320,7,0
2025-02-12 05:00:00,76.53,76.59,76.47,76.48,309,7,0
2025-02-12 06:00:00,76.48,76.54,76.46,76.46,163,7,0
2025-02-12 07:00:00,76.46,76.49,76.42,76.45,250,7,0
2025-02-12 08:00:00,76.46,76.55,76.44,76.53,403,7,0
2025-02-12 09:00:00,76.52,76.66,76.21,76.33,627,7,0
2025-02-12 10:00:00,76.33,76.37,76.01,76.07,1047,7,0
2025-02-12 11:00:00,76.08,76.19,75.94,76.07,816,7,0
2025-02-12 12:00:00,76.07,76.14,75.83,75.87,854,7,0
2025-02-12 13:00:00,75.87,76.15,75.83,76.1,646,7,0
2025-02-12 14:00:00,76.1,76.18,75.97,76.13,591,7,0
2025-02-12 15:00:00,76.13,76.21,75.99,76.13,1531,7,0
2025-02-12 16:00:00,76.13,76.13,75.65,75.81,2268,7,0
2025-02-12 17:00:00,75.81,75.92,75.5,75.51,2110,7,0
2025-02-12 18:00:00,75.51,75.82,75.45,75.58,2251,7,0
2025-02-12 19:00:00,75.59,75.64,75.1,75.22,2134,7,0
2025-02-12 20:00:00,75.22,75.23,74.97,75.01,875,7,0
2025-02-12 21:00:00,75.0,75.07,74.91,74.98,757,7,0
2025-02-12 22:00:00,74.98,74.98,74.84,74.85,283,7,0
2025-02-12 23:00:00,74.86,75.14,74.63,74.63,686,8,0
2025-02-13 03:00:00,74.78,74.79,74.34,74.38,975,7,0
2025-02-13 04:00:00,74.37,74.42,74.25,74.27,530,7,0
2025-02-13 05:00:00,74.27,74.27,74.19,74.25,320,7,0
2025-02-13 06:00:00,74.25,74.26,74.15,74.19,186,7,0
2025-02-13 07:00:00,74.2,74.29,74.19,74.23,300,7,0
2025-02-13 08:00:00,74.23,74.37,74.19,74.2,597,7,0
2025-02-13 09:00:00,74.2,74.44,74.12,74.34,688,7,0
2025-02-13 10:00:00,74.34,74.58,74.23,74.49,1142,7,0
2025-02-13 11:00:00,74.49,74.62,74.05,74.05,1104,7,0
2025-02-13 12:00:00,74.05,74.11,73.85,73.89,773,7,0
2025-02-13 13:00:00,73.89,74.27,73.87,74.23,870,7,0
2025-02-13 14:00:00,74.23,74.3,73.91,73.96,760,7,0
2025-02-13 15:00:00,73.96,74.16,73.91,74.02,1093,7,0
2025-02-13 16:00:00,74.02,74.61,73.96,74.59,1713,7,0
2025-02-13 17:00:00,74.59,74.74,74.43,74.52,1733,7,0
2025-02-13 18:00:00,74.52,74.9,74.45,74.75,1446,7,0
2025-02-13 19:00:00,74.75,74.89,74.69,74.7,969,7,0
2025-02-13 20:00:00,74.7,74.92,74.67,74.74,847,7,0
2025-02-13 21:00:00,74.73,74.86,74.67,74.85,852,7,0
2025-02-13 22:00:00,74.85,74.92,74.83,74.88,260,7,0
2025-02-13 23:00:00,74.88,74.96,74.84,74.84,183,8,0
2025-02-14 03:00:00,74.75,75.03,74.75,74.9,555,7,0
2025-02-14 04:00:00,74.89,74.98,74.85,74.88,342,7,0
2025-02-14 05:00:00,74.89,74.95,74.84,74.86,296,7,0
2025-02-14 06:00:00,74.85,74.95,74.81,74.93,167,7,0
2025-02-14 07:00:00,74.94,74.98,74.84,74.89,251,7,0
2025-02-14 08:00:00,74.89,74.96,74.82,74.95,412,7,0
2025-02-14 09:00:00,74.95,75.22,74.95,75.17,552,7,0
2025-02-14 10:00:00,75.17,75.26,75.02,75.11,820,7,0
2025-02-14 11:00:00,75.12,75.22,74.92,75.01,875,7,0
2025-02-14 12:00:00,75.01,75.19,74.91,74.98,768,7,0
2025-02-14 13:00:00,74.98,75.38,74.74,75.31,1015,7,0
2025-02-14 14:00:00,75.32,75.55,75.12,75.42,1227,7,0
2025-02-14 15:00:00,75.42,75.55,74.99,75.03,1275,7,0
2025-02-14 16:00:00,75.04,75.28,74.95,75.24,1864,7,0
2025-02-14 17:00:00,75.24,75.25,74.56,74.76,1714,7,0
2025-02-14 18:00:00,74.77,74.82,74.37,74.69,1469,7,0
2025-02-14 19:00:00,74.69,74.75,74.53,74.57,944,7,0
2025-02-14 20:00:00,74.57,74.62,74.35,74.52,831,7,0
2025-02-14 21:00:00,74.52,74.7,74.42,74.49,974,7,0
2025-02-14 22:00:00,74.48,74.53,74.37,74.5,334,7,0
2025-02-14 23:00:00,74.5,74.52,74.3,74.3,194,8,0
2025-02-17 03:00:00,74.21,74.44,74.14,74.35,771,7,0
2025-02-17 04:00:00,74.35,74.58,74.3,74.48,484,7,0
2025-02-17 05:00:00,74.48,74.64,74.47,74.57,378,7,0
2025-02-17 06:00:00,74.58,74.59,74.52,74.58,211,7,0
2025-02-17 07:00:00,74.58,74.7,74.54,74.6,500,7,0
2025-02-17 08:00:00,74.6,74.73,74.6,74.66,533,7,0
2025-02-17 09:00:00,74.66,74.66,74.35,74.49,646,7,0
2025-02-17 10:00:00,74.48,74.95,74.48,74.78,1183,7,0
2025-02-17 11:00:00,74.78,74.85,74.57,74.65,954,7,0
2025-02-17 12:00:00,74.65,74.98,74.51,74.71,1776,7,0
2025-02-17 13:00:00,74.71,74.72,74.33,74.41,1127,7,0
2025-02-17 14:00:00,74.41,74.48,74.26,74.45,576,7,0
2025-02-17 15:00:00,74.45,74.7,74.35,74.6,820,7,0
2025-02-17 16:00:00,74.6,74.7,74.54,74.63,723,7,0
2025-02-17 17:00:00,74.63,74.76,74.42,74.47,648,7,0
2025-02-17 18:00:00,74.48,74.87,74.45,74.85,978,7,0
2025-02-17 19:00:00,74.85,75.0,74.8,74.99,485,7,0
2025-02-17 20:00:00,74.99,75.09,74.94,75.03,359,7,0
2025-02-17 21:00:00,75.03,75.04,74.99,75.04,44,7,0
2025-02-18 03:00:00,75.0,75.02,74.83,74.83,444,7,0
2025-02-18 04:00:00,74.83,75.02,74.79,74.97,450,7,0
2025-02-18 05:00:00,74.96,75.23,74.96,75.12,383,7,0
2025-02-18 06:00:00,75.12,75.13,75.02,75.13,163,7,0
2025-02-18 07:00:00,75.13,75.19,75.1,75.13,325,7,0
2025-02-18 08:00:00,75.13,75.21,75.08,75.19,428,7,0
2025-02-18 09:00:00,75.19,75.28,75.0,75.14,455,7,0
2025-02-18 10:00:00,75.14,75.33,75.02,75.31,1070,7,0
2025-02-18 11:00:00,75.31,75.59,75.29,75.31,782,7,0
2025-02-18 12:00:00,75.31,75.73,75.24,75.55,1006,7,0
2025-02-18 13:00:00,75.55,75.55,74.97,75.0,748,7,0
2025-02-18 14:00:00,75.01,75.09,74.8,74.84,1094,7,0
2025-02-18 15:00:00,74.84,75.01,74.64,74.73,1574,7,0
2025-02-18 16:00:00,74.73,75.27,74.69,75.14,2145,7,0
2025-02-18 17:00:00,75.14,75.4,74.94,75.15,1759,7,0
2025-02-18 18:00:00,75.15,75.43,75.14,75.35,1473,7,0
2025-02-18 19:00:00,75.35,75.46,75.16,75.18,897,7,0
2025-02-18 20:00:00,75.18,75.55,75.02,75.49,901,7,0
2025-02-18 21:00:00,75.49,75.53,75.37,75.47,773,7,0
2025-02-18 22:00:00,75.47,75.49,75.4,75.41,242,7,0
2025-02-18 23:00:00,75.42,75.49,75.34,75.34,218,8,0
2025-02-19 03:00:00,75.47,75.69,75.43,75.61,627,7,0
2025-02-19 04:00:00,75.62,75.66,75.49,75.54,312,7,0
2025-02-19 05:00:00,75.54,75.54,75.46,75.49,307,7,0
2025-02-19 06:00:00,75.49,75.61,75.46,75.59,179,7,0
2025-02-19 07:00:00,75.58,75.69,75.58,75.69,260,7,0
2025-02-19 08:00:00,75.69,75.75,75.64,75.75,253,7,0
2025-02-19 09:00:00,75.75,75.95,75.74,75.9,395,7,0
2025-02-19 10:00:00,75.9,76.08,75.81,76.05,588,7,0
2025-02-19 11:00:00,76.05,76.08,75.93,76.04,475,7,0
2025-02-19 12:00:00,76.04,76.18,75.79,75.88,606,7,0
2025-02-19 13:00:00,75.89,76.15,75.83,76.09,559,7,0
2025-02-19 14:00:00,76.09,76.11,75.96,75.96,620,7,0
2025-02-19 15:00:00,75.96,76.19,75.95,76.08,974,7,0
2025-02-19 16:00:00,76.08,76.43,76.05,76.36,1176,7,0
2025-02-19 17:00:00,76.36,76.39,75.78,75.83,1409,7,0
2025-02-19 18:00:00,75.83,76.19,75.83,75.9,1423,7,0
2025-02-19 19:00:00,75.9,76.0,75.81,75.84,713,7,0
2025-02-19 20:00:00,75.85,75.88,75.56,75.62,670,7,0
2025-02-19 21:00:00,75.62,75.77,75.58,75.7,735,7,0
2025-02-19 22:00:00,75.7,75.8,75.68,75.77,236,7,0
2025-02-19 23:00:00,75.77,75.86,75.62,75.63,281,8,0
2025-02-20 03:00:00,75.72,75.77,75.42,75.46,362,7,0
2025-02-20 04:00:00,75.46,75.51,75.42,75.48,331,7,0
2025-02-20 05:00:00,75.49,75.5,75.42,75.46,298,7,0
2025-02-20 06:00:00,75.46,75.47,75.38,75.39,161,8,0
2025-02-20 07:00:00,75.39,75.54,75.38,75.53,281,7,0
2025-02-20 08:00:00,75.53,75.71,75.53,75.62,338,7,0
2025-02-20 09:00:00,75.62,75.93,75.6,75.92,471,7,0
2025-02-20 10:00:00,75.92,75.95,75.5,75.61,1034,7,0
2025-02-20 11:00:00,75.62,75.86,75.53,75.85,734,7,0
2025-02-20 12:00:00,75.85,76.01,75.71,75.97,862,7,0
2025-02-20 13:00:00,75.97,76.06,75.91,76.01,531,7,0
2025-02-20 14:00:00,76.0,76.18,75.91,76.16,695,7,0
2025-02-20 15:00:00,76.16,76.21,75.94,76.13,919,7,0
2025-02-20 16:00:00,76.13,76.29,76.0,76.11,1195,7,0
2025-02-20 17:00:00,76.11,76.27,75.98,76.11,1426,7,0
2025-02-20 18:00:00,76.11,76.48,76.08,76.31,1210,7,0
2025-02-20 19:00:00,76.31,76.74,76.26,76.42,1381,7,0
2025-02-20 20:00:00,76.42,76.61,76.34,76.49,764,7,0
2025-02-20 21:00:00,76.49,76.49,75.99,76.11,1154,7,0
2025-02-20 22:00:00,76.11,76.12,76.03,76.08,243,7,0
2025-02-20 23:00:00,76.08,76.14,76.03,76.06,151,8,0
2025-02-21 03:00:00,76.24,76.32,75.97,75.98,479,7,0
2025-02-21 04:00:00,75.97,76.06,75.93,76.02,382,7,0
2025-02-21 05:00:00,76.02,76.06,75.95,76.02,228,7,0
2025-02-21 06:00:00,76.02,76.07,76.0,76.0,108,7,0
2025-02-21 07:00:00,76.0,76.03,75.87,75.88,273,7,0
2025-02-21 08:00:00,75.88,75.95,75.84,75.86,374,7,0
2025-02-21 09:00:00,75.85,75.91,75.75,75.79,339,7,0
2025-02-21 10:00:00,75.79,75.82,75.48,75.51,930,7,0
2025-02-21 11:00:00,75.53,75.76,75.5,75.67,739,7,0
2025-02-21 12:00:00,75.67,75.69,75.25,75.29,706,7,0
2025-02-21 13:00:00,75.3,75.48,75.29,75.35,669,7,0
2025-02-21 14:00:00,75.35,75.6,75.35,75.49,557,7,0
2025-02-21 15:00:00,75.49,75.8,75.42,75.66,1000,7,0
2025-02-21 16:00:00,75.66,75.66,74.93,75.02,3100,7,0
2025-02-21 17:00:00,75.02,75.07,74.59,74.64,1880,7,0
2025-02-21 18:00:00,74.63,74.79,74.52,74.6,1303,7,0
2025-02-21 19:00:00,74.61,74.68,74.47,74.53,802,7,0
2025-02-21 20:00:00,74.53,74.56,74.19,74.19,758,7,0
2025-02-21 21:00:00,74.18,74.25,73.93,73.97,924,7,0
2025-02-21 22:00:00,73.97,73.98,73.81,73.83,455,7,0
2025-02-21 23:00:00,73.83,73.88,73.76,73.81,168,8,0
2025-02-24 03:00:00,74.04,74.04,73.77,73.97,841,7,0
2025-02-24 04:00:00,73.97,74.18,73.83,74.01,476,7,0
2025-02-24 05:00:00,74.01,74.05,73.93,73.94,340,7,0
2025-02-24 06:00:00,73.93,73.94,73.83,73.83,153,7,0
2025-02-24 07:00:00,73.83,73.94,73.83,73.91,287,7,0
2025-02-24 08:00:00,73.91,74.01,73.88,73.98,415,7,0
2025-02-24 09:00:00,73.97,74.06,73.77,73.89,582,7,0
2025-02-24 10:00:00,73.89,74.08,73.7,74.03,980,7,0
2025-02-24 11:00:00,74.03,74.08,73.9,73.93,544,7,0
2025-02-24 12:00:00,73.94,74.33,73.92,74.06,965,7,0
2025-02-24 13:00:00,74.07,74.22,74.03,74.14,613,7,0
2025-02-24 14:00:00,74.13,74.17,73.94,74.0,603,7,0
2025-02-24 15:00:00,74.0,74.07,73.86,73.92,960,7,0
2025-02-24 16:00:00,73.92,74.23,73.88,74.03,1670,7,0
2025-02-24 17:00:00,74.03,74.47,73.99,74.11,2448,7,0
2025-02-24 18:00:00,74.13,74.45,74.05,74.28,1315,7,0
2025-02-24 19:00:00,74.29,74.43,74.21,74.25,826,7,0
2025-02-24 20:00:00,74.24,74.42,74.22,74.32,562,7,0
2025-02-24 21:00:00,74.32,74.35,74.16,74.27,723,7,0
2025-02-24 22:00:00,74.27,74.41,74.17,74.28,505,7,0
2025-02-24 23:00:00,74.28,74.38,74.27,74.28,229,8,0
2025-02-25 03:00:00,74.25,74.57,74.21,74.53,535,7,0
2025-02-25 04:00:00,74.53,74.72,74.53,74.57,438,7,0
2025-02-25 05:00:00,74.57,74.65,74.54,74.62,217,7,0
2025-02-25 06:00:00,74.63,74.72,74.62,74.65,140,7,0
2025-02-25 07:00:00,74.66,74.7,74.57,74.62,228,7,0
2025-02-25 08:00:00,74.62,74.63,74.52,74.58,292,7,0
2025-02-25 09:00:00,74.58,74.58,74.3,74.31,425,7,0
2025-02-25 10:00:00,74.32,74.56,74.25,74.25,865,7,0
2025-02-25 11:00:00,74.25,74.41,74.15,74.16,655,7,0
2025-02-25 12:00:00,74.15,74.37,74.12,74.14,604,7,0
2025-02-25 13:00:00,74.14,74.22,73.99,74.0,430,7,0
2025-02-25 14:00:00,74.0,74.06,73.66,73.68,738,7,0
2025-02-25 15:00:00,73.68,73.89,73.65,73.66,1268,7,0
2025-02-25 16:00:00,73.67,73.95,73.65,73.65,1578,7,0
2025-02-25 17:00:00,73.65,73.66,72.41,72.41,3642,7,0
2025-02-25 18:00:00,72.41,72.56,72.2,72.38,2085,7,0
2025-02-25 19:00:00,72.39,72.43,72.18,72.33,1167,7,0
2025-02-25 20:00:00,72.33,72.48,72.24,72.45,1044,7,0
2025-02-25 21:00:00,72.44,72.61,72.32,72.53,1040,7,0
2025-02-25 22:00:00,72.54,72.66,72.51,72.6,323,7,0
2025-02-25 23:00:00,72.59,72.7,72.35,72.46,519,8,0
2025-02-26 03:00:00,72.53,72.73,72.53,72.66,378,7,0
2025-02-26 04:00:00,72.66,72.68,72.51,72.6,342,7,0
2025-02-26 05:00:00,72.59,72.62,72.49,72.57,213,7,0
2025-02-26 06:00:00,72.57,72.67,72.55,72.63,124,7,0
2025-02-26 07:00:00,72.64,72.7,72.59,72.6,211,7,0
2025-02-26 08:00:00,72.6,72.66,72.52,72.65,289,7,0
2025-02-26 09:00:00,72.64,72.75,72.56,72.7,400,7,0
2025-02-26 10:00:00,72.71,72.75,72.35,72.42,949,7,0
2025-02-26 11:00:00,72.42,72.76,72.39,72.47,764,7,0
2025-02-26 12:00:00,72.47,72.51,72.32,72.49,846,7,0
2025-02-26 13:00:00,72.49,72.55,72.31,72.36,738,7,0
2025-02-26 14:00:00,72.36,72.4,72.17,72.24,701,7,0
2025-02-26 15:00:00,72.25,72.43,72.2,72.23,1204,7,0
2025-02-26 16:00:00,72.23,72.59,72.19,72.35,2003,7,0
2025-02-26 17:00:00,72.35,72.53,71.95,72.11,2038,7,0
2025-02-26 18:00:00,72.12,72.55,72.09,72.13,1910,7,0
2025-02-26 19:00:00,72.12,72.3,71.87,72.17,1654,7,0
2025-02-26 20:00:00,72.17,72.19,71.93,71.94,884,7,0
2025-02-26 21:00:00,71.94,72.33,71.91,72.21,1199,7,0
2025-02-26 22:00:00,72.21,72.29,72.1,72.16,387,7,0
2025-02-26 23:00:00,72.17,72.23,72.11,72.11,189,8,0
2025-02-27 03:00:00,72.15,72.27,72.08,72.21,470,7,0
2025-02-27 04:00:00,72.2,72.3,72.2,72.23,236,7,0
2025-02-27 05:00:00,72.23,72.26,72.2,72.21,95,7,0
2025-02-27 06:00:00,72.21,72.21,72.16,72.19,96,7,0
2025-02-27 07:00:00,72.19,72.22,72.16,72.21,174,7,0
2025-02-27 08:00:00,72.21,72.22,72.17,72.18,144,7,0
2025-02-27 09:00:00,72.18,72.33,72.01,72.29,443,7,0
2025-02-27 10:00:00,72.28,72.45,72.2,72.39,534,7,0
2025-02-27 11:00:00,72.4,72.7,72.34,72.69,556,7,0
2025-02-27 12:00:00,72.69,72.72,72.59,72.7,458,7,0
2025-02-27 13:00:00,72.69,72.81,72.65,72.67,468,7,0
2025-02-27 14:00:00,72.67,72.86,72.61,72.7,544,7,0
2025-02-27 15:00:00,72.71,73.18,72.66,72.74,1647,7,0
2025-02-27 16:00:00,72.74,73.18,72.68,72.86,1884,7,0
2025-02-27 17:00:00,72.86,73.38,72.81,73.27,1558,7,0
2025-02-27 18:00:00,73.28,73.34,73.06,73.22,1165,7,0
2025-02-27 19:00:00,73.22,73.66,73.18,73.35,1377,7,0
2025-02-27 20:00:00,73.35,73.58,73.25,73.43,819,7,0
2025-02-27 21:00:00,73.43,73.56,73.37,73.45,914,7,0
2025-02-27 22:00:00,73.44,73.44,73.23,73.24,405,7,0
2025-02-27 23:00:00,73.24,73.27,73.11,73.14,214,8,0
2025-02-28 03:00:00,73.23,73.26,73.09,73.1,471,7,0
2025-02-28 04:00:00,73.09,73.24,73.06,73.19,412,7,0
2025-02-28 05:00:00,73.19,73.22,73.09,73.11,289,7,0
2025-02-28 06:00:00,73.11,73.15,73.06,73.11,184,7,0
2025-02-28 07:00:00,73.11,73.15,72.99,73.08,272,7,0
2025-02-28 08:00:00,73.08,73.1,72.92,72.95,390,7,0
2025-02-28 09:00:00,72.95,72.95,72.79,72.89,491,7,0
2025-02-28 10:00:00,72.88,72.94,72.66,72.71,821,7,0
2025-02-28 11:00:00,72.72,72.93,72.71,72.78,765,7,0
2025-02-28 12:00:00,72.77,72.82,72.54,72.58,748,7,0
2025-02-28 13:00:00,72.58,72.72,72.48,72.65,605,7,0
2025-02-28 14:00:00,72.65,72.74,72.5,72.56,570,7,0
2025-02-28 15:00:00,72.56,72.78,72.56,72.65,1018,7,0
2025-02-28 16:00:00,72.65,72.73,72.26,72.3,1787,7,0
2025-02-28 17:00:00,72.3,72.88,72.22,72.85,1537,7,0
2025-02-28 18:00:00,72.85,72.92,72.5,72.65,1406,7,0
2025-02-28 19:00:00,72.65,72.89,72.59,72.79,900,7,0
2025-02-28 20:00:00,72.78,73.15,72.6,72.98,1426,7,0
2025-02-28 21:00:00,72.98,73.03,72.56,72.72,1140,7,0
2025-02-28 22:00:00,72.72,73.03,72.71,72.99,391,7,0
2025-02-28 23:00:00,73.0,73.04,72.84,72.87,255,8,0
2025-03-03 03:00:00,73.23,73.47,73.21,73.4,481,7,0
2025-03-03 04:00:00,73.4,73.53,73.19,73.2,346,7,0
2025-03-03 05:00:00,73.2,73.23,72.97,73.1,383,7,0
2025-03-03 06:00:00,73.11,73.11,72.99,73.05,163,7,0
2025-03-03 07:00:00,73.05,73.05,72.83,72.93,276,7,0
2025-03-03 08:00:00,72.93,72.93,72.76,72.82,357,7,0
2025-03-03 09:00:00,72.82,72.91,72.71,72.75,491,7,0
2025-03-03 10:00:00,72.75,72.91,72.32,72.35,985,7,0
2025-03-03 11:00:00,72.35,72.44,72.22,72.26,960,7,0
2025-03-03 12:00:00,72.24,72.78,72.24,72.73,768,7,0
2025-03-03 13:00:00,72.73,72.92,72.67,72.87,562,7,0
2025-03-03 14:00:00,72.87,73.11,72.78,73.09,755,7,0
2025-03-03 15:00:00,73.09,73.25,72.94,73.06,1071,7,0
2025-03-03 16:00:00,73.05,73.25,72.7,72.77,1899,7,0
2025-03-03 17:00:00,72.77,72.77,72.23,72.55,2491,7,0
2025-03-03 18:00:00,72.55,72.69,72.29,72.52,2025,7,0
2025-03-03 19:00:00,72.51,72.76,72.47,72.53,1114,7,0
2025-03-03 20:00:00,72.52,72.53,71.05,71.4,4235,7,0
2025-03-03 21:00:00,71.4,71.56,71.14,71.3,2217,7,0
2025-03-03 22:00:00,71.29,71.4,71.07,71.24,1002,7,0
2025-03-03 23:00:00,71.24,71.39,71.2,71.24,351,8,0
2025-03-04 03:00:00,71.15,71.2,70.9,70.93,865,7,0
2025-03-04 04:00:00,70.93,71.15,70.93,70.97,498,7,0
2025-03-04 05:00:00,70.96,71.16,70.95,71.02,410,7,0
2025-03-04 06:00:00,71.02,71.03,70.94,70.99,170,7,0
2025-03-04 07:00:00,70.99,71.07,70.75,70.86,567,7,0
2025-03-04 08:00:00,70.86,71.01,70.83,70.94,477,7,0
2025-03-04 09:00:00,70.94,70.94,70.7,70.74,730,7,0
2025-03-04 10:00:00,70.74,70.77,70.46,70.5,1345,7,0
2025-03-04 11:00:00,70.5,70.7,70.38,70.44,1132,7,0
2025-03-04 12:00:00,70.44,70.75,70.39,70.62,1080,7,0
2025-03-04 13:00:00,70.63,70.8,70.29,70.37,1081,7,0
2025-03-04 14:00:00,70.36,70.39,70.06,70.08,742,7,0
2025-03-04 15:00:00,70.08,70.53,70.08,70.32,1619,7,0
2025-03-04 16:00:00,70.33,70.64,69.65,69.71,2528,7,0
2025-03-04 17:00:00,69.7,70.3,69.62,70.1,3015,7,0
2025-03-04 18:00:00,70.11,70.55,69.92,70.54,2315,7,0
2025-03-04 19:00:00,70.54,70.75,70.37,70.69,1440,7,0
2025-03-04 20:00:00,70.7,70.98,70.65,70.95,1191,7,0
2025-03-04 21:00:00,70.95,71.06,70.84,71.0,1019,7,0
2025-03-04 22:00:00,71.0,71.15,70.9,70.92,506,7,0
2025-03-04 23:00:00,70.93,71.0,70.62,70.86,920,8,0
2025-03-05 03:00:00,70.79,70.89,70.67,70.73,883,7,0
2025-03-05 04:00:00,70.74,70.81,70.47,70.47,638,7,0
2025-03-05 05:00:00,70.46,70.65,70.45,70.62,488,7,0
2025-03-05 06:00:00,70.62,70.65,70.54,70.63,201,7,0
2025-03-05 07:00:00,70.64,70.73,70.6,70.64,248,7,0
2025-03-05 08:00:00,70.64,70.79,70.61,70.79,428,7,0
2025-03-05 09:00:00,70.79,71.0,70.77,70.78,700,7,0
2025-03-05 10:00:00,70.77,70.84,70.5,70.58,1501,7,0
2025-03-05 11:00:00,70.58,70.8,70.33,70.34,1259,7,0
2025-03-05 12:00:00,70.35,70.41,69.94,69.98,1120,7,0
2025-03-05 13:00:00,69.98,70.15,69.84,69.86,922,7,0
2025-03-05 14:00:00,69.86,70.11,69.83,69.86,978,7,0
2025-03-05 15:00:00,69.86,70.06,69.57,69.57,1808,7,0
2025-03-05 16:00:00,69.57,69.61,68.92,68.94,2194,7,0
2025-03-05 17:00:00,68.94,69.3,68.64,68.74,3068,7,0
2025-03-05 18:00:00,68.74,68.75,68.19,68.39,2602,7,0
2025-03-05 19:00:00,68.39,69.13,68.28,69.07,1902,7,0
2025-03-05 20:00:00,69.07,69.27,68.85,69.24,1680,7,0
2025-03-05 21:00:00,69.24,69.29,69.0,69.2,1266,7,0
2025-03-05 22:00:00,69.2,69.32,69.16,69.29,410,7,0
2025-03-05 23:00:00,69.28,69.29,69.11,69.11,223,8,0
2025-03-06 03:00:00,69.25,69.58,69.25,69.55,469,7,0
2025-03-06 04:00:00,69.55,69.67,69.54,69.63,371,9,0
2025-03-06 05:00:00,69.62,69.63,69.45,69.48,234,9,0
2025-03-06 06:00:00,69.49,69.59,69.41,69.54,202,9,0
2025-03-06 07:00:00,69.54,69.57,69.29,69.32,334,9,0
2025-03-06 08:00:00,69.32,69.6,69.3,69.55,458,9,0
2025-03-06 09:00:00,69.54,69.7,69.52,69.58,595,8,0
2025-03-06 10:00:00,69.58,69.6,68.9,69.21,1382,8,0
2025-03-06 11:00:00,69.21,69.52,69.01,69.35,1472,8,0
2025-03-06 12:00:00,69.35,69.48,69.08,69.09,1193,8,0
2025-03-06 13:00:00,69.09,69.57,69.04,69.51,1102,8,0
2025-03-06 14:00:00,69.51,69.66,69.46,69.5,730,8,0
2025-03-06 15:00:00,69.49,69.63,69.16,69.28,1582,7,0
2025-03-06 16:00:00,69.27,69.53,69.12,69.36,2379,7,0
2025-03-06 17:00:00,69.37,69.65,68.68,68.76,4034,7,0
2025-03-06 18:00:00,68.77,68.99,68.57,68.6,2826,7,0
2025-03-06 19:00:00,68.6,69.28,68.57,69.19,2250,8,0
2025-03-06 20:00:00,69.2,69.39,69.16,69.26,1354,8,0
2025-03-06 21:00:00,69.25,69.48,69.16,69.39,1220,8,0
2025-03-06 22:00:00,69.39,69.41,69.13,69.16,736,8,0
2025-03-06 23:00:00,69.16,69.34,69.1,69.12,313,9,0
2025-03-07 03:00:00,69.14,69.41,69.08,69.33,551,9,0
2025-03-07 04:00:00,69.32,69.49,69.32,69.48,354,9,0
2025-03-07 05:00:00,69.48,69.49,69.27,69.31,318,9,0
2025-03-07 06:00:00,69.3,69.32,69.22,69.25,173,9,0
2025-03-07 07:00:00,69.25,69.35,69.23,69.31,242,9,0
2025-03-07 08:00:00,69.31,69.46,69.25,69.36,434,9,0
2025-03-07 09:00:00,69.35,69.81,69.3,69.76,599,8,0
2025-03-07 10:00:00,69.76,70.09,69.69,70.01,1296,8,0
2025-03-07 11:00:00,70.01,70.21,69.98,70.2,952,8,0
2025-03-07 12:00:00,70.2,70.48,70.09,70.46,802,8,0
2025-03-07 13:00:00,70.47,70.52,70.19,70.22,808,8,0
2025-03-07 14:00:00,70.22,70.52,70.06,70.38,1393,8,0
2025-03-07 15:00:00,70.37,70.37,70.04,70.04,1746,8,0
2025-03-07 16:00:00,70.04,70.89,69.95,70.82,3250,8,0
2025-03-07 17:00:00,70.82,71.16,69.83,70.57,4160,8,0
2025-03-07 18:00:00,70.57,70.57,70.02,70.12,3304,8,0
2025-03-07 19:00:00,70.12,70.37,69.89,70.0,2232,8,0
2025-03-07 20:00:00,70.0,70.17,69.83,70.09,1436,8,0
2025-03-07 21:00:00,70.09,70.39,69.95,70.08,1258,8,0
2025-03-07 22:00:00,70.09,70.18,70.05,70.08,517,8,0
2025-03-07 23:00:00,70.09,70.15,70.07,70.1,185,9,0
2025-03-10 03:00:00,69.63,69.95,69.62,69.92,334,9,0
2025-03-10 04:00:00,69.92,69.95,69.71,69.79,676,9,0
2025-03-10 05:00:00,69.79,69.9,69.69,69.74,523,9,0
2025-03-10 06:00:00,69.74,69.79,69.64,69.72,402,9,0
2025-03-10 07:00:00,69.72,69.87,69.72,69.77,214,9,0
2025-03-10 08:00:00,69.77,69.84,69.59,69.71,400,9,0
2025-03-10 09:00:00,69.71,69.98,69.65,69.96,458,9,0
2025-03-10 10:00:00,69.96,70.2,69.86,70.16,775,8,0
2025-03-10 11:00:00,70.16,70.31,69.98,70.06,1634,8,0
2025-03-10 12:00:00,70.07,70.43,69.98,70.27,1277,8,0
2025-03-10 13:00:00,70.27,70.36,70.07,70.25,1021,8,0
2025-03-10 14:00:00,70.26,70.54,70.24,70.48,1021,8,0
2025-03-10 15:00:00,70.48,70.61,70.39,70.54,886,8,0
2025-03-10 16:00:00,70.54,70.55,69.63,69.67,2414,8,0
2025-03-10 17:00:00,69.66,69.82,69.4,69.47,2770,8,0
2025-03-10 18:00:00,69.47,69.75,69.47,69.62,1949,8,0
2025-03-10 19:00:00,69.62,69.72,69.27,69.4,1720,8,0
2025-03-10 20:00:00,69.4,69.42,68.97,69.05,1073,8,0
2025-03-10 21:00:00,69.05,69.09,68.87,68.88,903,8,0
2025-03-10 22:00:00,68.88,69.05,68.8,68.95,590,8,0
2025-03-10 23:00:00,68.95,68.99,68.81,68.81,196,9,0
2025-03-11 03:00:00,68.76,68.76,68.56,68.58,433,9,0
2025-03-11 04:00:00,68.58,68.88,68.36,68.81,861,9,0
2025-03-11 05:00:00,68.81,69.1,68.75,68.94,587,9,0
2025-03-11 06:00:00,68.94,69.07,68.93,68.97,406,9,0
2025-03-11 07:00:00,68.97,69.0,68.93,68.96,189,9,0
2025-03-11 08:00:00,68.96,69.11,68.89,69.05,409,9,0
2025-03-11 09:00:00,69.05,69.23,69.0,69.17,499,9,0
2025-03-11 10:00:00,69.17,69.33,69.05,69.31,661,8,0
2025-03-11 11:00:00,69.31,69.4,69.16,69.4,1074,8,0
2025-03-11 12:00:00,69.39,69.55,69.3,69.43,673,7,0
2025-03-11 13:00:00,69.43,69.83,69.41,69.73,807,8,0
2025-03-11 14:00:00,69.74,69.89,69.63,69.87,751,8,0
2025-03-11 15:00:00,69.87,69.94,69.63,69.64,907,8,0
2025-03-11 16:00:00,69.64,70.12,69.64,69.88,1723,8,0
2025-03-11 17:00:00,69.88,69.97,69.51,69.54,2331,8,0
2025-03-11 18:00:00,69.54,69.99,69.5,69.76,1941,8,0
2025-03-11 19:00:00,69.76,69.86,69.33,69.37,1604,8,0
2025-03-11 20:00:00,69.37,69.43,69.23,69.27,1124,8,0
2025-03-11 21:00:00,69.27,69.6,69.07,69.48,1405,8,0
2025-03-11 22:00:00,69.48,69.6,69.42,69.47,682,8,0
2025-03-11 23:00:00,69.47,69.69,69.47,69.48,262,9,0
2025-03-12 03:00:00,69.67,69.7,69.48,69.63,306,9,0
2025-03-12 04:00:00,69.62,69.71,69.49,69.64,476,9,0
2025-03-12 05:00:00,69.64,69.81,69.58,69.66,347,9,0
2025-03-12 06:00:00,69.66,69.75,69.62,69.68,282,9,0
2025-03-12 07:00:00,69.69,69.77,69.68,69.73,153,9,0
2025-03-12 08:00:00,69.73,69.77,69.58,69.61,280,9,0
2025-03-12 09:00:00,69.61,69.62,69.25,69.26,380,9,0
2025-03-12 10:00:00,69.26,69.58,69.17,69.51,596,8,0
2025-03-12 11:00:00,69.52,69.72,69.48,69.53,1124,8,0
2025-03-12 12:00:00,69.53,69.74,69.45,69.72,735,8,0
2025-03-12 13:00:00,69.72,70.02,69.7,69.89,722,8,0
2025-03-12 14:00:00,69.89,70.04,69.82,70.03,639,8,0
2025-03-12 15:00:00,70.03,70.22,69.93,70.06,1181,8,0
2025-03-12 16:00:00,70.07,70.39,69.91,70.17,1946,8,0
2025-03-12 17:00:00,70.17,70.57,70.11,70.51,2036,8,0
2025-03-12 18:00:00,70.51,70.65,70.18,70.52,1433,8,0
2025-03-12 19:00:00,70.52,70.78,70.47,70.59,1297,8,0
2025-03-12 20:00:00,70.59,70.73,70.54,70.6,878,8,0
2025-03-12 21:00:00,70.59,70.74,70.58,70.69,708,8,0
2025-03-12 22:00:00,70.68,70.7,70.56,70.65,413,8,0
2025-03-12 23:00:00,70.65,70.7,70.54,70.54,211,9,0
2025-03-13 03:00:00,70.62,70.63,70.51,70.59,254,9,0
2025-03-13 04:00:00,70.59,70.64,70.46,70.49,525,9,0
2025-03-13 05:00:00,70.48,70.76,70.46,70.7,374,9,0
2025-03-13 06:00:00,70.7,70.73,70.57,70.63,295,9,0
2025-03-13 07:00:00,70.63,70.64,70.54,70.59,177,9,0
2025-03-13 08:00:00,70.59,70.59,70.46,70.46,356,9,0
2025-03-13 09:00:00,70.47,70.5,70.39,70.43,427,9,0
2025-03-13 10:00:00,70.43,70.8,70.41,70.71,663,8,0
2025-03-13 11:00:00,70.71,70.92,70.58,70.62,1196,8,0
2025-03-13 12:00:00,70.62,70.73,70.26,70.26,1028,8,0
2025-03-13 13:00:00,70.26,70.41,70.13,70.35,848,8,0
2025-03-13 14:00:00,70.35,70.56,70.23,70.28,749,8,0
2025-03-13 15:00:00,70.27,70.4,70.1,70.2,1053,7,0
2025-03-13 16:00:00,70.2,70.21,69.97,70.07,1483,7,0
2025-03-13 17:00:00,70.07,70.33,69.86,70.14,2159,7,0
2025-03-13 18:00:00,70.14,70.23,69.46,69.85,2469,7,0
2025-03-13 19:00:00,69.86,70.1,69.63,69.69,2091,7,0
2025-03-13 20:00:00,69.7,69.76,69.41,69.43,1329,8,0
2025-03-13 21:00:00,69.43,69.63,69.37,69.54,1096,8,0
2025-03-13 22:00:00,69.54,69.6,69.49,69.5,460,8,0
2025-03-13 23:00:00,69.5,69.73,69.5,69.63,424,9,0
2025-03-14 03:00:00,69.8,69.83,69.65,69.78,383,9,0
2025-03-14 04:00:00,69.79,69.85,69.66,69.83,656,9,0
2025-03-14 05:00:00,69.83,69.98,69.81,69.95,361,9,0
2025-03-14 06:00:00,69.94,70.09,69.92,69.97,307,9,0
2025-03-14 07:00:00,69.97,69.98,69.95,69.98,156,9,0
2025-03-14 08:00:00,69.98,70.03,69.92,70.02,305,9,0
2025-03-14 09:00:00,70.02,70.22,69.9,70.21,565,9,0
2025-03-14 10:00:00,70.21,70.33,70.11,70.24,536,8,0
2025-03-14 11:00:00,70.23,70.38,70.09,70.37,989,8,0
2025-03-14 12:00:00,70.36,70.36,70.12,70.28,620,8,0
2025-03-14 13:00:00,70.28,70.29,70.04,70.09,641,8,0
2025-03-14 14:00:00,70.09,70.24,69.94,69.99,762,8,0
2025-03-14 15:00:00,69.99,70.23,69.99,70.16,815,8,0
2025-03-14 16:00:00,70.16,70.16,69.61,69.96,2104,8,0
2025-03-14 17:00:00,69.96,69.96,69.6,69.92,1784,8,0
2025-03-14 18:00:00,69.92,70.04,69.8,69.98,1089,8,0
2025-03-14 19:00:00,69.98,70.1,69.91,70.07,1060,8,0
2025-03-14 20:00:00,70.07,70.28,70.03,70.09,851,8,0
2025-03-14 21:00:00,70.09,70.28,70.08,70.21,559,8,0
2025-03-14 22:00:00,70.22,70.27,70.15,70.17,313,8,0
2025-03-14 23:00:00,70.17,70.21,70.1,70.14,184,9,0
2025-03-17 03:00:00,70.68,70.98,70.65,70.96,450,9,0
2025-03-17 04:00:00,70.96,71.39,70.89,70.96,1253,9,0
2025-03-17 05:00:00,70.97,70.97,70.69,70.71,489,9,0
2025-03-17 06:00:00,70.7,70.7,70.54,70.63,340,9,0
2025-03-17 07:00:00,70.63,70.75,70.63,70.71,255,9,0
2025-03-17 08:00:00,70.71,70.81,70.64,70.66,345,9,0
2025-03-17 09:00:00,70.66,70.76,70.57,70.73,374,9,0
2025-03-17 10:00:00,70.73,70.82,70.64,70.74,511,8,0
2025-03-17 11:00:00,70.75,70.83,70.57,70.75,1044,8,0
2025-03-17 12:00:00,70.75,70.98,70.67,70.91,915,8,0
2025-03-17 13:00:00,70.91,71.08,70.78,71.06,638,8,0
2025-03-17 14:00:00,71.06,71.19,71.0,71.1,524,8,0
2025-03-17 15:00:00,71.1,71.11,70.97,71.08,703,8,0
2025-03-17 16:00:00,71.08,71.1,70.74,70.89,1338,8,0
2025-03-17 17:00:00,70.89,70.91,70.45,70.47,1669,8,0
2025-03-17 18:00:00,70.48,70.78,70.32,70.69,1751,8,0
2025-03-17 19:00:00,70.69,70.77,70.5,70.62,1309,8,0
2025-03-17 20:00:00,70.62,70.88,70.59,70.86,768,8,0
2025-03-17 21:00:00,70.86,70.95,70.61,70.66,1101,8,0
2025-03-17 22:00:00,70.66,70.76,70.63,70.64,335,8,0
2025-03-17 23:00:00,70.64,70.7,70.5,70.5,181,9,0
2025-03-18 03:00:00,70.56,70.65,70.54,70.6,311,9,0
2025-03-18 04:00:00,70.6,70.86,70.55,70.83,522,9,0
2025-03-18 05:00:00,70.83,70.96,70.79,70.95,298,9,0
2025-03-18 06:00:00,70.95,70.95,70.83,70.86,305,9,0
2025-03-18 07:00:00,70.85,70.92,70.83,70.88,147,9,0
2025-03-18 08:00:00,70.88,71.08,70.84,71.08,313,9,0
2025-03-18 09:00:00,71.07,71.1,71.01,71.06,438,9,0
2025-03-18 10:00:00,71.06,71.29,71.03,71.28,356,8,0
2025-03-18 11:00:00,71.28,71.55,71.25,71.44,758,8,0
2025-03-18 12:00:00,71.44,71.72,71.42,71.67,860,8,0
2025-03-18 13:00:00,71.68,71.78,71.51,71.56,802,8,0
2025-03-18 14:00:00,71.56,71.62,71.4,71.62,719,8,0
2025-03-18 15:00:00,71.61,71.68,71.45,71.53,685,8,0
2025-03-18 16:00:00,71.53,71.54,71.09,71.13,1678,8,0
2025-03-18 17:00:00,71.13,71.13,70.89,70.93,1694,8,0
2025-03-18 18:00:00,70.92,71.0,70.48,70.49,1326,8,0
2025-03-18 19:00:00,70.49,70.57,70.02,70.06,1759,8,0
2025-03-18 20:00:00,70.06,70.76,70.02,70.29,2294,8,0
2025-03-18 21:00:00,70.29,70.4,70.13,70.17,1131,8,0
2025-03-18 22:00:00,70.17,70.25,70.15,70.23,409,8,0
2025-03-18 23:00:00,70.22,70.22,69.9,69.91,343,9,0
2025-03-19 03:00:00,70.12,70.14,70.02,70.12,271,9,0
2025-03-19 04:00:00,70.11,70.11,69.87,69.88,566,9,0
2025-03-19 05:00:00,69.87,70.06,69.87,70.0,415,9,0
2025-03-19 06:00:00,70.0,70.06,69.96,70.01,290,9,0
2025-03-19 07:00:00,70.01,70.03,69.94,69.95,181,9,0
2025-03-19 08:00:00,69.95,69.98,69.83,69.87,347,9,0
2025-03-19 09:00:00,69.87,69.87,69.65,69.75,596,9,0
2025-03-19 10:00:00,69.75,70.0,69.75,69.89,600,8,0
2025-03-19 11:00:00,69.9,70.05,69.57,69.58,1240,8,0
2025-03-19 12:00:00,69.58,69.84,69.57,69.82,961,8,0
2025-03-19 13:00:00,69.82,70.06,69.8,70.04,791,8,0
2025-03-19 14:00:00,70.04,70.2,70.0,70.18,573,8,0
2025-03-19 15:00:00,70.18,70.24,70.03,70.24,740,8,0
2025-03-19 16:00:00,70.25,70.35,70.02,70.2,1401,8,0
2025-03-19 17:00:00,70.21,70.49,70.14,70.4,1685,8,0
2025-03-19 18:00:00,70.4,70.76,70.39,70.48,1500,8,0
2025-03-19 19:00:00,70.48,70.84,70.31,70.75,1632,8,0
2025-03-19 20:00:00,70.75,70.81,70.42,70.45,1003,8,0
2025-03-19 21:00:00,70.45,70.5,70.21,70.44,1446,8,0
2025-03-19 22:00:00,70.44,70.57,70.44,70.49,362,8,0
2025-03-19 23:00:00,70.49,70.52,70.39,70.41,218,9,0
2025-03-20 03:00:00,70.55,70.59,70.48,70.56,192,9,0
2025-03-20 04:00:00,70.56,70.75,70.55,70.64,610,9,0
2025-03-20 05:00:00,70.64,70.79,70.62,70.68,381,9,0
2025-03-20 06:00:00,70.68,70.79,70.65,70.78,244,9,0
2025-03-20 07:00:00,70.78,70.8,70.76,70.78,132,9,0
2025-03-20 08:00:00,70.78,70.78,70.7,70.71,279,9,0
2025-03-20 09:00:00,70.71,70.84,70.67,70.81,375,9,0
2025-03-20 10:00:00,70.81,70.85,70.59,70.8,355,8,0
2025-03-20 11:00:00,70.8,70.99,70.79,70.84,729,8,0
2025-03-20 12:00:00,70.85,70.92,70.5,70.54,871,8,0
2025-03-20 13:00:00,70.54,70.58,70.26,70.42,712,8,0
2025-03-20 14:00:00,70.42,70.69,70.4,70.69,586,8,0
2025-03-20 15:00:00,70.68,70.7,70.43,70.45,779,8,0
2025-03-20 16:00:00,70.45,70.48,70.14,70.38,1519,8,0
2025-03-20 17:00:00,70.38,71.39,70.36,71.33,2447,8,0
2025-03-20 18:00:00,71.33,71.65,71.29,71.43,1726,8,0
2025-03-20 19:00:00,71.43,71.53,71.33,71.47,1189,8,0
2025-03-20 20:00:00,71.47,71.56,71.4,71.51,768,8,0
2025-03-20 21:00:00,71.51,71.64,71.45,71.64,780,8,0
2025-03-20 22:00:00,71.64,71.71,71.63,71.68,239,8,0
2025-03-20 23:00:00,71.68,71.78,71.68,71.68,196,9,0
2025-03-21 03:00:00,71.87,72.0,71.83,71.9,286,9,0
2025-03-21 04:00:00,71.89,71.98,71.76,71.79,606,9,0
2025-03-21 05:00:00,71.79,71.8,71.68,71.74,327,9,0
2025-03-21 06:00:00,71.74,71.83,71.71,71.81,238,9,0
2025-03-21 07:00:00,71.81,71.82,71.66,71.68,124,9,0
2025-03-21 08:00:00,71.68,71.76,71.62,71.74,280,9,0
2025-03-21 09:00:00,71.74,71.83,71.55,71.62,428,9,0
2025-03-21 10:00:00,71.62,71.7,71.55,71.61,407,8,0
2025-03-21 11:00:00,71.62,71.79,71.48,71.5,1108,8,0
2025-03-21 12:00:00,71.5,71.6,71.28,71.35,756,8,0
2025-03-21 13:00:00,71.35,71.36,71.15,71.21,613,8,0
2025-03-21 14:00:00,71.21,71.25,71.08,71.09,625,8,0
2025-03-21 15:00:00,71.09,71.39,71.05,71.26,675,8,0
2025-03-21 16:00:00,71.26,71.32,71.04,71.22,1843,8,0
2025-03-21 17:00:00,71.22,71.63,71.2,71.62,1500,8,0
2025-03-21 18:00:00,71.62,71.64,71.24,71.29,1090,8,0
2025-03-21 19:00:00,71.29,71.73,71.26,71.7,1291,8,0
2025-03-21 20:00:00,71.69,71.73,71.6,71.62,674,8,0
2025-03-21 21:00:00,71.61,71.72,71.53,71.72,672,8,0
2025-03-21 22:00:00,71.72,71.72,71.53,71.58,285,8,0
2025-03-21 23:00:00,71.58,71.68,71.58,71.63,145,9,0
2025-03-24 03:00:00,71.74,71.78,71.5,71.5,187,9,0
2025-03-24 04:00:00,71.51,71.72,71.29,71.31,514,9,0
2025-03-24 05:00:00,71.31,71.48,71.3,71.36,313,9,0
2025-03-24 06:00:00,71.37,71.4,71.27,71.36,290,9,0
2025-03-24 07:00:00,71.36,71.38,71.32,71.32,112,9,0
2025-03-24 08:00:00,71.32,71.5,71.32,71.47,284,9,0
2025-03-24 09:00:00,71.47,71.62,71.46,71.59,485,9,0
2025-03-24 10:00:00,71.59,71.85,71.57,71.8,520,8,0
2025-03-24 11:00:00,71.8,71.81,71.42,71.55,729,8,0
2025-03-24 12:00:00,71.56,71.91,71.46,71.89,798,8,0
2025-03-24 13:00:00,71.89,72.19,71.87,72.19,552,8,0
2025-03-24 14:00:00,72.19,72.22,72.0,72.05,508,8,0
2025-03-24 15:00:00,72.04,72.08,71.74,71.75,678,8,0
2025-03-24 16:00:00,71.75,72.03,71.6,71.97,1640,8,0
2025-03-24 17:00:00,71.97,72.36,71.79,72.27,2244,8,0
2025-03-24 18:00:00,72.27,72.49,72.19,72.45,1115,8,0
2025-03-24 19:00:00,72.44,72.58,72.23,72.39,1168,8,0
2025-03-24 20:00:00,72.38,72.39,72.1,72.26,885,8,0
2025-03-24 21:00:00,72.27,72.46,72.2,72.45,882,8,0
2025-03-24 22:00:00,72.45,72.55,72.44,72.51,267,8,0
2025-03-24 23:00:00,72.51,72.52,72.32,72.32,147,9,0
2025-03-25 03:00:00,72.43,72.44,72.34,72.42,188,9,0
2025-03-25 04:00:00,72.41,72.46,72.28,72.31,471,9,0
2025-03-25 05:00:00,72.32,72.46,72.29,72.32,328,9,0
2025-03-25 06:00:00,72.32,72.4,72.31,72.37,186,9,0
2025-03-25 07:00:00,72.36,72.37,72.32,72.34,104,9,0
2025-03-25 08:00:00,72.34,72.47,72.31,72.36,213,9,0
2025-03-25 09:00:00,72.36,72.38,72.11,72.32,399,9,0
2025-03-25 10:00:00,72.31,72.65,72.31,72.64,506,8,0
2025-03-25 11:00:00,72.65,72.71,72.47,72.62,730,8,0
2025-03-25 12:00:00,72.62,72.82,72.6,72.81,450,8,0
2025-03-25 13:00:00,72.81,72.86,72.69,72.77,469,8,0
2025-03-25 14:00:00,72.76,72.87,72.64,72.85,450,8,0
2025-03-25 15:00:00,72.86,72.88,72.72,72.84,650,8,0
2025-03-25 16:00:00,72.84,72.9,72.75,72.84,1024,7,0
2025-03-25 17:00:00,72.84,72.87,72.43,72.44,1726,7,0
2025-03-25 18:00:00,72.44,72.52,72.27,72.32,1296,7,0
2025-03-25 19:00:00,72.33,72.37,71.88,72.15,1945,7,0
2025-03-25 20:00:00,72.15,72.28,72.05,72.23,759,8,0
2025-03-25 21:00:00,72.23,72.42,72.2,72.37,789,8,0
2025-03-25 22:00:00,72.37,72.54,72.37,72.5,379,8,0
2025-03-25 23:00:00,72.5,72.59,72.43,72.43,201,9,0
2025-03-26 03:00:00,72.61,72.63,72.55,72.61,160,9,0
2025-03-26 04:00:00,72.62,72.69,72.5,72.67,351,9,0
2025-03-26 05:00:00,72.67,72.69,72.57,72.65,257,9,0
2025-03-26 06:00:00,72.64,72.65,72.5,72.51,225,9,0
2025-03-26 07:00:00,72.52,72.55,72.46,72.47,118,9,0
2025-03-26 08:00:00,72.47,72.63,72.46,72.6,207,9,0
2025-03-26 09:00:00,72.6,72.67,72.54,72.64,316,9,0
2025-03-26 10:00:00,72.63,72.68,72.43,72.47,531,8,0
2025-03-26 11:00:00,72.48,72.73,72.47,72.67,669,8,0
2025-03-26 12:00:00,72.68,72.88,72.57,72.84,555,8,0
2025-03-26 13:00:00,72.84,73.05,72.75,72.98,466,8,0
2025-03-26 14:00:00,72.99,73.06,72.9,72.95,441,8,0
2025-03-26 15:00:00,72.95,73.06,72.88,72.98,487,8,0
2025-03-26 16:00:00,72.98,73.21,72.91,73.17,1132,8,0
2025-03-26 17:00:00,73.17,73.26,73.08,73.22,948,8,0
2025-03-26 18:00:00,73.23,73.45,73.03,73.33,1279,7,0
2025-03-26 19:00:00,73.34,73.34,73.04,73.14,1246,7,0
2025-03-26 20:00:00,73.14,73.18,72.85,72.91,981,7,0
2025-03-26 21:00:00,72.9,73.06,72.88,72.96,768,7,0
2025-03-26 22:00:00,72.95,73.14,72.94,73.08,321,7,0
2025-03-26 23:00:00,73.08,73.31,73.08,73.16,164,8,0
2025-03-27 03:00:00,73.11,73.17,73.09,73.13,190,7,0
2025-03-27 04:00:00,73.13,73.18,73.01,73.08,324,7,0
2025-03-27 05:00:00,73.08,73.17,73.08,73.13,217,7,0
2025-03-27 06:00:00,73.14,73.14,73.04,73.08,231,7,0
2025-03-27 07:00:00,73.09,73.12,73.06,73.1,133,7,0
2025-03-27 08:00:00,73.1,73.1,72.93,72.93,204,7,0
2025-03-27 09:00:00,72.94,72.96,72.83,72.83,412,7,0
2025-03-27 10:00:00,72.82,72.89,72.74,72.77,426,7,0
2025-03-27 11:00:00,72.77,72.88,72.57,72.69,874,7,0
2025-03-27 12:00:00,72.7,72.86,72.65,72.75,537,7,0
2025-03-27 13:00:00,72.75,73.01,72.72,72.76,517,7,0
2025-03-27 14:00:00,72.76,72.9,72.7,72.88,481,7,0
2025-03-27 15:00:00,72.88,73.01,72.8,73.01,709,7,0
2025-03-27 16:00:00,73.01,73.01,72.47,72.9,1601,7,0
2025-03-27 17:00:00,72.9,73.21,72.7,73.16,1397,7,0
2025-03-27 18:00:00,73.16,73.22,72.86,72.91,1173,7,0
2025-03-27 19:00:00,72.91,73.12,72.86,72.97,1034,8,0
2025-03-27 20:00:00,72.97,73.17,72.89,73.12,679,8,0
2025-03-27 21:00:00,73.12,73.29,73.07,73.27,534,8,0
2025-03-27 22:00:00,73.27,73.29,73.13,73.14,210,8,0
2025-03-27 23:00:00,73.14,73.24,73.14,73.16,161,9,0
2025-03-28 03:00:00,73.21,73.28,73.14,73.22,306,9,0
2025-03-28 04:00:00,73.22,73.36,73.16,73.17,340,9,0
2025-03-28 05:00:00,73.18,73.31,73.13,73.22,335,9,0
2025-03-28 06:00:00,73.22,73.29,73.2,73.22,201,9,0
2025-03-28 07:00:00,73.21,73.21,73.02,73.11,318,9,0
2025-03-28 08:00:00,73.11,73.12,72.92,73.01,271,9,0
2025-03-28 09:00:00,73.02,73.18,73.01,73.09,337,9,0
2025-03-28 10:00:00,73.09,73.09,72.86,72.88,382,8,0
2025-03-28 11:00:00,72.88,73.17,72.84,73.16,667,8,0
2025-03-28 12:00:00,73.16,73.34,73.1,73.29,613,8,0
2025-03-28 13:00:00,73.29,73.31,73.01,73.06,502,8,0
2025-03-28 14:00:00,73.06,73.23,72.98,73.23,442,8,0
2025-03-28 15:00:00,73.23,73.35,73.2,73.23,542,8,0
2025-03-28 16:00:00,73.23,73.24,72.81,72.91,1539,8,0
2025-03-28 17:00:00,72.91,72.98,72.5,72.67,1667,8,0
2025-03-28 18:00:00,72.67,72.78,72.44,72.47,1293,8,0
2025-03-28 19:00:00,72.47,72.66,72.25,72.53,1487,8,0
2025-03-28 20:00:00,72.53,72.7,72.52,72.59,720,8,0
2025-03-28 21:00:00,72.58,72.68,72.53,72.58,549,8,0
2025-03-28 22:00:00,72.58,72.61,72.41,72.43,309,8,0
2025-03-28 23:00:00,72.43,72.49,72.29,72.3,161,9,0
2025-03-31 03:00:00,72.72,72.76,72.13,72.19,562,9,0
2025-03-31 04:00:00,72.2,72.54,72.19,72.45,851,9,0
2025-03-31 05:00:00,72.44,72.45,72.22,72.34,494,9,0
2025-03-31 06:00:00,72.35,72.39,72.28,72.31,316,9,0
2025-03-31 07:00:00,72.31,72.41,72.3,72.31,183,9,0
2025-03-31 08:00:00,72.31,72.55,72.3,72.53,409,9,0
2025-03-31 09:00:00,72.53,72.67,72.49,72.59,580,8,0
2025-03-31 10:00:00,72.59,73.12,72.37,73.12,1023,8,0
2025-03-31 11:00:00,73.12,73.4,72.92,73.14,1338,8,0
2025-03-31 12:00:00,73.14,73.17,72.7,72.76,889,8,0
2025-03-31 13:00:00,72.76,73.01,72.68,72.79,536,8,0
2025-03-31 14:00:00,72.79,72.93,72.67,72.87,677,8,0
2025-03-31 15:00:00,72.86,73.07,72.66,73.04,842,8,0
2025-03-31 16:00:00,73.03,73.56,72.76,73.56,1947,8,0
2025-03-31 17:00:00,73.56,74.16,73.5,74.06,1828,8,0
2025-03-31 18:00:00,74.06,74.52,74.01,74.51,1108,8,0
2025-03-31 19:00:00,74.51,74.88,74.47,74.77,984,8,0
2025-03-31 20:00:00,74.76,74.76,74.58,74.6,917,8,0
2025-03-31 21:00:00,74.6,74.76,74.57,74.65,772,8,0
2025-03-31 22:00:00,74.65,74.67,74.52,74.53,298,8,0
2025-03-31 23:00:00,74.53,74.58,74.39,74.41,190,9,0
2025-04-01 03:00:00,74.49,74.58,74.42,74.5,266,9,0
2025-04-01 04:00:00,74.5,74.71,74.46,74.65,645,9,0
2025-04-01 05:00:00,74.65,74.82,74.61,74.76,354,9,0
2025-04-01 06:00:00,74.77,74.82,74.7,74.78,330,9,0
2025-04-01 07:00:00,74.78,74.78,74.73,74.77,144,9,0
2025-04-01 08:00:00,74.77,74.8,74.7,74.7,332,9,0
2025-04-01 09:00:00,74.69,74.81,74.66,74.8,459,8,0
2025-04-01 10:00:00,74.79,74.79,74.3,74.3,857,8,0
2025-04-01 11:00:00,74.3,74.45,74.23,74.39,1150,8,0
2025-04-01 12:00:00,74.4,74.81,74.35,74.79,735,7,0
2025-04-01 13:00:00,74.79,75.08,74.66,74.75,978,8,0
2025-04-01 14:00:00,74.75,74.75,74.43,74.47,705,8,0
2025-04-01 15:00:00,74.47,74.63,74.39,74.55,790,8,0
2025-04-01 16:00:00,74.56,75.09,74.52,74.68,1571,8,0
2025-04-01 17:00:00,74.68,74.85,74.5,74.65,2222,8,0
2025-04-01 18:00:00,74.65,74.8,74.41,74.45,1672,8,0
2025-04-01 19:00:00,74.45,74.55,74.34,74.39,1087,8,0
2025-04-01 20:00:00,74.39,74.45,74.31,74.35,819,8,0
2025-04-01 21:00:00,74.35,74.37,74.15,74.22,917,8,0
2025-04-01 22:00:00,74.21,74.32,74.2,74.25,336,8,0
2025-04-01 23:00:00,74.25,74.34,74.11,74.11,266,9,0
2025-04-02 03:00:00,74.31,74.31,74.15,74.2,356,8,0
2025-04-02 04:00:00,74.2,74.3,74.12,74.27,618,9,0
2025-04-02 05:00:00,74.27,74.39,74.22,74.37,359,9,0
2025-04-02 06:00:00,74.37,74.37,74.23,74.29,257,9,0
2025-04-02 07:00:00,74.29,74.31,74.26,74.27,156,9,0
2025-04-02 08:00:00,74.27,74.3,74.14,74.15,280,9,0
2025-04-02 09:00:00,74.15,74.31,74.06,74.09,629,8,0
2025-04-02 10:00:00,74.1,74.15,73.75,73.84,662,8,0
2025-04-02 11:00:00,73.84,74.22,73.8,74.2,1157,8,0
2025-04-02 12:00:00,74.2,74.28,74.11,74.18,745,8,0
2025-04-02 13:00:00,74.18,74.18,73.75,73.78,820,8,0
2025-04-02 14:00:00,73.78,74.09,73.74,73.85,692,8,0
2025-04-02 15:00:00,73.86,73.9,73.62,73.83,958,8,0
2025-04-02 16:00:00,73.82,74.15,73.8,74.1,2042,8,0
2025-04-02 17:00:00,74.1,74.44,74.04,74.29,2103,8,0
2025-04-02 18:00:00,74.28,74.46,73.94,74.39,1984,8,0
2025-04-02 19:00:00,74.4,74.84,74.37,74.67,1205,8,0
2025-04-02 20:00:00,74.67,74.86,74.61,74.85,810,8,0
2025-04-02 21:00:00,74.84,74.9,74.63,74.74,950,8,0
2025-04-02 22:00:00,74.75,74.84,74.71,74.78,370,8,0
2025-04-02 23:00:00,74.77,75.16,73.36,73.46,2898,13,0
2025-04-03 03:00:00,72.47,72.73,72.22,72.7,1515,17,0
2025-04-03 04:00:00,72.69,73.06,72.41,72.79,1438,18,0
2025-04-03 05:00:00,72.8,73.03,72.69,72.97,584,18,0
2025-04-03 06:00:00,72.98,73.07,72.88,73.0,420,18,0
2025-04-03 07:00:00,73.0,73.01,72.89,72.99,246,18,0
2025-04-03 08:00:00,72.99,72.99,72.72,72.72,421,18,0
2025-04-03 09:00:00,72.72,72.83,72.48,72.48,714,14,0
2025-04-03 10:00:00,72.5,72.51,71.99,72.43,1453,14,0
2025-04-03 11:00:00,72.44,72.57,72.03,72.04,1171,14,0
2025-04-03 12:00:00,72.05,72.15,71.55,71.57,946,14,0
2025-04-03 13:00:00,71.57,71.65,71.24,71.34,970,14,0
2025-04-03 14:00:00,71.35,71.38,70.24,70.56,1914,10,0
2025-04-03 15:00:00,70.55,70.57,69.67,70.08,2457,10,0
2025-04-03 16:00:00,70.08,70.26,69.52,69.68,3841,10,0
2025-04-03 17:00:00,69.68,70.04,69.3,69.31,2893,10,0
2025-04-03 18:00:00,69.31,69.84,69.23,69.71,2329,10,0
2025-04-03 19:00:00,69.71,69.9,69.58,69.78,1561,10,0
2025-04-03 20:00:00,69.78,70.11,69.51,69.98,1182,11,0
2025-04-03 21:00:00,69.98,69.99,69.67,69.83,1019,11,0
2025-04-03 22:00:00,69.83,69.83,69.65,69.68,402,11,0
2025-04-03 23:00:00,69.68,69.69,69.45,69.49,255,13,0
2025-04-04 03:00:00,69.66,69.8,69.54,69.56,364,12,0
2025-04-04 04:00:00,69.56,69.61,69.37,69.49,450,12,0
2025-04-04 05:00:00,69.49,69.58,69.37,69.41,328,12,0
2025-04-04 06:00:00,69.41,69.43,69.18,69.26,437,12,0
2025-04-04 07:00:00,69.26,69.3,68.98,69.03,364,12,0
2025-04-04 08:00:00,69.03,69.31,69.01,69.22,480,12,0
2025-04-04 09:00:00,69.22,69.33,68.8,68.8,642,10,0
2025-04-04 10:00:00,68.81,68.83,68.24,68.25,1222,10,0
2025-04-04 11:00:00,68.26,68.31,67.31,67.33,1905,10,0
2025-04-04 12:00:00,67.33,67.75,67.21,67.54,2066,10,0
2025-04-04 13:00:00,67.53,67.91,65.13,65.63,7787,10,0
2025-04-04 14:00:00,65.63,65.74,63.97,64.87,8570,10,0
2025-04-04 15:00:00,64.87,65.75,64.48,65.03,5008,10,0
2025-04-04 16:00:00,65.04,65.57,64.47,64.83,4482,10,0
2025-04-04 17:00:00,64.83,64.92,63.79,64.53,3982,10,0
2025-04-04 18:00:00,64.53,66.44,64.51,65.01,8465,10,0
2025-04-04 19:00:00,65.02,65.48,64.83,65.27,3550,10,0
2025-04-04 20:00:00,65.27,65.49,64.92,65.47,2432,11,0
2025-04-04 21:00:00,65.46,65.77,65.25,65.69,2009,11,0
2025-04-04 22:00:00,65.69,66.2,65.61,65.99,1017,11,0
2025-04-04 23:00:00,66.0,66.02,65.58,65.65,418,18,0
2025-04-07 03:00:00,63.09,63.42,62.77,63.37,1659,12,0
2025-04-07 04:00:00,63.36,63.97,63.26,63.79,2381,12,0
2025-04-07 05:00:00,63.79,63.93,63.33,63.63,1748,12,0
2025-04-07 06:00:00,63.63,63.84,63.39,63.58,1358,12,0
2025-04-07 07:00:00,63.58,64.25,63.48,63.61,1565,12,0
2025-04-07 08:00:00,63.61,64.2,63.46,63.47,1609,12,0
2025-04-07 09:00:00,63.48,63.76,62.78,63.15,3189,10,0
2025-04-07 10:00:00,63.14,63.29,62.29,62.88,4938,10,0
2025-04-07 11:00:00,62.87,63.43,62.76,62.83,3720,10,0
2025-04-07 12:00:00,62.83,63.29,62.53,62.92,3156,10,0
2025-04-07 13:00:00,62.92,63.76,62.89,63.67,3491,7,0
2025-04-07 14:00:00,63.68,64.15,63.56,63.71,3601,8,0
2025-04-07 15:00:00,63.71,64.58,63.53,64.29,5294,8,0
2025-04-07 16:00:00,64.3,64.73,63.46,64.69,6559,8,0
2025-04-07 17:00:00,64.69,67.13,64.19,64.47,16814,10,0
2025-04-07 18:00:00,64.47,64.83,63.34,64.14,9930,8,0
2025-04-07 19:00:00,64.14,64.56,63.89,64.07,4679,10,0
2025-04-07 20:00:00,64.08,64.94,64.08,64.48,5780,11,0
2025-04-07 21:00:00,64.48,64.69,63.87,64.1,3849,11,0
2025-04-07 22:00:00,64.11,64.52,63.96,64.15,3001,11,0
2025-04-07 23:00:00,64.15,64.35,64.09,64.11,763,13,0
2025-04-08 03:00:00,64.37,64.82,64.22,64.45,1082,12,0
2025-04-08 04:00:00,64.44,64.62,64.23,64.61,2111,12,0
2025-04-08 05:00:00,64.61,64.94,64.56,64.84,835,12,0
2025-04-08 06:00:00,64.83,64.9,64.57,64.81,865,12,0
2025-04-08 07:00:00,64.81,64.94,64.77,64.93,385,12,0
2025-04-08 08:00:00,64.93,64.95,64.55,64.59,951,12,0
2025-04-08 09:00:00,64.58,64.74,64.38,64.69,1426,10,0
2025-04-08 10:00:00,64.68,64.77,63.44,63.63,3119,10,0
2025-04-08 11:00:00,63.64,64.28,63.47,64.17,3412,8,0
2025-04-08 12:00:00,64.17,64.26,63.87,64.05,2707,8,0
2025-04-08 13:00:00,64.05,64.42,63.95,63.97,1878,8,0
2025-04-08 14:00:00,63.98,64.45,63.88,64.44,2108,8,0
2025-04-08 15:00:00,64.44,64.51,64.16,64.33,2261,8,0
2025-04-08 16:00:00,64.33,64.89,63.95,64.42,4855,8,0
2025-04-08 17:00:00,64.42,64.85,63.99,63.99,5127,8,0
2025-04-08 18:00:00,63.99,64.38,63.61,64.3,5216,8,0
2025-04-08 19:00:00,64.3,64.31,62.7,62.86,5915,8,0
2025-04-08 20:00:00,62.86,63.36,62.44,62.97,6642,8,0
2025-04-08 21:00:00,62.97,63.02,61.94,62.12,3992,8,0
2025-04-08 22:00:00,62.11,62.17,61.11,61.61,3348,8,0
2025-04-08 23:00:00,61.61,61.75,61.13,61.2,1121,13,0
2025-04-09 03:00:00,61.11,61.26,59.95,60.0,1720,12,0
2025-04-09 04:00:00,60.02,60.6,59.92,60.59,2959,12,0
2025-04-09 05:00:00,60.6,60.89,60.56,60.73,1723,12,0
2025-04-09 06:00:00,60.73,60.9,60.16,60.19,1174,12,0
2025-04-09 07:00:00,60.2,60.28,59.99,60.14,1088,12,0
2025-04-09 08:00:00,60.14,60.66,59.9,60.6,1788,12,0
2025-04-09 09:00:00,60.61,61.25,60.58,61.17,2788,8,0
2025-04-09 10:00:00,61.17,61.24,60.63,60.93,4462,8,0
2025-04-09 11:00:00,60.95,61.12,60.21,60.68,3997,8,0
2025-04-09 12:00:00,60.7,60.98,59.99,60.0,2816,8,0
2025-04-09 13:00:00,60.0,60.44,59.57,60.27,3278,8,0
2025-04-09 14:00:00,60.27,60.28,58.16,58.41,10576,7,0
2025-04-09 15:00:00,58.41,59.36,58.39,59.09,4513,8,0
2025-04-09 16:00:00,59.09,60.84,59.07,60.26,8730,8,0
2025-04-09 17:00:00,60.26,60.52,59.07,59.11,6982,8,0
2025-04-09 18:00:00,59.12,60.51,59.08,60.17,5430,8,0
2025-04-09 19:00:00,60.17,60.5,59.97,60.26,2931,8,0
2025-04-09 20:00:00,60.26,65.05,59.47,64.48,17779,8,0
2025-04-09 21:00:00,64.48,65.68,64.25,64.33,7790,11,0
2025-04-09 22:00:00,64.33,65.56,64.33,65.23,2992,11,0
2025-04-09 23:00:00,65.22,65.61,65.07,65.33,1456,13,0
2025-04-10 03:00:00,65.56,65.71,64.85,64.94,1375,12,0
2025-04-10 04:00:00,64.94,65.02,64.21,64.56,3046,12,0
2025-04-10 05:00:00,64.55,64.81,64.34,64.41,1270,12,0
2025-04-10 06:00:00,64.41,64.52,64.14,64.3,946,12,0
2025-04-10 07:00:00,64.3,64.41,64.13,64.4,528,12,0
2025-04-10 08:00:00,64.4,64.56,64.15,64.52,848,12,0
2025-04-10 09:00:00,64.52,64.88,64.52,64.78,2023,10,0
2025-04-10 10:00:00,64.78,64.91,63.33,63.47,3817,8,0
2025-04-10 11:00:00,63.47,63.72,63.0,63.05,3806,8,0
2025-04-10 12:00:00,63.05,63.61,62.89,63.52,2546,8,0
2025-04-10 13:00:00,63.52,63.8,63.41,63.55,2162,8,0
2025-04-10 14:00:00,63.55,63.79,63.13,63.38,2065,8,0
2025-04-10 15:00:00,63.38,63.6,62.86,63.02,2955,7,0
2025-04-10 16:00:00,63.02,63.27,62.02,62.06,5582,8,0
2025-04-10 17:00:00,62.06,62.84,61.72,62.13,6659,8,0
2025-04-10 18:00:00,62.15,63.37,62.13,62.58,4794,8,0
2025-04-10 19:00:00,62.58,62.67,61.96,62.49,5056,8,0
2025-04-10 20:00:00,62.49,63.12,62.18,63.0,4492,8,0
2025-04-10 21:00:00,62.99,63.39,62.68,63.29,3887,8,0
2025-04-10 22:00:00,63.29,63.43,62.96,63.31,2338,8,0
2025-04-10 23:00:00,63.3,63.34,63.0,63.07,670,9,0
2025-04-11 03:00:00,62.69,62.97,62.56,62.74,1654,12,0
2025-04-11 04:00:00,62.75,62.9,62.51,62.62,1712,12,0
2025-04-11 05:00:00,62.61,62.66,62.39,62.6,1066,12,0
2025-04-11 06:00:00,62.6,62.88,62.59,62.7,664,12,0
2025-04-11 07:00:00,62.7,62.84,62.62,62.79,441,12,0
2025-04-11 08:00:00,62.8,63.51,62.74,63.5,1183,12,0
2025-04-11 09:00:00,63.5,63.98,63.43,63.82,1456,10,0
2025-04-11 10:00:00,63.82,63.85,63.31,63.73,2541,10,0
2025-04-11 11:00:00,63.74,63.76,62.74,63.06,4609,8,0
2025-04-11 12:00:00,63.06,63.35,62.49,63.34,3545,8,0
2025-04-11 13:00:00,63.35,63.54,62.95,63.04,2587,8,0
2025-04-11 14:00:00,63.04,63.14,62.75,62.92,2067,8,0
2025-04-11 15:00:00,62.91,63.26,62.89,62.92,2279,8,0
2025-04-11 16:00:00,62.92,63.29,62.48,62.99,5120,8,0
2025-04-11 17:00:00,63.0,63.16,62.71,62.92,5407,7,0
2025-04-11 18:00:00,62.91,63.48,62.86,63.46,4072,7,0
2025-04-11 19:00:00,63.46,63.87,63.36,63.87,2221,7,0
2025-04-11 20:00:00,63.87,64.59,63.82,64.42,2742,7,0
2025-04-11 21:00:00,64.42,64.49,64.12,64.29,2461,7,0
2025-04-11 22:00:00,64.29,64.51,64.22,64.24,834,7,0
2025-04-11 23:00:00,64.23,64.3,64.13,64.17,291,9,0
2025-04-14 03:00:00,64.08,64.45,64.08,64.24,642,9,0
2025-04-14 04:00:00,64.24,64.26,63.95,64.17,1425,9,0
2025-04-14 05:00:00,64.17,64.2,63.92,64.04,684,9,0
2025-04-14 06:00:00,64.04,64.11,63.93,64.06,425,9,0
2025-04-14 07:00:00,64.07,64.11,64.0,64.1,238,9,0
2025-04-14 08:00:00,64.1,64.41,64.07,64.31,709,9,0
2025-04-14 09:00:00,64.31,64.5,64.17,64.22,923,8,0
2025-04-14 10:00:00,64.22,64.64,64.04,64.42,1379,8,0
2025-04-14 11:00:00,64.42,64.74,64.2,64.72,1516,8,0
2025-04-14 12:00:00,64.72,64.9,64.59,64.81,813,8,0
2025-04-14 13:00:00,64.81,65.12,64.76,65.12,673,8,0
2025-04-14 14:00:00,65.11,65.38,65.02,65.06,1012,8,0
2025-04-14 15:00:00,65.06,65.2,64.94,65.13,1023,8,0
2025-04-14 16:00:00,65.13,65.13,64.39,64.52,2594,8,0
2025-04-14 17:00:00,64.51,64.79,64.39,64.55,2708,8,0
2025-04-14 18:00:00,64.55,64.58,63.92,63.99,2501,8,0
2025-04-14 19:00:00,63.99,64.13,63.61,63.82,2236,8,0
2025-04-14 20:00:00,63.82,64.17,63.72,64.05,2159,8,0
2025-04-14 21:00:00,64.05,64.53,64.04,64.45,979,8,0
2025-04-14 22:00:00,64.45,64.58,64.45,64.5,449,8,0
2025-04-14 23:00:00,64.51,64.56,64.34,64.34,177,9,0
2025-04-15 03:00:00,64.5,64.73,64.46,64.62,317,9,0
2025-04-15 04:00:00,64.61,64.64,64.44,64.46,586,8,0
2025-04-15 05:00:00,64.46,64.55,64.4,64.47,417,9,0
2025-04-15 06:00:00,64.47,64.57,64.38,64.54,260,9,0
2025-04-15 07:00:00,64.54,64.61,64.51,64.6,194,9,0
2025-04-15 08:00:00,64.6,64.7,64.43,64.6,503,9,0
2025-04-15 09:00:00,64.6,64.77,64.48,64.73,652,8,0
2025-04-15 10:00:00,64.73,64.91,64.65,64.69,775,8,0
2025-04-15 11:00:00,64.7,64.73,64.16,64.37,1498,8,0
2025-04-15 12:00:00,64.37,64.49,63.94,63.95,949,8,0
2025-04-15 13:00:00,63.95,64.36,63.88,64.03,936,8,0
2025-04-15 14:00:00,64.04,64.25,63.89,63.91,1002,8,0
2025-04-15 15:00:00,63.91,64.02,63.79,63.91,942,8,0
2025-04-15 16:00:00,63.91,64.57,63.91,64.49,2042,8,0
2025-04-15 17:00:00,64.49,64.66,63.97,64.21,3776,8,0
2025-04-15 18:00:00,64.2,64.24,63.7,63.82,1790,8,0
2025-04-15 19:00:00,63.82,64.15,63.81,63.98,1022,8,0
2025-04-15 20:00:00,63.99,64.17,63.93,64.05,927,8,0
2025-04-15 21:00:00,64.05,64.23,63.99,64.19,643,8,0
2025-04-15 22:00:00,64.19,64.35,64.18,64.26,327,8,0
2025-04-15 23:00:00,64.26,64.31,64.2,64.2,251,9,0
2025-04-16 03:00:00,64.18,64.23,64.05,64.12,392,9,0
2025-04-16 04:00:00,64.12,64.28,63.96,64.04,688,9,0
2025-04-16 05:00:00,64.05,64.06,63.87,63.88,398,9,0
2025-04-16 06:00:00,63.88,63.9,63.81,63.83,248,9,0
2025-04-16 07:00:00,63.83,64.03,63.83,63.97,217,9,0
2025-04-16 08:00:00,63.96,63.97,63.19,63.23,1578,9,0
2025-04-16 09:00:00,63.23,63.5,63.21,63.39,873,8,0
2025-04-16 10:00:00,63.39,63.82,63.36,63.67,1051,8,0
2025-04-16 11:00:00,63.67,64.91,63.59,64.56,3521,8,0
2025-04-16 12:00:00,64.56,64.8,64.5,64.55,1255,8,0
2025-04-16 13:00:00,64.55,64.75,64.49,64.63,895,8,0
2025-04-16 14:00:00,64.63,64.69,64.5,64.65,717,8,0
2025-04-16 15:00:00,64.65,65.03,64.54,64.95,928,8,0
2025-04-16 16:00:00,64.95,65.1,64.63,64.89,2217,8,0
2025-04-16 17:00:00,64.89,65.4,64.84,65.08,2733,8,0
2025-04-16 18:00:00,65.09,65.29,64.82,65.17,2038,8,0
2025-04-16 19:00:00,65.17,65.26,64.94,65.25,1196,8,0
2025-04-16 20:00:00,65.25,65.43,64.94,64.98,1322,8,0
2025-04-16 21:00:00,64.98,65.6,64.9,65.33,1656,8,0
2025-04-16 22:00:00,65.33,65.6,65.24,65.39,859,8,0
2025-04-16 23:00:00,65.38,65.4,65.16,65.16,377,9,0
2025-04-17 03:00:00,65.57,65.57,65.22,65.4,729,9,0
2025-04-17 04:00:00,65.41,65.56,65.29,65.53,719,9,0
2025-04-17 05:00:00,65.53,65.72,65.47,65.69,455,9,0
2025-04-17 06:00:00,65.68,65.76,65.63,65.76,363,9,0
2025-04-17 07:00:00,65.75,65.93,65.64,65.88,510,9,0
2025-04-17 08:00:00,65.88,66.05,65.78,65.81,493,9,0
2025-04-17 09:00:00,65.81,65.84,65.5,65.53,622,8,0
2025-04-17 10:00:00,65.53,65.72,65.45,65.58,901,8,0
2025-04-17 11:00:00,65.58,65.75,65.48,65.73,865,8,0
2025-04-17 12:00:00,65.73,65.74,65.46,65.69,783,8,0
2025-04-17 13:00:00,65.69,65.82,65.59,65.76,788,8,0
2025-04-17 14:00:00,65.76,65.98,65.71,65.86,900,8,0
2025-04-17 15:00:00,65.86,66.19,65.8,66.02,1322,8,0
2025-04-17 16:00:00,66.01,66.11,65.73,65.94,2144,8,0
2025-04-17 17:00:00,65.94,66.18,65.87,66.09,1929,8,0
2025-04-17 18:00:00,66.09,66.97,66.08,66.92,2039,8,0
2025-04-17 19:00:00,66.92,67.36,66.89,67.3,2289,8,0
2025-04-17 20:00:00,67.3,67.34,66.9,67.15,1356,8,0
2025-04-17 21:00:00,67.14,67.37,66.95,67.04,1357,8,0
2025-04-17 22:00:00,67.04,67.05,66.72,66.79,432,8,0
2025-04-17 23:00:00,66.79,66.89,66.76,66.79,286,13,0
2025-04-21 03:00:00,66.26,66.54,66.19,66.24,419,12,0
2025-04-21 04:00:00,66.24,66.26,65.8,66.03,1248,12,0
2025-04-21 05:00:00,66.02,66.07,65.91,66.02,431,12,0
2025-04-21 06:00:00,66.02,66.15,65.91,66.13,338,12,0
2025-04-21 07:00:00,66.13,66.16,65.91,65.98,220,12,0
2025-04-21 08:00:00,65.98,66.25,65.97,66.25,400,12,0
2025-04-21 09:00:00,66.25,66.3,66.07,66.15,597,10,0
2025-04-21 10:00:00,66.15,66.18,65.99,66.01,472,10,0
2025-04-21 11:00:00,66.01,66.16,65.65,65.72,1011,10,0
2025-04-21 12:00:00,65.72,65.75,65.23,65.24,787,10,0
2025-04-21 13:00:00,65.24,65.62,65.23,65.53,634,10,0
2025-04-21 14:00:00,65.54,65.73,65.48,65.66,685,10,0
2025-04-21 15:00:00,65.65,65.74,65.51,65.61,706,10,0
2025-04-21 16:00:00,65.6,65.68,64.88,65.0,2540,10,0
2025-04-21 17:00:00,65.0,65.6,64.96,65.37,2165,10,0
2025-04-21 18:00:00,65.37,65.52,65.03,65.05,1832,10,0
2025-04-21 19:00:00,65.05,65.3,65.0,65.17,1104,10,0
2025-04-21 20:00:00,65.17,65.43,65.12,65.42,921,11,0
2025-04-21 21:00:00,65.41,65.71,65.23,65.67,855,11,0
2025-04-21 22:00:00,65.66,65.86,65.65,65.83,453,11,0
2025-04-21 23:00:00,65.83,65.83,65.57,65.57,199,13,0
2025-04-22 03:00:00,65.88,66.06,65.82,65.91,418,12,0
2025-04-22 04:00:00,65.91,66.16,65.87,65.89,869,12,0
2025-04-22 05:00:00,65.9,65.95,65.7,65.76,466,12,0
2025-04-22 06:00:00,65.75,65.79,65.65,65.7,395,12,0
2025-04-22 07:00:00,65.7,65.77,65.69,65.75,134,12,0
2025-04-22 08:00:00,65.75,65.87,65.67,65.69,312,12,0
2025-04-22 09:00:00,65.69,66.1,65.66,66.05,710,10,0
2025-04-22 10:00:00,66.06,66.3,65.97,66.28,821,10,0
2025-04-22 11:00:00,66.29,66.49,66.04,66.22,1216,10,0
2025-04-22 12:00:00,66.22,66.48,66.21,66.44,687,10,0
2025-04-22 13:00:00,66.44,66.47,66.18,66.24,587,10,0
2025-04-22 14:00:00,66.23,66.45,66.12,66.23,620,10,0
2025-04-22 15:00:00,66.23,66.3,66.09,66.27,946,8,0
2025-04-22 16:00:00,66.27,66.31,65.85,65.99,1949,8,0
2025-04-22 17:00:00,66.0,66.34,65.96,66.18,1807,8,0
2025-04-22 18:00:00,66.18,67.04,66.13,67.03,1802,8,0
2025-04-22 19:00:00,67.03,67.18,66.98,67.11,1287,8,0
2025-04-22 20:00:00,67.11,67.12,66.4,66.54,2550,8,0
2025-04-22 21:00:00,66.55,66.67,66.35,66.4,990,8,0
2025-04-22 22:00:00,66.4,66.45,66.34,66.42,575,8,0
2025-04-22 23:00:00,66.42,66.5,66.33,66.33,350,9,0
2025-04-23 03:00:00,67.14,67.22,66.89,67.18,648,9,0
2025-04-23 04:00:00,67.18,67.18,66.84,66.88,1090,9,0
2025-04-23 05:00:00,66.88,66.98,66.82,66.86,361,9,0
2025-04-23 06:00:00,66.86,67.05,66.73,67.03,304,9,0
2025-04-23 07:00:00,67.02,67.07,66.99,67.06,223,9,0
2025-04-23 08:00:00,67.06,67.22,67.04,67.19,400,9,0
2025-04-23 09:00:00,67.19,67.67,67.16,67.53,951,8,0
2025-04-23 10:00:00,67.53,67.63,67.4,67.45,790,8,0
2025-04-23 11:00:00,67.47,67.7,67.3,67.55,935,8,0
2025-04-23 12:00:00,67.57,67.64,67.15,67.37,852,8,0
2025-04-23 13:00:00,67.37,67.41,67.09,67.17,842,8,0
2025-04-23 14:00:00,67.17,67.18,66.5,66.5,1142,8,0
2025-04-23 15:00:00,66.51,66.6,65.5,66.06,3201,8,0
2025-04-23 16:00:00,66.06,66.76,65.77,66.33,4772,8,0
2025-04-23 17:00:00,66.34,66.44,64.42,65.38,6946,8,0
2025-04-23 18:00:00,65.38,65.67,64.69,64.8,3779,10,0
2025-04-23 19:00:00,64.8,65.54,64.66,65.02,2611,10,0
2025-04-23 20:00:00,65.02,65.1,64.64,65.04,1530,11,0
2025-04-23 21:00:00,65.03,65.31,65.03,65.12,1544,11,0
2025-04-23 22:00:00,65.13,65.25,65.05,65.2,585,11,0
2025-04-23 23:00:00,65.2,65.29,65.06,65.08,303,13,0
2025-04-24 03:00:00,65.14,65.29,64.97,65.19,426,12,0
2025-04-24 04:00:00,65.21,65.41,65.17,65.31,618,12,0
2025-04-24 05:00:00,65.31,65.35,65.11,65.13,392,12,0
2025-04-24 06:00:00,65.13,65.25,65.08,65.22,321,12,0
2025-04-24 07:00:00,65.21,65.23,65.15,65.21,172,12,0
2025-04-24 08:00:00,65.2,65.23,65.02,65.03,288,12,0
2025-04-24 09:00:00,65.03,65.63,65.03,65.61,694,10,0
2025-04-24 10:00:00,65.61,65.84,65.57,65.71,836,10,0
2025-04-24 11:00:00,65.71,65.81,65.36,65.45,1113,10,0
2025-04-24 12:00:00,65.46,65.58,65.2,65.52,878,10,0
2025-04-24 13:00:00,65.52,65.88,65.48,65.83,658,10,0
2025-04-24 14:00:00,65.83,66.09,65.77,65.93,982,8,0
2025-04-24 15:00:00,65.94,66.08,65.64,65.74,1458,8,0
2025-04-24 16:00:00,65.74,66.07,65.56,65.75,2578,8,0
2025-04-24 17:00:00,65.74,65.79,64.92,65.58,3515,8,0
2025-04-24 18:00:00,65.58,65.59,65.06,65.19,2568,8,0
2025-04-24 19:00:00,65.19,65.82,65.06,65.74,1568,8,0
2025-04-24 20:00:00,65.74,65.8,65.57,65.75,1063,8,0
2025-04-24 21:00:00,65.75,65.76,65.5,65.51,684,8,0
2025-04-24 22:00:00,65.51,65.55,65.41,65.53,342,8,0
2025-04-24 23:00:00,65.53,65.6,65.49,65.49,213,9,0
2025-04-25 03:00:00,65.68,65.91,65.62,65.83,367,9,0
2025-04-25 04:00:00,65.83,65.89,65.6,65.65,579,9,0
2025-04-25 05:00:00,65.65,65.82,65.65,65.8,383,9,0
2025-04-25 06:00:00,65.8,66.05,65.78,65.96,507,9,0
2025-04-25 07:00:00,65.96,66.14,65.93,66.1,357,9,0
2025-04-25 08:00:00,66.11,66.12,65.81,65.83,533,9,0
2025-04-25 09:00:00,65.83,66.04,65.64,66.03,680,8,0
2025-04-25 10:00:00,66.03,66.05,65.54,65.64,1161,8,0
2025-04-25 11:00:00,65.64,65.78,65.39,65.56,1132,8,0
2025-04-25 12:00:00,65.56,65.59,65.08,65.24,1071,7,0
2025-04-25 13:00:00,65.24,65.65,64.62,64.65,2161,8,0
2025-04-25 14:00:00,64.67,64.9,64.62,64.8,1480,8,0
2025-04-25 15:00:00,64.8,64.89,64.63,64.75,1061,8,0
2025-04-25 16:00:00,64.74,65.37,64.68,65.23,2199,8,0
2025-04-25 17:00:00,65.24,65.45,65.08,65.21,1892,8,0
2025-04-25 18:00:00,65.21,65.7,65.2,65.69,1577,8,0
2025-04-25 19:00:00,65.69,65.81,65.59,65.75,901,8,0
2025-04-25 20:00:00,65.75,66.0,65.47,65.49,1703,8,0
2025-04-25 21:00:00,65.5,65.86,65.46,65.78,1209,8,0
2025-04-25 22:00:00,65.78,66.03,65.78,65.88,551,8,0
2025-04-25 23:00:00,65.87,66.05,65.76,65.78,281,9,0
2025-04-28 03:00:00,65.82,65.95,65.77,65.85,669,9,0
2025-04-28 04:00:00,65.86,66.07,65.62,65.65,1035,9,0
2025-04-28 05:00:00,65.65,65.69,65.56,65.59,404,9,0
2025-04-28 06:00:00,65.59,65.97,65.58,65.84,467,9,0
2025-04-28 07:00:00,65.84,66.0,65.81,65.98,236,9,0
2025-04-28 08:00:00,65.98,66.13,65.94,66.11,598,9,0
2025-04-28 09:00:00,66.11,66.18,65.89,66.0,741,8,0
2025-04-28 10:00:00,66.0,66.0,65.77,65.83,732,8,0
2025-04-28 11:00:00,65.83,65.9,65.59,65.62,885,8,0
2025-04-28 12:00:00,65.62,65.66,65.47,65.47,608,8,0
2025-04-28 13:00:00,65.48,65.54,65.29,65.43,754,8,0
2025-04-28 14:00:00,65.44,65.64,65.33,65.57,777,8,0
2025-04-28 15:00:00,65.58,65.72,65.39,65.57,1035,8,0
2025-04-28 16:00:00,65.57,65.77,65.01,65.03,2623,8,0
2025-04-28 17:00:00,65.03,65.15,64.75,64.84,2753,8,0
2025-04-28 19:00:00,64.48,64.54,64.22,64.29,698,8,0
2025-04-28 20:00:00,64.29,64.51,64.17,64.47,959,8,0
2025-04-28 21:00:00,64.48,64.76,64.45,64.63,826,8,0
2025-04-28 22:00:00,64.63,64.72,64.62,64.65,327,8,0
2025-04-28 23:00:00,64.65,64.66,64.42,64.42,228,9,0
2025-04-29 03:00:00,64.62,64.63,64.43,64.5,494,9,0
2025-04-29 04:00:00,64.5,64.64,64.42,64.59,797,9,0
2025-04-29 05:00:00,64.59,64.72,64.32,64.34,601,9,0
2025-04-29 06:00:00,64.33,64.42,64.24,64.33,490,9,0
2025-04-29 07:00:00,64.33,64.34,64.17,64.2,278,9,0
2025-04-29 08:00:00,64.2,64.25,63.89,64.08,686,9,0
2025-04-29 09:00:00,64.08,64.23,63.97,64.07,661,8,0
2025-04-29 10:00:00,64.07,64.13,63.74,63.82,788,8,0
2025-04-29 11:00:00,63.83,64.26,63.55,63.57,1454,8,0
2025-04-29 12:00:00,63.57,64.07,63.54,63.81,1318,8,0
2025-04-29 13:00:00,63.81,63.92,63.48,63.65,976,8,0
2025-04-29 14:00:00,63.65,63.7,63.43,63.68,940,8,0
2025-04-29 15:00:00,63.68,63.84,63.35,63.47,1377,8,0
2025-04-29 16:00:00,63.47,63.8,63.44,63.54,2450,8,0
2025-04-29 17:00:00,63.55,63.62,63.11,63.42,2551,8,0
2025-04-29 18:00:00,63.42,63.72,63.28,63.31,1953,8,0
2025-04-29 19:00:00,63.31,63.44,63.02,63.07,1258,8,0
2025-04-29 20:00:00,63.07,63.44,63.07,63.38,1084,8,0
2025-04-29 21:00:00,63.38,63.39,63.04,63.13,1317,8,0
2025-04-29 22:00:00,63.13,63.24,63.03,63.07,450,8,0
2025-04-29 23:00:00,63.07,63.08,62.82,62.82,295,9,0
2025-04-30 03:00:00,63.06,63.12,62.97,63.02,414,9,0
2025-04-30 04:00:00,63.02,63.23,62.99,63.04,716,9,0
2025-04-30 05:00:00,63.04,63.2,62.66,62.7,582,9,0
2025-04-30 06:00:00,62.7,62.75,62.49,62.53,552,9,0
2025-04-30 07:00:00,62.53,62.57,62.39,62.47,293,9,0
2025-04-30 08:00:00,62.48,62.62,62.37,62.44,507,9,0
2025-04-30 09:00:00,62.44,62.6,62.38,62.55,797,8,0
2025-04-30 10:00:00,62.55,62.55,62.15,62.28,1106,8,0
2025-04-30 11:00:00,62.29,62.34,62.03,62.23,1228,8,0
2025-04-30 12:00:00,62.22,62.86,62.22,62.85,1320,8,0
2025-04-30 13:00:00,62.85,62.86,62.57,62.75,723,8,0
2025-04-30 14:00:00,62.74,62.82,62.62,62.74,832,8,0
2025-04-30 15:00:00,62.74,62.89,62.24,62.35,1550,8,0
2025-04-30 16:00:00,62.35,62.69,61.92,61.94,2430,8,0
2025-04-30 17:00:00,61.93,62.59,61.86,62.2,3282,8,0
2025-04-30 18:00:00,62.19,62.74,60.71,60.83,5414,8,0
2025-04-30 19:00:00,60.83,61.46,60.67,60.75,3206,10,0
2025-04-30 20:00:00,60.75,61.25,60.74,60.98,1373,11,0
2025-04-30 21:00:00,60.99,61.76,60.82,60.94,2758,8,0
2025-04-30 22:00:00,60.94,60.95,60.82,60.91,569,8,0
2025-04-30 23:00:00,60.91,61.16,60.86,60.89,744,9,0
2025-05-01 03:00:00,61.14,61.22,61.0,61.05,609,9,0
2025-05-01 04:00:00,61.05,61.06,60.92,61.04,431,9,0
2025-05-01 05:00:00,61.04,61.08,60.96,61.06,303,9,0
2025-05-01 06:00:00,61.06,61.11,60.8,60.84,354,9,0
2025-05-01 07:00:00,60.85,60.98,60.85,60.92,323,9,0
2025-05-01 08:00:00,60.92,61.06,60.91,60.97,415,9,0
2025-05-01 09:00:00,60.97,61.01,60.53,60.64,625,8,0
2025-05-01 10:00:00,60.64,60.68,60.28,60.32,860,8,0
2025-05-01 11:00:00,60.33,60.52,59.82,60.03,1316,8,0
2025-05-01 12:00:00,60.03,60.08,59.48,59.5,1069,8,0
2025-05-01 13:00:00,59.5,59.55,59.22,59.37,1154,8,0
2025-05-01 14:00:00,59.37,59.96,59.33,59.9,1553,8,0
2025-05-01 15:00:00,59.9,60.57,59.75,60.42,1772,8,0
2025-05-01 16:00:00,60.41,61.65,60.28,61.22,4641,7,0
2025-05-01 17:00:00,61.22,61.68,61.18,61.22,3120,7,0
2025-05-01 18:00:00,61.22,61.48,60.85,60.87,2401,8,0
2025-05-01 19:00:00,60.87,61.15,60.51,61.0,2682,8,0
2025-05-01 20:00:00,60.99,61.45,60.97,61.24,1456,8,0
2025-05-01 21:00:00,61.25,62.25,61.22,61.84,3590,8,0
2025-05-01 22:00:00,61.84,61.98,61.77,61.79,731,8,0
2025-05-01 23:00:00,61.79,61.85,61.63,61.63,435,9,0
2025-05-02 03:00:00,61.71,62.23,61.71,62.22,599,9,0
2025-05-02 04:00:00,62.22,62.47,62.21,62.43,574,9,0
2025-05-02 05:00:00,62.43,62.58,62.36,62.52,375,9,0
2025-05-02 06:00:00,62.52,62.52,62.36,62.45,340,9,0
2025-05-02 07:00:00,62.46,62.47,62.31,62.42,346,9,0
2025-05-02 08:00:00,62.42,62.43,62.24,62.26,338,9,0
2025-05-02 09:00:00,62.26,62.45,62.06,62.09,650,8,0
2025-05-02 10:00:00,62.1,62.27,61.95,61.95,1066,8,0
2025-05-02 11:00:00,61.95,62.22,61.62,61.64,1430,8,0
2025-05-02 12:00:00,61.64,61.8,61.49,61.67,1056,8,0
2025-05-02 13:00:00,61.67,61.81,61.56,61.74,769,8,0
2025-05-02 14:00:00,61.73,61.97,61.33,61.45,1059,8,0
2025-05-02 15:00:00,61.45,61.98,61.29,61.95,1971,8,0
2025-05-02 16:00:00,61.95,62.06,60.93,61.1,3104,8,0
2025-05-02 17:00:00,61.1,61.5,60.55,61.17,4374,8,0
2025-05-02 18:00:00,61.17,61.51,60.9,61.31,2325,8,0
2025-05-02 19:00:00,61.31,61.83,60.7,60.88,2300,8,0
2025-05-02 20:00:00,60.88,61.24,60.68,61.08,1411,8,0
2025-05-02 21:00:00,61.07,61.35,61.01,61.03,1193,8,0
2025-05-02 22:00:00,61.03,61.49,60.98,61.44,492,8,0
2025-05-02 23:00:00,61.43,61.53,61.22,61.22,254,9,0
2025-05-05 03:00:00,58.81,59.22,58.71,58.97,623,12,0
2025-05-05 04:00:00,58.98,59.3,58.85,59.09,659,12,0
2025-05-05 05:00:00,59.09,59.19,58.95,58.98,414,12,0
2025-05-05 06:00:00,58.98,59.04,58.85,58.97,425,12,0
2025-05-05 07:00:00,58.98,58.99,58.86,58.91,258,12,0
2025-05-05 08:00:00,58.91,59.33,58.91,59.28,452,12,0
2025-05-05 09:00:00,59.28,59.63,59.28,59.53,641,10,0
2025-05-05 10:00:00,59.53,60.04,59.42,59.81,1296,10,0
2025-05-05 11:00:00,59.81,60.12,59.73,59.92,1534,10,0
2025-05-05 12:00:00,59.91,60.4,59.79,60.39,1169,10,0
2025-05-05 13:00:00,60.39,60.48,60.25,60.33,707,10,0
2025-05-05 14:00:00,60.32,60.63,60.27,60.29,806,10,0
2025-05-05 15:00:00,60.29,60.43,59.93,60.23,1180,8,0
2025-05-05 16:00:00,60.23,60.53,60.17,60.38,2158,8,0
2025-05-05 17:00:00,60.39,60.41,59.6,59.7,2508,8,0
2025-05-05 18:00:00,59.7,59.85,59.44,59.83,1611,8,0
2025-05-05 19:00:00,59.83,60.26,59.83,60.06,1510,8,0
2025-05-05 20:00:00,60.06,60.25,59.95,60.2,1063,8,0
2025-05-05 21:00:00,60.19,60.27,60.06,60.14,880,8,0
2025-05-05 22:00:00,60.14,60.19,59.97,60.0,357,8,0
2025-05-05 23:00:00,60.0,60.19,59.97,60.09,247,9,0
2025-05-06 03:00:00,60.1,60.32,60.02,60.31,351,9,0
2025-05-06 04:00:00,60.32,61.07,60.32,60.99,2773,9,0
2025-05-06 05:00:00,60.99,61.09,60.74,60.99,1077,9,0
2025-05-06 06:00:00,60.99,61.09,60.95,61.02,510,9,0
2025-05-06 07:00:00,61.02,61.09,60.98,61.06,243,9,0
2025-05-06 08:00:00,61.06,61.09,60.92,60.93,494,9,0
2025-05-06 09:00:00,60.93,61.28,60.92,61.24,700,8,0
2025-05-06 10:00:00,61.24,61.48,61.19,61.35,1005,8,0
2025-05-06 11:00:00,61.35,61.62,61.14,61.59,1580,8,0
2025-05-06 12:00:00,61.59,61.84,61.5,61.77,1185,8,0
2025-05-06 13:00:00,61.77,61.81,61.2,61.21,1077,8,0
2025-05-06 14:00:00,61.22,61.43,61.22,61.4,814,8,0
2025-05-06 15:00:00,61.4,61.66,61.31,61.58,1081,8,0
2025-05-06 16:00:00,61.59,62.27,61.5,62.19,2626,8,0
2025-05-06 17:00:00,62.19,62.51,62.05,62.18,1655,8,0
2025-05-06 18:00:00,62.17,62.52,62.13,62.43,1264,8,0
2025-05-06 19:00:00,62.43,62.62,61.93,61.95,1797,8,0
2025-05-06 20:00:00,61.95,62.22,61.92,62.21,1002,8,0
2025-05-06 21:00:00,62.21,62.3,61.87,61.91,868,8,0
2025-05-06 22:00:00,61.91,61.99,61.83,61.96,320,8,0
2025-05-06 23:00:00,61.96,61.99,61.7,61.73,376,9,0
2025-05-07 03:00:00,62.38,62.54,62.3,62.52,711,9,0
2025-05-07 04:00:00,62.52,62.53,62.22,62.33,990,9,0
2025-05-07 05:00:00,62.32,62.39,62.24,62.37,580,9,0
2025-05-07 06:00:00,62.38,62.41,62.28,62.39,389,9,0
2025-05-07 07:00:00,62.39,62.53,62.37,62.52,223,9,0
2025-05-07 08:00:00,62.52,62.57,62.41,62.48,391,9,0
2025-05-07 09:00:00,62.48,62.73,62.41,62.69,565,8,0
2025-05-07 10:00:00,62.69,62.97,62.67,62.82,865,8,0
2025-05-07 11:00:00,62.83,63.01,62.52,62.53,1206,8,0
2025-05-07 12:00:00,62.53,62.58,62.13,62.24,1044,8,0
2025-05-07 13:00:00,62.24,62.41,62.08,62.35,785,8,0
2025-05-07 14:00:00,62.36,62.56,62.31,62.49,849,8,0
2025-05-07 15:00:00,62.49,62.52,61.9,62.04,1177,8,0
2025-05-07 16:00:00,62.04,62.04,61.54,61.77,1965,8,0
2025-05-07 17:00:00,61.77,61.87,61.39,61.57,2152,8,0
2025-05-07 18:00:00,61.56,61.89,61.16,61.29,2109,8,0
2025-05-07 19:00:00,61.29,61.39,61.13,61.3,1044,8,0
2025-05-07 20:00:00,61.3,61.36,60.93,61.04,967,8,0
2025-05-07 21:00:00,61.02,61.15,60.69,61.05,1420,8,0
2025-05-07 22:00:00,61.05,61.06,60.74,60.94,824,8,0
2025-05-07 23:00:00,60.93,60.95,60.68,60.69,301,9,0
2025-05-08 03:00:00,60.92,61.01,60.83,61.0,453,9,0
2025-05-08 04:00:00,61.0,61.31,60.96,61.27,830,9,0
2025-05-08 05:00:00,61.28,61.32,61.15,61.29,415,9,0
2025-05-08 06:00:00,61.28,61.43,61.27,61.4,287,9,0
2025-05-08 07:00:00,61.4,61.46,61.26,61.33,246,9,0
2025-05-08 08:00:00,61.33,61.48,61.26,61.45,545,9,0
2025-05-08 09:00:00,61.45,61.46,60.97,61.15,1164,8,0
2025-05-08 10:00:00,61.15,61.33,61.05,61.23,816,7,0
2025-05-08 11:00:00,61.24,61.58,61.15,61.56,1248,8,0
2025-05-08 12:00:00,61.56,61.69,61.42,61.61,834,8,0
2025-05-08 13:00:00,61.62,61.96,61.5,61.87,712,8,0
2025-05-08 14:00:00,61.87,61.99,61.79,61.91,364,8,0
2025-05-08 15:00:00,61.91,62.01,61.7,61.71,549,8,0
2025-05-08 16:00:00,61.65,62.27,61.58,62.21,1896,8,0
2025-05-08 17:00:00,62.21,62.55,62.13,62.3,2111,8,0
2025-05-08 18:00:00,62.3,62.76,62.21,62.69,2433,8,0
2025-05-08 19:00:00,62.69,62.76,62.37,62.71,1070,8,0
2025-05-08 20:00:00,62.71,62.71,62.56,62.68,561,8,0
2025-05-08 21:00:00,62.67,62.79,62.59,62.67,669,8,0
2025-05-08 22:00:00,62.67,62.77,62.63,62.73,370,8,0
2025-05-08 23:00:00,62.73,62.95,62.73,62.87,251,9,0
2025-05-09 03:00:00,62.89,62.89,62.67,62.69,315,9,0
2025-05-09 04:00:00,62.69,62.87,62.66,62.69,664,9,0
2025-05-09 05:00:00,62.69,62.93,62.61,62.83,499,9,0
2025-05-09 06:00:00,62.84,62.89,62.75,62.81,372,9,0
2025-05-09 07:00:00,62.81,62.97,62.79,62.94,527,9,0
2025-05-09 08:00:00,62.94,63.02,62.9,62.93,365,9,0
2025-05-09 09:00:00,62.93,63.14,62.91,63.02,637,8,0
2025-05-09 10:00:00,63.01,63.42,62.92,63.31,847,8,0
2025-05-09 11:00:00,63.32,63.51,63.27,63.49,706,8,0
2025-05-09 12:00:00,63.5,63.72,63.4,63.7,542,8,0
2025-05-09 13:00:00,63.7,63.83,63.67,63.78,595,8,0
2025-05-09 14:00:00,63.77,64.01,63.57,63.86,1259,8,0
2025-05-09 15:00:00,63.86,63.9,63.54,63.55,862,8,0
2025-05-09 16:00:00,63.55,63.57,62.98,63.15,2308,8,0
2025-05-09 17:00:00,63.16,63.42,62.94,63.31,1543,8,0
2025-05-09 18:00:00,63.31,63.51,63.21,63.37,1376,8,0
2025-05-09 19:00:00,63.37,63.56,63.2,63.52,934,8,0
2025-05-09 20:00:00,63.51,63.69,63.47,63.55,830,8,0
2025-05-09 21:00:00,63.54,63.75,63.53,63.66,666,8,0
2025-05-09 22:00:00,63.66,63.73,63.54,63.58,305,8,0
2025-05-09 23:00:00,63.58,63.71,63.56,63.66,169,9,0
2025-05-12 03:00:00,63.93,63.93,63.64,63.72,460,9,0
2025-05-12 04:00:00,63.72,63.88,63.61,63.67,1030,9,0
2025-05-12 05:00:00,63.67,63.96,63.67,63.92,542,9,0
2025-05-12 06:00:00,63.92,64.02,63.88,63.97,257,9,0
2025-05-12 07:00:00,63.97,64.06,63.92,64.04,167,9,0
2025-05-12 08:00:00,64.05,64.45,64.0,64.43,491,9,0
2025-05-12 09:00:00,64.43,64.64,64.36,64.54,863,8,0
2025-05-12 10:00:00,64.55,65.98,64.53,65.3,4301,8,0
2025-05-12 11:00:00,65.31,65.4,64.83,65.24,1871,8,0
2025-05-12 12:00:00,65.24,65.67,65.23,65.47,998,8,0
2025-05-12 13:00:00,65.47,65.79,65.3,65.78,800,8,0
2025-05-12 14:00:00,65.77,66.08,65.74,65.95,1038,8,0
2025-05-12 15:00:00,65.95,66.06,65.78,65.9,917,8,0
2025-05-12 16:00:00,65.91,65.93,65.38,65.42,1778,8,0
2025-05-12 17:00:00,65.43,65.74,65.03,65.03,2007,7,0
2025-05-12 18:00:00,65.03,65.23,64.83,64.88,1632,8,0
2025-05-12 19:00:00,64.88,65.03,64.74,64.97,853,8,0
2025-05-12 20:00:00,64.97,64.97,64.83,64.86,587,8,0
2025-05-12 21:00:00,64.86,64.87,64.53,64.71,760,8,0
2025-05-12 22:00:00,64.7,64.7,64.42,64.54,378,8,0
2025-05-12 23:00:00,64.54,64.82,64.54,64.55,276,9,0
2025-05-13 03:00:00,64.65,64.65,64.39,64.42,273,9,0
2025-05-13 04:00:00,64.42,64.66,64.39,64.41,649,9,0
2025-05-13 05:00:00,64.41,64.48,64.4,64.44,380,9,0
2025-05-13 06:00:00,64.44,64.56,64.35,64.47,252,9,0
2025-05-13 07:00:00,64.47,64.58,64.43,64.53,218,9,0
2025-05-13 08:00:00,64.53,64.65,64.51,64.61,387,9,0
2025-05-13 09:00:00,64.61,64.8,64.42,64.67,731,8,0
2025-05-13 10:00:00,64.66,64.83,64.62,64.66,754,8,0
2025-05-13 11:00:00,64.67,65.06,64.47,64.97,1298,8,0
2025-05-13 12:00:00,64.97,65.06,64.79,65.03,871,8,0
2025-05-13 13:00:00,65.03,65.24,65.0,65.18,604,8,0
2025-05-13 14:00:00,65.18,65.4,65.07,65.36,614,8,0
2025-05-13 15:00:00,65.36,65.53,65.26,65.51,979,8,0
2025-05-13 16:00:00,65.51,65.51,65.17,65.38,1456,8,0
2025-05-13 17:00:00,65.38,66.02,65.3,65.63,1732,8,0
2025-05-13 18:00:00,65.63,66.26,65.57,66.26,1282,8,0
2025-05-13 19:00:00,66.26,66.49,66.2,66.46,1120,8,0
2025-05-13 20:00:00,66.46,66.49,66.31,66.36,671,8,0
2025-05-13 21:00:00,66.36,66.4,66.22,66.31,643,8,0
2025-05-13 22:00:00,66.31,66.34,66.2,66.21,229,8,0
2025-05-13 23:00:00,66.21,66.32,66.09,66.1,311,9,0
2025-05-14 03:00:00,66.21,66.22,66.04,66.04,266,9,0
2025-05-14 04:00:00,66.05,66.09,65.92,66.0,577,9,0
2025-05-14 05:00:00,66.0,66.04,65.8,65.92,384,9,0
2025-05-14 06:00:00,65.93,65.96,65.8,65.91,288,9,0
2025-05-14 07:00:00,65.91,65.99,65.89,65.9,167,9,0
2025-05-14 08:00:00,65.89,66.1,65.84,65.96,423,9,0
2025-05-14 09:00:00,65.96,66.09,65.89,65.99,577,8,0
2025-05-14 10:00:00,65.99,66.25,65.94,66.12,854,8,0
2025-05-14 11:00:00,66.13,66.17,65.82,65.99,975,8,0
2025-05-14 12:00:00,65.99,66.1,65.46,65.56,971,8,0
2025-05-14 13:00:00,65.56,65.65,65.41,65.56,568,8,0
2025-05-14 14:00:00,65.56,65.71,65.47,65.65,562,8,0
2025-05-14 15:00:00,65.64,65.73,65.5,65.68,800,8,0
2025-05-14 16:00:00,65.69,66.15,65.69,66.07,1324,8,0
2025-05-14 17:00:00,66.07,66.18,65.66,66.02,1923,8,0
2025-05-14 18:00:00,66.03,66.04,65.61,65.77,1402,7,0
2025-05-14 19:00:00,65.77,66.09,65.74,65.99,756,8,0
2025-05-14 20:00:00,65.99,66.08,65.87,65.96,693,8,0
2025-05-14 21:00:00,65.96,65.97,65.53,65.54,808,8,0
2025-05-14 22:00:00,65.54,65.59,65.4,65.41,256,8,0
2025-05-14 23:00:00,65.41,65.53,65.33,65.36,249,9,0
2025-05-15 03:00:00,64.93,64.98,64.73,64.77,678,9,0
2025-05-15 04:00:00,64.77,64.97,64.41,64.54,1207,9,0
2025-05-15 05:00:00,64.54,64.59,64.23,64.25,585,9,0
2025-05-15 06:00:00,64.25,64.58,64.02,64.37,865,9,0
2025-05-15 07:00:00,64.37,64.4,64.24,64.32,317,9,0
2025-05-15 08:00:00,64.32,64.32,63.99,63.99,620,9,0
2025-05-15 09:00:00,63.99,64.38,63.6,63.7,1755,8,0
2025-05-15 10:00:00,63.7,63.91,63.41,63.89,2079,8,0
2025-05-15 11:00:00,63.89,64.04,63.23,63.33,1719,8,0
2025-05-15 12:00:00,63.33,63.52,63.16,63.23,1302,8,0
2025-05-15 13:00:00,63.23,63.7,63.22,63.68,897,8,0
2025-05-15 14:00:00,63.68,63.84,63.5,63.82,727,8,0
2025-05-15 15:00:00,63.82,64.01,63.65,63.98,1290,8,0
2025-05-15 16:00:00,63.98,64.55,63.72,64.33,3711,8,0
2025-05-15 17:00:00,64.33,64.45,63.81,63.92,2075,8,0
2025-05-15 18:00:00,63.92,64.29,63.74,64.18,1740,8,0
2025-05-15 19:00:00,64.18,64.39,64.13,64.2,979,8,0
2025-05-15 20:00:00,64.2,64.3,64.1,64.24,684,8,0
2025-05-15 21:00:00,64.25,64.33,64.07,64.24,767,8,0
2025-05-15 22:00:00,64.24,64.38,64.24,64.34,355,7,0
2025-05-15 23:00:00,64.34,64.34,64.12,64.12,167,9,0
2025-05-16 03:00:00,64.36,64.36,64.11,64.11,344,9,0
2025-05-16 04:00:00,64.12,64.28,64.07,64.23,735,9,0
2025-05-16 05:00:00,64.22,64.34,64.14,64.21,423,9,0
2025-05-16 06:00:00,64.21,64.3,64.07,64.25,442,9,0
2025-05-16 07:00:00,64.25,64.84,64.22,64.47,487,9,0
2025-05-16 08:00:00,64.47,64.48,64.12,64.15,705,9,0
2025-05-16 09:00:00,64.15,64.16,63.8,63.93,804,8,0
2025-05-16 10:00:00,63.93,64.22,63.93,64.21,908,8,0
2025-05-16 11:00:00,64.21,64.28,63.82,63.9,1473,8,0
2025-05-16 12:00:00,63.9,64.25,63.83,64.1,997,8,0
2025-05-16 13:00:00,64.1,64.49,64.01,64.47,716,8,0
2025-05-16 14:00:00,64.46,64.5,64.23,64.3,727,8,0
2025-05-16 15:00:00,64.3,64.55,64.13,64.5,1085,8,0
2025-05-16 16:00:00,64.5,64.61,64.3,64.38,1350,8,0
2025-05-16 17:00:00,64.38,64.57,64.16,64.53,1358,8,0
2025-05-16 18:00:00,64.53,64.98,64.52,64.96,1315,8,0
2025-05-16 19:00:00,64.96,65.09,64.84,64.92,1019,8,0
2025-05-16 20:00:00,64.91,65.06,64.79,65.03,574,8,0
2025-05-16 21:00:00,65.02,65.08,64.87,64.97,686,8,0
2025-05-16 22:00:00,64.96,64.97,64.7,64.77,302,8,0
2025-05-16 23:00:00,64.77,64.87,64.73,64.84,251,9,0
2025-05-19 03:00:00,65.0,65.01,64.82,64.88,445,12,0
2025-05-19 04:00:00,64.88,64.95,64.66,64.69,853,9,0
2025-05-19 05:00:00,64.69,64.85,64.66,64.73,515,9,0
2025-05-19 06:00:00,64.74,64.76,64.6,64.64,363,9,0
2025-05-19 07:00:00,64.64,64.72,64.54,64.57,281,9,0
2025-05-19 08:00:00,64.57,64.63,64.53,64.56,477,9,0
2025-05-19 09:00:00,64.56,64.57,64.33,64.4,604,8,0
2025-05-19 10:00:00,64.39,64.66,64.3,64.59,1042,8,0
2025-05-19 11:00:00,64.59,64.65,64.37,64.5,1113,8,0
2025-05-19 12:00:00,64.5,64.71,64.33,64.35,884,8,0
2025-05-19 13:00:00,64.35,64.37,63.96,64.07,803,8,0
2025-05-19 14:00:00,64.07,64.4,64.06,64.35,656,8,0
2025-05-19 15:00:00,64.35,64.81,64.33,64.77,821,8,0
2025-05-19 16:00:00,64.77,64.88,64.42,64.6,1935,8,0
2025-05-19 17:00:00,64.6,64.94,64.53,64.65,1530,8,0
2025-05-19 18:00:00,64.65,65.3,64.64,65.29,1436,8,0
2025-05-19 19:00:00,65.29,65.44,64.84,65.01,2017,7,0
2025-05-19 20:00:00,65.0,65.04,64.41,64.54,1542,8,0
2025-05-19 21:00:00,64.54,65.05,64.51,64.69,957,8,0
2025-05-19 22:00:00,64.69,64.96,64.64,64.94,389,8,0
2025-05-19 23:00:00,64.95,64.97,64.85,64.85,163,9,0
2025-05-20 03:00:00,65.01,65.12,64.95,64.97,409,9,0
2025-05-20 04:00:00,64.96,65.01,64.82,64.97,629,9,0
2025-05-20 05:00:00,64.98,65.04,64.81,64.89,518,9,0
2025-05-20 06:00:00,64.89,64.98,64.85,64.93,338,9,0
2025-05-20 07:00:00,64.93,64.93,64.72,64.73,256,9,0
2025-05-20 08:00:00,64.73,64.84,64.69,64.73,445,9,0
2025-05-20 09:00:00,64.73,64.98,64.65,64.98,690,8,0
2025-05-20 10:00:00,64.97,64.98,64.42,64.46,835,8,0
2025-05-20 11:00:00,64.47,65.39,64.47,64.85,2412,8,0
2025-05-20 12:00:00,64.85,65.0,64.64,64.81,1134,8,0
2025-05-20 13:00:00,64.81,64.92,64.74,64.81,754,8,0
2025-05-20 14:00:00,64.81,64.91,64.57,64.62,694,8,0
2025-05-20 15:00:00,64.62,64.82,64.62,64.8,783,8,0
2025-05-20 16:00:00,64.8,65.07,64.38,64.51,1768,8,0
2025-05-20 17:00:00,64.52,64.72,64.44,64.58,1335,8,0
2025-05-20 18:00:00,64.58,64.7,64.34,64.54,1335,8,0
2025-05-20 19:00:00,64.54,65.15,64.45,65.09,1028,8,0
2025-05-20 20:00:00,65.1,65.2,64.84,64.89,754,8,0
2025-05-20 21:00:00,64.89,65.03,64.77,65.02,783,8,0
2025-05-20 22:00:00,65.02,65.13,65.01,65.1,347,8,0
2025-05-20 23:00:00,65.1,65.15,64.93,64.95,230,9,0
2025-05-21 03:00:00,65.6,65.83,65.55,65.67,1269,9,0
2025-05-21 04:00:00,65.67,65.99,65.5,65.83,1096,9,0
2025-05-21 05:00:00,65.83,65.97,65.66,65.78,648,9,0
2025-05-21 06:00:00,65.78,65.82,65.7,65.76,457,9,0
2025-05-21 07:00:00,65.75,66.01,65.74,65.83,391,9,0
2025-05-21 08:00:00,65.83,65.9,65.69,65.73,579,9,0
2025-05-21 09:00:00,65.73,65.73,65.43,65.57,845,8,0
2025-05-21 10:00:00,65.57,65.72,65.4,65.66,886,8,0
2025-05-21 11:00:00,65.67,65.8,65.56,65.61,1325,8,0
2025-05-21 12:00:00,65.61,65.91,65.49,65.6,861,8,0
2025-05-21 13:00:00,65.6,65.68,65.3,65.34,672,8,0
2025-05-21 14:00:00,65.34,65.43,65.26,65.39,805,8,0
2025-05-21 15:00:00,65.38,65.76,65.37,65.6,968,8,0
2025-05-21 16:00:00,65.6,65.64,65.19,65.29,1516,8,0
2025-05-21 17:00:00,65.29,65.39,64.75,64.78,2389,8,0
2025-05-21 18:00:00,64.78,64.94,64.49,64.61,1925,8,0
2025-05-21 19:00:00,64.61,64.82,64.18,64.79,1749,8,0
2025-05-21 20:00:00,64.78,64.94,64.28,64.49,1800,8,0
2025-05-21 21:00:00,64.5,64.51,64.31,64.4,1282,8,0
2025-05-21 22:00:00,64.4,64.43,64.15,64.16,546,8,0
2025-05-21 23:00:00,64.16,64.22,64.05,64.05,179,9,0
2025-05-22 03:00:00,64.14,64.22,64.01,64.08,427,9,0
2025-05-22 04:00:00,64.08,64.22,63.98,64.2,918,9,0
2025-05-22 05:00:00,64.21,64.36,64.2,64.33,423,9,0
2025-05-22 06:00:00,64.33,64.44,64.3,64.34,364,9,0
2025-05-22 07:00:00,64.34,64.46,64.33,64.43,198,9,0
2025-05-22 08:00:00,64.43,64.52,64.42,64.52,360,9,0
2025-05-22 09:00:00,64.52,64.52,63.3,63.4,2041,8,0
2025-05-22 10:00:00,63.4,63.8,63.21,63.77,1845,8,0
2025-05-22 11:00:00,63.77,63.93,63.63,63.64,1417,8,0
2025-05-22 12:00:00,63.64,63.76,63.44,63.49,1181,8,0
2025-05-22 13:00:00,63.49,63.55,63.13,63.14,1229,8,0
2025-05-22 14:00:00,63.15,63.49,63.08,63.28,916,8,0
2025-05-22 15:00:00,63.29,63.56,63.29,63.35,1227,8,0
2025-05-22 16:00:00,63.35,63.74,63.33,63.42,2390,8,0
2025-05-22 17:00:00,63.43,63.94,63.28,63.69,2188,8,0
2025-05-22 18:00:00,63.69,63.93,63.42,63.46,1708,8,0
2025-05-22 19:00:00,63.46,63.96,63.46,63.92,1009,8,0
2025-05-22 20:00:00,63.93,63.98,63.68,63.91,1061,8,0
2025-05-22 21:00:00,63.91,64.02,63.8,63.95,743,8,0
2025-05-22 22:00:00,63.95,64.04,63.64,63.67,434,8,0
2025-05-22 23:00:00,63.67,63.67,63.44,63.45,297,9,0
2025-05-23 03:00:00,63.52,63.67,63.48,63.64,391,9,0
2025-05-23 04:00:00,63.64,63.72,63.54,63.57,503,9,0
2025-05-23 05:00:00,63.57,63.61,63.42,63.46,386,9,0
2025-05-23 06:00:00,63.46,63.62,63.46,63.53,312,9,0
2025-05-23 07:00:00,63.53,63.65,63.49,63.51,242,9,0
2025-05-23 08:00:00,63.51,63.7,63.47,63.59,396,9,0
2025-05-23 09:00:00,63.59,63.62,63.4,63.41,698,8,0
2025-05-23 10:00:00,63.42,63.6,63.33,63.51,810,8,0
2025-05-23 11:00:00,63.51,63.6,63.39,63.46,1275,8,0
2025-05-23 12:00:00,63.46,63.9,63.44,63.88,1257,8,0
2025-05-23 13:00:00,63.88,64.02,63.8,64.02,649,8,0
2025-05-23 14:00:00,64.01,64.11,62.97,63.17,2355,8,0
2025-05-23 15:00:00,63.18,63.43,62.8,63.1,2882,10,0
2025-05-23 16:00:00,63.11,63.85,62.93,63.77,3382,10,0
2025-05-23 17:00:00,63.77,64.45,63.77,64.06,2449,10,0
2025-05-23 18:00:00,64.06,64.41,63.93,64.24,1922,10,0
2025-05-23 19:00:00,64.24,64.34,63.95,64.07,1485,10,0
2025-05-23 20:00:00,64.06,64.38,64.01,64.21,1198,11,0
2025-05-23 21:00:00,64.22,64.38,64.08,64.36,1022,11,0
2025-05-23 22:00:00,64.36,64.43,64.23,64.29,314,11,0
2025-05-23 23:00:00,64.29,64.39,64.22,64.36,190,13,0
2025-05-26 03:00:00,64.54,64.65,64.38,64.39,438,12,0
2025-05-26 04:00:00,64.38,64.47,64.2,64.34,878,12,0
2025-05-26 05:00:00,64.33,64.38,64.15,64.17,526,12,0
2025-05-26 06:00:00,64.16,64.39,64.15,64.32,341,12,0
2025-05-26 07:00:00,64.33,64.43,64.32,64.4,161,12,0
2025-05-26 08:00:00,64.39,64.45,64.32,64.38,512,12,0
2025-05-26 09:00:00,64.38,64.4,64.26,64.37,553,10,0
2025-05-26 10:00:00,64.36,64.48,64.21,64.45,756,10,0
2025-05-26 11:00:00,64.46,64.65,64.36,64.46,829,10,0
2025-05-26 12:00:00,64.47,64.56,64.17,64.22,504,10,0
2025-05-26 13:00:00,64.21,64.24,63.93,63.94,525,10,0
2025-05-26 14:00:00,63.94,64.09,63.94,64.07,444,10,0
2025-05-26 15:00:00,64.07,64.23,64.04,64.12,503,10,0
2025-05-26 16:00:00,64.11,64.17,63.88,63.9,858,10,0
2025-05-26 17:00:00,63.91,64.02,63.88,63.95,625,10,0
2025-05-26 18:00:00,63.96,64.28,63.96,64.24,817,10,0
2025-05-26 19:00:00,64.24,64.25,64.06,64.09,424,10,0
2025-05-26 20:00:00,64.09,64.16,64.06,64.15,106,11,0
2025-05-27 03:00:00,64.05,64.27,63.92,64.26,328,12,0
2025-05-27 04:00:00,64.26,64.3,63.87,63.93,604,12,0
2025-05-27 05:00:00,63.93,63.96,63.79,63.93,432,13,0
2025-05-27 06:00:00,63.94,63.95,63.83,63.91,323,13,0
2025-05-27 07:00:00,63.9,63.93,63.82,63.82,157,13,0
2025-05-27 08:00:00,63.83,63.95,63.66,63.88,642,13,0
2025-05-27 09:00:00,63.88,64.28,63.88,64.14,727,10,0
2025-05-27 10:00:00,64.14,64.14,63.79,63.84,986,10,0
2025-05-27 11:00:00,63.85,64.19,63.85,64.17,1307,10,0
2025-05-27 12:00:00,64.16,64.43,64.15,64.21,870,8,0
2025-05-27 13:00:00,64.22,64.28,63.97,63.97,612,8,0
2025-05-27 14:00:00,63.98,64.08,63.76,63.79,628,8,0
2025-05-27 15:00:00,63.79,64.13,63.6,63.86,2032,8,0
2025-05-27 16:00:00,63.85,63.94,63.36,63.65,2385,8,0
2025-05-27 17:00:00,63.65,63.7,63.09,63.15,1780,8,0
2025-05-27 18:00:00,63.17,63.3,62.93,63.08,1287,8,0
2025-05-27 19:00:00,63.08,63.48,63.08,63.37,873,8,0
2025-05-27 20:00:00,63.37,63.4,63.19,63.37,752,8,0
2025-05-27 21:00:00,63.37,63.6,63.37,63.55,740,8,0
2025-05-27 22:00:00,63.56,63.63,63.55,63.63,237,8,0
2025-05-27 23:00:00,63.63,63.79,63.59,63.59,208,9,0
2025-05-28 03:00:00,63.8,64.0,63.8,63.93,276,9,0
2025-05-28 04:00:00,63.93,64.0,63.74,63.78,519,9,0
2025-05-28 05:00:00,63.78,63.92,63.74,63.9,336,9,0
2025-05-28 06:00:00,63.89,63.92,63.73,63.76,267,9,0
2025-05-28 07:00:00,63.77,63.87,63.76,63.79,226,9,0
2025-05-28 08:00:00,63.79,63.87,63.71,63.73,317,9,0
2025-05-28 09:00:00,63.73,63.74,63.44,63.53,510,8,0
2025-05-28 10:00:00,63.54,63.96,63.54,63.92,711,8,0
2025-05-28 11:00:00,63.94,63.95,63.5,63.61,886,8,0
2025-05-28 12:00:00,63.61,64.01,63.55,63.9,554,8,0
2025-05-28 13:00:00,63.9,64.17,63.87,64.08,526,8,0
2025-05-28 14:00:00,64.07,64.13,63.93,64.0,572,8,0
2025-05-28 15:00:00,64.0,64.32,63.98,64.31,866,8,0
2025-05-28 16:00:00,64.31,64.56,64.23,64.29,1636,8,0
2025-05-28 17:00:00,64.3,64.42,64.1,64.17,1244,8,0
2025-05-28 18:00:00,64.17,64.97,64.15,64.76,1628,8,0
2025-05-28 19:00:00,64.76,64.8,64.33,64.55,1755,8,0
2025-05-28 20:00:00,64.55,64.6,64.24,64.34,730,8,0
2025-05-28 21:00:00,64.35,64.49,63.94,63.98,791,8,0
2025-05-28 22:00:00,63.98,64.0,63.9,63.97,382,8,0
2025-05-28 23:00:00,63.97,64.24,63.94,64.12,434,9,0
2025-05-29 03:00:00,64.57,64.88,64.5,64.88,755,9,0
2025-05-29 04:00:00,64.87,65.05,64.75,65.0,884,9,0
2025-05-29 05:00:00,65.0,65.03,64.9,65.0,475,9,0
2025-05-29 06:00:00,65.0,65.04,64.9,64.97,364,9,0
2025-05-29 07:00:00,64.97,65.09,64.9,65.08,195,9,0
2025-05-29 08:00:00,65.08,65.26,65.06,65.25,344,9,0
2025-05-29 09:00:00,65.25,65.32,65.07,65.27,450,8,0
2025-05-29 10:00:00,65.26,65.39,65.14,65.32,744,8,0
2025-05-29 11:00:00,65.34,65.35,64.8,64.88,942,8,0
2025-05-29 12:00:00,64.88,65.1,64.84,65.07,636,8,0
2025-05-29 13:00:00,65.07,65.08,64.23,64.32,689,8,0
2025-05-29 14:00:00,64.33,64.54,64.31,64.36,622,8,0
2025-05-29 15:00:00,64.36,64.43,63.84,63.94,1268,8,0
2025-05-29 16:00:00,63.94,64.06,63.36,63.4,1738,8,0
2025-05-29 17:00:00,63.39,63.55,63.02,63.45,1981,8,0
2025-05-29 18:00:00,63.45,63.54,63.2,63.38,1416,8,0
2025-05-29 19:00:00,63.38,63.54,63.23,63.24,1254,8,0
2025-05-29 20:00:00,63.24,63.35,63.14,63.15,608,8,0
2025-05-29 21:00:00,63.15,63.3,63.14,63.24,542,8,0
2025-05-29 22:00:00,63.25,63.31,63.17,63.24,305,8,0
2025-05-29 23:00:00,63.23,63.3,63.14,63.14,184,9,0
2025-05-30 03:00:00,63.15,63.25,62.99,63.07,350,9,0
2025-05-30 04:00:00,63.07,63.07,62.79,63.02,740,9,0
2025-05-30 05:00:00,63.02,63.04,62.84,62.97,486,9,0
2025-05-30 06:00:00,62.97,62.97,62.84,62.93,312,9,0
2025-05-30 07:00:00,62.93,62.98,62.89,62.98,152,9,0
2025-05-30 08:00:00,62.98,63.08,62.98,63.03,367,9,0
2025-05-30 09:00:00,63.03,63.03,62.84,62.94,625,8,0
2025-05-30 10:00:00,62.94,63.4,62.86,63.3,960,8,0
2025-05-30 11:00:00,63.31,63.55,63.27,63.53,1052,8,0
2025-05-30 12:00:00,63.52,63.66,63.49,63.54,595,8,0
2025-05-30 13:00:00,63.54,63.76,63.54,63.75,424,8,0
2025-05-30 14:00:00,63.75,63.95,63.0,63.2,1252,8,0
2025-05-30 15:00:00,63.19,63.25,62.22,62.45,3412,8,0
2025-05-30 16:00:00,62.45,63.06,62.29,62.39,2764,8,0
2025-05-30 17:00:00,62.4,62.78,62.31,62.62,2318,8,0
2025-05-30 18:00:00,62.62,62.83,62.19,62.28,1981,8,0
2025-05-30 19:00:00,62.28,62.45,61.96,62.27,1891,8,0
2025-05-30 20:00:00,62.27,62.74,62.24,62.47,1562,8,0
2025-05-30 21:00:00,62.46,62.82,62.45,62.54,1183,8,0
2025-05-30 22:00:00,62.54,62.74,62.46,62.65,576,8,0
2025-05-30 23:00:00,62.65,62.72,62.47,62.51,333,9,0
2025-06-02 03:00:00,63.72,63.89,63.64,63.89,530,12,0
2025-06-02 04:00:00,63.88,64.13,63.83,63.97,375,12,0
2025-06-02 05:00:00,63.98,64.26,63.98,64.24,403,12,0
2025-06-02 06:00:00,64.24,64.27,63.87,64.03,616,12,0
2025-06-02 07:00:00,64.03,64.19,64.0,64.0,278,12,0
2025-06-02 08:00:00,64.01,64.11,64.0,64.08,338,12,0
2025-06-02 09:00:00,64.08,64.17,63.88,64.08,557,10,0
2025-06-02 10:00:00,64.08,64.24,63.88,64.05,1381,10,0
2025-06-02 11:00:00,64.05,64.53,64.04,64.48,1232,10,0
2025-06-02 12:00:00,64.48,64.77,64.31,64.76,846,10,0
2025-06-02 13:00:00,64.76,65.0,64.58,64.99,908,10,0
2025-06-02 14:00:00,64.98,65.01,64.84,64.93,649,8,0
2025-06-02 15:00:00,64.93,65.34,64.93,65.17,1277,8,0
2025-06-02 16:00:00,65.17,65.51,64.46,64.48,2641,7,0
2025-06-02 17:00:00,64.46,64.76,64.32,64.63,2392,8,0
2025-06-02 18:00:00,64.63,64.77,64.35,64.72,1670,8,0
2025-06-02 19:00:00,64.72,65.02,64.59,64.89,870,8,0
2025-06-02 20:00:00,64.9,64.92,64.66,64.85,665,8,0
2025-06-02 21:00:00,64.86,64.91,64.19,64.75,2088,8,0
2025-06-02 22:00:00,64.75,64.94,64.75,64.94,367,8,0
2025-06-02 23:00:00,64.93,65.08,64.77,64.79,330,9,0
2025-06-03 03:00:00,64.95,65.03,64.78,64.79,323,9,0
2025-06-03 04:00:00,64.79,65.11,64.74,64.85,1547,9,0
2025-06-03 05:00:00,64.85,64.92,64.69,64.78,559,9,0
2025-06-03 06:00:00,64.78,64.85,64.68,64.68,298,9,0
2025-06-03 07:00:00,64.68,64.72,64.58,64.62,196,8,0
2025-06-03 08:00:00,64.62,64.65,64.52,64.54,375,9,0
2025-06-03 09:00:00,64.54,64.68,64.47,64.63,483,8,0
2025-06-03 10:00:00,64.62,65.0,64.52,64.87,799,8,0
2025-06-03 11:00:00,64.89,64.95,64.56,64.59,1240,8,0
2025-06-03 12:00:00,64.59,64.73,64.38,64.41,700,8,0
2025-06-03 13:00:00,64.41,64.69,64.31,64.68,689,8,0
2025-06-03 14:00:00,64.69,64.9,64.64,64.9,526,8,0
2025-06-03 15:00:00,64.91,65.25,64.88,65.0,1081,8,0
2025-06-03 16:00:00,65.0,65.08,64.75,64.97,1769,8,0
2025-06-03 17:00:00,64.97,65.54,64.97,65.51,1447,8,0
2025-06-03 18:00:00,65.51,65.68,65.47,65.55,1170,7,0
2025-06-03 19:00:00,65.55,65.62,65.43,65.6,799,7,0
2025-06-03 20:00:00,65.6,65.74,65.26,65.5,853,7,0
2025-06-03 21:00:00,65.49,65.59,65.37,65.52,799,7,0
2025-06-03 22:00:00,65.52,65.6,65.36,65.37,320,7,0
2025-06-03 23:00:00,65.37,65.47,65.26,65.26,254,8,0
2025-06-04 03:00:00,65.29,65.35,65.23,65.26,305,7,0
2025-06-04 04:00:00,65.26,65.38,65.24,65.35,484,7,0
2025-06-04 05:00:00,65.36,65.36,65.19,65.2,319,7,0
2025-06-04 06:00:00,65.2,65.21,65.15,65.18,205,7,0
2025-06-04 07:00:00,65.18,65.21,65.12,65.13,204,7,0
2025-06-04 08:00:00,65.14,65.17,65.08,65.16,221,7,0
2025-06-04 09:00:00,65.16,65.33,65.15,65.21,517,7,0
2025-06-04 10:00:00,65.21,65.44,65.14,65.4,511,7,0
2025-06-04 11:00:00,65.4,65.56,65.25,65.28,670,7,0
2025-06-04 12:00:00,65.27,65.7,65.09,65.69,640,7,0
2025-06-04 13:00:00,65.69,65.72,65.39,65.51,514,7,0
2025-06-04 14:00:00,65.51,65.51,65.33,65.45,466,7,0
2025-06-04 15:00:00,65.44,65.48,64.91,65.03,1051,7,0
2025-06-04 16:00:00,65.03,65.62,64.97,65.51,2197,6,0
2025-06-04 17:00:00,65.49,65.71,65.05,65.07,2940,7,0
2025-06-04 18:00:00,65.07,65.26,64.06,64.46,4344,7,0
2025-06-04 19:00:00,64.46,64.7,64.35,64.49,1482,7,0
2025-06-04 20:00:00,64.48,64.63,64.47,64.56,784,7,0
2025-06-04 21:00:00,64.55,64.85,64.51,64.73,716,7,0
2025-06-04 22:00:00,64.73,64.76,64.64,64.67,274,7,0
2025-06-04 23:00:00,64.67,64.68,64.51,64.51,210,8,0
2025-06-05 03:00:00,64.48,64.56,64.38,64.5,234,7,0
2025-06-05 04:00:00,64.5,64.68,64.41,64.63,421,7,0
2025-06-05 05:00:00,64.63,64.65,64.5,64.53,183,7,0
2025-06-05 06:00:00,64.53,64.54,64.46,64.46,176,7,0
2025-06-05 07:00:00,64.46,64.48,64.39,64.48,144,7,0
2025-06-05 08:00:00,64.48,64.61,64.43,64.54,238,7,0
2025-06-05 09:00:00,64.54,64.76,64.51,64.74,336,7,0
2025-06-05 10:00:00,64.74,65.0,64.72,64.86,464,7,0
2025-06-05 11:00:00,64.87,64.94,64.65,64.89,709,7,0
2025-06-05 12:00:00,64.89,64.93,64.67,64.84,678,7,0
2025-06-05 13:00:00,64.84,65.04,64.8,64.99,405,7,0
2025-06-05 14:00:00,64.98,64.98,64.74,64.88,447,7,0
2025-06-05 15:00:00,64.88,65.38,64.86,65.35,1204,7,0
2025-06-05 16:00:00,65.34,65.6,65.32,65.45,1704,7,0
2025-06-05 17:00:00,65.45,65.6,65.28,65.44,1469,7,0
2025-06-05 18:00:00,65.45,65.54,65.15,65.26,1287,7,0
2025-06-05 19:00:00,65.26,65.27,64.99,65.02,870,7,0
2025-06-05 20:00:00,65.02,65.16,64.97,65.15,495,7,0
2025-06-05 21:00:00,65.14,65.18,65.01,65.14,512,7,0
2025-06-05 22:00:00,65.14,65.16,65.02,65.06,327,7,0
2025-06-05 23:00:00,65.06,65.12,64.89,64.89,244,8,0
2025-06-06 03:00:00,64.95,65.03,64.91,65.02,234,7,0
2025-06-06 04:00:00,65.02,65.04,64.92,64.93,396,7,0
2025-06-06 05:00:00,64.93,64.96,64.86,64.87,268,7,0
2025-06-06 06:00:00,64.87,64.94,64.84,64.93,176,7,0
2025-06-06 07:00:00,64.92,64.94,64.88,64.9,150,7,0
2025-06-06 08:00:00,64.9,64.91,64.76,64.81,274,7,0
2025-06-06 09:00:00,64.81,65.03,64.73,64.93,473,7,0
2025-06-06 10:00:00,64.93,64.93,64.57,64.71,690,7,0
2025-06-06 11:00:00,64.72,64.94,64.67,64.89,797,7,0
2025-06-06 12:00:00,64.88,64.96,64.72,64.96,631,7,0
2025-06-06 13:00:00,64.96,65.21,64.91,65.14,503,7,0
2025-06-06 14:00:00,65.15,65.15,65.0,65.02,349,7,0
2025-06-06 15:00:00,65.02,65.38,64.93,65.34,877,7,0
2025-06-06 16:00:00,65.34,66.25,65.22,66.08,2130,7,0
2025-06-06 17:00:00,66.08,66.18,65.63,65.99,1811,7,0
2025-06-06 18:00:00,65.99,66.25,65.76,66.22,1361,7,0
2025-06-06 19:00:00,66.22,66.34,66.13,66.16,745,7,0
2025-06-06 20:00:00,66.16,66.17,66.02,66.05,529,7,0
2025-06-06 21:00:00,66.04,66.29,65.96,66.26,658,7,0
2025-06-06 22:00:00,66.26,66.28,66.15,66.16,266,7,0
2025-06-06 23:00:00,66.17,66.28,66.16,66.26,153,8,0
2025-06-09 03:00:00,66.15,66.18,66.06,66.08,220,7,0
2025-06-09 04:00:00,66.08,66.14,66.03,66.11,500,7,0
2025-06-09 05:00:00,66.11,66.14,66.05,66.07,292,7,0
2025-06-09 06:00:00,66.07,66.14,66.01,66.09,250,7,0
2025-06-09 07:00:00,66.09,66.12,66.03,66.06,168,7,0
2025-06-09 08:00:00,66.06,66.11,66.01,66.06,324,7,0
2025-06-09 09:00:00,66.07,66.07,65.91,65.92,425,7,0
2025-06-09 10:00:00,65.92,66.01,65.74,65.98,494,7,0
2025-06-09 11:00:00,65.99,66.25,65.88,66.18,877,7,0
2025-06-09 12:00:00,66.18,66.33,66.15,66.28,518,7,0
2025-06-09 13:00:00,66.28,66.45,66.25,66.32,511,7,0
2025-06-09 14:00:00,66.31,66.57,66.28,66.51,442,7,0
2025-06-09 15:00:00,66.51,66.65,66.45,66.51,486,7,0
2025-06-09 16:00:00,66.51,66.52,65.97,66.08,1346,7,0
2025-06-09 17:00:00,66.08,66.51,66.05,66.5,1036,7,0
2025-06-09 18:00:00,66.51,66.7,66.45,66.54,1018,7,0
2025-06-09 19:00:00,66.54,66.54,66.25,66.41,783,7,0
2025-06-09 20:00:00,66.41,66.47,66.3,66.39,490,7,0
2025-06-09 21:00:00,66.38,66.75,66.37,66.71,592,7,0
2025-06-09 22:00:00,66.71,66.76,66.58,66.64,318,7,0
2025-06-09 23:00:00,66.65,66.74,66.6,66.6,186,8,0
2025-06-10 03:00:00,66.7,66.78,66.66,66.73,241,7,0
2025-06-10 04:00:00,66.73,66.93,66.68,66.92,659,7,0
2025-06-10 05:00:00,66.92,66.97,66.89,66.94,329,7,0
2025-06-10 06:00:00,66.94,66.96,66.74,66.79,288,7,0
2025-06-10 07:00:00,66.79,66.82,66.77,66.8,160,7,0
2025-06-10 08:00:00,66.8,66.86,66.68,66.75,503,7,0
2025-06-10 09:00:00,66.75,66.88,66.68,66.69,540,7,0
2025-06-10 10:00:00,66.7,66.85,66.54,66.64,911,7,0
2025-06-10 11:00:00,66.65,66.86,66.59,66.84,993,7,0
2025-06-10 12:00:00,66.84,67.0,66.7,66.77,649,7,0
2025-06-10 13:00:00,66.77,67.01,66.76,66.99,477,7,0
2025-06-10 14:00:00,66.99,67.07,66.86,67.06,644,7,0
2025-06-10 15:00:00,67.07,67.15,66.85,66.87,675,7,0
2025-06-10 16:00:00,66.87,67.18,66.78,67.18,1336,7,0
2025-06-10 17:00:00,67.18,67.34,67.04,67.3,1035,7,0
2025-06-10 18:00:00,67.3,67.56,67.04,67.15,1378,7,0
2025-06-10 19:00:00,67.15,67.27,66.86,66.86,906,7,0
2025-06-10 20:00:00,66.86,66.88,66.62,66.7,821,7,0
2025-06-10 21:00:00,66.7,66.74,66.09,66.2,1122,7,0
2025-06-10 22:00:00,66.19,66.39,66.14,66.34,377,7,0
2025-06-10 23:00:00,66.34,66.37,66.05,66.08,328,8,0
2025-06-11 03:00:00,66.19,66.21,66.04,66.15,324,7,0
2025-06-11 04:00:00,66.15,66.34,66.12,66.3,764,7,0
2025-06-11 05:00:00,66.3,66.31,66.2,66.24,340,7,0
2025-06-11 06:00:00,66.23,66.37,66.22,66.35,403,7,0
2025-06-11 07:00:00,66.35,66.37,66.29,66.34,210,7,0
2025-06-11 08:00:00,66.34,66.47,66.34,66.44,330,7,0
2025-06-11 09:00:00,66.44,66.51,66.25,66.31,563,7,0
2025-06-11 10:00:00,66.31,66.64,66.3,66.57,710,7,0
2025-06-11 11:00:00,66.58,66.66,66.43,66.5,940,7,0
2025-06-11 12:00:00,66.5,67.06,66.09,67.03,1919,7,0
2025-06-11 13:00:00,67.02,67.32,66.96,67.29,1205,7,0
2025-06-11 14:00:00,67.28,67.42,67.15,67.41,630,7,0
2025-06-11 15:00:00,67.41,67.7,67.17,67.59,1983,7,0
2025-06-11 16:00:00,67.59,67.68,67.3,67.68,1645,7,0
2025-06-11 17:00:00,67.68,67.84,67.42,67.54,1951,7,0
2025-06-11 18:00:00,67.54,68.0,67.34,67.96,1700,7,0
2025-06-11 19:00:00,67.96,67.97,67.8,67.92,823,7,0
2025-06-11 20:00:00,67.92,68.54,67.83,68.45,968,7,0
2025-06-11 21:00:00,68.45,69.47,68.39,69.18,3321,7,0
2025-06-11 22:00:00,69.19,69.23,68.85,68.99,1088,11,0
2025-06-11 23:00:00,68.99,69.38,68.95,69.31,529,13,0
2025-06-12 03:00:00,69.58,69.67,69.13,69.18,1596,12,0
2025-06-12 04:00:00,69.19,69.3,68.73,68.86,2025,12,0
2025-06-12 05:00:00,68.85,68.95,68.78,68.81,504,12,0
2025-06-12 06:00:00,68.81,68.95,68.65,68.9,578,12,0
2025-06-12 07:00:00,68.9,68.96,68.87,68.91,264,12,0
2025-06-12 08:00:00,68.91,68.94,68.66,68.68,395,12,0
2025-06-12 09:00:00,68.68,68.79,68.65,68.77,769,10,0
2025-06-12 10:00:00,68.77,68.8,68.33,68.43,1035,10,0
2025-06-12 11:00:00,68.44,68.68,68.39,68.61,1816,8,0
2025-06-12 12:00:00,68.61,68.64,68.16,68.27,1357,8,0
2025-06-12 13:00:00,68.27,68.33,68.12,68.21,907,8,0
2025-06-12 14:00:00,68.21,68.29,67.88,67.99,963,8,0
2025-06-12 15:00:00,67.98,68.34,67.93,68.3,1199,8,0
2025-06-12 16:00:00,68.3,68.6,68.07,68.54,2637,8,0
2025-06-12 17:00:00,68.54,68.85,68.53,68.67,1889,8,0
2025-06-12 18:00:00,68.67,69.25,68.54,69.19,3454,8,0
2025-06-12 19:00:00,69.19,69.27,68.66,68.99,2782,8,0
2025-06-12 20:00:00,68.99,69.12,68.89,69.07,1205,8,0
2025-06-12 21:00:00,69.08,69.15,68.67,68.88,1028,8,0
2025-06-12 22:00:00,68.89,69.03,68.88,69.01,278,11,0
2025-06-12 23:00:00,69.01,69.61,68.97,69.54,522,13,0
2025-06-13 03:00:00,69.87,74.33,69.81,73.51,10570,12,0
2025-06-13 04:00:00,73.51,74.29,72.94,73.73,5966,17,0
2025-06-13 05:00:00,73.73,76.25,73.61,75.23,8697,17,0
2025-06-13 06:00:00,75.25,75.4,73.72,74.17,3991,29,0
2025-06-13 07:00:00,74.17,74.99,73.62,73.65,2208,17,0
2025-06-13 08:00:00,73.66,74.29,73.35,73.4,3054,17,0
2025-06-13 09:00:00,73.4,73.7,72.22,72.28,5032,14,0
2025-06-13 10:00:00,72.28,72.9,71.42,72.39,5021,8,0
2025-06-13 11:00:00,72.41,73.67,72.4,73.32,4390,8,0
2025-06-13 12:00:00,73.32,74.06,72.78,74.05,3970,10,0
2025-06-13 13:00:00,74.06,74.63,73.75,73.95,4688,8,0
2025-06-13 14:00:00,73.95,74.0,72.98,73.36,3388,8,0
2025-06-13 15:00:00,73.36,74.0,73.22,73.85,3388,8,0
2025-06-13 16:00:00,73.84,73.97,72.9,72.97,4842,10,0
2025-06-13 17:00:00,72.97,73.53,72.03,72.28,4958,10,0
2025-06-13 18:00:00,72.28,72.86,72.18,72.49,4010,10,0
2025-06-13 19:00:00,72.49,72.62,72.1,72.57,2504,10,0
2025-06-13 20:00:00,72.58,73.62,72.53,73.52,3063,11,0
2025-06-13 21:00:00,73.52,74.15,73.04,74.14,4279,11,0
2025-06-13 22:00:00,74.13,74.27,73.2,73.39,2844,10,0
2025-06-13 23:00:00,73.38,73.96,73.37,73.58,1215,13,0
2025-06-16 03:00:00,74.61,74.65,73.87,74.0,1563,12,0
2025-06-16 04:00:00,74.0,74.06,73.2,74.05,3800,12,0
2025-06-16 05:00:00,74.05,74.17,73.65,73.92,1474,12,0
2025-06-16 06:00:00,73.92,73.97,73.55,73.8,839,12,0
2025-06-16 07:00:00,73.8,74.02,73.76,73.84,573,12,0
2025-06-16 08:00:00,73.84,73.94,73.37,73.61,1241,12,0
2025-06-16 09:00:00,73.61,73.94,73.19,73.8,1758,10,0
2025-06-16 10:00:00,73.81,73.99,72.89,73.0,2072,10,0
2025-06-16 11:00:00,73.01,73.17,72.62,72.71,2868,10,0
2025-06-16 12:00:00,72.7,72.95,72.5,72.77,1592,10,0
2025-06-16 13:00:00,72.77,73.1,72.34,72.34,1400,10,0
2025-06-16 14:00:00,72.34,72.88,72.32,72.34,1638,10,0
2025-06-16 15:00:00,72.34,72.57,71.73,72.01,2878,8,0
2025-06-16 16:00:00,72.01,72.8,70.43,70.53,6971,8,0
2025-06-16 17:00:00,70.54,71.18,69.84,70.6,7118,10,0
2025-06-16 18:00:00,70.61,71.73,70.58,71.68,4806,8,0
2025-06-16 19:00:00,71.68,72.27,71.38,72.23,2804,8,0
2025-06-16 20:00:00,72.24,72.38,71.69,72.04,2206,8,0
2025-06-16 21:00:00,72.04,72.46,71.84,71.9,2265,8,0
2025-06-16 22:00:00,71.9,72.09,71.86,72.02,705,8,0
2025-06-16 23:00:00,72.03,72.13,71.88,72.01,540,9,0
2025-06-17 03:00:00,73.34,73.8,72.53,72.68,3495,12,0
2025-06-17 04:00:00,72.69,72.85,72.15,72.84,2344,12,0
2025-06-17 05:00:00,72.85,73.61,72.55,72.92,3830,12,0
2025-06-17 06:00:00,72.93,72.99,72.41,72.54,1825,12,0
2025-06-17 07:00:00,72.53,72.88,72.53,72.84,640,12,0
2025-06-17 08:00:00,72.84,73.02,72.57,72.65,1147,12,0
2025-06-17 09:00:00,72.65,72.66,71.74,71.94,1952,10,0
2025-06-17 10:00:00,71.94,73.5,71.93,73.14,2434,10,0
2025-06-17 11:00:00,73.14,73.4,72.7,73.24,2661,10,0
2025-06-17 12:00:00,73.25,73.53,72.94,73.35,1978,10,0
2025-06-17 13:00:00,73.34,73.71,73.23,73.57,1418,10,0
2025-06-17 14:00:00,73.57,73.94,73.38,73.78,1677,8,0
2025-06-17 15:00:00,73.79,73.94,73.25,73.53,2174,8,0
2025-06-17 16:00:00,73.53,74.4,73.04,74.25,4382,8,0
2025-06-17 17:00:00,74.24,74.59,73.9,74.06,3658,8,0
2025-06-17 18:00:00,74.06,74.46,73.61,74.06,4232,8,0
2025-06-17 19:00:00,74.06,74.74,73.84,74.33,3951,8,0
2025-06-17 20:00:00,74.33,75.0,74.21,74.87,2125,8,0
2025-06-17 21:00:00,74.87,75.71,74.77,75.56,2784,8,0
2025-06-17 22:00:00,75.56,75.68,75.02,75.27,2026,8,0
2025-06-17 23:00:00,75.27,75.82,75.11,75.53,1562,9,0
2025-06-18 03:00:00,75.56,75.64,75.12,75.37,1298,12,0
2025-06-18 04:00:00,75.37,75.39,74.96,75.04,1503,12,0
2025-06-18 05:00:00,75.03,75.49,74.96,75.47,931,12,0
2025-06-18 06:00:00,75.45,75.57,75.24,75.42,935,12,0
2025-06-18 07:00:00,75.42,75.49,75.14,75.15,515,12,0
2025-06-18 08:00:00,75.16,75.18,74.57,75.07,1435,12,0
2025-06-18 09:00:00,75.07,75.23,74.49,75.06,2350,10,0
2025-06-18 10:00:00,75.06,75.19,74.6,74.79,2116,10,0
2025-06-18 11:00:00,74.8,75.08,74.28,74.33,2273,10,0
2025-06-18 12:00:00,74.33,74.6,74.11,74.59,2299,10,0
2025-06-18 13:00:00,74.59,75.5,74.56,75.3,2801,8,0
2025-06-18 14:00:00,75.29,75.54,75.07,75.31,1758,8,0
2025-06-18 15:00:00,75.31,75.63,75.22,75.4,2000,8,0
2025-06-18 16:00:00,75.4,76.1,75.32,76.03,3882,8,0
2025-06-18 17:00:00,76.03,76.08,73.31,73.99,10937,8,0
2025-06-18 18:00:00,73.98,74.64,73.71,74.38,3707,8,0
2025-06-18 19:00:00,74.38,74.82,73.95,74.81,2978,8,0
2025-06-18 20:00:00,74.81,75.37,74.76,75.11,2150,8,0
2025-06-18 21:00:00,75.11,75.68,74.99,75.53,2108,8,0
2025-06-18 22:00:00,75.53,75.84,74.18,75.13,3698,8,0
2025-06-18 23:00:00,75.13,75.43,74.81,74.92,1062,13,0
2025-06-19 03:00:00,75.13,75.23,74.59,74.65,674,12,0
2025-06-19 04:00:00,74.65,75.46,74.39,74.97,2392,12,0
2025-06-19 05:00:00,74.97,75.28,74.9,75.19,828,12,0
2025-06-19 06:00:00,75.2,75.25,75.07,75.16,456,12,0
2025-06-19 07:00:00,75.16,75.26,75.05,75.24,425,12,0
2025-06-19 08:00:00,75.24,75.8,75.2,75.44,1048,12,0
2025-06-19 09:00:00,75.44,76.15,75.37,76.14,1447,10,0
2025-06-19 10:00:00,76.14,76.29,75.49,75.72,2059,10,0
2025-06-19 11:00:00,75.73,75.91,75.5,75.63,2607,8,0
2025-06-19 12:00:00,75.63,75.91,75.28,75.52,1761,8,0
2025-06-19 13:00:00,75.52,76.02,75.4,75.96,1627,8,0
2025-06-19 14:00:00,75.96,76.34,75.88,76.31,1238,8,0
2025-06-19 15:00:00,76.31,76.36,76.08,76.13,1489,8,0
2025-06-19 16:00:00,76.13,76.8,76.02,76.5,3219,8,0
2025-06-19 17:00:00,76.49,77.1,76.33,76.97,2817,8,0
2025-06-19 18:00:00,76.97,77.48,76.44,76.9,4605,8,0
2025-06-19 19:00:00,76.9,77.42,76.68,77.37,2484,7,0
2025-06-19 20:00:00,77.38,77.39,76.94,77.01,750,8,0
2025-06-20 03:00:00,75.92,76.18,75.56,75.92,1728,12,0
2025-06-20 04:00:00,75.92,76.06,75.33,75.41,1646,12,0
2025-06-20 05:00:00,75.41,75.67,75.33,75.55,1162,12,0
2025-06-20 06:00:00,75.55,75.62,75.44,75.52,675,12,0
2025-06-20 07:00:00,75.52,75.83,75.52,75.75,603,12,0
2025-06-20 08:00:00,75.74,75.93,74.85,75.0,1169,12,0
2025-06-20 09:00:00,75.0,75.57,75.0,75.47,1656,10,0
2025-06-20 10:00:00,75.47,75.72,75.17,75.66,1980,8,0
2025-06-20 11:00:00,75.66,76.0,75.64,75.71,2391,8,0
2025-06-20 12:00:00,75.7,76.01,75.56,75.65,1616,8,0
2025-06-20 13:00:00,75.65,75.81,75.33,75.72,1379,7,0
2025-06-20 14:00:00,75.72,75.87,74.21,74.97,3591,8,0
2025-06-20 15:00:00,74.96,75.24,74.66,75.04,2687,8,0
2025-06-20 16:00:00,75.04,75.28,74.69,74.99,3723,8,0
2025-06-20 17:00:00,74.99,75.57,74.97,75.47,3036,8,0
2025-06-20 18:00:00,75.47,75.53,75.03,75.47,3190,8,0
2025-06-20 19:00:00,75.47,75.58,75.0,75.37,1793,8,0
2025-06-20 20:00:00,75.37,75.82,75.03,75.8,2694,8,0
2025-06-20 21:00:00,75.8,75.8,75.25,75.71,1929,8,0
2025-06-20 22:00:00,75.71,75.96,75.67,75.81,839,8,0
2025-06-20 23:00:00,75.81,75.9,75.79,75.82,374,9,0
2025-06-23 03:00:00,77.3,77.76,77.27,77.52,1356,12,0
2025-06-23 04:00:00,77.51,77.66,76.63,76.92,2459,12,0
2025-06-23 05:00:00,76.92,77.12,76.72,76.9,1253,12,0
2025-06-23 06:00:00,76.89,77.02,76.6,76.94,816,12,0
2025-06-23 07:00:00,76.94,77.03,76.56,76.57,486,12,0
2025-06-23 08:00:00,76.57,76.83,76.23,76.77,1220,12,0
2025-06-23 09:00:00,76.77,76.85,76.47,76.64,1465,10,0
2025-06-23 10:00:00,76.64,76.73,75.67,75.92,2664,10,0
2025-06-23 11:00:00,75.93,75.99,75.03,75.55,3188,10,0
2025-06-23 12:00:00,75.55,76.17,75.55,76.15,1668,7,0
2025-06-23 13:00:00,76.15,76.62,75.93,76.4,2061,8,0
2025-06-23 14:00:00,76.4,76.69,76.1,76.16,1455,8,0
2025-06-23 15:00:00,76.16,76.19,75.27,75.6,2275,8,0
2025-06-23 16:00:00,75.61,76.3,75.27,75.58,5204,8,0
2025-06-23 17:00:00,75.57,75.61,74.59,74.99,4604,8,0
2025-06-23 18:00:00,74.99,76.06,74.89,75.68,3698,8,0
2025-06-23 19:00:00,75.68,76.22,73.56,74.16,7104,8,0
2025-06-23 20:00:00,74.17,74.19,71.0,71.26,10794,11,0
2025-06-23 21:00:00,71.28,71.49,70.27,70.59,6226,11,0
2025-06-23 22:00:00,70.58,70.9,69.97,69.97,1951,11,0
2025-06-23 23:00:00,69.97,70.01,68.63,69.11,2529,13,0
2025-06-24 03:00:00,67.77,68.54,67.38,68.06,3392,12,0
2025-06-24 04:00:00,68.07,68.7,68.02,68.51,2800,12,0
2025-06-24 05:00:00,68.51,69.35,68.48,69.01,2750,12,0
2025-06-24 06:00:00,69.01,69.12,68.43,69.05,1490,12,0
2025-06-24 07:00:00,69.04,69.12,68.6,68.75,844,12,0
2025-06-24 08:00:00,68.79,68.82,67.83,67.99,1334,12,0
2025-06-24 09:00:00,67.99,68.02,66.7,67.5,3468,10,0
2025-06-24 10:00:00,67.51,68.88,67.51,68.36,4558,8,0
2025-06-24 11:00:00,68.37,68.86,67.84,68.16,4097,8,0
2025-06-24 12:00:00,68.16,68.4,67.9,68.22,2382,7,0
2025-06-24 13:00:00,68.22,68.73,68.09,68.49,2071,8,0
2025-06-24 14:00:00,68.49,68.63,67.77,67.97,2678,8,0
2025-06-24 15:00:00,67.97,68.03,67.32,67.75,2759,8,0
2025-06-24 16:00:00,67.75,68.31,66.81,67.41,6432,8,0
2025-06-24 17:00:00,67.41,67.44,66.62,67.12,3860,8,0
2025-06-24 18:00:00,67.13,67.3,66.37,66.43,3175,8,0
2025-06-24 19:00:00,66.43,66.58,65.93,66.11,2029,8,0
2025-06-24 20:00:00,66.11,66.75,66.1,66.67,1260,8,0
2025-06-24 21:00:00,66.68,66.71,66.11,66.5,1877,8,0
2025-06-24 22:00:00,66.5,66.92,66.31,66.73,831,8,0
2025-06-24 23:00:00,66.73,66.91,66.69,66.71,438,9,0
2025-06-25 03:00:00,66.86,66.92,66.75,66.78,323,12,0
2025-06-25 04:00:00,66.78,67.09,66.78,66.99,847,12,0
2025-06-25 05:00:00,66.99,67.09,66.84,66.89,531,12,0
2025-06-25 06:00:00,66.89,67.08,66.86,66.92,376,12,0
2025-06-25 07:00:00,66.93,67.03,66.81,66.87,206,12,0
2025-06-25 08:00:00,66.88,67.2,66.79,67.18,526,12,0
2025-06-25 09:00:00,67.18,67.3,66.97,67.21,805,10,0
2025-06-25 10:00:00,67.21,67.37,67.14,67.2,1330,10,0
2025-06-25 11:00:00,67.21,67.23,66.76,66.97,1923,10,0
2025-06-25 12:00:00,66.96,67.01,66.57,66.82,1302,10,0
2025-06-25 13:00:00,66.81,66.81,66.48,66.64,821,10,0
2025-06-25 14:00:00,66.66,66.68,66.19,66.43,1151,10,0
2025-06-25 15:00:00,66.43,66.69,66.16,66.66,1338,8,0
2025-06-25 16:00:00,66.65,66.91,66.36,66.53,2163,8,0
2025-06-25 17:00:00,66.53,67.12,66.39,66.84,3614,8,0
2025-06-25 18:00:00,66.84,67.16,66.83,67.05,2400,8,0
2025-06-25 19:00:00,67.05,67.45,66.96,67.12,1561,8,0
2025-06-25 20:00:00,67.12,67.25,66.74,66.77,1288,8,0
2025-06-25 21:00:00,66.77,66.86,66.33,66.7,1598,8,0
2025-06-25 22:00:00,66.69,66.73,66.53,66.62,452,8,0
2025-06-25 23:00:00,66.62,66.63,66.25,66.25,267,9,0
2025-06-26 03:00:00,66.39,66.56,66.31,66.51,289,9,0
2025-06-26 04:00:00,66.52,66.7,66.47,66.67,821,9,0
2025-06-26 05:00:00,66.68,66.83,66.62,66.7,446,9,0
2025-06-26 06:00:00,66.69,66.71,66.54,66.64,309,9,0
2025-06-26 07:00:00,66.64,66.71,66.6,66.66,155,9,0
2025-06-26 08:00:00,66.66,66.71,66.6,66.65,405,9,0
2025-06-26 09:00:00,66.64,66.98,66.58,66.93,792,8,0
2025-06-26 10:00:00,66.92,66.92,66.4,66.55,886,8,0
2025-06-26 11:00:00,66.56,66.63,66.26,66.3,1313,8,0
2025-06-26 12:00:00,66.3,66.62,66.15,66.52,1137,8,0
2025-06-26 13:00:00,66.53,66.85,66.51,66.76,1061,8,0
2025-06-26 14:00:00,66.75,66.81,66.6,66.78,822,8,0
2025-06-26 15:00:00,66.78,66.88,66.4,66.47,1146,8,0
2025-06-26 16:00:00,66.48,67.03,66.43,66.79,2540,8,0
2025-06-26 17:00:00,66.79,67.42,66.73,67.39,2210,8,0
2025-06-26 18:00:00,67.39,67.68,67.16,67.2,2232,8,0
2025-06-26 19:00:00,67.2,67.44,67.1,67.36,1182,8,0
2025-06-26 20:00:00,67.36,67.38,66.76,66.79,2294,8,0
2025-06-26 21:00:00,66.8,66.84,66.38,66.61,1376,8,0
2025-06-26 22:00:00,66.61,66.84,66.59,66.78,512,8,0
2025-06-26 23:00:00,66.78,66.88,66.49,66.5,282,9,0
2025-06-27 03:00:00,66.7,66.77,66.65,66.76,261,9,0
2025-06-27 04:00:00,66.77,67.0,66.77,66.97,543,9,0
2025-06-27 05:00:00,66.96,67.05,66.91,66.97,291,9,0
2025-06-27 06:00:00,66.97,67.0,66.85,66.86,240,9,0
2025-06-27 07:00:00,66.86,67.02,66.85,66.95,159,9,0
2025-06-27 08:00:00,66.95,67.07,66.92,67.01,325,9,0
2025-06-27 09:00:00,67.01,67.1,66.87,66.93,591,8,0
2025-06-27 10:00:00,66.95,67.17,66.86,66.94,908,8,0
2025-06-27 11:00:00,66.96,67.18,66.89,67.1,1135,8,0
2025-06-27 12:00:00,67.11,67.16,66.91,66.94,801,8,0
2025-06-27 13:00:00,66.94,67.08,66.58,66.6,666,8,0
2025-06-27 14:00:00,66.6,67.05,66.6,66.98,795,8,0
2025-06-27 15:00:00,66.97,67.04,66.69,66.79,931,8,0
2025-06-27 16:00:00,66.79,67.1,66.78,66.99,1818,8,0
2025-06-27 17:00:00,67.0,67.04,66.75,66.94,1422,8,0
2025-06-27 18:00:00,66.94,67.17,66.01,66.4,3406,8,0
2025-06-27 19:00:00,66.41,66.51,66.24,66.44,1632,8,0
2025-06-27 20:00:00,66.44,66.77,66.33,66.74,1258,8,0
2025-06-27 21:00:00,66.74,66.82,66.47,66.51,1055,8,0
2025-06-27 22:00:00,66.5,66.51,66.28,66.33,317,8,0
2025-06-27 23:00:00,66.33,66.41,66.23,66.24,286,9,0
2025-06-30 03:00:00,66.02,66.04,65.76,65.91,379,9,0
2025-06-30 04:00:00,65.9,66.11,65.89,66.08,855,9,0
2025-06-30 05:00:00,66.08,66.53,66.07,66.45,877,9,0
2025-06-30 06:00:00,66.45,66.5,66.37,66.41,291,9,0
2025-06-30 07:00:00,66.42,66.52,66.39,66.46,165,9,0
2025-06-30 08:00:00,66.46,66.7,66.45,66.68,320,9,0
2025-06-30 09:00:00,66.68,66.69,66.35,66.37,588,8,0
2025-06-30 10:00:00,66.36,66.65,66.27,66.44,852,8,0
2025-06-30 11:00:00,66.45,67.03,66.42,66.71,1123,8,0
2025-06-30 12:00:00,66.71,66.87,66.36,66.55,975,8,0
2025-06-30 13:00:00,66.56,66.68,66.43,66.5,762,8,0
2025-06-30 14:00:00,66.51,66.63,66.43,66.6,813,8,0
2025-06-30 15:00:00,66.6,66.73,66.54,66.64,819,8,0
2025-06-30 16:00:00,66.64,66.75,66.34,66.65,1945,8,0
2025-06-30 17:00:00,66.64,66.74,66.23,66.28,1586,8,0
2025-06-30 18:00:00,66.28,66.43,66.11,66.32,1548,8,0
2025-06-30 19:00:00,66.32,66.6,66.26,66.6,1103,8,0
2025-06-30 20:00:00,66.6,66.67,66.39,66.42,859,8,0
2025-06-30 21:00:00,66.42,66.63,66.34,66.48,801,8,0
2025-06-30 22:00:00,66.48,66.51,66.34,66.48,301,8,0
2025-06-30 23:00:00,66.48,66.57,66.29,66.31,237,9,0
2025-07-01 03:00:00,66.38,66.44,66.3,66.37,212,9,0
2025-07-01 04:00:00,66.37,66.41,66.23,66.25,435,9,0
2025-07-01 05:00:00,66.25,66.27,66.14,66.24,327,9,0
2025-07-01 06:00:00,66.26,66.28,66.16,66.21,220,9,0
2025-07-01 07:00:00,66.21,66.29,66.19,66.24,130,9,0
2025-07-01 08:00:00,66.24,66.36,66.2,66.36,277,9,0
2025-07-01 09:00:00,66.36,66.73,66.36,66.69,597,8,0
2025-07-01 10:00:00,66.69,66.73,66.19,66.58,919,8,0
2025-07-01 11:00:00,66.58,66.76,66.5,66.54,957,8,0
2025-07-01 12:00:00,66.54,66.63,66.33,66.38,835,8,0
2025-07-01 13:00:00,66.39,67.28,66.37,67.17,908,8,0
2025-07-01 14:00:00,67.17,67.2,66.93,67.05,795,8,0
2025-07-01 15:00:00,67.05,67.21,66.84,67.16,929,8,0
2025-07-01 16:00:00,67.15,67.2,66.68,66.75,1693,8,0
2025-07-01 17:00:00,66.73,66.87,66.47,66.6,1417,8,0
2025-07-01 18:00:00,66.6,67.03,66.57,67.03,1944,8,0
2025-07-01 19:00:00,67.03,67.1,66.84,67.02,1030,8,0
2025-07-01 20:00:00,67.02,67.05,66.84,66.93,680,8,0
2025-07-01 21:00:00,66.93,67.06,66.82,67.04,736,8,0
2025-07-01 22:00:00,67.04,67.18,66.98,67.16,366,8,0
2025-07-01 23:00:00,67.16,67.23,66.9,66.9,260,9,0
2025-07-02 03:00:00,66.89,67.04,66.85,66.85,288,9,0
2025-07-02 04:00:00,66.85,66.95,66.82,66.92,436,9,0
2025-07-02 05:00:00,66.93,67.01,66.91,66.92,227,9,0
2025-07-02 06:00:00,66.92,66.92,66.84,66.9,185,9,0
2025-07-02 07:00:00,66.9,66.95,66.88,66.95,100,9,0
2025-07-02 08:00:00,66.95,67.04,66.86,67.01,323,9,0
2025-07-02 09:00:00,67.01,67.04,66.73,66.8,425,8,0
2025-07-02 10:00:00,66.81,67.24,66.71,67.19,683,8,0
2025-07-02 11:00:00,67.2,67.24,66.89,67.18,1216,8,0
2025-07-02 12:00:00,67.19,67.49,67.13,67.37,829,8,0
2025-07-02 13:00:00,67.36,67.71,67.31,67.64,653,8,0
2025-07-02 14:00:00,67.64,67.85,67.64,67.72,554,8,0
2025-07-02 15:00:00,67.73,67.73,67.42,67.5,779,8,0
2025-07-02 16:00:00,67.49,67.59,67.16,67.2,1273,8,0
2025-07-02 17:00:00,67.2,67.32,66.92,67.25,2164,8,0
2025-07-02 18:00:00,67.26,68.13,67.21,67.95,2037,8,0
2025-07-02 19:00:00,67.95,68.22,67.76,68.21,1069,8,0
2025-07-02 20:00:00,68.22,68.9,68.19,68.85,1252,8,0
2025-07-02 21:00:00,68.84,68.91,68.56,68.67,1327,8,0
2025-07-02 22:00:00,68.67,68.81,68.58,68.6,308,8,0
2025-07-02 23:00:00,68.6,68.8,68.58,68.71,298,9,0
2025-07-03 03:00:00,68.57,68.64,68.47,68.47,250,9,0
2025-07-03 04:00:00,68.49,68.5,68.13,68.16,622,9,0
2025-07-03 05:00:00,68.16,68.21,68.06,68.19,277,9,0
2025-07-03 06:00:00,68.18,68.29,68.14,68.27,237,9,0
2025-07-03 07:00:00,68.27,68.31,68.23,68.26,162,9,0
2025-07-03 08:00:00,68.26,68.3,68.16,68.21,334,9,0
2025-07-03 09:00:00,68.21,68.38,68.14,68.22,756,8,0
2025-07-03 10:00:00,68.22,68.29,67.99,68.16,797,8,0
2025-07-03 11:00:00,68.17,68.36,67.99,68.27,1195,8,0
2025-07-03 12:00:00,68.27,68.32,68.02,68.19,806,7,0
2025-07-03 13:00:00,68.19,68.64,68.19,68.6,757,7,0
2025-07-03 14:00:00,68.59,68.77,68.46,68.68,599,7,0
2025-07-03 15:00:00,68.68,68.71,68.41,68.63,1237,7,0
2025-07-03 16:00:00,68.62,68.62,68.31,68.49,1466,7,0
2025-07-03 17:00:00,68.49,68.78,67.98,68.36,2128,7,0
2025-07-03 18:00:00,68.36,68.43,68.02,68.38,1947,7,0
2025-07-03 19:00:00,68.38,68.4,68.19,68.3,895,7,0
2025-07-03 20:00:00,68.3,68.52,68.28,68.41,686,7,0
2025-07-03 21:00:00,68.4,68.55,68.31,68.53,925,7,0
2025-07-03 22:00:00,68.53,68.64,68.53,68.59,233,7,0
2025-07-03 23:00:00,68.59,68.61,68.41,68.42,119,8,0
2025-07-04 03:00:00,68.46,68.47,68.33,68.43,185,12,0
2025-07-04 04:00:00,68.42,68.47,68.17,68.17,339,12,0
2025-07-04 05:00:00,68.17,68.21,68.08,68.08,216,12,0
2025-07-04 06:00:00,68.08,68.14,68.01,68.12,161,12,0
2025-07-04 07:00:00,68.13,68.25,68.1,68.24,124,12,0
2025-07-04 08:00:00,68.24,68.33,68.17,68.25,248,12,0
2025-07-04 09:00:00,68.25,68.27,67.97,68.04,456,10,0
2025-07-04 10:00:00,68.04,68.4,68.04,68.31,605,8,0
2025-07-04 11:00:00,68.32,68.32,67.84,67.9,1018,8,0
2025-07-04 12:00:00,67.9,67.95,67.4,67.66,1145,8,0
2025-07-04 13:00:00,67.66,67.92,67.63,67.89,538,8,0
2025-07-04 14:00:00,67.88,67.95,67.78,67.91,517,8,0
2025-07-04 15:00:00,67.91,68.04,67.83,67.86,572,8,0
2025-07-04 16:00:00,67.85,67.89,67.64,67.8,1068,8,0
2025-07-04 17:00:00,67.8,67.97,67.73,67.96,807,8,0
2025-07-04 18:00:00,67.96,68.1,67.72,67.85,986,7,0
2025-07-04 19:00:00,67.85,67.93,67.75,67.88,422,8,0
2025-07-07 03:00:00,67.31,67.31,66.92,67.29,575,9,0
2025-07-07 04:00:00,67.28,67.36,66.92,67.24,1047,9,0
2025-07-07 05:00:00,67.24,67.39,67.16,67.31,414,9,0
2025-07-07 06:00:00,67.32,67.46,67.27,67.36,261,9,0
2025-07-07 07:00:00,67.36,67.61,67.34,67.55,273,9,0
2025-07-07 08:00:00,67.55,67.67,67.53,67.58,406,9,0
2025-07-07 09:00:00,67.58,67.75,67.55,67.74,555,8,0
2025-07-07 10:00:00,67.75,67.9,67.6,67.86,863,8,0
2025-07-07 11:00:00,67.87,68.26,67.48,68.18,1933,8,0
2025-07-07 12:00:00,68.18,68.38,67.99,68.36,1066,8,0
2025-07-07 13:00:00,68.36,68.38,68.18,68.23,722,8,0
2025-07-07 14:00:00,68.23,68.33,68.14,68.24,513,8,0
2025-07-07 15:00:00,68.24,68.52,68.13,68.37,800,8,0
2025-07-07 16:00:00,68.37,68.76,68.24,68.48,1891,8,0
2025-07-07 17:00:00,68.49,68.94,68.29,68.72,1673,8,0
2025-07-07 18:00:00,68.72,68.8,68.51,68.78,1383,8,0
2025-07-07 19:00:00,68.78,69.17,68.42,68.95,1547,8,0
2025-07-07 20:00:00,68.94,68.98,68.7,68.78,1146,8,0
2025-07-07 21:00:00,68.78,69.49,68.6,69.25,1741,8,0
2025-07-07 22:00:00,69.25,69.31,69.15,69.17,311,8,0
2025-07-07 23:00:00,69.17,69.27,68.99,69.0,237,9,0
2025-07-08 03:00:00,68.94,69.0,68.74,68.79,302,9,0
2025-07-08 04:00:00,68.79,68.82,68.57,68.78,534,9,0
2025-07-08 05:00:00,68.78,68.85,68.63,68.82,347,9,0
2025-07-08 06:00:00,68.82,68.89,68.78,68.8,246,9,0
2025-07-08 07:00:00,68.81,68.81,68.75,68.76,174,9,0
2025-07-08 08:00:00,68.76,68.98,68.67,68.88,423,9,0
2025-07-08 09:00:00,68.88,68.95,68.72,68.72,557,8,0
2025-07-08 10:00:00,68.72,69.11,68.72,68.77,911,8,0
2025-07-08 11:00:00,68.77,68.89,68.64,68.7,1103,8,0
2025-07-08 12:00:00,68.71,68.95,68.65,68.7,805,8,0
2025-07-08 13:00:00,68.7,69.09,68.69,69.06,614,8,0
2025-07-08 14:00:00,69.06,69.16,68.98,69.09,630,8,0
2025-07-08 15:00:00,69.09,69.24,68.98,69.17,628,8,0
2025-07-08 16:00:00,69.18,69.21,68.87,69.11,1340,8,0
2025-07-08 17:00:00,69.11,69.49,68.86,69.43,1582,8,0
2025-07-08 18:00:00,69.43,69.78,69.34,69.72,1290,8,0
2025-07-08 19:00:00,69.72,69.99,69.62,69.97,1047,8,0
2025-07-08 20:00:00,69.97,70.16,69.81,69.87,856,7,0
2025-07-08 21:00:00,69.86,69.87,69.6,69.69,702,8,0
2025-07-08 22:00:00,69.69,69.8,69.59,69.62,303,8,0
2025-07-08 23:00:00,69.62,69.69,69.39,69.4,350,9,0
2025-07-09 03:00:00,69.35,69.49,69.31,69.47,265,9,0
2025-07-09 04:00:00,69.48,69.5,69.36,69.46,536,9,0
2025-07-09 05:00:00,69.47,69.51,69.4,69.42,357,9,0
2025-07-09 06:00:00,69.42,69.55,69.42,69.53,254,9,0
2025-07-09 07:00:00,69.53,69.54,69.43,69.43,142,9,0
2025-07-09 08:00:00,69.43,69.47,69.36,69.43,281,9,0
2025-07-09 09:00:00,69.43,69.55,69.36,69.52,568,8,0
2025-07-09 10:00:00,69.52,69.94,69.52,69.91,675,8,0
2025-07-09 11:00:00,69.91,70.14,69.88,70.11,869,8,0
2025-07-09 12:00:00,70.12,70.12,69.78,69.85,838,8,0
2025-07-09 13:00:00,69.85,69.89,69.65,69.74,724,8,0
2025-07-09 14:00:00,69.74,69.8,69.64,69.75,615,8,0
2025-07-09 15:00:00,69.75,69.86,69.47,69.63,865,8,0
2025-07-09 16:00:00,69.62,69.62,69.06,69.24,1843,8,0
2025-07-09 17:00:00,69.24,69.65,69.08,69.58,2159,8,0
2025-07-09 18:00:00,69.58,69.89,69.52,69.87,1392,8,0
2025-07-09 19:00:00,69.87,69.97,69.61,69.92,813,8,0
2025-07-09 20:00:00,69.91,70.02,69.75,69.83,584,8,0
2025-07-09 21:00:00,69.83,69.84,69.52,69.55,645,7,0
2025-07-09 22:00:00,69.55,69.61,69.49,69.54,321,7,0
2025-07-09 23:00:00,69.54,69.6,69.45,69.45,181,8,0
2025-07-10 03:00:00,69.38,69.41,69.3,69.36,230,7,0
2025-07-10 04:00:00,69.36,69.6,69.36,69.48,367,7,0
2025-07-10 05:00:00,69.48,69.6,69.46,69.57,241,7,0
2025-07-10 06:00:00,69.57,69.6,69.5,69.56,201,7,0
2025-07-10 07:00:00,69.56,69.72,69.53,69.7,191,7,0
2025-07-10 08:00:00,69.7,69.72,69.6,69.63,246,7,0
2025-07-10 09:00:00,69.63,69.8,69.55,69.65,622,7,0
2025-07-10 10:00:00,69.65,69.75,69.47,69.55,825,7,0
2025-07-10 11:00:00,69.56,69.7,69.24,69.36,1165,7,0
2025-07-10 12:00:00,69.36,69.5,69.32,69.37,911,7,0
2025-07-10 13:00:00,69.37,69.5,69.3,69.43,538,7,0
2025-07-10 14:00:00,69.43,69.88,68.78,68.94,2231,7,0
2025-07-10 15:00:00,68.93,69.24,68.93,69.12,999,7,0
2025-07-10 16:00:00,69.11,69.2,68.13,68.35,3412,7,0
2025-07-10 17:00:00,68.35,68.75,68.34,68.5,1673,7,0
2025-07-10 18:00:00,68.5,68.57,68.01,68.1,1576,7,0
2025-07-10 19:00:00,68.1,68.43,68.09,68.24,847,7,0
2025-07-10 20:00:00,68.24,68.32,68.07,68.17,728,7,0
2025-07-10 21:00:00,68.17,68.42,67.99,68.31,957,7,0
2025-07-10 22:00:00,68.31,68.35,68.27,68.33,274,7,0
2025-07-10 23:00:00,68.33,68.33,68.12,68.13,206,8,0
2025-07-11 03:00:00,68.18,68.28,68.0,68.02,488,9,0
2025-07-11 04:00:00,68.01,68.48,67.98,68.43,530,12,0
2025-07-11 05:00:00,68.43,68.45,68.21,68.22,260,9,0
2025-07-11 06:00:00,68.22,68.3,68.13,68.24,279,9,0
2025-07-11 07:00:00,68.25,68.26,68.05,68.07,184,9,0
2025-07-11 08:00:00,68.07,68.32,68.07,68.22,390,9,0
2025-07-11 09:00:00,68.22,68.55,68.2,68.44,579,8,0
2025-07-11 10:00:00,68.43,68.48,68.18,68.22,864,8,0
2025-07-11 11:00:00,68.22,68.39,67.95,68.02,1360,8,0
2025-07-11 12:00:00,68.02,68.3,67.99,68.19,990,7,0
2025-07-11 13:00:00,68.18,68.48,68.16,68.38,944,7,0
2025-07-11 14:00:00,68.36,68.88,68.34,68.84,781,7,0
2025-07-11 15:00:00,68.83,68.85,68.62,68.68,989,7,0
2025-07-11 16:00:00,68.68,69.28,68.62,69.05,1709,7,0
2025-07-11 17:00:00,69.05,69.58,68.98,69.49,1812,7,0
2025-07-11 18:00:00,69.49,69.84,69.49,69.81,1281,7,0
2025-07-11 19:00:00,69.81,69.82,69.53,69.59,963,7,0
2025-07-11 20:00:00,69.59,69.8,69.55,69.79,596,7,0
2025-07-11 21:00:00,69.79,69.89,69.59,69.86,860,7,0
2025-07-11 22:00:00,69.86,69.95,69.82,69.93,319,6,0
2025-07-11 23:00:00,69.93,70.02,69.83,69.92,272,7,0
2025-07-14 03:00:00,69.79,69.86,69.68,69.8,306,9,0
2025-07-14 04:00:00,69.8,69.85,69.64,69.69,513,9,0
2025-07-14 05:00:00,69.69,69.76,69.65,69.75,309,9,0
2025-07-14 06:00:00,69.76,69.81,69.72,69.79,207,9,0
2025-07-14 07:00:00,69.79,69.86,69.76,69.83,131,9,0
2025-07-14 08:00:00,69.82,69.84,69.74,69.75,294,9,0
2025-07-14 09:00:00,69.75,69.91,69.7,69.84,537,8,0
2025-07-14 10:00:00,69.84,70.52,69.64,70.36,1236,8,0
2025-07-14 11:00:00,70.37,70.43,70.11,70.21,1159,8,0
2025-07-14 12:00:00,70.2,70.52,70.03,70.51,700,7,0
2025-07-14 13:00:00,70.51,70.76,70.51,70.59,700,8,0
2025-07-14 14:00:00,70.57,70.68,70.38,70.63,708,8,0
2025-07-14 15:00:00,70.63,70.76,70.26,70.29,970,8,0
2025-07-14 16:00:00,70.29,70.31,69.51,69.57,2493,8,0
2025-07-14 17:00:00,69.57,69.66,69.28,69.37,1613,8,0
2025-07-14 18:00:00,69.37,69.55,68.67,68.81,3355,8,0
2025-07-14 19:00:00,68.81,69.0,68.77,68.89,1133,8,0
2025-07-14 20:00:00,68.89,68.97,68.55,68.57,775,8,0
2025-07-14 21:00:00,68.58,68.78,68.51,68.66,941,8,0
2025-07-14 22:00:00,68.66,68.79,68.52,68.58,360,8,0
2025-07-14 23:00:00,68.58,68.59,68.34,68.34,196,9,0
2025-07-15 03:00:00,68.5,68.52,68.34,68.37,259,9,0
2025-07-15 04:00:00,68.37,68.49,68.29,68.44,611,9,0
2025-07-15 05:00:00,68.44,68.45,68.28,68.32,344,9,0
2025-07-15 06:00:00,68.32,68.32,68.2,68.26,238,9,0
2025-07-15 07:00:00,68.25,68.28,68.17,68.25,150,9,0
2025-07-15 08:00:00,68.26,68.48,68.25,68.39,442,9,0
2025-07-15 09:00:00,68.39,68.49,68.08,68.2,748,8,0
2025-07-15 10:00:00,68.2,68.21,68.01,68.13,832,8,0
2025-07-15 11:00:00,68.13,68.34,68.05,68.31,1080,8,0
2025-07-15 12:00:00,68.31,68.73,68.24,68.32,955,8,0
2025-07-15 13:00:00,68.32,68.46,68.2,68.44,697,8,0
2025-07-15 14:00:00,68.44,68.67,68.34,68.63,822,8,0
2025-07-15 15:00:00,68.63,68.8,68.5,68.53,1341,7,0
2025-07-15 16:00:00,68.53,68.75,68.32,68.4,2090,7,0
2025-07-15 17:00:00,68.4,68.58,68.17,68.42,1645,7,0
2025-07-15 18:00:00,68.42,68.77,68.13,68.27,2118,7,0
2025-07-15 19:00:00,68.27,68.4,68.02,68.03,1020,7,0
2025-07-15 20:00:00,68.02,68.22,68.02,68.13,830,7,0
2025-07-15 21:00:00,68.13,68.23,68.04,68.18,734,7,0
2025-07-15 22:00:00,68.17,68.26,68.17,68.21,284,7,0
2025-07-15 23:00:00,68.21,68.29,68.11,68.14,260,8,0
2025-07-16 03:00:00,68.34,68.36,68.25,68.33,223,7,0
2025-07-16 04:00:00,68.33,68.44,68.31,68.42,328,7,0
2025-07-16 05:00:00,68.43,68.43,68.2,68.24,259,7,0
2025-07-16 06:00:00,68.24,68.28,68.18,68.21,176,7,0
2025-07-16 07:00:00,68.21,68.24,68.17,68.21,110,7,0
2025-07-16 08:00:00,68.22,68.35,68.21,68.21,339,7,0
2025-07-16 09:00:00,68.21,68.42,68.17,68.3,572,7,0
2025-07-16 10:00:00,68.3,68.3,68.01,68.02,486,7,0
2025-07-16 11:00:00,68.02,68.02,67.85,67.93,634,7,0
2025-07-16 12:00:00,67.93,67.99,67.7,67.84,780,7,0
2025-07-16 13:00:00,67.84,68.01,67.72,67.75,672,7,0
2025-07-16 14:00:00,67.75,67.79,67.41,67.41,578,7,0
2025-07-16 15:00:00,67.41,67.64,67.37,67.58,939,7,0
2025-07-16 16:00:00,67.59,67.79,67.34,67.42,1748,7,0
2025-07-16 17:00:00,67.42,67.58,67.15,67.39,2204,7,0
2025-07-16 18:00:00,67.39,67.65,67.27,67.51,2601,7,0
2025-07-16 19:00:00,67.5,67.9,67.42,67.83,1386,7,0
2025-07-16 20:00:00,67.84,68.1,67.74,68.08,1267,7,0
2025-07-16 21:00:00,68.07,68.19,67.76,68.11,1083,7,0
2025-07-16 22:00:00,68.11,68.16,67.94,68.07,337,7,0
2025-07-16 23:00:00,68.07,68.08,67.87,67.87,206,8,0
2025-07-17 03:00:00,68.04,68.24,67.99,68.17,258,7,0
2025-07-17 04:00:00,68.16,68.25,68.02,68.08,529,7,0
2025-07-17 05:00:00,68.08,68.12,67.98,68.09,214,7,0
2025-07-17 06:00:00,68.08,68.22,68.05,68.13,251,7,0
2025-07-17 07:00:00,68.13,68.13,68.01,68.04,185,7,0
2025-07-17 08:00:00,68.04,68.07,68.0,68.07,266,7,0
2025-07-17 09:00:00,68.07,68.07,67.8,67.82,443,7,0
2025-07-17 10:00:00,67.83,67.87,67.65,67.7,647,7,0
2025-07-17 11:00:00,67.7,68.02,67.63,67.8,1027,7,0
2025-07-17 12:00:00,67.8,67.92,67.59,67.83,800,7,0
2025-07-17 13:00:00,67.82,68.1,67.82,67.95,714,7,0
2025-07-17 14:00:00,67.95,68.04,67.8,68.0,814,7,0
2025-07-17 15:00:00,68.01,68.23,67.91,67.93,1087,7,0
2025-07-17 16:00:00,67.93,68.1,67.71,67.95,1825,7,0
2025-07-17 17:00:00,67.95,68.21,67.75,68.2,1535,7,0
2025-07-17 18:00:00,68.2,68.43,68.16,68.34,1622,7,0
2025-07-17 19:00:00,68.34,68.68,68.31,68.63,1032,7,0
2025-07-17 20:00:00,68.64,68.69,68.46,68.5,759,7,0
2025-07-17 21:00:00,68.51,68.88,68.5,68.86,759,7,0
2025-07-17 22:00:00,68.86,68.9,68.81,68.85,264,7,0
2025-07-17 23:00:00,68.85,68.87,68.73,68.73,144,8,0
2025-07-18 03:00:00,68.76,68.88,68.71,68.85,188,7,0
2025-07-18 04:00:00,68.85,68.91,68.67,68.72,532,7,0
2025-07-18 05:00:00,68.72,68.75,68.64,68.72,273,7,0
2025-07-18 06:00:00,68.72,68.73,68.63,68.69,235,7,0
2025-07-18 07:00:00,68.69,69.1,68.66,69.04,363,7,0
2025-07-18 08:00:00,69.03,69.08,68.9,68.92,502,7,0
2025-07-18 09:00:00,68.92,69.48,68.86,69.31,1138,7,0
2025-07-18 10:00:00,69.31,69.31,68.89,68.95,1194,7,0
2025-07-18 11:00:00,68.96,69.19,68.83,69.17,1209,7,0
2025-07-18 12:00:00,69.17,69.57,69.08,69.46,1241,7,0
2025-07-18 13:00:00,69.47,69.52,69.17,69.2,784,7,0
2025-07-18 14:00:00,69.19,69.6,69.1,69.6,715,7,0
2025-07-18 15:00:00,69.6,69.94,69.48,69.54,1430,7,0
2025-07-18 16:00:00,69.54,69.63,69.24,69.39,1896,7,0
2025-07-18 17:00:00,69.4,69.72,69.4,69.62,1765,7,0
2025-07-18 18:00:00,69.62,69.66,68.56,68.92,3977,7,0
2025-07-18 19:00:00,68.92,68.92,68.55,68.59,1038,8,0
2025-07-18 20:00:00,68.6,68.73,68.48,68.52,688,8,0
2025-07-18 21:00:00,68.52,68.71,68.47,68.68,804,7,0
2025-07-18 22:00:00,68.68,68.72,68.51,68.57,319,7,0
2025-07-18 23:00:00,68.57,68.65,68.51,68.51,215,8,0
2025-07-21 03:00:00,68.66,68.72,68.53,68.66,279,9,0
2025-07-21 04:00:00,68.65,68.79,68.58,68.65,835,9,0
2025-07-21 05:00:00,68.65,68.67,68.52,68.58,418,9,0
2025-07-21 06:00:00,68.58,68.7,68.58,68.67,264,9,0
2025-07-21 07:00:00,68.67,68.69,68.61,68.61,133,9,0
2025-07-21 08:00:00,68.61,68.9,68.61,68.77,400,9,0
2025-07-21 09:00:00,68.77,68.85,68.41,68.49,719,8,0
2025-07-21 10:00:00,68.49,68.68,68.4,68.47,862,8,0
2025-07-21 11:00:00,68.47,68.69,68.19,68.24,1275,8,0
2025-07-21 12:00:00,68.25,68.4,68.11,68.38,948,8,0
2025-07-21 13:00:00,68.38,68.49,68.25,68.41,726,8,0
2025-07-21 14:00:00,68.41,68.61,68.39,68.47,664,8,0
2025-07-21 15:00:00,68.46,68.56,68.28,68.3,867,8,0
2025-07-21 16:00:00,68.3,68.46,68.03,68.09,1817,7,0
2025-07-21 17:00:00,68.09,68.27,67.83,68.2,1687,7,0
2025-07-21 18:00:00,68.2,68.45,68.04,68.04,1415,7,0
2025-07-21 19:00:00,68.04,68.36,68.04,68.12,711,7,0
2025-07-21 20:00:00,68.12,68.5,68.1,68.48,745,7,0
2025-07-21 21:00:00,68.47,68.55,68.33,68.35,846,7,0
2025-07-21 22:00:00,68.35,68.4,68.27,68.31,246,7,0
2025-07-21 23:00:00,68.31,68.35,68.21,68.22,143,8,0
2025-07-22 03:00:00,68.38,68.4,68.23,68.25,241,7,0
2025-07-22 04:00:00,68.26,68.26,67.95,67.98,577,7,0
2025-07-22 05:00:00,67.98,68.02,67.87,68.01,358,7,0
2025-07-22 06:00:00,68.01,68.02,67.91,67.94,281,7,0
2025-07-22 07:00:00,67.94,67.94,67.77,67.87,293,7,0
2025-07-22 08:00:00,67.88,68.11,67.83,68.01,474,7,0
2025-07-22 09:00:00,68.01,68.27,67.98,68.2,664,7,0
2025-07-22 10:00:00,68.2,68.21,67.77,67.78,865,7,0
2025-07-22 11:00:00,67.79,68.0,67.62,67.82,1461,7,0
2025-07-22 12:00:00,67.81,68.01,67.78,67.88,1064,7,0
2025-07-22 13:00:00,67.88,68.04,67.78,67.95,869,7,0
2025-07-22 14:00:00,67.93,68.08,67.8,67.85,820,7,0
2025-07-22 15:00:00,67.85,68.31,67.81,67.93,1153,7,0
2025-07-22 16:00:00,67.93,68.05,67.55,67.66,2636,7,0
2025-07-22 17:00:00,67.65,67.9,67.5,67.58,2038,7,0
2025-07-22 18:00:00,67.58,67.95,67.5,67.61,1755,7,0
2025-07-22 19:00:00,67.61,67.76,67.45,67.72,895,7,0
2025-07-22 20:00:00,67.72,67.92,67.59,67.7,897,7,0
2025-07-22 21:00:00,67.69,68.07,67.59,68.05,1021,7,0
2025-07-22 22:00:00,68.05,68.16,68.03,68.04,336,7,0
2025-07-22 23:00:00,68.04,68.16,67.88,67.9,307,8,0
2025-07-23 03:00:00,68.15,68.22,68.05,68.18,394,7,0
2025-07-23 04:00:00,68.18,68.31,67.97,68.04,1015,7,0
2025-07-23 05:00:00,68.04,68.16,67.92,68.0,520,7,0
2025-07-23 06:00:00,68.0,68.06,67.95,68.02,303,7,0
2025-07-23 07:00:00,68.02,68.1,68.0,68.04,156,7,0
2025-07-23 08:00:00,68.04,68.17,68.0,68.04,475,7,0
2025-07-23 09:00:00,68.04,68.04,67.74,67.88,597,7,0
2025-07-23 10:00:00,67.88,68.07,67.78,67.8,722,7,0
2025-07-23 11:00:00,67.8,67.88,67.64,67.7,1166,7,0
2025-07-23 12:00:00,67.71,67.91,67.54,67.58,864,7,0
2025-07-23 13:00:00,67.57,67.62,67.35,67.45,756,7,0
2025-07-23 14:00:00,67.46,67.53,67.35,67.44,578,7,0
2025-07-23 15:00:00,67.44,67.67,67.39,67.61,842,7,0
2025-07-23 16:00:00,67.61,67.87,67.43,67.51,1800,7,0
2025-07-23 17:00:00,67.51,67.76,67.43,67.57,2134,7,0
2025-07-23 18:00:00,67.57,67.74,67.38,67.73,1643,7,0
2025-07-23 19:00:00,67.73,67.89,67.65,67.73,1331,7,0
2025-07-23 20:00:00,67.73,67.93,67.67,67.82,888,7,0
2025-07-23 21:00:00,67.82,68.06,67.78,67.99,729,7,0
2025-07-23 22:00:00,68.0,68.1,67.99,68.05,299,7,0
2025-07-23 23:00:00,68.05,68.09,67.87,67.89,227,8,0
2025-07-24 03:00:00,68.02,68.14,68.0,68.03,247,7,0
2025-07-24 04:00:00,68.03,68.15,67.95,68.0,571,7,0
2025-07-24 05:00:00,68.01,68.04,67.94,68.03,328,7,0
2025-07-24 06:00:00,68.03,68.13,68.01,68.11,305,7,0
2025-07-24 07:00:00,68.12,68.17,68.06,68.15,174,7,0
2025-07-24 08:00:00,68.15,68.16,67.94,67.98,384,7,0
2025-07-24 09:00:00,67.98,68.74,67.97,68.42,1197,7,0
2025-07-24 10:00:00,68.42,68.44,68.2,68.26,1031,7,0
2025-07-24 11:00:00,68.26,68.56,68.21,68.37,1236,7,0
2025-07-24 12:00:00,68.37,68.8,68.34,68.64,850,7,0
2025-07-24 13:00:00,68.65,68.65,68.24,68.39,666,7,0
2025-07-24 14:00:00,68.39,68.42,68.11,68.27,619,7,0
2025-07-24 15:00:00,68.26,68.49,68.09,68.47,953,7,0
2025-07-24 16:00:00,68.47,68.57,68.11,68.38,2205,7,0
2025-07-24 17:00:00,68.39,68.73,68.28,68.63,2055,7,0
2025-07-24 18:00:00,68.62,68.77,68.32,68.67,1660,7,0
2025-07-24 19:00:00,68.67,68.71,67.82,67.83,1840,7,0
2025-07-24 20:00:00,67.83,67.95,67.74,67.82,1132,7,0
2025-07-24 21:00:00,67.82,68.49,67.8,68.48,1001,7,0
2025-07-24 22:00:00,68.48,68.61,68.47,68.53,381,7,0
2025-07-24 23:00:00,68.53,68.54,68.39,68.4,221,9,0
2025-07-25 03:00:00,68.53,68.57,68.45,68.45,204,9,0
2025-07-25 04:00:00,68.45,68.72,68.38,68.68,806,9,0
2025-07-25 05:00:00,68.69,68.79,68.64,68.67,398,9,0
2025-07-25 06:00:00,68.67,68.71,68.43,68.46,368,9,0
2025-07-25 07:00:00,68.46,68.57,68.46,68.47,205,9,0
2025-07-25 08:00:00,68.47,68.87,68.46,68.82,393,9,0
2025-07-25 09:00:00,68.82,68.96,68.71,68.87,550,8,0
2025-07-25 10:00:00,68.87,68.91,68.59,68.65,826,8,0
2025-07-25 11:00:00,68.66,68.84,68.53,68.58,1129,8,0
2025-07-25 12:00:00,68.58,68.71,68.41,68.57,961,8,0
2025-07-25 13:00:00,68.57,68.66,68.42,68.64,772,8,0
2025-07-25 14:00:00,68.65,68.66,68.51,68.61,525,8,0
2025-07-25 15:00:00,68.62,68.84,68.54,68.81,952,8,0
2025-07-25 16:00:00,68.81,68.84,68.2,68.23,2139,8,0
2025-07-25 17:00:00,68.23,68.3,67.93,68.0,1965,8,0
2025-07-25 18:00:00,68.01,68.08,67.71,67.76,1512,8,0
2025-07-25 19:00:00,67.76,67.93,67.73,67.84,837,8,0
2025-07-25 20:00:00,67.85,67.97,67.56,67.62,780,8,0
2025-07-25 21:00:00,67.61,67.72,67.56,67.62,833,8,0
2025-07-25 22:00:00,67.62,67.68,67.51,67.52,322,8,0
2025-07-25 23:00:00,67.53,67.56,67.47,67.51,198,9,0
2025-07-28 03:00:00,67.75,67.85,67.72,67.84,207,9,0
2025-07-28 04:00:00,67.84,68.0,67.77,67.82,625,9,0
2025-07-28 05:00:00,67.83,67.94,67.79,67.93,230,9,0
2025-07-28 06:00:00,67.93,67.93,67.74,67.82,268,9,0
2025-07-28 07:00:00,67.82,67.97,67.81,67.96,112,9,0
2025-07-28 08:00:00,67.96,68.08,67.88,67.96,295,9,0
2025-07-28 09:00:00,67.96,68.22,67.93,68.14,562,8,0
2025-07-28 10:00:00,68.15,68.2,67.75,67.83,673,8,0
2025-07-28 11:00:00,67.84,68.23,67.78,68.21,863,8,0
2025-07-28 12:00:00,68.21,68.27,68.07,68.25,663,8,0
2025-07-28 13:00:00,68.25,68.41,68.2,68.32,448,8,0
2025-07-28 14:00:00,68.31,68.66,68.3,68.65,546,8,0
2025-07-28 15:00:00,68.65,68.97,68.65,68.91,1045,8,0
2025-07-28 16:00:00,68.91,69.51,68.77,69.28,3025,8,0
2025-07-28 17:00:00,69.28,69.4,68.94,69.0,1487,8,0
2025-07-28 18:00:00,69.0,69.1,68.8,68.99,1214,8,0
2025-07-28 19:00:00,68.99,69.14,68.98,69.09,547,8,0
2025-07-28 20:00:00,69.1,69.18,68.95,69.12,533,7,0
2025-07-28 21:00:00,69.12,69.48,69.0,69.46,935,7,0
2025-07-28 22:00:00,69.46,69.66,69.37,69.63,282,7,0
2025-07-28 23:00:00,69.63,69.63,69.4,69.4,236,8,0
2025-07-29 03:00:00,69.49,69.5,69.37,69.42,237,7,0
2025-07-29 04:00:00,69.42,69.42,69.21,69.22,385,7,0
2025-07-29 05:00:00,69.21,69.37,69.2,69.36,279,7,0
2025-07-29 06:00:00,69.36,69.36,69.16,69.17,225,7,0
2025-07-29 07:00:00,69.17,69.21,69.15,69.19,111,7,0
2025-07-29 08:00:00,69.2,69.3,69.12,69.3,196,7,0
2025-07-29 09:00:00,69.3,69.37,69.21,69.25,354,7,0
2025-07-29 10:00:00,69.25,69.43,69.15,69.18,703,7,0
2025-07-29 11:00:00,69.18,69.76,69.17,69.74,973,7,0
2025-07-29 12:00:00,69.74,69.76,69.58,69.61,597,7,0
2025-07-29 13:00:00,69.6,69.73,69.31,69.32,529,7,0
2025-07-29 14:00:00,69.33,69.46,69.24,69.43,446,7,0
2025-07-29 15:00:00,69.42,69.77,69.37,69.75,818,7,0
2025-07-29 16:00:00,69.74,70.04,69.63,70.01,1421,7,0
2025-07-29 17:00:00,70.01,70.15,69.94,69.97,1229,7,0
2025-07-29 18:00:00,69.97,70.24,69.9,70.19,1409,7,0
2025-07-29 19:00:00,70.19,70.34,70.12,70.21,672,7,0
2025-07-29 20:00:00,70.21,71.51,70.12,71.33,2431,7,0
2025-07-29 21:00:00,71.33,72.13,71.15,71.87,2223,8,0
2025-07-29 22:00:00,71.87,71.91,71.69,71.76,480,8,0
2025-07-29 23:00:00,71.76,71.9,71.49,71.59,581,9,0
2025-07-30 03:00:00,71.56,71.72,71.51,71.65,481,9,0
2025-07-30 04:00:00,71.63,71.66,71.44,71.65,858,9,0
2025-07-30 05:00:00,71.65,71.66,71.53,71.54,324,9,0
2025-07-30 06:00:00,71.54,71.67,71.42,71.66,356,9,0
2025-07-30 07:00:00,71.66,71.74,71.65,71.66,178,9,0
2025-07-30 08:00:00,71.66,71.67,71.5,71.52,253,9,0
2025-07-30 09:00:00,71.52,71.71,71.41,71.65,535,8,0
2025-07-30 10:00:00,71.65,72.12,71.59,72.06,813,8,0
2025-07-30 11:00:00,72.08,72.1,71.17,71.28,1496,8,0
2025-07-30 12:00:00,71.28,71.29,71.06,71.14,817,8,0
2025-07-30 13:00:00,71.14,71.17,70.81,70.92,616,8,0
2025-07-30 14:00:00,70.92,71.32,70.84,71.3,656,8,0
2025-07-30 15:00:00,71.3,71.97,71.28,71.93,1937,8,0
2025-07-30 16:00:00,71.92,72.06,71.69,71.88,1879,8,0
2025-07-30 17:00:00,71.88,72.0,71.61,71.97,1766,8,0
2025-07-30 18:00:00,71.97,72.45,71.9,72.38,1397,7,0
2025-07-30 19:00:00,72.38,72.54,72.27,72.45,982,7,0
2025-07-30 20:00:00,72.45,72.71,72.37,72.63,712,7,0
2025-07-30 21:00:00,72.61,72.64,72.21,72.45,1579,7,0
2025-07-30 22:00:00,72.45,72.69,72.35,72.63,688,7,0
2025-07-30 23:00:00,72.63,72.63,72.45,72.45,341,8,0
2025-07-31 03:00:00,72.61,72.64,72.43,72.44,398,7,0
2025-07-31 04:00:00,72.45,72.46,72.21,72.24,487,7,0
2025-07-31 05:00:00,72.24,72.26,72.13,72.23,309,7,0
2025-07-31 06:00:00,72.23,72.24,72.12,72.13,233,7,0
2025-07-31 07:00:00,72.14,72.19,72.03,72.06,211,7,0
2025-07-31 08:00:00,72.06,72.2,72.0,72.2,373,7,0
2025-07-31 09:00:00,72.2,72.35,72.0,72.12,633,7,0
2025-07-31 10:00:00,72.12,72.46,72.05,72.36,787,7,0
2025-07-31 11:00:00,72.36,72.39,71.99,72.14,1119,7,0
2025-07-31 12:00:00,72.13,72.15,71.63,71.65,913,7,0
2025-07-31 13:00:00,71.64,71.94,71.61,71.91,620,7,0
2025-07-31 14:00:00,71.92,72.01,71.67,71.89,763,7,0
2025-07-31 15:00:00,71.89,71.91,71.72,71.78,694,7,0
2025-07-31 16:00:00,71.79,71.88,71.45,71.71,1605,7,0
2025-07-31 17:00:00,71.7,72.08,71.38,71.38,1279,7,0
2025-07-31 18:00:00,71.38,71.44,70.86,70.97,1939,7,0
2025-07-31 19:00:00,70.96,71.69,70.94,71.53,1083,7,0
2025-07-31 20:00:00,71.52,71.6,71.19,71.34,970,7,0
2025-07-31 21:00:00,71.35,71.71,71.16,71.48,1003,7,0
2025-07-31 22:00:00,71.48,71.48,71.32,71.44,476,7,0
2025-07-31 23:00:00,71.44,71.72,71.4,71.52,406,8,0
2025-08-01 03:00:00,71.6,71.64,71.47,71.48,359,7,0
2025-08-01 04:00:00,71.48,71.59,71.42,71.56,507,7,0
2025-08-01 05:00:00,71.56,71.63,71.36,71.48,483,7,0
2025-08-01 06:00:00,71.49,71.65,71.44,71.64,298,7,0
2025-08-01 07:00:00,71.64,71.79,71.63,71.67,232,7,0
2025-08-01 08:00:00,71.67,71.71,71.49,71.55,335,7,0
2025-08-01 09:00:00,71.56,71.72,71.34,71.45,722,7,0
2025-08-01 10:00:00,71.45,71.58,71.24,71.48,1167,7,0
2025-08-01 11:00:00,71.48,71.73,71.02,71.14,1472,7,0
2025-08-01 12:00:00,71.14,71.36,70.98,71.33,1132,7,0
2025-08-01 13:00:00,71.33,71.41,70.8,70.83,947,7,0
2025-08-01 14:00:00,70.84,71.0,70.71,70.92,808,7,0
2025-08-01 15:00:00,70.92,71.58,70.88,71.31,2320,7,0
2025-08-01 16:00:00,71.31,71.62,70.58,70.58,3188,7,0
2025-08-01 17:00:00,70.58,70.58,69.4,69.43,4109,7,0
2025-08-01 18:00:00,69.43,69.71,69.39,69.51,2146,7,0
2025-08-01 19:00:00,69.51,69.83,69.21,69.61,1894,7,0
2025-08-01 20:00:00,69.61,69.78,69.39,69.45,1511,7,0
2025-08-01 21:00:00,69.45,69.52,69.25,69.37,1021,7,0
2025-08-01 22:00:00,69.38,69.42,69.21,69.31,478,7,0
2025-08-01 23:00:00,69.31,69.43,69.15,69.19,244,8,0
2025-08-04 03:00:00,69.04,69.18,68.92,69.17,439,8,0
2025-08-04 04:00:00,69.17,69.26,68.89,69.21,766,9,0
2025-08-04 05:00:00,69.21,69.31,69.14,69.25,456,9,0
2025-08-04 06:00:00,69.25,69.3,69.17,69.22,301,9,0
2025-08-04 07:00:00,69.23,69.31,69.11,69.19,217,9,0
2025-08-04 08:00:00,69.2,69.39,69.17,69.37,278,9,0
2025-08-04 09:00:00,69.37,69.61,69.37,69.55,452,8,0
2025-08-04 10:00:00,69.55,69.72,69.39,69.5,824,8,0
2025-08-04 11:00:00,69.49,69.52,68.49,68.57,1369,8,0
2025-08-04 12:00:00,68.57,68.8,68.53,68.53,1109,8,0
2025-08-04 13:00:00,68.53,68.66,68.3,68.37,843,8,0
2025-08-04 14:00:00,68.38,68.38,68.2,68.23,754,7,0
2025-08-04 15:00:00,68.23,68.31,67.81,67.82,1269,7,0
2025-08-04 16:00:00,67.83,68.08,67.8,67.92,1871,7,0
2025-08-04 17:00:00,67.93,69.12,67.87,69.04,2580,7,0
2025-08-04 18:00:00,69.02,69.15,68.77,68.93,1902,7,0
2025-08-04 19:00:00,68.93,68.99,68.5,68.55,958,7,0
2025-08-04 20:00:00,68.56,68.67,68.47,68.54,689,7,0
2025-08-04 21:00:00,68.53,68.69,68.33,68.44,630,7,0
2025-08-04 22:00:00,68.43,68.51,68.25,68.38,319,7,0
2025-08-04 23:00:00,68.37,68.44,68.36,68.36,208,8,0
2025-08-05 03:00:00,68.48,68.6,68.43,68.45,256,7,0
2025-08-05 04:00:00,68.44,68.62,68.43,68.48,613,7,0
2025-08-05 05:00:00,68.48,68.5,68.32,68.36,278,7,0
2025-08-05 06:00:00,68.35,68.41,68.26,68.4,250,7,0
2025-08-05 07:00:00,68.41,68.44,68.37,68.42,118,7,0
2025-08-05 08:00:00,68.42,68.57,68.26,68.52,351,7,0
2025-08-05 09:00:00,68.52,68.6,68.32,68.35,504,7,0
2025-08-05 10:00:00,68.35,68.53,68.06,68.27,971,7,0
2025-08-05 11:00:00,68.28,68.58,68.1,68.18,1205,6,0
2025-08-05 12:00:00,68.18,68.26,67.73,67.73,874,7,0
2025-08-05 13:00:00,67.73,67.96,67.72,67.83,692,7,0
2025-08-05 14:00:00,67.83,68.05,67.81,68.0,700,7,0
2025-08-05 15:00:00,67.99,68.07,67.48,67.62,1927,7,0
2025-08-05 16:00:00,67.63,67.96,67.58,67.81,1848,7,0
2025-08-05 17:00:00,67.81,67.98,67.48,67.72,1781,7,0
2025-08-05 18:00:00,67.72,67.86,67.54,67.68,1489,7,0
2025-08-05 19:00:00,67.68,67.99,67.3,67.53,1579,7,0
2025-08-05 20:00:00,67.54,67.81,67.36,67.57,1222,7,0
2025-08-05 21:00:00,67.58,67.63,67.34,67.37,712,7,0
2025-08-05 22:00:00,67.37,67.45,67.34,67.41,190,7,0
2025-08-05 23:00:00,67.41,67.51,67.32,67.33,204,8,0
2025-08-06 03:00:00,67.49,67.57,67.47,67.56,239,7,0
2025-08-06 04:00:00,67.56,67.77,67.54,67.74,405,0,0
2025-08-06 05:00:00,67.74,67.8,67.68,67.72,274,7,0
2025-08-06 06:00:00,67.72,67.83,67.71,67.81,160,7,0
2025-08-06 07:00:00,67.81,67.86,67.77,67.81,164,7,0
2025-08-06 08:00:00,67.81,67.83,67.7,67.76,246,7,0
2025-08-06 09:00:00,67.76,67.91,67.74,67.89,422,7,0
2025-08-06 10:00:00,67.89,68.15,67.86,67.94,719,7,0
2025-08-06 11:00:00,67.94,68.38,67.9,68.3,830,7,0
2025-08-06 12:00:00,68.29,68.49,68.18,68.43,754,7,0
2025-08-06 13:00:00,68.42,68.53,68.34,68.48,596,7,0
2025-08-06 14:00:00,68.47,68.5,68.26,68.37,636,7,0
2025-08-06 15:00:00,68.37,68.43,68.0,68.34,1096,7,0
2025-08-06 16:00:00,68.33,68.89,68.28,68.56,1857,7,0
2025-08-06 17:00:00,68.56,68.72,67.69,68.14,3299,7,0
2025-08-06 18:00:00,68.15,68.3,67.16,67.19,2367,7,0
2025-08-06 19:00:00,67.19,67.9,66.97,67.59,3027,7,0
2025-08-06 20:00:00,67.58,67.63,67.14,67.14,1481,7,0
2025-08-06 21:00:00,67.14,67.24,66.41,66.44,2134,7,0
2025-08-06 22:00:00,66.44,66.47,65.99,66.38,1138,7,0
2025-08-06 23:00:00,66.38,66.54,66.32,66.41,378,8,0
2025-08-07 03:00:00,66.61,66.96,66.56,66.95,457,7,0
2025-08-07 04:00:00,66.95,67.22,66.93,67.16,608,7,0
2025-08-07 05:00:00,67.16,67.3,67.1,67.2,352,7,0
2025-08-07 06:00:00,67.2,67.26,67.15,67.25,282,7,0
2025-08-07 07:00:00,67.25,67.25,67.05,67.06,242,7,0
2025-08-07 08:00:00,67.07,67.1,66.92,66.98,376,7,0
2025-08-07 09:00:00,66.98,67.11,66.95,67.03,533,7,0
2025-08-07 10:00:00,67.03,67.19,66.96,66.98,930,7,0
2025-08-07 11:00:00,66.99,67.02,66.45,66.85,1826,7,0
2025-08-07 12:00:00,66.85,67.15,66.82,67.14,894,7,0
2025-08-07 13:00:00,67.14,67.39,67.01,67.15,897,7,0
2025-08-07 14:00:00,67.14,67.24,66.85,66.92,884,7,0
2025-08-07 15:00:00,66.92,67.12,66.91,66.97,1006,7,0
2025-08-07 16:00:00,66.97,67.01,66.52,66.74,1850,7,0
2025-08-07 17:00:00,66.74,66.84,66.37,66.37,1485,7,0
2025-08-07 18:00:00,66.37,66.59,66.21,66.35,1423,7,0
2025-08-07 19:00:00,66.35,66.74,66.35,66.5,935,7,0
2025-08-07 20:00:00,66.51,66.56,66.16,66.39,916,7,0
2025-08-07 21:00:00,66.39,66.46,66.1,66.13,665,7,0
2025-08-07 22:00:00,66.13,66.14,66.03,66.05,161,7,0
2025-08-07 23:00:00,66.05,66.16,65.98,65.98,243,8,0
2025-08-08 03:00:00,66.09,66.17,66.08,66.17,274,7,0
2025-08-08 04:00:00,66.16,66.25,66.13,66.16,397,7,0
2025-08-08 05:00:00,66.16,66.26,66.06,66.13,333,7,0
2025-08-08 06:00:00,66.14,66.17,66.02,66.14,277,7,0
2025-08-08 07:00:00,66.14,66.15,66.06,66.07,131,7,0
2025-08-08 08:00:00,66.06,66.08,65.91,65.91,294,7,0
2025-08-08 09:00:00,65.91,65.94,65.56,65.68,602,7,0
2025-08-08 10:00:00,65.68,66.29,65.63,66.22,971,7,0
2025-08-08 11:00:00,66.22,66.42,65.94,66.41,1220,7,0
2025-08-08 12:00:00,66.41,66.55,66.21,66.52,725,7,0
2025-08-08 13:00:00,66.52,66.77,66.42,66.64,941,7,0
2025-08-08 14:00:00,66.64,66.68,66.37,66.44,593,7,0
2025-08-08 15:00:00,66.44,66.63,66.39,66.47,768,7,0
2025-08-08 16:00:00,66.47,66.9,66.23,66.74,1772,7,0
2025-08-08 17:00:00,66.74,66.76,65.23,65.92,4535,7,0
2025-08-08 18:00:00,65.92,66.69,65.88,66.58,2258,7,0
2025-08-08 19:00:00,66.59,66.66,66.35,66.45,1118,7,0
2025-08-08 20:00:00,66.45,66.75,66.18,66.32,1231,7,0
2025-08-08 21:00:00,66.31,66.4,66.09,66.1,1027,7,0
2025-08-08 22:00:00,66.1,66.22,66.03,66.07,470,7,0
2025-08-08 23:00:00,66.07,66.08,65.72,65.74,381,8,0
2025-08-11 03:00:00,65.87,65.89,65.48,65.55,400,7,0
2025-08-11 04:00:00,65.56,65.94,65.56,65.92,798,7,0
2025-08-11 05:00:00,65.93,65.99,65.81,65.94,385,7,0
2025-08-11 06:00:00,65.94,65.99,65.89,65.93,324,7,0
2025-08-11 07:00:00,65.94,65.97,65.82,65.86,207,7,0
2025-08-11 08:00:00,65.86,65.95,65.81,65.94,299,7,0
2025-08-11 09:00:00,65.93,66.11,65.56,65.72,925,7,0
2025-08-11 10:00:00,65.72,65.86,65.54,65.57,910,7,0
2025-08-11 11:00:00,65.57,66.08,65.57,65.88,1224,7,0
2025-08-11 12:00:00,65.88,66.3,65.84,66.26,788,7,0
2025-08-11 13:00:00,66.26,66.4,66.25,66.37,473,7,0
2025-08-11 14:00:00,66.36,66.66,66.34,66.64,609,7,0
2025-08-11 15:00:00,66.63,66.66,66.49,66.59,765,6,0
2025-08-11 16:00:00,66.59,66.75,66.42,66.49,1510,7,0
2025-08-11 17:00:00,66.49,66.75,66.02,66.04,1640,7,0
2025-08-11 18:00:00,66.04,66.53,66.02,66.14,1774,7,0
2025-08-11 19:00:00,66.14,66.47,66.11,66.4,852,7,0
2025-08-11 20:00:00,66.4,66.52,66.22,66.32,714,7,0
2025-08-11 21:00:00,66.32,66.5,66.27,66.37,811,7,0
2025-08-11 22:00:00,66.37,66.51,66.37,66.41,261,7,0
2025-08-11 23:00:00,66.41,66.44,66.24,66.24,164,8,0
2025-08-12 03:00:00,66.47,66.58,66.42,66.43,267,7,0
2025-08-12 04:00:00,66.42,66.44,66.25,66.36,496,7,0
2025-08-12 05:00:00,66.36,66.45,66.29,66.42,313,7,0
2025-08-12 06:00:00,66.42,66.54,66.4,66.48,271,7,0
2025-08-12 07:00:00,66.48,66.65,66.46,66.62,200,7,0
2025-08-12 08:00:00,66.62,66.63,66.51,66.55,444,7,0
2025-08-12 09:00:00,66.55,66.65,66.35,66.5,559,7,0
2025-08-12 10:00:00,66.5,66.61,66.44,66.53,760,7,0
2025-08-12 11:00:00,66.53,66.59,66.19,66.25,1132,7,0
2025-08-12 12:00:00,66.25,66.46,66.19,66.42,721,7,0
2025-08-12 13:00:00,66.42,66.7,66.2,66.36,736,7,0
2025-08-12 14:00:00,66.35,66.37,65.94,65.96,667,7,0
2025-08-12 15:00:00,65.96,66.09,65.78,65.88,1059,7,0
2025-08-12 16:00:00,65.89,66.12,65.75,65.98,1675,7,0
2025-08-12 17:00:00,65.99,66.16,65.94,66.08,1212,7,0
2025-08-12 18:00:00,66.08,66.3,65.76,65.85,1316,7,0
2025-08-12 19:00:00,65.85,65.95,65.68,65.8,730,7,0
2025-08-12 20:00:00,65.79,66.0,65.77,65.84,887,7,0
2025-08-12 21:00:00,65.84,65.88,65.72,65.84,725,7,0
2025-08-12 22:00:00,65.84,65.87,65.79,65.8,263,7,0
2025-08-12 23:00:00,65.81,65.83,65.67,65.68,217,8,0
2025-08-13 03:00:00,65.82,65.83,65.78,65.82,171,7,0
2025-08-13 04:00:00,65.82,65.86,65.68,65.82,526,7,0
2025-08-13 05:00:00,65.82,65.82,65.62,65.65,285,7,0
2025-08-13 06:00:00,65.65,65.85,65.64,65.84,260,7,0
2025-08-13 07:00:00,65.85,65.9,65.82,65.86,175,7,0
2025-08-13 08:00:00,65.86,65.92,65.71,65.73,248,7,0
2025-08-13 09:00:00,65.73,65.97,65.52,65.83,601,7,0
2025-08-13 10:00:00,65.83,65.83,65.56,65.63,700,7,0
2025-08-13 11:00:00,65.63,65.68,65.24,65.51,955,7,0
2025-08-13 12:00:00,65.51,65.69,65.41,65.44,743,7,0
2025-08-13 13:00:00,65.45,65.5,65.32,65.34,488,7,0
2025-08-13 14:00:00,65.34,65.6,65.33,65.56,514,7,0
2025-08-13 15:00:00,65.56,65.96,65.51,65.83,879,7,0
2025-08-13 16:00:00,65.83,65.86,65.56,65.6,1271,7,0
2025-08-13 17:00:00,65.6,65.67,64.92,65.03,2015,7,0
2025-08-13 18:00:00,65.03,65.25,64.71,64.75,1622,7,0
2025-08-13 19:00:00,64.75,65.09,64.71,64.95,1003,7,0
2025-08-13 20:00:00,64.96,65.41,64.93,65.26,989,7,0
2025-08-13 21:00:00,65.26,65.39,65.17,65.19,849,7,0
2025-08-13 22:00:00,65.19,65.5,65.19,65.41,284,7,0
2025-08-13 23:00:00,65.41,65.45,65.31,65.32,163,8,0
2025-08-14 03:00:00,65.43,65.57,65.43,65.55,274,7,0
2025-08-14 04:00:00,65.55,65.56,65.4,65.53,562,7,0
2025-08-14 05:00:00,65.54,65.63,65.48,65.55,434,7,0
2025-08-14 06:00:00,65.55,65.59,65.48,65.51,270,7,0
2025-08-14 07:00:00,65.51,65.56,65.5,65.54,130,7,0
2025-08-14 08:00:00,65.54,65.69,65.44,65.58,439,7,0
2025-08-14 09:00:00,65.58,65.71,65.42,65.62,701,7,0
2025-08-14 10:00:00,65.62,65.71,65.41,65.46,688,7,0
2025-08-14 11:00:00,65.47,65.66,65.37,65.46,993,7,0
2025-08-14 12:00:00,65.46,65.67,65.46,65.62,750,7,0
2025-08-14 13:00:00,65.61,65.66,65.21,65.27,580,7,0
2025-08-14 14:00:00,65.27,65.6,65.26,65.55,594,7,0
2025-08-14 15:00:00,65.54,65.83,65.44,65.69,841,7,0
2025-08-14 16:00:00,65.69,66.31,65.64,66.07,1827,7,0
2025-08-14 17:00:00,66.07,66.16,65.8,66.01,1224,7,0
2025-08-14 18:00:00,66.02,66.43,66.0,66.3,1244,7,0
2025-08-14 19:00:00,66.3,66.43,66.24,66.27,823,7,0
2025-08-14 20:00:00,66.26,66.37,66.04,66.32,837,7,0
2025-08-14 21:00:00,66.32,66.51,66.22,66.48,798,7,0
2025-08-14 22:00:00,66.48,66.53,66.45,66.48,266,7,0
2025-08-14 23:00:00,66.48,66.49,66.27,66.27,205,8,0
2025-08-15 03:00:00,66.38,66.57,66.28,66.3,350,7,0
2025-08-15 04:00:00,66.31,66.4,66.23,66.39,471,7,0
2025-08-15 05:00:00,66.39,66.42,66.27,66.32,309,7,0
2025-08-15 06:00:00,66.32,66.35,66.22,66.27,274,7,0
2025-08-15 07:00:00,66.27,66.31,66.14,66.2,201,7,0
2025-08-15 08:00:00,66.19,66.34,66.15,66.25,307,7,0
2025-08-15 09:00:00,66.25,66.26,66.04,66.11,563,7,0
2025-08-15 10:00:00,66.1,66.11,65.91,65.96,741,7,0
2025-08-15 11:00:00,65.96,66.03,65.7,65.71,875,7,0
2025-08-15 12:00:00,65.71,66.06,65.7,66.04,704,7,0
2025-08-15 13:00:00,66.03,66.13,65.92,66.07,506,7,0
2025-08-15 14:00:00,66.07,66.16,65.84,66.14,563,7,0
2025-08-15 15:00:00,66.14,66.15,65.87,65.89,740,7,0
2025-08-15 16:00:00,65.89,65.89,65.45,65.81,1678,8,0
2025-08-15 17:00:00,65.81,66.08,65.59,65.95,1269,8,0
2025-08-15 18:00:00,65.95,66.07,65.75,65.77,1196,8,0
2025-08-15 19:00:00,65.77,65.84,65.63,65.82,827,8,0
2025-08-15 20:00:00,65.82,65.88,65.64,65.66,659,8,0
2025-08-15 21:00:00,65.66,65.67,65.33,65.67,787,8,0
2025-08-15 22:00:00,65.66,65.73,65.41,65.7,472,8,0
2025-08-15 23:00:00,65.7,65.75,65.66,65.67,251,9,0
2025-08-18 03:00:00,65.08,65.34,65.05,65.32,300,9,0
2025-08-18 04:00:00,65.32,65.35,65.04,65.32,921,9,0
2025-08-18 05:00:00,65.32,65.38,65.26,65.31,448,9,0
2025-08-18 06:00:00,65.31,65.43,65.24,65.4,409,9,0
2025-08-18 07:00:00,65.41,65.47,65.38,65.39,191,9,0
2025-08-18 08:00:00,65.39,65.48,65.35,65.43,417,9,0
2025-08-18 09:00:00,65.43,65.79,65.42,65.67,794,8,0
2025-08-18 10:00:00,65.67,65.67,65.28,65.3,738,8,0
2025-08-18 11:00:00,65.3,65.6,65.24,65.47,909,8,0
2025-08-18 12:00:00,65.47,65.89,65.41,65.79,697,8,0
2025-08-18 13:00:00,65.8,65.82,65.48,65.73,638,8,0
2025-08-18 14:00:00,65.72,65.77,65.52,65.64,655,8,0
2025-08-18 15:00:00,65.63,65.72,65.45,65.53,841,8,0
2025-08-18 16:00:00,65.53,65.55,64.9,65.16,1753,8,0
2025-08-18 17:00:00,65.16,65.6,65.02,65.5,1425,8,0
2025-08-18 18:00:00,65.5,65.75,65.43,65.73,1433,8,0
2025-08-18 19:00:00,65.72,65.79,65.63,65.76,856,8,0
2025-08-18 20:00:00,65.76,66.36,65.73,66.08,1343,8,0
2025-08-18 21:00:00,66.08,66.26,66.03,66.13,1013,8,0
2025-08-18 22:00:00,66.13,66.14,65.95,66.09,447,8,0
2025-08-18 23:00:00,66.09,66.14,65.93,65.93,189,9,0
2025-08-19 03:00:00,66.06,66.08,65.97,65.99,239,9,0
2025-08-19 04:00:00,65.99,65.99,65.82,65.85,549,9,0
2025-08-19 05:00:00,65.84,65.87,65.75,65.77,296,9,0
2025-08-19 06:00:00,65.77,65.87,65.75,65.77,243,9,0
2025-08-19 07:00:00,65.77,65.77,65.66,65.69,154,9,0
2025-08-19 08:00:00,65.68,65.74,65.57,65.69,378,9,0
2025-08-19 09:00:00,65.69,65.9,65.68,65.74,583,8,0
2025-08-19 10:00:00,65.74,65.75,65.5,65.6,879,8,0
2025-08-19 11:00:00,65.6,65.73,65.4,65.42,1070,8,0
2025-08-19 12:00:00,65.41,65.58,65.33,65.51,786,8,0
2025-08-19 13:00:00,65.51,65.58,65.29,65.35,645,8,0
2025-08-19 14:00:00,65.35,65.67,65.3,65.62,758,8,0
2025-08-19 15:00:00,65.62,65.7,65.4,65.46,896,8,0
2025-08-19 16:00:00,65.46,65.75,65.24,65.52,1169,7,0
2025-08-19 17:00:00,65.52,65.78,65.44,65.63,1074,8,0
2025-08-19 18:00:00,65.63,65.78,65.34,65.35,1178,8,0
2025-08-19 19:00:00,65.35,65.56,65.32,65.36,753,8,0
2025-08-19 20:00:00,65.36,65.42,65.21,65.29,544,8,0
2025-08-19 21:00:00,65.28,65.56,65.24,65.5,703,8,0
2025-08-19 22:00:00,65.51,65.58,65.41,65.48,326,8,0
2025-08-19 23:00:00,65.48,65.61,65.44,65.44,194,9,0
2025-08-20 03:00:00,65.64,65.67,65.59,65.66,172,9,0
2025-08-20 04:00:00,65.66,65.74,65.43,65.45,498,9,0
2025-08-20 05:00:00,65.45,65.52,65.41,65.45,375,9,0
2025-08-20 06:00:00,65.45,65.53,65.37,65.42,315,9,0
2025-08-20 07:00:00,65.42,65.57,65.42,65.54,147,9,0
2025-08-20 08:00:00,65.54,65.76,65.52,65.75,306,9,0
2025-08-20 09:00:00,65.75,65.91,65.72,65.87,608,8,0
2025-08-20 10:00:00,65.86,66.09,65.76,66.0,687,8,0
2025-08-20 11:00:00,66.0,66.23,65.83,66.16,985,8,0
2025-08-20 12:00:00,66.14,66.14,65.77,65.79,592,8,0
2025-08-20 13:00:00,65.78,66.09,65.7,66.03,633,8,0
2025-08-20 14:00:00,66.04,66.16,66.03,66.1,499,8,0
2025-08-20 15:00:00,66.1,66.13,65.92,66.08,735,8,0
2025-08-20 16:00:00,66.08,66.24,65.95,66.05,1600,8,0
2025-08-20 17:00:00,66.05,66.3,65.86,65.91,2043,8,0
2025-08-20 18:00:00,65.91,66.49,65.76,66.46,1653,8,0
2025-08-20 19:00:00,66.46,66.59,66.28,66.45,1084,8,0
2025-08-20 20:00:00,66.45,66.48,66.27,66.29,720,8,0
2025-08-20 21:00:00,66.29,66.53,66.25,66.51,876,8,0
2025-08-20 22:00:00,66.51,66.56,66.48,66.5,299,8,0
2025-08-20 23:00:00,66.5,66.57,66.34,66.34,134,9,0
2025-08-21 03:00:00,66.46,66.53,66.42,66.43,234,9,0
2025-08-21 04:00:00,66.43,66.77,66.37,66.57,637,9,0
2025-08-21 05:00:00,66.57,66.62,66.53,66.53,387,9,0
2025-08-21 06:00:00,66.53,66.61,66.49,66.59,302,9,0
2025-08-21 07:00:00,66.58,66.65,66.54,66.61,163,9,0
2025-08-21 08:00:00,66.62,66.71,66.55,66.68,308,9,0
2025-08-21 09:00:00,66.68,66.82,66.62,66.79,540,8,0
2025-08-21 10:00:00,66.79,66.95,66.74,66.76,631,8,0
2025-08-21 11:00:00,66.77,66.92,66.71,66.9,613,8,0
2025-08-21 12:00:00,66.9,66.97,66.77,66.96,591,8,0
2025-08-21 13:00:00,66.96,67.07,66.85,66.88,417,8,0
2025-08-21 14:00:00,66.88,66.93,66.63,66.71,688,8,0
2025-08-21 15:00:00,66.71,66.87,66.5,66.55,783,8,0
2025-08-21 16:00:00,66.54,66.61,66.28,66.35,1570,8,0
2025-08-21 17:00:00,66.34,66.82,66.31,66.71,1518,8,0
2025-08-21 18:00:00,66.71,67.04,66.6,66.93,1597,8,0
2025-08-21 19:00:00,66.94,67.18,66.83,67.12,920,8,0
2025-08-21 20:00:00,67.12,67.24,67.03,67.16,690,8,0
2025-08-21 21:00:00,67.16,67.29,67.08,67.13,824,8,0
2025-08-21 22:00:00,67.13,67.14,66.99,67.05,382,8,0
2025-08-21 23:00:00,67.05,67.1,66.97,66.98,120,9,0
2025-08-22 03:00:00,67.07,67.12,67.05,67.08,192,9,0
2025-08-22 04:00:00,67.08,67.09,66.9,66.93,570,9,0
2025-08-22 05:00:00,66.93,67.03,66.9,66.99,318,9,0
2025-08-22 06:00:00,66.99,67.05,66.91,67.0,245,9,0
2025-08-22 07:00:00,67.0,67.12,66.98,67.09,163,9,0
2025-08-22 08:00:00,67.09,67.21,67.03,67.18,318,9,0
2025-08-22 09:00:00,67.18,67.28,67.15,67.24,516,8,0
2025-08-22 10:00:00,67.24,67.38,66.99,67.17,708,8,0
2025-08-22 11:00:00,67.19,67.29,66.95,67.04,808,8,0
2025-08-22 12:00:00,67.03,67.17,66.93,66.99,472,8,0
2025-08-22 13:00:00,66.98,67.16,66.9,67.13,315,8,0
2025-08-22 14:00:00,67.13,67.4,67.1,67.22,552,8,0
2025-08-22 15:00:00,67.22,67.28,67.12,67.22,653,8,0
2025-08-22 16:00:00,67.22,67.32,67.06,67.2,1093,8,0
2025-08-22 17:00:00,67.21,67.46,67.13,67.29,1773,8,0
2025-08-22 18:00:00,67.3,67.39,67.0,67.22,1541,8,0
2025-08-22 19:00:00,67.22,67.27,67.02,67.17,958,8,0
2025-08-22 20:00:00,67.17,67.39,67.12,67.22,872,8,0
2025-08-22 21:00:00,67.22,67.35,67.18,67.32,692,8,0
2025-08-22 22:00:00,67.31,67.36,67.3,67.32,253,8,0
2025-08-22 23:00:00,67.32,67.33,67.22,67.23,129,9,0
2025-08-25 03:00:00,67.24,67.3,67.22,67.3,187,9,0
2025-08-25 04:00:00,67.29,67.3,67.02,67.13,510,9,0
2025-08-25 05:00:00,67.12,67.36,67.12,67.23,339,9,0
2025-08-25 06:00:00,67.23,67.28,67.19,67.27,245,9,0
2025-08-25 07:00:00,67.27,67.32,67.22,67.23,127,9,0
2025-08-25 08:00:00,67.23,67.35,67.14,67.34,238,9,0
2025-08-25 09:00:00,67.34,67.41,67.18,67.3,378,8,0
2025-08-25 10:00:00,67.3,67.38,67.14,67.28,477,8,0
2025-08-25 11:00:00,67.29,67.48,67.27,67.44,614,8,0
2025-08-25 12:00:00,67.45,67.47,67.3,67.44,394,8,0
2025-08-25 13:00:00,67.45,67.68,67.43,67.57,543,8,0
2025-08-25 14:00:00,67.56,67.68,67.55,67.59,369,8,0
2025-08-25 15:00:00,67.59,67.63,67.5,67.54,398,8,0
2025-08-25 16:00:00,67.54,68.13,67.46,67.93,1600,8,0
2025-08-25 17:00:00,67.94,68.12,67.91,68.07,897,8,0
2025-08-25 18:00:00,68.08,68.38,68.06,68.34,957,8,0
2025-08-25 19:00:00,68.34,68.47,68.27,68.43,593,8,0
2025-08-25 20:00:00,68.43,68.44,68.28,68.34,517,8,0
2025-08-25 21:00:00,68.34,68.36,68.12,68.16,735,8,0
2025-08-25 22:00:00,68.16,68.21,68.06,68.19,268,8,0
2025-08-25 23:00:00,68.19,68.2,68.04,68.04,146,9,0
2025-08-26 03:00:00,68.08,68.08,67.78,67.82,430,9,0
2025-08-26 04:00:00,67.82,67.9,67.8,67.85,427,9,0
2025-08-26 05:00:00,67.86,67.96,67.82,67.92,336,9,0
2025-08-26 06:00:00,67.92,67.93,67.84,67.89,227,9,0
2025-08-26 07:00:00,67.89,67.91,67.84,67.85,128,9,0
2025-08-26 08:00:00,67.85,67.9,67.81,67.84,246,9,0
2025-08-26 09:00:00,67.84,67.92,67.71,67.83,565,8,0
2025-08-26 10:00:00,67.83,67.89,67.58,67.59,589,8,0
2025-08-26 11:00:00,67.6,67.75,67.44,67.48,829,8,0
2025-08-26 12:00:00,67.48,67.52,67.12,67.15,593,8,0
2025-08-26 13:00:00,67.15,67.22,67.05,67.08,458,8,0
2025-08-26 14:00:00,67.08,67.24,67.05,67.08,439,8,0
2025-08-26 15:00:00,67.08,67.19,67.05,67.14,563,8,0
2025-08-26 16:00:00,67.14,67.35,67.14,67.3,1073,8,0
2025-08-26 17:00:00,67.3,67.62,67.24,67.29,927,8,0
2025-08-26 18:00:00,67.28,67.28,66.73,66.84,1545,8,0
2025-08-26 19:00:00,66.84,66.9,66.66,66.7,781,8,0
2025-08-26 20:00:00,66.7,66.78,66.65,66.74,532,8,0
2025-08-26 21:00:00,66.74,66.8,66.56,66.69,605,8,0
2025-08-26 22:00:00,66.7,66.76,66.65,66.7,251,8,0
2025-08-26 23:00:00,66.7,66.77,66.58,66.58,194,9,0
2025-08-27 03:00:00,66.82,66.83,66.72,66.73,134,9,0
2025-08-27 04:00:00,66.73,66.73,66.52,66.56,476,9,0
2025-08-27 05:00:00,66.57,66.74,66.54,66.7,318,9,0
2025-08-27 06:00:00,66.7,66.71,66.63,66.63,177,9,0
2025-08-27 07:00:00,66.63,66.69,66.59,66.61,115,9,0
2025-08-27 08:00:00,66.62,66.66,66.49,66.53,278,9,0
2025-08-27 09:00:00,66.53,66.68,66.4,66.57,558,8,0
2025-08-27 10:00:00,66.57,66.65,66.36,66.57,617,8,0
2025-08-27 11:00:00,66.57,66.66,66.31,66.37,750,8,0
2025-08-27 12:00:00,66.36,66.59,66.32,66.56,577,8,0
2025-08-27 13:00:00,66.55,66.59,66.36,66.5,521,8,0
2025-08-27 14:00:00,66.49,66.84,66.45,66.79,546,8,0
2025-08-27 15:00:00,66.79,66.95,66.69,66.92,633,8,0
2025-08-27 16:00:00,66.93,67.08,66.67,66.97,1202,8,0
2025-08-27 17:00:00,66.97,67.3,66.91,67.06,1036,7,0
2025-08-27 18:00:00,67.06,67.12,66.78,67.08,1193,7,0
2025-08-27 19:00:00,67.08,67.2,66.99,67.12,693,7,0
2025-08-27 20:00:00,67.12,67.22,67.04,67.15,537,7,0
2025-08-27 21:00:00,67.15,67.44,67.15,67.22,557,7,0
2025-08-27 22:00:00,67.22,67.23,67.12,67.13,280,7,0
2025-08-27 23:00:00,67.13,67.13,67.0,67.02,167,8,0
2025-08-28 03:00:00,67.04,67.08,66.97,67.03,245,9,0
2025-08-28 04:00:00,67.03,67.06,66.94,67.01,400,9,0
2025-08-28 05:00:00,67.01,67.01,66.85,66.89,204,9,0
2025-08-28 06:00:00,66.89,66.95,66.84,66.87,189,9,0
2025-08-28 07:00:00,66.87,66.89,66.78,66.79,162,9,0
2025-08-28 08:00:00,66.79,66.84,66.73,66.8,311,9,0
2025-08-28 09:00:00,66.8,66.94,66.75,66.91,432,8,0
2025-08-28 10:00:00,66.92,67.19,66.76,66.98,694,8,0
2025-08-28 11:00:00,66.99,67.18,66.77,66.86,884,8,0
2025-08-28 12:00:00,66.86,67.08,66.86,67.0,559,8,0
2025-08-28 13:00:00,67.0,67.19,66.98,67.08,424,8,0
2025-08-28 14:00:00,67.07,67.35,67.02,67.25,417,8,0
2025-08-28 15:00:00,67.25,67.31,67.1,67.3,612,8,0
2025-08-28 16:00:00,67.3,67.31,66.96,67.01,1225,8,0
2025-08-28 17:00:00,67.01,67.06,66.72,66.96,1211,8,0
2025-08-28 18:00:00,66.96,67.14,66.77,66.98,1070,8,0
2025-08-28 19:00:00,66.97,67.02,66.83,66.88,685,7,0
2025-08-28 20:00:00,66.88,67.62,66.85,67.57,906,7,0
2025-08-28 21:00:00,67.56,67.96,67.48,67.52,1066,11,0
2025-08-28 22:00:00,67.52,67.68,67.5,67.56,293,11,0
2025-08-28 23:00:00,67.56,67.62,67.44,67.45,153,13,0
2025-08-29 03:00:00,67.46,67.51,67.38,67.44,147,12,0
2025-08-29 04:00:00,67.45,67.47,67.34,67.37,187,12,0
2025-08-29 05:00:00,67.37,67.42,67.3,67.37,148,12,0
2025-08-29 06:00:00,67.37,67.48,67.36,67.46,136,12,0
2025-08-29 07:00:00,67.46,67.51,67.44,67.46,100,12,0
2025-08-29 08:00:00,67.46,67.58,67.41,67.53,169,12,0
2025-08-29 09:00:00,67.53,67.64,67.37,67.48,294,10,0
2025-08-29 10:00:00,67.48,67.61,67.31,67.51,461,8,0
2025-08-29 11:00:00,67.52,67.65,67.4,67.44,999,8,0
2025-08-29 12:00:00,67.44,67.58,67.24,67.49,751,8,0
2025-08-29 13:00:00,67.48,67.66,67.36,67.6,478,8,0
2025-08-29 14:00:00,67.59,67.69,67.52,67.67,441,8,0
2025-08-29 15:00:00,67.67,67.8,67.58,67.75,453,8,0
2025-08-29 16:00:00,67.75,67.78,67.54,67.64,1112,8,0
2025-08-29 17:00:00,67.64,67.74,67.21,67.39,1209,8,0
2025-08-29 18:00:00,67.39,67.61,67.22,67.47,987,8,0
2025-08-29 19:00:00,67.47,67.49,67.18,67.3,680,7,0
2025-08-29 20:00:00,67.3,67.42,67.24,67.32,529,8,0
2025-08-29 21:00:00,67.32,67.43,67.26,67.32,571,11,0
2025-08-29 22:00:00,67.32,67.35,67.25,67.26,165,11,0
2025-08-29 23:00:00,67.26,67.33,67.22,67.24,113,13,0
2025-09-01 03:00:00,67.25,67.26,67.16,67.21,113,12,0
2025-09-01 04:00:00,67.21,67.21,66.96,67.0,341,12,0
2025-09-01 05:00:00,67.0,67.1,66.95,67.05,212,12,0
2025-09-01 06:00:00,67.05,67.09,67.02,67.03,149,12,0
2025-09-01 07:00:00,67.02,67.03,67.0,67.02,84,12,0
2025-09-01 08:00:00,67.02,67.1,66.98,67.08,188,12,0
2025-09-01 09:00:00,67.08,67.46,67.07,67.42,331,10,0
2025-09-01 10:00:00,67.42,67.71,67.36,67.61,447,8,0
2025-09-01 11:00:00,67.6,67.78,67.48,67.77,559,8,0
2025-09-01 12:00:00,67.78,68.08,67.77,68.0,510,8,0
2025-09-01 13:00:00,68.0,68.0,67.85,67.91,332,8,0
2025-09-01 14:00:00,67.91,68.03,67.9,68.02,278,8,0
2025-09-01 15:00:00,68.02,68.19,68.02,68.15,434,8,0
2025-09-01 16:00:00,68.15,68.2,68.01,68.16,683,8,0
2025-09-01 17:00:00,68.16,68.18,67.99,68.01,441,8,0
2025-09-01 18:00:00,68.01,68.2,67.94,68.04,659,8,0
2025-09-01 19:00:00,68.04,68.06,67.93,67.98,330,8,0
2025-09-01 20:00:00,67.98,68.03,67.94,68.01,142,8,0
2025-09-02 03:00:00,67.99,68.16,67.94,68.15,189,12,0
2025-09-02 04:00:00,68.14,68.37,68.14,68.28,317,12,0
2025-09-02 05:00:00,68.29,68.3,68.18,68.25,246,12,0
2025-09-02 06:00:00,68.26,68.3,68.2,68.25,190,12,0
2025-09-02 07:00:00,68.25,68.27,68.18,68.18,116,12,0
2025-09-02 08:00:00,68.19,68.3,68.16,68.27,206,12,0
2025-09-02 09:00:00,68.27,68.41,68.17,68.39,387,10,0
2025-09-02 10:00:00,68.38,68.57,68.37,68.48,497,10,0
2025-09-02 11:00:00,68.48,69.1,68.48,69.06,843,10,0
2025-09-02 12:00:00,69.06,69.3,68.93,69.25,536,10,0
2025-09-02 13:00:00,69.26,69.31,69.15,69.21,418,10,0
2025-09-02 14:00:00,69.2,69.24,69.01,69.05,581,8,0
2025-09-02 15:00:00,69.05,69.12,67.9,67.92,1384,8,0
2025-09-02 16:00:00,67.92,68.47,67.89,68.29,2202,8,0
2025-09-02 17:00:00,68.29,68.66,68.1,68.58,1491,8,0
2025-09-02 18:00:00,68.58,68.93,68.53,68.81,1270,7,0
2025-09-02 19:00:00,68.81,69.12,68.77,69.04,693,7,0
2025-09-02 20:00:00,69.04,69.11,68.88,68.96,569,7,0
2025-09-02 21:00:00,68.97,69.07,68.87,68.91,759,7,0
2025-09-02 22:00:00,68.91,69.04,68.9,68.96,215,8,0
2025-09-02 23:00:00,68.96,69.0,68.81,68.81,193,9,0
2025-09-03 03:00:00,68.91,68.97,68.85,68.95,171,9,0
2025-09-03 04:00:00,68.95,69.04,68.88,68.89,333,9,0
2025-09-03 05:00:00,68.88,68.93,68.82,68.84,240,9,0
2025-09-03 06:00:00,68.84,68.85,68.68,68.71,195,9,0
2025-09-03 07:00:00,68.72,68.78,68.7,68.75,137,9,0
2025-09-03 08:00:00,68.75,68.8,68.67,68.7,223,9,0
2025-09-03 09:00:00,68.7,68.82,68.66,68.75,439,8,0
2025-09-03 10:00:00,68.75,68.81,68.59,68.68,617,8,0
2025-09-03 11:00:00,68.67,68.91,68.55,68.78,748,8,0
2025-09-03 12:00:00,68.78,68.78,67.73,67.86,1977,8,0
2025-09-03 13:00:00,67.86,67.93,67.55,67.65,1095,8,0
2025-09-03 14:00:00,67.65,67.92,67.65,67.75,924,7,0
2025-09-03 15:00:00,67.75,67.91,67.58,67.9,810,7,0
2025-09-03 16:00:00,67.9,68.13,67.63,67.69,2008,7,0
2025-09-03 17:00:00,67.69,67.69,67.35,67.46,1671,7,0
2025-09-03 18:00:00,67.46,68.23,67.31,68.14,1829,7,0
2025-09-03 19:00:00,68.15,68.2,67.48,67.5,1397,7,0
2025-09-03 20:00:00,67.5,67.55,67.24,67.32,758,7,0
2025-09-03 21:00:00,67.32,67.48,67.3,67.32,621,7,0
2025-09-03 22:00:00,67.32,67.41,67.25,67.37,257,7,0
2025-09-03 23:00:00,67.37,67.39,67.1,67.1,259,8,0
2025-09-04 03:00:00,67.2,67.23,67.13,67.2,232,7,0
2025-09-04 04:00:00,67.19,67.19,67.02,67.08,393,7,0
2025-09-04 05:00:00,67.08,67.14,67.0,67.12,323,7,0
2025-09-04 06:00:00,67.11,67.13,66.94,67.02,232,7,0
2025-09-04 07:00:00,67.02,67.02,66.93,66.99,131,7,0
2025-09-04 08:00:00,67.0,67.03,66.87,66.95,265,7,0
2025-09-04 09:00:00,66.95,67.0,66.67,66.7,659,7,0
2025-09-04 10:00:00,66.7,66.82,66.51,66.61,645,7,0
2025-09-04 11:00:00,66.6,67.19,66.57,66.82,1637,7,0
2025-09-04 12:00:00,66.82,66.88,66.61,66.69,605,7,0
2025-09-04 13:00:00,66.7,66.79,66.37,66.42,680,7,0
2025-09-04 14:00:00,66.43,66.88,66.39,66.79,578,7,0
2025-09-04 15:00:00,66.79,66.84,66.56,66.61,706,7,0
2025-09-04 16:00:00,66.61,66.71,66.17,66.5,1642,7,0
2025-09-04 17:00:00,66.5,66.91,66.37,66.87,1950,7,0
2025-09-04 18:00:00,66.86,67.0,66.74,66.81,986,7,0
2025-09-04 19:00:00,66.81,66.99,66.67,66.93,965,7,0
2025-09-04 20:00:00,66.93,67.0,66.75,66.88,644,7,0
2025-09-04 21:00:00,66.88,66.94,66.69,66.74,662,7,0
2025-09-04 22:00:00,66.74,66.74,66.58,66.65,264,7,0
2025-09-04 23:00:00,66.65,66.68,66.53,66.54,176,8,0
2025-09-05 03:00:00,66.6,66.63,66.52,66.59,192,7,0
2025-09-05 04:00:00,66.6,66.63,66.42,66.54,384,7,0
2025-09-05 05:00:00,66.53,66.68,66.49,66.65,241,7,0
2025-09-05 06:00:00,66.65,66.68,66.63,66.65,158,7,0
2025-09-05 07:00:00,66.65,66.73,66.64,66.66,151,7,0
2025-09-05 08:00:00,66.66,66.75,66.62,66.68,272,7,0
2025-09-05 09:00:00,66.68,66.76,66.42,66.55,540,7,0
2025-09-05 10:00:00,66.56,66.63,66.41,66.51,658,7,0
2025-09-05 11:00:00,66.51,66.74,66.41,66.73,902,7,0
2025-09-05 12:00:00,66.73,66.84,66.54,66.76,668,7,0
2025-09-05 13:00:00,66.75,66.76,66.19,66.25,613,7,0
2025-09-05 14:00:00,66.26,66.52,66.23,66.24,557,7,0
2025-09-05 15:00:00,66.24,66.32,65.16,65.51,2303,7,0
2025-09-05 16:00:00,65.52,65.75,65.31,65.46,2160,10,0
2025-09-05 17:00:00,65.47,65.47,65.08,65.2,1415,10,0
2025-09-05 18:00:00,65.21,65.31,64.9,64.93,1381,8,0
2025-09-05 19:00:00,64.93,65.31,64.92,65.3,749,8,0
2025-09-05 20:00:00,65.3,65.32,65.08,65.22,617,8,0
2025-09-05 21:00:00,65.22,65.52,65.2,65.51,677,8,0
2025-09-05 22:00:00,65.51,65.53,65.39,65.47,305,8,0
2025-09-05 23:00:00,65.48,65.51,65.32,65.36,194,9,0
2025-09-08 03:00:00,65.69,65.75,65.59,65.66,256,9,0
2025-09-08 04:00:00,65.66,66.13,65.57,66.05,797,9,0
2025-09-08 05:00:00,66.05,66.1,65.98,66.07,316,9,0
2025-09-08 06:00:00,66.07,66.1,66.04,66.09,210,9,0
2025-09-08 07:00:00,66.09,66.12,66.03,66.05,189,9,0
2025-09-08 08:00:00,66.05,66.3,66.03,66.27,332,9,0
2025-09-08 09:00:00,66.27,66.55,66.2,66.44,682,8,0
2025-09-08 10:00:00,66.43,66.47,66.22,66.25,716,8,0
2025-09-08 11:00:00,66.25,66.47,66.18,66.39,863,8,0
2025-09-08 12:00:00,66.4,66.6,66.39,66.58,509,8,0
2025-09-08 13:00:00,66.57,66.7,66.45,66.61,743,8,0
2025-09-08 14:00:00,66.6,66.82,66.42,66.7,560,8,0
2025-09-08 15:00:00,66.7,66.74,66.48,66.52,723,6,0
2025-09-08 16:00:00,66.52,66.58,65.62,65.67,1774,7,0
2025-09-08 17:00:00,65.67,65.98,65.54,65.8,1450,7,0
2025-09-08 18:00:00,65.8,66.19,65.8,65.97,1212,7,0
2025-09-08 19:00:00,65.97,66.06,65.72,65.75,721,7,0
2025-09-08 20:00:00,65.75,65.96,65.74,65.79,550,7,0
2025-09-08 21:00:00,65.79,65.95,65.73,65.91,530,7,0
2025-09-08 22:00:00,65.91,65.98,65.88,65.94,196,7,0
2025-09-08 23:00:00,65.94,66.05,65.9,65.91,130,8,0
2025-09-09 03:00:00,65.91,66.08,65.91,65.99,194,7,0
2025-09-09 04:00:00,65.99,66.12,65.92,66.08,360,7,0
2025-09-09 05:00:00,66.08,66.19,66.08,66.16,232,7,0
2025-09-09 06:00:00,66.16,66.22,66.11,66.17,203,7,0
2025-09-09 07:00:00,66.17,66.31,66.16,66.3,126,7,0
2025-09-09 08:00:00,66.3,66.31,66.2,66.21,329,7,0
2025-09-09 09:00:00,66.21,66.44,66.17,66.35,576,7,0
2025-09-09 10:00:00,66.35,66.58,66.28,66.44,577,7,0
2025-09-09 11:00:00,66.44,66.73,66.43,66.56,870,7,0
2025-09-09 12:00:00,66.56,66.56,66.21,66.28,777,7,0
2025-09-09 13:00:00,66.27,66.36,66.17,66.3,573,7,0
2025-09-09 14:00:00,66.3,66.44,66.24,66.39,480,7,0
2025-09-09 15:00:00,66.4,66.6,66.37,66.43,749,7,0
2025-09-09 16:00:00,66.43,67.04,66.4,66.9,2787,7,0
2025-09-09 17:00:00,66.91,67.05,66.64,66.93,1514,8,0
2025-09-09 18:00:00,66.93,67.17,66.46,66.51,1558,8,0
2025-09-09 19:00:00,66.5,66.53,66.29,66.36,784,8,0
2025-09-09 20:00:00,66.36,66.49,66.27,66.28,544,8,0
2025-09-09 21:00:00,66.28,66.32,66.15,66.3,563,8,0
2025-09-09 22:00:00,66.3,66.34,66.24,66.24,195,8,0
2025-09-09 23:00:00,66.24,66.31,66.2,66.23,244,9,0
2025-09-10 03:00:00,66.54,66.63,66.46,66.62,376,9,0
2025-09-10 04:00:00,66.61,66.7,66.55,66.67,392,9,0
2025-09-10 05:00:00,66.68,66.78,66.66,66.69,263,9,0
2025-09-10 06:00:00,66.69,66.78,66.67,66.78,228,9,0
2025-09-10 07:00:00,66.78,66.86,66.75,66.86,175,9,0
2025-09-10 08:00:00,66.86,66.94,66.8,66.85,259,9,0
2025-09-10 09:00:00,66.85,66.99,66.71,66.82,660,8,0
2025-09-10 10:00:00,66.82,66.9,66.64,66.69,617,8,0
2025-09-10 11:00:00,66.7,66.89,66.61,66.8,802,8,0
2025-09-10 12:00:00,66.8,66.85,66.53,66.59,520,8,0
2025-09-10 13:00:00,66.59,66.83,66.5,66.83,439,8,0
2025-09-10 14:00:00,66.83,66.89,66.76,66.79,339,8,0
2025-09-10 15:00:00,66.79,66.97,66.76,66.83,637,8,0
2025-09-10 16:00:00,66.83,67.01,66.65,66.85,1074,7,0
2025-09-10 17:00:00,66.85,67.0,66.55,66.81,1471,7,0
2025-09-10 18:00:00,66.81,67.48,66.76,67.45,1985,7,0
2025-09-10 19:00:00,67.46,67.56,67.43,67.5,727,8,0
2025-09-10 20:00:00,67.5,67.5,67.32,67.36,449,8,0
2025-09-10 21:00:00,67.36,67.41,67.25,67.39,426,8,0
2025-09-10 22:00:00,67.39,67.46,67.37,67.4,244,8,0
2025-09-10 23:00:00,67.39,67.4,67.25,67.25,115,9,0
2025-09-11 03:00:00,67.38,67.39,67.32,67.34,152,9,0
2025-09-11 04:00:00,67.33,67.33,67.22,67.28,254,9,0
2025-09-11 05:00:00,67.29,67.31,67.2,67.24,193,9,0
2025-09-11 06:00:00,67.24,67.26,67.16,67.16,149,9,0
2025-09-11 07:00:00,67.16,67.19,67.11,67.12,126,9,0
2025-09-11 08:00:00,67.12,67.13,67.01,67.08,329,9,0
2025-09-11 09:00:00,67.08,67.25,67.08,67.19,381,8,0
2025-09-11 10:00:00,67.19,67.24,67.11,67.2,570,8,0
2025-09-11 11:00:00,67.2,67.28,66.83,67.01,843,8,0
2025-09-11 12:00:00,67.01,67.2,66.92,67.0,561,8,0
2025-09-11 13:00:00,67.0,67.01,66.73,66.78,516,8,0
2025-09-11 14:00:00,66.78,66.83,66.53,66.64,542,8,0
2025-09-11 15:00:00,66.63,66.64,66.32,66.39,995,8,0
2025-09-11 16:00:00,66.39,66.39,65.93,66.33,1918,8,0
2025-09-11 17:00:00,66.33,66.36,66.03,66.15,1293,8,0
2025-09-11 18:00:00,66.15,66.3,66.0,66.16,1084,8,0
2025-09-11 19:00:00,66.16,66.22,66.04,66.21,584,8,0
2025-09-11 20:00:00,66.2,66.31,66.11,66.19,566,8,0
2025-09-11 21:00:00,66.18,66.21,65.98,66.04,672,8,0
2025-09-11 22:00:00,66.04,66.08,65.99,66.01,215,8,0
2025-09-11 23:00:00,66.01,66.06,65.9,65.91,140,9,0
2025-09-12 03:00:00,65.87,65.97,65.8,65.83,198,9,0
2025-09-12 04:00:00,65.83,65.86,65.62,65.64,376,9,0
2025-09-12 05:00:00,65.64,65.69,65.55,65.56,246,9,0
2025-09-12 06:00:00,65.56,65.61,65.51,65.59,247,9,0
2025-09-12 07:00:00,65.59,65.64,65.58,65.59,139,9,0
2025-09-12 08:00:00,65.59,65.71,65.57,65.65,228,9,0
2025-09-12 09:00:00,65.65,65.66,65.46,65.52,459,8,0
2025-09-12 10:00:00,65.51,65.92,65.46,65.87,612,8,0
2025-09-12 11:00:00,65.87,66.28,65.86,66.18,740,8,0
2025-09-12 12:00:00,66.18,66.65,66.16,66.4,790,8,0
2025-09-12 13:00:00,66.41,66.91,66.41,66.88,575,8,0
2025-09-12 14:00:00,66.87,67.37,66.84,67.37,718,8,0
2025-09-12 15:00:00,67.37,67.86,67.28,67.41,2086,8,0
2025-09-12 16:00:00,67.41,67.42,67.03,67.22,1784,8,0
2025-09-12 17:00:00,67.2,67.32,67.02,67.15,912,8,0
2025-09-12 18:00:00,67.15,67.34,67.1,67.16,822,7,0
2025-09-12 19:00:00,67.18,67.21,66.55,66.55,690,7,0
2025-09-12 20:00:00,66.55,66.64,66.42,66.5,522,7,0
2025-09-12 21:00:00,66.48,66.72,66.47,66.57,659,7,0
2025-09-12 22:00:00,66.57,66.62,66.5,66.51,290,7,0
2025-09-12 23:00:00,66.51,66.66,66.5,66.53,163,8,0
2025-09-15 03:00:00,66.6,66.82,66.59,66.82,215,7,0
2025-09-15 04:00:00,66.82,66.98,66.82,66.96,482,7,0
2025-09-15 05:00:00,66.96,66.99,66.91,66.97,264,7,0
2025-09-15 06:00:00,66.96,67.11,66.95,67.05,245,7,0
2025-09-15 07:00:00,67.05,67.06,67.0,67.02,130,7,0
2025-09-15 08:00:00,67.01,67.08,66.99,67.06,220,7,0
2025-09-15 09:00:00,67.06,67.2,66.88,66.88,454,7,0
2025-09-15 10:00:00,66.88,67.04,66.81,66.99,544,7,0
2025-09-15 11:00:00,67.01,67.05,66.9,66.97,765,7,0
2025-09-15 12:00:00,66.95,67.04,66.75,66.95,550,7,0
2025-09-15 13:00:00,66.95,66.98,66.71,66.72,429,7,0
2025-09-15 14:00:00,66.71,66.98,66.71,66.86,413,7,0
2025-09-15 15:00:00,66.86,66.96,66.79,66.81,579,7,0
2025-09-15 16:00:00,66.82,67.27,66.8,67.24,1008,7,0
2025-09-15 17:00:00,67.24,67.51,67.22,67.3,987,7,0
2025-09-15 18:00:00,67.3,67.31,66.94,66.97,985,7,0
2025-09-15 19:00:00,66.97,67.14,66.91,67.05,528,7,0
2025-09-15 20:00:00,67.05,67.31,67.05,67.16,456,7,0
2025-09-15 21:00:00,67.16,67.21,67.04,67.18,331,7,0
2025-09-15 22:00:00,67.17,67.2,67.09,67.15,209,7,0
2025-09-15 23:00:00,67.15,67.19,67.02,67.02,116,8,0
2025-09-16 03:00:00,67.14,67.22,67.13,67.19,183,7,0
2025-09-16 04:00:00,67.19,67.36,67.18,67.29,359,7,0
2025-09-16 05:00:00,67.27,67.35,67.22,67.25,249,7,0
2025-09-16 06:00:00,67.25,67.29,67.21,67.26,177,7,0
2025-09-16 07:00:00,67.26,67.31,67.26,67.28,115,7,0
2025-09-16 08:00:00,67.27,67.28,67.14,67.24,272,7,0
2025-09-16 09:00:00,67.24,67.33,67.02,67.1,556,7,0
2025-09-16 10:00:00,67.09,67.09,66.77,66.88,593,7,0
2025-09-16 11:00:00,66.9,67.11,66.73,66.8,798,7,0
2025-09-16 12:00:00,66.8,67.01,66.72,66.96,525,7,0
2025-09-16 13:00:00,66.96,67.16,66.95,67.11,361,7,0
2025-09-16 14:00:00,67.11,67.52,67.09,67.37,556,7,0
2025-09-16 15:00:00,67.37,67.87,67.36,67.81,960,7,0
2025-09-16 16:00:00,67.8,67.96,67.62,67.74,1153,7,0
2025-09-16 17:00:00,67.74,67.92,67.48,67.92,1009,7,0
2025-09-16 18:00:00,67.92,68.14,67.88,68.12,826,7,0
2025-09-16 19:00:00,68.12,68.17,68.03,68.1,552,7,0
2025-09-16 20:00:00,68.1,68.33,68.1,68.27,429,7,0
2025-09-16 21:00:00,68.27,68.27,68.07,68.07,436,7,0
2025-09-16 22:00:00,68.06,68.18,68.01,68.14,256,7,0
2025-09-16 23:00:00,68.14,68.18,68.01,68.02,178,8,0
2025-09-17 03:00:00,68.19,68.2,68.08,68.1,159,7,0
2025-09-17 04:00:00,68.11,68.12,68.0,68.04,404,7,0
2025-09-17 05:00:00,68.05,68.07,67.98,68.0,199,7,0
2025-09-17 06:00:00,68.0,68.01,67.94,67.95,183,7,0
2025-09-17 07:00:00,67.96,68.02,67.94,67.99,152,7,0
2025-09-17 08:00:00,67.98,68.02,67.88,67.97,267,7,0
2025-09-17 09:00:00,67.97,68.11,67.89,68.03,511,7,0
2025-09-17 10:00:00,68.02,68.04,67.74,67.76,567,7,0
2025-09-17 11:00:00,67.75,67.82,67.58,67.67,737,7,0
2025-09-17 12:00:00,67.67,67.82,67.6,67.65,433,7,0
2025-09-17 13:00:00,67.65,67.71,67.45,67.59,454,7,0
2025-09-17 14:00:00,67.59,67.82,67.51,67.81,423,7,0
2025-09-17 15:00:00,67.8,67.93,67.78,67.82,534,7,0
2025-09-17 16:00:00,67.81,68.04,67.81,67.99,876,7,0
2025-09-17 17:00:00,68.0,68.18,67.72,67.93,1177,7,0
2025-09-17 18:00:00,67.93,67.98,67.56,67.85,1079,7,0
2025-09-17 19:00:00,67.86,67.96,67.74,67.79,605,7,0
2025-09-17 20:00:00,67.79,67.87,67.73,67.82,482,7,0
2025-09-17 21:00:00,67.82,67.84,67.22,67.31,1536,8,0
2025-09-17 22:00:00,67.31,67.51,67.3,67.45,627,8,0
2025-09-17 23:00:00,67.45,67.57,67.38,67.38,159,9,0
2025-09-18 03:00:00,67.54,67.56,67.33,67.33,261,9,0
2025-09-18 04:00:00,67.33,67.33,67.09,67.2,517,9,0
2025-09-18 05:00:00,67.2,67.36,67.18,67.34,295,9,0
2025-09-18 06:00:00,67.34,67.48,67.34,67.41,269,9,0
2025-09-18 07:00:00,67.41,67.44,67.3,67.32,157,9,0
2025-09-18 08:00:00,67.31,67.34,67.19,67.25,321,9,0
2025-09-18 09:00:00,67.24,67.36,67.15,67.27,608,8,0
2025-09-18 10:00:00,67.28,67.42,67.11,67.19,599,8,0
2025-09-18 11:00:00,67.21,67.71,67.15,67.65,881,8,0
2025-09-18 12:00:00,67.65,67.66,66.95,66.97,764,8,0
2025-09-18 13:00:00,66.97,67.54,66.93,67.39,649,8,0
2025-09-18 14:00:00,67.4,67.89,67.4,67.82,587,8,0
2025-09-18 15:00:00,67.81,67.94,67.66,67.66,654,7,0
2025-09-18 16:00:00,67.67,67.73,67.43,67.55,1465,7,0
2025-09-18 17:00:00,67.55,67.97,67.55,67.61,1200,7,0
2025-09-18 18:00:00,67.61,67.78,67.0,67.22,1806,7,0
2025-09-18 19:00:00,67.22,67.24,66.99,67.0,534,7,0
2025-09-18 20:00:00,67.0,67.03,66.77,66.85,500,7,0
2025-09-18 21:00:00,66.85,67.17,66.85,67.16,536,7,0
2025-09-18 22:00:00,67.16,67.17,67.09,67.12,201,7,0
2025-09-18 23:00:00,67.12,67.15,66.94,66.94,167,8,0
2025-09-19 03:00:00,66.98,67.07,66.94,67.01,207,7,0
2025-09-19 04:00:00,67.0,67.11,66.94,67.04,365,7,0
2025-09-19 05:00:00,67.05,67.06,66.88,66.92,319,7,0
2025-09-19 06:00:00,66.92,66.93,66.85,66.91,211,7,0
2025-09-19 07:00:00,66.91,66.92,66.79,66.85,190,7,0
2025-09-19 08:00:00,66.86,66.93,66.64,66.72,350,7,0
2025-09-19 09:00:00,66.72,66.88,66.71,66.84,423,7,0
2025-09-19 10:00:00,66.85,67.04,66.71,66.73,587,7,0
2025-09-19 11:00:00,66.71,66.81,66.52,66.56,722,7,0
2025-09-19 12:00:00,66.56,66.65,66.43,66.51,604,7,0
2025-09-19 13:00:00,66.51,66.89,66.36,66.71,614,7,0
2025-09-19 14:00:00,66.71,66.99,66.65,66.72,586,7,0
2025-09-19 15:00:00,66.72,66.8,66.58,66.77,694,7,0
2025-09-19 16:00:00,66.78,66.79,66.38,66.51,1305,7,0
2025-09-19 17:00:00,66.5,66.85,66.33,66.45,1169,7,0
2025-09-19 18:00:00,66.46,66.48,65.92,66.17,1245,7,0
2025-09-19 19:00:00,66.16,66.24,66.08,66.13,676,7,0
2025-09-19 20:00:00,66.13,66.22,66.07,66.19,508,7,0
2025-09-19 21:00:00,66.18,66.23,66.06,66.14,448,7,0
2025-09-19 22:00:00,66.14,66.16,66.06,66.08,215,7,0
2025-09-19 23:00:00,66.08,66.12,66.01,66.03,119,8,0
2025-09-22 03:00:00,66.26,66.33,66.22,66.32,185,7,0
2025-09-22 04:00:00,66.32,66.49,66.28,66.42,294,7,0
2025-09-22 05:00:00,66.42,66.51,66.42,66.42,242,7,0
2025-09-22 06:00:00,66.41,66.54,66.41,66.5,162,7,0
2025-09-22 07:00:00,66.5,66.52,66.47,66.52,88,7,0
2025-09-22 08:00:00,66.52,66.63,66.48,66.51,289,7,0
2025-09-22 09:00:00,66.51,66.71,66.45,66.57,432,7,0
2025-09-22 10:00:00,66.58,66.64,66.38,66.44,488,7,0
2025-09-22 11:00:00,66.44,66.46,66.14,66.16,711,7,0
2025-09-22 12:00:00,66.18,66.22,65.96,65.99,421,7,0
2025-09-22 13:00:00,65.98,65.98,65.63,65.66,537,7,0
2025-09-22 14:00:00,65.67,65.76,65.55,65.56,420,7,0
2025-09-22 15:00:00,65.55,65.72,65.48,65.53,599,7,0
2025-09-22 16:00:00,65.53,65.73,65.4,65.68,1194,7,0
2025-09-22 17:00:00,65.68,65.94,65.59,65.92,827,7,0
2025-09-22 18:00:00,65.93,66.02,65.8,65.94,756,7,0
2025-09-22 19:00:00,65.94,65.99,65.83,65.91,390,7,0
2025-09-22 20:00:00,65.91,66.13,65.9,66.03,574,7,0
2025-09-22 21:00:00,66.03,66.09,65.84,66.03,596,7,0
2025-09-22 22:00:00,66.02,66.05,66.0,66.0,172,7,0
2025-09-22 23:00:00,66.0,66.08,65.92,65.92,122,8,0
2025-09-23 03:00:00,66.04,66.09,65.94,65.95,139,7,0
2025-09-23 04:00:00,65.95,65.95,65.71,65.71,441,7,0
2025-09-23 05:00:00,65.71,65.73,65.6,65.63,277,7,0
2025-09-23 06:00:00,65.62,65.63,65.55,65.57,155,7,0
2025-09-23 07:00:00,65.57,65.66,65.55,65.62,116,7,0
2025-09-23 08:00:00,65.62,65.73,65.51,65.58,228,7,0
2025-09-23 09:00:00,65.58,65.79,65.53,65.65,354,7,0
2025-09-23 10:00:00,65.64,65.9,65.54,65.9,440,7,0
2025-09-23 11:00:00,65.89,65.99,65.61,65.85,709,7,0
2025-09-23 12:00:00,65.85,66.31,65.8,66.26,514,7,0
2025-09-23 13:00:00,66.27,66.67,66.25,66.6,634,7,0
2025-09-23 14:00:00,66.59,66.67,66.48,66.62,476,7,0
2025-09-23 15:00:00,66.62,66.77,66.54,66.69,575,7,0
2025-09-23 16:00:00,66.68,66.94,66.56,66.94,1038,7,0
2025-09-23 17:00:00,66.94,67.24,66.91,67.12,1312,7,0
2025-09-23 18:00:00,67.13,67.44,67.1,67.19,1054,7,0
2025-09-23 19:00:00,67.2,67.25,66.9,66.94,551,7,0
2025-09-23 20:00:00,66.94,67.07,66.8,66.88,651,7,0
2025-09-23 21:00:00,66.9,67.13,66.82,67.12,590,7,0
2025-09-23 22:00:00,67.13,67.37,67.13,67.28,379,7,0
2025-09-23 23:00:00,67.28,67.3,67.09,67.09,190,8,0
2025-09-24 03:00:00,67.22,67.26,67.16,67.24,207,7,0
2025-09-24 04:00:00,67.24,67.25,67.1,67.12,346,7,0
2025-09-24 05:00:00,67.12,67.12,67.02,67.07,166,7,0
2025-09-24 06:00:00,67.07,67.12,67.07,67.12,123,7,0
2025-09-24 07:00:00,67.12,67.12,67.02,67.02,104,7,0
2025-09-24 08:00:00,67.02,67.14,66.94,67.02,242,7,0
2025-09-24 09:00:00,67.02,67.09,66.92,67.05,441,7,0
2025-09-24 10:00:00,67.04,67.36,66.95,67.28,539,7,0
2025-09-24 11:00:00,67.31,67.33,66.79,66.97,682,7,0
2025-09-24 12:00:00,66.97,67.32,66.92,67.29,551,7,0
2025-09-24 13:00:00,67.29,67.67,67.29,67.54,674,7,0
2025-09-24 14:00:00,67.53,67.66,67.48,67.64,446,7,0
2025-09-24 15:00:00,67.63,67.9,67.62,67.7,553,7,0
2025-09-24 16:00:00,67.69,67.86,67.63,67.79,825,7,0
2025-09-24 17:00:00,67.79,67.95,67.52,67.94,993,7,0
2025-09-24 18:00:00,67.95,68.24,67.95,68.16,1012,7,0
2025-09-24 19:00:00,68.15,68.23,68.04,68.21,565,7,0
2025-09-24 20:00:00,68.21,68.44,68.2,68.35,513,7,0
2025-09-24 21:00:00,68.36,68.51,68.27,68.33,566,7,0
2025-09-24 22:00:00,68.34,68.35,68.29,68.31,221,7,0
2025-09-24 23:00:00,68.31,68.34,68.2,68.21,127,8,0
2025-09-25 03:00:00,68.23,68.44,68.17,68.4,281,7,0
2025-09-25 04:00:00,68.4,68.42,68.16,68.19,373,7,0
2025-09-25 05:00:00,68.19,68.28,68.14,68.27,180,7,0
2025-09-25 06:00:00,68.27,68.27,68.12,68.19,179,7,0
2025-09-25 07:00:00,68.19,68.2,68.14,68.15,107,7,0
2025-09-25 08:00:00,68.15,68.24,68.07,68.23,193,7,0
2025-09-25 09:00:00,68.23,68.37,68.16,68.31,379,7,0
2025-09-25 10:00:00,68.31,68.32,67.94,68.16,628,7,0
2025-09-25 11:00:00,68.17,68.2,67.75,67.8,893,7,0
2025-09-25 12:00:00,67.79,68.2,67.77,68.11,632,7,0
2025-09-25 13:00:00,68.11,68.33,67.97,68.31,679,7,0
2025-09-25 14:00:00,68.3,68.36,68.08,68.22,842,7,0
2025-09-25 15:00:00,68.2,68.26,67.97,68.11,849,7,0
2025-09-25 16:00:00,68.11,68.12,67.7,67.8,1195,7,0
2025-09-25 17:00:00,67.8,67.89,67.64,67.76,891,7,0
2025-09-25 18:00:00,67.77,68.45,67.74,68.36,1084,7,0
2025-09-25 19:00:00,68.36,68.37,68.17,68.21,696,7,0
2025-09-25 20:00:00,68.21,68.55,68.13,68.36,1074,7,0
2025-09-25 21:00:00,68.36,68.78,68.3,68.73,695,7,0
2025-09-25 22:00:00,68.73,68.79,68.6,68.77,347,7,0
2025-09-25 23:00:00,68.77,68.78,68.59,68.6,247,8,0
2025-09-26 03:00:00,68.74,68.76,68.68,68.72,202,7,0
2025-09-26 04:00:00,68.71,68.85,68.63,68.78,344,7,0
2025-09-26 05:00:00,68.78,68.79,68.68,68.7,187,7,0
2025-09-26 06:00:00,68.7,68.73,68.6,68.64,196,7,0
2025-09-26 07:00:00,68.64,68.7,68.6,68.61,123,7,0
2025-09-26 08:00:00,68.61,68.71,68.6,68.65,217,7,0
2025-09-26 09:00:00,68.65,68.82,68.58,68.6,362,7,0
2025-09-26 10:00:00,68.6,68.76,68.5,68.61,683,7,0
2025-09-26 11:00:00,68.62,68.69,68.5,68.64,595,7,0
2025-09-26 12:00:00,68.64,68.68,68.26,68.26,523,7,0
2025-09-26 13:00:00,68.25,68.5,68.22,68.42,401,7,0
2025-09-26 14:00:00,68.42,68.68,68.39,68.42,447,7,0
2025-09-26 15:00:00,68.41,68.81,68.36,68.69,530,7,0
2025-09-26 16:00:00,68.69,69.03,68.69,68.99,798,7,0
2025-09-26 17:00:00,69.0,69.77,69.0,69.74,1377,7,0
2025-09-26 18:00:00,69.75,69.8,69.57,69.6,1145,7,0
2025-09-26 19:00:00,69.6,69.64,69.15,69.21,970,7,0
2025-09-26 20:00:00,69.21,69.25,68.76,69.01,817,7,0
2025-09-26 21:00:00,69.01,69.21,68.84,68.95,886,7,0
2025-09-26 22:00:00,68.94,68.96,68.69,68.74,356,7,0
2025-09-26 23:00:00,68.74,68.82,68.55,68.59,176,8,0
2025-09-29 03:00:00,68.59,68.63,68.49,68.63,231,7,0
2025-09-29 04:00:00,68.62,68.74,68.52,68.58,456,7,0
2025-09-29 05:00:00,68.57,68.81,68.51,68.76,305,7,0
2025-09-29 06:00:00,68.77,68.81,68.67,68.71,186,7,0
2025-09-29 07:00:00,68.71,68.83,68.69,68.78,148,7,0
2025-09-29 08:00:00,68.79,68.82,68.72,68.76,242,7,0
2025-09-29 09:00:00,68.76,68.86,68.56,68.77,405,7,0
2025-09-29 10:00:00,68.76,68.76,68.36,68.44,684,7,0
2025-09-29 11:00:00,68.43,68.52,68.22,68.49,894,7,0
2025-09-29 12:00:00,68.47,68.47,68.04,68.07,849,7,0
2025-09-29 13:00:00,68.07,68.16,67.91,67.95,562,7,0
2025-09-29 14:00:00,67.95,68.05,67.83,67.95,567,7,0
2025-09-29 15:00:00,67.94,68.08,67.66,68.0,834,7,0
2025-09-29 16:00:00,67.98,67.98,67.17,67.22,1786,7,0
2025-09-29 17:00:00,67.22,67.39,67.15,67.17,1116,7,0
2025-09-29 18:00:00,67.17,67.23,66.7,66.9,1220,7,0
2025-09-29 19:00:00,66.9,67.04,66.88,66.9,504,7,0
2025-09-29 20:00:00,66.9,66.9,66.62,66.66,452,7,0
2025-09-29 21:00:00,66.66,67.06,66.61,66.78,651,7,0
2025-09-29 22:00:00,66.78,66.81,66.67,66.73,294,7,0
2025-09-29 23:00:00,66.73,66.76,66.56,66.59,204,8,0
2025-09-30 03:00:00,66.62,66.63,66.54,66.58,208,7,0
2025-09-30 04:00:00,66.58,66.73,66.52,66.71,480,7,0
2025-09-30 05:00:00,66.7,66.7,66.55,66.58,235,7,0
2025-09-30 06:00:00,66.58,66.61,66.43,66.6,229,7,0
2025-09-30 07:00:00,66.6,66.65,66.55,66.59,147,7,0
2025-09-30 08:00:00,66.59,66.73,66.53,66.69,364,7,0
2025-09-30 09:00:00,66.69,66.74,66.58,66.69,424,7,0
2025-09-30 10:00:00,66.69,66.69,66.19,66.3,726,7,0
2025-09-30 11:00:00,66.29,66.54,66.01,66.49,920,7,0
2025-09-30 12:00:00,66.49,66.55,66.23,66.25,719,7,0
2025-09-30 13:00:00,66.24,66.66,66.2,66.47,668,7,0
2025-09-30 14:00:00,66.49,66.57,65.76,65.79,876,7,0
2025-09-30 15:00:00,65.8,65.98,65.54,65.83,1721,10,0
2025-09-30 16:00:00,65.84,66.25,65.8,66.16,1461,7,0
2025-09-30 17:00:00,66.16,66.21,65.75,65.76,988,7,0
2025-09-30 18:00:00,65.74,66.52,65.74,66.28,2068,7,0
2025-09-30 19:00:00,66.28,66.52,66.25,66.28,917,7,0
2025-09-30 20:00:00,66.28,66.32,65.96,65.99,607,7,0
2025-09-30 21:00:00,66.0,66.13,65.91,66.13,557,7,0
2025-09-30 22:00:00,66.13,66.17,66.04,66.07,243,7,0
2025-09-30 23:00:00,66.07,66.11,65.87,65.88,243,8,0
2025-10-01 03:00:00,65.99,66.06,65.69,65.7,320,0,0
2025-10-01 04:00:00,65.69,66.08,65.69,66.06,374,0,0
2025-10-01 05:00:00,66.05,66.14,65.98,66.03,238,0,0
2025-10-01 06:00:00,66.02,66.11,65.97,66.1,164,7,0
2025-10-01 07:00:00,66.09,66.18,66.07,66.18,140,7,0
2025-10-01 08:00:00,66.17,66.22,66.01,66.02,180,7,0
2025-10-01 09:00:00,66.02,66.22,66.0,66.17,446,7,0
2025-10-01 10:00:00,66.18,66.41,66.13,66.34,655,7,0
2025-10-01 11:00:00,66.34,66.45,65.59,65.74,1241,7,0
2025-10-01 12:00:00,65.73,65.8,65.23,65.45,916,7,0
2025-10-01 13:00:00,65.45,65.96,65.43,65.77,775,7,0
2025-10-01 14:00:00,65.78,65.78,65.55,65.67,629,7,0
2025-10-01 15:00:00,65.67,65.71,65.32,65.43,1118,7,0
2025-10-01 16:00:00,65.41,65.64,64.95,65.13,1473,7,0
2025-10-01 17:00:00,65.13,65.52,65.02,65.39,1760,7,0
2025-10-01 18:00:00,65.38,65.58,64.99,65.31,1658,7,0
2025-10-01 19:00:00,65.3,65.77,65.26,65.32,1077,7,0
2025-10-01 20:00:00,65.32,65.47,65.23,65.31,758,7,0
2025-10-01 21:00:00,65.31,65.44,65.19,65.4,729,7,0
2025-10-01 22:00:00,65.4,65.56,65.39,65.42,260,7,0
2025-10-01 23:00:00,65.42,65.47,65.18,65.18,210,8,0
2025-10-02 03:00:00,65.33,66.03,65.31,65.42,753,7,0
2025-10-02 04:00:00,65.41,65.6,65.35,65.57,421,7,0
2025-10-02 05:00:00,65.58,65.77,65.55,65.67,302,7,0
2025-10-02 06:00:00,65.66,65.68,65.48,65.61,167,7,0
2025-10-02 07:00:00,65.61,65.64,65.52,65.53,160,7,0
2025-10-02 08:00:00,65.54,65.73,65.54,65.55,294,7,0
2025-10-02 09:00:00,65.55,65.56,65.28,65.36,462,7,0
2025-10-02 10:00:00,65.35,65.5,65.19,65.37,580,7,0
2025-10-02 11:00:00,65.37,65.53,65.2,65.34,1140,6,0
2025-10-02 12:00:00,65.31,65.36,64.71,64.87,890,7,0
2025-10-02 13:00:00,64.87,65.18,64.8,64.98,744,7,0
2025-10-02 14:00:00,64.97,65.07,64.76,64.95,648,7,0
2025-10-02 15:00:00,64.95,64.99,64.81,64.9,735,7,0
2025-10-02 16:00:00,64.88,65.08,64.54,64.92,1548,7,0
2025-10-02 17:00:00,64.92,65.27,64.41,64.45,1739,7,0
2025-10-02 18:00:00,64.45,64.54,64.15,64.26,1268,7,0
2025-10-02 19:00:00,64.26,64.32,63.91,64.08,759,7,0
2025-10-02 20:00:00,64.08,64.14,63.94,63.95,522,7,0
2025-10-02 21:00:00,63.95,64.12,63.92,64.04,606,7,0
2025-10-02 22:00:00,64.04,64.17,64.03,64.15,214,7,0
2025-10-02 23:00:00,64.15,64.28,64.05,64.07,179,8,0
2025-10-03 03:00:00,64.21,64.21,64.1,64.14,257,7,0
2025-10-03 04:00:00,64.14,64.33,64.14,64.24,292,7,0
2025-10-03 05:00:00,64.24,64.26,64.18,64.22,167,7,0
2025-10-03 06:00:00,64.22,64.39,64.22,64.34,178,7,0
2025-10-03 07:00:00,64.34,64.42,64.32,64.4,107,7,0
2025-10-03 08:00:00,64.39,64.54,64.38,64.53,206,7,0
2025-10-03 09:00:00,64.52,64.69,64.46,64.61,488,7,0
2025-10-03 10:00:00,64.61,64.72,64.42,64.44,675,7,0
2025-10-03 11:00:00,64.45,64.86,64.39,64.86,960,7,0
2025-10-03 12:00:00,64.86,64.88,64.25,64.34,766,7,0
2025-10-03 13:00:00,64.34,64.48,64.22,64.26,624,7,0
2025-10-03 14:00:00,64.26,64.48,64.18,64.23,572,7,0
2025-10-03 15:00:00,64.21,64.41,64.1,64.39,666,7,0
2025-10-03 16:00:00,64.39,64.51,64.22,64.39,1343,7,0
2025-10-03 17:00:00,64.38,64.71,64.23,64.51,1405,7,0
2025-10-03 18:00:00,64.52,64.75,64.38,64.54,1349,7,0
2025-10-03 19:00:00,64.54,64.68,64.5,64.62,706,7,0
2025-10-03 20:00:00,64.62,64.69,64.5,64.63,545,7,0
2025-10-03 21:00:00,64.64,64.67,64.26,64.33,588,7,0
2025-10-03 22:00:00,64.34,64.44,64.29,64.3,288,7,0
2025-10-03 23:00:00,64.3,64.4,64.18,64.19,258,8,0
2025-10-06 03:00:00,65.14,65.34,65.08,65.31,425,7,0
2025-10-06 04:00:00,65.31,65.32,65.21,65.31,180,7,0
2025-10-06 05:00:00,65.31,65.33,65.26,65.27,211,7,0
2025-10-06 06:00:00,65.27,65.32,65.26,65.32,145,7,0
2025-10-06 07:00:00,65.32,65.42,65.3,65.37,148,7,0
2025-10-06 08:00:00,65.37,65.38,65.1,65.25,260,7,0
2025-10-06 09:00:00,65.25,65.25,64.97,65.25,545,7,0
2025-10-06 10:00:00,65.25,65.55,65.06,65.11,1030,7,0
2025-10-06 11:00:00,65.12,65.51,65.04,65.43,1088,7,0
2025-10-06 12:00:00,65.43,65.57,65.33,65.52,652,7,0
2025-10-06 13:00:00,65.52,65.6,65.24,65.26,523,7,0
2025-10-06 14:00:00,65.26,65.29,64.61,64.81,779,7,0
2025-10-06 15:00:00,64.81,65.17,64.8,64.96,783,7,0
2025-10-06 16:00:00,64.96,65.5,64.85,65.48,1401,7,0
2025-10-06 17:00:00,65.48,65.5,64.92,64.96,1382,7,0
2025-10-06 18:00:00,64.95,65.47,64.86,65.39,1219,7,0
2025-10-06 19:00:00,65.38,65.58,65.25,65.25,660,7,0
2025-10-06 20:00:00,65.25,65.4,65.12,65.34,514,7,0
2025-10-06 21:00:00,65.34,65.46,65.19,65.32,504,7,0
2025-10-06 22:00:00,65.32,65.43,65.3,65.38,210,7,0
2025-10-06 23:00:00,65.38,65.44,65.19,65.2,129,8,0
2025-10-07 03:00:00,65.31,65.36,65.27,65.32,155,7,0
2025-10-07 04:00:00,65.32,65.44,65.31,65.39,149,7,0
2025-10-07 05:00:00,65.39,65.53,65.37,65.5,183,7,0
2025-10-07 06:00:00,65.52,65.55,65.47,65.51,117,7,0
2025-10-07 07:00:00,65.51,65.51,65.3,65.32,135,7,0
2025-10-07 08:00:00,65.32,65.56,65.31,65.52,187,7,0
2025-10-07 09:00:00,65.52,65.65,65.41,65.46,340,7,0
2025-10-07 10:00:00,65.46,65.51,65.12,65.29,647,7,0
2025-10-07 11:00:00,65.28,65.51,65.11,65.12,774,7,0
2025-10-07 12:00:00,65.12,65.2,64.9,65.16,672,7,0
2025-10-07 13:00:00,65.16,65.33,65.08,65.23,462,7,0
2025-10-07 14:00:00,65.21,65.45,65.19,65.34,526,7,0
2025-10-07 15:00:00,65.35,65.4,64.94,64.96,759,7,0
2025-10-07 16:00:00,64.95,65.35,64.36,65.19,1982,7,0
2025-10-07 17:00:00,65.19,65.22,64.71,65.13,1433,7,0
2025-10-07 18:00:00,65.13,65.32,64.95,65.06,1272,7,0
2025-10-07 19:00:00,65.07,65.11,64.86,64.96,834,7,0
2025-10-07 20:00:00,64.96,65.2,64.91,65.04,518,7,0
2025-10-07 21:00:00,65.03,65.49,65.02,65.48,555,7,0
2025-10-07 22:00:00,65.49,65.58,65.44,65.55,214,7,0
2025-10-07 23:00:00,65.55,65.56,65.38,65.39,180,8,0
2025-10-08 03:00:00,65.56,65.65,65.52,65.62,203,7,0
2025-10-08 04:00:00,65.62,65.7,65.6,65.66,159,7,0
2025-10-08 05:00:00,65.67,65.79,65.66,65.73,141,7,0
2025-10-08 06:00:00,65.73,65.79,65.69,65.7,176,7,0
2025-10-08 07:00:00,65.7,65.73,65.64,65.68,116,7,0
2025-10-08 08:00:00,65.68,65.75,65.66,65.72,168,7,0
2025-10-08 09:00:00,65.72,65.87,65.69,65.84,441,7,0
2025-10-08 10:00:00,65.84,65.9,65.68,65.79,576,7,0
2025-10-08 11:00:00,65.78,65.83,65.56,65.73,904,7,0
2025-10-08 12:00:00,65.74,66.07,65.69,65.97,663,7,0
2025-10-08 13:00:00,65.97,66.03,65.73,65.87,507,7,0
2025-10-08 14:00:00,65.85,66.13,65.85,66.09,389,7,0
2025-10-08 15:00:00,66.09,66.2,65.98,66.01,531,7,0
2025-10-08 16:00:00,66.01,66.05,65.54,65.64,1226,7,0
2025-10-08 17:00:00,65.64,65.99,65.57,65.96,1215,7,0
2025-10-08 18:00:00,65.96,66.26,65.96,66.2,962,7,0
2025-10-08 19:00:00,66.2,66.27,65.84,66.04,715,7,0
2025-10-08 20:00:00,66.04,66.17,66.0,66.13,486,7,0
2025-10-08 21:00:00,66.13,66.14,65.86,65.88,568,7,0
2025-10-08 22:00:00,65.87,65.92,65.85,65.87,237,7,0
2025-10-08 23:00:00,65.87,65.9,65.64,65.65,155,8,0
2025-10-09 03:00:00,65.48,65.52,65.32,65.41,331,7,0
2025-10-09 04:00:00,65.42,65.64,65.26,65.57,1001,7,0
2025-10-09 05:00:00,65.57,65.64,65.44,65.52,404,7,0
2025-10-09 06:00:00,65.52,65.64,65.51,65.58,212,7,0
2025-10-09 07:00:00,65.58,65.65,65.58,65.63,134,7,0
2025-10-09 08:00:00,65.64,66.1,65.64,66.07,536,7,0
2025-10-09 09:00:00,66.07,66.09,65.89,66.04,547,7,0
2025-10-09 10:00:00,66.03,66.2,65.99,66.13,555,7,0
2025-10-09 11:00:00,66.15,66.21,65.93,66.13,813,7,0
2025-10-09 12:00:00,66.13,66.28,65.78,65.83,767,7,0
2025-10-09 13:00:00,65.82,65.84,65.53,65.59,668,7,0
2025-10-09 14:00:00,65.6,65.89,65.6,65.7,569,7,0
2025-10-09 15:00:00,65.68,66.01,65.63,65.96,595,7,0
2025-10-09 16:00:00,65.96,66.19,65.69,65.71,1226,7,0
2025-10-09 17:00:00,65.71,65.96,65.52,65.68,1425,7,0
2025-10-09 18:00:00,65.68,65.83,65.33,65.35,1210,7,0
2025-10-09 19:00:00,65.35,65.51,64.86,64.9,986,7,0
2025-10-09 20:00:00,64.9,64.99,64.72,64.88,818,7,0
2025-10-09 21:00:00,64.88,65.03,64.8,64.82,733,7,0
2025-10-09 22:00:00,64.82,64.96,64.73,64.9,323,7,0
2025-10-09 23:00:00,64.9,64.93,64.83,64.83,141,8,0
2025-10-10 03:00:00,65.31,65.31,64.93,65.07,210,0,0
2025-10-10 04:00:00,65.07,65.09,64.87,65.02,343,7,0
2025-10-10 05:00:00,65.01,65.03,64.87,64.93,236,7,0
2025-10-10 06:00:00,64.92,64.94,64.78,64.78,240,7,0
2025-10-10 07:00:00,64.77,64.78,64.61,64.64,152,7,0
2025-10-10 08:00:00,64.64,64.82,64.64,64.78,286,7,0
2025-10-10 09:00:00,64.78,64.84,64.57,64.59,583,7,0
2025-10-10 10:00:00,64.59,64.73,64.46,64.62,705,7,0
2025-10-10 11:00:00,64.63,64.87,64.51,64.64,839,7,0
2025-10-10 12:00:00,64.64,64.72,64.41,64.56,745,7,0
2025-10-10 13:00:00,64.56,64.6,64.14,64.14,583,7,0
2025-10-10 14:00:00,64.14,64.34,64.08,64.16,497,7,0
2025-10-10 15:00:00,64.16,64.17,63.6,63.71,861,7,0
2025-10-10 16:00:00,63.7,63.84,63.06,63.68,2320,7,0
2025-10-10 17:00:00,63.68,63.97,63.31,63.61,1813,7,0
2025-10-10 18:00:00,63.61,63.63,62.46,62.48,3007,7,0
2025-10-10 19:00:00,62.48,62.66,62.26,62.45,1546,14,0
2025-10-10 20:00:00,62.45,62.64,62.39,62.44,684,15,0
2025-10-10 21:00:00,62.45,62.46,62.23,62.41,530,7,0
2025-10-10 22:00:00,62.41,62.57,62.38,62.42,516,7,0
2025-10-10 23:00:00,62.42,62.47,61.98,61.99,448,8,0
2025-10-13 03:00:00,63.13,63.35,62.88,63.29,597,7,0
2025-10-13 04:00:00,63.28,63.52,63.17,63.45,963,7,0
2025-10-13 05:00:00,63.46,63.54,63.39,63.4,409,7,0
2025-10-13 06:00:00,63.39,63.49,63.28,63.32,374,7,0
2025-10-13 07:00:00,63.32,63.38,63.25,63.26,216,7,0
2025-10-13 08:00:00,63.25,63.42,63.23,63.38,503,7,0
2025-10-13 09:00:00,63.37,63.45,63.27,63.43,831,7,0
2025-10-13 10:00:00,63.41,63.5,63.21,63.36,837,7,0
2025-10-13 11:00:00,63.36,63.6,63.23,63.57,1185,7,0
2025-10-13 12:00:00,63.57,63.68,63.43,63.6,645,7,0
2025-10-13 13:00:00,63.6,63.66,63.38,63.48,590,7,0
2025-10-13 14:00:00,63.47,63.62,63.19,63.3,830,7,0
2025-10-13 15:00:00,63.29,63.36,62.89,62.96,984,7,0
2025-10-13 16:00:00,62.98,63.36,62.82,63.34,1814,7,0
2025-10-13 17:00:00,63.34,63.57,63.25,63.46,1525,7,0
2025-10-13 18:00:00,63.47,63.53,62.97,63.06,1212,7,0
2025-10-13 19:00:00,63.06,63.27,63.03,63.22,747,7,0
2025-10-13 20:00:00,63.22,63.35,63.2,63.3,515,7,0
2025-10-13 21:00:00,63.3,63.31,63.03,63.06,614,7,0
2025-10-13 22:00:00,63.06,63.32,63.06,63.26,272,7,0
2025-10-13 23:00:00,63.26,63.31,63.0,63.01,214,8,0
2025-10-14 03:00:00,63.21,63.36,63.21,63.34,185,7,0
2025-10-14 04:00:00,63.34,63.36,63.24,63.24,503,7,0
2025-10-14 05:00:00,63.25,63.3,63.17,63.19,360,7,0
2025-10-14 06:00:00,63.19,63.3,63.15,63.29,336,7,0
2025-10-14 07:00:00,63.29,63.3,63.03,63.08,301,7,0
2025-10-14 08:00:00,63.08,63.08,62.66,62.7,725,7,0
2025-10-14 09:00:00,62.69,62.93,62.59,62.63,887,7,0
2025-10-14 10:00:00,62.63,62.64,61.95,62.2,1247,7,0
2025-10-14 11:00:00,62.21,62.23,61.61,61.85,1628,7,0
2025-10-14 12:00:00,61.84,61.99,61.57,61.94,1045,7,0
2025-10-14 13:00:00,61.94,62.02,61.29,61.4,1117,7,0
2025-10-14 14:00:00,61.41,61.95,61.41,61.89,947,7,0
2025-10-14 15:00:00,61.91,61.97,61.59,61.69,1033,7,0
2025-10-14 16:00:00,61.69,62.23,61.65,61.87,2409,7,0
2025-10-14 17:00:00,61.85,62.03,61.62,61.77,1812,7,0
2025-10-14 18:00:00,61.77,62.07,61.49,61.96,1687,7,0
2025-10-14 19:00:00,61.95,62.3,61.93,62.14,1041,7,0
2025-10-14 20:00:00,62.14,62.39,62.14,62.23,691,7,0
2025-10-14 21:00:00,62.23,62.33,62.05,62.28,758,7,0
2025-10-14 22:00:00,62.28,62.3,61.83,61.89,736,7,0
2025-10-14 23:00:00,61.89,62.14,61.89,61.9,251,8,0
2025-10-15 03:00:00,62.04,62.09,61.98,62.05,231,7,0
2025-10-15 04:00:00,62.04,62.1,61.96,62.05,438,7,0
2025-10-15 05:00:00,62.06,62.15,61.88,61.88,340,7,0
2025-10-15 06:00:00,61.89,62.04,61.78,61.91,361,7,0
2025-10-15 07:00:00,61.91,61.96,61.85,61.92,141,7,0
2025-10-15 08:00:00,61.93,62.04,61.91,61.99,359,7,0
2025-10-15 09:00:00,61.99,62.22,61.96,62.15,670,7,0
2025-10-15 10:00:00,62.13,62.14,61.87,62.09,668,7,0
2025-10-15 11:00:00,62.08,62.27,61.92,62.02,854,7,0
2025-10-15 12:00:00,62.03,62.21,61.94,62.09,733,7,0
2025-10-15 13:00:00,62.09,62.2,61.97,62.09,521,7,0
2025-10-15 14:00:00,62.09,62.27,61.99,62.2,504,7,0
2025-10-15 15:00:00,62.22,62.75,62.15,62.67,901,7,0
2025-10-15 16:00:00,62.67,62.67,62.2,62.28,1626,7,0
2025-10-15 17:00:00,62.28,62.34,62.04,62.05,1179,7,0
2025-10-15 18:00:00,62.05,62.09,61.69,61.78,1412,7,0
2025-10-15 19:00:00,61.77,61.91,61.59,61.91,865,7,0
2025-10-15 20:00:00,61.91,61.96,61.64,61.77,966,7,0
2025-10-15 21:00:00,61.76,61.99,61.64,61.98,689,7,0
2025-10-15 22:00:00,61.98,62.07,61.88,61.9,209,7,0
2025-10-15 23:00:00,61.9,62.26,61.9,62.07,434,8,0
2025-10-16 03:00:00,62.19,62.42,62.17,62.22,347,7,0
2025-10-16 04:00:00,62.21,62.25,62.06,62.09,499,7,0
2025-10-16 05:00:00,62.1,62.17,62.05,62.11,382,7,0
2025-10-16 06:00:00,62.11,62.22,62.06,62.22,311,7,0
2025-10-16 07:00:00,62.21,62.24,62.18,62.2,171,7,0
2025-10-16 08:00:00,62.21,62.23,62.02,62.14,495,7,0
2025-10-16 09:00:00,62.14,62.31,62.09,62.21,590,7,0
2025-10-16 10:00:00,62.21,62.49,62.08,62.41,789,7,0
2025-10-16 11:00:00,62.42,62.44,61.97,62.07,951,7,0
2025-10-16 12:00:00,62.07,62.17,61.87,61.9,783,7,0
2025-10-16 13:00:00,61.9,62.08,61.85,62.05,565,7,0
2025-10-16 14:00:00,62.06,62.31,62.04,62.04,527,7,0
2025-10-16 15:00:00,62.04,62.1,61.94,61.95,743,7,0
2025-10-16 16:00:00,61.94,62.05,61.68,61.84,1472,7,0
2025-10-16 17:00:00,61.86,61.86,61.63,61.77,1298,7,0
2025-10-16 18:00:00,61.77,62.02,61.14,61.54,1833,7,0
2025-10-16 19:00:00,61.54,61.83,60.89,61.15,2531,7,0
2025-10-16 20:00:00,61.15,61.28,60.76,60.8,2155,7,0
2025-10-16 21:00:00,60.81,61.06,60.64,60.99,1363,7,0
2025-10-16 22:00:00,60.98,61.01,60.8,60.89,542,7,0
2025-10-16 23:00:00,60.89,60.92,60.68,60.68,272,8,0
2025-10-17 03:00:00,60.77,60.83,60.68,60.83,340,7,0
2025-10-17 04:00:00,60.83,60.83,60.48,60.49,729,7,0
2025-10-17 05:00:00,60.48,60.73,60.38,60.68,546,7,0
2025-10-17 06:00:00,60.68,60.76,60.58,60.68,519,7,0
2025-10-17 07:00:00,60.69,60.87,60.64,60.65,508,7,0
2025-10-17 08:00:00,60.65,60.73,60.62,60.64,472,7,0
2025-10-17 09:00:00,60.64,60.82,60.41,60.44,659,7,0
2025-10-17 10:00:00,60.43,60.65,60.3,60.55,1241,7,0
2025-10-17 11:00:00,60.55,60.6,60.13,60.18,1121,7,0
2025-10-17 12:00:00,60.17,60.4,60.0,60.22,979,7,0
2025-10-17 13:00:00,60.23,60.64,60.13,60.49,850,7,0
2025-10-17 14:00:00,60.48,60.9,60.46,60.86,1547,7,0
2025-10-17 15:00:00,60.86,61.11,60.8,61.0,1314,7,0
2025-10-17 16:00:00,61.0,61.07,60.66,60.85,2736,7,0
2025-10-17 17:00:00,60.85,61.05,60.77,60.96,2264,7,0
2025-10-17 18:00:00,60.95,61.18,60.72,61.01,1774,7,0
2025-10-17 19:00:00,61.01,61.12,60.7,60.79,923,7,0
2025-10-17 20:00:00,60.79,61.12,60.7,60.99,1015,7,0
2025-10-17 21:00:00,60.99,61.28,60.98,61.16,886,6,0
2025-10-17 22:00:00,61.16,61.22,61.08,61.13,315,7,0
2025-10-17 23:00:00,61.12,61.27,61.04,61.12,244,8,0
2025-10-20 03:00:00,60.91,61.0,60.86,60.97,304,7,0
2025-10-20 04:00:00,60.96,61.04,60.74,60.87,576,7,0
2025-10-20 05:00:00,60.87,61.02,60.86,60.92,307,7,0
2025-10-20 06:00:00,60.92,60.99,60.88,60.94,243,7,0
2025-10-20 07:00:00,60.95,60.98,60.87,60.96,210,7,0
2025-10-20 08:00:00,60.95,60.96,60.77,60.78,237,7,0
2025-10-20 09:00:00,60.78,60.81,60.54,60.6,558,7,0
2025-10-20 10:00:00,60.59,60.88,60.56,60.64,549,7,0
2025-10-20 11:00:00,60.64,60.96,60.62,60.93,871,7,0
2025-10-20 12:00:00,60.93,61.05,60.79,60.84,680,7,0
2025-10-20 13:00:00,60.84,61.03,60.69,60.74,558,7,0
2025-10-20 14:00:00,60.75,60.76,60.55,60.71,517,7,0
2025-10-20 15:00:00,60.7,60.8,60.5,60.55,746,7,0
2025-10-20 16:00:00,60.55,60.7,59.97,60.49,1966,7,0
2025-10-20 17:00:00,60.5,60.69,60.32,60.52,1214,7,0
2025-10-20 18:00:00,60.52,60.78,60.26,60.37,1242,7,0
2025-10-20 19:00:00,60.38,60.56,60.37,60.5,709,7,0
2025-10-20 20:00:00,60.5,60.84,60.41,60.77,768,7,0
2025-10-20 21:00:00,60.76,60.92,60.71,60.75,656,7,0
2025-10-20 22:00:00,60.74,60.86,60.65,60.82,308,7,0
2025-10-20 23:00:00,60.82,60.86,60.63,60.63,237,8,0
2025-10-21 03:00:00,60.79,60.85,60.69,60.81,208,7,0
2025-10-21 04:00:00,60.81,60.82,60.43,60.65,433,7,0
2025-10-21 05:00:00,60.65,60.75,60.61,60.66,261,7,0
2025-10-21 06:00:00,60.66,60.69,60.62,60.69,172,7,0
2025-10-21 07:00:00,60.68,60.73,60.64,60.71,119,7,0
2025-10-21 08:00:00,60.71,60.97,60.69,60.87,343,7,0
2025-10-21 09:00:00,60.87,61.03,60.72,60.72,512,7,0
2025-10-21 10:00:00,60.72,60.72,60.54,60.59,641,7,0
2025-10-21 11:00:00,60.6,61.1,60.59,61.01,852,7,0
2025-10-21 12:00:00,61.0,61.21,60.8,61.2,725,7,0
2025-10-21 13:00:00,61.2,61.43,61.16,61.33,578,7,0
2025-10-21 14:00:00,61.33,61.48,61.15,61.2,586,7,0
2025-10-21 15:00:00,61.2,61.57,61.18,61.28,685,7,0
2025-10-21 16:00:00,61.26,61.48,60.25,60.26,2137,0,0
2025-10-21 17:00:00,60.26,60.85,60.2,60.66,1701,7,0
2025-10-21 18:00:00,60.66,61.21,60.58,61.12,1572,7,0
2025-10-21 19:00:00,61.13,61.83,60.99,61.0,1758,7,0
2025-10-21 20:00:00,61.0,61.31,60.78,61.04,923,7,0
2025-10-21 21:00:00,61.03,61.17,60.95,61.11,718,7,0
2025-10-21 22:00:00,61.1,61.21,61.08,61.19,224,7,0
2025-10-21 23:00:00,61.19,61.4,61.19,61.23,281,8,0
2025-10-22 03:00:00,61.35,61.35,61.18,61.22,285,7,0
2025-10-22 04:00:00,61.22,61.26,61.1,61.19,496,7,0
2025-10-22 05:00:00,61.2,61.54,61.19,61.48,388,7,0
2025-10-22 06:00:00,61.48,62.16,61.48,61.95,1099,7,0
2025-10-22 07:00:00,61.95,62.05,61.92,61.98,237,7,0
2025-10-22 08:00:00,61.98,62.13,61.97,62.04,598,7,0
2025-10-22 09:00:00,62.04,62.26,61.99,62.07,656,7,0
2025-10-22 10:00:00,62.07,62.11,61.82,61.93,881,7,0
2025-10-22 11:00:00,61.94,62.18,61.85,62.01,1024,7,0
2025-10-22 12:00:00,62.02,62.09,61.82,61.91,633,7,0
2025-10-22 13:00:00,61.9,62.17,61.7,62.07,674,7,0
2025-10-22 14:00:00,62.07,62.26,61.96,62.09,690,7,0
2025-10-22 15:00:00,62.09,62.34,61.92,61.92,808,7,0
2025-10-22 16:00:00,61.92,62.49,61.88,62.42,1329,7,0
2025-10-22 17:00:00,62.42,62.49,62.15,62.29,1510,7,0
2025-10-22 18:00:00,62.28,62.64,62.06,62.5,1499,7,0
2025-10-22 19:00:00,62.48,62.58,62.0,62.43,1588,7,0
2025-10-22 20:00:00,62.43,62.49,62.15,62.19,908,7,0
2025-10-22 21:00:00,62.18,62.36,62.15,62.32,899,7,0
2025-10-22 22:00:00,62.33,63.53,62.32,63.12,2014,7,0
2025-10-22 23:00:00,63.12,63.39,62.64,63.0,1660,8,0
2025-10-23 03:00:00,63.85,63.95,63.62,63.67,537,7,0
2025-10-23 04:00:00,63.67,63.68,63.4,63.49,892,7,0
2025-10-23 05:00:00,63.47,63.76,63.43,63.7,668,7,0
2025-10-23 06:00:00,63.7,63.94,63.61,63.86,734,7,0
2025-10-23 07:00:00,63.86,64.21,63.85,64.1,458,7,0
2025-10-23 08:00:00,64.09,64.52,64.09,64.51,994,7,0
2025-10-23 09:00:00,64.52,64.52,64.02,64.09,1351,7,0
2025-10-23 10:00:00,64.11,64.34,64.04,64.1,1336,7,0
2025-10-23 11:00:00,64.1,65.02,64.07,65.01,1612,8,0
2025-10-23 12:00:00,65.01,65.37,64.97,65.34,1076,8,0
2025-10-23 13:00:00,65.32,65.39,65.03,65.1,1250,8,0
2025-10-23 14:00:00,65.08,65.46,64.81,65.06,1399,8,0
2025-10-23 15:00:00,65.07,65.21,64.61,65.19,1823,8,0
2025-10-23 16:00:00,65.19,65.53,64.66,65.12,3686,8,0
2025-10-23 17:00:00,65.12,65.13,64.81,64.97,1732,8,0
2025-10-23 18:00:00,64.97,65.55,64.84,65.54,1828,8,0
2025-10-23 19:00:00,65.54,65.7,65.22,65.5,1197,8,0
2025-10-23 20:00:00,65.5,65.55,64.95,65.16,1370,8,0
2025-10-23 21:00:00,65.16,65.4,65.06,65.22,1108,8,0
2025-10-23 22:00:00,65.22,65.32,65.08,65.14,418,8,0
2025-10-23 23:00:00,65.14,65.21,65.1,65.12,318,9,0
2025-10-24 03:00:00,65.11,65.22,64.91,65.11,340,9,0
2025-10-24 04:00:00,65.1,65.1,64.77,64.78,627,9,0
2025-10-24 05:00:00,64.78,64.95,64.74,64.92,343,9,0
2025-10-24 06:00:00,64.91,65.05,64.84,64.93,319,9,0
2025-10-24 07:00:00,64.93,65.09,64.92,65.03,228,9,0
2025-10-24 08:00:00,65.03,65.1,64.97,64.99,335,9,0
2025-10-24 09:00:00,64.99,65.17,64.88,64.92,629,8,0
2025-10-24 10:00:00,64.94,65.45,64.85,65.43,738,8,0
2025-10-24 11:00:00,65.45,65.59,65.12,65.16,1112,8,0
2025-10-24 12:00:00,65.15,65.29,65.1,65.16,758,8,0
2025-10-24 13:00:00,65.16,65.42,65.14,65.4,621,8,0
2025-10-24 14:00:00,65.4,65.87,65.37,65.86,795,8,0
2025-10-24 15:00:00,65.86,65.98,65.32,65.37,1321,8,0
2025-10-24 16:00:00,65.37,65.69,65.35,65.63,1744,8,0
2025-10-24 17:00:00,65.63,65.92,65.52,65.75,1595,8,0
2025-10-24 18:00:00,65.75,65.95,65.68,65.93,1226,7,0
2025-10-24 19:00:00,65.93,65.94,65.64,65.64,779,7,0
2025-10-24 20:00:00,65.64,65.66,65.23,65.3,1028,7,0
2025-10-24 21:00:00,65.31,65.42,65.16,65.31,937,7,0
2025-10-24 22:00:00,65.31,65.34,65.16,65.2,429,7,0
2025-10-24 23:00:00,65.2,65.2,65.04,65.09,185,8,0
2025-10-27 03:00:00,65.64,65.73,65.44,65.44,361,8,0
2025-10-27 04:00:00,65.45,65.47,65.21,65.24,852,8,0
2025-10-27 05:00:00,65.23,65.44,65.23,65.44,332,8,0
2025-10-27 06:00:00,65.44,65.44,65.19,65.21,291,8,0
2025-10-27 07:00:00,65.21,65.46,65.18,65.43,198,8,0
2025-10-27 08:00:00,65.44,65.57,65.39,65.54,361,8,0
2025-10-27 09:00:00,65.55,65.64,65.41,65.44,508,8,0
2025-10-27 10:00:00,65.44,65.5,65.03,65.28,757,7,0
2025-10-27 11:00:00,65.29,65.3,64.36,64.36,1573,7,0
2025-10-27 12:00:00,64.36,64.69,64.33,64.5,1179,7,0
2025-10-27 13:00:00,64.5,64.88,64.45,64.61,1015,7,0
2025-10-27 14:00:00,64.6,65.16,64.59,65.12,803,7,0
2025-10-27 15:00:00,65.12,65.19,64.9,65.17,817,7,0
2025-10-27 16:00:00,65.17,65.42,64.99,65.37,1504,7,0
2025-10-27 17:00:00,65.38,65.52,65.05,65.44,1362,7,0
2025-10-27 18:00:00,65.45,65.55,65.15,65.25,1236,7,0
2025-10-27 19:00:00,65.25,65.34,65.05,65.18,1465,7,0
2025-10-27 20:00:00,65.18,65.28,64.94,65.04,897,7,0
2025-10-27 21:00:00,65.04,65.1,64.72,65.0,930,7,0
2025-10-27 22:00:00,64.99,65.06,64.91,65.01,304,7,0
2025-10-27 23:00:00,65.01,65.19,64.96,65.01,254,8,0
2025-10-28 03:00:00,65.72,65.72,64.63,64.68,245,5,0
2025-10-28 04:00:00,64.68,64.96,64.67,64.94,504,7,0
2025-10-28 05:00:00,64.95,64.97,64.75,64.85,376,7,0
2025-10-28 06:00:00,64.85,64.9,64.81,64.81,226,7,0
2025-10-28 07:00:00,64.81,64.83,64.68,64.72,184,7,0
2025-10-28 08:00:00,64.72,64.81,64.63,64.74,418,7,0
2025-10-28 09:00:00,64.74,64.82,64.59,64.61,602,7,0
2025-10-28 10:00:00,64.62,64.85,64.03,64.06,941,7,0
2025-10-28 11:00:00,64.07,64.12,63.47,63.8,2189,7,0
2025-10-28 12:00:00,63.8,63.93,63.64,63.92,1262,7,0
2025-10-28 13:00:00,63.94,64.19,63.85,63.97,999,7,0
2025-10-28 14:00:00,63.97,64.21,63.86,64.04,800,7,0
2025-10-28 15:00:00,64.05,64.19,63.69,63.86,1047,7,0
2025-10-28 16:00:00,63.88,64.3,63.88,64.13,1836,7,0
2025-10-28 17:00:00,64.12,64.25,63.59,63.62,1662,7,0
2025-10-28 18:00:00,63.62,63.77,63.39,63.52,1564,7,0
2025-10-28 19:00:00,63.53,63.88,63.48,63.7,1826,7,0
2025-10-28 20:00:00,63.7,63.92,63.68,63.85,910,7,0
2025-10-28 21:00:00,63.85,63.88,63.56,63.64,1122,7,0
2025-10-28 22:00:00,63.63,63.69,63.53,63.6,489,7,0
2025-10-28 23:00:00,63.6,63.87,63.53,63.68,349,8,0
2025-10-29 03:00:00,64.43,64.43,63.79,63.81,235,5,0
2025-10-29 04:00:00,63.79,64.05,63.79,63.96,417,7,0
2025-10-29 05:00:00,63.95,63.96,63.58,63.67,463,7,0
2025-10-29 06:00:00,63.67,63.78,63.64,63.77,296,7,0
2025-10-29 07:00:00,63.77,63.77,63.61,63.61,140,7,0
2025-10-29 08:00:00,63.61,63.81,63.59,63.73,288,7,0
2025-10-29 09:00:00,63.73,63.98,63.73,63.98,412,7,0
2025-10-29 10:00:00,63.98,64.12,63.84,63.89,578,7,0
2025-10-29 11:00:00,63.9,63.91,63.33,63.42,1346,7,0
2025-10-29 12:00:00,63.42,64.02,63.41,63.83,928,7,0
2025-10-29 13:00:00,63.84,64.03,63.75,64.02,598,7,0
2025-10-29 14:00:00,64.0,64.13,63.94,64.0,578,7,0
2025-10-29 15:00:00,63.98,64.0,63.71,63.83,694,7,0
2025-10-29 16:00:00,63.84,64.17,63.73,64.04,1188,8,0
2025-10-29 17:00:00,64.05,64.53,64.05,64.51,1406,7,0
2025-10-29 18:00:00,64.52,64.59,64.43,64.51,884,7,0
2025-10-29 19:00:00,64.5,64.64,64.26,64.3,1166,7,0
2025-10-29 20:00:00,64.3,64.39,64.19,64.37,738,7,0
2025-10-29 21:00:00,64.36,64.44,64.07,64.24,1796,7,0
2025-10-29 22:00:00,64.24,64.36,64.09,64.14,986,7,0
2025-10-29 23:00:00,64.14,64.22,64.04,64.04,274,8,0
2025-10-30 03:00:00,64.84,64.84,64.05,64.18,363,5,0
2025-10-30 04:00:00,64.18,64.19,63.97,64.05,572,7,0
2025-10-30 05:00:00,64.05,64.06,63.87,63.89,399,7,0
2025-10-30 06:00:00,63.89,64.18,63.89,64.17,307,7,0
2025-10-30 07:00:00,64.17,64.21,63.81,63.96,848,7,0
2025-10-30 08:00:00,63.95,64.02,63.85,63.94,477,7,0
2025-10-30 09:00:00,63.94,64.06,63.8,63.86,661,7,0
2025-10-30 10:00:00,63.86,64.0,63.61,63.67,744,7,0
2025-10-30 11:00:00,63.67,63.93,63.64,63.84,828,7,0
2025-10-30 12:00:00,63.84,63.95,63.69,63.81,690,7,0
2025-10-30 13:00:00,63.81,64.0,63.71,63.81,654,7,0
2025-10-30 14:00:00,63.81,63.94,63.71,63.85,540,7,0
2025-10-30 15:00:00,63.83,63.88,63.56,63.68,876,7,0
2025-10-30 16:00:00,63.67,63.82,63.4,63.6,1636,7,0
2025-10-30 17:00:00,63.58,64.16,63.57,64.09,1790,7,0
2025-10-30 18:00:00,64.08,64.33,64.07,64.18,1046,7,0
2025-10-30 19:00:00,64.18,64.39,64.16,64.33,793,7,0
2025-10-30 20:00:00,64.33,64.45,64.25,64.31,535,7,0
2025-10-30 21:00:00,64.31,64.38,64.12,64.17,709,7,0
2025-10-30 22:00:00,64.16,64.19,63.88,63.91,328,7,0
2025-10-30 23:00:00,63.91,63.98,63.83,63.84,267,8,0
2025-10-31 03:00:00,64.58,64.58,63.84,63.94,161,5,0
2025-10-31 04:00:00,63.92,64.08,63.91,63.99,349,7,0
2025-10-31 05:00:00,63.99,64.02,63.84,63.94,253,7,0
2025-10-31 06:00:00,63.94,63.94,63.79,63.81,209,7,0
2025-10-31 07:00:00,63.8,63.87,63.79,63.84,132,7,0
2025-10-31 08:00:00,63.84,63.87,63.74,63.77,246,7,0
2025-10-31 09:00:00,63.77,63.93,63.73,63.92,488,7,0
2025-10-31 10:00:00,63.92,64.15,63.91,64.12,529,7,0
2025-10-31 11:00:00,64.13,64.21,63.86,63.86,846,7,0
2025-10-31 12:00:00,63.86,64.05,63.73,63.79,773,7,0
2025-10-31 13:00:00,63.8,64.52,63.7,64.06,656,0,0
2025-10-31 14:00:00,64.06,64.13,63.96,64.01,509,7,0
2025-10-31 15:00:00,64.0,64.53,63.98,64.46,1466,7,0
2025-10-31 16:00:00,64.47,65.02,64.46,64.82,1708,7,0
2025-10-31 17:00:00,64.82,64.83,64.2,64.62,1377,7,0
2025-10-31 18:00:00,64.62,64.75,64.1,64.28,1675,8,0
2025-10-31 19:00:00,64.28,64.5,64.12,64.46,1336,7,0
2025-10-31 20:00:00,64.46,64.65,64.44,64.54,717,8,0
2025-10-31 21:00:00,64.52,64.68,64.49,64.51,507,8,0
2025-10-31 22:00:00,64.51,64.6,64.48,64.53,235,8,0
2025-10-31 23:00:00,64.53,64.58,64.44,64.48,220,9,0
2025-11-03 03:00:00,64.88,65.03,64.72,64.77,362,17,0
2025-11-03 04:00:00,64.77,64.99,64.77,64.9,194,9,0
2025-11-03 05:00:00,64.88,64.92,64.78,64.92,152,9,0
2025-11-03 06:00:00,64.91,64.91,64.75,64.78,112,9,0
2025-11-03 07:00:00,64.78,65.1,64.78,65.08,256,9,0
2025-11-03 08:00:00,65.08,65.16,65.0,65.09,400,9,0
2025-11-03 09:00:00,65.08,65.13,64.86,64.93,490,8,0
2025-11-03 10:00:00,64.92,64.98,64.51,64.51,772,8,0
2025-11-03 11:00:00,64.52,64.66,64.38,64.64,563,8,0
2025-11-03 12:00:00,64.64,64.87,64.45,64.84,526,8,0
2025-11-03 13:00:00,64.83,64.92,64.25,64.49,600,0,0
2025-11-03 14:00:00,64.49,64.64,64.46,64.53,495,8,0
2025-11-03 15:00:00,64.56,64.69,64.43,64.5,812,7,0
2025-11-03 16:00:00,64.51,64.83,64.32,64.57,1423,7,0
2025-11-03 17:00:00,64.56,64.71,64.21,64.67,1309,7,0
2025-11-03 18:00:00,64.67,65.14,64.67,65.0,1098,7,0
2025-11-03 19:00:00,64.99,65.06,64.85,64.95,532,7,0
2025-11-03 20:00:00,64.95,64.98,64.66,64.67,510,7,0
2025-11-03 21:00:00,64.68,64.81,64.45,64.7,720,7,0
2025-11-03 22:00:00,64.7,64.77,64.65,64.77,271,7,0
2025-11-03 23:00:00,64.77,64.78,64.61,64.61,158,8,0
2025-11-04 03:00:00,64.63,64.65,64.53,64.61,269,7,0
2025-11-04 04:00:00,64.61,64.61,64.46,64.47,225,7,0
2025-11-04 05:00:00,64.46,64.62,64.46,64.61,207,7,0
2025-11-04 06:00:00,64.61,64.61,64.52,64.53,139,7,0
2025-11-04 07:00:00,64.53,64.58,64.48,64.54,259,7,0
2025-11-04 08:00:00,64.54,64.57,64.45,64.46,324,7,0
2025-11-04 09:00:00,64.46,64.53,64.24,64.28,489,7,0
2025-11-04 10:00:00,64.28,64.29,63.77,63.92,917,7,0
2025-11-04 11:00:00,63.94,64.04,63.82,63.87,604,7,0
2025-11-04 12:00:00,63.86,63.99,63.69,63.87,601,7,0
2025-11-04 13:00:00,63.87,63.96,63.78,63.94,398,7,0
2025-11-04 14:00:00,63.94,64.09,63.88,64.03,507,7,0
2025-11-04 15:00:00,64.02,64.04,63.74,63.75,789,7,0
2025-11-04 16:00:00,63.76,64.35,63.76,64.25,1582,7,0
2025-11-04 17:00:00,64.25,64.47,64.16,64.47,948,7,0
2025-11-04 18:00:00,64.48,64.54,64.3,64.44,898,7,0
2025-11-04 19:00:00,64.44,64.59,64.3,64.49,626,7,0
2025-11-04 20:00:00,64.49,64.58,64.25,64.38,704,7,0
2025-11-04 21:00:00,64.38,64.45,64.24,64.3,761,7,0
2025-11-04 22:00:00,64.29,64.32,64.12,64.15,278,7,0
2025-11-04 23:00:00,64.15,64.2,64.06,64.08,175,8,0
2025-11-05 03:00:00,64.06,64.09,63.77,63.88,588,7,0
2025-11-05 04:00:00,63.88,64.03,63.87,63.98,411,7,0
2025-11-05 05:00:00,63.98,64.26,63.97,64.25,289,7,0
2025-11-05 06:00:00,64.25,64.32,64.2,64.25,173,7,0
2025-11-05 07:00:00,64.25,64.41,64.23,64.4,297,7,0
2025-11-05 08:00:00,64.4,64.44,64.25,64.31,368,7,0
2025-11-05 09:00:00,64.31,64.35,64.13,64.32,528,7,0
2025-11-05 10:00:00,64.33,64.46,64.12,64.38,897,7,0
2025-11-05 11:00:00,64.39,64.71,64.33,64.59,770,7,0
2025-11-05 12:00:00,64.6,64.78,64.57,64.62,563,7,0
2025-11-05 13:00:00,64.6,64.75,64.25,64.27,486,7,0
2025-11-05 14:00:00,64.27,64.27,63.94,64.09,657,7,0
2025-11-05 15:00:00,64.1,64.14,63.92,64.02,739,7,0
2025-11-05 16:00:00,64.01,64.08,63.84,63.96,1078,7,0
2025-11-05 17:00:00,63.95,64.49,63.91,64.46,1596,7,0
2025-11-05 18:00:00,64.47,64.57,63.6,63.61,1952,7,0
2025-11-05 19:00:00,63.61,63.69,63.44,63.54,925,7,0
2025-11-05 20:00:00,63.54,63.61,63.44,63.57,532,7,0
2025-11-05 21:00:00,63.56,63.59,63.32,63.36,648,7,0
2025-11-05 22:00:00,63.37,63.45,63.37,63.39,255,7,0
2025-11-05 23:00:00,63.39,63.43,63.3,63.3,159,8,0
2025-11-06 03:00:00,63.42,63.52,63.34,63.41,374,7,0
2025-11-06 04:00:00,63.4,63.55,63.36,63.54,329,7,0
2025-11-06 05:00:00,63.53,63.58,63.49,63.57,182,7,0
2025-11-06 06:00:00,63.57,63.64,63.55,63.56,152,7,0
2025-11-06 07:00:00,63.57,63.66,63.55,63.65,197,7,0
2025-11-06 08:00:00,63.64,63.7,63.54,63.7,336,7,0
2025-11-06 09:00:00,63.7,63.76,63.54,63.55,534,7,0
2025-11-06 10:00:00,63.55,64.05,63.26,64.03,1108,7,0
2025-11-06 11:00:00,64.03,64.19,63.79,63.87,884,7,0
2025-11-06 12:00:00,63.88,63.93,63.67,63.88,755,7,0
2025-11-06 13:00:00,63.89,63.92,63.64,63.67,586,7,0
2025-11-06 14:00:00,63.69,63.9,63.69,63.86,678,7,0
2025-11-06 15:00:00,63.86,63.9,63.48,63.54,1007,7,0
2025-11-06 16:00:00,63.54,63.62,62.96,62.98,2011,7,0
2025-11-06 17:00:00,62.97,63.08,62.73,62.99,1771,7,0
2025-11-06 18:00:00,62.99,63.28,62.82,62.85,1478,7,0
2025-11-06 19:00:00,62.86,63.14,62.79,63.1,954,7,0
2025-11-06 20:00:00,63.1,63.24,62.89,63.13,740,7,0
2025-11-06 21:00:00,63.12,63.29,63.09,63.27,718,7,0
2025-11-06 22:00:00,63.27,63.48,63.27,63.29,353,7,0
2025-11-06 23:00:00,63.29,63.36,63.18,63.2,175,8,0
2025-11-07 03:00:00,63.39,63.54,63.37,63.44,501,7,0
2025-11-07 04:00:00,63.45,63.56,63.39,63.52,359,7,0
2025-11-07 05:00:00,63.51,63.53,63.37,63.43,231,7,0
2025-11-07 06:00:00,63.43,63.59,63.36,63.5,228,7,0
2025-11-07 07:00:00,63.49,63.63,63.46,63.63,292,7,0
2025-11-07 08:00:00,63.62,63.95,63.59,63.93,479,7,0
2025-11-07 09:00:00,63.93,63.95,63.76,63.84,593,7,0
2025-11-07 10:00:00,63.83,63.98,63.64,63.9,822,7,0
2025-11-07 11:00:00,63.9,64.09,63.78,64.07,701,7,0
2025-11-07 12:00:00,64.08,64.21,63.85,63.92,694,7,0
2025-11-07 13:00:00,63.9,63.9,63.66,63.76,802,7,0
2025-11-07 14:00:00,63.75,63.86,63.66,63.71,587,7,0
2025-11-07 15:00:00,63.71,63.77,63.56,63.63,872,7,0
2025-11-07 16:00:00,63.6,63.83,63.37,63.7,2100,7,0
2025-11-07 17:00:00,63.71,63.72,63.32,63.36,1923,7,0
2025-11-07 18:00:00,63.36,63.56,63.33,63.52,1287,7,0
2025-11-07 19:00:00,63.52,63.67,63.09,63.27,1111,7,0
2025-11-07 20:00:00,63.27,63.58,63.27,63.49,852,7,0
2025-11-07 21:00:00,63.48,63.61,63.44,63.6,828,7,0
2025-11-07 22:00:00,63.59,63.61,63.42,63.54,392,7,0
2025-11-07 23:00:00,63.54,63.63,63.46,63.47,145,8,0
2025-11-10 03:00:00,63.67,63.95,63.67,63.76,506,7,0
2025-11-10 04:00:00,63.76,63.88,63.71,63.88,337,7,0
2025-11-10 05:00:00,63.88,63.96,63.87,63.88,244,7,0
2025-11-10 06:00:00,63.89,63.97,63.89,63.91,168,7,0
2025-11-10 07:00:00,63.91,64.05,63.91,64.02,198,7,0
2025-11-10 08:00:00,64.02,64.06,63.96,64.0,232,7,0
2025-11-10 09:00:00,64.0,64.08,63.84,63.93,470,7,0
2025-11-10 10:00:00,63.93,64.16,63.69,63.78,929,7,0
2025-11-10 11:00:00,63.79,64.15,63.73,64.07,633,7,0
2025-11-10 12:00:00,64.07,64.1,63.55,63.57,697,7,0
2025-11-10 13:00:00,63.58,63.74,63.55,63.62,511,7,0
2025-11-10 14:00:00,63.63,63.83,63.63,63.78,458,7,0
2025-11-10 15:00:00,63.78,63.83,63.69,63.71,609,7,0
2025-11-10 16:00:00,63.7,63.95,63.35,63.39,1237,7,0
2025-11-10 17:00:00,63.39,63.64,63.31,63.32,1020,7,0
2025-11-10 18:00:00,63.31,63.42,63.2,63.34,1021,7,0
2025-11-10 19:00:00,63.34,63.75,63.34,63.75,649,7,0
2025-11-10 20:00:00,63.75,63.82,63.68,63.76,526,7,0
2025-11-10 21:00:00,63.76,63.98,63.76,63.87,574,7,0
2025-11-10 22:00:00,63.88,63.95,63.87,63.92,242,7,0
2025-11-10 23:00:00,63.92,63.93,63.68,63.69,134,8,0
2025-11-11 03:00:00,63.77,63.8,63.65,63.68,290,7,0
2025-11-11 04:00:00,63.67,63.78,63.64,63.74,180,7,0
2025-11-11 05:00:00,63.74,63.9,63.74,63.77,182,7,0
2025-11-11 06:00:00,63.76,63.81,63.72,63.77,121,7,0
2025-11-11 07:00:00,63.77,63.78,63.57,63.59,206,7,0
2025-11-11 08:00:00,63.59,63.7,63.53,63.65,311,7,0
2025-11-11 09:00:00,63.65,63.67,63.46,63.55,424,7,0
2025-11-11 10:00:00,63.55,63.85,63.51,63.81,730,7,0
2025-11-11 11:00:00,63.81,64.25,63.81,64.2,737,7,0
2025-11-11 12:00:00,64.19,64.32,64.01,64.17,387,7,0
2025-11-11 13:00:00,64.16,64.4,64.08,64.39,357,7,0
2025-11-11 14:00:00,64.38,64.38,64.24,64.27,384,7,0
2025-11-11 15:00:00,64.26,64.57,64.2,64.54,730,7,0
2025-11-11 16:00:00,64.56,64.78,64.38,64.76,1116,7,0
2025-11-11 17:00:00,64.75,64.81,64.62,64.79,888,7,0
2025-11-11 18:00:00,64.78,65.11,64.75,64.97,1044,7,0
2025-11-11 19:00:00,64.98,65.08,64.81,64.91,619,7,0
2025-11-11 20:00:00,64.91,65.0,64.84,64.91,491,7,0
2025-11-11 21:00:00,64.91,65.07,64.87,64.96,541,7,0
2025-11-11 22:00:00,64.95,64.98,64.84,64.85,249,7,0
2025-11-11 23:00:00,64.85,64.99,64.84,64.84,168,8,0
2025-11-12 03:00:00,64.91,64.92,64.79,64.86,308,7,0
2025-11-12 04:00:00,64.86,65.28,64.79,64.8,216,0,0
2025-11-12 05:00:00,64.81,64.83,64.71,64.73,183,7,0
2025-11-12 06:00:00,64.73,64.82,64.72,64.76,133,7,0
2025-11-12 07:00:00,64.77,64.77,64.67,64.72,180,7,0
2025-11-12 08:00:00,64.73,64.79,64.7,64.71,210,7,0
2025-11-12 09:00:00,64.71,64.78,64.64,64.64,346,7,0
2025-11-12 10:00:00,64.64,64.73,64.53,64.54,542,7,0
2025-11-12 11:00:00,64.55,64.62,64.38,64.39,542,7,0
2025-11-12 12:00:00,64.39,64.57,64.32,64.57,604,7,0
2025-11-12 13:00:00,64.57,64.62,64.26,64.28,446,7,0
2025-11-12 14:00:00,64.29,64.39,64.28,64.33,446,7,0
2025-11-12 15:00:00,64.33,64.35,63.94,63.97,992,7,0
2025-11-12 16:00:00,63.97,64.0,63.1,63.12,1564,7,0
2025-11-12 17:00:00,63.11,63.36,62.94,62.95,1129,8,0
2025-11-12 18:00:00,62.94,63.03,62.47,62.57,1439,8,0
2025-11-12 19:00:00,62.58,62.74,62.53,62.62,892,8,0
2025-11-12 20:00:00,62.62,62.65,62.39,62.41,514,8,0
2025-11-12 21:00:00,62.41,62.57,62.4,62.43,557,8,0
2025-11-12 22:00:00,62.43,62.53,62.39,62.48,280,8,0
2025-11-12 23:00:00,62.48,62.5,62.37,62.41,183,9,0
2025-11-13 03:00:00,62.36,62.4,62.14,62.34,840,9,0
2025-11-13 04:00:00,62.34,62.52,62.32,62.42,375,9,0
2025-11-13 05:00:00,62.41,62.55,62.41,62.55,232,9,0
2025-11-13 06:00:00,62.55,62.56,62.43,62.47,147,9,0
2025-11-13 07:00:00,62.47,62.52,62.37,62.44,226,9,0
2025-11-13 08:00:00,62.45,62.56,62.41,62.51,328,9,0
2025-11-13 09:00:00,62.51,62.6,62.41,62.44,452,8,0
2025-11-13 10:00:00,62.44,62.49,62.25,62.35,699,8,0
2025-11-13 11:00:00,62.36,62.43,62.21,62.42,680,8,0
2025-11-13 12:00:00,62.42,62.88,62.42,62.82,650,8,0
2025-11-13 13:00:00,62.82,62.92,62.77,62.9,406,8,0
2025-11-13 14:00:00,62.9,63.01,62.84,62.94,428,8,0
2025-11-13 15:00:00,62.92,63.2,62.87,63.1,765,8,0
2025-11-13 16:00:00,63.1,63.14,62.95,63.02,1060,7,0
2025-11-13 17:00:00,63.01,63.16,62.79,62.84,1191,7,0
2025-11-13 18:00:00,62.84,63.07,62.79,63.05,1347,7,0
2025-11-13 19:00:00,63.04,63.04,62.81,62.89,1022,7,0
2025-11-13 20:00:00,62.89,62.91,62.57,62.71,856,7,0
2025-11-13 21:00:00,62.7,62.89,62.59,62.8,860,7,0
2025-11-13 22:00:00,62.79,62.82,62.6,62.65,392,7,0
2025-11-13 23:00:00,62.65,62.73,62.49,62.49,175,8,0
2025-11-14 03:00:00,63.14,64.45,63.11,64.07,1593,7,0
2025-11-14 04:00:00,64.07,64.15,63.64,63.88,978,7,0
2025-11-14 05:00:00,63.88,63.93,63.47,63.55,573,7,0
2025-11-14 06:00:00,63.56,63.6,63.49,63.51,341,9,0
2025-11-14 07:00:00,63.51,63.7,63.5,63.57,387,9,0
2025-11-14 08:00:00,63.57,63.68,63.37,63.48,588,9,0
2025-11-14 09:00:00,63.48,63.63,63.37,63.6,676,8,0
2025-11-14 10:00:00,63.6,63.66,63.24,63.32,1238,8,0
2025-11-14 11:00:00,63.34,63.95,63.29,63.79,962,8,0
2025-11-14 12:00:00,63.78,64.28,63.76,64.28,964,8,0
2025-11-14 13:00:00,64.27,64.27,63.31,63.51,1398,7,0
2025-11-14 14:00:00,63.51,63.69,63.39,63.4,1101,7,0
2025-11-14 15:00:00,63.41,63.76,63.36,63.66,1309,7,0
2025-11-14 16:00:00,63.65,63.93,63.58,63.9,1713,7,0
2025-11-14 17:00:00,63.91,64.2,63.8,64.16,1536,7,0
2025-11-14 18:00:00,64.16,64.3,64.03,64.11,1250,7,0
2025-11-14 19:00:00,64.11,64.21,64.01,64.11,749,7,0
2025-11-14 20:00:00,64.11,64.18,63.99,64.02,748,7,0
2025-11-14 21:00:00,64.01,64.12,63.9,64.04,858,7,0
2025-11-14 22:00:00,64.05,64.05,63.87,63.87,355,7,0
2025-11-14 23:00:00,63.88,64.0,63.75,63.81,184,8,0
2025-11-17 03:00:00,63.54,63.55,63.35,63.42,625,7,0
2025-11-17 04:00:00,63.43,63.5,63.33,63.46,408,7,0
2025-11-17 05:00:00,63.46,63.51,63.42,63.48,238,7,0
2025-11-17 06:00:00,63.48,63.54,63.39,63.4,121,7,0
2025-11-17 07:00:00,63.4,63.49,63.37,63.44,242,7,0
2025-11-17 08:00:00,63.44,63.5,63.32,63.41,280,7,0
2025-11-17 09:00:00,63.41,63.65,63.35,63.61,487,7,0
2025-11-17 10:00:00,63.61,63.75,63.48,63.54,716,7,0
2025-11-17 11:00:00,63.54,63.74,63.5,63.68,731,7,0
2025-11-17 12:00:00,63.68,64.12,63.66,64.02,750,7,0
2025-11-17 13:00:00,64.02,64.06,63.91,64.04,479,7,0
2025-11-17 14:00:00,64.04,64.09,63.86,64.05,429,7,0
2025-11-17 15:00:00,64.05,64.34,64.02,64.23,805,7,0
2025-11-17 16:00:00,64.23,64.24,63.95,64.01,1091,7,0
2025-11-17 17:00:00,64.01,64.12,63.83,63.87,1067,7,0
2025-11-17 18:00:00,63.87,64.12,63.83,64.02,1001,7,0
2025-11-17 19:00:00,64.02,64.12,63.9,63.95,599,7,0
2025-11-17 20:00:00,63.95,64.05,63.88,63.91,593,7,0
2025-11-17 21:00:00,63.9,63.96,63.7,63.7,661,7,0
2025-11-17 22:00:00,63.7,63.79,63.7,63.71,349,7,0
2025-11-17 23:00:00,63.71,63.73,63.54,63.54,142,8,0
2025-11-18 03:00:00,63.58,63.66,63.45,63.47,523,7,0
2025-11-18 04:00:00,63.47,63.59,63.47,63.56,250,7,0
2025-11-18 05:00:00,63.56,63.57,63.47,63.48,192,7,0
2025-11-18 06:00:00,63.48,63.48,63.36,63.42,248,7,0
2025-11-18 07:00:00,63.42,63.47,63.4,63.43,284,7,0
2025-11-18 08:00:00,63.43,63.44,63.27,63.34,344,7,0
2025-11-18 09:00:00,63.34,63.48,63.27,63.33,676,7,0
2025-11-18 10:00:00,63.33,63.68,63.28,63.6,978,7,0
2025-11-18 11:00:00,63.6,63.71,63.37,63.55,712,7,0
2025-11-18 12:00:00,63.54,63.88,63.54,63.83,533,7,0
2025-11-18 13:00:00,63.82,63.93,63.75,63.92,434,7,0
2025-11-18 14:00:00,63.91,63.91,63.73,63.85,584,7,0
2025-11-18 15:00:00,63.85,64.05,63.72,63.74,743,7,0
2025-11-18 16:00:00,63.73,63.73,63.34,63.43,1771,7,0
2025-11-18 17:00:00,63.44,63.72,63.29,63.7,2036,7,0
2025-11-18 18:00:00,63.69,63.92,63.64,63.81,1619,7,0
2025-11-18 19:00:00,63.8,64.16,63.64,64.15,1183,7,0
2025-11-18 20:00:00,64.15,64.67,64.15,64.46,1626,7,0
2025-11-18 21:00:00,64.46,64.63,64.41,64.59,769,7,0
2025-11-18 22:00:00,64.59,64.69,64.52,64.54,533,7,0
2025-11-18 23:00:00,64.54,64.54,64.28,64.28,379,8,0
2025-11-19 03:00:00,64.31,64.32,64.11,64.2,616,7,0
2025-11-19 04:00:00,64.2,64.37,64.19,64.32,352,7,0
2025-11-19 05:00:00,64.32,64.4,64.2,64.22,346,7,0
2025-11-19 06:00:00,64.23,64.31,64.21,64.28,211,7,0
2025-11-19 07:00:00,64.28,64.42,64.27,64.32,344,7,0
2025-11-19 08:00:00,64.32,64.35,64.16,64.2,443,7,0
2025-11-19 09:00:00,64.2,64.3,64.07,64.09,638,7,0
2025-11-19 10:00:00,64.09,64.12,63.79,63.93,1064,7,0
2025-11-19 11:00:00,63.94,64.25,63.87,64.09,756,7,0
2025-11-19 12:00:00,64.08,64.11,63.89,63.94,650,7,0
2025-11-19 13:00:00,63.93,63.95,63.26,63.32,966,7,0
2025-11-19 14:00:00,63.32,63.38,62.87,62.88,1118,7,0
2025-11-19 15:00:00,62.89,62.93,62.49,62.92,1577,7,0
2025-11-19 16:00:00,62.94,62.97,62.51,62.73,1555,7,0
2025-11-19 17:00:00,62.72,63.12,62.7,62.92,1583,7,0
2025-11-19 18:00:00,62.92,63.2,62.87,62.87,1657,7,0
2025-11-19 19:00:00,62.87,63.04,62.71,62.95,1009,7,0
2025-11-19 20:00:00,62.94,63.15,62.89,63.04,817,7,0
2025-11-19 21:00:00,63.04,63.15,63.0,63.09,827,7,0
2025-11-19 22:00:00,63.08,63.14,63.02,63.11,393,7,0
2025-11-19 23:00:00,63.11,63.21,63.07,63.09,246,8,0
2025-11-20 03:00:00,63.21,63.28,63.18,63.24,506,7,0
2025-11-20 04:00:00,63.23,63.34,63.12,63.13,387,7,0
2025-11-20 05:00:00,63.14,63.26,63.13,63.21,331,7,0
2025-11-20 06:00:00,63.22,63.27,63.15,63.24,167,7,0
2025-11-20 07:00:00,63.23,63.31,63.17,63.18,231,7,0
2025-11-20 08:00:00,63.18,63.23,63.14,63.18,371,7,0
2025-11-20 09:00:00,63.18,63.42,63.05,63.18,580,7,0
2025-11-20 10:00:00,63.18,63.51,63.18,63.45,897,7,0
2025-11-20 11:00:00,63.46,63.56,63.35,63.47,835,7,0
2025-11-20 12:00:00,63.48,63.77,63.45,63.61,755,7,0
2025-11-20 13:00:00,63.6,63.66,63.47,63.56,465,7,0
2025-11-20 14:00:00,63.57,63.74,63.56,63.67,447,7,0
2025-11-20 15:00:00,63.68,63.75,63.38,63.45,1078,7,0
2025-11-20 16:00:00,63.44,63.66,63.37,63.55,1386,7,0
2025-11-20 17:00:00,63.55,63.89,63.45,63.74,1129,7,0
2025-11-20 18:00:00,63.73,63.73,62.77,62.8,2861,7,0
2025-11-20 19:00:00,62.79,62.91,62.46,62.89,2221,7,0
2025-11-20 20:00:00,62.89,63.04,62.69,62.76,1517,7,0
2025-11-20 21:00:00,62.76,62.91,62.63,62.84,1162,7,0
2025-11-20 22:00:00,62.85,62.86,62.5,62.56,648,7,0
2025-11-20 23:00:00,62.56,62.64,62.48,62.48,149,8,0
2025-11-21 03:00:00,62.4,62.49,62.17,62.2,594,7,0
2025-11-21 04:00:00,62.19,62.21,62.08,62.13,404,7,0
2025-11-21 05:00:00,62.13,62.15,62.02,62.03,307,7,0
2025-11-21 06:00:00,62.03,62.05,61.92,61.96,213,7,0
2025-11-21 07:00:00,61.96,62.25,61.95,62.19,363,7,0
2025-11-21 08:00:00,62.2,62.3,62.11,62.13,380,7,0
2025-11-21 09:00:00,62.13,62.13,61.72,61.72,875,7,0
2025-11-21 10:00:00,61.72,62.1,61.67,62.05,1349,7,0
2025-11-21 11:00:00,62.04,62.18,61.65,61.66,988,7,0
2025-11-21 12:00:00,61.66,61.66,61.35,61.39,1164,7,0
2025-11-21 13:00:00,61.4,61.9,61.4,61.79,787,7,0
2025-11-21 14:00:00,61.78,62.5,61.63,62.37,2089,7,0
2025-11-21 15:00:00,62.36,62.45,62.12,62.16,1004,7,0
2025-11-21 16:00:00,62.16,62.16,61.29,61.4,2238,7,0
2025-11-21 17:00:00,61.41,61.84,61.34,61.51,3296,7,0
2025-11-21 18:00:00,61.51,61.76,61.36,61.69,2217,7,0
2025-11-21 19:00:00,61.71,61.9,61.64,61.75,1216,7,0
2025-11-21 20:00:00,61.75,61.87,61.63,61.75,1107,7,0
2025-11-21 21:00:00,61.74,62.08,61.73,61.79,920,7,0
2025-11-21 22:00:00,61.8,61.97,61.77,61.86,593,7,0
2025-11-21 23:00:00,61.86,61.91,61.81,61.84,175,8,0
2025-11-24 03:00:00,61.7,61.93,61.69,61.85,544,7,0
2025-11-24 04:00:00,61.85,61.91,61.8,61.83,302,7,0
2025-11-24 05:00:00,61.84,61.96,61.82,61.95,182,7,0
2025-11-24 06:00:00,61.96,62.02,61.92,61.95,177,7,0
2025-11-24 07:00:00,61.95,62.01,61.91,61.99,305,7,0
2025-11-24 08:00:00,61.99,62.16,61.99,62.11,354,7,0
2025-11-24 09:00:00,62.11,62.16,61.7,61.73,540,7,0
2025-11-24 10:00:00,61.73,61.74,61.58,61.64,1016,7,0
2025-11-24 11:00:00,61.64,61.7,61.34,61.39,929,7,0
2025-11-24 12:00:00,61.4,61.67,61.38,61.58,751,7,0
2025-11-24 13:00:00,61.58,61.89,61.56,61.83,508,7,0
2025-11-24 14:00:00,61.83,62.09,61.75,62.05,702,7,0
2025-11-24 15:00:00,62.05,62.09,61.9,62.04,807,7,0
2025-11-24 16:00:00,62.04,62.04,61.47,61.92,2411,7,0
2025-11-24 17:00:00,61.92,62.05,61.75,62.0,1621,7,0
2025-11-24 18:00:00,62.01,62.94,61.99,62.34,1242,0,0
2025-11-24 19:00:00,62.34,62.46,62.26,62.43,708,7,0
2025-11-24 20:00:00,62.43,62.76,62.41,62.71,494,7,0
2025-11-24 21:00:00,62.72,62.81,62.61,62.69,657,7,0
2025-11-24 22:00:00,62.7,62.91,62.69,62.82,316,7,0
2025-11-24 23:00:00,62.82,62.83,62.59,62.59,138,8,0
2025-11-25 03:00:00,62.63,62.67,62.48,62.54,485,7,0
2025-11-25 04:00:00,62.54,62.62,62.49,62.54,242,7,0
2025-11-25 05:00:00,62.54,62.56,62.39,62.39,197,7,0
2025-11-25 06:00:00,62.4,62.42,62.34,62.41,130,7,0
2025-11-25 07:00:00,62.42,62.48,62.34,62.39,231,7,0
2025-11-25 08:00:00,62.39,62.42,62.25,62.34,364,7,0
2025-11-25 09:00:00,62.34,62.4,62.26,62.4,416,7,0
2025-11-25 10:00:00,62.39,62.47,62.1,62.13,760,7,0
2025-11-25 11:00:00,62.12,62.49,62.1,62.47,825,7,0
2025-11-25 12:00:00,62.46,62.57,62.4,62.45,720,7,0
2025-11-25 13:00:00,62.44,62.61,62.26,62.42,500,7,0
2025-11-25 14:00:00,62.4,62.48,61.13,61.52,2462,7,0
2025-11-25 15:00:00,61.53,61.99,61.42,61.53,2045,7,0
2025-11-25 16:00:00,61.53,61.59,61.08,61.18,2080,7,0
2025-11-25 17:00:00,61.18,61.33,60.93,61.06,2048,7,0
2025-11-25 18:00:00,61.06,61.47,61.04,61.43,1817,7,0
2025-11-25 19:00:00,61.43,61.73,61.42,61.53,1026,7,0
2025-11-25 20:00:00,61.53,61.78,61.52,61.63,801,7,0
2025-11-25 21:00:00,61.62,61.84,61.49,61.63,993,7,0
2025-11-25 22:00:00,61.64,61.96,61.64,61.77,412,7,0
2025-11-25 23:00:00,61.77,61.92,61.72,61.81,177,8,0
2025-11-26 03:00:00,61.84,61.95,61.8,61.89,399,7,0
2025-11-26 04:00:00,61.89,62.06,61.82,61.98,248,7,0
2025-11-26 05:00:00,61.98,62.01,61.94,61.99,156,7,0
2025-11-26 06:00:00,61.98,62.02,61.97,61.97,91,7,0
2025-11-26 07:00:00,61.98,62.03,61.93,61.97,166,7,0
2025-11-26 08:00:00,61.97,62.04,61.89,61.91,315,7,0
2025-11-26 09:00:00,61.91,62.11,61.65,61.67,475,7,0
2025-11-26 10:00:00,61.67,61.87,61.49,61.79,802,7,0
2025-11-26 11:00:00,61.79,61.9,61.68,61.78,838,7,0
2025-11-26 12:00:00,61.77,61.81,61.51,61.76,626,7,0
2025-11-26 13:00:00,61.76,62.04,61.7,61.78,620,7,0
2025-11-26 14:00:00,61.77,61.84,61.57,61.63,639,7,0
2025-11-26 15:00:00,61.63,61.84,61.62,61.78,647,7,0
2025-11-26 16:00:00,61.78,61.8,61.53,61.66,1032,7,0
2025-11-26 17:00:00,61.66,61.86,61.64,61.76,1097,7,0
2025-11-26 18:00:00,61.77,62.15,61.68,62.15,972,7,0
2025-11-26 19:00:00,62.15,62.22,61.85,61.88,828,7,0
2025-11-26 20:00:00,61.88,62.17,61.79,62.16,672,7,0
2025-11-26 21:00:00,62.16,62.53,62.15,62.43,793,7,0
2025-11-26 22:00:00,62.43,62.55,62.38,62.38,321,7,0
2025-11-26 23:00:00,62.38,62.45,62.24,62.25,174,9,0
2025-11-27 03:00:00,62.31,62.31,62.06,62.09,312,12,0
2025-11-27 04:00:00,62.1,62.22,62.1,62.14,180,12,0
2025-11-27 05:00:00,62.13,62.17,62.05,62.1,165,12,0
2025-11-27 06:00:00,62.1,62.12,62.05,62.06,88,12,0
2025-11-27 07:00:00,62.07,62.14,62.07,62.12,130,12,0
2025-11-27 08:00:00,62.12,62.2,62.09,62.18,161,12,0
2025-11-27 09:00:00,62.18,62.4,62.18,62.38,290,10,0
2025-11-27 10:00:00,62.38,62.54,62.33,62.49,498,10,0
2025-11-27 11:00:00,62.5,62.52,62.38,62.51,353,10,0
2025-11-27 12:00:00,62.51,62.6,62.39,62.58,361,10,0
2025-11-27 13:00:00,62.58,62.69,62.53,62.56,272,8,0
2025-11-27 14:00:00,62.56,62.69,62.55,62.61,229,8,0
2025-11-27 15:00:00,62.61,62.68,62.27,62.42,811,8,0
2025-11-27 16:00:00,62.42,62.7,62.4,62.52,489,8,0
2025-11-27 17:00:00,62.52,62.63,62.51,62.6,295,8,0
2025-11-27 18:00:00,62.6,62.73,62.53,62.6,563,8,0
2025-11-27 19:00:00,62.6,62.81,62.54,62.8,315,8,0
2025-11-27 20:00:00,62.8,62.87,62.78,62.85,86,8,0
2025-11-28 03:00:00,62.75,62.81,62.6,62.69,191,12,0
2025-11-28 04:00:00,62.69,62.83,62.67,62.81,132,12,0
2025-11-28 05:00:00,62.81,63.0,62.81,62.9,182,12,0
2025-11-28 06:00:00,62.9,63.0,62.88,62.99,81,12,0
2025-11-28 07:00:00,62.99,63.11,62.94,63.06,143,12,0
2025-11-28 08:00:00,63.06,63.08,62.93,62.98,188,12,0
2025-11-28 09:00:00,62.98,63.01,62.77,62.83,169,12,0
2025-11-28 10:00:00,62.84,63.08,62.8,62.84,332,23,0
2025-11-28 11:00:00,62.86,63.0,62.79,62.88,271,23,0
2025-11-28 12:00:00,62.87,62.9,62.61,62.66,422,23,0
2025-11-28 13:00:00,62.66,62.7,62.59,62.65,138,23,0
2025-11-28 14:00:00,62.66,62.73,62.51,62.56,164,23,0
2025-11-28 15:00:00,62.58,62.61,62.4,62.5,324,14,0
2025-11-28 16:00:00,62.5,62.87,62.45,62.84,577,10,0
2025-11-28 17:00:00,62.84,62.92,62.7,62.77,505,10,0
2025-11-28 18:00:00,62.77,63.27,62.7,63.16,642,10,0
2025-11-28 19:00:00,63.16,63.22,62.85,63.08,517,10,0
2025-11-28 20:00:00,63.08,63.19,63.08,63.18,183,11,0
2025-12-01 03:00:00,62.87,63.05,62.76,63.04,509,12,0
2025-12-01 04:00:00,63.04,63.18,62.99,63.16,251,12,0
2025-12-01 05:00:00,63.16,63.27,63.14,63.23,206,12,0
2025-12-01 06:00:00,63.23,63.32,63.21,63.3,123,12,0
2025-12-01 07:00:00,63.29,63.5,63.28,63.48,149,12,0
2025-12-01 08:00:00,63.48,63.67,63.32,63.33,307,12,0
2025-12-01 09:00:00,63.33,63.48,63.27,63.33,371,10,0
2025-12-01 10:00:00,63.33,63.59,63.25,63.43,690,10,0
2025-12-01 11:00:00,63.44,63.54,63.28,63.43,565,10,0
2025-12-01 12:00:00,63.42,63.47,63.11,63.15,447,10,0
2025-12-01 13:00:00,63.15,63.15,62.82,63.02,504,10,0
2025-12-01 14:00:00,63.02,63.04,62.78,62.84,400,10,0
2025-12-01 15:00:00,62.85,62.89,62.6,62.71,654,7,0
2025-12-01 16:00:00,62.7,63.3,62.66,63.18,1381,7,0
2025-12-01 17:00:00,63.18,63.33,63.06,63.17,986,7,0
2025-12-01 18:00:00,63.17,63.17,62.84,62.89,1103,7,0
2025-12-01 19:00:00,62.9,63.13,62.88,62.96,607,7,0
2025-12-01 20:00:00,62.96,63.21,62.93,63.11,394,7,0
2025-12-01 21:00:00,63.12,63.16,63.01,63.13,521,7,0
2025-12-01 22:00:00,63.14,63.26,63.1,63.12,271,7,0
2025-12-01 23:00:00,63.11,63.19,63.07,63.07,140,8,0
2025-12-02 03:00:00,63.17,63.22,63.03,63.04,318,7,0
2025-12-02 04:00:00,63.03,63.11,63.0,63.08,198,7,0
2025-12-02 05:00:00,63.08,63.08,63.0,63.07,136,7,0
2025-12-02 06:00:00,63.07,63.11,63.05,63.07,115,7,0
2025-12-02 07:00:00,63.07,63.11,63.03,63.06,166,7,0
2025-12-02 08:00:00,63.06,63.15,63.04,63.11,234,7,0
2025-12-02 09:00:00,63.12,63.2,62.93,62.95,428,7,0
2025-12-02 10:00:00,62.94,63.16,62.8,62.83,824,7,0
2025-12-02 11:00:00,62.84,63.06,62.75,62.89,568,7,0
2025-12-02 12:00:00,62.88,63.1,62.83,63.01,463,7,0
2025-12-02 13:00:00,63.01,63.05,62.73,62.75,454,7,0
2025-12-02 14:00:00,62.76,62.91,62.74,62.88,395,7,0
2025-12-02 15:00:00,62.88,62.95,62.58,62.65,661,7,0
2025-12-02 16:00:00,62.64,62.8,62.05,62.23,1515,7,0
2025-12-02 17:00:00,62.23,63.09,62.2,62.94,2311,7,0
2025-12-02 18:00:00,62.94,63.03,62.51,62.55,1314,7,0
2025-12-02 19:00:00,62.54,62.73,62.54,62.6,699,7,0
2025-12-02 20:00:00,62.6,62.82,62.53,62.66,631,7,0
2025-12-02 21:00:00,62.66,62.69,62.17,62.28,879,7,0
2025-12-02 22:00:00,62.29,62.34,62.23,62.31,285,7,0
2025-12-02 23:00:00,62.31,62.37,62.12,62.13,271,8,0
2025-12-03 03:00:00,62.32,62.4,62.18,62.18,328,7,0
2025-12-03 04:00:00,62.18,62.22,62.03,62.21,286,7,0
2025-12-03 05:00:00,62.21,62.34,62.2,62.32,213,7,0
2025-12-03 06:00:00,62.32,62.37,62.29,62.35,100,7,0
2025-12-03 07:00:00,62.35,62.4,62.3,62.31,207,7,0
2025-12-03 08:00:00,62.31,62.48,62.27,62.45,395,7,0
2025-12-03 09:00:00,62.45,62.61,62.45,62.56,337,7,0
2025-12-03 10:00:00,62.56,62.74,62.51,62.69,611,6,0
2025-12-03 11:00:00,62.69,63.07,62.66,63.07,656,7,0
2025-12-03 12:00:00,63.07,63.2,62.98,63.1,549,7,0
2025-12-03 13:00:00,63.09,63.1,62.99,63.02,345,7,0
2025-12-03 14:00:00,63.02,63.04,62.9,63.0,420,7,0
2025-12-03 15:00:00,63.0,63.06,62.67,62.97,923,7,0
2025-12-03 16:00:00,62.96,62.96,62.61,62.83,1274,7,0
2025-12-03 17:00:00,62.82,63.09,62.71,63.08,1161,7,0
2025-12-03 18:00:00,63.08,63.17,62.46,62.53,1323,7,0
2025-12-03 19:00:00,62.53,63.0,62.51,62.79,882,7,0
2025-12-03 20:00:00,62.79,62.89,62.66,62.68,574,7,0
2025-12-03 21:00:00,62.7,62.71,62.4,62.54,541,7,0
2025-12-03 22:00:00,62.54,62.67,62.51,62.64,217,7,0
2025-12-03 23:00:00,62.64,62.67,62.51,62.51,124,8,0
2025-12-04 03:00:00,62.56,62.7,62.56,62.62,238,7,0
2025-12-04 04:00:00,62.62,62.78,62.55,62.76,212,7,0
2025-12-04 05:00:00,62.76,62.8,62.71,62.76,150,7,0
2025-12-04 06:00:00,62.77,62.79,62.72,62.78,120,7,0
2025-12-04 07:00:00,62.79,62.86,62.68,62.71,259,7,0
2025-12-04 08:00:00,62.72,62.94,62.71,62.9,274,7,0
2025-12-04 09:00:00,62.9,62.9,62.8,62.84,289,7,0
2025-12-04 10:00:00,62.84,62.89,62.58,62.85,748,7,0
2025-12-04 11:00:00,62.86,62.88,62.58,62.7,578,7,0
2025-12-04 12:00:00,62.7,62.84,62.6,62.82,416,7,0
2025-12-04 13:00:00,62.82,62.91,62.69,62.74,382,7,0
2025-12-04 14:00:00,62.74,62.88,62.71,62.83,402,7,0
2025-12-04 15:00:00,62.82,62.98,62.8,62.89,542,7,0
2025-12-04 16:00:00,62.87,62.88,62.37,62.44,1342,7,0
2025-12-04 17:00:00,62.45,63.09,62.42,62.93,1140,7,0
2025-12-04 18:00:00,62.93,63.45,62.89,63.29,1207,7,0
2025-12-04 19:00:00,63.29,63.36,63.15,63.23,609,7,0
2025-12-04 20:00:00,63.23,63.34,63.21,63.26,374,7,0
2025-12-04 21:00:00,63.26,63.29,63.03,63.13,624,7,0
2025-12-04 22:00:00,63.12,63.17,63.06,63.12,248,7,0
2025-12-04 23:00:00,63.12,63.22,63.03,63.03,140,8,0
2025-12-05 03:00:00,63.06,63.14,63.03,63.05,281,7,0
2025-12-05 04:00:00,63.05,63.07,62.92,62.94,186,7,0
2025-12-05 05:00:00,62.94,62.97,62.88,62.94,131,7,0
2025-12-05 06:00:00,62.94,62.97,62.9,62.91,89,7,0
2025-12-05 07:00:00,62.91,63.58,62.91,63.03,181,0,0
2025-12-05 08:00:00,63.03,63.07,62.95,63.04,239,7,0
2025-12-05 09:00:00,63.04,63.11,62.94,63.02,364,7,0
2025-12-05 10:00:00,63.02,63.67,62.91,63.08,590,0,0
2025-12-05 11:00:00,63.06,63.23,62.96,63.15,491,7,0
2025-12-05 12:00:00,63.15,63.15,62.92,63.03,412,7,0
2025-12-05 13:00:00,63.03,63.08,62.93,62.99,392,7,0
2025-12-05 14:00:00,63.0,63.03,62.88,63.01,399,7,0
2025-12-05 15:00:00,63.02,63.19,62.94,63.06,576,7,0
2025-12-05 16:00:00,63.05,63.54,62.95,63.42,1190,7,0
2025-12-05 17:00:00,63.43,63.89,63.42,63.73,1276,7,0
2025-12-05 18:00:00,63.73,63.79,63.37,63.4,1111,7,0
2025-12-05 19:00:00,63.4,63.81,63.38,63.74,567,7,0
2025-12-05 20:00:00,63.74,63.76,63.55,63.56,388,7,0
2025-12-05 21:00:00,63.55,63.6,63.49,63.59,503,7,0
2025-12-05 22:00:00,63.59,63.62,63.52,63.57,242,7,0
2025-12-05 23:00:00,63.57,63.66,63.55,63.55,109,8,0
2025-12-08 03:00:00,63.51,63.62,63.44,63.55,328,7,0
2025-12-08 04:00:00,63.55,63.66,63.49,63.64,182,7,0
2025-12-08 05:00:00,63.65,63.7,63.61,63.65,163,7,0
2025-12-08 06:00:00,63.66,63.7,63.64,63.67,90,7,0
2025-12-08 07:00:00,63.67,63.74,63.56,63.68,213,7,0
2025-12-08 08:00:00,63.67,63.73,63.64,63.68,204,7,0
2025-12-08 09:00:00,63.68,63.74,63.61,63.67,270,7,0
2025-12-08 10:00:00,63.67,63.76,63.38,63.39,629,7,0
2025-12-08 11:00:00,63.4,63.44,63.0,63.11,586,7,0
2025-12-08 12:00:00,63.11,63.13,62.94,63.0,473,7,0
2025-12-08 13:00:00,63.0,63.09,62.86,62.94,367,7,0
2025-12-08 14:00:00,62.94,62.95,62.68,62.72,349,6,0
2025-12-08 15:00:00,62.72,63.1,62.69,62.95,809,7,0
2025-12-08 16:00:00,62.95,63.0,62.59,62.78,1338,7,0
2025-12-08 17:00:00,62.77,62.89,62.62,62.77,955,7,0
2025-12-08 18:00:00,62.76,62.76,62.51,62.73,1023,7,0
2025-12-08 19:00:00,62.73,62.73,62.46,62.52,541,7,0
2025-12-08 20:00:00,62.52,62.55,62.16,62.24,574,7,0
2025-12-08 21:00:00,62.25,62.34,62.18,62.25,525,7,0
2025-12-08 22:00:00,62.26,62.3,62.22,62.3,175,7,0
2025-12-08 23:00:00,62.3,62.33,62.18,62.18,129,8,0
2025-12-09 03:00:00,62.34,62.35,62.18,62.22,324,7,0
2025-12-09 04:00:00,62.23,62.28,62.17,62.19,218,7,0
2025-12-09 05:00:00,62.18,62.21,62.14,62.2,179,7,0
2025-12-09 06:00:00,62.2,62.22,62.11,62.15,101,7,0
2025-12-09 07:00:00,62.14,62.15,62.04,62.13,216,7,0
2025-12-09 08:00:00,62.13,62.19,62.04,62.17,343,7,0
2025-12-09 09:00:00,62.17,62.32,62.13,62.24,368,7,0
2025-12-09 10:00:00,62.24,62.34,62.12,62.13,639,7,0
2025-12-09 11:00:00,62.14,62.24,62.08,62.24,520,7,0
2025-12-09 12:00:00,62.26,62.56,62.26,62.46,559,7,0
2025-12-09 13:00:00,62.44,62.57,62.38,62.54,439,6,0
2025-12-09 14:00:00,62.56,62.59,62.4,62.43,419,7,0
2025-12-09 15:00:00,62.43,62.44,62.13,62.26,591,7,0
2025-12-09 16:00:00,62.27,62.33,62.0,62.01,839,7,0
2025-12-09 17:00:00,62.0,62.13,61.68,61.78,1207,7,0
2025-12-09 18:00:00,61.78,61.89,61.66,61.74,896,7,0
2025-12-09 19:00:00,61.76,61.79,61.69,61.71,492,7,0
2025-12-09 20:00:00,61.71,61.83,61.68,61.72,388,7,0
2025-12-09 21:00:00,61.72,61.92,61.71,61.89,423,7,0
2025-12-09 22:00:00,61.88,61.91,61.82,61.84,202,7,0
2025-12-09 23:00:00,61.84,61.92,61.81,61.81,155,8,0
2025-12-10 03:00:00,61.87,61.93,61.81,61.9,294,7,0
2025-12-10 04:00:00,61.91,61.94,61.82,61.85,182,7,0
2025-12-10 05:00:00,61.84,61.87,61.77,61.84,183,7,0
2025-12-10 06:00:00,61.85,61.87,61.79,61.82,89,7,0
2025-12-10 07:00:00,61.82,61.91,61.79,61.87,160,7,0
2025-12-10 08:00:00,61.87,61.97,61.85,61.92,244,7,0
2025-12-10 09:00:00,61.92,61.93,61.75,61.8,371,7,0
2025-12-10 10:00:00,61.8,61.91,61.66,61.74,651,7,0
2025-12-10 11:00:00,61.73,61.95,61.58,61.73,597,7,0
2025-12-10 12:00:00,61.73,62.08,61.72,62.04,620,7,0
2025-12-10 13:00:00,62.03,62.13,61.98,62.0,398,7,0
2025-12-10 14:00:00,62.0,62.12,61.96,61.96,430,7,0
2025-12-10 15:00:00,61.96,61.97,61.74,61.8,588,7,0
2025-12-10 16:00:00,61.8,61.8,61.28,61.39,1087,7,0
2025-12-10 17:00:00,61.38,61.47,61.22,61.26,851,7,0
2025-12-10 18:00:00,61.25,61.6,61.18,61.59,759,7,0
2025-12-10 19:00:00,61.59,61.64,61.52,61.59,478,7,0
2025-12-10 20:00:00,61.59,62.06,61.58,61.87,882,7,0
2025-12-10 21:00:00,61.87,62.28,61.83,62.26,1169,7,0
2025-12-10 22:00:00,62.27,62.51,62.25,62.41,568,7,0
2025-12-10 23:00:00,62.41,62.5,62.33,62.33,151,8,0
2025-12-11 03:00:00,62.2,62.39,62.2,62.29,459,7,0
2025-12-11 04:00:00,62.29,62.32,62.15,62.16,287,7,0
2025-12-11 05:00:00,62.16,62.18,61.89,61.94,339,7,0
2025-12-11 06:00:00,61.94,61.98,61.88,61.9,146,7,0
2025-12-11 07:00:00,61.89,61.93,61.74,61.77,198,7,0
2025-12-11 08:00:00,61.77,61.77,61.58,61.61,381,7,0
2025-12-11 09:00:00,61.61,61.66,61.48,61.56,439,7,0
2025-12-11 10:00:00,61.56,61.58,61.19,61.27,889,7,0
2025-12-11 11:00:00,61.28,61.32,61.17,61.21,625,7,0
2025-12-11 12:00:00,61.2,61.22,61.01,61.08,556,7,0
2025-12-11 13:00:00,61.08,61.32,61.05,61.27,454,7,0
2025-12-11 14:00:00,61.26,61.4,61.26,61.32,533,7,0
2025-12-11 15:00:00,61.31,61.37,61.08,61.12,717,7,0
2025-12-11 16:00:00,61.11,61.36,60.75,60.88,1302,0,0
2025-12-11 17:00:00,60.88,61.04,60.82,60.97,1033,7,0
2025-12-11 18:00:00,60.98,61.03,60.58,60.76,1754,7,0
2025-12-11 19:00:00,60.76,60.93,60.75,60.84,547,7,0
2025-12-11 20:00:00,60.84,61.04,60.78,60.94,574,7,0
2025-12-11 21:00:00,60.95,61.34,60.93,61.28,596,7,0
2025-12-11 22:00:00,61.27,61.32,61.18,61.31,213,7,0
2025-12-11 23:00:00,61.31,61.42,61.28,61.29,167,8,0
2025-12-12 03:00:00,61.37,61.49,61.35,61.44,409,7,0
2025-12-12 04:00:00,61.44,61.53,61.44,61.48,219,7,0
2025-12-12 05:00:00,61.48,61.65,61.45,61.49,304,7,0
2025-12-12 06:00:00,61.49,61.52,61.45,61.5,99,7,0
2025-12-12 07:00:00,61.5,61.61,61.49,61.56,206,7,0
2025-12-12 08:00:00,61.56,61.58,61.35,61.38,294,7,0
2025-12-12 09:00:00,61.38,61.46,61.3,61.42,357,7,0
2025-12-12 10:00:00,61.42,61.59,61.32,61.57,683,7,0
2025-12-12 11:00:00,61.58,61.61,61.05,61.08,661,7,0
2025-12-12 12:00:00,61.1,61.12,60.88,61.06,509,7,0
2025-12-12 13:00:00,61.07,61.07,60.84,60.96,431,7,0
2025-12-12 14:00:00,60.94,61.13,60.92,61.04,491,7,0
2025-12-12 15:00:00,61.04,61.14,60.9,61.06,769,7,0
2025-12-12 16:00:00,61.08,61.08,60.77,61.02,1148,7,0
2025-12-12 17:00:00,61.02,61.02,60.63,60.67,1252,7,0
2025-12-12 18:00:00,60.67,61.12,60.64,61.07,1373,7,0
2025-12-12 19:00:00,61.08,61.15,61.01,61.11,731,7,0
2025-12-12 20:00:00,61.11,61.13,60.94,60.96,477,7,0
2025-12-12 21:00:00,60.96,61.07,60.87,60.87,530,7,0
2025-12-12 22:00:00,60.87,60.99,60.82,60.95,292,7,0
2025-12-12 23:00:00,60.95,60.99,60.89,60.93,104,8,0
2025-12-15 03:00:00,61.14,61.19,61.09,61.14,293,7,0
2025-12-15 04:00:00,61.14,61.26,61.13,61.17,250,7,0
2025-12-15 05:00:00,61.17,61.23,61.16,61.19,146,7,0
2025-12-15 06:00:00,61.19,61.23,61.19,61.21,114,7,0
2025-12-15 07:00:00,61.21,61.22,61.15,61.15,164,7,0
2025-12-15 08:00:00,61.16,61.26,61.12,61.17,227,7,0
2025-12-15 09:00:00,61.17,61.24,61.1,61.12,262,7,0
2025-12-15 10:00:00,61.13,61.18,60.94,61.03,740,7,0
2025-12-15 11:00:00,61.04,61.2,60.91,61.02,588,7,0
2025-12-15 12:00:00,61.02,61.07,60.74,60.78,524,7,0
2025-12-15 13:00:00,60.79,60.89,60.55,60.63,444,7,0
2025-12-15 14:00:00,60.63,60.7,60.58,60.68,325,7,0
2025-12-15 15:00:00,60.68,60.91,60.51,60.6,799,7,0
2025-12-15 16:00:00,60.62,60.71,60.38,60.47,1144,7,0
2025-12-15 17:00:00,60.47,60.58,60.22,60.31,1199,7,0
2025-12-15 18:00:00,60.31,60.33,59.93,60.12,1327,7,0
2025-12-15 19:00:00,60.12,60.26,60.03,60.18,629,7,0
2025-12-15 20:00:00,60.18,60.18,59.95,60.07,421,7,0
2025-12-15 21:00:00,60.06,60.41,60.06,60.27,686,7,0
2025-12-15 22:00:00,60.27,60.29,60.14,60.17,248,7,0
2025-12-15 23:00:00,60.17,60.18,60.06,60.07,147,8,0
2025-12-16 03:00:00,60.12,60.15,59.97,59.98,545,7,0
2025-12-16 04:00:00,59.99,60.4,59.93,60.36,339,5,0
2025-12-16 05:00:00,60.37,60.41,59.98,60.0,193,0,0
2025-12-16 06:00:00,59.99,60.05,59.97,60.02,133,7,0
2025-12-16 07:00:00,60.01,60.05,59.87,59.89,231,7,0
2025-12-16 08:00:00,59.89,60.09,59.89,60.08,224,7,0
2025-12-16 09:00:00,60.08,60.08,59.91,59.92,391,7,0
2025-12-16 10:00:00,59.92,59.99,59.49,59.7,916,7,0
2025-12-16 11:00:00,59.71,59.74,59.43,59.44,715,7,0
2025-12-16 12:00:00,59.44,59.49,59.26,59.42,522,7,0
2025-12-16 13:00:00,59.42,59.54,59.37,59.48,400,7,0
2025-12-16 14:00:00,59.47,59.59,59.45,59.49,438,7,0
2025-12-16 15:00:00,59.49,59.55,59.2,59.3,829,7,0
2025-12-16 16:00:00,59.28,59.28,58.86,58.87,1225,7,0
2025-12-16 17:00:00,58.87,58.93,58.54,58.77,1235,7,0
2025-12-16 18:00:00,58.77,59.01,58.69,58.97,1211,7,0
2025-12-16 19:00:00,58.97,59.1,58.81,58.82,760,7,0
2025-12-16 20:00:00,58.82,59.03,58.77,58.86,675,7,0
2025-12-16 21:00:00,58.86,58.87,58.67,58.7,613,7,0
2025-12-16 22:00:00,58.69,58.73,58.61,58.64,235,7,0
2025-12-16 23:00:00,58.64,58.65,58.52,58.53,210,8,0
2025-12-17 03:00:00,59.1,59.25,59.03,59.15,774,7,0
2025-12-17 04:00:00,59.15,59.43,59.14,59.29,466,7,0
2025-12-17 05:00:00,59.3,59.4,59.26,59.37,264,7,0
2025-12-17 06:00:00,59.38,59.47,59.35,59.47,189,7,0
2025-12-17 07:00:00,59.47,59.65,59.45,59.53,368,7,0
2025-12-17 08:00:00,59.53,59.63,59.37,59.49,378,7,0
2025-12-17 09:00:00,59.49,59.64,59.43,59.44,505,7,0
2025-12-17 10:00:00,59.44,59.73,59.29,59.71,846,7,0
2025-12-17 11:00:00,59.71,60.06,59.58,59.92,1739,7,0
2025-12-17 12:00:00,59.91,60.12,59.91,60.01,756,7,0
2025-12-17 13:00:00,60.0,60.04,59.8,59.83,502,7,0
2025-12-17 14:00:00,59.82,59.93,59.61,59.66,499,7,0
2025-12-17 15:00:00,59.67,59.79,59.61,59.75,726,7,0
2025-12-17 16:00:00,59.76,59.76,59.16,59.45,1672,7,0
2025-12-17 17:00:00,59.43,59.76,59.32,59.46,1666,7,0
2025-12-17 18:00:00,59.46,59.76,59.44,59.64,1511,7,0
2025-12-17 19:00:00,59.64,59.69,59.5,59.59,695,7,0
2025-12-17 20:00:00,59.59,59.69,59.49,59.5,536,7,0
2025-12-17 21:00:00,59.5,59.59,59.38,59.59,646,7,0
2025-12-17 22:00:00,59.58,60.21,59.57,60.13,586,7,0
2025-12-17 23:00:00,60.13,60.39,60.13,60.22,446,8,0
2025-12-18 03:00:00,60.26,60.37,60.22,60.25,453,9,0
2025-12-18 04:00:00,60.26,60.29,59.49,59.81,1018,9,0
2025-12-18 05:00:00,59.81,59.88,59.75,59.8,243,9,0
2025-12-18 06:00:00,59.8,59.82,59.68,59.76,180,9,0
2025-12-18 07:00:00,59.76,59.89,59.72,59.88,231,9,0
2025-12-18 08:00:00,59.88,59.97,59.87,59.96,268,9,0
2025-12-18 09:00:00,59.96,60.01,59.85,59.86,345,8,0
2025-12-18 10:00:00,59.86,59.92,59.68,59.69,682,8,0
2025-12-18 11:00:00,59.72,59.79,59.48,59.58,537,8,0
2025-12-18 12:00:00,59.6,59.65,59.38,59.4,467,8,0
2025-12-18 13:00:00,59.4,59.57,59.31,59.35,435,8,0
2025-12-18 14:00:00,59.34,59.56,59.31,59.49,452,8,0
2025-12-18 15:00:00,59.49,59.77,59.48,59.61,773,8,0
2025-12-18 16:00:00,59.6,59.93,59.47,59.91,1299,7,0
2025-12-18 17:00:00,59.91,59.96,59.68,59.76,993,7,0
2025-12-18 18:00:00,59.75,60.02,59.66,59.78,866,7,0
2025-12-18 19:00:00,59.78,59.95,59.7,59.73,718,7,0
2025-12-18 20:00:00,59.73,59.81,59.59,59.65,451,7,0
2025-12-18 21:00:00,59.65,59.68,59.34,59.36,547,7,0
2025-12-18 22:00:00,59.36,59.46,59.36,59.4,225,7,0
2025-12-18 23:00:00,59.4,59.52,59.32,59.33,173,8,0
2025-12-19 03:00:00,59.42,59.47,59.27,59.34,401,9,0
2025-12-19 04:00:00,59.34,59.43,59.3,59.36,255,9,0
2025-12-19 05:00:00,59.37,59.43,59.3,59.36,232,9,0
2025-12-19 06:00:00,59.37,59.87,59.36,59.42,160,0,0
2025-12-19 07:00:00,59.43,59.44,59.31,59.33,168,9,0
2025-12-19 08:00:00,59.33,59.44,59.3,59.41,343,9,0
2025-12-19 09:00:00,59.41,59.49,59.18,59.2,422,8,0
2025-12-19 10:00:00,59.19,59.5,59.19,59.39,797,8,0
2025-12-19 11:00:00,59.39,59.47,59.17,59.33,726,8,0
2025-12-19 12:00:00,59.34,59.59,59.12,59.48,725,8,0
2025-12-19 13:00:00,59.49,59.72,59.49,59.7,466,8,0
2025-12-19 14:00:00,59.71,59.84,59.57,59.79,422,7,0
2025-12-19 15:00:00,59.77,60.03,59.75,59.96,629,7,0
2025-12-19 16:00:00,59.97,60.0,59.7,59.91,1242,7,0
2025-12-19 17:00:00,59.92,59.96,59.57,59.66,972,7,0
2025-12-19 18:00:00,59.66,60.0,59.65,59.89,875,7,0
2025-12-19 19:00:00,59.9,60.01,59.85,59.98,475,7,0
2025-12-19 20:00:00,59.98,60.25,59.95,60.19,638,7,0
2025-12-19 21:00:00,60.18,60.18,59.99,60.07,652,7,0
2025-12-19 22:00:00,60.07,60.2,60.02,60.12,243,7,0
2025-12-19 23:00:00,60.12,60.15,60.05,60.07,134,8,0
2025-12-22 03:00:00,60.46,60.55,60.44,60.46,321,7,0
2025-12-22 04:00:00,60.47,60.66,60.47,60.56,257,7,0
2025-12-22 05:00:00,60.56,60.6,60.47,60.54,219,7,0
2025-12-22 06:00:00,60.54,60.63,60.51,60.59,119,7,0
2025-12-22 07:00:00,60.6,60.84,60.53,60.72,395,7,0
2025-12-22 08:00:00,60.71,60.8,60.63,60.76,343,7,0
2025-12-22 09:00:00,60.75,60.82,60.61,60.65,326,7,0
2025-12-22 10:00:00,60.65,60.69,60.52,60.65,568,7,0
2025-12-22 11:00:00,60.66,60.71,60.48,60.63,484,7,0
2025-12-22 12:00:00,60.63,61.06,60.6,60.99,456,7,0
2025-12-22 13:00:00,60.99,61.33,60.99,61.32,476,7,0
2025-12-22 14:00:00,61.32,61.33,61.2,61.28,414,7,0
2025-12-22 15:00:00,61.29,61.68,61.25,61.53,692,7,0
2025-12-22 16:00:00,61.52,61.59,61.24,61.35,1095,7,0
2025-12-22 17:00:00,61.35,61.53,61.16,61.17,793,7,0
2025-12-22 18:00:00,61.17,61.45,61.13,61.38,755,7,0
2025-12-22 19:00:00,61.39,61.52,61.35,61.37,453,7,0
2025-12-22 20:00:00,61.37,61.56,61.36,61.51,301,7,0
2025-12-22 21:00:00,61.51,61.64,61.45,61.62,400,7,0
2025-12-22 22:00:00,61.63,61.67,61.57,61.58,230,7,0
2025-12-22 23:00:00,61.58,61.59,61.41,61.41,175,8,0
2025-12-23 03:00:00,61.44,61.52,61.39,61.43,313,9,0
2025-12-23 04:00:00,61.43,61.52,61.41,61.47,193,9,0
2025-12-23 05:00:00,61.49,61.53,61.47,61.49,149,9,0
2025-12-23 06:00:00,61.49,61.5,61.44,61.44,65,9,0
2025-12-23 07:00:00,61.43,61.43,61.31,61.34,235,9,0
2025-12-23 08:00:00,61.35,61.43,61.31,61.4,251,9,0
2025-12-23 09:00:00,61.4,61.48,61.37,61.44,232,7,0
2025-12-23 10:00:00,61.44,61.62,61.44,61.52,491,7,0
2025-12-23 11:00:00,61.52,61.66,61.51,61.59,358,7,0
2025-12-23 12:00:00,61.58,61.72,61.5,61.65,456,7,0
2025-12-23 13:00:00,61.65,61.72,61.54,61.66,350,7,0
2025-12-23 14:00:00,61.66,61.75,61.59,61.72,295,7,0
2025-12-23 15:00:00,61.71,61.78,61.62,61.7,498,7,0
2025-12-23 16:00:00,61.69,61.73,61.28,61.33,1072,7,0
2025-12-23 17:00:00,61.34,61.47,61.29,61.3,794,7,0
2025-12-23 18:00:00,61.29,61.69,61.26,61.59,756,8,0
2025-12-23 19:00:00,61.59,61.77,61.57,61.73,427,8,0
2025-12-23 20:00:00,61.73,61.88,61.71,61.81,381,8,0
2025-12-23 21:00:00,61.82,61.96,61.79,61.93,449,8,0
2025-12-23 22:00:00,61.92,61.97,61.88,61.92,194,8,0
2025-12-23 23:00:00,61.92,62.01,61.8,61.8,174,9,0
2025-12-24 03:00:00,61.93,61.93,61.71,61.8,463,9,0
2025-12-24 04:00:00,61.8,61.87,61.79,61.81,183,9,0
2025-12-24 05:00:00,61.81,61.88,61.78,61.87,206,9,0
2025-12-24 06:00:00,61.87,61.94,61.64,61.89,391,9,0
2025-12-24 07:00:00,61.9,61.93,61.85,61.87,161,9,0
2025-12-24 08:00:00,61.87,62.04,61.83,61.99,186,9,0
2025-12-24 09:00:00,61.99,62.05,61.96,62.01,223,8,0
2025-12-24 10:00:00,62.04,62.18,62.0,62.03,319,8,0
2025-12-24 11:00:00,62.02,62.05,61.8,61.91,417,8,0
2025-12-24 12:00:00,61.91,62.03,61.84,61.99,227,8,0
2025-12-24 13:00:00,61.98,62.08,61.84,61.98,375,8,0
2025-12-24 14:00:00,61.99,62.09,61.81,61.85,644,8,0
2025-12-24 15:00:00,61.84,61.94,61.78,61.89,536,10,0
2025-12-24 16:00:00,61.89,62.04,61.78,61.93,708,10,0
2025-12-24 17:00:00,61.92,61.98,61.5,61.57,632,10,0
2025-12-24 18:00:00,61.56,61.78,61.53,61.76,614,10,0
2025-12-24 19:00:00,61.75,61.92,61.69,61.73,475,10,0
2025-12-24 20:00:00,61.72,61.78,61.64,61.75,342,11,0
2025-12-26 03:00:00,61.88,61.97,61.8,61.82,407,12,0
2025-12-26 04:00:00,61.82,61.9,61.78,61.83,197,12,0
2025-12-26 05:00:00,61.84,61.87,61.78,61.79,119,12,0
2025-12-26 06:00:00,61.78,61.79,61.68,61.76,107,12,0
2025-12-26 07:00:00,61.77,61.77,61.65,61.77,191,12,0
2025-12-26 08:00:00,61.78,61.89,61.74,61.83,269,12,0
2025-12-26 09:00:00,61.83,61.9,61.73,61.73,173,10,0
2025-12-26 10:00:00,61.74,61.93,61.64,61.9,594,10,0
2025-12-26 11:00:00,61.9,61.99,61.7,61.77,380,10,0
2025-12-26 12:00:00,61.77,62.19,61.76,61.88,345,10,0
2025-12-26 13:00:00,61.86,61.97,61.56,61.73,517,10,0
2025-12-26 14:00:00,61.74,61.83,61.64,61.66,368,10,0
2025-12-26 15:00:00,61.66,61.75,61.32,61.33,712,10,0
2025-12-26 16:00:00,61.32,61.32,61.02,61.14,1260,10,0
2025-12-26 17:00:00,61.14,61.15,60.78,60.82,816,10,0
2025-12-26 18:00:00,60.82,60.87,60.62,60.67,750,10,0
2025-12-26 19:00:00,60.66,60.75,60.55,60.63,521,10,0
2025-12-26 20:00:00,60.63,60.7,60.44,60.45,364,11,0
2025-12-26 21:00:00,60.45,60.52,60.09,60.19,534,11,0
2025-12-26 22:00:00,60.19,60.37,60.17,60.34,219,11,0
2025-12-26 23:00:00,60.34,60.43,60.3,60.34,159,13,0
2025-12-29 03:00:00,60.62,60.75,60.53,60.59,497,7,0
2025-12-29 04:00:00,60.59,60.75,60.55,60.72,254,7,0
2025-12-29 05:00:00,60.72,60.8,60.68,60.78,180,7,0
2025-12-29 06:00:00,60.78,60.81,60.75,60.77,100,7,0
2025-12-29 07:00:00,60.76,60.97,60.74,60.84,232,7,0
2025-12-29 08:00:00,60.84,60.89,60.75,60.78,272,7,0
2025-12-29 09:00:00,60.78,60.88,60.72,60.8,402,7,0
2025-12-29 10:00:00,60.8,61.02,60.73,61.02,758,8,0
2025-12-29 11:00:00,61.02,61.47,61.02,61.39,539,8,0
2025-12-29 12:00:00,61.39,61.42,61.14,61.37,506,8,0
2025-12-29 13:00:00,61.36,61.45,61.27,61.41,424,8,0
2025-12-29 14:00:00,61.42,61.56,61.27,61.52,447,7,0
2025-12-29 15:00:00,61.51,61.63,61.45,61.48,640,7,0
2025-12-29 16:00:00,61.48,61.65,61.26,61.45,1195,7,0
2025-12-29 17:00:00,61.45,61.59,61.39,61.55,876,7,0
2025-12-29 18:00:00,61.56,61.61,61.34,61.36,985,7,0
2025-12-29 19:00:00,61.36,61.46,61.29,61.32,472,7,0
2025-12-29 20:00:00,61.32,61.37,61.13,61.25,639,7,0
2025-12-29 21:00:00,61.25,61.52,61.23,61.36,520,7,0
2025-12-29 22:00:00,61.36,61.37,61.17,61.19,213,7,0
2025-12-29 23:00:00,61.19,61.22,61.04,61.04,150,8,0
2025-12-30 03:00:00,61.0,61.26,60.91,61.23,383,7,0
2025-12-30 04:00:00,61.24,61.34,61.15,61.29,265,7,0
2025-12-30 05:00:00,61.29,61.46,61.29,61.36,221,7,0
2025-12-30 06:00:00,61.36,61.4,61.34,61.37,87,7,0
2025-12-30 07:00:00,61.37,61.53,61.31,61.43,269,7,0
2025-12-30 08:00:00,61.43,61.49,61.25,61.27,318,7,0
2025-12-30 09:00:00,61.27,61.41,61.24,61.37,286,7,0
2025-12-30 10:00:00,61.37,61.58,61.3,61.53,601,7,0
2025-12-30 11:00:00,61.52,61.75,61.48,61.68,567,7,0
2025-12-30 12:00:00,61.67,61.75,61.48,61.63,442,7,0
2025-12-30 13:00:00,61.63,61.72,61.57,61.71,321,7,0
2025-12-30 14:00:00,61.72,61.8,61.58,61.66,435,7,0
2025-12-30 15:00:00,61.66,61.72,61.6,61.67,516,7,0
2025-12-30 16:00:00,61.65,61.73,61.58,61.64,864,7,0
2025-12-30 17:00:00,61.65,61.7,61.52,61.56,503,7,0
2025-12-30 18:00:00,61.56,61.62,61.27,61.35,687,7,0
2025-12-30 19:00:00,61.34,61.39,61.2,61.28,386,7,0
2025-12-30 20:00:00,61.28,61.35,61.23,61.31,285,7,0
2025-12-30 21:00:00,61.31,61.34,61.19,61.25,357,7,0
2025-12-30 22:00:00,61.26,61.28,61.19,61.24,156,7,0
2025-12-30 23:00:00,61.24,61.24,61.14,61.14,103,8,0
2025-12-31 03:00:00,61.2,61.23,61.1,61.11,288,7,0
2025-12-31 04:00:00,61.11,61.23,61.08,61.14,234,7,0
2025-12-31 05:00:00,61.15,61.23,61.1,61.17,207,7,0
2025-12-31 06:00:00,61.18,61.53,61.17,61.34,439,7,0
2025-12-31 07:00:00,61.32,61.34,61.11,61.15,254,7,0
2025-12-31 08:00:00,61.14,61.22,61.11,61.13,284,7,0
2025-12-31 09:00:00,61.13,61.25,61.08,61.13,166,7,0
2025-12-31 10:00:00,61.13,61.14,60.99,61.01,362,7,0
2025-12-31 11:00:00,61.02,61.46,61.02,61.35,447,7,0
2025-12-31 12:00:00,61.33,61.45,61.22,61.38,424,7,0
2025-12-31 13:00:00,61.37,61.61,61.34,61.5,376,7,0
2025-12-31 14:00:00,61.5,61.63,61.34,61.42,544,7,0
2025-12-31 15:00:00,61.43,61.82,61.39,61.72,603,7,0
2025-12-31 16:00:00,61.73,61.75,61.35,61.54,897,7,0
2025-12-31 17:00:00,61.54,61.65,61.13,61.13,878,7,0
2025-12-31 18:00:00,61.12,61.34,61.04,61.14,647,7,0
2025-12-31 19:00:00,61.14,61.19,61.03,61.06,366,7,0
2025-12-31 20:00:00,61.06,61.09,60.78,60.88,538,7,0
2025-12-31 21:00:00,60.89,60.93,60.7,60.73,351,7,0
2026-01-02 03:00:00,60.73,60.88,60.72,60.84,240,7,0
2026-01-02 04:00:00,60.85,60.96,60.83,60.93,179,7,0
2026-01-02 05:00:00,60.93,61.04,60.92,61.03,123,7,0
2026-01-02 06:00:00,61.03,61.08,60.89,60.97,119,7,0
2026-01-02 07:00:00,60.98,61.07,60.98,61.06,113,7,0
2026-01-02 08:00:00,61.06,61.21,61.05,61.17,149,7,0
2026-01-02 09:00:00,61.17,61.24,61.02,61.11,312,7,0
2026-01-02 10:00:00,61.13,61.22,60.62,60.62,738,7,0
2026-01-02 11:00:00,60.62,60.66,60.31,60.52,631,7,0
2026-01-02 12:00:00,60.53,60.87,60.52,60.69,621,7,0
2026-01-02 13:00:00,60.68,60.77,60.44,60.57,451,7,0
2026-01-02 14:00:00,60.56,60.6,60.18,60.21,458,7,0
2026-01-02 15:00:00,60.21,60.34,60.15,60.17,597,7,0
2026-01-02 16:00:00,60.16,60.28,59.93,59.99,865,7,0
2026-01-02 17:00:00,59.99,60.23,59.92,60.02,977,7,0
2026-01-02 18:00:00,60.02,60.21,59.9,60.04,1090,7,0
2026-01-02 19:00:00,60.04,60.47,60.02,60.28,894,7,0
2026-01-02 20:00:00,60.29,60.53,60.23,60.48,565,7,0
2026-01-02 21:00:00,60.48,60.73,60.48,60.59,694,7,0
2026-01-02 22:00:00,60.59,60.66,60.57,60.64,272,7,0
2026-01-02 23:00:00,60.64,60.68,60.59,60.64,116,8,0
2026-01-05 03:00:00,60.72,61.09,60.6,60.63,982,9,0
2026-01-05 04:00:00,60.63,60.74,60.59,60.62,446,9,0
2026-01-05 05:00:00,60.63,60.63,60.38,60.42,300,9,0
2026-01-05 06:00:00,60.41,60.48,60.34,60.37,193,9,0
2026-01-05 07:00:00,60.36,60.43,60.17,60.23,445,9,0
2026-01-05 08:00:00,60.23,60.34,60.16,60.2,452,9,0
2026-01-05 09:00:00,60.2,60.3,60.04,60.08,455,8,0
2026-01-05 10:00:00,60.08,60.22,59.63,59.93,1064,8,0
2026-01-05 11:00:00,59.93,60.73,59.89,60.69,873,8,0
2026-01-05 12:00:00,60.7,60.71,60.47,60.6,737,8,0
2026-01-05 13:00:00,60.58,60.99,60.56,60.88,627,8,0
2026-01-05 14:00:00,60.88,61.07,60.71,61.07,499,8,0
2026-01-05 15:00:00,61.08,61.21,60.99,61.09,747,7,0
2026-01-05 16:00:00,61.09,61.37,60.99,61.23,1433,7,0
2026-01-05 17:00:00,61.22,61.72,60.82,61.65,1502,7,0
2026-01-05 18:00:00,61.65,61.66,61.18,61.4,1099,7,0
2026-01-05 19:00:00,61.39,61.62,61.38,61.61,556,7,0
2026-01-05 20:00:00,61.61,61.74,61.53,61.61,356,7,0
2026-01-05 21:00:00,61.61,61.68,61.5,61.59,423,7,0
2026-01-05 22:00:00,61.59,61.71,61.59,61.66,240,7,0
2026-01-05 23:00:00,61.66,61.73,61.54,61.54,174,8,0
2026-01-06 03:00:00,61.58,61.58,61.32,61.35,409,7,0
2026-01-06 04:00:00,61.35,61.42,61.21,61.32,275,7,0
2026-01-06 05:00:00,61.32,61.48,61.28,61.45,192,7,0
2026-01-06 06:00:00,61.45,61.48,61.41,61.44,97,7,0
2026-01-06 07:00:00,61.44,61.49,61.39,61.4,156,7,0
2026-01-06 08:00:00,61.4,61.51,61.36,61.45,353,7,0
2026-01-06 09:00:00,61.45,61.45,61.19,61.27,460,7,0
2026-01-06 10:00:00,61.27,61.79,61.15,61.78,850,7,0
2026-01-06 11:00:00,61.77,61.98,61.62,61.72,972,7,0
2026-01-06 12:00:00,61.72,61.92,61.68,61.9,545,7,0
2026-01-06 13:00:00,61.91,61.93,61.75,61.89,455,7,0
2026-01-06 14:00:00,61.9,61.94,61.68,61.85,488,7,0
2026-01-06 15:00:00,61.85,62.14,61.81,62.04,867,7,0
2026-01-06 16:00:00,62.03,62.1,61.41,61.43,1440,7,0
2026-01-06 17:00:00,61.43,61.73,61.08,61.47,2035,7,0
2026-01-06 18:00:00,61.47,61.59,61.29,61.31,1145,7,0
2026-01-06 19:00:00,61.31,61.33,60.94,61.0,771,7,0
2026-01-06 20:00:00,61.0,61.07,60.74,60.75,469,7,0
2026-01-06 21:00:00,60.76,60.77,60.36,60.36,875,7,0
2026-01-06 22:00:00,60.36,60.46,60.25,60.33,352,7,0
2026-01-06 23:00:00,60.33,60.47,60.26,60.26,255,8,0
2026-01-07 03:00:00,59.92,60.21,59.84,59.95,1331,9,0
2026-01-07 04:00:00,59.95,60.01,59.84,59.99,565,9,0
2026-01-07 05:00:00,59.99,60.03,59.86,59.91,301,9,0
2026-01-07 06:00:00,59.91,59.97,59.8,59.84,228,9,0
2026-01-07 07:00:00,59.84,59.85,59.71,59.85,229,9,0
2026-01-07 08:00:00,59.85,60.01,59.76,59.79,375,9,0
2026-01-07 09:00:00,59.79,59.96,59.71,59.91,562,8,0
2026-01-07 10:00:00,59.91,60.14,59.84,60.09,876,8,0
2026-01-07 11:00:00,60.08,60.22,59.85,59.9,744,8,0
2026-01-07 12:00:00,59.9,60.42,59.85,60.41,694,8,0
2026-01-07 13:00:00,60.39,60.53,60.28,60.36,617,8,0
2026-01-07 14:00:00,60.36,60.64,60.27,60.61,625,8,0
2026-01-07 15:00:00,60.6,60.74,60.23,60.56,1627,7,0
2026-01-07 16:00:00,60.56,60.65,60.02,60.19,1812,7,0
2026-01-07 17:00:00,60.19,60.32,59.95,60.11,1401,7,0
2026-01-07 18:00:00,60.1,60.25,59.89,59.89,1056,7,0
2026-01-07 19:00:00,59.88,59.93,59.66,59.67,720,7,0
2026-01-07 20:00:00,59.67,59.79,59.65,59.77,578,7,0
2026-01-07 21:00:00,59.77,60.08,59.74,60.0,658,7,0
2026-01-07 22:00:00,60.0,60.1,59.93,60.09,337,7,0
2026-01-07 23:00:00,60.09,60.15,60.02,60.07,174,8,0
2026-01-08 03:00:00,60.07,60.23,60.07,60.21,412,7,0
2026-01-08 04:00:00,60.21,60.22,59.93,60.0,388,7,0
2026-01-08 05:00:00,60.0,60.05,59.92,60.04,288,7,0
2026-01-08 06:00:00,60.04,60.12,60.0,60.06,146,7,0
2026-01-08 07:00:00,60.06,60.12,60.01,60.05,272,7,0
2026-01-08 08:00:00,60.05,60.06,59.88,60.06,444,7,0
2026-01-08 09:00:00,60.06,60.07,59.91,59.95,473,7,0
2026-01-08 10:00:00,59.95,59.97,59.76,59.96,763,7,0
2026-01-08 11:00:00,59.95,60.27,59.83,60.19,620,7,0
2026-01-08 12:00:00,60.18,60.47,60.15,60.42,642,7,0
2026-01-08 13:00:00,60.41,60.64,60.35,60.6,483,7,0
2026-01-08 14:00:00,60.6,60.73,60.54,60.73,521,7,0
2026-01-08 15:00:00,60.73,61.0,60.63,60.91,872,7,0
2026-01-08 16:00:00,60.92,61.04,60.76,60.81,1294,7,0
2026-01-08 17:00:00,60.8,60.89,60.64,60.75,928,7,0
2026-01-08 18:00:00,60.76,61.05,60.74,60.97,827,7,0
2026-01-08 19:00:00,60.96,61.28,60.95,61.22,649,7,0
2026-01-08 20:00:00,61.22,61.62,61.19,61.62,655,7,0
2026-01-08 21:00:00,61.61,62.26,61.48,62.18,958,7,0
2026-01-08 22:00:00,62.18,62.72,62.18,62.63,736,8,0
2026-01-08 23:00:00,62.63,62.75,62.29,62.34,457,9,0
2026-01-09 03:00:00,62.25,62.26,61.97,62.09,881,9,0
2026-01-09 04:00:00,62.09,62.18,62.08,62.13,384,9,0
2026-01-09 05:00:00,62.13,62.14,61.99,62.09,275,9,0
2026-01-09 06:00:00,62.09,62.17,62.03,62.14,184,9,0
2026-01-09 07:00:00,62.14,62.2,62.06,62.13,278,9,0
2026-01-09 08:00:00,62.14,62.36,62.13,62.34,391,9,0
2026-01-09 09:00:00,62.34,62.53,62.24,62.31,453,8,0
2026-01-09 10:00:00,62.31,62.33,62.14,62.14,804,8,0
2026-01-09 11:00:00,62.15,62.26,61.57,61.89,1137,8,0
2026-01-09 12:00:00,61.89,62.07,61.84,62.06,646,8,0
2026-01-09 13:00:00,62.07,62.31,62.07,62.27,434,8,0
2026-01-09 14:00:00,62.27,62.31,62.11,62.11,463,8,0
2026-01-09 15:00:00,62.1,62.26,61.97,62.21,887,8,0
2026-01-09 16:00:00,62.22,63.16,62.12,63.05,2155,8,0
2026-01-09 17:00:00,63.05,63.34,62.8,63.29,1593,8,0
2026-01-09 18:00:00,63.28,63.61,63.14,63.59,1132,8,0
2026-01-09 19:00:00,63.59,63.59,63.19,63.28,965,8,0
2026-01-09 20:00:00,63.28,63.35,63.0,63.33,778,8,0
2026-01-09 21:00:00,63.33,63.34,62.89,62.89,829,8,0
2026-01-09 22:00:00,62.89,62.95,62.7,62.72,413,8,0
2026-01-09 23:00:00,62.72,62.87,62.62,62.65,202,9,0
2026-01-12 03:00:00,63.34,63.36,62.58,62.7,1328,9,0
2026-01-12 04:00:00,62.69,63.11,62.69,63.07,654,9,0
2026-01-12 05:00:00,63.08,63.19,63.06,63.09,312,9,0
2026-01-12 06:00:00,63.09,63.18,63.06,63.11,155,9,0
2026-01-12 07:00:00,63.1,63.21,63.08,63.2,309,9,0
2026-01-12 08:00:00,63.19,63.22,63.06,63.13,383,9,0
2026-01-12 09:00:00,63.14,63.14,62.81,62.85,649,8,0
2026-01-12 10:00:00,62.85,63.03,62.57,62.84,1081,8,0
2026-01-12 11:00:00,62.84,62.9,62.64,62.78,789,8,0
2026-01-12 12:00:00,62.78,62.92,62.62,62.75,711,8,0
2026-01-12 13:00:00,62.74,62.74,62.43,62.56,770,8,0
2026-01-12 14:00:00,62.56,62.96,62.48,62.95,629,8,0
2026-01-12 15:00:00,62.94,63.01,62.61,62.73,1058,7,0
2026-01-12 16:00:00,62.73,62.92,62.49,62.7,1698,7,0
2026-01-12 17:00:00,62.7,63.18,62.7,63.13,1198,7,0
2026-01-12 18:00:00,63.13,63.47,62.92,63.0,1366,7,0
2026-01-12 19:00:00,63.0,63.3,62.92,63.25,887,7,0
2026-01-12 20:00:00,63.25,63.26,63.0,63.1,711,7,0
2026-01-12 21:00:00,63.1,63.79,63.08,63.61,942,7,0
2026-01-12 22:00:00,63.62,63.63,63.37,63.5,382,8,0
2026-01-12 23:00:00,63.5,63.85,63.43,63.71,442,9,0
2026-01-13 03:00:00,63.61,63.94,63.58,63.62,875,9,0
2026-01-13 04:00:00,63.63,63.68,63.42,63.62,475,9,0
2026-01-13 05:00:00,63.63,63.71,63.6,63.68,287,9,0
2026-01-13 06:00:00,63.68,63.73,63.62,63.72,150,9,0
2026-01-13 07:00:00,63.72,63.79,63.6,63.74,378,9,0
2026-01-13 08:00:00,63.74,64.05,63.68,64.03,492,9,0
2026-01-13 09:00:00,64.03,64.03,63.8,63.81,526,8,0
2026-01-13 10:00:00,63.8,64.16,63.72,64.09,926,8,0
2026-01-13 11:00:00,64.09,64.72,64.09,64.38,1168,8,0
2026-01-13 12:00:00,64.38,64.51,64.09,64.27,931,8,0
2026-01-13 13:00:00,64.26,64.68,64.17,64.65,639,8,0
2026-01-13 14:00:00,64.65,64.69,64.41,64.64,741,8,0
2026-01-13 15:00:00,64.64,64.72,64.32,64.43,1317,8,0
2026-01-13 16:00:00,64.43,65.3,64.2,64.95,2742,7,0
2026-01-13 17:00:00,64.95,65.43,64.9,65.33,1732,8,0
2026-01-13 18:00:00,65.32,65.43,65.15,65.3,1446,8,0
2026-01-13 19:00:00,65.28,65.28,64.65,64.7,1277,8,0
2026-01-13 20:00:00,64.7,65.3,64.68,65.18,1628,8,0
2026-01-13 21:00:00,65.18,65.19,64.3,64.97,1656,8,0
2026-01-13 22:00:00,64.96,65.05,64.85,64.94,450,8,0
2026-01-13 23:00:00,64.94,65.02,64.85,64.86,429,9,0
2026-01-14 03:00:00,64.85,64.86,64.65,64.84,682,9,0
2026-01-14 04:00:00,64.84,64.91,64.76,64.78,409,9,0
2026-01-14 05:00:00,64.77,64.89,64.68,64.83,397,9,0
2026-01-14 06:00:00,64.83,64.89,64.78,64.81,180,9,0
2026-01-14 07:00:00,64.81,64.85,64.69,64.74,398,9,0
2026-01-14 08:00:00,64.73,64.87,64.51,64.53,604,9,0
2026-01-14 09:00:00,64.54,64.67,64.47,64.53,623,8,0
2026-01-14 10:00:00,64.54,64.63,64.27,64.47,1039,8,0
2026-01-14 11:00:00,64.48,64.86,64.23,64.84,1116,8,0
2026-01-14 12:00:00,64.84,65.87,64.81,65.86,1881,8,0
2026-01-14 13:00:00,65.86,65.95,65.59,65.7,1104,8,0
2026-01-14 14:00:00,65.7,65.8,65.37,65.77,1176,8,0
2026-01-14 15:00:00,65.77,65.97,65.49,65.59,1843,8,0
2026-01-14 16:00:00,65.59,65.77,65.52,65.64,1610,7,0
2026-01-14 17:00:00,65.64,65.77,65.16,65.61,2033,7,0
2026-01-14 18:00:00,65.61,65.81,65.37,65.72,1694,7,0
2026-01-14 19:00:00,65.71,66.02,65.6,65.79,1138,7,0
2026-01-14 20:00:00,65.79,65.88,65.61,65.84,909,7,0
2026-01-14 21:00:00,65.82,66.35,65.8,66.32,884,7,0
2026-01-14 22:00:00,66.33,66.36,63.1,64.18,6630,7,0
2026-01-14 23:00:00,64.18,65.81,63.96,64.99,1832,13,0
2026-01-15 03:00:00,64.59,64.73,64.01,64.26,1923,12,0
2026-01-15 04:00:00,64.26,64.29,64.03,64.11,707,12,0
2026-01-15 05:00:00,64.11,64.22,63.85,64.04,552,12,0
2026-01-15 06:00:00,64.03,64.04,63.92,63.98,228,12,0
2026-01-15 07:00:00,63.97,63.98,63.78,63.92,470,12,0
2026-01-15 08:00:00,63.9,64.22,63.85,64.11,544,12,0
2026-01-15 09:00:00,64.11,64.11,63.72,63.92,913,10,0
2026-01-15 10:00:00,63.91,64.14,63.72,64.11,1579,10,0
2026-01-15 11:00:00,64.12,64.17,63.22,63.26,1797,10,0
2026-01-15 12:00:00,63.26,63.62,63.05,63.51,1470,10,0
2026-01-15 13:00:00,63.52,63.96,63.51,63.93,906,10,0
2026-01-15 14:00:00,63.93,63.97,63.31,63.44,1159,8,0
2026-01-15 15:00:00,63.43,63.44,63.1,63.27,1728,8,0
2026-01-15 16:00:00,63.28,63.55,62.88,63.32,2615,8,0
2026-01-15 17:00:00,63.31,63.45,63.0,63.41,1811,8,0
2026-01-15 18:00:00,63.41,63.5,63.01,63.03,1477,8,0
2026-01-15 19:00:00,63.04,63.2,62.96,63.19,812,7,0
2026-01-15 20:00:00,63.19,63.59,63.14,63.28,1241,7,0
2026-01-15 21:00:00,63.28,63.34,63.1,63.12,700,8,0
2026-01-15 22:00:00,63.12,63.18,62.98,63.05,418,7,0
2026-01-15 23:00:00,63.05,63.36,63.01,63.22,429,8,0
2026-01-16 03:00:00,63.26,63.44,63.24,63.26,609,7,0
2026-01-16 04:00:00,63.27,63.29,63.04,63.15,489,7,0
2026-01-16 05:00:00,63.14,63.22,63.04,63.1,326,7,0
2026-01-16 06:00:00,63.1,63.16,63.05,63.13,190,7,0
2026-01-16 07:00:00,63.13,63.16,63.02,63.03,260,7,0
2026-01-16 08:00:00,63.03,63.2,62.95,63.18,377,7,0
2026-01-16 09:00:00,63.18,63.54,63.17,63.36,640,7,0
2026-01-16 10:00:00,63.36,63.65,63.14,63.59,1051,7,0
2026-01-16 11:00:00,63.6,64.0,63.48,63.76,1002,7,0
2026-01-16 12:00:00,63.76,64.09,63.73,64.06,804,7,0
2026-01-16 13:00:00,64.05,64.11,63.88,64.03,472,7,0
2026-01-16 14:00:00,64.04,64.24,63.93,63.94,752,7,0
2026-01-16 15:00:00,63.94,64.19,63.84,64.14,987,7,0
2026-01-16 16:00:00,64.14,64.25,63.71,63.75,1619,7,0
2026-01-16 17:00:00,63.76,64.02,63.66,63.86,1236,7,0
2026-01-16 18:00:00,63.86,64.08,63.79,64.01,956,7,0
2026-01-16 19:00:00,64.01,64.13,63.69,63.95,1084,7,0
2026-01-16 20:00:00,63.95,64.09,63.81,64.01,573,7,0
2026-01-16 21:00:00,64.01,64.01,63.51,63.66,757,7,0
2026-01-16 22:00:00,63.66,63.74,63.57,63.58,295,7,0
2026-01-16 23:00:00,63.58,63.63,63.45,63.46,215,8,0
2026-01-19 03:00:00,63.49,63.65,63.33,63.61,656,9,0
2026-01-19 04:00:00,63.6,63.66,63.53,63.62,353,9,0
2026-01-19 05:00:00,63.63,63.69,63.61,63.69,234,9,0
2026-01-19 06:00:00,63.69,63.8,63.52,63.52,222,9,0
2026-01-19 07:00:00,63.53,63.63,63.41,63.49,316,9,0
2026-01-19 08:00:00,63.49,63.5,63.07,63.14,565,9,0
2026-01-19 09:00:00,63.15,63.36,63.02,63.16,681,8,0
2026-01-19 10:00:00,63.16,63.29,62.78,63.06,1313,8,0
2026-01-19 11:00:00,63.07,63.09,62.74,62.79,875,8,0
2026-01-19 12:00:00,62.79,63.23,62.78,63.15,659,8,0
2026-01-19 13:00:00,63.16,63.27,62.98,63.19,683,8,0
2026-01-19 14:00:00,63.18,63.25,63.04,63.23,434,8,0
2026-01-19 15:00:00,63.23,63.29,63.12,63.25,638,8,0
2026-01-19 16:00:00,63.24,63.52,63.17,63.51,701,8,0
2026-01-19 17:00:00,63.51,63.61,63.39,63.55,703,8,0
2026-01-19 18:00:00,63.55,63.67,63.43,63.61,876,8,0
2026-01-19 19:00:00,63.61,63.67,63.33,63.37,512,8,0
2026-01-19 20:00:00,63.37,63.61,63.36,63.54,251,8,0
2026-01-19 21:00:00,63.54,63.57,63.51,63.57,29,8,0
2026-01-20 03:00:00,63.53,63.57,63.37,63.38,412,9,0
2026-01-20 04:00:00,63.37,63.47,63.33,63.43,343,9,0
2026-01-20 05:00:00,63.43,63.51,63.34,63.5,257,9,0
2026-01-20 06:00:00,63.5,63.58,63.42,63.43,214,9,0
2026-01-20 07:00:00,63.44,63.47,63.33,63.4,383,9,0
2026-01-20 08:00:00,63.39,63.51,63.27,63.44,481,9,0
2026-01-20 09:00:00,63.45,63.67,63.02,63.09,880,8,0
2026-01-20 10:00:00,63.09,63.13,62.81,63.09,1247,8,0
2026-01-20 11:00:00,63.09,63.55,63.05,63.52,1183,8,0
2026-01-20 12:00:00,63.52,63.72,63.37,63.65,1055,8,0
2026-01-20 13:00:00,63.63,63.7,63.42,63.69,594,8,0
2026-01-20 14:00:00,63.69,63.91,63.68,63.87,810,8,0
2026-01-20 15:00:00,63.87,63.87,63.5,63.58,1136,8,0
2026-01-20 16:00:00,63.56,64.47,63.52,64.36,2208,7,0
2026-01-20 17:00:00,64.36,64.48,63.97,64.03,1735,6,0
2026-01-20 18:00:00,64.02,64.3,63.99,64.27,1299,7,0
2026-01-20 19:00:00,64.25,64.38,64.19,64.34,683,7,0
2026-01-20 20:00:00,64.34,64.42,64.14,64.23,742,7,0
2026-01-20 21:00:00,64.22,64.35,63.87,63.9,1246,7,0
2026-01-20 22:00:00,63.9,63.96,63.32,63.46,1141,7,0
2026-01-20 23:00:00,63.46,63.56,63.35,63.37,469,8,0
2026-01-21 03:00:00,63.61,63.67,63.39,63.65,557,7,0
2026-01-21 04:00:00,63.64,63.77,63.57,63.66,373,7,0
2026-01-21 05:00:00,63.66,63.76,63.63,63.64,275,7,0
2026-01-21 06:00:00,63.64,63.7,63.59,63.63,226,7,0
2026-01-21 07:00:00,63.63,63.8,63.61,63.71,424,7,0
2026-01-21 08:00:00,63.71,63.81,63.55,63.74,479,7,0
2026-01-21 09:00:00,63.74,63.74,63.34,63.45,875,7,0
2026-01-21 10:00:00,63.43,63.62,63.19,63.2,1391,7,0
2026-01-21 11:00:00,63.21,63.79,63.12,63.78,1520,7,0
2026-01-21 12:00:00,63.78,63.98,63.65,63.86,1095,7,0
2026-01-21 13:00:00,63.85,64.51,63.84,64.31,1216,7,0
2026-01-21 14:00:00,64.33,64.54,64.27,64.4,903,7,0
2026-01-21 15:00:00,64.41,64.79,64.25,64.28,1434,7,0
2026-01-21 16:00:00,64.29,64.44,64.11,64.32,1939,7,0
2026-01-21 17:00:00,64.33,64.47,64.08,64.44,1637,7,0
2026-01-21 18:00:00,64.43,64.58,64.24,64.42,1289,7,0
2026-01-21 19:00:00,64.41,64.5,64.25,64.4,818,7,0
2026-01-21 20:00:00,64.4,64.76,64.39,64.66,965,7,0
2026-01-21 21:00:00,64.66,64.69,64.4,64.64,1164,7,0
2026-01-21 22:00:00,64.64,64.7,64.54,64.67,499,7,0
2026-01-21 23:00:00,64.67,64.7,64.54,64.55,270,8,0
2026-01-22 03:00:00,64.49,64.72,64.44,64.63,493,7,0
2026-01-22 04:00:00,64.63,64.69,64.52,64.68,396,7,0
2026-01-22 05:00:00,64.67,64.72,64.65,64.69,299,7,0
2026-01-22 06:00:00,64.68,64.73,64.65,64.69,141,7,0
2026-01-22 07:00:00,64.68,64.72,64.6,64.63,297,7,0
2026-01-22 08:00:00,64.62,64.62,64.43,64.55,464,7,0
2026-01-22 09:00:00,64.56,64.57,64.27,64.32,692,7,0
2026-01-22 10:00:00,64.32,64.48,64.22,64.29,918,7,0
2026-01-22 11:00:00,64.3,64.31,63.94,64.01,982,7,0
2026-01-22 12:00:00,64.01,64.09,63.75,63.81,947,7,0
2026-01-22 13:00:00,63.81,63.86,63.47,63.72,895,7,0
2026-01-22 14:00:00,63.71,63.76,63.44,63.44,719,7,0
2026-01-22 15:00:00,63.44,63.74,63.31,63.67,1162,7,0
2026-01-22 16:00:00,63.67,63.96,63.38,63.7,2305,7,0
2026-01-22 17:00:00,63.71,63.75,63.38,63.68,1381,7,0
2026-01-22 18:00:00,63.69,63.87,63.35,63.45,1180,7,0
2026-01-22 19:00:00,63.45,63.46,62.96,63.14,1294,7,0
2026-01-22 20:00:00,63.14,63.34,63.07,63.27,714,7,0
2026-01-22 21:00:00,63.28,63.43,63.19,63.38,710,7,0
2026-01-22 22:00:00,63.38,63.45,63.36,63.44,251,7,0
2026-01-22 23:00:00,63.45,63.63,63.44,63.57,213,8,0
2026-01-23 03:00:00,63.66,63.82,63.59,63.76,510,7,0
2026-01-23 04:00:00,63.77,63.89,63.66,63.85,343,7,0
2026-01-23 05:00:00,63.85,63.93,63.8,63.83,257,7,0
2026-01-23 06:00:00,63.83,63.91,63.8,63.89,126,7,0
2026-01-23 07:00:00,63.88,63.94,63.74,63.83,283,7,0
2026-01-23 08:00:00,63.82,64.0,63.77,63.98,397,7,0
2026-01-23 09:00:00,63.98,63.98,63.59,63.67,539,7,0
2026-01-23 10:00:00,63.67,64.09,63.65,63.92,1058,7,0
2026-01-23 11:00:00,63.92,64.07,63.87,64.0,846,7,0
2026-01-23 12:00:00,64.0,64.34,63.99,64.25,772,7,0
2026-01-23 13:00:00,64.24,64.44,64.2,64.38,618,7,0
2026-01-23 14:00:00,64.38,64.55,64.36,64.46,565,7,0
2026-01-23 15:00:00,64.47,65.06,64.38,65.01,1347,7,0
2026-01-23 16:00:00,65.0,65.23,64.85,65.14,2040,7,0
2026-01-23 17:00:00,65.14,65.18,64.83,64.85,1429,7,0
2026-01-23 18:00:00,64.84,65.22,64.76,65.14,1221,7,0
2026-01-23 19:00:00,65.12,65.27,64.85,65.22,894,7,0
2026-01-23 20:00:00,65.22,65.28,65.0,65.11,713,7,0
2026-01-23 21:00:00,65.12,65.28,64.98,65.12,874,7,0
2026-01-23 22:00:00,65.12,65.26,65.09,65.21,474,7,0
2026-01-23 23:00:00,65.21,65.43,65.21,65.31,301,7,0
2026-01-26 03:00:00,65.06,65.29,64.99,65.11,897,7,0
2026-01-26 04:00:00,65.11,65.13,64.99,64.99,508,7,0
2026-01-26 05:00:00,64.99,65.11,64.94,65.11,279,7,0
2026-01-26 06:00:00,65.11,65.2,65.09,65.19,169,7,0
2026-01-26 07:00:00,65.19,65.32,65.04,65.25,418,7,0
2026-01-26 08:00:00,65.25,65.72,65.19,65.58,1202,7,0
2026-01-26 09:00:00,65.58,65.58,64.94,64.96,960,7,0
2026-01-26 10:00:00,64.97,65.23,64.79,65.23,1354,7,0
2026-01-26 11:00:00,65.25,65.34,64.85,65.14,1165,7,0
2026-01-26 12:00:00,65.13,65.28,65.0,65.27,815,7,0
2026-01-26 13:00:00,65.27,65.46,65.1,65.2,732,7,0
2026-01-26 14:00:00,65.21,65.24,64.94,64.97,792,7,0
2026-01-26 15:00:00,64.98,65.07,64.63,64.79,1160,7,0
2026-01-26 16:00:00,64.79,64.96,64.56,64.6,1871,7,0
2026-01-26 17:00:00,64.59,65.05,64.54,64.71,1382,7,0
2026-01-26 18:00:00,64.69,64.98,64.53,64.91,1174,7,0
2026-01-26 19:00:00,64.91,65.12,64.82,65.05,705,7,0
2026-01-26 20:00:00,65.05,65.06,64.67,64.75,776,7,0
2026-01-26 21:00:00,64.74,64.84,64.63,64.74,651,7,0
2026-01-26 22:00:00,64.73,64.97,64.49,64.9,720,7,0
2026-01-26 23:00:00,64.9,64.97,64.75,64.78,226,8,0
2026-01-27 03:00:00,64.73,64.74,64.26,64.3,721,7,0
2026-01-27 04:00:00,64.29,64.42,64.27,64.37,402,7,0
2026-01-27 05:00:00,64.35,64.36,64.26,64.29,248,7,0
2026-01-27 06:00:00,64.28,64.35,64.25,64.26,154,7,0
2026-01-27 07:00:00,64.25,64.48,64.22,64.46,260,7,0
2026-01-27 08:00:00,64.45,64.58,64.37,64.55,489,7,0
2026-01-27 09:00:00,64.56,64.57,64.32,64.41,633,7,0
2026-01-27 10:00:00,64.42,64.53,64.17,64.46,1104,7,0
2026-01-27 11:00:00,64.48,64.71,64.33,64.69,940,7,0
2026-01-27 12:00:00,64.67,65.06,64.67,64.95,715,7,0
2026-01-27 13:00:00,64.95,64.95,64.71,64.74,16,7,0
2026-01-27 14:00:00,64.74,64.76,64.46,64.71,534,7,0
2026-01-27 15:00:00,64.7,65.83,64.66,65.82,2071,7,0
2026-01-27 16:00:00,65.82,65.84,65.01,65.32,2372,8,0
2026-01-27 17:00:00,65.32,65.75,65.14,65.74,1378,8,0
2026-01-27 18:00:00,65.74,65.99,65.68,65.93,1270,8,0
2026-01-27 19:00:00,65.93,66.29,65.9,66.2,1076,7,0
2026-01-27 20:00:00,66.2,66.37,66.09,66.12,872,7,0
2026-01-27 21:00:00,66.13,66.74,66.12,66.3,1344,7,0
2026-01-27 22:00:00,66.29,66.73,66.29,66.68,642,7,0
2026-01-27 23:00:00,66.68,66.68,66.49,66.54,440,8,0
2026-01-28 03:00:00,66.56,66.7,66.39,66.5,577,7,0
2026-01-28 04:00:00,66.5,66.77,66.47,66.71,442,7,0
2026-01-28 05:00:00,66.7,66.91,66.7,66.77,417,7,0
2026-01-28 06:00:00,66.77,66.88,66.74,66.86,193,7,0
2026-01-28 07:00:00,66.85,66.92,66.83,66.91,256,7,0
2026-01-28 08:00:00,66.92,67.05,66.77,66.81,521,7,0
2026-01-28 09:00:00,66.81,66.82,66.39,66.49,665,7,0
2026-01-28 10:00:00,66.5,66.82,66.4,66.72,1018,7,0
2026-01-28 11:00:00,66.72,66.72,66.07,66.19,1054,7,0
2026-01-28 12:00:00,66.2,66.29,66.1,66.15,634,7,0
2026-01-28 13:00:00,66.15,66.63,66.13,66.61,658,7,0
2026-01-28 14:00:00,66.62,67.12,66.43,66.88,1973,7,0
2026-01-28 15:00:00,66.86,67.35,66.82,67.32,1461,7,0
2026-01-28 16:00:00,67.32,67.43,66.8,67.13,2245,7,0
2026-01-28 17:00:00,67.13,67.23,66.62,66.96,1799,7,0
2026-01-28 18:00:00,66.96,67.12,66.76,66.81,1393,7,0
2026-01-28 19:00:00,66.82,66.98,66.64,66.8,884,7,0
2026-01-28 20:00:00,66.8,67.27,66.77,67.19,702,7,0
2026-01-28 21:00:00,67.19,67.37,67.12,67.28,949,7,0
2026-01-28 22:00:00,67.28,67.52,67.27,67.42,427,7,0
2026-01-28 23:00:00,67.42,67.58,67.39,67.43,338,8,0
2026-01-29 03:00:00,67.56,67.8,67.43,67.79,909,7,0
2026-01-29 04:00:00,67.78,68.01,67.61,67.98,539,7,0
2026-01-29 05:00:00,67.98,68.07,67.89,68.05,554,7,0
2026-01-29 06:00:00,68.04,68.33,68.03,68.27,343,7,0
2026-01-29 07:00:00,68.27,68.27,67.98,68.09,600,7,0
2026-01-29 08:00:00,68.09,68.47,67.98,68.21,839,7,0
2026-01-29 09:00:00,68.21,68.42,68.04,68.07,846,7,0
2026-01-29 10:00:00,68.06,68.67,68.04,68.65,1118,7,0
2026-01-29 11:00:00,68.66,69.14,68.37,68.91,1186,7,0
2026-01-29 12:00:00,68.91,68.94,68.36,68.75,1235,7,0
2026-01-29 13:00:00,68.74,68.96,68.4,68.74,893,7,0
2026-01-29 14:00:00,68.73,68.88,68.62,68.71,1024,7,0
2026-01-29 15:00:00,68.69,69.58,68.64,69.43,2085,7,0
2026-01-29 16:00:00,69.43,70.46,69.39,70.06,3854,7,0
2026-01-29 17:00:00,70.06,70.1,68.6,69.38,5671,7,0
2026-01-29 18:00:00,69.37,69.73,68.8,69.19,3516,7,0
2026-01-29 19:00:00,69.19,69.68,69.03,69.45,2557,7,0
2026-01-29 20:00:00,69.45,69.52,68.85,69.15,1728,7,0
2026-01-29 21:00:00,69.16,69.64,69.12,69.44,1675,7,0
2026-01-29 22:00:00,69.44,69.93,69.41,69.51,956,7,0
2026-01-29 23:00:00,69.51,69.53,69.26,69.44,565,8,0
2026-01-30 03:00:00,69.26,69.55,68.7,68.81,1830,12,0
2026-01-30 04:00:00,68.82,68.86,67.62,68.46,2849,12,0
2026-01-30 05:00:00,68.46,68.49,68.09,68.24,1135,12,0
2026-01-30 06:00:00,68.24,68.44,68.24,68.3,430,12,0
2026-01-30 07:00:00,68.3,68.72,68.21,68.47,1000,12,0
2026-01-30 08:00:00,68.46,68.48,67.94,67.99,1189,12,0
2026-01-30 09:00:00,68.0,68.35,67.98,68.14,1000,10,0
2026-01-30 10:00:00,68.14,68.67,68.06,68.47,1758,10,0
2026-01-30 11:00:00,68.51,69.09,68.45,68.61,1585,10,0
2026-01-30 12:00:00,68.6,68.84,68.17,68.61,1421,10,0
2026-01-30 13:00:00,68.61,68.97,68.25,68.92,2368,10,0
2026-01-30 14:00:00,68.93,69.28,68.78,69.17,1222,7,0
2026-01-30 15:00:00,69.19,69.4,68.92,69.32,2196,7,0
2026-01-30 16:00:00,69.33,69.97,69.31,69.75,3046,7,0
2026-01-30 17:00:00,69.76,69.85,69.33,69.67,2334,7,0
2026-01-30 18:00:00,69.67,70.06,69.54,69.7,2193,7,0
2026-01-30 19:00:00,69.7,69.83,68.32,68.52,4444,7,0
2026-01-30 20:00:00,68.52,68.8,68.16,68.73,2491,7,0
2026-01-30 21:00:00,68.72,69.6,68.69,69.5,1843,7,0
2026-01-30 22:00:00,69.51,69.89,69.49,69.79,1114,7,0
2026-01-30 23:00:00,69.79,69.89,69.57,69.64,545,8,0
2026-02-02 03:00:00,67.66,67.68,66.51,66.94,3485,7,0
2026-02-02 04:00:00,66.94,67.03,66.18,66.3,2025,7,0
2026-02-02 05:00:00,66.3,66.51,66.14,66.16,1738,7,0
2026-02-02 06:00:00,66.17,66.19,65.99,66.05,765,7,0
2026-02-02 07:00:00,66.05,66.06,65.29,65.47,1610,7,0
2026-02-02 08:00:00,65.47,65.73,65.3,65.51,1561,7,0
2026-02-02 09:00:00,65.52,66.13,65.51,65.81,1714,7,0
2026-02-02 10:00:00,65.82,66.32,65.58,65.58,2472,7,0
2026-02-02 11:00:00,65.59,66.12,65.36,66.1,2265,7,0
2026-02-02 12:00:00,66.09,66.26,65.73,65.9,1506,7,0
2026-02-02 13:00:00,65.89,65.98,65.56,65.81,1043,7,0
2026-02-02 14:00:00,65.81,66.21,65.81,66.06,1227,7,0
2026-02-02 15:00:00,66.03,66.06,65.47,66.02,2559,7,0
2026-02-02 16:00:00,65.99,66.39,65.82,65.9,3256,7,0
2026-02-02 17:00:00,65.89,66.42,65.7,65.86,3524,7,0
2026-02-02 18:00:00,65.85,66.21,65.7,65.96,2741,7,0
2026-02-02 19:00:00,65.96,65.99,65.7,65.82,1289,7,0
2026-02-02 20:00:00,65.81,66.14,65.61,65.79,1005,7,0
2026-02-02 21:00:00,65.78,66.19,65.62,66.04,1116,7,0
2026-02-02 22:00:00,66.03,66.24,65.99,66.21,507,7,0
2026-02-02 23:00:00,66.2,66.26,66.08,66.16,268,8,0
2026-02-03 03:00:00,65.88,66.36,65.88,66.24,1026,7,0
2026-02-03 04:00:00,66.24,66.27,65.46,65.63,1189,7,0
2026-02-03 05:00:00,65.62,65.88,65.49,65.82,629,7,0
2026-02-03 06:00:00,65.82,65.92,65.72,65.81,289,7,0
2026-02-03 07:00:00,65.81,65.86,65.68,65.76,549,7,0
2026-02-03 08:00:00,65.76,65.82,65.64,65.72,832,7,0
2026-02-03 09:00:00,65.72,65.91,65.6,65.78,914,7,0
2026-02-03 10:00:00,65.78,66.01,65.2,65.48,1701,7,0
2026-02-03 11:00:00,65.49,65.75,64.99,65.62,1658,7,0
2026-02-03 12:00:00,65.62,66.21,65.62,66.09,1017,7,0
2026-02-03 13:00:00,66.08,66.29,65.98,66.24,1066,7,0
2026-02-03 14:00:00,66.25,66.43,66.07,66.39,941,7,0
2026-02-03 15:00:00,66.39,66.54,66.21,66.45,1409,7,0
2026-02-03 16:00:00,66.44,66.91,66.25,66.56,2573,7,0
2026-02-03 17:00:00,66.55,66.79,66.38,66.58,2208,7,0
2026-02-03 18:00:00,66.58,66.87,66.41,66.54,2320,7,0
2026-02-03 19:00:00,66.54,67.59,66.39,67.04,4334,7,0
2026-02-03 20:00:00,67.04,67.26,66.54,67.0,2082,8,0
2026-02-03 21:00:00,67.01,67.44,66.61,67.35,1849,8,0
2026-02-03 22:00:00,67.34,68.05,67.34,67.96,1109,8,0
2026-02-03 23:00:00,67.96,68.01,67.45,67.66,888,9,0
2026-02-04 03:00:00,67.45,68.0,67.3,67.89,1214,9,0
2026-02-04 04:00:00,67.9,67.98,67.39,67.47,1001,9,0
2026-02-04 05:00:00,67.48,67.69,67.4,67.64,603,9,0
2026-02-04 06:00:00,67.65,67.69,67.58,67.62,175,9,0
2026-02-04 07:00:00,67.62,67.65,67.53,67.56,419,9,0
2026-02-04 08:00:00,67.55,67.64,67.43,67.54,603,9,0
2026-02-04 09:00:00,67.55,67.6,67.06,67.11,774,8,0
2026-02-04 10:00:00,67.12,67.49,66.76,66.99,1163,8,0
2026-02-04 11:00:00,66.98,67.57,66.88,67.53,1138,8,0
2026-02-04 12:00:00,67.52,67.62,67.27,67.35,901,8,0
2026-02-04 13:00:00,67.34,67.34,67.07,67.12,708,8,0
2026-02-04 14:00:00,67.11,67.42,67.04,67.26,789,8,0
2026-02-04 15:00:00,67.24,67.36,66.81,66.84,1405,7,0
2026-02-04 16:00:00,66.86,67.49,66.81,67.28,2717,7,0
2026-02-04 17:00:00,67.25,67.59,67.01,67.33,3086,7,0
2026-02-04 18:00:00,67.33,67.58,67.0,67.55,2177,7,0
2026-02-04 19:00:00,67.55,69.49,67.52,69.1,6115,7,0
2026-02-04 20:00:00,69.1,69.36,68.57,69.04,2965,8,0
2026-02-04 21:00:00,69.03,69.46,67.75,68.24,4411,8,0
2026-02-04 22:00:00,68.26,68.62,68.18,68.31,1223,8,0
2026-02-04 23:00:00,68.31,68.51,68.26,68.38,402,9,0
2026-02-05 03:00:00,68.4,68.48,68.03,68.04,1661,9,0
2026-02-05 04:00:00,68.03,68.07,67.53,67.63,2044,9,0
2026-02-05 05:00:00,67.64,67.94,67.43,67.8,1353,9,0
2026-02-05 06:00:00,67.8,67.85,67.63,67.75,342,9,0
2026-02-05 07:00:00,67.73,67.85,67.57,67.68,817,9,0
2026-02-05 08:00:00,67.68,67.93,67.65,67.82,814,9,0
2026-02-05 09:00:00,67.84,68.09,67.76,68.0,797,8,0
2026-02-05 10:00:00,68.0,68.24,67.95,68.12,1204,8,0
2026-02-05 11:00:00,68.12,68.4,67.94,68.21,1389,8,0
2026-02-05 12:00:00,68.2,68.42,68.13,68.16,1064,8,0
2026-02-05 13:00:00,68.15,68.57,68.08,68.56,1020,8,0
2026-02-05 14:00:00,68.56,68.67,67.62,67.84,1577,8,0
2026-02-05 15:00:00,67.84,68.03,67.26,67.38,2239,7,0
2026-02-05 16:00:00,67.37,67.66,67.01,67.56,3796,7,0
2026-02-05 17:00:00,67.54,67.59,66.69,67.05,3649,7,0
2026-02-05 18:00:00,67.06,67.57,66.76,67.54,2928,7,0
2026-02-05 19:00:00,67.55,67.83,67.34,67.57,1672,7,0
2026-02-05 20:00:00,67.57,67.67,67.31,67.38,1192,7,0
2026-02-05 21:00:00,67.38,67.48,66.97,67.22,1341,7,0
2026-02-05 22:00:00,67.23,67.47,67.19,67.3,624,7,0
2026-02-05 23:00:00,67.3,67.34,67.03,67.04,325,8,0
2026-02-06 03:00:00,66.84,67.12,66.61,67.04,1448,7,0
2026-02-06 04:00:00,67.05,67.86,67.0,67.34,1834,7,0
2026-02-06 05:00:00,67.34,67.62,67.31,67.6,793,7,0
2026-02-06 06:00:00,67.61,67.7,67.57,67.62,331,7,0
2026-02-06 07:00:00,67.62,68.25,67.59,68.07,1307,7,0
2026-02-06 08:00:00,68.08,68.31,67.94,68.04,1323,7,0
2026-02-06 09:00:00,68.05,68.23,67.99,68.15,853,7,0
2026-02-06 10:00:00,68.15,68.15,67.63,68.05,1849,7,0
2026-02-06 11:00:00,68.06,68.55,67.9,68.18,2776,7,0
2026-02-06 12:00:00,68.16,68.18,67.28,67.41,1419,7,0
2026-02-06 13:00:00,67.43,67.67,66.87,67.28,1806,7,0
2026-02-06 14:00:00,67.28,67.28,66.73,67.08,1417,7,0
2026-02-06 15:00:00,67.07,67.69,66.32,66.45,3510,7,0
2026-02-06 16:00:00,66.45,67.67,66.34,67.55,3202,7,0
2026-02-06 17:00:00,67.55,68.24,67.54,68.08,3190,7,0
2026-02-06 18:00:00,68.09,68.31,67.87,68.23,1823,6,0
2026-02-06 19:00:00,68.23,68.52,68.17,68.45,1035,7,0
2026-02-06 20:00:00,68.45,68.53,68.02,68.2,1279,7,0
2026-02-06 21:00:00,68.19,68.19,67.6,67.61,1289,7,0
2026-02-06 22:00:00,67.61,67.68,67.47,67.66,543,7,0
2026-02-06 23:00:00,67.66,67.71,67.53,67.57,324,8,0
2026-02-09 03:00:00,67.28,67.43,67.2,67.36,914,7,0
2026-02-09 04:00:00,67.37,67.44,66.99,67.1,635,7,0
2026-02-09 05:00:00,67.1,67.21,67.04,67.12,441,7,0
2026-02-09 06:00:00,67.12,67.17,67.03,67.09,223,7,0
2026-02-09 07:00:00,67.09,67.16,66.91,67.04,492,7,0
2026-02-09 08:00:00,67.03,67.13,66.95,67.04,643,7,0
2026-02-09 09:00:00,67.03,67.06,66.87,66.92,640,7,0
2026-02-09 10:00:00,66.92,67.33,66.92,67.12,1235,7,0
2026-02-09 11:00:00,67.12,67.4,66.95,67.11,998,7,0
2026-02-09 12:00:00,67.1,68.04,67.06,68.03,1332,7,0
2026-02-09 13:00:00,68.0,68.02,67.68,68.0,986,7,0
2026-02-09 14:00:00,68.01,68.11,67.87,67.92,752,7,0
2026-02-09 15:00:00,67.93,67.93,67.41,67.43,1525,7,0
2026-02-09 16:00:00,67.43,68.5,67.3,68.27,2948,7,0
2026-02-09 17:00:00,68.27,68.49,68.14,68.43,1802,7,0
2026-02-09 18:00:00,68.43,69.09,68.33,69.08,1495,7,0
2026-02-09 19:00:00,69.08,69.11,68.8,69.01,870,7,0
2026-02-09 20:00:00,69.01,69.01,68.73,68.83,867,7,0
2026-02-09 21:00:00,68.82,68.84,68.57,68.62,764,7,0
2026-02-09 22:00:00,68.63,68.7,68.57,68.65,339,7,0
2026-02-09 23:00:00,68.65,68.83,68.65,68.67,245,8,0
2026-02-10 03:00:00,68.63,68.68,68.19,68.63,969,7,0
2026-02-10 04:00:00,68.63,68.69,68.53,68.64,615,7,0
2026-02-10 05:00:00,68.64,68.66,68.44,68.54,484,7,0
2026-02-10 06:00:00,68.54,68.61,68.51,68.56,274,7,0
2026-02-10 07:00:00,68.56,68.63,68.45,68.47,497,7,0
2026-02-10 08:00:00,68.47,68.83,68.45,68.75,795,7,0
2026-02-10 09:00:00,68.76,68.83,68.58,68.69,735,7,0
2026-02-10 10:00:00,68.67,69.0,68.48,68.99,1305,7,0
2026-02-10 11:00:00,69.01,69.05,68.49,68.51,1238,7,0
2026-02-10 12:00:00,68.5,68.85,68.39,68.75,1024,7,0
2026-02-10 13:00:00,68.75,69.06,68.71,69.0,692,7,0
2026-02-10 14:00:00,68.99,69.0,68.66,68.86,871,7,0
2026-02-10 15:00:00,68.85,69.07,68.77,68.96,1131,7,0
2026-02-10 16:00:00,68.95,69.07,68.59,68.95,1810,7,0
2026-02-10 17:00:00,68.95,69.07,68.57,68.64,1694,7,0
2026-02-10 18:00:00,68.63,68.64,68.22,68.4,2151,7,0
2026-02-10 19:00:00,68.4,68.75,68.31,68.52,1060,7,0
2026-02-10 20:00:00,68.52,68.54,68.12,68.3,1543,7,0
2026-02-10 21:00:00,68.3,68.64,68.26,68.56,790,7,0
2026-02-10 22:00:00,68.56,68.84,68.45,68.71,842,7,0
2026-02-10 23:00:00,68.71,68.74,68.5,68.5,341,8,0
2026-02-11 03:00:00,68.65,68.79,68.58,68.75,562,7,0
2026-02-11 04:00:00,68.75,69.03,68.72,68.93,554,7,0
2026-02-11 05:00:00,68.93,68.96,68.86,68.91,277,7,0
2026-02-11 06:00:00,68.91,68.92,68.81,68.82,181,7,0
2026-02-11 07:00:00,68.82,68.84,68.69,68.75,346,7,0
2026-02-11 08:00:00,68.75,68.85,68.74,68.84,359,7,0
2026-02-11 09:00:00,68.84,69.08,68.78,68.94,494,7,0
2026-02-11 10:00:00,68.94,69.35,68.94,69.19,920,7,0
2026-02-11 11:00:00,69.2,69.38,69.14,69.23,620,7,0
2026-02-11 12:00:00,69.24,69.35,69.12,69.31,652,7,0
2026-02-11 13:00:00,69.31,69.84,69.28,69.81,690,7,0
2026-02-11 14:00:00,69.82,69.92,69.38,69.85,1047,7,0
2026-02-11 15:00:00,69.85,69.95,69.65,69.89,1543,7,0
2026-02-11 16:00:00,69.9,70.25,69.86,70.0,1924,7,0
2026-02-11 17:00:00,70.0,70.02,69.22,69.38,3044,7,0
2026-02-11 18:00:00,69.37,69.69,69.24,69.49,2023,7,0
2026-02-11 19:00:00,69.49,69.54,69.18,69.27,1442,7,0
2026-02-11 20:00:00,69.27,69.54,68.9,69.08,1276,7,0
2026-02-11 21:00:00,69.08,69.49,68.88,69.2,1751,7,0
2026-02-11 22:00:00,69.21,69.39,69.18,69.34,423,7,0
2026-02-11 23:00:00,69.34,69.38,69.13,69.13,204,8,0
2026-02-12 03:00:00,69.21,69.32,69.1,69.18,571,7,0
2026-02-12 04:00:00,69.18,69.24,69.1,69.2,389,7,0
2026-02-12 05:00:00,69.19,69.33,69.16,69.29,382,7,0
2026-02-12 06:00:00,69.3,69.39,69.24,69.26,214,7,0
2026-02-12 07:00:00,69.26,69.28,68.99,69.2,447,7,0
2026-02-12 08:00:00,69.2,69.22,68.93,69.11,611,7,0
2026-02-12 09:00:00,69.09,69.19,69.04,69.14,447,7,0
2026-02-12 10:00:00,69.13,69.35,69.0,69.28,1011,7,0
2026-02-12 11:00:00,69.3,69.34,68.64,68.75,1207,7,0
2026-02-12 12:00:00,68.76,68.82,68.43,68.7,846,7,0
2026-02-12 13:00:00,68.71,68.91,68.55,68.72,856,7,0
2026-02-12 14:00:00,68.74,68.85,68.59,68.66,794,7,0
2026-02-12 15:00:00,68.65,68.83,68.24,68.51,1555,7,0
2026-02-12 16:00:00,68.5,68.64,68.2,68.28,1822,7,0
2026-02-12 17:00:00,68.26,68.44,67.83,67.92,1987,7,0
2026-02-12 18:00:00,67.92,67.95,66.98,67.05,3099,7,0
2026-02-12 19:00:00,67.05,67.25,66.82,66.9,2263,7,0
2026-02-12 20:00:00,66.9,67.06,66.86,66.94,1367,7,0
2026-02-12 21:00:00,66.92,67.36,66.69,67.23,1254,7,0
2026-02-12 22:00:00,67.22,67.25,67.12,67.2,429,7,0
2026-02-12 23:00:00,67.2,67.21,67.06,67.06,237,8,0
2026-02-13 03:00:00,67.08,67.26,67.0,67.1,987,7,0
2026-02-13 04:00:00,67.12,67.15,66.97,67.03,422,7,0
2026-02-13 05:00:00,67.03,67.08,66.93,66.98,355,7,0
2026-02-13 06:00:00,66.99,67.08,66.98,67.04,229,7,0
2026-02-13 07:00:00,67.04,67.06,66.88,66.9,435,7,0
2026-02-13 08:00:00,66.9,67.14,66.88,67.1,616,7,0
2026-02-13 09:00:00,67.11,67.11,66.93,66.96,632,7,0
2026-02-13 10:00:00,66.96,67.3,66.8,67.17,1384,7,0
2026-02-13 11:00:00,67.19,67.45,67.01,67.38,1083,7,0
2026-02-13 12:00:00,67.38,67.54,67.19,67.44,1131,7,0
2026-02-13 13:00:00,67.43,67.43,66.46,66.72,1977,7,0
2026-02-13 14:00:00,66.72,66.93,66.6,66.88,1353,7,0
2026-02-13 15:00:00,66.89,67.34,66.85,67.26,1337,7,0
2026-02-13 16:00:00,67.23,67.23,66.68,67.06,2874,7,0
2026-02-13 17:00:00,67.05,67.35,66.93,67.1,2605,7,0
2026-02-13 18:00:00,67.09,67.33,66.82,67.04,1791,7,0
2026-02-13 19:00:00,67.04,67.57,67.03,67.47,1185,7,0
2026-02-13 20:00:00,67.47,67.54,67.33,67.36,876,7,0
2026-02-13 21:00:00,67.34,67.39,67.07,67.08,922,7,0
2026-02-13 22:00:00,67.08,67.16,66.78,67.13,717,7,0
2026-02-13 23:00:00,67.13,67.26,67.1,67.11,289,8,0
2026-02-16 03:00:00,67.22,67.3,67.19,67.22,198,7,0
2026-02-16 04:00:00,67.21,67.32,67.11,67.25,292,7,0
2026-02-16 05:00:00,67.23,67.33,67.19,67.28,372,7,0
2026-02-16 06:00:00,67.28,67.34,67.24,67.29,446,7,0
2026-02-16 07:00:00,67.3,67.34,67.19,67.22,205,7,0
2026-02-16 08:00:00,67.22,67.32,67.19,67.26,264,7,0
2026-02-16 09:00:00,67.26,67.3,67.11,67.15,463,7,0
2026-02-16 10:00:00,67.14,67.18,66.83,66.9,726,7,0
2026-02-16 11:00:00,66.91,67.23,66.87,66.9,769,7,0
2026-02-16 12:00:00,66.89,67.43,66.87,67.34,879,7,0
2026-02-16 13:00:00,67.35,67.44,67.23,67.28,540,7,0
2026-02-16 14:00:00,67.27,67.51,67.22,67.41,530,7,0
2026-02-16 15:00:00,67.42,67.53,67.34,67.42,477,7,0
2026-02-16 16:00:00,67.4,67.89,67.34,67.78,725,7,0
2026-02-16 17:00:00,67.79,67.93,67.55,67.89,644,7,0
2026-02-16 18:00:00,67.9,68.06,67.8,67.86,798,6,0
2026-02-16 19:00:00,67.87,68.2,67.82,68.19,671,7,0
2026-02-16 20:00:00,68.18,68.24,68.1,68.14,300,7,0
2026-02-16 21:00:00,68.14,68.16,68.1,68.11,38,7,0
2026-02-17 03:00:00,67.98,68.08,67.87,67.92,421,7,0
2026-02-17 04:00:00,67.91,67.98,67.85,67.85,253,7,0
2026-02-17 05:00:00,67.86,67.91,67.79,67.84,270,7,0
2026-02-17 06:00:00,67.84,67.87,67.77,67.84,214,7,0
2026-02-17 07:00:00,67.83,67.84,67.68,67.7,334,7,0
2026-02-17 08:00:00,67.7,67.73,67.65,67.68,253,7,0
2026-02-17 09:00:00,67.68,67.71,67.48,67.55,487,7,0
2026-02-17 10:00:00,67.56,67.64,67.34,67.46,835,7,0
2026-02-17 11:00:00,67.45,67.65,67.34,67.62,862,7,0
2026-02-17 12:00:00,67.62,67.99,67.54,67.98,1035,7,0
2026-02-17 13:00:00,67.98,68.51,67.94,68.21,1446,7,0
2026-02-17 14:00:00,68.21,68.32,67.93,67.99,1038,7,0
2026-02-17 15:00:00,67.99,68.06,66.73,66.85,3063,7,0
2026-02-17 16:00:00,66.85,67.4,66.77,66.91,3541,7,0
2026-02-17 17:00:00,66.91,67.29,66.33,66.48,2709,7,0
2026-02-17 18:00:00,66.47,66.97,66.44,66.85,1988,7,0
2026-02-17 19:00:00,66.86,66.86,66.44,66.7,1301,7,0
2026-02-17 20:00:00,66.7,67.05,66.67,66.99,878,7,0
2026-02-17 21:00:00,66.98,67.12,66.8,66.87,881,7,0
2026-02-17 22:00:00,66.87,67.03,66.85,66.89,496,7,0
2026-02-17 23:00:00,66.89,66.94,66.81,66.81,293,8,0
2026-02-18 03:00:00,66.9,67.01,66.87,66.96,275,7,0
2026-02-18 04:00:00,66.97,67.07,66.93,66.99,173,7,0
2026-02-18 05:00:00,66.99,67.14,66.98,67.12,158,7,0
2026-02-18 06:00:00,67.11,67.21,67.09,67.21,175,7,0
2026-02-18 07:00:00,67.19,67.21,67.06,67.06,153,7,0
2026-02-18 08:00:00,67.05,67.23,66.99,67.05,268,7,0
2026-02-18 09:00:00,67.06,67.17,67.03,67.13,370,7,0
2026-02-18 10:00:00,67.13,67.38,67.06,67.07,824,7,0
2026-02-18 11:00:00,67.09,67.3,67.04,67.15,710,7,0
2026-02-18 12:00:00,67.15,67.79,67.15,67.73,1025,7,0
2026-02-18 13:00:00,67.73,68.37,67.69,68.37,1084,7,0
2026-02-18 14:00:00,68.37,68.85,68.18,68.76,1145,7,0
2026-02-18 15:00:00,68.76,68.82,68.49,68.54,1057,7,0
2026-02-18 16:00:00,68.54,69.21,68.41,69.02,1842,7,0
2026-02-18 17:00:00,69.03,69.07,68.82,68.96,1225,7,0
2026-02-18 18:00:00,68.97,69.4,68.88,69.31,1258,7,0
2026-02-18 19:00:00,69.31,69.77,69.19,69.74,1046,7,0
2026-02-18 20:00:00,69.74,69.86,69.34,69.83,1589,7,0
2026-02-18 21:00:00,69.83,70.06,69.56,69.79,1514,7,0
2026-02-18 22:00:00,69.79,70.16,69.78,69.98,726,8,0
2026-02-18 23:00:00,69.98,70.04,69.55,69.6,858,9,0
2026-02-19 03:00:00,69.75,69.88,69.63,69.87,308,12,0
2026-02-19 04:00:00,69.87,70.0,69.83,69.98,368,12,0
2026-02-19 05:00:00,69.98,70.09,69.95,70.04,295,12,0
2026-02-19 06:00:00,70.06,70.1,69.84,69.9,265,12,0
2026-02-19 07:00:00,69.9,70.01,69.89,69.93,220,12,0
2026-02-19 08:00:00,69.93,70.02,69.88,69.95,305,9,0
2026-02-19 09:00:00,69.95,70.54,69.93,70.52,794,8,0
2026-02-19 10:00:00,70.51,71.01,70.36,70.95,1312,8,0
2026-02-19 11:00:00,70.97,71.02,70.41,70.51,1594,8,0
2026-02-19 12:00:00,70.51,70.79,70.4,70.69,1188,8,0
2026-02-19 13:00:00,70.7,71.04,70.55,70.81,1033,8,0
2026-02-19 14:00:00,70.82,70.94,70.72,70.84,883,7,0
2026-02-19 15:00:00,70.85,71.32,70.74,71.18,1569,7,0
2026-02-19 16:00:00,71.18,71.34,70.75,71.18,2456,7,0
2026-02-19 17:00:00,71.17,71.23,70.25,71.19,3917,7,0
2026-02-19 18:00:00,71.19,71.42,71.01,71.37,1754,7,0
2026-02-19 19:00:00,71.38,71.54,71.18,71.37,1626,7,0
2026-02-19 20:00:00,71.37,71.4,71.06,71.35,1200,7,0
2026-02-19 21:00:00,71.35,71.47,71.22,71.46,910,7,0
2026-02-19 22:00:00,71.45,71.58,71.41,71.56,391,7,0
2026-02-19 23:00:00,71.56,71.7,70.79,71.43,1297,8,0
2026-02-20 03:00:00,71.34,71.58,71.21,71.41,537,7,0
2026-02-20 04:00:00,71.4,71.69,71.32,71.4,525,7,0
2026-02-20 05:00:00,71.41,71.55,71.3,71.46,272,7,0
2026-02-20 06:00:00,71.46,71.56,71.46,71.55,194,7,0
2026-02-20 07:00:00,71.55,71.74,71.52,71.67,289,7,0
2026-02-20 08:00:00,71.68,71.87,71.53,71.55,467,7,0
2026-02-20 09:00:00,71.56,71.58,71.14,71.17,766,7,0
2026-02-20 10:00:00,71.18,71.28,70.94,71.01,1283,7,0
2026-02-20 11:00:00,71.03,71.45,70.74,70.9,1346,7,0
2026-02-20 12:00:00,70.9,71.02,70.76,70.87,1249,7,0
2026-02-20 13:00:00,70.89,71.29,70.71,70.9,1210,7,0
2026-02-20 14:00:00,70.9,71.11,70.83,71.05,1223,7,0
2026-02-20 15:00:00,71.05,71.15,70.92,71.13,1167,7,0
2026-02-20 16:00:00,71.14,71.34,70.74,71.11,2381,7,0
2026-02-20 17:00:00,71.11,71.48,70.7,70.79,3426,7,0
2026-02-20 18:00:00,70.79,71.18,70.67,71.03,1978,7,0
2026-02-20 19:00:00,71.04,71.34,70.98,71.27,1359,7,0
2026-02-20 20:00:00,71.27,71.54,71.12,71.41,1775,7,0
2026-02-20 21:00:00,71.41,71.42,71.1,71.32,1405,7,0
2026-02-20 22:00:00,71.32,71.35,71.1,71.25,555,7,0
2026-02-20 23:00:00,71.25,71.3,71.11,71.13,259,8,0
2026-02-23 03:00:00,70.56,70.83,70.43,70.75,495,7,0
2026-02-23 04:00:00,70.75,70.88,70.72,70.73,417,7,0
2026-02-23 05:00:00,70.71,70.74,70.51,70.52,314,7,0
2026-02-23 06:00:00,70.52,70.57,70.32,70.41,246,7,0
2026-02-23 07:00:00,70.41,70.64,70.38,70.57,262,7,0
2026-02-23 08:00:00,70.57,70.66,70.46,70.5,319,7,0
2026-02-23 09:00:00,70.5,70.63,70.34,70.48,541,7,0
2026-02-23 10:00:00,70.49,70.76,70.41,70.72,1174,7,0
2026-02-23 11:00:00,70.73,71.13,70.61,71.04,917,7,0
2026-02-23 12:00:00,71.02,71.04,70.8,70.88,842,7,0
2026-02-23 13:00:00,70.87,71.28,70.81,71.26,673,7,0
2026-02-23 14:00:00,71.26,71.53,71.23,71.51,690,7,0
2026-02-23 15:00:00,71.52,71.7,71.33,71.67,930,7,0
2026-02-23 16:00:00,71.68,71.98,71.5,71.76,1865,7,0
2026-02-23 17:00:00,71.77,72.03,71.58,71.6,1518,7,0
2026-02-23 18:00:00,71.59,71.92,71.06,71.18,2303,7,0
2026-02-23 19:00:00,71.18,71.24,70.9,71.01,1121,7,0
2026-02-23 20:00:00,71.01,71.13,70.9,70.99,754,7,0
2026-02-23 21:00:00,71.0,71.18,70.91,71.13,1027,7,0
2026-02-23 22:00:00,71.14,71.28,71.13,71.22,420,7,0
2026-02-23 23:00:00,71.23,71.29,70.95,70.95,293,8,0
2026-02-24 03:00:00,70.98,71.25,70.83,71.22,1786,7,0
2026-02-24 04:00:00,71.22,71.6,71.18,71.58,828,7,0
2026-02-24 05:00:00,71.59,71.74,71.55,71.67,496,7,0
2026-02-24 06:00:00,71.66,71.68,71.55,71.55,189,7,0
2026-02-24 07:00:00,71.55,71.74,71.36,71.6,577,7,0
2026-02-24 08:00:00,71.6,71.62,71.4,71.55,736,7,0
2026-02-24 09:00:00,71.55,71.57,71.23,71.32,608,7,0
2026-02-24 10:00:00,71.32,71.37,71.02,71.32,1292,7,0
2026-02-24 11:00:00,71.31,71.33,71.06,71.27,980,7,0
2026-02-24 12:00:00,71.28,71.32,70.89,70.98,1020,7,0
2026-02-24 13:00:00,70.98,71.11,70.87,71.07,785,7,0
2026-02-24 14:00:00,71.05,71.34,70.97,71.3,857,7,0
2026-02-24 15:00:00,71.3,71.86,71.3,71.63,1516,7,0
2026-02-24 16:00:00,71.64,71.64,71.21,71.37,1999,7,0
2026-02-24 17:00:00,71.37,71.52,70.5,70.75,3701,7,0
2026-02-24 18:00:00,70.75,71.09,70.65,70.79,1903,7,0
2026-02-24 19:00:00,70.8,71.13,70.58,70.71,1443,7,0
2026-02-24 20:00:00,70.71,70.93,70.67,70.87,879,7,0
2026-02-24 21:00:00,70.88,70.88,70.48,70.81,1111,7,0
2026-02-24 22:00:00,70.81,71.39,70.71,71.2,1086,7,0
2026-02-24 23:00:00,71.2,71.22,70.84,70.9,458,13,0
2026-02-25 03:00:00,71.01,71.21,70.88,70.99,787,9,0
2026-02-25 04:00:00,70.99,71.26,70.99,71.23,616,9,0
2026-02-25 05:00:00,71.23,71.51,70.91,70.94,784,9,0
2026-02-25 06:00:00,70.93,71.06,70.89,70.94,252,9,0
2026-02-25 07:00:00,70.94,71.03,70.89,70.96,308,9,0
2026-02-25 08:00:00,70.95,70.95,70.66,70.89,517,9,0
2026-02-25 09:00:00,70.9,71.07,70.71,70.78,533,8,0
2026-02-25 10:00:00,70.78,71.03,70.64,70.92,1169,8,0
2026-02-25 11:00:00,70.93,70.97,70.4,70.59,1136,8,0
2026-02-25 12:00:00,70.59,70.99,70.56,70.9,969,8,0
2026-02-25 13:00:00,70.9,70.99,70.79,70.86,808,8,0
2026-02-25 14:00:00,70.85,71.31,70.81,71.21,1192,7,0
2026-02-25 15:00:00,71.22,71.29,70.88,70.91,1124,7,0
2026-02-25 16:00:00,70.9,71.0,70.37,70.4,1879,7,0
2026-02-25 17:00:00,70.4,70.74,70.36,70.51,1909,7,0
2026-02-25 18:00:00,70.51,70.65,70.21,70.58,1826,7,0
2026-02-25 19:00:00,70.58,70.77,70.48,70.73,881,7,0
2026-02-25 20:00:00,70.73,70.99,70.68,70.79,781,7,0
2026-02-25 21:00:00,70.79,70.94,70.54,70.91,936,8,0
2026-02-25 22:00:00,70.91,70.94,70.65,70.69,403,8,0
2026-02-25 23:00:00,70.69,70.79,70.67,70.7,232,9,0
2026-02-26 03:00:00,70.92,70.96,70.76,70.85,522,9,0
2026-02-26 04:00:00,70.85,70.89,70.57,70.68,579,9,0
2026-02-26 05:00:00,70.68,70.84,70.67,70.74,292,9,0
2026-02-26 06:00:00,70.74,70.84,70.74,70.8,132,9,0
2026-02-26 07:00:00,70.8,70.89,70.7,70.77,363,9,0
2026-02-26 08:00:00,70.77,70.8,70.65,70.73,422,9,0
2026-02-26 09:00:00,70.72,70.84,70.59,70.69,468,8,0
2026-02-26 10:00:00,70.69,70.89,70.63,70.7,1021,8,0
2026-02-26 11:00:00,70.7,70.71,70.09,70.38,1331,8,0
2026-02-26 12:00:00,70.39,70.4,69.54,69.73,1576,8,0
2026-02-26 13:00:00,69.73,70.03,69.68,69.74,767,8,0
2026-02-26 14:00:00,69.75,69.87,69.35,69.6,1108,8,0
2026-02-26 15:00:00,69.6,69.97,69.1,69.87,1982,8,0
2026-02-26 16:00:00,69.88,70.24,69.61,70.24,2217,8,0
2026-02-26 17:00:00,70.25,72.07,70.24,72.04,4303,8,0
2026-02-26 18:00:00,72.04,72.27,71.41,71.92,3014,8,0
2026-02-26 19:00:00,71.91,72.06,71.6,71.9,1258,8,0
2026-02-26 20:00:00,71.9,72.03,70.38,71.17,4081,8,0
2026-02-26 21:00:00,71.16,71.25,70.46,70.85,2794,8,0
2026-02-26 22:00:00,70.85,71.06,70.75,70.97,727,8,0
2026-02-26 23:00:00,70.97,71.11,70.83,70.84,439,9,0
2026-02-27 03:00:00,70.57,70.63,70.33,70.56,893,9,0
2026-02-27 04:00:00,70.56,70.58,70.41,70.51,623,9,0
2026-02-27 05:00:00,70.51,70.77,70.49,70.77,435,9,0
2026-02-27 06:00:00,70.76,70.89,70.7,70.8,249,9,0
2026-02-27 07:00:00,70.8,71.15,70.8,71.04,584,9,0
2026-02-27 08:00:00,71.04,71.23,70.96,71.19,637,9,0
2026-02-27 09:00:00,71.19,71.27,71.12,71.23,607,8,0
2026-02-27 10:00:00,71.23,71.53,71.03,71.22,1360,8,0
2026-02-27 11:00:00,71.22,71.99,71.15,71.97,1357,8,0
2026-02-27 12:00:00,71.97,72.18,71.62,72.12,1410,8,0
2026-02-27 13:00:00,72.11,72.48,72.03,72.41,1093,8,0
2026-02-27 14:00:00,72.4,72.64,72.31,72.64,1132,8,0
2026-02-27 15:00:00,72.64,73.38,72.63,73.33,2661,8,0
2026-02-27 16:00:00,73.33,73.42,72.53,72.57,3257,8,0
2026-02-27 17:00:00,72.57,72.76,72.24,72.55,2562,8,0
2026-02-27 18:00:00,72.55,72.55,72.1,72.2,1940,8,0
2026-02-27 19:00:00,72.2,72.46,71.81,72.44,2403,8,0
2026-02-27 20:00:00,72.43,72.79,72.39,72.78,1217,8,0
2026-02-27 21:00:00,72.76,72.94,72.61,72.79,1326,7,0
2026-02-27 22:00:00,72.79,73.17,72.76,73.04,1001,7,0
2026-02-27 23:00:00,73.03,73.17,72.71,72.92,859,8,0
2026-03-02 03:00:00,78.07,78.12,75.53,75.93,6937,7,0
2026-03-02 04:00:00,75.92,76.4,75.66,76.05,3625,7,0
2026-03-02 05:00:00,76.05,77.15,76.0,76.78,1811,12,0
2026-03-02 06:00:00,76.77,77.43,76.56,77.28,2105,12,0
2026-03-02 07:00:00,77.28,77.76,76.99,77.76,2259,12,0
2026-03-02 08:00:00,77.77,78.59,77.74,78.25,3207,9,0
2026-03-02 09:00:00,78.26,79.76,78.25,79.68,7701,7,0
2026-03-02 10:00:00,79.68,79.81,78.43,78.87,6700,7,0
2026-03-02 11:00:00,78.85,78.86,78.11,78.69,5708,7,0
2026-03-02 12:00:00,78.69,78.72,77.53,78.12,5056,6,0
2026-03-02 13:00:00,78.13,78.41,77.18,78.09,3991,7,0
2026-03-02 14:00:00,78.09,79.21,78.07,79.06,3950,5,0
2026-03-02 15:00:00,79.06,79.16,78.26,78.94,5639,7,0
2026-03-02 16:00:00,78.95,79.11,77.74,77.95,6516,7,0
2026-03-02 17:00:00,77.95,78.56,77.81,77.92,5042,7,0
2026-03-02 18:00:00,77.92,77.98,76.44,77.17,6380,7,0
2026-03-02 19:00:00,77.17,77.19,76.47,76.83,3926,7,0
2026-03-02 20:00:00,76.82,77.45,76.52,77.41,2697,7,0
2026-03-02 21:00:00,77.41,77.53,77.0,77.14,2679,7,0
2026-03-02 22:00:00,77.15,79.23,77.14,78.12,6991,7,0
2026-03-02 23:00:00,78.12,78.3,77.16,77.2,2730,9,0
2026-03-03 03:00:00,78.13,78.6,78.01,78.18,2735,12,0
2026-03-03 04:00:00,78.18,78.95,77.94,78.9,1969,12,0
2026-03-03 05:00:00,78.9,79.21,78.84,78.98,1266,12,0
2026-03-03 06:00:00,78.98,79.35,78.78,79.25,928,12,0
2026-03-03 07:00:00,79.24,79.96,79.09,79.53,2059,12,0
2026-03-03 08:00:00,79.53,79.78,78.9,79.74,2177,12,0
2026-03-03 09:00:00,79.75,80.75,79.56,80.44,3858,10,0
2026-03-03 10:00:00,80.43,80.82,79.86,80.65,4726,10,0
2026-03-03 11:00:00,80.63,81.8,80.53,81.43,5012,10,0
2026-03-03 12:00:00,81.43,83.72,81.07,82.97,6431,10,0
2026-03-03 13:00:00,82.98,84.29,82.4,83.79,7877,10,0
2026-03-03 14:00:00,83.79,84.1,81.98,82.27,9679,7,0
2026-03-03 15:00:00,82.26,83.16,81.64,82.83,9090,7,0
2026-03-03 16:00:00,82.83,84.07,82.56,82.69,9020,7,0
2026-03-03 17:00:00,82.69,83.36,82.48,82.91,6876,7,0
2026-03-03 18:00:00,82.91,83.25,80.58,82.1,9302,7,0
2026-03-03 19:00:00,82.09,82.55,81.27,81.61,5884,7,0
2026-03-03 20:00:00,81.6,81.64,79.66,80.69,6770,8,0
2026-03-03 21:00:00,80.67,80.94,77.75,79.73,10398,8,0
2026-03-03 22:00:00,79.73,80.44,79.32,80.36,4255,8,0
2026-03-03 23:00:00,80.34,81.45,80.3,80.94,3309,9,0
2026-03-04 03:00:00,81.22,81.77,80.37,81.01,7125,12,0
2026-03-04 04:00:00,81.01,81.7,80.82,81.19,3734,12,0
2026-03-04 05:00:00,81.2,81.53,80.84,81.4,2600,12,0
2026-03-04 06:00:00,81.4,81.79,81.26,81.71,1125,12,0
2026-03-04 07:00:00,81.72,82.59,81.47,82.09,2956,12,0
2026-03-04 08:00:00,82.09,83.11,81.92,83.09,2716,12,0
2026-03-04 09:00:00,83.09,83.24,82.52,82.7,3454,8,0
2026-03-04 10:00:00,82.7,83.41,82.21,82.86,5358,8,0
2026-03-04 11:00:00,82.85,83.09,81.73,82.9,5067,7,0
2026-03-04 12:00:00,82.91,82.92,81.11,81.51,8502,8,0
2026-03-04 13:00:00,81.52,82.06,80.92,81.43,4652,8,0
2026-03-04 14:00:00,81.43,81.77,80.62,80.82,5722,8,0
2026-03-04 15:00:00,80.83,80.85,79.36,80.07,8876,8,0
2026-03-04 16:00:00,80.08,81.33,79.69,80.46,8608,8,0
2026-03-04 17:00:00,80.46,80.65,79.67,80.09,7006,8,0
2026-03-04 18:00:00,80.08,80.69,79.7,80.22,5257,8,0
2026-03-04 19:00:00,80.22,80.95,80.11,80.77,4414,8,0
2026-03-04 20:00:00,80.77,80.92,80.44,80.58,3362,8,0
2026-03-04 21:00:00,80.58,80.59,80.1,80.29,2796,8,0
2026-03-04 22:00:00,80.29,81.01,80.28,80.73,1904,8,0
2026-03-04 23:00:00,80.73,81.58,80.72,81.3,2043,9,0
2026-03-05 03:00:00,81.04,82.31,81.03,82.15,3293,17,0
2026-03-05 04:00:00,82.15,82.63,81.99,82.61,2138,17,0
2026-03-05 05:00:00,82.6,82.64,82.15,82.43,1780,17,0
2026-03-05 06:00:00,82.43,82.93,82.4,82.68,1081,17,0
2026-03-05 07:00:00,82.69,83.41,82.63,83.05,1984,17,0
2026-03-05 08:00:00,83.04,83.07,81.04,81.84,5255,17,0
2026-03-05 09:00:00,81.84,82.76,81.8,82.47,3673,9,0
2026-03-05 10:00:00,82.46,83.03,82.21,82.33,5053,7,0
2026-03-05 11:00:00,82.32,82.41,80.39,81.7,8640,8,0
2026-03-05 12:00:00,81.71,81.96,81.33,81.84,4195,8,0
2026-03-05 13:00:00,81.83,82.49,81.66,82.36,3099,8,0
2026-03-05 14:00:00,82.36,82.47,81.87,82.28,3869,8,0
2026-03-05 15:00:00,82.29,82.51,81.67,82.35,6177,8,0
2026-03-05 16:00:00,82.34,83.1,82.05,82.6,6197,8,0
2026-03-05 17:00:00,82.6,83.34,82.37,82.79,5889,8,0
2026-03-05 18:00:00,82.8,83.65,82.48,83.04,6180,8,0
2026-03-05 19:00:00,83.04,83.47,82.47,83.41,5307,8,0
2026-03-05 20:00:00,83.41,84.32,82.86,83.83,5120,8,0
2026-03-05 21:00:00,83.83,84.5,83.64,84.48,4817,8,0
2026-03-05 22:00:00,84.48,84.8,82.81,83.18,8386,8,0
2026-03-05 23:00:00,83.17,83.31,82.18,82.55,3368,9,0
2026-03-06 03:00:00,82.11,82.86,81.65,82.8,4817,12,0
2026-03-06 04:00:00,82.8,82.85,82.32,82.78,2907,12,0
2026-03-06 05:00:00,82.78,83.05,82.58,82.89,2153,12,0
2026-03-06 06:00:00,82.89,82.98,82.69,82.92,894,12,0
2026-03-06 07:00:00,82.92,83.44,82.73,83.34,2565,12,0
2026-03-06 08:00:00,83.35,83.83,83.2,83.61,2865,12,0
2026-03-06 09:00:00,83.61,83.95,83.12,83.92,2238,10,0
2026-03-06 10:00:00,83.91,84.32,83.57,83.65,3900,10,0
2026-03-06 11:00:00,83.65,85.87,83.4,85.74,6289,8,0
2026-03-06 12:00:00,85.75,85.81,84.93,85.32,6374,8,0
2026-03-06 13:00:00,85.31,87.58,85.25,87.41,6483,8,0
2026-03-06 14:00:00,87.42,87.62,86.87,87.15,5701,8,0
2026-03-06 15:00:00,87.15,88.33,85.98,87.87,11477,8,0
2026-03-06 16:00:00,87.86,89.67,87.54,89.28,12222,8,0
2026-03-06 17:00:00,89.28,89.35,88.22,88.7,9940,8,0
2026-03-06 18:00:00,88.7,90.13,88.41,90.08,8056,8,0
2026-03-06 19:00:00,90.09,92.0,89.81,91.6,9292,8,0
2026-03-06 20:00:00,91.6,91.66,89.44,91.28,10923,8,0
2026-03-06 21:00:00,91.27,91.27,90.18,90.8,9187,8,0
2026-03-06 22:00:00,90.81,90.83,90.03,90.28,4216,8,0
2026-03-06 23:00:00,90.29,90.94,90.19,90.76,2492,13,0
2026-03-09 03:00:00,104.86,106.13,103.61,105.05,3718,42,0
2026-03-09 04:00:00,105.04,110.89,104.65,110.61,5248,18,0
2026-03-09 05:00:00,110.6,114.52,109.27,111.71,7152,9,0
2026-03-09 06:00:00,111.74,113.09,109.44,112.47,5929,42,0
2026-03-09 07:00:00,112.49,114.13,111.79,113.03,3725,42,0
2026-03-09 08:00:00,113.02,113.09,103.01,103.71,11515,42,0
2026-03-09 09:00:00,103.71,106.83,102.55,105.39,9906,42,0
2026-03-09 10:00:00,105.36,105.36,102.46,104.4,6754,31,0
2026-03-09 11:00:00,104.44,106.26,103.21,103.76,12381,8,0
2026-03-09 12:00:00,103.76,104.63,98.58,101.21,15419,8,0
2026-03-09 13:00:00,101.21,103.59,100.95,102.34,13620,8,0
2026-03-09 14:00:00,102.37,102.46,100.51,100.93,7534,8,0
2026-03-09 15:00:00,100.92,102.11,99.42,100.83,9711,14,0
2026-03-09 16:00:00,100.82,100.82,97.24,98.71,14952,14,0
2026-03-09 17:00:00,98.7,102.45,98.42,99.56,13436,31,0
2026-03-09 18:00:00,99.54,99.68,94.92,95.46,11864,31,0
2026-03-09 19:00:00,95.44,97.68,95.41,96.8,10711,31,0
2026-03-09 20:00:00,96.8,97.52,95.94,96.78,5818,34,0
2026-03-09 21:00:00,96.76,97.03,93.83,97.01,8375,34,0
2026-03-09 22:00:00,97.0,97.18,82.39,87.58,20178,15,0
2026-03-09 23:00:00,87.59,90.65,84.75,86.78,10904,44,0
2026-03-10 03:00:00,90.24,90.77,87.05,88.28,3947,42,0
2026-03-10 04:00:00,88.25,88.42,86.03,86.49,5065,42,0
2026-03-10 05:00:00,86.52,90.15,86.17,90.03,3542,42,0
2026-03-10 06:00:00,90.0,92.42,89.69,91.45,4320,42,0
2026-03-10 07:00:00,91.45,92.41,91.25,92.11,2327,42,0
2026-03-10 08:00:00,92.09,92.09,89.59,90.99,4891,42,0
2026-03-10 09:00:00,90.98,91.67,89.96,91.31,4077,42,0
2026-03-10 10:00:00,91.3,91.55,87.57,87.85,4518,8,0
2026-03-10 11:00:00,87.86,90.76,87.5,90.69,9941,8,0
2026-03-10 12:00:00,90.7,90.83,87.35,88.61,9129,8,0
2026-03-10 13:00:00,88.6,91.12,88.46,89.78,9330,8,0
2026-03-10 14:00:00,89.78,90.8,87.67,90.16,9929,8,0
2026-03-10 15:00:00,90.15,91.82,89.54,90.4,10036,8,0
2026-03-10 16:00:00,90.41,90.54,88.84,89.28,13082,7,0
2026-03-10 17:00:00,89.27,90.09,85.71,86.88,14266,8,0
2026-03-10 18:00:00,86.88,87.42,85.49,86.78,10472,7,0
2026-03-10 19:00:00,86.78,88.1,84.63,84.8,6982,31,0
2026-03-10 20:00:00,84.79,85.21,80.05,83.21,15218,34,0
2026-03-10 21:00:00,83.2,90.12,82.68,87.14,15394,34,0
2026-03-10 22:00:00,87.15,89.96,87.02,89.5,7238,34,0
2026-03-10 23:00:00,89.5,89.79,88.6,89.21,3050,44,0
2026-03-11 03:00:00,88.84,88.88,85.24,85.8,3413,42,0
2026-03-11 04:00:00,85.85,87.46,85.31,86.12,3390,42,0
2026-03-11 05:00:00,86.1,87.61,86.04,86.84,2400,42,0
2026-03-11 06:00:00,86.85,87.01,85.15,85.34,1857,42,0
2026-03-11 07:00:00,85.32,86.08,84.89,85.43,1201,42,0
2026-03-11 08:00:00,85.43,86.58,85.35,86.26,1736,42,0
2026-03-11 09:00:00,86.26,86.75,85.49,85.85,1568,42,0
2026-03-11 10:00:00,85.87,88.14,85.63,87.98,2692,31,0
2026-03-11 11:00:00,87.96,88.97,87.18,88.52,4480,31,0
2026-03-11 12:00:00,88.5,90.65,88.26,90.47,4874,31,0
2026-03-11 13:00:00,90.46,90.46,86.96,87.44,6158,30,0
2026-03-11 14:00:00,87.45,89.95,87.24,89.29,7860,8,0
2026-03-11 15:00:00,89.28,90.48,88.76,89.7,7002,14,0
2026-03-11 16:00:00,89.7,89.78,86.75,87.11,12138,14,0
2026-03-11 17:00:00,87.12,89.88,85.84,89.23,13318,14,0
2026-03-11 18:00:00,89.23,90.48,88.96,90.47,7335,14,0
2026-03-11 19:00:00,90.47,91.31,89.89,90.18,7395,13,0
2026-03-11 20:00:00,90.18,91.24,89.46,90.58,6346,14,0
2026-03-11 21:00:00,90.57,91.26,90.28,90.69,6920,15,0
2026-03-11 22:00:00,90.7,91.18,90.47,91.11,2358,15,0
2026-03-11 23:00:00,91.11,91.65,90.97,91.41,1879,18,0
2026-03-12 03:00:00,95.48,97.07,95.46,96.21,2806,42,0
2026-03-12 04:00:00,96.21,96.61,94.53,95.76,3992,42,0
2026-03-12 05:00:00,95.8,98.78,95.75,97.43,3301,42,0
2026-03-12 06:00:00,97.44,98.62,97.37,97.81,2369,42,0
2026-03-12 07:00:00,97.8,98.25,97.36,97.82,1519,42,0
2026-03-12 08:00:00,97.81,97.87,95.48,96.16,4159,42,0
2026-03-12 09:00:00,96.16,96.75,94.66,95.57,3521,42,0
2026-03-12 10:00:00,95.55,95.55,93.13,93.7,4022,31,0
2026-03-12 11:00:00,93.69,95.93,93.46,95.47,5398,31,0
2026-03-12 12:00:00,95.46,96.09,94.21,94.44,4125,31,0
2026-03-12 13:00:00,94.41,95.01,93.9,94.36,3891,30,0
2026-03-12 14:00:00,94.37,96.06,94.28,95.81,3586,8,0
2026-03-12 15:00:00,95.77,96.49,95.53,95.93,3824,31,0
2026-03-12 16:00:00,95.92,98.06,95.65,97.44,7719,31,0
2026-03-12 17:00:00,97.44,98.4,96.6,98.02,6600,31,0
2026-03-12 18:00:00,98.02,99.03,96.42,96.72,8261,31,0
2026-03-12 19:00:00,96.72,97.86,95.59,97.18,6712,31,0
2026-03-12 20:00:00,97.18,97.78,96.77,96.9,3853,34,0
2026-03-12 21:00:00,96.88,99.34,96.5,99.22,3818,34,0
2026-03-12 22:00:00,99.2,99.62,98.32,99.16,2898,11,0
2026-03-12 23:00:00,99.16,99.4,98.42,98.87,2813,13,0
2026-03-13 03:00:00,99.11,99.14,97.49,98.09,1782,42,0
2026-03-13 04:00:00,98.11,98.55,97.24,98.1,2408,42,0
2026-03-13 05:00:00,98.11,98.92,97.81,98.76,1504,42,0
2026-03-13 06:00:00,98.78,99.06,97.87,98.16,1444,42,0
2026-03-13 07:00:00,98.14,98.43,97.79,97.88,677,42,0
2026-03-13 08:00:00,97.89,98.2,97.53,97.75,1495,42,0
2026-03-13 09:00:00,97.75,98.74,97.07,98.72,1956,42,0
2026-03-13 10:00:00,98.73,100.0,98.53,99.77,2141,32,0
2026-03-13 11:00:00,99.76,100.19,98.25,98.43,4781,30,0
2026-03-13 12:00:00,98.42,99.05,97.72,98.66,3393,31,0
2026-03-13 13:00:00,98.65,98.79,96.47,96.84,3433,31,0
2026-03-13 14:00:00,96.84,98.18,96.29,96.77,4688,8,0
2026-03-13 15:00:00,96.78,97.6,95.57,96.68,6339,14,0
2026-03-13 16:00:00,96.68,97.63,96.11,97.52,9386,10,0
2026-03-13 17:00:00,97.51,98.46,97.17,98.32,6593,10,0
2026-03-13 18:00:00,98.31,99.4,98.11,98.93,6141,10,0
2026-03-13 19:00:00,98.94,99.7,98.63,98.93,5500,10,0
2026-03-13 20:00:00,98.92,100.11,98.29,99.93,4177,15,0
2026-03-13 21:00:00,99.92,101.0,99.02,99.47,4934,15,0
2026-03-13 22:00:00,99.48,100.29,99.24,100.17,1838,34,0
2026-03-13 23:00:00,100.17,100.95,100.13,100.94,2459,18,0
2026-03-16 03:00:00,100.72,100.84,99.62,99.64,1764,42,0
2026-03-16 04:00:00,99.63,101.2,99.06,100.99,2999,40,0
2026-03-16 05:00:00,100.98,101.69,100.61,101.42,1967,42,0
2026-03-16 06:00:00,101.43,101.59,101.06,101.43,989,42,0
2026-03-16 07:00:00,101.41,101.77,101.39,101.71,426,42,0
2026-03-16 08:00:00,101.72,101.91,100.75,100.83,1091,42,0
2026-03-16 09:00:00,100.83,102.06,100.47,101.34,1244,42,0
2026-03-16 10:00:00,101.35,103.06,100.99,102.69,1750,31,0
2026-03-16 11:00:00,102.69,103.17,101.88,102.12,4549,14,0
2026-03-16 12:00:00,102.14,102.63,101.25,101.73,3462,14,0
2026-03-16 13:00:00,101.72,101.86,99.6,99.68,4535,14,0
2026-03-16 14:00:00,99.69,100.75,99.59,100.13,4400,7,0
2026-03-16 15:00:00,100.14,100.52,98.63,99.12,4601,31,0
2026-03-16 16:00:00,99.11,99.66,97.04,97.44,6442,31,0
2026-03-16 17:00:00,97.43,99.27,97.06,99.02,5343,31,0
2026-03-16 18:00:00,99.03,99.56,98.37,98.99,3246,31,0
2026-03-16 19:00:00,99.0,100.21,98.61,99.24,3571,31,0
2026-03-16 20:00:00,99.24,99.34,97.59,98.0,3995,34,0
2026-03-16 21:00:00,98.01,98.25,96.75,97.34,3481,34,0
2026-03-16 22:00:00,97.35,98.34,96.98,97.29,2467,34,0
2026-03-16 23:00:00,97.27,97.99,97.03,97.95,1294,44,0
2026-03-17 03:00:00,98.61,100.0,98.58,99.55,2543,12,0
2026-03-17 04:00:00,99.55,99.95,99.23,99.86,3834,12,0
2026-03-17 05:00:00,99.85,100.04,99.55,99.88,2050,12,0
2026-03-17 06:00:00,99.88,100.05,99.61,99.87,1783,12,0
2026-03-17 07:00:00,99.88,100.09,99.55,99.93,1231,12,0
2026-03-17 08:00:00,99.93,101.52,99.39,101.35,2590,12,0
2026-03-17 09:00:00,101.36,101.74,100.38,100.78,5474,12,0
2026-03-17 10:00:00,100.79,101.01,99.93,100.33,3804,10,0
2026-03-17 11:00:00,100.34,101.35,100.22,101.08,5414,10,0
2026-03-17 12:00:00,101.08,101.13,99.67,99.94,4319,10,0
2026-03-17 13:00:00,99.93,100.82,99.92,100.14,2929,10,0
2026-03-17 14:00:00,100.14,100.83,100.12,100.74,2506,8,0
2026-03-17 15:00:00,100.74,100.81,99.39,99.51,4120,14,0
2026-03-17 16:00:00,99.52,99.8,98.49,99.44,6004,14,0
2026-03-17 17:00:00,99.44,99.79,98.32,98.55,4573,14,0
2026-03-17 18:00:00,98.56,100.2,98.45,99.97,4210,14,0
2026-03-17 19:00:00,99.96,100.18,98.72,99.33,4831,14,0
2026-03-17 20:00:00,99.33,100.35,99.3,100.29,3451,15,0
2026-03-17 21:00:00,100.28,100.76,100.03,100.59,2760,15,0
2026-03-17 22:00:00,100.6,101.0,100.34,100.86,1698,15,0
2026-03-17 23:00:00,100.86,100.96,100.56,100.64,1460,18,0
2026-03-18 03:00:00,100.63,100.65,99.42,99.6,2165,12,0
2026-03-18 04:00:00,99.6,99.97,99.17,99.85,3695,12,0
2026-03-18 05:00:00,99.85,100.05,98.86,99.34,2428,12,0
2026-03-18 06:00:00,99.34,99.38,98.2,98.25,2271,12,0
2026-03-18 07:00:00,98.25,98.48,98.11,98.3,2379,12,0
2026-03-18 08:00:00,98.3,98.72,97.8,98.18,2831,12,0
2026-03-18 09:00:00,98.18,98.88,97.63,98.76,3834,12,0
2026-03-18 10:00:00,98.76,99.32,98.64,99.24,2232,10,0
2026-03-18 11:00:00,99.24,100.15,99.13,99.77,3494,10,0
2026-03-18 12:00:00,99.77,100.42,99.59,100.33,2522,10,0
2026-03-18 13:00:00,100.33,100.8,100.04,100.61,2408,10,0
2026-03-18 14:00:00,100.59,102.0,100.25,100.96,5417,8,0
2026-03-18 15:00:00,100.96,104.85,100.86,104.68,9337,14,0
2026-03-18 16:00:00,104.68,105.64,104.19,105.6,9398,13,0
2026-03-18 17:00:00,105.61,106.32,104.88,105.54,6200,14,0
2026-03-18 18:00:00,105.55,105.68,104.73,105.13,6956,14,0
2026-03-18 19:00:00,105.13,105.35,104.57,105.17,5805,14,0
2026-03-18 20:00:00,105.17,105.52,103.19,103.33,5957,13,0
2026-03-18 21:00:00,103.32,104.97,102.52,104.55,8727,15,0
2026-03-18 22:00:00,104.56,106.35,104.12,106.05,3778,15,0
2026-03-18 23:00:00,106.05,108.2,105.96,107.24,4834,18,0
2026-03-19 03:00:00,106.36,108.22,106.36,107.75,4427,12,0
2026-03-19 04:00:00,107.75,108.62,106.85,108.48,5504,12,0
2026-03-19 05:00:00,108.49,108.77,106.68,107.88,6249,12,0
2026-03-19 06:00:00,107.89,108.04,106.92,107.79,2864,12,0
2026-03-19 07:00:00,107.8,108.26,107.68,108.01,1707,12,0
2026-03-19 08:00:00,108.01,109.03,107.58,108.73,3182,12,0
2026-03-19 09:00:00,108.73,109.66,108.45,109.51,4149,12,0
2026-03-19 10:00:00,109.54,110.7,108.82,109.95,6674,10,0
2026-03-19 11:00:00,109.94,111.82,108.74,111.18,8817,10,0
2026-03-19 12:00:00,111.17,113.64,109.14,109.88,14150,10,0
2026-03-19 13:00:00,109.89,110.34,108.76,109.66,8264,10,0
2026-03-19 14:00:00,109.67,110.27,108.95,109.01,5455,10,0
2026-03-19 15:00:00,109.03,109.38,107.45,108.18,7445,8,0
2026-03-19 16:00:00,108.19,108.61,105.74,106.83,12930,14,0
2026-03-19 17:00:00,106.81,107.98,106.19,107.01,8258,14,0
2026-03-19 18:00:00,107.01,108.67,106.23,106.34,12677,14,0
2026-03-19 19:00:00,106.34,107.67,105.08,106.1,9117,14,0
2026-03-19 20:00:00,106.11,106.29,104.27,104.73,6688,14,0
2026-03-19 21:00:00,104.73,105.62,103.42,103.99,7726,14,0
2026-03-19 22:00:00,103.99,104.17,100.42,103.77,12566,14,0
2026-03-19 23:00:00,103.76,104.56,103.53,103.94,3577,18,0
2026-03-20 03:00:00,103.1,103.77,102.5,103.55,2143,17,0
2026-03-20 04:00:00,103.54,103.68,101.24,101.8,5275,17,0
2026-03-20 05:00:00,101.8,102.96,101.74,102.9,2800,17,0
2026-03-20 06:00:00,102.92,103.7,102.61,103.4,1868,17,0
2026-03-20 07:00:00,103.39,103.7,102.86,103.68,1257,17,0
2026-03-20 08:00:00,103.68,104.0,102.76,102.95,2409,17,0
2026-03-20 09:00:00,102.95,104.72,102.9,104.47,3007,17,0
2026-03-20 10:00:00,104.46,104.79,103.55,103.76,2650,14,0
2026-03-20 11:00:00,103.75,105.53,103.2,105.49,5463,14,0
2026-03-20 12:00:00,105.48,107.01,105.28,106.65,4768,14,0
2026-03-20 13:00:00,106.67,107.19,105.65,105.79,3925,14,0
2026-03-20 14:00:00,105.75,105.86,103.63,103.77,4361,14,0
2026-03-20 15:00:00,103.76,104.64,103.11,104.46,5204,8,0
2026-03-20 16:00:00,104.46,105.83,104.32,105.59,7182,14,0
2026-03-20 17:00:00,105.58,106.63,104.82,106.51,5762,14,0
2026-03-20 18:00:00,106.5,106.75,105.42,105.68,5617,14,0
2026-03-20 19:00:00,105.67,106.37,105.34,105.85,4320,14,0
2026-03-20 20:00:00,105.84,106.9,105.74,106.54,5385,15,0
2026-03-20 21:00:00,106.54,108.36,105.73,108.08,8144,15,0
2026-03-20 22:00:00,108.07,108.2,106.92,107.02,4787,15,0
2026-03-20 23:00:00,107.01,107.87,106.97,107.81,2791,18,0
2026-03-23 03:00:00,107.61,107.95,106.8,107.08,2565,17,0
2026-03-23 04:00:00,107.09,107.93,106.99,107.73,4250,17,0
2026-03-23 05:00:00,107.72,108.5,107.23,108.34,3203,17,0
2026-03-23 06:00:00,108.35,108.69,108.33,108.57,1411,17,0
2026-03-23 07:00:00,108.56,108.76,108.28,108.43,921,17,0
2026-03-23 08:00:00,108.44,108.53,107.47,108.16,2467,17,0
2026-03-23 09:00:00,108.16,109.65,107.96,109.42,5876,17,0
2026-03-23 10:00:00,109.42,110.08,109.11,109.66,4008,14,0
2026-03-23 11:00:00,109.65,110.26,108.87,109.47,7558,14,0
2026-03-23 12:00:00,109.46,109.71,108.73,109.13,5128,14,0
2026-03-23 13:00:00,109.12,109.65,107.79,108.83,4623,14,0
2026-03-23 14:00:00,108.85,108.98,92.33,101.66,16081,14,0
2026-03-23 15:00:00,101.63,102.91,96.78,97.46,11509,10,0
2026-03-23 16:00:00,97.45,99.96,96.47,97.36,12542,31,0
2026-03-23 17:00:00,97.36,98.96,96.16,97.63,11338,8,0
2026-03-23 18:00:00,97.63,99.21,93.5,98.84,18696,8,0
2026-03-23 19:00:00,98.84,100.38,97.18,97.67,14595,8,0
2026-03-23 20:00:00,97.67,98.38,96.67,96.87,9763,8,0
2026-03-23 21:00:00,96.86,97.71,94.44,95.58,10593,8,0
2026-03-23 22:00:00,95.57,96.58,95.3,96.48,5114,8,0
2026-03-23 23:00:00,96.48,97.31,96.12,96.61,3299,9,0
2026-03-24 03:00:00,97.18,98.51,96.88,98.1,2132,42,0
2026-03-24 04:00:00,98.13,100.13,98.09,99.69,1875,42,0
2026-03-24 05:00:00,99.68,100.53,99.41,99.91,1604,42,0
2026-03-24 06:00:00,99.92,100.32,99.88,100.2,933,42,0
2026-03-24 07:00:00,100.18,100.56,100.01,100.01,608,42,0
2026-03-24 08:00:00,100.02,100.46,99.51,99.65,1211,42,0
2026-03-24 09:00:00,99.63,99.65,98.49,98.8,2596,42,0
2026-03-24 10:00:00,98.75,99.13,97.28,97.31,2856,31,0
2026-03-24 11:00:00,97.32,98.96,97.11,98.4,5577,8,0
2026-03-24 12:00:00,98.4,99.16,97.93,98.12,4404,10,0
2026-03-24 13:00:00,98.11,98.24,96.9,98.05,4687,10,0
2026-03-24 14:00:00,98.04,99.18,97.64,98.7,4723,10,0
2026-03-24 15:00:00,98.7,99.75,98.61,99.32,3023,8,0
2026-03-24 16:00:00,99.32,100.14,98.94,99.64,4052,31,0
2026-03-24 17:00:00,99.65,99.86,98.25,98.91,6340,14,0
2026-03-24 18:00:00,98.89,100.07,98.33,100.05,6185,10,0
2026-03-24 19:00:00,100.04,100.58,99.67,100.42,4711,10,0
2026-03-24 20:00:00,100.42,101.09,98.88,99.61,5478,11,0
2026-03-24 21:00:00,99.61,100.68,99.23,100.35,7566,11,0
2026-03-24 22:00:00,100.35,100.36,99.51,100.04,2902,11,0
2026-03-24 23:00:00,100.04,100.09,94.5,96.11,10928,13,0
2026-03-25 03:00:00,96.55,96.61,93.87,94.83,4246,12,0
2026-03-25 04:00:00,94.84,95.05,93.54,94.42,5617,12,0
2026-03-25 05:00:00,94.43,96.16,94.09,96.03,3783,12,0
2026-03-25 06:00:00,96.02,96.4,95.38,96.16,2692,12,0
2026-03-25 07:00:00,96.17,96.37,95.43,95.46,2477,12,0
2026-03-25 08:00:00,95.45,96.9,95.45,96.71,3067,12,0
2026-03-25 09:00:00,96.69,97.1,96.26,96.52,4123,12,0
2026-03-25 10:00:00,96.52,96.58,95.35,95.67,4017,10,0
2026-03-25 11:00:00,95.67,95.88,93.96,95.18,6908,10,0
2026-03-25 12:00:00,95.17,96.51,94.7,95.27,4432,10,0
2026-03-25 13:00:00,95.27,95.49,94.21,94.43,4470,10,0
2026-03-25 14:00:00,94.41,95.27,93.79,94.48,4551,8,0
2026-03-25 15:00:00,94.48,96.79,94.27,95.84,6124,14,0
2026-03-25 16:00:00,95.83,96.21,94.86,96.12,5566,14,0
2026-03-25 17:00:00,96.12,96.66,95.86,96.42,5241,14,0
2026-03-25 18:00:00,96.43,97.55,96.24,97.48,4614,14,0
2026-03-25 19:00:00,97.48,97.7,96.41,96.92,5450,14,0
2026-03-25 20:00:00,96.92,97.5,96.43,97.19,4588,15,0
2026-03-25 21:00:00,97.21,98.58,96.98,98.33,4200,15,0
2026-03-25 22:00:00,98.34,98.43,97.7,97.97,2014,15,0
2026-03-25 23:00:00,97.97,98.39,97.96,98.06,1267,13,0
2026-03-26 03:00:00,97.7,98.36,97.67,97.97,1684,12,0
2026-03-26 04:00:00,97.97,98.43,97.75,98.02,2184,12,0
2026-03-26 05:00:00,98.02,98.75,97.75,98.67,2300,12,0
2026-03-26 06:00:00,98.67,98.85,98.25,98.44,1226,12,0
2026-03-26 07:00:00,98.44,98.67,98.22,98.66,1042,12,0
2026-03-26 08:00:00,98.66,99.06,98.45,99.04,2121,12,0
2026-03-26 09:00:00,99.04,99.24,98.8,99.07,2345,12,0
2026-03-26 10:00:00,99.06,100.01,99.04,99.76,2727,10,0
2026-03-26 11:00:00,99.74,100.9,99.38,100.37,4699,10,0
2026-03-26 12:00:00,100.37,100.71,99.96,100.33,2963,10,0
2026-03-26 13:00:00,100.34,100.62,99.71,100.41,3140,14,0
2026-03-26 14:00:00,100.4,101.87,100.26,101.78,2736,14,0
2026-03-26 15:00:00,101.8,102.06,101.28,101.81,2903,14,0
2026-03-26 16:00:00,101.81,101.84,100.39,100.5,5367,8,0
2026-03-26 17:00:00,100.51,101.67,100.04,101.13,5874,14,0
2026-03-26 18:00:00,101.11,101.97,101.04,101.82,4620,14,0
2026-03-26 19:00:00,101.82,102.41,101.62,101.76,3616,14,0
2026-03-26 20:00:00,101.77,102.35,101.64,102.27,2642,15,0
2026-03-26 21:00:00,102.26,102.3,101.2,101.41,2652,15,0
2026-03-26 22:00:00,101.42,101.73,101.14,101.3,1437,15,0
2026-03-26 23:00:00,101.29,101.5,96.99,101.06,3825,18,0
2026-03-27 03:00:00,99.99,101.26,99.8,101.1,2219,17,0
2026-03-27 04:00:00,101.1,101.24,99.99,100.09,2912,17,0
2026-03-27 05:00:00,100.08,100.48,98.82,100.29,2868,17,0
2026-03-27 06:00:00,100.3,100.85,100.25,100.6,1571,17,0
2026-03-27 07:00:00,100.59,100.98,100.55,100.92,873,17,0
2026-03-27 08:00:00,100.92,101.28,100.64,101.24,1565,17,0
2026-03-27 09:00:00,101.23,101.75,100.88,101.65,2253,17,0
2026-03-27 10:00:00,101.64,102.64,101.33,102.33,2408,14,0
2026-03-27 11:00:00,102.32,103.5,101.96,102.97,4270,14,0
2026-03-27 12:00:00,102.95,103.82,102.59,103.03,3035,14,0
2026-03-27 13:00:00,103.02,104.18,102.59,104.09,2592,14,0
2026-03-27 14:00:00,104.09,104.3,103.51,103.68,2366,8,0
2026-03-27 15:00:00,103.68,104.28,103.5,103.57,2872,14,0
2026-03-27 16:00:00,103.57,104.42,103.37,103.77,5427,14,0
2026-03-27 17:00:00,103.76,103.8,102.44,103.45,4612,14,0
2026-03-27 18:00:00,103.46,104.07,102.7,104.02,5334,14,0
2026-03-27 19:00:00,104.02,104.31,103.54,104.25,3932,14,0
2026-03-27 20:00:00,104.25,104.67,103.66,104.65,2795,15,0
2026-03-27 21:00:00,104.65,105.32,103.98,104.61,4897,15,0
2026-03-27 22:00:00,104.61,106.4,104.48,105.18,4069,15,0
2026-03-27 23:00:00,105.18,106.33,104.53,106.31,4200,18,0
2026-03-30 03:00:00,107.74,108.55,106.14,108.55,3706,17,0
2026-03-30 04:00:00,108.55,108.65,107.23,107.47,3197,17,0
2026-03-30 05:00:00,107.47,108.42,107.0,107.27,3799,17,0
2026-03-30 06:00:00,107.26,107.31,106.2,107.09,3729,17,0
2026-03-30 07:00:00,107.08,107.37,106.75,107.35,1635,17,0
2026-03-30 08:00:00,107.36,107.43,106.61,107.07,3015,15,0
2026-03-30 09:00:00,107.08,107.82,106.63,107.69,3122,14,0
2026-03-30 10:00:00,107.67,108.29,107.2,107.87,3161,14,0
2026-03-30 11:00:00,107.84,108.59,106.63,106.99,5120,14,0
2026-03-30 12:00:00,107.02,107.8,106.74,107.08,2969,14,0
2026-03-30 13:00:00,107.09,107.58,106.79,107.27,1979,14,0
2026-03-30 14:00:00,107.27,107.53,105.43,106.94,3870,7,0
2026-03-30 15:00:00,106.93,107.07,106.27,106.31,3001,7,0
2026-03-30 16:00:00,106.3,108.02,105.9,107.59,4805,14,0
2026-03-30 17:00:00,107.59,107.66,106.51,106.98,5379,14,0
2026-03-30 18:00:00,107.01,107.26,105.97,106.88,4806,14,0
2026-03-30 19:00:00,106.88,107.43,106.27,106.61,3570,14,0
2026-03-30 20:00:00,106.59,107.32,106.46,107.0,3070,15,0
2026-03-30 21:00:00,107.02,107.07,106.3,107.02,3275,15,0
2026-03-30 22:00:00,107.02,107.68,106.95,107.48,2082,15,0
2026-03-30 23:00:00,107.48,108.2,107.48,107.81,1726,18,0
2026-03-31 03:00:00,108.28,108.88,106.89,106.98,3762,12,0
2026-03-31 04:00:00,106.94,107.66,103.73,104.5,7408,12,0
2026-03-31 05:00:00,104.47,105.53,104.3,105.16,2626,12,0
2026-03-31 06:00:00,105.17,106.43,104.64,106.35,2013,12,0
2026-03-31 07:00:00,106.36,106.47,105.96,106.14,1242,12,0
2026-03-31 08:00:00,106.14,106.8,105.73,105.99,2558,12,0
2026-03-31 09:00:00,105.99,106.42,105.77,105.86,2664,10,0
2026-03-31 10:00:00,105.84,106.45,105.29,105.38,2782,8,0
2026-03-31 11:00:00,105.38,106.46,105.14,105.66,4892,8,0
2026-03-31 12:00:00,105.65,107.1,104.87,106.89,4087,8,0
2026-03-31 13:00:00,106.88,107.08,106.36,106.92,3064,8,0
2026-03-31 14:00:00,106.91,107.26,105.54,105.91,5930,8,0
2026-03-31 15:00:00,105.91,107.18,105.8,106.4,5169,8,0
2026-03-31 16:00:00,106.4,106.84,105.46,105.66,5277,8,0
2026-03-31 17:00:00,105.66,106.91,105.53,106.88,5522,8,0
2026-03-31 18:00:00,106.88,106.88,105.66,106.13,6417,8,0
2026-03-31 19:00:00,106.13,106.57,101.55,103.47,8334,8,0
2026-03-31 20:00:00,103.47,103.83,101.92,103.59,10033,8,0
2026-03-31 21:00:00,103.6,103.67,102.44,103.57,6413,14,0
2026-03-31 22:00:00,103.56,103.62,102.84,103.08,2530,15,0
2026-03-31 23:00:00,103.09,103.13,101.49,101.96,3715,18,0
2026-04-01 03:00:00,102.0,103.16,102.0,102.85,1465,17,0
2026-04-01 04:00:00,102.84,104.3,102.65,104.15,2589,17,0
2026-04-01 05:00:00,104.13,104.15,103.59,103.99,1819,17,0
2026-04-01 06:00:00,103.97,104.05,103.51,103.65,1126,17,0
2026-04-01 07:00:00,103.64,103.82,103.13,103.15,816,18,0
2026-04-01 08:00:00,103.15,103.19,101.24,101.64,2241,17,0
2026-04-01 09:00:00,101.62,101.79,97.02,97.47,7376,14,0
2026-04-01 10:00:00,97.47,99.79,97.12,99.68,5998,14,0
2026-04-01 11:00:00,99.65,101.05,99.46,100.91,5343,8,0
2026-04-01 12:00:00,100.91,102.37,100.68,102.11,4582,8,0
2026-04-01 13:00:00,102.09,102.47,101.06,101.32,4463,8,0
2026-04-01 14:00:00,101.3,101.48,99.54,100.07,4941,8,0
2026-04-01 15:00:00,100.07,101.06,99.07,100.89,6525,13,0
2026-04-01 16:00:00,100.89,101.15,98.89,99.47,8364,14,0
2026-04-01 17:00:00,99.46,100.3,99.28,99.71,7416,14,0
2026-04-01 18:00:00,99.7,100.58,99.69,100.29,5030,14,0
2026-04-01 19:00:00,100.28,100.76,99.91,99.96,2866,14,0
2026-04-01 20:00:00,99.96,99.96,98.39,98.97,3129,15,0
2026-04-01 21:00:00,98.98,100.07,98.72,99.61,4073,15,0
2026-04-01 22:00:00,99.62,99.72,98.72,99.38,2072,13,0
2026-04-01 23:00:00,99.39,99.76,98.64,98.7,1892,18,0
2026-04-02 03:00:00,98.38,98.43,97.32,97.66,2603,12,0
2026-04-02 04:00:00,97.67,104.18,97.37,103.82,10393,12,0
2026-04-02 05:00:00,103.81,104.35,103.42,103.79,3866,17,0
2026-04-02 06:00:00,103.76,104.72,103.52,104.58,2646,17,0
2026-04-02 07:00:00,104.58,106.0,104.53,105.08,4174,17,0
2026-04-02 08:00:00,105.06,105.84,104.55,105.83,2894,17,0
2026-04-02 09:00:00,105.83,106.19,105.19,105.56,3792,14,0
2026-04-02 10:00:00,105.54,105.85,105.16,105.56,2708,14,0
2026-04-02 11:00:00,105.55,106.59,105.41,106.58,2750,14,0
2026-04-02 12:00:00,106.57,106.73,105.96,106.06,2289,14,0
2026-04-02 13:00:00,106.04,107.0,105.72,106.89,3090,14,0
2026-04-02 14:00:00,106.88,107.36,106.54,106.78,3758,14,0
2026-04-02 15:00:00,106.77,107.1,106.23,106.55,6884,8,0
2026-04-02 16:00:00,106.56,107.41,105.93,105.99,10310,8,0
2026-04-02 17:00:00,105.99,106.34,103.02,104.09,12888,8,0
2026-04-02 18:00:00,104.09,105.89,103.75,105.33,9730,8,0
2026-04-02 19:00:00,105.31,105.74,104.85,105.42,5747,8,0
2026-04-02 20:00:00,105.43,106.57,105.09,106.32,5075,8,0
2026-04-02 21:00:00,106.29,106.88,105.89,106.03,5729,8,0
2026-04-02 22:00:00,106.02,106.53,105.72,106.1,3292,8,0
2026-04-02 23:00:00,106.1,106.68,106.05,106.54,2972,9,0
2026-04-06 03:00:00,108.43,108.43,107.33,107.36,857,42,0
2026-04-06 04:00:00,107.35,107.69,107.04,107.42,771,42,0
2026-04-06 05:00:00,107.41,107.45,105.94,106.86,1500,42,0
2026-04-06 06:00:00,106.85,107.24,106.48,106.69,1043,42,0
2026-04-06 07:00:00,106.67,106.72,106.26,106.57,760,42,0
2026-04-06 08:00:00,106.55,106.97,106.44,106.74,769,42,0
2026-04-06 09:00:00,106.77,107.32,106.31,106.37,1707,31,0
2026-04-06 10:00:00,106.36,106.72,104.49,105.16,2645,31,0
2026-04-06 11:00:00,105.15,106.04,104.74,105.0,3221,31,0
2026-04-06 12:00:00,104.99,105.95,104.01,105.76,2699,31,0
2026-04-06 13:00:00,105.75,105.97,104.91,105.13,1886,31,0
2026-04-06 14:00:00,105.11,106.09,104.95,105.96,2006,7,0
2026-04-06 15:00:00,105.95,106.38,105.53,105.61,3155,10,0
2026-04-06 16:00:00,105.61,106.56,105.41,106.43,5252,10,0
2026-04-06 17:00:00,106.43,106.93,105.15,106.07,6535,10,0
2026-04-06 18:00:00,106.08,107.2,105.84,106.72,4417,10,0
2026-04-06 19:00:00,106.72,106.86,105.91,106.78,3267,10,0
2026-04-06 20:00:00,106.78,108.19,106.73,108.12,4691,11,0
2026-04-06 21:00:00,108.11,108.23,106.59,106.95,6334,11,0
2026-04-06 22:00:00,106.94,107.27,106.05,106.64,2823,11,0
2026-04-06 23:00:00,106.65,106.91,106.37,106.6,2462,13,0
2026-04-07 03:00:00,106.77,107.24,106.33,106.91,2318,12,0
2026-04-07 04:00:00,106.91,107.93,105.85,107.84,1890,12,0
2026-04-07 05:00:00,107.84,107.94,107.55,107.65,747,17,0
2026-04-07 06:00:00,107.65,108.26,107.52,108.11,1065,12,0
2026-04-07 07:00:00,108.11,108.39,107.63,107.77,1796,12,0
2026-04-07 08:00:00,107.76,108.25,107.56,107.75,2539,12,0
2026-04-07 09:00:00,107.76,108.32,107.59,107.93,3241,10,0
2026-04-07 10:00:00,107.93,108.44,107.68,108.38,2613,8,0
2026-04-07 11:00:00,108.39,108.4,106.1,106.28,8327,8,0
2026-04-07 12:00:00,106.28,106.43,104.31,105.89,5823,8,0
2026-04-07 13:00:00,105.88,107.81,105.34,107.19,8265,8,0
2026-04-07 14:00:00,107.19,107.62,106.76,107.48,4323,8,0
2026-04-07 15:00:00,107.48,108.05,106.49,107.22,5658,14,0
2026-04-07 16:00:00,107.22,107.52,106.21,107.24,6110,14,0
2026-04-07 17:00:00,107.23,107.63,106.42,107.62,6282,14,0
2026-04-07 18:00:00,107.62,108.11,105.86,106.25,7421,14,0
2026-04-07 19:00:00,106.24,106.8,105.27,106.69,6223,14,0
2026-04-07 20:00:00,106.68,107.77,106.1,106.94,5574,15,0
2026-04-07 21:00:00,106.93,106.95,105.81,106.74,4980,15,0
2026-04-07 22:00:00,106.74,106.8,101.89,104.12,9761,11,0
2026-04-07 23:00:00,104.13,104.63,102.01,102.43,10836,18,0
2026-04-08 03:00:00,92.87,93.85,92.02,92.43,3200,17,0
2026-04-08 04:00:00,92.43,93.22,91.85,92.55,6401,17,0
2026-04-08 05:00:00,92.56,93.91,92.47,93.13,4328,17,0
2026-04-08 06:00:00,93.12,93.12,92.37,92.42,2643,18,0
2026-04-08 07:00:00,92.42,93.4,91.99,92.74,2907,17,0
2026-04-08 08:00:00,92.73,92.95,91.62,91.79,4138,17,0
2026-04-08 09:00:00,91.79,92.01,90.56,91.84,4692,14,0
2026-04-08 10:00:00,91.83,93.11,91.83,92.68,5191,10,0
2026-04-08 11:00:00,92.7,94.01,92.19,92.39,7074,10,0
2026-04-08 12:00:00,92.38,92.89,91.45,92.46,5121,10,0
2026-04-08 13:00:00,92.46,93.19,91.75,92.24,4515,10,0
2026-04-08 14:00:00,92.24,92.35,90.53,90.58,6081,10,0
2026-04-08 15:00:00,90.57,91.95,89.39,89.52,11182,10,0
2026-04-08 16:00:00,89.53,91.15,88.78,90.52,10306,10,0
2026-04-08 17:00:00,90.52,93.26,90.35,92.71,10789,8,0
2026-04-08 18:00:00,92.7,93.8,92.52,92.8,6886,14,0
2026-04-08 19:00:00,92.82,93.43,92.25,92.65,5367,14,0
2026-04-08 20:00:00,92.65,93.84,92.24,93.22,5559,15,0
2026-04-08 21:00:00,93.21,94.07,92.34,93.74,6432,15,0
2026-04-08 22:00:00,93.75,95.19,93.75,94.25,4045,15,0
2026-04-08 23:00:00,94.26,94.53,93.74,94.13,2747,18,0
2026-04-09 03:00:00,94.97,95.65,94.17,95.56,3410,17,0
2026-04-09 04:00:00,95.55,95.55,94.51,94.55,3257,17,0
2026-04-09 05:00:00,94.54,94.6,94.16,94.51,2000,17,0
2026-04-09 06:00:00,94.52,94.57,94.14,94.33,1295,17,0
2026-04-09 07:00:00,94.33,94.98,94.27,94.98,994,17,0
2026-04-09 08:00:00,94.97,95.16,94.4,94.52,2518,17,0
2026-04-09 09:00:00,94.52,94.93,94.17,94.57,2546,14,0
2026-04-09 10:00:00,94.57,96.0,94.45,95.87,2756,14,0
2026-04-09 11:00:00,95.87,95.97,95.23,95.78,3937,8,0
2026-04-09 12:00:00,95.78,95.82,95.01,95.41,2761,8,0
2026-04-09 13:00:00,95.4,96.14,95.25,96.1,3559,8,0
2026-04-09 14:00:00,96.1,96.23,94.92,95.25,3965,8,0
2026-04-09 15:00:00,95.25,96.13,95.05,95.72,3908,14,0
2026-04-09 16:00:00,95.72,96.0,95.26,95.91,5070,14,0
2026-04-09 17:00:00,95.91,96.55,95.56,96.43,4856,14,0
2026-04-09 18:00:00,96.42,96.77,93.73,94.11,10931,14,0
2026-04-09 19:00:00,94.11,94.16,92.75,93.4,8073,14,0
2026-04-09 20:00:00,93.4,93.52,92.2,92.77,5907,15,0
2026-04-09 21:00:00,92.76,94.52,92.71,94.01,6602,14,0
2026-04-09 22:00:00,94.0,94.71,93.68,94.61,2730,14,0
2026-04-09 23:00:00,94.61,94.64,93.74,93.8,3386,18,0
2026-04-10 03:00:00,93.89,94.23,93.73,94.06,1654,17,0
2026-04-10 04:00:00,94.06,94.23,93.23,93.57,2316,17,0
2026-04-10 05:00:00,93.57,93.81,93.35,93.55,1181,17,0
2026-04-10 06:00:00,93.55,93.79,93.15,93.23,1361,17,0
2026-04-10 07:00:00,93.24,93.77,93.2,93.72,1085,17,0
2026-04-10 08:00:00,93.72,94.0,93.61,93.9,1177,17,0
2026-04-10 09:00:00,93.9,94.2,93.49,94.07,1719,14,0
2026-04-10 10:00:00,94.08,95.05,94.0,94.77,2499,14,0
2026-04-10 11:00:00,94.76,95.4,94.49,95.21,3396,8,0
2026-04-10 12:00:00,95.21,95.22,93.51,93.86,4523,8,0
2026-04-10 13:00:00,93.86,94.27,92.98,93.38,3381,8,0
2026-04-10 14:00:00,93.36,93.87,93.17,93.38,2670,8,0
2026-04-10 15:00:00,93.38,93.53,92.49,93.29,4187,8,0
2026-04-10 16:00:00,93.29,93.61,92.58,93.41,4991,10,0
2026-04-10 17:00:00,93.42,93.63,92.61,93.28,5730,10,0
2026-04-10 18:00:00,93.28,94.66,93.2,94.54,6306,10,0
2026-04-10 19:00:00,94.54,94.84,94.08,94.2,3556,10,0
2026-04-10 20:00:00,94.2,94.48,93.73,93.94,3083,11,0
2026-04-10 21:00:00,93.94,94.16,91.86,92.17,5335,11,0
2026-04-10 22:00:00,92.17,92.34,91.9,92.26,2501,11,0
2026-04-10 23:00:00,92.26,92.3,91.88,91.89,1544,13,0
2026-04-13 03:00:00,99.37,99.73,98.66,98.69,2048,15,0
2026-04-13 04:00:00,98.69,98.69,97.68,97.99,2694,14,0
2026-04-13 05:00:00,97.99,98.69,97.97,98.46,1301,14,0
2026-04-13 06:00:00,98.46,98.71,98.41,98.52,853,16,0
2026-04-13 07:00:00,98.53,98.65,98.41,98.54,855,16,0
2026-04-13 08:00:00,98.54,98.69,98.22,98.37,1136,15,0
2026-04-13 09:00:00,98.38,98.51,97.79,97.92,1722,13,0
2026-04-13 10:00:00,97.91,98.58,97.68,98.5,2182,6,0
2026-04-13 11:00:00,98.52,99.75,98.29,99.2,3879,5,0
2026-04-13 12:00:00,99.2,99.36,98.81,99.02,2447,5,0
2026-04-13 13:00:00,99.01,99.04,98.46,98.56,2045,6,0
2026-04-13 14:00:00,98.57,98.88,98.36,98.78,2450,5,0
2026-04-13 15:00:00,98.79,99.12,98.07,98.5,2710,10,0
2026-04-13 16:00:00,98.51,98.54,95.5,96.8,6494,10,0
2026-04-13 17:00:00,96.82,97.44,96.21,97.08,6233,10,0
2026-04-13 18:00:00,97.07,98.78,97.07,98.62,5179,12,0
2026-04-13 19:00:00,98.6,98.76,96.32,96.74,8919,10,0
2026-04-13 20:00:00,96.74,96.98,96.04,96.25,4247,8,0
2026-04-13 21:00:00,96.24,96.66,94.64,94.69,4791,12,0
2026-04-13 22:00:00,94.68,95.49,94.61,95.14,2606,11,0
2026-04-13 23:00:00,95.14,95.32,94.73,94.82,1539,16,0
2026-04-14 03:00:00,94.12,94.42,93.33,93.5,2194,10,0
2026-04-14 04:00:00,93.51,94.84,93.51,94.76,2178,10,0
2026-04-14 05:00:00,94.76,95.02,94.51,94.93,1214,10,0
2026-04-14 06:00:00,94.94,95.3,94.6,94.82,1261,10,0
2026-04-14 07:00:00,94.82,94.85,94.46,94.59,879,10,0
2026-04-14 08:00:00,94.6,95.28,94.55,95.21,1467,9,0
2026-04-14 09:00:00,95.21,95.96,94.92,95.74,2365,9,0
2026-04-14 10:00:00,95.74,95.78,94.33,95.32,4827,6,0
2026-04-14 11:00:00,95.32,95.66,95.02,95.03,3950,10,0
2026-04-14 12:00:00,95.03,95.91,94.81,95.59,2222,10,0
2026-04-14 13:00:00,95.58,95.97,95.27,95.78,2081,12,0
2026-04-14 14:00:00,95.77,96.06,94.87,95.55,2743,10,0
2026-04-14 15:00:00,95.55,95.55,94.33,94.62,4325,11,0
2026-04-14 16:00:00,94.62,94.89,93.82,93.88,5121,11,0
2026-04-14 17:00:00,93.88,93.88,92.03,92.97,7119,10,0
2026-04-14 18:00:00,92.97,93.89,92.46,92.75,5879,10,0
2026-04-14 19:00:00,92.77,92.95,92.05,92.6,3228,11,0
2026-04-14 20:00:00,92.6,92.85,92.14,92.5,2581,12,0
2026-04-14 21:00:00,92.5,92.61,91.9,92.5,3062,13,0
2026-04-14 22:00:00,92.49,92.65,92.25,92.55,1078,13,0
2026-04-14 23:00:00,92.54,92.66,92.1,92.37,1248,16,0
2026-04-15 03:00:00,91.44,92.04,91.42,91.53,1985,10,0
2026-04-15 04:00:00,91.54,91.89,91.21,91.69,2771,10,0
2026-04-15 05:00:00,91.71,92.41,91.6,92.37,1499,9,0
2026-04-15 06:00:00,92.37,92.58,92.12,92.15,1256,10,0
2026-04-15 07:00:00,92.15,92.86,92.11,92.79,842,11,0
2026-04-15 08:00:00,92.78,92.83,92.43,92.48,1317,10,0
2026-04-15 09:00:00,92.49,92.52,91.47,91.98,2364,9,0
2026-04-15 10:00:00,91.98,92.7,91.98,92.18,2646,7,0
2026-04-15 11:00:00,92.2,93.19,92.0,92.85,3183,11,0
2026-04-15 12:00:00,92.83,93.64,92.79,93.39,3170,11,0
2026-04-15 13:00:00,93.39,94.13,92.96,93.38,3880,11,0
2026-04-15 14:00:00,93.38,93.61,92.29,92.69,3515,11,0
2026-04-15 15:00:00,92.7,93.15,92.48,92.59,3452,11,0
2026-04-15 16:00:00,92.59,92.78,91.66,91.98,5228,10,0
2026-04-15 17:00:00,91.98,92.84,91.51,92.72,5403,11,0
2026-04-15 18:00:00,92.72,93.32,92.57,93.1,5041,11,0
2026-04-15 19:00:00,93.1,93.22,92.61,92.95,2752,12,0
2026-04-15 20:00:00,92.95,93.05,92.44,92.84,2345,11,0
2026-04-15 21:00:00,92.84,92.98,92.04,92.15,3945,13,0
2026-04-15 22:00:00,92.15,92.27,91.94,92.1,1127,13,0
2026-04-15 23:00:00,92.1,92.29,92.04,92.04,448,16,0
2026-04-16 03:00:00,91.6,91.86,91.54,91.79,1038,10,0
2026-04-16 04:00:00,91.79,92.15,91.63,92.1,1359,10,0
2026-04-16 05:00:00,92.1,92.35,92.0,92.1,890,11,0
2026-04-16 06:00:00,92.1,92.12,91.87,92.03,729,10,0
2026-04-16 07:00:00,92.03,92.21,92.0,92.07,502,10,0
2026-04-16 08:00:00,92.07,92.14,91.78,91.88,990,10,0
2026-04-16 09:00:00,91.88,92.22,91.72,92.18,1269,9,0
2026-04-16 10:00:00,92.18,93.27,92.14,93.26,2111,7,0
2026-04-16 11:00:00,93.27,93.72,93.18,93.27,2265,11,0
2026-04-16 12:00:00,93.28,93.44,92.99,93.3,1262,11,0
2026-04-16 13:00:00,93.3,93.34,92.74,92.75,1157,12,0
2026-04-16 14:00:00,92.75,92.85,92.39,92.7,1763,11,0
2026-04-16 15:00:00,92.69,93.26,92.42,93.25,1901,11,0
2026-04-16 16:00:00,93.24,94.48,92.94,94.19,3189,11,0
2026-04-16 17:00:00,94.19,94.85,93.98,94.55,3290,12,0
2026-04-16 18:00:00,94.54,95.16,94.09,94.67,4518,12,0
2026-04-16 19:00:00,94.65,95.68,94.65,95.56,3463,12,0
2026-04-16 20:00:00,95.56,95.75,95.34,95.59,2038,13,0
2026-04-16 21:00:00,95.59,95.6,94.75,94.77,2941,13,0
2026-04-16 22:00:00,94.77,94.97,94.32,94.49,1413,13,0
2026-04-16 23:00:00,94.49,94.5,94.02,94.04,686,17,0
2026-04-17 03:00:00,94.27,94.38,93.93,94.3,855,15,0
2026-04-17 04:00:00,94.29,94.54,94.1,94.21,1003,15,0
2026-04-17 05:00:00,94.22,94.37,93.97,94.08,549,16,0
2026-04-17 06:00:00,94.09,94.23,93.95,94.05,403,15,0
2026-04-17 07:00:00,94.05,94.07,93.85,93.89,347,16,0
2026-04-17 08:00:00,93.89,93.99,93.75,93.87,757,16,0
2026-04-17 09:00:00,93.88,94.66,93.85,94.5,1252,13,0
2026-04-17 10:00:00,94.5,94.63,94.08,94.21,1759,8,0
2026-04-17 11:00:00,94.23,94.41,93.12,93.39,2993,11,0
2026-04-17 12:00:00,93.38,93.58,92.04,92.22,3180,11,0
2026-04-17 13:00:00,92.22,92.54,91.72,92.3,2473,10,0
2026-04-17 14:00:00,92.3,92.4,91.94,92.16,1685,12,0
2026-04-17 15:00:00,92.15,92.35,86.65,87.22,10160,10,0
2026-04-17 16:00:00,87.22,87.99,85.15,86.13,16000,10,0
2026-04-17 17:00:00,86.13,86.33,84.18,84.97,8686,11,0
2026-04-17 18:00:00,84.97,87.2,84.8,86.43,7965,10,0
2026-04-17 19:00:00,86.44,86.86,86.02,86.48,3572,11,0
2026-04-17 20:00:00,86.48,87.96,86.41,87.1,4821,11,0
2026-04-17 21:00:00,87.1,88.29,86.62,88.07,4004,11,0
2026-04-17 22:00:00,88.06,88.11,87.36,87.78,1656,13,0
2026-04-17 23:00:00,87.78,88.49,87.63,88.13,1757,15,0
2026-04-20 03:00:00,92.51,92.76,91.74,91.76,2017,15,0
2026-04-20 04:00:00,91.76,91.76,90.59,90.67,3367,15,0
2026-04-20 05:00:00,90.67,91.24,90.63,91.06,1864,15,0
2026-04-20 06:00:00,91.07,91.33,91.04,91.25,870,15,0
2026-04-20 07:00:00,91.25,91.59,91.14,91.25,674,14,0
2026-04-20 08:00:00,91.25,91.52,91.05,91.13,1149,15,0
2026-04-20 09:00:00,91.15,91.83,90.94,91.33,2011,13,0
2026-04-20 10:00:00,91.33,92.28,90.6,91.75,3798,10,0
2026-04-20 11:00:00,91.76,92.3,91.46,91.56,3914,8,0
2026-04-20 12:00:00,91.57,91.79,90.96,91.41,2838,11,0
2026-04-20 13:00:00,91.42,91.43,90.57,91.25,2482,11,0
2026-04-20 14:00:00,91.26,91.62,90.93,91.02,2846,11,0
2026-04-20 15:00:00,91.03,91.53,90.87,91.23,3348,10,0
2026-04-20 16:00:00,91.22,91.49,89.43,90.25,7032,11,0
2026-04-20 17:00:00,90.25,92.33,90.25,91.59,5681,11,0
2026-04-20 18:00:00,91.59,91.97,91.13,91.76,5541,11,0
2026-04-20 19:00:00,91.76,91.95,91.34,91.54,2523,12,0
2026-04-20 20:00:00,91.54,92.02,91.36,91.64,2453,12,0
2026-04-20 21:00:00,91.62,91.93,91.24,91.61,2460,11,0
2026-04-20 22:00:00,91.62,91.64,91.11,91.17,957,13,0
2026-04-20 23:00:00,91.17,91.27,90.1,90.27,1230,15,0
2026-04-21 03:00:00,90.37,90.68,90.2,90.64,1147,15,0
2026-04-21 04:00:00,90.63,91.03,90.63,90.99,1204,15,0
2026-04-21 05:00:00,90.98,91.06,90.76,90.91,535,16,0
2026-04-21 06:00:00,90.9,91.12,90.82,90.92,453,16,0
2026-04-21 07:00:00,90.91,90.92,90.55,90.56,349,15,0
2026-04-21 08:00:00,90.55,90.55,89.93,90.4,1081,15,0
2026-04-21 09:00:00,90.39,90.98,90.38,90.88,1174,13,0
2026-04-21 10:00:00,90.87,91.56,90.15,90.85,2467,7,0
2026-04-21 11:00:00,90.85,91.25,90.5,91.17,2805,10,0
2026-04-21 12:00:00,91.17,91.65,90.97,91.08,1958,12,0
2026-04-21 13:00:00,91.07,91.17,90.58,90.85,1751,10,0
2026-04-21 14:00:00,90.85,91.6,90.81,91.51,2563,11,0
2026-04-21 15:00:00,91.51,91.87,91.04,91.59,3179,11,0
2026-04-21 16:00:00,91.59,91.64,90.99,91.3,3673,11,0
2026-04-21 17:00:00,91.29,92.9,91.29,92.84,3783,11,0
2026-04-21 18:00:00,92.84,94.24,92.63,93.92,4747,11,0
2026-04-21 19:00:00,93.93,94.67,93.6,94.66,3115,11,0
2026-04-21 20:00:00,94.66,95.63,93.24,93.89,6911,11,0
2026-04-21 21:00:00,93.89,94.42,92.63,93.38,5628,11,0
2026-04-21 22:00:00,93.37,96.5,92.59,95.96,8667,5,0
2026-04-21 23:00:00,95.96,96.14,92.55,94.64,7495,15,0
2026-04-22 03:00:00,94.57,94.61,93.19,93.98,2281,14,0
2026-04-22 04:00:00,93.97,93.97,93.22,93.57,2078,14,0
2026-04-22 05:00:00,93.58,93.67,93.38,93.54,1025,15,0
2026-04-22 06:00:00,93.55,93.89,93.35,93.46,889,15,0
2026-04-22 07:00:00,93.48,93.82,93.41,93.79,695,15,0
2026-04-22 08:00:00,93.79,93.81,92.07,93.19,2873,13,0
2026-04-22 09:00:00,93.21,93.37,93.0,93.11,1593,12,0
2026-04-22 10:00:00,93.1,93.86,92.92,93.84,2273,8,0
2026-04-22 11:00:00,93.85,95.62,93.71,95.05,3919,11,0
2026-04-22 12:00:00,95.06,95.47,94.5,95.19,2954,11,0
2026-04-22 13:00:00,95.19,95.29,94.29,94.53,2384,11,0
2026-04-22 14:00:00,94.53,95.13,94.43,94.86,2397,11,0
2026-04-22 15:00:00,94.86,95.83,94.43,95.65,3677,12,0
2026-04-22 16:00:00,95.64,96.09,94.55,95.9,6439,10,0
2026-04-22 17:00:00,95.9,96.82,95.4,96.66,4937,11,0
2026-04-22 18:00:00,96.66,97.17,95.84,97.04,5400,11,0
2026-04-22 19:00:00,97.02,97.44,96.81,97.35,2654,11,0
2026-04-22 20:00:00,97.35,97.41,96.46,96.79,3671,11,0
2026-04-22 21:00:00,96.79,97.24,96.78,97.1,1823,13,0
2026-04-22 22:00:00,97.11,97.2,96.4,96.58,1438,13,0
2026-04-22 23:00:00,96.58,96.93,96.51,96.68,855,7,0
2026-04-23 03:00:00,96.37,100.16,96.33,96.61,6113,13,0
2026-04-23 04:00:00,96.59,97.13,96.5,96.9,2460,14,0
2026-04-23 05:00:00,96.91,98.52,96.89,98.42,2475,14,0
2026-04-23 06:00:00,98.42,98.61,97.85,97.98,2440,14,0
2026-04-23 07:00:00,97.99,98.05,97.45,97.48,1077,14,0
2026-04-23 08:00:00,97.49,97.84,97.38,97.39,1646,15,0
2026-04-23 09:00:00,97.38,98.1,97.19,97.94,1815,12,0
2026-04-23 10:00:00,97.93,98.26,97.11,97.58,3203,10,0
2026-04-23 11:00:00,97.6,98.8,97.57,98.72,3720,7,0
2026-04-23 12:00:00,98.7,99.42,98.14,98.74,2844,11,0
2026-04-23 13:00:00,98.75,98.83,97.64,97.77,1909,11,0
2026-04-23 14:00:00,97.78,97.99,97.15,97.32,3276,10,0
2026-04-23 15:00:00,97.33,97.95,96.38,97.33,5551,10,0
2026-04-23 16:00:00,97.33,98.32,97.14,98.05,4550,11,0
2026-04-23 17:00:00,98.04,98.53,97.58,97.59,5270,11,0
2026-04-23 18:00:00,97.59,98.93,97.51,98.58,4546,10,0
2026-04-23 19:00:00,98.57,98.74,98.0,98.44,2777,12,0
2026-04-23 20:00:00,98.44,101.9,98.44,99.68,10871,11,0
2026-04-23 21:00:00,99.68,100.55,98.92,100.41,7044,11,0
2026-04-23 22:00:00,100.42,100.68,99.99,100.43,2947,11,0
2026-04-23 23:00:00,100.43,101.32,100.41,100.79,1892,15,0
2026-04-24 03:00:00,100.51,101.03,100.07,100.7,1407,14,0
2026-04-24 04:00:00,100.69,100.98,100.13,100.46,1940,14,0
2026-04-24 05:00:00,100.45,100.52,99.95,99.99,1212,14,0
2026-04-24 06:00:00,99.99,100.14,99.4,100.02,902,14,0
2026-04-24 07:00:00,100.01,100.03,99.4,99.45,727,15,0
2026-04-24 08:00:00,99.44,99.63,99.05,99.42,1345,14,0
2026-04-24 09:00:00,99.43,100.15,99.1,100.08,1765,12,0
2026-04-24 10:00:00,100.1,100.7,99.91,100.56,2154,11,0
2026-04-24 11:00:00,100.59,101.55,100.59,100.76,3960,11,0
2026-04-24 12:00:00,100.77,101.43,100.48,101.34,2343,11,0
2026-04-24 13:00:00,101.34,101.39,100.5,100.53,2069,10,0
2026-04-24 14:00:00,100.54,100.54,97.79,98.61,8347,10,0
2026-04-24 15:00:00,98.61,100.32,98.43,99.74,5103,10,0
2026-04-24 16:00:00,99.74,99.75,98.66,99.49,5874,5,0
2026-04-24 17:00:00,99.51,99.85,98.86,99.35,5901,10,0
2026-04-24 18:00:00,99.35,100.28,97.89,98.72,7200,10,0
2026-04-24 19:00:00,98.72,99.42,98.42,98.89,4657,11,0
2026-04-24 20:00:00,98.91,99.11,97.85,98.69,3909,11,0
2026-04-24 21:00:00,98.7,99.54,98.65,99.24,3223,12,0
2026-04-24 22:00:00,99.24,100.28,99.21,99.99,2177,11,0
2026-04-24 23:00:00,100.0,100.77,100.0,100.06,1387,15,0
2026-04-27 03:00:00,101.17,101.54,100.96,101.09,1104,15,0
2026-04-27 04:00:00,101.09,101.09,100.38,100.83,1917,14,0
2026-04-27 05:00:00,100.82,100.82,100.1,100.11,859,15,0
2026-04-27 06:00:00,100.11,100.29,99.88,100.26,811,15,0
2026-04-27 07:00:00,100.28,100.66,100.21,100.6,516,15,0
2026-04-27 08:00:00,100.6,101.18,100.57,101.01,1186,15,0
2026-04-27 09:00:00,101.02,101.38,100.93,101.03,1381,6,0
2026-04-27 10:00:00,101.03,101.87,100.99,101.82,2169,5,0
2026-04-27 11:00:00,101.84,102.12,101.43,101.49,3061,11,0
2026-04-27 12:00:00,101.49,101.76,101.27,101.47,1544,11,0
2026-04-27 13:00:00,101.48,101.51,100.16,100.47,2141,11,0
2026-04-27 14:00:00,100.48,100.5,99.51,100.11,2494,10,0
2026-04-27 15:00:00,100.11,101.24,99.92,101.05,3242,10,0
2026-04-27 16:00:00,101.05,101.42,100.58,101.05,4417,10,0
2026-04-27 17:00:00,101.05,101.74,100.82,101.68,5290,10,0
2026-04-27 18:00:00,101.68,102.35,101.25,101.26,4420,11,0
2026-04-27 19:00:00,101.27,101.72,101.19,101.67,2324,11,0
2026-04-27 20:00:00,101.67,102.55,101.26,101.84,3097,12,0
2026-04-27 21:00:00,101.84,102.45,101.43,101.6,3069,11,0
2026-04-27 22:00:00,101.6,101.87,101.19,101.53,1558,11,0
2026-04-27 23:00:00,101.52,101.88,101.4,101.68,841,16,0
2026-04-28 03:00:00,101.51,102.12,101.36,102.03,958,14,0
2026-04-28 04:00:00,102.04,102.28,101.73,102.23,1028,14,0
2026-04-28 05:00:00,102.24,102.43,102.12,102.21,692,15,0
2026-04-28 06:00:00,102.22,102.42,102.0,102.42,486,14,0
2026-04-28 07:00:00,102.45,102.59,102.24,102.37,454,15,0
2026-04-28 08:00:00,102.37,103.9,102.32,103.21,1864,14,0
2026-04-28 09:00:00,103.21,103.46,102.69,103.39,1784,11,0
2026-04-28 10:00:00,103.39,104.53,103.27,104.19,3444,10,0
2026-04-28 11:00:00,104.22,104.36,103.2,103.83,4073,5,0
2026-04-28 12:00:00,103.83,104.39,103.83,104.28,2468,5,0
2026-04-28 13:00:00,104.29,104.47,103.82,104.06,2087,5,0
2026-04-28 14:00:00,104.06,105.52,103.98,105.21,3627,5,0
2026-04-28 15:00:00,105.22,105.27,102.75,103.69,6903,5,0
2026-04-28 16:00:00,103.7,104.64,103.03,103.73,7221,11,0
2026-04-28 17:00:00,103.73,104.58,103.35,103.37,6763,10,0
2026-04-28 18:00:00,103.37,104.19,103.13,103.8,6299,5,0
2026-04-28 19:00:00,103.81,104.18,103.1,103.19,3435,10,0
2026-04-28 20:00:00,103.19,104.0,103.09,103.9,2447,12,0
2026-04-28 21:00:00,103.88,104.35,103.56,104.05,2549,11,0
2026-04-28 22:00:00,104.05,104.11,103.94,104.04,801,13,0
2026-04-28 23:00:00,104.04,104.06,103.58,103.81,891,16,0
2026-04-29 03:00:00,103.32,103.42,103.06,103.3,974,15,0
2026-04-29 04:00:00,103.28,104.52,103.25,104.22,1902,14,0
2026-04-29 05:00:00,104.22,104.22,102.71,103.49,1758,14,0
2026-04-29 06:00:00,103.5,103.59,103.06,103.46,912,14,0
2026-04-29 07:00:00,103.45,103.78,103.41,103.74,492,15,0
2026-04-29 08:00:00,103.74,104.11,103.74,104.1,843,14,0
2026-04-29 09:00:00,104.08,104.88,103.85,104.76,1411,13,0
2026-04-29 10:00:00,104.74,105.8,104.51,105.43,2729,8,0
2026-04-29 11:00:00,105.46,107.33,105.38,106.93,4709,10,0
2026-04-29 12:00:00,106.93,107.18,106.38,106.91,2797,6,0
2026-04-29 13:00:00,106.91,107.05,106.53,106.57,2026,5,0
2026-04-29 14:00:00,106.58,107.05,106.51,107.05,2655,5,0
2026-04-29 15:00:00,107.06,107.93,106.68,107.67,3244,11,0
2026-04-29 16:00:00,107.67,109.28,107.36,108.98,5710,10,0
2026-04-29 17:00:00,108.98,109.23,108.43,108.98,4418,11,0
2026-04-29 18:00:00,108.99,110.52,108.65,110.33,5327,10,0
2026-04-29 19:00:00,110.32,110.51,109.51,110.18,4077,10,0
2026-04-29 20:00:00,110.18,110.73,109.32,109.65,5052,11,0
2026-04-29 21:00:00,109.66,110.2,109.51,109.72,4560,11,0
2026-04-29 22:00:00,109.72,111.07,109.66,110.73,2626,12,0
2026-04-29 23:00:00,110.74,111.18,110.46,110.99,1604,15,0
2026-04-30 03:00:00,110.21,110.41,109.17,110.19,2353,14,0
2026-04-30 04:00:00,110.17,110.39,109.59,109.63,2447,14,0
2026-04-30 05:00:00,109.64,111.51,109.58,110.88,3189,14,0
2026-04-30 06:00:00,110.89,112.09,110.66,111.77,2781,14,0
2026-04-30 07:00:00,111.75,113.46,111.72,112.51,3853,14,0
2026-04-30 08:00:00,112.52,112.7,111.89,112.38,2580,14,0
2026-04-30 09:00:00,112.38,113.05,111.24,111.28,4343,11,0
2026-04-30 10:00:00,111.29,111.43,110.32,110.78,4521,8,0
2026-04-30 11:00:00,110.78,111.07,110.24,110.77,4461,10,0
2026-04-30 12:00:00,110.76,111.35,108.64,109.36,6635,10,0
2026-04-30 13:00:00,109.37,109.91,108.62,109.15,4735,10,0
2026-04-30 14:00:00,109.16,109.16,106.1,107.82,7578,10,0
2026-04-30 15:00:00,107.84,108.88,107.65,108.28,4973,10,0
2026-04-30 16:00:00,108.26,108.85,107.07,108.65,7376,10,0
2026-04-30 17:00:00,108.65,109.87,108.41,109.55,8286,11,0
2026-04-30 18:00:00,109.56,110.0,108.11,108.54,9639,10,0
2026-04-30 19:00:00,108.54,109.22,108.5,108.95,3933,11,0
2026-04-30 20:00:00,108.95,108.95,107.57,107.92,5748,11,0
2026-04-30 21:00:00,107.94,109.99,107.77,109.85,4527,11,0
2026-04-30 22:00:00,109.86,109.92,109.3,109.92,2242,11,0
2026-04-30 23:00:00,109.91,110.71,109.77,109.95,1845,15,0
2026-05-01 03:00:00,109.8,110.44,109.69,110.29,1068,14,0
2026-05-01 04:00:00,110.28,110.62,109.87,110.04,889,13,0
2026-05-01 05:00:00,110.03,110.82,109.84,109.96,1030,15,0
2026-05-01 06:00:00,109.97,110.21,109.88,110.06,731,14,0
2026-05-01 07:00:00,110.06,110.11,109.48,109.51,950,14,0
2026-05-01 08:00:00,109.52,109.81,109.45,109.54,1041,15,0
2026-05-01 09:00:00,109.55,111.0,109.54,110.49,2115,11,0
2026-05-01 10:00:00,110.5,110.69,109.04,110.07,4481,7,0
2026-05-01 11:00:00,110.06,110.37,109.34,110.19,4153,10,0
2026-05-01 12:00:00,110.2,110.88,109.74,109.93,2758,10,0
2026-05-01 13:00:00,109.96,110.29,109.71,109.83,1576,10,0
2026-05-01 14:00:00,109.83,110.02,109.38,109.51,2793,11,0
2026-05-01 15:00:00,109.52,109.83,108.37,109.35,5242,10,0
2026-05-01 16:00:00,109.36,109.42,106.43,106.76,6660,10,0
2026-05-01 17:00:00,106.76,107.27,105.01,107.09,7969,10,0
2026-05-01 18:00:00,107.09,107.75,106.19,106.42,6623,10,0
2026-05-01 19:00:00,106.42,107.36,105.91,107.01,5905,10,0
2026-05-01 20:00:00,107.02,107.05,106.13,106.37,3554,12,0
2026-05-01 21:00:00,106.38,107.46,106.2,107.24,4050,11,0
2026-05-01 22:00:00,107.24,107.38,106.9,107.29,1734,12,0
2026-05-01 23:00:00,107.29,107.85,107.19,107.51,1378,15,0
2026-05-04 03:00:00,106.66,107.27,106.01,106.05,1728,14,0
2026-05-04 04:00:00,106.06,106.74,106.05,106.51,939,15,0
2026-05-04 05:00:00,106.5,107.05,106.31,106.78,625,14,0
2026-05-04 06:00:00,106.77,107.24,106.73,106.89,632,14,0
2026-05-04 07:00:00,106.88,106.9,106.29,106.6,856,14,0
2026-05-04 08:00:00,106.6,106.68,105.03,105.75,2352,14,0
2026-05-04 09:00:00,105.76,107.4,105.63,107.18,2246,11,0
2026-05-04 10:00:00,107.17,108.44,107.14,108.44,2856,10,0
2026-05-04 11:00:00,108.44,109.29,107.86,108.0,4410,10,0
2026-05-04 12:00:00,108.01,108.29,107.52,108.19,2205,11,0
2026-05-04 13:00:00,108.19,112.46,108.12,110.53,10715,10,0
2026-05-04 14:00:00,110.54,111.06,109.42,109.73,4814,5,0
2026-05-04 15:00:00,109.73,109.78,108.26,108.98,6074,5,0
2026-05-04 16:00:00,108.97,110.36,108.22,109.08,9041,5,0
2026-05-04 17:00:00,109.08,110.79,108.39,110.6,7658,5,0
2026-05-04 18:00:00,110.6,112.88,110.23,112.43,11476,5,0
2026-05-04 19:00:00,112.42,113.58,112.1,113.18,7972,5,0
2026-05-04 20:00:00,113.19,113.27,111.92,112.06,5627,5,0
2026-05-04 21:00:00,112.07,113.27,111.53,112.67,5126,5,0
2026-05-04 22:00:00,112.67,112.89,111.92,112.39,3246,7,0
2026-05-04 23:00:00,112.4,112.47,111.84,112.04,1261,10,0
2026-05-05 03:00:00,111.85,112.09,111.44,111.82,1138,14,0
2026-05-05 04:00:00,111.82,111.96,111.49,111.6,1056,14,0
2026-05-05 05:00:00,111.61,111.62,110.94,111.1,1541,14,0
2026-05-05 06:00:00,111.11,111.34,111.04,111.25,635,15,0
2026-05-05 07:00:00,111.24,111.28,110.83,111.19,661,14,0
2026-05-05 08:00:00,111.19,111.7,111.17,111.44,1361,14,0
2026-05-05 09:00:00,111.46,112.48,111.18,111.81,2683,10,0
2026-05-05 10:00:00,111.82,112.17,110.41,111.76,4448,8,0
2026-05-05 11:00:00,111.74,111.91,110.12,110.48,5389,10,0
2026-05-05 12:00:00,110.49,111.37,110.49,110.98,2950,10,0
2026-05-05 13:00:00,110.97,111.36,110.49,111.22,2379,11,0
2026-05-05 14:00:00,111.21,111.88,110.62,110.64,2946,10,0
2026-05-05 15:00:00,110.64,111.1,109.6,110.25,5685,10,0
2026-05-05 16:00:00,110.25,110.42,109.11,109.36,5275,11,0
2026-05-05 17:00:00,109.36,110.25,108.46,109.18,7740,10,0
2026-05-05 18:00:00,109.19,109.64,108.22,108.84,5611,10,0
2026-05-05 19:00:00,108.85,109.1,108.61,109.01,2857,10,0
2026-05-05 20:00:00,109.01,109.07,108.13,108.62,2709,12,0
2026-05-05 21:00:00,108.61,108.83,108.12,108.15,2281,11,0
2026-05-05 22:00:00,108.15,108.87,108.1,108.78,1303,8,0
2026-05-05 23:00:00,108.8,109.05,108.6,108.82,1287,11,0
2026-05-06 03:00:00,106.14,107.19,106.04,106.75,1214,38,0
2026-05-06 04:00:00,106.73,106.95,105.72,106.1,1721,39,0
2026-05-06 05:00:00,106.09,106.31,106.04,106.15,544,39,0
2026-05-06 06:00:00,106.14,106.55,106.09,106.24,398,40,0
2026-05-06 07:00:00,106.25,106.36,105.88,106.17,313,40,0
2026-05-06 08:00:00,106.19,107.12,106.05,106.13,894,39,0
2026-05-06 09:00:00,106.13,106.88,105.51,106.59,1775,29,0
2026-05-06 10:00:00,106.6,106.95,104.09,104.2,4810,5,0
2026-05-06 11:00:00,104.17,105.42,101.25,101.75,10518,5,0
2026-05-06 12:00:00,101.74,102.61,99.87,100.01,11331,7,0
2026-05-06 13:00:00,100.02,100.02,96.78,96.94,13013,7,0
2026-05-06 14:00:00,96.93,98.87,95.42,98.81,13215,7,0
2026-05-06 15:00:00,98.81,102.49,98.73,101.39,11121,7,0
2026-05-06 16:00:00,101.38,102.5,100.7,101.21,9402,5,0
2026-05-06 17:00:00,101.21,102.11,99.79,100.24,10041,5,0
2026-05-06 18:00:00,100.24,101.34,100.01,100.67,7350,5,0
2026-05-06 19:00:00,100.67,101.46,99.87,101.01,4204,5,0
2026-05-06 20:00:00,101.0,101.08,100.05,100.17,3264,6,0
2026-05-06 21:00:00,100.17,100.24,99.26,99.89,4210,5,0
2026-05-06 22:00:00,99.89,100.12,99.45,100.0,2345,5,0
2026-05-06 23:00:00,100.0,100.7,99.8,100.2,2226,6,0
2026-05-07 03:00:00,99.99,100.65,99.89,100.38,1720,14,0
2026-05-07 04:00:00,100.37,100.59,99.8,99.83,2465,14,0
2026-05-07 05:00:00,99.83,100.1,99.31,100.01,1698,14,0
2026-05-07 06:00:00,100.01,100.32,99.86,100.19,851,15,0
2026-05-07 07:00:00,100.2,100.24,99.85,99.9,483,16,0
2026-05-07 08:00:00,99.9,100.13,99.79,99.92,953,14,0
2026-05-07 09:00:00,99.93,100.03,98.54,99.12,2859,11,0
2026-05-07 10:00:00,99.12,99.23,95.85,97.95,8040,6,0
2026-05-07 11:00:00,97.95,99.12,97.34,97.46,6218,10,0
2026-05-07 12:00:00,97.45,97.75,96.65,97.45,3983,10,0
2026-05-07 13:00:00,97.44,97.92,96.79,97.39,3698,10,0
2026-05-07 14:00:00,97.37,97.46,96.19,96.5,4109,11,0
2026-05-07 15:00:00,96.49,96.67,94.6,95.34,5497,10,0
2026-05-07 16:00:00,95.35,97.05,95.35,95.74,7187,10,0
2026-05-07 17:00:00,95.73,96.16,94.94,95.84,5924,10,0
2026-05-07 18:00:00,95.83,97.76,95.81,97.64,6971,10,0
2026-05-07 19:00:00,97.65,99.29,97.61,99.11,6984,10,0
2026-05-07 20:00:00,99.11,100.78,98.64,99.05,8871,11,0
2026-05-07 21:00:00,99.06,100.13,98.47,99.39,7750,11,0
2026-05-07 22:00:00,99.39,101.2,99.21,100.16,5923,11,0
2026-05-07 23:00:00,100.16,101.71,98.45,101.2,6958,12,0
2026-05-08 03:00:00,100.46,101.04,100.01,100.3,2134,14,0
2026-05-08 04:00:00,100.28,100.28,99.14,99.73,2723,14,0
2026-05-08 05:00:00,99.72,100.03,98.94,99.48,1709,14,0
2026-05-08 06:00:00,99.47,99.47,99.17,99.34,983,15,0
2026-05-08 07:00:00,99.33,100.04,99.31,99.47,1056,14,0
2026-05-08 08:00:00,99.47,99.65,99.05,99.16,1557,14,0
2026-05-08 09:00:00,99.18,99.52,97.97,98.92,3581,12,0
2026-05-08 10:00:00,98.91,99.76,98.52,99.16,4066,6,0
2026-05-08 11:00:00,99.16,99.51,98.14,98.55,5059,10,0
2026-05-08 12:00:00,98.55,99.17,97.86,99.07,3568,10,0
2026-05-08 13:00:00,99.07,99.17,98.13,98.53,3414,10,0
2026-05-08 14:00:00,98.52,99.18,98.12,98.83,3175,10,0
2026-05-08 15:00:00,98.83,99.08,98.21,98.9,4029,10,0
2026-05-08 16:00:00,98.89,99.08,97.95,98.42,5519,10,0
2026-05-08 17:00:00,98.42,100.03,98.41,99.74,5785,11,0
2026-05-08 18:00:00,99.74,100.43,99.47,100.0,6174,11,0
2026-05-08 19:00:00,100.0,100.05,99.52,99.86,3239,10,0
2026-05-08 20:00:00,99.86,99.88,99.2,99.46,2298,11,0
2026-05-08 21:00:00,99.46,99.77,98.6,99.51,4028,11,0
2026-05-08 22:00:00,99.51,99.66,98.8,98.97,2136,11,0
2026-05-08 23:00:00,98.96,99.1,98.45,98.77,1253,16,0
2026-05-11 03:00:00,103.03,103.53,102.57,103.09,1633,14,0
2026-05-11 04:00:00,103.08,103.09,102.43,102.49,1914,14,0
2026-05-11 05:00:00,102.5,103.26,102.35,103.19,1078,14,0
2026-05-11 06:00:00,103.2,103.6,103.2,103.45,1139,14,0
2026-05-11 07:00:00,103.46,103.77,103.44,103.71,524,14,0
2026-05-11 08:00:00,103.71,103.73,103.1,103.15,1118,16,0
2026-05-11 09:00:00,103.16,103.42,102.27,102.39,1660,12,0
2026-05-11 10:00:00,102.39,102.98,102.26,102.5,2363,8,0
2026-05-11 11:00:00,102.48,102.61,101.3,102.02,4098,10,0
2026-05-11 12:00:00,102.03,102.24,101.64,102.05,1689,11,0
2026-05-11 13:00:00,102.04,102.08,101.34,101.99,2125,11,0
2026-05-11 14:00:00,101.99,102.44,101.81,102.26,1639,11,0
2026-05-11 15:00:00,102.27,102.71,100.97,101.96,3776,10,0
2026-05-11 16:00:00,101.96,102.06,100.89,101.17,5020,10,0
2026-05-11 17:00:00,101.18,102.28,101.17,101.87,4011,11,0
2026-05-11 18:00:00,101.87,102.54,101.57,102.15,4041,11,0
2026-05-11 19:00:00,102.15,103.69,102.11,103.18,3306,10,0
2026-05-11 20:00:00,103.19,103.19,102.25,102.48,2241,13,0
2026-05-11 21:00:00,102.49,103.15,102.07,102.39,3785,12,0
2026-05-11 22:00:00,102.39,102.54,102.17,102.38,1175,13,0
2026-05-11 23:00:00,102.36,102.96,102.26,102.29,1237,15,0
2026-05-12 03:00:00,102.13,102.66,102.13,102.65,501,38,0
2026-05-12 04:00:00,102.63,103.01,102.29,102.94,568,40,0
2026-05-12 05:00:00,102.91,103.23,102.87,102.96,541,12,0
2026-05-12 06:00:00,102.96,103.07,102.84,103.04,417,15,0
2026-05-12 07:00:00,103.04,103.05,102.54,102.84,498,15,0
2026-05-12 08:00:00,102.85,103.23,102.59,102.99,791,15,0
2026-05-12 09:00:00,103.0,104.4,102.97,104.24,2243,11,0
2026-05-12 10:00:00,104.26,104.39,103.89,104.31,2362,8,0
2026-05-12 11:00:00,104.3,105.06,104.24,104.58,3492,10,0
2026-05-12 12:00:00,104.58,105.37,104.53,104.94,2869,11,0
2026-05-12 13:00:00,104.93,105.75,104.71,105.53,2263,10,0
2026-05-12 14:00:00,105.52,105.95,105.07,105.3,2210,12,0
2026-05-12 15:00:00,105.3,105.86,104.9,105.03,2864,11,0
2026-05-12 16:00:00,105.03,106.08,104.94,105.78,3860,11,0
2026-05-12 17:00:00,105.78,105.87,105.24,105.71,3582,11,0
2026-05-12 18:00:00,105.71,106.15,105.07,105.44,3566,11,0
2026-05-12 19:00:00,105.44,105.59,105.13,105.22,1993,12,0
2026-05-12 20:00:00,105.22,105.4,105.0,105.3,1897,12,0
2026-05-12 21:00:00,105.28,106.09,105.14,105.9,3096,9,0
2026-05-12 22:00:00,105.9,105.9,105.55,105.71,1033,9,0
2026-05-12 23:00:00,105.71,105.78,105.17,105.17,798,12,0
2026-05-13 03:00:00,104.84,104.99,104.12,104.46,697,40,0
2026-05-13 04:00:00,104.47,104.68,104.26,104.63,618,39,0
2026-05-13 05:00:00,104.63,104.73,103.85,104.1,395,40,0
2026-05-13 06:00:00,104.11,104.27,103.91,104.13,427,40,0
2026-05-13 07:00:00,104.12,104.12,103.75,103.84,280,40,0
2026-05-13 08:00:00,103.82,103.98,103.7,103.77,349,40,0
2026-05-13 09:00:00,103.77,104.21,103.67,104.09,622,30,0
2026-05-13 10:00:00,104.11,104.62,103.92,104.55,1400,8,0
2026-05-13 11:00:00,104.54,105.2,104.4,105.04,2403,11,0
2026-05-13 12:00:00,105.04,105.45,104.72,104.83,1821,11,0
2026-05-13 13:00:00,104.83,105.77,104.81,105.68,1710,11,0
2026-05-13 14:00:00,105.68,105.81,105.04,105.09,1582,11,0
2026-05-13 15:00:00,105.09,105.65,104.88,105.21,1863,11,0
2026-05-13 16:00:00,105.21,105.21,104.74,105.08,2559,12,0
2026-05-13 17:00:00,105.08,105.68,104.79,105.22,2853,11,0
2026-05-13 18:00:00,105.21,105.32,104.0,104.32,3365,10,0
2026-05-13 19:00:00,104.32,104.34,103.26,103.95,3554,11,0
2026-05-13 20:00:00,103.95,104.08,103.5,103.61,1714,12,0
2026-05-13 21:00:00,103.61,103.65,103.11,103.31,2014,13,0
2026-05-13 22:00:00,103.32,103.57,103.28,103.47,881,12,0
2026-05-13 23:00:00,103.47,103.64,102.96,103.07,867,16,0
2026-05-14 03:00:00,102.91,103.17,102.81,102.97,326,39,0
2026-05-14 04:00:00,102.96,103.45,102.6,102.96,674,40,0
2026-05-14 05:00:00,102.95,103.41,102.83,103.38,330,40,0
2026-05-14 06:00:00,103.37,103.47,103.07,103.2,319,39,0
2026-05-14 07:00:00,103.2,103.36,103.19,103.26,178,41,0
2026-05-14 08:00:00,103.26,103.66,103.25,103.35,407,40,0
2026-05-14 09:00:00,103.33,103.36,101.87,103.04,1229,30,0
2026-05-14 10:00:00,103.05,104.13,102.99,104.01,1728,7,0
2026-05-14 11:00:00,104.01,104.49,103.2,103.61,4326,11,0
2026-05-14 12:00:00,103.61,104.08,103.16,103.38,2607,10,0
2026-05-14 13:00:00,103.38,103.58,102.48,102.98,4195,10,0
2026-05-14 14:00:00,102.98,103.15,101.95,102.16,2811,11,0
2026-05-14 15:00:00,102.15,102.49,101.23,102.11,3790,10,0
2026-05-14 16:00:00,102.11,102.85,102.04,102.7,4253,10,0
2026-05-14 17:00:00,102.7,103.44,102.06,102.31,3687,11,0
2026-05-14 18:00:00,102.31,102.75,102.04,102.26,3603,11,0
2026-05-14 19:00:00,102.26,102.73,101.9,102.51,2232,10,0
2026-05-14 20:00:00,102.51,103.38,102.41,103.26,1802,12,0
2026-05-14 21:00:00,103.25,103.47,102.9,103.21,1721,12,0
2026-05-14 22:00:00,103.21,103.77,103.12,103.75,639,13,0
2026-05-14 23:00:00,103.75,104.02,103.6,103.71,757,16,0
2026-05-15 03:00:00,103.36,103.65,103.18,103.44,440,13,0
2026-05-15 04:00:00,103.45,104.46,103.26,103.92,1745,14,0
2026-05-15 05:00:00,103.93,104.44,103.61,104.12,1642,15,0
2026-05-15 06:00:00,104.12,104.17,103.81,103.82,895,15,0
2026-05-15 07:00:00,103.82,104.03,103.82,103.85,491,16,0
2026-05-15 08:00:00,103.86,104.83,103.84,104.47,1243,14,0
2026-05-15 09:00:00,104.47,104.73,104.24,104.43,1907,12,0
2026-05-15 10:00:00,104.45,104.75,103.97,104.73,1690,6,0
2026-05-15 11:00:00,104.73,106.24,104.57,105.84,4313,10,0
2026-05-15 12:00:00,105.85,106.41,105.5,106.15,2452,11,0
2026-05-15 13:00:00,106.15,106.15,104.17,104.56,4329,10,0
2026-05-15 14:00:00,104.55,105.54,104.36,105.44,2531,11,0
2026-05-15 15:00:00,105.44,105.51,104.8,105.22,2213,11,0
2026-05-15 16:00:00,105.23,105.61,104.78,105.54,2723,11,0
2026-05-15 17:00:00,105.55,106.11,104.87,105.83,3271,11,0
2026-05-15 18:00:00,105.82,106.47,105.46,106.22,3056,11,0
2026-05-15 19:00:00,106.22,106.47,105.92,106.01,1606,12,0
2026-05-15 20:00:00,106.02,106.12,105.68,105.92,1337,12,0
2026-05-15 21:00:00,105.91,106.5,105.88,106.16,1790,13,0
2026-05-15 22:00:00,106.17,106.37,106.08,106.23,1072,12,0
2026-05-15 23:00:00,106.23,106.51,106.03,106.08,811,17,0
2026-05-18 03:00:00,107.14,107.76,106.75,107.55,1416,15,0
2026-05-18 04:00:00,107.54,108.53,107.16,107.83,2899,14,0
2026-05-18 05:00:00,107.84,108.23,107.76,107.84,993,15,0
2026-05-18 06:00:00,107.85,107.93,107.71,107.74,541,15,0
2026-05-18 07:00:00,107.74,107.91,107.61,107.75,564,15,0
2026-05-18 08:00:00,107.75,107.89,107.21,107.48,1147,15,0
2026-05-18 09:00:00,107.48,107.99,107.42,107.49,1536,12,0
2026-05-18 10:00:00,107.49,107.49,106.25,106.86,2908,7,0
2026-05-18 11:00:00,106.85,107.24,106.33,106.62,3103,11,0
2026-05-18 12:00:00,106.61,107.13,106.49,106.74,1781,11,0
2026-05-18 13:00:00,106.74,107.25,106.64,107.19,1438,11,0
2026-05-18 14:00:00,107.2,107.96,105.32,105.98,5761,10,0
2026-05-18 15:00:00,105.99,106.73,103.83,104.46,6477,10,0
2026-05-18 16:00:00,104.47,105.44,104.32,104.89,6151,11,0
2026-05-18 17:00:00,104.88,106.99,104.85,106.84,5578,11,0
2026-05-18 18:00:00,106.84,107.8,106.67,107.6,5150,11,0
2026-05-18 19:00:00,107.6,108.24,107.47,107.64,2839,10,0
2026-05-18 20:00:00,107.64,107.8,106.91,107.53,2376,12,0
2026-05-18 21:00:00,107.53,109.3,107.52,108.82,3734,11,0
2026-05-18 22:00:00,108.83,108.95,105.54,105.98,7182,11,0
2026-05-18 23:00:00,105.99,106.19,105.0,106.01,2169,15,0
2026-05-19 03:00:00,105.74,106.16,105.7,105.88,1140,14,0
2026-05-19 04:00:00,105.87,106.5,105.87,106.05,1713,14,0
2026-05-19 05:00:00,106.05,106.69,105.98,106.52,954,15,0
2026-05-19 06:00:00,106.53,106.74,106.32,106.44,690,14,0
2026-05-19 07:00:00,106.43,106.52,106.22,106.28,527,15,0
2026-05-19 08:00:00,106.28,107.08,106.24,106.68,1298,14,0
2026-05-19 09:00:00,106.68,107.11,106.16,107.02,2442,13,0
2026-05-19 10:00:00,107.01,107.25,106.43,106.56,2464,7,0
2026-05-19 11:00:00,106.55,107.33,106.43,106.84,3081,10,0
2026-05-19 12:00:00,106.83,107.18,106.25,106.45,1850,11,0
2026-05-19 13:00:00,106.45,107.71,106.4,107.17,2738,11,0
2026-05-19 14:00:00,107.17,107.69,107.16,107.56,1959,11,0
2026-05-19 15:00:00,107.57,107.58,106.81,107.11,1872,12,0
2026-05-19 16:00:00,107.11,108.16,106.75,106.95,4961,11,0
2026-05-19 17:00:00,106.95,107.39,106.14,107.22,5506,11,0
2026-05-19 18:00:00,107.22,107.5,106.74,107.41,4201,5,0
2026-05-19 19:00:00,107.41,107.6,107.12,107.26,2206,6,0
2026-05-19 20:00:00,107.26,107.51,106.79,107.06,2387,6,0
2026-05-19 21:00:00,107.06,108.27,106.75,108.11,3407,6,0
2026-05-19 22:00:00,108.12,108.12,107.6,107.88,1331,6,0
2026-05-19 23:00:00,107.88,108.0,107.29,107.31,1281,6,0
2026-05-20 03:00:00,107.22,107.22,106.96,107.11,686,14,0
2026-05-20 04:00:00,107.1,107.7,106.47,106.95,2206,14,0
2026-05-20 05:00:00,106.95,107.68,106.77,107.45,1493,14,0
2026-05-20 06:00:00,107.45,107.6,106.74,106.86,986,16,0
2026-05-20 07:00:00,106.86,107.13,106.51,107.08,538,15,0
2026-05-20 08:00:00,107.07,107.12,106.75,107.03,850,15,0
2026-05-20 09:00:00,107.03,107.19,106.0,106.11,2090,12,0
2026-05-20 10:00:00,106.1,106.5,105.85,106.26,2109,8,0
2026-05-20 11:00:00,106.27,106.34,105.09,105.39,3346,11,0
2026-05-20 12:00:00,105.39,105.9,104.96,105.61,1947,11,0
2026-05-20 13:00:00,105.6,105.75,104.27,104.81,2302,10,0
2026-05-20 14:00:00,104.84,105.81,104.76,105.56,1943,11,0
2026-05-20 15:00:00,105.55,105.63,104.07,104.96,3221,11,0
2026-05-20 16:00:00,104.96,105.57,104.66,105.53,3227,10,0
2026-05-20 17:00:00,105.52,105.98,102.74,103.53,10118,5,0
2026-05-20 18:00:00,103.53,103.68,100.07,102.38,9485,6,0
2026-05-20 19:00:00,102.37,102.94,101.26,101.47,5439,10,0
2026-05-20 20:00:00,101.47,101.9,100.7,101.89,4856,11,0
2026-05-20 21:00:00,101.89,102.11,101.32,101.46,3437,12,0
2026-05-20 22:00:00,101.45,101.83,101.24,101.81,1522,13,0
2026-05-20 23:00:00,101.81,102.29,101.57,102.07,1229,16,0
2026-05-21 03:00:00,101.83,103.1,101.82,102.3,1965,14,0
2026-05-21 04:00:00,102.31,102.39,101.68,101.81,2300,14,0
2026-05-21 05:00:00,101.8,102.53,101.72,102.44,1038,15,0
2026-05-21 06:00:00,102.43,102.48,102.15,102.3,523,15,0
2026-05-21 07:00:00,102.29,102.49,102.02,102.07,469,15,0
2026-05-21 08:00:00,102.06,103.27,101.98,102.64,1341,15,0
2026-05-21 09:00:00,102.65,103.18,102.22,102.83,2042,12,0
2026-05-21 10:00:00,102.85,103.14,102.45,102.49,1631,6,0
2026-05-21 11:00:00,102.49,102.73,101.35,101.78,4603,6,0
2026-05-21 12:00:00,101.79,101.81,100.62,101.06,3465,10,0
2026-05-21 13:00:00,101.06,104.3,100.93,103.94,6182,10,0
2026-05-21 14:00:00,103.94,103.99,103.21,103.62,3158,11,0
2026-05-21 15:00:00,103.62,104.19,103.35,104.0,3423,11,0
2026-05-21 16:00:00,104.0,105.77,103.29,103.58,7046,10,0
2026-05-21 17:00:00,103.57,104.59,103.4,104.37,5031,11,0
2026-05-21 18:00:00,104.38,105.14,103.92,103.93,4698,10,0
2026-05-21 19:00:00,103.93,103.94,103.12,103.3,3583,10,0
2026-05-21 20:00:00,103.29,103.63,99.27,99.76,10266,11,0
2026-05-21 21:00:00,99.77,102.05,99.53,101.81,8035,11,0
2026-05-21 22:00:00,101.81,102.09,100.97,101.34,4243,11,0
2026-05-21 23:00:00,101.34,102.07,101.17,101.81,1552,15,0
2026-05-22 03:00:00,101.68,101.9,101.39,101.7,1014,14,0
2026-05-22 04:00:00,101.69,102.03,101.25,101.29,1726,14,0
2026-05-22 05:00:00,101.28,101.57,100.93,101.04,993,15,0
2026-05-22 06:00:00,101.03,101.16,100.86,101.1,569,15,0
2026-05-22 07:00:00,101.11,101.16,100.64,101.1,484,14,0
2026-05-22 08:00:00,101.09,102.18,101.09,102.02,1076,14,0
2026-05-22 09:00:00,102.01,102.28,101.59,101.72,1770,12,0
2026-05-22 10:00:00,101.69,102.55,101.68,102.09,2422,7,0
2026-05-22 11:00:00,102.07,103.03,101.78,102.47,3935,10,0
2026-05-22 12:00:00,102.48,102.77,101.65,102.26,2253,10,0
2026-05-22 13:00:00,102.26,102.69,101.57,102.19,1914,10,0
2026-05-22 14:00:00,102.19,102.54,101.15,101.4,1775,11,0
2026-05-22 15:00:00,101.4,101.59,99.76,100.11,5415,10,0
2026-05-22 16:00:00,100.1,101.77,99.44,101.4,6173,10,0
2026-05-22 17:00:00,101.42,101.77,101.13,101.41,3090,11,0
2026-05-22 18:00:00,101.41,101.69,100.56,100.72,3308,11,0
2026-05-22 19:00:00,100.71,101.01,100.16,100.61,2459,11,0
2026-05-22 20:00:00,100.59,100.81,98.41,99.66,5703,11,0
2026-05-22 21:00:00,99.66,100.63,99.6,100.12,3185,11,0
2026-05-22 22:00:00,100.11,100.84,100.01,100.14,1778,12,0
2026-05-22 23:00:00,100.14,100.87,99.75,100.57,2603,15,0
2026-05-25 03:00:00,95.89,96.06,94.82,95.87,1618,14,0
2026-05-25 04:00:00,95.88,96.72,95.76,96.44,2199,14,0
2026-05-25 05:00:00,96.44,96.57,95.62,95.62,989,15,0
2026-05-25 06:00:00,95.61,95.63,94.24,94.81,2021,14,0
2026-05-25 07:00:00,94.82,95.16,94.77,94.87,789,14,0
2026-05-25 08:00:00,94.87,95.03,94.52,94.93,1373,14,0
2026-05-25 09:00:00,94.92,95.56,94.81,95.45,1334,12,0
2026-05-25 10:00:00,95.45,96.63,95.36,95.61,2992,10,0
2026-05-25 11:00:00,95.6,96.52,95.49,95.69,2526,11,0
2026-05-25 12:00:00,95.68,95.73,94.82,94.98,1734,11,0
2026-05-25 13:00:00,94.98,95.03,94.49,94.56,1656,10,0
2026-05-25 14:00:00,94.57,95.07,94.28,94.55,1656,10,0
2026-05-25 15:00:00,94.55,95.3,94.1,95.27,1960,10,0
2026-05-25 16:00:00,95.28,95.68,95.13,95.2,1808,11,0
2026-05-25 17:00:00,95.21,95.44,94.96,95.39,1870,10,0
2026-05-25 18:00:00,95.39,95.8,94.52,94.82,3242,11,0
2026-05-25 19:00:00,94.83,95.32,93.35,93.42,2934,11,0
2026-05-25 20:00:00,93.44,93.92,93.28,93.69,3388,11,0
2026-05-26 03:00:00,94.47,95.17,94.46,95.01,2360,14,0
2026-05-26 04:00:00,95.0,95.47,94.86,95.13,1201,14,0
2026-05-26 05:00:00,95.12,95.22,94.78,94.91,757,15,0
2026-05-26 06:00:00,94.91,95.03,94.79,94.97,517,15,0
2026-05-26 07:00:00,94.98,95.47,94.91,95.41,447,14,0
2026-05-26 08:00:00,95.41,95.87,95.13,95.26,918,14,0
2026-05-26 09:00:00,95.27,95.69,94.85,95.11,1460,11,0
2026-05-26 10:00:00,95.09,96.45,94.95,96.06,3412,7,0
2026-05-26 11:00:00,96.06,97.0,95.9,96.61,3689,10,0
2026-05-26 12:00:00,96.61,96.68,96.05,96.16,2257,11,0
2026-05-26 13:00:00,96.15,96.24,94.96,95.51,2549,10,0
2026-05-26 14:00:00,95.51,96.27,95.42,96.05,2367,10,0
2026-05-26 15:00:00,96.07,96.62,95.79,96.14,2171,10,0
2026-05-26 16:00:00,96.13,97.7,95.89,97.34,3922,7,0
2026-05-26 17:00:00,97.33,97.55,96.35,97.27,4805,7,0
2026-05-26 18:00:00,97.26,97.75,97.08,97.14,4079,5,0
2026-05-26 19:00:00,97.14,97.42,96.7,96.96,2204,5,0
2026-05-26 20:00:00,96.96,97.15,96.46,96.68,2209,9,0
2026-05-26 21:00:00,96.67,97.14,96.19,96.4,3219,8,0
2026-05-26 22:00:00,96.41,96.83,96.39,96.41,1482,8,0
2026-05-26 23:00:00,96.4,96.75,96.1,96.37,1049,10,0
2026-05-27 03:00:00,96.25,96.25,95.63,95.78,1300,10,0
2026-05-27 04:00:00,95.78,96.03,95.34,95.62,1876,10,0
2026-05-27 05:00:00,95.62,95.62,94.98,95.21,1502,10,0
2026-05-27 06:00:00,95.21,95.22,94.75,94.87,1229,10,0
2026-05-27 07:00:00,94.87,94.91,94.71,94.82,588,10,0
2026-05-27 08:00:00,94.83,95.09,94.63,94.75,1060,9,0
2026-05-27 09:00:00,94.74,94.95,94.36,94.54,1578,9,0
2026-05-27 10:00:00,94.53,94.71,94.0,94.08,2488,7,0
2026-05-27 11:00:00,94.06,94.18,92.69,93.17,3640,11,0
2026-05-27 12:00:00,93.19,93.62,92.79,93.19,2218,11,0
2026-05-27 13:00:00,93.17,93.86,93.15,93.67,1600,11,0
2026-05-27 14:00:00,93.66,94.3,93.59,93.97,2394,10,0
2026-05-27 15:00:00,93.98,94.16,91.58,92.42,7216,10,0
2026-05-27 16:00:00,92.42,93.32,92.35,93.21,4216,10,0
2026-05-27 17:00:00,93.21,94.06,92.94,93.96,4541,10,0
2026-05-27 18:00:00,93.97,94.39,93.17,93.25,4826,10,0
2026-05-27 19:00:00,93.24,93.59,92.62,93.12,2616,11,0
2026-05-27 20:00:00,93.12,93.37,92.34,92.62,2077,12,0
2026-05-27 21:00:00,92.62,92.69,91.92,92.3,2440,12,0
2026-05-27 22:00:00,92.3,92.93,92.19,92.73,1100,12,0
2026-05-27 23:00:00,92.73,92.87,92.55,92.58,694,15,0
2026-05-28 03:00:00,93.38,93.95,93.33,93.82,994,14,0
2026-05-28 04:00:00,93.83,93.83,93.33,93.55,1002,15,0
2026-05-28 05:00:00,93.54,94.26,93.22,94.24,1038,14,0
2026-05-28 06:00:00,94.23,95.39,94.23,95.36,1666,13,0
2026-05-28 07:00:00,95.36,95.63,95.15,95.36,972,14,0
2026-05-28 08:00:00,95.34,95.4,94.56,94.7,1076,14,0
2026-05-28 09:00:00,94.7,94.76,94.05,94.41,1319,11,0
2026-05-28 10:00:00,94.41,94.69,94.16,94.24,1729,11,0
2026-05-28 11:00:00,94.22,94.46,93.92,94.08,3096,10,0
2026-05-28 12:00:00,94.07,94.17,93.18,93.58,1882,11,0
2026-05-28 13:00:00,93.58,94.79,93.42,94.47,1866,10,0
2026-05-28 14:00:00,94.47,94.81,94.23,94.49,2158,10,0
2026-05-28 15:00:00,94.5,94.59,93.55,93.58,2129,10,0
2026-05-28 16:00:00,93.6,94.52,93.37,93.99,2918,10,0
2026-05-28 17:00:00,93.99,94.36,90.57,92.8,8450,7,0
2026-05-28 18:00:00,92.8,93.22,92.29,92.89,4787,7,0
2026-05-28 19:00:00,92.88,93.2,91.39,91.59,4397,7,0
2026-05-28 20:00:00,91.59,92.36,91.55,92.19,2749,7,0
2026-05-28 21:00:00,92.19,93.05,92.0,92.8,4030,5,0
2026-05-28 22:00:00,92.81,93.07,92.58,93.07,1348,6,0
2026-05-28 23:00:00,93.07,93.24,92.04,92.04,1201,5,0
2026-05-29 03:00:00,91.88,92.15,91.4,92.01,1201,9,0
2026-05-29 04:00:00,92.01,92.14,91.31,91.57,1564,9,0
2026-05-29 05:00:00,91.57,91.86,91.28,91.63,1151,9,0
2026-05-29 06:00:00,91.62,92.1,91.23,91.97,1415,9,0
2026-05-29 07:00:00,91.96,92.01,91.07,91.39,2157,9,0
2026-05-29 08:00:00,91.4,91.75,91.31,91.63,720,9,0
2026-05-29 09:00:00,91.64,91.67,90.96,91.18,1251,7,0
2026-05-29 10:00:00,91.18,92.46,91.08,92.31,2110,5,0
2026-05-29 11:00:00,92.31,92.6,91.95,92.1,1930,10,0
2026-05-29 12:00:00,92.09,92.13,90.36,90.84,3525,10,0
2026-05-29 13:00:00,90.83,91.13,90.18,90.73,1852,10,0
2026-05-29 14:00:00,90.72,91.44,90.47,90.83,2031,10,0
2026-05-29 15:00:00,90.83,91.26,90.61,90.7,2069,10,0
2026-05-29 16:00:00,90.69,91.05,90.15,90.95,3211,10,0
2026-05-29 17:00:00,90.94,91.84,90.48,90.87,4640,8,0
2026-05-29 18:00:00,90.87,90.96,89.64,90.74,6862,7,0
2026-05-29 19:00:00,90.74,91.0,89.99,90.28,3260,5,0
2026-05-29 20:00:00,90.28,90.86,90.24,90.75,2464,5,0
2026-05-29 21:00:00,90.74,91.36,90.48,91.17,3529,5,0
2026-05-29 22:00:00,91.15,91.62,90.98,91.55,1517,5,0
2026-05-29 23:00:00,91.55,91.61,91.12,91.32,800,6,0
2026-06-01 03:00:00,92.41,92.97,92.38,92.42,695,14,0
2026-06-01 04:00:00,92.43,93.07,92.08,92.84,1279,14,0
2026-06-01 05:00:00,92.85,93.0,92.49,92.59,729,14,0
2026-06-01 06:00:00,92.59,92.95,92.26,92.8,905,15,0
2026-06-01 07:00:00,92.8,92.96,92.2,92.58,632,15,0
2026-06-01 08:00:00,92.57,92.97,92.43,92.74,673,14,0
2026-06-01 09:00:00,92.74,93.72,92.71,93.27,1230,12,0
2026-06-01 10:00:00,93.26,93.72,93.19,93.42,1495,8,0
2026-06-01 11:00:00,93.43,94.09,93.27,93.7,1963,11,0
2026-06-01 12:00:00,93.72,93.95,93.41,93.52,1179,11,0
2026-06-01 13:00:00,93.51,93.74,93.37,93.55,941,10,0
2026-06-01 14:00:00,93.56,93.67,93.05,93.13,1218,11,0
2026-06-01 15:00:00,93.14,93.22,92.13,92.52,2541,10,0
2026-06-01 16:00:00,92.5,96.68,92.43,96.65,9465,10,0
2026-06-01 17:00:00,96.67,97.04,95.56,96.96,5012,7,0
2026-06-01 18:00:00,96.96,97.19,95.11,96.42,5527,7,0
2026-06-01 19:00:00,96.42,96.98,95.35,95.41,5008,5,0
2026-06-01 20:00:00,95.41,95.83,93.67,94.41,6057,5,0
2026-06-01 21:00:00,94.4,94.9,94.05,94.8,3072,6,0
2026-06-01 22:00:00,94.8,94.93,94.44,94.78,1488,5,0
2026-06-01 23:00:00,94.78,94.96,94.56,94.65,1177,6,0
