entry_time,exit_time,direction,result,pnl_gross_pips,pnl_costs_pips,pnl_net_pips,log_pnl_net_pips,pnl_basis,pnl_rot_ga,pnl_rot_an,attrib_eps,r_ga,r_an,delta_b,residual_A_pct,residual_B_pct,pnl_B_net,sB_ga,sB_gn,sB_an,q_ga,q_gn,q_an,mfe_pips,mae_pips
2022-09-14 15:20:00,2022-09-14 17:00:00,SHORT,TIMEOUT,12.400902953111755,10.200000000000001,2.200902953111754,2.200902953111754,11.2138221726711,-0.009234983904841676,1.2057812067476992,-0.009465442402202484,-0.0013913835447535749,-0.0001425186612785957,-0.000993945389457615,40.755934842887456,0.021517677353410924,6.182414397245589,1.0451781348169857,0.9770881674312059,0.9777336977518082,0.21865588882089435,0.19519933358357644,0.5861447775955292,17.278368205357555,0.0
2022-09-19 12:50:00,2022-09-19 17:00:00,SHORT,TIMEOUT,-4.812909902095669,10.2,-15.012909902095668,-15.012909902093906,6.475257812883155,-1.4381893917484094,-9.906540477156488,0.05656215392607411,0.0016146223677632008,0.0020765859172744315,-0.0005129472198778101,29.485181042002427,0.03271039511149043,16.898441800594263,1.0437213032760961,0.9776486924352796,0.9786300042886242,0.26470565119319206,0.2202212691933918,0.5150730796134161,5.485355783361607,-33.27979811740104
2022-09-20 10:45:00,2022-09-20 12:40:00,SHORT,TP_HIT,40.60448963375648,10.2,30.40448963375648,30.404489633753425,37.80150942840489,-0.12273323361795548,2.875660715870826,0.050052723098716,5.281643648719622e-05,-0.00039627502004590805,-0.0033750594906641618,34.7905835646656,0.056066596228099286,50.612970906361376,1.038321455268345,0.9799982734224061,0.9816802713092491,0.2645590296179336,0.19376756736770517,0.5416734030143612,40.60448963375648,0.0
2022-09-21 09:55:00,2022-09-21 13:05:00,SHORT,TP_HIT,32.74481650759823,10.2,22.54481650759823,22.544816507595066,14.023565617297592,1.318269954056448,17.427375167154523,-0.02439423091033177,-0.001910703161333543,-0.0012711080652555266,-0.0015932485414511116,51.46273867189991,0.014444394587798115,7.670368447789032,1.03843887885331,0.9805638946545279,0.9809972264921618,0.18583296849166817,0.15219195319629505,0.6619750783120368,32.74481650759823,-18.156212473049578
2022-09-22 15:55:00,2022-09-22 17:00:00,SHORT,TIMEOUT,1.4614029551956413,10.199999999999998,-8.738597044804356,-8.738597044804354,3.375724424202393,-0.006441954056449167,-1.9075788058664047,-0.00030070908389800977,-0.0002938497273649179,0.00012318521792955783,-0.00040913869055123064,57.3678227998899,0.034300718268359676,-1.876211696514961,1.037316284744406,0.9808273468537716,0.9818563684018223,0.16118001555157774,0.142597036478146,0.6962229479702763,8.51679291045347,-0.38416259816968257
2022-09-23 13:00:00,2022-09-23 15:00:00,LONG,TP_HIT,47.23352816126063,10.2,37.033528161260634,37.03352816126064,14.742955169120064,0.8186868880128976,31.647620884611275,0.024265219516394154,-0.002664650469113739,0.001665837071533593,0.002192531424427907,67.35229296285627,0.03218517827611178,21.772970747572433,1.0370718783307142,0.9819468385087846,0.9809812831605013,0.12677146398727276,0.11688456847097294,0.7563439675417544,50.13719460024947,0.0
2022-09-26 15:00:00,2022-09-26 17:00:00,SHORT,TIMEOUT,-28.47315171564293,10.2,-38.67315171564293,-38.67315171564462,-4.063617743227335,0.11355824614412158,-24.510692050334892,-0.012400168224825592,0.0015883619750054051,0.0013028862080109122,0.0006004055217042059,64.86536311800987,0.06742855383247148,-9.657593768842945,1.0344514443682062,0.9817628495084098,0.9837857061233839,0.13440809458986847,0.1194955758746085,0.7460963295355231,0.0,-36.41770360119856
2022-10-06 08:55:00,2022-10-06 14:50:00,SHORT,TP_HIT,77.26865744181711,10.2,67.06865744181711,67.06865744181711,79.7746989572702,-1.393805960468018,-1.3610377825074174,0.24880222752234715,0.0012010977982323573,-0.00041502386982931344,-0.004871736150480102,10.687464522770618,0.06293714013112517,81.51613176523466,1.040371923315238,0.9788699812404138,0.9807580954443476,0.3361154850266641,0.27850493487281486,0.38537958010052104,77.26865744181711,-11.375486449784875
2022-10-07 15:25:00,2022-10-07 15:30:00,SHORT,TP_HIT,63.05112231975945,10.2,52.851122319759455,52.85112231975279,54.460512702144406,8.202447266442936,0.3316114122787679,0.05655093889333784,-0.0016442990369906416,-3.52022811115187e-05,-0.005659067705927806,39.61102890828793,0.0707686667570151,97.09978343885618,1.038442282215462,0.9797173288909138,0.9818403888936242,0.2788240930094211,0.16253280895384978,0.5586430980367291,63.05112231975945,0.0
2022-10-11 09:05:00,2022-10-11 13:00:00,LONG,TP_HIT,43.68568328771239,10.2,33.48568328771239,33.4856832877124,41.1278676443091,1.254417782093859,1.2897978146718492,0.01360004663758474,0.0016690798390688495,0.0003562331940135722,0.0030638917861664644,28.059217183813978,0.054253940851400895,44.54961609873027,1.0430471852315661,0.979290216496988,0.977662598271446,0.2684683892102055,0.22546971947582742,0.5060618913139672,43.68568328771239,-28.54902556465122
2022-10-11 13:55:00,2022-10-11 17:00:00,SHORT,TIMEOUT,50.81576337242845,10.2,40.61576337242845,40.615763372426855,34.14059221507464,1.283670073054558,15.415850241338175,-0.024349157038926705,-0.0005949531154136756,-0.001665635308195513,-0.0032603259495688486,40.88791931556381,0.02565552803826532,38.40794489327962,1.0447579189150646,0.9772362076218937,0.9780058734630417,0.23846041748045643,0.17633019468195274,0.5852093878375909,57.800716907468455,-5.874603677043028
2022-10-13 15:55:00,2022-10-13 17:00:00,LONG,TIMEOUT,5.846738601281878,10.2,-4.3532613987181215,-4.3532613987181215,7.708447385372558,0.7530416765496908,-2.5768903425543357,-0.0378601180860354,-0.00363004968041001,-0.00011644311095400497,0.0014549892182251917,78.5884116891742,0.03453217356869098,22.49574537783202,1.0473738063308273,0.9768310794381168,0.975795114231056,0.0938689536581938,0.08725587668814483,0.8188751696536615,23.84674482571235,0.0
2022-10-17 14:55:00,2022-10-17 17:00:00,SHORT,TIMEOUT,-3.3036048575946717,10.2,-13.50360485759467,-13.50360485759467,-5.483530007243603,0.23480174532687206,1.9392085382853224,0.005914866036736743,-0.0005476921000933098,-0.0001342600260691674,0.0006331878031929916,57.24090358161883,0.02358340726178465,-24.202827131087883,1.048538742761763,0.9753768775101919,0.9760843797280454,0.16756092036864564,0.14316833393911232,0.6892707456922421,6.790988105068984,-14.398510172135303
2022-10-18 09:15:00,2022-10-18 12:45:00,SHORT,TP_HIT,67.9941497783144,10.2,57.79414977831439,57.79414977831313,49.459763351741344,7.825596088235393,10.77328611714441,-0.06449577880675861,-0.002348986897114849,-0.0016573146295447171,-0.0043423811857175865,34.621761064373736,0.03301469934466339,58.66474308787947,1.0525783813876348,0.9732155888160124,0.9742060297963524,0.27282777640827094,0.19047730647399588,0.5366949171177332,67.9941497783144,-9.211953030876709
2022-10-19 08:15:00,2022-10-19 10:50:00,LONG,TP_HIT,26.72233060253772,10.2,16.52233060253772,16.52233060253772,33.5448400273811,-4.999560219938322,-1.8630815059068564,0.04013230100179754,-0.0018635174532125051,0.0022487038794719244,0.0022525536044382677,17.420861970165895,0.027346734769367886,14.92775748973224,1.053994518054803,0.9734129419941391,0.972592539951058,0.3265509920130461,0.2496201941426475,0.42382881384430643,26.72233060253772,-0.48720971143474756
2022-10-19 12:10:00,2022-10-19 13:30:00,SHORT,TP_HIT,41.322904693267844,10.199999999999998,31.12290469326785,31.12290469326585,20.015571166404726,0.3241432956752205,21.011233569995152,-0.02804333880725096,-0.0004252009977958978,-0.001569972351708021,-0.0022477151844009363,54.410984443082754,0.020905384953279205,19.611466275654024,1.0534505905418423,0.9729611239547797,0.9735882855033782,0.1802465571416586,0.14994211093468132,0.66981133192366,41.322904693267844,-9.833215900364019
2022-10-19 14:30:00,2022-10-19 17:00:00,LONG,TIMEOUT,13.577920513829843,10.2,3.377920513829844,3.3779205138300448,10.973904907897717,-0.009397411078145413,2.6108804633131744,0.002532553697097484,-2.7948184068634454e-05,0.0005876636021123801,0.0008370694622568953,32.34670528289433,0.03186511368174494,0.9481478462882809,1.0540575656932702,0.9734491938585911,0.9724932404481388,0.2505268826469774,0.22033831686126581,0.5291348004917568,14.155205089919313,-0.03040749902720119
2022-10-20 11:20:00,2022-10-20 13:35:00,LONG,TP_HIT,39.69447736954665,10.2,29.494477369546647,29.494477369546647,29.113988489840906,0.23130260950990922,10.4058369510949,-0.05665068089906811,-0.004804517397339303,0.001328795737276473,0.0024995285515440196,42.07335766788431,0.029264064898965048,28.602003446300078,1.0542679218312225,0.9733050000578733,0.9724270781109043,0.2164994194280854,0.19618589365457717,0.5873146869173375,39.69447736954665,0.0
2022-10-21 15:10:00,2022-10-21 15:55:00,LONG,TP_HIT,31.034935274935844,10.2,20.834935274935845,20.834935274935845,32.1706538101656,-0.7172826682625023,-0.4146106648112438,-0.003825202156008345,-0.0003533400486008703,0.0011379442370955688,0.0021712230348781697,18.556057394441556,0.02496612917920471,22.092974054421433,1.0537098260933466,0.9735195788910149,0.9727705950156389,0.3149001265335506,0.2497696497610169,0.43533022370543245,31.034935274935844,-9.877235102384194
2022-10-24 09:10:00,2022-10-24 13:25:00,SHORT,TP_HIT,20.47887445741072,10.2,10.27887445741072,10.27887445740406,28.322707330778506,-0.249009902437635,-7.686910860789023,0.0920878898588704,0.0008396096030789869,0.0009844431692102864,-0.0024419549751798914,41.29980773695881,0.03707333004520641,45.66079894656052,1.0554463455939072,0.9717207272523682,0.9728329271537244,0.22055871937208804,0.1949073992389232,0.5845338813889888,20.47887445741072,-56.029271002981105
2022-10-25 08:00:00,2022-10-25 11:20:00,SHORT,TP_HIT,38.315896554794534,10.200000000000001,28.11589655479453,28.11589655479453,35.76387405032473,-0.09946077061543933,2.610776638691472,0.04070663639377159,0.0002014267736564214,-0.00045037742388761084,-0.002868887382434751,35.04620419371673,0.0380522604993494,41.36931025168333,1.0531644300484762,0.9728470010682717,0.9739885688832521,0.24173450018957252,0.21004013262037835,0.5482253671900491,38.315896554794534,-24.80548623067819
2022-10-26 09:05:00,2022-10-26 10:40:00,SHORT,TP_HIT,34.12470577309948,10.2,23.92470577309948,23.92470577310114,30.318765104782237,-0.8318017596399835,4.608490384288948,0.02925204366827927,0.0009113197154281408,-0.0007973303295934083,-0.0024409443032952782,33.52173480742431,0.041726240390144165,30.989192096125702,1.0494484929096732,0.9746498599393112,0.9759016471510156,0.24860462697130284,0.20808901247722703,0.5433063605514701,34.12470577309948,-3.7925290896192116
2022-10-26 11:20:00,2022-10-26 17:00:00,LONG,TIMEOUT,-21.418850902594517,10.2,-31.618850902594517,-31.61885090259452,-1.504057965048592,-0.01597832897098157,-19.925752749564975,0.02693814099002978,0.0006599368266131607,-0.0015792404983459784,-0.00015740269202403623,53.49165675598264,0.013328424989555998,-0.16053789159651188,1.0486849633314794,0.9758574447091037,0.9754575919594171,0.17774320582081607,0.1595955116261135,0.6626612825530706,9.224038275416417,-36.50392555706132
2022-10-27 09:10:00,2022-10-27 12:35:00,SHORT,TP_HIT,48.936285077982724,10.2,38.73628507798273,38.73628507798273,41.206908960478124,-0.6049789876577718,8.328334120264444,0.006020984897929793,0.0025722336125217223,-0.002044797066070894,-0.0030891857064164474,31.04084624410432,0.019294655895235602,33.426243960279265,1.0521130887469363,0.9736540357881032,0.9742328754649603,0.25334177671523445,0.22437220135094416,0.5222860219338215,48.936285077982724,-7.285711947857962
2022-11-02 08:40:00,2022-11-02 10:50:00,LONG,TP_HIT,37.12475773990069,10.2,26.924757739900688,26.92475773989888,37.32505510480093,0.004295446368748659,-0.16549197769151236,-0.039100833577485616,-5.578349310660612e-06,0.00012824623294270193,0.0023420848586478277,20.944888008531397,0.03427997702087349,33.20472128630797,1.06283487889938,0.9690967602056229,0.9680683608949967,0.2820156040351874,0.27073497987378126,0.44724941609103125,37.12475773990069,-2.928380460168018
2022-11-03 14:40:00,2022-11-03 17:00:00,LONG,TIMEOUT,-3.339001370070961,10.2,-13.53900137007096,-13.53900137007096,9.045781161783244,-10.947673107950134,-1.379193755742889,-0.05791566816118232,-0.00856914813533336,-0.00022032700288342373,0.0007639929860210337,36.54461172948654,0.03605434443314515,5.019748302374319,1.0641525350520724,0.968464547640461,0.9673829173074666,0.2443294260922534,0.2018572080986457,0.5538133658091009,0.0,-23.420916425633777
2022-11-04 10:20:00,2022-11-04 11:25:00,SHORT,TP_HIT,66.4525230161521,10.2,56.2525230161521,56.2525230161521,59.427201187819925,-2.9580487637585837,10.104023880382169,-0.12065328829140753,-0.0015166008418742106,-0.003654603229521111,-0.004155038660078242,33.75876106940546,0.02944750726406875,37.97958030623458,1.0632611655254718,0.9679277046283031,0.9688111298462252,0.23282150934980927,0.24704533146443342,0.5201331591857572,66.4525230161521,0.0
2022-11-04 11:40:00,2022-11-04 13:55:00,SHORT,TP_HIT,30.723527152353153,10.2,20.523527152353154,20.52352715235592,26.76282232852582,4.91707101722495,-0.8746173710285389,-0.08174882236907877,-0.004200531667174907,-0.00045701333446293145,-0.001719892697767969,14.687898168091623,0.03254092241301576,18.624787948059552,1.063010211569059,0.9680067803792756,0.9689830080516659,0.3154885193361223,0.26881624949148075,0.415695231172397,30.723527152353153,-33.03531303110911
2022-11-04 15:55:00,2022-11-04 17:00:00,LONG,TIMEOUT,2.7988582281230356,10.2,-7.401141771876963,-7.401141771877732,2.949476276837313,0.4622158307033458,-0.6127463952445922,-8.748417303072742e-05,0.0001943190267302031,-3.6621987845592165e-05,0.00044479911086255097,61.13150367988063,0.0335628329701243,-1.6439664972988464,1.0624272846860254,0.9692898001515393,0.9682829151624356,0.17165894629634318,0.11536419436979484,0.712976859333862,7.168873989186322,-4.502511026131312
2022-11-09 08:05:00,2022-11-09 10:30:00,SHORT,TP_HIT,35.67414023545926,10.2,25.474140235459263,25.47414023545738,38.809027945853344,-0.11181903715645278,-3.0199712059489627,-0.003097467288668554,-0.00010137189979622374,-0.0012588945286021653,-0.0023538391760760113,17.93953820751909,0.04072732397714662,23.787624263888976,1.061628185212401,0.9685749975341424,0.9697968172534568,0.28879178104850406,0.2830693547397413,0.4281388642117545,35.67414023545926,0.0
2022-11-09 12:45:00,2022-11-09 17:00:00,LONG,TIMEOUT,-41.009827928467026,10.200000000000001,-51.20982792846703,-51.20982792846702,-15.579427948469826,-0.6217452148943183,-24.856254142660095,0.04759937755721211,-0.0007472614913662281,-0.002330630553424414,-0.0015701257313900097,48.31519116950985,0.01575829325104472,-20.60452541452553,1.0609604713714362,0.9697561387130476,0.9692833899155162,0.2028630465615829,0.17065524468864796,0.6264817087497692,0.0,-50.48975926754133
2022-11-10 09:50:00,2022-11-10 11:25:00,SHORT,TP_HIT,36.10564997099917,10.2,25.905649970999168,25.905649970999168,29.959628818536714,0.04788428996417042,6.1148395808601075,-0.01670271836182735,0.000669873452746641,-0.0016741151913621675,-0.0022360323972097085,31.944970301057303,0.024640426837829743,18.02017455935102,1.0629622922664632,0.968149247464201,0.9688884602693358,0.2501526759007095,0.2303263337859761,0.5195209903133143,36.10564997099917,-1.6382289638790413
2022-11-10 11:30:00,2022-11-10 16:45:00,SHORT,TP_HIT,18.70464072281226,10.2,8.504640722812262,8.504640722810699,21.87151409748692,-1.2118306753722954,-2.0161038320151183,0.06106113271275504,0.0006587003573893242,0.0009856803360812588,-0.0016076546929068014,24.261547976221507,0.0283733837539768,28.104819949070396,1.0623663745373384,0.9683912119750213,0.9692424134876407,0.28993000020742266,0.23372726001518115,0.4763427397773962,19.506305188034613,-28.882274301145312
2022-11-11 10:55:00,2022-11-11 17:00:00,LONG,TIMEOUT,-82.06026669420903,10.2,-92.26026669420904,-92.26026669420752,-33.57796550538569,-4.248814704545706,-44.4085416631727,0.1750551788950645,-0.002535747148806347,-0.004700361180331852,-0.003264302377829667,42.575319068464204,0.018552146167072348,-32.68347531022003,1.0577770274742209,0.9713897684553958,0.9708332040703838,0.22590704083802424,0.17628453136608546,0.5978084277958903,16.8787241159224,-90.75779042416342
2022-11-15 08:10:00,2022-11-15 10:10:00,SHORT,TP_HIT,47.27207191989522,10.199999999999998,37.07207191989522,37.07207191989736,46.40237917168673,3.7534845138437727,-2.822829358583306,-0.060962407051981415,-0.002371209173143335,-0.0019398118181944625,-0.0030482141186952555,15.40078772828743,0.033224691700495246,31.010069207037198,1.0600311721093818,0.9694860435698016,0.9704827843208165,0.3189321973220966,0.26352996269751455,0.41753783998038885,47.27207191989522,0.0
2022-11-16 14:45:00,2022-11-16 17:00:00,LONG,TIMEOUT,12.505913199260332,10.2,2.305913199260333,2.3059131992632,15.731317022700656,-0.17652621042612204,-3.025906765131529,-0.02297084788267334,-0.00019363730654061966,-0.0006024481483501686,0.0012639040136942087,32.80543712081359,0.03177594537256412,18.32071192522515,1.060218369365069,0.970367454498054,0.9694141761368771,0.2535689528059535,0.2150586843220025,0.531372362872044,20.981295178638337,-0.1281893312315514
2022-11-18 15:55:00,2022-11-18 17:00:00,SHORT,TIMEOUT,-5.075321115635562,10.2,-15.275321115635561,-15.27532111563109,-3.063848402132947,-0.9316223449002862,-1.0719279661166121,-0.007922402485716518,0.002918311930314291,8.29588662766177e-05,0.0003431583592074239,56.84110181132963,0.005684837558395106,-16.920972897185397,1.0679066354481386,0.9661319548393066,0.9659614097125548,0.17391788200117642,0.15471490381284567,0.6713672141859779,0.7465347075776918,-27.310878426948115
2022-11-24 08:00:00,2022-11-24 12:00:00,LONG,TP_HIT,37.624343804004944,10.2,27.424343804004945,27.424343804008043,34.79228235891473,-0.30340000074444445,3.0968471491788168,0.038614296655843816,0.0022429165073428016,0.0009466973039360184,0.002579343670232964,32.91815121732422,0.03285532174897021,31.34870466864874,1.0721840713373298,0.9644007941575696,0.9634151345051005,0.24862763953039957,0.2326082386928178,0.5187641217767827,37.624343804004944,-7.554657253229362
2022-11-28 11:40:00,2022-11-28 17:00:00,SHORT,TIMEOUT,6.426271911457494,10.2,-3.773728088542505,-3.773728088543834,15.838816658425428,-0.18374657000341507,-9.17996456959308,-0.0488336073714386,-0.002668391700840282,0.0010294793691740715,-0.0014534351911920235,48.22030615455505,0.026481625873892023,27.265631287416785,1.0733743998255019,0.9629155756991408,0.9637100244753576,0.1999760693987338,0.18713431049954052,0.6128896201017257,19.78444720311383,-19.8661830690995
2022-11-29 11:45:00,2022-11-29 13:55:00,SHORT,TP_HIT,38.98347632778466,10.200000000000001,28.783476327784655,28.783476327784644,26.68922880812471,-1.28278703611241,13.60833567108921,-0.031301115316850314,-0.0015192842665944222,-0.0014443644530901744,-0.002459567993735895,50.69954972688454,0.030590974661831583,24.537402179834938,1.0714614039317758,0.9638104334141844,0.9647281626540394,0.18685984435221945,0.18792079449757854,0.625219361150202,38.98347632778466,-2.8662028036903386
2022-11-30 08:00:00,2022-11-30 12:45:00,SHORT,TP_HIT,38.602885565320115,10.2,28.402885565320116,28.40288556532216,37.607710755880525,1.9775137410354842,-0.9299551581678963,-0.05238377342799794,-0.0025583550920043217,-0.0004358894764611603,-0.0023913464815561863,15.976894396584008,0.028890784527457747,32.19067792832551,1.072911782940177,0.9631107467619997,0.9639774702978234,0.3074963468891129,0.27237556445888855,0.4201280886519985,40.93957986742863,-0.4035520759253033
2022-12-01 08:00:00,2022-12-01 13:30:00,LONG,TP_HIT,42.6208922075254,10.2,32.4208922075254,32.420892207529164,44.678857542166114,-8.413080999262483,5.932149007481359,0.4229666571404138,0.007366257121611049,-0.002578621306627956,0.0027531322458207164,20.12407050060317,0.06556972955514273,66.65094106568242,1.0746094014897785,0.9636788451984379,0.9617117533117836,0.2835992853986391,0.28320730297237723,0.4331934116289837,42.6208922075254,-35.4549714331418
2022-12-05 12:20:00,2022-12-05 15:35:00,SHORT,TP_HIT,38.53140458261147,10.2,28.331404582611473,28.331404582614883,34.66916811582063,-1.6351117691878556,5.587023907864468,-0.08967567188577164,0.0016633495925809593,-0.0031403104060753174,-0.002514968141449199,27.522846120086626,0.023823241078618773,8.50010128344957,1.0812837232633392,0.9590007897521511,0.9597154869845097,0.2731671862843958,0.23980732311350159,0.48702549060210254,38.53140458261147,-15.863775133950549
2022-12-07 14:55:00,2022-12-07 17:00:00,SHORT,TIMEOUT,-7.203918946152864,10.2,-17.403918946152864,-17.403918946151578,4.596894847393905,-1.3559452088560198,-10.38476875204703,-0.06009983264371943,-0.0036074519726360505,0.0011814913684110942,-0.00042322703889019486,51.09149196976642,0.04640086651256925,12.444658084319002,1.0870580049168628,0.9557749845438803,0.9571670105392573,0.1918616368333428,0.1886370715084251,0.619501291658232,19.40708305087982,-12.920974331722952
2022-12-13 11:10:00,2022-12-13 11:40:00,SHORT,TP_HIT,27.56100056116141,10.200000000000001,17.36100056116141,17.361000561161397,37.966667476644226,1.754215274165191,-12.167457531270099,0.00757534162209339,0.0011579500066987514,-0.0013694039567219024,-0.001952760891240031,5.685256669172375,0.027231802202043465,12.868146155192601,1.0850752753922532,0.9570538852708428,0.957870839336904,0.3297034761070303,0.3381732057594632,0.3321233181335065,27.56100056116141,-11.113059941671724
2022-12-15 12:05:00,2022-12-15 16:55:00,LONG,TP_HIT,46.233517295207726,10.200000000000003,36.03351729520772,36.03351729520445,46.42202499069362,0.7713074416147248,-0.9212455507058964,-0.038569586394721966,0.001130359036747934,-0.00021774014220194834,0.0036470117819373954,36.216976735081154,0.06277489443066164,60.558275958674955,1.0846467723814759,0.9586182372257221,0.9567349903928022,0.24543647905989896,0.21943152561277035,0.5351319953273307,46.233517295207726,-18.373024320317878
2022-12-16 11:05:00,2022-12-16 16:55:00,LONG,TP_HIT,8.483649224893693,10.2,-1.7163507751063065,-1.71635077510512,21.167851640012607,-1.5927101595029622,-11.170749322985015,0.07925706736906513,0.0037610152875096957,-0.0010961934592117395,0.0020898808745748385,55.915377698092406,0.04947965238520369,42.82693457576424,1.089473489998401,0.9560054497865775,0.9545210602150214,0.1782180724828194,0.1765181671748972,0.6452637603422835,34.960950420140485,-18.0897067201063
2022-12-21 13:15:00,2022-12-21 14:05:00,SHORT,TP_HIT,45.96894390288414,10.2,35.768943902884146,35.768943902885326,29.691227493353935,3.185466235410874,13.125766598444464,-0.03351642432512847,-0.0013634095072244776,-0.0015198141622520043,-0.0028936241936629303,43.23730631681912,0.0722626604265364,32.265051225823306,1.081679284080154,0.9580764180535248,0.9602442978663209,0.23162739630856533,0.17786572297880832,0.5905068807126265,45.96894390288414,-3.7292466728513
2022-12-22 13:15:00,2022-12-22 17:00:00,LONG,TIMEOUT,-4.413378473204915,10.2,-14.613378473204914,-14.613378473204914,1.7957832366490298,-0.0757671010649794,-6.155452961088805,0.022058352299840323,0.0023473338442916215,-0.0006839657159465575,0.00016772319803085023,49.25889358339013,0.032374528423129156,0.5867369212784936,1.078155227036608,0.9614080044080431,0.9604367685553492,0.1986236038025966,0.1861276722235562,0.6152487239738472,13.557118937113907,-32.53293041071759
2022-12-27 08:00:00,2022-12-27 10:35:00,LONG,TP_HIT,64.84213534935363,10.2,54.64213534935362,54.64213534935176,74.33336096334257,0.13060492995429396,-9.671712682371984,0.04988213842875666,-0.003060595987602666,0.0037832656836443187,0.004621757803209475,17.50284179067842,0.04707035759648481,41.65230052141692,1.0772203612825582,0.962095874722668,0.9606837639947735,0.2987141253333637,0.2792874224616157,0.42199845220502064,64.84213534935363,-11.372736006365026
2022-12-30 11:10:00,2022-12-30 13:35:00,LONG,TP_HIT,70.44173840940076,10.2,60.24173840940075,60.24173840940075,35.83758797750991,0.03694768534335376,34.46366241353553,0.10354033301194931,0.0004684250563247849,0.0031463742316428446,0.003683230965544418,53.857711686961686,0.036528787284578756,32.37452462752921,1.0769263458532685,0.9620847588826342,0.9609888952640969,0.18456899912460925,0.17072123309981443,0.6447097677755763,70.44173840940076,-26.487167529405017
2023-01-06 11:40:00,2023-01-06 15:10:00,LONG,TP_HIT,49.80425014486749,10.199999999999998,39.60425014486749,39.604250144867486,48.89019181786475,1.4894004456642818,-0.5770026235357091,0.0016605048741666906,0.0011357184639274286,0.0008125652576840389,0.0032937456090266215,17.63286353940331,0.04113884994813577,44.498409783750915,1.0683567582870914,0.9664387036056763,0.9652045381072323,0.3059613396492875,0.2588550124783397,0.4351836478723728,49.80425014486749,-9.468164822528438
2023-01-09 12:05:00,2023-01-09 16:40:00,SHORT,TP_HIT,23.36790790201253,10.2,13.16790790201253,13.167907902010782,22.661099662842787,0.018267188318225026,0.6709184928440979,0.01762255800741741,-1.138861366423177e-05,-0.00013815144182990061,-0.0018559041560065326,31.654650929147476,0.02619281821282793,22.842661216169983,1.0681642335333914,0.9655249909601118,0.9663107755064966,0.2622073239591475,0.21387652113391764,0.5239161549069348,23.36790790201253,-13.28038365198369
2023-01-10 12:10:00,2023-01-10 17:00:00,SHORT,TIMEOUT,-6.7793135094288655,10.2,-16.979313509428863,-16.979313509428863,-5.093663381575423,0.13036911541507504,-1.8138425412450694,-0.002176702023447774,-9.069883458214495e-05,0.0005084095672018447,0.0003967220612543093,29.10730390116295,0.014961660954659894,-13.408402799074326,1.0705834476912734,0.9644838512400434,0.9649327010686832,0.26975557485886265,0.22457021164265475,0.5056742134984825,6.346920442476776,-15.92589572798476
2023-01-12 10:30:00,2023-01-12 15:15:00,SHORT,TP_HIT,36.4825126448892,10.199999999999998,26.282512644889202,26.28251264488693,31.40296335880443,6.69171884300086,-1.5388752234145862,-0.07329433350150794,-0.0032521278343154315,-0.0004131188234374247,-0.0019551874871718833,9.769214589990627,0.03689175260514488,23.537413528581613,1.066154669433816,0.9663692889940148,0.967476041572169,0.3428297844959219,0.2797390348020859,0.37743118070199216,36.4825126448892,-5.086056283320525
2023-01-12 15:25:00,2023-01-12 15:30:00,SHORT,TP_HIT,51.054807670004536,10.2,40.85480767000453,40.85480767000504,45.92481991834754,4.092168706127913,0.9665833978960012,0.0712356476330811,-0.0012257034363421712,-7.346863810827935e-05,-0.005774861064043624,50.67603896910035,0.06513886589266105,95.86704951328916,1.0673033398697338,0.9653712470767433,0.9673254130535232,0.21443639499864076,0.13940160765517787,0.6461619973461813,51.054807670004536,0.0
2023-01-20 08:55:00,2023-01-20 10:10:00,LONG,TP_HIT,26.382850164850048,10.2,16.18285016485005,16.182850164848343,24.3907320616003,1.0782524073150734,0.9513699655866781,-0.03750426965200404,-0.0017772101364661253,0.0005470028552723706,0.0017031454613916225,29.61948382017389,0.0256125481579772,16.022226223479525,1.0714978330774496,0.9646352716836448,0.9638668952389056,0.2560621868039143,0.24747473541721496,0.4964630777788708,26.382850164850048,0.0
2023-01-20 12:50:00,2023-01-20 17:00:00,LONG,TIMEOUT,6.783183500089511,10.2,-3.416816499910488,-3.416816499914125,8.781538363652764,-0.6683179614885475,-1.3223426936069873,-0.007694208467717623,-0.00024114966818576184,-0.0002042616413024892,0.0007861063407221119,35.26535846435305,0.031233516043999154,5.927392242137529,1.072075878993172,0.964430563244074,0.9634935577627539,0.26060298419737826,0.19337171557954566,0.5460253002230762,15.592490081621385,-10.8837311817852
2023-01-23 13:15:00,2023-01-23 16:30:00,SHORT,TP_HIT,36.8760257692235,10.200000000000001,26.6760257692235,26.6760257692235,35.6260470789653,0.8381732927770762,0.3222465922266794,0.08955880525444826,0.0029580883939887845,-0.0007566670103568613,-0.0024097157805898356,24.364952747501547,0.05182871573542469,26.70831391178994,1.0699807802130503,0.9642321791574434,0.9657870406295062,0.2737967182805933,0.25853204062224683,0.4676712410971598,36.8760257692235,-11.453857576654798
2023-01-26 08:45:00,2023-01-26 09:20:00,SHORT,TP_HIT,27.875651388220344,10.2,17.675651388220345,17.675651388220345,22.127722860667937,-0.30877447671700675,6.068550662799213,-0.011847658529799077,0.0006023526354345825,-0.0013483475677134697,-0.00173486369999315,31.80923351400422,0.025034294355114062,11.350513972290141,1.0602539823987511,0.9694974943852978,0.9702485232159512,0.253778690054096,0.22255723279087114,0.5236640771550328,27.875651388220344,-1.945089912692971
2023-01-26 10:30:00,2023-01-26 11:20:00,SHORT,TP_HIT,26.23908769727261,10.2,16.03908769727261,16.039087697273988,19.651296495282864,0.7510284551502266,5.848152471352314,-0.011389724512795851,-0.0006823296949121833,-0.0009661043961817043,-0.0016536661731747782,34.70868095801212,0.025508243774235995,12.801465771342162,1.060679118007747,0.9692778173395129,0.9700430646527399,0.2480799094539217,0.20725155395543604,0.5446685365906423,26.23908769727261,0.0
2023-01-26 13:05:00,2023-01-26 16:40:00,LONG,TP_HIT,27.00199475540779,10.2,16.80199475540779,16.80199475540779,23.132007007309472,1.1618944006519176,2.711445120807577,-0.0033517733611780898,0.00037339262093016027,0.000529095714808877,0.0019758233952086868,30.774855141646707,0.023716195558604047,22.20350761475409,1.0604092941903949,0.9701510958381816,0.9694396099714235,0.2838170268601066,0.20421721086171316,0.5119657622781802,27.00199475540779,0.0
2023-01-27 08:50:00,2023-01-27 12:50:00,SHORT,TP_HIT,26.813386145528256,10.199999999999998,16.61338614552826,16.61338614552978,23.39760391582765,1.348654115354325,2.0743690602207314,-0.007240945874450233,-0.00076976991128551,-0.0006751085903969271,-0.0017962239749065717,26.16664417650062,0.019178294533478413,17.689253228545954,1.0612680088905992,0.9690783211366982,0.9696536699727025,0.2828680515315894,0.2277327533517022,0.48939919511670843,26.813386145528256,-7.282702947270917
2023-01-30 12:00:00,2023-01-30 17:00:00,SHORT,TIMEOUT,17.545200483599253,10.200000000000003,7.34520048359925,7.345200483596598,12.590024213905153,2.4339579888787366,2.53582383348963,-0.014605552674268552,-0.0016866254630777265,-0.0002658050931072166,-0.0012395525958570491,44.055912854121466,0.011299168622341815,10.84648144890678,1.064381202429605,0.9676399112558625,0.9679788863145327,0.22088554887017192,0.1774033599240359,0.6017110912057921,18.12169419639735,-3.697618413099444
2023-01-31 13:25:00,2023-01-31 17:00:00,SHORT,TIMEOUT,-2.310566761862237,10.2,-12.510566761862236,-12.510566761857596,-6.435293987043907,1.8820282487591942,2.329350039096516,-0.08665106267403999,-0.0057877151616884314,0.0012465743738384436,0.00040945495067507,16.233169273438694,0.025066810933987993,-6.590777412198674,1.0653110607141554,0.9669684674789123,0.967720471806932,0.30343439702776415,0.27319574473392877,0.42336985823830703,8.243377329316509,-19.481706082310076
2023-02-03 12:10:00,2023-02-03 17:00:00,SHORT,TIMEOUT,-16.22501229818294,10.2,-26.42501229818294,-26.42501229818294,-8.039526934875267,-10.883189183083868,2.658271078166257,0.03943274160993582,0.0038170951826027068,0.0017928364540231439,0.0005470039163796014,14.398251294362025,0.028441479774138356,-6.952897692462235,1.064180208987599,0.9674832733095884,0.9683365177028126,0.3374183562492483,0.25929956540356575,0.403282078347186,8.329521095477737,-55.30058662466817
2023-02-08 08:50:00,2023-02-08 17:00:00,LONG,TIMEOUT,-17.779703098187348,10.2,-27.979703098187347,-27.979703098187347,-13.512221776347964,6.397904437537087,-10.83414530104871,0.16875954167224094,0.004934405635136859,-0.002765901135522353,-0.0010580988979000394,28.206266308446192,0.02464075418721068,-9.157077018921143,1.0574483258862104,0.971645448369703,0.9709062257440868,0.27127950385160443,0.22332891653196676,0.5053915796164287,25.787740715428445,-17.779703098187348
2023-02-09 09:25:00,2023-02-09 14:00:00,SHORT,TP_HIT,25.995578259603576,10.2,15.795578259603577,15.795578259602069,20.476198275710253,0.2924026486126071,5.207510518601463,0.019466816679251764,0.0018219495296562694,-0.0007933432537384918,-0.0017087508962727593,38.94515311180452,0.018056524050980016,15.20452118638299,1.060880079351153,0.9692891124636587,0.9698308081851881,0.22670772943695147,0.20975137982653344,0.563540890736515,25.995578259603576,-3.509035133342442
2023-02-20 09:50:00,2023-02-20 17:00:00,LONG,TIMEOUT,9.326517390354976,10.2,-0.8734826096450234,-0.8734826096450163,18.114150986178508,-9.994952871927579,1.235926097854672,-0.02860682175062479,-0.0025654799377159833,0.0003619942301450079,0.0014654433403999828,26.253233457438323,0.02045265143958419,15.309572011022679,1.0549773414593713,0.9728181190419083,0.9722045394987208,0.3106119136115229,0.21342787590704693,0.47596021048143017,24.716205381596467,-15.133488461600503
2023-02-21 08:40:00,2023-02-21 11:45:00,LONG,TP_HIT,53.729369006994034,10.2,43.52936900699403,43.52936900699208,48.77984590715796,4.554904252889426,0.23553509230917216,0.1590837546374715,0.004846249933915687,0.0002811421645607016,0.0033948944125587466,21.184664925024645,0.04916259474064266,49.73173141777582,1.0555872168228497,0.9729438305096848,0.9714689526674656,0.2923299598771749,0.24791169543628935,0.4597583446865358,53.729369006994034,-16.87564960455002
2023-02-23 15:25:00,2023-02-23 17:00:00,LONG,TIMEOUT,17.24784598262475,10.2,7.04784598262475,7.047845982622658,13.044023996242384,-0.8777299839681943,5.09033532422949,-0.008783353878929034,-0.0006856009900966195,0.0004207445411012346,0.0014314617070427527,51.358334415232754,0.03579036726386042,13.210006163541166,1.0618549727860565,0.9696093691159295,0.9685356580980138,0.19621887706005262,0.15695522131602055,0.6468259016239268,18.969582241176727,-4.88391718492916
2023-02-24 09:20:00,2023-02-24 10:20:00,SHORT,TP_HIT,32.91027989948095,10.2,22.71027989948095,22.71027989948095,30.061004738558754,7.0485533154728035,-4.2028829087820565,0.00360475423144635,0.002424503924395807,-0.001500842217443913,-0.0017561954536798041,21.067094134796978,0.014818107799902114,10.241761827481929,1.062991815029523,0.9682818208682398,0.9687263641022369,0.26801681884906936,0.29557883213496733,0.4364043490159633,32.91027989948095,0.0
2023-02-24 11:30:00,2023-02-24 14:20:00,SHORT,TP_HIT,32.31774522626115,10.2,22.117745226261153,22.117745226261157,30.41397854678248,-0.06971008712586796,1.9461457974685992,0.027330969135938687,6.202896754771667e-05,-0.0003753530422489427,-0.002465599632819407,33.39049592543777,0.012840283361947868,32.9667799209314,1.0635824233021731,0.9680161840984842,0.9684013925993427,0.2529950300810922,0.21245095474757283,0.5345540151713349,32.31774522626115,-0.6086005754616584
2023-02-27 15:25:00,2023-02-27 17:00:00,SHORT,TIMEOUT,0.32907084044226753,10.2,-9.870929159557733,-9.870929159557967,2.0076160486406436,-0.7915925361905136,-0.8894384986304497,0.0024858266225872283,0.0007944367469962608,0.00010066576686081094,-0.00018687951593361618,43.66461496292368,0.020900414529578804,-5.948734993561524,1.0637097171703989,0.967831635196857,0.9684586476327444,0.21900943527685066,0.18372585055289456,0.5972647141702547,15.329745856003836,0.0
2023-02-28 11:40:00,2023-02-28 17:00:00,LONG,TIMEOUT,-13.243414684490538,10.2,-23.443414684490538,-23.443414684490534,4.780508991052452,1.6380536644791799,-19.71297659643294,0.050999256410770855,0.0013002674603589332,-0.0023310675643752913,0.00043952279238951286,42.46075207084315,0.03242554482505433,18.097192403811388,1.063315556468849,0.9688286049379513,0.9678558385931997,0.2249400709442189,0.18431773437246904,0.5907421946833121,5.140206222300304,-43.09296025576117
2023-03-03 11:45:00,2023-03-03 15:55:00,SHORT,TP_HIT,2.4130746433251993,10.2,-7.7869253566748,-7.7869253566735,8.585916755634221,-0.7241537415975265,-5.487699689907719,0.03901131919622358,0.0019436790091986885,0.0007085183521993392,-0.0007595257507026221,42.58453138987104,0.026666581473139273,8.963459854478824,1.0678296100680316,0.965685196243887,0.9664851936880813,0.21949933089933557,0.19600736079759573,0.5844933083030688,2.4130746433251993,-34.48442136050961
2023-03-10 12:20:00,2023-03-10 15:25:00,LONG,TP_HIT,59.73403979565003,10.200000000000001,49.534039795650024,49.53403979565002,58.51899900859808,-0.14945050916629674,1.4670234565464642,-0.10253216032821655,-0.00018146874250719693,0.0005492638606108533,0.004305099605280777,29.965932221865277,0.0585360839175153,66.27323043822152,1.0734215647188117,0.9641672588993568,0.9624111763818315,0.2642331813884511,0.2309310655523037,0.5048357530592452,59.73403979565003,0.0
2023-03-14 13:15:00,2023-03-14 14:45:00,SHORT,TP_HIT,40.497680742580854,10.2,30.297680742580855,30.29768074258391,40.510926330324736,-4.714105286602269,4.749511186435027,-0.04865148757664173,-0.0025675922822160136,-0.0013529592210550349,-0.002907789594758209,38.59043322816839,0.0351378280087411,35.231250773510965,1.0769560516852337,0.9609949067372521,0.9620490415775143,0.22045061566620852,0.23741612342247076,0.5421332609113206,40.497680742580854,-7.623585624066937
2023-03-15 08:40:00,2023-03-15 13:20:00,LONG,TP_HIT,46.13544767899569,10.2,35.935447678995686,35.9354476789958,45.90809777552924,-4.319523800368948,4.531449687338975,0.015424016496417892,0.001994325351351765,-0.000989516804506134,0.002582160561859656,17.32379310809115,0.034785440535672896,48.298270928738866,1.0754453881743067,0.9627990875208818,0.9617555243048116,0.2862126010436558,0.3032635645100977,0.4105238344462465,46.13544767899569,-31.930553524899988
2023-03-17 13:50:00,2023-03-17 16:30:00,LONG,TP_HIT,48.941411551568486,10.2,38.74141155156849,38.74141155156995,42.91071489690225,0.9059666296122937,5.098848672810772,0.02588135224316801,0.0015104660508729886,0.001224671198008946,0.0033315260297719224,34.841481103666744,0.051662699978799465,43.053813609176956,1.0767425926863305,0.9624036441565167,0.9608537631571527,0.2478887290723283,0.22066998347372355,0.5314412874539481,48.941411551568486,0.0
2023-03-21 13:25:00,2023-03-21 17:00:00,LONG,TIMEOUT,16.047805163390194,10.2,5.847805163390195,5.847805163390195,14.682572539458551,-0.11418969901714429,1.4917954805301294,-0.012373157581343719,-0.0013190456819661064,0.0004454260388042125,0.0010816720124799534,33.49031902022023,0.02065444690995122,5.791447961119314,1.072231878675442,0.9641938773659283,0.9635742439586298,0.24803008656863865,0.22838173741258527,0.5235881760187762,29.952636293560836,-2.2829361326669213
2023-03-24 09:20:00,2023-03-24 12:40:00,LONG,TP_HIT,43.46482959191595,10.2,33.264829591915955,33.26482959192211,49.454166885410984,0.056864274210892116,-6.055531234826373,0.009329667120447027,0.0007617597016616976,0.0012707788032437608,0.0028552703255191186,12.322973330466901,0.031970910377449036,33.53197995922102,1.076963229199703,0.9619979490558102,0.9610388217444867,0.31561491934176134,0.2930886780397405,0.3912964026184982,43.46482959191595,-14.682091890890847
2023-03-27 11:00:00,2023-03-27 12:55:00,SHORT,TP_HIT,20.500489675153148,10.200000000000001,10.300489675153147,10.300489675153148,22.815220996953688,1.5103414423938104,-3.8988738478522134,0.07380108365786242,0.0013290624472871977,0.0005680733619273457,-0.0018659369483165766,46.16722700009632,0.026752860246898047,29.107536624527338,1.0760470468324799,0.9615751836800566,0.9623777694874635,0.20068295073503611,0.20653494225973834,0.5927821070052256,20.500489675153148,0.0
2023-03-27 13:50:00,2023-03-27 17:00:00,LONG,TIMEOUT,2.156848394425691,10.2,-8.043151605574309,-8.043151605572843,-0.6403501731728657,2.3741657231118274,0.42437963975739307,-0.0013467952706638364,0.0009915717222950275,0.0001397917105791451,-4.897648060518678e-05,28.053680884453193,0.01337518343227373,-11.603106840178173,1.07527824925932,0.9625615031218242,0.962160247618856,0.2795304681946942,0.21996636148038698,0.5005031703249189,13.051236110030851,-1.2600130894664847
2023-03-28 09:10:00,2023-03-28 12:55:00,LONG,TP_HIT,27.14824140986078,10.2,16.94824140986078,16.948241409859126,27.487631461704183,-0.33532439074845777,0.01858805642786647,-0.02265371752281098,-0.0002552398861475451,0.00031725888590984164,0.0018636024509534055,22.494536786723277,0.028626767545536502,22.279979062503497,1.0757788291827046,0.9625399869218306,0.9616811838954645,0.29074612666991856,0.24858563445071835,0.46066823887936303,27.14824140986078,-0.16503598373299955
2023-03-28 13:25:00,2023-03-28 17:00:00,SHORT,TIMEOUT,13.411791752573533,10.2,3.211791752573534,3.211791752573534,14.521587965581459,-0.08837373161202458,-1.024984176150697,0.0035616947547971733,-0.00043944240349758,0.0002050479073655046,-0.0011303271738303672,39.1328558909208,0.020267401166879084,13.42065837255087,1.0763091194224716,0.9615414292712612,0.9621494513062675,0.2286431596869387,0.2168629500543565,0.5544938902587049,18.201455051479233,-17.593004658854813
2023-03-29 12:05:00,2023-03-29 16:50:00,SHORT,TP_HIT,33.565456100231806,10.2,23.365456100231807,23.365456100233207,37.98373620181975,0.673858102579416,-5.044043604284092,-0.048094599883270917,-0.002957219987241036,0.0006245252180262398,-0.003363805073110404,46.560892827672646,0.03594697122955015,61.760197087472235,1.0769593619115378,0.9609811144757878,0.9620595236126743,0.20766884300057495,0.19034632069403182,0.6019848363053933,33.565456100231806,-34.403626262072166
2023-03-30 08:05:00,2023-03-30 16:40:00,LONG,TP_HIT,19.715958986299377,10.199999999999998,9.51595898629938,9.51595898630126,14.988967212629177,-8.15256605043669,12.77119573612935,0.10836208797753955,0.0029621131853117817,-0.002497485176339472,0.0008182312294357091,17.545650313831608,0.015567325790505349,29.398441809552637,1.0742720802384111,0.9630974697676519,0.9626304499939367,0.28191685678336276,0.3084010114378987,0.4096821317787385,19.715958986299377,-17.012784080665078
2023-03-31 10:45:00,2023-03-31 15:40:00,SHORT,TP_HIT,19.500195797184087,10.2,9.300195797184088,9.30019579718516,16.756825067301747,0.8168316971312939,1.9353302548724869,-0.008791222121441677,-0.0013186696320016719,-0.00016834544525051718,-0.0017550363486199677,55.28126930479572,0.0174089120324461,22.935345142985366,1.078477655197468,0.9605000387207792,0.9610223060817527,0.18303902300525898,0.1609666702311022,0.6559943067636389,20.90386579596936,-28.207075247328113
2023-04-07 08:00:00,2023-04-07 11:05:00,LONG,TP_HIT,22.5451311242112,10.199999999999996,12.345131124211203,12.34513112420981,22.233740181438325,-0.27224657070549246,0.601103090425736,-0.0174655769473695,-7.519120051668533e-05,0.0001687890328644453,0.0017789335501034037,29.26068984210971,0.024783424298258083,22.20234838148848,1.0792354927435877,0.9607540049926802,0.9600105022637324,0.2885636195252177,0.20941474102684265,0.5020216394479398,22.5451311242112,-9.422694314563163
2023-04-07 11:35:00,2023-04-07 13:40:00,SHORT,TP_HIT,42.802033602886084,10.2,32.60203360288608,32.602033602884006,60.29215181896195,-0.16701154987032696,-17.25984725289306,-0.06325941331247975,-0.000386664380139784,-0.003166397639265489,-0.0033717666635950105,12.249340058257937,0.03376313277557719,26.594497272430182,1.0790435246908503,0.959971790662941,0.9609846846462085,0.31230613624384534,0.3001420385459501,0.38755182521020454,42.802033602886084,0.0
2023-04-12 10:00:00,2023-04-12 11:25:00,SHORT,TP_HIT,33.45563970883848,10.199999999999996,23.255639708838487,23.255639708838487,28.998464386745837,2.2879579226666458,2.1976326562099313,-0.028415256783929976,-0.0018541546939349167,-0.0007244358076646096,-0.002145097965083373,30.718411190758037,0.02737203770133978,26.092192851204075,1.0737637167438534,0.9627075610625533,0.9635287221935935,0.26327522626973227,0.22447855521714494,0.5122462185131228,33.45563970883848,-0.1718890380704714
2023-04-14 10:00:00,2023-04-14 16:35:00,SHORT,TP_HIT,24.091320793665695,10.2,13.891320793665695,13.891320793664274,38.959671873624615,-2.2446817090991376,-12.514372277000845,-0.1092970938589346,-0.0036689941154139654,0.0021880020966916405,-0.003069466864251566,41.66486495901929,0.04351128846526442,70.28506807821408,1.073998360894388,0.9623481502258271,0.963653488879785,0.21751900890885636,0.21284787772255728,0.5696331133685865,24.091320793665695,-23.95509387451976
2023-04-19 12:25:00,2023-04-19 15:30:00,LONG,TP_HIT,20.38934001278529,10.2,10.18934001278529,10.189340012783692,22.624428821696767,-3.673131564086186,1.5013798361853459,-0.06333708101063706,-0.0026629304172373016,0.0002402557811555317,0.0018895355820982146,38.219205823225025,0.026954571620274592,23.151310540703832,1.0690741799433736,0.9658672286026174,0.9650585914540092,0.2400982550871195,0.19854047806851338,0.561361266844367,20.38934001278529,-5.956579511342504
2023-04-21 10:45:00,2023-04-21 12:30:00,SHORT,TP_HIT,50.7147976526705,10.2,40.514797652670495,40.514797652670495,32.806441388343146,-0.13291557727430972,18.095174794052934,-0.05390295245126708,-0.001193211256250456,-0.002190240106517834,-0.0028436857267911536,45.78499845457171,0.02785735082120877,25.914123701135228,1.0640757797439298,0.967544249865717,0.9683799703903533,0.20549842382519845,0.19037845650072396,0.6041231196740776,50.7147976526705,-12.876899833479357
2023-05-10 11:45:00,2023-05-10 12:45:00,SHORT,TP_HIT,21.741799865744312,10.2,11.541799865744313,11.541799865742636,20.871847886196186,-0.6722878121751856,1.5622006601462917,-0.019960868422980838,-0.0006902659403108046,-0.0017997923848933174,-0.0013861337616712238,30.739881124930456,0.013580876706442702,1.043605438757238,1.0793854865002146,0.9601035435992962,0.9605109699004895,0.25111385694621846,0.25171640969232395,0.49716973336145753,21.741799865744312,-8.02434773575876
2023-05-10 13:30:00,2023-05-10 17:00:00,LONG,TIMEOUT,7.310294878805435,10.200000000000003,-2.8897051211945675,-2.8897051211945657,8.53202961460818,-2.085227993205441,0.8861262382376651,-0.02263298083496945,-0.0019341795815169794,-0.00014093836788520736,0.0004773394215845522,7.078628240990907,0.0271189845829245,-1.8656437284071075,1.0804431040627167,0.9601852327373857,0.9593716631998979,0.33814947916857974,0.29898158582859413,0.3628689350028261,11.047302848208396,-36.3735798426679
2023-05-11 13:15:00,2023-05-11 17:00:00,SHORT,TIMEOUT,0.24351164469704667,10.2,-9.956488355302952,-9.956488355297608,2.24934170824719,0.45323411656704726,-2.4564875473794943,-0.0025766327376963716,0.00036415631276441834,-0.0004795870001598377,-0.00012551351784761272,15.457056222699636,0.014618046025621778,-12.474393135088189,1.0820600594146053,0.9587506996023131,0.9591892409830818,0.2977430156931782,0.30116072755462586,0.40109625675219607,10.354484987489913,-16.836257504266058
2023-05-17 13:10:00,2023-05-17 17:00:00,SHORT,TIMEOUT,0.7143989838105327,10.2,-9.485601016189467,-9.485601016187744,1.3693196140928003,-1.64982409527186,0.9971791541018096,-0.002275689112217316,0.0008442561696677071,-0.00022536904275982138,-0.00010908485070831864,33.99379644582612,0.007823297776970994,-11.065211187925602,1.0809810828610078,0.9593921091028416,0.9596268080361507,0.2584972370326631,0.2101473312890804,0.5313554316782566,13.69976132492961,-13.899374590410359
2023-05-19 08:35:00,2023-05-19 11:25:00,LONG,TP_HIT,41.46006606500725,10.200000000000003,31.260066065007244,31.26006606500536,44.779029296953325,-0.5069029411143176,-2.7295283926276976,-0.08253189820405993,-0.0016927819764748673,0.0007263705846860021,0.002658616841324471,16.00742487098551,0.04578787091821801,31.919189674290163,1.0829818493753949,0.9591958933760758,0.9578222572485293,0.305842280907917,0.2825486551612235,0.4116090639308594,41.46006606500725,0.0
2023-05-22 14:00:00,2023-05-22 17:00:00,SHORT,TIMEOUT,21.036371899919175,10.2,10.836371899919175,10.836371899921115,19.936353468428575,1.7076741041231254,-0.5868632221785872,-0.020792450453939182,-0.0018257142437547197,-0.0005007582340006456,-0.0012913567174670446,21.785690707583882,0.021998848923304726,12.383721987399493,1.0855313022216766,0.956904366155312,0.9575643316230111,0.2910948130806928,0.25970992757333994,0.4491952593459673,21.036371899919175,-3.437467993268655
2023-05-23 11:30:00,2023-05-23 12:55:00,SHORT,TP_HIT,29.12424326602989,10.199999999999998,18.92424326602989,18.924243266031024,17.89392663951073,0.40629796754447706,10.817657418313804,0.006361240660876177,0.0013959125034773972,-0.0009530235627459226,-0.0018253214849515628,58.26537353107193,0.024256616763779215,14.156571614483077,1.0845292244695297,0.9573715385137784,0.9580992370166919,0.16969774766766915,0.16526263086914886,0.665039621463182,29.12424326602989,-6.655646751096148
2023-05-23 15:30:00,2023-05-23 17:00:00,LONG,TIMEOUT,4.758090030696925,10.2,-5.441909969303074,-5.441909969307261,7.704462123740923,-0.38154074728938203,-2.5775271801916535,0.01269583443703759,0.0016274959636626886,-0.0002836369843821714,0.0007094625911818336,52.35704603544744,0.029816172104196736,7.937045501238401,1.0846302618804011,0.9581321116413624,0.9572376264782365,0.18914156049856465,0.18231377775730664,0.6285446617441287,4.758090030696925,-4.117339105360924
2023-05-26 12:45:00,2023-05-26 16:50:00,SHORT,TP_HIT,21.85112458273575,10.2,11.65112458273575,11.65112458273575,27.69832948314604,-2.6517976037136055,-3.281680849874354,0.08627355317766927,0.0008550708329576383,0.0009101632420870613,-0.002158602465449924,29.863017565651116,0.03572290856284632,39.831693157766914,1.0745413008538902,0.9621935059446121,0.9632651932014974,0.28044348151337223,0.21046317141505835,0.5090933470715695,21.85112458273575,-20.797522177605142
2023-05-30 13:45:00,2023-05-30 17:00:00,LONG,TIMEOUT,35.56755614257026,10.2,25.367556142570262,25.367556142570265,31.709281046657633,3.205852739963492,0.565848989190962,0.08657336675817362,0.003831593483025247,0.00011134927495273306,0.0024781260725949966,37.62247465593669,0.04195666054608305,40.023550315996786,1.0714739435388827,0.96489237813875,0.9636336783223676,0.23929516146994254,0.20771920223231602,0.5529856362977414,40.49475576669413,-2.5324943161554185
2023-06-07 09:40:00,2023-06-07 13:35:00,SHORT,TP_HIT,24.293749472278158,10.2,14.093749472278159,14.093749472279756,26.61538401680464,-0.28080500134804687,-2.056706270577315,0.015876727398879353,-0.0006878872995982985,0.0005171827267371631,-0.001934084857417015,34.505594337764514,0.033367224867925094,32.83906890985068,1.058337433399197,0.9703307749273826,0.9713317916734204,0.23912007583071962,0.22426304038016096,0.5366168837891195,24.293749472278158,-5.331216221080106
2023-06-07 13:55:00,2023-06-07 17:00:00,LONG,TIMEOUT,12.124293081982824,10.2,1.9242930819828246,1.9242930819869135,15.18141464794065,-0.3033611705407861,-2.760733025161594,0.006972629744552705,0.0015166919666882502,0.0007355445404157369,0.000876391633665527,14.051159073554606,0.01812607148464762,0.08984787061412192,1.0575089546807854,0.971517413731877,0.9709736315873376,0.3072038782513588,0.28191093458744426,0.41088518716119693,24.914918884737986,-10.13283340249623
2023-06-08 10:55:00,2023-06-08 11:20:00,SHORT,TP_HIT,22.587868840363086,10.2,12.387868840363087,12.387868840364362,13.90502955123473,-0.4646766706327109,9.148251243126051,-0.0007352833649818535,0.00031104866553497736,-0.0007263746959893689,-0.001511627706018398,52.66556626409563,0.01704171828480483,13.277002299424023,1.0579235689715392,0.9707825897399583,0.9712938412885025,0.19117479393816864,0.14948288067587082,0.6593423253859606,22.587868840363086,0.0
2023-06-09 08:05:00,2023-06-09 09:10:00,SHORT,TP_HIT,30.73399195216559,10.2,20.53399195216559,20.53399195216559,38.997276701886015,-4.793468931946764,-3.447695767706908,-0.022120050066757102,-0.0014474371943959125,-0.0010080508693262173,-0.002154588760800158,22.049112401159636,0.01987746816317082,23.23603120322087,1.058047586216294,0.9706780448694057,0.9712743689143007,0.26308901508029947,0.2927607085104113,0.4441502764092891,30.73399195216559,-8.086675942988613
2023-06-09 11:55:00,2023-06-09 13:15:00,LONG,TP_HIT,33.27242124499041,10.2,23.072421244990412,23.07242124498872,32.67799071283695,-0.9124852637628627,1.490060280573069,0.016855515343252137,0.0010703430400624747,0.0010275577313967122,0.0021659405455932285,29.3253178385374,0.029749386959410096,23.290446904768178,1.0582318453282502,0.9713303181402662,0.9704378365314839,0.25406928695723147,0.2444036075621107,0.5015271054806577,33.27242124499041,-23.042551061787922
2023-06-12 12:40:00,2023-06-12 16:30:00,SHORT,TP_HIT,31.588145421463416,10.200000000000001,21.388145421463413,21.38814542146173,27.309587539130973,4.132301658786307,0.19398005472745875,-0.047723831181322396,-0.0026421231983751775,-3.62489578462203e-05,-0.002170346314135374,33.69060883425408,0.03429418439541143,32.007330280084574,1.057334096528948,0.9708185389695948,0.9718473645014571,0.25342123715538123,0.20483633725103897,0.5417424255935798,31.588145421463416,0.0
2023-06-14 11:40:00,2023-06-14 17:00:00,LONG,TIMEOUT,9.480882352941965,10.2,-0.7191176470580345,-0.7191176470596616,11.351100180281913,1.0067215616605996,-2.8320201104167038,-0.04491927858384415,-0.0007362524012231342,-0.00152346576809443,0.0007571261159719095,31.58774832808961,0.037273435913665054,18.995857830550957,1.0593363461349277,0.9708909284712411,0.9697727253938312,0.24398395721924745,0.24398395721925448,0.512032085561498,30.91183155080083,-14.395989304815453
2023-06-19 09:55:00,2023-06-19 13:55:00,SHORT,TP_HIT,56.714728130900795,10.2,46.51472813090079,46.51472813089198,52.43228090005637,0.05919307104369726,4.170270971753682,0.052983188047051044,0.00010696788834186422,-0.0009508071257132344,-0.003834812805665347,35.75999708879288,0.034642161034864616,57.82043607845531,1.0565081034612165,0.9712263158538686,0.9722655806849145,0.2339038058654491,0.22126380762273032,0.5448323865118205,56.714728130900795,0.0
2023-06-26 09:40:00,2023-06-26 11:25:00,LONG,TP_HIT,36.49178086117552,10.2,26.29178086117552,26.291780861175525,40.872906012279444,-3.6861622345580445,-0.7124887417040088,0.01752582515813117,0.002112985153740333,-0.00012012289510616332,0.0031042365630529617,45.20595653712939,0.05116344481951862,53.82831572672701,1.068239954196621,0.9666474745739824,0.9651125712293968,0.19983984454322298,0.2119584123755964,0.5882017430811806,36.49178086117552,-4.023198840333793
2023-06-28 13:55:00,2023-06-28 17:00:00,LONG,TIMEOUT,31.513040878129523,10.2,21.313040878129524,21.313040878129524,35.06703687316964,-1.5792668136951824,-1.9321924413478315,-0.04253673999710372,-0.0014277311701586441,0.0007550992577577953,0.002122369643019234,16.669505999005178,0.04697950619702018,24.924534478384793,1.0662925644837,0.9675584103511052,0.9661490251651946,0.3070954866818414,0.26412473473163106,0.4287797785865275,50.80142523077247,0.0
2023-06-29 13:00:00,2023-06-29 16:40:00,SHORT,TP_HIT,17.07542587842031,10.200000000000001,6.875425878420311,6.87542587841855,17.79612738557046,0.1937121252813228,-0.8875864794345488,-0.02682715299692262,-0.0016605512968385346,0.0009713453896318809,-0.00117482136220598,27.34759151200914,0.02704744507798784,23.07142893834497,1.065096312051376,0.9670461322981421,0.9678575556504818,0.26631561650497027,0.2428337221246356,0.49085066137039407,17.07542587842031,-23.942071696168156
2023-06-30 10:50:00,2023-06-30 12:40:00,SHORT,TP_HIT,36.627165547847014,10.2,26.427165547847014,26.42716554784701,21.90712778312895,-0.21607295243701186,14.951631634040023,-0.01552091688494528,-0.00036167218742030584,-0.001231108612472159,-0.0021997610916693194,58.15245004841051,0.01751767686031247,22.298538428336876,1.0658478334081911,0.9668133181429995,0.9673388484488089,0.16353429972871067,0.1599648364363284,0.6765008638349609,36.627165547847014,0.0
2023-07-03 12:45:00,2023-07-03 17:00:00,SHORT,TIMEOUT,14.430620023556669,10.2,4.2306200235566696,4.230620023558126,18.250932443788873,-0.7206657824207904,-3.086247148279847,-0.013399489531565223,-0.0014135837747588698,0.0005530361826611238,-0.0014036832438767133,41.291546513193445,0.023232828135760775,23.56714873738142,1.0688536134584865,0.9652247008487204,0.9659216856927932,0.2186681502073667,0.21023398445914168,0.5710978653334916,18.220958821617444,-9.830788450781661
2023-07-05 12:40:00,2023-07-05 17:00:00,SHORT,TIMEOUT,0.06626875895803641,10.2,-10.133731241041962,-10.133731241041962,-0.8314754987784344,1.6880292114354025,-0.7920435480190191,0.0017585943200874032,0.0016840982645817107,9.282896270300983e-05,7.139846554291007e-05,50.89926966986441,0.006512786214885047,-11.893163863500492,1.0731088993675755,0.9633478585229889,0.9635432421094354,0.18628607284056553,0.18932184587945033,0.6243920812799841,22.979387217932203,-6.734564482982259
2023-07-07 10:30:00,2023-07-07 12:40:00,SHORT,TP_HIT,18.87475497861191,10.2,8.674754978611912,8.674754978611912,12.547913477941568,1.6085182194785843,4.727366676957261,-0.009043395765502282,-0.0011142294486658321,-0.0005116065020502147,-0.001175281834210326,47.84487148618861,0.010877555226240787,9.136752862545855,1.07443510923964,0.9626192820517865,0.9629456087085737,0.21023495639589654,0.172375054988156,0.6173899886159474,27.391419628909155,-1.9922434812322938
2023-07-07 13:55:00,2023-07-07 17:00:00,SHORT,TIMEOUT,1.1153125738267704,10.2,-9.084687426173229,-9.084687426173229,0.8934160699021156,-0.09833854219018487,0.320329729383787,-9.468326894745971e-05,0.0003123812325933117,-7.427351224290102e-05,-6.686257161409026e-05,37.17071922601468,0.018459710804968887,-9.803276715129678,1.0734820721456553,0.9629820682650978,0.9635358595892468,0.23739091190413034,0.21564164707081226,0.5469674410250572,15.595372439643242,-20.21235583382816
2023-07-10 08:00:00,2023-07-10 11:20:00,LONG,TP_HIT,54.35307766622654,10.2,44.15307766622654,44.15307766622335,57.03776251706181,-4.087520406906501,1.3745696503547313,0.028265905716502004,0.0022348003958381542,0.000595814421439266,0.003829941441252052,36.98047220113595,0.050689633408662615,62.080182640095586,1.073660771263945,0.9639299588691574,0.9624092698668976,0.22656667072184067,0.23953513335576404,0.5338981959223953,54.35307766622654,-4.425038106750982
2023-07-11 13:55:00,2023-07-11 15:00:00,LONG,TP_HIT,40.06779698157325,10.2,29.867796981573253,29.867796981571637,32.67374497626674,0.15391840270953588,7.2117479678071446,0.028385634789835024,0.0002323042266586273,0.0018194988402808426,0.0024206344265759044,35.90575979466707,0.0204550331434461,20.92869569975594,1.0729675493803044,0.9638230508069996,0.9632093998126963,0.2436996322539726,0.21547926267010234,0.5408211050759252,40.06779698157325,0.0
2023-07-13 09:00:00,2023-07-13 12:35:00,SHORT,TP_HIT,36.52122746892782,10.2,26.32122746892782,26.321227468929223,31.861140592259094,0.01420681312615056,4.6279822677607605,0.017897795781813386,4.7181309919348385e-05,-0.0007050812527118307,-0.0025666319949375904,44.09500537413623,0.030128167131743266,33.90970735966734,1.0730869090170825,0.9630046229844826,0.9639084679984349,0.2116653831634144,0.2016739951433748,0.5866606216932108,36.52122746892782,-5.378576253139802
2023-07-18 08:00:00,2023-07-18 12:55:00,SHORT,TP_HIT,57.59356519967209,10.199999999999998,47.393565199672096,47.39356519967375,54.31322501809454,3.158598554264981,-0.20817203529987116,0.3299136626124408,0.001750355987856307,0.0016905550061583254,-0.0034005988167830764,30.38921043652991,0.05213505623220538,72.74759211016492,1.0716015265054422,0.9634172109037957,0.9649812625907619,0.2462223786372649,0.2577455181743122,0.49603210318842295,57.59356519967209,-4.585114029481042
2023-07-26 15:50:00,2023-07-26 16:55:00,SHORT,TP_HIT,57.760106244992286,10.2,47.560106244992284,47.56010624499229,45.049226334969866,-0.6451566259203257,13.414415053816215,-0.058378517873464375,-0.00137335043321542,-0.0022261685074785463,-0.0035033586221368956,42.20362231498703,0.0324634391609957,39.32810251936712,1.06679897288019,0.9661135619724901,0.9670874651473199,0.21549933171617583,0.20607556672794988,0.5784251015558743,57.760106244992286,-4.93190204107365
2023-07-27 10:55:00,2023-07-27 15:15:00,LONG,TP_HIT,13.867027449492095,10.2,3.667027449492096,3.6670274494921,22.404734631734375,-0.21433290950908734,-8.307727121643296,-0.01564715108989745,0.0007450587734277907,-0.0007365533321372244,0.0021838506281558062,55.499290877367415,0.03200844132238978,40.83804173375416,1.0660811470702474,0.9674395530847124,0.9664792998450407,0.17446483293412984,0.16476879834326966,0.6607663687226005,15.733556862294177,-13.039816960971969
2023-07-31 08:00:00,2023-07-31 12:55:00,SHORT,TP_HIT,55.18726366696047,10.199999999999996,44.98726366696047,44.98726366696047,40.63150263480042,14.343223503158784,0.30825202565885657,-0.09571449665759246,-0.003355402349592869,-9.24864045644194e-05,-0.0031684366711433737,29.2143103926926,0.03666556977511837,54.276754189314815,1.0713455052495553,0.9637772638285955,0.9648772309218491,0.296001016476852,0.20592793979811103,0.498071043725037,55.18726366696047,0.0
2023-08-03 12:00:00,2023-08-03 17:00:00,SHORT,TIMEOUT,-4.119415849511931,10.2,-14.31941584951193,-14.319415849513486,5.061757198590425,1.321490729571221,-10.418804587514009,-0.08385919015956844,-0.002518458428525377,0.0021269785893561917,-0.0003866889036195642,38.836144553596334,0.021057923123357636,20.198923393841888,1.0746047219130295,0.9623817701966348,0.9630135078903357,0.23343536206082185,0.20904396436529726,0.5575206735738808,8.624740271447592,-21.666439641528445
2023-08-04 13:05:00,2023-08-04 14:45:00,LONG,TP_HIT,31.4432568064621,10.199999999999998,21.2432568064621,21.243256806464288,33.352664804549136,0.9769402315197344,-2.892279445729533,0.0059312161227609295,0.0008202536023565702,0.0005383280403995594,0.0018656155531400348,10.291063830839933,0.023660318869084263,22.658521098448258,1.072313968245055,0.9641979206605087,0.9634881110944361,0.3280397181981072,0.28497592674006544,0.3869843550618274,31.4432568064621,0.0
2023-08-08 08:05:00,2023-08-08 09:00:00,LONG,TP_HIT,6.152246874786664,10.200000000000001,-4.047753125213337,-4.047753125214879,19.876378831460414,-12.141086193947684,-1.5921418761976696,0.009096113471604106,0.0025615424237086432,0.000557677843971205,0.0010871683626581946,30.162610642132215,0.013786528746045912,8.118517730415366,1.0735711600536022,0.9634212179043896,0.9630076220420083,0.23156872099400394,0.2903136502150701,0.4781176287909259,6.934733622573869,-12.3452369155715
2023-08-08 12:05:00,2023-08-08 12:45:00,SHORT,TP_HIT,25.076449543895254,10.2,14.876449543895255,14.876449543895257,20.72510177718321,-0.15229815207836037,4.506635641770688,-0.0029897229802848813,0.00031208032484531076,-0.0009473391625182578,-0.0015671810420736926,38.57068925045354,0.017367601029794066,11.956010415684501,1.0734067025033398,0.9630361347328831,0.9635571627637769,0.23388281550126544,0.2096921709896107,0.5564250135091239,25.076449543895254,0.0
2023-08-08 14:20:00,2023-08-08 17:00:00,SHORT,TIMEOUT,-7.3512987136585295,10.199999999999996,-17.551298713658525,-17.551298713660103,-4.710705021129065,-1.4279249375970418,-1.2044923288752183,-0.008176426057204367,-0.0011977030104958388,0.0006585690738397566,0.0003119522004108727,34.56152129727489,0.016084542259731105,-9.175549290945149,1.0730318945182737,0.9632427846069671,0.963725320874759,0.23715512007733275,0.2392281543437226,0.5236167255789447,11.168401246361572,-13.513108980257156
2023-08-10 09:35:00,2023-08-10 11:25:00,SHORT,TP_HIT,26.854438376260653,10.2,16.654438376260654,16.654438376259034,23.003083205039307,-0.05327573524098677,3.9054919894866273,-0.0008610830242936629,0.0024057008178783785,-0.0012679962270718585,-0.0016243860663892884,34.64587574625832,0.021498679475295823,8.815781271910456,1.0710215711503603,0.9641667342326903,0.9648116946169492,0.2433169889560534,0.22510513071321456,0.531577880330732,26.854438376260653,-6.388486619350889
2023-08-10 15:25:00,2023-08-10 15:40:00,SHORT,TP_HIT,31.77034315929087,10.2,21.57034315929087,21.57034315929087,33.16939232356151,-3.5802341936248894,2.094640110749823,0.08654491860442803,0.0009219557444749844,-0.00016637397210031617,-0.003887632242711353,51.46805499542306,0.052601714743732986,66.11224624878669,1.0713476915470173,0.9635371285053353,0.9651151799476474,0.213252621990453,0.13603341402765814,0.6507139639818887,31.77034315929087,0.0
2023-08-11 13:50:00,2023-08-11 17:00:00,LONG,TIMEOUT,13.493396988503406,10.200000000000001,3.293396988503405,3.293396988503405,11.148805787589945,2.493153939318349,-0.15704048846815047,0.008477750063262235,0.001153801904855597,0.00026733408161703484,0.0007224624934808049,21.327971382177598,0.020803579367312253,2.317734962817063,1.0676013466832481,0.9665113803488856,0.9658872729678663,0.30088834899279776,0.2429159685927131,0.4561956824144891,23.056947050094266,0.0
2023-08-14 11:10:00,2023-08-14 12:30:00,SHORT,TP_HIT,28.60947738207868,10.200000000000001,18.409477382078677,18.40947738207736,24.63738543067958,0.027227400238100587,3.9308375164727436,0.014027034688258055,-7.16101543504888e-05,-0.00043279081685687696,-0.002187526040001317,49.09587416478629,0.02484662459094622,30.312072770701203,1.0678922100458823,0.9656811956081945,0.9664265943459229,0.19850455608296846,0.1771470159924864,0.6243484279245451,28.60947738207868,0.0
2023-08-14 13:50:00,2023-08-14 16:30:00,LONG,TP_HIT,23.688600499926284,10.199999999999996,13.488600499926289,13.488600499926289,25.494110244262956,-0.021429792742483734,-1.801704850823569,0.01762489922938215,7.673399652316268e-05,0.0015204223251919088,0.0015547535947423169,24.23891066186164,0.015611674750204418,6.468156179873851,1.0678998687322057,0.9662842407551502,0.9658158905126442,0.2748589452282952,0.2575238882145069,0.467617166557198,23.688600499926284,0.0
2023-08-15 08:50:00,2023-08-15 12:50:00,LONG,TP_HIT,13.982186293078838,10.2,3.782186293078839,3.782186293080388,36.443470135099865,-22.67519484956935,0.02881131076313082,0.1850996967851941,0.007903039113312717,-0.00027668640539546785,0.0022013633401171268,32.53668941168936,0.029952126031351778,40.58219269217008,1.067489581709018,0.9667044910359612,0.9658059272550207,0.2339749630751511,0.2603483785626924,0.5056766583621566,16.99091871737634,-15.799720022350558
2023-08-22 09:50:00,2023-08-22 13:45:00,SHORT,TP_HIT,17.361705261953432,10.2,7.161705261953433,7.1617052619520045,16.535163423197464,-0.7907111104675081,1.648086848401763,-0.030833899178286828,-0.0029336916471380346,-0.00028672509272195684,-0.0012617897636633402,42.931532046170354,0.010483414652912026,14.588011998303813,1.0705849319805676,0.9645502827899225,0.9648647852295098,0.21534229255735082,0.20350610271821498,0.5811516047244343,17.361705261953432,-13.823224257373239
2023-08-29 13:00:00,2023-08-29 17:00:00,LONG,TIMEOUT,26.047267683014184,10.2,15.847267683014184,15.847267683012651,27.018963203354588,-0.8467198483991931,-0.15039430344816343,0.025418631506951783,0.001941768027256232,-3.683987548543808e-05,0.001942538219990575,38.04501783541635,0.024343650423536145,30.724194812340638,1.0667660483236074,0.9669821305945492,0.9662518210818432,0.22971006074852426,0.21796352355115348,0.5523264157003223,26.047267683014184,-14.744891042154537
2023-09-01 09:55:00,2023-09-01 11:00:00,SHORT,TP_HIT,28.104745293651114,10.2,17.904745293651114,17.904745293651114,18.570629853137422,0.03504712941744965,9.50934258541663,-0.010274274320387633,-0.0008525650214319608,-0.0007920500694972656,-0.0018657317308571897,57.414697006721084,0.018356318615447842,20.481490524826373,1.0677031522575475,0.9658730790919945,0.966423768650458,0.17000904740939624,0.15610893661492067,0.673882015975683,28.104745293651114,0.0
2023-09-01 13:45:00,2023-09-01 14:35:00,LONG,TP_HIT,33.178639303636814,10.2,22.978639303636815,22.978639303635,39.10317812134416,-0.5003331051948747,-5.436623672967269,0.012417960454797594,0.00023510531292968175,0.0014111073999022983,0.002149814416895171,21.461961143864535,0.03149544370738555,19.82637093769178,1.068030461511599,0.9664572008998112,0.9655123375885897,0.2736567843171412,0.2852882550570572,0.44105496062580163,33.178639303636814,0.0
2023-09-13 14:20:00,2023-09-13 17:00:00,SHORT,TIMEOUT,6.368411144422869,10.2,-3.83158885557713,-3.8315888555754896,4.887880040891595,0.4232047543604004,1.0587490039333587,-0.0014226547624849317,-0.0006062879436798857,-0.00027628634492349254,-0.00035709939634147314,34.765985533254245,0.007539985877513811,-5.427730733641731,1.067550445384703,0.9661116775194859,0.9663378770958113,0.24630697272998803,0.21593600320678252,0.5377570240632294,7.761771109003597,-12.422047827845297
2023-09-14 09:50:00,2023-09-14 15:30:00,SHORT,TP_HIT,16.059706479489904,10.2,5.859706479489905,5.859706479491539,17.843006751393204,6.747548222545626,-8.422632749012148,-0.1082157454367767,-0.003582586491941232,0.001461753352715343,-0.0014365330469442161,36.965876485517725,0.024534888288774148,34.59996376555052,1.0674218308756764,0.9659210612378303,0.9666571078864935,0.2457000127504054,0.19668293703597192,0.5576170502136227,17.9671932468713,-15.242095575612122
2023-09-15 14:20:00,2023-09-15 17:00:00,LONG,TIMEOUT,-1.0819155282743438,10.2,-11.281915528274343,-11.281915528275976,0.3062762807802643,-1.0484625263671243,-0.3427102040098215,0.0029809213223377373,0.001185271581518596,-0.00018343238733658842,2.039133699893725e-05,32.28120687052499,0.009297473728142602,-7.810932186074539,1.0642716073047547,0.9680036584535447,0.9677247342417005,0.2450900094711297,0.23864896474783362,0.5162610257810366,1.3924163523672775,-13.851603183104356
2023-09-19 10:05:00,2023-09-19 15:30:00,SHORT,TP_HIT,-5.502202202389359,10.199999999999996,-15.702202202389355,-15.702202202389364,8.853008069421131,-1.536632855619733,-12.751135327121233,-0.06744208906952398,-0.002893589807610473,0.0015072008440868703,-0.0007547435061608376,48.885222044867724,0.0104471621577229,20.50248138612208,1.0668037336634413,0.9664414257359135,0.9667548406006452,0.19399176845140312,0.18703914709439254,0.6189690844542044,2.0740335285629765,-30.76839115770892
2023-09-21 08:45:00,2023-09-21 10:20:00,LONG,TP_HIT,38.040338794876774,10.2,27.840338794876775,27.84033879487504,38.90411238517453,1.786339215028695,-2.637910027757522,-0.0122027775689304,-0.0008223513464914793,0.0012471651708244734,0.0022623837600269925,25.47169320600294,0.04029928708350061,22.943087840513993,1.068870587392896,0.9661691956098045,0.9649602169972995,0.260544188184679,0.2747603889288721,0.46469542288644883,38.040338794876774,0.0
2023-09-21 13:00:00,2023-09-21 14:30:00,SHORT,TP_HIT,39.79825919342813,10.2,29.59825919342813,29.598259193428127,32.37591358159389,4.471166039150083,2.9869006164533585,-0.03572104376920748,-0.0020299913299292463,-0.0007572819482345025,-0.0024739591106672926,31.46420359201055,0.017301950756665185,33.050901913199354,1.0695686421304154,0.9649561496734425,0.9654752081961424,0.2656858079627424,0.21023591201667957,0.524078280020578,39.79825919342813,-2.6096642027780543
2023-09-26 08:00:00,2023-09-26 11:25:00,LONG,TP_HIT,18.288311215237506,10.2,8.088311215237507,8.088311215237507,19.26126054869137,0.8366947144495617,-1.8028268556686704,-0.006817192234755964,-0.0003681981999885028,0.00042785126310717334,0.001066796040315024,20.230683825924075,0.014960272175146283,6.553690071929182,1.0739745098668445,0.9632371491492049,0.9627883409839504,0.2766734828477712,0.29409475871547747,0.4292317584367513,18.288311215237506,-8.70790539030574
2023-09-26 13:40:00,2023-09-26 16:50:00,SHORT,TP_HIT,16.957871492549614,10.199999999999996,6.757871492549619,6.757871492549619,14.678832185856631,1.9340163146762632,0.3611606993418285,-0.016137707325107442,-0.001588654607182761,-0.00012084873007334743,-0.001073591932523904,31.472183188272584,0.010374988624961556,10.974244696552914,1.0741198130788827,0.9627844686311842,0.963095718289933,0.2608866803814812,0.22286721903319084,0.516246100585328,16.957871492549614,-10.358571971667487
2023-09-27 08:00:00,2023-09-27 10:00:00,LONG,TP_HIT,30.676198436548418,10.200000000000001,20.476198436548415,20.476198436546703,27.563558024170096,0.8487416613635457,2.2724412853592355,-0.008542534344456953,0.0003834647929133793,0.00046546701144829604,0.00220651297938608,34.476851753341904,0.030675938889879184,29.235659907139972,1.0741572817542089,0.9633814982062437,0.9624612200395474,0.257535618119642,0.20320471741987176,0.5392596644604862,30.676198436548418,-2.468289925421189
2023-09-28 11:10:00,2023-09-28 15:55:00,SHORT,TP_HIT,-12.581821396501184,10.2,-22.781821396501183,-22.781821396501183,10.263913769204802,-0.9107551924943319,-21.854595216635264,-0.08038475657638955,-0.0020335863105810053,0.0026690614151563216,-0.0008821276675580331,49.208255945264305,0.019359839788202216,33.82577982715493,1.0756155745597349,0.9619018151233094,0.9624826103169555,0.19525541602866522,0.18940332696596304,0.6153412570053717,0.0,-50.362238929079076
2023-10-10 10:55:00,2023-10-10 17:00:00,LONG,TIMEOUT,-7.7863408071960265,10.2,-17.986340807196026,-17.986340807196026,1.3595756238222185,0.0523812286954907,-9.20283583970576,0.004538179992023217,0.00011508081824703708,-0.0009958850106239227,0.0001259361413914889,51.02520557282818,0.009922277387264256,1.6830576780589368,1.080571296125035,0.9598631860982914,0.9595655177766733,0.19618787220984155,0.17663499356855297,0.6271771342216055,6.751224418934468,-21.89531800125427
2023-10-11 12:10:00,2023-10-11 17:00:00,LONG,TIMEOUT,-8.873311584116458,10.200000000000001,-19.07331158411646,-19.07331158411646,-4.556187606884123,4.189862379323705,-8.565758469168088,0.058772112612048844,0.0032309868515785368,-0.001408913960578225,-0.00037653195458083044,40.69201860128975,0.012995075686683677,-0.842439628446062,1.0801675412411047,0.9601111555147479,0.9597213032441474,0.23347389557579637,0.1977228460809023,0.5688032583433013,13.496230024918567,-24.449808956271024
2023-10-12 09:40:00,2023-10-12 17:00:00,LONG,TIMEOUT,-39.62429906541625,10.2,-49.824299065416255,-49.824299065416255,-7.930870010429164,-4.901063975003828,-26.936297917398207,0.143932837414944,0.004620484004287389,-0.0027104989747520933,-0.0007264880118064837,56.01399041304861,0.012587240611411366,5.850822646735484,1.0787074491456965,0.9608350840363231,0.9604574668179807,0.17133956386293428,0.1775700934579627,0.6510903426791029,13.050467289718714,-46.06448598130699
2023-10-23 13:00:00,2023-10-23 13:15:00,SHORT,TP_HIT,24.786112905827665,10.2,14.586112905827665,14.586112905826385,17.513888179113113,0.14747748961190751,7.138307004393172,-0.013559767290530544,-0.0012541136046338016,-0.0007471945959247042,-0.0015899705822388505,50.709768548546286,0.016080512369831546,15.185059641780295,1.0687538434940524,0.9653818705674264,0.9658642859385214,0.19219109296864914,0.1755831713484812,0.6322257356828697,24.786112905827665,0.0
2023-10-26 12:40:00,2023-10-26 16:40:00,LONG,TP_HIT,22.27499688042232,10.199999999999998,12.074996880422324,12.074996880422324,23.078749636318847,-0.6238849602065215,-0.18162207959732765,0.00175428390732435,0.0009029864408772744,-0.00010132972239728964,0.0015462637565127196,31.938221202383037,0.02018392270461966,22.18169925432103,1.0669973720364934,0.9668040728223226,0.966198555141184,0.24777337886024373,0.23891378247666806,0.5133128386630882,22.27499688042232,-9.697923950405515
2023-10-27 10:40:00,2023-10-27 14:25:00,LONG,TP_HIT,27.5463456314435,10.2,17.3463456314435,17.3463456314435,14.387618701000738,-0.01405644492106886,13.163099880012393,0.009683495351438864,4.185326246801477e-05,0.0009818811611566984,0.0015470571024011476,60.89057551733542,0.008609595639075263,11.549487297506094,1.0650538531281093,0.9676022173705315,0.9673439295013593,0.15632767217384172,0.14879582501342734,0.694876502812731,27.5463456314435,-0.3920893846158653
2023-10-30 08:30:00,2023-10-30 13:45:00,SHORT,TP_HIT,19.600191403660205,10.2,9.400191403660205,9.400191403662038,19.0777968185402,0.7091749961269007,-0.14584248433995192,-0.0409379266669454,-0.002220432557899437,0.0006318131874547882,-0.0012374324271408194,24.98714923644171,0.018136147988967455,21.072061456669065,1.0642095676069105,0.9676231739767103,0.9681672584163793,0.2750461733159735,0.24718648148061498,0.4777673452034115,19.600191403660205,-9.324625331654456
2023-10-31 12:05:00,2023-10-31 17:00:00,SHORT,TIMEOUT,-11.540605926645807,10.2,-21.740605926645806,-21.74060592664444,-3.405963554614536,-2.1399269188371566,-5.998849293159931,0.0041338399658172875,0.002879850628427146,0.0006519114549517021,0.00030952346710243217,47.659888369502404,0.0061519126311637695,-10.903077043988421,1.0657606341389971,0.9670274042410341,0.9672119616199689,0.20495013881440957,0.17642504071262247,0.618624820472968,12.625028759020726,-12.410295757460785
2023-11-03 11:45:00,2023-11-03 16:25:00,LONG,TP_HIT,42.988142595700765,10.200000000000001,32.78814259570076,32.78814259570298,44.75524562340975,0.45467403782522725,-2.244146478281421,0.02236941274721005,0.0015884537028637122,0.00034041927101802904,0.002408790379128875,7.373093004456955,0.034193595872267224,35.03892633054265,1.065911859490509,0.9675569741928294,0.9665311663166614,0.33213627244952004,0.3001585923495152,0.3677051352009647,42.988142595700765,0.0
2023-11-08 13:00:00,2023-11-08 17:00:00,LONG,TIMEOUT,-4.096436052294024,10.2,-14.296436052294023,-14.296436052292671,-0.03341407414835191,-2.248529736630462,-1.820039812384626,0.005547570869415708,0.0024045714136939475,-0.0002677017818155054,-2.664495561313651e-06,45.582698161996795,0.01584275648035538,-6.748885224365159,1.068502922696562,0.9659861799989243,0.9655108973045137,0.2029015734086326,0.20210327213621473,0.5949951544551527,0.0,-12.451248963916804
2023-11-10 13:50:00,2023-11-10 17:00:00,SHORT,TIMEOUT,10.013201651689647,10.2,-0.18679834831035258,-0.1867983483072013,8.656326060678664,0.11498830394973907,1.242941736407218,-0.0010544493459736515,-0.00027055010284635745,-0.00026867649196002233,-0.0006550310012933408,37.561021510532356,0.016333593184547635,0.4834898939342107,1.0719087811724746,0.9638006055159947,0.964290613311531,0.23652862108025727,0.21256388917344146,0.5509074897463012,17.46840461356967,-0.7741218329264139
2023-11-14 10:20:00,2023-11-14 10:25:00,SHORT,TP_HIT,29.29613551636562,10.200000000000003,19.096135516365617,19.096135516365614,12.709125107015977,-0.15618382214258167,16.760808019607087,-0.01761378811486125,0.00010357810575250974,-0.0012715614274104916,-0.0014258839167362453,56.916473203051375,0.0187714407013595,6.215037952280198,1.0678730387284308,0.9657819090252642,0.9663450522463048,0.17990791500804498,0.14191386159747377,0.6781782233944812,29.29613551636562,0.0
2023-11-14 10:30:00,2023-11-14 10:35:00,SHORT,TP_HIT,35.633158702609606,10.199999999999998,25.43315870260961,25.433158702607344,45.250155854009584,0.5032790760671316,-10.071652777366454,-0.048623450100656385,-0.00016054232266715212,-0.002746267081609705,-0.0027300984718579696,13.210730020958316,0.02513346393931415,18.33947594353235,1.0676536303617747,0.9657961828600228,0.9665501867782023,0.34020881517333246,0.2638419423085422,0.39594924251812535,35.633158702609606,0.0
2023-11-14 13:05:00,2023-11-14 15:35:00,LONG,TP_HIT,27.039760051955653,10.2,16.839760051955654,16.839760051955654,28.2568738939491,-1.4647763129189206,0.31210710023569055,-0.06444462931021278,-0.0017077561696378818,0.00018449163382764185,0.0019369216888643764,28.697138858100836,0.01778513012004601,26.447090662573483,1.0681179694095724,0.9662077922470145,0.9656742383434131,0.26703087125777497,0.23232760679299724,0.5006415219492276,27.039760051955653,-15.277961651770443
2023-11-15 08:35:00,2023-11-15 17:00:00,SHORT,TIMEOUT,-5.898879751908471,10.2,-16.09887975190847,-16.098879751911767,-0.31621100184143236,-5.159760863471738,-0.3581464442700037,-0.06476144232529712,-0.00456319024181993,0.0010830977651873032,2.0150408965483035e-05,29.676833357356934,0.003270715937997437,2.352555724681176,1.0714528987085212,0.9642244899066693,0.9643226113848092,0.2528485313076971,0.2524478204815422,0.4947036482107607,0.0,-47.43954493188155
2023-11-16 11:20:00,2023-11-16 16:20:00,LONG,TP_HIT,26.79393320510021,10.2,16.59393320510021,16.59393320510185,24.850610198588733,1.1803396053835324,0.6830843317638094,0.07989906936413504,0.00428481275838294,0.0002034174132321349,0.001795774907727865,34.12789053028045,0.02003951178022323,25.75291261288739,1.0696761797410865,0.9654625028061601,0.9648613174527534,0.24666235923485258,0.2232759751753234,0.5300616655898239,26.79393320510021,-13.238951066089594
2023-11-21 10:10:00,2023-11-21 17:00:00,SHORT,TIMEOUT,-17.344577296323152,10.2,-27.54457729632315,-27.54457729632315,-2.9176497380572166,0.02426751083078523,-14.439100215728393,-0.012094853368328273,-2.0994289553994262e-05,0.0012185329265376574,0.0003057805544884329,54.25857603325783,0.0016454080638772517,-4.753729111975309,1.0695223584337215,0.9652141396621812,0.9652635019040976,0.18715435641270897,0.15421439833372955,0.6586312452535615,7.995042024859856,-26.825929875723524
2023-11-22 08:30:00,2023-11-22 11:00:00,SHORT,TP_HIT,29.75116452665999,10.2,19.551164526659992,19.55116452666147,31.33005027146158,-1.0906622344478387,-0.4965230371272317,0.008299526773480892,-0.0009450735484995916,0.00011956716699835016,-0.0022497338827258268,38.936572278199776,0.03705588690023354,36.4499095694936,1.0676164488784958,0.9656359372572486,0.9667476138642557,0.22218853882628087,0.2235144721355851,0.5542969890381341,29.75116452665999,0.0
2023-11-24 12:10:00,2023-11-24 13:25:00,LONG,TP_HIT,11.505509345940979,10.2,1.3055093459409797,1.3055093459394485,11.989112783841335,0.06400418548361926,-0.5421892758300898,-0.005418347553884928,0.00010461400058709396,-9.239240910534803e-05,0.0009536207731950658,39.94519309552706,0.018693034586136914,9.804843848816791,1.069090242665376,0.9657352741861039,0.9651744831485198,0.22988410934798462,0.20222036360659326,0.5678955270454221,11.505509345940979,-1.6593461296436218
2023-11-24 14:15:00,2023-11-24 15:15:00,SHORT,TP_HIT,17.702744655309523,10.2,7.502744655309524,7.502744655313899,9.56489644086509,-3.2649962022820347,11.410994778423545,-0.008150361697076391,0.001055695890420099,-0.0008961940074395718,-0.0011101311319579588,52.38987028580948,0.004104377789343472,2.9461668390812346,1.0694453186085993,0.9652157750288604,0.9653389063625406,0.20408259470072806,0.13873400401538807,0.6571834012838839,17.702744655309523,-18.34811360095282
2023-11-27 11:50:00,2023-11-27 13:25:00,LONG,TP_HIT,21.77074468084993,10.2,11.57074468084993,11.57074468084993,22.45806287025055,-0.4330892483260209,-0.24047740597278308,-0.013751535101818035,0.00037147783201605853,-2.768919798407299e-05,0.001916768451727946,51.08300576211073,0.021783304247369184,28.592484466499368,1.0683166402367896,0.9661684294453159,0.9655149303178947,0.18404255319150117,0.18829787234043027,0.6276595744680685,22.918085106383202,-0.5345744680867379
2023-11-28 11:45:00,2023-11-28 17:00:00,LONG,TIMEOUT,7.5363155925063765,10.2,-2.663684407493623,-2.663684407495001,11.64276341428649,-0.21114740155466394,-3.8880607777908267,-0.00723964243462305,0.00020945808034947665,-0.0006272715738027543,0.0009048167056821543,44.12419310670208,0.013852650082152307,13.97902515976143,1.0679494047190468,0.966233087391709,0.9658175078892444,0.2070268828996609,0.2069068673153811,0.586066249784958,9.218727160826798,-28.387938019931998
2023-12-19 08:15:00,2023-12-19 09:50:00,SHORT,TP_HIT,28.08166170628604,10.2,17.881661706286042,17.881661706286042,20.26178956992484,0.8336926498049004,6.980460308660524,0.00571917789577725,0.0011567565415559753,-0.0009357094239759164,-0.0016825020751720515,46.8287725736951,0.01748584925059804,13.480308151253222,1.0716924333208224,0.9638914956008299,0.9644160710783478,0.20037161150189164,0.1976366541609874,0.6019917343371209,28.08166170628604,-2.020196823693645
2023-12-27 13:55:00,2023-12-27 17:00:00,LONG,TIMEOUT,25.12527350468497,10.2,14.92527350468497,14.92527350468497,15.20360912986499,5.603789128423047,4.291153191391017,0.026722055005912182,0.002821315123018749,0.0008429790078677045,0.0012312149876864964,34.219062414147395,0.015736665778703918,7.65926346682377,1.0713022463273743,0.9645849268229935,0.9641128268496324,0.2566526665420472,0.2046351088872702,0.5387122245706825,26.016409457941528,0.0
2023-12-29 14:00:00,2023-12-29 17:00:00,SHORT,TIMEOUT,-1.3473600096038574,10.2,-11.547360009603857,-11.547360009603857,-0.8835653492708965,1.0064325816739994,-1.4470802943647527,-0.023146947642207483,-0.003131013457603507,0.0005381931686584457,6.327651469877071e-05,31.957651126754165,0.01658005733986556,-4.422100697055861,1.0732695328263107,0.9631165327267468,0.9636139344469428,0.2540192105771327,0.23077478332007328,0.515206006102794,4.841758045524845,-17.00074571872512
2024-01-02 08:00:00,2024-01-02 16:50:00,LONG,TP_HIT,39.70396005484358,10.2,29.503960054843578,29.503960054843574,34.52742544750799,0.7707280818109307,4.40198347834237,0.0038230471822942036,-0.0005744611900074079,0.001461528759965739,0.0024208292342379895,36.06921605074656,0.02158339297174683,23.40915183650277,1.070359377444974,0.965144062172089,0.9644965603829367,0.23116746873460356,0.23580074656176828,0.5330317847036282,41.70884475707814,0.0
2024-01-05 11:15:00,2024-01-05 12:30:00,SHORT,TP_HIT,23.22389466160803,10.2,13.023894661608029,13.023894661609976,25.62242878611394,-3.313043155345039,0.9017793266757865,0.012729704163341182,0.0014892507386571623,-0.000967495935702802,-0.00178729523868415,23.81832238489683,0.011098191105973765,14.763304257695754,1.0743515436799558,0.9626577552934326,0.9629907010266117,0.29173899442932877,0.23503889086085142,0.47322211470981973,23.22389466160803,-9.521262174158068
2024-01-17 10:15:00,2024-01-17 14:10:00,SHORT,TP_HIT,22.004900301832468,10.2,11.804900301832468,11.804900301831742,12.434507869940173,-0.014352524486808182,9.584780794234092,-3.583785499117198e-05,-0.0003824803379375915,-0.0005039664129064004,-0.0019579529952167135,77.42996529955231,0.01923915696648848,24.302675678495003,1.076949383430388,0.9612367209303085,0.9618138956393032,0.10874910609411396,0.10223027113624038,0.7890206227696458,22.004900301832468,-9.791185623742729
2024-01-24 10:30:00,2024-01-24 15:30:00,SHORT,TP_HIT,19.200834599746074,10.2,9.000834599746074,9.000834599747282,13.650654069580899,0.20980343056838555,5.33941134840786,0.0009657511889287207,-0.00019187139489732362,-0.00043615644787763357,-0.0014559699726336695,56.3070004325115,0.012232333298317632,14.8694251124906,1.0728663896575286,0.963383320171761,0.9637502901707106,0.18094850041292976,0.15049813602626153,0.6685533635608087,19.700792606128566,-5.938010401063062
2024-01-25 10:35:00,2024-01-25 14:00:00,SHORT,TP_HIT,24.203319298394888,10.200000000000001,14.003319298394887,14.003319298394889,17.421747954367845,0.11202159526336933,6.6791795178766735,-0.009629769112997622,-0.0007190579099682109,-0.0008172742502735973,-0.001502676615127041,47.857835554095615,0.018289650668873447,12.526042766534978,1.0734453290674981,0.9630029907062176,0.9635516802262839,0.20253251691401752,0.18580449861015325,0.6116629844758292,24.38685457859114,-19.4383121853178
2024-01-26 14:30:00,2024-01-26 17:00:00,LONG,TIMEOUT,13.697855468551882,10.199999999999996,3.4978554685518866,3.497855468553162,8.830786972561473,-0.3099316424703837,5.172538379931583,0.004461758529210158,0.0005333236805618431,0.0006114055105789731,0.0007564438972416793,49.97564737767924,0.012273734406320624,-0.6144478008793932,1.0713356160687388,0.9645162979817254,0.9641480859495357,0.19151164530445547,0.18657423569897355,0.6219141189965711,18.865677522318137,-2.3748192110140205
2024-02-08 12:30:00,2024-02-08 16:00:00,LONG,TP_HIT,13.825867487006835,10.2,3.625867487006836,3.625867487006836,13.317688619689797,0.010469859387173827,0.5028015684031425,-0.005092560473277885,6.702153713832897e-05,8.45010915229353e-05,0.0010606267885282933,43.387659496567785,0.018828738004228462,10.118958862574393,1.0802452226408898,0.9601598197496186,0.9595949576094918,0.21847431163083242,0.20230350676067535,0.5792221816084923,13.825867487006835,-1.0279008482138536
2024-02-16 08:20:00,2024-02-16 13:00:00,LONG,TP_HIT,25.464696975532654,10.2,15.264696975532654,15.264696975532654,22.940376765337675,0.0,2.5418043907662176,-0.017484180571237573,0.0,0.00029039676833239364,0.0021382747813316477,46.54119860023017,0.02438498203713446,29.393941350461102,1.0785854740344458,0.9610730377133341,0.9603414882522201,0.2183127809644051,0.1732857698904815,0.6084014491451134,25.464696975532654,-15.94903183585065
2024-02-19 09:05:00,2024-02-19 12:45:00,SHORT,TP_HIT,20.79171229567533,10.2,10.591712295675332,10.591712295675332,12.780720971818921,-0.6917724993753619,8.710126608056255,-0.007362784824479718,0.00032134509110931747,-0.0009395141524242782,-0.001231627182825823,47.62687732814165,0.005642132624877894,4.781856117873783,1.0810242193687123,0.9594032583262708,0.9595725223050172,0.21650808101940597,0.16846218374586475,0.6150297352347294,21.134393652663775,-8.477589439101322
2024-02-20 09:20:00,2024-02-20 12:10:00,LONG,TP_HIT,23.64732247311345,10.2,13.447322473113452,13.447322473111516,25.674524300136206,-2.1929784674242763,0.20016484154073566,-0.03438820113921537,-0.000919038968071474,0.00028228386652873953,0.001779949154632414,24.506017993954234,0.019747180825646637,21.0189402477499,1.0817937067321417,0.9593993543463137,0.9588069389215443,0.290816892835878,0.2344591506682464,0.47472395649587557,23.64732247311345,-3.9425889438789867
2024-02-27 11:05:00,2024-02-27 17:00:00,LONG,TIMEOUT,-8.294617548699861,10.2,-18.49461754869986,-18.49461754869986,-3.2029199294172916,-0.0122542575824819,-5.085424423064471,0.005981061364384033,-3.614442279038308e-05,-0.0011876821801618306,-0.0002414748128623731,38.8451456461214,0.008663056093055621,-3.6683936192894393,1.0828124095301863,0.9587237410763028,0.958463849393511,0.23412604682220525,0.21490937581045458,0.5509645773673402,0.0,-25.671049065099602
2024-03-01 12:55:00,2024-03-01 17:00:00,SHORT,TIMEOUT,8.434381470316108,10.200000000000001,-1.765618529683893,-1.765618529683893,7.7866009631961814,0.6290957829482952,0.03277485464715304,-0.014090130475521434,-0.0014896718003317118,0.0002618168232265195,-0.0005034132484899173,26.367647499934932,0.02792614347096878,3.882898933496861,1.078777472202173,0.960192371746849,0.9610301560509781,0.2728159122186125,0.24891835469052384,0.47826573309086357,9.745708841444763,-0.6817061687743085
2024-03-05 08:35:00,2024-03-05 11:40:00,SHORT,TP_HIT,17.378973168008855,10.199999999999996,7.178973168008859,7.178973168008859,15.854375621389027,-0.6516392476526808,2.1761119375408615,0.0001248567316451954,-0.00034764648792627253,-0.00033723021902338666,-0.0012262161280016393,49.14451175520029,0.011374586538925868,11.447104626237547,1.0793563215650368,0.9601512204193977,0.9604924580155655,0.18836235645806984,0.20652357342033384,0.6051140701215965,17.378973168008855,-3.9951872775047494
2024-03-06 12:10:00,2024-03-06 16:40:00,SHORT,TP_HIT,18.536316115886915,10.2,8.336316115886916,8.336316115886916,18.656997895237055,0.6193969701664496,-0.672060163458933,-0.06801858605765432,-0.003785305533426182,0.00024275697345249706,-0.0013147666333124253,34.59733242143114,0.022714529769085612,22.13590188058851,1.0776067050359075,0.96085592953551,0.9615373654285826,0.2452804110923863,0.22685213076989233,0.5278674581377213,18.536316115886915,-13.714592362892871
2024-03-08 10:25:00,2024-03-08 15:45:00,LONG,TP_HIT,20.793679092991724,10.2,10.593679092991724,10.593679092990309,20.50243200472098,-0.09812392611837978,0.3638625693200802,0.025508445069043262,0.00208932452247737,5.595762144253927e-05,0.0016536305703716975,44.420899886311034,0.017895314806853913,24.015488279048594,1.075628038054149,0.9624544106950284,0.9619175512508227,0.21314528904659857,0.19925519812257406,0.5875995128308273,20.793679092991724,-22.16419833454729
2024-03-12 08:40:00,2024-03-12 10:55:00,SHORT,TP_HIT,21.590768223488265,10.2,11.390768223488266,11.3907682234867,21.357940217194678,-1.291867596876946,1.5654977216742902,-0.04080211850375903,-0.003301484015272948,-0.00046583562435180106,-0.0015215896772228371,36.888950821058366,0.023391638135727977,18.54643444513412,1.0758952693886097,0.9617014907336594,0.9624032398777311,0.23461370580532628,0.22522915757308523,0.5401571366215886,21.590768223488265,0.0
2024-03-22 14:55:00,2024-03-22 17:00:00,SHORT,TIMEOUT,10.583422635453282,10.2,0.38342263545328237,0.3834226354547443,9.022539154902004,0.47585300159442756,1.0832901289067791,0.0017403500500705604,0.0003105059719719932,-0.00028516367208089,-0.0006326999053119092,39.123076154962064,0.024018051017438147,-0.2750591992568907,1.0672113703853825,0.9660340440420473,0.9667545855725704,0.21959404688563958,0.22673956745889876,0.5536663856554617,11.839301173764424,0.0
2024-03-29 10:10:00,2024-03-29 11:50:00,LONG,TP_HIT,22.749669751667945,10.2,12.549669751667945,12.549669751667944,27.847446549013313,2.1743308405142514,-7.287989810119084,0.015882172259466643,-0.0002734037493977619,0.001440492769077515,0.0013704722772090727,30.176226289274478,0.016400486612350162,3.5043680249525693,1.0648906857410194,0.9678006644286756,0.9673086498303051,0.21262021609542148,0.32032914135439666,0.46705064255018175,22.749669751667945,0.0
2024-03-29 14:05:00,2024-03-29 15:00:00,SHORT,TP_HIT,20.345846190358802,10.2,10.145846190358803,10.145846190361109,23.312804179143075,-1.600257414854981,-1.3628547232557198,-0.003845850673574347,0.0003098325379932134,-0.0010639860117340203,-0.0015597949026405072,18.138454235059257,0.01604867839293811,11.084568876734206,1.0647355261237919,0.96739150676221,0.9678729671139981,0.34622231554347893,0.23619657105296424,0.4175811134035568,20.345846190358802,-5.469838777410299
2024-04-02 12:15:00,2024-04-02 13:35:00,LONG,TP_HIT,37.769703803544076,10.2,27.569703803544076,27.56970380354407,25.869543883532504,0.16883458023123812,11.713742787456017,0.017582552324313383,-0.00017083972945328708,0.0014657386281165996,0.0021291684635067754,48.42392003256139,0.018891791292580118,18.818854509479422,1.063761138980722,0.9684028073790276,0.9678360536402503,0.19259768238333322,0.1918978361537443,0.6155044814629226,37.769703803544076,-3.031168312527939
2024-04-04 08:55:00,2024-04-04 14:25:00,SHORT,TP_HIT,8.679845981858875,10.199999999999996,-1.5201540181411204,-1.5201540181411255,17.062194800789406,-6.3423312758585135,-1.9608067163722318,-0.07921082669978574,-0.002961636486367008,0.0015629073251732834,-0.0010887248424971824,33.1414829023108,0.015880931740835935,27.33282522409836,1.063197526125991,0.968163022960892,0.9686394509131171,0.23481418355226766,0.2491050782490699,0.5160807381986625,8.679845981858875,-23.32436313656465
2024-04-08 10:10:00,2024-04-08 11:50:00,LONG,TP_HIT,22.043371845696562,10.2,11.843371845696563,11.843371845695298,13.796757584171427,-0.17391749814423602,8.409943138711963,0.010588620957406647,0.00015641782360845992,0.0010144630385404963,0.0011470639097174717,48.950761091256695,0.011449702505672565,3.2549510690817094,1.0621985576880628,0.9690724666935537,0.9687289756183836,0.1897324772071468,0.19098071718877055,0.6192868056040827,22.043371845696562,0.0
2024-04-11 13:45:00,2024-04-11 15:45:00,SHORT,TP_HIT,18.01216481569393,10.2,7.812164815693929,7.812164815695713,19.35525951282602,-1.1134959015886106,-0.22280804421142283,-0.00679075133205842,-0.0009266924513004642,-0.00016509066266370321,-0.0011634558847925525,24.633387121169754,0.015350602070840491,11.94949917712826,1.0649801919144581,0.9672796450117083,0.9677401630738336,0.2677217311714339,0.26497586726194805,0.4673024015666181,18.01216481569393,-3.8946439689421517
2024-04-17 08:15:00,2024-04-17 14:35:00,SHORT,TP_HIT,22.768591573113312,10.199999999999996,12.568591573113316,12.568591573113316,23.036945057259434,-0.10767193715138358,-0.16843261833701872,0.007751071342280369,-0.0002888578272185528,-6.436278545964091e-05,-0.001349747088859432,20.143069426180503,0.01473750799165785,16.745252741998783,1.0667161308222244,0.9664208719690129,0.9668629972087627,0.2870084424960629,0.2701078402039735,0.4428837172999637,24.782190886268165,-1.3023854929545957
2024-04-25 11:00:00,2024-04-25 12:50:00,SHORT,TP_HIT,12.816098890159298,10.199999999999998,2.6160988901593,2.6160988901592983,9.505073399618833,-0.004876162585953647,3.3143554103682633,0.0015462427581542926,-0.00014081899306398946,-0.000228184428772131,-0.0010834116364812213,62.39632452705652,0.01243830643605226,9.625275502991673,1.0615524486864212,0.9690372010602486,0.9694103502533302,0.1519113113258513,0.13933205608964824,0.7087566325845005,13.676764209596545,-2.3079873222491156
2024-05-03 10:00:00,2024-05-03 15:00:00,LONG,TP_HIT,2.952871388558311,10.199999999999998,-7.247128611441687,-7.247128611440535,12.896199193428238,0.5018005150254409,-10.420510270585437,-0.024618049309930612,-0.0003825384353665722,-0.0010186171335396957,0.0011507163941846255,53.54376226723788,0.019466576616966602,23.268046219053435,1.0579254488918317,0.9713292742033387,0.9707452769048297,0.17281387587015545,0.17762833868764474,0.6495577854421999,5.36240602218585,-24.801760502385054
2024-05-08 14:25:00,2024-05-08 17:00:00,SHORT,TIMEOUT,-1.379768446722613,10.2,-11.579768446722612,-11.579768446724184,-2.569358078121437,-0.31720176908009545,1.4981841779279645,0.00860722255095503,-0.0009939234760981634,-0.0003648769492983285,0.00018642408354106743,35.90371837099771,0.0032876377147883495,-17.490604680364907,1.0608366706773469,0.9695323500956048,0.9696309792270484,0.23588590623114106,0.2202934480226203,0.5438206457462387,8.347453867505424,-7.5815269267252585
2024-05-09 12:55:00,2024-05-09 15:30:00,SHORT,TP_HIT,20.77241206374872,10.2,10.572412063748722,10.572412063750512,20.553898536189607,0.060113162777923654,0.19638025784530294,-0.037979893064111536,-0.0028158189484091822,-0.0002733261070778709,-0.0013438390277194373,26.249238387754616,0.01770516008852696,14.144646662682394,1.060445531346319,0.9695116569255127,0.9700428117281685,0.2688336498313839,0.24491294139742759,0.4862534087711885,20.77241206374872,-4.3888546564332875
2024-05-14 08:55:00,2024-05-14 13:05:00,SHORT,TP_HIT,11.078317464850935,10.2,0.8783174648509355,0.8783174648476297,9.037042075455734,2.007383853840802,0.05024391352792682,-0.01635237797352751,-0.001963256688133706,-2.7337965601636632e-05,-0.000623284658693643,27.035293755704064,0.006821048130012386,2.005224599857346,1.0603556013047344,0.9697198836256826,0.969924515069583,0.27205422973696297,0.2317095143050328,0.49623625595800425,11.078317464850935,-26.583848074371787
2024-05-17 12:15:00,2024-05-17 16:50:00,SHORT,TP_HIT,8.324179295824997,10.199999999999998,-1.8758207041750001,-1.8758207041761492,13.207769485077522,-3.340399908601912,-1.531700995322359,-0.01148928532825444,-0.0015367291750295199,0.00017421203482441823,-0.0011018528309135744,52.65813145974884,0.010898586653940168,13.828354403719052,1.0647726705606808,0.9674501859198503,0.9677771435194686,0.17201593333642431,0.19284831280622086,0.6351357538573549,13.184986951145365,-13.070376814246568
2024-05-21 08:45:00,2024-05-21 13:55:00,SHORT,TP_HIT,20.44640280021548,10.200000000000001,10.24640280021548,10.246402800218616,22.50484347273674,-2.191971700953082,0.1414235862923686,-0.0078925578605471,-0.0010903640169818956,0.00010062708981237477,-0.0013352761157110343,25.77228687313199,0.017464827544017014,17.822270014330556,1.0633489794569617,0.9680635378583586,0.9685874826846792,0.25923532579430625,0.2696643331538575,0.47110034105183624,20.44640280021548,-10.444103392572613
2024-05-23 12:55:00,2024-05-23 16:10:00,SHORT,TP_HIT,30.094773498355078,10.2,19.89477349835508,19.89477349835691,27.89051197382829,0.6308823396284893,1.5803829933934301,-0.007003808495131381,-0.0004645106151126493,-0.0009498559791962484,-0.0019344500120003216,27.19075390706261,0.01806566349085159,19.68677824568236,1.0685371283867258,0.9654604508542743,0.9660024207589999,0.27439705694639765,0.23149409168901527,0.49410885136458704,30.094773498355078,-1.6858503380446581
2024-06-05 08:05:00,2024-06-05 15:20:00,LONG,TP_HIT,18.091181460763572,10.2,7.891181460763573,7.891181460765505,13.79505960485503,4.073502582226737,0.16522666999582408,0.05739260368597954,0.002572275016575535,-0.0009118739640525633,0.0009100445980169958,22.70419432224783,0.0158565273466027,18.47565768788804,1.0737633105718016,0.9633561926242984,0.9628804968039002,0.29096618994960854,0.24470256574759452,0.464331244302797,18.091181460763572,-10.238468490902328
2024-06-07 15:25:00,2024-06-07 16:50:00,SHORT,TP_HIT,31.05573840542548,10.2,20.85573840542548,20.855738405426937,28.903421511526354,0.2652175154678892,1.744570038048087,0.1425293403831489,0.004675867578526971,-0.00029689283314682707,-0.002272816747066919,41.996876814069374,0.03144310031760744,28.971453993970584,1.0733025693862248,0.9628770688021236,0.9638203618116519,0.21976455377592666,0.20530437751652522,0.5749310687075481,31.05573840542548,0.0
2024-06-12 11:25:00,2024-06-12 11:55:00,LONG,TP_HIT,41.593058409336265,10.2,31.393058409336266,31.393058409337574,28.198686840109314,-0.4705183573993638,13.828155865675004,0.03673406095131071,0.00046661137304497883,0.0019052138904899717,0.002289962451116706,48.17778941859504,0.02147305061953597,17.56334806149342,1.0737535316308702,0.963445329943858,0.9628011384252719,0.19542900854139514,0.19766727921904306,0.6069037122395617,41.593058409336265,0.0
2024-06-13 08:25:00,2024-06-13 08:55:00,LONG,TP_HIT,22.146597812876387,10.2,11.946597812876387,11.946597812876387,22.984534149170816,-1.7078947998709577,0.8521030157828241,0.017855447793703405,0.0016381297785461317,0.00028793416723544267,0.001597851686038182,36.69611995554206,0.018905931706919565,20.02698030078437,1.0728572063461042,0.9638549858025518,0.9632878078513442,0.23147023086266516,0.2314702308626593,0.5370595382746756,22.146597812876387,0.0
2024-06-21 08:00:00,2024-06-21 10:30:00,LONG,TP_HIT,43.45938852056448,10.2,33.259388520564485,33.259388520564485,48.5331525666846,0.2582305957932764,-5.340951734617251,0.008957092703852254,0.001084187807513352,0.0007181923959329394,0.0025525296635494216,5.478841174076846,0.031610741562737577,34.30011093535941,1.0666435636547476,0.9671523792960672,0.9662040570491851,0.3379291592358021,0.3066194288273029,0.35545141193689495,43.45938852056448,-1.113069313266479
2024-06-25 08:05:00,2024-06-25 14:00:00,LONG,TP_HIT,6.998025102472983,10.2,-3.201974897527016,-3.201974897527016,10.00376984190466,-2.6643980785193166,-0.34197532011024423,0.0006286591978845735,0.000519460088025832,-0.0007911902305141361,0.0005968616354070783,37.787120488149164,0.008034754785257725,9.447514378177416,1.066213175194977,0.9670139337242902,0.9667728910807325,0.2034896827832544,0.2694780414536077,0.5270322757631379,7.649569357721953,-18.106646096511362
2024-06-27 09:25:00,2024-06-27 13:20:00,LONG,TP_HIT,40.39881676621502,10.2,30.19881676621502,30.198816766216694,42.40675699289551,-2.189414860726986,0.16695716460890656,0.014517469437585362,0.0015977434618177867,0.0003297669676668249,0.0026992866141216515,29.198426300098152,0.03324679030493605,40.995930159325155,1.0629144515283038,0.9690414760904223,0.9680440723812742,0.2522554341418975,0.2525042067593905,0.49524035909871195,40.39881676621502,-3.642228165393467
2024-06-28 08:05:00,2024-06-28 11:25:00,SHORT,TP_HIT,10.164030551818175,10.2,-0.03596944818182379,-0.0359694481803707,17.045406308520725,-5.9797634834996405,-0.8960729802905634,-0.0055392929123456724,-0.001007889973351112,-0.0003746978471296081,-0.0009264261488770853,31.633873635193797,0.016419319757976503,4.971779294690046,1.0624853768703244,0.9685110217684683,0.9690036013612076,0.21802385579584152,0.29442279695424495,0.4875533472499136,10.547885156404211,-4.384839338381301
2024-07-01 08:00:00,2024-07-01 11:10:00,SHORT,TP_HIT,30.464689543220064,10.2,20.264689543220065,20.264689543220065,36.12390603617367,-5.096653897389646,-0.5536546934504658,-0.00890790211349568,-0.0012064475275788769,-0.0003927245544417421,-0.0020711609942274667,30.25058839468709,0.024177335039832215,27.784829168868747,1.0622601765934963,0.9685072516776545,0.9692325717288495,0.23196275291635113,0.2800707836658251,0.48796646341782385,30.464689543220064,-2.019059358623171
2024-07-02 13:40:00,2024-07-02 16:25:00,LONG,TP_HIT,35.4407489456005,10.2,25.240748945600497,25.240748945598515,42.81046223645506,-4.9213167495955625,-2.471160310423333,0.0227637691643352,0.0016251998917207698,0.0003373403933285666,0.002144606739808305,12.30079177842072,0.023304395575529657,29.8283994184586,1.0599765915971422,0.9703612701350617,0.9696621382677959,0.29712151550008714,0.31877760263565563,0.3841008818642572,35.4407489456005,0.0
2024-07-04 09:30:00,2024-07-04 13:00:00,SHORT,TP_HIT,10.17601972740547,10.200000000000001,-0.023980272594531726,-0.0239802725945317,11.544893120851482,-1.5917020152947916,0.2274333434036254,-0.004604721554846591,-0.0008537189991425585,-8.186395125468816e-05,-0.0007773160209010171,35.51329712524785,0.011023670382953599,4.630813566576066,1.0592022457093444,0.9702335220895835,0.970564232201072,0.2280497060264246,0.23741760152430968,0.5345326924492657,10.829714470402832,-1.8405348465931293
2024-07-05 11:25:00,2024-07-05 17:00:00,LONG,TIMEOUT,1.3940951012121445,10.2,-8.805904898787855,-8.805904898787857,9.097585960377533,-3.6541909702891067,-4.074659228012457,0.02535933913617594,0.0026789701203921152,-0.00040964020508634153,0.0008046051030241447,52.92362987826373,0.01619861023062774,9.622193649761275,1.0588536947504048,0.9708161317782571,0.9703301734713382,0.1746716173593854,0.18054058370269066,0.6447877989379239,10.321200143730517,-4.713366870279801
2024-07-09 10:35:00,2024-07-09 15:50:00,LONG,TP_HIT,2.556753288909735,10.199999999999998,-7.643246711090263,-7.643246711089062,7.45332824033483,-2.7483974411661474,-2.1586318908125217,0.010454380553574172,0.001589239814990509,-0.00024526613769739337,0.000622205648961302,50.55001712078724,0.004757943446032087,4.458674243801134,1.0577892383958736,0.9711767499537537,0.9710340116503727,0.17993233577207493,0.1909292540805421,0.629138410147383,2.556753288909735,-34.69524724303095
2024-07-11 08:05:00,2024-07-11 11:25:00,SHORT,TP_HIT,26.83121901122227,10.199999999999998,16.63121901122227,16.63121901122406,23.41628458676851,4.951792612537046,-1.5689094655475426,0.03205127746425873,0.0012397629228349234,-0.00030639463868851124,-0.0012123977318248963,19.229042282631074,0.014337117497853491,12.357087972345361,1.0528446537915555,0.9733626163417544,0.97379272986669,0.26842941171158535,0.30528242927495963,0.42628815901345507,26.83121901122227,-0.8968729639177551
2024-07-11 11:45:00,2024-07-11 15:45:00,LONG,TP_HIT,24.237121206218987,10.2,14.037121206218988,14.037121206221045,24.87438207387052,-0.04914999587464787,-0.5753122551570627,-0.01279861661982551,5.250859829496601e-05,0.00010828858919558833,0.0013399672169304155,12.294539218042862,0.01508243487793326,16.265628799232353,1.0530898760468457,0.9736812984997463,0.9732288254534083,0.30853792540939434,0.2928585648588888,0.3986035097317168,24.237121206218987,-7.756109068563123
2024-07-16 08:50:00,2024-07-16 12:50:00,LONG,TP_HIT,25.207126641235558,10.2,15.007126641235558,15.007126641235558,24.519542775258664,0.8030428582095639,-0.08799562268832836,-0.027463369544342697,-0.0002756361100752715,-2.698266364019437e-05,0.0016182163283390005,38.34230479445594,0.019899294173275628,24.010831244694803,1.0506430434625018,0.9749769676813482,0.97437998885615,0.21213752428209023,0.23582278184756147,0.5520396938703482,25.207126641235558,-13.349863084229442
2024-07-16 15:20:00,2024-07-16 17:00:00,SHORT,TIMEOUT,16.687002135593257,10.2,6.487002135593258,6.48700213558952,16.0008100655433,1.3043043048915808,-0.6525622343091921,0.03444999946757221,0.001246319624163412,0.0001347448608101069,-0.0011520851241998697,38.20012332390223,0.029377187244883363,15.89483073122276,1.0512537165607407,0.9739324839109562,0.9748137995283028,0.2224342473873483,0.21664460702716007,0.5609211455854917,19.51844564802912,-7.788523844710548
2024-07-25 11:00:00,2024-07-25 17:00:00,SHORT,TIMEOUT,-60.98415836411343,10.2,-71.18415836411343,-71.18415836411343,-6.403221553725452,-3.6321264597396055,-50.711121205262266,-0.2376891453861063,-0.002510633465510681,0.004401995219338013,0.0005891409167677747,57.25136607451918,0.02248565803052993,22.17886203699338,1.0553584661472148,0.9719834820559348,0.9726580517968507,0.15909518398910033,0.16622915318436418,0.6746756628265355,5.581758007081846,-69.84857160742126
2024-07-29 10:50:00,2024-07-29 12:45:00,SHORT,TP_HIT,17.180041095392895,10.2,6.980041095392895,6.980041095390668,13.525793574034273,0.044680996346232,3.6182606685830394,-0.008694143570650681,-0.0012039712093161918,-0.00034118048778567373,-0.0012334395698932604,50.80288989501109,0.01642618064846557,11.667027425524196,1.050375126007947,0.9745660442862996,0.9750588297057536,0.18699654703649007,0.16753313831990327,0.6454703146436066,17.180041095392895,-2.5627779035306766
2024-08-01 13:45:00,2024-08-01 17:00:00,LONG,TIMEOUT,-0.5919510582957273,10.2,-10.791951058295727,-10.791951058295728,-0.8475766339548025,0.07407560657121641,0.18166648258582677,-0.0001165134979678184,-5.110723832932846e-05,-0.0017652739614727128,-5.195281939580909e-05,28.80753546612095,0.04832436488139136,6.815841756541667,1.0607398590802353,0.9703549359331032,0.9689052049866613,0.25322883549525416,0.25294747012246416,0.49382369438228174,13.112792603203964,-27.403947232699096
2024-08-02 11:25:00,2024-08-02 15:25:00,LONG,TP_HIT,38.88609846363516,10.200000000000001,28.686098463635155,28.686098463635155,39.09924222551788,-0.7975513495856956,0.6025626152298215,-0.018155027526844947,0.0008693429338100758,0.00012810892936730627,0.0028298959768721793,40.01483410729626,0.029256838818353392,47.21119326627661,1.0622410185851994,0.9693183432896755,0.9684406381251249,0.2199724748818929,0.2150915929379727,0.5649359321801344,38.88609846363516,-6.547600353037632
2024-08-05 13:00:00,2024-08-05 17:00:00,SHORT,TIMEOUT,15.152669780105498,10.199999999999998,4.9526697801055,4.9526697801055,21.664860571315483,-7.456934692372885,1.2635666143108264,-0.3188227131479273,-0.006117594405613427,0.0028631952855938383,-0.0013189221671048162,27.956640534700373,0.04843311409394313,47.62237771735411,1.0651464760899028,0.9667002652436395,0.9681532586664578,0.2567769147928242,0.25511451444805744,0.4881085707591184,15.152669780105498,-82.31258181855537
2024-08-06 08:40:00,2024-08-06 12:45:00,LONG,TP_HIT,57.56097185240062,10.2,47.360971852400624,47.360971852400624,57.82076354861312,-2.187894278148251,1.9881117911697375,-0.060009209233989225,0.0012302793162399107,0.00021917608146113004,0.004826626903051676,52.840159871507076,0.05482014926494472,88.15140922332752,1.0601728652126343,0.9707358696326571,0.9690912651547088,0.17369305241069685,0.1854394783497794,0.6408674692395239,57.56097185240062,-17.282718344741244
2024-08-13 10:50:00,2024-08-13 14:25:00,LONG,TP_HIT,12.68169514954078,10.199999999999998,2.4816951495407817,2.4816951495395863,15.10382431583733,-0.10478893192161395,-2.3065064207707597,-0.010833813604177678,0.0001495759010223898,-0.00022911082190612864,0.001360560893684054,53.18561205647173,0.02141462864967969,20.007137980227007,1.0633749784646134,0.9686337301974384,0.967991291337948,0.17882708552325516,0.1745928925662698,0.646580021910475,12.68169514954078,-17.302190243537833
2024-08-20 11:30:00,2024-08-20 15:40:00,SHORT,TP_HIT,26.966003666580093,10.2,16.766003666580094,16.766003666580097,19.339031286993105,0.02167883254556789,7.610150346766038,-0.004856799724617389,-0.0002379806832998933,-0.0008206363127063815,-0.0017094038579902465,48.714881816403796,0.0066013549518406656,16.788171990341727,1.0604930458972515,0.9696544567270966,0.9698524973756519,0.19664545800849229,0.17789748002040054,0.6254570619711071,26.966003666580093,-7.40179736977636
2024-08-22 11:50:00,2024-08-22 16:40:00,LONG,TP_HIT,3.0159371015699072,10.2,-7.184062898430092,-7.184062898424664,10.866231014792604,-1.0111157974077656,-6.906626784970531,0.0674486691556,0.003928995611902454,-0.0008143285670858647,0.0009223065633860161,48.0031302782603,0.01754050992218703,17.175754149411173,1.0621831219418776,0.9691715466778938,0.9686453313802283,0.19768077226640166,0.18456681440106712,0.6177524133325312,12.049122700502163,-13.374506708760851
2024-08-23 13:45:00,2024-08-23 17:00:00,LONG,TIMEOUT,14.84732159812361,10.2,4.647321598123611,4.647321598121444,10.586512872046931,0.16528882531125522,4.107013718246412,-0.011493817480987545,-0.00013338463531381128,-0.0004765920096077352,0.0005216249736778727,6.617989505983693,0.019670592279480426,5.344685971901946,1.0633991081665812,0.9685955048009016,0.9680053870325172,0.32584834761393405,0.31747104080469496,0.35668061158137093,17.267531059566256,-8.5923719206533
2024-08-27 10:15:00,2024-08-27 16:00:00,LONG,TP_HIT,2.391275037932921,10.199999999999998,-7.8087249620670764,-7.808724962067076,10.961734818818524,0.7438663908089059,-9.34432923484619,0.030003063151681886,0.0014770142386080387,-0.001471061728070782,0.0008724669634935373,41.48416755300467,0.02033316846308808,22.810085331889074,1.0652026600347777,0.9677036675095574,0.9670936724556647,0.22355828411952935,0.19714187647543394,0.5792998394050367,7.544453063554128,-6.214813195265054
2024-08-28 09:50:00,2024-08-28 13:50:00,LONG,TP_HIT,34.99099282991631,10.2,24.79099282991631,24.79099282991631,33.05244544967142,0.618519528673571,1.3479139140021312,-0.027886062430816594,0.0004520354513854202,0.00016557205181584941,0.002887327546776272,44.330251212836615,0.033370098086937805,47.46179975570246,1.0657198623787725,0.9676406202819178,0.9666395173393096,0.21948741908644565,0.17985426226856635,0.600658318644988,34.99099282991631,-4.900494409174243
2024-09-03 13:00:00,2024-09-03 16:45:00,LONG,TP_HIT,32.53036394943402,10.2,22.33036394943402,22.33036394943402,33.10732399885607,-0.5840786282248936,0.013059364130388077,-0.005940785327538833,0.0008572125718999461,3.684835979167725e-05,0.002102218025786723,28.849807323189374,0.03615077322823845,32.760147816236966,1.066616979447228,0.9672337718748096,0.9661492486779624,0.25791402375311595,0.24759746280297332,0.4944885134439107,32.53036394943402,0.0
2024-09-04 11:45:00,2024-09-04 13:15:00,SHORT,TP_HIT,27.05997392571261,10.200000000000003,16.85997392571261,16.859973925711405,16.51617610459923,-1.0003438262051432,11.56270450119142,-0.01856285387289347,-0.0015698469938872064,-0.001206756137620854,-0.0014613376142258022,52.60727611295189,0.01825749892148676,8.29085351319941,1.0677066968861615,0.9658727890730968,0.9664205140407414,0.1816404025919338,0.17748487261089693,0.6408747247971691,27.05997392571261,0.0
2024-09-04 14:30:00,2024-09-04 17:00:00,LONG,TIMEOUT,1.6459496276593946,10.2,-8.554050372340605,-8.554050372338509,-0.5090798533785814,0.1690984370351139,1.9893618971129507,-0.0034308531100886164,-0.0005637469847905091,-0.00033207269007293905,-2.72026567266076e-05,11.822805621008236,0.016808404891188733,-7.644592019198095,1.0679423256963334,0.966280963225201,0.9657767110784653,0.31448880327424783,0.29435759182344096,0.3911536049023114,3.2072079709882884,-11.883742788679513
2024-09-06 11:50:00,2024-09-06 13:20:00,SHORT,TP_HIT,21.72001968655155,10.199999999999998,11.520019686551551,11.520019686554368,24.547579018934346,0.25840524719067826,-3.079884849593748,-0.006079729979727944,-0.00027619788219282785,-0.0009240863754204074,-0.0014367467794053068,16.19185698552385,0.0157021586402184,10.054404279959986,1.0698920866353023,0.9648184243027456,0.9652894890619521,0.3072040069505519,0.2693710011684703,0.4234249918809778,21.72001968655155,-10.555226813894613
2024-09-11 09:55:00,2024-09-11 11:25:00,SHORT,TP_HIT,32.73872596386182,10.2,22.53872596386182,22.538725963860788,18.64971604826295,0.010525209789424752,14.089035677295925,-0.010550971486480876,1.5276543631321692e-05,-0.0011067253130963622,-0.001904596424062821,61.06004025482038,0.021423745265547467,17.77215954347152,1.0686379444002172,0.9653596716209083,0.9660023839788747,0.1545144762602372,0.15347862502273737,0.6920068987170254,32.73872596386182,-0.8766415545923328
2024-09-11 11:45:00,2024-09-11 12:55:00,SHORT,TP_HIT,27.180355561627344,10.2,16.980355561627345,16.980355561629118,29.425683091419064,0.8930808204306676,-3.13412563313295,-0.004282717089438393,0.00046826965043229467,-0.001188890923369203,-0.0016740109269055975,24.089879922994676,0.024255284175106473,12.037628398911549,1.068204622656766,0.9655338594089902,0.9662615179342433,0.2659369139260503,0.27531409706868226,0.4587489890052674,27.180355561627344,-3.1909372555151796
2024-09-11 15:25:00,2024-09-11 17:00:00,SHORT,TIMEOUT,6.863569332150907,10.2,-3.3364306678490925,-3.3364306678458684,8.10626830052286,-0.3351406622469181,-0.9149456620014734,0.007387355876438129,0.0003260897285157717,0.00019318960700000936,-0.0006130826056236771,36.57288731781432,0.03261136003093745,4.209756822647213,1.0676682133827864,0.9656767229081427,0.9666550637090708,0.24205753543122943,0.2072024368856792,0.5507400276830915,24.2521008476427,0.0
2024-09-13 12:50:00,2024-09-13 16:50:00,SHORT,TP_HIT,26.78851250353307,10.2,16.58851250353307,16.58851250353307,26.619154815072324,0.7924612495973898,-0.6695997897940779,0.04649622865743197,0.0004701962133617272,0.00031238802521605817,-0.0017513180318004667,35.527237187799955,0.024194767690399743,28.78470301170194,1.066603819607131,0.9663351686810785,0.9670610117117905,0.23028185655573033,0.23848410010241217,0.5312340433418575,26.78851250353307,-22.24437607439605
2024-09-20 09:25:00,2024-09-20 12:45:00,SHORT,TP_HIT,15.234695479058974,10.200000000000001,5.034695479058973,5.034695479060234,12.993959783788561,0.3069190812483451,1.9251671160689847,0.00864949795308334,0.0004302749728309257,-0.00021967360252338826,-0.0011031818098636154,49.89891593683317,0.015775816745117188,10.293514127779478,1.063577455872468,0.9679746348125892,0.9684479093149427,0.1889742436593982,0.18434193976075894,0.6266838165798428,15.234695479058974,-15.514503385147593
2024-09-26 11:25:00,2024-09-26 15:25:00,LONG,TP_HIT,32.5317542983866,10.2,22.331754298386603,22.33175429838812,32.20680195747915,0.05681322734984456,0.3247008188080014,-0.05656170525039528,-0.0006329651540169813,6.420516303446871e-05,0.0024117416377210515,39.18894241627556,0.024847867580551908,38.593141296935855,1.0639582729699746,0.968393581528721,0.9676481455013044,0.22745942831105,0.2096142506800912,0.5629263210088589,32.5317542983866,-1.0844289811175156
2024-10-02 08:00:00,2024-10-02 12:05:00,SHORT,TP_HIT,36.329211496597985,10.2,26.129211496597986,26.129211496597986,36.54975208785877,2.4432869761147966,-2.7838924965629266,0.12006492918734324,0.0010171409876545568,0.000710622006344475,-0.0025160339895575895,40.26985770176232,0.03673175066644663,48.23789445871567,1.061296536422509,0.9688007555287488,0.9699027080487421,0.20984220840050863,0.2298344478917702,0.5603233437077212,39.157769844093295,0.0
2024-10-04 15:40:00,2024-10-04 17:00:00,LONG,TIMEOUT,3.7537275506072945,10.2,-6.446272449392705,-6.446272449391615,5.059763530605778,2.998192258358008,-4.317795670609865,0.013567432253372758,0.001843280209743243,-0.00027182038276581404,0.0006498137772458779,61.3715835007417,0.009834054564983319,5.3127784431979705,1.0558809214270206,0.9722070501049643,0.9719120284680148,0.1630691288560406,0.12210355084871403,0.7148273202952454,8.184215443835901,-2.6509220549251378
2024-10-08 08:45:00,2024-10-08 17:00:00,SHORT,TIMEOUT,-9.603398605488596,10.2,-19.803398605488596,-19.803398605489782,4.619054626374153,-2.331118901359633,-11.86836285417014,-0.022971476332976692,-0.0007553316753150733,0.0018264181394593256,-0.00034015510168868,48.437399496533416,0.012190898054753596,15.161942253058397,1.0591855218282302,0.9702243756150637,0.9705901025567063,0.17965383027383516,0.2116682671565611,0.6086779025696039,15.161208300277783,-19.354427790073665
2024-10-18 08:55:00,2024-10-18 13:40:00,LONG,TP_HIT,7.204137296142214,10.2,-2.995862703857785,-2.995862703857788,12.062018861500428,-3.371709197184345,-1.490377664730197,0.004205296556326843,0.00088044264661212,-0.00024428530835834814,0.0008596720143196346,48.359392914893796,0.009863871371029731,9.882273657956638,1.0549011820826115,0.9726973670292597,0.9724014508881288,0.17515977727801013,0.21776206781455612,0.6070781549074337,7.204137296142214,-26.6411182372392
2024-10-23 08:10:00,2024-10-23 12:10:00,LONG,TP_HIT,15.387881185300614,10.2,5.187881185300615,5.187881185300615,14.236401682525672,1.4658600104656145,-0.34086438809309666,0.026483880402423665,0.0021410041114987505,-9.958130595536759e-05,0.0010102219226478387,32.07113735000445,0.01355313383997192,11.14287026453314,1.0552419837187041,0.9725823051482474,0.9721757111330482,0.25316973044101215,0.21831140921524894,0.528518860343739,15.387881185300614,-5.168116677593677
2024-10-28 09:50:00,2024-10-28 16:30:00,LONG,TP_HIT,0.14596644104098289,10.2,-10.054033558959016,-10.054033558960487,9.671332903963354,-0.9908550795747451,-8.553580067440306,0.019068684092680144,0.0009006419590465918,-0.0019224671529708569,0.0006837552319833295,38.8827802236043,0.015769170823748402,23.859804816191083,1.055718196945128,0.9723774390897924,0.9719043639650798,0.221346714908496,0.21715237578017577,0.5615009093113282,5.26595315910798,-30.350196150534444
2024-10-29 08:20:00,2024-10-29 13:25:00,SHORT,TP_HIT,16.38319121485953,10.2,6.18319121485953,6.183191214856386,18.757919484936014,-1.3976572059075678,-0.9748775833363522,-0.002193480832566763,-0.00043551802011159807,-0.0003911206566113656,-0.0010385518852369657,26.415652049000364,0.007503029105926373,7.544749792735029,1.0589839894854378,0.9703954598206922,0.97062055069387,0.2506624498631313,0.2773840129146041,0.4719535372222647,16.38319121485953,-4.880826626595299
2024-10-30 10:40:00,2024-10-30 15:20:00,SHORT,TP_HIT,-3.0502968382946527,10.2,-13.250296838294652,-13.250296838294652,12.744483308414512,-8.89135534736206,-6.82747478810175,-0.0759500112453555,-0.005035654505778132,0.0007823018264560854,-0.0010406537827620105,51.82742079452354,0.015425199776269993,19.295467807206617,1.0596635985145029,0.9699368227461045,0.9703995787393926,0.1761903900380117,0.18759094468753587,0.6362186652744524,3.2572359017935186,-37.73722819977309
2024-10-31 13:20:00,2024-10-31 17:00:00,SHORT,TIMEOUT,13.079429617985163,10.2,2.8794296179851635,2.8794296179851635,14.133624084281715,0.13500274509384844,-1.1476312682819214,-0.04156594310847872,-0.002688343782782103,0.0003995786314924245,-0.0009678005170823539,32.951850096430526,0.01846034015661746,13.879405864421972,1.0584734683479504,0.9704863607236757,0.9710401709283742,0.24696983534692785,0.2239076403204395,0.5291225243326326,17.833234937243546,0.0
2024-11-05 09:30:00,2024-11-05 17:00:00,SHORT,TIMEOUT,-10.160879118892343,10.2,-20.360879118892342,-20.360879118892345,0.33668033453954044,-0.9357010604313696,-9.533343833934573,-0.028514559065939693,-0.000922469327056997,0.0016916727617746956,-2.4861434089515355e-05,41.584527499400046,0.01591688916668943,7.45088528055644,1.0562045902055615,0.971658951559719,0.9721364582347197,0.2127311598110535,0.2084828304361113,0.5787860097528352,10.053806001034028,-25.693510869927714
2024-11-07 09:40:00,2024-11-07 13:40:00,SHORT,TP_HIT,28.834556578328474,10.2,18.634556578328475,18.634556578328475,29.678770801899415,-4.469432883030878,3.6737073775189693,-0.04848871805902988,-0.0031910063347779416,-0.0004783631047630042,-0.0023430908472362455,47.00466791483978,0.03156096408094555,32.729475280589156,1.0543456537624474,0.972353758657562,0.9733005875799904,0.19234816050724102,0.1956664151450833,0.6119854243476758,33.23277299656667,0.0
2024-11-08 13:40:00,2024-11-08 16:30:00,LONG,TP_HIT,19.347451643272258,10.2,9.147451643272259,9.14745164327226,21.764261303153873,-3.894549606021622,1.4602658476523471,0.01747409848765713,0.0018865856105482791,0.0006888550776349192,0.0014053279139915331,34.97733371011956,0.031717189440189086,11.538526616974364,1.0558290502724346,0.9725612327053854,0.9716097170221798,0.228968688073256,0.23889459005437907,0.5321367218723649,22.601172252630324,-2.8223886099766853
2024-11-12 13:00:00,2024-11-12 17:00:00,SHORT,TIMEOUT,10.13861437029799,10.2,-0.061385629702009226,-0.0613856297020092,8.188896108791251,1.835043555718947,0.1382719602844871,-0.02359725449669625,-0.0030649486095127177,-5.4400551272263665e-05,-0.0005621294267350863,30.448035625579685,0.02768255216583637,0.3383455856649249,1.0574809949951602,0.9708442642199324,0.9716747407849076,0.25784962293792874,0.22507593319714128,0.5170744438649298,26.174539761619194,0.0
2024-11-13 13:55:00,2024-11-13 17:00:00,SHORT,TIMEOUT,-1.5564610620710697,10.2,-11.756461062071068,-11.756461062072852,-1.4398734315362338,0.05089085919256866,-0.17236789575764788,0.004889406030243126,0.0010589725886993332,0.0004174190857426646,9.151725359235474e-05,26.419559365203565,0.012187142826258768,-7.630137950838573,1.0577732548089684,0.970930565453122,0.9712961797379098,0.2676183374411238,0.24389054880171826,0.4884911137571579,5.40480331023991,-19.102619585915015
2024-11-21 09:35:00,2024-11-21 17:00:00,LONG,TIMEOUT,3.4875971661076735,10.2,-6.712402833892326,-6.712402833892326,8.514555906585025,-5.268799997751991,0.2620546625911646,-0.020213405316525712,-0.0030688081272037195,2.7010358474153604e-05,0.0007849448392646258,45.03707720595325,0.0035473504363447983,7.7773488700269375,1.051829644938367,0.9741383877873617,0.9740319672742713,0.21567548146449966,0.16759958806674677,0.6167249304687535,13.715590012317454,-10.820593059787745
2024-11-29 12:55:00,2024-11-29 17:00:00,SHORT,TIMEOUT,0.6553723594372345,10.200000000000003,-9.54462764056277,-9.54462764056277,0.097158869113859,1.0737358093568719,-0.5217010956397058,0.0061787766062094684,-0.0015738064493576354,-0.00027248946542676093,-5.837470701888781e-06,18.989843692828774,0.007908586609800539,-13.152521440830887,1.0580681682370887,0.9708472870823085,0.9710845446806025,0.2958385017621382,0.25826515401565664,0.44589634422220503,3.0844963800914784,-16.913572644334003
2024-12-03 11:50:00,2024-12-03 13:20:00,LONG,TP_HIT,23.28823811083892,10.199999999999996,13.088238110838923,13.088238110838924,19.838123312355926,-0.24065601111810223,3.678035946362231,0.012734863238861749,0.00022543408966299897,0.0011802625184172207,0.0013498857696007532,35.495659165969705,0.009802318552504241,5.911275219641439,1.0577579243361859,0.9712680726101947,0.9709740030536196,0.2327805640263129,0.22784092341035492,0.5393785125633322,23.28823811083892,-0.22170921646407493
2024-12-06 11:00:00,2024-12-06 17:00:00,LONG,TIMEOUT,39.873267101446274,10.200000000000001,29.67326710144627,29.673267101446275,28.168329271628846,11.370190892874776,0.24712497142203235,0.08762196552061852,0.003041861851821119,-0.0005932307978611759,0.0018527654269422655,21.735674308511683,0.02422663124688751,35.03597443423791,1.0603321926090312,0.9701973031641875,0.9694705042267809,0.31793138247386193,0.23235593722051062,0.44971268030562744,39.873267101446274,-11.422854446108648
2024-12-13 12:15:00,2024-12-13 17:00:00,LONG,TIMEOUT,12.091135780343809,10.200000000000001,1.8911357803438076,1.8911357803438091,10.162791112415368,-0.9539184097346893,2.879653862905743,0.0026092147573866242,0.0006196770320796093,0.0002626704542544065,0.0009097106363814278,56.44439577840209,0.012322537320752502,6.187848001806099,1.055760486194008,0.9723045949628073,0.9719349188431847,0.16180556059404475,0.16982333745003664,0.6683711019559186,12.854318951720924,-7.754547922356685
2024-12-18 08:00:00,2024-12-18 12:55:00,SHORT,TP_HIT,22.934325871588907,10.200000000000001,12.734325871588906,12.734325871588906,23.947475924088934,0.005026331010667541,-1.0682014004001854,0.05002501688948868,0.0008991354499975442,0.00020867829594622836,-0.0017530053881540386,39.2022954543374,0.023779067251650243,29.958340040252306,1.057928585590449,0.9706790211960008,0.9713923932135504,0.22621390128162933,0.20576795937257725,0.5680181393457934,22.934325871588907,0.0
2024-12-23 11:55:00,2024-12-23 13:40:00,LONG,TP_HIT,27.818542995917973,10.2,17.618542995917974,17.618542995920333,17.04146975692574,-0.09828690597533744,10.861719542628848,0.013640602338725216,-0.0005877313738802073,0.0012219131246763893,0.0014447005271563812,47.98236908956206,0.02213371748741033,7.977258908413411,1.0553261385668773,0.9726689364788724,0.9720049249542502,0.19855965694282385,0.17697933021322196,0.6244610128439542,27.818542995917973,0.0
2025-01-02 11:10:00,2025-01-02 12:25:00,SHORT,TP_HIT,24.085922273307297,10.199999999999998,13.8859222733073,13.885922273311248,20.90383638231775,-1.8274637331753454,5.02738273301195,-0.017833108847057133,-0.0016631068072086082,-0.0008034412994766344,-0.0015528929501760214,43.69746102792059,0.023665263731298403,13.927207375686896,1.0541391813343397,0.9725754303768606,0.9732853882887995,0.20501894778634855,0.2018603925683479,0.5931206596453035,24.085922273307297,-0.35285528428832746
2025-01-03 11:50:00,2025-01-03 16:40:00,LONG,TP_HIT,21.009835052581913,10.199999999999996,10.809835052581917,10.80983505258192,15.517537696505133,0.6524964989478972,4.839153136835672,0.0006477202932089199,-0.0004759006509467987,0.000712935292968114,0.0011721693447086512,45.44526586154118,0.015185257261401963,7.633717068742705,1.0533276680947228,0.9735639448115596,0.9731083870937176,0.19811504567646449,0.19925626137736313,0.6026286929461724,21.009835052581913,-13.014500119687662
2025-01-07 09:40:00,2025-01-07 14:45:00,SHORT,TP_HIT,8.68565977502348,10.2,-1.5143402249765199,-1.51434022497652,8.428783017685106,-0.8739744002599457,1.1417537895694672,-0.010902631971147159,-0.002040276144943098,-0.00015369801985840587,-0.000665544170498758,45.28350616597826,0.006040241843024985,1.6237260283721522,1.054890230423733,0.972464281160488,0.9726454884157787,0.20375530096244412,0.19074964345419854,0.6054950555833574,10.934550468939976,-21.4096272089316
2025-01-08 08:15:00,2025-01-08 12:10:00,SHORT,TP_HIT,26.07114902312709,10.2,15.871149023127092,15.871149023127092,25.44748708118863,0.1375311262450619,0.4788337187411464,0.007297096952253668,-0.0006791646536143964,0.000370244952869391,-0.0015187374276800503,22.214829330378414,0.02073171676457153,26.21341770877033,1.054678604218945,0.9723497221390591,0.9729716736419962,0.282193392575165,0.25228349382294996,0.46552311360188514,26.07114902312709,-6.862882001424548
2025-01-10 10:50:00,2025-01-10 17:00:00,LONG,TIMEOUT,-14.134061607043071,10.2,-24.33406160704307,-24.33406160704307,-10.385106934585961,-0.10265789026939985,-3.6606523537056206,0.014355571517910448,0.00014098974826468248,-0.0013555893014222699,-0.0006920159790170244,33.777325762361635,0.012335203933999672,-10.650905921807588,1.0536683153030197,0.9733508704075001,0.9729808142894801,0.2396811787446308,0.22725740186156285,0.5330614193938065,9.328201218347601,-20.048278963259143
2025-01-15 09:45:00,2025-01-15 17:00:00,SHORT,TIMEOUT,-49.57718404520828,10.2,-59.77718404520827,-59.77718404520751,-4.904032199190482,-1.1365897218072456,-43.450394116411374,-0.08616800779917355,-0.002000051429427509,0.00238411426628026,0.0006642154070182621,72.18227564913401,0.017681064399588386,-0.22748121353037654,1.0553082240895026,0.9720806719892547,0.9726111039212424,0.1151993191885205,0.11301264937566168,0.7717880314358179,20.99065786780417,-59.47930836729269
2025-01-24 12:20:00,2025-01-24 13:30:00,LONG,TP_HIT,15.712096982386424,10.2,5.512096982386424,5.512096982386424,14.343664419769043,0.10896797544265142,1.2712539984769848,-0.011789411302254749,-0.00035096554031282076,0.00012664984050016076,0.0012744042327940408,51.12799102922357,0.018065534301325847,15.601012842779049,1.0547046789654315,0.9729186435318041,0.9723766775027644,0.18553345911053606,0.1723491465196415,0.6421173943698223,15.712096982386424,-3.4917186931174595
2025-01-30 10:25:00,2025-01-30 12:20:00,LONG,TP_HIT,27.557952199273522,10.2,17.357952199273523,17.357952199267775,23.297466896738733,0.04630993194538968,4.213826379573781,0.00034899101561691737,-0.00012009968288090845,0.0008439163662554219,0.0016903357248477385,39.52383548797543,0.01840100714685655,16.993471246715746,1.0570531601455149,0.9717494350344453,0.9711974048200397,0.2234578890411324,0.2083701140170298,0.5681719969418378,27.557952199273522,0.0
2025-01-31 12:55:00,2025-01-31 17:00:00,SHORT,TIMEOUT,36.75982360964754,10.200000000000001,26.559823609647538,26.559823609645893,36.61166077334603,-1.7036765853511424,1.8928969445091244,-0.04105752285647668,-0.0022804226908428966,-0.001260753988940916,-0.0023492976918074726,31.370015583013966,0.022131909524375493,25.966052400245534,1.057168248919048,0.9710838968976103,0.9717478541833415,0.24759033572371783,0.23617406664139073,0.5162355976348915,36.75982360964754,-0.5033522930338914
2025-02-07 11:40:00,2025-02-07 16:40:00,SHORT,TP_HIT,18.079531713180884,10.200000000000001,7.879531713180883,7.879531713177274,16.815968902988693,0.27652010559899787,0.964724413328574,0.02231829126461804,0.0004040404095368471,0.00030676230673179207,-0.0009445587744305733,18.898735626517563,0.014395752014162433,13.374183331086112,1.0538750101673904,0.9728465586360924,0.9732784311965172,0.2882501708519962,0.27084285533951113,0.4409069738084926,18.079531713180884,-12.580968175820189
2025-02-13 12:15:00,2025-02-13 17:00:00,SHORT,TIMEOUT,5.604153721019826,10.2,-4.595846278980173,-4.595846278980173,6.310280004084883,1.606855269775503,-2.2972579116780047,-0.015723641162554536,-0.0018727208367085289,0.0002515610273361373,-0.0005468179660555461,46.00327950048692,0.011627545534087513,3.0785711859440035,1.0508875199426784,0.9743818268456496,0.9747306532116722,0.20729516654259414,0.17354690181043028,0.6191579316469756,11.04785401619274,-17.663594296534974
2025-02-14 13:55:00,2025-02-14 17:00:00,LONG,TIMEOUT,-1.3582549768200245,10.2,-11.558254976820024,-11.558254976820024,-1.013939047429705,0.44629116608196445,-0.7891134194553485,-0.0014936760169352858,-0.0003074232662986738,-0.0004961234817777167,-6.433948016226765e-05,32.38528680849993,0.02799083691671367,-6.09160932675703,1.0522402026459572,0.974299761230772,0.9734600361232706,0.24031579436492742,0.23813934943482393,0.5215448562002486,6.236818343297297,-6.395683084436717
2025-02-20 11:40:00,2025-02-20 16:45:00,LONG,TP_HIT,21.70804033294472,10.2,11.50804033294472,11.50804033294472,20.758606071334622,2.386458681535676,-1.3706911334766847,-0.06633328644889502,-0.001689984463750404,-0.00032410533707063875,0.0014349269183055458,38.56928017442647,0.021659571042081938,25.070718034655354,1.0511522088411063,0.9747487891450781,0.9740990020138156,0.21999348884030037,0.21904054674754833,0.5609659644121513,21.70804033294472,-21.157872451600124
2025-02-25 08:35:00,2025-02-25 11:20:00,SHORT,TP_HIT,17.26354154308587,10.199999999999998,7.063541543085874,7.063541543083865,20.269843525669646,0.16923295475413996,-3.1800903873147726,0.004555449976859194,0.0014067526435669589,-0.000803020844999745,-0.0011202501183048552,15.846869153110834,0.01602168383274538,5.937145305962948,1.0535638722846603,0.9729777386001786,0.9734583891151609,0.30121892715838455,0.27386571339653293,0.4249153594450824,17.26354154308587,-1.9145703836257453
2025-02-25 12:15:00,2025-02-25 15:35:00,LONG,TP_HIT,31.55244725667381,10.2,21.35244725667381,21.35244725667549,20.67473220102837,1.519358233200157,9.329885706825207,0.02847111562007143,0.0007970144962232716,0.0018597266326529026,0.0015668523388738392,34.95358483879104,0.016814043089236064,3.140479725454078,1.053923713390604,0.9732903539510365,0.9727859326583594,0.2524281137349231,0.19901801893858326,0.5485538673264937,31.55244725667381,0.0
2025-02-27 10:25:00,2025-02-27 15:50:00,LONG,TP_HIT,23.705023923446902,10.200000000000003,13.505023923446899,13.505023923446895,23.938154512876107,-2.072354306823724,1.812868697697483,0.026355019697035686,0.0021254415311328426,0.0004244348082192941,0.00166220283729486,38.66206729735689,0.013117983869653793,20.20123123825402,1.053744828149401,0.9733243556833444,0.9729308161672547,0.22248803827751748,0.2153110047847011,0.5622009569377814,23.93181818181723,-3.4033492822943323
2025-02-28 12:15:00,2025-02-28 16:30:00,LONG,TP_HIT,25.619994083102956,10.2,15.419994083102956,15.419994083105884,22.49692007003016,1.93806040987199,1.1556690946024364,0.029344508598367014,0.0021447650090381876,0.0004510111746814598,0.0015199814589380578,30.673585113833845,0.013898665896600049,16.90560455219496,1.052950888283624,0.9737330358466372,0.9733160758697391,0.2583786522575417,0.21943767411690393,0.5221836736255544,25.619994083102956,0.0
2025-03-03 13:20:00,2025-03-03 17:00:00,LONG,TIMEOUT,-8.660631106437961,10.2,-18.86063110643796,-18.86063110643796,-5.634774108633043,-0.44210101581838235,-2.5983932993047403,0.014637317318204168,0.00044274562036136333,-0.001317368701803413,-0.00036047969503082145,33.22916958495451,0.014864032227779322,-3.642542690453652,1.0525348328456396,0.9739555440605969,0.9735096230937635,0.24000120890627738,0.23088146695924475,0.5291173241344779,5.074209263884226,-18.34261679236956
2025-03-04 10:05:00,2025-03-04 11:55:00,SHORT,TP_HIT,29.781959005136642,10.2,19.581959005136643,19.58195900513664,24.409925323349576,-2.6741038549262037,8.066189511046908,-0.02005197433363648,-0.0012656219239511129,-0.0011394466778130185,-0.0018172973206700693,48.565422218386104,0.011187619156893813,16.44452046486709,1.0548637742790843,0.9724002985731044,0.9727359271478112,0.1842555935616237,0.1978100280305243,0.617934378407852,29.781959005136642,0.0
2025-03-05 14:55:00,2025-03-05 17:00:00,SHORT,TIMEOUT,12.206786694127409,10.2,2.0067866941274097,2.0067866941274097,16.10017371161711,-5.024913785273755,1.145978703238856,-0.014451935454800946,-0.002182866110396816,-0.00039757120662465146,-0.0010366863173014718,38.476465566859034,0.01571346651307315,7.173495758387631,1.0546776589627538,0.9724254685209268,0.9728968725163191,0.21606307172868977,0.22946939485403683,0.5544675334172734,13.591293155730376,-11.85800187602363
2025-03-06 12:05:00,2025-03-06 14:45:00,SHORT,TP_HIT,26.552744013581595,10.2,16.352744013581596,16.352744013581596,21.535875055845487,-0.14421540660792442,5.173964778316529,-0.012880413972496285,-0.00032451090100539765,-0.0011411080853142867,-0.0015190511097249587,38.78767268675337,0.008219638026768505,10.184673035132672,1.0557750765529854,0.9719891671531057,0.9722357562939088,0.22503606293514247,0.21042710098190953,0.564536836082948,26.552744013581595,-13.02454211203506
2025-03-07 11:50:00,2025-03-07 17:00:00,SHORT,TIMEOUT,9.84382709157938,10.2,-0.35617290842061955,-0.3561729084206195,5.269004173936472,-0.8854594620282091,5.459427263866036,0.0008551158050806862,-0.0003123093840195854,0.0009418498989144157,-0.0002641422695208867,18.617742866115293,0.014180791912626889,6.078457994613739,1.0566446520664998,0.9714649620880608,0.9718903858454395,0.2783087789131299,0.29430353632195955,0.4273876847649105,9.84382709157938,-27.803916409794024
2025-03-11 13:50:00,2025-03-11 17:00:00,LONG,TIMEOUT,18.890901106125447,10.200000000000001,8.690901106125446,8.690901106125446,21.57533687276531,-0.431098991220373,-2.2519814785505528,-0.0013552968689367617,0.00019441636269332984,0.0003724107279162568,0.00108286280114607,17.10478937774665,0.017237397885988548,9.377363197052095,1.057590222129092,0.971463449903744,0.9709463279671644,0.28690460197187023,0.2928496704701757,0.4202457275579541,18.890901106125447,-6.180896387127624
2025-03-17 12:25:00,2025-03-17 13:55:00,LONG,TP_HIT,20.6712706650069,10.199999999999998,10.471270665006903,10.471270665006902,18.742643309993877,-0.5214001883809176,2.439723810238696,0.010303733155243577,0.0011606582283350117,0.00042865416929698354,0.0013841375299415148,42.60724328806275,0.023982722921528365,15.020713257533025,1.060213904751802,0.970252788467922,0.969533306780276,0.21383861456672,0.2013451743833722,0.5848162110499078,20.6712706650069,0.0
2025-03-21 14:30:00,2025-03-21 17:00:00,SHORT,TIMEOUT,-19.114046612078617,10.200000000000001,-29.31404661207862,-29.31404661207862,-22.127313743537837,3.1994470797989996,-0.1702848431839875,-0.015895105155792066,0.0017239332275667105,0.0007407848084626255,0.0013307772929929962,32.484108950664755,0.006975367943895527,-31.09209825979478,1.063090105754477,0.9683503166036033,0.9685595776419201,0.23931431656618887,0.24660307747682733,0.5140826059569837,4.511513542693485,-24.54735894897896
2025-03-28 13:10:00,2025-03-28 17:00:00,LONG,TIMEOUT,5.3621158643422095,10.2,-4.83788413565779,-4.83788413565779,4.970329888105294,1.5843298528627094,-1.1813630969465518,-0.011180779679241581,-0.0011290967453169672,-0.0001909446766334165,0.00036444687656493613,45.68434004871743,0.012369583921112426,0.20774812623510286,1.0582454061377047,0.9710628406899643,0.9706917531723309,0.1983693411079137,0.20082002617306247,0.6008106327190238,5.3621158643422095,-9.079221875339064
2025-04-04 09:25:00,2025-04-04 14:10:00,LONG,TP_HIT,-46.99082044128714,10.2,-57.190820441287144,-57.19082044128712,23.38497346446912,-42.03492123340583,-29.7708802736543,1.4300076013038705,0.014418931570635308,-0.006817463915612391,0.0015662622346838545,46.109741608930285,0.04132602467028512,108.48863562900631,1.065096640396768,0.9680715701716701,0.9668317894315616,0.19108739296807287,0.2175227178573379,0.5913898891745892,0.0,-138.16272800590178
2025-04-11 11:30:00,2025-04-11 17:00:00,SHORT,TIMEOUT,-31.41993559882288,10.2,-41.61993559882288,-41.61993559882286,11.970453836010375,-15.634552159767704,-27.48260464006601,-0.2732326349995411,-0.005128508590911974,0.003683040395284023,-0.0009013082788218302,55.48901039406214,0.054047199524143164,55.86159109369808,1.0752522723336317,0.9615631558403219,0.9631845718260463,0.16155508929251333,0.19580297245336808,0.6426419382541185,40.11482852410242,-47.371359002832314
2025-04-16 08:15:00,2025-04-16 13:10:00,SHORT,TP_HIT,64.2508887111523,10.2,54.0508887111523,54.0508887111523,62.737790964353444,-8.121096973074854,9.763743352913336,-0.12954863303961872,-0.0037009203447860625,0.0014295131879534025,-0.0031095218046900547,17.363550522914682,0.0390623039797422,76.00135592537953,1.0744555614215066,0.9621862847295506,0.9633581538489429,0.28681248663100783,0.29994522344114066,0.4132422899278516,64.2508887111523,-25.87573794934458
2025-04-22 09:00:00,2025-04-22 12:40:00,LONG,TP_HIT,30.255420538445527,10.2,20.055420538445528,20.055420538445528,30.297874322992623,-0.3890395881396441,0.3290844874426478,0.0175013161499038,0.0017786390672771201,4.691553796579623e-05,0.002404893770626651,49.24366732608756,0.03342558690859754,42.71968059897719,1.0793902447306691,0.9608062614382943,0.9598034938310364,0.1980108287537675,0.18854385863657394,0.6134453126096587,33.86202214731374,-8.600075498656306
2025-05-02 11:25:00,2025-05-02 15:20:00,LONG,TP_HIT,51.463869084580764,10.2,41.26386908458076,41.26386908458076,38.20715866497711,-6.146589617426502,19.397951609034486,0.0053484279956705905,-0.002277051840421965,0.002097996582793696,0.003515909430689801,46.999450316126875,0.03513542264589886,41.28126652068461,1.0696084933683894,0.9657227846554937,0.9646687219761167,0.2183723982297474,0.1613480270321029,0.6202795747381498,53.69747567438144,0.0
2025-05-13 14:30:00,2025-05-13 17:00:00,SHORT,TIMEOUT,-8.124671747042033,10.2,-18.324671747042032,-18.32467174703845,-6.819390850664944,0.1971817115944524,-1.4981635325753355,-0.00429907539620622,-0.0011799239516885078,0.0005504587294957257,0.0004598692308120933,34.838054070033905,0.022689865404501575,-13.701425951091181,1.0656281429382124,0.9668455805498264,0.9675262765119614,0.24257631787762854,0.22055904061803402,0.5368646415043373,0.865262826939563,-19.082252032401996
2025-05-14 10:30:00,2025-05-14 11:35:00,LONG,TP_HIT,29.44030754061128,10.2,19.24030754061128,19.24030754061128,26.765896823139013,-0.14988970796374268,2.836710659182691,-0.012410233746685151,0.000243291245148159,0.00037677071191305017,0.002120082327877429,48.59487299870891,0.030782622486724698,31.610624549576883,1.0651983220847376,0.9678625782949319,0.9669390996203302,0.19480008906752644,0.1877327378545612,0.6174671730779124,29.44030754061128,-0.49555580798442866
2025-05-23 08:20:00,2025-05-23 13:25:00,LONG,TP_HIT,24.101774085719644,10.2,13.901774085719644,13.901774085719644,26.819952236966504,-1.5089009997354916,-1.1365726998318735,-0.07270445167949546,-0.000775550104938333,-0.0007560879266263789,0.001782892506441855,29.10393786471415,0.027434785927721306,37.293279895682716,1.0672241654227896,0.966799439077521,0.9659763954996894,0.2709948569891405,0.2206460857452418,0.5083590572656177,24.101774085719644,-21.39208679463685
2025-06-04 10:40:00,2025-06-04 14:15:00,SHORT,TP_HIT,27.154650462220115,10.2,16.954650462220116,16.954650462220116,18.05171259464291,1.0891718128481507,8.037118175567095,-0.023352120838040946,-0.0021388028469478244,-0.0008816092258368024,-0.0015674885310978937,51.82378911743495,0.016519320991231767,15.41168524857046,1.0728459772359547,0.9633292215671542,0.9638248011968911,0.19159464503110646,0.17044031637491433,0.6379650385939791,27.154650462220115,-3.195861162679276
2025-06-05 14:25:00,2025-06-05 17:00:00,SHORT,TIMEOUT,-2.297524008396202,10.199999999999998,-12.4975240083962,-12.4975240083962,-2.6800988725351265,0.13117154825173477,0.2500294786133198,0.00137383727386986,-6.234518613254445e-05,-0.0002783112093887184,0.00017634447617695392,27.71583410011563,0.019403049237315395,-17.087467913218553,1.0729076462499403,0.9632551311364701,0.9638372226135895,0.2765809103044356,0.2257297115489143,0.49768937814665004,12.237653150957183,-10.201773170155395
2025-06-06 12:30:00,2025-06-06 16:45:00,SHORT,TP_HIT,31.466660664178114,10.2,21.266660664178115,21.266660664178115,27.62084502450678,2.4879240158854556,1.3767630761230565,-0.018871452337176464,-0.001468274034459468,0.0004634478750446439,-0.0016014211336566886,18.791215713686967,0.02152877434360989,30.711288995384276,1.0726223839812514,0.9633658763942201,0.9640117396245285,0.3027437759872024,0.25604393820194443,0.44121228581085314,31.466660664178114,-17.35650844210645
2025-06-20 09:45:00,2025-06-20 12:50:00,SHORT,TP_HIT,18.53535711823932,10.2,8.335357118239322,8.335357118239322,17.571384918863526,0.13834034947334947,0.8253966249656951,0.0002352249367518766,-0.0009574281998736573,-5.5422131918812665e-05,-0.0020094912009231275,66.38437045911537,0.0251308945463935,33.28120794834676,1.0701697322454815,0.9645381704590634,0.9652920972954552,0.1424825375672031,0.12974951365594226,0.7277679487768546,18.53535711823932,-5.834884656033969
2025-06-23 15:45:00,2025-06-23 17:00:00,LONG,TIMEOUT,24.248684307660426,10.2,14.048684307660427,14.048684307660428,18.83186185771221,-0.29285795216790733,5.708455160955931,0.0012252411601920699,0.00022905462575761073,0.0006197535059502108,0.0015712751234851635,55.525861734349014,0.03206308762304655,17.233751236587253,1.0697650285426104,0.9655984320430406,0.9646365394143492,0.1703237154146051,0.1759288482997955,0.6537474362855995,24.248684307660426,-1.8567419402795577
2025-06-24 12:35:00,2025-06-24 17:00:00,SHORT,TIMEOUT,-16.439442026384523,10.2,-26.639442026384522,-26.63944202638452,-3.515567694409694,-3.620147340467642,-9.30417757999602,0.0004505884888352796,0.0020980649589122423,0.0008331405249332368,0.00034497042216821705,54.23866835413108,0.00932411113940268,-9.61618831059551,1.0715271375253108,0.9640965695702537,0.9643762929044357,0.19003504594984233,0.15062921505717655,0.659335738992981,14.654366131478117,-16.770754143126204
2025-06-30 12:55:00,2025-06-30 17:00:00,SHORT,TIMEOUT,10.643673312983298,10.2,0.4436733129832984,0.4436733129832984,18.227980840147644,-6.380937676496249,-1.1386159036286598,-0.06475394703943849,-0.003489105465817218,0.0006116831672015337,-0.0011545477286268174,38.48043377952624,0.020618443085579363,24.365951080026832,1.072571324406375,0.9634050611505289,0.9640236144430964,0.22170603372738648,0.23288172705092372,0.5454122392216898,18.642594234281425,-5.290174931215912
2025-07-01 12:50:00,2025-07-01 17:00:00,SHORT,TIMEOUT,-5.148888501419794,10.2,-15.348888501419793,-15.348888501419792,1.9363083842767137,-2.2573005685820853,-4.794638419089849,-0.033257898024573684,-0.001659957853721537,0.0012885345399706021,-0.00013167052436637017,42.1304011306916,0.014651933679010742,8.426529281484893,1.0727936280276875,0.9633834069809712,0.9638229649913415,0.21263380764079168,0.21761185664910518,0.5697543357101031,15.091448391816783,-19.93323635458125
2025-07-07 15:55:00,2025-07-07 17:00:00,LONG,TIMEOUT,11.84062415587129,10.2,1.64062415587129,1.64062415587129,13.276050747934297,-0.6303728399781786,-0.7879167262714606,-0.017137025813369178,-0.0006018399287498268,-9.235827629081083e-05,0.0011307083011230096,48.77867477849402,0.015674395735160163,15.349367663246417,1.068920769891571,0.965774730990242,0.9653044991181873,0.20355754331691533,0.17236184483725195,0.6240806118458327,11.84062415587129,-4.5883947109860665
2025-07-10 13:35:00,2025-07-10 16:40:00,SHORT,TP_HIT,19.632819560918094,10.200000000000001,9.432819560918093,9.432819560921216,19.118220187926564,0.6806167420551287,-0.14403305609083905,-0.021984312972758602,-0.0016366655273056883,0.00023818030361485402,-0.0012036794532818973,29.12759399679227,0.019042259005835893,19.10925688630163,1.0644048862382307,0.967511922995797,0.9680831907659722,0.26208654210908555,0.23438088889377437,0.50353256899714,19.632819560918094,-4.697484172495402
2025-07-15 12:40:00,2025-07-15 16:05:00,SHORT,TP_HIT,18.472427937992798,10.200000000000003,8.272427937992795,8.272427937992795,19.494904632509073,-0.8778560396682895,-0.13082454064504764,-0.013796114202936138,-0.0015631872657000455,-0.0007027054447670068,-0.0011821766628530017,28.33817694922302,0.011246650518459411,7.674013936881433,1.061255968849418,0.9692033158175141,0.9695407153330678,0.25917420086743936,0.24501428442962306,0.49581151470293744,18.472427937992798,-5.106150951490678
2025-07-22 10:00:00,2025-07-22 17:00:00,LONG,TIMEOUT,-31.68232724609935,10.2,-41.88232724609935,-41.88232724609936,-5.758084360840851,-2.8065447937121544,-23.121470502653608,0.0037724111072598987,-0.0018390275761980442,-0.002433224764357689,-0.0005143618838632097,48.57431819386276,0.012394759793127319,6.081165102285805,1.0616009482977422,0.9693854472480259,0.969013604454232,0.20501979577390006,0.16466352977708887,0.6303166744490111,9.684511791144006,-42.85280958632056
2025-07-28 13:25:00,2025-07-28 14:45:00,LONG,TP_HIT,18.777582091367314,10.2,8.577582091367315,8.577582091367315,15.43408156332952,-0.05655998167458198,3.3994086340390757,0.0006518756732987185,0.00021407754554293834,0.00046743320451662126,0.0012162582060411958,46.92540975226216,0.015052525233372194,11.036525068269828,1.063863341709149,0.9682941170239261,0.9678425412669249,0.20153995785008882,0.18844521752906954,0.6100148246208416,18.777582091367314,0.0
2025-07-29 10:25:00,2025-07-29 12:30:00,LONG,TP_HIT,21.182726092789252,10.2,10.982726092789253,10.982726092789257,11.305097877683256,-0.008365561906671152,9.879138874494041,0.0068549025186257495,-0.00018063980715764545,0.0008324909798746248,0.001093946712742988,57.460070910762376,0.008181356479314283,4.269816090149913,1.0629001580401911,0.9686726413270943,0.9684272006327148,0.16891618732844224,0.1537948692488327,0.677288943422725,21.182726092789252,-0.49258828452213166
2025-08-01 11:25:00,2025-08-01 17:00:00,LONG,TIMEOUT,11.771247218484293,10.200000000000001,1.5712472184842916,1.5712472184842916,12.709526233106086,1.6133557550068782,-2.5650090466612894,0.013374277032617954,0.0013159307477539186,-0.0003839964938935129,0.0010076029762300653,41.958895739706726,0.01860618356068766,16.046827826165273,1.0617763249176606,0.96939093029458,0.9688327447877594,0.2249876672901191,0.1871413310809273,0.5878710016289536,34.78468117726217,-18.179232781230965
2025-08-07 14:35:00,2025-08-07 17:00:00,LONG,TIMEOUT,2.2238747991930303,10.2,-7.976125200806969,-7.976125200806965,6.733473862715944,-0.5002849966593075,-4.031478904924264,0.022164838060658276,0.002798958049865783,-0.0002926088845960294,0.0007102004225400943,62.64540184296944,0.026016428204655995,8.586874977038509,1.061692022260753,0.9695442352926931,0.9687637424465534,0.15088749564528878,0.14028600899473367,0.7088264953599775,5.332982459284152,-2.3851446735162263
2025-08-13 08:00:00,2025-08-13 09:55:00,LONG,TP_HIT,21.64964474188232,10.199999999999998,11.449644741882322,11.449644741882322,20.481584351877032,1.3576080890263567,-0.16070341370898353,-0.02884428531208627,-0.001224200612085234,0.00022838245939297186,0.0012075699498277914,28.706582829025585,0.019226771257574438,13.751185680302502,1.0614074670691118,0.9695846680343078,0.9690078648965805,0.255522729788571,0.24936877922820175,0.4951084909832273,21.64964474188232,-4.042788229675434
2025-08-25 09:20:00,2025-08-25 10:35:00,SHORT,TP_HIT,18.88857404756338,10.2,8.688574047563382,8.688574047563382,12.64553110060801,-0.04098103998600541,6.28733999997859,-0.0033160130372138497,0.0002788823567288006,-0.000704492523582538,-0.0010514060126971952,48.774879399481506,0.013727637799380035,5.282149580623464,1.0542305935381302,0.9726796443550847,0.9730897621067853,0.1951519823698702,0.17428156203307632,0.6305664555970535,18.88857404756338,-1.099193540698331
2025-08-25 13:05:00,2025-08-25 14:25:00,LONG,TP_HIT,21.708990361095445,10.2,11.508990361095446,11.508990361095446,18.45524834593284,0.30466146362907076,2.9415981192957323,0.007482432237800651,0.00040398794356884694,0.0008311050561504564,0.0012698422189511838,34.507304435220554,0.009909277386811912,8.383107074068267,1.0542206661716844,0.9730376658324555,0.97274166799586,0.24512963495620246,0.21042454424637727,0.5444458207974202,21.708990361095445,-2.0317241900592573
2025-08-28 13:40:00,2025-08-28 17:00:00,LONG,TIMEOUT,-3.3611606296209366,10.2,-13.561160629620936,-13.561160629620936,-1.824928953628208,-0.4238320650120325,-1.1108010894975775,-0.0015985214831184535,-0.0007099786097211021,-0.00036039932635014674,-0.00012316952286590965,33.268919063171516,0.01666584586984094,-8.316530862908778,1.0518200448404667,0.9743388998791328,0.9738410552804003,0.24805613502750148,0.21448890574624876,0.5374549592262498,6.7115114735478985,-8.297250142232295
2025-09-02 11:55:00,2025-09-02 14:30:00,LONG,TP_HIT,32.50220089655524,10.2,22.302200896555238,22.30220089655366,11.983957549213793,-0.1482478250069923,20.651034831926108,0.01545634042233246,-0.0014919826937272974,0.0012237370492826892,0.0014800906037550215,67.67239406294331,0.013905412818343565,9.7423158123789,1.05153375184515,0.9744417052697001,0.9740245428851498,0.13267508264607233,0.11786261843709743,0.7494622989168302,32.50220089655524,-3.2449305335201757
2025-09-04 13:25:00,2025-09-04 17:00:00,SHORT,TIMEOUT,8.245244337286147,10.2,-1.9547556627138523,-1.9547556627138525,7.0859676861925935,0.25550379196375184,0.903831073680682,-5.821455087939853e-05,-0.0003734410697625554,0.0009059474721636933,-0.0004215196377617414,22.878588940994028,0.018169515594399846,9.381638193569415,1.0501914274312378,0.9746322120403108,0.9751763605284516,0.28277167202968473,0.24422121928018747,0.47300710869012774,9.660944540234981,-14.61844028720401
2025-09-05 13:30:00,2025-09-05 15:25:00,LONG,TP_HIT,27.530813092519026,10.2,17.330813092519026,17.330813092519026,27.702807943638877,-0.0037972268726091797,-0.14956309431355633,-0.018634529933684973,1.942492509310786e-05,2.6977810752279903e-05,0.0014378696491235549,13.499255581603542,0.02131406213546231,21.61727333916786,1.0504983998419788,0.9750703638982774,0.9744312362597438,0.30871494839271735,0.27993880388188813,0.41134624772539463,27.530813092519026,-2.3079744426692077
2025-09-10 12:45:00,2025-09-10 15:35:00,SHORT,TP_HIT,26.928576451458543,10.2,16.728576451458544,16.728576451458544,26.67441448432377,1.8756249962899663,-1.6060209574045257,-0.015442071750666031,-0.0012160668821344367,-0.00030554382544925953,-0.0014337495983683807,12.736781962815968,0.019048412805033887,17.33770777098484,1.0510811921299144,0.9741736777429675,0.9747451301271184,0.3277809519623552,0.2724256142047426,0.3997934338329023,26.928576451458543,0.0
2025-09-11 11:25:00,2025-09-11 12:30:00,LONG,TP_HIT,29.40324153153582,10.2,19.20324153153582,19.20324153153582,23.25325199433581,0.39056293188460334,5.747712592225764,0.011714013089644482,0.0001759806034807911,0.0011670079244677754,0.001733341978213107,35.30337991382303,0.01577752255234044,14.932569954126382,1.0498584664264987,0.9753074296250359,0.9748341039484656,0.25478078608451665,0.19609270738862652,0.5491265065268568,29.40324153153582,0.0
2025-09-11 13:25:00,2025-09-11 16:30:00,SHORT,TP_HIT,21.280204684448766,10.2,11.080204684448766,11.080204684448766,20.8238072558515,0.024646395772042255,0.4295522534008994,0.002198779424325892,4.4012039745237156e-05,-0.0005559341630216865,-0.001284373729849922,29.057593340420816,0.017760055589072232,12.064046403439985,1.0494466114885337,0.975010293421897,0.9755430950895692,0.2551647173963906,0.23728693464889258,0.5075483479547168,21.280204684448766,0.0
2025-09-12 12:55:00,2025-09-12 16:55:00,LONG,TP_HIT,31.202754108478388,10.2,21.00275410847839,21.00275410847839,25.22257326657156,2.247277966802614,3.710891399422326,0.022011475681889436,0.0016188218514710019,0.0006185539482119791,0.001925298173335227,37.89428981176711,0.016489557179083514,24.208658102939342,1.048704559212982,0.9758950637511954,0.9754003770358228,0.23710929756302268,0.19197390215965313,0.5709168002773243,31.202754108478388,0.0
2025-09-15 11:10:00,2025-09-15 12:05:00,LONG,TP_HIT,20.774534711962765,10.2,10.574534711962766,10.574534711969616,14.083648626401322,0.24062395621595412,6.44653457729446,0.003727552051028482,0.000377466712653248,0.0005729120199673611,0.0013100878108187192,51.9245209162701,0.011613722220765732,12.119455067106049,1.0478537415222717,0.9762473350721756,0.9758989234055526,0.18611521418021557,0.1571639586410782,0.6567208271787063,20.774534711962765,0.0
2025-09-22 13:10:00,2025-09-22 16:40:00,LONG,TP_HIT,24.206023281015874,10.2,14.006023281015874,14.006023281015874,19.730324339826552,3.7303719633339556,0.7177525224197672,0.02757445543559811,0.002026184851364958,0.00031136158672330705,0.0013221681441649286,29.499432335780085,0.018364682173893795,13.621364470655706,1.0433185784935861,0.9786149261003732,0.9780664954060407,0.27310011230015024,0.21595278217102443,0.5109471055288253,24.206023281015874,0.0
2025-09-23 15:25:00,2025-09-23 17:00:00,LONG,TIMEOUT,-9.411560501786624,10.2,-19.611560501786624,-19.611560501786627,-7.284981301491424,0.1768470045055584,-2.3013152107783226,-0.0021109940224359747,0.0003517995560610799,-0.00022193321676772427,-0.0006416115558224578,49.120014378313556,0.005282829903741837,-22.571135109667978,1.0420789489403544,0.9790392754500472,0.9788817756095984,0.19314725903435748,0.16409903572294723,0.6427537052426952,12.970457493935928,-12.7139441932907
2025-09-26 12:40:00,2025-09-26 16:45:00,SHORT,TP_HIT,19.091333842204378,10.199999999999998,8.89133384220438,8.89133384220438,19.556954152975415,-0.00014299460183190773,-0.48203614861153293,0.016558832442328253,4.8869645118414956e-05,0.00014103999388701983,-0.0013056416985955666,32.7577984513022,0.012899311976026583,21.227301187624807,1.0379349793215291,0.9808413278245908,0.9812236928538798,0.244056611679743,0.2153538286609811,0.5405895596592759,19.091333842204378,-7.662220186232796
2025-09-29 13:55:00,2025-09-29 17:00:00,SHORT,TIMEOUT,1.3828895860162849,10.2,-8.817110413983714,-8.817110413987256,-1.3057435657922059,0.056624666788478877,2.6313080323323232,0.0007004526876885908,4.3986227430493385e-05,0.0008618340008077652,7.052059129245003e-05,19.787405860405155,0.01967695381714939,-1.718103464740043,1.0367720440328316,0.9813227857315678,0.981905170235601,0.2806782196289446,0.26585366577532527,0.45346811459573,6.388267975703318,-8.891867122134006
2025-09-30 10:40:00,2025-09-30 12:45:00,SHORT,TP_HIT,30.269877444796784,10.199999999999998,20.069877444796788,20.06987744479679,28.41850356705643,-1.5801122804962007,3.4586721460880305,-0.027185987851474636,-0.0027330934561498976,-0.00019284712542246295,-0.003507793259963976,67.68637612440786,0.04307267250981455,62.862249051511,1.0348893072956622,0.9819177974505842,0.9831928952537536,0.12288486873944061,0.1164264310358094,0.76068870022475,30.269877444796784,0.0
2025-10-02 12:35:00,2025-10-02 15:10:00,SHORT,TP_HIT,28.816050708229312,10.2,18.616050708229313,18.616050708229317,19.699612015474354,-0.3977642915369421,9.533647508786556,-0.019444524494659277,-0.0003283645758436813,-0.0013672350907052357,-0.0014534961315193634,43.61061035332586,0.008760638439145593,6.468821676712913,1.0377574757009793,0.980991115503138,0.9812514087958828,0.20159110018759008,0.19529137830673363,0.6031175215056762,28.816050708229312,-2.0036142552232876
2025-10-06 08:10:00,2025-10-06 10:35:00,SHORT,TP_HIT,27.984248291599116,10.2,17.784248291599116,17.784248291599116,30.485031091363766,-1.576517834242066,-0.9153661340814921,-0.008898831441094046,-0.0010170916480307522,-0.00036158232344599974,-0.0016692348644586075,21.543674799602506,0.018558598713182314,21.884400617586994,1.038243115389684,0.9806018854310277,0.9811549991792884,0.27358873255470384,0.26404223209957206,0.46236903534572416,27.984248291599116,-1.6512078434664401
2025-10-10 14:15:00,2025-10-10 14:25:00,LONG,SL_HIT,-32.2061519080952,10.2,-42.4061519080952,-42.40615190809886,-43.74550713187735,0.021837952021951653,11.480587162251338,0.03693010950885878,-0.00018756447583820668,-0.0022925475824663592,-0.002293862071301722,13.754149563653767,0.04133807676001737,-35.429346968661186,1.0357422617494259,0.9827450435807794,0.9815126946697947,0.31182548787620545,0.27531650824362847,0.41285800388016614,0.0,-32.2061519080952
2025-10-10 14:30:00,2025-10-10 17:00:00,LONG,TIMEOUT,18.399024583756912,10.200000000000001,8.199024583756911,8.199024583756913,20.11149709938872,-0.6482310980459675,-1.085413775641247,0.021172358055405738,0.0016624697665727796,0.00013233406430452152,0.0009721148907763932,6.84953132507281,0.06342610535763683,7.521398455052239,1.0362967039531155,0.9827978249870921,0.9809054710597924,0.3340619843054559,0.298721351221908,0.3672166644726361,21.47125773645167,-3.051554165421309
2025-10-17 10:05:00,2025-10-17 15:35:00,SHORT,TP_HIT,13.23072780729273,10.2,3.030727807292731,3.030727807292731,32.612183940801984,-9.040734094788164,-10.130227107009949,-0.21049493171114086,-0.005133822673060662,0.0021026042925097596,-0.0021964084642755455,40.543634919601345,0.024762264670589042,58.185341720327756,1.040427612759961,0.9794240515299037,0.9801483357101354,0.20954937828038123,0.21071516063520848,0.5797354610844103,13.23072780729273,-45.741033531482614
2025-10-21 12:30:00,2025-10-21 17:00:00,LONG,TIMEOUT,-11.669181470108093,10.200000000000003,-21.869181470108096,-21.869181470108096,2.7650223585142104,-0.2679126494208288,-14.185204939886505,0.018913760685030923,0.00028101592285466407,-0.0022452452682255914,0.00019942216746764163,42.058300321443824,0.019370112328373768,20.562575552828743,1.0380958365614288,0.9812366506857318,0.9806675127528393,0.20855924776777118,0.19741084622294056,0.5940299060092882,0.0,-29.271998766007513
2025-10-23 11:55:00,2025-10-23 14:25:00,LONG,TP_HIT,17.15426365697946,10.199999999999998,6.954263656979462,6.95426365697708,10.914516873354856,0.08493715936128252,6.150257428223737,0.004552196039583123,-0.00012677237549400813,0.0006885958214777387,0.0008760431828599285,47.542411367265984,0.005246251516801226,1.9080214861470761,1.038614748885076,0.9807702509045405,0.9806150002103835,0.19159101600838527,0.17873109570748347,0.6296778882841313,17.15426365697946,-0.7413303974345706
2025-10-24 10:00:00,2025-10-24 17:00:00,SHORT,TIMEOUT,-6.322921094935047,10.2,-16.522921094935047,-16.522921094930624,2.637394583507511,-0.7844882063672977,-8.169231843791986,-0.00659562828327509,-0.0005174240209943114,0.0007596099856489025,-0.00022395012099155065,53.64482010262135,0.013184070387195858,2.971578431068375,1.0395129111266312,0.9800479658474144,0.9804391230259546,0.16690845088805853,0.16946996793669059,0.6636215811752508,15.601398292745355,-10.267813060492852
2025-10-27 08:00:00,2025-10-27 10:50:00,SHORT,TP_HIT,34.14430758939287,10.2,23.944307589392867,23.944307589392867,37.71140497713025,1.4536728394167502,-5.013883087786169,-0.006887139367961481,-0.0006870154357960961,-0.0008000387258619047,-0.001971144038937639,10.114857723218329,0.032025703557680876,24.23900681364893,1.0363650331365069,0.9813419768019306,0.9822929900615629,0.347439446552207,0.27570598810780483,0.3768545653399881,34.14430758939287,-0.2522786709939049
2025-10-28 08:00:00,2025-10-28 17:00:00,SHORT,TIMEOUT,-7.498627316206722,10.2,-17.69862731620672,-17.69862731620672,2.294153085341861,-7.809979570393073,-1.7016417739376135,-0.2811590572178968,-0.007951240362864261,0.002268471865142265,-0.00013876679124313895,28.092246856670183,0.010634712208492532,6.29279646179538,1.0368612784760098,0.9814112621673294,0.9817274593566606,0.25450120556066363,0.2383991960699612,0.507099598369375,16.420547367998488,-40.992908845560684
2025-10-30 11:40:00,2025-10-30 15:40:00,SHORT,TP_HIT,38.45801035289063,10.2,28.258010352890633,28.25801035288676,34.719852078736764,1.6547208136539564,2.042196852491673,0.0412406080082377,0.0005527214200749395,-0.00042067993013116456,-0.0023092262987741974,41.06607546606863,0.021096588907965064,37.97176615856537,1.034066666008249,0.9826502181622561,0.983283115829495,0.1999230430595842,0.21914115790495206,0.5809357990354639,38.45801035289063,-5.148629592249158
2025-11-07 09:20:00,2025-11-07 16:35:00,LONG,TP_HIT,60.2808583180124,10.2,50.0808583180124,50.0808583180124,52.87682329579387,5.52144269705899,1.772174986855279,0.11041733830426637,0.0037471995424618655,0.00039876902266550694,0.0037225831433611023,33.64473969044063,0.029605419493875712,62.395838843469576,1.0254889427000937,0.9876912255896508,0.9868198317102554,0.258489825738759,0.20253138867841733,0.5389787855828236,60.2808583180124,-5.562156348087884
2025-11-14 12:55:00,2025-11-14 17:00:00,SHORT,TIMEOUT,16.72201174763765,10.2,6.522011747637652,6.522011747637652,16.115707825960122,0.5823711318448083,0.040692529865345065,-0.016759740032625814,-0.0018557852218806965,-0.0003994997621395205,-0.000972527527830308,24.41529008806221,0.03080419893139334,3.5239769934751806,1.0281944771819282,0.9854461183116083,0.9863594045064635,0.2790146479635202,0.23841622557792883,0.48256912645855093,19.803382703861715,-37.40890477578525
2025-11-18 09:05:00,2025-11-18 12:55:00,SHORT,TP_HIT,35.352504602269384,10.2,25.152504602269385,25.152504602269385,30.17501904146322,3.3068331191525577,1.9645739528895758,-0.09392151123596904,-0.0043018245467390534,-0.00034856565586974703,-0.0021896976443846194,36.65342505571171,0.020220395587728795,27.253210594576228,1.0301840412785386,0.9846095039182843,0.9852064548031771,0.23873655653522485,0.19736459645382906,0.5638988470109462,35.352504602269384,-5.698808255010819
2025-11-24 08:00:00,2025-11-24 11:50:00,LONG,TP_HIT,40.09522804114616,10.2,29.895228041146158,29.89522804114616,44.00034336196229,-2.341175420727521,-1.5954825400454147,0.03154263995681106,0.0016362985853746387,0.0011208961390465906,0.0024663154971355794,22.633716489712384,0.026901559593710548,29.917887052313862,1.0273859730291095,0.9867029543237029,0.9859110726471876,0.26981142057392404,0.2544211078139732,0.4757674716121028,40.09522804114616,-19.504403553235825
2025-11-25 13:05:00,2025-11-25 16:45:00,LONG,TP_HIT,44.89865940733144,10.2,34.698659407331434,34.69865940733143,41.91983072013109,5.367066025021737,-2.563152173611319,0.1749148357899344,0.006425091144496235,0.0008432766577397981,0.002325587020264114,17.801949282840596,0.021946200823483267,19.57978428989627,1.027782497152501,0.9864309289699293,0.9857865738775697,0.3091090271488725,0.2564357400113607,0.43445523283976667,44.89865940733144,-7.72402338402088
2025-11-28 13:10:00,2025-11-28 17:00:00,LONG,TIMEOUT,15.358509897253349,10.200000000000001,5.158509897253348,5.158509897253348,15.783745807810675,-0.02604081312246385,-0.36982087754928256,-0.029374219885580644,-0.0011613513503191785,-7.006665093039829e-05,0.0011210358616008942,36.24058557771431,0.01662705778539492,18.27167652782541,1.0326432887591146,0.9839253475118745,0.9834313637290109,0.2321688882995331,0.20271262796166187,0.565118483738805,15.690812935954439,-0.7717575511252717
2025-12-02 12:00:00,2025-12-02 17:00:00,LONG,TIMEOUT,9.792235627783755,10.2,-0.40776437221624384,-0.4077643722162438,9.955634326661693,-0.5649386317799651,0.4193477074240736,-0.01780777452204596,-0.0016034992476881126,5.242326545715804e-05,0.0007859865843680147,41.90289768296458,0.00853537062846902,10.143933963918384,1.0312819571200613,0.9844861229488556,0.9842319199310828,0.21526111208890064,0.1828549555407268,0.6018839323703726,15.782104672530934,-17.767856787824847
2025-12-03 13:50:00,2025-12-03 17:00:00,LONG,TIMEOUT,-3.013081573644441,10.2,-13.213081573644441,-13.213081573641793,-2.6284363723569113,-1.5641055708653366,1.1788582474381504,0.0006021221396568244,0.001466341296013505,-0.00018375677654824005,-0.00013114881442863324,10.838517480066667,0.029128356941393277,-13.926985016856555,1.0316230243298805,0.9846220551670185,0.9837549205031006,0.3135605595957999,0.2890271328017667,0.39741230760243335,0.0,-20.187128712870255
2025-12-05 08:25:00,2025-12-05 10:10:00,SHORT,TP_HIT,16.421560149688652,10.2,6.221560149688653,6.221560149688653,12.11859288765402,3.3776400107392863,0.9328135823781833,-0.007486331082837694,-0.0009530759757046411,-0.00015667432662093298,-0.0009454046571151509,35.983238261335224,0.016337721635725937,7.594506808054332,1.02936373131462,0.9850753780026773,0.985560890682703,0.27061003524322264,0.18477879107171255,0.5446111736850648,16.421560149688652,-7.94566726011059
2025-12-12 12:50:00,2025-12-12 17:00:00,LONG,TIMEOUT,9.417015526623985,10.2,-0.7829844733760147,-0.7829844733760147,10.723271915120346,-1.019596257159526,-0.29309215143511014,0.006432020098273483,0.0009264840595179963,-0.00013957951693248057,0.000673994592493149,30.192938833687528,0.010761061117859936,4.823029659092862,1.0301058145399429,0.985107794612747,0.9847863908473105,0.24600623319082612,0.23032073491323893,0.523673031895935,9.417015526623985,-4.494889332805491
2025-12-17 12:35:00,2025-12-17 17:00:00,LONG,TIMEOUT,9.10991322266413,10.199999999999998,-1.090086777335868,-1.090086777335868,10.822877559664747,-1.7034137406433485,-0.016864505486359965,0.007313909129091911,0.001091583996611923,-8.745425049402464e-06,0.0006713114753593985,31.1010597282118,0.023056703766244406,3.0403658471826027,1.0314774636770996,0.9846049042638592,0.9839176320590414,0.2409662453628375,0.23284215762030747,0.526191597016855,10.375464307600943,-11.292566637354113
2025-12-19 14:40:00,2025-12-19 17:00:00,LONG,TIMEOUT,-5.42298382796334,10.2,-15.622983827963338,-15.622983827963338,-2.42696497864482,-3.6709618856120896,0.6577621713320836,0.017180864961486186,-0.003279461803734176,8.707388224412395e-05,-0.00019039007106780304,40.679211473779375,0.015129384674507607,-8.612853097720322,1.0287927807324668,0.9858270500810182,0.9853801691865149,0.22825971021639901,0.1824740875229036,0.5892662022606974,0.0,-15.029665727272546
2025-12-29 13:15:00,2025-12-29 17:00:00,LONG,TIMEOUT,26.70232089330173,10.2,16.502320893301732,16.502320893301732,22.559025038646052,3.0386320109325093,1.0867345291616533,0.017929314561516918,0.0014036273417790256,0.0005117463237758774,0.0014941653933303045,28.16909419307142,0.018779057081309843,14.988416872550754,1.0262074777514352,0.9871739254193324,0.9866185968292323,0.2856032970890518,0.21635288049011703,0.49804382242083123,30.547453542820527,-9.19756050428063
2026-01-02 08:50:00,2026-01-02 16:15:00,LONG,TP_HIT,43.15883258005409,10.2,32.95883258005409,32.95883258005409,42.670396133745534,-0.04866297873018211,0.5886225605286969,-0.05152313548995835,-2.485552724910631e-05,0.0002328379070630334,0.0028403569520811245,29.050870275992725,0.03347886051221852,52.818699149706504,1.0217869821291705,0.9895989369475432,0.9886140809232864,0.28137320896240564,0.2140590441388336,0.5045677468987608,43.15883258005409,0.0
2026-01-06 12:25:00,2026-01-06 17:00:00,SHORT,TIMEOUT,5.026063228163732,10.2,-5.173936771836267,-5.173936771836267,11.916895827912741,-1.15449394537,-5.6814262367982655,-0.054912417580744055,-0.002733844690648363,0.0009794993308000195,-0.0008427585151579708,36.97556158378361,0.028365332860364377,13.627539704523048,1.021351278103721,0.9889075920769099,0.989741129819369,0.22698057618768983,0.20163190398723704,0.5713875198250732,5.026063228163732,-43.69855392739933
2026-01-09 12:55:00,2026-01-09 14:35:00,LONG,TP_HIT,16.74325196296719,10.199999999999998,6.543251962967192,6.543251962967196,19.270688947896915,1.8150167303168847,-4.351392042000273,0.008938326753664683,0.001025712611587611,0.0008747031283790518,0.0010293206672056798,12.653853311003498,0.005382713845845263,0.6870169694788064,1.0190442068396397,0.9905569536487083,0.9903988395116518,0.3402741023763871,0.266593682256789,0.39313221536682397,16.74325196296719,-8.349595806538533
2026-01-14 08:05:00,2026-01-14 15:25:00,LONG,TP_HIT,20.43841687621704,10.200000000000001,10.23841687621704,10.238416876217029,15.30914272613769,3.8078197576691375,1.2502170216867723,0.07123737072344127,0.0025229102970236983,-0.0013066278829667508,0.0009086150854727137,21.504538751907372,0.01691322673750688,19.31532753701808,1.0196015949314228,0.9904478038798072,0.98995060118877,0.30489478474123916,0.24002991386984354,0.4550753013889173,20.43841687621704,-9.34338400097532
2026-01-15 13:00:00,2026-01-15 16:20:00,SHORT,TP_HIT,18.018894168545224,10.200000000000001,7.8188941685452225,7.818894168542206,17.11892284683089,0.8618040683481687,0.04847569260928542,-0.01030843924312208,-0.00106861090764227,3.427504006216139e-05,-0.000991490966116948,20.61883359382208,0.020527394310284403,10.21962227870943,1.0189792305115681,0.9902082440824026,0.9908125254060296,0.30065346404516363,0.24657910000830777,0.4527674359465286,18.018894168545224,-9.85866889916621
2026-01-16 12:25:00,2026-01-16 13:20:00,LONG,TP_HIT,17.391983667373335,10.199999999999998,7.1919836673733375,7.191983667375364,18.12196259167373,-1.1328120432237727,0.411988638273962,-0.009155519350581898,-0.00039018534298588295,0.00034429334132488504,0.0011792216895049612,25.526496191404153,0.025170842183817405,14.009230834838107,1.0207851512114976,0.9899794130258798,0.9892354357626227,0.3046019262963979,0.2200665558947803,0.4753315178088218,17.391983667373335,-2.1443144740130853
2026-01-20 11:30:00,2026-01-20 17:00:00,SHORT,TIMEOUT,-12.901578584878493,10.199999999999998,-23.10157858487849,-23.101578584880947,-1.5804999195929035,-3.569392317298946,-7.730418634471937,-0.0212677135147068,-0.002198187381282118,0.0008574807050917439,0.00012359368899336753,46.8844894695514,0.012601708564294751,-8.165177309478631,1.0262770290605019,0.9866740240936996,0.9870489468457984,0.18571051066658623,0.18453233137607705,0.6297571579573368,31.125863187716458,-12.901578584878493
2026-01-21 12:50:00,2026-01-21 16:55:00,SHORT,TP_HIT,41.007114737253985,10.2,30.807114737253986,30.80711473725045,44.7281822494023,-1.325080395614585,-2.3861025086828773,-0.009884607850857208,-0.0007902492716392597,-0.0010284554630344673,-0.002454748390452427,19.691323297249124,0.030140403842809436,32.059246332829375,1.024679320808099,0.9872092273167645,0.9881114518751362,0.27747251017834434,0.26468248410099215,0.4578450057206634,41.007114737253985,0.0
2026-01-29 08:00:00,2026-01-29 17:00:00,LONG,TIMEOUT,-38.19439099232308,10.2,-48.39439099232308,-48.394390992319046,-6.975487264561756,-13.950768408743487,-17.39923100537378,0.13109568635594826,0.003915880145733808,-0.002603113136528007,-0.0004850870401048313,43.94123643695133,0.024714898865202395,-2.3765384232157007,1.02075281603258,0.9899943154666879,0.9892528685007319,0.1846915288114435,0.21088962067003758,0.604418850518519,31.743873775361134,-79.43687861185606
2026-02-05 14:45:00,2026-02-05 17:00:00,SHORT,TIMEOUT,3.865789926252207,10.2,-6.334210073747792,-6.334210073748926,7.644016114405978,-1.8541056217849594,-1.9039678149884345,-0.020152751380376976,-0.0028973912942655052,0.000145940911359639,-0.0007244092341381903,52.59750330889646,0.019529736896489736,0.23726157698510697,1.0202532838082368,0.9895804120424343,0.9901663041493289,0.1694905516154653,0.15517657028902243,0.6753328780955123,12.306910867207469,-12.12322959009489
2026-02-09 10:50:00,2026-02-09 12:20:00,LONG,TP_HIT,45.33864550896112,10.2,35.13864550896112,35.13864550896251,26.60194434954889,2.9547496213288347,15.740602987457773,0.04134855062562792,0.0020263745697091176,0.0013679541816697663,0.002488673646855538,47.55126364324278,0.01865495023755659,25.185632659790453,1.0167876054293583,0.9918860215388843,0.9913263730317575,0.20952415491986986,0.15748160432385114,0.632994240756279,45.33864550896112,-1.041327258131937
2026-02-09 13:50:00,2026-02-09 16:35:00,SHORT,TP_HIT,25.812627492915347,10.2,15.612627492915347,15.612627492915344,25.54551269761398,-4.791028640722138,5.146212835209066,-0.08806939918556012,-0.005922548534437215,-0.0005035612125305817,-0.0021314577418219405,45.52414548273901,0.03291373295017941,15.795421455803933,1.0165182369668737,0.9912471755223105,0.9922345875108158,0.19212538563831494,0.1763165797671475,0.6315580345945376,25.812627492915347,-8.372072775329737
2026-02-17 12:40:00,2026-02-17 17:00:00,SHORT,TIMEOUT,14.41090609109155,10.2,4.21090609109155,4.210906091095199,15.740288897465005,-2.034885059726237,0.7327439339675127,-0.027241680614730868,-0.002014005036639685,0.00020497753859576213,-0.0008525387617367153,15.023419502730789,0.015189131451659454,5.449640042848875,1.0166888125704028,0.9914277567430237,0.9918834306865736,0.3024461757391356,0.27365981461677824,0.42389400964408613,14.41090609109155,-23.678887620000438
2026-02-24 08:00:00,2026-02-24 12:25:00,LONG,TP_HIT,22.697272521443555,10.2,12.497272521443556,12.49727252144532,21.515392584911034,0.16017510572196014,1.0078848238772498,0.013820006933311646,0.0013192337794362473,0.0003211548078276284,0.0014282413916728298,29.091873728891994,0.019866111561356314,14.219442767525583,1.0086383461447688,0.9959788186010361,0.9953828352541954,0.26516758508976096,0.2219568388106596,0.5128755760995796,22.697272521443555,-4.025000704489988
2026-02-26 12:15:00,2026-02-26 16:45:00,LONG,TP_HIT,34.4054756097212,10.2,24.2054756097212,24.2054756097212,41.390574439698106,-4.927201388342027,-2.1044166725842977,0.04651923094942134,0.0026905186016630113,0.0013395285009916507,0.002322731772366887,19.365637415239778,0.023312482190995798,18.703438279396728,1.006754536108516,0.9969724191786069,0.9962730447128769,0.2804373409153352,0.2629531424661335,0.4566095166185313,34.4054756097212,-1.420952133764094
2026-03-03 08:35:00,2026-03-03 13:35:00,LONG,TP_HIT,13.539068789607848,10.2,3.3390687896078486,3.3390687896078486,35.776663394687255,-21.872476017252367,-0.4214737474913751,0.05635515966433502,0.00376253628929196,0.0001256876161646819,0.0018058497790004457,21.468830767760174,0.019272029186606643,15.652910621090182,1.0028442303923286,0.9988669652416348,0.9982888043660365,0.24739037862080493,0.2928937612812354,0.4597158600979596,13.539068789607848,-75.09978916845196
2026-03-05 08:10:00,2026-03-05 12:35:00,SHORT,TP_HIT,40.88993899647704,10.2,30.689938996477043,30.689938996477043,40.71631624921371,0.9866803162346544,-0.82433129761101,0.011273728639686453,0.0003804210038270632,-0.001092519710992176,-0.0023062906808393457,21.163247732203704,0.013732018082140973,31.324380029276014,1.0053997795422696,0.997094129957633,0.9975060905000973,0.2653026372565723,0.26153244271069537,0.4731649200327324,40.88993899647704,-9.049872577030836
2026-03-06 11:05:00,2026-03-06 17:00:00,LONG,TIMEOUT,-16.304413411126934,10.2,-26.504413411126933,-26.504413411126933,-8.318431416356951,-8.808771038307707,0.8565543520531164,-0.03376530851539172,0.0035950653927817617,-0.00017637054657605053,-0.0004252257438812357,12.365743745008794,0.013114088471694041,-30.61085668604613,1.0044748646429653,0.9979592790055927,0.9975658563514419,0.3003411903239536,0.2880006861129792,0.41165812356306714,19.592794357884625,-38.91695579190575
2026-03-13 08:35:00,2026-03-13 11:05:00,LONG,TP_HIT,49.681893116271105,10.2,39.48189311627111,39.48189311627111,49.43658510097937,0.5354415783308588,-0.31187826600168583,0.021744702962557483,0.0017468917717174705,8.270477707509585e-05,0.0026912753009297186,13.475632251908237,0.025470765994240346,43.36990901023415,0.993943771985218,1.0034068613213054,1.0026493666934766,0.32982793175765535,0.26770787286163117,0.40246419538071354,49.681893116271105,0.0
2026-03-18 10:25:00,2026-03-18 15:40:00,LONG,TP_HIT,6.820859225166706,10.2,-3.379140774833293,-3.379140774833293,17.126822473437596,-7.861310630518359,-2.4951277686944278,0.05047515094189681,0.003624386175120732,-0.00036295245721307913,0.0012067630017874587,37.16915995396616,0.01396817406605,5.9784542938310175,0.9924055388509234,1.0040044194529452,1.0035900416961314,0.2133742488172994,0.2074670758215195,0.579158675361181,14.918135788263793,-13.769244342149523
2026-03-19 12:20:00,2026-03-19 16:00:00,LONG,TP_HIT,30.78562349422306,10.2,20.58562349422306,20.58562349422306,52.66177742036281,-22.459766962744904,0.3259662332680331,0.25764680333712064,0.007548403314902737,-0.00024034178374720465,0.002895186640139935,19.921029487794183,0.042881992187590756,27.604932323829427,0.9946942922843136,1.0032913942118993,1.0020143135037873,0.2692732273846638,0.26575823886869715,0.464968533746639,30.78562349422306,-17.443811647076462
2026-03-23 10:05:00,2026-03-23 10:10:00,SHORT,SL_HIT,-18.851703155274798,10.2,-29.051703155274797,-29.05170315527863,-24.215050306965672,0.7342879129579464,4.637330446312779,-0.008271207579852558,0.0002301303384703614,0.0010139712801198405,0.0012223069116516772,13.45037887059245,0.023755202781504114,-26.305967335122748,0.9989997500017522,1.0001444578630123,1.0008557921352355,0.28979172863682434,0.2878522413286256,0.4223560300345501,0.0,-18.851703155274798
2026-03-23 10:15:00,2026-03-23 11:10:00,SHORT,TP_HIT,63.76601694602324,10.200000000000001,53.56601694602324,53.56601694602112,79.76540176276832,0.2927710363410281,-16.30380687936178,0.011651026275679044,8.37205408835103e-05,-0.0019291059756368029,-0.003675228056095048,5.147399610967495,0.03537929695794254,53.435251189317555,0.9986782716821607,1.00013150675723,1.0011902215606097,0.317567410952076,0.3154792964691245,0.36695329257879944,63.76601694602324,0.0
2026-03-23 14:05:00,2026-03-23 17:00:00,LONG,TIMEOUT,-26.940026971972664,10.200000000000001,-37.14002697197267,-37.14002697197267,-8.913581917214364,-1.5806374270044825,-16.510973004906702,0.06516537715288706,0.0004978005180363439,-0.0029484871743908994,-0.0005923879039828328,36.68335094757069,0.03383125048915936,6.635209886971735,0.9992652246452045,1.0008745548506743,0.9998602205041208,0.2074095388748341,0.21858849380937367,0.5740019673157922,0.0,-36.29453466961058
2026-03-24 15:45:00,2026-03-24 17:00:00,SHORT,TIMEOUT,23.480194856530016,10.2,13.280194856530017,13.280194856530017,28.68036116213678,-5.35235726900379,0.19336353646953075,-0.04117257307250455,-0.0025993890479185026,-8.348848281252336e-05,-0.0017608336596274254,28.16917794529833,0.03256635913515547,19.725096121258257,1.0019018742680488,0.9985628701745927,0.9995352555573584,0.24625545535631752,0.23602638259534967,0.517718162048333,25.563669042212837,-7.602108161479411
2026-03-26 10:50:00,2026-03-26 15:15:00,LONG,TP_HIT,32.54278722885225,10.2,22.34278722885225,22.34278722885387,37.131847754048366,-1.5961974516156812,-3.037888498795942,0.04502542521550623,0.002508056429611782,-0.0006267785044674733,0.0025269998234679347,33.19791495526341,0.029053516976176832,45.5337467047916,1.0005391547230649,1.0001634763949128,0.9992973688820224,0.24362695555920832,0.21219694744407883,0.5441760969967129,32.54278722885225,-26.590657625499134
2026-03-27 11:35:00,2026-03-27 15:05:00,SHORT,TP_HIT,29.37368044845966,10.2,19.17368044845966,19.17368044845966,28.75849101124497,-3.2350735799607824,3.856612982486443,-0.006349965310970873,-0.0007720107635928978,-0.0006600853337269822,-0.0018828022835243596,39.771440167669994,0.022044323837433745,23.01025499222818,1.0019261977925653,0.9987086430730169,0.9993651591344176,0.19135458530421476,0.2206978876095902,0.587947527086195,29.37368044845966,0.0
2026-03-30 09:10:00,2026-03-30 12:25:00,SHORT,TP_HIT,30.563901447369595,10.2,20.363901447369596,20.3639014473696,32.438355071487344,-1.838474604980043,-0.04330815985322095,0.007329140715516047,-0.0004813702062688325,-0.0002835223501314124,-0.001802331213632824,25.143994601513352,0.026643897647293167,26.488063365245107,1.0008598112117741,0.9991742951018074,0.9999658936864184,0.24457287945830206,0.25946539613202085,0.49596172440967723,30.563901447369595,-5.613970494182841
2026-04-02 08:05:00,2026-04-02 11:05:00,LONG,TP_HIT,37.90671262358275,10.2,27.70671262358275,27.70671262358275,34.60852776820751,3.3819731117553222,-0.04876520521176716,-0.0350230511683165,-0.0012118849412473373,0.0007644688560429525,0.0019580870667265937,23.384361739210245,0.019284042714258893,31.553406442944958,0.9974869488136628,1.0015426296642445,1.0009704215220925,0.2578935429794893,0.2541314198142041,0.4879750372063066,37.90671262358275,0.0
2026-04-02 12:05:00,2026-04-02 17:00:00,SHORT,TIMEOUT,-27.430512485579158,10.2,-37.63051248557916,-37.63051248557251,-11.95103103648196,-5.004922832714369,-10.403427167560244,-0.07113144882258382,-0.001854418317166443,0.002238565600320631,0.0007735503332065019,33.325796493610795,0.016014961794117665,-10.735723699672473,0.9975477776889801,1.0009880787223457,1.0014641435886744,0.22119062542102266,0.2227757048214347,0.5560336697575426,8.763022194623158,-29.17057961421393
2026-04-03 10:30:00,2026-04-03 13:10:00,LONG,TP_HIT,21.498647922431708,10.199999999999998,11.29864792243171,11.298647922430044,18.24604090730261,-0.4263239128610878,3.66943887621551,0.009492051774675048,0.0006785677262149242,0.0008430449296731668,0.0012153649853979542,31.786686180801137,0.008959439087390369,5.832005759378738,0.9942624393537156,1.0030016803936732,1.002735880252611,0.25036398423622286,0.2158845769778829,0.5337514387858943,21.498647922431708,-3.1768002927136028
2026-04-10 15:30:00,2026-04-10 17:00:00,SHORT,TIMEOUT,-10.486275452130588,10.2,-20.686275452130587,-20.686275452130587,-8.57627369998204,-0.8270486561104078,-1.0795319628899116,-0.003421133148227895,0.000683552184273977,0.00018987315704658693,0.0006211252769073583,33.62252856118757,0.020294195355589007,-19.615886920574432,0.9941317668655855,1.0026324672700506,1.0032357658643638,0.26330255891405674,0.20023607773703378,0.5364613633489095,8.294397369418848,-10.486275452130588
2026-04-14 10:05:00,2026-04-14 14:00:00,SHORT,TP_HIT,43.89824104818837,10.2,33.698241048188365,33.698241048188365,40.194124628835525,-0.08338555484275778,3.7757729075365067,0.011729066659093235,-0.0005511073460379215,-0.0006708269228305377,-0.0028272840381690367,34.13289573210854,0.02524921480451722,45.33569621826861,0.9961219628049616,1.0015626217895657,1.0023154154054725,0.246009666542744,0.20633068806808533,0.5476596453891707,43.89824104818837,-5.408742195612573
2026-04-15 13:55:00,2026-04-15 16:15:00,SHORT,TP_HIT,19.8270999987366,10.2,9.6270999987366,9.627099998738078,20.01868445126689,0.6537920237309253,-0.867131012653165,0.02175453639194913,0.00021599125582795126,0.00019800019864706612,-0.001278818426020567,32.37116384401556,0.02132454255501319,22.326946403949297,0.9937347204828436,1.002815869945976,1.0034494095711803,0.22175934377175968,0.22726450889404234,0.550976147334198,19.8270999987366,-3.0209920363299503
2026-04-16 13:55:00,2026-04-16 17:00:00,LONG,TIMEOUT,-17.19545808948672,10.2,-27.39545808948672,-27.39545808948672,-14.795633635171187,-2.106273513056292,-0.30598832353166117,0.012437382272420194,-0.0011437286797669952,0.0001233435984181173,-0.0008507929500172484,15.663989347133489,0.009502735771280085,-26.17133229162353,0.9906036888602144,1.0048387171029076,1.004557594036878,0.33925314777765236,0.25205347937550643,0.4086933728468413,7.341737936555053,-18.183597422925615
2026-04-17 13:30:00,2026-04-17 17:00:00,LONG,TIMEOUT,20.95967874190625,10.199999999999998,10.759678741906251,10.75967874190861,20.33803995530587,3.200894686563176,-2.5533036737720316,-0.025952226190767647,-0.001284174059989631,0.0002382605349130474,0.000905833646261095,3.601479048141585,0.013255312627770768,13.790500477411802,0.9899626914931826,1.00521454455552,1.0048227639512977,0.3528278688922344,0.3257325734514262,0.32143955765633947,20.95967874190625,-9.345878986249515
2026-04-22 14:30:00,2026-04-22 17:00:00,SHORT,TIMEOUT,-5.119814937003503,10.2,-15.319814937003503,-15.319814937003503,-5.201477387761598,0.14881482207085994,-0.0665678788255331,-0.0005844924872322466,-0.0007578708961402423,0.0002970248037544763,0.00031380322061069776,22.037992161111543,0.00810721771944939,-17.36229469836341,0.9934271616670983,1.0031660207237758,1.0034068176091258,0.2961810249955942,0.24171952669664523,0.4620994483077607,5.889571854713966,-5.119814937003503
2026-04-24 10:30:00,2026-04-24 14:25:00,LONG,TP_HIT,18.66746271364675,10.2,8.46746271364675,8.46746271364675,18.661884611794903,-0.09147269839290303,0.11772965414773275,-0.02067885390298585,-0.0005029795022770653,2.4662635697095267e-05,0.0012828709333282118,31.876865397654065,0.01733596278445214,21.40411697980819,0.9901734437356856,1.0051695703585797,1.0046569859057348,0.25987499946008347,0.21067817328168792,0.5294468272582286,18.66746271364675,-9.723763492409791
2026-04-30 11:25:00,2026-04-30 13:30:00,LONG,TP_HIT,56.24187438680243,10.2,46.041874386802434,46.04187438680093,59.46414391722049,1.5812127793732802,-4.867539979940005,0.0640576701486637,-0.001137406782534145,0.002978940371514316,0.003306525745861544,18.828063991690495,0.03686250172264359,38.997768288623874,0.9894053132707843,1.0058418417311654,1.0047528449980503,0.2924502093303176,0.2596345753763887,0.44791521529329364,56.24187438680243,0.0
2026-05-01 13:35:00,2026-05-01 16:35:00,LONG,TP_HIT,15.747319411132478,10.2,5.547319411132479,5.547319411134566,17.221416944311727,-0.8233919415893012,-0.654401690682998,0.0036960990930499094,-0.0009304342521215816,0.0008604829888978402,0.0010171819093664491,19.760589789171775,0.008696912647170953,8.204587755490554,0.9886238642920393,1.005816324801289,1.0055598109066715,0.31379577613029186,0.24429916298899523,0.44190506088071296,15.747319411132478,-5.429499436031323
2026-05-07 08:40:00,2026-05-07 13:35:00,LONG,TP_HIT,20.041354849875404,10.2,9.841354849875405,9.841354849873458,20.301771550052102,-2.9528499203968397,2.6855479258441286,0.006885294376012041,0.001007299005123204,-0.000683715650360234,0.00104736124358204,14.092703565645632,0.015539212697299432,16.77747127236658,0.9913354148239031,1.0045624189174225,1.0041021662586742,0.292428841808364,0.28332206126758985,0.42424909692404617,20.041354849875404,-25.542701206370545
2026-05-12 13:15:00,2026-05-12 17:00:00,SHORT,TIMEOUT,7.655404328186274,10.199999999999998,-2.544595671813724,-2.544595671813724,9.692604091562481,-1.6343358902859342,-0.3915827114118756,-0.0112811616783981,-0.0015483929176527069,6.58230347947729e-05,-0.0006780982080869247,34.583480297545684,0.011292607106090627,-0.6206250019466317,0.9916069612538616,1.0040292827036794,1.0043637560424592,0.2354279355821641,0.20936863072118955,0.5552034336966464,7.655404328186274,-9.903109030564114
2026-05-14 08:10:00,2026-05-14 11:40:00,LONG,TP_HIT,22.052952597900624,10.199999999999998,11.852952597900627,11.8529525979025,22.728780326573624,-0.27738975502621793,-0.39003312632379267,-0.008404847322989184,0.0005150131817723063,-0.0002949272534157003,0.0013964740262375486,24.25021038203923,0.02201775666033484,22.634599777399675,0.9876292410480717,1.0065096643277425,1.0058610946241857,0.2814919113151874,0.23800299243221015,0.48050509625260246,22.052952597900624,-3.402663145101402
2026-05-29 12:00:00,2026-05-29 17:00:00,SHORT,TIMEOUT,25.055754055990327,10.2,14.855754055990328,14.855754055990328,24.145160183932457,1.0008535249544925,-0.03893376420120673,-0.05132588869541621,-0.0029051158980199134,8.329411568636838e-06,-0.0016866496645113194,31.507447844120527,0.011729868556560972,16.888397951927804,0.9997594759637968,0.9999444091550276,1.0002961148811758,0.26058278965149323,0.21217136595365071,0.527245844394856,25.055754055990327,-10.312185347591498
