historical_date,cmc_rank,symbol,name,cmc_id,cmc_slug,price_usd,market_cap_usd,volume_24h_usd,circulating_supply,date_added_cmc,n_tags,tags_sample,sector_class,sector_note,hl_coin,hl_first_funding,hl_is_delisted,okx_swap,okx_list_time,venue_join_method
2024-06-01,1,BTC,Bitcoin,1,bitcoin,67706.93731,1.334271567e+12,1.16414956e+10,19706571,2010-07-13T00:00:00.000Z,30,mineable;pow;sha-256;store-of-value;state-channel;coinbase-ventures-portfolio,HISTORICAL_APPROXIMATION,CMC snapshot tags vary by snapshot date (drift test: tags(2024)!=tags(2026)); taxonomy drift unverified,BTC,2023-05-12T00:00:00Z,False,BTC-USDT-SWAP,2019-11-12T11:16:48Z,SYMBOL_MATCH
2024-06-01,2,ETH,Ethereum,1027,ethereum,3813.198866,4.581256842e+11,8661024535,120142090.7,2015-08-07T00:00:00.000Z,30,pos;smart-contracts;ethereum-ecosystem;coinbase-ventures-portfolio;three-arrows-capital-portfolio;polychain-capital-portfolio,HISTORICAL_APPROXIMATION,CMC snapshot tags vary by snapshot date (drift test: tags(2024)!=tags(2026)); taxonomy drift unverified,ETH,2023-05-12T00:00:00Z,False,ETH-USDT-SWAP,2019-11-12T11:16:48Z,SYMBOL_MATCH
2024-06-01,3,USDT,Tether USDt,825,tether,0.99929231,1.12061979e+11,3.411481002e+10,1.121413407e+11,2015-02-25T00:00:00.000Z,11,stablecoin;asset-backed-stablecoin;avalanche-ecosystem;solana-ecosystem;arbitrum-ecosytem;moonriver-ecosystem,HISTORICAL_APPROXIMATION,CMC snapshot tags vary by snapshot date (drift test: tags(2024)!=tags(2026)); taxonomy drift unverified,,,,,,NONE
2024-06-01,4,BNB,BNB,1839,bnb,601.3041795,8.874363083e+10,1520074486,147585255.3,2017-07-25T00:00:00.000Z,11,marketplace;centralized-exchange;payments;smart-contracts;alameda-research-portfolio;multicoin-capital-portfolio,HISTORICAL_APPROXIMATION,CMC snapshot tags vary by snapshot date (drift test: tags(2024)!=tags(2026)); taxonomy drift unverified,BNB,2023-05-12T00:00:00Z,False,BNB-USDT-SWAP,2022-12-23T06:53:48Z,SYMBOL_MATCH
2024-06-01,5,SOL,Solana,5426,solana,166.0306757,7.632336568e+10,1058869941,459694362.9,2020-04-10T00:00:00.000Z,13,pos;platform;solana-ecosystem;cms-holdings-portfolio;kenetic-capital-portfolio;alameda-research-portfolio,HISTORICAL_APPROXIMATION,CMC snapshot tags vary by snapshot date (drift test: tags(2024)!=tags(2026)); taxonomy drift unverified,SOL,2023-05-12T00:00:00Z,False,SOL-USDT-SWAP,2021-01-22T07:00:00Z,SYMBOL_MATCH
2024-06-01,6,USDC,USDC,3408,usd-coin,1.00003069,3.237075209e+10,2558109472,3.236975863e+10,2018-10-08T00:00:00.000Z,12,medium-of-exchange;stablecoin;asset-backed-stablecoin;coinbase-ventures-portfolio;hedera-hashgraph-ecosystem;fantom-ecosystem,HISTORICAL_APPROXIMATION,CMC snapshot tags vary by snapshot date (drift test: tags(2024)!=tags(2026)); taxonomy drift unverified,,,,USDC-USDT-SWAP,2023-03-12T07:55:00Z,SYMBOL_MATCH
2024-06-01,7,XRP,XRP,52,xrp,0.51831297,2.874064037e+10,559721132.1,5.545035895e+10,2013-08-04T00:00:00.000Z,7,medium-of-exchange;enterprise-solutions;arrington-xrp-capital-portfolio;galaxy-digital-portfolio;a16z-portfolio;pantera-capital-portfolio,HISTORICAL_APPROXIMATION,CMC snapshot tags vary by snapshot date (drift test: tags(2024)!=tags(2026)); taxonomy drift unverified,XRP,2023-06-18T00:00:00Z,False,XRP-USDT-SWAP,2019-11-12T11:16:48Z,SYMBOL_MATCH
2024-06-01,8,DOGE,Dogecoin,74,dogecoin,0.1602001,2.315460937e+10,496035603.3,1.445355464e+11,2013-12-15T00:00:00.000Z,9,mineable;pow;scrypt;medium-of-exchange;memes;payments,HISTORICAL_APPROXIMATION,CMC snapshot tags vary by snapshot date (drift test: tags(2024)!=tags(2026)); taxonomy drift unverified,DOGE,2023-05-12T00:00:00Z,False,DOGE-USDT-SWAP,2020-04-21T10:12:51Z,SYMBOL_MATCH
2024-06-01,9,ADA,Cardano,2010,cardano,0.44997465,1.606484677e+10,167918462.1,3.570167087e+10,2017-10-01T00:00:00.000Z,11,dpos;pos;platform;research;smart-contracts;staking,HISTORICAL_APPROXIMATION,CMC snapshot tags vary by snapshot date (drift test: tags(2024)!=tags(2026)); taxonomy drift unverified,ADA,2023-10-22T06:00:00Z,False,ADA-USDT-SWAP,2020-02-28T11:16:48Z,SYMBOL_MATCH
2024-06-01,10,TON,Toncoin,11419,toncoin,6.28647997,1.51651297e+10,127590232.3,2412340414,2021-08-26T13:40:22.000Z,5,pos;layer-1;ftx-bankruptcy-estate;dwf-labs-portfolio;toncoin-ecosystem,HISTORICAL_APPROXIMATION,CMC snapshot tags vary by snapshot date (drift test: tags(2024)!=tags(2026)); taxonomy drift unverified,TON,2023-10-22T06:00:00Z,True,,,SYMBOL_MATCH
2024-06-01,11,SHIB,Shiba Inu,5994,shiba-inu,2.526e-05,1.488248507e+10,272708861.9,5.892718248e+14,2020-08-01T00:00:00.000Z,3,memes;ethereum-ecosystem;doggone-doggerel,HISTORICAL_APPROXIMATION,CMC snapshot tags vary by snapshot date (drift test: tags(2024)!=tags(2026)); taxonomy drift unverified,,,,SHIB-USDT-SWAP,2021-05-09T09:00:00Z,SYMBOL_MATCH
2024-06-01,12,AVAX,Avalanche,5805,avalanche,35.76011439,1.405780415e+10,153306282,393114071.1,2020-07-13T00:00:00.000Z,11,defi;smart-contracts;three-arrows-capital-portfolio;polychain-capital-portfolio;avalanche-ecosystem;cms-holdings-portfolio,HISTORICAL_APPROXIMATION,CMC snapshot tags vary by snapshot date (drift test: tags(2024)!=tags(2026)); taxonomy drift unverified,AVAX,2023-05-12T00:00:00Z,False,AVAX-USDT-SWAP,2020-09-23T06:00:00Z,SYMBOL_MATCH
2024-06-01,13,LINK,Chainlink,1975,chainlink,18.41452355,1.081116623e+10,269013472.7,587099970.5,2017-09-20T00:00:00.000Z,21,platform;defi;oracles;smart-contracts;substrate;polkadot,HISTORICAL_APPROXIMATION,CMC snapshot tags vary by snapshot date (drift test: tags(2024)!=tags(2026)); taxonomy drift unverified,LINK,2023-05-18T08:00:00Z,False,LINK-USDT-SWAP,2020-02-28T11:16:48Z,SYMBOL_MATCH
2024-06-01,14,DOT,Polkadot,6636,polkadot-new,7.05861229,1.014995576e+10,117043124.5,1437953431,2020-08-19T00:00:00.000Z,24,substrate;polkadot;binance-chain;polkadot-ecosystem;three-arrows-capital-portfolio;polychain-capital-portfolio,HISTORICAL_APPROXIMATION,CMC snapshot tags vary by snapshot date (drift test: tags(2024)!=tags(2026)); taxonomy drift unverified,DOT,2023-09-12T12:00:00Z,False,DOT-USDT-SWAP,2020-08-25T10:12:51Z,SYMBOL_MATCH
2024-06-01,15,TRX,TRON,1958,tron,0.11247831,9827100676,194791817,8.736884822e+10,2017-09-13T00:00:00.000Z,7,media;payments;tron-ecosystem;layer-1;dwf-labs-portfolio;sec-security-token,HISTORICAL_APPROXIMATION,CMC snapshot tags vary by snapshot date (drift test: tags(2024)!=tags(2026)); taxonomy drift unverified,TRX,2023-08-06T16:00:00Z,False,TRX-USDT-SWAP,2019-11-12T11:16:48Z,SYMBOL_MATCH
2024-06-01,16,BCH,Bitcoin Cash,1831,bitcoin-cash,463.0712121,9128845507,184767899.4,19713696.88,2017-07-23T00:00:00.000Z,10,mineable;pow;sha-256;marketplace;medium-of-exchange;store-of-value,HISTORICAL_APPROXIMATION,CMC snapshot tags vary by snapshot date (drift test: tags(2024)!=tags(2026)); taxonomy drift unverified,BCH,2023-06-30T03:00:00Z,False,BCH-USDT-SWAP,2019-11-12T11:16:48Z,SYMBOL_MATCH
2024-06-01,17,NEAR,NEAR Protocol,6535,near-protocol,7.36962936,7969501586,164788010.1,1081397883,2020-08-11T00:00:00.000Z,19,platform;ai-big-data;staking;coinbase-ventures-portfolio;three-arrows-capital-portfolio;arrington-xrp-capital-portfolio,HISTORICAL_APPROXIMATION,CMC snapshot tags vary by snapshot date (drift test: tags(2024)!=tags(2026)); taxonomy drift unverified,NEAR,2023-11-01T17:00:00Z,False,NEAR-USDT-SWAP,2020-12-21T10:00:00Z,SYMBOL_MATCH
2024-06-01,18,MATIC,Polygon,3890,polygon,0.69836056,6918924353,180729765.6,9907381269,2019-04-28T00:00:00.000Z,18,pos;platform;enterprise-solutions;zero-knowledge-proofs;scaling;state-channel,HISTORICAL_APPROXIMATION,CMC snapshot tags vary by snapshot date (drift test: tags(2024)!=tags(2026)); taxonomy drift unverified,MATIC,2023-05-12T00:00:00Z,True,,,SYMBOL_MATCH
2024-06-01,19,PEPE,Pepe,24478,pepe,1.486e-05,6250854489,1212162620,4.206899e+14,2023-04-17T06:18:08.000Z,1,memes,HISTORICAL_APPROXIMATION,CMC snapshot tags vary by snapshot date (drift test: tags(2024)!=tags(2026)); taxonomy drift unverified,,,,PEPE-USDT-SWAP,2023-05-03T03:55:01Z,SYMBOL_MATCH
2024-06-01,20,LTC,Litecoin,2,litecoin,83.43401385,6223820741,199228312.6,74595724.86,2013-04-28T00:00:00.000Z,4,mineable;pow;scrypt;medium-of-exchange,HISTORICAL_APPROXIMATION,CMC snapshot tags vary by snapshot date (drift test: tags(2024)!=tags(2026)); taxonomy drift unverified,LTC,2023-05-12T00:00:00Z,False,LTC-USDT-SWAP,2019-11-12T11:16:48Z,SYMBOL_MATCH
2024-06-01,21,UNI,Uniswap,7083,uniswap,9.88565185,5930702027,143411701.9,599930294.7,2020-09-17T00:00:00.000Z,19,decentralized-exchange-dex-token;defi;dao;yield-farming;amm;coinbase-ventures-portfolio,HISTORICAL_APPROXIMATION,CMC snapshot tags vary by snapshot date (drift test: tags(2024)!=tags(2026)); taxonomy drift unverified,UNI,2023-08-11T23:00:00Z,False,UNI-USDT-SWAP,2020-09-17T04:30:00Z,SYMBOL_MATCH
2024-06-01,22,ICP,Internet Computer,8916,internet-computer,12.07162115,5605987484,45792163.97,464393921.5,2021-03-23T00:00:00.000Z,29,platform;distributed-computing;collectibles-nfts;defi;privacy;interoperability,HISTORICAL_APPROXIMATION,CMC snapshot tags vary by snapshot date (drift test: tags(2024)!=tags(2026)); taxonomy drift unverified,ICP,2025-11-08T04:00:00Z,False,ICP-USDT-SWAP,2021-05-14T09:00:00Z,SYMBOL_MATCH
2024-06-01,23,LEO,UNUS SED LEO,3957,unus-sed-leo,5.93979537,5501978180,857418.07,926290863.9,2019-05-21T00:00:00.000Z,6,marketplace;centralized-exchange;discount-token;payments;kenetic-capital-portfolio;alameda-research-portfolio,HISTORICAL_APPROXIMATION,CMC snapshot tags vary by snapshot date (drift test: tags(2024)!=tags(2026)); taxonomy drift unverified,,,,,,NONE
2024-06-01,24,DAI,Dai,4943,multi-collateral-dai,0.99996517,5347702323,222163762.3,5347888596,2019-11-22T00:00:00.000Z,13,defi;stablecoin;asset-backed-stablecoin;ethereum-ecosystem;avalanche-ecosystem;polygon-ecosystem,HISTORICAL_APPROXIMATION,CMC snapshot tags vary by snapshot date (drift test: tags(2024)!=tags(2026)); taxonomy drift unverified,,,,,,NONE
2024-06-01,25,ETC,Ethereum Classic,1321,ethereum-classic,29.53215533,4351418388,122920723.3,147345100.3,2016-07-24T00:00:00.000Z,6,mineable;pow;ethash;platform;smart-contracts;dcg-portfolio,HISTORICAL_APPROXIMATION,CMC snapshot tags vary by snapshot date (drift test: tags(2024)!=tags(2026)); taxonomy drift unverified,ETC,2024-01-12T01:00:00Z,False,ETC-USDT-SWAP,2019-11-12T11:16:48Z,SYMBOL_MATCH
2024-06-01,26,APT,Aptos,21794,aptos,9.07000502,3962741495,62986224.81,436906207.5,2022-10-19T01:50:25.000Z,6,binance-labs-portfolio;aptos-ecosystem;circle-ventures-portfolio;layer-1;ftx-bankruptcy-estate;move-vm,HISTORICAL_APPROXIMATION,CMC snapshot tags vary by snapshot date (drift test: tags(2024)!=tags(2026)); taxonomy drift unverified,APT,2023-06-30T03:00:00Z,False,APT-USDT-SWAP,2022-10-19T01:18:48Z,SYMBOL_MATCH
2024-06-01,27,RNDR,Render,5690,render,10.04028355,3902122791,87583365.19,388646672.5,2020-06-11T00:00:00.000Z,17,art;media;vr-ar;ai-big-data;distributed-computing;collectibles-nfts,HISTORICAL_APPROXIMATION,CMC snapshot tags vary by snapshot date (drift test: tags(2024)!=tags(2026)); taxonomy drift unverified,RNDR,2023-05-18T08:00:00Z,True,,,SYMBOL_MATCH
2024-06-01,28,HBAR,Hedera,4642,hedera,0.09991958,3572123281,29122678.52,3.574998147e+10,2019-09-17T00:00:00.000Z,7,dag;marketplace;enterprise-solutions;payments;dcg-portfolio;hedera-hashgraph-ecosystem,HISTORICAL_APPROXIMATION,CMC snapshot tags vary by snapshot date (drift test: tags(2024)!=tags(2026)); taxonomy drift unverified,HBAR,2024-04-24T06:00:00Z,False,HBAR-USDT-SWAP,2023-08-16T05:55:00Z,SYMBOL_MATCH
2024-06-01,29,IMX,Immutable,10603,immutable-x,2.21485106,3283174319,54255686.19,1482345419,2021-06-24T00:00:00.000Z,8,collectibles-nfts;zero-knowledge-proofs;gaming;scaling;layer-2;rollups,HISTORICAL_APPROXIMATION,CMC snapshot tags vary by snapshot date (drift test: tags(2024)!=tags(2026)); taxonomy drift unverified,IMX,2023-11-17T16:00:00Z,False,IMX-USDT-SWAP,2021-11-18T06:50:22Z,SYMBOL_MATCH
2024-06-01,30,WIF,dogwifhat,28752,dogwifhat,3.27558296,3271999269,371759849.3,998905939.3,2023-12-19T09:08:50.000Z,3,memes;solana-ecosystem;doggone-doggerel,HISTORICAL_APPROXIMATION,CMC snapshot tags vary by snapshot date (drift test: tags(2024)!=tags(2026)); taxonomy drift unverified,WIF,2023-12-22T16:00:00Z,False,WIF-USDT-SWAP,2024-04-15T09:25:00Z,SYMBOL_MATCH
2024-06-01,31,ARB,Arbitrum,11841,arbitrum,1.13285415,3281244448,149282002.4,2896440329,2023-03-23T12:50:11.000Z,11,scaling;dao;dapp;ethereum-ecosystem;polychain-capital-portfolio;layer-2,HISTORICAL_APPROXIMATION,CMC snapshot tags vary by snapshot date (drift test: tags(2024)!=tags(2026)); taxonomy drift unverified,ARB,2023-05-12T00:00:00Z,False,ARB-USDT-SWAP,2023-03-23T14:01:34Z,SYMBOL_MATCH
2024-06-01,32,KAS,Kaspa,20396,kaspa,0.13760872,3275946996,18520219.81,2.380624578e+10,2022-06-01T00:03:58.000Z,6,mineable;dag;pow;store-of-value;polychain-capital-portfolio;layer-1,HISTORICAL_APPROXIMATION,CMC snapshot tags vary by snapshot date (drift test: tags(2024)!=tags(2026)); taxonomy drift unverified,KAS,2023-10-12T18:00:00Z,False,,,SYMBOL_MATCH
2024-06-01,33,MNT,Mantle,27075,mantle,0.99866689,3260089850,49290051.51,3264441708,2023-07-17T11:00:31.000Z,3,ethereum-ecosystem;layer-2;dwf-labs-portfolio,HISTORICAL_APPROXIMATION,CMC snapshot tags vary by snapshot date (drift test: tags(2024)!=tags(2026)); taxonomy drift unverified,MNT,2024-04-05T02:00:00Z,False,,,SYMBOL_MATCH
2024-06-01,34,ATOM,Cosmos,3794,cosmos,8.32397565,3254097386,64074320.47,390930671,2019-03-14T00:00:00.000Z,14,platform;cosmos-ecosystem;content-creation;interoperability;polychain-capital-portfolio;dragonfly-capital-portfolio,HISTORICAL_APPROXIMATION,CMC snapshot tags vary by snapshot date (drift test: tags(2024)!=tags(2026)); taxonomy drift unverified,ATOM,2023-05-12T00:00:00Z,False,ATOM-USDT-SWAP,2019-11-12T11:16:48Z,SYMBOL_MATCH
2024-06-01,35,FIL,Filecoin,2280,filecoin,5.79225762,3238142047,81991140.16,559046620,2017-12-13T00:00:00.000Z,17,mineable;distributed-computing;filesharing;storage;polychain-capital-portfolio;blockchain-capital-portfolio,HISTORICAL_APPROXIMATION,CMC snapshot tags vary by snapshot date (drift test: tags(2024)!=tags(2026)); taxonomy drift unverified,FIL,2023-11-14T04:00:00Z,False,FIL-USDT-SWAP,2019-08-10T10:12:51Z,SYMBOL_MATCH
2024-06-01,36,XLM,Stellar,512,stellar,0.10631848,3084412389,33842690.94,2.901106535e+10,2014-08-05T00:00:00.000Z,5,medium-of-exchange;enterprise-solutions;decentralized-exchange-dex-token;smart-contracts;hashkey-capital-portfolio,HISTORICAL_APPROXIMATION,CMC snapshot tags vary by snapshot date (drift test: tags(2024)!=tags(2026)); taxonomy drift unverified,XLM,2024-11-23T03:00:00Z,False,XLM-USDT-SWAP,2020-04-21T10:12:51Z,SYMBOL_MATCH
2024-06-01,37,CRO,Cronos,3635,cronos,0.11178447,2970287841,5744873.88,2.65715607e+10,2018-12-14T00:00:00.000Z,7,medium-of-exchange;cosmos-ecosystem;centralized-exchange;mobile;payments;injective-ecosystem,HISTORICAL_APPROXIMATION,CMC snapshot tags vary by snapshot date (drift test: tags(2024)!=tags(2026)); taxonomy drift unverified,,,,CRO-USDT-SWAP,2021-04-08T09:00:00Z,SYMBOL_MATCH
2024-06-01,38,FDUSD,First Digital USD,26081,first-digital-usd,0.99902208,2901169704,2609227284,2904009591,2023-07-26T04:26:40.000Z,5,stablecoin;ethereum-ecosystem;binance-smart-chain;usd-stablecoin;fiat-stablecoin,HISTORICAL_APPROXIMATION,CMC snapshot tags vary by snapshot date (drift test: tags(2024)!=tags(2026)); taxonomy drift unverified,,,,,,NONE
2024-06-01,39,OKB,OKB,3897,okb,48.03932335,2882359401,6462803.3,60000000,2019-04-30T00:00:00.000Z,5,marketplace;centralized-exchange;discount-token;alameda-research-portfolio;x1-ecosystem,HISTORICAL_APPROXIMATION,CMC snapshot tags vary by snapshot date (drift test: tags(2024)!=tags(2026)); taxonomy drift unverified,,,,OKB-USDT-SWAP,2025-09-04T02:00:00Z,SYMBOL_MATCH
2024-06-01,40,GRT,The Graph,6719,the-graph,0.29927756,2845911904,51697207.5,9509272687,2020-12-17T00:00:00.000Z,20,ai-big-data;enterprise-solutions;defi;coinbase-ventures-portfolio;solana-ecosystem;analytics,HISTORICAL_APPROXIMATION,CMC snapshot tags vary by snapshot date (drift test: tags(2024)!=tags(2026)); taxonomy drift unverified,,,,GRT-USDT-SWAP,2020-12-20T10:00:00Z,SYMBOL_MATCH
2024-06-01,41,AR,Arweave,5632,arweave,43.08562008,2820134147,81203937.93,65454185,2020-05-27T00:00:00.000Z,12,distributed-computing;filesharing;storage;coinbase-ventures-portfolio;solana-ecosystem;arrington-xrp-capital-portfolio,HISTORICAL_APPROXIMATION,CMC snapshot tags vary by snapshot date (drift test: tags(2024)!=tags(2026)); taxonomy drift unverified,AR,2024-02-28T05:00:00Z,False,AR-USDT-SWAP,2023-02-14T06:55:00Z,SYMBOL_MATCH
2024-06-01,42,XMR,Monero,328,monero,148.7840318,2744225416,43513085.92,18444354.42,2014-05-21T00:00:00.000Z,8,mineable;pow;medium-of-exchange;privacy;ringct;boostvc-portfolio,HISTORICAL_APPROXIMATION,CMC snapshot tags vary by snapshot date (drift test: tags(2024)!=tags(2026)); taxonomy drift unverified,XMR,2026-01-15T09:00:00Z,False,,,SYMBOL_MATCH
2024-06-01,43,OP,Optimism,11840,optimism-ethereum,2.47227829,2687094458,134261086.8,1086889963,2022-05-31T16:19:46.000Z,3,layer-2;optimism-ecosystem;modular-blockchain,HISTORICAL_APPROXIMATION,CMC snapshot tags vary by snapshot date (drift test: tags(2024)!=tags(2026)); taxonomy drift unverified,OP,2023-05-12T00:00:00Z,False,OP-USDT-SWAP,2022-06-01T03:55:17Z,SYMBOL_MATCH
2024-06-01,44,STX,Stacks,4847,stacks,1.83612602,2684970881,43077534.85,1462302068,2019-10-28T00:00:00.000Z,16,mineable;platform;collectibles-nfts;defi;smart-contracts;metaverse,HISTORICAL_APPROXIMATION,CMC snapshot tags vary by snapshot date (drift test: tags(2024)!=tags(2026)); taxonomy drift unverified,STX,2023-05-18T08:00:00Z,False,STX-USDT-SWAP,2023-02-21T08:55:58Z,SYMBOL_MATCH
2024-06-01,45,TAO,Bittensor,22974,bittensor,386.2820922,2652497149,22726401.77,6866736,2023-03-06T05:20:00.000Z,10,ai-big-data;distributed-computing;oracles;dao;polkadot-ecosystem;polychain-capital-portfolio,HISTORICAL_APPROXIMATION,CMC snapshot tags vary by snapshot date (drift test: tags(2024)!=tags(2026)); taxonomy drift unverified,TAO,2024-02-19T14:00:00Z,False,TAO-USDT-SWAP,2024-09-20T05:00:00Z,SYMBOL_MATCH
2024-06-01,46,MKR,Maker,1518,maker,2677.092088,2483418391,58884626.09,927655.1981,2017-01-29T00:00:00.000Z,19,store-of-value;defi;dao;polychain-capital-portfolio;governance;lending-borowing,HISTORICAL_APPROXIMATION,CMC snapshot tags vary by snapshot date (drift test: tags(2024)!=tags(2026)); taxonomy drift unverified,MKR,2023-07-21T05:00:00Z,True,,,SYMBOL_MATCH
2024-06-01,47,SUI,Sui,20947,sui,1.02447814,2485531368,81276515.09,2426143881,2022-07-12T08:03:11.000Z,8,binance-launchpool;coinbase-ventures-portfolio;binance-labs-portfolio;electric-capital-portfolio;a16z-portfolio;sui-ecosystem,HISTORICAL_APPROXIMATION,CMC snapshot tags vary by snapshot date (drift test: tags(2024)!=tags(2026)); taxonomy drift unverified,SUI,2023-05-12T00:00:00Z,False,SUI-USDT-SWAP,2023-05-05T03:55:00Z,SYMBOL_MATCH
2024-06-01,48,VET,VeChain,3077,vechain,0.03366534,2447958798,34219355.19,7.271451683e+10,2017-08-22T00:00:00.000Z,6,logistics;data-provenance;iot;smart-contracts;fenbushi-capital-portfolio;real-world-assets,HISTORICAL_APPROXIMATION,CMC snapshot tags vary by snapshot date (drift test: tags(2024)!=tags(2026)); taxonomy drift unverified,,,,,,NONE
2024-06-01,49,FLOKI,FLOKI,10804,floki-inu,0.00025249,2413428048,291068614.9,9.558691313e+12,2021-07-09T00:00:00.000Z,9,gaming;memes;metaverse;doggone-doggerel;play-to-earn;bnb-chain,HISTORICAL_APPROXIMATION,CMC snapshot tags vary by snapshot date (drift test: tags(2024)!=tags(2026)); taxonomy drift unverified,,,,FLOKI-USDT-SWAP,2023-02-20T06:55:00Z,SYMBOL_MATCH
2024-06-01,50,INJ,Injective,7226,injective,24.50266389,2288548807,38035418.69,93400000,2020-09-29T00:00:00.000Z,15,pos;platform;cosmos-ecosystem;ai-big-data;defi;smart-contracts,HISTORICAL_APPROXIMATION,CMC snapshot tags vary by snapshot date (drift test: tags(2024)!=tags(2026)); taxonomy drift unverified,INJ,2023-05-12T00:00:00Z,False,INJ-USDT-SWAP,2023-11-30T11:55:00Z,SYMBOL_MATCH
2024-06-01,51,BONK,Bonk,23095,bonk1,3.314e-05,2235042223,308803852.1,6.744342346e+13,2022-12-30T06:58:50.000Z,5,memes;solana-ecosystem;doggone-doggerel;dwf-labs-portfolio;cmc-crypto-awards-2024,HISTORICAL_APPROXIMATION,CMC snapshot tags vary by snapshot date (drift test: tags(2024)!=tags(2026)); taxonomy drift unverified,,,,BONK-USDT-SWAP,2024-01-08T06:26:57Z,SYMBOL_MATCH
2024-06-01,52,FTM,Fantom,3513,fantom,0.78738165,2207530625,81170006.93,2803634836,2018-10-29T00:00:00.000Z,9,platform;enterprise-solutions;defi;research;scaling;smart-contracts,HISTORICAL_APPROXIMATION,CMC snapshot tags vary by snapshot date (drift test: tags(2024)!=tags(2026)); taxonomy drift unverified,FTM,2023-05-25T00:00:00Z,True,,,SYMBOL_MATCH
2024-06-01,53,LDO,Lido DAO,8000,lido-dao,2.43371317,2171650355,102771002.9,892319759.6,2020-12-15T00:00:00.000Z,9,defi;dao;three-arrows-capital-portfolio;paradigm-portfolio;arbitrum-ecosytem;liquid-staking-derivatives,HISTORICAL_APPROXIMATION,CMC snapshot tags vary by snapshot date (drift test: tags(2024)!=tags(2026)); taxonomy drift unverified,LDO,2023-05-16T00:00:00Z,False,LDO-USDT-SWAP,2023-02-02T07:02:49Z,SYMBOL_MATCH
2024-06-01,54,TIA,Celestia,22861,celestia,11.37548291,2137995137,98325466.91,187947637.3,2023-10-31T16:51:41.000Z,5,platform;modular-blockchain;egirl-capital-portfolio;data-availability;cmc-crypto-awards-2024,HISTORICAL_APPROXIMATION,CMC snapshot tags vary by snapshot date (drift test: tags(2024)!=tags(2026)); taxonomy drift unverified,TIA,2023-10-19T23:00:00Z,False,TIA-USDT-SWAP,2023-10-31T18:25:00Z,SYMBOL_MATCH
2024-06-01,55,THETA,Theta Network,2416,theta-network,2.09717727,2097177275,18887077.13,1000000000,2018-01-17T00:00:00.000Z,16,media;vr-ar;ai-big-data;distributed-computing;collectibles-nfts;content-creation,HISTORICAL_APPROXIMATION,CMC snapshot tags vary by snapshot date (drift test: tags(2024)!=tags(2026)); taxonomy drift unverified,,,,THETA-USDT-SWAP,2020-04-21T10:12:51Z,SYMBOL_MATCH
2024-06-01,56,RUNE,THORChain,4157,thorchain,6.01168251,2013048703,111047930,334856124,2019-07-23T00:00:00.000Z,7,cosmos-ecosystem;decentralized-exchange-dex-token;defi;dex;multicoin-capital-portfolio;exnetwork-capital-portfolio,HISTORICAL_APPROXIMATION,CMC snapshot tags vary by snapshot date (drift test: tags(2024)!=tags(2026)); taxonomy drift unverified,RUNE,2023-08-15T14:00:00Z,False,,,SYMBOL_MATCH
2024-06-01,57,BGB,Bitget Token,11092,bitget-token-new,1.43064367,2002901131,71311748.87,1400000000,2021-07-29T00:00:00.000Z,1,centralized-exchange,HISTORICAL_APPROXIMATION,CMC snapshot tags vary by snapshot date (drift test: tags(2024)!=tags(2026)); taxonomy drift unverified,,,,,,NONE
2024-06-01,58,ONDO,Ondo,21159,ondo-finance,1.40806526,1956872553,298232779.6,1389759838,2024-01-18T12:06:25.000Z,2,ethereum-ecosystem;real-world-assets,HISTORICAL_APPROXIMATION,CMC snapshot tags vary by snapshot date (drift test: tags(2024)!=tags(2026)); taxonomy drift unverified,ONDO,2024-01-20T15:00:00Z,False,ONDO-USDT-SWAP,2024-08-06T10:30:03Z,SYMBOL_MATCH
2024-06-01,59,FET,Fetch.ai,3773,fetch,2.10742884,1787508275,90932915.41,848193895.9,2019-03-02T00:00:00.000Z,9,cosmos-ecosystem;ai-big-data;collectibles-nfts;iot;binance-launchpad;web3,HISTORICAL_APPROXIMATION,CMC snapshot tags vary by snapshot date (drift test: tags(2024)!=tags(2026)); taxonomy drift unverified,FET,2023-10-26T16:00:00Z,False,,,SYMBOL_MATCH
2024-06-01,60,JASMY,JasmyCoin,8425,jasmy,0.03584327,1767073005,438895388,4.929999968e+10,2021-02-11T00:00:00.000Z,3,iot;ethereum-ecosystem;dwf-labs-portfolio,HISTORICAL_APPROXIMATION,CMC snapshot tags vary by snapshot date (drift test: tags(2024)!=tags(2026)); taxonomy drift unverified,,,,,,NONE
2024-06-01,61,CORE,Core,23254,core-dao,1.95405048,1740965436,59616134.46,890952129.8,2023-02-08T12:26:11.000Z,0,,HISTORICAL_APPROXIMATION,CMC snapshot tags vary by snapshot date (drift test: tags(2024)!=tags(2026)); taxonomy drift unverified,,,,CORE-USDT-SWAP,2023-02-08T13:55:14Z,SYMBOL_MATCH
2024-06-01,62,NOT,Notcoin,28850,notcoin,0.01586132,1629261949,1257140352,1.027192217e+11,2024-05-09T15:38:45.000Z,6,gaming;binance-launchpool;play-to-earn;web3;telegram-bot;toncoin-ecosystem,HISTORICAL_APPROXIMATION,CMC snapshot tags vary by snapshot date (drift test: tags(2024)!=tags(2026)); taxonomy drift unverified,NOT,2024-05-17T04:00:00Z,False,NOT-USDT-SWAP,2024-05-16T12:27:45Z,SYMBOL_MATCH
2024-06-01,63,AAVE,Aave,7278,aave,104.0302556,1544266478,53257326.4,14844397.62,2020-10-02T00:00:00.000Z,16,defi;dao;yield-farming;three-arrows-capital-portfolio;governance;lending-borowing,HISTORICAL_APPROXIMATION,CMC snapshot tags vary by snapshot date (drift test: tags(2024)!=tags(2026)); taxonomy drift unverified,AAVE,2023-07-18T00:00:00Z,False,AAVE-USDT-SWAP,2020-12-10T06:00:00Z,SYMBOL_MATCH
2024-06-01,64,ALGO,Algorand,4030,algorand,0.1881207,1537395367,21968328.57,8172388117,2019-06-20T00:00:00.000Z,13,pos;platform;research;smart-contracts;arrington-xrp-capital-portfolio;kenetic-capital-portfolio,HISTORICAL_APPROXIMATION,CMC snapshot tags vary by snapshot date (drift test: tags(2024)!=tags(2026)); taxonomy drift unverified,ALGO,2024-12-04T13:00:00Z,False,ALGO-USDT-SWAP,2020-04-21T10:12:51Z,SYMBOL_MATCH
2024-06-01,65,PYTH,Pyth Network,28177,pyth-network,0.40819405,1479698944,54111743.14,3624988970,2023-11-20T09:42:13.000Z,2,oracles;solana-ecosystem,HISTORICAL_APPROXIMATION,CMC snapshot tags vary by snapshot date (drift test: tags(2024)!=tags(2026)); taxonomy drift unverified,PYTH,2023-11-14T23:00:00Z,False,PYTH-USDT-SWAP,2023-11-20T14:55:00Z,SYMBOL_MATCH
2024-06-01,66,JUP,Jupiter,29210,jupiter-ag,1.09588971,1479451107,54984084.77,1350000000,2024-01-31T08:38:13.000Z,6,decentralized-exchange-dex-token;defi;derivatives;amm;solana-ecosystem;cross-chain,HISTORICAL_APPROXIMATION,CMC snapshot tags vary by snapshot date (drift test: tags(2024)!=tags(2026)); taxonomy drift unverified,JUP,2023-12-03T01:00:00Z,False,JUP-USDT-SWAP,2024-01-31T16:05:00Z,SYMBOL_MATCH
2024-06-01,67,BEAM,Beam,28298,onbeam,0.02951604,1460040775,59252013.51,4.946600417e+10,2021-10-29T04:07:32.000Z,10,gaming;ethereum-ecosystem;binance-chain;binance-launchpool;governance;play-to-earn,HISTORICAL_APPROXIMATION,CMC snapshot tags vary by snapshot date (drift test: tags(2024)!=tags(2026)); taxonomy drift unverified,,,,,,NONE
2024-06-01,68,SEI,Sei,23149,sei,0.49277584,1441369325,65467318.3,2925000000,2023-08-14T07:35:00.000Z,6,coinbase-ventures-portfolio;multicoin-capital-portfolio;layer-1;jump-crypto;sei-ecosystem;parallel-evm,HISTORICAL_APPROXIMATION,CMC snapshot tags vary by snapshot date (drift test: tags(2024)!=tags(2026)); taxonomy drift unverified,SEI,2023-08-15T13:00:00Z,False,SEI-USDT-SWAP,2025-11-14T07:30:01Z,SYMBOL_MATCH
2024-06-01,69,ENA,Ethena,30171,ethena,0.90881968,1381689914,183145782.5,1520312500,2024-03-29T04:42:08.000Z,3,defi;binance-labs-portfolio;okx-ventures-portfolio,HISTORICAL_APPROXIMATION,CMC snapshot tags vary by snapshot date (drift test: tags(2024)!=tags(2026)); taxonomy drift unverified,ENA,2024-04-02T14:00:00Z,False,ENA-USDT-SWAP,2025-09-17T07:30:00Z,SYMBOL_MATCH
2024-06-01,70,GALA,Gala,7080,gala,0.04294629,1353264283,88307888.98,3.151061987e+10,2020-09-16T00:00:00.000Z,6,collectibles-nfts;gaming;binance-smart-chain;polygon-ecosystem;play-to-earn;dwf-labs-portfolio,HISTORICAL_APPROXIMATION,CMC snapshot tags vary by snapshot date (drift test: tags(2024)!=tags(2026)); taxonomy drift unverified,GALA,2023-12-05T20:00:00Z,False,GALA-USDT-SWAP,2021-09-24T10:03:09Z,SYMBOL_MATCH
2024-06-01,71,FLOW,Flow,4558,flow,0.89310136,1348906670,20045794.51,1510362347,2021-01-27T00:00:00.000Z,12,platform;collectibles-nfts;staking;coinbase-ventures-portfolio;coinfund-portfolio;dcg-portfolio,HISTORICAL_APPROXIMATION,CMC snapshot tags vary by snapshot date (drift test: tags(2024)!=tags(2026)); taxonomy drift unverified,,,,FLOW-USDT-SWAP,2023-11-07T09:55:00Z,SYMBOL_MATCH
2024-06-01,72,CHZ,Chiliz,4066,chiliz,0.15095459,1341728191,157278349.1,8888289967,2019-07-01T00:00:00.000Z,7,sports;collectibles-nfts;content-creation;payments;layer-1;sec-security-token,HISTORICAL_APPROXIMATION,CMC snapshot tags vary by snapshot date (drift test: tags(2024)!=tags(2026)); taxonomy drift unverified,,,,CHZ-USDT-SWAP,2021-03-12T09:00:00Z,SYMBOL_MATCH
2024-06-01,73,STRK,Starknet,22691,starknet-token,1.17141192,1335975617,57493295,1140483200,2024-02-20T12:19:19.000Z,5,zero-knowledge-proofs;dapp;ethereum-ecosystem;layer-2;rollups,HISTORICAL_APPROXIMATION,CMC snapshot tags vary by snapshot date (drift test: tags(2024)!=tags(2026)); taxonomy drift unverified,STRK,2024-02-14T15:00:00Z,False,STRK-USDT-SWAP,2024-02-20T12:55:00Z,SYMBOL_MATCH
2024-06-01,74,BSV,Bitcoin SV,3602,bitcoin-sv,60.9353901,1201008547,28522524.31,19709540.62,2018-11-09T00:00:00.000Z,7,mineable;pow;sha-256;medium-of-exchange;store-of-value;state-channel,HISTORICAL_APPROXIMATION,CMC snapshot tags vary by snapshot date (drift test: tags(2024)!=tags(2026)); taxonomy drift unverified,BSV,2023-10-20T04:00:00Z,False,,,SYMBOL_MATCH
2024-06-01,75,AGIX,SingularityNET,2424,singularitynet,0.89081966,1144516805,51129025.34,1284790690,2018-01-18T00:00:00.000Z,6,marketplace;ai-big-data;payments;cross-chain-dex-aggregator;cardano-ecosystem;generative-ai,HISTORICAL_APPROXIMATION,CMC snapshot tags vary by snapshot date (drift test: tags(2024)!=tags(2026)); taxonomy drift unverified,,,,,,NONE
2024-06-01,76,AXS,Axie Infinity,6783,axie-infinity,7.91502061,1150391035,62776900.25,145342772,2020-08-31T00:00:00.000Z,9,collectibles-nfts;gaming;binance-launchpad;metaverse;defiance-capital-portfolio;play-to-earn,HISTORICAL_APPROXIMATION,CMC snapshot tags vary by snapshot date (drift test: tags(2024)!=tags(2026)); taxonomy drift unverified,AXS,2026-01-18T04:00:00Z,False,AXS-USDT-SWAP,2021-07-28T09:00:00Z,SYMBOL_MATCH
2024-06-01,77,DYDX,dYdX (Native),28324,dydx-chain,2.03933966,1138931445,17832523.7,558480505,2021-08-03T00:00:00.000Z,1,decentralized-exchange-dex-token,HISTORICAL_APPROXIMATION,CMC snapshot tags vary by snapshot date (drift test: tags(2024)!=tags(2026)); taxonomy drift unverified,DYDX,2023-05-12T00:00:00Z,False,DYDX-USDT-SWAP,2021-09-08T16:11:50Z,SYMBOL_MATCH
2024-06-01,78,BTT,BitTorrent [New],16086,bittorrent-new,1.17e-06,1128593451,17399240.97,9.682464286e+14,2019-01-31T00:00:00.000Z,14,platform;distributed-computing;filesharing;interoperability;staking;tron-ecosystem,HISTORICAL_APPROXIMATION,CMC snapshot tags vary by snapshot date (drift test: tags(2024)!=tags(2026)); taxonomy drift unverified,,,,,,NONE
2024-06-01,79,FLR,Flare,7950,flare,0.02705753,1106317105,5472888.32,4.088759373e+10,2020-12-11T00:00:00.000Z,2,layer-1;dwf-labs-portfolio,HISTORICAL_APPROXIMATION,CMC snapshot tags vary by snapshot date (drift test: tags(2024)!=tags(2026)); taxonomy drift unverified,,,,,,NONE
2024-06-01,80,QNT,Quant,3155,quant,90.94046385,1097900394,10047574.22,12072738,2018-08-10T00:00:00.000Z,3,platform;interoperability;real-world-assets,HISTORICAL_APPROXIMATION,CMC snapshot tags vary by snapshot date (drift test: tags(2024)!=tags(2026)); taxonomy drift unverified,,,,QNT-USDT-SWAP,2026-06-05T10:30:00Z,SYMBOL_MATCH
2024-06-01,81,AKT,Akash Network,7431,akash-network,4.59642995,1098023515,10312197.86,238886163.2,2020-10-16T00:00:00.000Z,7,cosmos-ecosystem;ai-big-data;distributed-computing;web3;injective-ecosystem;generative-ai,HISTORICAL_APPROXIMATION,CMC snapshot tags vary by snapshot date (drift test: tags(2024)!=tags(2026)); taxonomy drift unverified,,,,,,NONE
2024-06-01,82,WLD,Worldcoin,13502,worldcoin-org,4.78680351,1089799391,161068489.4,227667458.7,2021-10-28T15:31:43.000Z,9,privacy;zero-knowledge-proofs;identity;ethereum-ecosystem;governance;blockchain-capital-portfolio,HISTORICAL_APPROXIMATION,CMC snapshot tags vary by snapshot date (drift test: tags(2024)!=tags(2026)); taxonomy drift unverified,WLD,2023-07-24T14:00:00Z,False,WLD-USDT-SWAP,2023-07-24T11:55:21Z,SYMBOL_MATCH
2024-06-01,83,W,Wormhole,29587,wormhole,0.59588449,1072592075,56230113.96,1800000000,2024-03-29T04:25:44.000Z,13,collectibles-nfts;defi;interoperability;dao;ethereum-ecosystem;coinbase-ventures-portfolio,HISTORICAL_APPROXIMATION,CMC snapshot tags vary by snapshot date (drift test: tags(2024)!=tags(2026)); taxonomy drift unverified,W,2024-02-07T18:00:00Z,False,W-USDT-SWAP,2024-04-03T12:25:00Z,SYMBOL_MATCH
2024-06-01,84,EGLD,MultiversX,6892,multiversx-egld,38.61638962,1043082669,16760780.24,27011398,2020-09-04T00:00:00.000Z,25,pos;enterprise-solutions;distributed-computing;loyalty;defi;gaming,HISTORICAL_APPROXIMATION,CMC snapshot tags vary by snapshot date (drift test: tags(2024)!=tags(2026)); taxonomy drift unverified,,,,EGLD-USDT-SWAP,2020-12-22T07:00:00Z,SYMBOL_MATCH
2024-06-01,85,NEO,Neo,1376,neo,14.54407509,1025922055,22807475.03,70538831,2016-09-08T00:00:00.000Z,3,platform;enterprise-solutions;smart-contracts,HISTORICAL_APPROXIMATION,CMC snapshot tags vary by snapshot date (drift test: tags(2024)!=tags(2026)); taxonomy drift unverified,NEO,2023-11-09T15:00:00Z,False,NEO-USDT-SWAP,2020-02-28T11:16:48Z,SYMBOL_MATCH
2024-06-01,86,SAND,The Sandbox,6210,the-sandbox,0.4374764,991204242.8,52625799.48,2265731926,2020-08-05T00:00:00.000Z,10,collectibles-nfts;content-creation;gaming;ethereum-ecosystem;binance-launchpad;metaverse,HISTORICAL_APPROXIMATION,CMC snapshot tags vary by snapshot date (drift test: tags(2024)!=tags(2026)); taxonomy drift unverified,SAND,2024-12-04T13:00:00Z,False,SAND-USDT-SWAP,2021-04-02T09:00:00Z,SYMBOL_MATCH
2024-06-01,87,ORDI,ORDI,25028,ordi,47.09539509,989003296.9,130319641.3,21000000,2023-05-08T05:51:24.000Z,3,bitcoin-ecosystem;brc-20;inscriptions,HISTORICAL_APPROXIMATION,CMC snapshot tags vary by snapshot date (drift test: tags(2024)!=tags(2026)); taxonomy drift unverified,ORDI,2023-11-07T17:00:00Z,False,ORDI-USDT-SWAP,2023-05-21T09:55:00Z,SYMBOL_MATCH
2024-06-01,88,RON,Ronin,14101,ronin,3.02690027,985772111.4,14307874.73,325670495.3,2021-11-08T17:57:40.000Z,4,platform;gaming;staking;layer-1,HISTORICAL_APPROXIMATION,CMC snapshot tags vary by snapshot date (drift test: tags(2024)!=tags(2026)); taxonomy drift unverified,,,,,,NONE
2024-06-01,89,KCS,KuCoin Token,2087,kucoin-token,10.14466581,970265879,695218.03,95642961.29,2017-10-24T00:00:00.000Z,3,marketplace;centralized-exchange;discount-token,HISTORICAL_APPROXIMATION,CMC snapshot tags vary by snapshot date (drift test: tags(2024)!=tags(2026)); taxonomy drift unverified,,,,,,NONE
2024-06-01,90,SNX,Synthetix,2586,synthetix,2.89440265,948696030.4,29206509.53,327769196.1,2018-03-14T00:00:00.000Z,22,services;decentralized-exchange-dex-token;defi;derivatives;dao;yield-farming,HISTORICAL_APPROXIMATION,CMC snapshot tags vary by snapshot date (drift test: tags(2024)!=tags(2026)); taxonomy drift unverified,SNX,2023-05-25T00:00:00Z,False,SNX-USDT-SWAP,2020-08-21T10:12:51Z,SYMBOL_MATCH
2024-06-01,91,PENDLE,Pendle,9481,pendle,6.09522044,939803483.6,57235723.84,154186955.7,2021-04-29T00:00:00.000Z,4,olympus-pro-ecosystem;spartan-group;restaking;eigenlayer-ecosystem,HISTORICAL_APPROXIMATION,CMC snapshot tags vary by snapshot date (drift test: tags(2024)!=tags(2026)); taxonomy drift unverified,PENDLE,2023-10-26T16:00:00Z,False,PENDLE-USDT-SWAP,2025-09-17T07:26:24Z,SYMBOL_MATCH
2024-06-01,92,MINA,Mina,8646,mina,0.83567885,931114645,12802396.06,1114201517,2021-03-02T00:00:00.000Z,6,pos;zero-knowledge-proofs;staking;coinbase-ventures-portfolio;three-arrows-capital-portfolio;polychain-capital-portfolio,HISTORICAL_APPROXIMATION,CMC snapshot tags vary by snapshot date (drift test: tags(2024)!=tags(2026)); taxonomy drift unverified,MINA,2023-10-24T15:00:00Z,False,MINA-USDT-SWAP,2021-06-09T09:00:00Z,SYMBOL_MATCH
2024-06-01,93,BOME,BOOK OF MEME,29870,book-of-meme,0.01340779,924686376.2,215762874.4,6.896632763e+10,2024-03-14T11:43:10.000Z,2,memes;solana-ecosystem,HISTORICAL_APPROXIMATION,CMC snapshot tags vary by snapshot date (drift test: tags(2024)!=tags(2026)); taxonomy drift unverified,BOME,2024-03-15T18:00:00Z,False,BOME-USDT-SWAP,2024-08-15T10:20:02Z,SYMBOL_MATCH
2024-06-01,94,XTZ,Tezos,2011,tezos,0.93765893,922423895.4,17123521.64,983752052.9,2017-10-06T00:00:00.000Z,10,pos;platform;enterprise-solutions;collectibles-nfts;defi;smart-contracts,HISTORICAL_APPROXIMATION,CMC snapshot tags vary by snapshot date (drift test: tags(2024)!=tags(2026)); taxonomy drift unverified,,,,XTZ-USDT-SWAP,2020-04-21T10:12:51Z,SYMBOL_MATCH
2024-06-01,95,XEC,eCash,10791,ecash,4.64e-05,914486610.8,6888979.3,1.970989842e+13,2021-07-08T00:00:00.000Z,1,layer-1,HISTORICAL_APPROXIMATION,CMC snapshot tags vary by snapshot date (drift test: tags(2024)!=tags(2026)); taxonomy drift unverified,,,,,,NONE
2024-06-01,96,EOS,EOS,1765,eos,0.80871036,911854029.3,86372909.73,1127540931,2017-07-01T00:00:00.000Z,7,medium-of-exchange;enterprise-solutions;smart-contracts;eos;fenbushi-capital-portfolio;galaxy-digital-portfolio,HISTORICAL_APPROXIMATION,CMC snapshot tags vary by snapshot date (drift test: tags(2024)!=tags(2026)); taxonomy drift unverified,,,,,,NONE
2024-06-01,97,ENS,Ethereum Name Service,13855,ethereum-name-service,28.40879052,894236391,233348545.6,31477453.8,2021-11-09T01:31:29.000Z,3,dao;governance;web3,HISTORICAL_APPROXIMATION,CMC snapshot tags vary by snapshot date (drift test: tags(2024)!=tags(2026)); taxonomy drift unverified,ENS,2024-01-05T15:00:00Z,False,ENS-USDT-SWAP,2021-11-11T09:45:46Z,SYMBOL_MATCH
2024-06-01,98,SAFE,Safe,21585,safe1,2.07823225,887020792.5,16189029.98,426815046,2022-08-26T09:17:14.000Z,3,staking;wallet;account-abstraction,HISTORICAL_APPROXIMATION,CMC snapshot tags vary by snapshot date (drift test: tags(2024)!=tags(2026)); taxonomy drift unverified,,,,,,NONE
2024-06-01,99,GNO,Gnosis,1659,gnosis-gno,339.7028525,879690430.4,13115336.17,2589588,2017-05-01T00:00:00.000Z,7,services;decentralized-exchange-dex-token;defi;prediction-markets;kenetic-capital-portfolio;arbitrum-ecosytem,HISTORICAL_APPROXIMATION,CMC snapshot tags vary by snapshot date (drift test: tags(2024)!=tags(2026)); taxonomy drift unverified,,,,,,NONE
2024-06-01,100,CFX,Conflux,7334,conflux-network,0.21515885,870039444.3,14606558.39,4043707469,2020-11-11T00:00:00.000Z,15,mineable;pow;platform;collectibles-nfts;defi;payments,HISTORICAL_APPROXIMATION,CMC snapshot tags vary by snapshot date (drift test: tags(2024)!=tags(2026)); taxonomy drift unverified,CFX,2023-05-25T00:00:00Z,False,CFX-USDT-SWAP,2021-03-12T09:00:00Z,SYMBOL_MATCH
2024-06-01,101,MANA,Decentraland,1966,decentraland,0.44928137,857372566.7,39201287.92,1908319865,2017-09-17T00:00:00.000Z,13,platform;collectibles-nfts;gaming;payments;metaverse;boostvc-portfolio,HISTORICAL_APPROXIMATION,CMC snapshot tags vary by snapshot date (drift test: tags(2024)!=tags(2026)); taxonomy drift unverified,,,,MANA-USDT-SWAP,2021-03-12T09:00:00Z,SYMBOL_MATCH
2024-06-01,102,AIOZ,AIOZ Network,9104,aioz-network,0.73880184,810884785.7,3321364.46,1097567366,2021-04-02T00:00:00.000Z,13,media;platform;ai-big-data;distributed-computing;smart-contracts;video,HISTORICAL_APPROXIMATION,CMC snapshot tags vary by snapshot date (drift test: tags(2024)!=tags(2026)); taxonomy drift unverified,,,,,,NONE
2024-06-01,103,NEXO,Nexo,2694,nexo,1.41971184,795038646.4,4554195.9,560000011,2018-05-01T00:00:00.000Z,4,services;payments;cardano-ecosystem;alleged-sec-securities,HISTORICAL_APPROXIMATION,CMC snapshot tags vary by snapshot date (drift test: tags(2024)!=tags(2026)); taxonomy drift unverified,,,,,,NONE
2024-06-01,104,KLAY,Klaytn,4256,klaytn,0.21355478,788399223.5,19297182.21,3691789227,2020-03-30T00:00:00.000Z,4,platform;enterprise-solutions;injective-ecosystem;layer-1,HISTORICAL_APPROXIMATION,CMC snapshot tags vary by snapshot date (drift test: tags(2024)!=tags(2026)); taxonomy drift unverified,,,,,,NONE
2024-06-01,105,APE,ApeCoin,18876,apecoin-ape,1.29078192,780788604.2,31174666.46,604895833,2022-03-17T12:26:36.000Z,8,collectibles-nfts;content-creation;gaming;entertainment;dao;governance,HISTORICAL_APPROXIMATION,CMC snapshot tags vary by snapshot date (drift test: tags(2024)!=tags(2026)); taxonomy drift unverified,APE,2023-05-12T00:00:00Z,False,APE-USDT-SWAP,2022-03-17T13:00:59Z,SYMBOL_MATCH
2024-06-01,106,DOG,DOG•GO•TO•THE•MOON,30933,dog-go-to-the-moon-rune,0.00786128,786127778,53794704.05,1e+11,2024-04-26T04:38:28.000Z,3,memes;bitcoin-ecosystem;runes,HISTORICAL_APPROXIMATION,CMC snapshot tags vary by snapshot date (drift test: tags(2024)!=tags(2026)); taxonomy drift unverified,,,,,,NONE
2024-06-01,107,AEVO,Aevo,29676,aevo,0.89958234,764644984.9,38096798.38,850000000,2024-03-07T06:26:50.000Z,3,ethereum-ecosystem;binance-launchpool;layer-2,HISTORICAL_APPROXIMATION,CMC snapshot tags vary by snapshot date (drift test: tags(2024)!=tags(2026)); taxonomy drift unverified,,,,AEVO-USDT-SWAP,2024-03-13T10:25:20Z,SYMBOL_MATCH
2024-06-01,108,GT,GateToken,4269,gatetoken,8.20941395,765462278.2,4435656.33,93242012.54,2019-08-20T00:00:00.000Z,4,marketplace;centralized-exchange;discount-token;ftx-bankruptcy-estate,HISTORICAL_APPROXIMATION,CMC snapshot tags vary by snapshot date (drift test: tags(2024)!=tags(2026)); taxonomy drift unverified,,,,,,NONE
2024-06-01,109,LPT,Livepeer,3640,livepeer,23.03887316,750004457.9,34159021.15,32553868.96,2018-12-19T00:00:00.000Z,8,distributed-computing;coinfund-portfolio;dcg-portfolio;pantera-capital-portfolio;multicoin-capital-portfolio;web3,HISTORICAL_APPROXIMATION,CMC snapshot tags vary by snapshot date (drift test: tags(2024)!=tags(2026)); taxonomy drift unverified,,,,LPT-USDT-SWAP,2021-04-23T07:00:00Z,SYMBOL_MATCH
2024-06-01,110,CAKE,PancakeSwap,7186,pancakeswap,2.78223286,738335767.2,19356714.87,265375259.6,2020-09-25T00:00:00.000Z,10,collectibles-nfts;decentralized-exchange-dex-token;defi;smart-contracts;yield-farming;amm,HISTORICAL_APPROXIMATION,CMC snapshot tags vary by snapshot date (drift test: tags(2024)!=tags(2026)); taxonomy drift unverified,CAKE,2023-12-30T15:00:00Z,False,,,SYMBOL_MATCH
2024-06-01,111,DEXE,DeXe,7326,dexe,12.9184493,737683280.4,3422476.5,57103082.83,2020-10-07T00:00:00.000Z,4,asset-management;defi;dao;bnb-chain,HISTORICAL_APPROXIMATION,CMC snapshot tags vary by snapshot date (drift test: tags(2024)!=tags(2026)); taxonomy drift unverified,,,,,,NONE
2024-06-01,112,USDD,USDD,19891,usdd,0.99838932,730520803.6,3101598.18,731699333.7,2022-05-02T08:07:12.000Z,4,stablecoin;algorithmic-stablecoin;arbitrum-ecosytem;usd-stablecoin,HISTORICAL_APPROXIMATION,CMC snapshot tags vary by snapshot date (drift test: tags(2024)!=tags(2026)); taxonomy drift unverified,,,,,,NONE
2024-06-01,113,IOTA,IOTA,1720,iota,0.21761134,715270738.5,6955230.05,3286918475,2017-06-13T00:00:00.000Z,5,dag;medium-of-exchange;iot;sharing-economy;dwf-labs-portfolio,HISTORICAL_APPROXIMATION,CMC snapshot tags vary by snapshot date (drift test: tags(2024)!=tags(2026)); taxonomy drift unverified,IOTA,2024-12-04T13:00:00Z,False,IOTA-USDT-SWAP,2020-04-21T10:12:51Z,SYMBOL_MATCH
2024-06-01,114,KAVA,Kava,4846,kava,0.65522817,709517907.4,8853363.02,1082856240,2019-10-25T00:00:00.000Z,11,cosmos-ecosystem;defi;binance-launchpad;binance-labs-portfolio;lending-borowing;arrington-xrp-capital-portfolio,HISTORICAL_APPROXIMATION,CMC snapshot tags vary by snapshot date (drift test: tags(2024)!=tags(2026)); taxonomy drift unverified,,,,,,NONE
2024-06-01,115,LUNC,Terra Classic,4172,terra-luna,0.00012021,696379769.1,28117470.06,5.792934042e+12,2019-07-26T00:00:00.000Z,16,cosmos-ecosystem;store-of-value;defi;payments;coinbase-ventures-portfolio;binance-labs-portfolio,HISTORICAL_APPROXIMATION,CMC snapshot tags vary by snapshot date (drift test: tags(2024)!=tags(2026)); taxonomy drift unverified,,,,,,NONE
2024-06-01,116,AXL,Axelar,17799,axelar,1.03069113,697373742.5,16963689.8,676607883.7,2022-02-02T02:48:14.000Z,8,interoperability;ethereum-ecosystem;coinbase-ventures-portfolio;polychain-capital-portfolio;binance-labs-portfolio;galaxy-digital-portfolio,HISTORICAL_APPROXIMATION,CMC snapshot tags vary by snapshot date (drift test: tags(2024)!=tags(2026)); taxonomy drift unverified,,,,,,NONE
2024-06-01,117,CKB,Nervos Network,4948,nervos-network,0.01556006,688897273.3,29262802.7,4.427344014e+10,2019-11-19T00:00:00.000Z,21,mineable;pow;platform;collectibles-nfts;defi;interoperability,HISTORICAL_APPROXIMATION,CMC snapshot tags vary by snapshot date (drift test: tags(2024)!=tags(2026)); taxonomy drift unverified,,,,,,NONE
2024-06-01,118,1000SATS,SATS,28683,sats,0.00032511,682737637.3,24256689.86,2.1e+12,2023-12-12T07:05:34.000Z,2,brc-20;inscriptions,HISTORICAL_APPROXIMATION,CMC snapshot tags vary by snapshot date (drift test: tags(2024)!=tags(2026)); taxonomy drift unverified,,,,,,NONE
2024-06-01,119,ROSE,Oasis,7653,oasis-network,0.10070627,676101600.8,19205467.09,6713599876,2020-11-12T00:00:00.000Z,19,cosmos-ecosystem;ai-big-data;collectibles-nfts;defi;privacy;scaling,HISTORICAL_APPROXIMATION,CMC snapshot tags vary by snapshot date (drift test: tags(2024)!=tags(2026)); taxonomy drift unverified,,,,,,NONE
2024-06-01,120,BLUR,Blur,23121,blur-token,0.41170081,676625012,31165110.71,1643487183,2023-02-13T15:07:24.000Z,2,collectibles-nfts;egirl-capital-portfolio,HISTORICAL_APPROXIMATION,CMC snapshot tags vary by snapshot date (drift test: tags(2024)!=tags(2026)); taxonomy drift unverified,BLUR,2023-10-18T18:00:00Z,False,BLUR-USDT-SWAP,2023-02-15T02:55:00Z,SYMBOL_MATCH
2024-06-01,121,HNT,Helium,5665,helium,4.11083051,661331674.2,10630114.3,160875441.8,2020-06-05T00:00:00.000Z,9,mineable;enterprise-solutions;distributed-computing;iot;solana-ecosystem;usv-portfolio,HISTORICAL_APPROXIMATION,CMC snapshot tags vary by snapshot date (drift test: tags(2024)!=tags(2026)); taxonomy drift unverified,,,,,,NONE
2024-06-01,122,OM,MANTRA,6536,mantra,0.79913754,634508230.6,103888637.5,793991274.2,2020-08-11T00:00:00.000Z,7,defi;dao;kenetic-capital-portfolio;exnetwork-capital-portfolio;polygon-ecosystem;bnb-chain,HISTORICAL_APPROXIMATION,CMC snapshot tags vary by snapshot date (drift test: tags(2024)!=tags(2026)); taxonomy drift unverified,OM,2025-02-16T16:00:00Z,True,,,SYMBOL_MATCH
2024-06-01,123,TFUEL,Theta Fuel,3822,theta-fuel,0.0941365,618181831.7,5586025.61,6566866551,2019-03-28T00:00:00.000Z,11,media;vr-ar;ai-big-data;distributed-computing;content-creation;defi,HISTORICAL_APPROXIMATION,CMC snapshot tags vary by snapshot date (drift test: tags(2024)!=tags(2026)); taxonomy drift unverified,,,,,,NONE
2024-06-01,124,IOTX,IoTeX,2777,iotex,0.06296113,594439862.3,47232423.2,9441378955,2018-05-25T00:00:00.000Z,8,platform;distributed-computing;iot;hashkey-capital-portfolio;kenetic-capital-portfolio;iotex-ecosystem,HISTORICAL_APPROXIMATION,CMC snapshot tags vary by snapshot date (drift test: tags(2024)!=tags(2026)); taxonomy drift unverified,,,,,,NONE
2024-06-01,125,WOO,WOO,7501,wootrade,0.31924339,598485703.4,7455528.48,1874700402,2020-10-23T00:00:00.000Z,13,centralized-exchange;decentralized-exchange-dex-token;defi;yield-farming;amm;three-arrows-capital-portfolio,HISTORICAL_APPROXIMATION,CMC snapshot tags vary by snapshot date (drift test: tags(2024)!=tags(2026)); taxonomy drift unverified,,,,WOO-USDT-SWAP,2023-02-14T06:55:00Z,SYMBOL_MATCH
2024-06-01,126,PRIME,Echelon Prime,23711,echelon-prime,16.71150553,597834741.8,4647737.68,35773841,2023-03-01T16:41:56.000Z,6,ai-big-data;collectibles-nfts;gaming;paradigm-portfolio;generative-ai;base-ecosystem,HISTORICAL_APPROXIMATION,CMC snapshot tags vary by snapshot date (drift test: tags(2024)!=tags(2026)); taxonomy drift unverified,,,,,,NONE
2024-06-01,127,BTG,Bitcoin Gold,2083,bitcoin-gold,33.61096875,588659938.5,3551799.4,17513923.59,2017-10-23T00:00:00.000Z,4,mineable;medium-of-exchange;payments;bitcoin-ecosystem,HISTORICAL_APPROXIMATION,CMC snapshot tags vary by snapshot date (drift test: tags(2024)!=tags(2026)); taxonomy drift unverified,,,,,,NONE
2024-06-01,128,CRV,Curve DAO Token,6538,curve-dao-token,0.47087424,576014825.3,21437591.96,1223288046,2020-08-14T00:00:00.000Z,13,decentralized-exchange-dex-token;defi;dao;yield-farming;amm;governance,HISTORICAL_APPROXIMATION,CMC snapshot tags vary by snapshot date (drift test: tags(2024)!=tags(2026)); taxonomy drift unverified,CRV,2023-05-15T16:00:00Z,False,CRV-USDT-SWAP,2020-09-04T10:12:51Z,SYMBOL_MATCH
2024-06-01,129,MANTA,Manta Network,13631,manta-network,1.76087334,572846947.1,22632207.64,325319790.7,2024-01-18T10:00:24.000Z,10,zero-knowledge-proofs;ethereum-ecosystem;binance-launchpool;polychain-capital-portfolio;layer-2;binance-labs-portfolio,HISTORICAL_APPROXIMATION,CMC snapshot tags vary by snapshot date (drift test: tags(2024)!=tags(2026)); taxonomy drift unverified,MANTA,2024-01-18T22:00:00Z,False,,,SYMBOL_MATCH
2024-06-01,130,1INCH,1inch Network,8104,1inch,0.48420327,566593695.3,84337801.81,1170156689,2020-12-25T00:00:00.000Z,13,decentralized-exchange-dex-token;defi;wallet;amm;binance-labs-portfolio;blockchain-capital-portfolio,HISTORICAL_APPROXIMATION,CMC snapshot tags vary by snapshot date (drift test: tags(2024)!=tags(2026)); taxonomy drift unverified,,,,1INCH-USDT-SWAP,2020-12-25T02:30:00Z,SYMBOL_MATCH
2024-06-01,131,XAUt,Tether Gold,5176,tether-gold,2327.385071,573756277.3,2553048.65,246524,2020-02-07T00:00:00.000Z,1,tokenized-gold,HISTORICAL_APPROXIMATION,CMC snapshot tags vary by snapshot date (drift test: tags(2024)!=tags(2026)); taxonomy drift unverified,,,,,,NONE
2024-06-01,132,MEME,Memecoin,28301,meme,0.02939881,566291572.8,55385265.17,1.926239945e+10,2023-11-03T08:03:36.000Z,3,collectibles-nfts;memes;binance-launchpool,HISTORICAL_APPROXIMATION,CMC snapshot tags vary by snapshot date (drift test: tags(2024)!=tags(2026)); taxonomy drift unverified,MEME,2023-11-03T15:00:00Z,False,MEME-USDT-SWAP,2023-11-03T08:55:00Z,SYMBOL_MATCH
2024-06-01,133,PEOPLE,ConstitutionDAO,14806,constitutiondao,0.10989813,556099613.2,723244029.9,5060137335,2021-11-19T03:12:15.000Z,0,,HISTORICAL_APPROXIMATION,CMC snapshot tags vary by snapshot date (drift test: tags(2024)!=tags(2026)); taxonomy drift unverified,PEOPLE,2024-01-03T17:00:00Z,False,PEOPLE-USDT-SWAP,2021-12-02T06:51:29Z,SYMBOL_MATCH
2024-06-01,134,XDC,XDC Network,2634,xdc-network,0.03727612,555436995.9,4815188.95,1.490061277e+10,2018-04-12T00:00:00.000Z,6,enterprise-solutions;masternodes;smart-contracts;xdc-ecosystem;real-world-assets;layer-1,HISTORICAL_APPROXIMATION,CMC snapshot tags vary by snapshot date (drift test: tags(2024)!=tags(2026)); taxonomy drift unverified,,,,,,NONE
2024-06-01,135,OSMO,Osmosis,12220,osmosis,0.83453882,553687388,11514504.94,663465104.4,2021-09-30T16:58:27.000Z,3,cosmos-ecosystem;injective-ecosystem;modular-blockchain,HISTORICAL_APPROXIMATION,CMC snapshot tags vary by snapshot date (drift test: tags(2024)!=tags(2026)); taxonomy drift unverified,,,,,,NONE
2024-06-01,136,ETHFI,ether.fi,29814,ether-fi-ethfi,4.81720476,554941988.6,195291265.9,115200000,2024-03-13T06:06:39.000Z,4,defi;staking;binance-launchpool;eigenlayer-ecosystem,HISTORICAL_APPROXIMATION,CMC snapshot tags vary by snapshot date (drift test: tags(2024)!=tags(2026)); taxonomy drift unverified,ETHFI,2024-03-21T01:00:00Z,False,ETHFI-USDT-SWAP,2024-03-18T12:25:00Z,SYMBOL_MATCH
2024-06-01,137,TWT,Trust Wallet Token,5964,trust-wallet-token,1.28669475,536101239.7,21836147.71,416649900,2020-07-30T00:00:00.000Z,3,wallet;polygon-ecosystem;bnb-chain,HISTORICAL_APPROXIMATION,CMC snapshot tags vary by snapshot date (drift test: tags(2024)!=tags(2026)); taxonomy drift unverified,,,,,,NONE
2024-06-01,138,FTT,FTX Token,4195,ftx-token,1.60262874,527096746.7,9072841,328895103.8,2019-07-31T00:00:00.000Z,12,marketplace;centralized-exchange;derivatives;cms-holdings-portfolio;kenetic-capital-portfolio;alameda-research-portfolio,HISTORICAL_APPROXIMATION,CMC snapshot tags vary by snapshot date (drift test: tags(2024)!=tags(2026)); taxonomy drift unverified,FTT,2023-09-25T13:00:00Z,True,,,SYMBOL_MATCH
2024-06-01,139,ARKM,Arkham,27565,arkham,2.53862465,519402604.1,157320152.1,204600000,2023-07-18T09:32:13.000Z,8,marketplace;ai-big-data;research;ethereum-ecosystem;governance;binance-launchpad,HISTORICAL_APPROXIMATION,CMC snapshot tags vary by snapshot date (drift test: tags(2024)!=tags(2026)); taxonomy drift unverified,,,,ARKM-USDT-SWAP,2024-11-21T08:30:00Z,SYMBOL_MATCH
2024-06-01,140,LUNA,Terra,20314,terra-luna-v2,0.67873852,512717888.3,50893559.93,755398242.7,2022-05-26T12:47:26.000Z,1,alleged-sec-securities,HISTORICAL_APPROXIMATION,CMC snapshot tags vary by snapshot date (drift test: tags(2024)!=tags(2026)); taxonomy drift unverified,,,,LUNA-USDT-SWAP,2022-05-28T13:54:42Z,SYMBOL_MATCH
2024-06-01,141,OCEAN,Ocean Protocol,3911,ocean-protocol,0.89394932,508103900.6,14726265.37,568381102.7,2019-05-06T00:00:00.000Z,15,platform;ai-big-data;distributed-computing;defi;filesharing;dao,HISTORICAL_APPROXIMATION,CMC snapshot tags vary by snapshot date (drift test: tags(2024)!=tags(2026)); taxonomy drift unverified,,,,,,NONE
2024-06-01,142,ETHDYDX,dYdX (ethDYDX),11156,dydx-ethdydx,2.03777608,501024377,10922233.1,245868220,2021-08-03T00:00:00.000Z,8,cosmos-ecosystem;decentralized-exchange-dex-token;defi;derivatives;zero-knowledge-proofs;three-arrows-capital-portfolio,HISTORICAL_APPROXIMATION,CMC snapshot tags vary by snapshot date (drift test: tags(2024)!=tags(2026)); taxonomy drift unverified,,,,,,NONE
2024-06-01,143,TUSD,TrueUSD,2563,trueusd,0.99864204,500081009,34801778.83,500761022.6,2018-03-06T00:00:00.000Z,8,store-of-value;stablecoin;asset-backed-stablecoin;avalanche-ecosystem;arbitrum-ecosytem;bnb-chain,HISTORICAL_APPROXIMATION,CMC snapshot tags vary by snapshot date (drift test: tags(2024)!=tags(2026)); taxonomy drift unverified,,,,,,NONE
2024-06-01,144,GLM,Golem,1455,golem-network-tokens,0.49695138,496951384.6,7486676.02,1000000000,2016-11-18T00:00:00.000Z,7,platform;ai-big-data;distributed-computing;payments;polygon-ecosystem;web3,HISTORICAL_APPROXIMATION,CMC snapshot tags vary by snapshot date (drift test: tags(2024)!=tags(2026)); taxonomy drift unverified,,,,GLM-USDT-SWAP,2024-05-10T08:25:01Z,SYMBOL_MATCH
2024-06-01,145,ASTR,Astar,12885,astar,0.08631378,488701636.8,7850956.63,5661918904,2021-10-19T09:53:03.000Z,4,polkadot;polkadot-ecosystem;okx-ventures-portfolio;layer-1,HISTORICAL_APPROXIMATION,CMC snapshot tags vary by snapshot date (drift test: tags(2024)!=tags(2026)); taxonomy drift unverified,,,,,,NONE
2024-06-01,146,COMP,Compound,5692,compound,58.58770445,487676418.8,17156828.78,8323869.717,2020-06-16T00:00:00.000Z,14,defi;dao;yield-farming;coinbase-ventures-portfolio;three-arrows-capital-portfolio;polychain-capital-portfolio,HISTORICAL_APPROXIMATION,CMC snapshot tags vary by snapshot date (drift test: tags(2024)!=tags(2026)); taxonomy drift unverified,COMP,2023-07-18T00:00:00Z,False,COMP-USDT-SWAP,2020-04-21T10:12:51Z,SYMBOL_MATCH
2024-06-01,147,GMT,GMT,18069,green-metaverse-token,0.23859687,482738993.5,24413297.39,2023241108,2022-03-09T12:47:15.000Z,7,collectibles-nfts;gaming;binance-smart-chain;binance-launchpad;solana-ecosystem;bnb-chain,HISTORICAL_APPROXIMATION,CMC snapshot tags vary by snapshot date (drift test: tags(2024)!=tags(2026)); taxonomy drift unverified,GMT,2023-11-26T18:00:00Z,False,GMT-USDT-SWAP,2022-04-01T08:56:09Z,SYMBOL_MATCH
2024-06-01,148,RBN,Ribbon Finance,12387,ribbon-finance,0.89750674,482044984.9,2489094.74,537093440.5,2021-10-07T12:24:29.000Z,3,derivatives;coinbase-ventures-portfolio;real-world-assets,HISTORICAL_APPROXIMATION,CMC snapshot tags vary by snapshot date (drift test: tags(2024)!=tags(2026)); taxonomy drift unverified,,,,,,NONE
2024-06-01,149,WEMIX,WEMIX,7548,wemix,1.31608609,475783435,2323388.24,361513915.4,2020-10-29T00:00:00.000Z,5,platform;collectibles-nfts;gaming;metaverse;play-to-earn,HISTORICAL_APPROXIMATION,CMC snapshot tags vary by snapshot date (drift test: tags(2024)!=tags(2026)); taxonomy drift unverified,,,,,,NONE
2024-06-01,150,SUPER,SuperVerse,8290,superfarm,0.94880017,462802042,5710221.12,487776093.4,2021-01-20T00:00:00.000Z,10,collectibles-nfts;gaming;launchpad;polkastarter;exnetwork-capital-portfolio;superstarter,HISTORICAL_APPROXIMATION,CMC snapshot tags vary by snapshot date (drift test: tags(2024)!=tags(2026)); taxonomy drift unverified,SUPER,2023-11-26T18:00:00Z,False,,,SYMBOL_MATCH
2024-06-01,151,ENJ,Enjin Coin,2130,enjin-coin,0.31232013,458096267.6,38500798.05,1466752318,2017-11-01T00:00:00.000Z,8,media;vr-ar;collectibles-nfts;gaming;polkadot-ecosystem;metaverse,HISTORICAL_APPROXIMATION,CMC snapshot tags vary by snapshot date (drift test: tags(2024)!=tags(2026)); taxonomy drift unverified,,,,ENJ-USDT-SWAP,2024-03-01T10:25:01Z,SYMBOL_MATCH
2024-06-01,152,RAY,Raydium,8526,raydium,1.71399201,450506543.4,9683230.79,262840515.8,2021-02-19T00:00:00.000Z,6,decentralized-exchange-dex-token;defi;amm;dex;solana-ecosystem;petrock-capital-portfolio,HISTORICAL_APPROXIMATION,CMC snapshot tags vary by snapshot date (drift test: tags(2024)!=tags(2026)); taxonomy drift unverified,,,,RAY-USDT-SWAP,2024-03-12T10:25:00Z,SYMBOL_MATCH
2024-06-01,153,NFT,APENFT,9816,apenft,4.5e-07,452351707.8,14677279.44,9.9999e+14,2021-05-14T00:00:00.000Z,3,art;collectibles-nfts;tron-ecosystem,HISTORICAL_APPROXIMATION,CMC snapshot tags vary by snapshot date (drift test: tags(2024)!=tags(2026)); taxonomy drift unverified,,,,,,NONE
2024-06-01,154,SSV,ssv.network,12999,ssv-network,44.74953524,447495352.4,19325811.61,10000000,2021-10-22T05:12:07.000Z,0,,HISTORICAL_APPROXIMATION,CMC snapshot tags vary by snapshot date (drift test: tags(2024)!=tags(2026)); taxonomy drift unverified,,,,SSV-USDT-SWAP,2023-11-23T03:55:00Z,SYMBOL_MATCH
2024-06-01,155,METIS,Metis,9640,metisdao,77.64556047,441518617,15606460.73,5686334.342,2021-05-08T00:00:00.000Z,7,zero-knowledge-proofs;scaling;layer-2;rollups;okx-ventures-portfolio;metisdao-ecosystem,HISTORICAL_APPROXIMATION,CMC snapshot tags vary by snapshot date (drift test: tags(2024)!=tags(2026)); taxonomy drift unverified,,,,METIS-USDT-SWAP,2023-12-28T09:55:00Z,SYMBOL_MATCH
2024-06-01,156,DYM,Dymension,28932,dymension,3.02099638,441065471.8,26626541.11,146000000,2024-02-06T10:00:00.000Z,2,modular-blockchain;rollups-as-a-service,HISTORICAL_APPROXIMATION,CMC snapshot tags vary by snapshot date (drift test: tags(2024)!=tags(2026)); taxonomy drift unverified,DYM,2024-02-06T18:00:00Z,False,,,SYMBOL_MATCH
2024-06-01,157,CELO,Celo,5567,celo,0.81670026,440640114.4,8846232.53,539537130,2020-05-22T00:00:00.000Z,12,pos;zero-knowledge-proofs;mobile;payments;smart-contracts;coinbase-ventures-portfolio,HISTORICAL_APPROXIMATION,CMC snapshot tags vary by snapshot date (drift test: tags(2024)!=tags(2026)); taxonomy drift unverified,CELO,2024-09-25T06:00:00Z,False,CELO-USDT-SWAP,2021-09-24T10:03:05Z,SYMBOL_MATCH
2024-06-01,158,ZRX,0x Protocol,1896,0x,0.52000109,440698875.3,11388321.41,847496054.8,2017-08-16T00:00:00.000Z,17,platform;decentralized-exchange-dex-token;defi;scaling;dao;substrate,HISTORICAL_APPROXIMATION,CMC snapshot tags vary by snapshot date (drift test: tags(2024)!=tags(2026)); taxonomy drift unverified,,,,ZRX-USDT-SWAP,2020-08-21T10:12:51Z,SYMBOL_MATCH
2024-06-01,159,ZEC,Zcash,1437,zcash,26.8294201,438077981.7,45200155.63,16328268.75,2016-10-29T00:00:00.000Z,17,mineable;pow;equihash;medium-of-exchange;privacy;zero-knowledge-proofs,HISTORICAL_APPROXIMATION,CMC snapshot tags vary by snapshot date (drift test: tags(2024)!=tags(2026)); taxonomy drift unverified,ZEC,2025-10-02T14:00:00Z,False,ZEC-USDT-SWAP,2025-11-06T03:15:00Z,SYMBOL_MATCH
2024-06-01,160,ZIL,Zilliqa,2469,zilliqa,0.02358358,435146595.3,12815075.74,1.845125366e+10,2018-01-25T00:00:00.000Z,9,mineable;platform;payments;smart-contracts;polychain-capital-portfolio;metaverse,HISTORICAL_APPROXIMATION,CMC snapshot tags vary by snapshot date (drift test: tags(2024)!=tags(2026)); taxonomy drift unverified,,,,ZIL-USDT-SWAP,2020-09-09T10:12:51Z,SYMBOL_MATCH
2024-06-01,161,RSR,Reserve Rights,3964,reserve-rights,0.00856634,433456711.8,46284557.17,5.06e+10,2019-05-24T00:00:00.000Z,5,store-of-value;defi;coinbase-ventures-portfolio;dcg-portfolio;real-world-assets,HISTORICAL_APPROXIMATION,CMC snapshot tags vary by snapshot date (drift test: tags(2024)!=tags(2026)); taxonomy drift unverified,RSR,2023-12-05T20:00:00Z,False,RSR-USDT-SWAP,2020-09-09T10:12:51Z,SYMBOL_MATCH
2024-06-01,162,PAXG,PAX Gold,4705,pax-gold,2342.455977,431600287.2,4816762.29,184251.184,2019-09-26T00:00:00.000Z,2,bnb-chain;tokenized-gold,HISTORICAL_APPROXIMATION,CMC snapshot tags vary by snapshot date (drift test: tags(2024)!=tags(2026)); taxonomy drift unverified,PAXG,2025-04-06T16:00:00Z,False,,,SYMBOL_MATCH
2024-06-01,163,HOT,Holo,2682,holo,0.00248598,431111185.9,16273994.03,1.734167376e+11,2018-04-29T00:00:00.000Z,5,platform;distributed-computing;filesharing;storage;depin,HISTORICAL_APPROXIMATION,CMC snapshot tags vary by snapshot date (drift test: tags(2024)!=tags(2026)); taxonomy drift unverified,,,,,,NONE
2024-06-01,164,JTO,Jito,28541,jito,3.5227099,430016681.3,38968123.61,122069853.3,2023-12-07T16:04:41.000Z,5,defi;staking;dao;solana-ecosystem;liquid-staking-derivatives,HISTORICAL_APPROXIMATION,CMC snapshot tags vary by snapshot date (drift test: tags(2024)!=tags(2026)); taxonomy drift unverified,JTO,2023-12-07T17:00:00Z,False,JTO-USDT-SWAP,2024-01-08T06:55:00Z,SYMBOL_MATCH
2024-06-01,165,ANKR,Ankr,3783,ankr,0.04291918,429191769.6,11251167.44,1e+10,2019-03-06T00:00:00.000Z,16,platform;cosmos-ecosystem;enterprise-solutions;distributed-computing;defi;filesharing,HISTORICAL_APPROXIMATION,CMC snapshot tags vary by snapshot date (drift test: tags(2024)!=tags(2026)); taxonomy drift unverified,,,,,,NONE
2024-06-01,166,SKL,SKALE,5691,skale-network,0.0789243,424929953.5,19125260.65,5384019337,2020-06-12T00:00:00.000Z,10,platform;gaming;scaling;smart-contracts;staking;layer-2,HISTORICAL_APPROXIMATION,CMC snapshot tags vary by snapshot date (drift test: tags(2024)!=tags(2026)); taxonomy drift unverified,,,,,,NONE
2024-06-01,167,MX,MX TOKEN,4041,mx-token,4.31257328,424222804.7,98579078.4,98368834,2019-09-24T00:00:00.000Z,3,marketplace;centralized-exchange;discount-token,HISTORICAL_APPROXIMATION,CMC snapshot tags vary by snapshot date (drift test: tags(2024)!=tags(2026)); taxonomy drift unverified,,,,,,NONE
2024-06-01,168,RPL,Rocket Pool,2943,rocket-pool,20.7365042,422383512.7,6266144.04,20369079.99,2018-07-17T00:00:00.000Z,2,defi;liquid-staking-derivatives,HISTORICAL_APPROXIMATION,CMC snapshot tags vary by snapshot date (drift test: tags(2024)!=tags(2026)); taxonomy drift unverified,,,,,,NONE
2024-06-01,169,MEW,cat in a dogs world,30126,mew,0.00469908,417695626.3,91039998.57,8.888888889e+10,2024-03-26T06:41:06.000Z,4,memes;solana-ecosystem;doggone-doggerel;cat-themed,HISTORICAL_APPROXIMATION,CMC snapshot tags vary by snapshot date (drift test: tags(2024)!=tags(2026)); taxonomy drift unverified,MEW,2024-07-23T16:00:00Z,True,MEW-USDT-SWAP,2024-04-15T08:25:00Z,SYMBOL_MATCH
2024-06-01,170,GAL,Galxe,11877,galxe,3.5773594,413232701,9395858.9,115513331,2021-09-14T09:51:51.000Z,4,binance-launchpool;mvb;spartan-group;dwf-labs-portfolio,HISTORICAL_APPROXIMATION,CMC snapshot tags vary by snapshot date (drift test: tags(2024)!=tags(2026)); taxonomy drift unverified,,,,,,NONE
2024-06-01,171,ANT,Aragon,1680,aragon,9.60058061,414552132.6,5000752.64,43179902.29,2017-05-18T00:00:00.000Z,8,platform;enterprise-solutions;dao;ethereum-ecosystem;governance;boostvc-portfolio,HISTORICAL_APPROXIMATION,CMC snapshot tags vary by snapshot date (drift test: tags(2024)!=tags(2026)); taxonomy drift unverified,,,,,,NONE
2024-06-01,172,XRD,Radix,11948,radix-protocol,0.03897568,407743842.6,1797418.7,1.046149346e+10,2021-09-17T15:12:05.000Z,3,platform;layer-1;dwf-labs-portfolio,HISTORICAL_APPROXIMATION,CMC snapshot tags vary by snapshot date (drift test: tags(2024)!=tags(2026)); taxonomy drift unverified,,,,,,NONE
2024-06-01,173,ID,SPACE ID,21846,space-id,0.72243917,399128205.1,14100703.77,552473098.2,2022-09-16T05:55:56.000Z,3,binance-launchpad;mvb;dwf-labs-portfolio,HISTORICAL_APPROXIMATION,CMC snapshot tags vary by snapshot date (drift test: tags(2024)!=tags(2026)); taxonomy drift unverified,,,,,,NONE
2024-06-01,174,BICO,Biconomy,9543,biconomy,0.54863114,396527962.1,5255076.68,722758758.3,2021-12-01T10:12:17.000Z,8,platform;interoperability;coinbase-ventures-portfolio;binance-labs-portfolio;fenbushi-capital-portfolio;mvb,HISTORICAL_APPROXIMATION,CMC snapshot tags vary by snapshot date (drift test: tags(2024)!=tags(2026)); taxonomy drift unverified,,,,BICO-USDT-SWAP,2021-12-09T06:50:17Z,SYMBOL_MATCH
2024-06-01,175,PYUSD,PayPal USD,27772,paypal-usd,0.99622029,397594236.2,9251082.88,399102730.4,2023-08-07T21:50:32.000Z,4,stablecoin;asset-backed-stablecoin;usd-stablecoin;fiat-stablecoin,HISTORICAL_APPROXIMATION,CMC snapshot tags vary by snapshot date (drift test: tags(2024)!=tags(2026)); taxonomy drift unverified,,,,,,NONE
2024-06-01,176,ABT,Arcblock,2545,arcblock,3.99956777,394174623.5,2874761.28,98554305.44,2018-02-26T00:00:00.000Z,3,marketplace;ai-big-data;interoperability,HISTORICAL_APPROXIMATION,CMC snapshot tags vary by snapshot date (drift test: tags(2024)!=tags(2026)); taxonomy drift unverified,,,,,,NONE
2024-06-01,177,FXS,Frax Share,6953,frax-share,4.8343379,385984690.8,23606669.64,79842306.95,2020-09-08T00:00:00.000Z,6,defi;amm;seigniorage;avalanche-ecosystem;exnetwork-capital-portfolio;arbitrum-ecosytem,HISTORICAL_APPROXIMATION,CMC snapshot tags vary by snapshot date (drift test: tags(2024)!=tags(2026)); taxonomy drift unverified,FXS,2023-07-30T21:00:00Z,True,,,SYMBOL_MATCH
2024-06-01,178,RVN,Ravencoin,2577,ravencoin,0.02801476,389536684.4,6922869.07,1.390469502e+10,2018-03-10T00:00:00.000Z,4,mineable;pow;platform;crowdfunding,HISTORICAL_APPROXIMATION,CMC snapshot tags vary by snapshot date (drift test: tags(2024)!=tags(2026)); taxonomy drift unverified,,,,RVN-USDT-SWAP,2021-04-23T07:00:00Z,SYMBOL_MATCH
2024-06-01,179,SC,Siacoin,1042,siacoin,0.00674528,386548991.1,3457820.89,5.730657506e+10,2015-08-26T00:00:00.000Z,13,mineable;pow;blake2b;platform;distributed-computing;filesharing,HISTORICAL_APPROXIMATION,CMC snapshot tags vary by snapshot date (drift test: tags(2024)!=tags(2026)); taxonomy drift unverified,,,,,,NONE
2024-06-01,180,ALT,Altlayer,29073,altlayer,0.34845986,383305849.4,34899596.03,1100000000,2024-01-17T12:59:16.000Z,11,zero-knowledge-proofs;interoperability;staking;binance-launchpool;polychain-capital-portfolio;rollups,HISTORICAL_APPROXIMATION,CMC snapshot tags vary by snapshot date (drift test: tags(2024)!=tags(2026)); taxonomy drift unverified,ALT,2024-01-25T15:00:00Z,False,,,SYMBOL_MATCH
2024-06-01,181,BNX,BinaryX,23635,binaryx-new,1.02077123,375714363,10433006.15,368069115.8,2021-05-18T00:00:00.000Z,2,gaming;binance-chain,HISTORICAL_APPROXIMATION,CMC snapshot tags vary by snapshot date (drift test: tags(2024)!=tags(2026)); taxonomy drift unverified,,,,,,NONE
2024-06-01,182,ETHW,EthereumPoW,21296,ethereum-pow,3.50668642,378087419.8,5659863.44,107818999,2022-08-08T05:19:50.000Z,1,pow,HISTORICAL_APPROXIMATION,CMC snapshot tags vary by snapshot date (drift test: tags(2024)!=tags(2026)); taxonomy drift unverified,,,,ETHW-USDT-SWAP,2022-09-16T06:55:31Z,SYMBOL_MATCH
2024-06-01,183,YGG,Yield Guild Games,10688,yield-guild-games,1.00686456,367968018.1,53197918.07,365459301.9,2021-06-28T00:00:00.000Z,11,collectibles-nfts;gaming;entertainment;dao;metaverse;a16z-portfolio,HISTORICAL_APPROXIMATION,CMC snapshot tags vary by snapshot date (drift test: tags(2024)!=tags(2026)); taxonomy drift unverified,YGG,2023-08-06T16:00:00Z,False,YGG-USDT-SWAP,2021-08-06T09:00:00Z,SYMBOL_MATCH
2024-06-01,184,ELF,aelf,2299,aelf,0.50737429,370749811.3,10496779.75,730722507,2017-12-21T00:00:00.000Z,5,marketplace;enterprise-solutions;arrington-xrp-capital-portfolio;huobi-capital-portfolio;bnb-chain,HISTORICAL_APPROXIMATION,CMC snapshot tags vary by snapshot date (drift test: tags(2024)!=tags(2026)); taxonomy drift unverified,,,,,,NONE
2024-06-01,185,LRC,Loopring,1934,loopring,0.27044734,369649304.5,9830514.47,1366806970,2017-08-30T00:00:00.000Z,16,marketplace;decentralized-exchange-dex-token;defi;zero-knowledge-proofs;scaling;smart-contracts,HISTORICAL_APPROXIMATION,CMC snapshot tags vary by snapshot date (drift test: tags(2024)!=tags(2026)); taxonomy drift unverified,,,,,,NONE
2024-06-01,186,SFP,SafePal,8119,safepal,0.80025222,370116650,2488236.26,462500000,2020-12-28T00:00:00.000Z,5,wallet;ethereum-ecosystem;binance-launchpad;injective-ecosystem;bnb-chain,HISTORICAL_APPROXIMATION,CMC snapshot tags vary by snapshot date (drift test: tags(2024)!=tags(2026)); taxonomy drift unverified,,,,,,NONE
2024-06-01,187,POLYX,Polymesh,20362,polymesh,0.42612789,362910799,15084343.51,851647600.1,2022-05-30T12:38:57.000Z,1,real-world-assets,HISTORICAL_APPROXIMATION,CMC snapshot tags vary by snapshot date (drift test: tags(2024)!=tags(2026)); taxonomy drift unverified,POLYX,2023-10-24T15:00:00Z,False,,,SYMBOL_MATCH
2024-06-01,188,ILV,Illuvium,8719,illuvium,84.26179958,365785333.1,14195369.24,4341057.691,2021-03-08T00:00:00.000Z,5,collectibles-nfts;gaming;dao;metaverse;play-to-earn,HISTORICAL_APPROXIMATION,CMC snapshot tags vary by snapshot date (drift test: tags(2024)!=tags(2026)); taxonomy drift unverified,ILV,2023-11-17T16:00:00Z,True,,,SYMBOL_MATCH
2024-06-01,189,QTUM,Qtum,1684,qtum,3.4830531,366329018.1,31182856.39,105174686.5,2017-05-24T00:00:00.000Z,4,platform;smart-contracts;kenetic-capital-portfolio;bitcoin-ecosystem,HISTORICAL_APPROXIMATION,CMC snapshot tags vary by snapshot date (drift test: tags(2024)!=tags(2026)); taxonomy drift unverified,,,,QTUM-USDT-SWAP,2020-04-21T10:12:51Z,SYMBOL_MATCH
2024-06-01,190,ZETA,ZetaChain,21259,zetachain,1.3118753,360954289.3,18649854.53,275143750,2022-08-05T02:45:23.000Z,5,interoperability;smart-contracts;cross-chain;bitcoin-ecosystem;layer-1,HISTORICAL_APPROXIMATION,CMC snapshot tags vary by snapshot date (drift test: tags(2024)!=tags(2026)); taxonomy drift unverified,ZETA,2024-02-02T01:00:00Z,False,ZETA-USDT-SWAP,2024-02-01T03:25:00Z,SYMBOL_MATCH
2024-06-01,191,BAT,Basic Attention Token,1697,basic-attention-token,0.24176101,361326610.5,8924891.73,1494561163,2017-06-01T00:00:00.000Z,9,marketing;content-creation;defi;payments;dcg-portfolio;1confirmation-portfolio,HISTORICAL_APPROXIMATION,CMC snapshot tags vary by snapshot date (drift test: tags(2024)!=tags(2026)); taxonomy drift unverified,,,,BAT-USDT-SWAP,2020-08-28T10:12:51Z,SYMBOL_MATCH
2024-06-01,192,PIXEL,Pixels,29335,pixels,0.4623223,356469757.1,110087104.9,771041667,2024-02-19T09:43:44.000Z,8,collectibles-nfts;gaming;binance-launchpool;governance;play-to-earn;web3,HISTORICAL_APPROXIMATION,CMC snapshot tags vary by snapshot date (drift test: tags(2024)!=tags(2026)); taxonomy drift unverified,PIXEL,2024-02-19T14:00:00Z,True,,,SYMBOL_MATCH
2024-06-01,193,TRAC,OriginTrail,2467,origintrail,0.87836299,356311495.6,1961789.09,405654039.6,2018-01-25T00:00:00.000Z,19,marketplace;logistics;ai-big-data;enterprise-solutions;distributed-computing;data-provenance,HISTORICAL_APPROXIMATION,CMC snapshot tags vary by snapshot date (drift test: tags(2024)!=tags(2026)); taxonomy drift unverified,,,,,,NONE
2024-06-01,194,DASH,Dash,131,dash,29.97076544,354290714.6,30927575.76,11821210.08,2014-02-14T00:00:00.000Z,8,mineable;hybrid-pow-pos;x11;medium-of-exchange;masternodes;dao,HISTORICAL_APPROXIMATION,CMC snapshot tags vary by snapshot date (drift test: tags(2024)!=tags(2026)); taxonomy drift unverified,DASH,2026-01-18T04:00:00Z,False,DASH-USDT-SWAP,2025-11-06T03:00:00Z,SYMBOL_MATCH
2024-06-01,195,GMX,GMX,11857,gmx,36.8768776,351017426,22418444.93,9518631.969,2021-09-13T12:11:50.000Z,5,decentralized-exchange-dex-token;derivatives;dex;avalanche-ecosystem;arbitrum-ecosytem,HISTORICAL_APPROXIMATION,CMC snapshot tags vary by snapshot date (drift test: tags(2024)!=tags(2026)); taxonomy drift unverified,GMX,2023-05-25T00:00:00Z,False,GMX-USDT-SWAP,2023-02-02T07:05:42Z,SYMBOL_MATCH
2024-06-01,196,CSPR,Casper,5899,casper,0.02896416,349093727.4,4183570.73,1.205261047e+10,2020-07-21T00:00:00.000Z,6,enterprise-solutions;arrington-xrp-capital-portfolio;hashkey-capital-portfolio;web3;okx-ventures-portfolio;layer-1,HISTORICAL_APPROXIMATION,CMC snapshot tags vary by snapshot date (drift test: tags(2024)!=tags(2026)); taxonomy drift unverified,,,,,,NONE
2024-06-01,197,HIGH,Highstreet,11232,highstreet,6.74973556,339957124.2,53983102.24,50365991.57,2021-08-12T00:00:00.000Z,9,vr-ar;ethereum-ecosystem;binance-launchpool;solana-ecosystem;metaverse;bullperks-launchpad,HISTORICAL_APPROXIMATION,CMC snapshot tags vary by snapshot date (drift test: tags(2024)!=tags(2026)); taxonomy drift unverified,,,,,,NONE
2024-06-01,198,T,Threshold,17751,threshold,0.03491076,337712573.7,4891133.85,9673595902,2022-01-31T08:26:28.000Z,1,bitcoin-ecosystem,HISTORICAL_APPROXIMATION,CMC snapshot tags vary by snapshot date (drift test: tags(2024)!=tags(2026)); taxonomy drift unverified,,,,,,NONE
2024-06-01,199,CFG,Centrifuge,6748,centrifuge,0.67933759,336075089.3,1704879.49,494709985,2020-08-28T00:00:00.000Z,6,ethereum-ecosystem;substrate;polkadot;polkadot-ecosystem;real-world-assets;sei-ecosystem,HISTORICAL_APPROXIMATION,CMC snapshot tags vary by snapshot date (drift test: tags(2024)!=tags(2026)); taxonomy drift unverified,,,,,,NONE
2024-06-01,200,MASK,Mask Network,8536,mask-network,3.44494114,330800473.3,19721173.06,96025000,2021-02-21T00:00:00.000Z,11,communications-social-media;collectibles-nfts;content-creation;ethereum-ecosystem;metaverse;polygon-ecosystem,HISTORICAL_APPROXIMATION,CMC snapshot tags vary by snapshot date (drift test: tags(2024)!=tags(2026)); taxonomy drift unverified,,,,MASK-USDT-SWAP,2021-03-04T07:00:00Z,SYMBOL_MATCH
2024-06-01,201,stETH,Lido Staked ETH,8085,steth,3812.143208,3.619823902e+10,34209739.82,9495508.704,2020-12-23T00:00:00.000Z,5,eth-staking;liquid-staking-derivatives;restaking;eigenlayer-ecosystem;rehypothecated-crypto,HISTORICAL_APPROXIMATION,CMC snapshot tags vary by snapshot date (drift test: tags(2024)!=tags(2026)); taxonomy drift unverified,,,,,,NONE
2024-06-01,202,WSTETH,Lido wstETH,12409,lido-finance-wsteth,4447.998729,1.408048878e+10,24258675.93,3165578.418,2021-10-06T18:43:51.000Z,3,liquid-staking-derivatives;optimism-ecosystem;restaking,HISTORICAL_APPROXIMATION,CMC snapshot tags vary by snapshot date (drift test: tags(2024)!=tags(2026)); taxonomy drift unverified,,,,,,NONE
2024-06-01,203,WETH,WETH,2396,weth,3813.904404,1.287313863e+10,694525024.9,3375317.593,2018-01-14T00:00:00.000Z,5,wrapped-tokens;arbitrum-ecosytem;optimism-ecosystem;linea-ecosystem;rehypothecated-crypto,HISTORICAL_APPROXIMATION,CMC snapshot tags vary by snapshot date (drift test: tags(2024)!=tags(2026)); taxonomy drift unverified,,,,,,NONE
2024-06-01,204,WBTC,Wrapped Bitcoin,3717,wrapped-bitcoin,67781.1073,1.057802386e+10,83645190.46,156061.5381,2019-01-30T00:00:00.000Z,10,medium-of-exchange;defi;wrapped-tokens;fantom-ecosystem;arbitrum-ecosytem;moonriver-ecosystem,HISTORICAL_APPROXIMATION,CMC snapshot tags vary by snapshot date (drift test: tags(2024)!=tags(2026)); taxonomy drift unverified,,,,,,NONE
2024-06-01,205,WTRX,Wrapped TRON,18579,wrapped-tron,0.11243825,9829664242,862776.58,8.742277579e+10,2017-09-13T00:00:00.000Z,0,,HISTORICAL_APPROXIMATION,CMC snapshot tags vary by snapshot date (drift test: tags(2024)!=tags(2026)); taxonomy drift unverified,,,,,,NONE
2024-06-01,206,EETH,ether.fi Staked ETH,28568,ether-fi,3808.712345,5985308187,144613.47,1571478.139,2023-12-01T17:01:39.000Z,4,staking;liquid-staking-derivatives;restaking;eigenlayer-ecosystem,HISTORICAL_APPROXIMATION,CMC snapshot tags vary by snapshot date (drift test: tags(2024)!=tags(2026)); taxonomy drift unverified,,,,,,NONE
2024-06-01,207,weETH,Wrapped eETH,28695,wrapped-eeth,3964.531036,5129164122,21256075.48,1293763.14,2023-12-12T18:12:54.000Z,6,defi;staking;wrapped-tokens;restaking;eigenlayer-ecosystem;rehypothecated-crypto,HISTORICAL_APPROXIMATION,CMC snapshot tags vary by snapshot date (drift test: tags(2024)!=tags(2026)); taxonomy drift unverified,,,,,,NONE
2024-06-01,208,EZETH,Renzo Restaked ETH,29520,renzo-restaked-eth,3757.518286,3961720715,29050430.3,1054345.026,2024-02-23T10:47:27.000Z,5,ethereum-ecosystem;liquid-staking-derivatives;restaking;eigenlayer-ecosystem;rehypothecated-crypto,HISTORICAL_APPROXIMATION,CMC snapshot tags vary by snapshot date (drift test: tags(2024)!=tags(2026)); taxonomy drift unverified,,,,,,NONE
2024-06-01,209,BTCB,Bitcoin BEP2,4023,bitcoin-bep2,67726.48261,3873403190,9824403.07,57191.85525,2019-06-18T00:00:00.000Z,2,bnb-chain;bitcoin-ecosystem,HISTORICAL_APPROXIMATION,CMC snapshot tags vary by snapshot date (drift test: tags(2024)!=tags(2026)); taxonomy drift unverified,,,,,,NONE
2024-06-01,210,WHBAR,Wrapped HBAR,24399,wrapped-hedera,0.09982794,3568846876,0,3.574998147e+10,2019-09-17T00:00:00.000Z,1,hedera-hashgraph-ecosystem,HISTORICAL_APPROXIMATION,CMC snapshot tags vary by snapshot date (drift test: tags(2024)!=tags(2026)); taxonomy drift unverified,,,,,,NONE
2024-06-01,211,WBETH,Wrapped Beacon ETH,24760,wrapped-beacon-eth,3964.349884,3554360750,2135294.87,896580.9915,2023-04-27T09:20:48.000Z,5,staking;ethereum-ecosystem;binance-smart-chain;liquid-staking-derivatives;eigenlayer-ecosystem,HISTORICAL_APPROXIMATION,CMC snapshot tags vary by snapshot date (drift test: tags(2024)!=tags(2026)); taxonomy drift unverified,,,,,,NONE
2024-06-01,212,USDe,Ethena USDe,29470,ethena-usde,1.00058732,3018811595,74358400.11,3017039642,2024-02-20T11:05:01.000Z,6,stablecoin;asset-backed-stablecoin;binance-labs-portfolio;dragonfly-capital-portfolio;usd-stablecoin;eigenlayer-ecosystem,HISTORICAL_APPROXIMATION,CMC snapshot tags vary by snapshot date (drift test: tags(2024)!=tags(2026)); taxonomy drift unverified,,,,,,NONE
2024-06-01,213,RETH,Rocket Pool ETH,15060,rocket-pool-eth,4218.851399,2159451186,6958441.39,511857.608,2021-11-23T08:58:07.000Z,3,eth-staking;liquid-staking-derivatives;eigenlayer-ecosystem,HISTORICAL_APPROXIMATION,CMC snapshot tags vary by snapshot date (drift test: tags(2024)!=tags(2026)); taxonomy drift unverified,,,,,,NONE
2024-06-01,214,METH,Mantle Staked Ether,29035,mantle-staked-ether,3918.843047,1790628507,3019472.3,456927.8448,2024-01-15T05:14:50.000Z,5,defi;staking;ethereum-ecosystem;liquid-staking-derivatives;eigenlayer-ecosystem,HISTORICAL_APPROXIMATION,CMC snapshot tags vary by snapshot date (drift test: tags(2024)!=tags(2026)); taxonomy drift unverified,,,,,,NONE
2024-06-01,215,JITOSOL,Jito Staked SOL,22533,jito-staked-sol,184.7952409,1762550785,40472207.04,9537858.101,2022-11-04T08:03:43.000Z,2,solana-ecosystem;liquid-staking-derivatives,HISTORICAL_APPROXIMATION,CMC snapshot tags vary by snapshot date (drift test: tags(2024)!=tags(2026)); taxonomy drift unverified,,,,,,NONE
2024-06-01,216,ZBU,Zeebu,27765,zeebu,4.75796545,1568738258,27800529.44,329707787,2023-08-09T17:44:17.000Z,1,loyalty,HISTORICAL_APPROXIMATION,CMC snapshot tags vary by snapshot date (drift test: tags(2024)!=tags(2026)); taxonomy drift unverified,,,,,,NONE
2024-06-01,217,vBNB,Venus BNB,7961,venus-bnb,14.62653193,1233412948,806170611.8,84327095,2020-12-12T00:00:00.000Z,1,bnb-chain,HISTORICAL_APPROXIMATION,CMC snapshot tags vary by snapshot date (drift test: tags(2024)!=tags(2026)); taxonomy drift unverified,,,,,,NONE
2024-06-01,218,sUSDe,Ethena Staked USDe,29471,ethena-staked-usde,1.07248719,1210122997,10274866.54,1128333286,2024-02-20T12:03:05.000Z,4,stablecoin;asset-backed-stablecoin;staking;usd-stablecoin,HISTORICAL_APPROXIMATION,CMC snapshot tags vary by snapshot date (drift test: tags(2024)!=tags(2026)); taxonomy drift unverified,,,,,,NONE
2024-06-01,219,RSETH,Kelp DAO Restaked ETH,29242,kelp-dao-restaked-eth,3842.020838,1136291528,5045685.74,295753.6087,2024-01-31T12:20:41.000Z,5,defi;ethereum-ecosystem;liquid-staking-derivatives;restaking;eigenlayer-ecosystem,HISTORICAL_APPROXIMATION,CMC snapshot tags vary by snapshot date (drift test: tags(2024)!=tags(2026)); taxonomy drift unverified,,,,,,NONE
2024-06-01,220,CHEEL,Cheelee,23054,cheelee,20.26246436,1090890470,5138343.07,53837995.71,2023-02-13T15:17:51.000Z,0,,HISTORICAL_APPROXIMATION,CMC snapshot tags vary by snapshot date (drift test: tags(2024)!=tags(2026)); taxonomy drift unverified,,,,,,NONE
2024-06-01,221,BRETT,Brett,29743,based-brett,0.09807873,971983365.5,34742566.33,9910236395,2024-03-11T07:58:23.000Z,2,memes;base-ecosystem,HISTORICAL_APPROXIMATION,CMC snapshot tags vary by snapshot date (drift test: tags(2024)!=tags(2026)); taxonomy drift unverified,BRETT,2024-06-11T13:00:00Z,False,BRETT-USDT-SWAP,2024-09-06T10:15:01Z,SYMBOL_MATCH
2024-06-01,222,WBNB,Wrapped BNB,7192,wbnb,600.8429993,951043154.3,74635495.86,1582848.024,2020-09-28T00:00:00.000Z,3,wrapped-tokens;bnb-chain;rehypothecated-crypto,HISTORICAL_APPROXIMATION,CMC snapshot tags vary by snapshot date (drift test: tags(2024)!=tags(2026)); taxonomy drift unverified,,,,,,NONE
2024-06-01,223,MSOL,Marinade Staked SOL,11461,marinade,197.7866812,913869207.2,9980161.69,4620479,2021-08-29T14:09:19.000Z,3,solana-ecosystem;liquid-staking-derivatives;ftx-bankruptcy-estate,HISTORICAL_APPROXIMATION,CMC snapshot tags vary by snapshot date (drift test: tags(2024)!=tags(2026)); taxonomy drift unverified,,,,,,NONE
2024-06-01,224,TRUMP,MAGA,27872,maga,17.10345539,752506832.6,22027923.31,43997357,2023-08-18T10:42:43.000Z,3,memes;solana-ecosystem;political-memes,HISTORICAL_APPROXIMATION,CMC snapshot tags vary by snapshot date (drift test: tags(2024)!=tags(2026)); taxonomy drift unverified,TRUMP,2025-01-18T06:00:00Z,False,TRUMP-USDT-SWAP,2025-01-19T05:30:04Z,SYMBOL_MATCH
2024-06-01,225,SWETH,swETH,25147,swell-sweth,4025.385488,686115992.9,1358194.58,170447.2764,2023-05-10T05:38:50.000Z,2,liquid-staking-derivatives;eigenlayer-ecosystem,HISTORICAL_APPROXIMATION,CMC snapshot tags vary by snapshot date (drift test: tags(2024)!=tags(2026)); taxonomy drift unverified,,,,,,NONE
2024-06-01,226,cbETH,Coinbase Wrapped Staked ETH,21535,coinbase-wrapped-staked-eth,4077.34222,682177767,2286620.35,167309.4212,2022-08-23T16:57:41.000Z,3,liquid-staking-derivatives;eigenlayer-ecosystem;rehypothecated-crypto,HISTORICAL_APPROXIMATION,CMC snapshot tags vary by snapshot date (drift test: tags(2024)!=tags(2026)); taxonomy drift unverified,,,,,,NONE
2024-06-01,227,FTN,Fasttoken,22615,fasttoken,2.21363245,674826406.7,15743802.38,304850250,2022-11-09T14:57:06.000Z,0,,HISTORICAL_APPROXIMATION,CMC snapshot tags vary by snapshot date (drift test: tags(2024)!=tags(2026)); taxonomy drift unverified,,,,,,NONE
2024-06-01,228,FRAX,Frax,6952,frax,0.99752027,647823849.3,17943001.19,649434270.5,2020-09-08T00:00:00.000Z,12,defi;stablecoin;yield-farming;seigniorage;avalanche-ecosystem;lending-borowing,HISTORICAL_APPROXIMATION,CMC snapshot tags vary by snapshot date (drift test: tags(2024)!=tags(2026)); taxonomy drift unverified,,,,,,NONE
2024-06-01,229,SFRXETH,Frax Staked Ether,23177,frax-staked-ether,4126.16862,629663655.5,387707.38,152602.5021,2023-01-06T13:33:10.000Z,4,defi;ethereum-ecosystem;liquid-staking-derivatives;eigenlayer-ecosystem,HISTORICAL_APPROXIMATION,CMC snapshot tags vary by snapshot date (drift test: tags(2024)!=tags(2026)); taxonomy drift unverified,,,,,,NONE
2024-06-01,230,MOG,Mog Coin,27659,mog-coin,1.54e-06,599818729.9,31551183.68,3.905701599e+14,2023-07-21T19:17:41.000Z,3,memes;base-ecosystem;cat-themed,HISTORICAL_APPROXIMATION,CMC snapshot tags vary by snapshot date (drift test: tags(2024)!=tags(2026)); taxonomy drift unverified,,,,,,NONE
2024-06-01,231,AERO,Aerodrome Finance,29270,aerodrome-finance,1.16624316,559275891.4,12385243.5,479553417.8,2024-02-02T07:15:19.000Z,2,defi;amm,HISTORICAL_APPROXIMATION,CMC snapshot tags vary by snapshot date (drift test: tags(2024)!=tags(2026)); taxonomy drift unverified,AERO,2025-11-11T07:00:00Z,False,AERO-USDT-SWAP,2025-07-03T06:15:00Z,SYMBOL_MATCH
2024-06-01,232,RSWETH,Restaked Swell Ethereum,29974,restaked-swell-ethereum,3809.001627,489861292.9,1618888.4,128606.2178,2024-03-19T15:27:21.000Z,4,staking;ethereum-ecosystem;liquid-staking-derivatives;eigenlayer-ecosystem,HISTORICAL_APPROXIMATION,CMC snapshot tags vary by snapshot date (drift test: tags(2024)!=tags(2026)); taxonomy drift unverified,,,,,,NONE
2024-06-01,233,ETHX,Stader ETHx,27566,stader-ethx,3901.622731,487405695.6,537534.52,124923.8405,2023-07-11T06:26:58.000Z,3,ethereum-ecosystem;liquid-staking-derivatives;eigenlayer-ecosystem,HISTORICAL_APPROXIMATION,CMC snapshot tags vary by snapshot date (drift test: tags(2024)!=tags(2026)); taxonomy drift unverified,,,,,,NONE
2024-06-01,234,TURBO,Turbo,24911,turbo,0.00698738,444919503.8,184522145.9,6.367470117e+10,2023-05-04T05:24:19.000Z,5,art;ai-big-data;memes;web3;dwf-labs-portfolio,HISTORICAL_APPROXIMATION,CMC snapshot tags vary by snapshot date (drift test: tags(2024)!=tags(2026)); taxonomy drift unverified,TURBO,2024-05-31T16:00:00Z,False,TURBO-USDT-SWAP,2023-12-14T09:55:00Z,SYMBOL_MATCH
2024-06-01,235,USDB,USDB,29599,usdb,1.00183456,414054204.4,32519452.64,413295989.2,2024-03-01T04:58:52.000Z,3,stablecoin;usd-stablecoin;blast-ecosystem,HISTORICAL_APPROXIMATION,CMC snapshot tags vary by snapshot date (drift test: tags(2024)!=tags(2026)); taxonomy drift unverified,,,,,,NONE
2024-06-01,236,WPLS,Wrapped Pulse,24735,wrapped-pulse,4.704e-05,400628415.7,5467848.94,8.515957083e+12,2023-04-26T08:56:37.000Z,0,,HISTORICAL_APPROXIMATION,CMC snapshot tags vary by snapshot date (drift test: tags(2024)!=tags(2026)); taxonomy drift unverified,,,,,,NONE
2024-06-01,237,ORBR,Orbler,17520,orbler,0.39056619,396653851.7,102489.48,1015586750,2022-03-01T07:28:22.000Z,0,,HISTORICAL_APPROXIMATION,CMC snapshot tags vary by snapshot date (drift test: tags(2024)!=tags(2026)); taxonomy drift unverified,,,,,,NONE
2024-06-01,238,INF,Sanctum Infinity,12760,sanctum-infinity,200.3085062,397232599.6,10298656.63,1983103.998,2021-10-15T04:46:29.000Z,0,,HISTORICAL_APPROXIMATION,CMC snapshot tags vary by snapshot date (drift test: tags(2024)!=tags(2026)); taxonomy drift unverified,,,,,,NONE
2024-06-01,239,IPV,IPVERSE,28367,ipverse-eth,2.60111505,390169858.8,4403484.24,150001000,2023-11-07T12:25:11.000Z,0,,HISTORICAL_APPROXIMATION,CMC snapshot tags vary by snapshot date (drift test: tags(2024)!=tags(2026)); taxonomy drift unverified,,,,,,NONE
2024-06-01,240,BSOL,BlazeStake Staked SOL,28862,blazestake-staked-sol,188.1724942,389258498.8,17795488.6,2068625.919,2023-12-28T08:32:33.000Z,2,solana-ecosystem;liquid-staking-derivatives,HISTORICAL_APPROXIMATION,CMC snapshot tags vary by snapshot date (drift test: tags(2024)!=tags(2026)); taxonomy drift unverified,,,,,,NONE
2024-06-01,241,BETH,Beacon ETH,8353,beacon-eth,3807.853473,384490388.8,2249072.18,100973,2021-01-28T00:00:00.000Z,2,eth-staking;bnb-chain,HISTORICAL_APPROXIMATION,CMC snapshot tags vary by snapshot date (drift test: tags(2024)!=tags(2026)); taxonomy drift unverified,,,,,,NONE
2024-06-01,242,POPCAT,Popcat (SOL),28782,popcat-sol,0.38227583,374620062.4,23511166.42,979973184.6,2023-12-20T18:16:41.000Z,3,memes;solana-ecosystem;cat-themed,HISTORICAL_APPROXIMATION,CMC snapshot tags vary by snapshot date (drift test: tags(2024)!=tags(2026)); taxonomy drift unverified,POPCAT,2024-04-28T08:00:00Z,False,POPCAT-USDT-SWAP,2024-08-29T09:00:00Z,SYMBOL_MATCH
2024-06-01,243,LSETH,Liquid Staked ETH,23782,liquid-staked-eth,4000.005915,333433355.5,488634.06,83358.21561,2023-03-07T15:46:23.000Z,2,liquid-staking-derivatives;eigenlayer-ecosystem,HISTORICAL_APPROXIMATION,CMC snapshot tags vary by snapshot date (drift test: tags(2024)!=tags(2026)); taxonomy drift unverified,,,,,,NONE
2024-06-01,244,FLUX,Flux,3029,zel,0.94081794,327072570.7,7168747.84,347647038.5,2018-08-02T00:00:00.000Z,16,mineable;pow;ai-big-data;distributed-computing;filesharing;interoperability,HISTORICAL_APPROXIMATION,CMC snapshot tags vary by snapshot date (drift test: tags(2024)!=tags(2026)); taxonomy drift unverified,,,,,,NONE
2024-06-01,245,XEM,NEM,873,nem,0.03635445,327190089.7,2546701.14,8999999999,2015-04-01T00:00:00.000Z,5,poi;medium-of-exchange;payments;smart-contracts;fantom-ecosystem,HISTORICAL_APPROXIMATION,CMC snapshot tags vary by snapshot date (drift test: tags(2024)!=tags(2026)); taxonomy drift unverified,,,,,,NONE
2024-06-01,246,XCH,Chia,9258,chia-network,30.82021161,323307779.9,4428369.18,10490122,2021-04-16T00:00:00.000Z,2,real-world-assets;layer-1,HISTORICAL_APPROXIMATION,CMC snapshot tags vary by snapshot date (drift test: tags(2024)!=tags(2026)); taxonomy drift unverified,,,,,,NONE
2024-06-01,247,DEGEN,Degen,30096,degen-base,0.02298619,325935224.7,30358458.88,1.417960888e+10,2024-03-25T10:09:44.000Z,2,memes;base-ecosystem,HISTORICAL_APPROXIMATION,CMC snapshot tags vary by snapshot date (drift test: tags(2024)!=tags(2026)); taxonomy drift unverified,,,,,,NONE
2024-06-01,248,DCR,Decred,1168,decred,20.06331105,322949293.3,1923976.57,16096510.32,2016-02-10T00:00:00.000Z,6,mineable;hybrid-pow-pos;medium-of-exchange;store-of-value;dao;placeholder-ventures-portfolio,HISTORICAL_APPROXIMATION,CMC snapshot tags vary by snapshot date (drift test: tags(2024)!=tags(2026)); taxonomy drift unverified,,,,,,NONE
2024-06-01,249,GAS,Gas,1785,gas,4.95854063,322267114.1,4220981.48,64992331,2017-07-06T00:00:00.000Z,3,medium-of-exchange;payments;smart-contracts,HISTORICAL_APPROXIMATION,CMC snapshot tags vary by snapshot date (drift test: tags(2024)!=tags(2026)); taxonomy drift unverified,GAS,2023-10-24T15:00:00Z,False,GAS-USDT-SWAP,2023-10-24T09:55:00Z,SYMBOL_MATCH
2024-06-01,250,NMT,NetMind Token,29447,netmind-token,9.4493847,316083883.7,3378440.94,33450208,2024-02-19T12:11:26.000Z,2,ai-big-data;binance-smart-chain,HISTORICAL_APPROXIMATION,CMC snapshot tags vary by snapshot date (drift test: tags(2024)!=tags(2026)); taxonomy drift unverified,,,,,,NONE
2024-06-01,251,ONE,Harmony,3945,harmony,0.02181162,305245183.5,3287358.49,1.399461574e+10,2019-06-01T00:00:00.000Z,10,platform;enterprise-solutions;scaling;smart-contracts;binance-launchpad;binance-labs-portfolio,HISTORICAL_APPROXIMATION,CMC snapshot tags vary by snapshot date (drift test: tags(2024)!=tags(2026)); taxonomy drift unverified,,,,ONE-USDT-SWAP,2024-02-20T10:47:19Z,SYMBOL_MATCH
2024-06-01,252,SUSHI,SushiSwap,6758,sushiswap,1.17223378,306137687.2,18585504.42,261157537.2,2020-08-28T00:00:00.000Z,20,collectibles-nfts;decentralized-exchange-dex-token;defi;dao;yield-farming;amm,HISTORICAL_APPROXIMATION,CMC snapshot tags vary by snapshot date (drift test: tags(2024)!=tags(2026)); taxonomy drift unverified,SUSHI,2023-11-17T16:00:00Z,False,SUSHI-USDT-SWAP,2020-09-02T10:12:51Z,SYMBOL_MATCH
2024-06-01,253,JST,JUST,5488,just,0.03039023,300863294.7,13481821.52,9900000000,2020-05-07T00:00:00.000Z,2,defi;tron-ecosystem,HISTORICAL_APPROXIMATION,CMC snapshot tags vary by snapshot date (drift test: tags(2024)!=tags(2026)); taxonomy drift unverified,,,,,,NONE
2024-06-01,254,BB,BounceBit,30746,bouncebit,0.72034749,294982297.4,314081579.4,409500000,2024-05-13T10:01:10.000Z,9,pos;defi;binance-labs-portfolio;cms-holdings-portfolio;defiance-capital-portfolio;okx-ventures-portfolio,HISTORICAL_APPROXIMATION,CMC snapshot tags vary by snapshot date (drift test: tags(2024)!=tags(2026)); taxonomy drift unverified,,,,BB-USDT-SWAP,2026-06-01T09:00:00Z,SYMBOL_MATCH
2024-06-01,255,AMP,Amp,6945,amp,0.0069708,294360987.9,15019539.7,4.222770219e+10,2020-09-08T00:00:00.000Z,2,sec-security-token;alleged-sec-securities,HISTORICAL_APPROXIMATION,CMC snapshot tags vary by snapshot date (drift test: tags(2024)!=tags(2026)); taxonomy drift unverified,,,,,,NONE
2024-06-01,256,TEL,Telcoin,2394,telcoin,0.00336914,298672106.4,691733.2,8.864942041e+10,2018-01-14T00:00:00.000Z,2,medium-of-exchange;polygon-ecosystem,HISTORICAL_APPROXIMATION,CMC snapshot tags vary by snapshot date (drift test: tags(2024)!=tags(2026)); taxonomy drift unverified,,,,,,NONE
2024-06-01,257,VANRY,Vanar Chain,8037,vanar,0.21524321,290122428.1,22650277.32,1347881883,2020-12-16T00:00:00.000Z,5,vr-ar;collectibles-nfts;metaverse;exnetwork-capital-portfolio;polygon-ecosystem,HISTORICAL_APPROXIMATION,CMC snapshot tags vary by snapshot date (drift test: tags(2024)!=tags(2026)); taxonomy drift unverified,,,,,,NONE
2024-06-01,258,BabyDoge,Baby Doge Coin,10407,baby-doge-coin,0,284983426.8,12091910.78,1.437887996e+17,2021-06-11T00:00:00.000Z,3,memes;doggone-doggerel;bnb-chain,HISTORICAL_APPROXIMATION,CMC snapshot tags vary by snapshot date (drift test: tags(2024)!=tags(2026)); taxonomy drift unverified,,,,,,NONE
2024-06-01,259,PAAL,PAAL AI,27178,paal-ai,0.34778444,284629039.6,4059479.73,818406486.8,2023-06-23T07:23:59.000Z,5,ai-big-data;generative-ai;telegram-bot;discord-bots;paal-ecosystem,HISTORICAL_APPROXIMATION,CMC snapshot tags vary by snapshot date (drift test: tags(2024)!=tags(2026)); taxonomy drift unverified,,,,,,NONE
2024-06-01,260,vBTC,Venus BTC,7962,venus-btc,1377.171257,283471422.9,0,205836,2020-12-12T00:00:00.000Z,1,bnb-chain,HISTORICAL_APPROXIMATION,CMC snapshot tags vary by snapshot date (drift test: tags(2024)!=tags(2026)); taxonomy drift unverified,,,,,,NONE
2024-06-01,261,TRIBE,Tribe,9025,tribe,0.52255127,281214721.9,377945.59,538157186.9,2021-03-30T00:00:00.000Z,2,defi;governance,HISTORICAL_APPROXIMATION,CMC snapshot tags vary by snapshot date (drift test: tags(2024)!=tags(2026)); taxonomy drift unverified,,,,,,NONE
2024-06-01,262,RSS3,RSS3,17917,rss3,0.28709688,277773635,3793232.41,967525783.9,2022-02-07T10:03:56.000Z,9,communications-social-media;ai-big-data;coinbase-ventures-portfolio;dragonfly-capital-portfolio;fabric-ventures-portfolio;hashkey-capital-portfolio,HISTORICAL_APPROXIMATION,CMC snapshot tags vary by snapshot date (drift test: tags(2024)!=tags(2026)); taxonomy drift unverified,,,,,,NONE
2024-06-01,263,TRB,Tellor,4944,tellor,107.9567783,278258272.2,23364569.04,2577497,2019-11-19T00:00:00.000Z,6,mineable;defi;oracles;framework-ventures-portfolio;polygon-ecosystem;web3,HISTORICAL_APPROXIMATION,CMC snapshot tags vary by snapshot date (drift test: tags(2024)!=tags(2026)); taxonomy drift unverified,TRB,2023-09-17T03:00:00Z,False,TRB-USDT-SWAP,2020-09-08T10:12:51Z,SYMBOL_MATCH
2024-06-01,264,sAVAX,BENQI Liquid Staked AVAX,18523,benqi-liquid-staked-avax,41.03894325,275680132.8,1245446.49,6717525.136,2022-02-01T04:00:00.000Z,2,avalanche-ecosystem;liquid-staking-derivatives,HISTORICAL_APPROXIMATION,CMC snapshot tags vary by snapshot date (drift test: tags(2024)!=tags(2026)); taxonomy drift unverified,,,,,,NONE
2024-06-01,265,WAVES,Waves,1274,waves,2.37387947,272402237,19205134.75,114749818,2016-06-02T00:00:00.000Z,4,lpos;platform;smart-contracts;dwf-labs-portfolio,HISTORICAL_APPROXIMATION,CMC snapshot tags vary by snapshot date (drift test: tags(2024)!=tags(2026)); taxonomy drift unverified,,,,,,NONE
2024-06-01,266,CVX,Convex Finance,9903,convex-finance,2.81849745,270675256.1,5313533.76,96035302.71,2021-05-18T00:00:00.000Z,2,defi;yield-aggregator,HISTORICAL_APPROXIMATION,CMC snapshot tags vary by snapshot date (drift test: tags(2024)!=tags(2026)); taxonomy drift unverified,,,,CVX-USDT-SWAP,2024-06-25T08:25:00Z,SYMBOL_MATCH
2024-06-01,267,UMA,UMA,5617,uma,3.33207843,269310710.8,15163205.48,80823641,2020-05-25T00:00:00.000Z,12,defi;derivatives;oracles;dao;coinbase-ventures-portfolio;governance,HISTORICAL_APPROXIMATION,CMC snapshot tags vary by snapshot date (drift test: tags(2024)!=tags(2026)); taxonomy drift unverified,UMA,2024-01-19T04:00:00Z,False,UMA-USDT-SWAP,2020-09-04T10:12:51Z,SYMBOL_MATCH
2024-06-01,268,CHR,Chromia,3978,chromia,0.32473781,263828179.4,4879125.62,812434439.3,2019-05-28T00:00:00.000Z,13,platform;enterprise-solutions;collectibles-nfts;defi;gaming;ethereum-ecosystem,HISTORICAL_APPROXIMATION,CMC snapshot tags vary by snapshot date (drift test: tags(2024)!=tags(2026)); taxonomy drift unverified,,,,,,NONE
2024-06-01,269,HEX,HEX,5015,hex,0.0015223,263982845.3,195505.41,1.734110744e+11,2019-12-17T00:00:00.000Z,0,,HISTORICAL_APPROXIMATION,CMC snapshot tags vary by snapshot date (drift test: tags(2024)!=tags(2026)); taxonomy drift unverified,,,,,,NONE
2024-06-01,270,MYRO,Myro,28382,myro,0.27628657,260870837.9,46667498.3,944203815,2023-11-11T16:58:11.000Z,3,memes;solana-ecosystem;doggone-doggerel,HISTORICAL_APPROXIMATION,CMC snapshot tags vary by snapshot date (drift test: tags(2024)!=tags(2026)); taxonomy drift unverified,MYRO,2024-03-05T17:00:00Z,True,,,SYMBOL_MATCH
2024-06-01,271,GLMR,Moonbeam,6836,moonbeam,0.30082171,260390334.3,3545548.54,865596888,2022-01-11T12:55:50.000Z,7,smart-contracts;substrate;polkadot;polkadot-ecosystem;binance-labs-portfolio;arrington-xrp-capital-portfolio,HISTORICAL_APPROXIMATION,CMC snapshot tags vary by snapshot date (drift test: tags(2024)!=tags(2026)); taxonomy drift unverified,,,,,,NONE
2024-06-01,272,SAGA,Saga,30372,saga,2.75036152,258637940.7,56451031.3,94037798,2024-04-04T06:12:54.000Z,4,gaming;entertainment;binance-launchpool;layer-1,HISTORICAL_APPROXIMATION,CMC snapshot tags vary by snapshot date (drift test: tags(2024)!=tags(2026)); taxonomy drift unverified,SAGA,2024-04-21T07:00:00Z,False,,,SYMBOL_MATCH
2024-06-01,273,ONT,Ontology,2566,ontology,0.28779433,259215740.6,5844124.41,900697857,2018-03-08T00:00:00.000Z,8,enterprise-solutions;identity;metaverse;huobi-capital-portfolio;fantom-ecosystem;web3,HISTORICAL_APPROXIMATION,CMC snapshot tags vary by snapshot date (drift test: tags(2024)!=tags(2026)); taxonomy drift unverified,,,,ONT-USDT-SWAP,2020-04-21T10:12:51Z,SYMBOL_MATCH
2024-06-01,274,API3,API3,7737,api3,2.98314035,257808889.6,15878831.5,86421978,2020-11-21T00:00:00.000Z,12,defi;oracles;coinfund-portfolio;dcg-portfolio;placeholder-ventures-portfolio;pantera-capital-portfolio,HISTORICAL_APPROXIMATION,CMC snapshot tags vary by snapshot date (drift test: tags(2024)!=tags(2026)); taxonomy drift unverified,,,,API3-USDT-SWAP,2022-03-03T08:55:16Z,SYMBOL_MATCH
2024-06-01,275,KSM,Kusama,5034,kusama,30.29697643,256618361.2,7578050.74,8470098.057,2019-12-12T00:00:00.000Z,6,substrate;polkadot-ecosystem;cms-holdings-portfolio;kenetic-capital-portfolio;1confirmation-portfolio;vbc-ventures-portfolio,HISTORICAL_APPROXIMATION,CMC snapshot tags vary by snapshot date (drift test: tags(2024)!=tags(2026)); taxonomy drift unverified,,,,KSM-USDT-SWAP,2020-09-08T10:12:51Z,SYMBOL_MATCH
2024-06-01,276,EDU,Open Campus,24613,open-campus,0.88110421,257355854.1,15127883.78,292083333.3,2023-04-21T08:06:26.000Z,3,education;binance-launchpad;animoca-brands-portfolio,HISTORICAL_APPROXIMATION,CMC snapshot tags vary by snapshot date (drift test: tags(2024)!=tags(2026)); taxonomy drift unverified,,,,,,NONE
2024-06-01,277,BAND,Band Protocol,4679,band-protocol,1.77078674,252752572.9,5384220.21,142734620,2019-09-18T00:00:00.000Z,14,cosmos-ecosystem;defi;oracles;binance-chain;binance-launchpad;binance-labs-portfolio,HISTORICAL_APPROXIMATION,CMC snapshot tags vary by snapshot date (drift test: tags(2024)!=tags(2026)); taxonomy drift unverified,,,,BAND-USDT-SWAP,2020-09-07T10:12:51Z,SYMBOL_MATCH
2024-06-01,278,ANDY,ANDY,29879,boysclubandy,0.00024368,243677286.4,19154624.62,1e+12,2024-03-15T05:18:29.000Z,2,memes;ethereum-ecosystem,HISTORICAL_APPROXIMATION,CMC snapshot tags vary by snapshot date (drift test: tags(2024)!=tags(2026)); taxonomy drift unverified,,,,,,NONE
2024-06-01,279,AUDIO,Audius,7455,audius,0.19801784,243937285.7,14467698.66,1231895499,2020-10-20T00:00:00.000Z,9,music;dao;coinbase-ventures-portfolio;binance-labs-portfolio;solana-ecosystem;pantera-capital-portfolio,HISTORICAL_APPROXIMATION,CMC snapshot tags vary by snapshot date (drift test: tags(2024)!=tags(2026)); taxonomy drift unverified,,,,,,NONE
2024-06-01,280,TBTC,tBTC,26133,tbtc-token,67649.60798,243356144,1788487.77,3597.303092,2023-05-29T05:04:40.000Z,1,bitcoin-ecosystem,HISTORICAL_APPROXIMATION,CMC snapshot tags vary by snapshot date (drift test: tags(2024)!=tags(2026)); taxonomy drift unverified,,,,,,NONE
2024-06-01,281,VTHO,VeThor Token,3012,vethor-token,0.00313716,240596106.9,2300152.01,7.66923769e+10,2018-07-30T00:00:00.000Z,0,,HISTORICAL_APPROXIMATION,CMC snapshot tags vary by snapshot date (drift test: tags(2024)!=tags(2026)); taxonomy drift unverified,,,,,,NONE
2024-06-01,282,RLC,iExec RLC,1637,rlc,3.30367315,239128280.4,5756352.32,72382548.07,2017-04-20T00:00:00.000Z,27,marketing;art;marketplace;platform;services;ai-big-data,HISTORICAL_APPROXIMATION,CMC snapshot tags vary by snapshot date (drift test: tags(2024)!=tags(2026)); taxonomy drift unverified,,,,,,NONE
2024-06-01,283,FNSA,FINSCHIA,4512,finschia,29.91450592,235728023.3,829378.26,7880057.387,2020-03-04T00:00:00.000Z,1,centralized-exchange,HISTORICAL_APPROXIMATION,CMC snapshot tags vary by snapshot date (drift test: tags(2024)!=tags(2026)); taxonomy drift unverified,,,,,,NONE
2024-06-01,284,AGI,Delysium,24007,delysium,0.30189609,232956253.9,5448991.83,771643836.4,2023-04-11T12:43:21.000Z,5,platform;ai-big-data;ethereum-ecosystem;metaverse;generative-ai,HISTORICAL_APPROXIMATION,CMC snapshot tags vary by snapshot date (drift test: tags(2024)!=tags(2026)); taxonomy drift unverified,,,,,,NONE
2024-06-01,285,CTC,Creditcoin,5198,creditcoin,0.68202711,232634161.2,5451466.23,341092249,2020-01-31T00:00:00.000Z,2,real-world-assets;dwf-labs-portfolio,HISTORICAL_APPROXIMATION,CMC snapshot tags vary by snapshot date (drift test: tags(2024)!=tags(2026)); taxonomy drift unverified,,,,,,NONE
2024-06-01,286,YFI,yearn.finance,5864,yearn-finance,6908.824858,229924074.8,10254263.63,33279.76603,2020-07-18T00:00:00.000Z,16,defi;dao;yield-farming;yield-aggregator;yearn-partnerships;three-arrows-capital-portfolio,HISTORICAL_APPROXIMATION,CMC snapshot tags vary by snapshot date (drift test: tags(2024)!=tags(2026)); taxonomy drift unverified,,,,YFI-USDT-SWAP,2020-09-02T10:12:51Z,SYMBOL_MATCH
2024-06-01,287,BAL,Balancer,5728,balancer,4.02248647,229735075.7,7432470.92,57112703.17,2020-06-24T00:00:00.000Z,15,decentralized-exchange-dex-token;defi;dao;yield-farming;amm;three-arrows-capital-portfolio,HISTORICAL_APPROXIMATION,CMC snapshot tags vary by snapshot date (drift test: tags(2024)!=tags(2026)); taxonomy drift unverified,,,,,,NONE
2024-06-01,288,MAGIC,Treasure,14783,magic-token,0.88257509,226643177.7,33348890.32,256797613.1,2021-11-18T11:20:24.000Z,3,gaming;metaverse;arbitrum-ecosytem,HISTORICAL_APPROXIMATION,CMC snapshot tags vary by snapshot date (drift test: tags(2024)!=tags(2026)); taxonomy drift unverified,,,,MAGIC-USDT-SWAP,2023-02-02T07:05:49Z,SYMBOL_MATCH
2024-06-01,289,TRU,TrueFi,7725,truefi-token,0.19863559,226821016,63307176.04,1141895147,2020-11-19T00:00:00.000Z,6,defi;ethereum-ecosystem;yield-farming;avalanche-ecosystem;lending-borowing;real-world-assets,HISTORICAL_APPROXIMATION,CMC snapshot tags vary by snapshot date (drift test: tags(2024)!=tags(2026)); taxonomy drift unverified,,,,,,NONE
2024-06-01,290,MERL,Merlin Chain,30712,merlin-chain,0.62950565,226622033.6,88524201.27,360000000,2024-04-17T02:01:42.000Z,2,layer-2;bitcoin-ecosystem,HISTORICAL_APPROXIMATION,CMC snapshot tags vary by snapshot date (drift test: tags(2024)!=tags(2026)); taxonomy drift unverified,MERL,2024-04-23T15:00:00Z,False,MERL-USDT-SWAP,2024-04-19T10:25:00Z,SYMBOL_MATCH
2024-06-01,291,ACH,Alchemy Pay,6958,alchemy-pay,0.02934981,226636879,5734661.8,7721919405,2020-09-09T00:00:00.000Z,1,dwf-labs-portfolio,HISTORICAL_APPROXIMATION,CMC snapshot tags vary by snapshot date (drift test: tags(2024)!=tags(2026)); taxonomy drift unverified,,,,ACH-USDT-SWAP,2024-02-22T08:25:01Z,SYMBOL_MATCH
2024-06-01,292,KDA,Kadena,5647,kadena,0.81531655,226155450.3,3100648.89,277383613.9,2020-05-31T00:00:00.000Z,18,mineable;pow;blake2s;platform;ai-big-data;collectibles-nfts,HISTORICAL_APPROXIMATION,CMC snapshot tags vary by snapshot date (drift test: tags(2024)!=tags(2026)); taxonomy drift unverified,,,,,,NONE
2024-06-01,293,0x0,0x0.ai,23355,0x0-ai-ai-smart-contract,0.25891986,224888328.4,641466.22,868563455,2023-01-31T10:00:24.000Z,3,ai-big-data;privacy;generative-ai,HISTORICAL_APPROXIMATION,CMC snapshot tags vary by snapshot date (drift test: tags(2024)!=tags(2026)); taxonomy drift unverified,,,,,,NONE
2024-06-01,294,WAXP,WAX,2300,wax,0.06466528,223093098.5,2474296.96,3449967069,2017-12-21T00:00:00.000Z,11,media;collectibles-nfts;gaming;entertainment;payments;metaverse,HISTORICAL_APPROXIMATION,CMC snapshot tags vary by snapshot date (drift test: tags(2024)!=tags(2026)); taxonomy drift unverified,,,,,,NONE
2024-06-01,295,XAI,Xai,28933,xai-games,0.80036403,221795398.3,27732932.66,277118150,2024-01-03T10:03:02.000Z,6,platform;gaming;binance-launchpool;cms-holdings-portfolio;arbitrum-ecosytem;animoca-brands-portfolio,HISTORICAL_APPROXIMATION,CMC snapshot tags vary by snapshot date (drift test: tags(2024)!=tags(2026)); taxonomy drift unverified,XAI,2024-01-15T18:00:00Z,False,,,SYMBOL_MATCH
2024-06-01,296,ZENT,Zentry,30963,zentry,0.04061206,220461518.7,20993419.72,5428473966,2021-12-05T00:18:20.000Z,2,gaming;gaming-guild,HISTORICAL_APPROXIMATION,CMC snapshot tags vary by snapshot date (drift test: tags(2024)!=tags(2026)); taxonomy drift unverified,,,,,,NONE
2024-06-01,297,ICX,ICON,2099,icon,0.21816381,218425115,1457225.53,1001197747,2017-10-27T00:00:00.000Z,9,platform;cosmos-ecosystem;enterprise-solutions;interoperability;smart-contracts;ethereum-ecosystem,HISTORICAL_APPROXIMATION,CMC snapshot tags vary by snapshot date (drift test: tags(2024)!=tags(2026)); taxonomy drift unverified,,,,ICX-USDT-SWAP,2024-02-23T11:27:31Z,SYMBOL_MATCH
2024-06-01,298,BORG,SwissBorg,2499,swissborg,0.22087988,217391051,1110051.16,984204858.4,2018-02-02T00:00:00.000Z,2,asset-management;staking,HISTORICAL_APPROXIMATION,CMC snapshot tags vary by snapshot date (drift test: tags(2024)!=tags(2026)); taxonomy drift unverified,,,,,,NONE
2024-06-01,299,POKT,Pocket Network,11823,pocket-network,0.13256878,217326085.6,748566.8,1639345851,2021-09-12T10:19:10.000Z,2,distributed-computing;depin,HISTORICAL_APPROXIMATION,CMC snapshot tags vary by snapshot date (drift test: tags(2024)!=tags(2026)); taxonomy drift unverified,,,,,,NONE
2024-06-01,300,NTRN,Neutron,26680,neutron-ntrn,0.74576892,208455479.9,5942562.14,279517519.9,2023-06-13T09:53:47.000Z,8,defi;smart-contracts;binance-launchpool;binance-labs-portfolio;coinfund-portfolio;cross-chain,HISTORICAL_APPROXIMATION,CMC snapshot tags vary by snapshot date (drift test: tags(2024)!=tags(2026)); taxonomy drift unverified,NTRN,2023-12-12T19:00:00Z,True,,,SYMBOL_MATCH
2024-06-01,301,AZERO,Aleph Zero,11976,aleph-zero,0.78265133,208794901.3,1041015.8,266778951.1,2021-09-20T16:55:23.000Z,10,platform;zero-knowledge-proofs;smart-contracts;staking;substrate;polkadot,HISTORICAL_APPROXIMATION,CMC snapshot tags vary by snapshot date (drift test: tags(2024)!=tags(2026)); taxonomy drift unverified,,,,,,NONE
2024-06-01,302,OMNI,Omni Network,30315,omni-network,20.00208707,207851527.7,50719948.43,10391492,2024-04-12T12:32:28.000Z,8,ethereum-ecosystem;binance-launchpool;coinbase-ventures-portfolio;rollups;pantera-capital-portfolio;spartan-group,HISTORICAL_APPROXIMATION,CMC snapshot tags vary by snapshot date (drift test: tags(2024)!=tags(2026)); taxonomy drift unverified,OMNI,2024-04-29T03:00:00Z,True,,,SYMBOL_MATCH
2024-06-01,303,LCX,LCX,4950,lcx,0.26932053,207803616.2,971683.39,771584751,2019-12-03T00:00:00.000Z,3,platform;sec-security-token;alleged-sec-securities,HISTORICAL_APPROXIMATION,CMC snapshot tags vary by snapshot date (drift test: tags(2024)!=tags(2026)); taxonomy drift unverified,,,,,,NONE
2024-06-01,304,SXP,Solar,4279,sxp,0.33973607,205795529.7,4225366.37,605751184.1,2019-08-26T00:00:00.000Z,7,medium-of-exchange;defi;payments;wallet;binance-labs-portfolio;alameda-research-portfolio,HISTORICAL_APPROXIMATION,CMC snapshot tags vary by snapshot date (drift test: tags(2024)!=tags(2026)); taxonomy drift unverified,,,,,,NONE
2024-06-01,305,BIGTIME,Big Time,28230,big-time,0.22094497,204633676,47340836.9,926174870.5,2023-10-11T04:56:06.000Z,4,collectibles-nfts;gaming;gaming-guild;okx-ventures-portfolio,HISTORICAL_APPROXIMATION,CMC snapshot tags vary by snapshot date (drift test: tags(2024)!=tags(2026)); taxonomy drift unverified,BIGTIME,2023-10-11T18:00:00Z,False,BIGTIME-USDT-SWAP,2023-10-12T12:55:00Z,SYMBOL_MATCH
2024-06-01,306,BDX,Beldex,3987,beldex,0.0318544,205372670.4,1014864.5,6447230963,2019-06-07T00:00:00.000Z,3,privacy;masternodes;dwf-labs-portfolio,HISTORICAL_APPROXIMATION,CMC snapshot tags vary by snapshot date (drift test: tags(2024)!=tags(2026)); taxonomy drift unverified,,,,,,NONE
2024-06-01,307,SOL,Wrapped Solana,16116,wrapped-solana,166.0588552,204296462.3,810174674.4,1230265.39,2021-12-16T04:30:23.000Z,0,,HISTORICAL_APPROXIMATION,CMC snapshot tags vary by snapshot date (drift test: tags(2024)!=tags(2026)); taxonomy drift unverified,SOL,2023-05-12T00:00:00Z,False,SOL-USDT-SWAP,2021-01-22T07:00:00Z,SYMBOL_MATCH
2024-06-01,308,STORJ,Storj,1772,storj,0.52923593,203940312.6,8003030.67,385348579.4,2017-07-02T00:00:00.000Z,6,platform;distributed-computing;filesharing;storage;web3;depin,HISTORICAL_APPROXIMATION,CMC snapshot tags vary by snapshot date (drift test: tags(2024)!=tags(2026)); taxonomy drift unverified,,,,,,NONE
2024-06-01,309,C98,Coin98,10903,coin98,0.26119552,201846065.7,6384904.65,772777665,2021-07-15T00:00:00.000Z,8,wallet;binance-launchpad;solana-ecosystem;celo-ecosystem;spartan-group;injective-ecosystem,HISTORICAL_APPROXIMATION,CMC snapshot tags vary by snapshot date (drift test: tags(2024)!=tags(2026)); taxonomy drift unverified,,,,,,NONE
2024-06-01,310,POND,Marlin,7497,marlin,0.02494735,201758589.6,7499478.21,8087375977,2020-12-22T00:00:00.000Z,18,ai-big-data;distributed-computing;defi;zero-knowledge-proofs;scaling;ethereum-ecosystem,HISTORICAL_APPROXIMATION,CMC snapshot tags vary by snapshot date (drift test: tags(2024)!=tags(2026)); taxonomy drift unverified,,,,,,NONE
2024-06-01,311,COQ,Coq Inu,28675,coq-inu,2.92e-06,202883810.9,6601417.99,6.942e+13,2023-12-11T16:53:53.000Z,2,memes;avalanche-ecosystem,HISTORICAL_APPROXIMATION,CMC snapshot tags vary by snapshot date (drift test: tags(2024)!=tags(2026)); taxonomy drift unverified,,,,,,NONE
2024-06-01,312,AI,Sleepless AI,28846,sleepless-ai,1.15644189,198980271.9,23807339.43,172062490,2023-12-26T12:37:44.000Z,5,ai-big-data;binance-smart-chain;binance-launchpool;web3;generative-ai,HISTORICAL_APPROXIMATION,CMC snapshot tags vary by snapshot date (drift test: tags(2024)!=tags(2026)); taxonomy drift unverified,AI,2024-02-19T14:00:00Z,True,AI-USDT-SWAP,2026-04-29T12:00:00Z,SYMBOL_MATCH
2024-06-01,313,PROM,Prom,4120,prom,10.84057675,197840525.7,3882933.51,18250000,2019-07-17T00:00:00.000Z,2,bnb-chain;dwf-labs-portfolio,HISTORICAL_APPROXIMATION,CMC snapshot tags vary by snapshot date (drift test: tags(2024)!=tags(2026)); taxonomy drift unverified,,,,,,NONE
2024-06-01,314,CYBER,Cyber,24781,cyberconnect,8.8916335,197708675.1,17679838.17,22235360.35,2023-08-15T11:49:15.000Z,24,platform;communications-social-media;collectibles-nfts;interoperability;reputation;smart-contracts,HISTORICAL_APPROXIMATION,CMC snapshot tags vary by snapshot date (drift test: tags(2024)!=tags(2026)); taxonomy drift unverified,CYBER,2023-08-31T02:00:00Z,True,,,SYMBOL_MATCH
2024-06-01,315,RLB,Rollbit Coin,15271,rollbit-coin,0.07401363,197390831.3,667069.12,2666952570,2021-11-29T06:53:35.000Z,1,gambling,HISTORICAL_APPROXIMATION,CMC snapshot tags vary by snapshot date (drift test: tags(2024)!=tags(2026)); taxonomy drift unverified,RLB,2023-08-02T04:00:00Z,True,,,SYMBOL_MATCH
2024-06-01,316,COTI,COTI,3992,coti,0.12540016,197209299.7,5234857.73,1572639906,2019-06-04T00:00:00.000Z,9,defi;fantom-ecosystem;cardano-ecosystem;arbitrum-ecosytem;cardano;bnb-chain,HISTORICAL_APPROXIMATION,CMC snapshot tags vary by snapshot date (drift test: tags(2024)!=tags(2026)); taxonomy drift unverified,,,,,,NONE
2024-06-01,317,LSK,Lisk,1214,lisk,1.50764208,194335734.4,4242469.31,128900444.5,2016-04-06T00:00:00.000Z,3,layer-2;real-world-assets;depin,HISTORICAL_APPROXIMATION,CMC snapshot tags vary by snapshot date (drift test: tags(2024)!=tags(2026)); taxonomy drift unverified,,,,,,NONE
2024-06-01,318,APU,Apu Apustaja,30008,apu-apustaja,0.00062463,195351764.8,20511674.64,3.127465248e+11,2024-03-20T12:03:45.000Z,1,memes,HISTORICAL_APPROXIMATION,CMC snapshot tags vary by snapshot date (drift test: tags(2024)!=tags(2026)); taxonomy drift unverified,,,,,,NONE
2024-06-01,319,CELR,Celer Network,3814,celer-network,0.02488761,192715307.5,3217327.28,7743424107,2019-03-25T00:00:00.000Z,14,platform;enterprise-solutions;zero-knowledge-proofs;scaling;state-channel;ethereum-ecosystem,HISTORICAL_APPROXIMATION,CMC snapshot tags vary by snapshot date (drift test: tags(2024)!=tags(2026)); taxonomy drift unverified,,,,,,NONE
2024-06-01,320,DGB,DigiByte,109,digibyte,0.01128511,192352977.7,6758618.15,1.704485319e+10,2014-02-06T00:00:00.000Z,7,mineable;pow;multiple-algorithms;medium-of-exchange;collectibles-nfts;iot,HISTORICAL_APPROXIMATION,CMC snapshot tags vary by snapshot date (drift test: tags(2024)!=tags(2026)); taxonomy drift unverified,,,,,,NONE
2024-06-01,321,DESO,Decentralized Social,10442,deso,21.4292492,190388936,10045410.98,8884536,2021-06-15T00:00:00.000Z,2,communications-social-media;arrington-xrp-capital-portfolio,HISTORICAL_APPROXIMATION,CMC snapshot tags vary by snapshot date (drift test: tags(2024)!=tags(2026)); taxonomy drift unverified,,,,,,NONE
2024-06-01,322,WAVAX,Wrapped AVAX,9462,wavax,35.83911091,189877912.2,7447975.48,5298064.249,2021-04-27T00:00:00.000Z,1,linea-ecosystem,HISTORICAL_APPROXIMATION,CMC snapshot tags vary by snapshot date (drift test: tags(2024)!=tags(2026)); taxonomy drift unverified,,,,,,NONE
2024-06-01,323,VENOM,Venom,22059,venom,0.19094913,188833277.8,7845134.34,988919270,2022-10-04T05:33:38.000Z,2,defi;dao,HISTORICAL_APPROXIMATION,CMC snapshot tags vary by snapshot date (drift test: tags(2024)!=tags(2026)); taxonomy drift unverified,,,,,,NONE
2024-06-01,324,ATOR,ATOR Protocol,23757,airtor-protocol,2.08042562,187990440.3,843341.8,90361528.99,2023-03-04T16:22:51.000Z,3,distributed-computing;paal-ecosystem;depin,HISTORICAL_APPROXIMATION,CMC snapshot tags vary by snapshot date (drift test: tags(2024)!=tags(2026)); taxonomy drift unverified,,,,,,NONE
2024-06-01,325,DUSK,Dusk,4092,dusk,0.44403172,187010358.5,18669002.72,421164409.3,2019-07-11T00:00:00.000Z,8,pos;marketplace;enterprise-solutions;privacy;zero-knowledge-proofs;smart-contracts,HISTORICAL_APPROXIMATION,CMC snapshot tags vary by snapshot date (drift test: tags(2024)!=tags(2026)); taxonomy drift unverified,,,,,,NONE
2024-06-01,326,NMR,Numeraire,1732,numeraire,27.32205964,186843542.9,3950022.89,6838559.953,2017-06-23T00:00:00.000Z,10,asset-management;ai-big-data;defi;payments;research;coinfund-portfolio,HISTORICAL_APPROXIMATION,CMC snapshot tags vary by snapshot date (drift test: tags(2024)!=tags(2026)); taxonomy drift unverified,,,,NMR-USDT-SWAP,2024-01-11T07:55:00Z,SYMBOL_MATCH
2024-06-01,327,MWC,MimbleWimbleCoin,5031,mimblewimblecoin,17.07439685,187069284.4,2190.93,10956128.41,2020-02-24T00:00:00.000Z,4,mineable;pow;privacy;mimblewimble,HISTORICAL_APPROXIMATION,CMC snapshot tags vary by snapshot date (drift test: tags(2024)!=tags(2026)); taxonomy drift unverified,,,,,,NONE
2024-06-01,328,IOST,IOST,2405,iostoken,0.00866916,184783236.9,4583319.1,2.1315e+10,2018-01-16T00:00:00.000Z,3,hardware;iot;huobi-capital-portfolio,HISTORICAL_APPROXIMATION,CMC snapshot tags vary by snapshot date (drift test: tags(2024)!=tags(2026)); taxonomy drift unverified,,,,IOST-USDT-SWAP,2020-04-21T10:12:51Z,SYMBOL_MATCH
2024-06-01,329,CTSI,Cartesi,5444,cartesi,0.22703366,184618665.8,4952544.97,813177506.8,2020-04-23T00:00:00.000Z,19,pos;platform;cosmos-ecosystem;scaling;smart-contracts;staking,HISTORICAL_APPROXIMATION,CMC snapshot tags vary by snapshot date (drift test: tags(2024)!=tags(2026)); taxonomy drift unverified,,,,,,NONE
2024-06-01,330,BTRST,Braintrust,11584,braintrust,0.78907025,184677795.1,171084.78,234044807,2021-09-02T18:08:47.000Z,2,coinbase-ventures-portfolio;web3,HISTORICAL_APPROXIMATION,CMC snapshot tags vary by snapshot date (drift test: tags(2024)!=tags(2026)); taxonomy drift unverified,,,,,,NONE
2024-06-01,331,slisBNB,Lista Staked BNB,27568,slisbnb,609.9185026,179415489.9,131898.52,294163.0548,2023-07-11T06:49:41.000Z,2,staking;binance-smart-chain,HISTORICAL_APPROXIMATION,CMC snapshot tags vary by snapshot date (drift test: tags(2024)!=tags(2026)); taxonomy drift unverified,,,,,,NONE
2024-06-01,332,USDY,Ondo US Dollar Yield,29256,ondo-us-dollar-yield,1.03895481,178832159.3,61103.41,172126984.8,2024-02-01T09:43:04.000Z,1,stablecoin,HISTORICAL_APPROXIMATION,CMC snapshot tags vary by snapshot date (drift test: tags(2024)!=tags(2026)); taxonomy drift unverified,,,,,,NONE
2024-06-01,333,PRO,Propy,1974,propy,1.77414287,177414287.3,5880586.3,100000000,2017-09-19T00:00:00.000Z,5,real-estate;escrow;smart-contracts;arrington-xrp-capital-portfolio;real-world-assets,HISTORICAL_APPROXIMATION,CMC snapshot tags vary by snapshot date (drift test: tags(2024)!=tags(2026)); taxonomy drift unverified,,,,,,NONE
2024-06-01,334,PONKE,Ponke,29150,ponke,0.41361015,177760284.3,18605508.86,429777374,2024-01-23T14:25:13.000Z,2,memes;solana-ecosystem,HISTORICAL_APPROXIMATION,CMC snapshot tags vary by snapshot date (drift test: tags(2024)!=tags(2026)); taxonomy drift unverified,,,,,,NONE
2024-06-01,335,FLEX,FLEX,5190,flex,1.8045226,178043111.8,133629.84,98664938.7,2020-02-24T00:00:00.000Z,0,,HISTORICAL_APPROXIMATION,CMC snapshot tags vary by snapshot date (drift test: tags(2024)!=tags(2026)); taxonomy drift unverified,,,,,,NONE
2024-06-01,336,PORTAL,Portal,29555,portal-gaming,0.87774115,176446325.5,21003734.33,201023188.4,2024-02-21T08:01:46.000Z,2,gaming;binance-launchpool,HISTORICAL_APPROXIMATION,CMC snapshot tags vary by snapshot date (drift test: tags(2024)!=tags(2026)); taxonomy drift unverified,,,,,,NONE
2024-06-01,337,REZ,Renzo,30843,renzo,0.14994317,172434651,52564418.5,1150000000,2024-04-23T11:11:39.000Z,6,ethereum-ecosystem;binance-launchpool;binance-labs-portfolio;okx-ventures-portfolio;restaking;eigenlayer-ecosystem,HISTORICAL_APPROXIMATION,CMC snapshot tags vary by snapshot date (drift test: tags(2024)!=tags(2026)); taxonomy drift unverified,REZ,2024-04-30T13:00:00Z,False,,,SYMBOL_MATCH
2024-06-01,338,IQ,IQ,2930,iq,0.00928161,170656571.9,3381769.84,1.838652636e+10,2018-10-03T00:00:00.000Z,6,media;ai-big-data;content-creation;dao;ethereum-ecosystem;yield-farming,HISTORICAL_APPROXIMATION,CMC snapshot tags vary by snapshot date (drift test: tags(2024)!=tags(2026)); taxonomy drift unverified,,,,,,NONE
2024-06-01,339,MAGA,MAGA,31305,maga-ethereum,0.00044298,172877215.5,253328788.1,3.902588958e+11,2024-05-17T14:17:28.000Z,2,memes;political-memes,HISTORICAL_APPROXIMATION,CMC snapshot tags vary by snapshot date (drift test: tags(2024)!=tags(2026)); taxonomy drift unverified,,,,,,NONE
2024-06-01,340,H2O,H2O DAO,19091,h2o-dao,0.209885,169657043.8,419989.58,808333333,2022-03-26T13:48:58.000Z,0,,HISTORICAL_APPROXIMATION,CMC snapshot tags vary by snapshot date (drift test: tags(2024)!=tags(2026)); taxonomy drift unverified,,,,,,NONE
2024-06-01,341,LADYS,Milady Meme Coin,25023,milady-meme-coin,2.3e-07,169272905.7,15698342.31,7.343660232e+14,2023-05-08T02:42:20.000Z,1,memes,HISTORICAL_APPROXIMATION,CMC snapshot tags vary by snapshot date (drift test: tags(2024)!=tags(2026)); taxonomy drift unverified,,,,,,NONE
2024-06-01,342,JOE,JOE,11396,joe,0.46627919,167717931.2,4213139.56,359694222,2021-08-25T21:39:22.000Z,9,decentralized-exchange-dex-token;defi;staking;yield-farming;amm;dex,HISTORICAL_APPROXIMATION,CMC snapshot tags vary by snapshot date (drift test: tags(2024)!=tags(2026)); taxonomy drift unverified,,,,,,NONE
2024-06-01,343,USDJ,USDJ,5446,usdj,1.08026004,166204024.7,195726.25,153855570.7,2020-04-14T00:00:00.000Z,1,stablecoin,HISTORICAL_APPROXIMATION,CMC snapshot tags vary by snapshot date (drift test: tags(2024)!=tags(2026)); taxonomy drift unverified,,,,,,NONE
2024-06-01,344,XNO,Nano,1567,nano,1.24881524,166402503.4,3232659.43,133248297,2017-03-06T00:00:00.000Z,5,dag;blake2b;medium-of-exchange;store-of-value;payments,HISTORICAL_APPROXIMATION,CMC snapshot tags vary by snapshot date (drift test: tags(2024)!=tags(2026)); taxonomy drift unverified,,,,,,NONE
2024-06-01,345,USTC,TerraClassicUSD,7129,terrausd,0.02412541,164431855.7,11365606.63,6815713656,2020-09-21T00:00:00.000Z,9,cosmos-ecosystem;stablecoin;algorithmic-stablecoin;seigniorage;terra-ecosystem;injective-ecosystem,HISTORICAL_APPROXIMATION,CMC snapshot tags vary by snapshot date (drift test: tags(2024)!=tags(2026)); taxonomy drift unverified,USTC,2023-11-27T16:00:00Z,True,,,SYMBOL_MATCH
2024-06-01,346,ORAI,Oraichain,7533,oraichain-token,12.93371309,164336793.3,3387790.51,12706080,2020-10-27T00:00:00.000Z,11,cosmos-ecosystem;ai-big-data;defi;oracles;research;injective-ecosystem,HISTORICAL_APPROXIMATION,CMC snapshot tags vary by snapshot date (drift test: tags(2024)!=tags(2026)); taxonomy drift unverified,,,,,,NONE
2024-06-01,347,BITCOIN,HarryPotterObamaSonic10Inu (ERC-20),25220,harrypotterobamasonic10inu-eth,0.16430183,164268671.3,3925745.4,999798155,2023-05-11T23:05:12.000Z,1,memes,HISTORICAL_APPROXIMATION,CMC snapshot tags vary by snapshot date (drift test: tags(2024)!=tags(2026)); taxonomy drift unverified,,,,,,NONE
2024-06-01,348,ONG,Ontology Gas,3217,ontology-gas,0.42963451,163104907.4,3066694.79,379636421.6,2018-08-23T00:00:00.000Z,1,ontology-ecosystem,HISTORICAL_APPROXIMATION,CMC snapshot tags vary by snapshot date (drift test: tags(2024)!=tags(2026)); taxonomy drift unverified,,,,,,NONE
2024-06-01,349,KUJI,Kujira,15185,kujira,1.3347541,163306905.7,365266.45,122349806.5,2021-11-29T01:53:10.000Z,1,cosmos-ecosystem,HISTORICAL_APPROXIMATION,CMC snapshot tags vary by snapshot date (drift test: tags(2024)!=tags(2026)); taxonomy drift unverified,,,,,,NONE
2024-06-01,350,MANEKI,MANEKI,30912,maneki-coin,0.01943791,163723305.6,41747623.98,8422887212,2024-04-25T07:28:11.000Z,3,memes;solana-ecosystem;cat-themed,HISTORICAL_APPROXIMATION,CMC snapshot tags vary by snapshot date (drift test: tags(2024)!=tags(2026)); taxonomy drift unverified,,,,,,NONE
2024-06-01,351,VVS,VVS Finance,14519,vvs-finance,3.57e-06,162695673.5,423261.22,4.554578286e+13,2021-11-15T09:13:07.000Z,3,decentralized-exchange-dex-token;defi;dex,HISTORICAL_APPROXIMATION,CMC snapshot tags vary by snapshot date (drift test: tags(2024)!=tags(2026)); taxonomy drift unverified,,,,,,NONE
2024-06-01,352,SLP,Smooth Love Potion,5824,smooth-love-potion,0.00390727,161740941.9,9550015.13,4.13948437e+10,2020-07-08T00:00:00.000Z,2,collectibles-nfts;play-to-earn,HISTORICAL_APPROXIMATION,CMC snapshot tags vary by snapshot date (drift test: tags(2024)!=tags(2026)); taxonomy drift unverified,,,,,,NONE
2024-06-01,353,XVS,Venus,7288,venus,10.14491771,161335755.4,2945812.37,15903111.3,2020-10-05T00:00:00.000Z,7,defi;ethereum-ecosystem;yield-farming;binance-launchpool;lending-borowing;bnb-chain,HISTORICAL_APPROXIMATION,CMC snapshot tags vary by snapshot date (drift test: tags(2024)!=tags(2026)); taxonomy drift unverified,,,,,,NONE
2024-06-01,354,RIF,Rootstock Infrastructure Framework,3701,rsk-infrastructure-framework,0.15934388,159343882.4,1278737.26,1000000000,2019-01-16T00:00:00.000Z,4,services;filesharing;payments;bitcoin-ecosystem,HISTORICAL_APPROXIMATION,CMC snapshot tags vary by snapshot date (drift test: tags(2024)!=tags(2026)); taxonomy drift unverified,,,,,,NONE
2024-06-01,355,SDEX,SmarDex,24203,smardex,0.0189781,158515048.5,1031530.93,8352522958,2023-04-03T19:49:26.000Z,2,decentralized-exchange-dex-token;defi,HISTORICAL_APPROXIMATION,CMC snapshot tags vary by snapshot date (drift test: tags(2024)!=tags(2026)); taxonomy drift unverified,,,,,,NONE
2024-06-01,356,WILD,Wilder World,9674,wilder-world,0.60410278,157979676.7,583887.05,261511256.1,2021-05-10T00:00:00.000Z,7,vr-ar;collectibles-nfts;gaming;metaverse;polkastarter;animoca-brands-portfolio,HISTORICAL_APPROXIMATION,CMC snapshot tags vary by snapshot date (drift test: tags(2024)!=tags(2026)); taxonomy drift unverified,,,,,,NONE
2024-06-01,357,KEEP,Keep Network,5566,keep-network,0.1660594,157970391.6,12863.94,951288442.9,2020-05-13T00:00:00.000Z,10,defi;privacy;coinbase-ventures-portfolio;polychain-capital-portfolio;boostvc-portfolio;fabric-ventures-portfolio,HISTORICAL_APPROXIMATION,CMC snapshot tags vary by snapshot date (drift test: tags(2024)!=tags(2026)); taxonomy drift unverified,,,,,,NONE
2024-06-01,358,AUCTION,Bounce Token,8602,bounce-token,23.91068657,155420347.4,29614491.56,6500037,2021-02-26T00:00:00.000Z,5,defi;polkadot-ecosystem;bounce-launchpad;bnb-chain;dwf-labs-portfolio,HISTORICAL_APPROXIMATION,CMC snapshot tags vary by snapshot date (drift test: tags(2024)!=tags(2026)); taxonomy drift unverified,,,,AUCTION-USDT-SWAP,2023-12-01T07:55:00Z,SYMBOL_MATCH
2024-06-01,359,BONE,Bone ShibaSwap,11865,bone-shibaswap,0.67422987,155021189.9,6551035.95,229923350.6,2021-09-13T19:17:01.000Z,2,memes;doggone-doggerel,HISTORICAL_APPROXIMATION,CMC snapshot tags vary by snapshot date (drift test: tags(2024)!=tags(2026)); taxonomy drift unverified,,,,,,NONE
2024-06-01,360,POWR,Powerledger,2132,power-ledger,0.30091214,154179891,3557174.58,512375110.2,2017-11-01T00:00:00.000Z,4,energy;sharing-economy;sec-security-token;alleged-sec-securities,HISTORICAL_APPROXIMATION,CMC snapshot tags vary by snapshot date (drift test: tags(2024)!=tags(2026)); taxonomy drift unverified,,,,,,NONE
2024-06-01,361,CVC,Civic,1816,civic,0.15405138,154051380.9,6572509.26,1000000000,2017-07-17T00:00:00.000Z,6,enterprise-solutions;identity;solana-ecosystem;dcg-portfolio;pantera-capital-portfolio;web3,HISTORICAL_APPROXIMATION,CMC snapshot tags vary by snapshot date (drift test: tags(2024)!=tags(2026)); taxonomy drift unverified,,,,,,NONE
2024-06-01,362,SYS,Syscoin,541,syscoin,0.19489162,153384736.1,1681518.21,787025797.2,2014-08-20T00:00:00.000Z,12,mineable;pow;platform;enterprise-solutions;collectibles-nfts;zero-knowledge-proofs,HISTORICAL_APPROXIMATION,CMC snapshot tags vary by snapshot date (drift test: tags(2024)!=tags(2026)); taxonomy drift unverified,,,,,,NONE
2024-06-01,363,HIVE,Hive,5370,hive-blockchain,0.30410444,152280070.3,1316923.67,500749242.9,2020-03-26T00:00:00.000Z,6,dpos;media;content-creation;scaling;web3;layer-1,HISTORICAL_APPROXIMATION,CMC snapshot tags vary by snapshot date (drift test: tags(2024)!=tags(2026)); taxonomy drift unverified,,,,,,NONE
2024-06-01,364,BORA,BORA,3801,bora,0.15010548,149167320.5,4507532.7,993750000,2019-03-18T00:00:00.000Z,2,marketplace;gaming,HISTORICAL_APPROXIMATION,CMC snapshot tags vary by snapshot date (drift test: tags(2024)!=tags(2026)); taxonomy drift unverified,,,,,,NONE
2024-06-01,365,STG,Stargate Finance,18934,stargate-finance,0.74571713,152378658.1,73368095.76,204338417.5,2022-03-18T04:06:21.000Z,7,ethereum-ecosystem;avalanche-ecosystem;polygon-ecosystem;fantom-ecosystem;arbitrum-ecosytem;cross-chain,HISTORICAL_APPROXIMATION,CMC snapshot tags vary by snapshot date (drift test: tags(2024)!=tags(2026)); taxonomy drift unverified,STG,2023-10-26T16:00:00Z,True,,,SYMBOL_MATCH
2024-06-01,366,METFI,MetFi,24225,metfi2,1.28560394,151212543.4,448122.22,117619851,2022-07-01T04:53:40.000Z,1,binance-chain,HISTORICAL_APPROXIMATION,CMC snapshot tags vary by snapshot date (drift test: tags(2024)!=tags(2026)); taxonomy drift unverified,,,,,,NONE
2024-06-01,367,TOSHI,Toshi,27750,toshithecat,0.00035739,145838949.1,1126716.99,4.080693e+11,2023-08-04T09:39:48.000Z,3,memes;base-ecosystem;cat-themed,HISTORICAL_APPROXIMATION,CMC snapshot tags vary by snapshot date (drift test: tags(2024)!=tags(2026)); taxonomy drift unverified,,,,,,NONE
2024-06-01,368,LMWR,LimeWire,24476,limewire,0.52161122,149668716.9,3360824.37,286935388.6,2023-04-17T05:39:22.000Z,13,communications-social-media;ai-big-data;content-creation;music;sharing-economy;ethereum-ecosystem,HISTORICAL_APPROXIMATION,CMC snapshot tags vary by snapshot date (drift test: tags(2024)!=tags(2026)); taxonomy drift unverified,,,,,,NONE
2024-06-01,369,WMT,World Mobile Token,13769,world-mobile-token,0.30066882,147880579.2,1440693.9,491838755,2021-11-02T08:55:10.000Z,5,distributed-computing;cardano-ecosystem;cardano;dwf-labs-portfolio;depin,HISTORICAL_APPROXIMATION,CMC snapshot tags vary by snapshot date (drift test: tags(2024)!=tags(2026)); taxonomy drift unverified,,,,,,NONE
2024-06-01,370,ARK,Ark,1586,ark,0.81582119,147828511,21587035.63,181202098,2017-03-22T00:00:00.000Z,5,dpos;marketplace;payments;state-channel;polygon-ecosystem,HISTORICAL_APPROXIMATION,CMC snapshot tags vary by snapshot date (drift test: tags(2024)!=tags(2026)); taxonomy drift unverified,ARK,2023-10-06T14:00:00Z,True,,,SYMBOL_MATCH
2024-06-01,371,CQT,Covalent,7411,covalent,0.21478066,147481066.3,1253444.08,686658970.4,2020-10-14T00:00:00.000Z,16,ai-big-data;enterprise-solutions;defi;polkadot-ecosystem;coinbase-ventures-portfolio;binance-labs-portfolio,HISTORICAL_APPROXIMATION,CMC snapshot tags vary by snapshot date (drift test: tags(2024)!=tags(2026)); taxonomy drift unverified,,,,,,NONE
2024-06-01,372,MOBILE,Helium Mobile,24600,helium-mobile,0.001776,146097529.5,1993436.13,8.22622674e+10,2023-04-21T03:13:40.000Z,2,distributed-computing;depin,HISTORICAL_APPROXIMATION,CMC snapshot tags vary by snapshot date (drift test: tags(2024)!=tags(2026)); taxonomy drift unverified,,,,,,NONE
2024-06-01,373,SLERF,SLERF,29920,slerf,0.29159215,145795421.1,41527722.41,499997750,2024-03-18T09:28:39.000Z,3,memes;solana-ecosystem;presale-memes,HISTORICAL_APPROXIMATION,CMC snapshot tags vary by snapshot date (drift test: tags(2024)!=tags(2026)); taxonomy drift unverified,,,,,,NONE
2024-06-01,374,PUNDIX,Pundi X (New),9040,pundix-new,0.56791705,146801807.6,2325307.22,258491637.2,2021-03-31T00:00:00.000Z,0,,HISTORICAL_APPROXIMATION,CMC snapshot tags vary by snapshot date (drift test: tags(2024)!=tags(2026)); taxonomy drift unverified,,,,,,NONE
2024-06-01,375,WEN,Wen,29175,wen,0.00020102,146283110.9,19128123.85,7.277169513e+11,2024-01-25T16:42:02.000Z,3,memes;solana-ecosystem;cat-themed,HISTORICAL_APPROXIMATION,CMC snapshot tags vary by snapshot date (drift test: tags(2024)!=tags(2026)); taxonomy drift unverified,,,,WEN-USDT-SWAP,2026-06-25T10:30:00Z,SYMBOL_MATCH
2024-06-01,376,TOKEN,TokenFi,28299,tokenfi,0.14499257,144995436.1,19875256.84,1000019789,2023-10-27T09:01:44.000Z,24,education;retail;real-estate;ai-big-data;defi;memes,HISTORICAL_APPROXIMATION,CMC snapshot tags vary by snapshot date (drift test: tags(2024)!=tags(2026)); taxonomy drift unverified,,,,,,NONE
2024-06-01,377,USDP,Pax Dollar,3330,paxos-standard,0.99983363,145708042.8,753999,145732288.7,2018-09-27T00:00:00.000Z,6,store-of-value;stablecoin;asset-backed-stablecoin;bnb-chain;usd-stablecoin;fiat-stablecoin,HISTORICAL_APPROXIMATION,CMC snapshot tags vary by snapshot date (drift test: tags(2024)!=tags(2026)); taxonomy drift unverified,,,,,,NONE
2024-06-01,378,STRAX,Stratis [New],30168,stratis-new,0.07570035,145737499.6,2874888.08,1925189140,2016-08-12T00:00:00.000Z,9,hybrid-pow-pos;poa;platform;enterprise-solutions;masternodes;smart-contracts,HISTORICAL_APPROXIMATION,CMC snapshot tags vary by snapshot date (drift test: tags(2024)!=tags(2026)); taxonomy drift unverified,STRAX,2023-10-26T16:00:00Z,True,,,SYMBOL_MATCH
2024-06-01,379,ZIG,Zignaly,9260,zigcoin,0.10055862,144131555.8,4502967.41,1433308739,2021-04-16T00:00:00.000Z,5,asset-management;marketplace;platform;ai-big-data;dwf-labs-portfolio,HISTORICAL_APPROXIMATION,CMC snapshot tags vary by snapshot date (drift test: tags(2024)!=tags(2026)); taxonomy drift unverified,,,,,,NONE
2024-06-01,380,OAS,Oasys,22265,oasys,0.06419017,142850233.4,1157760.18,2225422188,2022-10-18T06:35:35.000Z,5,platform;collectibles-nfts;gaming;token;layer-1,HISTORICAL_APPROXIMATION,CMC snapshot tags vary by snapshot date (drift test: tags(2024)!=tags(2026)); taxonomy drift unverified,,,,,,NONE
2024-06-01,381,TNSR,Tensor,30449,tensor,1.13431813,141789765.7,85181904.11,125000000,2024-04-08T11:24:28.000Z,2,collectibles-nfts;solana-ecosystem,HISTORICAL_APPROXIMATION,CMC snapshot tags vary by snapshot date (drift test: tags(2024)!=tags(2026)); taxonomy drift unverified,TNSR,2024-04-08T22:00:00Z,False,,,SYMBOL_MATCH
2024-06-01,382,ZEN,Horizen,1698,horizen,9.46140357,142448881.6,3824553.65,15055787.5,2017-06-01T00:00:00.000Z,14,mineable;pow;medium-of-exchange;platform;enterprise-solutions;content-creation,HISTORICAL_APPROXIMATION,CMC snapshot tags vary by snapshot date (drift test: tags(2024)!=tags(2026)); taxonomy drift unverified,ZEN,2023-11-09T15:00:00Z,False,ZEN-USDT-SWAP,2025-11-03T06:00:01Z,SYMBOL_MATCH
2024-06-01,383,MRS,Metars Genesis,21178,metars-genesis,1.69289673,142601668.6,105965.62,84235303,2022-08-01T04:52:13.000Z,0,,HISTORICAL_APPROXIMATION,CMC snapshot tags vary by snapshot date (drift test: tags(2024)!=tags(2026)); taxonomy drift unverified,,,,,,NONE
2024-06-01,384,HOOK,Hooked Protocol,22764,hooked-protocol,0.90502614,141516754,12331392.61,156367587.4,2022-12-01T14:40:31.000Z,8,education;ai-big-data;gaming;binance-smart-chain;binance-launchpad;binance-labs-portfolio,HISTORICAL_APPROXIMATION,CMC snapshot tags vary by snapshot date (drift test: tags(2024)!=tags(2026)); taxonomy drift unverified,,,,,,NONE
2024-06-01,385,SYN,Synapse,12147,synapse-2,0.74709857,139039757.4,6762090.16,186106309.5,2021-09-26T08:56:12.000Z,5,interoperability;three-arrows-capital-portfolio;olympus-pro-ecosystem;arbitrum-ecosytem;optimism-ecosystem,HISTORICAL_APPROXIMATION,CMC snapshot tags vary by snapshot date (drift test: tags(2024)!=tags(2026)); taxonomy drift unverified,,,,,,NONE
2024-06-01,386,MVL,MVL,2982,mvl,0.00568636,141891388.1,10409931.2,2.495295886e+10,2018-07-27T00:00:00.000Z,5,iot;ethereum-ecosystem;binance-smart-chain;dwf-labs-portfolio;depin,HISTORICAL_APPROXIMATION,CMC snapshot tags vary by snapshot date (drift test: tags(2024)!=tags(2026)); taxonomy drift unverified,,,,,,NONE
2024-06-01,387,CRVUSD,crvUSD,24927,crvusd,0.9980967,140516337.4,15112840.41,140784291.8,2023-06-27T12:44:16.000Z,2,stablecoin;usd-stablecoin,HISTORICAL_APPROXIMATION,CMC snapshot tags vary by snapshot date (drift test: tags(2024)!=tags(2026)); taxonomy drift unverified,,,,,,NONE
2024-06-01,388,SURE,inSure DeFi,5113,insure,0.00523894,140351545.8,426215.49,2.679006317e+10,2020-01-07T00:00:00.000Z,8,ai-big-data;collectibles-nfts;defi;dao;insurance;avalanche-ecosystem,HISTORICAL_APPROXIMATION,CMC snapshot tags vary by snapshot date (drift test: tags(2024)!=tags(2026)); taxonomy drift unverified,,,,,,NONE
2024-06-01,389,APEX,ApeX Protocol,19843,apex-token,2.9856275,139491205.1,37825533.93,46720900.46,2022-04-28T06:22:21.000Z,3,decentralized-exchange-dex-token;ethereum-ecosystem;dex,HISTORICAL_APPROXIMATION,CMC snapshot tags vary by snapshot date (drift test: tags(2024)!=tags(2026)); taxonomy drift unverified,APEX,2025-09-27T07:00:00Z,False,,,SYMBOL_MATCH
2024-06-01,390,PHA,Phala Network,6841,phala-network,0.19139189,138998223.6,5499069.89,726249272.8,2020-09-13T00:00:00.000Z,21,ai-big-data;distributed-computing;privacy;zero-knowledge-proofs;interoperability;oracles,HISTORICAL_APPROXIMATION,CMC snapshot tags vary by snapshot date (drift test: tags(2024)!=tags(2026)); taxonomy drift unverified,,,,,,NONE
2024-06-01,391,VELO,Velo,7127,velo,0.01854601,137063854.1,18498884.32,7390475595,2020-09-21T00:00:00.000Z,1,dwf-labs-portfolio,HISTORICAL_APPROXIMATION,CMC snapshot tags vary by snapshot date (drift test: tags(2024)!=tags(2026)); taxonomy drift unverified,,,,,,NONE
2024-06-01,392,REQ,Request,2071,request,0.13829778,138249848.9,2647037.8,999653403.3,2017-10-20T00:00:00.000Z,4,medium-of-exchange;defi;payments;smart-contracts,HISTORICAL_APPROXIMATION,CMC snapshot tags vary by snapshot date (drift test: tags(2024)!=tags(2026)); taxonomy drift unverified,REQ,2023-10-11T14:00:00Z,True,,,SYMBOL_MATCH
2024-06-01,393,SNT,Status,1759,status,0.03546497,137766056.9,1053734.45,3884566986,2017-06-28T00:00:00.000Z,5,media;content-creation;privacy;fabric-ventures-portfolio;kenetic-capital-portfolio,HISTORICAL_APPROXIMATION,CMC snapshot tags vary by snapshot date (drift test: tags(2024)!=tags(2026)); taxonomy drift unverified,,,,,,NONE
2024-06-01,394,DENT,Dent,1886,dent,0.00136838,136837955.2,2984842.49,1e+11,2017-08-12T00:00:00.000Z,1,services,HISTORICAL_APPROXIMATION,CMC snapshot tags vary by snapshot date (drift test: tags(2024)!=tags(2026)); taxonomy drift unverified,,,,,,NONE
2024-06-01,395,EURS,STASIS EURO,2989,stasis-euro,1.08450427,134615112.5,660236.16,124125940,2018-07-30T00:00:00.000Z,6,marketplace;stablecoin;asset-backed-stablecoin;eur-stablecoin;xdc-ecosystem;fiat-stablecoin,HISTORICAL_APPROXIMATION,CMC snapshot tags vary by snapshot date (drift test: tags(2024)!=tags(2026)); taxonomy drift unverified,,,,,,NONE
2024-06-01,396,CREAM,Cream Finance,6193,cream-finance,72.2505776,134072434.6,2582396.07,1855659,2020-08-04T00:00:00.000Z,10,defi;dao;amm;yearn-partnerships;governance;lending-borowing,HISTORICAL_APPROXIMATION,CMC snapshot tags vary by snapshot date (drift test: tags(2024)!=tags(2026)); taxonomy drift unverified,,,,,,NONE
2024-06-01,397,SFUND,Seedify.fund,8972,seedify-fund,2.19996837,133347684.2,6563137.27,60613455.15,2021-03-29T00:00:00.000Z,6,gaming;launchpad;polygon-ecosystem;play-to-earn;bnb-chain;dwf-labs-portfolio,HISTORICAL_APPROXIMATION,CMC snapshot tags vary by snapshot date (drift test: tags(2024)!=tags(2026)); taxonomy drift unverified,,,,,,NONE
2024-06-01,398,stMATIC,Lido Staked Matic,18688,lido-staked-matic,0.78294082,133663801.5,19675.34,170720184.1,2022-03-10T02:56:14.000Z,1,liquid-staking-derivatives,HISTORICAL_APPROXIMATION,CMC snapshot tags vary by snapshot date (drift test: tags(2024)!=tags(2026)); taxonomy drift unverified,,,,,,NONE
2024-06-01,399,FRONT,Frontier,5893,frontier,1.48199789,133379810.4,52773245.64,90000000,2020-09-15T00:00:00.000Z,10,platform;defi;staking;avalanche-ecosystem;solana-ecosystem;alameda-research-portfolio,HISTORICAL_APPROXIMATION,CMC snapshot tags vary by snapshot date (drift test: tags(2024)!=tags(2026)); taxonomy drift unverified,,,,,,NONE
2024-06-01,400,NFP,NFPrompt,28778,nfprompt,0.52983276,132458190.3,28858067.88,250000000,2023-12-27T10:19:02.000Z,9,ai-big-data;content-creation;payments;staking;binance-smart-chain;binance-launchpool,HISTORICAL_APPROXIMATION,CMC snapshot tags vary by snapshot date (drift test: tags(2024)!=tags(2026)); taxonomy drift unverified,,,,,,NONE
2024-06-01,401,PHB,Phoenix,13969,phoenix-global-new,2.63357956,130981685.3,8044120.1,49735230,2021-11-05T14:03:22.000Z,5,retail;ai-big-data;enterprise-solutions;web3;depin,HISTORICAL_APPROXIMATION,CMC snapshot tags vary by snapshot date (drift test: tags(2024)!=tags(2026)); taxonomy drift unverified,,,,,,NONE
2024-06-01,402,ACE,Fusionist,28674,fusionist,5.98110658,131402040.6,36815899.85,21969520,2023-12-11T13:06:52.000Z,3,gaming;social-token;binance-launchpool,HISTORICAL_APPROXIMATION,CMC snapshot tags vary by snapshot date (drift test: tags(2024)!=tags(2026)); taxonomy drift unverified,ACE,2023-12-18T14:00:00Z,False,,,SYMBOL_MATCH
2024-06-01,403,osETH,StakeWise Staked ETH,28476,staked-eth,3891.744735,130420189.4,244829.37,33512.01023,2023-11-21T04:37:55.000Z,3,ethereum-ecosystem;liquid-staking-derivatives;eigenlayer-ecosystem,HISTORICAL_APPROXIMATION,CMC snapshot tags vary by snapshot date (drift test: tags(2024)!=tags(2026)); taxonomy drift unverified,,,,,,NONE
2024-06-01,404,MOVR,Moonriver,9285,moonriver,14.45787846,129731468.7,4290404.95,8973064,2021-04-19T00:00:00.000Z,5,interoperability;smart-contracts;polkadot-ecosystem;moonriver-ecosystem;layer-1,HISTORICAL_APPROXIMATION,CMC snapshot tags vary by snapshot date (drift test: tags(2024)!=tags(2026)); taxonomy drift unverified,,,,,,NONE
2024-06-01,405,XYM,Symbol,8677,symbol,0.02190196,129195951.5,268841.32,5898829847,2021-03-03T00:00:00.000Z,1,posplus,HISTORICAL_APPROXIMATION,CMC snapshot tags vary by snapshot date (drift test: tags(2024)!=tags(2026)); taxonomy drift unverified,,,,,,NONE
2024-06-01,406,NYM,NYM,17591,nym,0.16400996,129632776,1574499.72,790395775.6,2022-01-24T08:30:07.000Z,12,distributed-computing;privacy;interoperability;smart-contracts;wallet;polychain-capital-portfolio,HISTORICAL_APPROXIMATION,CMC snapshot tags vary by snapshot date (drift test: tags(2024)!=tags(2026)); taxonomy drift unverified,,,,,,NONE
2024-06-01,407,ankrETH,Ankr Staked ETH,8100,ankreth,4395.23438,128912224.4,47206.05,29330,2020-12-23T00:00:00.000Z,3,eth-staking;liquid-staking-derivatives;eigenlayer-ecosystem,HISTORICAL_APPROXIMATION,CMC snapshot tags vary by snapshot date (drift test: tags(2024)!=tags(2026)); taxonomy drift unverified,,,,,,NONE
2024-06-01,408,DAG,Constellation,2868,constellation,0.04452426,127938158.2,1866875.33,2873448318,2018-06-20T00:00:00.000Z,4,dag;platform;payments;smart-contracts,HISTORICAL_APPROXIMATION,CMC snapshot tags vary by snapshot date (drift test: tags(2024)!=tags(2026)); taxonomy drift unverified,,,,,,NONE
2024-06-01,409,NAKA,Nakamoto Games,12749,nakamoto-games,1.41330959,127853147.1,21140643.1,90463652,2021-10-14T18:35:34.000Z,5,collectibles-nfts;gaming;metaverse;play-to-earn;vbc-ventures-portfolio,HISTORICAL_APPROXIMATION,CMC snapshot tags vary by snapshot date (drift test: tags(2024)!=tags(2026)); taxonomy drift unverified,,,,,,NONE
2024-06-01,410,STRD,Stride,21781,stride,1.45412831,127709877.2,301506.89,87825728,2022-09-12T04:53:06.000Z,9,cosmos-ecosystem;1confirmation-portfolio;pantera-capital-portfolio;terra-ecosystem;injective-ecosystem;liquid-staking-derivatives,HISTORICAL_APPROXIMATION,CMC snapshot tags vary by snapshot date (drift test: tags(2024)!=tags(2026)); taxonomy drift unverified,,,,,,NONE
2024-06-01,411,ORCA,Orca,11165,orca,2.52553262,127349960.8,908092.97,50424991.48,2021-08-05T00:00:00.000Z,5,decentralized-exchange-dex-token;amm;dex;three-arrows-capital-portfolio;solana-ecosystem,HISTORICAL_APPROXIMATION,CMC snapshot tags vary by snapshot date (drift test: tags(2024)!=tags(2026)); taxonomy drift unverified,,,,,,NONE
2024-06-01,412,STEEM,Steem,1230,steem,0.27344159,126640893.2,4345896.35,463136905.3,2016-04-18T00:00:00.000Z,3,media;content-creation;web3,HISTORICAL_APPROXIMATION,CMC snapshot tags vary by snapshot date (drift test: tags(2024)!=tags(2026)); taxonomy drift unverified,,,,,,NONE
2024-06-01,413,Gomining,Gomining,10180,gomining-token,0.31258477,125547535.6,6216847.92,401643156.6,2021-06-01T00:00:00.000Z,4,collectibles-nfts;gaming;ethereum-ecosystem;bnb-chain,HISTORICAL_APPROXIMATION,CMC snapshot tags vary by snapshot date (drift test: tags(2024)!=tags(2026)); taxonomy drift unverified,,,,,,NONE
2024-06-01,414,PYR,Vulcan Forged (PYR),9308,vulcan-forged-pyr,4.45667303,125232512.1,4463607.28,28100000,2021-04-19T00:00:00.000Z,5,collectibles-nfts;gaming;entertainment;metaverse;dwf-labs-portfolio,HISTORICAL_APPROXIMATION,CMC snapshot tags vary by snapshot date (drift test: tags(2024)!=tags(2026)); taxonomy drift unverified,,,,,,NONE
2024-06-01,415,$MICHI,michi,30943,michi,0.22625789,125747499.2,15449379.38,555770672.8,2024-04-26T07:32:25.000Z,3,memes;solana-ecosystem;cat-themed,HISTORICAL_APPROXIMATION,CMC snapshot tags vary by snapshot date (drift test: tags(2024)!=tags(2026)); taxonomy drift unverified,,,,,,NONE
2024-06-01,416,WMATIC,Wrapped Matic,8925,wmatic,0.69934405,123985739.8,13055582.69,177288617,2021-03-23T00:00:00.000Z,2,wrapped-tokens;linea-ecosystem,HISTORICAL_APPROXIMATION,CMC snapshot tags vary by snapshot date (drift test: tags(2024)!=tags(2026)); taxonomy drift unverified,,,,,,NONE
2024-06-01,417,MNTC,Minati Coin,25715,minati-coin,19.1890818,120411488.3,7131516.26,6275000,2023-05-23T09:33:34.000Z,2,binance-smart-chain;polygon-ecosystem,HISTORICAL_APPROXIMATION,CMC snapshot tags vary by snapshot date (drift test: tags(2024)!=tags(2026)); taxonomy drift unverified,,,,,,NONE
2024-06-01,418,SPELL,Spell Token,11289,spell-token,0.00114797,123297982.7,157824190.7,1.07405629e+11,2021-08-17T00:00:00.000Z,5,olympus-pro-ecosystem;arbitrum-ecosytem;defi-2;protocol-owned-liquidity;dwf-labs-portfolio,HISTORICAL_APPROXIMATION,CMC snapshot tags vary by snapshot date (drift test: tags(2024)!=tags(2026)); taxonomy drift unverified,,,,,,NONE
2024-06-01,419,SUN,Sun (New),10529,sun-token,0.01229166,122322150.2,12793248.39,9951640722,2021-06-21T00:00:00.000Z,1,tron-ecosystem,HISTORICAL_APPROXIMATION,CMC snapshot tags vary by snapshot date (drift test: tags(2024)!=tags(2026)); taxonomy drift unverified,,,,,,NONE
2024-06-01,420,POL,Polygon Ecosystem Token,28321,polygon-ecosystem-token,0.69450761,122344485.8,737381.58,176160036.9,2023-10-30T14:43:57.000Z,0,,HISTORICAL_APPROXIMATION,CMC snapshot tags vary by snapshot date (drift test: tags(2024)!=tags(2026)); taxonomy drift unverified,POL,2024-09-17T07:00:00Z,False,POL-USDT-SWAP,2024-09-24T08:30:00Z,SYMBOL_MATCH
2024-06-01,421,ALPH,Alephium,14878,alephium,1.52981735,122079555.8,1412443.55,79800086.03,2021-11-20T03:22:53.000Z,11,mineable;pow;collectibles-nfts;defi;research;scaling,HISTORICAL_APPROXIMATION,CMC snapshot tags vary by snapshot date (drift test: tags(2024)!=tags(2026)); taxonomy drift unverified,,,,,,NONE
2024-06-01,422,DKA,dKargo,5908,dkargo,0.02880114,120556751.3,499110.82,4185833333,2020-07-27T00:00:00.000Z,1,ai-big-data,HISTORICAL_APPROXIMATION,CMC snapshot tags vary by snapshot date (drift test: tags(2024)!=tags(2026)); taxonomy drift unverified,,,,,,NONE
2024-06-01,423,KNC,Kyber Network Crystal v2,9444,kyber-network-crystal-v2,0.6356698,119757689.2,10093265.38,188396064,2021-04-26T00:00:00.000Z,12,marketplace;decentralized-exchange-dex-token;defi;dao;amm;three-arrows-capital-portfolio,HISTORICAL_APPROXIMATION,CMC snapshot tags vary by snapshot date (drift test: tags(2024)!=tags(2026)); taxonomy drift unverified,,,,,,NONE
2024-06-01,424,HFT,Hashflow,22461,hashflow,0.29412997,119324159.7,4271085.01,405685141.7,2022-10-31T07:02:20.000Z,24,collectibles-nfts;decentralized-exchange-dex-token;defi;gaming;interoperability;dao,HISTORICAL_APPROXIMATION,CMC snapshot tags vary by snapshot date (drift test: tags(2024)!=tags(2026)); taxonomy drift unverified,,,,,,NONE
2024-06-01,425,NOIA,Synternet,4191,synternet,0.16261877,118639030.7,1233529.64,729553097.4,2019-07-31T00:00:00.000Z,8,iot;scaling;staking;substrate;governance;analytics,HISTORICAL_APPROXIMATION,CMC snapshot tags vary by snapshot date (drift test: tags(2024)!=tags(2026)); taxonomy drift unverified,,,,,,NONE
2024-06-01,426,RDNT,Radiant Capital,21106,radiant-capital,0.20922954,117614541.3,23455247.02,562131611.8,2022-07-21T06:25:00.000Z,5,defi;binance-launchpool;binance-labs-portfolio;lending-borowing;arbitrum-ecosytem,HISTORICAL_APPROXIMATION,CMC snapshot tags vary by snapshot date (drift test: tags(2024)!=tags(2026)); taxonomy drift unverified,RDNT,2023-10-03T03:00:00Z,True,,,SYMBOL_MATCH
2024-06-01,427,HONEY,Hivemapper,22850,hivemapper,0.07502533,117279551.1,1238177.66,1563199423,2022-12-03T13:01:09.000Z,4,distributed-computing;iot;solana-ecosystem;depin,HISTORICAL_APPROXIMATION,CMC snapshot tags vary by snapshot date (drift test: tags(2024)!=tags(2026)); taxonomy drift unverified,,,,,,NONE
2024-06-01,428,PUPS,PUPS (Ordinals),30484,pups-ordinals,15.06406555,117047789.3,949330.68,7770000,2024-04-09T08:40:49.000Z,3,memes;brc-20;inscriptions,HISTORICAL_APPROXIMATION,CMC snapshot tags vary by snapshot date (drift test: tags(2024)!=tags(2026)); taxonomy drift unverified,,,,,,NONE
2024-06-01,429,MYRIA,Myria,22289,myria,0.00595931,116455258.5,1440600.82,1.954173082e+10,2022-10-19T09:21:55.000Z,5,collectibles-nfts;zero-knowledge-proofs;gaming;layer-2;gaming-guild,HISTORICAL_APPROXIMATION,CMC snapshot tags vary by snapshot date (drift test: tags(2024)!=tags(2026)); taxonomy drift unverified,,,,,,NONE
2024-06-01,430,LEVER,LeverFi,20873,lever,0.00362936,116840026.9,5447260.76,3.219300614e+10,2022-07-04T21:03:02.000Z,9,defi;iostoken;solana-ecosystem;arrington-xrp-capital-portfolio;alameda-research-portfolio;parafi-capital,HISTORICAL_APPROXIMATION,CMC snapshot tags vary by snapshot date (drift test: tags(2024)!=tags(2026)); taxonomy drift unverified,,,,,,NONE
2024-06-01,431,GTC,Gitcoin,10052,gitcoin,1.73605488,115084907.3,39108083.71,66291053.56,2021-05-25T00:00:00.000Z,3,dao;paradigm-portfolio;web3,HISTORICAL_APPROXIMATION,CMC snapshot tags vary by snapshot date (drift test: tags(2024)!=tags(2026)); taxonomy drift unverified,,,,,,NONE
2024-06-01,432,CPOOL,Clearpool,12573,clearpool,0.1911634,115959516.1,1199180.64,606598944.8,2021-10-10T08:04:07.000Z,2,defi;real-world-assets,HISTORICAL_APPROXIMATION,CMC snapshot tags vary by snapshot date (drift test: tags(2024)!=tags(2026)); taxonomy drift unverified,,,,,,NONE
2024-06-01,433,DODO,DODO,7224,dodo,0.18864862,115946785.2,7318847.72,614617713.4,2020-09-29T00:00:00.000Z,14,decentralized-exchange-dex-token;defi;binance-launchpool;coinbase-ventures-portfolio;three-arrows-capital-portfolio;cms-holdings-portfolio,HISTORICAL_APPROXIMATION,CMC snapshot tags vary by snapshot date (drift test: tags(2024)!=tags(2026)); taxonomy drift unverified,,,,,,NONE
2024-06-01,434,WIN,WINkLink,4206,wink,0.00011649,115756270.4,16811276.42,9.937018592e+11,2019-08-01T00:00:00.000Z,5,oracles;tron-ecosystem;binance-launchpad;binance-labs-portfolio;bnb-chain,HISTORICAL_APPROXIMATION,CMC snapshot tags vary by snapshot date (drift test: tags(2024)!=tags(2026)); taxonomy drift unverified,,,,,,NONE
2024-06-01,435,ELON,Dogelon Mars,9436,dogelon,2.1e-07,115246273,1869206.62,5.496527702e+14,2021-04-23T00:00:00.000Z,4,memes;payments;polygon-ecosystem;doggone-doggerel,HISTORICAL_APPROXIMATION,CMC snapshot tags vary by snapshot date (drift test: tags(2024)!=tags(2026)); taxonomy drift unverified,,,,,,NONE
2024-06-01,436,LON,Tokenlon Network Token,8083,tokenlon-network-token,0.99884451,115413149,547843.76,115546662.4,2020-12-23T00:00:00.000Z,3,decentralized-exchange-dex-token;defi;arbitrum-ecosytem,HISTORICAL_APPROXIMATION,CMC snapshot tags vary by snapshot date (drift test: tags(2024)!=tags(2026)); taxonomy drift unverified,,,,,,NONE
2024-06-01,437,vUSDC,Venus USDC,7958,venus-usdc,0.02393095,114174903.2,0,4771015133,2020-12-12T00:00:00.000Z,2,stablecoin;bnb-chain,HISTORICAL_APPROXIMATION,CMC snapshot tags vary by snapshot date (drift test: tags(2024)!=tags(2026)); taxonomy drift unverified,,,,,,NONE
2024-06-01,438,MBX,MARBLEX,18895,marblex,0.90571423,113677191.5,1755589.06,125511102.4,2022-03-17T04:12:25.000Z,2,gaming;dwf-labs-portfolio,HISTORICAL_APPROXIMATION,CMC snapshot tags vary by snapshot date (drift test: tags(2024)!=tags(2026)); taxonomy drift unverified,,,,,,NONE
2024-06-01,439,BZR,Bazaars,24554,bazaars,9.76177456,113942811.7,234995.72,11672346.14,2023-04-19T13:22:57.000Z,0,,HISTORICAL_APPROXIMATION,CMC snapshot tags vary by snapshot date (drift test: tags(2024)!=tags(2026)); taxonomy drift unverified,,,,,,NONE
2024-06-01,440,CTK,Shentu,4807,shentu,0.84177662,113400337.6,6788047.18,134715476,2019-10-19T00:00:00.000Z,12,cybersecurity;cosmos-ecosystem;enterprise-solutions;interoperability;scaling;smart-contracts,HISTORICAL_APPROXIMATION,CMC snapshot tags vary by snapshot date (drift test: tags(2024)!=tags(2026)); taxonomy drift unverified,,,,,,NONE
2024-06-01,441,ALPHA,Stella,7232,alpha-finance-lab,0.12832389,113309993.8,10295544.58,883000000,2020-09-29T00:00:00.000Z,11,defi;yield-farming;yield-aggregator;binance-launchpool;defiance-capital-portfolio;alameda-research-portfolio,HISTORICAL_APPROXIMATION,CMC snapshot tags vary by snapshot date (drift test: tags(2024)!=tags(2026)); taxonomy drift unverified,,,,,,NONE
2024-06-01,442,PCI,Paycoin,5275,payprotocol,0.11219961,113078317.6,900722.29,1007831650,2020-03-05T00:00:00.000Z,0,,HISTORICAL_APPROXIMATION,CMC snapshot tags vary by snapshot date (drift test: tags(2024)!=tags(2026)); taxonomy drift unverified,,,,,,NONE
2024-06-01,443,AGLD,Adventure Gold,11568,adventure-gold,1.45373267,112388074.5,12008137.47,77310001,2021-09-02T10:19:07.000Z,1,dwf-labs-portfolio,HISTORICAL_APPROXIMATION,CMC snapshot tags vary by snapshot date (drift test: tags(2024)!=tags(2026)); taxonomy drift unverified,,,,AGLD-USDT-SWAP,2021-09-07T09:57:30Z,SYMBOL_MATCH
2024-06-01,444,DAO,DAO Maker,8420,dao-maker,0.74995625,112490955.8,3390096.02,149996691.4,2021-02-09T00:00:00.000Z,6,defi;governance;launchpad;dao-maker;vbc-ventures-portfolio;injective-ecosystem,HISTORICAL_APPROXIMATION,CMC snapshot tags vary by snapshot date (drift test: tags(2024)!=tags(2026)); taxonomy drift unverified,,,,,,NONE
2024-06-01,445,LUSD,Liquity USD,9566,liquity-usd,1.00180708,112476241.4,676360.66,112273354.5,2021-05-04T00:00:00.000Z,5,defi;stablecoin;asset-backed-stablecoin;usd-stablecoin;optimism-ecosystem,HISTORICAL_APPROXIMATION,CMC snapshot tags vary by snapshot date (drift test: tags(2024)!=tags(2026)); taxonomy drift unverified,,,,,,NONE
2024-06-01,446,OXT,Orchid,5026,orchid,0.11313296,110845312.1,11194072,979779107.8,2019-12-16T00:00:00.000Z,8,distributed-computing;polychain-capital-portfolio;blockchain-capital-portfolio;fabric-ventures-portfolio;kenetic-capital-portfolio;a16z-portfolio,HISTORICAL_APPROXIMATION,CMC snapshot tags vary by snapshot date (drift test: tags(2024)!=tags(2026)); taxonomy drift unverified,,,,,,NONE
2024-06-01,447,MTL,Metal DAO,1788,metal,1.67377262,111454657.5,61865887.37,66588888,2017-07-09T00:00:00.000Z,2,medium-of-exchange;payments,HISTORICAL_APPROXIMATION,CMC snapshot tags vary by snapshot date (drift test: tags(2024)!=tags(2026)); taxonomy drift unverified,,,,,,NONE
2024-06-01,448,ARPA,ARPA,4039,arpa-chain,0.07585887,110593787.6,5447479.02,1457888698,2019-07-15T00:00:00.000Z,3,scaling;arrington-xrp-capital-portfolio;dwf-labs-portfolio,HISTORICAL_APPROXIMATION,CMC snapshot tags vary by snapshot date (drift test: tags(2024)!=tags(2026)); taxonomy drift unverified,,,,,,NONE
2024-06-01,449,SCRT,Secret,5604,secret,0.40593585,110152843,1999947.95,271355294.8,2020-05-19T00:00:00.000Z,4,cosmos-ecosystem;defi;privacy;injective-ecosystem,HISTORICAL_APPROXIMATION,CMC snapshot tags vary by snapshot date (drift test: tags(2024)!=tags(2026)); taxonomy drift unverified,,,,,,NONE
2024-06-01,450,BMX,BitMart Token,2933,bitmart-token,0.33990459,110224808.8,1402579.95,324281616,2018-07-13T00:00:00.000Z,1,marketplace,HISTORICAL_APPROXIMATION,CMC snapshot tags vary by snapshot date (drift test: tags(2024)!=tags(2026)); taxonomy drift unverified,,,,,,NONE
2024-06-01,451,MAVIA,Heroes of Mavia,28829,heroes-of-mavia,3.05470773,109049379.4,13481837.23,35698793.1,2024-02-06T12:20:20.000Z,7,collectibles-nfts;gaming;ethereum-ecosystem;binance-labs-portfolio;exnetwork-capital-portfolio;animoca-brands-portfolio,HISTORICAL_APPROXIMATION,CMC snapshot tags vary by snapshot date (drift test: tags(2024)!=tags(2026)); taxonomy drift unverified,MAVIA,2024-02-06T23:00:00Z,True,,,SYMBOL_MATCH
2024-06-01,452,ZCX,Unizen,9263,unizen,0.15751811,109124764.3,1152234.11,692775993.9,2021-04-16T00:00:00.000Z,2,exnetwork-capital-portfolio;dwf-labs-portfolio,HISTORICAL_APPROXIMATION,CMC snapshot tags vary by snapshot date (drift test: tags(2024)!=tags(2026)); taxonomy drift unverified,,,,,,NONE
2024-06-01,453,BNT,Bancor,1727,bancor,0.81228451,108537537.1,3183941.62,133620099.2,2017-06-18T00:00:00.000Z,8,marketplace;decentralized-exchange-dex-token;defi;payments;scaling;amm,HISTORICAL_APPROXIMATION,CMC snapshot tags vary by snapshot date (drift test: tags(2024)!=tags(2026)); taxonomy drift unverified,BNT,2023-10-08T16:00:00Z,True,,,SYMBOL_MATCH
2024-06-01,454,MLK,MiL.k,5266,milk-alliance,0.29998207,108095755.9,1432984.64,360340726,2020-08-05T00:00:00.000Z,1,bnb-chain,HISTORICAL_APPROXIMATION,CMC snapshot tags vary by snapshot date (drift test: tags(2024)!=tags(2026)); taxonomy drift unverified,,,,,,NONE
2024-06-01,455,LQTY,Liquity,7429,liquity,1.12455173,108045491,10902242.32,96078720.21,2020-10-16T00:00:00.000Z,1,defi,HISTORICAL_APPROXIMATION,CMC snapshot tags vary by snapshot date (drift test: tags(2024)!=tags(2026)); taxonomy drift unverified,,,,LQTY-USDT-SWAP,2024-01-12T09:55:00Z,SYMBOL_MATCH
2024-06-01,456,MAV,Maverick Protocol,18037,maverick-protocol,0.43059475,107648687.9,2625283.01,250000000,2022-02-10T08:23:09.000Z,7,binance-launchpool;pantera-capital-portfolio;spartan-group;circle-ventures-portfolio;jump-crypto;gemini-frontier-fund,HISTORICAL_APPROXIMATION,CMC snapshot tags vary by snapshot date (drift test: tags(2024)!=tags(2026)); taxonomy drift unverified,MAV,2023-12-20T13:00:00Z,True,,,SYMBOL_MATCH
2024-06-01,457,BLZ,Bluzelle,2505,bluzelle,0.25072774,107667619.1,3408352.63,429420458.7,2018-02-06T00:00:00.000Z,10,platform;cosmos-ecosystem;distributed-computing;filesharing;smart-contracts;storage,HISTORICAL_APPROXIMATION,CMC snapshot tags vary by snapshot date (drift test: tags(2024)!=tags(2026)); taxonomy drift unverified,BLZ,2023-09-12T12:00:00Z,True,,,SYMBOL_MATCH
2024-06-01,458,EVER,Everscale,7505,everscale,0.05468474,107616524.2,255335.51,1967944318,2020-10-26T00:00:00.000Z,1,everscale-ecosystem,HISTORICAL_APPROXIMATION,CMC snapshot tags vary by snapshot date (drift test: tags(2024)!=tags(2026)); taxonomy drift unverified,,,,,,NONE
2024-06-01,459,GOG,Guild of Guardians,10630,guild-of-guardians,0.18256496,107053174.3,942225.04,586384001.3,2021-12-22T02:56:03.000Z,3,gaming;entertainment;play-to-earn,HISTORICAL_APPROXIMATION,CMC snapshot tags vary by snapshot date (drift test: tags(2024)!=tags(2026)); taxonomy drift unverified,,,,,,NONE
2024-06-01,460,WCRO,Wrapped CRO,14532,wrapped-cro,0.11171817,106581567.4,2530954.01,954021789.5,2021-11-15T11:32:28.000Z,0,,HISTORICAL_APPROXIMATION,CMC snapshot tags vary by snapshot date (drift test: tags(2024)!=tags(2026)); taxonomy drift unverified,,,,,,NONE
2024-06-01,461,ALICE,MyNeighborAlice,8766,myneighboralice,1.56111287,106020377.9,118881924.1,67913333,2021-03-10T00:00:00.000Z,9,collectibles-nfts;gaming;entertainment;binance-launchpool;metaverse;dao-maker,HISTORICAL_APPROXIMATION,CMC snapshot tags vary by snapshot date (drift test: tags(2024)!=tags(2026)); taxonomy drift unverified,,,,,,NONE
2024-06-01,462,GROK,Grok,28394,grok-erc,0.01667968,105427610.4,16468670.17,6320723099,2023-11-13T05:49:32.000Z,2,memes;generative-ai,HISTORICAL_APPROXIMATION,CMC snapshot tags vary by snapshot date (drift test: tags(2024)!=tags(2026)); taxonomy drift unverified,,,,,,NONE
2024-06-01,463,HASHAI,HashAI,30369,hashai,0.00125275,105938261.8,241095.26,8.45648187e+10,2024-04-04T05:58:04.000Z,1,ai-big-data,HISTORICAL_APPROXIMATION,CMC snapshot tags vary by snapshot date (drift test: tags(2024)!=tags(2026)); taxonomy drift unverified,,,,,,NONE
2024-06-01,464,FORT,Forta,20622,forta,0.24812989,105678561.2,985868.29,425900172,2022-06-15T16:55:55.000Z,8,cybersecurity;ai-big-data;ethereum-ecosystem;coinbase-ventures-portfolio;blockchain-capital-portfolio;a16z-portfolio,HISTORICAL_APPROXIMATION,CMC snapshot tags vary by snapshot date (drift test: tags(2024)!=tags(2026)); taxonomy drift unverified,,,,,,NONE
2024-06-01,465,MED,MediBloc,2303,medibloc,0.01163773,105157168,384792.23,9035880692,2017-12-22T00:00:00.000Z,3,health;cosmos-ecosystem;injective-ecosystem,HISTORICAL_APPROXIMATION,CMC snapshot tags vary by snapshot date (drift test: tags(2024)!=tags(2026)); taxonomy drift unverified,,,,,,NONE
2024-06-01,466,MBOX,MOBOX,9175,mobox,0.33482459,105019446.1,7077881.45,313655117,2021-04-08T00:00:00.000Z,9,collectibles-nfts;defi;gaming;yield-farming;binance-launchpool;metaverse,HISTORICAL_APPROXIMATION,CMC snapshot tags vary by snapshot date (drift test: tags(2024)!=tags(2026)); taxonomy drift unverified,,,,,,NONE
2024-06-01,467,HIFI,Hifi Finance,23037,hifi-finance-new,0.82129807,104370731.4,9374719.36,127080209.6,2018-07-05T00:00:00.000Z,8,real-estate;defi;dao;governance;lending-borowing;arrington-xrp-capital-portfolio,HISTORICAL_APPROXIMATION,CMC snapshot tags vary by snapshot date (drift test: tags(2024)!=tags(2026)); taxonomy drift unverified,,,,,,NONE
2024-06-01,468,XYO,XYO,2765,xyo,0.00778089,104861110.3,661745.28,1.347674769e+10,2018-05-22T00:00:00.000Z,9,logistics;distributed-computing;oracles;ethereum-ecosystem;metaverse;play-to-earn,HISTORICAL_APPROXIMATION,CMC snapshot tags vary by snapshot date (drift test: tags(2024)!=tags(2026)); taxonomy drift unverified,,,,,,NONE
2024-06-01,469,GNS,Gains Network,13663,gains-network,3.12134885,104487889.3,2887280.38,33475235.93,2021-11-01T10:00:04.000Z,2,polygon-ecosystem;arbitrum-ecosytem,HISTORICAL_APPROXIMATION,CMC snapshot tags vary by snapshot date (drift test: tags(2024)!=tags(2026)); taxonomy drift unverified,,,,,,NONE
2024-06-01,470,BANANA,Banana Gun,28066,banana-gun,39.88546016,103443576.1,1744609.43,2593515.926,2023-09-20T12:34:29.000Z,1,telegram-bot,HISTORICAL_APPROXIMATION,CMC snapshot tags vary by snapshot date (drift test: tags(2024)!=tags(2026)); taxonomy drift unverified,BANANA,2023-09-15T12:00:00Z,False,,,SYMBOL_MATCH
2024-06-01,471,STPT,STP,4006,standard-tokenization-protocol,0.05330864,103547781.7,4215384.45,1942420283,2019-06-12T00:00:00.000Z,2,defi;payments,HISTORICAL_APPROXIMATION,CMC snapshot tags vary by snapshot date (drift test: tags(2024)!=tags(2026)); taxonomy drift unverified,,,,,,NONE
2024-06-01,472,DIONE,Dione Protocol,21473,dione-protocol,0.01087459,103426745.2,915516.64,9510863533,2022-08-19T09:58:46.000Z,4,energy;layer-1;paal-ecosystem;depin,HISTORICAL_APPROXIMATION,CMC snapshot tags vary by snapshot date (drift test: tags(2024)!=tags(2026)); taxonomy drift unverified,,,,,,NONE
2024-06-01,473,ORBS,Orbs,3835,orbs,0.03265346,103437027.5,2543105.13,3167720359,2019-04-03T00:00:00.000Z,3,services;enterprise-solutions;dwf-labs-portfolio,HISTORICAL_APPROXIMATION,CMC snapshot tags vary by snapshot date (drift test: tags(2024)!=tags(2026)); taxonomy drift unverified,ORBS,2023-10-13T20:00:00Z,True,,,SYMBOL_MATCH
2024-06-01,474,AITECH,Solidus Ai Tech,19055,solidus-ai-tech,0.16606652,101756819.5,10599104.9,612747349,2022-03-24T17:28:30.000Z,3,ai-big-data;binance-chain;seedify,HISTORICAL_APPROXIMATION,CMC snapshot tags vary by snapshot date (drift test: tags(2024)!=tags(2026)); taxonomy drift unverified,,,,,,NONE
2024-06-01,475,LOOM,Loom Network,2588,loom-network,0.08240282,100883370.9,3494059.1,1224270898,2018-03-14T00:00:00.000Z,6,platform;cosmos-ecosystem;enterprise-solutions;scaling;injective-ecosystem;bnb-chain,HISTORICAL_APPROXIMATION,CMC snapshot tags vary by snapshot date (drift test: tags(2024)!=tags(2026)); taxonomy drift unverified,LOOM,2023-09-28T23:00:00Z,True,,,SYMBOL_MATCH
2024-06-01,476,ZBCN,Zebec Network,30636,zebec-network,0.00197765,100630282.3,6347064.92,5.088364937e+10,2024-04-15T04:07:21.000Z,0,,HISTORICAL_APPROXIMATION,CMC snapshot tags vary by snapshot date (drift test: tags(2024)!=tags(2026)); taxonomy drift unverified,,,,,,NONE
2024-06-01,477,GPU,Node AI,29513,node-ai,1.0624288,100725494.1,1055269.14,94806818.43,2024-02-23T07:23:55.000Z,6,ai-big-data;distributed-computing;masternodes;ethereum-ecosystem;telegram-bot;depin,HISTORICAL_APPROXIMATION,CMC snapshot tags vary by snapshot date (drift test: tags(2024)!=tags(2026)); taxonomy drift unverified,,,,,,NONE
2024-06-01,478,CGPT,ChainGPT,23756,chaingpt,0.21414965,100645137.2,7357565.46,469975717,2023-04-10T12:12:43.000Z,17,media;platform;ai-big-data;collectibles-nfts;content-creation;defi,HISTORICAL_APPROXIMATION,CMC snapshot tags vary by snapshot date (drift test: tags(2024)!=tags(2026)); taxonomy drift unverified,,,,,,NONE
2024-06-01,479,TLOS,Telos,4660,telos,0.26643109,100064503.8,9575309.85,375573675,2019-09-17T00:00:00.000Z,8,medium-of-exchange;services;enterprise-solutions;collectibles-nfts;defi;zero-knowledge-proofs,HISTORICAL_APPROXIMATION,CMC snapshot tags vary by snapshot date (drift test: tags(2024)!=tags(2026)); taxonomy drift unverified,,,,,,NONE
2024-06-01,480,DAR,Mines of Dalarnia,11374,mines-of-dalarnia,0.17935188,99945235.12,19317384.35,557257796.9,2021-08-24T00:00:00.000Z,7,collectibles-nfts;gaming;binance-launchpool;metaverse;chromia-ecosystem;play-to-earn,HISTORICAL_APPROXIMATION,CMC snapshot tags vary by snapshot date (drift test: tags(2024)!=tags(2026)); taxonomy drift unverified,,,,,,NONE
2024-06-01,481,GF,GuildFi,15585,guildfi,0.39547547,99740061.5,2239.28,252202901.2,2021-12-05T00:18:20.000Z,9,gaming;coinbase-ventures-portfolio;alameda-research-portfolio;pantera-capital-portfolio;play-to-earn;animoca-brands-portfolio,HISTORICAL_APPROXIMATION,CMC snapshot tags vary by snapshot date (drift test: tags(2024)!=tags(2026)); taxonomy drift unverified,,,,,,NONE
2024-06-01,482,ACA,Acala Token,6756,acala,0.10281311,98957618.53,2484701.72,962499997,2020-08-28T00:00:00.000Z,7,defi;substrate;polkadot;polkadot-ecosystem;arrington-xrp-capital-portfolio;spartan-group,HISTORICAL_APPROXIMATION,CMC snapshot tags vary by snapshot date (drift test: tags(2024)!=tags(2026)); taxonomy drift unverified,,,,,,NONE
2024-06-01,483,OMG,OMG Network,1808,omg,0.70580819,98986350.98,10264918.12,140245398.2,2017-07-14T00:00:00.000Z,7,medium-of-exchange;payments;scaling;state-channel;pantera-capital-portfolio;sec-security-token,HISTORICAL_APPROXIMATION,CMC snapshot tags vary by snapshot date (drift test: tags(2024)!=tags(2026)); taxonomy drift unverified,,,,,,NONE
2024-06-01,484,EWT,Energy Web Token,5268,energy-web-token,3.29131288,98943901.92,1258697.58,30062138,2020-03-28T00:00:00.000Z,5,energy;enterprise-solutions;identity;substrate;polkadot-ecosystem,HISTORICAL_APPROXIMATION,CMC snapshot tags vary by snapshot date (drift test: tags(2024)!=tags(2026)); taxonomy drift unverified,,,,EWT-USDT-SWAP,2026-06-03T10:00:00Z,SYMBOL_MATCH
2024-06-01,485,WZRD,Bitcoin Wizards,30491,bitcoin-wizards,5.11920312,107503265.6,245367.72,21000000,2024-04-10T02:43:27.000Z,3,bitcoin-ecosystem;brc-20;inscriptions,HISTORICAL_APPROXIMATION,CMC snapshot tags vary by snapshot date (drift test: tags(2024)!=tags(2026)); taxonomy drift unverified,,,,,,NONE
2024-06-01,486,PNG,Pangolin,8422,pangolin,0.45032567,98339404.1,1154901.83,218373971,2021-02-10T00:00:00.000Z,3,decentralized-exchange-dex-token;avalanche-ecosystem;olympus-pro-ecosystem,HISTORICAL_APPROXIMATION,CMC snapshot tags vary by snapshot date (drift test: tags(2024)!=tags(2026)); taxonomy drift unverified,,,,,,NONE
2024-06-01,487,GFI,Goldfinch,13967,goldfinch-protocol,3.36465878,98030296.48,3648248.48,29135286.2,2021-11-05T12:19:13.000Z,1,real-world-assets,HISTORICAL_APPROXIMATION,CMC snapshot tags vary by snapshot date (drift test: tags(2024)!=tags(2026)); taxonomy drift unverified,,,,,,NONE
2024-06-01,488,ARDR,Ardor,1320,ardor,0.09722349,97126214.57,5326204.69,998999495,2016-07-23T00:00:00.000Z,3,platform;enterprise-solutions;state-channel,HISTORICAL_APPROXIMATION,CMC snapshot tags vary by snapshot date (drift test: tags(2024)!=tags(2026)); taxonomy drift unverified,,,,,,NONE
2024-06-01,489,XPLA,XPLA,22359,xpla,0.16753584,96618993.04,828590.44,576706425,2022-10-24T06:03:39.000Z,3,cosmos-ecosystem;gaming;play-to-earn,HISTORICAL_APPROXIMATION,CMC snapshot tags vary by snapshot date (drift test: tags(2024)!=tags(2026)); taxonomy drift unverified,,,,,,NONE
2024-06-01,490,RAD,Radworks,6843,radworks,1.86579444,96677026.17,4300624.82,51815475.45,2020-09-01T00:00:00.000Z,5,dao;coinbase-ventures-portfolio;fabric-ventures-portfolio;placeholder-ventures-portfolio;web3,HISTORICAL_APPROXIMATION,CMC snapshot tags vary by snapshot date (drift test: tags(2024)!=tags(2026)); taxonomy drift unverified,,,,,,NONE
2024-06-01,491,XVG,Verge,693,verge,0.005832,96355949.34,4263490.76,1.652195124e+10,2014-10-25T00:00:00.000Z,3,mineable;multiple-algorithms;medium-of-exchange,HISTORICAL_APPROXIMATION,CMC snapshot tags vary by snapshot date (drift test: tags(2024)!=tags(2026)); taxonomy drift unverified,,,,,,NONE
2024-06-01,492,SNEK,Snek,25264,snek,0.00131289,96150195.26,2075462.33,7.323534305e+10,2023-05-14T20:05:46.000Z,2,memes;cardano-ecosystem,HISTORICAL_APPROXIMATION,CMC snapshot tags vary by snapshot date (drift test: tags(2024)!=tags(2026)); taxonomy drift unverified,,,,,,NONE
2024-06-01,493,VELO,Velodrome Finance,20435,velodrome-finance,0.13944995,95990483.67,3385729.7,688350807.6,2022-06-02T20:23:25.000Z,2,decentralized-exchange-dex-token;optimism-ecosystem,HISTORICAL_APPROXIMATION,CMC snapshot tags vary by snapshot date (drift test: tags(2024)!=tags(2026)); taxonomy drift unverified,,,,,,NONE
2024-06-01,494,AURORA,Aurora,14803,aurora-near,0.20276058,95167440.27,1782563.36,469358685,2021-11-19T03:03:36.000Z,4,near-protocol-ecosystem;okx-ventures-portfolio;injective-ecosystem;dwf-labs-portfolio,HISTORICAL_APPROXIMATION,CMC snapshot tags vary by snapshot date (drift test: tags(2024)!=tags(2026)); taxonomy drift unverified,,,,,,NONE
2024-06-01,495,CUDOS,CUDOS,8258,cudos,0.01626973,95066581.26,551543.65,5843157717,2021-01-13T00:00:00.000Z,15,cosmos-ecosystem;vr-ar;ai-big-data;distributed-computing;gaming;scaling,HISTORICAL_APPROXIMATION,CMC snapshot tags vary by snapshot date (drift test: tags(2024)!=tags(2026)); taxonomy drift unverified,,,,,,NONE
2024-06-01,496,GHX,GamerCoin,6554,gamercoin,0.14572688,94717391.87,4266163.17,649965123.4,2020-08-12T00:00:00.000Z,3,gaming;binance-smart-chain;paal-ecosystem,HISTORICAL_APPROXIMATION,CMC snapshot tags vary by snapshot date (drift test: tags(2024)!=tags(2026)); taxonomy drift unverified,,,,,,NONE
2024-06-01,497,QI,BENQI,9288,benqi,0.02016774,93823961.64,11590688.32,4652180892,2021-04-19T00:00:00.000Z,7,defi;binance-launchpool;avalanche-ecosystem;lending-borowing;arrington-xrp-capital-portfolio;spartan-group,HISTORICAL_APPROXIMATION,CMC snapshot tags vary by snapshot date (drift test: tags(2024)!=tags(2026)); taxonomy drift unverified,,,,,,NONE
2024-06-01,498,OZO,Ozone Chain,28076,ozone-chain,0.21559227,94232982.24,152846.58,437088875,2023-09-25T04:04:14.000Z,5,ai-big-data;zero-knowledge-proofs;quantum-resistant;real-world-assets;layer-1,HISTORICAL_APPROXIMATION,CMC snapshot tags vary by snapshot date (drift test: tags(2024)!=tags(2026)); taxonomy drift unverified,,,,,,NONE
2024-06-01,499,LOOKS,LooksRare,17081,looksrare,0.09320638,93200939.63,2347738.77,999941673,2022-01-10T10:44:52.000Z,1,collectibles-nfts,HISTORICAL_APPROXIMATION,CMC snapshot tags vary by snapshot date (drift test: tags(2024)!=tags(2026)); taxonomy drift unverified,,,,,,NONE
2024-06-01,500,LTO,LTO Network,3714,lto-network,0.21717751,93050100.85,3331237.8,428451834.8,2019-02-05T00:00:00.000Z,8,pos;platform;enterprise-solutions;collectibles-nfts;dao-maker;bnb-chain,HISTORICAL_APPROXIMATION,CMC snapshot tags vary by snapshot date (drift test: tags(2024)!=tags(2026)); taxonomy drift unverified,,,,,,NONE
2025-01-01,1,BTC,Bitcoin,1,bitcoin,94419.75751,1.86992098e+12,2.451988892e+10,19804340,2010-07-13T00:00:00.000Z,31,mineable;pow;sha-256;store-of-value;state-channel;coinbase-ventures-portfolio,HISTORICAL_APPROXIMATION,CMC snapshot tags vary by snapshot date (drift test: tags(2024)!=tags(2026)); taxonomy drift unverified,BTC,2023-05-12T00:00:00Z,False,BTC-USDT-SWAP,2019-11-12T11:16:48Z,SYMBOL_MATCH
2025-01-01,2,ETH,Ethereum,1027,ethereum,3353.504174,4.040116892e+11,1.419541049e+10,120474485.3,2015-08-07T00:00:00.000Z,29,pos;smart-contracts;ethereum-ecosystem;coinbase-ventures-portfolio;three-arrows-capital-portfolio;polychain-capital-portfolio,HISTORICAL_APPROXIMATION,CMC snapshot tags vary by snapshot date (drift test: tags(2024)!=tags(2026)); taxonomy drift unverified,ETH,2023-05-12T00:00:00Z,False,ETH-USDT-SWAP,2019-11-12T11:16:48Z,SYMBOL_MATCH
2025-01-01,3,XRP,XRP,52,xrp,2.32234085,1.333261157e+11,7677226237,5.741022704e+10,2013-08-04T00:00:00.000Z,8,medium-of-exchange;enterprise-solutions;arrington-xrp-capital-portfolio;galaxy-digital-portfolio;a16z-portfolio;pantera-capital-portfolio,HISTORICAL_APPROXIMATION,CMC snapshot tags vary by snapshot date (drift test: tags(2024)!=tags(2026)); taxonomy drift unverified,XRP,2023-06-18T00:00:00Z,False,XRP-USDT-SWAP,2019-11-12T11:16:48Z,SYMBOL_MATCH
2025-01-01,4,USDT,Tether USDt,825,tether,0.99784281,1.371361951e+11,6.850273582e+10,1.374326642e+11,2015-02-25T00:00:00.000Z,11,stablecoin;asset-backed-stablecoin;avalanche-ecosystem;solana-ecosystem;arbitrum-ecosytem;moonriver-ecosystem,HISTORICAL_APPROXIMATION,CMC snapshot tags vary by snapshot date (drift test: tags(2024)!=tags(2026)); taxonomy drift unverified,,,,,,NONE
2025-01-01,5,BNB,BNB,1839,bnb,706.512919,1.017427837e+11,1420234997,144006968.6,2017-07-25T00:00:00.000Z,10,marketplace;centralized-exchange;payments;smart-contracts;alameda-research-portfolio;multicoin-capital-portfolio,HISTORICAL_APPROXIMATION,CMC snapshot tags vary by snapshot date (drift test: tags(2024)!=tags(2026)); taxonomy drift unverified,BNB,2023-05-12T00:00:00Z,False,BNB-USDT-SWAP,2022-12-23T06:53:48Z,SYMBOL_MATCH
2025-01-01,6,SOL,Solana,5426,solana,193.8737344,9.360630077e+10,2324231668,482820950.9,2020-04-10T00:00:00.000Z,12,pos;platform;solana-ecosystem;cms-holdings-portfolio;kenetic-capital-portfolio;alameda-research-portfolio,HISTORICAL_APPROXIMATION,CMC snapshot tags vary by snapshot date (drift test: tags(2024)!=tags(2026)); taxonomy drift unverified,SOL,2023-05-12T00:00:00Z,False,SOL-USDT-SWAP,2021-01-22T07:00:00Z,SYMBOL_MATCH
2025-01-01,7,DOGE,Dogecoin,74,dogecoin,0.32430574,4.781853328e+10,1532271286,1.474489264e+11,2013-12-15T00:00:00.000Z,9,mineable;pow;scrypt;medium-of-exchange;memes;payments,HISTORICAL_APPROXIMATION,CMC snapshot tags vary by snapshot date (drift test: tags(2024)!=tags(2026)); taxonomy drift unverified,DOGE,2023-05-12T00:00:00Z,False,DOGE-USDT-SWAP,2020-04-21T10:12:51Z,SYMBOL_MATCH
2025-01-01,8,USDC,USDC,3408,usd-coin,0.99994508,4.371387187e+10,4814331123,4.37162726e+10,2018-10-08T00:00:00.000Z,13,medium-of-exchange;stablecoin;asset-backed-stablecoin;coinbase-ventures-portfolio;solana-ecosystem;hedera-hashgraph-ecosystem,HISTORICAL_APPROXIMATION,CMC snapshot tags vary by snapshot date (drift test: tags(2024)!=tags(2026)); taxonomy drift unverified,,,,USDC-USDT-SWAP,2023-03-12T07:55:00Z,SYMBOL_MATCH
2025-01-01,9,ADA,Cardano,2010,cardano,0.91759182,3.224397588e+10,926095054.1,3.513978127e+10,2017-10-01T00:00:00.000Z,11,dpos;pos;platform;research;smart-contracts;staking,HISTORICAL_APPROXIMATION,CMC snapshot tags vary by snapshot date (drift test: tags(2024)!=tags(2026)); taxonomy drift unverified,ADA,2023-10-22T06:00:00Z,False,ADA-USDT-SWAP,2020-02-28T11:16:48Z,SYMBOL_MATCH
2025-01-01,10,TRX,TRON,1958,tron,0.25531409,2.2007317e+10,455436491.6,8.619703433e+10,2017-09-13T00:00:00.000Z,7,media;payments;tron-ecosystem;layer-1;dwf-labs-portfolio;alleged-sec-securities,HISTORICAL_APPROXIMATION,CMC snapshot tags vary by snapshot date (drift test: tags(2024)!=tags(2026)); taxonomy drift unverified,TRX,2023-08-06T16:00:00Z,False,TRX-USDT-SWAP,2019-11-12T11:16:48Z,SYMBOL_MATCH
2025-01-01,11,AVAX,Avalanche,5805,avalanche,37.69343775,1.545120115e+10,334807161.8,409917536.7,2020-07-13T00:00:00.000Z,9,defi;smart-contracts;three-arrows-capital-portfolio;polychain-capital-portfolio;avalanche-ecosystem;cms-holdings-portfolio,HISTORICAL_APPROXIMATION,CMC snapshot tags vary by snapshot date (drift test: tags(2024)!=tags(2026)); taxonomy drift unverified,AVAX,2023-05-12T00:00:00Z,False,AVAX-USDT-SWAP,2020-09-23T06:00:00Z,SYMBOL_MATCH
2025-01-01,12,LINK,Chainlink,1975,chainlink,21.67484418,1.383071743e+10,670017230.3,638099970.5,2017-09-20T00:00:00.000Z,20,platform;defi;oracles;smart-contracts;substrate;polkadot,HISTORICAL_APPROXIMATION,CMC snapshot tags vary by snapshot date (drift test: tags(2024)!=tags(2026)); taxonomy drift unverified,LINK,2023-05-18T08:00:00Z,False,LINK-USDT-SWAP,2020-02-28T11:16:48Z,SYMBOL_MATCH
2025-01-01,13,TON,Toncoin,11419,toncoin,5.50212522,1.397076319e+10,151705343.4,2539157620,2021-08-26T13:40:22.000Z,5,pos;layer-1;ftx-bankruptcy-estate;dwf-labs-portfolio;toncoin-ecosystem,HISTORICAL_APPROXIMATION,CMC snapshot tags vary by snapshot date (drift test: tags(2024)!=tags(2026)); taxonomy drift unverified,TON,2023-10-22T06:00:00Z,True,,,SYMBOL_MATCH
2025-01-01,14,XLM,Stellar,512,stellar,0.42377648,1.2831954e+10,1812934891,3.028000502e+10,2014-08-05T00:00:00.000Z,6,medium-of-exchange;enterprise-solutions;decentralized-exchange-dex-token;smart-contracts;hashkey-capital-portfolio;2017-2018-alt-season,HISTORICAL_APPROXIMATION,CMC snapshot tags vary by snapshot date (drift test: tags(2024)!=tags(2026)); taxonomy drift unverified,XLM,2024-11-23T03:00:00Z,False,XLM-USDT-SWAP,2020-04-21T10:12:51Z,SYMBOL_MATCH
2025-01-01,15,SHIB,Shiba Inu,5994,shiba-inu,2.165e-05,1.275482627e+10,344366719.9,5.892554054e+14,2020-08-01T00:00:00.000Z,3,memes;ethereum-ecosystem;doggone-doggerel,HISTORICAL_APPROXIMATION,CMC snapshot tags vary by snapshot date (drift test: tags(2024)!=tags(2026)); taxonomy drift unverified,,,,SHIB-USDT-SWAP,2021-05-09T09:00:00Z,SYMBOL_MATCH
2025-01-01,16,SUI,Sui,20947,sui,4.27498415,1.286586124e+10,725360427.5,3009569342,2022-07-12T08:03:11.000Z,8,binance-launchpool;coinbase-ventures-portfolio;binance-labs-portfolio;electric-capital-portfolio;a16z-portfolio;sui-ecosystem,HISTORICAL_APPROXIMATION,CMC snapshot tags vary by snapshot date (drift test: tags(2024)!=tags(2026)); taxonomy drift unverified,SUI,2023-05-12T00:00:00Z,False,SUI-USDT-SWAP,2023-05-05T03:55:00Z,SYMBOL_MATCH
2025-01-01,17,HBAR,Hedera,4642,hedera,0.29392072,1.12431032e+10,935976944,3.825216255e+10,2019-09-17T00:00:00.000Z,9,dag;marketplace;enterprise-solutions;defi;payments;dcg-portfolio,HISTORICAL_APPROXIMATION,CMC snapshot tags vary by snapshot date (drift test: tags(2024)!=tags(2026)); taxonomy drift unverified,HBAR,2024-04-24T06:00:00Z,False,HBAR-USDT-SWAP,2023-08-16T05:55:00Z,SYMBOL_MATCH
2025-01-01,18,BGB,Bitget Token,11092,bitget-token-new,5.91410924,1.182821849e+10,510371837,2000000000,2021-07-29T00:00:00.000Z,1,centralized-exchange,HISTORICAL_APPROXIMATION,CMC snapshot tags vary by snapshot date (drift test: tags(2024)!=tags(2026)); taxonomy drift unverified,,,,,,NONE
2025-01-01,19,DOT,Polkadot,6636,polkadot-new,7.02834746,1.07858038e+10,231933496.4,1534614484,2020-08-19T00:00:00.000Z,21,substrate;polkadot;polkadot-ecosystem;three-arrows-capital-portfolio;polychain-capital-portfolio;arrington-xrp-capital-portfolio,HISTORICAL_APPROXIMATION,CMC snapshot tags vary by snapshot date (drift test: tags(2024)!=tags(2026)); taxonomy drift unverified,DOT,2023-09-12T12:00:00Z,False,DOT-USDT-SWAP,2020-08-25T10:12:51Z,SYMBOL_MATCH
2025-01-01,20,BCH,Bitcoin Cash,1831,bitcoin-cash,449.3598721,8901820471,292109398.2,19810003.12,2017-07-23T00:00:00.000Z,11,mineable;pow;sha-256;marketplace;medium-of-exchange;store-of-value,HISTORICAL_APPROXIMATION,CMC snapshot tags vary by snapshot date (drift test: tags(2024)!=tags(2026)); taxonomy drift unverified,BCH,2023-06-30T03:00:00Z,False,BCH-USDT-SWAP,2019-11-12T11:16:48Z,SYMBOL_MATCH
2025-01-01,21,HYPE,Hyperliquid,32196,hyperliquid,26.32218152,8789718169,173772319.2,333928180,2024-07-15T10:14:50.000Z,4,decentralized-exchange-dex-token;derivatives;layer-1;hyperliquid-ecosystem,HISTORICAL_APPROXIMATION,CMC snapshot tags vary by snapshot date (drift test: tags(2024)!=tags(2026)); taxonomy drift unverified,HYPE,2024-12-05T10:00:00Z,False,HYPE-USDT-SWAP,2025-02-21T07:00:00Z,SYMBOL_MATCH
2025-01-01,22,LEO,UNUS SED LEO,3957,unus-sed-leo,9.07559072,8389494137,3568645.57,924401991.9,2019-05-21T00:00:00.000Z,6,marketplace;centralized-exchange;discount-token;payments;kenetic-capital-portfolio;alameda-research-portfolio,HISTORICAL_APPROXIMATION,CMC snapshot tags vary by snapshot date (drift test: tags(2024)!=tags(2026)); taxonomy drift unverified,,,,,,NONE
2025-01-01,23,UNI,Uniswap,7083,uniswap,13.60094203,8167135474,255532420.8,600483073.7,2020-09-17T00:00:00.000Z,19,decentralized-exchange-dex-token;defi;dao;yield-farming;amm;coinbase-ventures-portfolio,HISTORICAL_APPROXIMATION,CMC snapshot tags vary by snapshot date (drift test: tags(2024)!=tags(2026)); taxonomy drift unverified,UNI,2023-08-11T23:00:00Z,False,UNI-USDT-SWAP,2020-09-17T04:30:00Z,SYMBOL_MATCH
2025-01-01,24,PEPE,Pepe,24478,pepe,1.941e-05,8166466733,1861512041,4.206899e+14,2023-04-17T06:18:08.000Z,1,memes,HISTORICAL_APPROXIMATION,CMC snapshot tags vary by snapshot date (drift test: tags(2024)!=tags(2026)); taxonomy drift unverified,,,,PEPE-USDT-SWAP,2023-05-03T03:55:01Z,SYMBOL_MATCH
2025-01-01,25,LTC,Litecoin,2,litecoin,104.8120902,7899988527,532072625.5,75372874.55,2013-04-28T00:00:00.000Z,5,mineable;pow;scrypt;medium-of-exchange;2017-2018-alt-season,HISTORICAL_APPROXIMATION,CMC snapshot tags vary by snapshot date (drift test: tags(2024)!=tags(2026)); taxonomy drift unverified,LTC,2023-05-12T00:00:00Z,False,LTC-USDT-SWAP,2019-11-12T11:16:48Z,SYMBOL_MATCH
2025-01-01,26,NEAR,NEAR Protocol,6535,near-protocol,5.27605259,6160930993,251935707.7,1167715993,2020-08-11T00:00:00.000Z,18,platform;ai-big-data;staking;coinbase-ventures-portfolio;three-arrows-capital-portfolio;arrington-xrp-capital-portfolio,HISTORICAL_APPROXIMATION,CMC snapshot tags vary by snapshot date (drift test: tags(2024)!=tags(2026)); taxonomy drift unverified,NEAR,2023-11-01T17:00:00Z,False,NEAR-USDT-SWAP,2020-12-21T10:00:00Z,SYMBOL_MATCH
2025-01-01,27,USDe,Ethena USDe,29470,ethena-usde,0.99722181,5859497740,31736572.03,5875821896,2024-02-20T11:05:01.000Z,6,stablecoin;asset-backed-stablecoin;binance-labs-portfolio;dragonfly-capital-portfolio;usd-stablecoin;eigenlayer-ecosystem,HISTORICAL_APPROXIMATION,CMC snapshot tags vary by snapshot date (drift test: tags(2024)!=tags(2026)); taxonomy drift unverified,,,,,,NONE
2025-01-01,28,DAI,Dai,4943,multi-collateral-dai,0.99979273,5364270624,135438825.1,5365382703,2019-11-22T00:00:00.000Z,13,defi;stablecoin;asset-backed-stablecoin;ethereum-ecosystem;avalanche-ecosystem;polygon-ecosystem,HISTORICAL_APPROXIMATION,CMC snapshot tags vary by snapshot date (drift test: tags(2024)!=tags(2026)); taxonomy drift unverified,,,,,,NONE
2025-01-01,29,ICP,Internet Computer,8916,internet-computer,10.48941302,5015624386,128538876.8,478160634.6,2021-03-23T00:00:00.000Z,13,platform;ai-big-data;smart-contracts;polychain-capital-portfolio;electric-capital-portfolio;fenbushi-capital-portfolio,HISTORICAL_APPROXIMATION,CMC snapshot tags vary by snapshot date (drift test: tags(2024)!=tags(2026)); taxonomy drift unverified,ICP,2025-11-08T04:00:00Z,False,ICP-USDT-SWAP,2021-05-14T09:00:00Z,SYMBOL_MATCH
2025-01-01,30,APT,Aptos,21794,aptos,9.00381694,5023395126,209303272.4,557918398.5,2022-10-19T01:50:25.000Z,6,binance-labs-portfolio;aptos-ecosystem;circle-ventures-portfolio;layer-1;ftx-bankruptcy-estate;move-vm,HISTORICAL_APPROXIMATION,CMC snapshot tags vary by snapshot date (drift test: tags(2024)!=tags(2026)); taxonomy drift unverified,APT,2023-06-30T03:00:00Z,False,APT-USDT-SWAP,2022-10-19T01:18:48Z,SYMBOL_MATCH
2025-01-01,31,AAVE,Aave,7278,aave,319.3460056,4802293181,505837553.5,15037899.63,2020-10-02T00:00:00.000Z,16,defi;dao;yield-farming;three-arrows-capital-portfolio;governance;lending-borowing,HISTORICAL_APPROXIMATION,CMC snapshot tags vary by snapshot date (drift test: tags(2024)!=tags(2026)); taxonomy drift unverified,AAVE,2023-07-18T00:00:00Z,False,AAVE-USDT-SWAP,2020-12-10T06:00:00Z,SYMBOL_MATCH
2025-01-01,32,VIRTUAL,Virtuals Protocol,29420,virtual-protocol,4.6198959,4619895902,383054480.8,1000000000,2024-02-15T07:33:29.000Z,7,ai-big-data;metaverse;generative-ai;base-ecosystem;ai-agents;virtuals-protocol-ecosystem,HISTORICAL_APPROXIMATION,CMC snapshot tags vary by snapshot date (drift test: tags(2024)!=tags(2026)); taxonomy drift unverified,VIRTUAL,2024-12-16T05:00:00Z,False,VIRTUAL-USDT-SWAP,2024-12-11T10:00:00Z,SYMBOL_MATCH
2025-01-01,33,MNT,Mantle,27075,mantle,1.25398843,4219287825,129747386.8,3364694383,2023-07-17T11:00:31.000Z,3,ethereum-ecosystem;layer-2;dwf-labs-portfolio,HISTORICAL_APPROXIMATION,CMC snapshot tags vary by snapshot date (drift test: tags(2024)!=tags(2026)); taxonomy drift unverified,MNT,2024-04-05T02:00:00Z,False,,,SYMBOL_MATCH
2025-01-01,34,CRO,Cronos,3635,cronos,0.1503237,3994335330,33371185.42,2.65715607e+10,2018-12-14T00:00:00.000Z,7,medium-of-exchange;cosmos-ecosystem;centralized-exchange;mobile;payments;injective-ecosystem,HISTORICAL_APPROXIMATION,CMC snapshot tags vary by snapshot date (drift test: tags(2024)!=tags(2026)); taxonomy drift unverified,,,,CRO-USDT-SWAP,2021-04-08T09:00:00Z,SYMBOL_MATCH
2025-01-01,35,POL,POL (ex-MATIC),28321,polygon-ecosystem-token,0.47272588,3968724386,153007189.6,8395403201,2023-10-30T14:43:57.000Z,0,,HISTORICAL_APPROXIMATION,CMC snapshot tags vary by snapshot date (drift test: tags(2024)!=tags(2026)); taxonomy drift unverified,POL,2024-09-17T07:00:00Z,False,POL-USDT-SWAP,2024-09-24T08:30:00Z,SYMBOL_MATCH
2025-01-01,36,ETC,Ethereum Classic,1321,ethereum-classic,25.75783167,3868396071,194369936.2,150183296.5,2016-07-24T00:00:00.000Z,7,mineable;pow;ethash;platform;smart-contracts;dcg-portfolio,HISTORICAL_APPROXIMATION,CMC snapshot tags vary by snapshot date (drift test: tags(2024)!=tags(2026)); taxonomy drift unverified,ETC,2024-01-12T01:00:00Z,False,ETC-USDT-SWAP,2019-11-12T11:16:48Z,SYMBOL_MATCH
2025-01-01,37,VET,VeChain,3077,vechain,0.04655311,3770105314,68947306.04,8.098504118e+10,2017-08-22T00:00:00.000Z,6,logistics;data-provenance;iot;smart-contracts;fenbushi-capital-portfolio;real-world-assets,HISTORICAL_APPROXIMATION,CMC snapshot tags vary by snapshot date (drift test: tags(2024)!=tags(2026)); taxonomy drift unverified,,,,,,NONE
2025-01-01,38,RENDER,Render,5690,render,7.17131501,3712573478,260318272.8,517697726.7,2020-06-11T00:00:00.000Z,17,art;media;vr-ar;ai-big-data;distributed-computing;collectibles-nfts,HISTORICAL_APPROXIMATION,CMC snapshot tags vary by snapshot date (drift test: tags(2024)!=tags(2026)); taxonomy drift unverified,RENDER,2024-07-31T11:00:00Z,False,RENDER-USDT-SWAP,2024-08-08T08:30:00Z,SYMBOL_MATCH
2025-01-01,39,TAO,Bittensor,22974,bittensor,488.4652167,3605330503,148219830.7,7380936,2023-03-06T05:20:00.000Z,10,ai-big-data;distributed-computing;oracles;dao;polkadot-ecosystem;polychain-capital-portfolio,HISTORICAL_APPROXIMATION,CMC snapshot tags vary by snapshot date (drift test: tags(2024)!=tags(2026)); taxonomy drift unverified,TAO,2024-02-19T14:00:00Z,False,TAO-USDT-SWAP,2024-09-20T05:00:00Z,SYMBOL_MATCH
2025-01-01,40,OM,MANTRA,6536,mantra,3.78395974,3627598152,32929460.48,958677787,2020-08-11T00:00:00.000Z,8,cosmos-ecosystem;defi;dao;kenetic-capital-portfolio;exnetwork-capital-portfolio;polygon-ecosystem,HISTORICAL_APPROXIMATION,CMC snapshot tags vary by snapshot date (drift test: tags(2024)!=tags(2026)); taxonomy drift unverified,OM,2025-02-16T16:00:00Z,True,,,SYMBOL_MATCH
2025-01-01,41,XMR,Monero,328,monero,195.4040862,3604569169,26839218.62,18446744.07,2014-05-21T00:00:00.000Z,9,mineable;pow;medium-of-exchange;privacy;ringct;boostvc-portfolio,HISTORICAL_APPROXIMATION,CMC snapshot tags vary by snapshot date (drift test: tags(2024)!=tags(2026)); taxonomy drift unverified,XMR,2026-01-15T09:00:00Z,False,,,SYMBOL_MATCH
2025-01-01,42,ALGO,Algorand,4030,algorand,0.37626952,3130716492,293751245.2,8320409597,2019-06-20T00:00:00.000Z,12,pos;platform;research;smart-contracts;arrington-xrp-capital-portfolio;kenetic-capital-portfolio,HISTORICAL_APPROXIMATION,CMC snapshot tags vary by snapshot date (drift test: tags(2024)!=tags(2026)); taxonomy drift unverified,ALGO,2024-12-04T13:00:00Z,False,ALGO-USDT-SWAP,2020-04-21T10:12:51Z,SYMBOL_MATCH
2025-01-01,43,FET,Artificial Superintelligence Alliance,3773,artificial-superintelligence-alliance,1.31680191,3213597687,177445449.7,2440456431,2019-03-02T00:00:00.000Z,10,cosmos-ecosystem;ai-big-data;collectibles-nfts;iot;binance-launchpad;web3,HISTORICAL_APPROXIMATION,CMC snapshot tags vary by snapshot date (drift test: tags(2024)!=tags(2026)); taxonomy drift unverified,FET,2023-10-26T16:00:00Z,False,,,SYMBOL_MATCH
2025-01-01,44,FIL,Filecoin,2280,filecoin,5.10860585,3159015535,195787944.5,618371358,2017-12-13T00:00:00.000Z,18,mineable;ai-big-data;distributed-computing;filesharing;storage;polychain-capital-portfolio,HISTORICAL_APPROXIMATION,CMC snapshot tags vary by snapshot date (drift test: tags(2024)!=tags(2026)); taxonomy drift unverified,FIL,2023-11-14T04:00:00Z,False,FIL-USDT-SWAP,2019-08-10T10:12:51Z,SYMBOL_MATCH
2025-01-01,45,ARB,Arbitrum,11841,arbitrum,0.74469232,3135238029,195924019.8,4210111968,2023-03-23T12:50:11.000Z,11,scaling;dao;dapp;ethereum-ecosystem;polychain-capital-portfolio;layer-2,HISTORICAL_APPROXIMATION,CMC snapshot tags vary by snapshot date (drift test: tags(2024)!=tags(2026)); taxonomy drift unverified,ARB,2023-05-12T00:00:00Z,False,ARB-USDT-SWAP,2023-03-23T14:01:34Z,SYMBOL_MATCH
2025-01-01,46,KAS,Kaspa,20396,kaspa,0.11694802,2978741504,75598839.25,2.547064487e+10,2022-06-01T00:03:58.000Z,6,mineable;dag;pow;store-of-value;polychain-capital-portfolio;layer-1,HISTORICAL_APPROXIMATION,CMC snapshot tags vary by snapshot date (drift test: tags(2024)!=tags(2026)); taxonomy drift unverified,KAS,2023-10-12T18:00:00Z,False,,,SYMBOL_MATCH
2025-01-01,47,OKB,OKB,3897,okb,48.42346039,2905407623,3909578.08,60000000,2019-04-30T00:00:00.000Z,5,marketplace;centralized-exchange;discount-token;alameda-research-portfolio;x1-ecosystem,HISTORICAL_APPROXIMATION,CMC snapshot tags vary by snapshot date (drift test: tags(2024)!=tags(2026)); taxonomy drift unverified,,,,OKB-USDT-SWAP,2025-09-04T02:00:00Z,SYMBOL_MATCH
2025-01-01,48,ENA,Ethena,30171,ethena,0.95751372,2812696556,216205390.4,2937500000,2024-03-29T04:42:08.000Z,3,defi;binance-labs-portfolio;okx-ventures-portfolio,HISTORICAL_APPROXIMATION,CMC snapshot tags vary by snapshot date (drift test: tags(2024)!=tags(2026)); taxonomy drift unverified,ENA,2024-04-02T14:00:00Z,False,ENA-USDT-SWAP,2025-09-17T07:30:00Z,SYMBOL_MATCH
2025-01-01,49,ATOM,Cosmos,3794,cosmos,6.52760665,2551864711,149462126.7,390934204,2019-03-14T00:00:00.000Z,13,platform;cosmos-ecosystem;content-creation;interoperability;polychain-capital-portfolio;dragonfly-capital-portfolio,HISTORICAL_APPROXIMATION,CMC snapshot tags vary by snapshot date (drift test: tags(2024)!=tags(2026)); taxonomy drift unverified,ATOM,2023-05-12T00:00:00Z,False,ATOM-USDT-SWAP,2019-11-12T11:16:48Z,SYMBOL_MATCH
2025-01-01,50,OP,Optimism,11840,optimism-ethereum,1.81462018,2452856645,187005992.2,1351719035,2022-05-31T16:19:46.000Z,3,layer-2;optimism-ecosystem;modular-blockchain,HISTORICAL_APPROXIMATION,CMC snapshot tags vary by snapshot date (drift test: tags(2024)!=tags(2026)); taxonomy drift unverified,OP,2023-05-12T00:00:00Z,False,OP-USDT-SWAP,2022-06-01T03:55:17Z,SYMBOL_MATCH
2025-01-01,51,PENGU,Pudgy Penguins,34466,pudgy-penguins,0.03925151,2449922005,1091664293,6.2416e+10,2024-12-17T14:00:00.000Z,5,collectibles-nfts;memes;solana-ecosystem;animal-memes;ip-memes,HISTORICAL_APPROXIMATION,CMC snapshot tags vary by snapshot date (drift test: tags(2024)!=tags(2026)); taxonomy drift unverified,PENGU,2024-12-17T15:00:00Z,False,PENGU-USDT-SWAP,2024-12-17T15:55:02Z,SYMBOL_MATCH
2025-01-01,52,STX,Stacks,4847,stacks,1.61128778,2428562250,140105811.5,1507218186,2019-10-28T00:00:00.000Z,16,mineable;platform;collectibles-nfts;defi;smart-contracts;metaverse,HISTORICAL_APPROXIMATION,CMC snapshot tags vary by snapshot date (drift test: tags(2024)!=tags(2026)); taxonomy drift unverified,STX,2023-05-18T08:00:00Z,False,STX-USDT-SWAP,2023-02-21T08:55:58Z,SYMBOL_MATCH
2025-01-01,53,THETA,Theta Network,2416,theta-network,2.35308457,2353084572,48362895.75,1000000000,2018-01-17T00:00:00.000Z,14,media;vr-ar;ai-big-data;distributed-computing;content-creation;entertainment,HISTORICAL_APPROXIMATION,CMC snapshot tags vary by snapshot date (drift test: tags(2024)!=tags(2026)); taxonomy drift unverified,,,,THETA-USDT-SWAP,2020-04-21T10:12:51Z,SYMBOL_MATCH
2025-01-01,54,TIA,Celestia,22861,celestia,4.85400048,2303002859,82350537.42,474454600.2,2023-10-31T16:51:41.000Z,6,platform;cosmos-ecosystem;modular-blockchain;egirl-capital-portfolio;data-availability;cmc-crypto-awards-2024,HISTORICAL_APPROXIMATION,CMC snapshot tags vary by snapshot date (drift test: tags(2024)!=tags(2026)); taxonomy drift unverified,TIA,2023-10-19T23:00:00Z,False,TIA-USDT-SWAP,2023-10-31T18:25:00Z,SYMBOL_MATCH
2025-01-01,55,IMX,Immutable,10603,immutable-x,1.34930953,2319845074,60263409.72,1719283101,2021-06-24T00:00:00.000Z,8,collectibles-nfts;zero-knowledge-proofs;gaming;scaling;layer-2;rollups,HISTORICAL_APPROXIMATION,CMC snapshot tags vary by snapshot date (drift test: tags(2024)!=tags(2026)); taxonomy drift unverified,IMX,2023-11-17T16:00:00Z,False,IMX-USDT-SWAP,2021-11-18T06:50:22Z,SYMBOL_MATCH
2025-01-01,56,BONK,Bonk,23095,bonk1,2.967e-05,2254170517,256464073.9,7.596939175e+13,2022-12-30T06:58:50.000Z,5,memes;solana-ecosystem;doggone-doggerel;dwf-labs-portfolio;cmc-crypto-awards-2024,HISTORICAL_APPROXIMATION,CMC snapshot tags vary by snapshot date (drift test: tags(2024)!=tags(2026)); taxonomy drift unverified,,,,BONK-USDT-SWAP,2024-01-08T06:26:57Z,SYMBOL_MATCH
2025-01-01,57,FTM,Fantom,3513,fantom,0.79908093,2240331138,525083268.1,2803634836,2018-10-29T00:00:00.000Z,10,platform;enterprise-solutions;defi;research;scaling;smart-contracts,HISTORICAL_APPROXIMATION,CMC snapshot tags vary by snapshot date (drift test: tags(2024)!=tags(2026)); taxonomy drift unverified,FTM,2023-05-25T00:00:00Z,True,,,SYMBOL_MATCH
2025-01-01,58,FDUSD,First Digital USD,26081,first-digital-usd,0.99747891,2167100361,3669651597,2172577619,2023-07-26T04:26:40.000Z,6,stablecoin;ethereum-ecosystem;binance-smart-chain;usd-stablecoin;sui-ecosystem;fiat-stablecoin,HISTORICAL_APPROXIMATION,CMC snapshot tags vary by snapshot date (drift test: tags(2024)!=tags(2026)); taxonomy drift unverified,,,,,,NONE
2025-01-01,59,ONDO,Ondo,21159,ondo-finance,1.45971561,2028654133,148942688.3,1389759838,2024-01-18T12:06:25.000Z,2,ethereum-ecosystem;real-world-assets,HISTORICAL_APPROXIMATION,CMC snapshot tags vary by snapshot date (drift test: tags(2024)!=tags(2026)); taxonomy drift unverified,ONDO,2024-01-20T15:00:00Z,False,ONDO-USDT-SWAP,2024-08-06T10:30:03Z,SYMBOL_MATCH
2025-01-01,60,INJ,Injective,7226,injective,20.49769064,2028675616,101651646.2,98970935.41,2020-09-29T00:00:00.000Z,15,pos;platform;cosmos-ecosystem;ai-big-data;defi;smart-contracts,HISTORICAL_APPROXIMATION,CMC snapshot tags vary by snapshot date (drift test: tags(2024)!=tags(2026)); taxonomy drift unverified,INJ,2023-05-12T00:00:00Z,False,INJ-USDT-SWAP,2023-11-30T11:55:00Z,SYMBOL_MATCH
2025-01-01,61,GRT,The Graph,6719,the-graph,0.20839755,1989890589,60506469.42,9548531509,2020-12-17T00:00:00.000Z,20,ai-big-data;enterprise-solutions;defi;coinbase-ventures-portfolio;solana-ecosystem;analytics,HISTORICAL_APPROXIMATION,CMC snapshot tags vary by snapshot date (drift test: tags(2024)!=tags(2026)); taxonomy drift unverified,,,,GRT-USDT-SWAP,2020-12-20T10:00:00Z,SYMBOL_MATCH
2025-01-01,62,MOVE,Movement,32452,movement,0.86348303,1942836816,297659823.8,2250000000,2024-07-29T03:27:27.000Z,3,layer-2;binance-labs-portfolio;move-vm,HISTORICAL_APPROXIMATION,CMC snapshot tags vary by snapshot date (drift test: tags(2024)!=tags(2026)); taxonomy drift unverified,MOVE,2024-12-11T05:00:00Z,False,MOVE-USDT-SWAP,2024-12-09T13:00:02Z,SYMBOL_MATCH
2025-01-01,63,WLD,Worldcoin,13502,worldcoin-org,2.22352157,1872218266,201840602.3,842005892.5,2021-10-28T15:31:43.000Z,9,privacy;zero-knowledge-proofs;identity;ethereum-ecosystem;governance;blockchain-capital-portfolio,HISTORICAL_APPROXIMATION,CMC snapshot tags vary by snapshot date (drift test: tags(2024)!=tags(2026)); taxonomy drift unverified,WLD,2023-07-24T14:00:00Z,False,WLD-USDT-SWAP,2023-07-24T11:55:21Z,SYMBOL_MATCH
2025-01-01,64,WIF,dogwifhat,28752,dogwifhat,1.85451882,1852376367,262535096.5,998844739,2023-12-19T09:08:50.000Z,3,memes;solana-ecosystem;doggone-doggerel,HISTORICAL_APPROXIMATION,CMC snapshot tags vary by snapshot date (drift test: tags(2024)!=tags(2026)); taxonomy drift unverified,WIF,2023-12-22T16:00:00Z,False,WIF-USDT-SWAP,2024-04-15T09:25:00Z,SYMBOL_MATCH
2025-01-01,65,SEI,Sei,23149,sei,0.41988118,1766766694,134442955.7,4207777777,2023-08-14T07:35:00.000Z,7,cosmos-ecosystem;coinbase-ventures-portfolio;multicoin-capital-portfolio;layer-1;jump-crypto;sei-ecosystem,HISTORICAL_APPROXIMATION,CMC snapshot tags vary by snapshot date (drift test: tags(2024)!=tags(2026)); taxonomy drift unverified,SEI,2023-08-15T13:00:00Z,False,SEI-USDT-SWAP,2025-11-14T07:30:01Z,SYMBOL_MATCH
2025-01-01,66,FLOKI,FLOKI,10804,floki-inu,0.00017763,1705435648,169790285,9.601111158e+12,2021-07-09T00:00:00.000Z,9,gaming;memes;metaverse;doggone-doggerel;play-to-earn;bnb-chain,HISTORICAL_APPROXIMATION,CMC snapshot tags vary by snapshot date (drift test: tags(2024)!=tags(2026)); taxonomy drift unverified,,,,FLOKI-USDT-SWAP,2023-02-20T06:55:00Z,SYMBOL_MATCH
2025-01-01,67,JASMY,JasmyCoin,8425,jasmy,0.03406489,1682635429,109276516.8,4.939499968e+10,2021-02-11T00:00:00.000Z,3,iot;ethereum-ecosystem;dwf-labs-portfolio,HISTORICAL_APPROXIMATION,CMC snapshot tags vary by snapshot date (drift test: tags(2024)!=tags(2026)); taxonomy drift unverified,,,,,,NONE
2025-01-01,68,LDO,Lido DAO,8000,lido-dao,1.80568364,1617977335,122505540,896046961.5,2020-12-15T00:00:00.000Z,9,defi;dao;three-arrows-capital-portfolio;paradigm-portfolio;arbitrum-ecosytem;liquid-staking-derivatives,HISTORICAL_APPROXIMATION,CMC snapshot tags vary by snapshot date (drift test: tags(2024)!=tags(2026)); taxonomy drift unverified,LDO,2023-05-16T00:00:00Z,False,LDO-USDT-SWAP,2023-02-02T07:02:49Z,SYMBOL_MATCH
2025-01-01,69,RUNE,THORChain,4157,thorchain,4.58675887,1566780902,151800470.5,341587807,2019-07-23T00:00:00.000Z,7,cosmos-ecosystem;decentralized-exchange-dex-token;defi;dex;multicoin-capital-portfolio;exnetwork-capital-portfolio,HISTORICAL_APPROXIMATION,CMC snapshot tags vary by snapshot date (drift test: tags(2024)!=tags(2026)); taxonomy drift unverified,RUNE,2023-08-15T14:00:00Z,False,,,SYMBOL_MATCH
2025-01-01,70,FLR,Flare,7950,flare,0.02742493,1508943189,18515357.94,5.502085836e+10,2020-12-11T00:00:00.000Z,2,layer-1;dwf-labs-portfolio,HISTORICAL_APPROXIMATION,CMC snapshot tags vary by snapshot date (drift test: tags(2024)!=tags(2026)); taxonomy drift unverified,,,,,,NONE
2025-01-01,71,GT,GateToken,4269,gatetoken,16.89538405,1498823767,14190087.49,88712027.09,2019-08-20T00:00:00.000Z,4,marketplace;centralized-exchange;discount-token;ftx-bankruptcy-estate,HISTORICAL_APPROXIMATION,CMC snapshot tags vary by snapshot date (drift test: tags(2024)!=tags(2026)); taxonomy drift unverified,,,,,,NONE
2025-01-01,72,RAY,Raydium,8526,raydium,4.98707898,1450685538,55672415.41,290888824,2021-02-19T00:00:00.000Z,6,decentralized-exchange-dex-token;defi;amm;dex;solana-ecosystem;petrock-capital-portfolio,HISTORICAL_APPROXIMATION,CMC snapshot tags vary by snapshot date (drift test: tags(2024)!=tags(2026)); taxonomy drift unverified,,,,RAY-USDT-SWAP,2024-03-12T10:25:00Z,SYMBOL_MATCH
2025-01-01,73,XTZ,Tezos,2011,tezos,1.36359107,1393688869,40436948.27,1022072450,2017-10-06T00:00:00.000Z,11,pos;platform;enterprise-solutions;collectibles-nfts;defi;smart-contracts,HISTORICAL_APPROXIMATION,CMC snapshot tags vary by snapshot date (drift test: tags(2024)!=tags(2026)); taxonomy drift unverified,,,,XTZ-USDT-SWAP,2020-04-21T10:12:51Z,SYMBOL_MATCH
2025-01-01,74,QNT,Quant,3155,quant,115.5250741,1394703952,22191372.92,12072738,2018-08-10T00:00:00.000Z,3,platform;interoperability;real-world-assets,HISTORICAL_APPROXIMATION,CMC snapshot tags vary by snapshot date (drift test: tags(2024)!=tags(2026)); taxonomy drift unverified,,,,QNT-USDT-SWAP,2026-06-05T10:30:00Z,SYMBOL_MATCH
2025-01-01,75,SAND,The Sandbox,6210,the-sandbox,0.5734228,1393908899,182948559.8,2430857126,2020-08-05T00:00:00.000Z,9,collectibles-nfts;content-creation;gaming;ethereum-ecosystem;binance-launchpad;metaverse,HISTORICAL_APPROXIMATION,CMC snapshot tags vary by snapshot date (drift test: tags(2024)!=tags(2026)); taxonomy drift unverified,SAND,2024-12-04T13:00:00Z,False,SAND-USDT-SWAP,2021-04-02T09:00:00Z,SYMBOL_MATCH
2025-01-01,76,GALA,Gala,7080,gala,0.03702632,1357234381,197151975.9,3.665593263e+10,2020-09-16T00:00:00.000Z,6,collectibles-nfts;gaming;binance-smart-chain;polygon-ecosystem;play-to-earn;dwf-labs-portfolio,HISTORICAL_APPROXIMATION,CMC snapshot tags vary by snapshot date (drift test: tags(2024)!=tags(2026)); taxonomy drift unverified,GALA,2023-12-05T20:00:00Z,False,GALA-USDT-SWAP,2021-09-24T10:03:09Z,SYMBOL_MATCH
2025-01-01,77,MKR,Maker,1518,maker,1508.673649,1345868582,122266370.8,892087.2864,2017-01-29T00:00:00.000Z,19,store-of-value;defi;dao;polychain-capital-portfolio;governance;lending-borowing,HISTORICAL_APPROXIMATION,CMC snapshot tags vary by snapshot date (drift test: tags(2024)!=tags(2026)); taxonomy drift unverified,MKR,2023-07-21T05:00:00Z,True,,,SYMBOL_MATCH
2025-01-01,78,BEAM,Beam,28298,onbeam,0.02696048,1333627068,20090308.67,4.946600417e+10,2021-10-29T04:07:32.000Z,10,gaming;ethereum-ecosystem;binance-chain;binance-launchpool;governance;play-to-earn,HISTORICAL_APPROXIMATION,CMC snapshot tags vary by snapshot date (drift test: tags(2024)!=tags(2026)); taxonomy drift unverified,,,,,,NONE
2025-01-01,79,PYTH,Pyth Network,28177,pyth-network,0.36330504,1316976712,41747983.39,3624988786,2023-11-20T09:42:13.000Z,3,oracles;solana-ecosystem;cross-chain,HISTORICAL_APPROXIMATION,CMC snapshot tags vary by snapshot date (drift test: tags(2024)!=tags(2026)); taxonomy drift unverified,PYTH,2023-11-14T23:00:00Z,False,PYTH-USDT-SWAP,2023-11-20T14:55:00Z,SYMBOL_MATCH
2025-01-01,80,KCS,KuCoin Token,2087,kucoin-token,10.42584102,1278890816,808971.93,122665482.1,2017-10-24T00:00:00.000Z,3,marketplace;centralized-exchange;discount-token,HISTORICAL_APPROXIMATION,CMC snapshot tags vary by snapshot date (drift test: tags(2024)!=tags(2026)); taxonomy drift unverified,,,,,,NONE
2025-01-01,81,EOS,EOS,1765,eos,0.8099297,1245203035,120848297.2,1537421133,2017-07-01T00:00:00.000Z,8,medium-of-exchange;enterprise-solutions;smart-contracts;eos;fenbushi-capital-portfolio;galaxy-digital-portfolio,HISTORICAL_APPROXIMATION,CMC snapshot tags vary by snapshot date (drift test: tags(2024)!=tags(2026)); taxonomy drift unverified,,,,,,NONE
2025-01-01,82,FTT,FTX Token,4195,ftx-token,3.86316012,1270574450,71543061.33,328895103.8,2019-07-31T00:00:00.000Z,11,marketplace;centralized-exchange;derivatives;cms-holdings-portfolio;kenetic-capital-portfolio;alameda-research-portfolio,HISTORICAL_APPROXIMATION,CMC snapshot tags vary by snapshot date (drift test: tags(2024)!=tags(2026)); taxonomy drift unverified,FTT,2023-09-25T13:00:00Z,True,,,SYMBOL_MATCH
2025-01-01,83,XDC,XDC Network,2634,xdc-network,0.08272161,1235275114,40221978.24,1.493291936e+10,2018-04-12T00:00:00.000Z,6,enterprise-solutions;masternodes;smart-contracts;xdc-ecosystem;real-world-assets;layer-1,HISTORICAL_APPROXIMATION,CMC snapshot tags vary by snapshot date (drift test: tags(2024)!=tags(2026)); taxonomy drift unverified,,,,,,NONE
2025-01-01,84,ENS,Ethereum Name Service,13855,ethereum-name-service,34.66206276,1220080585,130075872.1,35199306.91,2021-11-09T01:31:29.000Z,3,dao;governance;web3,HISTORICAL_APPROXIMATION,CMC snapshot tags vary by snapshot date (drift test: tags(2024)!=tags(2026)); taxonomy drift unverified,ENS,2024-01-05T15:00:00Z,False,ENS-USDT-SWAP,2021-11-11T09:45:46Z,SYMBOL_MATCH
2025-01-01,85,KAIA,Kaia,32880,kaia,0.20907497,1235380693,47042918.46,5908792935,2024-10-29T05:17:50.000Z,3,platform;enterprise-solutions;layer-1,HISTORICAL_APPROXIMATION,CMC snapshot tags vary by snapshot date (drift test: tags(2024)!=tags(2026)); taxonomy drift unverified,,,,,,NONE
2025-01-01,86,BRETT,Brett (Based),29743,based-brett,0.12443743,1233204338,37453440.88,9910236395,2024-03-11T07:58:23.000Z,2,memes;base-ecosystem,HISTORICAL_APPROXIMATION,CMC snapshot tags vary by snapshot date (drift test: tags(2024)!=tags(2026)); taxonomy drift unverified,BRETT,2024-06-11T13:00:00Z,False,BRETT-USDT-SWAP,2024-09-06T10:15:01Z,SYMBOL_MATCH
2025-01-01,87,IOTA,IOTA,1720,iota,0.31967112,1142499549,80561681.85,3573984254,2017-06-13T00:00:00.000Z,8,dag;medium-of-exchange;iot;sharing-economy;real-world-assets;dwf-labs-portfolio,HISTORICAL_APPROXIMATION,CMC snapshot tags vary by snapshot date (drift test: tags(2024)!=tags(2026)); taxonomy drift unverified,IOTA,2024-12-04T13:00:00Z,False,IOTA-USDT-SWAP,2020-04-21T10:12:51Z,SYMBOL_MATCH
2025-01-01,88,CRV,Curve DAO Token,6538,curve-dao-token,0.95538206,1205208140,300453324.1,1261493370,2020-08-14T00:00:00.000Z,13,decentralized-exchange-dex-token;defi;dao;yield-farming;amm;governance,HISTORICAL_APPROXIMATION,CMC snapshot tags vary by snapshot date (drift test: tags(2024)!=tags(2026)); taxonomy drift unverified,CRV,2023-05-15T16:00:00Z,False,CRV-USDT-SWAP,2020-09-04T10:12:51Z,SYMBOL_MATCH
2025-01-01,89,STRK,Starknet,22691,starknet-token,0.47808062,1156530741,60063631.28,2419112366,2024-02-20T12:19:19.000Z,5,zero-knowledge-proofs;dapp;ethereum-ecosystem;layer-2;rollups,HISTORICAL_APPROXIMATION,CMC snapshot tags vary by snapshot date (drift test: tags(2024)!=tags(2026)); taxonomy drift unverified,STRK,2024-02-14T15:00:00Z,False,STRK-USDT-SWAP,2024-02-20T12:55:00Z,SYMBOL_MATCH
2025-01-01,90,JUP,Jupiter,29210,jupiter-ag,0.84824952,1145136853,58839546.88,1350000000,2024-01-31T08:38:13.000Z,6,decentralized-exchange-dex-token;defi;derivatives;amm;solana-ecosystem;cross-chain,HISTORICAL_APPROXIMATION,CMC snapshot tags vary by snapshot date (drift test: tags(2024)!=tags(2026)); taxonomy drift unverified,JUP,2023-12-03T01:00:00Z,False,JUP-USDT-SWAP,2024-01-31T16:05:00Z,SYMBOL_MATCH
2025-01-01,91,FLOW,Flow,4558,flow,0.72663115,1129865006,55543232.96,1554936091,2021-01-27T00:00:00.000Z,11,platform;collectibles-nfts;staking;coinbase-ventures-portfolio;coinfund-portfolio;dcg-portfolio,HISTORICAL_APPROXIMATION,CMC snapshot tags vary by snapshot date (drift test: tags(2024)!=tags(2026)); taxonomy drift unverified,,,,FLOW-USDT-SWAP,2023-11-07T09:55:00Z,SYMBOL_MATCH
2025-01-01,92,AR,Arweave,5632,arweave,17.34846857,1138969743,85986017.35,65652466,2020-05-27T00:00:00.000Z,12,distributed-computing;filesharing;storage;coinbase-ventures-portfolio;solana-ecosystem;arrington-xrp-capital-portfolio,HISTORICAL_APPROXIMATION,CMC snapshot tags vary by snapshot date (drift test: tags(2024)!=tags(2026)); taxonomy drift unverified,AR,2024-02-28T05:00:00Z,False,AR-USDT-SWAP,2023-02-14T06:55:00Z,SYMBOL_MATCH
2025-01-01,93,HNT,Helium,5665,helium,6.2253865,1094124889,16787969.59,175752122.3,2020-06-05T00:00:00.000Z,9,mineable;enterprise-solutions;distributed-computing;iot;solana-ecosystem;usv-portfolio,HISTORICAL_APPROXIMATION,CMC snapshot tags vary by snapshot date (drift test: tags(2024)!=tags(2026)); taxonomy drift unverified,,,,,,NONE
2025-01-01,94,DYDX,dYdX (Native),28324,dydx-chain,1.46843612,1058508855,26532534.21,720840928.5,2021-08-03T00:00:00.000Z,1,decentralized-exchange-dex-token,HISTORICAL_APPROXIMATION,CMC snapshot tags vary by snapshot date (drift test: tags(2024)!=tags(2026)); taxonomy drift unverified,DYDX,2023-05-12T00:00:00Z,False,DYDX-USDT-SWAP,2021-09-08T16:11:50Z,SYMBOL_MATCH
2025-01-01,95,BTT,BitTorrent [New],16086,bittorrent-new,1.08e-06,1060046488,31781343.29,9.860611429e+14,2019-01-31T00:00:00.000Z,13,platform;distributed-computing;filesharing;interoperability;staking;tron-ecosystem,HISTORICAL_APPROXIMATION,CMC snapshot tags vary by snapshot date (drift test: tags(2024)!=tags(2026)); taxonomy drift unverified,,,,,,NONE
2025-01-01,96,BSV,Bitcoin SV,3602,bitcoin-sv,51.67183446,1023386679,40559908.47,19805503.12,2018-11-09T00:00:00.000Z,8,mineable;pow;sha-256;medium-of-exchange;store-of-value;state-channel,HISTORICAL_APPROXIMATION,CMC snapshot tags vary by snapshot date (drift test: tags(2024)!=tags(2026)); taxonomy drift unverified,BSV,2023-10-20T04:00:00Z,False,,,SYMBOL_MATCH
2025-01-01,97,NEO,Neo,1376,neo,14.33459826,1011145804,36834287.95,70538831,2016-09-08T00:00:00.000Z,4,platform;enterprise-solutions;smart-contracts;2017-2018-alt-season,HISTORICAL_APPROXIMATION,CMC snapshot tags vary by snapshot date (drift test: tags(2024)!=tags(2026)); taxonomy drift unverified,NEO,2023-11-09T15:00:00Z,False,NEO-USDT-SWAP,2020-02-28T11:16:48Z,SYMBOL_MATCH
2025-01-01,98,AXS,Axie Infinity,6783,axie-infinity,6.40922285,1007647743,216137408.4,157218396.9,2020-08-31T00:00:00.000Z,8,collectibles-nfts;gaming;binance-launchpad;metaverse;defiance-capital-portfolio;play-to-earn,HISTORICAL_APPROXIMATION,CMC snapshot tags vary by snapshot date (drift test: tags(2024)!=tags(2026)); taxonomy drift unverified,AXS,2026-01-18T04:00:00Z,False,AXS-USDT-SWAP,2021-07-28T09:00:00Z,SYMBOL_MATCH
2025-01-01,99,AERO,Aerodrome Finance,29270,aerodrome-finance,1.38287377,1003028190,74387509.17,725321582.6,2024-02-02T07:15:19.000Z,2,defi;amm,HISTORICAL_APPROXIMATION,CMC snapshot tags vary by snapshot date (drift test: tags(2024)!=tags(2026)); taxonomy drift unverified,AERO,2025-11-11T07:00:00Z,False,AERO-USDT-SWAP,2025-07-03T06:15:00Z,SYMBOL_MATCH
2025-01-01,100,FARTCOIN,Fartcoin,33597,fartcoin,0.97569289,975691188.3,82605422.81,999998256,2024-10-23T17:42:55.000Z,6,memes;solana-ecosystem;ai-memes;pump-fun-ecosystem;terminal-of-truths;binance-alpha,HISTORICAL_APPROXIMATION,CMC snapshot tags vary by snapshot date (drift test: tags(2024)!=tags(2026)); taxonomy drift unverified,FARTCOIN,2024-12-20T12:00:00Z,False,FARTCOIN-USDT-SWAP,2024-12-20T09:00:00Z,SYMBOL_MATCH
2025-01-01,101,CORE,Core,23254,core-dao,1.07885112,1005498556,27983875.09,932008633.9,2023-02-08T12:26:11.000Z,0,,HISTORICAL_APPROXIMATION,CMC snapshot tags vary by snapshot date (drift test: tags(2024)!=tags(2026)); taxonomy drift unverified,,,,CORE-USDT-SWAP,2023-02-08T13:55:14Z,SYMBOL_MATCH
2025-01-01,102,MANA,Decentraland,1966,decentraland,0.49600316,963364701.1,80271831.87,1942255184,2017-09-17T00:00:00.000Z,12,platform;collectibles-nfts;gaming;payments;metaverse;boostvc-portfolio,HISTORICAL_APPROXIMATION,CMC snapshot tags vary by snapshot date (drift test: tags(2024)!=tags(2026)); taxonomy drift unverified,,,,MANA-USDT-SWAP,2021-03-12T09:00:00Z,SYMBOL_MATCH
2025-01-01,103,EGLD,MultiversX,6892,multiversx-egld,34.86858381,966561060.5,29501191.62,27720112.35,2020-09-04T00:00:00.000Z,25,pos;enterprise-solutions;distributed-computing;loyalty;defi;gaming,HISTORICAL_APPROXIMATION,CMC snapshot tags vary by snapshot date (drift test: tags(2024)!=tags(2026)); taxonomy drift unverified,,,,EGLD-USDT-SWAP,2020-12-22T07:00:00Z,SYMBOL_MATCH
2025-01-01,104,ZEC,Zcash,1437,zcash,58.1131722,948887493.6,104529940.6,16328268.75,2016-10-29T00:00:00.000Z,18,mineable;pow;equihash;medium-of-exchange;privacy;zero-knowledge-proofs,HISTORICAL_APPROXIMATION,CMC snapshot tags vary by snapshot date (drift test: tags(2024)!=tags(2026)); taxonomy drift unverified,ZEC,2025-10-02T14:00:00Z,False,ZEC-USDT-SWAP,2025-11-06T03:15:00Z,SYMBOL_MATCH
2025-01-01,105,APE,ApeCoin,18876,apecoin-ape,1.24161075,934500212.1,92427326.55,752651515,2022-03-17T12:26:36.000Z,9,collectibles-nfts;content-creation;gaming;entertainment;dao;governance,HISTORICAL_APPROXIMATION,CMC snapshot tags vary by snapshot date (drift test: tags(2024)!=tags(2026)); taxonomy drift unverified,APE,2023-05-12T00:00:00Z,False,APE-USDT-SWAP,2022-03-17T13:00:59Z,SYMBOL_MATCH
2025-01-01,106,MATIC,Polygon,3890,polygon,0.47343518,906052532.2,5955692.66,1913783718,2019-04-28T00:00:00.000Z,17,pos;platform;enterprise-solutions;zero-knowledge-proofs;scaling;state-channel,HISTORICAL_APPROXIMATION,CMC snapshot tags vary by snapshot date (drift test: tags(2024)!=tags(2026)); taxonomy drift unverified,MATIC,2023-05-12T00:00:00Z,True,,,SYMBOL_MATCH
2025-01-01,107,AIOZ,AIOZ Network,9104,aioz-network,0.78652469,902622300.6,24397574.01,1147608342,2021-04-02T00:00:00.000Z,13,media;platform;ai-big-data;distributed-computing;smart-contracts;video,HISTORICAL_APPROXIMATION,CMC snapshot tags vary by snapshot date (drift test: tags(2024)!=tags(2026)); taxonomy drift unverified,,,,,,NONE
2025-01-01,108,JTO,Jito,28541,jito,3.16934349,879726454.3,62161860.52,277573717.6,2023-12-07T16:04:41.000Z,5,defi;staking;dao;solana-ecosystem;liquid-staking-derivatives,HISTORICAL_APPROXIMATION,CMC snapshot tags vary by snapshot date (drift test: tags(2024)!=tags(2026)); taxonomy drift unverified,JTO,2023-12-07T17:00:00Z,False,JTO-USDT-SWAP,2024-01-08T06:55:00Z,SYMBOL_MATCH
2025-01-01,109,SPX,SPX6900,28081,spx6900,0.94909785,883603538.7,39668817.31,930993090.1,2023-09-20T17:36:23.000Z,1,memes,HISTORICAL_APPROXIMATION,CMC snapshot tags vary by snapshot date (drift test: tags(2024)!=tags(2026)); taxonomy drift unverified,SPX,2025-01-07T06:00:00Z,False,SPX-USDT-SWAP,2025-07-17T05:00:00Z,SYMBOL_MATCH
2025-01-01,110,DEXE,DeXe,7326,dexe,14.93340167,852753088.3,17219112.77,57103740.15,2020-10-07T00:00:00.000Z,5,asset-management;ai-big-data;defi;dao;bnb-chain,HISTORICAL_APPROXIMATION,CMC snapshot tags vary by snapshot date (drift test: tags(2024)!=tags(2026)); taxonomy drift unverified,,,,,,NONE
2025-01-01,111,NEXO,Nexo,2694,nexo,1.29678571,837912689.2,4228930.82,646145839.6,2018-05-01T00:00:00.000Z,4,services;payments;cardano-ecosystem;alleged-sec-securities,HISTORICAL_APPROXIMATION,CMC snapshot tags vary by snapshot date (drift test: tags(2024)!=tags(2026)); taxonomy drift unverified,,,,,,NONE
2025-01-01,112,W,Wormhole,29587,wormhole,0.2897042,810740774.6,52651831.53,2798512327,2024-03-29T04:25:44.000Z,13,collectibles-nfts;defi;interoperability;dao;ethereum-ecosystem;coinbase-ventures-portfolio,HISTORICAL_APPROXIMATION,CMC snapshot tags vary by snapshot date (drift test: tags(2024)!=tags(2026)); taxonomy drift unverified,W,2024-02-07T18:00:00Z,False,W-USDT-SWAP,2024-04-03T12:25:00Z,SYMBOL_MATCH
2025-01-01,113,PENDLE,Pendle,9481,pendle,5.07521444,806392288.8,31028389.67,158888318.5,2021-04-29T00:00:00.000Z,4,olympus-pro-ecosystem;spartan-group;restaking;eigenlayer-ecosystem,HISTORICAL_APPROXIMATION,CMC snapshot tags vary by snapshot date (drift test: tags(2024)!=tags(2026)); taxonomy drift unverified,PENDLE,2023-10-26T16:00:00Z,False,PENDLE-USDT-SWAP,2025-09-17T07:26:24Z,SYMBOL_MATCH
2025-01-01,114,CHZ,Chiliz,4066,chiliz,0.08606418,792374942,79965735.26,9206791217,2019-07-01T00:00:00.000Z,6,sports;collectibles-nfts;content-creation;payments;layer-1;alleged-sec-securities,HISTORICAL_APPROXIMATION,CMC snapshot tags vary by snapshot date (drift test: tags(2024)!=tags(2026)); taxonomy drift unverified,,,,CHZ-USDT-SWAP,2021-03-12T09:00:00Z,SYMBOL_MATCH
2025-01-01,115,MOG,Mog Coin,27659,mog-coin,2.02e-06,788554106.9,17308470.05,3.905675264e+14,2023-07-21T19:17:41.000Z,4,memes;base-ecosystem;cat-themed;animal-memes,HISTORICAL_APPROXIMATION,CMC snapshot tags vary by snapshot date (drift test: tags(2024)!=tags(2026)); taxonomy drift unverified,,,,,,NONE
2025-01-01,116,RSR,Reserve Rights,3964,reserve-rights,0.01436038,773078089.7,65854710.95,5.38340889e+10,2019-05-24T00:00:00.000Z,5,store-of-value;defi;coinbase-ventures-portfolio;dcg-portfolio;real-world-assets,HISTORICAL_APPROXIMATION,CMC snapshot tags vary by snapshot date (drift test: tags(2024)!=tags(2026)); taxonomy drift unverified,RSR,2023-12-05T20:00:00Z,False,RSR-USDT-SWAP,2020-09-09T10:12:51Z,SYMBOL_MATCH
2025-01-01,117,CFX,Conflux,7334,conflux-network,0.16306295,771596941.4,49879758.34,4731896083,2020-11-11T00:00:00.000Z,15,mineable;pow;platform;collectibles-nfts;defi;payments,HISTORICAL_APPROXIMATION,CMC snapshot tags vary by snapshot date (drift test: tags(2024)!=tags(2026)); taxonomy drift unverified,CFX,2023-05-25T00:00:00Z,False,CFX-USDT-SWAP,2021-03-12T09:00:00Z,SYMBOL_MATCH
2025-01-01,118,EIGEN,EigenLayer,30494,eigenlayer,3.62415666,764003282.1,113331162.6,210808569.7,2024-07-04T15:49:12.000Z,2,ethereum-ecosystem;restaking,HISTORICAL_APPROXIMATION,CMC snapshot tags vary by snapshot date (drift test: tags(2024)!=tags(2026)); taxonomy drift unverified,EIGEN,2024-04-30T04:00:00Z,False,EIGEN-USDT-SWAP,2024-10-01T06:30:00Z,SYMBOL_MATCH
2025-01-01,119,CAKE,PancakeSwap,7186,pancakeswap,2.60174697,757804359.2,76218637.31,291267509.4,2020-09-25T00:00:00.000Z,10,collectibles-nfts;decentralized-exchange-dex-token;defi;smart-contracts;yield-farming;amm,HISTORICAL_APPROXIMATION,CMC snapshot tags vary by snapshot date (drift test: tags(2024)!=tags(2026)); taxonomy drift unverified,CAKE,2023-12-30T15:00:00Z,False,,,SYMBOL_MATCH
2025-01-01,120,USDD,USDD,19891,usdd,0.99787584,754617843.7,2197713.15,756224183,2022-05-02T08:07:12.000Z,4,stablecoin;algorithmic-stablecoin;arbitrum-ecosytem;usd-stablecoin,HISTORICAL_APPROXIMATION,CMC snapshot tags vary by snapshot date (drift test: tags(2024)!=tags(2026)); taxonomy drift unverified,,,,,,NONE
2025-01-01,121,POPCAT,Popcat (SOL),28782,popcat-sol,0.74884467,733847692.8,71742043.27,979973184.6,2023-12-20T18:16:41.000Z,4,memes;solana-ecosystem;cat-themed;animal-memes,HISTORICAL_APPROXIMATION,CMC snapshot tags vary by snapshot date (drift test: tags(2024)!=tags(2026)); taxonomy drift unverified,POPCAT,2024-04-28T08:00:00Z,False,POPCAT-USDT-SWAP,2024-08-29T09:00:00Z,SYMBOL_MATCH
2025-01-01,122,MINA,Mina,8646,mina,0.60006487,720731734.4,39975438.02,1201089702,2021-03-02T00:00:00.000Z,6,pos;zero-knowledge-proofs;staking;coinbase-ventures-portfolio;three-arrows-capital-portfolio;polychain-capital-portfolio,HISTORICAL_APPROXIMATION,CMC snapshot tags vary by snapshot date (drift test: tags(2024)!=tags(2026)); taxonomy drift unverified,MINA,2023-10-24T15:00:00Z,False,MINA-USDT-SWAP,2021-06-09T09:00:00Z,SYMBOL_MATCH
2025-01-01,123,ZK,ZKsync,24091,zksync,0.19510718,717018894.5,74158519.88,3675000000,2024-06-17T07:48:48.000Z,7,zero-knowledge-proofs;layer-2;blockchain-capital-portfolio;okx-ventures-portfolio;zksync-era-ecosystem;modular-blockchain,HISTORICAL_APPROXIMATION,CMC snapshot tags vary by snapshot date (drift test: tags(2024)!=tags(2026)); taxonomy drift unverified,ZK,2024-06-12T12:00:00Z,False,ZK-USDT-SWAP,2024-06-18T08:25:00Z,SYMBOL_MATCH
2025-01-01,124,RON,Ronin,14101,ronin,1.90391338,713253953.9,20933048.54,374625212.8,2021-11-08T17:57:40.000Z,4,platform;gaming;staking;layer-1,HISTORICAL_APPROXIMATION,CMC snapshot tags vary by snapshot date (drift test: tags(2024)!=tags(2026)); taxonomy drift unverified,,,,,,NONE
2025-01-01,125,AKT,Akash Network,7431,akash-network,2.87410871,713600365.9,13547123.71,248285794.7,2020-10-16T00:00:00.000Z,7,cosmos-ecosystem;ai-big-data;distributed-computing;web3;injective-ecosystem;generative-ai,HISTORICAL_APPROXIMATION,CMC snapshot tags vary by snapshot date (drift test: tags(2024)!=tags(2026)); taxonomy drift unverified,,,,,,NONE
2025-01-01,126,GIGA,Gigachad (gigachadsolana.com),30063,gigachad-meme,0.07566669,703882754.7,21805557.38,9302411888,2024-03-21T16:22:17.000Z,2,memes;solana-ecosystem,HISTORICAL_APPROXIMATION,CMC snapshot tags vary by snapshot date (drift test: tags(2024)!=tags(2026)); taxonomy drift unverified,,,,,,NONE
2025-01-01,127,GNO,Gnosis,1659,gnosis-gno,272.3722819,704545162.7,5957930.95,2586699.197,2017-05-01T00:00:00.000Z,7,services;decentralized-exchange-dex-token;defi;prediction-markets;kenetic-capital-portfolio;arbitrum-ecosytem,HISTORICAL_APPROXIMATION,CMC snapshot tags vary by snapshot date (drift test: tags(2024)!=tags(2026)); taxonomy drift unverified,,,,,,NONE
2025-01-01,128,COMP,Compound,5692,compound,77.83351196,690020850.8,32470136.65,8865343.904,2020-06-16T00:00:00.000Z,14,defi;dao;yield-farming;coinbase-ventures-portfolio;three-arrows-capital-portfolio;polychain-capital-portfolio,HISTORICAL_APPROXIMATION,CMC snapshot tags vary by snapshot date (drift test: tags(2024)!=tags(2026)); taxonomy drift unverified,COMP,2023-07-18T00:00:00Z,False,COMP-USDT-SWAP,2020-04-21T10:12:51Z,SYMBOL_MATCH
2025-01-01,129,SUPER,SuperVerse,8290,superverse,1.39835406,682445854.1,17049083,488035093.4,2021-01-20T00:00:00.000Z,10,collectibles-nfts;gaming;launchpad;polkastarter;exnetwork-capital-portfolio;superstarter,HISTORICAL_APPROXIMATION,CMC snapshot tags vary by snapshot date (drift test: tags(2024)!=tags(2026)); taxonomy drift unverified,SUPER,2023-11-26T18:00:00Z,False,,,SYMBOL_MATCH
2025-01-01,130,SNX,Synthetix,2586,synthetix,2.00886319,681941188.9,19245337.2,339466217,2018-03-14T00:00:00.000Z,22,services;decentralized-exchange-dex-token;defi;derivatives;dao;yield-farming,HISTORICAL_APPROXIMATION,CMC snapshot tags vary by snapshot date (drift test: tags(2024)!=tags(2026)); taxonomy drift unverified,SNX,2023-05-25T00:00:00Z,False,SNX-USDT-SWAP,2020-08-21T10:12:51Z,SYMBOL_MATCH
2025-01-01,131,XEC,eCash,10791,ecash,3.423e-05,677881181.8,18176737.2,1.98056703e+13,2021-07-08T00:00:00.000Z,1,layer-1,HISTORICAL_APPROXIMATION,CMC snapshot tags vary by snapshot date (drift test: tags(2024)!=tags(2026)); taxonomy drift unverified,,,,,,NONE
2025-01-01,132,PNUT,Peanut the Squirrel,33788,peanut-the-squirrel,0.67757047,677471833.9,263056635.4,999854420.4,2024-11-04T08:19:12.000Z,5,memes;solana-ecosystem;political-memes;animal-memes;pump-fun-ecosystem,HISTORICAL_APPROXIMATION,CMC snapshot tags vary by snapshot date (drift test: tags(2024)!=tags(2026)); taxonomy drift unverified,PNUT,2024-11-14T04:00:00Z,False,PNUT-USDT-SWAP,2024-11-12T03:30:00Z,SYMBOL_MATCH
2025-01-01,133,NOT,Notcoin,28850,notcoin,0.00642608,658397011.9,56562397.62,1.024569575e+11,2024-05-09T15:38:45.000Z,8,gaming;memes;binance-launchpool;play-to-earn;web3;telegram-bot,HISTORICAL_APPROXIMATION,CMC snapshot tags vary by snapshot date (drift test: tags(2024)!=tags(2026)); taxonomy drift unverified,NOT,2024-05-17T04:00:00Z,False,NOT-USDT-SWAP,2024-05-16T12:27:45Z,SYMBOL_MATCH
2025-01-01,134,XAUt,Tether Gold,5176,tether-gold,2621.717391,646316258,6045684.98,246524,2020-02-07T00:00:00.000Z,1,tokenized-gold,HISTORICAL_APPROXIMATION,CMC snapshot tags vary by snapshot date (drift test: tags(2024)!=tags(2026)); taxonomy drift unverified,,,,,,NONE
2025-01-01,135,GRASS,Grass,32956,grass,2.64131488,644230146.9,88261959.13,243905091,2024-09-07T03:42:25.000Z,2,ai-big-data;depin,HISTORICAL_APPROXIMATION,CMC snapshot tags vary by snapshot date (drift test: tags(2024)!=tags(2026)); taxonomy drift unverified,GRASS,2024-10-28T15:00:00Z,False,GRASS-USDT-SWAP,2024-10-28T14:30:00Z,SYMBOL_MATCH
2025-01-01,136,LUNC,Terra Classic,4172,terra-luna,0.00011194,616434428.2,40772449.58,5.507072424e+12,2019-07-26T00:00:00.000Z,15,cosmos-ecosystem;store-of-value;defi;payments;coinbase-ventures-portfolio;binance-labs-portfolio,HISTORICAL_APPROXIMATION,CMC snapshot tags vary by snapshot date (drift test: tags(2024)!=tags(2026)); taxonomy drift unverified,,,,,,NONE
2025-01-01,137,AMP,Amp,6945,amp,0.00761386,614611054.5,19536989.13,8.072268544e+10,2020-09-08T00:00:00.000Z,1,alleged-sec-securities,HISTORICAL_APPROXIMATION,CMC snapshot tags vary by snapshot date (drift test: tags(2024)!=tags(2026)); taxonomy drift unverified,,,,,,NONE
2025-01-01,138,TURBO,Turbo,24911,turbo,0.00921996,602063248.7,79740867.06,6.53e+10,2023-05-04T05:24:19.000Z,6,art;ai-big-data;memes;web3;dwf-labs-portfolio;ai-memes,HISTORICAL_APPROXIMATION,CMC snapshot tags vary by snapshot date (drift test: tags(2024)!=tags(2026)); taxonomy drift unverified,TURBO,2024-05-31T16:00:00Z,False,TURBO-USDT-SWAP,2023-12-14T09:55:00Z,SYMBOL_MATCH
2025-01-01,139,AXL,Axelar,17799,axelar,0.66994678,595906057.5,10543101.5,889482674.7,2022-02-02T02:48:14.000Z,9,interoperability;ethereum-ecosystem;coinbase-ventures-portfolio;polychain-capital-portfolio;binance-labs-portfolio;galaxy-digital-portfolio,HISTORICAL_APPROXIMATION,CMC snapshot tags vary by snapshot date (drift test: tags(2024)!=tags(2026)); taxonomy drift unverified,,,,,,NONE
2025-01-01,140,ZEREBRO,Zerebro,34083,zerebro,0.57406763,561899534.8,120361063.2,978803719.4,2024-11-19T16:27:39.000Z,4,solana-ecosystem;ai-memes;ai-agents;binance-alpha,HISTORICAL_APPROXIMATION,CMC snapshot tags vary by snapshot date (drift test: tags(2024)!=tags(2026)); taxonomy drift unverified,ZEREBRO,2025-01-02T14:00:00Z,True,,,SYMBOL_MATCH
2025-01-01,141,ROSE,Oasis,7653,oasis-network,0.08259126,583435605.9,63943438.39,7064132681,2020-11-12T00:00:00.000Z,20,cosmos-ecosystem;ai-big-data;privacy;scaling;smart-contracts;ethereum-ecosystem,HISTORICAL_APPROXIMATION,CMC snapshot tags vary by snapshot date (drift test: tags(2024)!=tags(2026)); taxonomy drift unverified,,,,,,NONE
2025-01-01,142,ZRO,LayerZero,26997,layerzero,5.22903096,575193405.4,60176159.28,110000000,2024-06-20T05:52:25.000Z,7,interoperability;coinbase-ventures-portfolio;binance-labs-portfolio;a16z-portfolio;multicoin-capital-portfolio;cross-chain,HISTORICAL_APPROXIMATION,CMC snapshot tags vary by snapshot date (drift test: tags(2024)!=tags(2026)); taxonomy drift unverified,ZRO,2023-09-07T03:00:00Z,False,ZRO-USDT-SWAP,2024-06-20T12:25:00Z,SYMBOL_MATCH
2025-01-01,143,ORDI,ORDI,25028,ordi,27.56673845,578901507.5,84022365.78,21000000,2023-05-08T05:51:24.000Z,3,bitcoin-ecosystem;brc-20;inscriptions,HISTORICAL_APPROXIMATION,CMC snapshot tags vary by snapshot date (drift test: tags(2024)!=tags(2026)); taxonomy drift unverified,ORDI,2023-11-07T17:00:00Z,False,ORDI-USDT-SWAP,2023-05-21T09:55:00Z,SYMBOL_MATCH
2025-01-01,144,LPT,Livepeer,3640,livepeer,15.4789051,572349201.5,54320675.65,36976077.94,2018-12-19T00:00:00.000Z,12,media;ai-big-data;distributed-computing;video;coinfund-portfolio;dcg-portfolio,HISTORICAL_APPROXIMATION,CMC snapshot tags vary by snapshot date (drift test: tags(2024)!=tags(2026)); taxonomy drift unverified,,,,LPT-USDT-SWAP,2021-04-23T07:00:00Z,SYMBOL_MATCH
2025-01-01,145,MEW,cat in a dogs world,30126,mew,0.00644458,572851453.7,37124854.52,8.888888889e+10,2024-03-26T06:41:06.000Z,6,memes;solana-ecosystem;doggone-doggerel;cat-themed;animal-memes;ip-memes,HISTORICAL_APPROXIMATION,CMC snapshot tags vary by snapshot date (drift test: tags(2024)!=tags(2026)); taxonomy drift unverified,MEW,2024-07-23T16:00:00Z,True,MEW-USDT-SWAP,2024-04-15T08:25:00Z,SYMBOL_MATCH
2025-01-01,146,GOAT,Goatseus Maximus,33440,goatseus-maximus,0.57507261,575070544.2,260221259.8,999996416.1,2024-10-14T10:15:47.000Z,5,memes;solana-ecosystem;ai-memes;pump-fun-ecosystem;terminal-of-truths,HISTORICAL_APPROXIMATION,CMC snapshot tags vary by snapshot date (drift test: tags(2024)!=tags(2026)); taxonomy drift unverified,GOAT,2024-10-23T13:00:00Z,False,,,SYMBOL_MATCH
2025-01-01,147,KSM,Kusama,5034,kusama,34.20821861,544661948.1,28104489.9,15921961.74,2019-12-12T00:00:00.000Z,6,substrate;polkadot-ecosystem;cms-holdings-portfolio;kenetic-capital-portfolio;1confirmation-portfolio;vbc-ventures-portfolio,HISTORICAL_APPROXIMATION,CMC snapshot tags vary by snapshot date (drift test: tags(2024)!=tags(2026)); taxonomy drift unverified,,,,KSM-USDT-SWAP,2020-09-08T10:12:51Z,SYMBOL_MATCH
2025-01-01,148,1INCH,1inch Network,8104,1inch,0.39211214,547923746.4,39588660.13,1397364896,2020-12-25T00:00:00.000Z,13,decentralized-exchange-dex-token;defi;wallet;amm;binance-labs-portfolio;blockchain-capital-portfolio,HISTORICAL_APPROXIMATION,CMC snapshot tags vary by snapshot date (drift test: tags(2024)!=tags(2026)); taxonomy drift unverified,,,,1INCH-USDT-SWAP,2020-12-25T02:30:00Z,SYMBOL_MATCH
2025-01-01,149,CKB,Nervos Network,4948,nervos-network,0.01177311,537698784.7,45150999.24,4.56717699e+10,2019-11-19T00:00:00.000Z,22,mineable;pow;platform;collectibles-nfts;defi;interoperability,HISTORICAL_APPROXIMATION,CMC snapshot tags vary by snapshot date (drift test: tags(2024)!=tags(2026)); taxonomy drift unverified,,,,,,NONE
2025-01-01,150,MORPHO,Morpho,34104,morpho,3.35728713,547446689.6,63291111.64,163062218.9,2024-11-21T09:19:23.000Z,7,defi;ethereum-ecosystem;coinbase-ventures-portfolio;lending-borowing;fenbushi-capital-portfolio;pantera-capital-portfolio,HISTORICAL_APPROXIMATION,CMC snapshot tags vary by snapshot date (drift test: tags(2024)!=tags(2026)); taxonomy drift unverified,MORPHO,2025-01-17T09:00:00Z,False,MORPHO-USDT-SWAP,2024-11-25T10:00:00Z,SYMBOL_MATCH
2025-01-01,151,BLUR,Blur,23121,blur-token,0.24942664,526453465.7,38654159.31,2110654512,2023-02-13T15:07:24.000Z,2,collectibles-nfts;egirl-capital-portfolio,HISTORICAL_APPROXIMATION,CMC snapshot tags vary by snapshot date (drift test: tags(2024)!=tags(2026)); taxonomy drift unverified,BLUR,2023-10-18T18:00:00Z,False,BLUR-USDT-SWAP,2023-02-15T02:55:00Z,SYMBOL_MATCH
2025-01-01,152,PAXG,PAX Gold,4705,pax-gold,2623.677667,523573076.2,5068766.17,199556.936,2019-09-26T00:00:00.000Z,2,bnb-chain;tokenized-gold,HISTORICAL_APPROXIMATION,CMC snapshot tags vary by snapshot date (drift test: tags(2024)!=tags(2026)); taxonomy drift unverified,PAXG,2025-04-06T16:00:00Z,False,,,SYMBOL_MATCH
2025-01-01,153,NFT,APENFT,9816,apenft,5.2e-07,522459319.8,23390645.58,9.9999e+14,2021-05-14T00:00:00.000Z,3,art;collectibles-nfts;tron-ecosystem,HISTORICAL_APPROXIMATION,CMC snapshot tags vary by snapshot date (drift test: tags(2024)!=tags(2026)); taxonomy drift unverified,,,,,,NONE
2025-01-01,154,BabyDoge,Baby Doge Coin,10407,baby-doge-coin,0,510215100.1,56949909.73,1.62002741e+17,2021-06-11T00:00:00.000Z,24,marketing;art;marketplace;media;philanthropy;services,HISTORICAL_APPROXIMATION,CMC snapshot tags vary by snapshot date (drift test: tags(2024)!=tags(2026)); taxonomy drift unverified,,,,,,NONE
2025-01-01,155,KAVA,Kava,4846,kava,0.46254142,500864770.7,10586338.8,1082853869,2019-10-25T00:00:00.000Z,13,platform;cosmos-ecosystem;defi;binance-launchpad;binance-labs-portfolio;lending-borowing,HISTORICAL_APPROXIMATION,CMC snapshot tags vary by snapshot date (drift test: tags(2024)!=tags(2026)); taxonomy drift unverified,,,,,,NONE
2025-01-01,156,TWT,Trust Wallet Token,5964,trust-wallet-token,1.2058169,502403492.7,11268736.64,416649900,2020-07-30T00:00:00.000Z,3,wallet;polygon-ecosystem;bnb-chain,HISTORICAL_APPROXIMATION,CMC snapshot tags vary by snapshot date (drift test: tags(2024)!=tags(2026)); taxonomy drift unverified,,,,,,NONE
2025-01-01,157,PYUSD,PayPal USD,27772,paypal-usd,0.9995639,497742560,11448193.95,497959718.5,2023-08-07T21:50:32.000Z,5,stablecoin;asset-backed-stablecoin;solana-ecosystem;usd-stablecoin;fiat-stablecoin,HISTORICAL_APPROXIMATION,CMC snapshot tags vary by snapshot date (drift test: tags(2024)!=tags(2026)); taxonomy drift unverified,,,,,,NONE
2025-01-01,158,TUSD,TrueUSD,2563,trueusd,0.99792734,494574338.2,42661953.72,495601552.6,2018-03-06T00:00:00.000Z,8,store-of-value;stablecoin;asset-backed-stablecoin;avalanche-ecosystem;arbitrum-ecosytem;bnb-chain,HISTORICAL_APPROXIMATION,CMC snapshot tags vary by snapshot date (drift test: tags(2024)!=tags(2026)); taxonomy drift unverified,,,,,,NONE
2025-01-01,159,DASH,Dash,131,dash,39.34726545,475762695.7,68963151.34,12091378.91,2014-02-14T00:00:00.000Z,9,mineable;hybrid-pow-pos;x11;medium-of-exchange;masternodes;dao,HISTORICAL_APPROXIMATION,CMC snapshot tags vary by snapshot date (drift test: tags(2024)!=tags(2026)); taxonomy drift unverified,DASH,2026-01-18T04:00:00Z,False,DASH-USDT-SWAP,2025-11-06T03:00:00Z,SYMBOL_MATCH
2025-01-01,160,ETHFI,ether.fi,29814,ether-fi-ethfi,2.18095739,473905712.6,116459647.7,217292513,2024-03-13T06:06:39.000Z,4,defi;staking;binance-launchpool;eigenlayer-ecosystem,HISTORICAL_APPROXIMATION,CMC snapshot tags vary by snapshot date (drift test: tags(2024)!=tags(2026)); taxonomy drift unverified,ETHFI,2024-03-21T01:00:00Z,False,ETHFI-USDT-SWAP,2024-03-18T12:25:00Z,SYMBOL_MATCH
2025-01-01,161,CVX,Convex Finance,9903,convex-finance,4.88369376,475027383.3,28809335.5,97268053.05,2021-05-18T00:00:00.000Z,2,defi;yield-aggregator,HISTORICAL_APPROXIMATION,CMC snapshot tags vary by snapshot date (drift test: tags(2024)!=tags(2026)); taxonomy drift unverified,,,,CVX-USDT-SWAP,2024-06-25T08:25:00Z,SYMBOL_MATCH
2025-01-01,162,VANA,Vana,34619,vana,16.07549209,483615103.9,66544148.83,30084000,2024-12-13T12:20:10.000Z,6,platform;ai-big-data;coinbase-ventures-portfolio;polychain-capital-portfolio;paradigm-portfolio;layer-1,HISTORICAL_APPROXIMATION,CMC snapshot tags vary by snapshot date (drift test: tags(2024)!=tags(2026)); taxonomy drift unverified,,,,VANA-USDT-SWAP,2024-12-17T04:00:00Z,SYMBOL_MATCH
2025-01-01,163,SAFE,Safe,21585,safe1,1.01996282,473015885.3,7558956.22,463757969,2022-08-26T09:17:14.000Z,3,staking;wallet;account-abstraction,HISTORICAL_APPROXIMATION,CMC snapshot tags vary by snapshot date (drift test: tags(2024)!=tags(2026)); taxonomy drift unverified,,,,,,NONE
2025-01-01,164,ZEN,Horizen,1698,horizen,29.20728279,461065162.1,58380118.95,15785965.62,2017-06-01T00:00:00.000Z,14,mineable;pow;medium-of-exchange;platform;enterprise-solutions;content-creation,HISTORICAL_APPROXIMATION,CMC snapshot tags vary by snapshot date (drift test: tags(2024)!=tags(2026)); taxonomy drift unverified,ZEN,2023-11-09T15:00:00Z,False,ZEN-USDT-SWAP,2025-11-03T06:00:01Z,SYMBOL_MATCH
2025-01-01,165,USUAL,Usual,33979,usual,0.93826108,461285419.4,207421909.8,491638657.8,2024-11-14T12:01:40.000Z,3,staking;binance-launchpool;governance,HISTORICAL_APPROXIMATION,CMC snapshot tags vary by snapshot date (drift test: tags(2024)!=tags(2026)); taxonomy drift unverified,USUAL,2024-12-18T17:00:00Z,False,,,SYMBOL_MATCH
2025-01-01,166,CTC,Creditcoin,5198,creditcoin,1.10971921,457298393.5,82643213.84,412084779,2020-01-31T00:00:00.000Z,1,real-world-assets,HISTORICAL_APPROXIMATION,CMC snapshot tags vary by snapshot date (drift test: tags(2024)!=tags(2026)); taxonomy drift unverified,,,,,,NONE
2025-01-01,167,ASTR,Astar,12885,astar,0.06077901,452386332.5,14687228.49,7443134577,2021-10-19T09:53:03.000Z,4,polkadot;polkadot-ecosystem;okx-ventures-portfolio;layer-1,HISTORICAL_APPROXIMATION,CMC snapshot tags vary by snapshot date (drift test: tags(2024)!=tags(2026)); taxonomy drift unverified,,,,,,NONE
2025-01-01,168,BOME,BOOK OF MEME,29870,book-of-meme,0.00647446,446434815,110548702,6.89532168e+10,2024-03-14T11:43:10.000Z,2,memes;solana-ecosystem,HISTORICAL_APPROXIMATION,CMC snapshot tags vary by snapshot date (drift test: tags(2024)!=tags(2026)); taxonomy drift unverified,BOME,2024-03-15T18:00:00Z,False,BOME-USDT-SWAP,2024-08-15T10:20:02Z,SYMBOL_MATCH
2025-01-01,169,TFUEL,Theta Fuel,3822,theta-fuel,0.0648554,440822939.3,4954296.81,6797012555,2019-03-28T00:00:00.000Z,10,media;vr-ar;distributed-computing;content-creation;defi;entertainment,HISTORICAL_APPROXIMATION,CMC snapshot tags vary by snapshot date (drift test: tags(2024)!=tags(2026)); taxonomy drift unverified,,,,,,NONE
2025-01-01,170,PRIME,Echelon Prime,23711,echelon-prime,12.21025115,436807583.1,9377678.42,35773841,2023-03-01T16:41:56.000Z,6,ai-big-data;collectibles-nfts;gaming;paradigm-portfolio;generative-ai;base-ecosystem,HISTORICAL_APPROXIMATION,CMC snapshot tags vary by snapshot date (drift test: tags(2024)!=tags(2026)); taxonomy drift unverified,,,,,,NONE
2025-01-01,171,TRAC,OriginTrail,2467,origintrail,0.85503782,427514662.3,1333630.67,499995031.6,2018-01-25T00:00:00.000Z,19,marketplace;logistics;ai-big-data;enterprise-solutions;distributed-computing;data-provenance,HISTORICAL_APPROXIMATION,CMC snapshot tags vary by snapshot date (drift test: tags(2024)!=tags(2026)); taxonomy drift unverified,,,,,,NONE
2025-01-01,172,HOT,Holo,2682,holo,0.00239151,418141105.8,9077784.77,1.748437166e+11,2018-04-29T00:00:00.000Z,5,platform;distributed-computing;filesharing;storage;depin,HISTORICAL_APPROXIMATION,CMC snapshot tags vary by snapshot date (drift test: tags(2024)!=tags(2026)); taxonomy drift unverified,,,,,,NONE
2025-01-01,173,ZIL,Zilliqa,2469,zilliqa,0.0211566,409420223.8,27709097.47,1.93518888e+10,2018-01-25T00:00:00.000Z,9,mineable;platform;payments;smart-contracts;polychain-capital-portfolio;metaverse,HISTORICAL_APPROXIMATION,CMC snapshot tags vary by snapshot date (drift test: tags(2024)!=tags(2026)); taxonomy drift unverified,,,,ZIL-USDT-SWAP,2020-09-09T10:12:51Z,SYMBOL_MATCH
2025-01-01,174,ZRX,0x Protocol,1896,0x,0.4729821,401276389.8,46145491.32,848396562.9,2017-08-16T00:00:00.000Z,16,platform;decentralized-exchange-dex-token;defi;scaling;dao;substrate,HISTORICAL_APPROXIMATION,CMC snapshot tags vary by snapshot date (drift test: tags(2024)!=tags(2026)); taxonomy drift unverified,,,,ZRX-USDT-SWAP,2020-08-21T10:12:51Z,SYMBOL_MATCH
2025-01-01,175,NEIRO,Neiro (First Neiro On Ethereum),32521,first-neiro-on-ethereum,0.0009808,412606520.3,137630323.3,4.2068169e+11,2024-08-01T17:05:30.000Z,4,memes;doggone-doggerel;dwf-labs-portfolio;ip-memes,HISTORICAL_APPROXIMATION,CMC snapshot tags vary by snapshot date (drift test: tags(2024)!=tags(2026)); taxonomy drift unverified,,,,NEIRO-USDT-SWAP,2024-10-03T07:15:01Z,SYMBOL_MATCH
2025-01-01,176,ME,Magic Eden,32197,magiceden,3.16952943,411250851,114468157.3,129751390.7,2024-07-15T10:03:01.000Z,7,marketplace;collectibles-nfts;wallet;dapp;solana-ecosystem;bitcoin-ecosystem,HISTORICAL_APPROXIMATION,CMC snapshot tags vary by snapshot date (drift test: tags(2024)!=tags(2026)); taxonomy drift unverified,ME,2024-12-10T15:00:00Z,False,ME-USDT-SWAP,2024-12-10T15:30:00Z,SYMBOL_MATCH
2025-01-01,177,ONE,Harmony,3945,harmony,0.02768439,397555432.7,14751202.04,1.436027272e+10,2019-06-01T00:00:00.000Z,11,platform;enterprise-solutions;scaling;smart-contracts;binance-launchpad;binance-labs-portfolio,HISTORICAL_APPROXIMATION,CMC snapshot tags vary by snapshot date (drift test: tags(2024)!=tags(2026)); taxonomy drift unverified,,,,ONE-USDT-SWAP,2024-02-20T10:47:19Z,SYMBOL_MATCH
2025-01-01,178,WOO,WOO,7501,wootrade,0.21365607,397893585.8,13306822.34,1862308872,2020-10-23T00:00:00.000Z,13,centralized-exchange;decentralized-exchange-dex-token;defi;yield-farming;amm;three-arrows-capital-portfolio,HISTORICAL_APPROXIMATION,CMC snapshot tags vary by snapshot date (drift test: tags(2024)!=tags(2026)); taxonomy drift unverified,,,,WOO-USDT-SWAP,2023-02-14T06:55:00Z,SYMBOL_MATCH
2025-01-01,179,MOCA,Moca Network,31526,mocaverse,0.26019766,416888323.2,127912490.4,1602198583,2024-07-04T07:14:36.000Z,2,collectibles-nfts;metaverse,HISTORICAL_APPROXIMATION,CMC snapshot tags vary by snapshot date (drift test: tags(2024)!=tags(2026)); taxonomy drift unverified,,,,,,NONE
2025-01-01,180,GMT,GMT,18069,green-metaverse-token,0.15293435,401611414.5,120913376.4,2626037972,2022-03-09T12:47:15.000Z,7,collectibles-nfts;gaming;binance-smart-chain;binance-launchpad;solana-ecosystem;bnb-chain,HISTORICAL_APPROXIMATION,CMC snapshot tags vary by snapshot date (drift test: tags(2024)!=tags(2026)); taxonomy drift unverified,GMT,2023-11-26T18:00:00Z,False,GMT-USDT-SWAP,2022-04-01T08:56:09Z,SYMBOL_MATCH
2025-01-01,181,ENJ,Enjin Coin,2130,enjin-coin,0.21792194,390408141.5,16730001.68,1791504529,2017-11-01T00:00:00.000Z,8,media;vr-ar;collectibles-nfts;gaming;polkadot-ecosystem;metaverse,HISTORICAL_APPROXIMATION,CMC snapshot tags vary by snapshot date (drift test: tags(2024)!=tags(2026)); taxonomy drift unverified,,,,ENJ-USDT-SWAP,2024-03-01T10:25:01Z,SYMBOL_MATCH
2025-01-01,182,JST,JUST,5488,just,0.03972835,393310658,28966754.92,9900000000,2020-05-07T00:00:00.000Z,2,defi;tron-ecosystem,HISTORICAL_APPROXIMATION,CMC snapshot tags vary by snapshot date (drift test: tags(2024)!=tags(2026)); taxonomy drift unverified,,,,,,NONE
2025-01-01,183,MEME,Memecoin,28301,meme,0.01083325,383576467.1,54921143.6,3.54073229e+10,2023-11-03T08:03:36.000Z,3,collectibles-nfts;memes;binance-launchpool,HISTORICAL_APPROXIMATION,CMC snapshot tags vary by snapshot date (drift test: tags(2024)!=tags(2026)); taxonomy drift unverified,MEME,2023-11-03T15:00:00Z,False,MEME-USDT-SWAP,2023-11-03T08:55:00Z,SYMBOL_MATCH
2025-01-01,184,IO,io.net,29835,io-net,2.9955047,385916010.3,81701548.54,128831716,2024-06-06T04:47:03.000Z,5,ai-big-data;distributed-computing;binance-launchpool;solana-ecosystem;depin,HISTORICAL_APPROXIMATION,CMC snapshot tags vary by snapshot date (drift test: tags(2024)!=tags(2026)); taxonomy drift unverified,IO,2024-06-12T03:00:00Z,False,,,SYMBOL_MATCH
2025-01-01,185,ID,SPACE ID,21846,space-id,0.44354258,381983285,14787706.29,861209958.5,2022-09-16T05:55:56.000Z,3,binance-launchpad;mvb;dwf-labs-portfolio,HISTORICAL_APPROXIMATION,CMC snapshot tags vary by snapshot date (drift test: tags(2024)!=tags(2026)); taxonomy drift unverified,,,,,,NONE
2025-01-01,186,IOTX,IoTeX,2777,iotex,0.0402319,379844233.9,10922015.88,9441369057,2018-05-25T00:00:00.000Z,8,platform;distributed-computing;iot;hashkey-capital-portfolio;kenetic-capital-portfolio;iotex-ecosystem,HISTORICAL_APPROXIMATION,CMC snapshot tags vary by snapshot date (drift test: tags(2024)!=tags(2026)); taxonomy drift unverified,,,,,,NONE
2025-01-01,187,SATS,SATS (Ordinals),28194,sats-ordinals,1.8e-07,377657618.2,25608165.76,2.1e+15,2023-09-29T05:13:12.000Z,3,bitcoin-ecosystem;brc-20;inscriptions,HISTORICAL_APPROXIMATION,CMC snapshot tags vary by snapshot date (drift test: tags(2024)!=tags(2026)); taxonomy drift unverified,,,,SATS-USDT-SWAP,2023-12-18T08:55:00Z,SYMBOL_MATCH
2025-01-01,188,SUSHI,SushiSwap,6758,sushiswap,1.41058545,370402691.8,66915993.55,262587914.9,2020-08-28T00:00:00.000Z,20,collectibles-nfts;decentralized-exchange-dex-token;defi;dao;yield-farming;amm,HISTORICAL_APPROXIMATION,CMC snapshot tags vary by snapshot date (drift test: tags(2024)!=tags(2026)); taxonomy drift unverified,SUSHI,2023-11-17T16:00:00Z,False,SUSHI-USDT-SWAP,2020-09-02T10:12:51Z,SYMBOL_MATCH
2025-01-01,189,CELO,Celo,5567,celo,0.66460586,371880678.4,38683604.91,559550708,2020-05-22T00:00:00.000Z,12,pos;zero-knowledge-proofs;mobile;payments;smart-contracts;coinbase-ventures-portfolio,HISTORICAL_APPROXIMATION,CMC snapshot tags vary by snapshot date (drift test: tags(2024)!=tags(2026)); taxonomy drift unverified,CELO,2024-09-25T06:00:00Z,False,CELO-USDT-SWAP,2021-09-24T10:03:05Z,SYMBOL_MATCH
2025-01-01,190,GLM,Golem,1455,golem-network-tokens,0.37928392,379283922.1,108864669.8,1000000000,2016-11-18T00:00:00.000Z,7,platform;ai-big-data;distributed-computing;payments;polygon-ecosystem;web3,HISTORICAL_APPROXIMATION,CMC snapshot tags vary by snapshot date (drift test: tags(2024)!=tags(2026)); taxonomy drift unverified,,,,GLM-USDT-SWAP,2024-05-10T08:25:01Z,SYMBOL_MATCH
2025-01-01,191,ETHW,EthereumPoW,21296,ethereum-pow,3.37590349,363986535.4,11506717.74,107818999,2022-08-08T05:19:50.000Z,1,pow,HISTORICAL_APPROXIMATION,CMC snapshot tags vary by snapshot date (drift test: tags(2024)!=tags(2026)); taxonomy drift unverified,,,,ETHW-USDT-SWAP,2022-09-16T06:55:31Z,SYMBOL_MATCH
2025-01-01,192,BAT,Basic Attention Token,1697,basic-attention-token,0.24182697,361690536.1,15973553.5,1495658357,2017-06-01T00:00:00.000Z,17,marketing;ai-big-data;content-creation;defi;privacy;interoperability,HISTORICAL_APPROXIMATION,CMC snapshot tags vary by snapshot date (drift test: tags(2024)!=tags(2026)); taxonomy drift unverified,,,,BAT-USDT-SWAP,2020-08-28T10:12:51Z,SYMBOL_MATCH
2025-01-01,193,ATH,Aethir,30083,aethir,0.06330738,359870446.5,22136196.12,5684494252,2024-06-12T13:27:01.000Z,3,ai-big-data;distributed-computing;depin,HISTORICAL_APPROXIMATION,CMC snapshot tags vary by snapshot date (drift test: tags(2024)!=tags(2026)); taxonomy drift unverified,,,,ATH-USDT-SWAP,2024-06-13T03:55:00Z,SYMBOL_MATCH
2025-01-01,194,ZETA,ZetaChain,21259,zetachain,0.5608759,355805648,15250185.07,634375000,2022-08-05T02:45:23.000Z,5,interoperability;smart-contracts;cross-chain;bitcoin-ecosystem;layer-1,HISTORICAL_APPROXIMATION,CMC snapshot tags vary by snapshot date (drift test: tags(2024)!=tags(2026)); taxonomy drift unverified,ZETA,2024-02-02T01:00:00Z,False,ZETA-USDT-SWAP,2024-02-01T03:25:00Z,SYMBOL_MATCH
2025-01-01,195,ANKR,Ankr,3783,ankr,0.03531143,353114304.5,14630354.82,1e+10,2019-03-06T00:00:00.000Z,16,platform;cosmos-ecosystem;enterprise-solutions;distributed-computing;defi;filesharing,HISTORICAL_APPROXIMATION,CMC snapshot tags vary by snapshot date (drift test: tags(2024)!=tags(2026)); taxonomy drift unverified,,,,,,NONE
2025-01-01,196,SFP,SafePal,8119,safepal,0.71038432,346312357.5,4524966.91,487500000,2020-12-28T00:00:00.000Z,5,wallet;ethereum-ecosystem;binance-launchpad;injective-ecosystem;bnb-chain,HISTORICAL_APPROXIMATION,CMC snapshot tags vary by snapshot date (drift test: tags(2024)!=tags(2026)); taxonomy drift unverified,,,,,,NONE
2025-01-01,197,MX,MX Token,4041,mx-token,3.56128228,344667430.6,53867435.94,96781834,2019-09-24T00:00:00.000Z,3,marketplace;centralized-exchange;discount-token,HISTORICAL_APPROXIMATION,CMC snapshot tags vary by snapshot date (drift test: tags(2024)!=tags(2026)); taxonomy drift unverified,,,,,,NONE
2025-01-01,198,AEVO,Aevo,29676,aevo,0.3751602,338390024.1,59142780.44,901988064.8,2024-03-07T06:26:50.000Z,4,ethereum-ecosystem;dex;binance-launchpool;layer-2,HISTORICAL_APPROXIMATION,CMC snapshot tags vary by snapshot date (drift test: tags(2024)!=tags(2026)); taxonomy drift unverified,,,,AEVO-USDT-SWAP,2024-03-13T10:25:20Z,SYMBOL_MATCH
2025-01-01,199,DRIFT,Drift,31278,drift,1.3184058,355779056.9,330879929.9,269855501.2,2024-05-16T07:44:32.000Z,7,decentralized-exchange-dex-token;derivatives;polychain-capital-portfolio;governance;solana-ecosystem;multicoin-capital-portfolio,HISTORICAL_APPROXIMATION,CMC snapshot tags vary by snapshot date (drift test: tags(2024)!=tags(2026)); taxonomy drift unverified,,,,,,NONE
2025-01-01,200,ARKM,Arkham,27565,arkham,1.49158323,335755385.6,54569037.78,225100000,2023-07-18T09:32:13.000Z,8,marketplace;ai-big-data;research;ethereum-ecosystem;governance;binance-launchpad,HISTORICAL_APPROXIMATION,CMC snapshot tags vary by snapshot date (drift test: tags(2024)!=tags(2026)); taxonomy drift unverified,,,,ARKM-USDT-SWAP,2024-11-21T08:30:00Z,SYMBOL_MATCH
2025-01-01,201,AI16Z,ai16z,34026,ai16z,2.18307079,2401376429,208610411.7,1099999339,2024-11-17T23:08:14.000Z,5,memes;solana-ecosystem;ai-memes;ai-agents;binance-alpha,HISTORICAL_APPROXIMATION,CMC snapshot tags vary by snapshot date (drift test: tags(2024)!=tags(2026)); taxonomy drift unverified,AI16Z,2025-01-01T05:00:00Z,True,,,SYMBOL_MATCH
2025-01-01,202,USD0,Usual USD,32307,usual-usd,1.00058178,1682639853,53065760.63,1681661504,2024-07-22T03:23:27.000Z,4,stablecoin;asset-backed-stablecoin;usd-stablecoin;real-world-assets,HISTORICAL_APPROXIMATION,CMC snapshot tags vary by snapshot date (drift test: tags(2024)!=tags(2026)); taxonomy drift unverified,,,,,,NONE
2025-01-01,203,SOS,Solana Swap,33110,solana-swap,1.62461388,1624613882,2306685.49,999999999.4,2024-09-23T09:54:45.000Z,1,solana-ecosystem,HISTORICAL_APPROXIMATION,CMC snapshot tags vary by snapshot date (drift test: tags(2024)!=tags(2026)); taxonomy drift unverified,,,,,,NONE
2025-01-01,204,FTN,Fasttoken,22615,fasttoken,3.52866525,1539420841,70953984.41,436261513,2022-11-09T14:57:06.000Z,0,,HISTORICAL_APPROXIMATION,CMC snapshot tags vary by snapshot date (drift test: tags(2024)!=tags(2026)); taxonomy drift unverified,,,,,,NONE
2025-01-01,205,ZBU,Zeebu,27765,zeebu,4.20317012,1088498498,5164386.71,258970840.1,2023-08-09T17:44:17.000Z,1,loyalty,HISTORICAL_APPROXIMATION,CMC snapshot tags vary by snapshot date (drift test: tags(2024)!=tags(2026)); taxonomy drift unverified,,,,,,NONE
2025-01-01,206,FLZ,Fellaz,20787,fellaz,1.99254465,940231886.8,1923084.15,471874940,2022-06-27T17:12:31.000Z,1,ethereum-ecosystem,HISTORICAL_APPROXIMATION,CMC snapshot tags vary by snapshot date (drift test: tags(2024)!=tags(2026)); taxonomy drift unverified,,,,,,NONE
2025-01-01,207,DOG,Dog (Bitcoin),30933,dog-go-to-the-moon-rune,0.00652876,652876012.1,53120609.08,1e+11,2024-04-26T04:38:28.000Z,3,memes;bitcoin-ecosystem;runes,HISTORICAL_APPROXIMATION,CMC snapshot tags vary by snapshot date (drift test: tags(2024)!=tags(2026)); taxonomy drift unverified,,,,,,NONE
2025-01-01,208,FRAX,Frax,6952,frax,0.99451004,645868076.2,5288516.97,649433438.2,2020-09-08T00:00:00.000Z,12,defi;stablecoin;yield-farming;seigniorage;avalanche-ecosystem;lending-borowing,HISTORICAL_APPROXIMATION,CMC snapshot tags vary by snapshot date (drift test: tags(2024)!=tags(2026)); taxonomy drift unverified,,,,,,NONE
2025-01-01,209,BDX,Beldex,3987,beldex,0.07952626,549725645,5847594.34,6912504966,2019-06-07T00:00:00.000Z,5,privacy;masternodes;web3;dwf-labs-portfolio;depin,HISTORICAL_APPROXIMATION,CMC snapshot tags vary by snapshot date (drift test: tags(2024)!=tags(2026)); taxonomy drift unverified,,,,,,NONE
2025-01-01,210,MGC,Meta Games Coin,29839,meta-games-coin,0.49343679,542780324.9,405304.13,1099999700,2024-03-13T15:24:21.000Z,1,binance-chain,HISTORICAL_APPROXIMATION,CMC snapshot tags vary by snapshot date (drift test: tags(2024)!=tags(2026)); taxonomy drift unverified,,,,,,NONE
2025-01-01,211,TEL,Telcoin,2394,telcoin,0.0054069,496678682.2,2529108.33,9.186008381e+10,2018-01-14T00:00:00.000Z,2,medium-of-exchange;polygon-ecosystem,HISTORICAL_APPROXIMATION,CMC snapshot tags vary by snapshot date (drift test: tags(2024)!=tags(2026)); taxonomy drift unverified,,,,,,NONE
2025-01-01,212,CHEX,Chintai,8534,chex-token,0.50023098,487725096,4369344.2,974999778.1,2021-02-20T00:00:00.000Z,3,decentralized-exchange-dex-token;eos;real-world-assets,HISTORICAL_APPROXIMATION,CMC snapshot tags vary by snapshot date (drift test: tags(2024)!=tags(2026)); taxonomy drift unverified,,,,,,NONE
2025-01-01,213,AIXBT,aixbt by Virtuals,34103,aixbt,0.57097461,488533149.1,133104800.8,855612732,2024-11-20T08:37:44.000Z,4,base-ecosystem;ai-agents;virtuals-protocol-ecosystem;binance-alpha,HISTORICAL_APPROXIMATION,CMC snapshot tags vary by snapshot date (drift test: tags(2024)!=tags(2026)); taxonomy drift unverified,AIXBT,2025-01-01T05:00:00Z,False,AIXBT-USDT-SWAP,2025-01-03T07:00:00Z,SYMBOL_MATCH
2025-01-01,214,GRIFFAIN,GRIFFAIN,34792,griffain,0.44938481,449331388.7,80839085.82,999881120,2024-12-20T09:18:51.000Z,3,ai-agents;binance-alpha;ai-agent-launchpad,HISTORICAL_APPROXIMATION,CMC snapshot tags vary by snapshot date (drift test: tags(2024)!=tags(2026)); taxonomy drift unverified,GRIFFAIN,2025-01-07T06:00:00Z,False,,,SYMBOL_MATCH
2025-01-01,215,CHEEL,Cheelee,23054,cheelee,8.17203751,464186475,668387.52,56801804.23,2023-02-13T15:17:51.000Z,0,,HISTORICAL_APPROXIMATION,CMC snapshot tags vary by snapshot date (drift test: tags(2024)!=tags(2026)); taxonomy drift unverified,,,,,,NONE
2025-01-01,216,USDY,Ondo US Dollar Yield,29256,ondo-us-dollar-yield,1.06824643,448362996.6,4482015.96,419718692.6,2024-02-01T09:43:04.000Z,1,stablecoin,HISTORICAL_APPROXIMATION,CMC snapshot tags vary by snapshot date (drift test: tags(2024)!=tags(2026)); taxonomy drift unverified,,,,,,NONE
2025-01-01,217,SNEK,Snek,25264,snek,0.00591531,439966882.7,5944711.91,7.437767188e+10,2023-05-14T20:05:46.000Z,2,memes;cardano-ecosystem,HISTORICAL_APPROXIMATION,CMC snapshot tags vary by snapshot date (drift test: tags(2024)!=tags(2026)); taxonomy drift unverified,,,,,,NONE
2025-01-01,218,ARC,AI Rig Complex,34926,ai-rig-complex,0.37871265,378712010.1,39026438.24,999998319,2024-12-27T10:34:59.000Z,1,binance-alpha,HISTORICAL_APPROXIMATION,CMC snapshot tags vary by snapshot date (drift test: tags(2024)!=tags(2026)); taxonomy drift unverified,,,,,,NONE
2025-01-01,219,PEAQ,peaq,14588,peaq,0.57843035,377711713.1,34721465.3,652994290.5,2021-11-16T05:26:17.000Z,1,depin,HISTORICAL_APPROXIMATION,CMC snapshot tags vary by snapshot date (drift test: tags(2024)!=tags(2026)); taxonomy drift unverified,,,,,,NONE
2025-01-01,220,DSYNC,Destra Network,29884,destra-network,0.36772877,356300158.8,8367115.39,968921097.8,2024-03-15T07:59:16.000Z,3,ai-big-data;ethereum-ecosystem;depin,HISTORICAL_APPROXIMATION,CMC snapshot tags vary by snapshot date (drift test: tags(2024)!=tags(2026)); taxonomy drift unverified,,,,,,NONE
2025-01-01,221,FAI,Freysa,34330,freysa-ai,0.04569675,374242683.8,7546496.46,8189700000,2024-11-30T06:17:26.000Z,2,base-ecosystem;ai-agents,HISTORICAL_APPROXIMATION,CMC snapshot tags vary by snapshot date (drift test: tags(2024)!=tags(2026)); taxonomy drift unverified,,,,,,NONE
2025-01-01,222,TRIBE,Tribe,9025,tribe,0.66473551,361944892,59385.82,544494597,2021-03-30T00:00:00.000Z,2,defi;governance,HISTORICAL_APPROXIMATION,CMC snapshot tags vary by snapshot date (drift test: tags(2024)!=tags(2026)); taxonomy drift unverified,,,,,,NONE
2025-01-01,223,BORG,SwissBorg,2499,swissborg,0.35028177,344488059.5,1596326.45,983459858.4,2018-02-02T00:00:00.000Z,2,asset-management;staking,HISTORICAL_APPROXIMATION,CMC snapshot tags vary by snapshot date (drift test: tags(2024)!=tags(2026)); taxonomy drift unverified,,,,,,NONE
2025-01-01,224,QTUM,Qtum,1684,qtum,3.13060058,330164643.3,40232277.44,105463675.5,2017-05-24T00:00:00.000Z,4,platform;smart-contracts;kenetic-capital-portfolio;bitcoin-ecosystem,HISTORICAL_APPROXIMATION,CMC snapshot tags vary by snapshot date (drift test: tags(2024)!=tags(2026)); taxonomy drift unverified,,,,QTUM-USDT-SWAP,2020-04-21T10:12:51Z,SYMBOL_MATCH
2025-01-01,225,MANTA,Manta Network,13631,manta-network,0.84826849,326159621.6,56866089.65,384500457.4,2024-01-18T10:00:24.000Z,11,zero-knowledge-proofs;ethereum-ecosystem;polkadot-ecosystem;binance-launchpool;polychain-capital-portfolio;layer-2,HISTORICAL_APPROXIMATION,CMC snapshot tags vary by snapshot date (drift test: tags(2024)!=tags(2026)); taxonomy drift unverified,MANTA,2024-01-18T22:00:00Z,False,,,SYMBOL_MATCH
2025-01-01,226,QUBIC,Qubic,29169,qubic,2.96e-06,339418201.9,3905249.18,1.146001825e+14,2024-01-25T10:29:06.000Z,3,ai-big-data;generative-ai;layer-1,HISTORICAL_APPROXIMATION,CMC snapshot tags vary by snapshot date (drift test: tags(2024)!=tags(2026)); taxonomy drift unverified,,,,,,NONE
2025-01-01,227,ELF,aelf,2299,aelf,0.44946254,330936619.4,12759035.94,736294114.6,2017-12-21T00:00:00.000Z,9,marketplace;enterprise-solutions;smart-contracts;dao;dapp;arrington-xrp-capital-portfolio,HISTORICAL_APPROXIMATION,CMC snapshot tags vary by snapshot date (drift test: tags(2024)!=tags(2026)); taxonomy drift unverified,,,,,,NONE
2025-01-01,228,CPOOL,Clearpool,12573,clearpool,0.43719023,319129944.8,6287418.94,729956710.7,2021-10-10T08:04:07.000Z,2,defi;real-world-assets,HISTORICAL_APPROXIMATION,CMC snapshot tags vary by snapshot date (drift test: tags(2024)!=tags(2026)); taxonomy drift unverified,,,,,,NONE
2025-01-01,229,DEEP,DeepBook Protocol,33391,deepbook-protocol,0.11613718,322745231.7,29346079.71,2779000000,2024-10-10T05:43:32.000Z,3,decentralized-exchange-dex-token;defi;sui-ecosystem,HISTORICAL_APPROXIMATION,CMC snapshot tags vary by snapshot date (drift test: tags(2024)!=tags(2026)); taxonomy drift unverified,,,,,,NONE
2025-01-01,230,WEMIX,WEMIX,7548,wemix,0.7756689,322092816.7,1097255.34,415245240.2,2020-10-29T00:00:00.000Z,5,platform;collectibles-nfts;gaming;metaverse;play-to-earn,HISTORICAL_APPROXIMATION,CMC snapshot tags vary by snapshot date (drift test: tags(2024)!=tags(2026)); taxonomy drift unverified,,,,,,NONE
2025-01-01,231,ETHDYDX,dYdX (ethDYDX),11156,dydx-ethdydx,1.4671145,316852906.9,29826942.54,215970128.8,2021-08-03T00:00:00.000Z,8,cosmos-ecosystem;decentralized-exchange-dex-token;defi;derivatives;zero-knowledge-proofs;three-arrows-capital-portfolio,HISTORICAL_APPROXIMATION,CMC snapshot tags vary by snapshot date (drift test: tags(2024)!=tags(2026)); taxonomy drift unverified,,,,,,NONE
2025-01-01,232,XCH,Chia,9258,chia-network,22.84122844,318806651.5,7095686.38,13957509,2021-04-16T00:00:00.000Z,3,mineable;real-world-assets;layer-1,HISTORICAL_APPROXIMATION,CMC snapshot tags vary by snapshot date (drift test: tags(2024)!=tags(2026)); taxonomy drift unverified,,,,,,NONE
2025-01-01,233,SC,Siacoin,1042,siacoin,0.00541584,312712694.2,20670144.24,5.77403917e+10,2015-08-26T00:00:00.000Z,13,mineable;pow;blake2b;platform;distributed-computing;filesharing,HISTORICAL_APPROXIMATION,CMC snapshot tags vary by snapshot date (drift test: tags(2024)!=tags(2026)); taxonomy drift unverified,,,,,,NONE
2025-01-01,234,FXS,Frax Share,6953,frax-share,3.61412466,312672926.6,18053099.08,86514150.91,2020-09-08T00:00:00.000Z,6,defi;amm;seigniorage;avalanche-ecosystem;exnetwork-capital-portfolio;arbitrum-ecosytem,HISTORICAL_APPROXIMATION,CMC snapshot tags vary by snapshot date (drift test: tags(2024)!=tags(2026)); taxonomy drift unverified,FXS,2023-07-30T21:00:00Z,True,,,SYMBOL_MATCH
2025-01-01,235,LUNA,Terra,20314,terra-luna-v2,0.42952337,304954908.1,25349066.93,709984438.9,2022-05-26T12:47:26.000Z,1,alleged-sec-securities,HISTORICAL_APPROXIMATION,CMC snapshot tags vary by snapshot date (drift test: tags(2024)!=tags(2026)); taxonomy drift unverified,,,,LUNA-USDT-SWAP,2022-05-28T13:54:42Z,SYMBOL_MATCH
2025-01-01,236,DYM,Dymension,28932,dymension,1.37660196,304124509.6,275668306.3,220924072,2024-02-06T10:00:00.000Z,2,cosmos-ecosystem;modular-blockchain,HISTORICAL_APPROXIMATION,CMC snapshot tags vary by snapshot date (drift test: tags(2024)!=tags(2026)); taxonomy drift unverified,DYM,2024-02-06T18:00:00Z,False,,,SYMBOL_MATCH
2025-01-01,237,OSMO,Osmosis,12220,osmosis,0.43387991,304821746.4,9941693.85,702548659.3,2021-09-30T16:58:27.000Z,3,cosmos-ecosystem;injective-ecosystem;modular-blockchain,HISTORICAL_APPROXIMATION,CMC snapshot tags vary by snapshot date (drift test: tags(2024)!=tags(2026)); taxonomy drift unverified,,,,,,NONE
2025-01-01,238,RVN,Ravencoin,2577,ravencoin,0.02066427,303153523.6,7526817.95,1.46704203e+10,2018-03-10T00:00:00.000Z,4,mineable;pow;platform;crowdfunding,HISTORICAL_APPROXIMATION,CMC snapshot tags vary by snapshot date (drift test: tags(2024)!=tags(2026)); taxonomy drift unverified,,,,RVN-USDT-SWAP,2021-04-23T07:00:00Z,SYMBOL_MATCH
2025-01-01,239,BICO,Biconomy,9543,biconomy,0.33063148,303409434.5,13198983.6,917666491.2,2021-12-01T10:12:17.000Z,8,platform;interoperability;coinbase-ventures-portfolio;binance-labs-portfolio;fenbushi-capital-portfolio;mvb,HISTORICAL_APPROXIMATION,CMC snapshot tags vary by snapshot date (drift test: tags(2024)!=tags(2026)); taxonomy drift unverified,,,,BICO-USDT-SWAP,2021-12-09T06:50:17Z,SYMBOL_MATCH
2025-01-01,240,MASK,Mask Network,8536,mask-network,2.98837384,298837384.4,83305149.32,100000000,2021-02-21T00:00:00.000Z,11,communications-social-media;collectibles-nfts;content-creation;ethereum-ecosystem;metaverse;polygon-ecosystem,HISTORICAL_APPROXIMATION,CMC snapshot tags vary by snapshot date (drift test: tags(2024)!=tags(2026)); taxonomy drift unverified,,,,MASK-USDT-SWAP,2021-03-04T07:00:00Z,SYMBOL_MATCH
2025-01-01,241,KDA,Kadena,5647,kadena,0.97354533,293410026.2,11865242.33,301383015.6,2020-05-31T00:00:00.000Z,18,mineable;pow;blake2s;platform;ai-big-data;collectibles-nfts,HISTORICAL_APPROXIMATION,CMC snapshot tags vary by snapshot date (drift test: tags(2024)!=tags(2026)); taxonomy drift unverified,,,,,,NONE
2025-01-01,242,GAS,Gas,1785,gas,4.57733565,297491713.6,6605032.19,64992331,2017-07-06T00:00:00.000Z,3,medium-of-exchange;payments;smart-contracts,HISTORICAL_APPROXIMATION,CMC snapshot tags vary by snapshot date (drift test: tags(2024)!=tags(2026)); taxonomy drift unverified,GAS,2023-10-24T15:00:00Z,False,GAS-USDT-SWAP,2023-10-24T09:55:00Z,SYMBOL_MATCH
2025-01-01,243,SSV,ssv.network,12999,ssv-network,24.81032845,289363263.3,37331767.93,11663016.22,2021-10-22T05:12:07.000Z,0,,HISTORICAL_APPROXIMATION,CMC snapshot tags vary by snapshot date (drift test: tags(2024)!=tags(2026)); taxonomy drift unverified,,,,SSV-USDT-SWAP,2023-11-23T03:55:00Z,SYMBOL_MATCH
2025-01-01,244,ACT,Act I : The AI Prophecy,33566,act-i-the-ai-prophecy,0.29510749,279834618.2,142606168.5,948246398.4,2024-10-22T14:22:27.000Z,4,memes;solana-ecosystem;ai-memes;pump-fun-ecosystem,HISTORICAL_APPROXIMATION,CMC snapshot tags vary by snapshot date (drift test: tags(2024)!=tags(2026)); taxonomy drift unverified,,,,ACT-USDT-SWAP,2024-11-14T11:00:00Z,SYMBOL_MATCH
2025-01-01,245,PHA,Phala Network,6841,phala-network,0.35974972,277945538.8,178114723.7,772608075.8,2020-09-13T00:00:00.000Z,22,ai-big-data;distributed-computing;privacy;zero-knowledge-proofs;interoperability;oracles,HISTORICAL_APPROXIMATION,CMC snapshot tags vary by snapshot date (drift test: tags(2024)!=tags(2026)); taxonomy drift unverified,,,,,,NONE
2025-01-01,246,YFI,yearn.finance,5864,yearn-finance,8312.325582,279526312.1,17837480.53,33627.93113,2020-07-18T00:00:00.000Z,16,defi;dao;yield-farming;yield-aggregator;yearn-partnerships;three-arrows-capital-portfolio,HISTORICAL_APPROXIMATION,CMC snapshot tags vary by snapshot date (drift test: tags(2024)!=tags(2026)); taxonomy drift unverified,,,,YFI-USDT-SWAP,2020-09-02T10:12:51Z,SYMBOL_MATCH
2025-01-01,247,PEPECOIN,PepeCoin,24835,pepecoin,2.09860436,274750538.1,5545405.77,130920597.9,2023-05-01T08:13:44.000Z,2,memes;ethereum-ecosystem,HISTORICAL_APPROXIMATION,CMC snapshot tags vary by snapshot date (drift test: tags(2024)!=tags(2026)); taxonomy drift unverified,,,,,,NONE
2025-01-01,248,LRC,Loopring,1934,loopring,0.2026878,277035092.7,12615251.58,1366806970,2017-08-30T00:00:00.000Z,16,marketplace;decentralized-exchange-dex-token;defi;zero-knowledge-proofs;scaling;smart-contracts,HISTORICAL_APPROXIMATION,CMC snapshot tags vary by snapshot date (drift test: tags(2024)!=tags(2026)); taxonomy drift unverified,,,,,,NONE
2025-01-01,249,DOGS,DOGS,32698,dogs,0.00053592,276938168.2,39272923.14,5.1675e+11,2024-08-26T12:00:00.000Z,4,memes;doggone-doggerel;telegram-bot;toncoin-ecosystem,HISTORICAL_APPROXIMATION,CMC snapshot tags vary by snapshot date (drift test: tags(2024)!=tags(2026)); taxonomy drift unverified,,,,,,NONE
2025-01-01,250,SKL,SKALE,5691,skale-network,0.04911936,272066943.3,22858384.21,5538894337,2020-06-12T00:00:00.000Z,12,platform;gaming;scaling;smart-contracts;staking;layer-2,HISTORICAL_APPROXIMATION,CMC snapshot tags vary by snapshot date (drift test: tags(2024)!=tags(2026)); taxonomy drift unverified,,,,,,NONE
2025-01-01,251,T,Threshold,17751,threshold,0.02744754,275581382,13954282.95,1.004029339e+10,2022-01-31T08:26:28.000Z,1,bitcoin-ecosystem,HISTORICAL_APPROXIMATION,CMC snapshot tags vary by snapshot date (drift test: tags(2024)!=tags(2026)); taxonomy drift unverified,,,,,,NONE
2025-01-01,252,HONEY,Hivemapper,22850,hivemapper,0.08914946,275658979.6,4270261.32,3092099361,2022-12-03T13:01:09.000Z,4,distributed-computing;iot;solana-ecosystem;depin,HISTORICAL_APPROXIMATION,CMC snapshot tags vary by snapshot date (drift test: tags(2024)!=tags(2026)); taxonomy drift unverified,,,,,,NONE
2025-01-01,253,GMX,GMX,11857,gmx,27.33470358,270928388.1,11594524.01,9911517.326,2021-09-13T12:11:50.000Z,5,decentralized-exchange-dex-token;derivatives;dex;avalanche-ecosystem;arbitrum-ecosytem,HISTORICAL_APPROXIMATION,CMC snapshot tags vary by snapshot date (drift test: tags(2024)!=tags(2026)); taxonomy drift unverified,GMX,2023-05-25T00:00:00Z,False,GMX-USDT-SWAP,2023-02-02T07:05:42Z,SYMBOL_MATCH
2025-01-01,254,MOODENG,Moo Deng (moodengsol.com),33093,moo-deng-solana,0.26995813,267250930.5,47058082.94,989971791.2,2024-09-21T02:09:39.000Z,4,memes;solana-ecosystem;animal-memes;pump-fun-ecosystem,HISTORICAL_APPROXIMATION,CMC snapshot tags vary by snapshot date (drift test: tags(2024)!=tags(2026)); taxonomy drift unverified,MOODENG,2024-10-25T10:00:00Z,False,MOODENG-USDT-SWAP,2024-10-03T07:00:02Z,SYMBOL_MATCH
2025-01-01,255,MWC,MimbleWimbleCoin,5031,mimblewimblecoin,24.53446685,269177113.6,6485.66,10971386.31,2020-02-24T00:00:00.000Z,4,mineable;pow;privacy;mimblewimble,HISTORICAL_APPROXIMATION,CMC snapshot tags vary by snapshot date (drift test: tags(2024)!=tags(2026)); taxonomy drift unverified,,,,,,NONE
2025-01-01,256,METIS,Metis,9640,metisdao,43.20530113,265770252.6,6127771.54,6151334.342,2021-05-08T00:00:00.000Z,7,zero-knowledge-proofs;scaling;layer-2;rollups;okx-ventures-portfolio;metisdao-ecosystem,HISTORICAL_APPROXIMATION,CMC snapshot tags vary by snapshot date (drift test: tags(2024)!=tags(2026)); taxonomy drift unverified,,,,METIS-USDT-SWAP,2023-12-28T09:55:00Z,SYMBOL_MATCH
2025-01-01,257,ALT,Altlayer,29073,altlayer,0.11456559,263678850.4,37841860.54,2301553585,2024-01-17T12:59:16.000Z,11,zero-knowledge-proofs;interoperability;staking;binance-launchpool;polychain-capital-portfolio;rollups,HISTORICAL_APPROXIMATION,CMC snapshot tags vary by snapshot date (drift test: tags(2024)!=tags(2026)); taxonomy drift unverified,ALT,2024-01-25T15:00:00Z,False,,,SYMBOL_MATCH
2025-01-01,258,INSURANCE,insurance,33553,insurance,14.26740575,266800487.4,146051.93,18700000,2024-10-22T04:11:08.000Z,1,binance-smart-chain,HISTORICAL_APPROXIMATION,CMC snapshot tags vary by snapshot date (drift test: tags(2024)!=tags(2026)); taxonomy drift unverified,,,,,,NONE
2025-01-01,259,PAAL,PAAL AI,27178,paal-ai,0.33125364,271471663.9,9168379.83,819528083.5,2023-06-23T07:23:59.000Z,6,ai-big-data;generative-ai;telegram-bot;discord-bots;paal-ecosystem;ai-agent-launchpad,HISTORICAL_APPROXIMATION,CMC snapshot tags vary by snapshot date (drift test: tags(2024)!=tags(2026)); taxonomy drift unverified,,,,,,NONE
2025-01-01,260,COW,CoW Protocol,19269,cow-protocol,0.90492949,266396127.7,32537815.9,294383297.4,2022-04-01T08:42:05.000Z,2,decentralized-exchange-dex-token;intent,HISTORICAL_APPROXIMATION,CMC snapshot tags vary by snapshot date (drift test: tags(2024)!=tags(2026)); taxonomy drift unverified,,,,,,NONE
2025-01-01,261,RLB,Rollbit Coin,15271,rollbit-coin,0.11263158,258974282.8,590067.14,2299304397,2021-11-29T06:53:35.000Z,1,gambling,HISTORICAL_APPROXIMATION,CMC snapshot tags vary by snapshot date (drift test: tags(2024)!=tags(2026)); taxonomy drift unverified,RLB,2023-08-02T04:00:00Z,True,,,SYMBOL_MATCH
2025-01-01,262,XYO,XYO,2765,xyo,0.01928639,259917824.5,5622808.52,1.347674769e+10,2018-05-22T00:00:00.000Z,9,logistics;distributed-computing;oracles;ethereum-ecosystem;metaverse;play-to-earn,HISTORICAL_APPROXIMATION,CMC snapshot tags vary by snapshot date (drift test: tags(2024)!=tags(2026)); taxonomy drift unverified,,,,,,NONE
2025-01-01,263,TAI,TARS AI,20605,tars-protocol,0.36333676,251314654.9,11980983.93,691685195,2022-06-15T10:23:43.000Z,2,ai-big-data;solana-ecosystem,HISTORICAL_APPROXIMATION,CMC snapshot tags vary by snapshot date (drift test: tags(2024)!=tags(2026)); taxonomy drift unverified,,,,,,NONE
2025-01-01,264,POLYX,Polymesh,20362,polymesh,0.27229507,249644792.3,7894150.93,916817144.2,2022-05-30T12:38:57.000Z,1,real-world-assets,HISTORICAL_APPROXIMATION,CMC snapshot tags vary by snapshot date (drift test: tags(2024)!=tags(2026)); taxonomy drift unverified,POLYX,2023-10-24T15:00:00Z,False,,,SYMBOL_MATCH
2025-01-01,265,DCR,Decred,1168,decred,15.16156548,250765822.2,2101015.49,16539573.21,2016-02-10T00:00:00.000Z,6,mineable;hybrid-pow-pos;medium-of-exchange;store-of-value;dao;placeholder-ventures-portfolio,HISTORICAL_APPROXIMATION,CMC snapshot tags vary by snapshot date (drift test: tags(2024)!=tags(2026)); taxonomy drift unverified,,,,,,NONE
2025-01-01,266,G,Gravity,32120,gravity-token,0.03018574,251677213.8,11314553.33,8337620000,2024-07-05T03:29:52.000Z,4,ethereum-ecosystem;binance-launchpool;spartan-group;dwf-labs-portfolio,HISTORICAL_APPROXIMATION,CMC snapshot tags vary by snapshot date (drift test: tags(2024)!=tags(2026)); taxonomy drift unverified,,,,,,NONE
2025-01-01,267,FIDA,Solana Name Service,7978,solana-name-service,0.25038609,248110585.5,31642487.9,990912001.7,2020-12-14T00:00:00.000Z,7,defi;three-arrows-capital-portfolio;solana-ecosystem;cms-holdings-portfolio;kenetic-capital-portfolio;ftx-bankruptcy-estate,HISTORICAL_APPROXIMATION,CMC snapshot tags vary by snapshot date (drift test: tags(2024)!=tags(2026)); taxonomy drift unverified,,,,,,NONE
2025-01-01,268,ANT,Aragon,1680,aragon,5.80944209,250923080.8,8991.2,43192285.43,2017-05-18T00:00:00.000Z,8,platform;enterprise-solutions;dao;ethereum-ecosystem;governance;boostvc-portfolio,HISTORICAL_APPROXIMATION,CMC snapshot tags vary by snapshot date (drift test: tags(2024)!=tags(2026)); taxonomy drift unverified,,,,,,NONE
2025-01-01,269,WILD,Wilder World,9674,wilder-world,0.64146701,247617575.2,1907260.04,386017629.4,2021-05-10T00:00:00.000Z,7,vr-ar;collectibles-nfts;gaming;metaverse;polkastarter;animoca-brands-portfolio,HISTORICAL_APPROXIMATION,CMC snapshot tags vary by snapshot date (drift test: tags(2024)!=tags(2026)); taxonomy drift unverified,,,,,,NONE
2025-01-01,270,ALEO,Aleo,32193,aleo,0.82330077,241071134.8,9285537.04,292810530.2,2024-07-15T10:02:24.000Z,1,zero-knowledge-proofs,HISTORICAL_APPROXIMATION,CMC snapshot tags vary by snapshot date (drift test: tags(2024)!=tags(2026)); taxonomy drift unverified,,,,,,NONE
2025-01-01,271,RPL,Rocket Pool,2943,rocket-pool,11.59780579,243417103,6318943.1,20988203.07,2018-07-17T00:00:00.000Z,2,defi;liquid-staking-derivatives,HISTORICAL_APPROXIMATION,CMC snapshot tags vary by snapshot date (drift test: tags(2024)!=tags(2026)); taxonomy drift unverified,,,,,,NONE
2025-01-01,272,FWOG,Fwog (SOL),33291,fwog-solana,0.2504011,244300155.6,18222536.96,975635328,2024-10-03T11:57:23.000Z,5,memes;solana-ecosystem;cmc-community-vote-winners;pump-fun-ecosystem;binance-alpha,HISTORICAL_APPROXIMATION,CMC snapshot tags vary by snapshot date (drift test: tags(2024)!=tags(2026)); taxonomy drift unverified,,,,,,NONE
2025-01-01,273,BZR,Bazaars,24554,bazaars,20.7847133,242606368,957618.92,11672346.14,2023-04-19T13:22:57.000Z,0,,HISTORICAL_APPROXIMATION,CMC snapshot tags vary by snapshot date (drift test: tags(2024)!=tags(2026)); taxonomy drift unverified,,,,,,NONE
2025-01-01,274,SUN,Sun [New],10529,sun-token,0.02471934,241927388.7,32177252.34,9786968192,2021-06-21T00:00:00.000Z,1,tron-ecosystem,HISTORICAL_APPROXIMATION,CMC snapshot tags vary by snapshot date (drift test: tags(2024)!=tags(2026)); taxonomy drift unverified,,,,,,NONE
2025-01-01,275,SHIBTC,ShibaBitcoin,30953,shibabitcoin,2.79268262,241458343.8,1523196.61,86461076,2024-04-26T11:08:10.000Z,2,memes;binance-smart-chain,HISTORICAL_APPROXIMATION,CMC snapshot tags vary by snapshot date (drift test: tags(2024)!=tags(2026)); taxonomy drift unverified,,,,,,NONE
2025-01-01,276,GLMR,Moonbeam,6836,moonbeam,0.2546163,237438639.7,10726785.74,932535096,2022-01-11T12:55:50.000Z,7,smart-contracts;substrate;polkadot;polkadot-ecosystem;binance-labs-portfolio;arrington-xrp-capital-portfolio,HISTORICAL_APPROXIMATION,CMC snapshot tags vary by snapshot date (drift test: tags(2024)!=tags(2026)); taxonomy drift unverified,,,,,,NONE
2025-01-01,277,DEUSD,Elixir deUSD,31024,elixir-deusd,0.99996437,240053164.5,2029999.93,240061718.8,2024-05-02T08:51:49.000Z,1,usd-stablecoin,HISTORICAL_APPROXIMATION,CMC snapshot tags vary by snapshot date (drift test: tags(2024)!=tags(2026)); taxonomy drift unverified,,,,,,NONE
2025-01-01,278,XVG,Verge,693,verge,0.01423412,235175505.6,57847402.9,1.652195124e+10,2014-10-25T00:00:00.000Z,4,mineable;multiple-algorithms;medium-of-exchange;2017-2018-alt-season,HISTORICAL_APPROXIMATION,CMC snapshot tags vary by snapshot date (drift test: tags(2024)!=tags(2026)); taxonomy drift unverified,,,,,,NONE
2025-01-01,279,UXLINK,UXLINK,32257,uxlink,1.44733844,246047534.6,507089974.6,170000000,2024-07-17T06:14:06.000Z,2,social-token;arbitrum-ecosytem,HISTORICAL_APPROXIMATION,CMC snapshot tags vary by snapshot date (drift test: tags(2024)!=tags(2026)); taxonomy drift unverified,,,,,,NONE
2025-01-01,280,FLUX,Flux,3029,zel,0.62028604,234072959.2,7358126.51,377362934.5,2018-08-02T00:00:00.000Z,16,mineable;pow;ai-big-data;distributed-computing;filesharing;interoperability,HISTORICAL_APPROXIMATION,CMC snapshot tags vary by snapshot date (drift test: tags(2024)!=tags(2026)); taxonomy drift unverified,,,,,,NONE
2025-01-01,281,MRS,Metars Genesis,21178,metars-genesis,2.83278306,238620339.8,87975.06,84235303,2022-08-01T04:52:13.000Z,0,,HISTORICAL_APPROXIMATION,CMC snapshot tags vary by snapshot date (drift test: tags(2024)!=tags(2026)); taxonomy drift unverified,,,,,,NONE
2025-01-01,282,XRD,Radix,11948,radix-protocol,0.02210575,235049433.2,1836307.96,1.063295489e+10,2021-09-17T15:12:05.000Z,3,platform;layer-1;dwf-labs-portfolio,HISTORICAL_APPROXIMATION,CMC snapshot tags vary by snapshot date (drift test: tags(2024)!=tags(2026)); taxonomy drift unverified,,,,,,NONE
2025-01-01,283,XAI,Xai,28933,xai-games,0.2307861,230734833.8,68303193.05,999777844.6,2024-01-03T10:03:02.000Z,6,platform;gaming;binance-launchpool;cms-holdings-portfolio;arbitrum-ecosytem;animoca-brands-portfolio,HISTORICAL_APPROXIMATION,CMC snapshot tags vary by snapshot date (drift test: tags(2024)!=tags(2026)); taxonomy drift unverified,XAI,2024-01-15T18:00:00Z,False,,,SYMBOL_MATCH
2025-01-01,284,PEOPLE,ConstitutionDAO,14806,constitutiondao,0.04608506,233196726.6,81321557.24,5060137335,2021-11-19T03:12:15.000Z,2,dao;political-memes,HISTORICAL_APPROXIMATION,CMC snapshot tags vary by snapshot date (drift test: tags(2024)!=tags(2026)); taxonomy drift unverified,PEOPLE,2024-01-03T17:00:00Z,False,PEOPLE-USDT-SWAP,2021-12-02T06:51:29Z,SYMBOL_MATCH
2025-01-01,285,VTHO,VeThor Token,3012,vethor-token,0.00272418,230492810,1989342.95,8.460983521e+10,2018-07-30T00:00:00.000Z,0,,HISTORICAL_APPROXIMATION,CMC snapshot tags vary by snapshot date (drift test: tags(2024)!=tags(2026)); taxonomy drift unverified,,,,,,NONE
2025-01-01,286,CAT,Simon's Cat,32724,simonscat,3.353e-05,226300714.7,41192380.83,6.749954687e+12,2024-08-19T02:07:41.000Z,5,binance-smart-chain;solana-ecosystem;cat-themed;tokenfi-launchpad;ip-memes,HISTORICAL_APPROXIMATION,CMC snapshot tags vary by snapshot date (drift test: tags(2024)!=tags(2026)); taxonomy drift unverified,,,,,,NONE
2025-01-01,287,COTI,COTI,3992,coti,0.1254445,224835313.8,10642301.62,1792309031,2019-06-04T00:00:00.000Z,8,defi;fantom-ecosystem;cardano-ecosystem;arbitrum-ecosytem;cardano;bnb-chain,HISTORICAL_APPROXIMATION,CMC snapshot tags vary by snapshot date (drift test: tags(2024)!=tags(2026)); taxonomy drift unverified,,,,,,NONE
2025-01-01,288,UMA,UMA,5617,uma,2.68835094,225539257.1,12524492.48,83895020.52,2020-05-25T00:00:00.000Z,12,defi;derivatives;oracles;dao;coinbase-ventures-portfolio;governance,HISTORICAL_APPROXIMATION,CMC snapshot tags vary by snapshot date (drift test: tags(2024)!=tags(2026)); taxonomy drift unverified,UMA,2024-01-19T04:00:00Z,False,UMA-USDT-SWAP,2020-09-04T10:12:51Z,SYMBOL_MATCH
2025-01-01,289,ZKJ,Polyhedra Network,29779,polyhedra-network,2.02616104,227949192.9,5452644.55,112502998.8,2024-03-19T09:05:12.000Z,7,interoperability;polychain-capital-portfolio;binance-labs-portfolio;hashkey-capital-portfolio;animoca-brands-portfolio;okx-ventures-portfolio,HISTORICAL_APPROXIMATION,CMC snapshot tags vary by snapshot date (drift test: tags(2024)!=tags(2026)); taxonomy drift unverified,,,,,,NONE
2025-01-01,290,AVAIL,Avail,32376,avail,0.11755795,225363252.5,4450078.25,1917039603,2024-07-24T08:27:09.000Z,2,zero-knowledge-proofs;polkadot-ecosystem,HISTORICAL_APPROXIMATION,CMC snapshot tags vary by snapshot date (drift test: tags(2024)!=tags(2026)); taxonomy drift unverified,,,,,,NONE
2025-01-01,291,BAND,Band Protocol,4679,band-protocol,1.44198213,223812691.3,4707579.93,155211834.2,2019-09-18T00:00:00.000Z,14,cosmos-ecosystem;defi;oracles;binance-chain;binance-launchpad;binance-labs-portfolio,HISTORICAL_APPROXIMATION,CMC snapshot tags vary by snapshot date (drift test: tags(2024)!=tags(2026)); taxonomy drift unverified,,,,BAND-USDT-SWAP,2020-09-07T10:12:51Z,SYMBOL_MATCH
2025-01-01,292,ACH,Alchemy Pay,6958,alchemy-pay,0.02613767,222632622.5,37059370.75,8517693241,2020-09-09T00:00:00.000Z,1,dwf-labs-portfolio,HISTORICAL_APPROXIMATION,CMC snapshot tags vary by snapshot date (drift test: tags(2024)!=tags(2026)); taxonomy drift unverified,,,,ACH-USDT-SWAP,2024-02-22T08:25:01Z,SYMBOL_MATCH
2025-01-01,293,MPLX,Metaplex,21870,metaplex,0.29617508,223853019.8,1360879.03,755813146,2022-09-20T05:27:00.000Z,1,solana-ecosystem,HISTORICAL_APPROXIMATION,CMC snapshot tags vary by snapshot date (drift test: tags(2024)!=tags(2026)); taxonomy drift unverified,,,,,,NONE
2025-01-01,294,ULTIMA,Ultima,28293,ultima,6997.666245,224135249.8,6310716.13,32030,2023-10-26T20:59:30.000Z,1,web3,HISTORICAL_APPROXIMATION,CMC snapshot tags vary by snapshot date (drift test: tags(2024)!=tags(2026)); taxonomy drift unverified,,,,,,NONE
2025-01-01,295,WHITE,WhiteRock,34143,whiterock,0.00034299,222946127.2,19410.42,6.5e+11,2024-11-21T12:54:14.000Z,1,ethereum-ecosystem,HISTORICAL_APPROXIMATION,CMC snapshot tags vary by snapshot date (drift test: tags(2024)!=tags(2026)); taxonomy drift unverified,,,,,,NONE
2025-01-01,296,EDU,Open Campus,24613,open-campus,0.53883295,221287768.3,17381612.91,410679724.4,2023-04-21T08:06:26.000Z,3,education;binance-launchpad;animoca-brands-portfolio,HISTORICAL_APPROXIMATION,CMC snapshot tags vary by snapshot date (drift test: tags(2024)!=tags(2026)); taxonomy drift unverified,,,,,,NONE
2025-01-01,297,XEM,NEM,873,nem,0.02408934,216804099.9,17233182.5,8999999999,2015-04-01T00:00:00.000Z,5,poi;medium-of-exchange;payments;smart-contracts;fantom-ecosystem,HISTORICAL_APPROXIMATION,CMC snapshot tags vary by snapshot date (drift test: tags(2024)!=tags(2026)); taxonomy drift unverified,,,,,,NONE
2025-01-01,298,0x0,0x0.ai,23355,0x0-ai-ai-smart-contract,0.2537795,220423602.8,772734.28,868563455,2023-01-31T10:00:24.000Z,3,ai-big-data;privacy;generative-ai,HISTORICAL_APPROXIMATION,CMC snapshot tags vary by snapshot date (drift test: tags(2024)!=tags(2026)); taxonomy drift unverified,,,,,,NONE
2025-01-01,299,ONT,Ontology,2566,ontology,0.23726117,215361453.7,7715264.3,907697857,2018-03-08T00:00:00.000Z,8,enterprise-solutions;identity;metaverse;huobi-capital-portfolio;fantom-ecosystem;web3,HISTORICAL_APPROXIMATION,CMC snapshot tags vary by snapshot date (drift test: tags(2024)!=tags(2026)); taxonomy drift unverified,,,,ONT-USDT-SWAP,2020-04-21T10:12:51Z,SYMBOL_MATCH
2025-01-01,300,DGB,DigiByte,109,digibyte,0.01267909,221291220.3,27532036.29,1.745324194e+10,2014-02-06T00:00:00.000Z,7,mineable;pow;multiple-algorithms;medium-of-exchange;collectibles-nfts;iot,HISTORICAL_APPROXIMATION,CMC snapshot tags vary by snapshot date (drift test: tags(2024)!=tags(2026)); taxonomy drift unverified,,,,,,NONE
2025-01-01,301,BLAST,Blast,28480,blast,0.00888966,212573475.7,12358764.15,2.391243867e+10,2024-06-26T14:06:36.000Z,6,ethereum-ecosystem;layer-2;rollups;paradigm-portfolio;standard-crypto-portfolio;egirl-capital-portfolio,HISTORICAL_APPROXIMATION,CMC snapshot tags vary by snapshot date (drift test: tags(2024)!=tags(2026)); taxonomy drift unverified,BLAST,2024-06-26T16:00:00Z,True,,,SYMBOL_MATCH
2025-01-01,302,YGG,Yield Guild Games,10688,yield-guild-games,0.50037179,209352668.9,30322766.15,418394231.9,2021-06-28T00:00:00.000Z,11,collectibles-nfts;gaming;entertainment;dao;metaverse;a16z-portfolio,HISTORICAL_APPROXIMATION,CMC snapshot tags vary by snapshot date (drift test: tags(2024)!=tags(2026)); taxonomy drift unverified,YGG,2023-08-06T16:00:00Z,False,YGG-USDT-SWAP,2021-08-06T09:00:00Z,SYMBOL_MATCH
2025-01-01,303,ZANO,Zano,4691,zano,15.82532666,212562416.9,952044.8,13431787,2020-01-17T00:00:00.000Z,7,mineable;hybrid-pow-pos;medium-of-exchange;atomic-swaps;defi;privacy,HISTORICAL_APPROXIMATION,CMC snapshot tags vary by snapshot date (drift test: tags(2024)!=tags(2026)); taxonomy drift unverified,,,,,,NONE
2025-01-01,304,ORCA,Orca,11165,orca,3.98397827,212247243.2,57825705.12,53275201,2021-08-05T00:00:00.000Z,5,decentralized-exchange-dex-token;amm;dex;three-arrows-capital-portfolio;solana-ecosystem,HISTORICAL_APPROXIMATION,CMC snapshot tags vary by snapshot date (drift test: tags(2024)!=tags(2026)); taxonomy drift unverified,,,,,,NONE
2025-01-01,305,VELO,Velo,7127,velo,0.02773306,204960497.2,40495365.43,7390475595,2020-09-21T00:00:00.000Z,1,dwf-labs-portfolio,HISTORICAL_APPROXIMATION,CMC snapshot tags vary by snapshot date (drift test: tags(2024)!=tags(2026)); taxonomy drift unverified,,,,,,NONE
2025-01-01,306,ZENT,Zentry,30963,zentry,0.03309856,207183574.3,4366618.23,6259594707,2021-12-05T00:18:20.000Z,2,gaming;gaming-guild,HISTORICAL_APPROXIMATION,CMC snapshot tags vary by snapshot date (drift test: tags(2024)!=tags(2026)); taxonomy drift unverified,,,,,,NONE
2025-01-01,307,ORBR,Orbler,17520,orbler,0.20926455,212526299.9,99602.95,1015586750,2022-03-01T07:28:22.000Z,0,,HISTORICAL_APPROXIMATION,CMC snapshot tags vary by snapshot date (drift test: tags(2024)!=tags(2026)); taxonomy drift unverified,,,,,,NONE
2025-01-01,308,SOLO,Sologenic,5279,sologenic,0.4704172,188142274.7,3002293.65,399947699,2020-03-06T00:00:00.000Z,0,,HISTORICAL_APPROXIMATION,CMC snapshot tags vary by snapshot date (drift test: tags(2024)!=tags(2026)); taxonomy drift unverified,,,,,,NONE
2025-01-01,309,GOMINING,GoМining,10180,gomining-token,0.49952222,206440720.2,9569428.04,413276346.7,2021-06-01T00:00:00.000Z,5,collectibles-nfts;gaming;ethereum-ecosystem;bnb-chain;toncoin-ecosystem,HISTORICAL_APPROXIMATION,CMC snapshot tags vary by snapshot date (drift test: tags(2024)!=tags(2026)); taxonomy drift unverified,,,,,,NONE
2025-01-01,310,BB,BounceBit,30746,bouncebit,0.42149796,204735417.8,49608990.53,485732876.7,2024-05-13T10:01:10.000Z,9,pos;defi;binance-labs-portfolio;cms-holdings-portfolio;defiance-capital-portfolio;okx-ventures-portfolio,HISTORICAL_APPROXIMATION,CMC snapshot tags vary by snapshot date (drift test: tags(2024)!=tags(2026)); taxonomy drift unverified,,,,BB-USDT-SWAP,2026-06-01T09:00:00Z,SYMBOL_MATCH
2025-01-01,311,AUDIO,Audius,7455,audius,0.15808905,203137641.5,6115630.77,1284957043,2020-10-20T00:00:00.000Z,9,music;dao;coinbase-ventures-portfolio;binance-labs-portfolio;solana-ecosystem;pantera-capital-portfolio,HISTORICAL_APPROXIMATION,CMC snapshot tags vary by snapshot date (drift test: tags(2024)!=tags(2026)); taxonomy drift unverified,,,,,,NONE
2025-01-01,312,ILV,Illuvium,8719,illuvium,38.16131341,202442949.2,24345364.39,5304926.144,2021-03-08T00:00:00.000Z,5,collectibles-nfts;gaming;dao;metaverse;play-to-earn,HISTORICAL_APPROXIMATION,CMC snapshot tags vary by snapshot date (drift test: tags(2024)!=tags(2026)); taxonomy drift unverified,ILV,2023-11-17T16:00:00Z,True,,,SYMBOL_MATCH
2025-01-01,313,CSPR,Casper,5899,casper,0.01585162,201847036.1,7142173.92,1.273352921e+10,2020-07-21T00:00:00.000Z,7,ai-big-data;enterprise-solutions;arrington-xrp-capital-portfolio;hashkey-capital-portfolio;web3;okx-ventures-portfolio,HISTORICAL_APPROXIMATION,CMC snapshot tags vary by snapshot date (drift test: tags(2024)!=tags(2026)); taxonomy drift unverified,,,,,,NONE
2025-01-01,314,VANRY,Vanar Chain,8037,vanar,0.11058745,199776348.5,6006403.67,1806501057,2020-12-16T00:00:00.000Z,3,exnetwork-capital-portfolio;polygon-ecosystem;layer-1,HISTORICAL_APPROXIMATION,CMC snapshot tags vary by snapshot date (drift test: tags(2024)!=tags(2026)); taxonomy drift unverified,,,,,,NONE
2025-01-01,315,PIXEL,Pixels,29335,pixels,0.16427529,198429599.4,44546968.01,1207909005,2024-02-19T09:43:44.000Z,8,collectibles-nfts;gaming;binance-launchpool;governance;play-to-earn;web3,HISTORICAL_APPROXIMATION,CMC snapshot tags vary by snapshot date (drift test: tags(2024)!=tags(2026)); taxonomy drift unverified,PIXEL,2024-02-19T14:00:00Z,True,,,SYMBOL_MATCH
2025-01-01,316,HMSTR,Hamster Kombat,32195,hamster-kombat,0.00309232,199068151.7,21813128.63,6.4375e+10,2024-07-15T10:14:24.000Z,3,gaming;toncoin-ecosystem;tap-to-earn,HISTORICAL_APPROXIMATION,CMC snapshot tags vary by snapshot date (drift test: tags(2024)!=tags(2026)); taxonomy drift unverified,HMSTR,2024-09-27T05:00:00Z,False,HMSTR-USDT-SWAP,2024-09-26T12:30:00Z,SYMBOL_MATCH
2025-01-01,317,BIGTIME,Big Time,28230,big-time,0.13842036,198526883.9,15448118.17,1434231763,2023-10-11T04:56:06.000Z,4,collectibles-nfts;gaming;gaming-guild;okx-ventures-portfolio,HISTORICAL_APPROXIMATION,CMC snapshot tags vary by snapshot date (drift test: tags(2024)!=tags(2026)); taxonomy drift unverified,BIGTIME,2023-10-11T18:00:00Z,False,BIGTIME-USDT-SWAP,2023-10-12T12:55:00Z,SYMBOL_MATCH
2025-01-01,318,SXP,Solar,4279,sxp,0.32337071,203337754.9,50586229.27,628806958.7,2019-08-26T00:00:00.000Z,7,medium-of-exchange;defi;payments;wallet;binance-labs-portfolio;alameda-research-portfolio,HISTORICAL_APPROXIMATION,CMC snapshot tags vary by snapshot date (drift test: tags(2024)!=tags(2026)); taxonomy drift unverified,,,,,,NONE
2025-01-01,319,WMTX,World Mobile Token,13769,world-mobile-token,0.40024473,196855872,5417804.9,491838755,2021-11-02T08:55:10.000Z,8,distributed-computing;binance-smart-chain;cardano-ecosystem;arbitrum-ecosytem;cardano;dwf-labs-portfolio,HISTORICAL_APPROXIMATION,CMC snapshot tags vary by snapshot date (drift test: tags(2024)!=tags(2026)); taxonomy drift unverified,,,,,,NONE
2025-01-01,320,LCX,LCX,4950,lcx,0.25913339,199943374.4,3065327.75,771584751,2019-12-03T00:00:00.000Z,2,platform;alleged-sec-securities,HISTORICAL_APPROXIMATION,CMC snapshot tags vary by snapshot date (drift test: tags(2024)!=tags(2026)); taxonomy drift unverified,,,,,,NONE
2025-01-01,321,STORJ,Storj,1772,storj,0.4932913,197157503.9,22748699.36,399677640.9,2017-07-02T00:00:00.000Z,6,platform;distributed-computing;filesharing;storage;web3;depin,HISTORICAL_APPROXIMATION,CMC snapshot tags vary by snapshot date (drift test: tags(2024)!=tags(2026)); taxonomy drift unverified,,,,,,NONE
2025-01-01,322,ICX,ICON,2099,icon,0.18666268,194032892.7,5909700.78,1039484143,2017-10-27T00:00:00.000Z,10,platform;cosmos-ecosystem;enterprise-solutions;interoperability;smart-contracts;ethereum-ecosystem,HISTORICAL_APPROXIMATION,CMC snapshot tags vary by snapshot date (drift test: tags(2024)!=tags(2026)); taxonomy drift unverified,,,,ICX-USDT-SWAP,2024-02-23T11:27:31Z,SYMBOL_MATCH
2025-01-01,323,POND,Marlin,7497,marlin,0.02403312,194364841.3,18981115.98,8087375977,2020-12-22T00:00:00.000Z,18,ai-big-data;distributed-computing;defi;zero-knowledge-proofs;scaling;ethereum-ecosystem,HISTORICAL_APPROXIMATION,CMC snapshot tags vary by snapshot date (drift test: tags(2024)!=tags(2026)); taxonomy drift unverified,,,,,,NONE
2025-01-01,324,ACX,Across Protocol,22620,across-protocol,0.57238205,190196099.4,30999031.91,332288724,2022-11-09T23:45:27.000Z,4,interoperability;cross-chain;optimism-ecosystem;intent,HISTORICAL_APPROXIMATION,CMC snapshot tags vary by snapshot date (drift test: tags(2024)!=tags(2026)); taxonomy drift unverified,,,,,,NONE
2025-01-01,325,HT,Huobi Token,2502,htx-token,1.17268429,190249080,2010652,162233844,2018-02-03T00:00:00.000Z,7,marketplace;centralized-exchange;discount-token;payments;kenetic-capital-portfolio;alameda-research-portfolio,HISTORICAL_APPROXIMATION,CMC snapshot tags vary by snapshot date (drift test: tags(2024)!=tags(2026)); taxonomy drift unverified,,,,,,NONE
2025-01-01,326,SCR,Scroll,26998,scroll,0.99209228,188497532.4,17714885.57,190000000,2024-07-04T07:08:51.000Z,4,zero-knowledge-proofs;binance-launchpool;layer-2;modular-blockchain,HISTORICAL_APPROXIMATION,CMC snapshot tags vary by snapshot date (drift test: tags(2024)!=tags(2026)); taxonomy drift unverified,SCR,2024-10-09T04:00:00Z,True,,,SYMBOL_MATCH
2025-01-01,327,AGLD,Adventure Gold,11568,adventure-gold,2.57316036,198931029.7,317789032.6,77310001,2021-09-02T10:19:07.000Z,2,gaming;dwf-labs-portfolio,HISTORICAL_APPROXIMATION,CMC snapshot tags vary by snapshot date (drift test: tags(2024)!=tags(2026)); taxonomy drift unverified,,,,AGLD-USDT-SWAP,2021-09-07T09:57:30Z,SYMBOL_MATCH
2025-01-01,328,CETUS,Cetus Protocol,25114,cetus-protocol,0.29598544,186443378.9,23230105.52,629907270.5,2023-05-09T13:55:38.000Z,3,decentralized-exchange-dex-token;defi;sui-ecosystem,HISTORICAL_APPROXIMATION,CMC snapshot tags vary by snapshot date (drift test: tags(2024)!=tags(2026)); taxonomy drift unverified,,,,,,NONE
2025-01-01,329,CHEEMS,Cheems (cheems.pet),33280,cheems-pet,9.4e-07,177132252.8,20791160.6,1.874950348e+14,2024-10-03T03:58:19.000Z,3,memes;doggone-doggerel;binance-alpha,HISTORICAL_APPROXIMATION,CMC snapshot tags vary by snapshot date (drift test: tags(2024)!=tags(2026)); taxonomy drift unverified,,,,,,NONE
2025-01-01,330,VVS,VVS Finance,14519,vvs-finance,3.85e-06,183086768.6,333122.14,4.757359787e+13,2021-11-15T09:13:07.000Z,3,decentralized-exchange-dex-token;defi;dex,HISTORICAL_APPROXIMATION,CMC snapshot tags vary by snapshot date (drift test: tags(2024)!=tags(2026)); taxonomy drift unverified,,,,,,NONE
2025-01-01,331,CHR,Chromia,3978,chromia,0.23602759,182323025.7,16118329.66,772464897.9,2019-05-28T00:00:00.000Z,12,platform;ai-big-data;enterprise-solutions;defi;ethereum-ecosystem;metaverse,HISTORICAL_APPROXIMATION,CMC snapshot tags vary by snapshot date (drift test: tags(2024)!=tags(2026)); taxonomy drift unverified,,,,,,NONE
2025-01-01,332,CVC,Civic,1816,civic,0.18956614,189566143.5,425784555.1,1000000000,2017-07-17T00:00:00.000Z,6,enterprise-solutions;identity;solana-ecosystem;dcg-portfolio;pantera-capital-portfolio;web3,HISTORICAL_APPROXIMATION,CMC snapshot tags vary by snapshot date (drift test: tags(2024)!=tags(2026)); taxonomy drift unverified,,,,,,NONE
2025-01-01,333,WAVES,Waves,1274,waves,1.54461191,180104930.8,19467015.55,116602060,2016-06-02T00:00:00.000Z,4,lpos;platform;smart-contracts;dwf-labs-portfolio,HISTORICAL_APPROXIMATION,CMC snapshot tags vary by snapshot date (drift test: tags(2024)!=tags(2026)); taxonomy drift unverified,,,,,,NONE
2025-01-01,334,APU,Apu Apustaja,30008,apu-apustaja,0.00051608,174378042,3628531.09,3.378921577e+11,2024-03-20T12:03:45.000Z,2,memes;binance-alpha,HISTORICAL_APPROXIMATION,CMC snapshot tags vary by snapshot date (drift test: tags(2024)!=tags(2026)); taxonomy drift unverified,,,,,,NONE
2025-01-01,335,PONKE,Ponke,29150,ponke,0.3193416,177408384.4,8688336.75,555544226,2024-01-23T14:25:13.000Z,2,memes;solana-ecosystem,HISTORICAL_APPROXIMATION,CMC snapshot tags vary by snapshot date (drift test: tags(2024)!=tags(2026)); taxonomy drift unverified,,,,,,NONE
2025-01-01,336,UPC,UPCX,28654,upcx,3.61449739,177278217.9,755238.44,49046436.8,2023-12-11T04:27:33.000Z,1,payments,HISTORICAL_APPROXIMATION,CMC snapshot tags vary by snapshot date (drift test: tags(2024)!=tags(2026)); taxonomy drift unverified,,,,,,NONE
2025-01-01,337,SNT,Status,1759,status,0.04290377,171501471.9,22563806.03,3997352386,2017-06-28T00:00:00.000Z,5,media;content-creation;privacy;fabric-ventures-portfolio;kenetic-capital-portfolio,HISTORICAL_APPROXIMATION,CMC snapshot tags vary by snapshot date (drift test: tags(2024)!=tags(2026)); taxonomy drift unverified,,,,,,NONE
2025-01-01,338,CGPT,ChainGPT,23756,chaingpt,0.22489069,175610246.6,12931064.45,780869349,2023-04-10T12:12:43.000Z,18,media;platform;ai-big-data;collectibles-nfts;content-creation;defi,HISTORICAL_APPROXIMATION,CMC snapshot tags vary by snapshot date (drift test: tags(2024)!=tags(2026)); taxonomy drift unverified,,,,,,NONE
2025-01-01,339,HIVE,Hive,5370,hive-blockchain,0.36195364,181248012.1,56655456.01,500749242.9,2020-03-26T00:00:00.000Z,6,dpos;media;content-creation;scaling;web3;layer-1,HISTORICAL_APPROXIMATION,CMC snapshot tags vary by snapshot date (drift test: tags(2024)!=tags(2026)); taxonomy drift unverified,,,,,,NONE
2025-01-01,340,HEART,Humans.ai,15584,humans-ai,0.03147722,175958733.9,243088.57,5590033742,2021-12-04T20:07:07.000Z,2,ai-big-data;ai-agent-launchpad,HISTORICAL_APPROXIMATION,CMC snapshot tags vary by snapshot date (drift test: tags(2024)!=tags(2026)); taxonomy drift unverified,,,,,,NONE
2025-01-01,341,ANDY,ANDY (ETH),29879,boysclubandy,0.00017698,176982483.6,2474058.21,1e+12,2024-03-15T05:18:29.000Z,2,memes;ethereum-ecosystem,HISTORICAL_APPROXIMATION,CMC snapshot tags vary by snapshot date (drift test: tags(2024)!=tags(2026)); taxonomy drift unverified,,,,,,NONE
2025-01-01,342,XNO,Nano,1567,nano,1.30545744,173949980.1,2020368.2,133248297,2017-03-06T00:00:00.000Z,5,dag;blake2b;medium-of-exchange;store-of-value;payments,HISTORICAL_APPROXIMATION,CMC snapshot tags vary by snapshot date (drift test: tags(2024)!=tags(2026)); taxonomy drift unverified,,,,,,NONE
2025-01-01,343,LQTY,Liquity,7429,liquity,1.81665098,171476797.3,23549175.01,94391712.59,2020-10-16T00:00:00.000Z,1,defi,HISTORICAL_APPROXIMATION,CMC snapshot tags vary by snapshot date (drift test: tags(2024)!=tags(2026)); taxonomy drift unverified,,,,LQTY-USDT-SWAP,2024-01-12T09:55:00Z,SYMBOL_MATCH
2025-01-01,344,LUNA,Luna by Virtuals,33543,luna-by-virtuals,0.16546421,165464208.6,6080947.75,1000000000,2024-10-21T06:40:11.000Z,3,ai-memes;virtuals-protocol-ecosystem;binance-alpha,HISTORICAL_APPROXIMATION,CMC snapshot tags vary by snapshot date (drift test: tags(2024)!=tags(2026)); taxonomy drift unverified,,,,LUNA-USDT-SWAP,2022-05-28T13:54:42Z,SYMBOL_MATCH
2025-01-01,345,DAG,Constellation,2868,constellation,0.05586251,160518045.7,2386455.18,2873448318,2018-06-20T00:00:00.000Z,4,dag;platform;payments;smart-contracts,HISTORICAL_APPROXIMATION,CMC snapshot tags vary by snapshot date (drift test: tags(2024)!=tags(2026)); taxonomy drift unverified,,,,,,NONE
2025-01-01,346,TRB,Tellor,4944,tellor,63.81156859,168215271.3,19315646.24,2636125,2019-11-19T00:00:00.000Z,6,mineable;defi;oracles;framework-ventures-portfolio;polygon-ecosystem;web3,HISTORICAL_APPROXIMATION,CMC snapshot tags vary by snapshot date (drift test: tags(2024)!=tags(2026)); taxonomy drift unverified,TRB,2023-09-17T03:00:00Z,False,TRB-USDT-SWAP,2020-09-08T10:12:51Z,SYMBOL_MATCH
2025-01-01,347,CHILLGUY,Just a chill guy,34125,just-a-chill-guy,0.16655798,166551274.9,31945408.02,999959772.3,2024-11-20T20:41:25.000Z,3,memes;solana-ecosystem;pump-fun-ecosystem,HISTORICAL_APPROXIMATION,CMC snapshot tags vary by snapshot date (drift test: tags(2024)!=tags(2026)); taxonomy drift unverified,CHILLGUY,2024-11-25T06:00:00Z,True,,,SYMBOL_MATCH
2025-01-01,348,MYTH,Mythos,22125,mythos,0.2187412,166829332.2,508303.2,762679071.9,2022-10-10T05:37:02.000Z,11,collectibles-nfts;gaming;polkadot;polkadot-ecosystem;binance-labs-portfolio;galaxy-digital-portfolio,HISTORICAL_APPROXIMATION,CMC snapshot tags vary by snapshot date (drift test: tags(2024)!=tags(2026)); taxonomy drift unverified,,,,,,NONE
2025-01-01,349,WOLF,Landwolf 0x67,30902,landwolf-coin,0.0001825,164645108.9,6055619.44,9.021595052e+11,2024-04-24T12:24:56.000Z,2,memes;ethereum-ecosystem,HISTORICAL_APPROXIMATION,CMC snapshot tags vary by snapshot date (drift test: tags(2024)!=tags(2026)); taxonomy drift unverified,,,,,,NONE
2025-01-01,350,NPC,Non-Playable Coin,27960,non-playable-coin,0.02243436,163797593.9,5556476.15,7301192946,2023-08-31T13:35:42.000Z,3,memes;base-ecosystem;hybrid-token-standard,HISTORICAL_APPROXIMATION,CMC snapshot tags vary by snapshot date (drift test: tags(2024)!=tags(2026)); taxonomy drift unverified,,,,,,NONE
2025-01-01,351,BITCOIN,HarryPotterObamaSonic10Inu (ERC-20),25220,harrypotterobamasonic10inu-eth,0.16350347,163470466.5,4169977.99,999798155,2023-05-11T23:05:12.000Z,2,memes;binance-alpha,HISTORICAL_APPROXIMATION,CMC snapshot tags vary by snapshot date (drift test: tags(2024)!=tags(2026)); taxonomy drift unverified,,,,,,NONE
2025-01-01,352,RLC,iExec RLC,1637,rlc,2.19695296,159021053.5,5378988.19,72382548.07,2017-04-20T00:00:00.000Z,27,marketing;art;marketplace;platform;services;ai-big-data,HISTORICAL_APPROXIMATION,CMC snapshot tags vary by snapshot date (drift test: tags(2024)!=tags(2026)); taxonomy drift unverified,,,,,,NONE
2025-01-01,353,ZIG,ZIGChain,9260,zigcoin,0.11200463,160537216.8,1098439.94,1433308739,2021-04-16T00:00:00.000Z,5,asset-management;marketplace;platform;ai-big-data;dwf-labs-portfolio,HISTORICAL_APPROXIMATION,CMC snapshot tags vary by snapshot date (drift test: tags(2024)!=tags(2026)); taxonomy drift unverified,,,,,,NONE
2025-01-01,354,SAGA,Saga,30372,saga,1.46229929,158660167.6,27417492.66,108500475,2024-04-04T06:12:54.000Z,5,cosmos-ecosystem;gaming;entertainment;binance-launchpool;layer-1,HISTORICAL_APPROXIMATION,CMC snapshot tags vary by snapshot date (drift test: tags(2024)!=tags(2026)); taxonomy drift unverified,SAGA,2024-04-21T07:00:00Z,False,,,SYMBOL_MATCH
2025-01-01,355,SLP,Smooth Love Potion,5824,smooth-love-potion,0.00380357,156650123.8,8900696.11,4.118501309e+10,2020-07-08T00:00:00.000Z,2,collectibles-nfts;play-to-earn,HISTORICAL_APPROXIMATION,CMC snapshot tags vary by snapshot date (drift test: tags(2024)!=tags(2026)); taxonomy drift unverified,,,,,,NONE
2025-01-01,356,BAL,Balancer,5728,balancer,2.56103608,157540781.4,9396895.22,61514471.57,2020-06-24T00:00:00.000Z,15,decentralized-exchange-dex-token;defi;dao;yield-farming;amm;three-arrows-capital-portfolio,HISTORICAL_APPROXIMATION,CMC snapshot tags vary by snapshot date (drift test: tags(2024)!=tags(2026)); taxonomy drift unverified,,,,,,NONE
2025-01-01,357,CFG,Centrifuge,6748,centrifuge,0.3057772,156036380.5,1526762.63,510294367,2020-08-28T00:00:00.000Z,6,ethereum-ecosystem;substrate;polkadot;polkadot-ecosystem;real-world-assets;sei-ecosystem,HISTORICAL_APPROXIMATION,CMC snapshot tags vary by snapshot date (drift test: tags(2024)!=tags(2026)); taxonomy drift unverified,,,,,,NONE
2025-01-01,358,VELO,Velodrome Finance,20435,velodrome-finance,0.17270393,154809722.2,22855149.45,896387972.9,2022-06-02T20:23:25.000Z,3,decentralized-exchange-dex-token;amm;optimism-ecosystem,HISTORICAL_APPROXIMATION,CMC snapshot tags vary by snapshot date (drift test: tags(2024)!=tags(2026)); taxonomy drift unverified,,,,,,NONE
2025-01-01,359,C98,Coin98,10903,coin98,0.17243706,154211403.9,12544895.47,894305432,2021-07-15T00:00:00.000Z,8,wallet;binance-launchpad;solana-ecosystem;celo-ecosystem;spartan-group;injective-ecosystem,HISTORICAL_APPROXIMATION,CMC snapshot tags vary by snapshot date (drift test: tags(2024)!=tags(2026)); taxonomy drift unverified,,,,,,NONE
2025-01-01,360,CELR,Celer Network,3814,celer-network,0.01963527,152436955.9,15740332.35,7763424107,2019-03-25T00:00:00.000Z,15,platform;enterprise-solutions;zero-knowledge-proofs;interoperability;scaling;state-channel,HISTORICAL_APPROXIMATION,CMC snapshot tags vary by snapshot date (drift test: tags(2024)!=tags(2026)); taxonomy drift unverified,,,,,,NONE
2025-01-01,361,BNX,BinaryX,23635,binaryx-new,0.41006831,151953466.3,15206524.25,370556472.3,2023-02-22T12:30:00.000Z,2,gaming;binance-chain,HISTORICAL_APPROXIMATION,CMC snapshot tags vary by snapshot date (drift test: tags(2024)!=tags(2026)); taxonomy drift unverified,,,,,,NONE
2025-01-01,362,LSK,Lisk,1214,lisk,0.93040561,154274943.5,19866922.48,165814717.6,2016-04-06T00:00:00.000Z,3,layer-2;real-world-assets;depin,HISTORICAL_APPROXIMATION,CMC snapshot tags vary by snapshot date (drift test: tags(2024)!=tags(2026)); taxonomy drift unverified,,,,,,NONE
2025-01-01,363,AGI,Delysium,24007,delysium,0.14320095,153089318.4,8585198.36,1069052431,2023-04-11T12:43:21.000Z,4,platform;ai-big-data;ethereum-ecosystem;generative-ai,HISTORICAL_APPROXIMATION,CMC snapshot tags vary by snapshot date (drift test: tags(2024)!=tags(2026)); taxonomy drift unverified,,,,,,NONE
2025-01-01,364,XVS,Venus,7288,venus,9.17263345,151403516.1,4865312.51,16506003.1,2020-10-05T00:00:00.000Z,7,defi;ethereum-ecosystem;yield-farming;binance-launchpool;lending-borowing;bnb-chain,HISTORICAL_APPROXIMATION,CMC snapshot tags vary by snapshot date (drift test: tags(2024)!=tags(2026)); taxonomy drift unverified,,,,,,NONE
2025-01-01,365,MERL,Merlin Chain,30712,merlin-chain,0.28922821,151844809.1,9453740.48,525000000,2024-04-17T02:01:42.000Z,2,layer-2;bitcoin-ecosystem,HISTORICAL_APPROXIMATION,CMC snapshot tags vary by snapshot date (drift test: tags(2024)!=tags(2026)); taxonomy drift unverified,MERL,2024-04-23T15:00:00Z,False,MERL-USDT-SWAP,2024-04-19T10:25:00Z,SYMBOL_MATCH
2025-01-01,366,BTG,Bitcoin Gold,2083,bitcoin-gold,8.90864099,156025257.6,10700365.84,17513923.59,2017-10-23T00:00:00.000Z,4,mineable;medium-of-exchange;payments;bitcoin-ecosystem,HISTORICAL_APPROXIMATION,CMC snapshot tags vary by snapshot date (drift test: tags(2024)!=tags(2026)); taxonomy drift unverified,,,,,,NONE
2025-01-01,367,WAXP,WAX,2300,wax,0.04150853,151473789.9,7487663.98,3649221124,2017-12-21T00:00:00.000Z,11,media;collectibles-nfts;gaming;entertainment;payments;metaverse,HISTORICAL_APPROXIMATION,CMC snapshot tags vary by snapshot date (drift test: tags(2024)!=tags(2026)); taxonomy drift unverified,,,,,,NONE
2025-01-01,368,SCRT,Secret,5604,secret,0.51059378,151613187.2,24118055.09,296935047.3,2020-05-19T00:00:00.000Z,4,cosmos-ecosystem;defi;privacy;injective-ecosystem,HISTORICAL_APPROXIMATION,CMC snapshot tags vary by snapshot date (drift test: tags(2024)!=tags(2026)); taxonomy drift unverified,,,,,,NONE
2025-01-01,369,POWR,Powerledger,2132,power-ledger,0.27301688,152755726.5,29951512.27,559510191.5,2017-11-01T00:00:00.000Z,3,energy;sharing-economy;alleged-sec-securities,HISTORICAL_APPROXIMATION,CMC snapshot tags vary by snapshot date (drift test: tags(2024)!=tags(2026)); taxonomy drift unverified,,,,,,NONE
2025-01-01,370,STRAX,Stratis [New],30168,stratis-new,0.07476705,151030728.1,15239364.63,2020017103,2016-08-12T00:00:00.000Z,9,hybrid-pow-pos;poa;platform;enterprise-solutions;masternodes;smart-contracts,HISTORICAL_APPROXIMATION,CMC snapshot tags vary by snapshot date (drift test: tags(2024)!=tags(2026)); taxonomy drift unverified,STRAX,2023-10-26T16:00:00Z,True,,,SYMBOL_MATCH
2025-01-01,371,AI,Sleepless AI,28846,sleepless-ai,0.59085346,147898006.4,26861862.56,250312500,2023-12-26T12:37:44.000Z,5,ai-big-data;binance-smart-chain;binance-launchpool;web3;generative-ai,HISTORICAL_APPROXIMATION,CMC snapshot tags vary by snapshot date (drift test: tags(2024)!=tags(2026)); taxonomy drift unverified,AI,2024-02-19T14:00:00Z,True,AI-USDT-SWAP,2026-04-29T12:00:00Z,SYMBOL_MATCH
2025-01-01,372,TAIKO,Taiko,31525,taiko,1.65257286,147578062.1,12436295.93,89302000.35,2024-06-04T04:40:45.000Z,3,zero-knowledge-proofs;layer-2;rollups,HISTORICAL_APPROXIMATION,CMC snapshot tags vary by snapshot date (drift test: tags(2024)!=tags(2026)); taxonomy drift unverified,,,,,,NONE
2025-01-01,373,USDJ,USDJ,5446,usdj,1.14423698,148049999.6,245170.02,129387532.1,2020-04-14T00:00:00.000Z,1,stablecoin,HISTORICAL_APPROXIMATION,CMC snapshot tags vary by snapshot date (drift test: tags(2024)!=tags(2026)); taxonomy drift unverified,,,,,,NONE
2025-01-01,374,JOE,JOE,11396,joe,0.38168896,143888872.9,4587418.48,376979395,2021-08-25T21:39:22.000Z,9,decentralized-exchange-dex-token;defi;staking;yield-farming;amm;dex,HISTORICAL_APPROXIMATION,CMC snapshot tags vary by snapshot date (drift test: tags(2024)!=tags(2026)); taxonomy drift unverified,,,,,,NONE
2025-01-01,375,MNT,Mr Mint,32856,mr-mint,0.41879125,146516487.8,307151.22,349855660,2024-08-28T05:04:06.000Z,1,binance-smart-chain,HISTORICAL_APPROXIMATION,CMC snapshot tags vary by snapshot date (drift test: tags(2024)!=tags(2026)); taxonomy drift unverified,MNT,2024-04-05T02:00:00Z,False,,,SYMBOL_MATCH
2025-01-01,376,CARV,CARV,33372,carv,0.88860961,145560310.6,65823870.06,163806816,2024-10-09T06:46:03.000Z,4,ethereum-ecosystem;solana-ecosystem;animoca-brands-portfolio;base-ecosystem,HISTORICAL_APPROXIMATION,CMC snapshot tags vary by snapshot date (drift test: tags(2024)!=tags(2026)); taxonomy drift unverified,,,,,,NONE
2025-01-01,377,IOST,IOST,2405,iostoken,0.00666747,142117039.6,8074663.98,2.1315e+10,2018-01-16T00:00:00.000Z,3,hardware;iot;huobi-capital-portfolio,HISTORICAL_APPROXIMATION,CMC snapshot tags vary by snapshot date (drift test: tags(2024)!=tags(2026)); taxonomy drift unverified,,,,IOST-USDT-SWAP,2020-04-21T10:12:51Z,SYMBOL_MATCH
2025-01-01,378,BASEDAI,BasedAI,30584,basedai,4.11377549,142334245.8,3234796.41,34599420,2024-04-12T06:46:15.000Z,0,,HISTORICAL_APPROXIMATION,CMC snapshot tags vary by snapshot date (drift test: tags(2024)!=tags(2026)); taxonomy drift unverified,,,,,,NONE
2025-01-01,379,SDEX,SmarDex,24203,smardex,0.01590988,143606001.3,1429590.33,9026214015,2023-04-03T19:49:26.000Z,2,decentralized-exchange-dex-token;defi,HISTORICAL_APPROXIMATION,CMC snapshot tags vary by snapshot date (drift test: tags(2024)!=tags(2026)); taxonomy drift unverified,,,,,,NONE
2025-01-01,380,API3,API3,7737,api3,1.63783911,141545295.2,19773597.57,86421978,2020-11-21T00:00:00.000Z,12,defi;oracles;coinfund-portfolio;dcg-portfolio;placeholder-ventures-portfolio;pantera-capital-portfolio,HISTORICAL_APPROXIMATION,CMC snapshot tags vary by snapshot date (drift test: tags(2024)!=tags(2026)); taxonomy drift unverified,,,,API3-USDT-SWAP,2022-03-03T08:55:16Z,SYMBOL_MATCH
2025-01-01,381,IQ,IQ,2930,iq,0.00706507,142617551.8,5163089.88,2.018629299e+10,2018-10-03T00:00:00.000Z,6,media;ai-big-data;content-creation;dao;ethereum-ecosystem;yield-farming,HISTORICAL_APPROXIMATION,CMC snapshot tags vary by snapshot date (drift test: tags(2024)!=tags(2026)); taxonomy drift unverified,,,,,,NONE
2025-01-01,382,BORA,BORA,3801,bora,0.13105404,144126676.9,3381627.57,1099750000,2019-03-18T00:00:00.000Z,2,marketplace;gaming,HISTORICAL_APPROXIMATION,CMC snapshot tags vary by snapshot date (drift test: tags(2024)!=tags(2026)); taxonomy drift unverified,,,,,,NONE
2025-01-01,383,OZO,Ozone Chain,28076,ozone-chain,0.21003044,139600225.4,160175.42,664666627,2023-09-25T04:04:14.000Z,4,ai-big-data;zero-knowledge-proofs;real-world-assets;layer-1,HISTORICAL_APPROXIMATION,CMC snapshot tags vary by snapshot date (drift test: tags(2024)!=tags(2026)); taxonomy drift unverified,,,,,,NONE
2025-01-01,384,DENT,Dent,1886,dent,0.0013631,136309529.6,26430589.64,1e+11,2017-08-12T00:00:00.000Z,1,services,HISTORICAL_APPROXIMATION,CMC snapshot tags vary by snapshot date (drift test: tags(2024)!=tags(2026)); taxonomy drift unverified,,,,,,NONE
2025-01-01,385,EURS,STASIS EURO,2989,stasis-euro,1.10705255,137413938.5,841681.91,124125940,2018-07-30T00:00:00.000Z,6,marketplace;stablecoin;asset-backed-stablecoin;eur-stablecoin;xdc-ecosystem;fiat-stablecoin,HISTORICAL_APPROXIMATION,CMC snapshot tags vary by snapshot date (drift test: tags(2024)!=tags(2026)); taxonomy drift unverified,,,,,,NONE
2025-01-01,386,KUB,Bitkub Coin,16093,bitkub-coin,2.00837661,138527326.7,478261.33,68974776,2021-12-15T10:23:05.000Z,0,,HISTORICAL_APPROXIMATION,CMC snapshot tags vary by snapshot date (drift test: tags(2024)!=tags(2026)); taxonomy drift unverified,,,,,,NONE
2025-01-01,387,ABT,Arcblock,2545,arcblock,1.4051357,138482173.1,979195.84,98554305.44,2018-02-26T00:00:00.000Z,3,marketplace;ai-big-data;interoperability,HISTORICAL_APPROXIMATION,CMC snapshot tags vary by snapshot date (drift test: tags(2024)!=tags(2026)); taxonomy drift unverified,,,,,,NONE
2025-01-01,388,SPEC,Spectral,32925,spectral,9.71063575,136965575,6583869.76,14104697,2024-09-03T04:13:48.000Z,5,ai-big-data;ethereum-ecosystem;base-ecosystem;ai-agents;ai-agent-launchpad,HISTORICAL_APPROXIMATION,CMC snapshot tags vary by snapshot date (drift test: tags(2024)!=tags(2026)); taxonomy drift unverified,,,,,,NONE
2025-01-01,389,THE,THENA,23335,thena,1.59979413,136450607,71965751.22,85292603.7,2023-01-28T21:22:17.000Z,19,platform;services;store-of-value;decentralized-exchange-dex-token;defi;smart-contracts,HISTORICAL_APPROXIMATION,CMC snapshot tags vary by snapshot date (drift test: tags(2024)!=tags(2026)); taxonomy drift unverified,,,,,,NONE
2025-01-01,390,GPU,Node AI,29513,node-ai,1.42024044,135018994.2,1366517.46,95067701.83,2024-02-17T16:00:00.000Z,6,ai-big-data;distributed-computing;masternodes;ethereum-ecosystem;telegram-bot;depin,HISTORICAL_APPROXIMATION,CMC snapshot tags vary by snapshot date (drift test: tags(2024)!=tags(2026)); taxonomy drift unverified,,,,,,NONE
2025-01-01,391,OSAK,Osaka Protocol,27533,osaka-protocol,1.8e-07,134130578.6,50463.65,7.508697386e+14,2023-07-10T12:38:15.000Z,2,memes;doggone-doggerel,HISTORICAL_APPROXIMATION,CMC snapshot tags vary by snapshot date (drift test: tags(2024)!=tags(2026)); taxonomy drift unverified,,,,,,NONE
2025-01-01,392,JET,Satoshi Airline,32826,satoshi-airline,1.27169678,134052217.9,1884771.06,105412092,2024-08-26T05:34:53.000Z,5,hospitality;collectibles-nfts;tourism;polygon-ecosystem;web3,HISTORICAL_APPROXIMATION,CMC snapshot tags vary by snapshot date (drift test: tags(2024)!=tags(2026)); taxonomy drift unverified,,,,,,NONE
2025-01-01,393,MAGIC,Treasure,14783,magic-token,0.43996249,132410189.7,11847674.04,300957907.6,2021-11-18T11:20:24.000Z,3,gaming;metaverse;arbitrum-ecosytem,HISTORICAL_APPROXIMATION,CMC snapshot tags vary by snapshot date (drift test: tags(2024)!=tags(2026)); taxonomy drift unverified,,,,MAGIC-USDT-SWAP,2023-02-02T07:05:49Z,SYMBOL_MATCH
2025-01-01,394,PORTAL,Portal,29555,portal-gaming,0.31410741,131641045.9,23364783.52,419095642.5,2024-02-21T08:01:46.000Z,2,gaming;binance-launchpool,HISTORICAL_APPROXIMATION,CMC snapshot tags vary by snapshot date (drift test: tags(2024)!=tags(2026)); taxonomy drift unverified,,,,,,NONE
2025-01-01,395,CTSI,Cartesi,5444,cartesi,0.15712792,132446326.7,9237430.68,842920364.3,2020-04-23T00:00:00.000Z,19,pos;platform;cosmos-ecosystem;scaling;smart-contracts;staking,HISTORICAL_APPROXIMATION,CMC snapshot tags vary by snapshot date (drift test: tags(2024)!=tags(2026)); taxonomy drift unverified,,,,,,NONE
2025-01-01,396,DEGEN,Degen,30096,degen-base,0.00930924,132001314.3,23390014.98,1.417960888e+10,2024-03-25T10:09:44.000Z,2,memes;base-ecosystem,HISTORICAL_APPROXIMATION,CMC snapshot tags vary by snapshot date (drift test: tags(2024)!=tags(2026)); taxonomy drift unverified,,,,,,NONE
2025-01-01,397,ERG,Ergo,1762,ergo,1.67503304,132538868.5,282341.7,79126122,2017-06-29T00:00:00.000Z,9,mineable;pow;platform;privacy;research;smart-contracts,HISTORICAL_APPROXIMATION,CMC snapshot tags vary by snapshot date (drift test: tags(2024)!=tags(2026)); taxonomy drift unverified,,,,,,NONE
2025-01-01,398,SYN,Synapse,12147,synapse-2,0.66392128,131374559.5,22186313.7,197876712.5,2021-09-26T08:56:12.000Z,5,interoperability;three-arrows-capital-portfolio;olympus-pro-ecosystem;arbitrum-ecosytem;optimism-ecosystem,HISTORICAL_APPROXIMATION,CMC snapshot tags vary by snapshot date (drift test: tags(2024)!=tags(2026)); taxonomy drift unverified,,,,,,NONE
2025-01-01,399,BANANA,Banana Gun,28066,banana-gun,38.04741739,131123014.2,32525678.6,3446305.248,2023-09-20T12:34:29.000Z,1,telegram-bot,HISTORICAL_APPROXIMATION,CMC snapshot tags vary by snapshot date (drift test: tags(2024)!=tags(2026)); taxonomy drift unverified,BANANA,2023-09-15T12:00:00Z,False,,,SYMBOL_MATCH
2025-01-01,400,ANYONE,ANyONe Protocol,32037,anyone-protocol,1.31787107,128318732.3,1115357.68,97368198.54,2024-06-28T09:19:32.000Z,2,privacy;depin,HISTORICAL_APPROXIMATION,CMC snapshot tags vary by snapshot date (drift test: tags(2024)!=tags(2026)); taxonomy drift unverified,,,,,,NONE
2025-01-01,401,ONG,Ontology Gas,3217,ontology-gas,0.32318695,129504504.2,3269311.07,400710812.8,2018-08-23T00:00:00.000Z,1,ontology-ecosystem,HISTORICAL_APPROXIMATION,CMC snapshot tags vary by snapshot date (drift test: tags(2024)!=tags(2026)); taxonomy drift unverified,,,,,,NONE
2025-01-01,402,GEAR,Gearbox Protocol,16360,gearbox-protocol,0.01269389,126938850,1260380.38,1e+10,2021-12-22T03:22:05.000Z,2,egirl-capital-portfolio;binance-alpha,HISTORICAL_APPROXIMATION,CMC snapshot tags vary by snapshot date (drift test: tags(2024)!=tags(2026)); taxonomy drift unverified,,,,,,NONE
2025-01-01,403,LUMIA,Lumia,33439,lumia,1.38430636,124265479.1,14751484.07,89767324.97,2024-10-17T03:48:13.000Z,16,atomic-swaps;zero-knowledge-proofs;masternodes;dao;ethereum-ecosystem;binance-smart-chain,HISTORICAL_APPROXIMATION,CMC snapshot tags vary by snapshot date (drift test: tags(2024)!=tags(2026)); taxonomy drift unverified,,,,,,NONE
2025-01-01,404,ALPH,Alephium,14878,alephium,1.30679791,125714148.7,1269574.16,96200145.27,2021-11-20T03:22:53.000Z,11,mineable;pow;collectibles-nfts;defi;research;scaling,HISTORICAL_APPROXIMATION,CMC snapshot tags vary by snapshot date (drift test: tags(2024)!=tags(2026)); taxonomy drift unverified,,,,,,NONE
2025-01-01,405,NOS,Nosana,16612,nosana,2.56639458,123694226.4,2330842.39,48197665,2021-12-29T12:29:11.000Z,4,ai-big-data;distributed-computing;solana-ecosystem;depin,HISTORICAL_APPROXIMATION,CMC snapshot tags vary by snapshot date (drift test: tags(2024)!=tags(2026)); taxonomy drift unverified,,,,,,NONE
2025-01-01,406,ACA,Acala Token,6756,acala,0.10753871,122459708,52515767.94,1138749994,2020-08-28T00:00:00.000Z,7,defi;substrate;polkadot;polkadot-ecosystem;arrington-xrp-capital-portfolio;spartan-group,HISTORICAL_APPROXIMATION,CMC snapshot tags vary by snapshot date (drift test: tags(2024)!=tags(2026)); taxonomy drift unverified,,,,,,NONE
2025-01-01,407,VVAIFU,Dasha,34025,dasha,0.12293828,122186803.8,28192852.35,993887406.2,2024-11-17T22:52:06.000Z,6,memes;solana-ecosystem;ai-memes;ai-agents;pump-fun-ecosystem;ai-agent-launchpad,HISTORICAL_APPROXIMATION,CMC snapshot tags vary by snapshot date (drift test: tags(2024)!=tags(2026)); taxonomy drift unverified,,,,,,NONE
2025-01-01,408,PYR,Vulcan Forged (PYR),9308,vulcan-forged-pyr,3.08220991,120303127.6,5661335.78,39031451.86,2021-04-19T00:00:00.000Z,5,collectibles-nfts;gaming;entertainment;metaverse;dwf-labs-portfolio,HISTORICAL_APPROXIMATION,CMC snapshot tags vary by snapshot date (drift test: tags(2024)!=tags(2026)); taxonomy drift unverified,,,,,,NONE
2025-01-01,409,LOFI,LOFI,34187,lofitheyeti,0.11910446,119104456.5,4445398.27,1000000000,2024-11-24T15:15:26.000Z,2,memes;sui-ecosystem,HISTORICAL_APPROXIMATION,CMC snapshot tags vary by snapshot date (drift test: tags(2024)!=tags(2026)); taxonomy drift unverified,,,,,,NONE
2025-01-01,410,MOVR,Moonriver,9285,moonriver,12.59747312,117904349,4019554.1,9359365,2021-04-19T00:00:00.000Z,5,interoperability;smart-contracts;polkadot-ecosystem;moonriver-ecosystem;layer-1,HISTORICAL_APPROXIMATION,CMC snapshot tags vary by snapshot date (drift test: tags(2024)!=tags(2026)); taxonomy drift unverified,,,,,,NONE
2025-01-01,411,AURORA,Aurora,14803,aurora-near,0.21161051,119071001.9,1016955.28,562689464,2021-11-19T03:03:36.000Z,4,near-protocol-ecosystem;okx-ventures-portfolio;injective-ecosystem;dwf-labs-portfolio,HISTORICAL_APPROXIMATION,CMC snapshot tags vary by snapshot date (drift test: tags(2024)!=tags(2026)); taxonomy drift unverified,,,,,,NONE
2025-01-01,412,NMR,Numeraire,1732,numeraire,16.95713513,129533158.3,10186455.91,7638858.645,2017-06-23T00:00:00.000Z,10,asset-management;ai-big-data;defi;payments;research;coinfund-portfolio,HISTORICAL_APPROXIMATION,CMC snapshot tags vary by snapshot date (drift test: tags(2024)!=tags(2026)); taxonomy drift unverified,,,,NMR-USDT-SWAP,2024-01-11T07:55:00Z,SYMBOL_MATCH
2025-01-01,413,PUNDIX,Pundi X (New),9040,pundix-new,0.46080124,119113266.3,9179870.15,258491637.2,2021-03-31T00:00:00.000Z,0,,HISTORICAL_APPROXIMATION,CMC snapshot tags vary by snapshot date (drift test: tags(2024)!=tags(2026)); taxonomy drift unverified,,,,,,NONE
2025-01-01,414,ELON,Dogelon Mars,9436,dogelon,2.2e-07,118572566.8,3448682.83,5.496527702e+14,2021-04-23T00:00:00.000Z,5,memes;payments;polygon-ecosystem;doggone-doggerel;animal-memes,HISTORICAL_APPROXIMATION,CMC snapshot tags vary by snapshot date (drift test: tags(2024)!=tags(2026)); taxonomy drift unverified,,,,,,NONE
2025-01-01,415,STEEM,Steem,1230,steem,0.25622006,122970935.5,128480123.7,479942654.6,2016-04-18T00:00:00.000Z,3,media;content-creation;web3,HISTORICAL_APPROXIMATION,CMC snapshot tags vary by snapshot date (drift test: tags(2024)!=tags(2026)); taxonomy drift unverified,,,,,,NONE
2025-01-01,416,SPELL,Spell Token,11289,spell-token,0.00075565,116287374.7,5219808.09,1.538897949e+11,2021-08-17T00:00:00.000Z,5,olympus-pro-ecosystem;arbitrum-ecosytem;defi-2;protocol-owned-liquidity;dwf-labs-portfolio,HISTORICAL_APPROXIMATION,CMC snapshot tags vary by snapshot date (drift test: tags(2024)!=tags(2026)); taxonomy drift unverified,,,,,,NONE
2025-01-01,417,OXT,Orchid,5026,orchid,0.11820278,115812617.7,5502284.92,979779107.8,2019-12-16T00:00:00.000Z,8,distributed-computing;polychain-capital-portfolio;blockchain-capital-portfolio;fabric-ventures-portfolio;kenetic-capital-portfolio;a16z-portfolio,HISTORICAL_APPROXIMATION,CMC snapshot tags vary by snapshot date (drift test: tags(2024)!=tags(2026)); taxonomy drift unverified,,,,,,NONE
2025-01-01,418,CXT,Covalent X Token,32526,covalent-x,0.11993378,115475964,3569503,962831000,2020-10-14T00:00:00.000Z,0,,HISTORICAL_APPROXIMATION,CMC snapshot tags vary by snapshot date (drift test: tags(2024)!=tags(2026)); taxonomy drift unverified,,,,,,NONE
2025-01-01,419,VERUM,Verum Coin,30915,verum-coin,1495.099414,139649760.7,99760.39,93405,2024-04-25T07:51:24.000Z,1,binance-chain,HISTORICAL_APPROXIMATION,CMC snapshot tags vary by snapshot date (drift test: tags(2024)!=tags(2026)); taxonomy drift unverified,,,,,,NONE
2025-01-01,420,DODO,DODO,7224,dodo,0.15536944,112752132.7,6437176.63,725703404.4,2020-09-29T00:00:00.000Z,14,decentralized-exchange-dex-token;defi;binance-launchpool;coinbase-ventures-portfolio;three-arrows-capital-portfolio;cms-holdings-portfolio,HISTORICAL_APPROXIMATION,CMC snapshot tags vary by snapshot date (drift test: tags(2024)!=tags(2026)); taxonomy drift unverified,,,,,,NONE
2025-01-01,421,OMI,ECOMI,19075,ecomi-new,0.000428,115963926.9,1375279.92,2.709457233e+11,2022-03-25T10:29:22.000Z,6,collectibles-nfts;gaming;entertainment;ethereum-ecosystem;metaverse;play-to-earn,HISTORICAL_APPROXIMATION,CMC snapshot tags vary by snapshot date (drift test: tags(2024)!=tags(2026)); taxonomy drift unverified,,,,,,NONE
2025-01-01,422,KEEP,Keep Network,5566,keep-network,0.11829584,112863231.2,10378.65,954076054.3,2020-05-13T00:00:00.000Z,10,defi;privacy;coinbase-ventures-portfolio;polychain-capital-portfolio;boostvc-portfolio;fabric-ventures-portfolio,HISTORICAL_APPROXIMATION,CMC snapshot tags vary by snapshot date (drift test: tags(2024)!=tags(2026)); taxonomy drift unverified,,,,,,NONE
2025-01-01,423,OAS,Oasys,22265,oasys,0.03251281,114174411,680818.79,3511674970,2022-10-18T06:35:35.000Z,5,platform;collectibles-nfts;gaming;token;layer-1,HISTORICAL_APPROXIMATION,CMC snapshot tags vary by snapshot date (drift test: tags(2024)!=tags(2026)); taxonomy drift unverified,,,,,,NONE
2025-01-01,424,SYRUP,Maple Finance,33824,maple-finance,0.15463683,113800386.3,1496994.63,735920338.3,2024-11-06T06:16:40.000Z,1,binance-alpha,HISTORICAL_APPROXIMATION,CMC snapshot tags vary by snapshot date (drift test: tags(2024)!=tags(2026)); taxonomy drift unverified,SYRUP,2025-06-26T06:00:00Z,False,SYRUP-USDT-SWAP,2025-07-03T06:30:00Z,SYMBOL_MATCH
2025-01-01,425,MONKY,Wise Monkey,34610,wise-monkey,1.14e-05,113960246.6,3098149.88,1e+13,2024-12-13T10:14:47.000Z,6,gaming;entertainment;memes;binance-smart-chain;animal-memes;binance-alpha,HISTORICAL_APPROXIMATION,CMC snapshot tags vary by snapshot date (drift test: tags(2024)!=tags(2026)); taxonomy drift unverified,,,,,,NONE
2025-01-01,426,RIO,Realio Network,4166,realio-network,0.86638611,111573152,2457279.42,128779940.3,2020-06-25T00:00:00.000Z,4,real-estate;algorand-ecosystem;metaverse;real-world-assets,HISTORICAL_APPROXIMATION,CMC snapshot tags vary by snapshot date (drift test: tags(2024)!=tags(2026)); taxonomy drift unverified,,,,,,NONE
2025-01-01,427,USTC,TerraClassicUSD,7129,terrausd,0.02010346,111818912.9,7024726.79,5562171972,2020-09-21T00:00:00.000Z,9,cosmos-ecosystem;stablecoin;algorithmic-stablecoin;seigniorage;terra-ecosystem;injective-ecosystem,HISTORICAL_APPROXIMATION,CMC snapshot tags vary by snapshot date (drift test: tags(2024)!=tags(2026)); taxonomy drift unverified,USTC,2023-11-27T16:00:00Z,True,,,SYMBOL_MATCH
2025-01-01,428,PROM,Prom,4120,prom,6.14678763,112178874.3,2664288.44,18250000,2019-07-17T00:00:00.000Z,2,bnb-chain;dwf-labs-portfolio,HISTORICAL_APPROXIMATION,CMC snapshot tags vary by snapshot date (drift test: tags(2024)!=tags(2026)); taxonomy drift unverified,,,,,,NONE
2025-01-01,429,TRU,TrueFi,7725,truefi-token,0.0878009,110763057.5,6914846.96,1261525286,2020-11-19T00:00:00.000Z,6,defi;ethereum-ecosystem;yield-farming;avalanche-ecosystem;lending-borowing;real-world-assets,HISTORICAL_APPROXIMATION,CMC snapshot tags vary by snapshot date (drift test: tags(2024)!=tags(2026)); taxonomy drift unverified,,,,,,NONE
2025-01-01,430,NTRN,Neutron,26680,neutron-ntrn,0.36069052,110739169.7,3011010.97,307019906.3,2023-06-13T09:53:47.000Z,8,defi;smart-contracts;binance-launchpool;binance-labs-portfolio;coinfund-portfolio;cross-chain,HISTORICAL_APPROXIMATION,CMC snapshot tags vary by snapshot date (drift test: tags(2024)!=tags(2026)); taxonomy drift unverified,NTRN,2023-12-12T19:00:00Z,True,,,SYMBOL_MATCH
2025-01-01,431,OLAS,Autonolas,28458,autonolas,1.47404378,110592283.9,1517611.51,75026458.1,2023-11-20T07:59:53.000Z,2,ai-big-data;ai-agents,HISTORICAL_APPROXIMATION,CMC snapshot tags vary by snapshot date (drift test: tags(2024)!=tags(2026)); taxonomy drift unverified,,,,,,NONE
2025-01-01,432,OMNI,Omni Network,30315,omni-network,8.21110934,109874167.8,53597250.46,13381160,2024-04-12T12:32:28.000Z,10,interoperability;ethereum-ecosystem;binance-launchpool;coinbase-ventures-portfolio;rollups;pantera-capital-portfolio,HISTORICAL_APPROXIMATION,CMC snapshot tags vary by snapshot date (drift test: tags(2024)!=tags(2026)); taxonomy drift unverified,OMNI,2024-04-29T03:00:00Z,True,,,SYMBOL_MATCH
2025-01-01,433,XYM,Symbol,8677,symbol,0.01834478,112177184,323721.03,6114936925,2021-03-03T00:00:00.000Z,1,posplus,HISTORICAL_APPROXIMATION,CMC snapshot tags vary by snapshot date (drift test: tags(2024)!=tags(2026)); taxonomy drift unverified,,,,,,NONE
2025-01-01,434,DUSK,Dusk,4092,dusk,0.23412698,109337298.1,10408580.81,466999999.3,2019-07-11T00:00:00.000Z,8,pos;marketplace;enterprise-solutions;privacy;zero-knowledge-proofs;smart-contracts,HISTORICAL_APPROXIMATION,CMC snapshot tags vary by snapshot date (drift test: tags(2024)!=tags(2026)); taxonomy drift unverified,,,,,,NONE
2025-01-01,435,AUCTION,Bounce Token,8602,bounce-token,16.87730723,111222450.4,43720388.26,6590059,2021-02-26T00:00:00.000Z,4,defi;bounce-launchpad;bnb-chain;dwf-labs-portfolio,HISTORICAL_APPROXIMATION,CMC snapshot tags vary by snapshot date (drift test: tags(2024)!=tags(2026)); taxonomy drift unverified,,,,AUCTION-USDT-SWAP,2023-12-01T07:55:00Z,SYMBOL_MATCH
2025-01-01,436,DKA,dKargo,5908,dkargo,0.02380059,111545423.2,505140.02,4686666667,2020-07-27T00:00:00.000Z,1,ai-big-data,HISTORICAL_APPROXIMATION,CMC snapshot tags vary by snapshot date (drift test: tags(2024)!=tags(2026)); taxonomy drift unverified,,,,,,NONE
2025-01-01,437,ORAI,Oraichain,7533,oraichain-token,7.94926972,109888319.9,2701889.83,13823700,2020-10-27T00:00:00.000Z,12,cosmos-ecosystem;ai-big-data;defi;oracles;research;injective-ecosystem,HISTORICAL_APPROXIMATION,CMC snapshot tags vary by snapshot date (drift test: tags(2024)!=tags(2026)); taxonomy drift unverified,,,,,,NONE
2025-01-01,438,REX,REVOX,34600,revox,0.03605909,108177274,26354999.79,3000000000,2024-12-13T06:35:54.000Z,0,,HISTORICAL_APPROXIMATION,CMC snapshot tags vary by snapshot date (drift test: tags(2024)!=tags(2026)); taxonomy drift unverified,,,,,,NONE
2025-01-01,439,CATI,Catizen,32966,catizen,0.37979569,108703963,37162877.61,286216950,2024-09-13T11:21:56.000Z,3,gaming;toncoin-ecosystem;tap-to-earn,HISTORICAL_APPROXIMATION,CMC snapshot tags vary by snapshot date (drift test: tags(2024)!=tags(2026)); taxonomy drift unverified,CATI,2024-09-25T06:00:00Z,True,,,SYMBOL_MATCH
2025-01-01,440,MVL,MVL,2982,mvl,0.00423211,109412591.6,1392593.79,2.585295886e+10,2018-07-27T00:00:00.000Z,5,iot;ethereum-ecosystem;binance-smart-chain;dwf-labs-portfolio;depin,HISTORICAL_APPROXIMATION,CMC snapshot tags vary by snapshot date (drift test: tags(2024)!=tags(2026)); taxonomy drift unverified,,,,,,NONE
2025-01-01,441,CTK,Shentu,4807,shentu,0.76899149,108809042.1,3860992.74,141495768,2019-10-19T00:00:00.000Z,12,cybersecurity;cosmos-ecosystem;enterprise-solutions;interoperability;scaling;smart-contracts,HISTORICAL_APPROXIMATION,CMC snapshot tags vary by snapshot date (drift test: tags(2024)!=tags(2026)); taxonomy drift unverified,,,,,,NONE
2025-01-01,442,STPT,STP,4006,standard-tokenization-protocol,0.05815558,112962570.5,47454534.14,1942420283,2019-06-12T00:00:00.000Z,2,defi;payments,HISTORICAL_APPROXIMATION,CMC snapshot tags vary by snapshot date (drift test: tags(2024)!=tags(2026)); taxonomy drift unverified,,,,,,NONE
2025-01-01,443,IAG,IAGON,11078,iagon,0.2885571,108503367.8,196193.11,376020434,2021-07-28T00:00:00.000Z,9,platform;enterprise-solutions;distributed-computing;filesharing;dapp;storage,HISTORICAL_APPROXIMATION,CMC snapshot tags vary by snapshot date (drift test: tags(2024)!=tags(2026)); taxonomy drift unverified,,,,,,NONE
2025-01-01,444,X,X Empire,33108,x-empire,0.00015502,106967098.9,107912729.7,6.9e+11,2024-10-24T12:02:59.000Z,4,gaming;dwf-labs-portfolio;toncoin-ecosystem;tap-to-earn,HISTORICAL_APPROXIMATION,CMC snapshot tags vary by snapshot date (drift test: tags(2024)!=tags(2026)); taxonomy drift unverified,,,,,,NONE
2025-01-01,445,ZRC,Zircuit,29711,zircuit,0.07180317,107101522.6,37789215.96,1491598748,2024-07-17T11:49:55.000Z,5,zero-knowledge-proofs;binance-labs-portfolio;dragonfly-capital-portfolio;pantera-capital-portfolio;nomad-capital,HISTORICAL_APPROXIMATION,CMC snapshot tags vary by snapshot date (drift test: tags(2024)!=tags(2026)); taxonomy drift unverified,,,,,,NONE
2025-01-01,446,SEND,Suilend,34611,suilend,2.20074365,107220320.8,1855109.94,48720041,2024-12-13T10:27:37.000Z,3,defi;lending-borowing;sui-ecosystem,HISTORICAL_APPROXIMATION,CMC snapshot tags vary by snapshot date (drift test: tags(2024)!=tags(2026)); taxonomy drift unverified,,,,,,NONE
2025-01-01,447,CYBER,Cyber,24781,cyberconnect,3.33911662,106047672.6,10543042.8,31759200,2023-08-15T11:49:15.000Z,24,platform;communications-social-media;collectibles-nfts;interoperability;reputation;smart-contracts,HISTORICAL_APPROXIMATION,CMC snapshot tags vary by snapshot date (drift test: tags(2024)!=tags(2026)); taxonomy drift unverified,CYBER,2023-08-31T02:00:00Z,True,,,SYMBOL_MATCH
2025-01-01,448,CUDOS,CUDOS,8258,cudos,0.01065535,105618662.5,10256.11,9912263718,2021-01-13T00:00:00.000Z,15,cosmos-ecosystem;vr-ar;ai-big-data;distributed-computing;gaming;scaling,HISTORICAL_APPROXIMATION,CMC snapshot tags vary by snapshot date (drift test: tags(2024)!=tags(2026)); taxonomy drift unverified,,,,,,NONE
2025-01-01,449,PRO,Propy,1974,propy,1.06705208,106705208.1,1629198.99,100000000,2017-09-19T00:00:00.000Z,5,real-estate;escrow;smart-contracts;arrington-xrp-capital-portfolio;real-world-assets,HISTORICAL_APPROXIMATION,CMC snapshot tags vary by snapshot date (drift test: tags(2024)!=tags(2026)); taxonomy drift unverified,,,,,,NONE
2025-01-01,450,MODE,Mode,31016,mode,0.04242292,106057304,8710348.2,2500000009,2024-05-07T07:52:50.000Z,1,ai-big-data,HISTORICAL_APPROXIMATION,CMC snapshot tags vary by snapshot date (drift test: tags(2024)!=tags(2026)); taxonomy drift unverified,,,,,,NONE
2025-01-01,451,DAR,Mines of Dalarnia,11374,mines-of-dalarnia,0.17115143,106271908.1,18362023.83,620923298.4,2021-08-24T00:00:00.000Z,7,collectibles-nfts;gaming;binance-launchpool;metaverse;chromia-ecosystem;play-to-earn,HISTORICAL_APPROXIMATION,CMC snapshot tags vary by snapshot date (drift test: tags(2024)!=tags(2026)); taxonomy drift unverified,,,,,,NONE
2025-01-01,452,RSC,ResearchCoin,27054,researchcoin,1.1192022,106563120.7,679146.67,95213466,2023-06-19T07:17:43.000Z,1,desci,HISTORICAL_APPROXIMATION,CMC snapshot tags vary by snapshot date (drift test: tags(2024)!=tags(2026)); taxonomy drift unverified,,,,,,NONE
2025-01-01,453,ATA,Automata Network,10188,automata-network,0.18628438,104837036.5,122670377.8,562779543.5,2021-06-01T00:00:00.000Z,6,ethereum-ecosystem;polkadot-ecosystem;binance-launchpool;rollups;jump-crypto;eigenlayer-ecosystem,HISTORICAL_APPROXIMATION,CMC snapshot tags vary by snapshot date (drift test: tags(2024)!=tags(2026)); taxonomy drift unverified,,,,,,NONE
2025-01-01,454,PUPS,Pups (Bitcoin),33320,pups-runes,0.10863197,105204164.5,1004923.06,968445660,2024-04-09T08:40:49.000Z,4,memes;solana-ecosystem;bitcoin-ecosystem;runes,HISTORICAL_APPROXIMATION,CMC snapshot tags vary by snapshot date (drift test: tags(2024)!=tags(2026)); taxonomy drift unverified,,,,,,NONE
2025-01-01,455,KNC,Kyber Network Crystal v2,9444,kyber-network-crystal-v2,0.54863731,102293838.5,8837836.66,186450750.4,2021-04-26T00:00:00.000Z,12,marketplace;decentralized-exchange-dex-token;defi;dao;amm;three-arrows-capital-portfolio,HISTORICAL_APPROXIMATION,CMC snapshot tags vary by snapshot date (drift test: tags(2024)!=tags(2026)); taxonomy drift unverified,,,,,,NONE
2025-01-01,456,RIF,Rootstock Infrastructure Framework,3701,rsk-infrastructure-framework,0.10185598,101855983.3,2901387.55,1000000000,2019-01-16T00:00:00.000Z,4,services;filesharing;payments;bitcoin-ecosystem,HISTORICAL_APPROXIMATION,CMC snapshot tags vary by snapshot date (drift test: tags(2024)!=tags(2026)); taxonomy drift unverified,,,,,,NONE
2025-01-01,457,HFT,Hashflow,22461,hashflow,0.20600406,100515369.1,5433377.66,487929070.9,2022-10-31T07:02:20.000Z,24,collectibles-nfts;decentralized-exchange-dex-token;defi;gaming;interoperability;dao,HISTORICAL_APPROXIMATION,CMC snapshot tags vary by snapshot date (drift test: tags(2024)!=tags(2026)); taxonomy drift unverified,,,,,,NONE
2025-01-01,458,HIGH,Highstreet,11232,highstreet,1.41575677,100304004.8,8238767.72,70848331.53,2021-08-12T00:00:00.000Z,9,vr-ar;ethereum-ecosystem;binance-launchpool;solana-ecosystem;metaverse;bullperks-launchpad,HISTORICAL_APPROXIMATION,CMC snapshot tags vary by snapshot date (drift test: tags(2024)!=tags(2026)); taxonomy drift unverified,,,,,,NONE
2025-01-01,459,SHDW,Shadow Token,16868,genesysgo-shadow,0.62719454,101425096,1484781.54,161712337.6,2022-01-05T07:07:33.000Z,4,distributed-computing;storage;solana-ecosystem;depin,HISTORICAL_APPROXIMATION,CMC snapshot tags vary by snapshot date (drift test: tags(2024)!=tags(2026)); taxonomy drift unverified,,,,,,NONE
2025-01-01,460,BONE,Bone ShibaSwap,11865,bone-shibaswap,0.4365594,100375199.1,3226765.83,229923350.6,2021-09-13T19:17:01.000Z,2,memes;doggone-doggerel,HISTORICAL_APPROXIMATION,CMC snapshot tags vary by snapshot date (drift test: tags(2024)!=tags(2026)); taxonomy drift unverified,,,,,,NONE
2025-01-01,461,ORBS,Orbs,3835,orbs,0.027547,100071232.4,3583903.31,3632745162,2019-04-03T00:00:00.000Z,3,services;enterprise-solutions;dwf-labs-portfolio,HISTORICAL_APPROXIMATION,CMC snapshot tags vary by snapshot date (drift test: tags(2024)!=tags(2026)); taxonomy drift unverified,ORBS,2023-10-13T20:00:00Z,True,,,SYMBOL_MATCH
2025-01-01,462,REQ,Request,2071,request,0.13180669,101397733,13611341.99,769291230.8,2017-10-20T00:00:00.000Z,4,medium-of-exchange;defi;payments;smart-contracts,HISTORICAL_APPROXIMATION,CMC snapshot tags vary by snapshot date (drift test: tags(2024)!=tags(2026)); taxonomy drift unverified,REQ,2023-10-11T14:00:00Z,True,,,SYMBOL_MATCH
2025-01-01,463,MLK,MiL.k,5266,milk-alliance,0.24165809,100609137.9,2102524.21,416328448.3,2020-08-05T00:00:00.000Z,1,bnb-chain,HISTORICAL_APPROXIMATION,CMC snapshot tags vary by snapshot date (drift test: tags(2024)!=tags(2026)); taxonomy drift unverified,,,,,,NONE
2025-01-01,464,ALU,Altura,9637,altura,0.10017879,99177001.36,27841609.51,990000000,2021-05-07T00:00:00.000Z,6,marketplace;ai-big-data;gaming;oxbull;bnb-chain;base-ecosystem,HISTORICAL_APPROXIMATION,CMC snapshot tags vary by snapshot date (drift test: tags(2024)!=tags(2026)); taxonomy drift unverified,,,,,,NONE
2025-01-01,465,DOGE,Department Of Government Efficiency (dogegov.com),32778,department-of-government-efficiency-token,0.10065664,98556308.82,6131326.12,979133701,2024-08-21T13:37:59.000Z,1,memes,HISTORICAL_APPROXIMATION,CMC snapshot tags vary by snapshot date (drift test: tags(2024)!=tags(2026)); taxonomy drift unverified,DOGE,2023-05-12T00:00:00Z,False,DOGE-USDT-SWAP,2020-04-21T10:12:51Z,SYMBOL_MATCH
2025-01-01,466,AZERO,Aleph Zero,11976,aleph-zero,0.36832548,98261485.69,815251.5,266778951,2021-09-20T16:55:23.000Z,11,platform;privacy;zero-knowledge-proofs;smart-contracts;staking;substrate,HISTORICAL_APPROXIMATION,CMC snapshot tags vary by snapshot date (drift test: tags(2024)!=tags(2026)); taxonomy drift unverified,,,,,,NONE
2025-01-01,467,WIN,WINkLink,4206,wink,9.764e-05,97022329.44,27122270.51,9.937018592e+11,2019-08-01T00:00:00.000Z,5,oracles;tron-ecosystem;binance-launchpad;binance-labs-portfolio;bnb-chain,HISTORICAL_APPROXIMATION,CMC snapshot tags vary by snapshot date (drift test: tags(2024)!=tags(2026)); taxonomy drift unverified,,,,,,NONE
2025-01-01,468,SUNDOG,SUNDOG,32717,sundog,0.09692524,96675230.22,63108146.85,997420606,2024-08-17T02:02:00.000Z,4,memes;tron-ecosystem;tron-memes;sun-pump-ecosystem,HISTORICAL_APPROXIMATION,CMC snapshot tags vary by snapshot date (drift test: tags(2024)!=tags(2026)); taxonomy drift unverified,,,,,,NONE
2025-01-01,469,COQ,Coq Inu,28675,coq-inu,1.4e-06,96952592.61,2593711.28,6.942e+13,2023-12-11T16:53:53.000Z,2,memes;avalanche-ecosystem,HISTORICAL_APPROXIMATION,CMC snapshot tags vary by snapshot date (drift test: tags(2024)!=tags(2026)); taxonomy drift unverified,,,,,,NONE
2025-01-01,470,MAV,Maverick Protocol,18037,maverick-protocol,0.20732555,95455010.83,4617005.55,460411221.1,2022-02-10T08:23:09.000Z,8,defi;binance-launchpool;pantera-capital-portfolio;spartan-group;circle-ventures-portfolio;jump-crypto,HISTORICAL_APPROXIMATION,CMC snapshot tags vary by snapshot date (drift test: tags(2024)!=tags(2026)); taxonomy drift unverified,MAV,2023-12-20T13:00:00Z,True,,,SYMBOL_MATCH
2025-01-01,471,NAKA,Nakamoto Games,12749,nakamoto-games,1.01881217,94712499.7,14631846.38,92963652,2021-10-14T18:35:34.000Z,5,collectibles-nfts;gaming;metaverse;play-to-earn;vbc-ventures-portfolio,HISTORICAL_APPROXIMATION,CMC snapshot tags vary by snapshot date (drift test: tags(2024)!=tags(2026)); taxonomy drift unverified,,,,,,NONE
2025-01-01,472,OX,OX Coin,29530,ox-coin,0.02714782,95868722.78,1148287.24,3531360256,2024-02-26T05:06:30.000Z,0,,HISTORICAL_APPROXIMATION,CMC snapshot tags vary by snapshot date (drift test: tags(2024)!=tags(2026)); taxonomy drift unverified,OX,2023-08-17T22:00:00Z,True,,,SYMBOL_MATCH
2025-01-01,473,DESO,Decentralized Social,10442,deso,10.79879859,95942314.84,238238.34,8884536,2021-06-15T00:00:00.000Z,2,communications-social-media;arrington-xrp-capital-portfolio,HISTORICAL_APPROXIMATION,CMC snapshot tags vary by snapshot date (drift test: tags(2024)!=tags(2026)); taxonomy drift unverified,,,,,,NONE
2025-01-01,474,HOOK,Hooked Protocol,22764,hooked-protocol,0.44032683,95036731.9,14337430.21,215832251.1,2022-12-01T14:40:31.000Z,8,education;ai-big-data;gaming;binance-smart-chain;binance-launchpad;binance-labs-portfolio,HISTORICAL_APPROXIMATION,CMC snapshot tags vary by snapshot date (drift test: tags(2024)!=tags(2026)); taxonomy drift unverified,,,,,,NONE
2025-01-01,475,HIPPO,sudeng,33258,sudeng,0.00938965,93896542.19,50546263.86,1e+10,2024-10-01T17:13:31.000Z,3,memes;sui-ecosystem;animal-memes,HISTORICAL_APPROXIMATION,CMC snapshot tags vary by snapshot date (drift test: tags(2024)!=tags(2026)); taxonomy drift unverified,,,,,,NONE
2025-01-01,476,SHIRO,Shiro Neko,34378,shiro-neko,9e-08,94561347.71,3606541.05,1e+15,2024-12-03T10:38:32.000Z,3,memes;ethereum-ecosystem;cat-themed,HISTORICAL_APPROXIMATION,CMC snapshot tags vary by snapshot date (drift test: tags(2024)!=tags(2026)); taxonomy drift unverified,,,,,,NONE
2025-01-01,477,ARK,Ark,1586,ark,0.51175161,95078388.02,17992282.29,185790112,2017-03-22T00:00:00.000Z,5,dpos;marketplace;payments;state-channel;polygon-ecosystem,HISTORICAL_APPROXIMATION,CMC snapshot tags vary by snapshot date (drift test: tags(2024)!=tags(2026)); taxonomy drift unverified,ARK,2023-10-06T14:00:00Z,True,,,SYMBOL_MATCH
2025-01-01,478,MED,MediBloc,2303,medibloc,0.00993498,94815740.59,756770.37,9543626701,2017-12-22T00:00:00.000Z,3,health;cosmos-ecosystem;injective-ecosystem,HISTORICAL_APPROXIMATION,CMC snapshot tags vary by snapshot date (drift test: tags(2024)!=tags(2026)); taxonomy drift unverified,,,,,,NONE
2025-01-01,479,RARE,SuperRare,11294,superrare,0.11543528,92710201.25,15920052.89,803135762.9,2021-08-17T00:00:00.000Z,3,marketplace;collectibles-nfts;dao,HISTORICAL_APPROXIMATION,CMC snapshot tags vary by snapshot date (drift test: tags(2024)!=tags(2026)); taxonomy drift unverified,,,,,,NONE
2025-01-01,480,USDB,USDB,29599,usdb,0.99644376,94463438.94,3438838.5,94800572.21,2024-03-01T04:58:52.000Z,3,stablecoin;usd-stablecoin;blast-ecosystem,HISTORICAL_APPROXIMATION,CMC snapshot tags vary by snapshot date (drift test: tags(2024)!=tags(2026)); taxonomy drift unverified,,,,,,NONE
2025-01-01,481,BTRST,Braintrust,11584,braintrust,0.39055638,94259914.87,743436.16,241347782,2021-09-02T18:08:47.000Z,2,coinbase-ventures-portfolio;web3,HISTORICAL_APPROXIMATION,CMC snapshot tags vary by snapshot date (drift test: tags(2024)!=tags(2026)); taxonomy drift unverified,,,,,,NONE
2025-01-01,482,USDP,Pax Dollar,3330,paxos-standard,0.99967613,93533813.41,1017794.99,93564116.1,2018-09-27T00:00:00.000Z,6,store-of-value;stablecoin;asset-backed-stablecoin;bnb-chain;usd-stablecoin;fiat-stablecoin,HISTORICAL_APPROXIMATION,CMC snapshot tags vary by snapshot date (drift test: tags(2024)!=tags(2026)); taxonomy drift unverified,,,,,,NONE
2025-01-01,483,SYS,Syscoin,541,syscoin,0.11481234,92132544.25,1920680.13,802462066.6,2014-08-20T00:00:00.000Z,12,mineable;pow;platform;enterprise-solutions;collectibles-nfts;zero-knowledge-proofs,HISTORICAL_APPROXIMATION,CMC snapshot tags vary by snapshot date (drift test: tags(2024)!=tags(2026)); taxonomy drift unverified,,,,,,NONE
2025-01-01,484,MOB,MobileCoin,7878,mobilecoin,0.46311973,91882820.31,34737.67,198399712,2020-12-07T00:00:00.000Z,3,privacy;payments;arrington-xrp-capital-portfolio,HISTORICAL_APPROXIMATION,CMC snapshot tags vary by snapshot date (drift test: tags(2024)!=tags(2026)); taxonomy drift unverified,,,,,,NONE
2025-01-01,485,NMT,NetMind Token,29447,netmind-token,2.77753671,92909180.8,2210734.81,33450208,2024-02-19T12:11:26.000Z,4,ai-big-data;ethereum-ecosystem;binance-smart-chain;ai-agents,HISTORICAL_APPROXIMATION,CMC snapshot tags vary by snapshot date (drift test: tags(2024)!=tags(2026)); taxonomy drift unverified,,,,,,NONE
2025-01-01,486,NEURAL,NeuralAI,30528,neuralai,9.058015,90580150.03,393108.3,10000000,2024-04-11T06:22:00.000Z,2,ai-big-data;gaming,HISTORICAL_APPROXIMATION,CMC snapshot tags vary by snapshot date (drift test: tags(2024)!=tags(2026)); taxonomy drift unverified,,,,,,NONE
2025-01-01,487,MTL,Metal DAO,1788,metal,1.13931717,89537679.71,2880527.13,78588897,2017-07-09T00:00:00.000Z,2,medium-of-exchange;payments,HISTORICAL_APPROXIMATION,CMC snapshot tags vary by snapshot date (drift test: tags(2024)!=tags(2026)); taxonomy drift unverified,,,,,,NONE
2025-01-01,488,ACE,Fusionist,28674,fusionist,2.1164531,89586388.79,6528358.32,42328549,2023-12-11T13:06:52.000Z,3,gaming;social-token;binance-launchpool,HISTORICAL_APPROXIMATION,CMC snapshot tags vary by snapshot date (drift test: tags(2024)!=tags(2026)); taxonomy drift unverified,ACE,2023-12-18T14:00:00Z,False,,,SYMBOL_MATCH
2025-01-01,489,ARDR,Ardor,1320,ardor,0.08998615,89848134.67,8827198.3,998466231.3,2016-07-23T00:00:00.000Z,3,platform;enterprise-solutions;state-channel,HISTORICAL_APPROXIMATION,CMC snapshot tags vary by snapshot date (drift test: tags(2024)!=tags(2026)); taxonomy drift unverified,,,,,,NONE
2025-01-01,490,AITECH,Solidus Ai Tech,19055,solidus-ai-tech,0.08320281,89965803.83,3550567.69,1081283259,2022-03-24T17:28:30.000Z,5,ai-big-data;binance-chain;launchpad;seedify;binance-alpha,HISTORICAL_APPROXIMATION,CMC snapshot tags vary by snapshot date (drift test: tags(2024)!=tags(2026)); taxonomy drift unverified,,,,,,NONE
2025-01-01,491,LON,Tokenlon Network Token,8083,tokenlon-network-token,0.76580626,89586071.09,62200.49,116982682.7,2020-12-23T00:00:00.000Z,3,decentralized-exchange-dex-token;defi;arbitrum-ecosytem,HISTORICAL_APPROXIMATION,CMC snapshot tags vary by snapshot date (drift test: tags(2024)!=tags(2026)); taxonomy drift unverified,,,,,,NONE
2025-01-01,492,WZRD,Bitcoin Wizards,30491,bitcoin-wizards,4.23985565,89036968.72,318571.77,21000000,2024-04-10T02:43:27.000Z,3,bitcoin-ecosystem;brc-20;inscriptions,HISTORICAL_APPROXIMATION,CMC snapshot tags vary by snapshot date (drift test: tags(2024)!=tags(2026)); taxonomy drift unverified,,,,,,NONE
2025-01-01,493,KOMA,Koma Inu,33405,koma-inu,0.12031228,87640104.86,10954525.56,728438549.5,2024-10-11T08:45:17.000Z,4,memes;binance-smart-chain;dwf-labs-portfolio;binance-alpha,HISTORICAL_APPROXIMATION,CMC snapshot tags vary by snapshot date (drift test: tags(2024)!=tags(2026)); taxonomy drift unverified,,,,,,NONE
2025-01-01,494,DF,dForce,4758,dforce,0.0881355,88128992.1,54604157.2,999926146.6,2020-06-22T00:00:00.000Z,3,defi;arbitrum-ecosytem;optimism-ecosystem,HISTORICAL_APPROXIMATION,CMC snapshot tags vary by snapshot date (drift test: tags(2024)!=tags(2026)); taxonomy drift unverified,,,,,,NONE
2025-01-01,495,XION,XION,32089,xion,3.35426802,85732853.37,9708492.96,25559333,2024-12-05T11:30:10.000Z,5,platform;multicoin-capital-portfolio;animoca-brands-portfolio;circle-ventures-portfolio;layer-1,HISTORICAL_APPROXIMATION,CMC snapshot tags vary by snapshot date (drift test: tags(2024)!=tags(2026)); taxonomy drift unverified,,,,,,NONE
2025-01-01,496,RSS3,RSS3,17917,rss3,0.12799401,86385293.05,7608061.78,674916665,2022-02-07T10:03:56.000Z,9,communications-social-media;ai-big-data;coinbase-ventures-portfolio;dragonfly-capital-portfolio;fabric-ventures-portfolio;hashkey-capital-portfolio,HISTORICAL_APPROXIMATION,CMC snapshot tags vary by snapshot date (drift test: tags(2024)!=tags(2026)); taxonomy drift unverified,,,,,,NONE
2025-01-01,497,PCI,Paycoin,5275,payprotocol,0.0871148,87797049.66,454973.49,1007831650,2020-03-05T00:00:00.000Z,0,,HISTORICAL_APPROXIMATION,CMC snapshot tags vary by snapshot date (drift test: tags(2024)!=tags(2026)); taxonomy drift unverified,,,,,,NONE
2025-01-01,498,KOGE,48 Club Token,7184,bnb48-club-token,25.94736945,87915614.86,27864.69,3388228.43,2020-09-25T00:00:00.000Z,2,binance-chain;binance-alpha,HISTORICAL_APPROXIMATION,CMC snapshot tags vary by snapshot date (drift test: tags(2024)!=tags(2026)); taxonomy drift unverified,,,,,,NONE
2025-01-01,499,BADGER,Badger DAO,7859,badger-dao,4.27420725,86728289.59,11291340.99,20291081.96,2020-12-04T00:00:00.000Z,8,defi;dao;yield-farming;yield-aggregator;governance;blockchain-capital-portfolio,HISTORICAL_APPROXIMATION,CMC snapshot tags vary by snapshot date (drift test: tags(2024)!=tags(2026)); taxonomy drift unverified,BADGER,2023-11-09T15:00:00Z,True,,,SYMBOL_MATCH
2025-01-01,500,HASHAI,HashAI,30369,hashai,0.00102323,86529450.48,717217.19,8.45648187e+10,2024-04-04T05:58:04.000Z,2,ai-big-data;depin,HISTORICAL_APPROXIMATION,CMC snapshot tags vary by snapshot date (drift test: tags(2024)!=tags(2026)); taxonomy drift unverified,,,,,,NONE
2025-06-01,1,BTC,Bitcoin,1,bitcoin,105652.0986,2.099642961e+12,3.739705687e+10,19873178,2010-07-13T00:00:00.000Z,34,mineable;pow;sha-256;store-of-value;state-channel;coinbase-ventures-portfolio,HISTORICAL_APPROXIMATION,CMC snapshot tags vary by snapshot date (drift test: tags(2024)!=tags(2026)); taxonomy drift unverified,BTC,2023-05-12T00:00:00Z,False,BTC-USDT-SWAP,2019-11-12T11:16:48Z,SYMBOL_MATCH
2025-06-01,2,ETH,Ethereum,1027,ethereum,2536.266309,3.06187818e+11,1.328785248e+10,120723843.9,2015-08-07T00:00:00.000Z,35,pos;smart-contracts;ethereum-ecosystem;coinbase-ventures-portfolio;three-arrows-capital-portfolio;polychain-capital-portfolio,HISTORICAL_APPROXIMATION,CMC snapshot tags vary by snapshot date (drift test: tags(2024)!=tags(2026)); taxonomy drift unverified,ETH,2023-05-12T00:00:00Z,False,ETH-USDT-SWAP,2019-11-12T11:16:48Z,SYMBOL_MATCH
2025-06-01,3,USDT,Tether USDt,825,tether,1.00030498,1.531437848e+11,5.398961206e+10,1.530970939e+11,2015-02-25T00:00:00.000Z,8,stablecoin;asset-backed-stablecoin;usd-stablecoin;ethereum-pow-ecosystem;fiat-stablecoin;tron20-ecosystem,HISTORICAL_APPROXIMATION,CMC snapshot tags vary by snapshot date (drift test: tags(2024)!=tags(2026)); taxonomy drift unverified,,,,,,NONE
2025-06-01,4,XRP,XRP,52,xrp,2.17918353,1.280482231e+11,1763611233,5.875972403e+10,2013-08-04T00:00:00.000Z,12,medium-of-exchange;enterprise-solutions;xrp-ecosystem;arrington-xrp-capital-portfolio;galaxy-digital-portfolio;a16z-portfolio,HISTORICAL_APPROXIMATION,CMC snapshot tags vary by snapshot date (drift test: tags(2024)!=tags(2026)); taxonomy drift unverified,XRP,2023-06-18T00:00:00Z,False,XRP-USDT-SWAP,2019-11-12T11:16:48Z,SYMBOL_MATCH
2025-06-01,5,BNB,BNB,1839,bnb,660.9917355,9.312552387e+10,1468711165,140887576.8,2017-07-25T00:00:00.000Z,10,marketplace;centralized-exchange;payments;smart-contracts;alameda-research-portfolio;multicoin-capital-portfolio,HISTORICAL_APPROXIMATION,CMC snapshot tags vary by snapshot date (drift test: tags(2024)!=tags(2026)); taxonomy drift unverified,BNB,2023-05-12T00:00:00Z,False,BNB-USDT-SWAP,2022-12-23T06:53:48Z,SYMBOL_MATCH
2025-06-01,6,SOL,Solana,5426,solana,157.7845502,8.242901751e+10,2554572841,522415010.9,2020-04-10T00:00:00.000Z,14,pos;platform;solana-ecosystem;cms-holdings-portfolio;kenetic-capital-portfolio;alameda-research-portfolio,HISTORICAL_APPROXIMATION,CMC snapshot tags vary by snapshot date (drift test: tags(2024)!=tags(2026)); taxonomy drift unverified,SOL,2023-05-12T00:00:00Z,False,SOL-USDT-SWAP,2021-01-22T07:00:00Z,SYMBOL_MATCH
2025-06-01,7,USDC,USDC,3408,usd-coin,0.99975043,6.090796154e+10,6956757549,6.092316628e+10,2018-10-08T00:00:00.000Z,10,medium-of-exchange;stablecoin;asset-backed-stablecoin;coinbase-ventures-portfolio;usd-stablecoin;ethereum-pow-ecosystem,HISTORICAL_APPROXIMATION,CMC snapshot tags vary by snapshot date (drift test: tags(2024)!=tags(2026)); taxonomy drift unverified,,,,USDC-USDT-SWAP,2023-03-12T07:55:00Z,SYMBOL_MATCH
2025-06-01,8,DOGE,Dogecoin,74,dogecoin,0.19363209,2.895011694e+10,939280531.9,1.495109464e+11,2013-12-15T00:00:00.000Z,11,mineable;pow;scrypt;medium-of-exchange;memes;payments,HISTORICAL_APPROXIMATION,CMC snapshot tags vary by snapshot date (drift test: tags(2024)!=tags(2026)); taxonomy drift unverified,DOGE,2023-05-12T00:00:00Z,False,DOGE-USDT-SWAP,2020-04-21T10:12:51Z,SYMBOL_MATCH
2025-06-01,9,TRX,TRON,1958,tron,0.27116175,2.572386111e+10,378497087.8,9.486537604e+10,2017-09-13T00:00:00.000Z,9,media;payments;tron-ecosystem;layer-1;dwf-labs-portfolio;alleged-sec-securities,HISTORICAL_APPROXIMATION,CMC snapshot tags vary by snapshot date (drift test: tags(2024)!=tags(2026)); taxonomy drift unverified,TRX,2023-08-06T16:00:00Z,False,TRX-USDT-SWAP,2019-11-12T11:16:48Z,SYMBOL_MATCH
2025-06-01,10,ADA,Cardano,2010,cardano,0.6849737,2.42054248e+10,601446044.4,3.533774318e+10,2017-10-01T00:00:00.000Z,13,dpos;pos;platform;research;smart-contracts;staking,HISTORICAL_APPROXIMATION,CMC snapshot tags vary by snapshot date (drift test: tags(2024)!=tags(2026)); taxonomy drift unverified,ADA,2023-10-22T06:00:00Z,False,ADA-USDT-SWAP,2020-02-28T11:16:48Z,SYMBOL_MATCH
2025-06-01,11,HYPE,Hyperliquid,32196,hyperliquid,34.11546584,1.139211542e+10,178715083.3,333928180,2024-07-15T10:14:50.000Z,5,decentralized-exchange-dex-token;defi;derivatives;layer-1;hyperliquid-ecosystem,HISTORICAL_APPROXIMATION,CMC snapshot tags vary by snapshot date (drift test: tags(2024)!=tags(2026)); taxonomy drift unverified,HYPE,2024-12-05T10:00:00Z,False,HYPE-USDT-SWAP,2025-02-21T07:00:00Z,SYMBOL_MATCH
2025-06-01,12,SUI,Sui,20947,sui,3.34242781,1.135312808e+10,625546475.2,3396671135,2022-07-12T08:03:11.000Z,12,binance-launchpool;coinbase-ventures-portfolio;binance-labs-portfolio;electric-capital-portfolio;a16z-portfolio;sui-ecosystem,HISTORICAL_APPROXIMATION,CMC snapshot tags vary by snapshot date (drift test: tags(2024)!=tags(2026)); taxonomy drift unverified,SUI,2023-05-12T00:00:00Z,False,SUI-USDT-SWAP,2023-05-05T03:55:00Z,SYMBOL_MATCH
2025-06-01,13,LINK,Chainlink,1975,chainlink,14.06218204,9240259400,274486722.9,657099970.5,2017-09-20T00:00:00.000Z,30,platform;defi;oracles;smart-contracts;ethereum-ecosystem;polkadot,HISTORICAL_APPROXIMATION,CMC snapshot tags vary by snapshot date (drift test: tags(2024)!=tags(2026)); taxonomy drift unverified,LINK,2023-05-18T08:00:00Z,False,LINK-USDT-SWAP,2020-02-28T11:16:48Z,SYMBOL_MATCH
2025-06-01,14,AVAX,Avalanche,5805,avalanche,20.87341124,8798655045,244389466.1,421524538.8,2020-07-13T00:00:00.000Z,9,smart-contracts;three-arrows-capital-portfolio;polychain-capital-portfolio;avalanche-ecosystem;cms-holdings-portfolio;dragonfly-capital-portfolio,HISTORICAL_APPROXIMATION,CMC snapshot tags vary by snapshot date (drift test: tags(2024)!=tags(2026)); taxonomy drift unverified,AVAX,2023-05-12T00:00:00Z,False,AVAX-USDT-SWAP,2020-09-23T06:00:00Z,SYMBOL_MATCH
2025-06-01,15,XLM,Stellar,512,stellar,0.26732206,8326072568,114308568.3,3.11462231e+10,2014-08-05T00:00:00.000Z,9,medium-of-exchange;enterprise-solutions;decentralized-exchange-dex-token;defi;smart-contracts;hashkey-capital-portfolio,HISTORICAL_APPROXIMATION,CMC snapshot tags vary by snapshot date (drift test: tags(2024)!=tags(2026)); taxonomy drift unverified,XLM,2024-11-23T03:00:00Z,False,XLM-USDT-SWAP,2020-04-21T10:12:51Z,SYMBOL_MATCH
2025-06-01,16,BCH,Bitcoin Cash,1831,bitcoin-cash,403.7017408,8024721387,214987576.2,19877846.88,2017-07-23T00:00:00.000Z,11,mineable;pow;sha-256;marketplace;medium-of-exchange;store-of-value,HISTORICAL_APPROXIMATION,CMC snapshot tags vary by snapshot date (drift test: tags(2024)!=tags(2026)); taxonomy drift unverified,BCH,2023-06-30T03:00:00Z,False,BCH-USDT-SWAP,2019-11-12T11:16:48Z,SYMBOL_MATCH
2025-06-01,17,LEO,UNUS SED LEO,3957,unus-sed-leo,8.64019318,7977719252,1645131.08,923326490.9,2019-05-21T00:00:00.000Z,7,marketplace;centralized-exchange;discount-token;payments;ethereum-ecosystem;kenetic-capital-portfolio,HISTORICAL_APPROXIMATION,CMC snapshot tags vary by snapshot date (drift test: tags(2024)!=tags(2026)); taxonomy drift unverified,,,,,,NONE
2025-06-01,18,TON,Toncoin,11419,toncoin,3.18999772,7864926517,139076941.3,2465495970,2021-08-26T13:40:22.000Z,6,pos;layer-1;ftx-bankruptcy-estate;dwf-labs-portfolio;toncoin-ecosystem;cmc-crypto-yearbook-2024-2025,HISTORICAL_APPROXIMATION,CMC snapshot tags vary by snapshot date (drift test: tags(2024)!=tags(2026)); taxonomy drift unverified,TON,2023-10-22T06:00:00Z,True,,,SYMBOL_MATCH
2025-06-01,19,SHIB,Shiba Inu,5994,shiba-inu,1.294e-05,7626240220,132224705.8,5.892497389e+14,2020-08-01T00:00:00.000Z,5,memes;ethereum-ecosystem;doggone-doggerel;base-ecosystem;animal-memes,HISTORICAL_APPROXIMATION,CMC snapshot tags vary by snapshot date (drift test: tags(2024)!=tags(2026)); taxonomy drift unverified,,,,SHIB-USDT-SWAP,2021-05-09T09:00:00Z,SYMBOL_MATCH
2025-06-01,20,HBAR,Hedera,4642,hedera,0.16862471,7122667430,106082982.3,4.223976047e+10,2019-09-17T00:00:00.000Z,9,dag;marketplace;enterprise-solutions;payments;dcg-portfolio;hedera-hashgraph-ecosystem,HISTORICAL_APPROXIMATION,CMC snapshot tags vary by snapshot date (drift test: tags(2024)!=tags(2026)); taxonomy drift unverified,HBAR,2024-04-24T06:00:00Z,False,HBAR-USDT-SWAP,2023-08-16T05:55:00Z,SYMBOL_MATCH
2025-06-01,21,LTC,Litecoin,2,litecoin,88.38946034,6710486019,302703072.2,75919526.98,2013-04-28T00:00:00.000Z,7,mineable;pow;scrypt;medium-of-exchange;layer-1;2017-2018-alt-season,HISTORICAL_APPROXIMATION,CMC snapshot tags vary by snapshot date (drift test: tags(2024)!=tags(2026)); taxonomy drift unverified,LTC,2023-05-12T00:00:00Z,False,LTC-USDT-SWAP,2019-11-12T11:16:48Z,SYMBOL_MATCH
2025-06-01,22,DOT,Polkadot,6636,polkadot-new,4.06427167,6434482170,126721689.3,1583182102,2020-08-19T00:00:00.000Z,23,defi;substrate;polkadot;polkadot-ecosystem;three-arrows-capital-portfolio;polychain-capital-portfolio,HISTORICAL_APPROXIMATION,CMC snapshot tags vary by snapshot date (drift test: tags(2024)!=tags(2026)); taxonomy drift unverified,DOT,2023-09-12T12:00:00Z,False,DOT-USDT-SWAP,2020-08-25T10:12:51Z,SYMBOL_MATCH
2025-06-01,23,XMR,Monero,328,monero,348.7095972,6432556696,80350782.72,18446744.07,2014-05-21T00:00:00.000Z,10,mineable;pow;medium-of-exchange;privacy;ringct;boostvc-portfolio,HISTORICAL_APPROXIMATION,CMC snapshot tags vary by snapshot date (drift test: tags(2024)!=tags(2026)); taxonomy drift unverified,XMR,2026-01-15T09:00:00Z,False,,,SYMBOL_MATCH
2025-06-01,24,BGB,Bitget Token,11092,bitget-token-new,4.7916057,5606145559,55109735.86,1169993089,2021-07-29T00:00:00.000Z,2,centralized-exchange;ethereum-ecosystem,HISTORICAL_APPROXIMATION,CMC snapshot tags vary by snapshot date (drift test: tags(2024)!=tags(2026)); taxonomy drift unverified,,,,,,NONE
2025-06-01,25,USDe,Ethena USDe,29470,ethena-usde,1.00116265,5464333904,87196739.53,5457988167,2024-02-20T11:05:01.000Z,7,stablecoin;asset-backed-stablecoin;binance-labs-portfolio;dragonfly-capital-portfolio;usd-stablecoin;eigenlayer-ecosystem,HISTORICAL_APPROXIMATION,CMC snapshot tags vary by snapshot date (drift test: tags(2024)!=tags(2026)); taxonomy drift unverified,,,,,,NONE
2025-06-01,26,DAI,Dai,4943,multi-collateral-dai,0.99983543,5364499740,1.799916145e+10,5365382703,2019-11-22T00:00:00.000Z,4,defi;stablecoin;asset-backed-stablecoin;usd-stablecoin,HISTORICAL_APPROXIMATION,CMC snapshot tags vary by snapshot date (drift test: tags(2024)!=tags(2026)); taxonomy drift unverified,,,,,,NONE
2025-06-01,27,PEPE,Pepe,24478,pepe,1.18e-05,4964644334,715511443,4.206898997e+14,2023-04-17T06:18:08.000Z,2,memes;ethereum-ecosystem,HISTORICAL_APPROXIMATION,CMC snapshot tags vary by snapshot date (drift test: tags(2024)!=tags(2026)); taxonomy drift unverified,,,,PEPE-USDT-SWAP,2023-05-03T03:55:01Z,SYMBOL_MATCH
2025-06-01,28,PI,Pi,35697,pi,0.64684301,4704315264,99913186.28,7272731080,2025-02-11T07:16:10.000Z,2,layer-1;mobile-mining,HISTORICAL_APPROXIMATION,CMC snapshot tags vary by snapshot date (drift test: tags(2024)!=tags(2026)); taxonomy drift unverified,,,,PI-USDT-SWAP,2025-02-20T09:00:00Z,SYMBOL_MATCH
2025-06-01,29,UNI,Uniswap,7083,uniswap,6.30341785,3962888434,320422676,628688836.7,2020-09-17T00:00:00.000Z,28,decentralized-exchange-dex-token;defi;dao;ethereum-ecosystem;yield-farming;amm,HISTORICAL_APPROXIMATION,CMC snapshot tags vary by snapshot date (drift test: tags(2024)!=tags(2026)); taxonomy drift unverified,UNI,2023-08-11T23:00:00Z,False,UNI-USDT-SWAP,2020-09-17T04:30:00Z,SYMBOL_MATCH
2025-06-01,30,AAVE,Aave,7278,aave,246.0038652,3727473739,317443578.9,15152094.2,2020-10-02T00:00:00.000Z,25,defi;dao;ethereum-ecosystem;yield-farming;three-arrows-capital-portfolio;governance,HISTORICAL_APPROXIMATION,CMC snapshot tags vary by snapshot date (drift test: tags(2024)!=tags(2026)); taxonomy drift unverified,AAVE,2023-07-18T00:00:00Z,False,AAVE-USDT-SWAP,2020-12-10T06:00:00Z,SYMBOL_MATCH
2025-06-01,31,TAO,Bittensor,22974,bittensor,413.6187305,3622260655,123552457.7,8757487,2023-03-06T05:20:00.000Z,11,ai-big-data;distributed-computing;oracles;dao;polychain-capital-portfolio;dcg-portfolio,HISTORICAL_APPROXIMATION,CMC snapshot tags vary by snapshot date (drift test: tags(2024)!=tags(2026)); taxonomy drift unverified,TAO,2024-02-19T14:00:00Z,False,TAO-USDT-SWAP,2024-09-20T05:00:00Z,SYMBOL_MATCH
2025-06-01,32,APT,Aptos,21794,aptos,4.80817687,3032185564,99831947.1,630631036.5,2022-10-19T01:50:25.000Z,7,binance-labs-portfolio;circle-ventures-portfolio;layer-1;ftx-bankruptcy-estate;move-vm;made-in-america,HISTORICAL_APPROXIMATION,CMC snapshot tags vary by snapshot date (drift test: tags(2024)!=tags(2026)); taxonomy drift unverified,APT,2023-06-30T03:00:00Z,False,APT-USDT-SWAP,2022-10-19T01:18:48Z,SYMBOL_MATCH
2025-06-01,33,OKB,OKB,3897,okb,50.10674781,3006404869,5165466.89,60000000,2019-04-30T00:00:00.000Z,7,marketplace;centralized-exchange;discount-token;ethereum-ecosystem;alameda-research-portfolio;x1-ecosystem,HISTORICAL_APPROXIMATION,CMC snapshot tags vary by snapshot date (drift test: tags(2024)!=tags(2026)); taxonomy drift unverified,,,,OKB-USDT-SWAP,2025-09-04T02:00:00Z,SYMBOL_MATCH
2025-06-01,34,NEAR,NEAR Protocol,6535,near-protocol,2.46124847,3002850704,135913870.9,1220051831,2020-08-11T00:00:00.000Z,20,platform;ai-big-data;staking;coinbase-ventures-portfolio;three-arrows-capital-portfolio;arrington-xrp-capital-portfolio,HISTORICAL_APPROXIMATION,CMC snapshot tags vary by snapshot date (drift test: tags(2024)!=tags(2026)); taxonomy drift unverified,NEAR,2023-11-01T17:00:00Z,False,NEAR-USDT-SWAP,2020-12-21T10:00:00Z,SYMBOL_MATCH
2025-06-01,35,CRO,Cronos,3635,cronos,0.10583572,2812220296,42539210.95,2.65715607e+10,2018-12-14T00:00:00.000Z,5,medium-of-exchange;centralized-exchange;mobile;payments;layer-1,HISTORICAL_APPROXIMATION,CMC snapshot tags vary by snapshot date (drift test: tags(2024)!=tags(2026)); taxonomy drift unverified,,,,CRO-USDT-SWAP,2021-04-08T09:00:00Z,SYMBOL_MATCH
2025-06-01,36,ONDO,Ondo,21159,ondo-finance,0.84380696,2665676933,76485274.8,3159107529,2024-01-18T12:06:25.000Z,5,ethereum-ecosystem;real-world-assets;cmc-crypto-yearbook-2024-2025;made-in-america;world-liberty-financial-portfolio,HISTORICAL_APPROXIMATION,CMC snapshot tags vary by snapshot date (drift test: tags(2024)!=tags(2026)); taxonomy drift unverified,ONDO,2024-01-20T15:00:00Z,False,ONDO-USDT-SWAP,2024-08-06T10:30:03Z,SYMBOL_MATCH
2025-06-01,37,ICP,Internet Computer,8916,internet-computer,4.93805466,2635526881,52664429.24,533717640.5,2021-03-23T00:00:00.000Z,15,platform;ai-big-data;smart-contracts;polychain-capital-portfolio;electric-capital-portfolio;fenbushi-capital-portfolio,HISTORICAL_APPROXIMATION,CMC snapshot tags vary by snapshot date (drift test: tags(2024)!=tags(2026)); taxonomy drift unverified,ICP,2025-11-08T04:00:00Z,False,ICP-USDT-SWAP,2021-05-14T09:00:00Z,SYMBOL_MATCH
2025-06-01,38,ETC,Ethereum Classic,1321,ethereum-classic,17.09008733,2600249970,66570141.61,152149601.1,2016-07-24T00:00:00.000Z,9,mineable;pow;ethash;platform;smart-contracts;dcg-portfolio,HISTORICAL_APPROXIMATION,CMC snapshot tags vary by snapshot date (drift test: tags(2024)!=tags(2026)); taxonomy drift unverified,ETC,2024-01-12T01:00:00Z,False,ETC-USDT-SWAP,2019-11-12T11:16:48Z,SYMBOL_MATCH
2025-06-01,39,GT,GateToken,4269,gatetoken,19.27673878,2369315298,7106320.72,122910588,2019-08-20T00:00:00.000Z,6,marketplace;centralized-exchange;discount-token;ethereum-ecosystem;solana-ecosystem;ftx-bankruptcy-estate,HISTORICAL_APPROXIMATION,CMC snapshot tags vary by snapshot date (drift test: tags(2024)!=tags(2026)); taxonomy drift unverified,,,,,,NONE
2025-06-01,40,KAS,Kaspa,20396,kaspa,0.08858326,2325803918,53693481.32,2.625556795e+10,2022-06-01T00:03:58.000Z,7,mineable;dag;pow;store-of-value;polychain-capital-portfolio;layer-1,HISTORICAL_APPROXIMATION,CMC snapshot tags vary by snapshot date (drift test: tags(2024)!=tags(2026)); taxonomy drift unverified,KAS,2023-10-12T18:00:00Z,False,,,SYMBOL_MATCH
2025-06-01,41,MNT,Mantle,27075,mantle,0.68436895,2302692375,117377663.2,3364694383,2023-07-17T11:00:31.000Z,3,ethereum-ecosystem;layer-2;dwf-labs-portfolio,HISTORICAL_APPROXIMATION,CMC snapshot tags vary by snapshot date (drift test: tags(2024)!=tags(2026)); taxonomy drift unverified,MNT,2024-04-05T02:00:00Z,False,,,SYMBOL_MATCH
2025-06-01,42,TRUMP,OFFICIAL TRUMP,35336,official-trump,11.37420628,2274834151,254358021.1,199999375.3,2025-01-18T04:19:35.000Z,6,memes;solana-ecosystem;political-memes;celebrity-memes;made-in-america;moonshot,HISTORICAL_APPROXIMATION,CMC snapshot tags vary by snapshot date (drift test: tags(2024)!=tags(2026)); taxonomy drift unverified,TRUMP,2025-01-18T06:00:00Z,False,TRUMP-USDT-SWAP,2025-01-19T05:30:04Z,SYMBOL_MATCH
2025-06-01,43,POL,POL (prev. MATIC),28321,polygon-ecosystem-token,0.21502615,2243525455,81427992.38,1.043373327e+10,2023-10-30T14:43:57.000Z,3,ethereum-ecosystem;layer-2;polygon-ecosystem,HISTORICAL_APPROXIMATION,CMC snapshot tags vary by snapshot date (drift test: tags(2024)!=tags(2026)); taxonomy drift unverified,POL,2024-09-17T07:00:00Z,False,POL-USDT-SWAP,2024-09-24T08:30:00Z,SYMBOL_MATCH
2025-06-01,44,USD1,World Liberty Financial USD,36148,usd1,0.99960959,2165746156,300432395.3,2166592011,2025-04-13T05:37:56.000Z,4,stablecoin;usd-stablecoin;made-in-america;world-liberty-financial-portfolio,HISTORICAL_APPROXIMATION,CMC snapshot tags vary by snapshot date (drift test: tags(2024)!=tags(2026)); taxonomy drift unverified,,,,,,NONE
2025-06-01,45,VET,VeChain,3077,vechain,0.02431868,2091042418,28973171.14,8.598504118e+10,2017-08-22T00:00:00.000Z,7,logistics;data-provenance;iot;smart-contracts;fenbushi-capital-portfolio;real-world-assets,HISTORICAL_APPROXIMATION,CMC snapshot tags vary by snapshot date (drift test: tags(2024)!=tags(2026)); taxonomy drift unverified,,,,,,NONE
2025-06-01,46,RENDER,Render,5690,render,3.92395491,2032192027,71492951.22,517893827.1,2020-06-11T00:00:00.000Z,21,art;media;vr-ar;ai-big-data;distributed-computing;collectibles-nfts,HISTORICAL_APPROXIMATION,CMC snapshot tags vary by snapshot date (drift test: tags(2024)!=tags(2026)); taxonomy drift unverified,RENDER,2024-07-31T11:00:00Z,False,RENDER-USDT-SWAP,2024-08-08T08:30:00Z,SYMBOL_MATCH
2025-06-01,47,FET,Artificial Superintelligence Alliance,3773,artificial-superintelligence-alliance,0.76037506,1821118098,103708673.4,2395026071,2019-03-02T00:00:00.000Z,13,cosmos-ecosystem;ai-big-data;collectibles-nfts;iot;ethereum-ecosystem;binance-launchpad,HISTORICAL_APPROXIMATION,CMC snapshot tags vary by snapshot date (drift test: tags(2024)!=tags(2026)); taxonomy drift unverified,FET,2023-10-26T16:00:00Z,False,,,SYMBOL_MATCH
2025-06-01,48,ENA,Ethena,30171,ethena,0.31342559,1824234890,113886427.1,5820312500,2024-03-29T04:42:08.000Z,7,defi;ethereum-ecosystem;binance-labs-portfolio;okx-ventures-portfolio;cmc-crypto-yearbook-2024-2025;world-liberty-financial-portfolio,HISTORICAL_APPROXIMATION,CMC snapshot tags vary by snapshot date (drift test: tags(2024)!=tags(2026)); taxonomy drift unverified,ENA,2024-04-02T14:00:00Z,False,ENA-USDT-SWAP,2025-09-17T07:30:00Z,SYMBOL_MATCH
2025-06-01,49,WLD,Worldcoin,13502,worldcoin-org,1.16533042,1808058232,130283449.3,1551541258,2021-10-28T15:31:43.000Z,12,defi;privacy;zero-knowledge-proofs;identity;ethereum-ecosystem;governance,HISTORICAL_APPROXIMATION,CMC snapshot tags vary by snapshot date (drift test: tags(2024)!=tags(2026)); taxonomy drift unverified,WLD,2023-07-24T14:00:00Z,False,WLD-USDT-SWAP,2023-07-24T11:55:21Z,SYMBOL_MATCH
2025-06-01,50,FIL,Filecoin,2280,filecoin,2.5694868,1731560459,80627653.49,673893502,2017-12-13T00:00:00.000Z,20,mineable;ai-big-data;distributed-computing;filesharing;storage;polychain-capital-portfolio,HISTORICAL_APPROXIMATION,CMC snapshot tags vary by snapshot date (drift test: tags(2024)!=tags(2026)); taxonomy drift unverified,FIL,2023-11-14T04:00:00Z,False,FIL-USDT-SWAP,2019-08-10T10:12:51Z,SYMBOL_MATCH
2025-06-01,51,ATOM,Cosmos,3794,cosmos,4.36643504,1706988806,72267741.47,390934204,2019-03-14T00:00:00.000Z,19,platform;cosmos-ecosystem;communications-social-media;content-creation;defi;interoperability,HISTORICAL_APPROXIMATION,CMC snapshot tags vary by snapshot date (drift test: tags(2024)!=tags(2026)); taxonomy drift unverified,ATOM,2023-05-12T00:00:00Z,False,ATOM-USDT-SWAP,2019-11-12T11:16:48Z,SYMBOL_MATCH
2025-06-01,52,ALGO,Algorand,4030,algorand,0.19541489,1682485560,43666077.09,8609812451,2019-06-20T00:00:00.000Z,15,pos;platform;research;smart-contracts;algorand-ecosystem;arrington-xrp-capital-portfolio,HISTORICAL_APPROXIMATION,CMC snapshot tags vary by snapshot date (drift test: tags(2024)!=tags(2026)); taxonomy drift unverified,ALGO,2024-12-04T13:00:00Z,False,ALGO-USDT-SWAP,2020-04-21T10:12:51Z,SYMBOL_MATCH
2025-06-01,53,ARB,Arbitrum,11841,arbitrum,0.342082,1663133279,120477800.6,4861797072,2023-03-23T12:50:11.000Z,12,scaling;dao;dapp;ethereum-ecosystem;polychain-capital-portfolio;layer-2,HISTORICAL_APPROXIMATION,CMC snapshot tags vary by snapshot date (drift test: tags(2024)!=tags(2026)); taxonomy drift unverified,ARB,2023-05-12T00:00:00Z,False,ARB-USDT-SWAP,2023-03-23T14:01:34Z,SYMBOL_MATCH
2025-06-01,54,FDUSD,First Digital USD,26081,first-digital-usd,0.99853244,1656577589,2896126102,1659012288,2023-07-26T04:26:40.000Z,4,stablecoin;binance-smart-chain;usd-stablecoin;fiat-stablecoin,HISTORICAL_APPROXIMATION,CMC snapshot tags vary by snapshot date (drift test: tags(2024)!=tags(2026)); taxonomy drift unverified,,,,,,NONE
2025-06-01,55,JUP,Jupiter,29210,jupiter-ag,0.53297045,1572970502,36306081.84,2951327778,2024-01-31T08:38:13.000Z,7,decentralized-exchange-dex-token;defi;derivatives;amm;solana-ecosystem;cross-chain,HISTORICAL_APPROXIMATION,CMC snapshot tags vary by snapshot date (drift test: tags(2024)!=tags(2026)); taxonomy drift unverified,JUP,2023-12-03T01:00:00Z,False,JUP-USDT-SWAP,2024-01-31T16:05:00Z,SYMBOL_MATCH
2025-06-01,56,TIA,Celestia,22861,celestia,2.21872172,1457157660,56305616.12,656755484.9,2023-10-31T16:51:41.000Z,7,platform;cosmos-ecosystem;layer-1;modular-blockchain;egirl-capital-portfolio;data-availability,HISTORICAL_APPROXIMATION,CMC snapshot tags vary by snapshot date (drift test: tags(2024)!=tags(2026)); taxonomy drift unverified,TIA,2023-10-19T23:00:00Z,False,TIA-USDT-SWAP,2023-10-31T18:25:00Z,SYMBOL_MATCH
2025-06-01,57,SKY,Sky,33038,sky,0.06679208,1426219709,7322807.46,2.135312633e+10,2024-09-18T13:25:16.000Z,21,store-of-value;defi;dao;ethereum-ecosystem;polychain-capital-portfolio;governance,HISTORICAL_APPROXIMATION,CMC snapshot tags vary by snapshot date (drift test: tags(2024)!=tags(2026)); taxonomy drift unverified,SKY,2025-09-17T06:00:00Z,False,SKY-USDT-SWAP,2025-09-11T11:30:00Z,SYMBOL_MATCH
2025-06-01,58,KCS,KuCoin Token,2087,kucoin-token,11.32869133,1416120401,5162774.96,125002999.9,2017-10-24T00:00:00.000Z,4,marketplace;centralized-exchange;discount-token;ethereum-ecosystem,HISTORICAL_APPROXIMATION,CMC snapshot tags vary by snapshot date (drift test: tags(2024)!=tags(2026)); taxonomy drift unverified,,,,,,NONE
2025-06-01,59,VIRTUAL,Virtuals Protocol,29420,virtual-protocol,2.0708857,1355749410,281668375.4,654671289.8,2024-02-15T07:33:29.000Z,10,ai-big-data;gaming;ethereum-ecosystem;solana-ecosystem;metaverse;generative-ai,HISTORICAL_APPROXIMATION,CMC snapshot tags vary by snapshot date (drift test: tags(2024)!=tags(2026)); taxonomy drift unverified,VIRTUAL,2024-12-16T05:00:00Z,False,VIRTUAL-USDT-SWAP,2024-12-11T10:00:00Z,SYMBOL_MATCH
2025-06-01,60,BONK,Bonk,23095,bonk1,1.685e-05,1337617342,157660566.4,7.940637843e+13,2022-12-30T06:58:50.000Z,15,memes;ethereum-ecosystem;solana-ecosystem;polygon-ecosystem;doggone-doggerel;arbitrum-ecosystem,HISTORICAL_APPROXIMATION,CMC snapshot tags vary by snapshot date (drift test: tags(2024)!=tags(2026)); taxonomy drift unverified,,,,BONK-USDT-SWAP,2024-01-08T06:26:57Z,SYMBOL_MATCH
2025-06-01,61,QNT,Quant,3155,quant,106.454223,1285193943,18488816.5,12072738,2018-08-10T00:00:00.000Z,5,platform;defi;interoperability;ethereum-ecosystem;real-world-assets,HISTORICAL_APPROXIMATION,CMC snapshot tags vary by snapshot date (drift test: tags(2024)!=tags(2026)); taxonomy drift unverified,,,,QNT-USDT-SWAP,2026-06-05T10:30:00Z,SYMBOL_MATCH
2025-06-01,62,FLR,Flare,7950,flare,0.01906189,1248955584,21068504.46,6.552106675e+10,2020-12-11T00:00:00.000Z,2,layer-1;dwf-labs-portfolio,HISTORICAL_APPROXIMATION,CMC snapshot tags vary by snapshot date (drift test: tags(2024)!=tags(2026)); taxonomy drift unverified,,,,,,NONE
2025-06-01,63,INJ,Injective,7226,injective,12.13637037,1213284298,97059587.16,99970935.41,2020-09-29T00:00:00.000Z,16,pos;platform;ai-big-data;smart-contracts;cosmos;binance-smart-chain,HISTORICAL_APPROXIMATION,CMC snapshot tags vary by snapshot date (drift test: tags(2024)!=tags(2026)); taxonomy drift unverified,INJ,2023-05-12T00:00:00Z,False,INJ-USDT-SWAP,2023-11-30T11:55:00Z,SYMBOL_MATCH
2025-06-01,64,DEXE,DeXe,7326,dexe,14.2366929,1192087068,15667942.22,83733425.74,2020-10-07T00:00:00.000Z,6,asset-management;ai-big-data;defi;dao;ethereum-ecosystem;bnb-chain-ecosystem,HISTORICAL_APPROXIMATION,CMC snapshot tags vary by snapshot date (drift test: tags(2024)!=tags(2026)); taxonomy drift unverified,,,,,,NONE
2025-06-01,65,IP,Story,35626,story-protocol,4.1346911,1159348811,23835639.1,280395508,2025-02-06T07:02:40.000Z,4,ai-big-data;smart-contracts;layer-1;made-in-america,HISTORICAL_APPROXIMATION,CMC snapshot tags vary by snapshot date (drift test: tags(2024)!=tags(2026)); taxonomy drift unverified,IP,2025-02-13T10:00:00Z,True,,,SYMBOL_MATCH
2025-06-01,66,S,Sonic,32684,sonic,0.39875819,1148423601,63662091,2880000000,2025-01-03T14:11:26.000Z,4,staking;galaxy-digital-portfolio;layer-1;sonic-ecosystem,HISTORICAL_APPROXIMATION,CMC snapshot tags vary by snapshot date (drift test: tags(2024)!=tags(2026)); taxonomy drift unverified,S,2025-01-17T08:00:00Z,False,S-USDT-SWAP,2025-01-21T09:00:00Z,SYMBOL_MATCH
2025-06-01,67,STX,Stacks,4847,stacks,0.75084011,1147568153,24286806.23,1528378873,2019-10-28T00:00:00.000Z,18,mineable;platform;collectibles-nfts;gaming;smart-contracts;layer-2,HISTORICAL_APPROXIMATION,CMC snapshot tags vary by snapshot date (drift test: tags(2024)!=tags(2026)); taxonomy drift unverified,STX,2023-05-18T08:00:00Z,False,STX-USDT-SWAP,2023-02-21T08:55:58Z,SYMBOL_MATCH
2025-06-01,68,FARTCOIN,Fartcoin,33597,fartcoin,1.14810445,1148102451,110940024.7,999998256,2024-10-23T17:42:55.000Z,8,ai-big-data;memes;solana-ecosystem;ai-memes;pump-fun-ecosystem;terminal-of-truths,HISTORICAL_APPROXIMATION,CMC snapshot tags vary by snapshot date (drift test: tags(2024)!=tags(2026)); taxonomy drift unverified,FARTCOIN,2024-12-20T12:00:00Z,False,FARTCOIN-USDT-SWAP,2024-12-20T09:00:00Z,SYMBOL_MATCH
2025-06-01,69,OP,Optimism,11840,optimism-ethereum,0.6473516,1110149592,129499736.8,1714909778,2022-05-31T16:19:46.000Z,3,layer-2;optimism-ecosystem;made-in-america,HISTORICAL_APPROXIMATION,CMC snapshot tags vary by snapshot date (drift test: tags(2024)!=tags(2026)); taxonomy drift unverified,OP,2023-05-12T00:00:00Z,False,OP-USDT-SWAP,2022-06-01T03:55:17Z,SYMBOL_MATCH
2025-06-01,70,FORM,Four,23635,binaryx-new,2.85817489,1091443400,10919233.93,381867255.1,2023-02-22T12:30:00.000Z,3,gaming;binance-chain;bnb-chain-ecosystem,HISTORICAL_APPROXIMATION,CMC snapshot tags vary by snapshot date (drift test: tags(2024)!=tags(2026)); taxonomy drift unverified,,,,,,NONE
2025-06-01,71,SEI,Sei,23149,sei,0.19521324,1040893239,45401166.35,5332083333,2023-08-14T07:35:00.000Z,8,coinbase-ventures-portfolio;multicoin-capital-portfolio;layer-1;jump-crypto;sei-ecosystem;parallel-evm,HISTORICAL_APPROXIMATION,CMC snapshot tags vary by snapshot date (drift test: tags(2024)!=tags(2026)); taxonomy drift unverified,SEI,2023-08-15T13:00:00Z,False,SEI-USDT-SWAP,2025-11-14T07:30:01Z,SYMBOL_MATCH
2025-06-01,72,IMX,Immutable,10603,immutable-x,0.55371721,1019874683,25247539.85,1841869206,2021-06-24T00:00:00.000Z,11,collectibles-nfts;privacy;zero-knowledge-proofs;gaming;scaling;ethereum-ecosystem,HISTORICAL_APPROXIMATION,CMC snapshot tags vary by snapshot date (drift test: tags(2024)!=tags(2026)); taxonomy drift unverified,IMX,2023-11-17T16:00:00Z,False,IMX-USDT-SWAP,2021-11-18T06:50:22Z,SYMBOL_MATCH
2025-06-01,73,A,Vaulta,36462,vaulta,0.64650651,1014332066,76593640.05,1568943314,2025-05-28T09:48:03.000Z,10,medium-of-exchange;enterprise-solutions;defi;smart-contracts;eos-ecosystem;fenbushi-capital-portfolio,HISTORICAL_APPROXIMATION,CMC snapshot tags vary by snapshot date (drift test: tags(2024)!=tags(2026)); taxonomy drift unverified,,,,A-USDT-SWAP,2025-05-29T10:30:00Z,SYMBOL_MATCH
2025-06-01,74,XDC,XDC Network,2634,xdc-network,0.0615942,998806472.5,23925158.01,1.621591721e+10,2018-04-12T00:00:00.000Z,7,pos;enterprise-solutions;masternodes;smart-contracts;xdc-ecosystem;real-world-assets,HISTORICAL_APPROXIMATION,CMC snapshot tags vary by snapshot date (drift test: tags(2024)!=tags(2026)); taxonomy drift unverified,,,,,,NONE
2025-06-01,75,SPX,SPX6900,28081,spx6900,1.02366842,953028227,42418195.76,930993090.1,2023-08-17T10:00:00.000Z,6,memes;ethereum-ecosystem;solana-ecosystem;base-ecosystem;binance-alpha;binance-ecosystem,HISTORICAL_APPROXIMATION,CMC snapshot tags vary by snapshot date (drift test: tags(2024)!=tags(2026)); taxonomy drift unverified,SPX,2025-01-07T06:00:00Z,False,SPX-USDT-SWAP,2025-07-17T05:00:00Z,SYMBOL_MATCH
2025-06-01,76,GRT,The Graph,6719,the-graph,0.09608705,946477010.7,32737587.88,9850203366,2020-12-17T00:00:00.000Z,24,ai-big-data;enterprise-solutions;defi;ethereum-ecosystem;coinbase-ventures-portfolio;avalanche-ecosystem,HISTORICAL_APPROXIMATION,CMC snapshot tags vary by snapshot date (drift test: tags(2024)!=tags(2026)); taxonomy drift unverified,,,,GRT-USDT-SWAP,2020-12-20T10:00:00Z,SYMBOL_MATCH
2025-06-01,77,CRV,Curve DAO Token,6538,curve-dao-token,0.67963061,913001045.2,75576062.06,1343378344,2020-08-14T00:00:00.000Z,16,decentralized-exchange-dex-token;defi;dao;ethereum-ecosystem;yield-farming;amm,HISTORICAL_APPROXIMATION,CMC snapshot tags vary by snapshot date (drift test: tags(2024)!=tags(2026)); taxonomy drift unverified,CRV,2023-05-15T16:00:00Z,False,CRV-USDT-SWAP,2020-09-04T10:12:51Z,SYMBOL_MATCH
2025-06-01,78,PYUSD,PayPal USD,27772,paypal-usd,0.99939801,906061050.7,8145751.34,906606815,2023-08-21T14:30:00.000Z,4,stablecoin;asset-backed-stablecoin;usd-stablecoin;fiat-stablecoin,HISTORICAL_APPROXIMATION,CMC snapshot tags vary by snapshot date (drift test: tags(2024)!=tags(2026)); taxonomy drift unverified,,,,,,NONE
2025-06-01,79,ZEC,Zcash,1437,zcash,52.90829304,881017246.1,86120608.26,16651779.82,2016-10-29T00:00:00.000Z,19,mineable;pow;equihash;medium-of-exchange;privacy;zero-knowledge-proofs,HISTORICAL_APPROXIMATION,CMC snapshot tags vary by snapshot date (drift test: tags(2024)!=tags(2026)); taxonomy drift unverified,ZEC,2025-10-02T14:00:00Z,False,ZEC-USDT-SWAP,2025-11-06T03:15:00Z,SYMBOL_MATCH
2025-06-01,80,WIF,dogwifhat,28752,dogwifhat,0.87289424,871882238.3,231065680.9,998840635.2,2023-12-19T09:08:50.000Z,5,memes;solana-ecosystem;doggone-doggerel;animal-memes;cmc-crypto-yearbook-2024-2025,HISTORICAL_APPROXIMATION,CMC snapshot tags vary by snapshot date (drift test: tags(2024)!=tags(2026)); taxonomy drift unverified,WIF,2023-12-22T16:00:00Z,False,WIF-USDT-SWAP,2024-04-15T09:25:00Z,SYMBOL_MATCH
2025-06-01,81,FLOKI,FLOKI,10804,floki-inu,8.575e-05,825352213.8,90460226.31,9.624763131e+12,2021-07-09T00:00:00.000Z,12,defi;gaming;memes;ethereum-ecosystem;metaverse;doggone-doggerel,HISTORICAL_APPROXIMATION,CMC snapshot tags vary by snapshot date (drift test: tags(2024)!=tags(2026)); taxonomy drift unverified,,,,FLOKI-USDT-SWAP,2023-02-20T06:55:00Z,SYMBOL_MATCH
2025-06-01,82,XAUt,Tether Gold,5176,tether-gold,3313.67957,816901542.2,16436033.07,246524,2020-02-07T00:00:00.000Z,2,ethereum-ecosystem;tokenized-gold,HISTORICAL_APPROXIMATION,CMC snapshot tags vary by snapshot date (drift test: tags(2024)!=tags(2026)); taxonomy drift unverified,,,,,,NONE
2025-06-01,83,PAXG,PAX Gold,4705,pax-gold,3321.167658,796052602.2,22494835.33,239690.58,2019-09-26T00:00:00.000Z,3,ethereum-ecosystem;solana-ecosystem;tokenized-gold,HISTORICAL_APPROXIMATION,CMC snapshot tags vary by snapshot date (drift test: tags(2024)!=tags(2026)); taxonomy drift unverified,PAXG,2025-04-06T16:00:00Z,False,,,SYMBOL_MATCH
2025-06-01,84,NEXO,Nexo,2694,nexo,1.22154213,789294366.4,7129097.47,646145839.6,2018-05-01T00:00:00.000Z,6,services;payments;ethereum-ecosystem;polygon-ecosystem;cardano-ecosystem;alleged-sec-securities,HISTORICAL_APPROXIMATION,CMC snapshot tags vary by snapshot date (drift test: tags(2024)!=tags(2026)); taxonomy drift unverified,,,,,,NONE
2025-06-01,85,LDO,Lido DAO,8000,lido-dao,0.85502669,767353638.3,90690482.63,897461621.9,2020-12-15T00:00:00.000Z,13,defi;dao;ethereum-ecosystem;three-arrows-capital-portfolio;solana-ecosystem;paradigm-portfolio,HISTORICAL_APPROXIMATION,CMC snapshot tags vary by snapshot date (drift test: tags(2024)!=tags(2026)); taxonomy drift unverified,LDO,2023-05-16T00:00:00Z,False,LDO-USDT-SWAP,2023-02-02T07:02:49Z,SYMBOL_MATCH
2025-06-01,86,ENS,Ethereum Name Service,13855,ethereum-name-service,21.06121969,767524652.3,39552525.36,36442554.79,2021-11-09T01:31:29.000Z,5,dao;ethereum-ecosystem;governance;solana-ecosystem;web3,HISTORICAL_APPROXIMATION,CMC snapshot tags vary by snapshot date (drift test: tags(2024)!=tags(2026)); taxonomy drift unverified,ENS,2024-01-05T15:00:00Z,False,ENS-USDT-SWAP,2021-11-11T09:45:46Z,SYMBOL_MATCH
2025-06-01,87,THETA,Theta Network,2416,theta-network,0.76648367,766483674,13982886.5,1000000000,2018-01-17T00:00:00.000Z,16,media;vr-ar;communications-social-media;ai-big-data;distributed-computing;content-creation,HISTORICAL_APPROXIMATION,CMC snapshot tags vary by snapshot date (drift test: tags(2024)!=tags(2026)); taxonomy drift unverified,,,,THETA-USDT-SWAP,2020-04-21T10:12:51Z,SYMBOL_MATCH
2025-06-01,88,CAKE,PancakeSwap,7186,pancakeswap,2.3762791,765416536.4,81812989.32,322107170.4,2020-09-25T00:00:00.000Z,19,collectibles-nfts;decentralized-exchange-dex-token;defi;privacy;smart-contracts;ethereum-ecosystem,HISTORICAL_APPROXIMATION,CMC snapshot tags vary by snapshot date (drift test: tags(2024)!=tags(2026)); taxonomy drift unverified,CAKE,2023-12-30T15:00:00Z,False,,,SYMBOL_MATCH
2025-06-01,89,JASMY,JasmyCoin,8425,jasmy,0.01548511,765661458.2,20069463.52,4.944499968e+10,2021-02-11T00:00:00.000Z,3,iot;ethereum-ecosystem;dwf-labs-portfolio,HISTORICAL_APPROXIMATION,CMC snapshot tags vary by snapshot date (drift test: tags(2024)!=tags(2026)); taxonomy drift unverified,,,,,,NONE
2025-06-01,90,GALA,Gala,7080,gala,0.016903,755784432.9,60828895.55,4.471303271e+10,2020-09-16T00:00:00.000Z,8,collectibles-nfts;gaming;binance-smart-chain;polygon-ecosystem;play-to-earn;layer-1,HISTORICAL_APPROXIMATION,CMC snapshot tags vary by snapshot date (drift test: tags(2024)!=tags(2026)); taxonomy drift unverified,GALA,2023-12-05T20:00:00Z,False,GALA-USDT-SWAP,2021-09-24T10:03:09Z,SYMBOL_MATCH
2025-06-01,91,RAY,Raydium,8526,raydium,2.53484724,731516716.6,40740012.02,288584142.1,2021-02-19T00:00:00.000Z,6,decentralized-exchange-dex-token;defi;amm;dex;solana-ecosystem;petrock-capital-portfolio,HISTORICAL_APPROXIMATION,CMC snapshot tags vary by snapshot date (drift test: tags(2024)!=tags(2026)); taxonomy drift unverified,,,,RAY-USDT-SWAP,2024-03-12T10:25:00Z,SYMBOL_MATCH
2025-06-01,92,CORE,Core,23254,core-dao,0.70645738,708234843.9,15810012.38,1002516019,2023-02-08T12:26:11.000Z,1,layer-1,HISTORICAL_APPROXIMATION,CMC snapshot tags vary by snapshot date (drift test: tags(2024)!=tags(2026)); taxonomy drift unverified,,,,CORE-USDT-SWAP,2023-02-08T13:55:14Z,SYMBOL_MATCH
2025-06-01,93,IOTA,IOTA,1720,iota,0.18439338,701655116.7,14348193.51,3805207661,2017-06-13T00:00:00.000Z,11,dag;medium-of-exchange;communications-social-media;iot;sharing-economy;real-world-assets,HISTORICAL_APPROXIMATION,CMC snapshot tags vary by snapshot date (drift test: tags(2024)!=tags(2026)); taxonomy drift unverified,IOTA,2024-12-04T13:00:00Z,False,IOTA-USDT-SWAP,2020-04-21T10:12:51Z,SYMBOL_MATCH
2025-06-01,94,SAND,The Sandbox,6210,the-sandbox,0.27496879,697950312.4,46886716.86,2538289190,2020-08-05T00:00:00.000Z,12,communications-social-media;collectibles-nfts;content-creation;gaming;ethereum-ecosystem;binance-launchpad,HISTORICAL_APPROXIMATION,CMC snapshot tags vary by snapshot date (drift test: tags(2024)!=tags(2026)); taxonomy drift unverified,SAND,2024-12-04T13:00:00Z,False,SAND-USDT-SWAP,2021-04-02T09:00:00Z,SYMBOL_MATCH
2025-06-01,95,PYTH,Pyth Network,28177,pyth-network,0.12059333,693410021,23781896.44,5749986722,2023-11-20T09:42:13.000Z,5,defi;oracles;solana-ecosystem;cross-chain;cmc-crypto-yearbook-2024-2025,HISTORICAL_APPROXIMATION,CMC snapshot tags vary by snapshot date (drift test: tags(2024)!=tags(2026)); taxonomy drift unverified,PYTH,2023-11-14T23:00:00Z,False,PYTH-USDT-SWAP,2023-11-20T14:55:00Z,SYMBOL_MATCH
2025-06-01,96,PENGU,Pudgy Penguins,34466,pudgy-penguins,0.0108184,680048754.6,79146201.36,6.286039609e+10,2024-12-17T14:00:00.000Z,8,collectibles-nfts;memes;solana-ecosystem;animal-memes;ip-memes;made-in-america,HISTORICAL_APPROXIMATION,CMC snapshot tags vary by snapshot date (drift test: tags(2024)!=tags(2026)); taxonomy drift unverified,PENGU,2024-12-17T15:00:00Z,False,PENGU-USDT-SWAP,2024-12-17T15:55:02Z,SYMBOL_MATCH
2025-06-01,97,WAL,Walrus,36119,walrus-xyz,0.504779,680505185.3,21835217.86,1348125000,2025-03-26T06:11:29.000Z,4,storage;sui-ecosystem;depin;move-vm,HISTORICAL_APPROXIMATION,CMC snapshot tags vary by snapshot date (drift test: tags(2024)!=tags(2026)); taxonomy drift unverified,,,,WAL-USDT-SWAP,2025-05-08T07:00:00Z,SYMBOL_MATCH
2025-06-01,98,BTT,BitTorrent [New],16086,bittorrent-new,6.9e-07,680924992.7,15135759.45,9.860611429e+14,2019-01-31T00:00:00.000Z,16,platform;distributed-computing;defi;filesharing;interoperability;staking,HISTORICAL_APPROXIMATION,CMC snapshot tags vary by snapshot date (drift test: tags(2024)!=tags(2026)); taxonomy drift unverified,,,,,,NONE
2025-06-01,99,PENDLE,Pendle,9481,pendle,4.11510536,668587204.3,46476365.61,162471467,2021-04-29T00:00:00.000Z,11,defi;ethereum-ecosystem;olympus-pro-ecosystem;arbitrum-ecosystem;spartan-group;bitcoin-ecosystem,HISTORICAL_APPROXIMATION,CMC snapshot tags vary by snapshot date (drift test: tags(2024)!=tags(2026)); taxonomy drift unverified,PENDLE,2023-10-26T16:00:00Z,False,PENDLE-USDT-SWAP,2025-09-17T07:26:24Z,SYMBOL_MATCH
2025-06-01,100,BSV,Bitcoin SV,3602,bitcoin-sv,33.52943723,666333440,41009077.11,19873087.5,2018-11-09T00:00:00.000Z,8,mineable;pow;sha-256;medium-of-exchange;store-of-value;state-channel,HISTORICAL_APPROXIMATION,CMC snapshot tags vary by snapshot date (drift test: tags(2024)!=tags(2026)); taxonomy drift unverified,BSV,2023-10-20T04:00:00Z,False,,,SYMBOL_MATCH
2025-06-01,101,KAIA,Kaia,32880,kaia,0.10653238,642677317.1,7509182.27,6032694496,2024-10-29T05:17:50.000Z,4,platform;enterprise-solutions;layer-1;klaytn-ecosystem,HISTORICAL_APPROXIMATION,CMC snapshot tags vary by snapshot date (drift test: tags(2024)!=tags(2026)); taxonomy drift unverified,,,,,,NONE
2025-06-01,102,HNT,Helium,5665,helium,3.38128344,620214905.8,8028666.79,183425884.3,2020-06-05T00:00:00.000Z,10,mineable;enterprise-solutions;distributed-computing;iot;solana-ecosystem;usv-portfolio,HISTORICAL_APPROXIMATION,CMC snapshot tags vary by snapshot date (drift test: tags(2024)!=tags(2026)); taxonomy drift unverified,,,,,,NONE
2025-06-01,103,RUNE,THORChain,4157,thorchain,1.71139392,601482427.1,117431782,351457615,2019-07-23T00:00:00.000Z,7,cosmos-ecosystem;decentralized-exchange-dex-token;defi;dex;multicoin-capital-portfolio;exnetwork-capital-portfolio,HISTORICAL_APPROXIMATION,CMC snapshot tags vary by snapshot date (drift test: tags(2024)!=tags(2026)); taxonomy drift unverified,RUNE,2023-08-15T14:00:00Z,False,,,SYMBOL_MATCH
2025-06-01,104,XTZ,Tezos,2011,tezos,0.57091737,596976120.9,13606370.67,1045643652,2017-10-06T00:00:00.000Z,12,pos;platform;enterprise-solutions;collectibles-nfts;smart-contracts;polychain-capital-portfolio,HISTORICAL_APPROXIMATION,CMC snapshot tags vary by snapshot date (drift test: tags(2024)!=tags(2026)); taxonomy drift unverified,,,,XTZ-USDT-SWAP,2020-04-21T10:12:51Z,SYMBOL_MATCH
2025-06-01,105,ZKJ,Polyhedra Network,29779,polyhedra-network,2.0091456,588400612.5,6724520644,292861111,2024-03-19T09:05:12.000Z,12,defi;interoperability;ethereum-ecosystem;polychain-capital-portfolio;binance-labs-portfolio;hashkey-capital-portfolio,HISTORICAL_APPROXIMATION,CMC snapshot tags vary by snapshot date (drift test: tags(2024)!=tags(2026)); taxonomy drift unverified,,,,,,NONE
2025-06-01,106,FLOW,Flow,4558,flow,0.36494036,578749924.8,21470176.96,1585875375,2021-01-27T00:00:00.000Z,12,platform;collectibles-nfts;staking;coinbase-ventures-portfolio;coinfund-portfolio;dcg-portfolio,HISTORICAL_APPROXIMATION,CMC snapshot tags vary by snapshot date (drift test: tags(2024)!=tags(2026)); taxonomy drift unverified,,,,FLOW-USDT-SWAP,2023-11-07T09:55:00Z,SYMBOL_MATCH
2025-06-01,107,JTO,Jito,28541,jito,1.70993522,572318671.2,18008087.6,334701961.8,2023-12-07T16:04:41.000Z,6,defi;staking;dao;solana-ecosystem;liquid-staking-derivatives;cmc-crypto-yearbook-2024-2025,HISTORICAL_APPROXIMATION,CMC snapshot tags vary by snapshot date (drift test: tags(2024)!=tags(2026)); taxonomy drift unverified,JTO,2023-12-07T17:00:00Z,False,JTO-USDT-SWAP,2024-01-08T06:55:00Z,SYMBOL_MATCH
2025-06-01,108,MANA,Decentraland,1966,decentraland,0.27673664,545096193.8,24193327.4,1969729010,2017-09-17T00:00:00.000Z,16,platform;collectibles-nfts;gaming;payments;ethereum-ecosystem;solana-ecosystem,HISTORICAL_APPROXIMATION,CMC snapshot tags vary by snapshot date (drift test: tags(2024)!=tags(2026)); taxonomy drift unverified,,,,MANA-USDT-SWAP,2021-03-12T09:00:00Z,SYMBOL_MATCH
2025-06-01,109,ZBCN,Zebec Network,30636,zebec-network,0.00678309,537060568.2,90299041.18,7.917633271e+10,2024-04-15T04:07:21.000Z,6,defi;payments;solana-ecosystem;real-world-assets;depin;made-in-america,HISTORICAL_APPROXIMATION,CMC snapshot tags vary by snapshot date (drift test: tags(2024)!=tags(2026)); taxonomy drift unverified,,,,,,NONE
2025-06-01,110,BRETT,Brett (Based),29743,based-brett,0.05460178,541116503.1,38715783.05,9910236395,2024-03-11T07:58:23.000Z,2,memes;base-ecosystem,HISTORICAL_APPROXIMATION,CMC snapshot tags vary by snapshot date (drift test: tags(2024)!=tags(2026)); taxonomy drift unverified,BRETT,2024-06-11T13:00:00Z,False,BRETT-USDT-SWAP,2024-09-06T10:15:01Z,SYMBOL_MATCH
2025-06-01,111,XCN,Onyxcoin,18679,onyxcoin,0.01571965,526888111.9,18965558.26,3.351779154e+10,2022-03-09T16:10:43.000Z,2,layer-1;made-in-america,HISTORICAL_APPROXIMATION,CMC snapshot tags vary by snapshot date (drift test: tags(2024)!=tags(2026)); taxonomy drift unverified,,,,,,NONE
2025-06-01,112,AB,AB,3871,newton,0.00821281,501019158.7,34634159.04,6.100460402e+10,2019-04-17T00:00:00.000Z,3,mineable;marketplace;enterprise-solutions,HISTORICAL_APPROXIMATION,CMC snapshot tags vary by snapshot date (drift test: tags(2024)!=tags(2026)); taxonomy drift unverified,,,,,,NONE
2025-06-01,113,DEEP,DeepBook Protocol,33391,deepbook-protocol,0.15304142,496466364.3,16891562.07,3244000000,2024-10-10T05:43:32.000Z,4,decentralized-exchange-dex-token;defi;sui-ecosystem;move-vm,HISTORICAL_APPROXIMATION,CMC snapshot tags vary by snapshot date (drift test: tags(2024)!=tags(2026)); taxonomy drift unverified,,,,,,NONE
2025-06-01,114,TUSD,TrueUSD,2563,trueusd,0.99843394,494740077.6,52210703.27,495516083,2018-03-06T00:00:00.000Z,6,store-of-value;stablecoin;asset-backed-stablecoin;usd-stablecoin;fiat-stablecoin;tron20-ecosystem,HISTORICAL_APPROXIMATION,CMC snapshot tags vary by snapshot date (drift test: tags(2024)!=tags(2026)); taxonomy drift unverified,,,,,,NONE
2025-06-01,115,APE,ApeCoin,18876,apecoin-ape,0.64455085,485122174.1,46945205.41,752651515,2022-03-17T12:26:36.000Z,12,communications-social-media;collectibles-nfts;content-creation;gaming;entertainment;memes,HISTORICAL_APPROXIMATION,CMC snapshot tags vary by snapshot date (drift test: tags(2024)!=tags(2026)); taxonomy drift unverified,APE,2023-05-12T00:00:00Z,False,APE-USDT-SWAP,2022-03-17T13:00:59Z,SYMBOL_MATCH
2025-06-01,116,KAITO,KAITO,35763,kaito,2.02545839,488923150.5,101743842.6,241388889,2025-02-14T13:09:33.000Z,10,communications-social-media;ai-big-data;social-token;governance;dragonfly-capital-portfolio;hashkey-capital-portfolio,HISTORICAL_APPROXIMATION,CMC snapshot tags vary by snapshot date (drift test: tags(2024)!=tags(2026)); taxonomy drift unverified,KAITO,2025-02-20T14:00:00Z,False,KAITO-USDT-SWAP,2025-02-20T14:00:00Z,SYMBOL_MATCH
2025-06-01,117,DOG,Dog (Bitcoin),30933,dog-go-to-the-moon-rune,0.00470073,470072633.2,15779183.26,1e+11,2024-04-26T04:38:28.000Z,7,memes;solana-ecosystem;doggone-doggerel;bitcoin-ecosystem;runes;animal-memes,HISTORICAL_APPROXIMATION,CMC snapshot tags vary by snapshot date (drift test: tags(2024)!=tags(2026)); taxonomy drift unverified,,,,,,NONE
2025-06-01,118,STRK,Starknet,22691,starknet-token,0.1374309,460609033,20671456.25,3351568214,2024-02-20T12:19:19.000Z,8,privacy;zero-knowledge-proofs;dapp;ethereum-ecosystem;layer-2;rollups,HISTORICAL_APPROXIMATION,CMC snapshot tags vary by snapshot date (drift test: tags(2024)!=tags(2026)); taxonomy drift unverified,STRK,2024-02-14T15:00:00Z,False,STRK-USDT-SWAP,2024-02-20T12:55:00Z,SYMBOL_MATCH
2025-06-01,119,AIOZ,AIOZ Network,9104,aioz-network,0.38806759,457939819.1,9726926.01,1180051711,2021-04-02T00:00:00.000Z,12,media;platform;ai-big-data;distributed-computing;smart-contracts;video,HISTORICAL_APPROXIMATION,CMC snapshot tags vary by snapshot date (drift test: tags(2024)!=tags(2026)); taxonomy drift unverified,,,,,,NONE
2025-06-01,120,KAVA,Kava,4846,kava,0.41340216,447653926.6,10313922.6,1082853386,2019-10-25T00:00:00.000Z,12,platform;binance-launchpad;binance-labs-portfolio;lending-borowing;arrington-xrp-capital-portfolio;framework-ventures-portfolio,HISTORICAL_APPROXIMATION,CMC snapshot tags vary by snapshot date (drift test: tags(2024)!=tags(2026)); taxonomy drift unverified,,,,,,NONE
2025-06-01,121,AERO,Aerodrome Finance,29270,aerodrome-finance,0.53760047,444186815.1,19660397.46,826239628.8,2024-02-02T07:15:19.000Z,6,defi;amm;base-ecosystem;binance-alpha;made-in-america;binance-ecosystem,HISTORICAL_APPROXIMATION,CMC snapshot tags vary by snapshot date (drift test: tags(2024)!=tags(2026)); taxonomy drift unverified,AERO,2025-11-11T07:00:00Z,False,AERO-USDT-SWAP,2025-07-03T06:15:00Z,SYMBOL_MATCH
2025-06-01,122,DYDX,dYdX,28324,dydx-chain,0.56062955,440110913.9,16201962.63,785029820.1,2021-08-03T00:00:00.000Z,3,decentralized-exchange-dex-token;layer-1;made-in-america,HISTORICAL_APPROXIMATION,CMC snapshot tags vary by snapshot date (drift test: tags(2024)!=tags(2026)); taxonomy drift unverified,DYDX,2023-05-12T00:00:00Z,False,DYDX-USDT-SWAP,2021-09-08T16:11:50Z,SYMBOL_MATCH
2025-06-01,123,GRASS,Grass,32956,grass,1.79358373,437464203,27844430.06,243905091,2024-10-28T05:31:00.000Z,5,ai-big-data;solana-ecosystem;depin;binance-alpha;binance-ecosystem,HISTORICAL_APPROXIMATION,CMC snapshot tags vary by snapshot date (drift test: tags(2024)!=tags(2026)); taxonomy drift unverified,GRASS,2024-10-28T15:00:00Z,False,GRASS-USDT-SWAP,2024-10-28T14:30:00Z,SYMBOL_MATCH
2025-06-01,124,EGLD,MultiversX,6892,multiversx-egld,15.61853513,441684233.7,11978498.09,28279491.64,2020-09-04T00:00:00.000Z,23,pos;enterprise-solutions;distributed-computing;loyalty;gaming;identity,HISTORICAL_APPROXIMATION,CMC snapshot tags vary by snapshot date (drift test: tags(2024)!=tags(2026)); taxonomy drift unverified,,,,EGLD-USDT-SWAP,2020-12-22T07:00:00Z,SYMBOL_MATCH
2025-06-01,125,ATH,Aethir,30083,aethir,0.04770452,433380065.9,32538900.6,9084674961,2024-06-12T13:27:01.000Z,9,ai-big-data;distributed-computing;ethereum-ecosystem;solana-ecosystem;arbitrum-ecosystem;depin,HISTORICAL_APPROXIMATION,CMC snapshot tags vary by snapshot date (drift test: tags(2024)!=tags(2026)); taxonomy drift unverified,,,,ATH-USDT-SWAP,2024-06-13T03:55:00Z,SYMBOL_MATCH
2025-06-01,126,XEC,eCash,10791,ecash,2.164e-05,430013650,10407243.97,1.98731453e+13,2021-07-08T00:00:00.000Z,1,layer-1,HISTORICAL_APPROXIMATION,CMC snapshot tags vary by snapshot date (drift test: tags(2024)!=tags(2026)); taxonomy drift unverified,,,,,,NONE
2025-06-01,127,AR,Arweave,5632,arweave,6.52635494,428471295.6,18803591.83,65652466,2020-05-27T00:00:00.000Z,14,distributed-computing;filesharing;storage;coinbase-ventures-portfolio;solana-ecosystem;arrington-xrp-capital-portfolio,HISTORICAL_APPROXIMATION,CMC snapshot tags vary by snapshot date (drift test: tags(2024)!=tags(2026)); taxonomy drift unverified,AR,2024-02-28T05:00:00Z,False,AR-USDT-SWAP,2023-02-14T06:55:00Z,SYMBOL_MATCH
2025-06-01,128,NFT,APENFT,9816,apenft,4.2e-07,423966962.3,19242389.85,9.9999e+14,2021-05-14T00:00:00.000Z,6,art;collectibles-nfts;ethereum-ecosystem;tron-ecosystem;heco-ecosystem;tron20-ecosystem,HISTORICAL_APPROXIMATION,CMC snapshot tags vary by snapshot date (drift test: tags(2024)!=tags(2026)); taxonomy drift unverified,,,,,,NONE
2025-06-01,129,RSR,Reserve Rights,3964,reserve-rights,0.00732272,421663180.7,10406800.55,5.758282347e+10,2019-05-24T00:00:00.000Z,9,store-of-value;defi;ethereum-ecosystem;coinbase-ventures-portfolio;dcg-portfolio;bitcoin-ecosystem,HISTORICAL_APPROXIMATION,CMC snapshot tags vary by snapshot date (drift test: tags(2024)!=tags(2026)); taxonomy drift unverified,RSR,2023-12-05T20:00:00Z,False,RSR-USDT-SWAP,2020-09-09T10:12:51Z,SYMBOL_MATCH
2025-06-01,130,NEO,Neo,1376,neo,5.97671601,421590560.5,26716660.18,70538831,2016-09-08T00:00:00.000Z,5,platform;enterprise-solutions;defi;smart-contracts;2017-2018-alt-season,HISTORICAL_APPROXIMATION,CMC snapshot tags vary by snapshot date (drift test: tags(2024)!=tags(2026)); taxonomy drift unverified,NEO,2023-11-09T15:00:00Z,False,NEO-USDT-SWAP,2020-02-28T11:16:48Z,SYMBOL_MATCH
2025-06-01,131,EIGEN,EigenLayer,30494,eigenlayer,1.38150777,420226384.4,83868885.84,304179530.8,2024-07-04T15:49:12.000Z,5,defi;ethereum-ecosystem;restaking;cmc-crypto-yearbook-2024-2025;made-in-america,HISTORICAL_APPROXIMATION,CMC snapshot tags vary by snapshot date (drift test: tags(2024)!=tags(2026)); taxonomy drift unverified,EIGEN,2024-04-30T04:00:00Z,False,EIGEN-USDT-SWAP,2024-10-01T06:30:00Z,SYMBOL_MATCH
2025-06-01,132,AXS,Axie Infinity,6783,axie-infinity,2.56229619,414148582.9,13460576.55,161631814.4,2020-08-31T00:00:00.000Z,13,collectibles-nfts;gaming;ethereum-ecosystem;binance-launchpad;solana-ecosystem;metaverse,HISTORICAL_APPROXIMATION,CMC snapshot tags vary by snapshot date (drift test: tags(2024)!=tags(2026)); taxonomy drift unverified,AXS,2026-01-18T04:00:00Z,False,AXS-USDT-SWAP,2021-07-28T09:00:00Z,SYMBOL_MATCH
2025-06-01,133,SUPER,SuperVerse,8290,superverse,0.68917209,407814790.2,11181218.37,591745942.4,2021-01-20T00:00:00.000Z,12,collectibles-nfts;defi;gaming;ethereum-ecosystem;launchpad;polkastarter,HISTORICAL_APPROXIMATION,CMC snapshot tags vary by snapshot date (drift test: tags(2024)!=tags(2026)); taxonomy drift unverified,SUPER,2023-11-26T18:00:00Z,False,,,SYMBOL_MATCH
2025-06-01,134,SYRUP,Maple Finance,33824,maple-finance,0.35698151,395885464.6,52989869.22,1108980318,2024-11-06T06:16:40.000Z,7,defi;dao;ethereum-ecosystem;framework-ventures-portfolio;real-world-assets;circle-ventures-portfolio,HISTORICAL_APPROXIMATION,CMC snapshot tags vary by snapshot date (drift test: tags(2024)!=tags(2026)); taxonomy drift unverified,SYRUP,2025-06-26T06:00:00Z,False,SYRUP-USDT-SWAP,2025-07-03T06:30:00Z,SYMBOL_MATCH
2025-06-01,135,RON,Ronin,14101,ronin,0.60294549,394470868,4303072.23,654239688,2021-11-08T17:57:40.000Z,5,platform;gaming;staking;layer-1;ronin-ecosystem,HISTORICAL_APPROXIMATION,CMC snapshot tags vary by snapshot date (drift test: tags(2024)!=tags(2026)); taxonomy drift unverified,,,,,,NONE
2025-06-01,136,CFX,Conflux,7334,conflux-network,0.07719153,391791307.7,20326106.81,5075573654,2020-11-11T00:00:00.000Z,14,mineable;pow;platform;collectibles-nfts;defi;payments,HISTORICAL_APPROXIMATION,CMC snapshot tags vary by snapshot date (drift test: tags(2024)!=tags(2026)); taxonomy drift unverified,CFX,2023-05-25T00:00:00Z,False,CFX-USDT-SWAP,2021-03-12T09:00:00Z,SYMBOL_MATCH
2025-06-01,137,ETHFI,ether.fi,29814,ether-fi-ethfi,1.16701238,382552012.7,122772561.3,327804589,2024-03-13T06:06:39.000Z,8,defi;staking;ethereum-ecosystem;binance-launchpool;arbitrum-ecosystem;eigenlayer-ecosystem,HISTORICAL_APPROXIMATION,CMC snapshot tags vary by snapshot date (drift test: tags(2024)!=tags(2026)); taxonomy drift unverified,ETHFI,2024-03-21T01:00:00Z,False,ETHFI-USDT-SWAP,2024-03-18T12:25:00Z,SYMBOL_MATCH
2025-06-01,138,CHZ,Chiliz,4066,chiliz,0.03956192,381048173.2,19068735.77,9631690336,2019-07-01T00:00:00.000Z,7,sports;communications-social-media;collectibles-nfts;content-creation;payments;layer-1,HISTORICAL_APPROXIMATION,CMC snapshot tags vary by snapshot date (drift test: tags(2024)!=tags(2026)); taxonomy drift unverified,,,,CHZ-USDT-SWAP,2021-03-12T09:00:00Z,SYMBOL_MATCH
2025-06-01,139,W,Wormhole,29587,wormhole,0.08166882,376288510.7,28724456.16,4607492679,2024-03-29T04:25:44.000Z,17,collectibles-nfts;defi;interoperability;dao;ethereum-ecosystem;coinbase-ventures-portfolio,HISTORICAL_APPROXIMATION,CMC snapshot tags vary by snapshot date (drift test: tags(2024)!=tags(2026)); taxonomy drift unverified,W,2024-02-07T18:00:00Z,False,W-USDT-SWAP,2024-04-03T12:25:00Z,SYMBOL_MATCH
2025-06-01,140,MORPHO,Morpho,34104,morpho,1.35996848,373360618.6,8281971.38,274536229.3,2024-11-21T10:30:00.000Z,9,defi;ethereum-ecosystem;coinbase-ventures-portfolio;lending-borowing;fenbushi-capital-portfolio;pantera-capital-portfolio,HISTORICAL_APPROXIMATION,CMC snapshot tags vary by snapshot date (drift test: tags(2024)!=tags(2026)); taxonomy drift unverified,MORPHO,2025-01-17T09:00:00Z,False,MORPHO-USDT-SWAP,2024-11-25T10:00:00Z,SYMBOL_MATCH
2025-06-01,141,USDD,USDD,19891,usdd,1.00065835,372820819.2,10400692.6,372575533,2022-05-02T08:07:12.000Z,4,stablecoin;algorithmic-stablecoin;usd-stablecoin;tron20-ecosystem,HISTORICAL_APPROXIMATION,CMC snapshot tags vary by snapshot date (drift test: tags(2024)!=tags(2026)); taxonomy drift unverified,,,,,,NONE
2025-06-01,142,MOG,Mog Coin,27659,mog-coin,9.4e-07,368159403.4,13975227.05,3.905675264e+14,2023-07-21T19:17:41.000Z,9,memes;ethereum-ecosystem;solana-ecosystem;bnb-chain-ecosystem;base-ecosystem;cat-themed,HISTORICAL_APPROXIMATION,CMC snapshot tags vary by snapshot date (drift test: tags(2024)!=tags(2026)); taxonomy drift unverified,,,,,,NONE
2025-06-01,143,COMP,Compound,5692,compound,40.75045267,370137381.3,25474199.15,9083025.021,2020-06-16T00:00:00.000Z,20,defi;dao;ethereum-ecosystem;yield-farming;coinbase-ventures-portfolio;three-arrows-capital-portfolio,HISTORICAL_APPROXIMATION,CMC snapshot tags vary by snapshot date (drift test: tags(2024)!=tags(2026)); taxonomy drift unverified,COMP,2023-07-18T00:00:00Z,False,COMP-USDT-SWAP,2020-04-21T10:12:51Z,SYMBOL_MATCH
2025-06-01,144,LPT,Livepeer,3640,livepeer,8.94911155,367791098.9,575380250.3,41098057.27,2018-12-19T00:00:00.000Z,14,media;ai-big-data;distributed-computing;video;ethereum-ecosystem;coinfund-portfolio,HISTORICAL_APPROXIMATION,CMC snapshot tags vary by snapshot date (drift test: tags(2024)!=tags(2026)); taxonomy drift unverified,,,,LPT-USDT-SWAP,2021-04-23T07:00:00Z,SYMBOL_MATCH
2025-06-01,145,SUN,Sun [New],10529,sun-token,0.01902225,366399255.8,22380231.83,1.926161152e+10,2021-06-21T00:00:00.000Z,2,tron-ecosystem;tron20-ecosystem,HISTORICAL_APPROXIMATION,CMC snapshot tags vary by snapshot date (drift test: tags(2024)!=tags(2026)); taxonomy drift unverified,,,,,,NONE
2025-06-01,146,POPCAT,Popcat (SOL),28782,popcat-sol,0.37440011,366902069.3,42158477,979973184.6,2023-12-20T18:16:41.000Z,8,memes;solana-ecosystem;cat-themed;animal-memes;binance-alpha;cmc-crypto-yearbook-2024-2025,HISTORICAL_APPROXIMATION,CMC snapshot tags vary by snapshot date (drift test: tags(2024)!=tags(2026)); taxonomy drift unverified,POPCAT,2024-04-28T08:00:00Z,False,POPCAT-USDT-SWAP,2024-08-29T09:00:00Z,SYMBOL_MATCH
2025-06-01,147,MOVE,Movement,32452,movement,0.14200818,362120864.9,27962980.58,2550000000,2024-07-29T03:27:27.000Z,8,ethereum-ecosystem;layer-2;binance-labs-portfolio;move-vm;made-in-america;binance-hodler-airdrops,HISTORICAL_APPROXIMATION,CMC snapshot tags vary by snapshot date (drift test: tags(2024)!=tags(2026)); taxonomy drift unverified,MOVE,2024-12-11T05:00:00Z,False,MOVE-USDT-SWAP,2024-12-09T13:00:02Z,SYMBOL_MATCH
2025-06-01,148,FTT,FTX Token,4195,ftx-token,1.0741366,353278268.4,16616769.68,328895103.8,2019-07-31T00:00:00.000Z,14,marketplace;centralized-exchange;defi;derivatives;ethereum-ecosystem;solana-ecosystem,HISTORICAL_APPROXIMATION,CMC snapshot tags vary by snapshot date (drift test: tags(2024)!=tags(2026)); taxonomy drift unverified,FTT,2023-09-25T13:00:00Z,True,,,SYMBOL_MATCH
2025-06-01,149,AMP,Amp,6945,amp,0.00415192,349722768.1,11197385.92,8.42315835e+10,2020-09-08T00:00:00.000Z,3,ethereum-ecosystem;alleged-sec-securities;made-in-america,HISTORICAL_APPROXIMATION,CMC snapshot tags vary by snapshot date (drift test: tags(2024)!=tags(2026)); taxonomy drift unverified,,,,,,NONE
2025-06-01,150,GNO,Gnosis,1659,gnosis-gno,130.4857209,344267170.9,4048364.53,2638351.296,2017-05-01T00:00:00.000Z,6,services;decentralized-exchange-dex-token;prediction-markets;kenetic-capital-portfolio;layer-1;gnosis-chain-ecosystem,HISTORICAL_APPROXIMATION,CMC snapshot tags vary by snapshot date (drift test: tags(2024)!=tags(2026)); taxonomy drift unverified,,,,,,NONE
2025-06-01,151,TWT,Trust Wallet Token,5964,trust-wallet-token,0.79922975,332998994.7,6655739.1,416649900,2020-07-30T00:00:00.000Z,4,wallet;solana-ecosystem;polygon-ecosystem;bnb-chain-ecosystem,HISTORICAL_APPROXIMATION,CMC snapshot tags vary by snapshot date (drift test: tags(2024)!=tags(2026)); taxonomy drift unverified,,,,,,NONE
2025-06-01,152,JST,JUST,5488,just,0.03320997,328778738.1,19542751.85,9900000000,2020-05-07T00:00:00.000Z,3,defi;tron-ecosystem;tron20-ecosystem,HISTORICAL_APPROXIMATION,CMC snapshot tags vary by snapshot date (drift test: tags(2024)!=tags(2026)); taxonomy drift unverified,,,,,,NONE
2025-06-01,153,BEAM,Beam,28298,onbeam,0.00654268,323640394.2,9307818.89,4.946600417e+10,2021-10-29T04:07:32.000Z,12,gaming;ethereum-ecosystem;binance-chain;binance-launchpool;governance;play-to-earn,HISTORICAL_APPROXIMATION,CMC snapshot tags vary by snapshot date (drift test: tags(2024)!=tags(2026)); taxonomy drift unverified,,,,,,NONE
2025-06-01,154,LUNC,Terra Classic,4172,terra-luna,5.863e-05,320073092.7,7189335.99,5.459287701e+12,2019-07-26T00:00:00.000Z,21,cosmos-ecosystem;store-of-value;defi;payments;ethereum-ecosystem;coinbase-ventures-portfolio,HISTORICAL_APPROXIMATION,CMC snapshot tags vary by snapshot date (drift test: tags(2024)!=tags(2026)); taxonomy drift unverified,,,,,,NONE
2025-06-01,155,AKT,Akash Network,7431,akash-network,1.29351198,321160648.7,5744021.47,248285794.7,2020-10-16T00:00:00.000Z,9,cosmos-ecosystem;ai-big-data;distributed-computing;web3;injective-ecosystem;osmosis-ecosystem,HISTORICAL_APPROXIMATION,CMC snapshot tags vary by snapshot date (drift test: tags(2024)!=tags(2026)); taxonomy drift unverified,,,,,,NONE
2025-06-01,156,AXL,Axelar,17799,axelar,0.3241502,316541332,5756709.23,976526718.9,2022-02-02T02:48:14.000Z,22,defi;interoperability;ethereum-ecosystem;coinbase-ventures-portfolio;polychain-capital-portfolio;binance-labs-portfolio,HISTORICAL_APPROXIMATION,CMC snapshot tags vary by snapshot date (drift test: tags(2024)!=tags(2026)); taxonomy drift unverified,,,,,,NONE
2025-06-01,157,OM,MANTRA,6536,mantra,0.31873284,308868976.2,64510820.2,969052878.1,2020-08-11T00:00:00.000Z,7,cosmos-ecosystem;dao;kenetic-capital-portfolio;exnetwork-capital-portfolio;polygon-ecosystem;real-world-assets,HISTORICAL_APPROXIMATION,CMC snapshot tags vary by snapshot date (drift test: tags(2024)!=tags(2026)); taxonomy drift unverified,OM,2025-02-16T16:00:00Z,True,,,SYMBOL_MATCH
2025-06-01,158,SAFE,Safe,21585,safe1,0.52722539,312990734.8,23927780.71,593656410,2024-04-22T21:43:00.000Z,7,defi;staking;wallet;ethereum-ecosystem;account-abstraction;binance-alpha,HISTORICAL_APPROXIMATION,CMC snapshot tags vary by snapshot date (drift test: tags(2024)!=tags(2026)); taxonomy drift unverified,,,,,,NONE
2025-06-01,159,TURBO,Turbo,24911,turbo,0.00442667,305440460,25533730.03,6.9e+10,2023-05-01T00:30:00.000Z,8,art;ai-big-data;memes;ethereum-ecosystem;solana-ecosystem;web3,HISTORICAL_APPROXIMATION,CMC snapshot tags vary by snapshot date (drift test: tags(2024)!=tags(2026)); taxonomy drift unverified,TURBO,2024-05-31T16:00:00Z,False,TURBO-USDT-SWAP,2023-12-14T09:55:00Z,SYMBOL_MATCH
2025-06-01,160,BERA,Berachain,24647,berachain,2.50069859,299724900.8,79936314.25,119856467.9,2025-02-06T13:00:00.000Z,4,layer-1;cmc-crypto-yearbook-2024-2025;binance-hodler-airdrops;binance-ecosystem,HISTORICAL_APPROXIMATION,CMC snapshot tags vary by snapshot date (drift test: tags(2024)!=tags(2026)); taxonomy drift unverified,BERA,2025-02-06T14:00:00Z,False,BERA-USDT-SWAP,2025-02-06T14:00:01Z,SYMBOL_MATCH
2025-06-01,161,MEW,cat in a dogs world,30126,mew,0.00331818,294948956,45992223.06,8.888888889e+10,2024-03-26T06:41:06.000Z,10,memes;solana-ecosystem;doggone-doggerel;cat-themed;animal-memes;ip-memes,HISTORICAL_APPROXIMATION,CMC snapshot tags vary by snapshot date (drift test: tags(2024)!=tags(2026)); taxonomy drift unverified,MEW,2024-07-23T16:00:00Z,True,MEW-USDT-SWAP,2024-04-15T08:25:00Z,SYMBOL_MATCH
2025-06-01,162,1INCH,1inch Network,8104,1inch,0.21165869,293779817.7,11372582.24,1387988453,2020-12-25T00:00:00.000Z,19,decentralized-exchange-dex-token;defi;wallet;ethereum-ecosystem;amm;binance-labs-portfolio,HISTORICAL_APPROXIMATION,CMC snapshot tags vary by snapshot date (drift test: tags(2024)!=tags(2026)); taxonomy drift unverified,,,,1INCH-USDT-SWAP,2020-12-25T02:30:00Z,SYMBOL_MATCH
2025-06-01,163,CTC,Creditcoin,5198,creditcoin,0.62337337,283270866.6,6636761.83,454416053,2020-01-31T00:00:00.000Z,2,real-world-assets;layer-1,HISTORICAL_APPROXIMATION,CMC snapshot tags vary by snapshot date (drift test: tags(2024)!=tags(2026)); taxonomy drift unverified,,,,,,NONE
2025-06-01,164,AI16Z,ai16z,34026,ai16z,0.25356768,278924083.6,70378592.31,1099998567,2024-11-17T23:08:14.000Z,8,ai-big-data;memes;solana-ecosystem;ai-memes;ai-agents;binance-alpha,HISTORICAL_APPROXIMATION,CMC snapshot tags vary by snapshot date (drift test: tags(2024)!=tags(2026)); taxonomy drift unverified,AI16Z,2025-01-01T05:00:00Z,True,,,SYMBOL_MATCH
2025-06-01,165,DASH,Dash,131,dash,22.11578611,271656575,35444494.94,12283378.65,2014-02-14T00:00:00.000Z,11,mineable;hybrid-pow-pos;x11;medium-of-exchange;privacy;masternodes,HISTORICAL_APPROXIMATION,CMC snapshot tags vary by snapshot date (drift test: tags(2024)!=tags(2026)); taxonomy drift unverified,DASH,2026-01-18T04:00:00Z,False,DASH-USDT-SWAP,2025-11-06T03:00:00Z,SYMBOL_MATCH
2025-06-01,166,MASK,Mask Network,8536,mask-network,2.70709903,270709903.2,671575084,100000000,2021-02-21T00:00:00.000Z,12,communications-social-media;collectibles-nfts;content-creation;gaming;ethereum-ecosystem;metaverse,HISTORICAL_APPROXIMATION,CMC snapshot tags vary by snapshot date (drift test: tags(2024)!=tags(2026)); taxonomy drift unverified,,,,MASK-USDT-SWAP,2021-03-04T07:00:00Z,SYMBOL_MATCH
2025-06-01,167,KSM,Kusama,5034,kusama,16.14478361,267610715.2,9407752.95,16575676.8,2019-12-12T00:00:00.000Z,8,substrate;polkadot;polkadot-ecosystem;cms-holdings-portfolio;kenetic-capital-portfolio;1confirmation-portfolio,HISTORICAL_APPROXIMATION,CMC snapshot tags vary by snapshot date (drift test: tags(2024)!=tags(2026)); taxonomy drift unverified,,,,KSM-USDT-SWAP,2020-09-08T10:12:51Z,SYMBOL_MATCH
2025-06-01,168,PNUT,Peanut the Squirrel,33788,peanut-the-squirrel,0.26688777,266848429.1,85447833.7,999852590,2024-11-04T02:00:00.000Z,5,memes;solana-ecosystem;political-memes;animal-memes;pump-fun-ecosystem,HISTORICAL_APPROXIMATION,CMC snapshot tags vary by snapshot date (drift test: tags(2024)!=tags(2026)); taxonomy drift unverified,PNUT,2024-11-14T04:00:00Z,False,PNUT-USDT-SWAP,2024-11-12T03:30:00Z,SYMBOL_MATCH
2025-06-01,169,CHEEMS,Cheems (cheems.pet),33280,cheems-pet,1.42e-06,267067660.8,5755336.91,1.874950348e+14,2024-10-03T03:58:19.000Z,4,memes;doggone-doggerel;bnb-chain-ecosystem;animal-memes,HISTORICAL_APPROXIMATION,CMC snapshot tags vary by snapshot date (drift test: tags(2024)!=tags(2026)); taxonomy drift unverified,,,,,,NONE
2025-06-01,170,FRAX,Frax (prev. FXS),6953,frax-share,2.93759797,266605298.9,11968584.6,90756223.93,2020-09-08T00:00:00.000Z,11,defi;ethereum-ecosystem;amm;seigniorage;avalanche-ecosystem;solana-ecosystem,HISTORICAL_APPROXIMATION,CMC snapshot tags vary by snapshot date (drift test: tags(2024)!=tags(2026)); taxonomy drift unverified,,,,,,NONE
2025-06-01,171,MINA,Mina,8646,mina,0.21243626,262311854.1,11552731.7,1234779075,2021-03-02T00:00:00.000Z,8,pos;defi;privacy;zero-knowledge-proofs;staking;coinbase-ventures-portfolio,HISTORICAL_APPROXIMATION,CMC snapshot tags vary by snapshot date (drift test: tags(2024)!=tags(2026)); taxonomy drift unverified,MINA,2023-10-24T15:00:00Z,False,MINA-USDT-SWAP,2021-06-09T09:00:00Z,SYMBOL_MATCH
2025-06-01,172,CVX,Convex Finance,9903,convex-finance,2.66896951,260015675.5,10454768.69,97421748.21,2021-05-18T00:00:00.000Z,4,defi;ethereum-ecosystem;yield-aggregator;solana-ecosystem,HISTORICAL_APPROXIMATION,CMC snapshot tags vary by snapshot date (drift test: tags(2024)!=tags(2026)); taxonomy drift unverified,,,,CVX-USDT-SWAP,2024-06-25T08:25:00Z,SYMBOL_MATCH
2025-06-01,173,DCR,Decred,1168,decred,15.3071033,257573251,2437368.56,16827040.75,2016-02-10T00:00:00.000Z,8,mineable;hybrid-pow-pos;medium-of-exchange;store-of-value;dao;placeholder-ventures-portfolio,HISTORICAL_APPROXIMATION,CMC snapshot tags vary by snapshot date (drift test: tags(2024)!=tags(2026)); taxonomy drift unverified,,,,,,NONE
2025-06-01,174,ZRO,LayerZero,26997,layerzero,2.32676607,255944268.2,19340564.14,110000000,2024-06-20T05:52:25.000Z,15,defi;interoperability;ethereum-ecosystem;coinbase-ventures-portfolio;binance-labs-portfolio;avalanche-ecosystem,HISTORICAL_APPROXIMATION,CMC snapshot tags vary by snapshot date (drift test: tags(2024)!=tags(2026)); taxonomy drift unverified,ZRO,2023-09-07T03:00:00Z,False,ZRO-USDT-SWAP,2024-06-20T12:25:00Z,SYMBOL_MATCH
2025-06-01,175,MX,MX Token,4041,mx-token,2.64098969,249073940.7,6479518.77,94310834,2019-09-24T00:00:00.000Z,4,marketplace;centralized-exchange;discount-token;ethereum-ecosystem,HISTORICAL_APPROXIMATION,CMC snapshot tags vary by snapshot date (drift test: tags(2024)!=tags(2026)); taxonomy drift unverified,,,,,,NONE
2025-06-01,176,TFUEL,Theta Fuel,3822,theta-fuel,0.03489601,242812538.3,3097971.1,6958175293,2019-03-28T00:00:00.000Z,12,media;vr-ar;communications-social-media;distributed-computing;content-creation;defi,HISTORICAL_APPROXIMATION,CMC snapshot tags vary by snapshot date (drift test: tags(2024)!=tags(2026)); taxonomy drift unverified,,,,,,NONE
2025-06-01,177,SFP,SafePal,8119,safepal,0.47851324,239256619.1,4688723.12,500000000,2020-12-28T00:00:00.000Z,6,wallet;ethereum-ecosystem;binance-launchpad;injective-ecosystem;bnb-chain-ecosystem;binance-ecosystem,HISTORICAL_APPROXIMATION,CMC snapshot tags vary by snapshot date (drift test: tags(2024)!=tags(2026)); taxonomy drift unverified,,,,,,NONE
2025-06-01,178,NXPC,NEXPACE,36044,maplestory-universe,1.3823685,239556510.1,122144871.8,173294248,2025-03-17T06:30:59.000Z,8,defi;gaming;avalanche-ecosystem;bnb-chain-ecosystem;binance-alpha;binance-hodler-airdrops,HISTORICAL_APPROXIMATION,CMC snapshot tags vary by snapshot date (drift test: tags(2024)!=tags(2026)); taxonomy drift unverified,NXPC,2025-05-15T09:00:00Z,False,,,SYMBOL_MATCH
2025-06-01,179,SNX,Synthetix,2586,synthetix,0.69196496,237666586.8,11185149.8,343466217,2018-03-14T00:00:00.000Z,27,services;decentralized-exchange-dex-token;defi;derivatives;dao;ethereum-ecosystem,HISTORICAL_APPROXIMATION,CMC snapshot tags vary by snapshot date (drift test: tags(2024)!=tags(2026)); taxonomy drift unverified,SNX,2023-05-25T00:00:00Z,False,SNX-USDT-SWAP,2020-08-21T10:12:51Z,SYMBOL_MATCH
2025-06-01,180,BabyDoge,Baby Doge Coin,10407,baby-doge-coin,0,235444652.6,14084354.25,1.654965437e+17,2021-06-11T00:00:00.000Z,32,marketing;art;marketplace;media;philanthropy;real-estate,HISTORICAL_APPROXIMATION,CMC snapshot tags vary by snapshot date (drift test: tags(2024)!=tags(2026)); taxonomy drift unverified,,,,,,NONE
2025-06-01,181,GLM,Golem,1455,golem-network-tokens,0.23508709,235087090.5,6192724.12,1000000000,2016-11-18T00:00:00.000Z,8,platform;ai-big-data;distributed-computing;payments;ethereum-ecosystem;polygon-ecosystem,HISTORICAL_APPROXIMATION,CMC snapshot tags vary by snapshot date (drift test: tags(2024)!=tags(2026)); taxonomy drift unverified,,,,GLM-USDT-SWAP,2024-05-10T08:25:01Z,SYMBOL_MATCH
2025-06-01,182,NOT,Notcoin,28850,notcoin,0.00226052,231606199.9,26134929.61,1.024569575e+11,2024-05-09T15:38:45.000Z,11,communications-social-media;gaming;memes;binance-launchpool;play-to-earn;web3,HISTORICAL_APPROXIMATION,CMC snapshot tags vary by snapshot date (drift test: tags(2024)!=tags(2026)); taxonomy drift unverified,NOT,2024-05-17T04:00:00Z,False,NOT-USDT-SWAP,2024-05-16T12:27:45Z,SYMBOL_MATCH
2025-06-01,183,TOSHI,Toshi,27750,toshithecat,0.00056557,230791357.6,13459057.63,4.080693e+11,2023-08-04T09:39:48.000Z,4,memes;base-ecosystem;cat-themed;animal-memes,HISTORICAL_APPROXIMATION,CMC snapshot tags vary by snapshot date (drift test: tags(2024)!=tags(2026)); taxonomy drift unverified,,,,,,NONE
2025-06-01,184,ZIL,Zilliqa,2469,zilliqa,0.01136538,222478907.4,14277601.75,1.957513571e+10,2018-01-25T00:00:00.000Z,11,mineable;platform;defi;gaming;payments;smart-contracts,HISTORICAL_APPROXIMATION,CMC snapshot tags vary by snapshot date (drift test: tags(2024)!=tags(2026)); taxonomy drift unverified,,,,ZIL-USDT-SWAP,2020-09-09T10:12:51Z,SYMBOL_MATCH
2025-06-01,185,ROSE,Oasis,7653,oasis-network,0.02974149,219653904.1,9961369.98,7385437123,2020-11-12T00:00:00.000Z,19,ai-big-data;privacy;scaling;smart-contracts;polychain-capital-portfolio;binance-labs-portfolio,HISTORICAL_APPROXIMATION,CMC snapshot tags vary by snapshot date (drift test: tags(2024)!=tags(2026)); taxonomy drift unverified,,,,,,NONE
2025-06-01,186,MOCA,Moca Network,31526,mocaverse,0.08075173,216163418.1,15960477.12,2676888888,2024-07-04T07:14:36.000Z,5,collectibles-nfts;gaming;ethereum-ecosystem;metaverse;base-ecosystem,HISTORICAL_APPROXIMATION,CMC snapshot tags vary by snapshot date (drift test: tags(2024)!=tags(2026)); taxonomy drift unverified,,,,,,NONE
2025-06-01,187,TRAC,OriginTrail,2467,origintrail,0.42796356,213916281.6,2036116.04,499846955.6,2018-01-25T00:00:00.000Z,19,marketplace;logistics;ai-big-data;enterprise-solutions;distributed-computing;data-provenance,HISTORICAL_APPROXIMATION,CMC snapshot tags vary by snapshot date (drift test: tags(2024)!=tags(2026)); taxonomy drift unverified,,,,,,NONE
2025-06-01,188,GIGA,Gigachad,30063,gigachad-meme,0.02298845,213848002.8,7396041.81,9302411888,2024-03-21T16:22:17.000Z,2,memes;solana-ecosystem,HISTORICAL_APPROXIMATION,CMC snapshot tags vary by snapshot date (drift test: tags(2024)!=tags(2026)); taxonomy drift unverified,,,,,,NONE
2025-06-01,189,QTUM,Qtum,1684,qtum,2.0132261,212732556.8,43443666.76,105667494,2017-05-24T00:00:00.000Z,5,platform;defi;smart-contracts;kenetic-capital-portfolio;bitcoin-ecosystem,HISTORICAL_APPROXIMATION,CMC snapshot tags vary by snapshot date (drift test: tags(2024)!=tags(2026)); taxonomy drift unverified,,,,QTUM-USDT-SWAP,2020-04-21T10:12:51Z,SYMBOL_MATCH
2025-06-01,190,BLUR,Blur,23121,blur-token,0.08929877,210795772.4,17732054.87,2360567488,2023-02-13T15:07:24.000Z,4,collectibles-nfts;ethereum-ecosystem;egirl-capital-portfolio;made-in-america,HISTORICAL_APPROXIMATION,CMC snapshot tags vary by snapshot date (drift test: tags(2024)!=tags(2026)); taxonomy drift unverified,BLUR,2023-10-18T18:00:00Z,False,BLUR-USDT-SWAP,2023-02-15T02:55:00Z,SYMBOL_MATCH
2025-06-01,191,IOTX,IoTeX,2777,iotex,0.02223955,209971832.2,10508214.64,9441368979,2018-05-25T00:00:00.000Z,12,platform;distributed-computing;defi;iot;ethereum-ecosystem;hashkey-capital-portfolio,HISTORICAL_APPROXIMATION,CMC snapshot tags vary by snapshot date (drift test: tags(2024)!=tags(2026)); taxonomy drift unverified,,,,,,NONE
2025-06-01,192,MOODENG,Moo Deng (moodengsol.com),33093,moo-deng-solana,0.2087663,206672751.6,87073218.1,989971791.2,2024-09-21T02:09:39.000Z,6,memes;solana-ecosystem;animal-memes;pump-fun-ecosystem;binance-alpha;binance-ecosystem,HISTORICAL_APPROXIMATION,CMC snapshot tags vary by snapshot date (drift test: tags(2024)!=tags(2026)); taxonomy drift unverified,MOODENG,2024-10-25T10:00:00Z,False,MOODENG-USDT-SWAP,2024-10-03T07:00:02Z,SYMBOL_MATCH
2025-06-01,193,CKB,Nervos Network,4948,nervos-network,0.00442203,206139010,8696880.04,4.661642718e+10,2019-11-19T00:00:00.000Z,23,mineable;pow;platform;collectibles-nfts;interoperability;quantum-resistant,HISTORICAL_APPROXIMATION,CMC snapshot tags vary by snapshot date (drift test: tags(2024)!=tags(2026)); taxonomy drift unverified,,,,,,NONE
2025-06-01,194,VANA,Vana,34619,vana,6.79525106,204428333,60007129.01,30084000,2024-12-13T12:20:10.000Z,6,platform;ai-big-data;coinbase-ventures-portfolio;polychain-capital-portfolio;paradigm-portfolio;layer-1,HISTORICAL_APPROXIMATION,CMC snapshot tags vary by snapshot date (drift test: tags(2024)!=tags(2026)); taxonomy drift unverified,,,,VANA-USDT-SWAP,2024-12-17T04:00:00Z,SYMBOL_MATCH
2025-06-01,195,ZRX,0x Protocol,1896,0x,0.23796811,201891324.5,53931139.39,848396562.9,2017-08-16T00:00:00.000Z,18,platform;decentralized-exchange-dex-token;defi;scaling;dao;ethereum-ecosystem,HISTORICAL_APPROXIMATION,CMC snapshot tags vary by snapshot date (drift test: tags(2024)!=tags(2026)); taxonomy drift unverified,,,,ZRX-USDT-SWAP,2020-08-21T10:12:51Z,SYMBOL_MATCH
2025-06-01,196,ASTR,Astar,12885,astar,0.02638396,202350472.4,5823321.61,7669449745,2021-10-19T09:53:03.000Z,8,smart-contracts;dapp;polkadot;layer-2;rollups;okx-ventures-portfolio,HISTORICAL_APPROXIMATION,CMC snapshot tags vary by snapshot date (drift test: tags(2024)!=tags(2026)); taxonomy drift unverified,,,,,,NONE
2025-06-01,197,ACH,Alchemy Pay,6958,alchemy-pay,0.02203661,200553361.1,16098146.49,9100916196,2020-09-09T00:00:00.000Z,3,ethereum-ecosystem;bnb-chain-ecosystem;dwf-labs-portfolio,HISTORICAL_APPROXIMATION,CMC snapshot tags vary by snapshot date (drift test: tags(2024)!=tags(2026)); taxonomy drift unverified,,,,ACH-USDT-SWAP,2024-02-22T08:25:01Z,SYMBOL_MATCH
2025-06-01,198,ZK,ZKsync,24091,zksync,0.0544468,200091991.5,26793391.85,3675000000,2024-06-16T23:10:00.000Z,7,privacy;zero-knowledge-proofs;layer-2;blockchain-capital-portfolio;okx-ventures-portfolio;zksync-era-ecosystem,HISTORICAL_APPROXIMATION,CMC snapshot tags vary by snapshot date (drift test: tags(2024)!=tags(2026)); taxonomy drift unverified,ZK,2024-06-12T12:00:00Z,False,ZK-USDT-SWAP,2024-06-18T08:25:00Z,SYMBOL_MATCH
2025-06-01,199,VTHO,VeThor Token,3012,vethor-token,0.0021711,195749699.8,2803175.06,9.016166474e+10,2018-07-30T00:00:00.000Z,1,layer-1,HISTORICAL_APPROXIMATION,CMC snapshot tags vary by snapshot date (drift test: tags(2024)!=tags(2026)); taxonomy drift unverified,,,,,,NONE
2025-06-01,200,BAT,Basic Attention Token,1697,basic-attention-token,0.12913823,193147968.7,15405630.18,1495668357,2017-06-01T00:00:00.000Z,20,marketing;communications-social-media;ai-big-data;content-creation;defi;interoperability,HISTORICAL_APPROXIMATION,CMC snapshot tags vary by snapshot date (drift test: tags(2024)!=tags(2026)); taxonomy drift unverified,,,,BAT-USDT-SWAP,2020-08-28T10:12:51Z,SYMBOL_MATCH
2025-06-01,201,FTN,Fasttoken,22615,fasttoken,4.42921625,1932296582,51393017.41,436261513,2022-11-09T14:57:06.000Z,2,bnb-chain-ecosystem;layer-1,HISTORICAL_APPROXIMATION,CMC snapshot tags vary by snapshot date (drift test: tags(2024)!=tags(2026)); taxonomy drift unverified,,,,,,NONE
2025-06-01,202,JLP,Jupiter Perps LP,28853,jupiter-perps-lp,4.46696495,1551711254,24306942.32,347374844.6,2023-12-26T23:55:42.000Z,4,defi;dex;lp-tokens;solana-ecosystem,HISTORICAL_APPROXIMATION,CMC snapshot tags vary by snapshot date (drift test: tags(2024)!=tags(2026)); taxonomy drift unverified,,,,,,NONE
2025-06-01,203,WHITE,WhiteRock,34143,whiterock,0.00200202,1301315571,15364316.45,6.5e+11,2024-11-21T12:54:14.000Z,2,ethereum-ecosystem;solana-ecosystem,HISTORICAL_APPROXIMATION,CMC snapshot tags vary by snapshot date (drift test: tags(2024)!=tags(2026)); taxonomy drift unverified,,,,,,NONE
2025-06-01,204,ZBU,Zeebu,27765,zeebu,3.23930067,838884415.7,732634.22,258970840.1,2023-08-09T17:44:17.000Z,4,loyalty;ethereum-ecosystem;bnb-chain-ecosystem;base-ecosystem,HISTORICAL_APPROXIMATION,CMC snapshot tags vary by snapshot date (drift test: tags(2024)!=tags(2026)); taxonomy drift unverified,,,,,,NONE
2025-06-01,205,FLZ,Fellaz,20787,fellaz,1.598609,754343524.4,3484417.03,471874940,2022-06-27T17:12:31.000Z,1,ethereum-ecosystem,HISTORICAL_APPROXIMATION,CMC snapshot tags vary by snapshot date (drift test: tags(2024)!=tags(2026)); taxonomy drift unverified,,,,,,NONE
2025-06-01,206,USD0,Usual USD,32307,usual-usd,0.99764056,629624530,422.09,631113606.3,2024-07-22T03:23:27.000Z,4,stablecoin;asset-backed-stablecoin;usd-stablecoin;real-world-assets,HISTORICAL_APPROXIMATION,CMC snapshot tags vary by snapshot date (drift test: tags(2024)!=tags(2026)); taxonomy drift unverified,,,,,,NONE
2025-06-01,207,WOULD,would,35837,wouldmeme,0.59892439,598596650,237016.68,999452789.4,2025-02-20T06:36:44.000Z,3,memes;solana-ecosystem;pump-fun-ecosystem,HISTORICAL_APPROXIMATION,CMC snapshot tags vary by snapshot date (drift test: tags(2024)!=tags(2026)); taxonomy drift unverified,,,,,,NONE
2025-06-01,208,WXTZ,Wrapped XTZ,35930,wrapped-tezos,0.57089004,589645903.1,7815945.63,1032853731,2017-10-06T00:00:00.000Z,0,,HISTORICAL_APPROXIMATION,CMC snapshot tags vary by snapshot date (drift test: tags(2024)!=tags(2026)); taxonomy drift unverified,,,,,,NONE
2025-06-01,209,USDY,Ondo US Dollar Yield,29256,ondo-us-dollar-yield,1.09264454,585071266.6,1468698.39,535463499,2024-02-01T09:43:04.000Z,1,stablecoin,HISTORICAL_APPROXIMATION,CMC snapshot tags vary by snapshot date (drift test: tags(2024)!=tags(2026)); taxonomy drift unverified,,,,,,NONE
2025-06-01,210,BDX,Beldex,3987,beldex,0.06383752,456183091.9,3154703.72,7146003074,2019-06-07T00:00:00.000Z,8,ai-big-data;defi;privacy;masternodes;web3;bnb-chain-ecosystem,HISTORICAL_APPROXIMATION,CMC snapshot tags vary by snapshot date (drift test: tags(2024)!=tags(2026)); taxonomy drift unverified,,,,,,NONE
2025-06-01,211,USDf,Falcon USD,35721,falcon-finance,0.99991394,448408917.3,1582460.9,448447510.4,2025-02-17T05:02:36.000Z,3,stablecoin;usd-stablecoin;dwf-labs-portfolio,HISTORICAL_APPROXIMATION,CMC snapshot tags vary by snapshot date (drift test: tags(2024)!=tags(2026)); taxonomy drift unverified,,,,,,NONE
2025-06-01,212,B,BUILDon,36532,buildon,0.40093645,400936447,250894570.1,1000000000,2025-05-16T08:07:37.000Z,6,memes;bnb-chain-ecosystem;ai-memes;binance-alpha;world-liberty-financial-portfolio;binance-ecosystem,HISTORICAL_APPROXIMATION,CMC snapshot tags vary by snapshot date (drift test: tags(2024)!=tags(2026)); taxonomy drift unverified,,,,,,NONE
2025-06-01,213,KTA,Keeta,36066,keeta,0.96163634,384654536,18695926.58,400000000,2025-03-19T07:00:47.000Z,1,layer-1,HISTORICAL_APPROXIMATION,CMC snapshot tags vary by snapshot date (drift test: tags(2024)!=tags(2026)); taxonomy drift unverified,,,,,,NONE
2025-06-01,214,TEL,Telcoin,2394,telcoin,0.00401139,365066381.3,1393027.63,9.100737155e+10,2018-01-14T00:00:00.000Z,6,medium-of-exchange;ethereum-ecosystem;polygon-ecosystem;arbitrum-ecosystem;base-ecosystem;made-in-america,HISTORICAL_APPROXIMATION,CMC snapshot tags vary by snapshot date (drift test: tags(2024)!=tags(2026)); taxonomy drift unverified,,,,,,NONE
2025-06-01,215,UPC,UPCX,28654,upcx,3.98263707,358474281.2,876816.25,90009276.6,2023-12-11T04:27:33.000Z,2,payments;ethereum-ecosystem,HISTORICAL_APPROXIMATION,CMC snapshot tags vary by snapshot date (drift test: tags(2024)!=tags(2026)); taxonomy drift unverified,,,,,,NONE
2025-06-01,216,OHM,Olympus v2,9067,olympus,19.86698989,340188186.6,65691.72,17123287.85,2021-04-01T00:00:00.000Z,7,defi;ethereum-ecosystem;solana-ecosystem;olympus-pro-ecosystem;arbitrum-ecosystem;defi-2,HISTORICAL_APPROXIMATION,CMC snapshot tags vary by snapshot date (drift test: tags(2024)!=tags(2026)); taxonomy drift unverified,,,,,,NONE
2025-06-01,217,FRAX,Legacy Frax Dollar,6952,frax,0.9997165,314811818.3,693489.43,314901093,2020-09-08T00:00:00.000Z,6,defi;stablecoin;yield-farming;seigniorage;lending-borowing;usd-stablecoin,HISTORICAL_APPROXIMATION,CMC snapshot tags vary by snapshot date (drift test: tags(2024)!=tags(2026)); taxonomy drift unverified,,,,,,NONE
2025-06-01,218,USDG,Global Dollar,33793,global-dollar-usdg,0.99988055,311355398.6,683751.99,311392595.6,2024-11-05T04:54:47.000Z,2,stablecoin;usd-stablecoin,HISTORICAL_APPROXIMATION,CMC snapshot tags vary by snapshot date (drift test: tags(2024)!=tags(2026)); taxonomy drift unverified,,,,,,NONE
2025-06-01,219,RLUSD,Ripple USD,34387,ripple-usd,0.99991061,309016168.8,27632144.54,309043793.8,2024-12-18T07:22:18.000Z,2,stablecoin;usd-stablecoin,HISTORICAL_APPROXIMATION,CMC snapshot tags vary by snapshot date (drift test: tags(2024)!=tags(2026)); taxonomy drift unverified,,,,,,NONE
2025-06-01,220,ULTIMA,Ultima,28293,ultima,8218.476856,307445000.7,35653955.81,37409,2023-10-26T20:59:30.000Z,1,web3,HISTORICAL_APPROXIMATION,CMC snapshot tags vary by snapshot date (drift test: tags(2024)!=tags(2026)); taxonomy drift unverified,,,,,,NONE
2025-06-01,221,CHEEL,Cheelee,23054,cheelee,5.03718308,286218787.5,4714354.07,56821200.01,2023-02-13T15:17:51.000Z,1,bnb-chain-ecosystem,HISTORICAL_APPROXIMATION,CMC snapshot tags vary by snapshot date (drift test: tags(2024)!=tags(2026)); taxonomy drift unverified,,,,,,NONE
2025-06-01,222,PLUME,Plume,35364,plume,0.13202706,264054125.9,19985022.04,2000000000,2025-01-20T17:00:10.000Z,6,ethereum-ecosystem;real-world-assets;layer-1;binance-alpha;made-in-america;binance-ecosystem,HISTORICAL_APPROXIMATION,CMC snapshot tags vary by snapshot date (drift test: tags(2024)!=tags(2026)); taxonomy drift unverified,,,,PLUME-USDT-SWAP,2025-05-08T07:30:00Z,SYMBOL_MATCH
2025-06-01,223,SAROS,Saros,29082,saros,0.20764951,242151759.9,9701198.89,1166156202,2024-01-19T11:09:47.000Z,2,dex;solana-ecosystem,HISTORICAL_APPROXIMATION,CMC snapshot tags vary by snapshot date (drift test: tags(2024)!=tags(2026)); taxonomy drift unverified,,,,,,NONE
2025-06-01,224,GHO,GHO,23508,gho,0.99892634,241026132.8,1451487.01,241285191.7,2023-02-14T12:18:15.000Z,1,stablecoin,HISTORICAL_APPROXIMATION,CMC snapshot tags vary by snapshot date (drift test: tags(2024)!=tags(2026)); taxonomy drift unverified,,,,,,NONE
2025-06-01,225,USDO,OpenEden OpenDollar,36067,openeden-open-dollar,1.00704432,238564935.9,0,236896163.7,2025-03-19T05:58:40.000Z,3,stablecoin;asset-backed-stablecoin;real-world-assets,HISTORICAL_APPROXIMATION,CMC snapshot tags vary by snapshot date (drift test: tags(2024)!=tags(2026)); taxonomy drift unverified,,,,,,NONE
2025-06-01,226,KOGE,48 Club Token,7184,bnb48-club-token,63.46808617,215044373.9,728218409,3388228.43,2020-09-25T00:00:00.000Z,4,binance-chain;bnb-chain-ecosystem;binance-alpha;binance-ecosystem,HISTORICAL_APPROXIMATION,CMC snapshot tags vary by snapshot date (drift test: tags(2024)!=tags(2026)); taxonomy drift unverified,,,,,,NONE
2025-06-01,227,EURC,EURC,20641,euro-coin,1.13496188,210026251.6,14690112.57,185051370.9,2022-06-16T19:13:48.000Z,4,stablecoin;stellar-ecosystem;eur-stablecoin;fiat-stablecoin,HISTORICAL_APPROXIMATION,CMC snapshot tags vary by snapshot date (drift test: tags(2024)!=tags(2026)); taxonomy drift unverified,,,,,,NONE
2025-06-01,228,BORG,SwissBorg,2499,swissborg,0.21003292,206483876.7,257740.87,983102443.4,2018-02-02T00:00:00.000Z,6,asset-management;defi;staking;ethereum-ecosystem;solana-ecosystem;gnosis-chain-ecosystem,HISTORICAL_APPROXIMATION,CMC snapshot tags vary by snapshot date (drift test: tags(2024)!=tags(2026)); taxonomy drift unverified,,,,,,NONE
2025-06-01,229,LGCT,Legacy Token,24257,legacy-network,1.89145583,200758079,6598476.69,106139448.5,2023-04-05T04:51:18.000Z,3,ethereum-ecosystem;bnb-chain-ecosystem;base-ecosystem,HISTORICAL_APPROXIMATION,CMC snapshot tags vary by snapshot date (drift test: tags(2024)!=tags(2026)); taxonomy drift unverified,,,,,,NONE
2025-06-01,230,ALE,Ailey,30605,project-ailey,0.57010421,195102328.1,3926375.98,342222222.2,2024-04-12T08:37:23.000Z,1,bnb-chain-ecosystem,HISTORICAL_APPROXIMATION,CMC snapshot tags vary by snapshot date (drift test: tags(2024)!=tags(2026)); taxonomy drift unverified,,,,,,NONE
2025-06-01,231,SNEK,Snek,25264,snek,0.00259656,193546544.6,1443118.27,7.453953006e+10,2023-05-06T16:00:00.000Z,2,memes;cardano-ecosystem,HISTORICAL_APPROXIMATION,CMC snapshot tags vary by snapshot date (drift test: tags(2024)!=tags(2026)); taxonomy drift unverified,,,,,,NONE
2025-06-01,232,NEIRO,Neiro (First Neiro On Ethereum),32521,first-neiro-on-ethereum,0.000456,191833805.9,86511747.04,4.206846461e+11,2024-08-01T17:05:30.000Z,8,memes;ethereum-ecosystem;solana-ecosystem;doggone-doggerel;dwf-labs-portfolio;base-ecosystem,HISTORICAL_APPROXIMATION,CMC snapshot tags vary by snapshot date (drift test: tags(2024)!=tags(2026)); taxonomy drift unverified,,,,NEIRO-USDT-SWAP,2024-10-03T07:15:01Z,SYMBOL_MATCH
2025-06-01,233,GAS,Gas,1785,gas,2.94807037,191601965.3,5529154.14,64992331,2017-07-06T00:00:00.000Z,5,medium-of-exchange;defi;payments;smart-contracts;neo-ecosystem,HISTORICAL_APPROXIMATION,CMC snapshot tags vary by snapshot date (drift test: tags(2024)!=tags(2026)); taxonomy drift unverified,GAS,2023-10-24T15:00:00Z,False,GAS-USDT-SWAP,2023-10-24T09:55:00Z,SYMBOL_MATCH
2025-06-01,234,ZETA,ZetaChain,21259,zetachain,0.21700009,190428876.8,14463187.84,877552083,2022-08-05T02:45:23.000Z,7,interoperability;smart-contracts;cross-chain;layer-1;binance-alpha;made-in-america,HISTORICAL_APPROXIMATION,CMC snapshot tags vary by snapshot date (drift test: tags(2024)!=tags(2026)); taxonomy drift unverified,ZETA,2024-02-02T01:00:00Z,False,ZETA-USDT-SWAP,2024-02-01T03:25:00Z,SYMBOL_MATCH
2025-06-01,235,COW,CoW Protocol,19269,cow-protocol,0.39733657,189006615.4,23134294.05,475683913.6,2022-04-01T08:42:05.000Z,7,decentralized-exchange-dex-token;defi;ethereum-ecosystem;arbitrum-ecosystem;base-ecosystem;intent,HISTORICAL_APPROXIMATION,CMC snapshot tags vary by snapshot date (drift test: tags(2024)!=tags(2026)); taxonomy drift unverified,,,,,,NONE
2025-06-01,236,CHEX,Chintai,8534,chex-token,0.18882103,188590121.3,919573.42,998777126.6,2021-02-20T00:00:00.000Z,7,decentralized-exchange-dex-token;defi;ethereum-ecosystem;eos-ecosystem;solana-ecosystem;bnb-chain-ecosystem,HISTORICAL_APPROXIMATION,CMC snapshot tags vary by snapshot date (drift test: tags(2024)!=tags(2026)); taxonomy drift unverified,,,,,,NONE
2025-06-01,237,CELO,Celo,5567,celo,0.32748608,187760584,17546111.81,573339135,2020-05-22T00:00:00.000Z,16,pos;privacy;zero-knowledge-proofs;mobile;payments;smart-contracts,HISTORICAL_APPROXIMATION,CMC snapshot tags vary by snapshot date (drift test: tags(2024)!=tags(2026)); taxonomy drift unverified,CELO,2024-09-25T06:00:00Z,False,CELO-USDT-SWAP,2021-09-24T10:03:05Z,SYMBOL_MATCH
2025-06-01,238,AIXBT,aixbt,34103,aixbt,0.19763838,184674004.3,98369981.3,934403528.4,2024-11-20T08:37:44.000Z,5,ai-big-data;base-ecosystem;ai-agents;virtuals-protocol-ecosystem;defai,HISTORICAL_APPROXIMATION,CMC snapshot tags vary by snapshot date (drift test: tags(2024)!=tags(2026)); taxonomy drift unverified,AIXBT,2025-01-01T05:00:00Z,False,AIXBT-USDT-SWAP,2025-01-03T07:00:00Z,SYMBOL_MATCH
2025-06-01,239,ORDI,ORDI,25028,ordi,8.76832362,184134796,46975555.01,21000000,2023-05-08T05:51:24.000Z,5,bitcoin-ecosystem;brc-20;inscriptions;ordinals-brc20-ecosystem;cmc-crypto-yearbook-2024-2025,HISTORICAL_APPROXIMATION,CMC snapshot tags vary by snapshot date (drift test: tags(2024)!=tags(2026)); taxonomy drift unverified,ORDI,2023-11-07T17:00:00Z,False,ORDI-USDT-SWAP,2023-05-21T09:55:00Z,SYMBOL_MATCH
2025-06-01,240,SC,Siacoin,1042,siacoin,0.00329498,184603604,3892029.04,5.602563652e+10,2015-08-26T00:00:00.000Z,13,mineable;pow;blake2b;platform;distributed-computing;filesharing,HISTORICAL_APPROXIMATION,CMC snapshot tags vary by snapshot date (drift test: tags(2024)!=tags(2026)); taxonomy drift unverified,,,,,,NONE
2025-06-01,241,GOMINING,GoМining,10180,gomining-token,0.44713456,182316020.8,10823830.45,407743072,2021-06-01T00:00:00.000Z,6,collectibles-nfts;gaming;ethereum-ecosystem;solana-ecosystem;bnb-chain-ecosystem;toncoin-ecosystem,HISTORICAL_APPROXIMATION,CMC snapshot tags vary by snapshot date (drift test: tags(2024)!=tags(2026)); taxonomy drift unverified,,,,,,NONE
2025-06-01,242,DRIFT,Drift,31278,drift,0.59586424,182262627.6,19820901.85,305879453.7,2024-05-16T07:44:32.000Z,10,decentralized-exchange-dex-token;defi;derivatives;polychain-capital-portfolio;governance;solana-ecosystem,HISTORICAL_APPROXIMATION,CMC snapshot tags vary by snapshot date (drift test: tags(2024)!=tags(2026)); taxonomy drift unverified,,,,,,NONE
2025-06-01,243,SOS,Solana Swap,33110,solana-swap,0.1816153,181615303.3,4350196.61,999999999,2024-09-23T09:54:45.000Z,1,solana-ecosystem,HISTORICAL_APPROXIMATION,CMC snapshot tags vary by snapshot date (drift test: tags(2024)!=tags(2026)); taxonomy drift unverified,,,,,,NONE
2025-06-01,244,ID,SPACE ID,21846,space-id,0.1781082,180809627.4,9371423.29,1015167312,2022-09-16T05:55:56.000Z,6,ethereum-ecosystem;binance-launchpad;mvb;bnb-chain-ecosystem;dwf-labs-portfolio;binance-ecosystem,HISTORICAL_APPROXIMATION,CMC snapshot tags vary by snapshot date (drift test: tags(2024)!=tags(2026)); taxonomy drift unverified,,,,,,NONE
2025-06-01,245,DEUSD,Elixir deUSD,31024,elixir-deusd,0.99996046,178826887.4,107881.17,178833957.8,2024-05-02T08:51:49.000Z,3,stablecoin;ethereum-ecosystem;usd-stablecoin,HISTORICAL_APPROXIMATION,CMC snapshot tags vary by snapshot date (drift test: tags(2024)!=tags(2026)); taxonomy drift unverified,,,,,,NONE
2025-06-01,246,YFI,yearn.finance,5864,yearn-finance,5292.348467,178951698.1,12190291.74,33813.2871,2020-07-18T00:00:00.000Z,21,defi;dao;ethereum-ecosystem;yield-farming;yield-aggregator;yearn-partnerships,HISTORICAL_APPROXIMATION,CMC snapshot tags vary by snapshot date (drift test: tags(2024)!=tags(2026)); taxonomy drift unverified,,,,YFI-USDT-SWAP,2020-09-02T10:12:51Z,SYMBOL_MATCH
2025-06-01,247,ONE,Harmony,3945,harmony,0.01223565,178841778.2,7258582.99,1.461644868e+10,2019-06-01T00:00:00.000Z,10,platform;enterprise-solutions;scaling;smart-contracts;binance-launchpad;binance-labs-portfolio,HISTORICAL_APPROXIMATION,CMC snapshot tags vary by snapshot date (drift test: tags(2024)!=tags(2026)); taxonomy drift unverified,,,,ONE-USDT-SWAP,2024-02-20T10:47:19Z,SYMBOL_MATCH
2025-06-01,248,QUBIC,Qubic,29169,qubic,1.48e-06,177739869.3,3124533.68,1.197224719e+14,2024-01-25T10:29:06.000Z,3,ai-big-data;generative-ai;layer-1,HISTORICAL_APPROXIMATION,CMC snapshot tags vary by snapshot date (drift test: tags(2024)!=tags(2026)); taxonomy drift unverified,,,,,,NONE
2025-06-01,249,HOT,Holo,2682,holo,0.00101178,177061363.9,5574709.79,1.749991095e+11,2018-04-29T00:00:00.000Z,7,platform;distributed-computing;filesharing;ethereum-ecosystem;storage;depin,HISTORICAL_APPROXIMATION,CMC snapshot tags vary by snapshot date (drift test: tags(2024)!=tags(2026)); taxonomy drift unverified,,,,,,NONE
2025-06-01,250,SUSHI,SushiSwap,6758,sushiswap,0.65457076,176356344.2,26499831.4,269422886.4,2020-08-28T00:00:00.000Z,24,collectibles-nfts;decentralized-exchange-dex-token;defi;gaming;dao;ethereum-ecosystem,HISTORICAL_APPROXIMATION,CMC snapshot tags vary by snapshot date (drift test: tags(2024)!=tags(2026)); taxonomy drift unverified,SUSHI,2023-11-17T16:00:00Z,False,SUSHI-USDT-SWAP,2020-09-02T10:12:51Z,SYMBOL_MATCH
2025-06-01,251,MELANIA,Official Melania Meme,35347,melania-meme,0.31711642,174413494.8,13629414.03,549998312.1,2025-01-19T23:21:51.000Z,4,memes;solana-ecosystem;celebrity-memes;made-in-america,HISTORICAL_APPROXIMATION,CMC snapshot tags vary by snapshot date (drift test: tags(2024)!=tags(2026)); taxonomy drift unverified,MELANIA,2025-01-20T01:00:00Z,False,,,SYMBOL_MATCH
2025-06-01,252,UXLINK,UXLINK,32257,uxlink,0.41409542,169347109.6,103826974.9,408956731,2024-07-17T06:14:06.000Z,5,communications-social-media;social-token;arbitrum-ecosystem;toncoin-ecosystem;mantle-ecosystem,HISTORICAL_APPROXIMATION,CMC snapshot tags vary by snapshot date (drift test: tags(2024)!=tags(2026)); taxonomy drift unverified,,,,,,NONE
2025-06-01,253,LAYER,Solayer,35429,solayer,0.80240906,168505902,33689640.3,210000000,2025-01-23T10:38:59.000Z,7,defi;polychain-capital-portfolio;binance-labs-portfolio;solana-ecosystem;restaking;binance-hodler-airdrops,HISTORICAL_APPROXIMATION,CMC snapshot tags vary by snapshot date (drift test: tags(2024)!=tags(2026)); taxonomy drift unverified,LAYER,2025-02-11T16:00:00Z,False,LAYER-USDT-SWAP,2025-02-11T14:30:00Z,SYMBOL_MATCH
2025-06-01,254,RVN,Ravencoin,2577,ravencoin,0.01102001,167617131.1,7788006.89,1.521025729e+10,2018-03-10T00:00:00.000Z,6,mineable;pow;platform;crowdfunding;real-world-assets;made-in-america,HISTORICAL_APPROXIMATION,CMC snapshot tags vary by snapshot date (drift test: tags(2024)!=tags(2026)); taxonomy drift unverified,,,,RVN-USDT-SWAP,2021-04-23T07:00:00Z,SYMBOL_MATCH
2025-06-01,255,ZANO,Zano,4691,zano,12.34329441,165792501.4,1340132.78,13431787,2020-01-17T00:00:00.000Z,6,mineable;hybrid-pow-pos;medium-of-exchange;atomic-swaps;privacy;layer-1,HISTORICAL_APPROXIMATION,CMC snapshot tags vary by snapshot date (drift test: tags(2024)!=tags(2026)); taxonomy drift unverified,,,,,,NONE
2025-06-01,256,BABY,Babylon,32198,babylon,0.06872673,164885805.9,23328849.74,2399150906,2024-07-15T10:03:41.000Z,13,defi;staking;polychain-capital-portfolio;framework-ventures-portfolio;galaxy-digital-portfolio;hashkey-capital-portfolio,HISTORICAL_APPROXIMATION,CMC snapshot tags vary by snapshot date (drift test: tags(2024)!=tags(2026)); taxonomy drift unverified,BABY,2025-04-12T03:00:00Z,False,BABY-USDT-SWAP,2025-04-10T11:00:00Z,SYMBOL_MATCH
2025-06-01,257,CSPR,Casper,5899,casper,0.01262959,165728222.5,5265891.41,1.312221337e+10,2020-07-21T00:00:00.000Z,7,ai-big-data;enterprise-solutions;arrington-xrp-capital-portfolio;hashkey-capital-portfolio;web3;okx-ventures-portfolio,HISTORICAL_APPROXIMATION,CMC snapshot tags vary by snapshot date (drift test: tags(2024)!=tags(2026)); taxonomy drift unverified,,,,,,NONE
2025-06-01,258,ELF,aelf,2299,aelf,0.22001937,163920391,3258528.25,745027100.7,2017-12-21T00:00:00.000Z,7,dpos;interoperability;smart-contracts;dao;dapp;cross-chain,HISTORICAL_APPROXIMATION,CMC snapshot tags vary by snapshot date (drift test: tags(2024)!=tags(2026)); taxonomy drift unverified,,,,,,NONE
2025-06-01,259,DGB,DigiByte,109,digibyte,0.00923552,163676718.4,1945044.16,1.77225229e+10,2014-02-06T00:00:00.000Z,9,mineable;pow;multiple-algorithms;medium-of-exchange;collectibles-nfts;iot,HISTORICAL_APPROXIMATION,CMC snapshot tags vary by snapshot date (drift test: tags(2024)!=tags(2026)); taxonomy drift unverified,,,,,,NONE
2025-06-01,260,ZEN,Horizen,1698,horizen,10.24186518,164444507.5,82492888.14,16056109.38,2017-06-01T00:00:00.000Z,18,mineable;pow;medium-of-exchange;platform;communications-social-media;enterprise-solutions,HISTORICAL_APPROXIMATION,CMC snapshot tags vary by snapshot date (drift test: tags(2024)!=tags(2026)); taxonomy drift unverified,ZEN,2023-11-09T15:00:00Z,False,ZEN-USDT-SWAP,2025-11-03T06:00:01Z,SYMBOL_MATCH
2025-06-01,261,XCH,Chia,9258,chia-network,11.62862443,162306630.1,4451567.36,13957509,2021-04-16T00:00:00.000Z,4,mineable;real-world-assets;layer-1;made-in-america,HISTORICAL_APPROXIMATION,CMC snapshot tags vary by snapshot date (drift test: tags(2024)!=tags(2026)); taxonomy drift unverified,,,,,,NONE
2025-06-01,262,ANKR,Ankr,3783,ankr,0.01620645,162064535.5,9902567.31,1e+10,2019-03-06T00:00:00.000Z,22,platform;enterprise-solutions;distributed-computing;defi;filesharing;staking,HISTORICAL_APPROXIMATION,CMC snapshot tags vary by snapshot date (drift test: tags(2024)!=tags(2026)); taxonomy drift unverified,,,,,,NONE
2025-06-01,263,ORCA,Orca,11165,orca,2.69156292,161378768.7,47788878.21,59957271.54,2021-08-05T00:00:00.000Z,6,decentralized-exchange-dex-token;defi;amm;dex;three-arrows-capital-portfolio;solana-ecosystem,HISTORICAL_APPROXIMATION,CMC snapshot tags vary by snapshot date (drift test: tags(2024)!=tags(2026)); taxonomy drift unverified,,,,,,NONE
2025-06-01,264,EUL,Euler,14280,euler-finance,8.69207129,159804122.4,449300.12,18385045.07,2021-11-10T15:58:41.000Z,2,ethereum-ecosystem;paradigm-portfolio,HISTORICAL_APPROXIMATION,CMC snapshot tags vary by snapshot date (drift test: tags(2024)!=tags(2026)); taxonomy drift unverified,,,,,,NONE
2025-06-01,265,ETHW,EthereumPoW,21296,ethereum-pow,1.48048856,159624794.4,9424380.27,107818999,2022-08-08T05:19:50.000Z,1,pow,HISTORICAL_APPROXIMATION,CMC snapshot tags vary by snapshot date (drift test: tags(2024)!=tags(2026)); taxonomy drift unverified,,,,ETHW-USDT-SWAP,2022-09-16T06:55:31Z,SYMBOL_MATCH
2025-06-01,266,OSMO,Osmosis,12220,osmosis,0.2158224,157161974.3,6992561.15,728200484.1,2021-09-30T16:58:27.000Z,3,cosmos-ecosystem;injective-ecosystem;osmosis-ecosystem,HISTORICAL_APPROXIMATION,CMC snapshot tags vary by snapshot date (drift test: tags(2024)!=tags(2026)); taxonomy drift unverified,,,,,,NONE
2025-06-01,267,FAI,Freysa,34330,freysa-ai,0.01873316,153418947.7,2611045.63,8189700000,2024-11-30T06:17:26.000Z,3,ai-big-data;base-ecosystem;ai-agents,HISTORICAL_APPROXIMATION,CMC snapshot tags vary by snapshot date (drift test: tags(2024)!=tags(2026)); taxonomy drift unverified,,,,,,NONE
2025-06-01,268,XYO,XYO,2765,xyo,0.01123508,151412391.9,5435900.96,1.347674769e+10,2018-05-22T00:00:00.000Z,13,logistics;distributed-computing;defi;gaming;oracles;ethereum-ecosystem,HISTORICAL_APPROXIMATION,CMC snapshot tags vary by snapshot date (drift test: tags(2024)!=tags(2026)); taxonomy drift unverified,,,,,,NONE
2025-06-01,269,GMX,GMX,11857,gmx,14.93233713,151730177.4,6531586.52,10161180.81,2021-09-13T12:11:50.000Z,6,decentralized-exchange-dex-token;defi;derivatives;dex;avalanche-ecosystem;arbitrum-ecosystem,HISTORICAL_APPROXIMATION,CMC snapshot tags vary by snapshot date (drift test: tags(2024)!=tags(2026)); taxonomy drift unverified,GMX,2023-05-25T00:00:00Z,False,GMX-USDT-SWAP,2023-02-02T07:05:42Z,SYMBOL_MATCH
2025-06-01,270,H2O,H2O DAO,19091,h2o-dao,0.18372108,151569894.3,0,825000000,2022-03-26T13:48:58.000Z,1,bnb-chain-ecosystem,HISTORICAL_APPROXIMATION,CMC snapshot tags vary by snapshot date (drift test: tags(2024)!=tags(2026)); taxonomy drift unverified,,,,,,NONE
2025-06-01,271,T,Threshold,17751,threshold,0.01485667,150473316.4,6008836.19,1.01283338e+10,2022-01-31T08:26:28.000Z,2,ethereum-ecosystem;bitcoin-ecosystem,HISTORICAL_APPROXIMATION,CMC snapshot tags vary by snapshot date (drift test: tags(2024)!=tags(2026)); taxonomy drift unverified,,,,,,NONE
2025-06-01,272,KDA,Kadena,5647,kadena,0.46573191,148896032.4,6813140.22,319703305.1,2020-05-31T00:00:00.000Z,18,mineable;pow;blake2s;platform;ai-big-data;collectibles-nfts,HISTORICAL_APPROXIMATION,CMC snapshot tags vary by snapshot date (drift test: tags(2024)!=tags(2026)); taxonomy drift unverified,,,,,,NONE
2025-06-01,273,SXT,Space and Time,36405,space-and-time,0.10438437,146138115.4,22655269.02,1400000000,2025-05-02T07:29:58.000Z,10,ai-big-data;data-provenance;defi;privacy;zero-knowledge-proofs;ethereum-ecosystem,HISTORICAL_APPROXIMATION,CMC snapshot tags vary by snapshot date (drift test: tags(2024)!=tags(2026)); taxonomy drift unverified,,,,,,NONE
2025-06-01,274,WOO,WOO,7501,wootrade,0.07569458,144816580.1,6627393.01,1913169824,2020-10-23T00:00:00.000Z,17,centralized-exchange;decentralized-exchange-dex-token;defi;ethereum-ecosystem;yield-farming;amm,HISTORICAL_APPROXIMATION,CMC snapshot tags vary by snapshot date (drift test: tags(2024)!=tags(2026)); taxonomy drift unverified,,,,WOO-USDT-SWAP,2023-02-14T06:55:00Z,SYMBOL_MATCH
2025-06-01,275,GMT,GMT,18069,green-metaverse-token,0.05032117,144900938,17433231.28,2879522183,2022-03-09T12:47:15.000Z,9,collectibles-nfts;gaming;ethereum-ecosystem;binance-smart-chain;binance-launchpad;solana-ecosystem,HISTORICAL_APPROXIMATION,CMC snapshot tags vary by snapshot date (drift test: tags(2024)!=tags(2026)); taxonomy drift unverified,GMT,2023-11-26T18:00:00Z,False,GMT-USDT-SWAP,2022-04-01T08:56:09Z,SYMBOL_MATCH
2025-06-01,276,ANIME,Animecoin,35319,anime,0.02581514,142979854,59851670.78,5538604656,2025-01-23T14:00:00.000Z,6,collectibles-nfts;entertainment;ethereum-ecosystem;arbitrum-ecosystem;binance-hodler-airdrops;binance-ecosystem,HISTORICAL_APPROXIMATION,CMC snapshot tags vary by snapshot date (drift test: tags(2024)!=tags(2026)); taxonomy drift unverified,ANIME,2025-01-21T16:00:00Z,False,ANIME-USDT-SWAP,2025-01-23T15:00:01Z,SYMBOL_MATCH
2025-06-01,277,SNT,Status,1759,status,0.03432512,137328858.5,132269894.8,4000826800,2017-06-28T00:00:00.000Z,6,media;communications-social-media;content-creation;ethereum-ecosystem;fabric-ventures-portfolio;kenetic-capital-portfolio,HISTORICAL_APPROXIMATION,CMC snapshot tags vary by snapshot date (drift test: tags(2024)!=tags(2026)); taxonomy drift unverified,,,,,,NONE
2025-06-01,278,EURS,STASIS EURO,2989,stasis-euro,1.1360182,141009327.5,0,124125940,2018-07-30T00:00:00.000Z,5,marketplace;stablecoin;asset-backed-stablecoin;eur-stablecoin;fiat-stablecoin,HISTORICAL_APPROXIMATION,CMC snapshot tags vary by snapshot date (drift test: tags(2024)!=tags(2026)); taxonomy drift unverified,,,,,,NONE
2025-06-01,279,SQD,Subsquid,12894,subsquid,0.23467231,139774873.6,3957939.47,595617237.5,2021-10-19T18:52:29.000Z,3,analytics;arbitrum-ecosystem;base-ecosystem,HISTORICAL_APPROXIMATION,CMC snapshot tags vary by snapshot date (drift test: tags(2024)!=tags(2026)); taxonomy drift unverified,,,,,,NONE
2025-06-01,280,ENJ,Enjin Coin,2130,enjin-coin,0.07479653,138111995,16050277.63,1846502659,2017-11-01T00:00:00.000Z,7,media;vr-ar;collectibles-nfts;gaming;metaverse;arrington-xrp-capital-portfolio,HISTORICAL_APPROXIMATION,CMC snapshot tags vary by snapshot date (drift test: tags(2024)!=tags(2026)); taxonomy drift unverified,,,,ENJ-USDT-SWAP,2024-03-01T10:25:01Z,SYMBOL_MATCH
2025-06-01,281,ZIG,ZIGChain,9260,zigcoin,0.09779001,137780331.4,1664203.6,1408940795,2021-04-16T00:00:00.000Z,7,asset-management;marketplace;platform;ai-big-data;bnb-chain-ecosystem;layer-1,HISTORICAL_APPROXIMATION,CMC snapshot tags vary by snapshot date (drift test: tags(2024)!=tags(2026)); taxonomy drift unverified,,,,,,NONE
2025-06-01,282,DSYNC,Destra Network,29884,destra-network,0.14065642,137132656.5,1597901.85,974947710.1,2024-03-15T07:59:16.000Z,3,ai-big-data;ethereum-ecosystem;depin,HISTORICAL_APPROXIMATION,CMC snapshot tags vary by snapshot date (drift test: tags(2024)!=tags(2026)); taxonomy drift unverified,,,,,,NONE
2025-06-01,283,IO,io.net,29835,io-net,0.83896096,136514273,18263847.77,162718266.4,2024-06-06T04:47:03.000Z,7,ai-big-data;distributed-computing;binance-launchpool;solana-ecosystem;depin;made-in-america,HISTORICAL_APPROXIMATION,CMC snapshot tags vary by snapshot date (drift test: tags(2024)!=tags(2026)); taxonomy drift unverified,IO,2024-06-12T03:00:00Z,False,,,SYMBOL_MATCH
2025-06-01,284,PIXEL,Pixels,29335,pixels,0.04702378,137208681.9,21010880.1,2917857402,2024-02-19T09:43:44.000Z,11,collectibles-nfts;gaming;ethereum-ecosystem;binance-launchpool;governance;play-to-earn,HISTORICAL_APPROXIMATION,CMC snapshot tags vary by snapshot date (drift test: tags(2024)!=tags(2026)); taxonomy drift unverified,PIXEL,2024-02-19T14:00:00Z,True,,,SYMBOL_MATCH
2025-06-01,285,POLYX,Polymesh,20362,polymesh,0.1402461,134876132.9,2964341.14,961710392.8,2022-05-30T12:38:57.000Z,2,real-world-assets;layer-1,HISTORICAL_APPROXIMATION,CMC snapshot tags vary by snapshot date (drift test: tags(2024)!=tags(2026)); taxonomy drift unverified,POLYX,2023-10-24T15:00:00Z,False,,,SYMBOL_MATCH
2025-06-01,286,RLB,Rollbit Coin,15271,rollbit-coin,0.06398976,133178212.1,237221.51,2081242694,2021-11-29T06:53:35.000Z,2,gambling;ethereum-ecosystem,HISTORICAL_APPROXIMATION,CMC snapshot tags vary by snapshot date (drift test: tags(2024)!=tags(2026)); taxonomy drift unverified,RLB,2023-08-02T04:00:00Z,True,,,SYMBOL_MATCH
2025-06-01,287,BOME,BOOK OF MEME,29870,book-of-meme,0.00191657,132108419.1,35623798.49,6.892977643e+10,2024-03-14T11:43:10.000Z,2,memes;solana-ecosystem,HISTORICAL_APPROXIMATION,CMC snapshot tags vary by snapshot date (drift test: tags(2024)!=tags(2026)); taxonomy drift unverified,BOME,2024-03-15T18:00:00Z,False,BOME-USDT-SWAP,2024-08-15T10:20:02Z,SYMBOL_MATCH
2025-06-01,288,WAVES,Waves,1274,waves,1.11862443,131895751.4,15405773.79,117908878,2016-06-02T00:00:00.000Z,9,lpos;platform;defi;smart-contracts;ethereum-ecosystem;waves-ecosystem,HISTORICAL_APPROXIMATION,CMC snapshot tags vary by snapshot date (drift test: tags(2024)!=tags(2026)); taxonomy drift unverified,,,,,,NONE
2025-06-01,289,HMSTR,Hamster Kombat,32195,hamster-kombat,0.0020302,130693811.6,9974433.59,6.4375e+10,2024-07-15T10:14:24.000Z,3,gaming;toncoin-ecosystem;tap-to-earn,HISTORICAL_APPROXIMATION,CMC snapshot tags vary by snapshot date (drift test: tags(2024)!=tags(2026)); taxonomy drift unverified,HMSTR,2024-09-27T05:00:00Z,False,HMSTR-USDT-SWAP,2024-09-26T12:30:00Z,SYMBOL_MATCH
2025-06-01,290,SWFTC,SwftCoin,2341,swftcoin,0.01311807,131180672.7,1764854.49,1e+10,2018-01-04T00:00:00.000Z,7,marketplace;collectibles-nfts;defi;interoperability;payments;ethereum-ecosystem,HISTORICAL_APPROXIMATION,CMC snapshot tags vary by snapshot date (drift test: tags(2024)!=tags(2026)); taxonomy drift unverified,,,,,,NONE
2025-06-01,291,COOKIE,Cookie DAO,31838,cookie,0.25419409,130977617.2,49489960.71,515266186,2024-06-14T09:37:53.000Z,8,marketing;ai-big-data;governance;animoca-brands-portfolio;spartan-group;bnb-chain-ecosystem,HISTORICAL_APPROXIMATION,CMC snapshot tags vary by snapshot date (drift test: tags(2024)!=tags(2026)); taxonomy drift unverified,,,,,,NONE
2025-06-01,292,AUSD,AUSD,32864,agora-finance,0.99935692,128822920,23597046.19,128905817,2024-08-28T06:01:57.000Z,2,stablecoin;usd-stablecoin,HISTORICAL_APPROXIMATION,CMC snapshot tags vary by snapshot date (drift test: tags(2024)!=tags(2026)); taxonomy drift unverified,,,,,,NONE
2025-06-01,293,CVC,Civic,1816,civic,0.12884075,128840748.6,14178047.71,1000000000,2017-07-17T00:00:00.000Z,7,enterprise-solutions;identity;ethereum-ecosystem;solana-ecosystem;dcg-portfolio;pantera-capital-portfolio,HISTORICAL_APPROXIMATION,CMC snapshot tags vary by snapshot date (drift test: tags(2024)!=tags(2026)); taxonomy drift unverified,,,,,,NONE
2025-06-01,294,COTI,COTI,3992,coti,0.0600597,128555999.8,7609795.11,2140470244,2019-06-04T00:00:00.000Z,8,defi;ethereum-ecosystem;fantom-ecosystem;cardano-ecosystem;arbitrum-ecosystem;cardano,HISTORICAL_APPROXIMATION,CMC snapshot tags vary by snapshot date (drift test: tags(2024)!=tags(2026)); taxonomy drift unverified,,,,,,NONE
2025-06-01,295,SKL,SKALE,5691,skale-network,0.02175812,128434976.5,9842329.08,5902852671,2020-06-12T00:00:00.000Z,15,platform;gaming;scaling;smart-contracts;staking;storage,HISTORICAL_APPROXIMATION,CMC snapshot tags vary by snapshot date (drift test: tags(2024)!=tags(2026)); taxonomy drift unverified,,,,,,NONE
2025-06-01,296,USDF,Aster USDF,35437,usdf,0.9991501,128474376,1547587.49,128583659.3,2025-01-24T04:03:42.000Z,2,defi;bnb-chain-ecosystem,HISTORICAL_APPROXIMATION,CMC snapshot tags vary by snapshot date (drift test: tags(2024)!=tags(2026)); taxonomy drift unverified,,,,,,NONE
2025-06-01,297,ICX,ICON,2099,icon,0.11988449,127825743.8,8717962.75,1066240869,2017-10-27T00:00:00.000Z,11,platform;cosmos-ecosystem;enterprise-solutions;defi;interoperability;smart-contracts,HISTORICAL_APPROXIMATION,CMC snapshot tags vary by snapshot date (drift test: tags(2024)!=tags(2026)); taxonomy drift unverified,,,,ICX-USDT-SWAP,2024-02-23T11:27:31Z,SYMBOL_MATCH
2025-06-01,298,ME,Magic Eden,32197,magiceden,0.83872068,125837793.3,18038588.41,150035400.3,2024-07-15T10:03:01.000Z,7,marketplace;collectibles-nfts;wallet;dapp;solana-ecosystem;bitcoin-ecosystem,HISTORICAL_APPROXIMATION,CMC snapshot tags vary by snapshot date (drift test: tags(2024)!=tags(2026)); taxonomy drift unverified,ME,2024-12-10T15:00:00Z,False,ME-USDT-SWAP,2024-12-10T15:30:00Z,SYMBOL_MATCH
2025-06-01,299,ARKM,Arkham,27565,arkham,0.55783173,125567921.5,46627704.2,225100000,2023-07-18T00:20:00.000Z,11,marketplace;ai-big-data;research;ethereum-ecosystem;governance;binance-launchpad,HISTORICAL_APPROXIMATION,CMC snapshot tags vary by snapshot date (drift test: tags(2024)!=tags(2026)); taxonomy drift unverified,,,,ARKM-USDT-SWAP,2024-11-21T08:30:00Z,SYMBOL_MATCH
2025-06-01,300,GOAT,Goatseus Maximus,33440,goatseus-maximus,0.12528587,125284980.9,24251393.5,999992899.3,2024-10-14T10:15:47.000Z,8,ai-big-data;memes;solana-ecosystem;ai-memes;pump-fun-ecosystem;terminal-of-truths,HISTORICAL_APPROXIMATION,CMC snapshot tags vary by snapshot date (drift test: tags(2024)!=tags(2026)); taxonomy drift unverified,GOAT,2024-10-23T13:00:00Z,False,,,SYMBOL_MATCH
2025-06-01,301,AWE,AWE,4006,awe-network,0.06412161,124551043.3,15579692.84,1942419283,2019-06-12T00:00:00.000Z,3,defi;payments;base-ecosystem,HISTORICAL_APPROXIMATION,CMC snapshot tags vary by snapshot date (drift test: tags(2024)!=tags(2026)); taxonomy drift unverified,,,,,,NONE
2025-06-01,302,VVS,VVS Finance,14519,vvs-finance,2.56e-06,123944629.4,454454.9,4.843498776e+13,2021-11-15T09:13:07.000Z,5,decentralized-exchange-dex-token;defi;ethereum-ecosystem;dex;cronos-ecosystem,HISTORICAL_APPROXIMATION,CMC snapshot tags vary by snapshot date (drift test: tags(2024)!=tags(2026)); taxonomy drift unverified,,,,,,NONE
2025-06-01,303,LCX,LCX,4950,lcx,0.1312128,123660132.4,658909.3,942439527,2019-12-03T00:00:00.000Z,4,platform;centralized-exchange;ethereum-ecosystem;alleged-sec-securities,HISTORICAL_APPROXIMATION,CMC snapshot tags vary by snapshot date (drift test: tags(2024)!=tags(2026)); taxonomy drift unverified,,,,,,NONE
2025-06-01,304,G,Gravity (by Galxe),32120,gravity-token,0.01302825,122997604.2,5250525.92,9440840000,2024-07-05T03:29:52.000Z,7,ethereum-ecosystem;binance-launchpool;spartan-group;bnb-chain-ecosystem;layer-1;dwf-labs-portfolio,HISTORICAL_APPROXIMATION,CMC snapshot tags vary by snapshot date (drift test: tags(2024)!=tags(2026)); taxonomy drift unverified,,,,,,NONE
2025-06-01,305,XNO,Nano,1567,nano,0.9229589,122982701.8,3509924.97,133248297,2017-03-06T00:00:00.000Z,7,dag;blake2b;medium-of-exchange;store-of-value;payments;layer-1,HISTORICAL_APPROXIMATION,CMC snapshot tags vary by snapshot date (drift test: tags(2024)!=tags(2026)); taxonomy drift unverified,,,,,,NONE
2025-06-01,306,LUNA,Terra,20314,terra-luna-v2,0.17221577,122270520,13552144.15,709984438.9,2022-05-26T12:47:26.000Z,2,osmosis-ecosystem;alleged-sec-securities,HISTORICAL_APPROXIMATION,CMC snapshot tags vary by snapshot date (drift test: tags(2024)!=tags(2026)); taxonomy drift unverified,,,,LUNA-USDT-SWAP,2022-05-28T13:54:42Z,SYMBOL_MATCH
2025-06-01,307,POKT,Pocket Network,11823,pocket-network,0.06163996,123999884.6,108835196.1,2011680128,2021-09-12T10:19:10.000Z,5,distributed-computing;ethereum-ecosystem;solana-ecosystem;base-ecosystem;depin,HISTORICAL_APPROXIMATION,CMC snapshot tags vary by snapshot date (drift test: tags(2024)!=tags(2026)); taxonomy drift unverified,,,,,,NONE
2025-06-01,308,ONT,Ontology,2566,ontology,0.13211682,120714859.8,7081391.31,913697857,2018-03-08T00:00:00.000Z,10,enterprise-solutions;defi;gaming;identity;ethereum-ecosystem;metaverse,HISTORICAL_APPROXIMATION,CMC snapshot tags vary by snapshot date (drift test: tags(2024)!=tags(2026)); taxonomy drift unverified,,,,ONT-USDT-SWAP,2020-04-21T10:12:51Z,SYMBOL_MATCH
2025-06-01,309,GOHOME,GOHOME,35701,gohome,241.1255829,120537473.3,10972110.33,499895,2025-02-11T09:31:39.000Z,3,memes;solana-ecosystem;political-memes,HISTORICAL_APPROXIMATION,CMC snapshot tags vary by snapshot date (drift test: tags(2024)!=tags(2026)); taxonomy drift unverified,,,,,,NONE
2025-06-01,310,MYTH,Mythos,22125,mythos,0.14108963,120299183.6,680626.55,852643723.2,2022-10-10T05:37:02.000Z,14,collectibles-nfts;gaming;ethereum-ecosystem;polkadot;polkadot-ecosystem;binance-labs-portfolio,HISTORICAL_APPROXIMATION,CMC snapshot tags vary by snapshot date (drift test: tags(2024)!=tags(2026)); taxonomy drift unverified,,,,,,NONE
2025-06-01,311,LRC,Loopring,1934,loopring,0.08785603,120085472.3,8560400.47,1366843877,2017-08-30T00:00:00.000Z,17,marketplace;decentralized-exchange-dex-token;privacy;zero-knowledge-proofs;scaling;smart-contracts,HISTORICAL_APPROXIMATION,CMC snapshot tags vary by snapshot date (drift test: tags(2024)!=tags(2026)); taxonomy drift unverified,,,,,,NONE
2025-06-01,312,BIGTIME,Big Time,28230,big-time,0.06285117,119628989.8,20268296.77,1903369430,2023-10-11T04:56:06.000Z,5,collectibles-nfts;gaming;ethereum-ecosystem;gaming-guild;okx-ventures-portfolio,HISTORICAL_APPROXIMATION,CMC snapshot tags vary by snapshot date (drift test: tags(2024)!=tags(2026)); taxonomy drift unverified,BIGTIME,2023-10-11T18:00:00Z,False,BIGTIME-USDT-SWAP,2023-10-12T12:55:00Z,SYMBOL_MATCH
2025-06-01,313,WMTX,World Mobile Token,13769,world-mobile-token,0.16947756,119104436.1,4675249.54,702774077,2021-11-02T08:55:10.000Z,9,distributed-computing;ethereum-ecosystem;cardano-ecosystem;arbitrum-ecosystem;cardano;bnb-chain-ecosystem,HISTORICAL_APPROXIMATION,CMC snapshot tags vary by snapshot date (drift test: tags(2024)!=tags(2026)); taxonomy drift unverified,,,,,,NONE
2025-06-01,314,LAUNCHCOIN,Launch Coin on Believe,35487,launch-coin-on-believe,0.11944815,119433130.6,29910090.88,999874290,2025-01-27T06:31:18.000Z,3,solana-ecosystem;internet-capital-markets;believe-app-ecosystem,HISTORICAL_APPROXIMATION,CMC snapshot tags vary by snapshot date (drift test: tags(2024)!=tags(2026)); taxonomy drift unverified,LAUNCHCOIN,2025-05-14T15:00:00Z,True,,,SYMBOL_MATCH
2025-06-01,315,PAAL,PAAL AI,27178,paal-ai,0.12126967,117997982,6748309.25,973021358.3,2023-06-23T07:23:59.000Z,15,communications-social-media;ai-big-data;ethereum-ecosystem;bnb-chain-ecosystem;generative-ai;telegram-bot,HISTORICAL_APPROXIMATION,CMC snapshot tags vary by snapshot date (drift test: tags(2024)!=tags(2026)); taxonomy drift unverified,,,,,,NONE
2025-06-01,316,HIVE,Hive,5370,hive-blockchain,0.23470556,117528631.8,2483233.14,500749242.9,2020-03-26T00:00:00.000Z,7,dpos;media;communications-social-media;content-creation;scaling;web3,HISTORICAL_APPROXIMATION,CMC snapshot tags vary by snapshot date (drift test: tags(2024)!=tags(2026)); taxonomy drift unverified,,,,,,NONE
2025-06-01,317,VENOM,Venom,22059,venom,0.11716403,115865764.9,481310.98,988919270,2022-10-04T05:33:38.000Z,2,defi;dao,HISTORICAL_APPROXIMATION,CMC snapshot tags vary by snapshot date (drift test: tags(2024)!=tags(2026)); taxonomy drift unverified,,,,,,NONE
2025-06-01,318,TRB,Tellor,4944,tellor,43.30005984,115596914.1,159758055.4,2669671,2019-11-19T00:00:00.000Z,11,mineable;defi;oracles;ethereum-ecosystem;framework-ventures-portfolio;polygon-ecosystem,HISTORICAL_APPROXIMATION,CMC snapshot tags vary by snapshot date (drift test: tags(2024)!=tags(2026)); taxonomy drift unverified,TRB,2023-09-17T03:00:00Z,False,TRB-USDT-SWAP,2020-09-08T10:12:51Z,SYMBOL_MATCH
2025-06-01,319,KMNO,Kamino Finance,30986,kamino-finance,0.05793547,115355081.3,25408208.48,1991095912,2024-04-30T06:37:24.000Z,3,defi;solana-ecosystem;lending-borowing,HISTORICAL_APPROXIMATION,CMC snapshot tags vary by snapshot date (drift test: tags(2024)!=tags(2026)); taxonomy drift unverified,,,,KMNO-USDT-SWAP,2025-05-30T03:30:00Z,SYMBOL_MATCH
2025-06-01,320,REQ,Request,2071,request,0.135933,114767234.2,5589605.01,844292691.4,2017-10-20T00:00:00.000Z,6,medium-of-exchange;defi;payments;smart-contracts;ethereum-ecosystem;polygon-ecosystem,HISTORICAL_APPROXIMATION,CMC snapshot tags vary by snapshot date (drift test: tags(2024)!=tags(2026)); taxonomy drift unverified,REQ,2023-10-11T14:00:00Z,True,,,SYMBOL_MATCH
2025-06-01,321,SXP,Solar,4279,sxp,0.17713407,114240650.3,3716812.56,644938875.5,2019-08-26T00:00:00.000Z,7,medium-of-exchange;defi;payments;wallet;binance-labs-portfolio;alameda-research-portfolio,HISTORICAL_APPROXIMATION,CMC snapshot tags vary by snapshot date (drift test: tags(2024)!=tags(2026)); taxonomy drift unverified,,,,,,NONE
2025-06-01,322,HONEY,Hivemapper,22850,hivemapper,0.02594935,113603812.1,1502028.45,4377905582,2022-12-03T13:01:09.000Z,5,distributed-computing;iot;solana-ecosystem;depin;made-in-america,HISTORICAL_APPROXIMATION,CMC snapshot tags vary by snapshot date (drift test: tags(2024)!=tags(2026)); taxonomy drift unverified,,,,,,NONE
2025-06-01,323,METIS,Metis,9640,metisdao,17.78882073,113439920.7,6305745.78,6377034.342,2021-05-08T00:00:00.000Z,11,privacy;zero-knowledge-proofs;scaling;ethereum-ecosystem;layer-2;rollups,HISTORICAL_APPROXIMATION,CMC snapshot tags vary by snapshot date (drift test: tags(2024)!=tags(2026)); taxonomy drift unverified,,,,METIS-USDT-SWAP,2023-12-28T09:55:00Z,SYMBOL_MATCH
2025-06-01,324,SIREN,siren,35766,siren-bsc,0.15397993,112673474.6,19093530.09,731741281.3,2025-02-14T16:40:35.000Z,7,ai-big-data;memes;bnb-chain-ecosystem;ai-agents;binance-alpha;four-meme-ecosystem,HISTORICAL_APPROXIMATION,CMC snapshot tags vary by snapshot date (drift test: tags(2024)!=tags(2026)); taxonomy drift unverified,,,,,,NONE
2025-06-01,325,SSV,ssv.network,12999,ssv-network,9.03272824,112719139.5,26049559.69,12478969.42,2021-10-22T05:12:07.000Z,1,ethereum-ecosystem,HISTORICAL_APPROXIMATION,CMC snapshot tags vary by snapshot date (drift test: tags(2024)!=tags(2026)); taxonomy drift unverified,,,,SSV-USDT-SWAP,2023-11-23T03:55:00Z,SYMBOL_MATCH
2025-06-01,326,USDL,Lift Dollar,32454,lift-dollar,0.99984485,112699522.2,1182724.66,112717010.3,2024-07-30T09:51:03.000Z,1,stablecoin,HISTORICAL_APPROXIMATION,CMC snapshot tags vary by snapshot date (drift test: tags(2024)!=tags(2026)); taxonomy drift unverified,,,,,,NONE
2025-06-01,327,STIK,Staika,23951,staika,0.92987419,111831591.1,201329.42,120265292.6,2023-03-15T10:03:10.000Z,2,solana-ecosystem;dwf-labs-portfolio,HISTORICAL_APPROXIMATION,CMC snapshot tags vary by snapshot date (drift test: tags(2024)!=tags(2026)); taxonomy drift unverified,,,,,,NONE
2025-06-01,328,INIT,Initia,33120,initia,0.75300878,112010056.1,142833542.6,148750000,2025-04-17T09:02:11.000Z,6,interoperability;smart-contracts;binance-launchpool;binance-labs-portfolio;layer-1;binance-ecosystem,HISTORICAL_APPROXIMATION,CMC snapshot tags vary by snapshot date (drift test: tags(2024)!=tags(2026)); taxonomy drift unverified,INIT,2025-04-24T12:00:00Z,False,INIT-USDT-SWAP,2025-04-24T11:30:00Z,SYMBOL_MATCH
2025-06-01,329,DAG,Constellation,2868,constellation,0.03880989,111518215.2,3012016.62,2873448318,2018-06-20T00:00:00.000Z,6,dag;platform;payments;smart-contracts;layer-1;made-in-america,HISTORICAL_APPROXIMATION,CMC snapshot tags vary by snapshot date (drift test: tags(2024)!=tags(2026)); taxonomy drift unverified,,,,,,NONE
2025-06-01,330,XVG,Verge,693,verge,0.0066866,110475731.2,8119966.19,1.652195124e+10,2014-10-25T00:00:00.000Z,5,mineable;multiple-algorithms;medium-of-exchange;2017-2018-alt-season;made-in-america,HISTORICAL_APPROXIMATION,CMC snapshot tags vary by snapshot date (drift test: tags(2024)!=tags(2026)); taxonomy drift unverified,,,,,,NONE
2025-06-01,331,MPLX,Metaplex,21870,metaplex,0.14580766,110203344.5,4260904.07,755813146,2022-09-20T05:27:00.000Z,1,solana-ecosystem,HISTORICAL_APPROXIMATION,CMC snapshot tags vary by snapshot date (drift test: tags(2024)!=tags(2026)); taxonomy drift unverified,,,,,,NONE
2025-06-01,332,STORJ,Storj,1772,storj,0.26508724,109739061.4,7283881.52,413973378.6,2017-07-02T00:00:00.000Z,7,platform;distributed-computing;filesharing;ethereum-ecosystem;storage;web3,HISTORICAL_APPROXIMATION,CMC snapshot tags vary by snapshot date (drift test: tags(2024)!=tags(2026)); taxonomy drift unverified,,,,,,NONE
2025-06-01,333,WCT,WalletConnect Token,33152,walletconnect-token,0.57626583,107300697.6,625519318.3,186200000,2024-09-24T15:24:51.000Z,5,wallet;ethereum-ecosystem;binance-launchpool;optimism-ecosystem;binance-ecosystem,HISTORICAL_APPROXIMATION,CMC snapshot tags vary by snapshot date (drift test: tags(2024)!=tags(2026)); taxonomy drift unverified,WCT,2025-04-15T15:00:00Z,False,WCT-USDT-SWAP,2025-04-15T11:30:00Z,SYMBOL_MATCH
2025-06-01,334,PEOPLE,ConstitutionDAO,14806,constitutiondao,0.02129487,107754947.5,33460010.1,5060137335,2021-11-19T03:12:15.000Z,6,memes;dao;ethereum-ecosystem;solana-ecosystem;political-memes;made-in-america,HISTORICAL_APPROXIMATION,CMC snapshot tags vary by snapshot date (drift test: tags(2024)!=tags(2026)); taxonomy drift unverified,PEOPLE,2024-01-03T17:00:00Z,False,PEOPLE-USDT-SWAP,2021-12-02T06:51:29Z,SYMBOL_MATCH
2025-06-01,335,PHA,Phala Network,6841,phala-network,0.13463779,107360185.2,26879474.84,797400076.5,2020-09-13T00:00:00.000Z,25,ai-big-data;distributed-computing;privacy;zero-knowledge-proofs;gaming;interoperability,HISTORICAL_APPROXIMATION,CMC snapshot tags vary by snapshot date (drift test: tags(2024)!=tags(2026)); taxonomy drift unverified,,,,,,NONE
2025-06-01,336,ALCH,Alchemist AI,34880,alchemist-ai,0.12675784,107744166.5,38740967.09,850000000,2024-12-26T08:47:25.000Z,5,solana-ecosystem;desci;pump-fun-ecosystem;binance-alpha;binance-ecosystem,HISTORICAL_APPROXIMATION,CMC snapshot tags vary by snapshot date (drift test: tags(2024)!=tags(2026)); taxonomy drift unverified,,,,,,NONE
2025-06-01,337,KEEP,Keep Network,5566,keep-network,0.11068641,107120873.5,11470,967787054.3,2020-05-13T00:00:00.000Z,12,defi;privacy;ethereum-ecosystem;coinbase-ventures-portfolio;polychain-capital-portfolio;solana-ecosystem,HISTORICAL_APPROXIMATION,CMC snapshot tags vary by snapshot date (drift test: tags(2024)!=tags(2026)); taxonomy drift unverified,,,,,,NONE
2025-06-01,338,PRIME,Echelon Prime,23711,echelon-prime,2.98189472,106673827.4,3025851.13,35773841,2023-03-01T16:41:56.000Z,8,ai-big-data;collectibles-nfts;gaming;ethereum-ecosystem;paradigm-portfolio;generative-ai,HISTORICAL_APPROXIMATION,CMC snapshot tags vary by snapshot date (drift test: tags(2024)!=tags(2026)); taxonomy drift unverified,,,,,,NONE
2025-06-01,339,SOPH,Sophon,32087,sophon,0.05339899,106797980.6,132387413.9,2000000000,2024-07-04T07:13:52.000Z,9,ethereum-ecosystem;polygon-ecosystem;arbitrum-ecosystem;bnb-chain-ecosystem;base-ecosystem;binance-alpha,HISTORICAL_APPROXIMATION,CMC snapshot tags vary by snapshot date (drift test: tags(2024)!=tags(2026)); taxonomy drift unverified,SOPH,2025-05-28T15:00:00Z,False,SOPH-USDT-SWAP,2025-05-28T13:30:00Z,SYMBOL_MATCH
2025-06-01,340,BAND,Band Protocol,4679,band-protocol,0.65644985,106133465.4,5851289.59,161677949,2019-09-18T00:00:00.000Z,16,cosmos-ecosystem;defi;oracles;ethereum-ecosystem;binance-chain;binance-launchpad,HISTORICAL_APPROXIMATION,CMC snapshot tags vary by snapshot date (drift test: tags(2024)!=tags(2026)); taxonomy drift unverified,,,,BAND-USDT-SWAP,2020-09-07T10:12:51Z,SYMBOL_MATCH
2025-06-01,341,RPL,Rocket Pool,2943,rocket-pool,4.93507276,105534928.5,10450923.46,21384675.27,2018-07-17T00:00:00.000Z,3,defi;ethereum-ecosystem;liquid-staking-derivatives,HISTORICAL_APPROXIMATION,CMC snapshot tags vary by snapshot date (drift test: tags(2024)!=tags(2026)); taxonomy drift unverified,,,,,,NONE
2025-06-01,342,TAI,TARS AI,20605,tars-protocol,0.11804618,105319588.2,11527237.95,892189753.9,2022-06-15T10:23:43.000Z,4,ai-big-data;solana-ecosystem;ai-agents;ai-agent-launchpad,HISTORICAL_APPROXIMATION,CMC snapshot tags vary by snapshot date (drift test: tags(2024)!=tags(2026)); taxonomy drift unverified,,,,,,NONE
2025-06-01,343,CFG,Centrifuge,6748,centrifuge,0.19193473,104956312.5,2052929.38,546833346,2020-08-28T00:00:00.000Z,7,ethereum-ecosystem;substrate;polkadot;polkadot-ecosystem;moonbeam-ecosystem;real-world-assets,HISTORICAL_APPROXIMATION,CMC snapshot tags vary by snapshot date (drift test: tags(2024)!=tags(2026)); taxonomy drift unverified,,,,,,NONE
2025-06-01,344,XAI,Xai,28933,xai-games,0.07114882,104569632.2,17745791.72,1469730991,2024-01-09T15:55:00.000Z,7,platform;gaming;binance-launchpool;cms-holdings-portfolio;arbitrum-ecosystem;animoca-brands-portfolio,HISTORICAL_APPROXIMATION,CMC snapshot tags vary by snapshot date (drift test: tags(2024)!=tags(2026)); taxonomy drift unverified,XAI,2024-01-15T18:00:00Z,False,,,SYMBOL_MATCH
2025-06-01,345,BIO,Bio Protocol,34812,bio,0.06841665,102675830.8,19108267.19,1500743350,2024-12-23T08:13:52.000Z,7,dao;ethereum-ecosystem;binance-labs-portfolio;solana-ecosystem;bnb-chain-ecosystem;desci,HISTORICAL_APPROXIMATION,CMC snapshot tags vary by snapshot date (drift test: tags(2024)!=tags(2026)); taxonomy drift unverified,BIO,2025-01-03T14:00:00Z,False,BIO-USDT-SWAP,2025-01-03T10:45:00Z,SYMBOL_MATCH
2025-06-01,346,MANTA,Manta Network,13631,manta-network,0.24582465,102235234.1,17440452.38,415886833.7,2024-01-18T10:00:24.000Z,12,privacy;zero-knowledge-proofs;ethereum-ecosystem;binance-launchpool;polychain-capital-portfolio;layer-2,HISTORICAL_APPROXIMATION,CMC snapshot tags vary by snapshot date (drift test: tags(2024)!=tags(2026)); taxonomy drift unverified,MANTA,2024-01-18T22:00:00Z,False,,,SYMBOL_MATCH
2025-06-01,347,KUB,KUB Coin,16093,bitkub-coin,1.48099948,102151607.6,632742.4,68974776,2021-12-15T10:23:05.000Z,1,ethereum-ecosystem,HISTORICAL_APPROXIMATION,CMC snapshot tags vary by snapshot date (drift test: tags(2024)!=tags(2026)); taxonomy drift unverified,,,,,,NONE
2025-06-01,348,XPR,XPR Network,5350,proton,0.00368315,101855779.5,1589958.74,2.765450823e+10,2020-04-06T00:00:00.000Z,9,collectibles-nfts;decentralized-exchange-dex-token;defi;wallet;ethereum-ecosystem;amm,HISTORICAL_APPROXIMATION,CMC snapshot tags vary by snapshot date (drift test: tags(2024)!=tags(2026)); taxonomy drift unverified,,,,,,NONE
2025-06-01,349,NPC,Non-Playable Coin,27960,non-playable-coin,0.01364835,101305135.4,2337277.67,7422517811,2023-08-31T13:35:42.000Z,6,memes;ethereum-ecosystem;solana-ecosystem;bnb-chain-ecosystem;base-ecosystem;hybrid-token-standard,HISTORICAL_APPROXIMATION,CMC snapshot tags vary by snapshot date (drift test: tags(2024)!=tags(2026)); taxonomy drift unverified,,,,,,NONE
2025-06-01,350,RED,RedStone,21707,redstone,0.36063515,100977842.6,6874675.17,280000000,2022-09-05T10:28:27.000Z,3,ethereum-ecosystem;binance-launchpool;binance-ecosystem,HISTORICAL_APPROXIMATION,CMC snapshot tags vary by snapshot date (drift test: tags(2024)!=tags(2026)); taxonomy drift unverified,,,,,,NONE
2025-06-01,351,SOLO,Sologenic,5279,sologenic,0.25305551,100917720.2,2275835.35,398796764.1,2020-03-06T00:00:00.000Z,2,xrp-ecosystem;bnb-chain-ecosystem,HISTORICAL_APPROXIMATION,CMC snapshot tags vary by snapshot date (drift test: tags(2024)!=tags(2026)); taxonomy drift unverified,,,,,,NONE
2025-06-01,352,PRO,Propy,1974,propy,1.00768475,100768475.1,4485569.65,100000000,2017-09-19T00:00:00.000Z,8,real-estate;defi;escrow;smart-contracts;ethereum-ecosystem;arrington-xrp-capital-portfolio,HISTORICAL_APPROXIMATION,CMC snapshot tags vary by snapshot date (drift test: tags(2024)!=tags(2026)); taxonomy drift unverified,,,,,,NONE
2025-06-01,353,BICO,Biconomy,9543,biconomy,0.10495614,100254926.9,7664276.41,955207835.3,2021-12-01T10:12:17.000Z,11,platform;defi;interoperability;ethereum-ecosystem;coinbase-ventures-portfolio;binance-labs-portfolio,HISTORICAL_APPROXIMATION,CMC snapshot tags vary by snapshot date (drift test: tags(2024)!=tags(2026)); taxonomy drift unverified,,,,BICO-USDT-SWAP,2021-12-09T06:50:17Z,SYMBOL_MATCH
2025-06-01,354,YGG,Yield Guild Games,10688,yield-guild-games,0.19128158,100248508.7,8906095.75,524088672.3,2021-06-28T00:00:00.000Z,18,collectibles-nfts;gaming;entertainment;dao;ethereum-ecosystem;solana-ecosystem,HISTORICAL_APPROXIMATION,CMC snapshot tags vary by snapshot date (drift test: tags(2024)!=tags(2026)); taxonomy drift unverified,YGG,2023-08-06T16:00:00Z,False,YGG-USDT-SWAP,2021-08-06T09:00:00Z,SYMBOL_MATCH
2025-06-01,355,CETUS,Cetus Protocol,25114,cetus-protocol,0.13731152,99582248.36,24824652.91,725228636,2023-05-09T13:55:38.000Z,4,decentralized-exchange-dex-token;defi;sui-ecosystem;move-vm,HISTORICAL_APPROXIMATION,CMC snapshot tags vary by snapshot date (drift test: tags(2024)!=tags(2026)); taxonomy drift unverified,,,,,,NONE
2025-06-01,356,USUAL,Usual,33979,usual,0.10444611,99006093.78,17994915.57,947915568.2,2024-11-14T12:01:40.000Z,6,defi;staking;ethereum-ecosystem;binance-launchpool;governance;binance-ecosystem,HISTORICAL_APPROXIMATION,CMC snapshot tags vary by snapshot date (drift test: tags(2024)!=tags(2026)); taxonomy drift unverified,USUAL,2024-12-18T17:00:00Z,False,,,SYMBOL_MATCH
2025-06-01,357,UMA,UMA,5617,uma,1.13225901,98993950.58,7357109.32,87430481.31,2020-05-25T00:00:00.000Z,14,defi;derivatives;oracles;dao;ethereum-ecosystem;coinbase-ventures-portfolio,HISTORICAL_APPROXIMATION,CMC snapshot tags vary by snapshot date (drift test: tags(2024)!=tags(2026)); taxonomy drift unverified,UMA,2024-01-19T04:00:00Z,False,UMA-USDT-SWAP,2020-09-04T10:12:51Z,SYMBOL_MATCH
2025-06-01,358,PROM,Prom,4120,prom,5.37852112,98158010.37,3986833.87,18250000,2019-07-17T00:00:00.000Z,3,ethereum-ecosystem;bnb-chain-ecosystem;dwf-labs-portfolio,HISTORICAL_APPROXIMATION,CMC snapshot tags vary by snapshot date (drift test: tags(2024)!=tags(2026)); taxonomy drift unverified,,,,,,NONE
2025-06-01,359,CGPT,ChainGPT,23756,chaingpt,0.11906995,98026752.23,12176524.49,823270301,2023-04-10T12:12:43.000Z,22,media;platform;communications-social-media;ai-big-data;collectibles-nfts;content-creation,HISTORICAL_APPROXIMATION,CMC snapshot tags vary by snapshot date (drift test: tags(2024)!=tags(2026)); taxonomy drift unverified,,,,,,NONE
2025-06-01,360,CPOOL,Clearpool,12573,clearpool,0.12614199,97835210.56,1453194.23,775595883.2,2021-10-10T08:04:07.000Z,7,defi;ethereum-ecosystem;solana-ecosystem;real-world-assets;binance-alpha;cmc-crypto-yearbook-2024-2025,HISTORICAL_APPROXIMATION,CMC snapshot tags vary by snapshot date (drift test: tags(2024)!=tags(2026)); taxonomy drift unverified,,,,,,NONE
2025-06-01,361,ALT,Altlayer,29073,altlayer,0.02781443,97749642.83,9970578.29,3514349411,2024-01-17T12:59:16.000Z,16,privacy;zero-knowledge-proofs;interoperability;staking;ethereum-ecosystem;binance-launchpool,HISTORICAL_APPROXIMATION,CMC snapshot tags vary by snapshot date (drift test: tags(2024)!=tags(2026)); taxonomy drift unverified,ALT,2024-01-25T15:00:00Z,False,,,SYMBOL_MATCH
2025-06-01,362,XVS,Venus,7288,venus,5.89824468,97971422.8,2893551.77,16610267.65,2020-10-05T00:00:00.000Z,14,defi;privacy;ethereum-ecosystem;yield-farming;binance-launchpool;lending-borowing,HISTORICAL_APPROXIMATION,CMC snapshot tags vary by snapshot date (drift test: tags(2024)!=tags(2026)); taxonomy drift unverified,,,,,,NONE
2025-06-01,363,SATS,SATS (Ordinals),28194,sats-ordinals,5e-08,97343893.26,23745310.07,2.1e+15,2023-09-29T05:13:12.000Z,4,bitcoin-ecosystem;brc-20;inscriptions;ordinals-brc20-ecosystem,HISTORICAL_APPROXIMATION,CMC snapshot tags vary by snapshot date (drift test: tags(2024)!=tags(2026)); taxonomy drift unverified,,,,SATS-USDT-SWAP,2023-12-18T08:55:00Z,SYMBOL_MATCH
2025-06-01,364,PEAQ,peaq,14588,peaq,0.10737119,95964521.42,5240620.41,893764181.5,2021-11-16T05:26:17.000Z,2,layer-1;depin,HISTORICAL_APPROXIMATION,CMC snapshot tags vary by snapshot date (drift test: tags(2024)!=tags(2026)); taxonomy drift unverified,,,,,,NONE
2025-06-01,365,BORA,BORA,3801,bora,0.08754806,96280975.45,895345.83,1099750000,2019-03-18T00:00:00.000Z,3,marketplace;gaming;klaytn-ecosystem,HISTORICAL_APPROXIMATION,CMC snapshot tags vary by snapshot date (drift test: tags(2024)!=tags(2026)); taxonomy drift unverified,,,,,,NONE
2025-06-01,366,ORBR,Orbler,17520,orbler,0.09418961,95657723.84,103748.62,1015586750,2022-03-01T07:28:22.000Z,1,ethereum-ecosystem,HISTORICAL_APPROXIMATION,CMC snapshot tags vary by snapshot date (drift test: tags(2024)!=tags(2026)); taxonomy drift unverified,,,,,,NONE
2025-06-01,367,SIGN,Sign,35600,sign,0.07978222,95738666.64,29822574.04,1200000000,2025-04-25T14:19:12.000Z,7,ethereum-ecosystem;launchpad;binance-labs-portfolio;bnb-chain-ecosystem;base-ecosystem;binance-hodler-airdrops,HISTORICAL_APPROXIMATION,CMC snapshot tags vary by snapshot date (drift test: tags(2024)!=tags(2026)); taxonomy drift unverified,,,,SIGN-USDT-SWAP,2025-04-28T11:30:00Z,SYMBOL_MATCH
2025-06-01,368,WAXP,WAX,2300,wax,0.02161005,94930071.95,3550310.99,4392866014,2017-12-21T00:00:00.000Z,11,media;collectibles-nfts;gaming;entertainment;payments;metaverse,HISTORICAL_APPROXIMATION,CMC snapshot tags vary by snapshot date (drift test: tags(2024)!=tags(2026)); taxonomy drift unverified,,,,,,NONE
2025-06-01,369,VELO,Velo,7127,velo,0.01285858,95031052.56,8865770.94,7390475595,2020-09-21T00:00:00.000Z,3,stellar-ecosystem;bnb-chain-ecosystem;dwf-labs-portfolio,HISTORICAL_APPROXIMATION,CMC snapshot tags vary by snapshot date (drift test: tags(2024)!=tags(2026)); taxonomy drift unverified,,,,,,NONE
2025-06-01,370,VVV,Venice Token,35509,venice-token,3.10164155,94619846.22,5285062.8,30506376.95,2025-01-28T02:53:32.000Z,5,ai-big-data;base-ecosystem;binance-alpha;made-in-america;binance-ecosystem,HISTORICAL_APPROXIMATION,CMC snapshot tags vary by snapshot date (drift test: tags(2024)!=tags(2026)); taxonomy drift unverified,VVV,2025-01-28T01:00:00Z,False,VVV-USDT-SWAP,2026-07-03T06:00:00Z,SYMBOL_MATCH
2025-06-01,371,AUDIO,Audius,7455,audius,0.07008062,93040554,6276754.89,1327621797,2020-10-20T00:00:00.000Z,14,music;dao;ethereum-ecosystem;coinbase-ventures-portfolio;binance-labs-portfolio;solana-ecosystem,HISTORICAL_APPROXIMATION,CMC snapshot tags vary by snapshot date (drift test: tags(2024)!=tags(2026)); taxonomy drift unverified,,,,,,NONE
2025-06-01,372,POWR,Powerledger,2132,power-ledger,0.16197295,91948353.39,4576200.64,567677202.9,2017-11-01T00:00:00.000Z,5,energy;communications-social-media;sharing-economy;ethereum-ecosystem;alleged-sec-securities,HISTORICAL_APPROXIMATION,CMC snapshot tags vary by snapshot date (drift test: tags(2024)!=tags(2026)); taxonomy drift unverified,,,,,,NONE
2025-06-01,373,CARV,CARV,33372,carv,0.33452385,92385023.2,11986535.78,276168722.4,2024-10-09T06:46:03.000Z,5,ethereum-ecosystem;solana-ecosystem;arbitrum-ecosystem;animoca-brands-portfolio;base-ecosystem,HISTORICAL_APPROXIMATION,CMC snapshot tags vary by snapshot date (drift test: tags(2024)!=tags(2026)); taxonomy drift unverified,,,,,,NONE
2025-06-01,374,WEMIX,WEMIX,7548,wemix,0.21609058,91140190.36,7769545.17,421768458.1,2020-10-29T00:00:00.000Z,6,platform;collectibles-nfts;gaming;metaverse;play-to-earn;layer-1,HISTORICAL_APPROXIMATION,CMC snapshot tags vary by snapshot date (drift test: tags(2024)!=tags(2026)); taxonomy drift unverified,,,,,,NONE
2025-06-01,375,MEME,Memecoin,28301,meme,0.00191292,90102004.87,22991503.5,4.710190756e+10,2023-11-03T08:03:36.000Z,5,collectibles-nfts;memes;ethereum-ecosystem;binance-launchpool;binance-ecosystem,HISTORICAL_APPROXIMATION,CMC snapshot tags vary by snapshot date (drift test: tags(2024)!=tags(2026)); taxonomy drift unverified,MEME,2023-11-03T15:00:00Z,False,MEME-USDT-SWAP,2023-11-03T08:55:00Z,SYMBOL_MATCH
2025-06-01,376,BMX,BitMart Token,2933,bitmart-token,0.2770768,89850913.95,6025013.06,324281616,2018-07-13T00:00:00.000Z,2,marketplace;ethereum-ecosystem,HISTORICAL_APPROXIMATION,CMC snapshot tags vary by snapshot date (drift test: tags(2024)!=tags(2026)); taxonomy drift unverified,,,,,,NONE
2025-06-01,377,STRAX,Stratis [New],30168,stratis-new,0.04589093,90414936.02,1616985.41,1970213805,2016-08-12T00:00:00.000Z,10,hybrid-pow-pos;poa;platform;enterprise-solutions;defi;masternodes,HISTORICAL_APPROXIMATION,CMC snapshot tags vary by snapshot date (drift test: tags(2024)!=tags(2026)); taxonomy drift unverified,STRAX,2023-10-26T16:00:00Z,True,,,SYMBOL_MATCH
2025-06-01,378,XOR,SORA,5802,sora,0,87854425.05,19873.21,4.018884606e+20,2020-07-02T00:00:00.000Z,5,ethereum-ecosystem;substrate;polkadot;polkadot-ecosystem;sora-ecosystem,HISTORICAL_APPROXIMATION,CMC snapshot tags vary by snapshot date (drift test: tags(2024)!=tags(2026)); taxonomy drift unverified,,,,,,NONE
2025-06-01,379,NIL,Nillion,35702,nillion,0.46574634,90890398.21,39790467.26,195150000,2025-02-11T10:24:28.000Z,6,ai-big-data;binance-launchpool;hashkey-capital-portfolio;animoca-brands-portfolio;depin;binance-ecosystem,HISTORICAL_APPROXIMATION,CMC snapshot tags vary by snapshot date (drift test: tags(2024)!=tags(2026)); taxonomy drift unverified,NIL,2025-03-24T14:00:00Z,False,,,SYMBOL_MATCH
2025-06-01,380,DYM,Dymension,28932,dymension,0.2938537,88159122.29,5664495.51,300010246,2024-02-06T10:00:00.000Z,3,cosmos-ecosystem;osmosis-ecosystem;modular-blockchain,HISTORICAL_APPROXIMATION,CMC snapshot tags vary by snapshot date (drift test: tags(2024)!=tags(2026)); taxonomy drift unverified,DYM,2024-02-06T18:00:00Z,False,,,SYMBOL_MATCH
2025-06-01,381,IOST,IOST,2405,iostoken,0.00346272,87979106.83,6879378.61,2.540752684e+10,2018-01-16T00:00:00.000Z,5,hardware;iot;iost-ecosystem;huobi-capital-portfolio;bnb-chain-ecosystem,HISTORICAL_APPROXIMATION,CMC snapshot tags vary by snapshot date (drift test: tags(2024)!=tags(2026)); taxonomy drift unverified,,,,IOST-USDT-SWAP,2020-04-21T10:12:51Z,SYMBOL_MATCH
2025-06-01,382,FLUX,Flux,3029,zel,0.22819657,87956561.39,3799249.55,385442084.5,2018-08-02T00:00:00.000Z,27,mineable;pow;ai-big-data;distributed-computing;defi;filesharing,HISTORICAL_APPROXIMATION,CMC snapshot tags vary by snapshot date (drift test: tags(2024)!=tags(2026)); taxonomy drift unverified,,,,,,NONE
2025-06-01,383,SPELL,Spell Token,11289,spell-token,0.00053911,87385174.27,9375225.54,1.620911994e+11,2021-08-17T00:00:00.000Z,10,defi;ethereum-ecosystem;avalanche-ecosystem;solana-ecosystem;fantom-ecosystem;olympus-pro-ecosystem,HISTORICAL_APPROXIMATION,CMC snapshot tags vary by snapshot date (drift test: tags(2024)!=tags(2026)); taxonomy drift unverified,,,,,,NONE
2025-06-01,384,LON,Tokenlon Network Token,8083,tokenlon-network-token,0.72518156,87363038.91,111521.53,120470574.6,2020-12-23T00:00:00.000Z,4,decentralized-exchange-dex-token;defi;ethereum-ecosystem;arbitrum-ecosystem,HISTORICAL_APPROXIMATION,CMC snapshot tags vary by snapshot date (drift test: tags(2024)!=tags(2026)); taxonomy drift unverified,,,,,,NONE
2025-06-01,385,BANANA,Banana Gun,28066,banana-gun,21.89596172,87211898.16,13212811.47,3983012.908,2023-09-20T12:34:29.000Z,5,communications-social-media;ethereum-ecosystem;telegram-bot;binance-hodler-airdrops;binance-ecosystem,HISTORICAL_APPROXIMATION,CMC snapshot tags vary by snapshot date (drift test: tags(2024)!=tags(2026)); taxonomy drift unverified,BANANA,2023-09-15T12:00:00Z,False,,,SYMBOL_MATCH
2025-06-01,386,MERL,Merlin Chain,30712,merlin-chain,0.11989291,86922360.94,917095478.1,725000000,2024-04-17T02:01:42.000Z,7,ethereum-ecosystem;layer-2;bnb-chain-ecosystem;binance-alpha;merlin-ecosystem;binance-alpha-airdrops,HISTORICAL_APPROXIMATION,CMC snapshot tags vary by snapshot date (drift test: tags(2024)!=tags(2026)); taxonomy drift unverified,MERL,2024-04-23T15:00:00Z,False,MERL-USDT-SWAP,2024-04-19T10:25:00Z,SYMBOL_MATCH
2025-06-01,387,ARDR,Ardor,1320,ardor,0.08843969,88304048.35,4411714.64,998466231.3,2016-07-23T00:00:00.000Z,3,platform;enterprise-solutions;state-channel,HISTORICAL_APPROXIMATION,CMC snapshot tags vary by snapshot date (drift test: tags(2024)!=tags(2026)); taxonomy drift unverified,,,,,,NONE
2025-06-01,388,NMD,Nexusmind,29585,nexusmind,8.45408454,86633231.35,128299.84,10247500,2024-02-29T07:19:14.000Z,1,bnb-chain-ecosystem,HISTORICAL_APPROXIMATION,CMC snapshot tags vary by snapshot date (drift test: tags(2024)!=tags(2026)); taxonomy drift unverified,,,,,,NONE
2025-06-01,389,AEVO,Aevo,29676,aevo,0.09557706,86409365.39,9195026.51,904080575,2024-03-07T06:26:50.000Z,5,ethereum-ecosystem;dex;binance-launchpool;layer-2;binance-ecosystem,HISTORICAL_APPROXIMATION,CMC snapshot tags vary by snapshot date (drift test: tags(2024)!=tags(2026)); taxonomy drift unverified,,,,AEVO-USDT-SWAP,2024-03-13T10:25:20Z,SYMBOL_MATCH
2025-06-01,390,MVL,MVL,2982,mvl,0.00324772,86399026.76,572848.52,2.660295886e+10,2018-07-27T00:00:00.000Z,6,iot;ethereum-ecosystem;bnb-chain-ecosystem;dwf-labs-portfolio;toncoin-ecosystem;depin,HISTORICAL_APPROXIMATION,CMC snapshot tags vary by snapshot date (drift test: tags(2024)!=tags(2026)); taxonomy drift unverified,,,,,,NONE
2025-06-01,391,ACX,Across Protocol,22620,across-protocol,0.19413889,85337573.73,4872995.08,439569709,2022-11-09T23:45:27.000Z,6,defi;interoperability;ethereum-ecosystem;cross-chain;optimism-ecosystem;intent,HISTORICAL_APPROXIMATION,CMC snapshot tags vary by snapshot date (drift test: tags(2024)!=tags(2026)); taxonomy drift unverified,,,,,,NONE
2025-06-01,392,DLC,Diverge Loop,21849,diamond-launch,0.09513059,84666225.49,123342.78,890000000,2022-09-16T10:01:46.000Z,1,bnb-chain-ecosystem,HISTORICAL_APPROXIMATION,CMC snapshot tags vary by snapshot date (drift test: tags(2024)!=tags(2026)); taxonomy drift unverified,,,,,,NONE
2025-06-01,393,IQ,IQ,2930,iq,0.003846,84520875.74,2672289.53,2.197629294e+10,2018-10-03T00:00:00.000Z,11,media;communications-social-media;ai-big-data;content-creation;defi;dao,HISTORICAL_APPROXIMATION,CMC snapshot tags vary by snapshot date (drift test: tags(2024)!=tags(2026)); taxonomy drift unverified,,,,,,NONE
2025-06-01,394,PUNDIX,Pundi X (New),9040,pundix-new,0.32777004,84691367.6,13311384.67,258386541.1,2021-03-31T00:00:00.000Z,1,ethereum-ecosystem,HISTORICAL_APPROXIMATION,CMC snapshot tags vary by snapshot date (drift test: tags(2024)!=tags(2026)); taxonomy drift unverified,,,,,,NONE
2025-06-01,395,ABT,Arcblock,2545,arcblock,0.85560297,84323356.6,417326.66,98554305.44,2018-02-26T00:00:00.000Z,6,marketplace;ai-big-data;defi;interoperability;ethereum-ecosystem;made-in-america,HISTORICAL_APPROXIMATION,CMC snapshot tags vary by snapshot date (drift test: tags(2024)!=tags(2026)); taxonomy drift unverified,,,,,,NONE
2025-06-01,396,BLAST,Blast,28480,blast,0.0028344,83021204.36,4852348.61,2.929055036e+10,2024-06-26T14:06:36.000Z,8,ethereum-ecosystem;layer-2;rollups;paradigm-portfolio;modular-blockchain;standard-crypto-portfolio,HISTORICAL_APPROXIMATION,CMC snapshot tags vary by snapshot date (drift test: tags(2024)!=tags(2026)); taxonomy drift unverified,BLAST,2024-06-26T16:00:00Z,True,,,SYMBOL_MATCH
2025-06-01,397,LSK,Lisk,1214,lisk,0.43906125,82959330.57,15652562.88,188947058,2016-04-06T00:00:00.000Z,4,ethereum-ecosystem;layer-2;real-world-assets;depin,HISTORICAL_APPROXIMATION,CMC snapshot tags vary by snapshot date (drift test: tags(2024)!=tags(2026)); taxonomy drift unverified,,,,,,NONE
2025-06-01,398,AIC,AI Companions,32968,ai-companions,0.10865559,81491661.55,11243314.51,749999700,2024-09-09T15:50:28.000Z,3,ai-big-data;memes;bnb-chain-ecosystem,HISTORICAL_APPROXIMATION,CMC snapshot tags vary by snapshot date (drift test: tags(2024)!=tags(2026)); taxonomy drift unverified,,,,,,NONE
2025-06-01,399,XRD,Radix,11948,radix-protocol,0.00757549,81478653.34,316876.44,1.075556594e+10,2021-09-17T15:12:05.000Z,3,platform;layer-1;dwf-labs-portfolio,HISTORICAL_APPROXIMATION,CMC snapshot tags vary by snapshot date (drift test: tags(2024)!=tags(2026)); taxonomy drift unverified,,,,,,NONE
2025-06-01,400,USDB,USDB,29599,usdb,1.00053149,81302702.84,619317.28,81259514.27,2024-03-01T04:58:52.000Z,2,stablecoin;usd-stablecoin,HISTORICAL_APPROXIMATION,CMC snapshot tags vary by snapshot date (drift test: tags(2024)!=tags(2026)); taxonomy drift unverified,,,,,,NONE
2025-06-01,401,DOGS,DOGS,32698,dogs,0.00015503,80110939.63,14534283.44,5.1675e+11,2024-08-26T12:00:00.000Z,7,communications-social-media;memes;doggone-doggerel;telegram-bot;toncoin-ecosystem;animal-memes,HISTORICAL_APPROXIMATION,CMC snapshot tags vary by snapshot date (drift test: tags(2024)!=tags(2026)); taxonomy drift unverified,,,,,,NONE
2025-06-01,402,WILD,Wilder World,9674,wilder-world,0.20041897,79901637.09,1482961.52,398673027.2,2021-05-10T00:00:00.000Z,11,vr-ar;collectibles-nfts;defi;gaming;ethereum-ecosystem;solana-ecosystem,HISTORICAL_APPROXIMATION,CMC snapshot tags vary by snapshot date (drift test: tags(2024)!=tags(2026)); taxonomy drift unverified,,,,,,NONE
2025-06-01,403,AGI,Delysium,24007,delysium,0.05908486,80315374.84,4231115.74,1359322386,2023-04-11T12:43:21.000Z,6,platform;ai-big-data;ethereum-ecosystem;solana-ecosystem;bnb-chain-ecosystem;generative-ai,HISTORICAL_APPROXIMATION,CMC snapshot tags vary by snapshot date (drift test: tags(2024)!=tags(2026)); taxonomy drift unverified,,,,,,NONE
2025-06-01,404,LQTY,Liquity,7429,liquity,0.84204596,79984382.46,40914573.55,94988143.33,2020-10-16T00:00:00.000Z,2,defi;ethereum-ecosystem,HISTORICAL_APPROXIMATION,CMC snapshot tags vary by snapshot date (drift test: tags(2024)!=tags(2026)); taxonomy drift unverified,,,,LQTY-USDT-SWAP,2024-01-12T09:55:00Z,SYMBOL_MATCH
2025-06-01,405,NEIRO,Neiro Ethereum,32461,neiro-eth,0.07929204,79292035.88,6639711.15,1000000000,2024-07-29T10:41:21.000Z,4,memes;ethereum-ecosystem;doggone-doggerel;animal-memes,HISTORICAL_APPROXIMATION,CMC snapshot tags vary by snapshot date (drift test: tags(2024)!=tags(2026)); taxonomy drift unverified,,,,NEIRO-USDT-SWAP,2024-10-03T07:15:01Z,SYMBOL_MATCH
2025-06-01,406,OMNI,Omni Network,30315,omni-network,2.29459597,79091254.61,9252094.78,34468488.36,2024-04-18T00:30:00.000Z,12,interoperability;binance-launchpool;coinbase-ventures-portfolio;rollups;pantera-capital-portfolio;cross-chain,HISTORICAL_APPROXIMATION,CMC snapshot tags vary by snapshot date (drift test: tags(2024)!=tags(2026)); taxonomy drift unverified,OMNI,2024-04-29T03:00:00Z,True,,,SYMBOL_MATCH
2025-06-01,407,GLMR,Moonbeam,6836,moonbeam,0.07913245,77612169.58,5168104.29,980788107,2022-01-11T12:55:50.000Z,10,smart-contracts;substrate;polkadot;polkadot-ecosystem;binance-labs-portfolio;arrington-xrp-capital-portfolio,HISTORICAL_APPROXIMATION,CMC snapshot tags vary by snapshot date (drift test: tags(2024)!=tags(2026)); taxonomy drift unverified,,,,,,NONE
2025-06-01,408,AITECH,Solidus Ai Tech,19055,solidus-ai-tech,0.04960387,76948768.38,14814430.41,1551265510,2022-03-24T17:28:30.000Z,9,ai-big-data;binance-chain;launchpad;bnb-chain-ecosystem;base-ecosystem;ai-agents,HISTORICAL_APPROXIMATION,CMC snapshot tags vary by snapshot date (drift test: tags(2024)!=tags(2026)); taxonomy drift unverified,,,,,,NONE
2025-06-01,409,ORBS,Orbs,3835,orbs,0.0192855,76942887.18,3530440.33,3989676436,2019-04-03T00:00:00.000Z,11,services;defi;ethereum-ecosystem;avalanche-ecosystem;solana-ecosystem;polygon-ecosystem,HISTORICAL_APPROXIMATION,CMC snapshot tags vary by snapshot date (drift test: tags(2024)!=tags(2026)); taxonomy drift unverified,ORBS,2023-10-13T20:00:00Z,True,,,SYMBOL_MATCH
2025-06-01,410,BNT,Bancor,1727,bancor,0.67033807,77214970,11110797.98,115188101.7,2017-06-18T00:00:00.000Z,11,marketplace;decentralized-exchange-dex-token;defi;payments;scaling;ethereum-ecosystem,HISTORICAL_APPROXIMATION,CMC snapshot tags vary by snapshot date (drift test: tags(2024)!=tags(2026)); taxonomy drift unverified,BNT,2023-10-08T16:00:00Z,True,,,SYMBOL_MATCH
2025-06-01,411,FRXUSD,Frax USD,36039,frax-usd,1.00005044,76681957.19,0,76678089.46,2025-03-16T04:43:36.000Z,3,stablecoin;usd-stablecoin;fiat-stablecoin,HISTORICAL_APPROXIMATION,CMC snapshot tags vary by snapshot date (drift test: tags(2024)!=tags(2026)); taxonomy drift unverified,,,,,,NONE
2025-06-01,412,ILV,Illuvium,8719,illuvium,13.10555433,76575828.83,13671730.87,5843005.714,2021-03-08T00:00:00.000Z,6,collectibles-nfts;gaming;dao;ethereum-ecosystem;metaverse;play-to-earn,HISTORICAL_APPROXIMATION,CMC snapshot tags vary by snapshot date (drift test: tags(2024)!=tags(2026)); taxonomy drift unverified,ILV,2023-11-17T16:00:00Z,True,,,SYMBOL_MATCH
2025-06-01,413,PONKE,Ponke,29150,ponke,0.13641856,75786544.67,8255867.08,555544226,2024-01-23T14:25:13.000Z,4,memes;solana-ecosystem;base-ecosystem;made-in-america,HISTORICAL_APPROXIMATION,CMC snapshot tags vary by snapshot date (drift test: tags(2024)!=tags(2026)); taxonomy drift unverified,,,,,,NONE
2025-06-01,414,POND,Marlin,7497,marlin,0.00928331,76045486.7,3230225.37,8191633710,2020-12-22T00:00:00.000Z,19,ai-big-data;distributed-computing;defi;privacy;zero-knowledge-proofs;scaling,HISTORICAL_APPROXIMATION,CMC snapshot tags vary by snapshot date (drift test: tags(2024)!=tags(2026)); taxonomy drift unverified,,,,,,NONE
2025-06-01,415,PUNDIAI,Pundi AI,35943,pundi-ai,10.82868892,76424684.84,8277497.9,7057612,2019-04-25T00:00:00.000Z,1,layer-1,HISTORICAL_APPROXIMATION,CMC snapshot tags vary by snapshot date (drift test: tags(2024)!=tags(2026)); taxonomy drift unverified,,,,,,NONE
2025-06-01,416,SAGA,Saga,30372,saga,0.29333187,75560004.09,15754497.82,257592208,2024-04-04T06:12:54.000Z,6,ai-big-data;gaming;entertainment;binance-launchpool;layer-1;binance-ecosystem,HISTORICAL_APPROXIMATION,CMC snapshot tags vary by snapshot date (drift test: tags(2024)!=tags(2026)); taxonomy drift unverified,SAGA,2024-04-21T07:00:00Z,False,,,SYMBOL_MATCH
2025-06-01,417,ALEO,Aleo,32193,aleo,0.18724074,75362701.16,3499537.82,402490943.8,2024-07-15T10:02:24.000Z,5,privacy;zero-knowledge-proofs;smart-contracts;layer-1;made-in-america,HISTORICAL_APPROXIMATION,CMC snapshot tags vary by snapshot date (drift test: tags(2024)!=tags(2026)); taxonomy drift unverified,,,,,,NONE
2025-06-01,418,ELON,Dogelon Mars,9436,dogelon,1.4e-07,75226313.2,3564664.15,5.496527702e+14,2021-04-23T00:00:00.000Z,9,memes;payments;ethereum-ecosystem;solana-ecosystem;polygon-ecosystem;doggone-doggerel,HISTORICAL_APPROXIMATION,CMC snapshot tags vary by snapshot date (drift test: tags(2024)!=tags(2026)); taxonomy drift unverified,,,,,,NONE
2025-06-01,419,RLC,iExec RLC,1637,rlc,1.03766605,75108912.67,7831944.53,72382548.07,2017-04-20T00:00:00.000Z,29,marketing;art;marketplace;platform;services;communications-social-media,HISTORICAL_APPROXIMATION,CMC snapshot tags vary by snapshot date (drift test: tags(2024)!=tags(2026)); taxonomy drift unverified,,,,,,NONE
2025-06-01,420,ONG,Ontology Gas,3217,ontology-gas,0.18106269,75206815.14,2698492.14,415363399.4,2018-08-23T00:00:00.000Z,3,ontology-ecosystem;bnb-chain-ecosystem;layer-1,HISTORICAL_APPROXIMATION,CMC snapshot tags vary by snapshot date (drift test: tags(2024)!=tags(2026)); taxonomy drift unverified,,,,,,NONE
2025-06-01,421,ERG,Ergo,1762,ergo,0.92508333,74887828.37,169249.5,80952522,2017-06-29T00:00:00.000Z,8,mineable;pow;platform;defi;privacy;research,HISTORICAL_APPROXIMATION,CMC snapshot tags vary by snapshot date (drift test: tags(2024)!=tags(2026)); taxonomy drift unverified,,,,,,NONE
2025-06-01,422,DKA,dKargo,5908,dkargo,0.01592475,74634010.18,1036841.33,4686666667,2020-07-27T00:00:00.000Z,2,ai-big-data;ethereum-ecosystem,HISTORICAL_APPROXIMATION,CMC snapshot tags vary by snapshot date (drift test: tags(2024)!=tags(2026)); taxonomy drift unverified,,,,,,NONE
2025-06-01,423,VEE,BLOCKv,2223,blockv,0.02030438,74035288.73,8536.69,3646271241,2017-11-28T00:00:00.000Z,7,media;communications-social-media;enterprise-solutions;collectibles-nfts;content-creation;ethereum-ecosystem,HISTORICAL_APPROXIMATION,CMC snapshot tags vary by snapshot date (drift test: tags(2024)!=tags(2026)); taxonomy drift unverified,,,,,,NONE
2025-06-01,424,USDP,Pax Dollar,3330,paxos-standard,0.99943313,73181940.82,360675.07,73223449.28,2018-09-27T00:00:00.000Z,5,store-of-value;stablecoin;asset-backed-stablecoin;usd-stablecoin;fiat-stablecoin,HISTORICAL_APPROXIMATION,CMC snapshot tags vary by snapshot date (drift test: tags(2024)!=tags(2026)); taxonomy drift unverified,,,,,,NONE
2025-06-01,425,DENT,Dent,1886,dent,0.00073416,73416162.26,3304598.11,1e+11,2017-08-12T00:00:00.000Z,2,services;ethereum-ecosystem,HISTORICAL_APPROXIMATION,CMC snapshot tags vary by snapshot date (drift test: tags(2024)!=tags(2026)); taxonomy drift unverified,,,,,,NONE
2025-06-01,426,GCB,Global Commercial Business,32068,global-commercial-business,0.06071348,72968182.71,3750.37,1201844746,2024-07-03T07:47:51.000Z,1,bnb-chain-ecosystem,HISTORICAL_APPROXIMATION,CMC snapshot tags vary by snapshot date (drift test: tags(2024)!=tags(2026)); taxonomy drift unverified,,,,,,NONE
2025-06-01,427,CHR,Chromia,3978,chromia,0.08627359,72727074.2,6624877.31,842981914.4,2019-05-28T00:00:00.000Z,9,platform;ai-big-data;enterprise-solutions;gaming;metaverse;chromia-ecosystem,HISTORICAL_APPROXIMATION,CMC snapshot tags vary by snapshot date (drift test: tags(2024)!=tags(2026)); taxonomy drift unverified,,,,,,NONE
2025-06-01,428,CHILLGUY,Just a chill guy,34125,just-a-chill-guy,0.07125105,71247719.15,17659931.69,999953289.5,2024-11-20T20:41:25.000Z,3,memes;solana-ecosystem;pump-fun-ecosystem,HISTORICAL_APPROXIMATION,CMC snapshot tags vary by snapshot date (drift test: tags(2024)!=tags(2026)); taxonomy drift unverified,CHILLGUY,2024-11-25T06:00:00Z,True,,,SYMBOL_MATCH
2025-06-01,429,MLK,MiL.k,5266,milk-alliance,0.15379476,71479984.42,2400514.05,464775159,2020-08-05T00:00:00.000Z,1,arbitrum-ecosystem,HISTORICAL_APPROXIMATION,CMC snapshot tags vary by snapshot date (drift test: tags(2024)!=tags(2026)); taxonomy drift unverified,,,,,,NONE
2025-06-01,430,FIDA,Solana Name Service (previously Bonfida),7978,solana-name-service,0.07164776,70996599.28,9472692.45,990911579.8,2020-12-14T00:00:00.000Z,7,defi;three-arrows-capital-portfolio;solana-ecosystem;cms-holdings-portfolio;kenetic-capital-portfolio;ftx-bankruptcy-estate,HISTORICAL_APPROXIMATION,CMC snapshot tags vary by snapshot date (drift test: tags(2024)!=tags(2026)); taxonomy drift unverified,,,,,,NONE
2025-06-01,431,USDTb,Ethena Labs (USDTb),34691,ethena-labs-usdtb,1.00020862,70448322.81,31588.45,70433629,2024-12-17T05:05:34.000Z,1,ethereum-ecosystem,HISTORICAL_APPROXIMATION,CMC snapshot tags vary by snapshot date (drift test: tags(2024)!=tags(2026)); taxonomy drift unverified,,,,,,NONE
2025-06-01,432,B3,B3 (Base),35690,b3,0.00330791,70434263.07,11719885.52,2.129267021e+10,2025-02-10T21:30:07.000Z,3,base-ecosystem;binance-alpha;binance-ecosystem,HISTORICAL_APPROXIMATION,CMC snapshot tags vary by snapshot date (drift test: tags(2024)!=tags(2026)); taxonomy drift unverified,,,,,,NONE
2025-06-01,433,ARK,Ark,1586,ark,0.37034352,70008718.44,2456836.43,189037246,2017-03-22T00:00:00.000Z,5,dpos;marketplace;payments;state-channel;polygon-ecosystem,HISTORICAL_APPROXIMATION,CMC snapshot tags vary by snapshot date (drift test: tags(2024)!=tags(2026)); taxonomy drift unverified,ARK,2023-10-06T14:00:00Z,True,,,SYMBOL_MATCH
2025-06-01,434,TAIKO,Taiko,31525,taiko,0.60182665,70753849.23,17785159.32,117565165.3,2024-06-04T04:40:45.000Z,10,privacy;zero-knowledge-proofs;ethereum-ecosystem;layer-2;rollups;modular-blockchain,HISTORICAL_APPROXIMATION,CMC snapshot tags vary by snapshot date (drift test: tags(2024)!=tags(2026)); taxonomy drift unverified,,,,,,NONE
2025-06-01,435,STEEM,Steem,1230,steem,0.13567935,69830567.41,2663010.85,514673506.1,2016-04-18T00:00:00.000Z,4,media;communications-social-media;content-creation;web3,HISTORICAL_APPROXIMATION,CMC snapshot tags vary by snapshot date (drift test: tags(2024)!=tags(2026)); taxonomy drift unverified,,,,,,NONE
2025-06-01,436,NMR,Numeraire,1732,numeraire,8.57246281,69097409.37,16774769.72,8060391.849,2017-06-23T00:00:00.000Z,11,asset-management;ai-big-data;defi;payments;research;ethereum-ecosystem,HISTORICAL_APPROXIMATION,CMC snapshot tags vary by snapshot date (drift test: tags(2024)!=tags(2026)); taxonomy drift unverified,,,,NMR-USDT-SWAP,2024-01-11T07:55:00Z,SYMBOL_MATCH
2025-06-01,437,PCI,Paycoin,5275,payprotocol,0.06590261,69248624.33,316136.75,1050772044,2020-03-05T00:00:00.000Z,1,ethereum-ecosystem,HISTORICAL_APPROXIMATION,CMC snapshot tags vary by snapshot date (drift test: tags(2024)!=tags(2026)); taxonomy drift unverified,,,,,,NONE
2025-06-01,438,SHFL,Shuffle,29960,shuffle,0.23444185,69329564.59,811995.86,295721788.3,2024-03-19T11:06:35.000Z,2,gambling;ethereum-ecosystem,HISTORICAL_APPROXIMATION,CMC snapshot tags vary by snapshot date (drift test: tags(2024)!=tags(2026)); taxonomy drift unverified,,,,,,NONE
2025-06-01,439,APU,Apu Apustaja,30008,apu-apustaja,0.00020458,69126256.23,1489025.47,3.378921576e+11,2024-03-20T12:03:45.000Z,4,memes;ethereum-ecosystem;binance-alpha;binance-ecosystem,HISTORICAL_APPROXIMATION,CMC snapshot tags vary by snapshot date (drift test: tags(2024)!=tags(2026)); taxonomy drift unverified,,,,,,NONE
2025-06-01,440,BITCOIN,HarryPotterObamaSonic10Inu (ERC-20),25220,harrypotterobamasonic10inu-eth,0.06871691,68703041.05,6702738.52,999798155,2023-05-11T23:05:12.000Z,6,memes;ethereum-ecosystem;solana-ecosystem;base-ecosystem;binance-alpha;binance-ecosystem,HISTORICAL_APPROXIMATION,CMC snapshot tags vary by snapshot date (drift test: tags(2024)!=tags(2026)); taxonomy drift unverified,,,,,,NONE
2025-06-01,441,HEART,Humans.ai,15584,humans-ai,0.00881245,68737145.21,389890.93,7800000000,2021-12-04T20:07:07.000Z,4,ai-big-data;layer-1;ai-agents;ai-agent-launchpad,HISTORICAL_APPROXIMATION,CMC snapshot tags vary by snapshot date (drift test: tags(2024)!=tags(2026)); taxonomy drift unverified,,,,,,NONE
2025-06-01,442,AVAIL,Avail,32376,avail,0.03196045,68158258.09,2759582.38,2132581191,2024-07-24T08:27:09.000Z,7,defi;privacy;zero-knowledge-proofs;ethereum-ecosystem;polkadot;polkadot-ecosystem,HISTORICAL_APPROXIMATION,CMC snapshot tags vary by snapshot date (drift test: tags(2024)!=tags(2026)); taxonomy drift unverified,,,,,,NONE
2025-06-01,443,SOLV,Solv Protocol,12165,solv-protocol,0.04577884,67871715.15,66378251.43,1482600000,2021-09-27T03:14:13.000Z,6,spartan-group;bnb-chain-ecosystem;bitcoin-ecosystem;btcfi;binance-megadrop;binance-ecosystem,HISTORICAL_APPROXIMATION,CMC snapshot tags vary by snapshot date (drift test: tags(2024)!=tags(2026)); taxonomy drift unverified,,,,,,NONE
2025-06-01,444,AL,ArchLoot,22765,archloot,0.09462024,67676409.75,6252890.85,715242410.5,2022-11-23T09:10:55.000Z,1,ethereum-ecosystem,HISTORICAL_APPROXIMATION,CMC snapshot tags vary by snapshot date (drift test: tags(2024)!=tags(2026)); taxonomy drift unverified,,,,,,NONE
2025-06-01,445,BAL,Balancer,5728,balancer,1.06003298,67395032.37,5979368.15,63578241.26,2020-06-24T00:00:00.000Z,19,decentralized-exchange-dex-token;defi;dao;ethereum-ecosystem;yield-farming;amm,HISTORICAL_APPROXIMATION,CMC snapshot tags vary by snapshot date (drift test: tags(2024)!=tags(2026)); taxonomy drift unverified,,,,,,NONE
2025-06-01,446,ACT,Acet,11706,acet,0.05349829,67302721.06,182017.01,1258035045,2021-09-07T00:47:42.000Z,2,binance-chain;bnb-chain-ecosystem,HISTORICAL_APPROXIMATION,CMC snapshot tags vary by snapshot date (drift test: tags(2024)!=tags(2026)); taxonomy drift unverified,,,,ACT-USDT-SWAP,2024-11-14T11:00:00Z,SYMBOL_MATCH
2025-06-01,447,MED,MediBloc,2303,medibloc,0.00666992,67233362.37,264907.49,1.008008974e+10,2017-12-22T00:00:00.000Z,3,health;cosmos-ecosystem;injective-ecosystem,HISTORICAL_APPROXIMATION,CMC snapshot tags vary by snapshot date (drift test: tags(2024)!=tags(2026)); taxonomy drift unverified,,,,,,NONE
2025-06-01,448,GRIFFAIN,GRIFFAIN,34792,griffain,0.0659851,65977252.89,12498750.75,999881120,2024-12-20T09:18:51.000Z,7,ai-big-data;solana-ecosystem;ai-agents;binance-alpha;ai-agent-launchpad;defai,HISTORICAL_APPROXIMATION,CMC snapshot tags vary by snapshot date (drift test: tags(2024)!=tags(2026)); taxonomy drift unverified,GRIFFAIN,2025-01-07T06:00:00Z,False,,,SYMBOL_MATCH
2025-06-01,449,DEGEN,Degen,30096,degen-base,0.00469407,66560134.02,28711643.34,1.417960888e+10,2024-03-25T10:09:44.000Z,2,memes;base-ecosystem,HISTORICAL_APPROXIMATION,CMC snapshot tags vary by snapshot date (drift test: tags(2024)!=tags(2026)); taxonomy drift unverified,,,,,,NONE
2025-06-01,450,VANRY,Vanar Chain,8037,vanar,0.03422424,66253732.83,6370674.18,1935871661,2020-12-16T00:00:00.000Z,1,layer-1,HISTORICAL_APPROXIMATION,CMC snapshot tags vary by snapshot date (drift test: tags(2024)!=tags(2026)); taxonomy drift unverified,,,,,,NONE
2025-06-01,451,BANANAS31,Banana For Scale,34118,banana-for-scale,0.00662126,66212559.78,13042714.29,1e+10,2024-11-20T18:19:27.000Z,2,memes;bnb-chain-ecosystem,HISTORICAL_APPROXIMATION,CMC snapshot tags vary by snapshot date (drift test: tags(2024)!=tags(2026)); taxonomy drift unverified,,,,,,NONE
2025-06-01,452,USTC,TerraClassicUSD,7129,terrausd,0.01180265,66031842.01,4192051.61,5594660884,2020-09-21T00:00:00.000Z,16,ethereum-ecosystem;seigniorage;avalanche-ecosystem;solana-ecosystem;polygon-ecosystem;fantom-ecosystem,HISTORICAL_APPROXIMATION,CMC snapshot tags vary by snapshot date (drift test: tags(2024)!=tags(2026)); taxonomy drift unverified,USTC,2023-11-27T16:00:00Z,True,,,SYMBOL_MATCH
2025-06-01,453,AIAT,AI Analysis Token,28688,ai-analysis-token,0.45022209,65907769.02,588553.3,146389462.3,2024-01-18T07:54:17.000Z,1,ethereum-ecosystem,HISTORICAL_APPROXIMATION,CMC snapshot tags vary by snapshot date (drift test: tags(2024)!=tags(2026)); taxonomy drift unverified,,,,,,NONE
2025-06-01,454,SKI,Ski Mask Dog,31173,ski-mask-dog,0.06655184,65846198.65,3565901.72,989397047,2024-05-10T05:28:46.000Z,6,memes;doggone-doggerel;base-ecosystem;animal-memes;binance-alpha;binance-ecosystem,HISTORICAL_APPROXIMATION,CMC snapshot tags vary by snapshot date (drift test: tags(2024)!=tags(2026)); taxonomy drift unverified,,,,,,NONE
2025-06-01,455,JOE,JOE,11396,joe,0.16510815,65736066.21,4383010.16,398139433,2021-08-25T21:39:22.000Z,10,decentralized-exchange-dex-token;defi;staking;yield-farming;amm;dex,HISTORICAL_APPROXIMATION,CMC snapshot tags vary by snapshot date (drift test: tags(2024)!=tags(2026)); taxonomy drift unverified,,,,,,NONE
2025-06-01,456,GFI,Goldfinch,13967,goldfinch-protocol,0.81392962,65638583.47,708126.59,80644053.15,2021-11-05T12:19:13.000Z,2,ethereum-ecosystem;real-world-assets,HISTORICAL_APPROXIMATION,CMC snapshot tags vary by snapshot date (drift test: tags(2024)!=tags(2026)); taxonomy drift unverified,,,,,,NONE
2025-06-01,457,BDCA,BitDCA,35637,bitdca,0.87908409,65772813.58,216309.43,74819706.8,2025-02-07T06:36:58.000Z,1,bnb-chain-ecosystem,HISTORICAL_APPROXIMATION,CMC snapshot tags vary by snapshot date (drift test: tags(2024)!=tags(2026)); taxonomy drift unverified,,,,,,NONE
2025-06-01,458,REKT,Rekt (rektcoin.com),34434,rekt-eth,2.6e-07,65406581.22,1450450.07,2.557795827e+14,2024-12-06T03:06:19.000Z,3,memes;ethereum-ecosystem;base-ecosystem,HISTORICAL_APPROXIMATION,CMC snapshot tags vary by snapshot date (drift test: tags(2024)!=tags(2026)); taxonomy drift unverified,,,,,,NONE
2025-06-01,459,OSAK,Osaka Protocol,27533,osaka-protocol,9e-08,64996358.49,14971.48,7.508697386e+14,2023-07-10T12:38:15.000Z,11,memes;ethereum-ecosystem;avalanche-ecosystem;solana-ecosystem;polygon-ecosystem;doggone-doggerel,HISTORICAL_APPROXIMATION,CMC snapshot tags vary by snapshot date (drift test: tags(2024)!=tags(2026)); taxonomy drift unverified,,,,,,NONE
2025-06-01,460,AUCTION,Bounce Token,8602,bounce-token,10.59528005,64526763.11,9955496.68,6090142.29,2021-02-26T00:00:00.000Z,5,defi;ethereum-ecosystem;bounce-launchpad;bnb-chain-ecosystem;dwf-labs-portfolio,HISTORICAL_APPROXIMATION,CMC snapshot tags vary by snapshot date (drift test: tags(2024)!=tags(2026)); taxonomy drift unverified,,,,AUCTION-USDT-SWAP,2023-12-01T07:55:00Z,SYMBOL_MATCH
2025-06-01,461,CELR,Celer Network,3814,celer-network,0.00835143,65002711.24,6679425.3,7783424107,2019-03-25T00:00:00.000Z,22,platform;enterprise-solutions;defi;privacy;zero-knowledge-proofs;interoperability,HISTORICAL_APPROXIMATION,CMC snapshot tags vary by snapshot date (drift test: tags(2024)!=tags(2026)); taxonomy drift unverified,,,,,,NONE
2025-06-01,462,NILA,MindWaveDAO,36302,mindwavedao,0.08147337,64589331.09,2499338.89,792766176.5,2025-04-21T11:51:29.000Z,2,defi;bnb-chain-ecosystem,HISTORICAL_APPROXIMATION,CMC snapshot tags vary by snapshot date (drift test: tags(2024)!=tags(2026)); taxonomy drift unverified,,,,,,NONE
2025-06-01,463,HUMA,Huma Finance,36576,huma-finance,0.03694125,64031495.66,89917025.07,1733333333,2025-05-26T11:00:00.000Z,8,defi;payments;binance-launchpool;solana-ecosystem;bnb-chain-ecosystem;binance-alpha,HISTORICAL_APPROXIMATION,CMC snapshot tags vary by snapshot date (drift test: tags(2024)!=tags(2026)); taxonomy drift unverified,,,,HUMA-USDT-SWAP,2025-05-26T13:30:00Z,SYMBOL_MATCH
2025-06-01,464,BB,BounceBit,30746,bouncebit,0.12240699,64210848.27,5895586.14,524568493.2,2024-05-13T10:01:10.000Z,12,pos;binance-labs-portfolio;cms-holdings-portfolio;defiance-capital-portfolio;okx-ventures-portfolio;bitcoin-ecosystem,HISTORICAL_APPROXIMATION,CMC snapshot tags vary by snapshot date (drift test: tags(2024)!=tags(2026)); taxonomy drift unverified,,,,BB-USDT-SWAP,2026-06-01T09:00:00Z,SYMBOL_MATCH
2025-06-01,465,BTRST,Braintrust,11584,braintrust,0.26213155,63264869.08,265920.53,241347782,2021-09-02T18:08:47.000Z,4,ethereum-ecosystem;coinbase-ventures-portfolio;web3;base-ecosystem,HISTORICAL_APPROXIMATION,CMC snapshot tags vary by snapshot date (drift test: tags(2024)!=tags(2026)); taxonomy drift unverified,,,,,,NONE
2025-06-01,466,BONE,Bone ShibaSwap,11865,bone-shibaswap,0.27505286,63241075.05,5476892.87,229923350.6,2021-09-13T19:17:01.000Z,5,memes;ethereum-ecosystem;layer-2;doggone-doggerel;animal-memes,HISTORICAL_APPROXIMATION,CMC snapshot tags vary by snapshot date (drift test: tags(2024)!=tags(2026)); taxonomy drift unverified,,,,,,NONE
2025-06-01,467,MOVR,Moonriver,9285,moonriver,6.45579298,62737854.58,3509302.04,9718071,2021-04-19T00:00:00.000Z,4,interoperability;smart-contracts;moonriver-ecosystem;layer-1,HISTORICAL_APPROXIMATION,CMC snapshot tags vary by snapshot date (drift test: tags(2024)!=tags(2026)); taxonomy drift unverified,,,,,,NONE
2025-06-01,468,API3,API3,7737,api3,0.72661714,62795690.26,23875717.14,86421978,2020-11-21T00:00:00.000Z,13,defi;oracles;ethereum-ecosystem;coinfund-portfolio;dcg-portfolio;placeholder-ventures-portfolio,HISTORICAL_APPROXIMATION,CMC snapshot tags vary by snapshot date (drift test: tags(2024)!=tags(2026)); taxonomy drift unverified,,,,API3-USDT-SWAP,2022-03-03T08:55:16Z,SYMBOL_MATCH
2025-06-01,469,WONUS,Wrapped ONUS,33871,wrapped-onus,0.65345971,62637014.2,0,95854439.1,2021-11-29T04:57:43.000Z,0,,HISTORICAL_APPROXIMATION,CMC snapshot tags vary by snapshot date (drift test: tags(2024)!=tags(2026)); taxonomy drift unverified,,,,,,NONE
2025-06-01,470,AGLD,Adventure Gold,11568,adventure-gold,0.80666171,62363017.72,13682873.16,77310001,2021-09-02T10:19:07.000Z,5,gaming;ethereum-ecosystem;solana-ecosystem;dwf-labs-portfolio;made-in-america,HISTORICAL_APPROXIMATION,CMC snapshot tags vary by snapshot date (drift test: tags(2024)!=tags(2026)); taxonomy drift unverified,,,,AGLD-USDT-SWAP,2021-09-07T09:57:30Z,SYMBOL_MATCH
2025-06-01,471,IAG,IAGON,11078,iagon,0.16634244,62548157.09,237057.13,376020434,2021-07-28T00:00:00.000Z,9,platform;enterprise-solutions;distributed-computing;filesharing;dapp;storage,HISTORICAL_APPROXIMATION,CMC snapshot tags vary by snapshot date (drift test: tags(2024)!=tags(2026)); taxonomy drift unverified,,,,,,NONE
2025-06-01,472,MTL,Metal DAO,1788,metal,0.73636456,62331019.85,1059055.55,84646958,2017-07-09T00:00:00.000Z,4,medium-of-exchange;payments;layer-2;metal-ecosystem,HISTORICAL_APPROXIMATION,CMC snapshot tags vary by snapshot date (drift test: tags(2024)!=tags(2026)); taxonomy drift unverified,,,,,,NONE
2025-06-01,473,SLT,SLT,36511,slt-game,7.32205531,62237470.16,1950164.59,8500000,2025-05-15T07:27:26.000Z,1,bnb-chain-ecosystem,HISTORICAL_APPROXIMATION,CMC snapshot tags vary by snapshot date (drift test: tags(2024)!=tags(2026)); taxonomy drift unverified,,,,,,NONE
2025-06-01,474,BAN,Comedian,33881,comedian,0.06214254,62140167.19,10992362.09,999961859,2024-11-11T07:48:59.000Z,3,memes;solana-ecosystem;pump-fun-ecosystem,HISTORICAL_APPROXIMATION,CMC snapshot tags vary by snapshot date (drift test: tags(2024)!=tags(2026)); taxonomy drift unverified,,,,,,NONE
2025-06-01,475,lisUSD,lisUSD,21330,lisusd,0.99946993,62091566.6,359312.94,62124496.67,2022-08-09T14:34:08.000Z,3,defi;stablecoin;usd-stablecoin,HISTORICAL_APPROXIMATION,CMC snapshot tags vary by snapshot date (drift test: tags(2024)!=tags(2026)); taxonomy drift unverified,,,,,,NONE
2025-06-01,476,ANON,Hey Anon,35092,hey-anon,4.55088752,61025417.71,2332037.7,13409564.05,2025-01-07T12:50:58.000Z,14,ai-big-data;ethereum-ecosystem;solana-ecosystem;arbitrum-ecosystem;bnb-chain-ecosystem;dwf-labs-portfolio,HISTORICAL_APPROXIMATION,CMC snapshot tags vary by snapshot date (drift test: tags(2024)!=tags(2026)); taxonomy drift unverified,,,,,,NONE
2025-06-01,477,ALI,Artificial Liquid Intelligence,16876,alethea-artificial-liquid-intelligence-token,0.00668215,60928488.43,1196323.35,9118091185,2022-01-05T09:29:06.000Z,29,marketing;education;media;services;communications-social-media;ai-big-data,HISTORICAL_APPROXIMATION,CMC snapshot tags vary by snapshot date (drift test: tags(2024)!=tags(2026)); taxonomy drift unverified,,,,,,NONE
2025-06-01,478,KNC,Kyber Network Crystal v2,9444,kyber-network-crystal-v2,0.32469636,60777550.57,13664438.11,187182727.3,2021-04-26T00:00:00.000Z,15,marketplace;decentralized-exchange-dex-token;defi;dao;ethereum-ecosystem;amm,HISTORICAL_APPROXIMATION,CMC snapshot tags vary by snapshot date (drift test: tags(2024)!=tags(2026)); taxonomy drift unverified,,,,,,NONE
2025-06-01,479,SLP,Smooth Love Potion,5824,smooth-love-potion,0.00147161,60492060.29,5493908.98,4.110602901e+10,2020-07-08T00:00:00.000Z,7,collectibles-nfts;gaming;ethereum-ecosystem;solana-ecosystem;play-to-earn;bnb-chain-ecosystem,HISTORICAL_APPROXIMATION,CMC snapshot tags vary by snapshot date (drift test: tags(2024)!=tags(2026)); taxonomy drift unverified,,,,,,NONE
2025-06-01,480,XEM,NEM,873,nem,0.00680044,61203951.04,6395485.69,8999999999,2015-04-01T00:00:00.000Z,6,poi;medium-of-exchange;defi;payments;smart-contracts;fantom-ecosystem,HISTORICAL_APPROXIMATION,CMC snapshot tags vary by snapshot date (drift test: tags(2024)!=tags(2026)); taxonomy drift unverified,,,,,,NONE
2025-06-01,481,GEOD,GEODNET,20969,geodnet,0.18948503,60097921.99,192771.49,317164483.6,2022-07-12T13:42:17.000Z,5,distributed-computing;solana-ecosystem;polygon-ecosystem;iotex-ecosystem;depin,HISTORICAL_APPROXIMATION,CMC snapshot tags vary by snapshot date (drift test: tags(2024)!=tags(2026)); taxonomy drift unverified,,,,,,NONE
2025-06-01,482,vBUSD,Venus BUSD,7959,venus-busd,0.02230093,60095885.99,0,2694770470,2020-12-12T00:00:00.000Z,1,stablecoin,HISTORICAL_APPROXIMATION,CMC snapshot tags vary by snapshot date (drift test: tags(2024)!=tags(2026)); taxonomy drift unverified,,,,,,NONE
2025-06-01,483,SUNDOG,SUNDOG,32717,sundog,0.05976182,59607672.77,10757254.24,997420606,2024-08-17T02:02:00.000Z,5,memes;tron-ecosystem;tron-memes;sun-pump-ecosystem;tron20-ecosystem,HISTORICAL_APPROXIMATION,CMC snapshot tags vary by snapshot date (drift test: tags(2024)!=tags(2026)); taxonomy drift unverified,,,,,,NONE
2025-06-01,484,PIN,PinLink,34017,pinlink,0.67381245,59434726.58,1056232.68,88206631.4,2024-11-17T06:26:47.000Z,5,ai-big-data;defi;ethereum-ecosystem;real-world-assets;depin,HISTORICAL_APPROXIMATION,CMC snapshot tags vary by snapshot date (drift test: tags(2024)!=tags(2026)); taxonomy drift unverified,,,,,,NONE
2025-06-01,485,NTRN,Neutron,26680,neutron-ntrn,0.09959834,59204486.18,2495398.09,594432435.4,2023-06-13T09:53:47.000Z,10,defi;smart-contracts;binance-launchpool;binance-labs-portfolio;coinfund-portfolio;cross-chain,HISTORICAL_APPROXIMATION,CMC snapshot tags vary by snapshot date (drift test: tags(2024)!=tags(2026)); taxonomy drift unverified,NTRN,2023-12-12T19:00:00Z,True,,,SYMBOL_MATCH
2025-06-01,486,FWOG,Fwog (SOL),33291,fwog-solana,0.06052567,59050984.78,5985899.6,975635328,2024-10-03T11:57:23.000Z,6,memes;solana-ecosystem;cmc-community-vote-winners;pump-fun-ecosystem;binance-alpha;binance-ecosystem,HISTORICAL_APPROXIMATION,CMC snapshot tags vary by snapshot date (drift test: tags(2024)!=tags(2026)); taxonomy drift unverified,,,,,,NONE
2025-06-01,487,AERGO,Aergo,3637,aergo,0.12293239,59007546.01,21449023.01,479999995.8,2018-12-17T00:00:00.000Z,6,platform;enterprise-solutions;defi;smart-contracts;ethereum-ecosystem;bnb-chain-ecosystem,HISTORICAL_APPROXIMATION,CMC snapshot tags vary by snapshot date (drift test: tags(2024)!=tags(2026)); taxonomy drift unverified,,,,,,NONE
2025-06-01,488,AEUR,Anchored Coins AEUR,28596,anchored-coins-aeur,1.01482373,57854699.58,40597.93,57009604.6,2023-12-05T11:27:21.000Z,3,stablecoin;asset-backed-stablecoin;eur-stablecoin,HISTORICAL_APPROXIMATION,CMC snapshot tags vary by snapshot date (drift test: tags(2024)!=tags(2026)); taxonomy drift unverified,,,,,,NONE
2025-06-01,489,FUEL,Fuel Network,24087,fuel-network,0.01160522,57985948.86,2108780.39,4996541070,2024-12-19T03:26:27.000Z,4,scaling;staking;ethereum-ecosystem;layer-2,HISTORICAL_APPROXIMATION,CMC snapshot tags vary by snapshot date (drift test: tags(2024)!=tags(2026)); taxonomy drift unverified,,,,,,NONE
2025-06-01,490,BUSD,BUSD,4687,binance-usd,0.99977936,57779916.61,2954772.1,57792668,2019-09-20T00:00:00.000Z,7,stablecoin;asset-backed-stablecoin;binance-chain;usd-stablecoin;alleged-sec-securities;fiat-stablecoin,HISTORICAL_APPROXIMATION,CMC snapshot tags vary by snapshot date (drift test: tags(2024)!=tags(2026)); taxonomy drift unverified,,,,,,NONE
2025-06-01,491,GAME,GameBuild,31246,gamebuild,0.00328812,57682125.69,6227686.58,1.754257004e+10,2024-05-14T13:14:18.000Z,1,ethereum-ecosystem,HISTORICAL_APPROXIMATION,CMC snapshot tags vary by snapshot date (drift test: tags(2024)!=tags(2026)); taxonomy drift unverified,,,,,,NONE
2025-06-01,492,PARTI,Particle Network,36102,particle-network,0.24751445,57670867.61,40807372.52,233000000,2025-03-24T02:22:29.000Z,8,interoperability;smart-contracts;wallet;bnb-chain-ecosystem;layer-1;binance-hodler-airdrops,HISTORICAL_APPROXIMATION,CMC snapshot tags vary by snapshot date (drift test: tags(2024)!=tags(2026)); taxonomy drift unverified,,,,PARTI-USDT-SWAP,2025-03-25T13:30:00Z,SYMBOL_MATCH
2025-06-01,493,QI,BENQI,9288,benqi,0.00836456,57089406.9,7531912.98,6825155096,2021-04-19T00:00:00.000Z,8,defi;binance-launchpool;avalanche-ecosystem;lending-borowing;arrington-xrp-capital-portfolio;spartan-group,HISTORICAL_APPROXIMATION,CMC snapshot tags vary by snapshot date (drift test: tags(2024)!=tags(2026)); taxonomy drift unverified,,,,,,NONE
2025-06-01,494,CAR,Central African Republic Meme,35669,central-african-republic-meme,0.05687549,56873622.04,5502316.65,999967184.9,2025-02-10T01:57:25.000Z,2,memes;solana-ecosystem,HISTORICAL_APPROXIMATION,CMC snapshot tags vary by snapshot date (drift test: tags(2024)!=tags(2026)); taxonomy drift unverified,,,,,,NONE
2025-06-01,495,ZENT,Zentry,30963,zentry,0.00864048,56833005.1,9815235.68,6577529472,2021-12-05T00:18:20.000Z,5,gaming;ethereum-ecosystem;gaming-guild;base-ecosystem;ronin-ecosystem,HISTORICAL_APPROXIMATION,CMC snapshot tags vary by snapshot date (drift test: tags(2024)!=tags(2026)); taxonomy drift unverified,,,,,,NONE
2025-06-01,496,SCRT,Secret,5604,secret,0.18371558,56802763.05,1495728.36,309188607.9,2020-05-19T00:00:00.000Z,5,cosmos-ecosystem;privacy;injective-ecosystem;layer-1;secret-ecosystem,HISTORICAL_APPROXIMATION,CMC snapshot tags vary by snapshot date (drift test: tags(2024)!=tags(2026)); taxonomy drift unverified,,,,,,NONE
2025-06-01,497,CTSI,Cartesi,5444,cartesi,0.06502497,56626613.86,4394875.9,870844131.3,2020-04-23T00:00:00.000Z,20,pos;platform;scaling;smart-contracts;staking;dapp,HISTORICAL_APPROXIMATION,CMC snapshot tags vary by snapshot date (drift test: tags(2024)!=tags(2026)); taxonomy drift unverified,,,,,,NONE
2025-06-01,498,DHN,Dohrnii,20279,dohrnii,3.31422696,56590564.47,329626.09,17075042,2022-05-25T04:32:53.000Z,2,education;ethereum-ecosystem,HISTORICAL_APPROXIMATION,CMC snapshot tags vary by snapshot date (drift test: tags(2024)!=tags(2026)); taxonomy drift unverified,,,,,,NONE
2025-06-01,499,EDU,Open Campus,24613,open-campus,0.13777429,56586102.32,9961257.21,410715985,2023-04-21T08:06:26.000Z,7,education;ethereum-ecosystem;binance-launchpad;polygon-ecosystem;animoca-brands-portfolio;bnb-chain-ecosystem,HISTORICAL_APPROXIMATION,CMC snapshot tags vary by snapshot date (drift test: tags(2024)!=tags(2026)); taxonomy drift unverified,,,,,,NONE
2025-06-01,500,SOSO,SoSoValue,35818,sosovalue,0.4909151,56520647.54,2985956.13,115133243,2025-02-19T07:26:46.000Z,6,asset-management;ai-big-data;defi;dapp;ethereum-ecosystem;base-ecosystem,HISTORICAL_APPROXIMATION,CMC snapshot tags vary by snapshot date (drift test: tags(2024)!=tags(2026)); taxonomy drift unverified,,,,,,NONE
2026-01-01,1,BTC,Bitcoin,1,bitcoin,88731.98666,1.77200324e+12,1.884904399e+10,19970287,2010-07-13T00:00:00.000Z,35,mineable;pow;sha-256;store-of-value;state-channel;coinbase-ventures-portfolio,HISTORICAL_APPROXIMATION,CMC snapshot tags vary by snapshot date (drift test: tags(2024)!=tags(2026)); taxonomy drift unverified,BTC,2023-05-12T00:00:00Z,False,BTC-USDT-SWAP,2019-11-12T11:16:48Z,SYMBOL_MATCH
2026-01-01,2,ETH,Ethereum,1027,ethereum,3000.394268,3.621322638e+11,1.026879666e+10,120694892.6,2015-08-07T00:00:00.000Z,36,pos;smart-contracts;ethereum-ecosystem;coinbase-ventures-portfolio;three-arrows-capital-portfolio;polychain-capital-portfolio,HISTORICAL_APPROXIMATION,CMC snapshot tags vary by snapshot date (drift test: tags(2024)!=tags(2026)); taxonomy drift unverified,ETH,2023-05-12T00:00:00Z,False,ETH-USDT-SWAP,2019-11-12T11:16:48Z,SYMBOL_MATCH
2026-01-01,3,USDT,Tether USDt,825,tether,0.99874475,1.868664844e+11,5.054866627e+10,1.871013435e+11,2015-02-25T00:00:00.000Z,18,stablecoin;asset-backed-stablecoin;usd-stablecoin;fiat-stablecoin;tron20-ecosystem;rsk-rbtc-ecosystem,HISTORICAL_APPROXIMATION,CMC snapshot tags vary by snapshot date (drift test: tags(2024)!=tags(2026)); taxonomy drift unverified,,,,,,NONE
2026-01-01,4,BNB,BNB,1839,bnb,863.0546126,1.188724235e+11,1623168589,137734532.5,2017-07-25T00:00:00.000Z,14,marketplace;centralized-exchange;payments;smart-contracts;alameda-research-portfolio;multicoin-capital-portfolio,HISTORICAL_APPROXIMATION,CMC snapshot tags vary by snapshot date (drift test: tags(2024)!=tags(2026)); taxonomy drift unverified,BNB,2023-05-12T00:00:00Z,False,BNB-USDT-SWAP,2022-12-23T06:53:48Z,SYMBOL_MATCH
2026-01-01,5,XRP,XRP,52,xrp,1.87793646,1.139464122e+11,1401659084,6.067639385e+10,2013-08-04T00:00:00.000Z,15,medium-of-exchange;enterprise-solutions;xrp-ecosystem;arrington-xrp-capital-portfolio;galaxy-digital-portfolio;a16z-portfolio,HISTORICAL_APPROXIMATION,CMC snapshot tags vary by snapshot date (drift test: tags(2024)!=tags(2026)); taxonomy drift unverified,XRP,2023-06-18T00:00:00Z,False,XRP-USDT-SWAP,2019-11-12T11:16:48Z,SYMBOL_MATCH
2026-01-01,6,USDC,USDC,3408,usd-coin,0.99975751,7.520021584e+10,5108664262,7.521845568e+10,2018-10-08T00:00:00.000Z,22,medium-of-exchange;stablecoin;asset-backed-stablecoin;stellar-ecosystem;coinbase-ventures-portfolio;usd-stablecoin,HISTORICAL_APPROXIMATION,CMC snapshot tags vary by snapshot date (drift test: tags(2024)!=tags(2026)); taxonomy drift unverified,,,,USDC-USDT-SWAP,2023-03-12T07:55:00Z,SYMBOL_MATCH
2026-01-01,7,SOL,Solana,5426,solana,126.7611207,7.138625576e+10,2461653813,563155763.8,2020-04-10T00:00:00.000Z,16,pos;platform;solana-ecosystem;cms-holdings-portfolio;kenetic-capital-portfolio;alameda-research-portfolio,HISTORICAL_APPROXIMATION,CMC snapshot tags vary by snapshot date (drift test: tags(2024)!=tags(2026)); taxonomy drift unverified,SOL,2023-05-12T00:00:00Z,False,SOL-USDT-SWAP,2021-01-22T07:00:00Z,SYMBOL_MATCH
2026-01-01,8,TRX,TRON,1958,tron,0.28652264,2.713213128e+10,401398280.5,9.469454729e+10,2017-09-13T00:00:00.000Z,12,media;payments;tron-ecosystem;layer-1;dwf-labs-portfolio;alleged-sec-securities,HISTORICAL_APPROXIMATION,CMC snapshot tags vary by snapshot date (drift test: tags(2024)!=tags(2026)); taxonomy drift unverified,TRX,2023-08-06T16:00:00Z,False,TRX-USDT-SWAP,2019-11-12T11:16:48Z,SYMBOL_MATCH
2026-01-01,9,DOGE,Dogecoin,74,dogecoin,0.12668048,2.130042145e+10,1303368853,1.681428831e+11,2013-12-15T00:00:00.000Z,13,mineable;pow;scrypt;medium-of-exchange;memes;payments,HISTORICAL_APPROXIMATION,CMC snapshot tags vary by snapshot date (drift test: tags(2024)!=tags(2026)); taxonomy drift unverified,DOGE,2023-05-12T00:00:00Z,False,DOGE-USDT-SWAP,2020-04-21T10:12:51Z,SYMBOL_MATCH
2026-01-01,10,ADA,Cardano,2010,cardano,0.35621231,1.280343755e+10,531808672.2,3.594327689e+10,2017-10-01T00:00:00.000Z,16,dpos;pos;platform;research;smart-contracts;staking,HISTORICAL_APPROXIMATION,CMC snapshot tags vary by snapshot date (drift test: tags(2024)!=tags(2026)); taxonomy drift unverified,ADA,2023-10-22T06:00:00Z,False,ADA-USDT-SWAP,2020-02-28T11:16:48Z,SYMBOL_MATCH
2026-01-01,11,BCH,Bitcoin Cash,1831,bitcoin-cash,592.3270424,1.18317845e+10,277799901.2,19975087.5,2017-07-23T00:00:00.000Z,13,mineable;pow;sha-256;marketplace;medium-of-exchange;store-of-value,HISTORICAL_APPROXIMATION,CMC snapshot tags vary by snapshot date (drift test: tags(2024)!=tags(2026)); taxonomy drift unverified,BCH,2023-06-30T03:00:00Z,False,BCH-USDT-SWAP,2019-11-12T11:16:48Z,SYMBOL_MATCH
2026-01-01,12,LINK,Chainlink,1975,chainlink,12.58615943,8912259122,424088084.8,708099970.5,2017-09-20T00:00:00.000Z,63,platform;cosmos-ecosystem;defi;interoperability;iot;oracles,HISTORICAL_APPROXIMATION,CMC snapshot tags vary by snapshot date (drift test: tags(2024)!=tags(2026)); taxonomy drift unverified,LINK,2023-05-18T08:00:00Z,False,LINK-USDT-SWAP,2020-02-28T11:16:48Z,SYMBOL_MATCH
2026-01-01,13,LEO,UNUS SED LEO,3957,unus-sed-leo,9.56717654,8818457787,587755.01,921740886.9,2019-05-21T00:00:00.000Z,7,marketplace;centralized-exchange;discount-token;payments;ethereum-ecosystem;kenetic-capital-portfolio,HISTORICAL_APPROXIMATION,CMC snapshot tags vary by snapshot date (drift test: tags(2024)!=tags(2026)); taxonomy drift unverified,,,,,,NONE
2026-01-01,14,ZEC,Zcash,1437,zcash,524.9618962,8644085665,476035416.1,16466120.17,2016-10-29T00:00:00.000Z,23,mineable;pow;equihash;medium-of-exchange;privacy;zero-knowledge-proofs,HISTORICAL_APPROXIMATION,CMC snapshot tags vary by snapshot date (drift test: tags(2024)!=tags(2026)); taxonomy drift unverified,ZEC,2025-10-02T14:00:00Z,False,ZEC-USDT-SWAP,2025-11-06T03:15:00Z,SYMBOL_MATCH
2026-01-01,15,HYPE,Hyperliquid,32196,hyperliquid,24.19970864,8212113992,220287707.1,339347639,2024-07-15T10:14:50.000Z,8,decentralized-exchange-dex-token;defi;derivatives;layer-1;hyperliquid-ecosystem;binance-ecosystem,HISTORICAL_APPROXIMATION,CMC snapshot tags vary by snapshot date (drift test: tags(2024)!=tags(2026)); taxonomy drift unverified,HYPE,2024-12-05T10:00:00Z,False,HYPE-USDT-SWAP,2025-02-21T07:00:00Z,SYMBOL_MATCH
2026-01-01,16,XMR,Monero,328,monero,419.5805356,7739894758,53983606.52,18446744.07,2014-05-21T00:00:00.000Z,13,mineable;pow;medium-of-exchange;privacy;ringct;boostvc-portfolio,HISTORICAL_APPROXIMATION,CMC snapshot tags vary by snapshot date (drift test: tags(2024)!=tags(2026)); taxonomy drift unverified,XMR,2026-01-15T09:00:00Z,False,,,SYMBOL_MATCH
2026-01-01,17,XLM,Stellar,512,stellar,0.20851158,6752647859,126894728.1,3.238500227e+10,2014-08-05T00:00:00.000Z,12,medium-of-exchange;enterprise-solutions;decentralized-exchange-dex-token;defi;smart-contracts;hashkey-capital-portfolio,HISTORICAL_APPROXIMATION,CMC snapshot tags vary by snapshot date (drift test: tags(2024)!=tags(2026)); taxonomy drift unverified,XLM,2024-11-23T03:00:00Z,False,XLM-USDT-SWAP,2020-04-21T10:12:51Z,SYMBOL_MATCH
2026-01-01,18,USDe,Ethena USDe,29470,ethena-usde,0.99840393,6292938262,66174765.58,6302998310,2024-02-20T11:05:01.000Z,10,stablecoin;asset-backed-stablecoin;binance-labs-portfolio;dragonfly-capital-portfolio;usd-stablecoin;eigenlayer-ecosystem,HISTORICAL_APPROXIMATION,CMC snapshot tags vary by snapshot date (drift test: tags(2024)!=tags(2026)); taxonomy drift unverified,,,,,,NONE
2026-01-01,19,LTC,Litecoin,2,litecoin,79.84381235,6123313948,255021762.6,76691151.98,2013-04-28T00:00:00.000Z,10,mineable;pow;scrypt;medium-of-exchange;privacy;layer-1,HISTORICAL_APPROXIMATION,CMC snapshot tags vary by snapshot date (drift test: tags(2024)!=tags(2026)); taxonomy drift unverified,LTC,2023-05-12T00:00:00Z,False,LTC-USDT-SWAP,2019-11-12T11:16:48Z,SYMBOL_MATCH
2026-01-01,20,CC,Canton,37263,canton-network,0.15948972,5879770933,73358493.98,3.68661435e+10,2025-07-08T04:07:45.000Z,11,proof-of-authority;store-of-value;enterprise-solutions;privacy;interoperability;scaling,HISTORICAL_APPROXIMATION,CMC snapshot tags vary by snapshot date (drift test: tags(2024)!=tags(2026)); taxonomy drift unverified,CC,2025-10-31T13:00:00Z,False,CC-USDT-SWAP,2025-10-31T14:00:00Z,SYMBOL_MATCH
2026-01-01,21,AVAX,Avalanche,5805,avalanche,13.54963343,5827755184,452484845.4,430104269.1,2020-07-13T00:00:00.000Z,12,smart-contracts;three-arrows-capital-portfolio;polychain-capital-portfolio;avalanche-ecosystem;cms-holdings-portfolio;dragonfly-capital-portfolio,HISTORICAL_APPROXIMATION,CMC snapshot tags vary by snapshot date (drift test: tags(2024)!=tags(2026)); taxonomy drift unverified,AVAX,2023-05-12T00:00:00Z,False,AVAX-USDT-SWAP,2020-09-23T06:00:00Z,SYMBOL_MATCH
2026-01-01,22,SUI,Sui,20947,sui,1.47023418,5575397172,355319516.2,3792183075,2022-07-12T08:03:11.000Z,13,binance-launchpool;coinbase-ventures-portfolio;binance-labs-portfolio;electric-capital-portfolio;a16z-portfolio;sui-ecosystem,HISTORICAL_APPROXIMATION,CMC snapshot tags vary by snapshot date (drift test: tags(2024)!=tags(2026)); taxonomy drift unverified,SUI,2023-05-12T00:00:00Z,False,SUI-USDT-SWAP,2023-05-05T03:55:00Z,SYMBOL_MATCH
2026-01-01,23,DAI,Dai,4943,multi-collateral-dai,0.99972556,5363910240,82992351.66,5365382703,2019-11-22T00:00:00.000Z,7,defi;stablecoin;asset-backed-stablecoin;usd-stablecoin;binance-ecosystem;binance-listing,HISTORICAL_APPROXIMATION,CMC snapshot tags vary by snapshot date (drift test: tags(2024)!=tags(2026)); taxonomy drift unverified,,,,,,NONE
2026-01-01,24,HBAR,Hedera,4642,hedera,0.11422827,4886309562,115647199.2,4.277670861e+10,2019-09-17T00:00:00.000Z,12,dag;marketplace;enterprise-solutions;payments;dcg-portfolio;hedera-hashgraph-ecosystem,HISTORICAL_APPROXIMATION,CMC snapshot tags vary by snapshot date (drift test: tags(2024)!=tags(2026)); taxonomy drift unverified,HBAR,2024-04-24T06:00:00Z,False,HBAR-USDT-SWAP,2023-08-16T05:55:00Z,SYMBOL_MATCH
2026-01-01,25,SHIB,Shiba Inu,5994,shiba-inu,7.45e-06,4390866327,104092917.2,5.892440619e+14,2020-08-01T00:00:00.000Z,9,memes;ethereum-ecosystem;doggone-doggerel;bnb-chain-ecosystem;base-ecosystem;animal-memes,HISTORICAL_APPROXIMATION,CMC snapshot tags vary by snapshot date (drift test: tags(2024)!=tags(2026)); taxonomy drift unverified,,,,SHIB-USDT-SWAP,2021-05-09T09:00:00Z,SYMBOL_MATCH
2026-01-01,26,TON,Toncoin,11419,toncoin,1.6933633,4091586208,92670962.2,2416248308,2021-08-26T13:40:22.000Z,8,pos;layer-1;ftx-bankruptcy-estate;dwf-labs-portfolio;toncoin-ecosystem;cmc-crypto-yearbook-2024-2025,HISTORICAL_APPROXIMATION,CMC snapshot tags vary by snapshot date (drift test: tags(2024)!=tags(2026)); taxonomy drift unverified,TON,2023-10-22T06:00:00Z,True,,,SYMBOL_MATCH
2026-01-01,27,WLFI,World Liberty Financial,33251,world-liberty-financial-wlfi,0.1465438,3917919867,55034658.22,2.673548692e+10,2024-10-01T02:34:47.000Z,8,defi;ethereum-ecosystem;solana-ecosystem;bnb-chain-ecosystem;made-in-america;binance-ecosystem,HISTORICAL_APPROXIMATION,CMC snapshot tags vary by snapshot date (drift test: tags(2024)!=tags(2026)); taxonomy drift unverified,WLFI,2025-08-23T11:00:00Z,False,WLFI-USDT-SWAP,2025-08-23T13:00:00Z,SYMBOL_MATCH
2026-01-01,28,UNI,Uniswap,7083,uniswap,5.79996334,3655598355,253772646.9,630279562.7,2020-09-17T00:00:00.000Z,31,decentralized-exchange-dex-token;defi;dao;ethereum-ecosystem;yield-farming;amm,HISTORICAL_APPROXIMATION,CMC snapshot tags vary by snapshot date (drift test: tags(2024)!=tags(2026)); taxonomy drift unverified,UNI,2023-08-11T23:00:00Z,False,UNI-USDT-SWAP,2020-09-17T04:30:00Z,SYMBOL_MATCH
2026-01-01,29,CRO,Cronos,3635,cronos,0.09368508,3614481831,15017463.34,3.85811875e+10,2018-12-14T00:00:00.000Z,5,medium-of-exchange;centralized-exchange;mobile;payments;layer-1,HISTORICAL_APPROXIMATION,CMC snapshot tags vary by snapshot date (drift test: tags(2024)!=tags(2026)); taxonomy drift unverified,,,,CRO-USDT-SWAP,2021-04-08T09:00:00Z,SYMBOL_MATCH
2026-01-01,30,PYUSD,PayPal USD,27772,paypal-usd,0.9996099,3603020964,160020137.5,3604427060,2023-08-21T14:30:00.000Z,5,stablecoin;asset-backed-stablecoin;stellar-ecosystem;usd-stablecoin;fiat-stablecoin,HISTORICAL_APPROXIMATION,CMC snapshot tags vary by snapshot date (drift test: tags(2024)!=tags(2026)); taxonomy drift unverified,,,,,,NONE
2026-01-01,31,DOT,Polkadot,6636,polkadot-new,1.99602807,3295601593,223301763.8,1651079783,2020-08-19T00:00:00.000Z,30,defi;ethereum-ecosystem;substrate;polkadot;polkadot-ecosystem;three-arrows-capital-portfolio,HISTORICAL_APPROXIMATION,CMC snapshot tags vary by snapshot date (drift test: tags(2024)!=tags(2026)); taxonomy drift unverified,DOT,2023-09-12T12:00:00Z,False,DOT-USDT-SWAP,2020-08-25T10:12:51Z,SYMBOL_MATCH
2026-01-01,32,USD1,World Liberty Financial USD,36148,usd1,0.99980749,3281713003,662516922,3282344883,2025-04-13T05:37:56.000Z,8,stablecoin;usd-stablecoin;tron20-ecosystem;made-in-america;world-liberty-financial-portfolio;binance-ecosystem,HISTORICAL_APPROXIMATION,CMC snapshot tags vary by snapshot date (drift test: tags(2024)!=tags(2026)); taxonomy drift unverified,,,,,,NONE
2026-01-01,33,MNT,Mantle,27075,mantle,0.97301108,3165150610,31277428.97,3252944056,2023-07-17T11:00:31.000Z,5,ethereum-ecosystem;layer-2;dwf-labs-portfolio;made-in-china;neobank,HISTORICAL_APPROXIMATION,CMC snapshot tags vary by snapshot date (drift test: tags(2024)!=tags(2026)); taxonomy drift unverified,MNT,2024-04-05T02:00:00Z,False,,,SYMBOL_MATCH
2026-01-01,34,BGB,Bitget Token,11092,bitget-token-new,3.49971944,2446269706,19236821.06,698990232.5,2021-07-29T00:00:00.000Z,3,centralized-exchange;ethereum-ecosystem;made-in-china,HISTORICAL_APPROXIMATION,CMC snapshot tags vary by snapshot date (drift test: tags(2024)!=tags(2026)); taxonomy drift unverified,,,,,,NONE
2026-01-01,35,TAO,Bittensor,22974,bittensor,229.9722462,2427878701,58163838.02,10557268.28,2023-03-06T05:20:00.000Z,15,ai-big-data;distributed-computing;oracles;dao;polychain-capital-portfolio;dcg-portfolio,HISTORICAL_APPROXIMATION,CMC snapshot tags vary by snapshot date (drift test: tags(2024)!=tags(2026)); taxonomy drift unverified,TAO,2024-02-19T14:00:00Z,False,TAO-USDT-SWAP,2024-09-20T05:00:00Z,SYMBOL_MATCH
2026-01-01,36,OKB,OKB,3897,okb,110.0560866,2311177818,17618362.39,21000000,2019-04-30T00:00:00.000Z,10,marketplace;centralized-exchange;discount-token;ethereum-ecosystem;alameda-research-portfolio;x1-ecosystem,HISTORICAL_APPROXIMATION,CMC snapshot tags vary by snapshot date (drift test: tags(2024)!=tags(2026)); taxonomy drift unverified,,,,OKB-USDT-SWAP,2025-09-04T02:00:00Z,SYMBOL_MATCH
2026-01-01,37,AAVE,Aave,7278,aave,148.690201,2276610810,124361905.8,15311101.84,2020-10-02T00:00:00.000Z,28,defi;dao;ethereum-ecosystem;yield-farming;three-arrows-capital-portfolio;governance,HISTORICAL_APPROXIMATION,CMC snapshot tags vary by snapshot date (drift test: tags(2024)!=tags(2026)); taxonomy drift unverified,AAVE,2023-07-18T00:00:00Z,False,AAVE-USDT-SWAP,2020-12-10T06:00:00Z,SYMBOL_MATCH
2026-01-01,38,NEAR,NEAR Protocol,6535,near-protocol,1.62627089,2088206414,144159952.8,1284045863,2020-08-11T00:00:00.000Z,22,platform;ai-big-data;staking;coinbase-ventures-portfolio;three-arrows-capital-portfolio;arrington-xrp-capital-portfolio,HISTORICAL_APPROXIMATION,CMC snapshot tags vary by snapshot date (drift test: tags(2024)!=tags(2026)); taxonomy drift unverified,NEAR,2023-11-01T17:00:00Z,False,NEAR-USDT-SWAP,2020-12-21T10:00:00Z,SYMBOL_MATCH
2026-01-01,39,PEPE,Pepe,24478,pepe,4.92e-06,2071311155,527439919,4.206898997e+14,2023-04-17T06:18:08.000Z,5,memes;ethereum-ecosystem;binance-ecosystem;binance-listing;etherlink-ecosystem,HISTORICAL_APPROXIMATION,CMC snapshot tags vary by snapshot date (drift test: tags(2024)!=tags(2026)); taxonomy drift unverified,,,,PEPE-USDT-SWAP,2023-05-03T03:55:01Z,SYMBOL_MATCH
2026-01-01,40,M,MemeCore,35491,memecore,1.55663835,1949250217,12577557.63,1252217779,2025-07-03T09:16:58.000Z,7,memes;bnb-chain-ecosystem;layer-1;binance-alpha;binance-alpha-airdrops;binance-ecosystem,HISTORICAL_APPROXIMATION,CMC snapshot tags vary by snapshot date (drift test: tags(2024)!=tags(2026)); taxonomy drift unverified,,,,,,NONE
2026-01-01,41,ETC,Ethereum Classic,1321,ethereum-classic,12.04045452,1865742322,73220413.78,154956137.1,2016-07-24T00:00:00.000Z,11,mineable;pow;ethash;platform;smart-contracts;dcg-portfolio,HISTORICAL_APPROXIMATION,CMC snapshot tags vary by snapshot date (drift test: tags(2024)!=tags(2026)); taxonomy drift unverified,ETC,2024-01-12T01:00:00Z,False,ETC-USDT-SWAP,2019-11-12T11:16:48Z,SYMBOL_MATCH
2026-01-01,42,XAUt,Tether Gold,5176,tether-gold,4349.374742,1779840875,108864469.4,409217.6417,2020-02-07T00:00:00.000Z,7,ethereum-ecosystem;tokenized-gold;real-world-assets-protocols;binance-ecosystem;binance-listing;tokenized-assets,HISTORICAL_APPROXIMATION,CMC snapshot tags vary by snapshot date (drift test: tags(2024)!=tags(2026)); taxonomy drift unverified,,,,,,NONE
2026-01-01,43,ASTER,Aster,36341,aster,0.70994097,1771642913,79435649.89,2495479180,2025-04-25T06:46:11.000Z,9,decentralized-exchange-dex-token;defi;derivatives;dex;bnb-chain-ecosystem;binance-ecosystem,HISTORICAL_APPROXIMATION,CMC snapshot tags vary by snapshot date (drift test: tags(2024)!=tags(2026)); taxonomy drift unverified,ASTER,2025-09-19T11:00:00Z,False,ASTER-USDT-SWAP,2025-09-22T05:00:00Z,SYMBOL_MATCH
2026-01-01,44,PI,Pi,35697,pi,0.20472325,1715180871,7554450.83,8378046154,2025-02-11T07:16:10.000Z,2,layer-1;mobile-mining,HISTORICAL_APPROXIMATION,CMC snapshot tags vary by snapshot date (drift test: tags(2024)!=tags(2026)); taxonomy drift unverified,,,,PI-USDT-SWAP,2025-02-20T09:00:00Z,SYMBOL_MATCH
2026-01-01,45,ENA,Ethena,30171,ethena,0.21730947,1671245656,89986266.65,7690625000,2024-03-29T04:42:08.000Z,8,defi;ethereum-ecosystem;binance-labs-portfolio;okx-ventures-portfolio;cmc-crypto-yearbook-2024-2025;world-liberty-financial-portfolio,HISTORICAL_APPROXIMATION,CMC snapshot tags vary by snapshot date (drift test: tags(2024)!=tags(2026)); taxonomy drift unverified,ENA,2024-04-02T14:00:00Z,False,ENA-USDT-SWAP,2025-09-17T07:30:00Z,SYMBOL_MATCH
2026-01-01,46,ICP,Internet Computer,8916,internet-computer,2.99812978,1637252136,143182547.6,546091149.2,2021-03-23T00:00:00.000Z,17,platform;ai-big-data;smart-contracts;polychain-capital-portfolio;electric-capital-portfolio;fenbushi-capital-portfolio,HISTORICAL_APPROXIMATION,CMC snapshot tags vary by snapshot date (drift test: tags(2024)!=tags(2026)); taxonomy drift unverified,ICP,2025-11-08T04:00:00Z,False,ICP-USDT-SWAP,2021-05-14T09:00:00Z,SYMBOL_MATCH
2026-01-01,47,PAXG,PAX Gold,4705,pax-gold,4356.462838,1614096914,65552068.21,370506.297,2019-09-26T00:00:00.000Z,7,ethereum-ecosystem;tokenized-gold;real-world-assets-protocols;binance-ecosystem;binance-listing;tokenized-assets,HISTORICAL_APPROXIMATION,CMC snapshot tags vary by snapshot date (drift test: tags(2024)!=tags(2026)); taxonomy drift unverified,PAXG,2025-04-06T16:00:00Z,False,,,SYMBOL_MATCH
2026-01-01,48,USDG,Global Dollar,33793,global-dollar-usdg,0.99965648,1528757685,8993860.08,1529283030,2024-11-05T04:54:47.000Z,2,stablecoin;usd-stablecoin,HISTORICAL_APPROXIMATION,CMC snapshot tags vary by snapshot date (drift test: tags(2024)!=tags(2026)); taxonomy drift unverified,,,,,,NONE
2026-01-01,49,NIGHT,Midnight,39064,midnight-network,0.08678899,1441339494,53853312.77,1.66073994e+10,2025-12-08T02:23:02.000Z,9,privacy;zero-knowledge-proofs;cardano-ecosystem;bnb-chain-ecosystem;binance-alpha;binance-alpha-airdrops,HISTORICAL_APPROXIMATION,CMC snapshot tags vary by snapshot date (drift test: tags(2024)!=tags(2026)); taxonomy drift unverified,,,,NIGHT-USDT-SWAP,2025-12-09T11:30:00Z,SYMBOL_MATCH
2026-01-01,50,KCS,KuCoin Token,2087,kucoin-token,10.81492998,1429247306,1184182.57,132155021.7,2017-10-24T00:00:00.000Z,5,marketplace;centralized-exchange;discount-token;ethereum-ecosystem;made-in-china,HISTORICAL_APPROXIMATION,CMC snapshot tags vary by snapshot date (drift test: tags(2024)!=tags(2026)); taxonomy drift unverified,,,,,,NONE
2026-01-01,51,APT,Aptos,21794,aptos,1.8604342,1396501862,100646663.8,750632226,2022-10-19T01:50:25.000Z,8,binance-labs-portfolio;circle-ventures-portfolio;layer-1;ftx-bankruptcy-estate;move-vm;made-in-america,HISTORICAL_APPROXIMATION,CMC snapshot tags vary by snapshot date (drift test: tags(2024)!=tags(2026)); taxonomy drift unverified,APT,2023-06-30T03:00:00Z,False,APT-USDT-SWAP,2022-10-19T01:18:48Z,SYMBOL_MATCH
2026-01-01,52,SKY,Sky,33038,sky,0.06057935,1390296890,10105254.12,2.295001273e+10,2024-09-18T13:25:16.000Z,23,store-of-value;defi;dao;ethereum-ecosystem;polychain-capital-portfolio;governance,HISTORICAL_APPROXIMATION,CMC snapshot tags vary by snapshot date (drift test: tags(2024)!=tags(2026)); taxonomy drift unverified,SKY,2025-09-17T06:00:00Z,False,SKY-USDT-SWAP,2025-09-11T11:30:00Z,SYMBOL_MATCH
2026-01-01,53,WLD,Worldcoin,13502,worldcoin-org,0.52037089,1387166765,69305112.22,2665727083,2021-10-28T15:31:43.000Z,13,defi;zero-knowledge-proofs;identity;ethereum-ecosystem;governance;blockchain-capital-portfolio,HISTORICAL_APPROXIMATION,CMC snapshot tags vary by snapshot date (drift test: tags(2024)!=tags(2026)); taxonomy drift unverified,WLD,2023-07-24T14:00:00Z,False,WLD-USDT-SWAP,2023-07-24T11:55:21Z,SYMBOL_MATCH
2026-01-01,54,RLUSD,Ripple USD,34387,ripple-usd,1.00009435,1336257333,37154842.36,1336131274,2024-12-18T07:22:18.000Z,3,stablecoin;usd-stablecoin;fiat-stablecoin,HISTORICAL_APPROXIMATION,CMC snapshot tags vary by snapshot date (drift test: tags(2024)!=tags(2026)); taxonomy drift unverified,,,,,,NONE
2026-01-01,55,ONDO,Ondo,21159,ondo-finance,0.38659562,1221297129,44171905.23,3159107529,2024-01-18T12:06:25.000Z,7,ethereum-ecosystem;real-world-assets-protocols;cmc-crypto-yearbook-2024-2025;made-in-america;world-liberty-financial-portfolio;binance-ecosystem,HISTORICAL_APPROXIMATION,CMC snapshot tags vary by snapshot date (drift test: tags(2024)!=tags(2026)); taxonomy drift unverified,ONDO,2024-01-20T15:00:00Z,False,ONDO-USDT-SWAP,2024-08-06T10:30:03Z,SYMBOL_MATCH
2026-01-01,56,KAS,Kaspa,20396,kaspa,0.04468169,1209700885,17074263.21,2.707375112e+10,2022-06-01T00:03:58.000Z,9,mineable;dag;pow;store-of-value;polychain-capital-portfolio;layer-1,HISTORICAL_APPROXIMATION,CMC snapshot tags vary by snapshot date (drift test: tags(2024)!=tags(2026)); taxonomy drift unverified,KAS,2023-10-12T18:00:00Z,False,,,SYMBOL_MATCH
2026-01-01,57,ARB,Arbitrum,11841,arbitrum,0.20064894,1147568744,75084532.54,5719286371,2023-03-23T12:50:11.000Z,14,scaling;dao;dapp;ethereum-ecosystem;polychain-capital-portfolio;layer-2,HISTORICAL_APPROXIMATION,CMC snapshot tags vary by snapshot date (drift test: tags(2024)!=tags(2026)); taxonomy drift unverified,ARB,2023-05-12T00:00:00Z,False,ARB-USDT-SWAP,2023-03-23T14:01:34Z,SYMBOL_MATCH
2026-01-01,58,POL,Polygon (prev. MATIC),28321,polygon-ecosystem-token,0.1061385,1121269346,58203018.96,1.056420932e+10,2023-10-30T14:43:57.000Z,4,ethereum-ecosystem;layer-2;binance-ecosystem;binance-listing,HISTORICAL_APPROXIMATION,CMC snapshot tags vary by snapshot date (drift test: tags(2024)!=tags(2026)); taxonomy drift unverified,POL,2024-09-17T07:00:00Z,False,POL-USDT-SWAP,2024-09-24T08:30:00Z,SYMBOL_MATCH
2026-01-01,59,FIL,Filecoin,2280,filecoin,1.4859467,1088878658,286985100.6,732784465,2017-12-13T00:00:00.000Z,22,mineable;ai-big-data;distributed-computing;filesharing;storage;polychain-capital-portfolio,HISTORICAL_APPROXIMATION,CMC snapshot tags vary by snapshot date (drift test: tags(2024)!=tags(2026)); taxonomy drift unverified,FIL,2023-11-14T04:00:00Z,False,FIL-USDT-SWAP,2019-08-10T10:12:51Z,SYMBOL_MATCH
2026-01-01,60,ALGO,Algorand,4030,algorand,0.12000786,1060514687,37154312.7,8837043596,2019-06-20T00:00:00.000Z,18,pos;platform;research;smart-contracts;algorand-ecosystem;arrington-xrp-capital-portfolio,HISTORICAL_APPROXIMATION,CMC snapshot tags vary by snapshot date (drift test: tags(2024)!=tags(2026)); taxonomy drift unverified,ALGO,2024-12-04T13:00:00Z,False,ALGO-USDT-SWAP,2020-04-21T10:12:51Z,SYMBOL_MATCH
2026-01-01,61,ATOM,Cosmos,3794,cosmos,2.06578716,1003219951,47372151.67,485635680,2019-03-14T00:00:00.000Z,21,platform;cosmos-ecosystem;communications-social-media;content-creation;defi;interoperability,HISTORICAL_APPROXIMATION,CMC snapshot tags vary by snapshot date (drift test: tags(2024)!=tags(2026)); taxonomy drift unverified,ATOM,2023-05-12T00:00:00Z,False,ATOM-USDT-SWAP,2019-11-12T11:16:48Z,SYMBOL_MATCH
2026-01-01,62,XDC,XDC Network,2634,xdc-network,0.05144403,981699514.1,20539954.01,1.908286714e+10,2018-04-12T00:00:00.000Z,8,pos;enterprise-solutions;masternodes;smart-contracts;xdc-ecosystem;real-world-assets-protocols,HISTORICAL_APPROXIMATION,CMC snapshot tags vary by snapshot date (drift test: tags(2024)!=tags(2026)); taxonomy drift unverified,,,,,,NONE
2026-01-01,63,TRUMP,OFFICIAL TRUMP,35336,official-trump,4.88312446,976620889.3,196007262.1,199999180.3,2025-01-18T04:19:35.000Z,8,memes;solana-ecosystem;political-memes;celebrity-memes;made-in-america;moonshot,HISTORICAL_APPROXIMATION,CMC snapshot tags vary by snapshot date (drift test: tags(2024)!=tags(2026)); taxonomy drift unverified,TRUMP,2025-01-18T06:00:00Z,False,TRUMP-USDT-SWAP,2025-01-19T05:30:04Z,SYMBOL_MATCH
2026-01-01,64,MYX,MYX Finance,36410,myx-finance,3.87728337,975033723.2,13207176.16,251473423.7,2025-05-05T03:08:48.000Z,9,defi;derivatives;bnb-chain-ecosystem;binance-alpha;binance-wallet-ido;binance-alpha-airdrops,HISTORICAL_APPROXIMATION,CMC snapshot tags vary by snapshot date (drift test: tags(2024)!=tags(2026)); taxonomy drift unverified,,,,,,NONE
2026-01-01,65,VET,VeChain,3077,vechain,0.01106238,951199328,19257295.91,8.598504118e+10,2017-08-22T00:00:00.000Z,10,logistics;data-provenance;iot;smart-contracts;fenbushi-capital-portfolio;real-world-assets-protocols,HISTORICAL_APPROXIMATION,CMC snapshot tags vary by snapshot date (drift test: tags(2024)!=tags(2026)); taxonomy drift unverified,,,,,,NONE
2026-01-01,66,QNT,Quant,3155,quant,75.48370706,911295018.6,17081026.47,12072738,2018-08-10T00:00:00.000Z,8,platform;defi;interoperability;ethereum-ecosystem;real-world-assets-protocols;binance-ecosystem,HISTORICAL_APPROXIMATION,CMC snapshot tags vary by snapshot date (drift test: tags(2024)!=tags(2026)); taxonomy drift unverified,,,,QNT-USDT-SWAP,2026-06-05T10:30:00Z,SYMBOL_MATCH
2026-01-01,67,FLR,Flare,7950,flare,0.01087768,896826078.3,7447288.07,8.2446449e+10,2020-12-11T00:00:00.000Z,2,layer-1;dwf-labs-portfolio,HISTORICAL_APPROXIMATION,CMC snapshot tags vary by snapshot date (drift test: tags(2024)!=tags(2026)); taxonomy drift unverified,,,,,,NONE
2026-01-01,68,USDD,USDD,19891,usdd,0.99881365,855864087.9,4079032.96,856880644,2022-05-02T08:07:12.000Z,5,stablecoin;algorithmic-stablecoin;usd-stablecoin;tron20-ecosystem;made-in-china,HISTORICAL_APPROXIMATION,CMC snapshot tags vary by snapshot date (drift test: tags(2024)!=tags(2026)); taxonomy drift unverified,,,,,,NONE
2026-01-01,69,GT,GateToken,4269,gatetoken,10.38276141,832316808.9,2022432.73,80163337.7,2019-08-20T00:00:00.000Z,7,marketplace;centralized-exchange;discount-token;ethereum-ecosystem;solana-ecosystem;ftx-bankruptcy-estate,HISTORICAL_APPROXIMATION,CMC snapshot tags vary by snapshot date (drift test: tags(2024)!=tags(2026)); taxonomy drift unverified,,,,,,NONE
2026-01-01,70,SEI,Sei,23149,sei,0.11604023,753230038,35909505.02,6491111111,2023-08-14T07:35:00.000Z,10,coinbase-ventures-portfolio;multicoin-capital-portfolio;layer-1;jump-crypto;sei-ecosystem;parallel-evm,HISTORICAL_APPROXIMATION,CMC snapshot tags vary by snapshot date (drift test: tags(2024)!=tags(2026)); taxonomy drift unverified,SEI,2023-08-15T13:00:00Z,False,SEI-USDT-SWAP,2025-11-14T07:30:01Z,SYMBOL_MATCH
2026-01-01,71,PUMP,Pump.fun,36507,pump-fun,0.0021062,745593253.4,112894695.5,3.54e+11,2025-05-14T18:51:49.000Z,5,launchpad;solana-ecosystem;pump-fun-ecosystem;binance-ecosystem;binance-listing,HISTORICAL_APPROXIMATION,CMC snapshot tags vary by snapshot date (drift test: tags(2024)!=tags(2026)); taxonomy drift unverified,PUMP,2025-07-10T04:00:00Z,False,PUMP-USDT-SWAP,2025-07-14T17:30:00Z,SYMBOL_MATCH
2026-01-01,72,BONK,Bonk,23095,bonk1,8.19e-06,720900918,66447531.88,8.799521626e+13,2022-12-30T06:58:50.000Z,16,memes;ethereum-ecosystem;solana-ecosystem;polygon-ecosystem;doggone-doggerel;arbitrum-ecosystem,HISTORICAL_APPROXIMATION,CMC snapshot tags vary by snapshot date (drift test: tags(2024)!=tags(2026)); taxonomy drift unverified,,,,BONK-USDT-SWAP,2024-01-08T06:26:57Z,SYMBOL_MATCH
2026-01-01,73,RENDER,Render,5690,render,1.37897228,715113810.1,24391489.34,518584616.2,2020-06-11T00:00:00.000Z,23,art;media;vr-ar;ai-big-data;distributed-computing;collectibles-nfts,HISTORICAL_APPROXIMATION,CMC snapshot tags vary by snapshot date (drift test: tags(2024)!=tags(2026)); taxonomy drift unverified,RENDER,2024-07-31T11:00:00Z,False,RENDER-USDT-SWAP,2024-08-08T08:30:00Z,SYMBOL_MATCH
2026-01-01,74,IP,Story,35626,story-protocol,1.96775905,670335144.3,188628676.5,340659159,2025-02-06T07:02:40.000Z,6,ai-big-data;smart-contracts;layer-1;made-in-america;binance-ecosystem;binance-listing,HISTORICAL_APPROXIMATION,CMC snapshot tags vary by snapshot date (drift test: tags(2024)!=tags(2026)); taxonomy drift unverified,IP,2025-02-13T10:00:00Z,True,,,SYMBOL_MATCH
2026-01-01,75,CAKE,PancakeSwap,7186,pancakeswap,1.98365887,665940651.1,49345228.94,335713292.1,2020-09-25T00:00:00.000Z,21,collectibles-nfts;decentralized-exchange-dex-token;defi;smart-contracts;ethereum-ecosystem;yield-farming,HISTORICAL_APPROXIMATION,CMC snapshot tags vary by snapshot date (drift test: tags(2024)!=tags(2026)); taxonomy drift unverified,CAKE,2023-12-30T15:00:00Z,False,,,SYMBOL_MATCH
2026-01-01,76,LIT,Lighter,39125,lighter,2.65137518,662843795.3,25193919.09,250000000,2025-12-30T06:45:00.000Z,12,decentralized-exchange-dex-token;defi;derivatives;zero-knowledge-proofs;ethereum-ecosystem;dex,HISTORICAL_APPROXIMATION,CMC snapshot tags vary by snapshot date (drift test: tags(2024)!=tags(2026)); taxonomy drift unverified,LIT,2025-12-22T16:00:00Z,False,LIT-USDT-SWAP,2025-12-24T03:30:00Z,SYMBOL_MATCH
2026-01-01,77,JUP,Jupiter,29210,jupiter-ag,0.19957589,636730719.5,17029212.4,3190419073,2024-01-31T08:38:13.000Z,10,decentralized-exchange-dex-token;defi;derivatives;amm;solana-ecosystem;cross-chain,HISTORICAL_APPROXIMATION,CMC snapshot tags vary by snapshot date (drift test: tags(2024)!=tags(2026)); taxonomy drift unverified,JUP,2023-12-03T01:00:00Z,False,JUP-USDT-SWAP,2024-01-31T16:05:00Z,SYMBOL_MATCH
2026-01-01,78,PENGU,Pudgy Penguins,34466,pudgy-penguins,0.00946112,594729637.8,86057126.52,6.286039609e+10,2024-12-17T14:00:00.000Z,9,collectibles-nfts;memes;solana-ecosystem;animal-memes;ip-memes;made-in-america,HISTORICAL_APPROXIMATION,CMC snapshot tags vary by snapshot date (drift test: tags(2024)!=tags(2026)); taxonomy drift unverified,PENGU,2024-12-17T15:00:00Z,False,PENGU-USDT-SWAP,2024-12-17T15:55:02Z,SYMBOL_MATCH
2026-01-01,79,NEXO,Nexo,2694,nexo,0.90254798,583177622.2,6335867.84,646145839.6,2018-05-01T00:00:00.000Z,8,services;payments;ethereum-ecosystem;polygon-ecosystem;cardano-ecosystem;alleged-sec-securities,HISTORICAL_APPROXIMATION,CMC snapshot tags vary by snapshot date (drift test: tags(2024)!=tags(2026)); taxonomy drift unverified,,,,,,NONE
2026-01-01,80,OP,Optimism,11840,optimism-ethereum,0.296244,575925744.5,69627057.57,1944092497,2022-05-31T16:19:46.000Z,5,layer-2;optimism-ecosystem;made-in-america;binance-ecosystem;binance-listing,HISTORICAL_APPROXIMATION,CMC snapshot tags vary by snapshot date (drift test: tags(2024)!=tags(2026)); taxonomy drift unverified,OP,2023-05-12T00:00:00Z,False,OP-USDT-SWAP,2022-06-01T03:55:17Z,SYMBOL_MATCH
2026-01-01,81,CRV,Curve DAO Token,6538,curve-dao-token,0.39047656,565808773.8,53603866.59,1449021086,2020-08-14T00:00:00.000Z,18,decentralized-exchange-dex-token;defi;dao;ethereum-ecosystem;yield-farming;amm,HISTORICAL_APPROXIMATION,CMC snapshot tags vary by snapshot date (drift test: tags(2024)!=tags(2026)); taxonomy drift unverified,CRV,2023-05-15T16:00:00Z,False,CRV-USDT-SWAP,2020-09-04T10:12:51Z,SYMBOL_MATCH
2026-01-01,82,DASH,Dash,131,dash,43.29244918,542880799.5,97214837.2,12539849.55,2014-02-14T00:00:00.000Z,14,mineable;hybrid-pow-pos;x11;medium-of-exchange;privacy;masternodes,HISTORICAL_APPROXIMATION,CMC snapshot tags vary by snapshot date (drift test: tags(2024)!=tags(2026)); taxonomy drift unverified,DASH,2026-01-18T04:00:00Z,False,DASH-USDT-SWAP,2025-11-06T03:00:00Z,SYMBOL_MATCH
2026-01-01,83,XTZ,Tezos,2011,tezos,0.50632106,542114635,15210820.7,1070693436,2017-10-06T00:00:00.000Z,16,pos;platform;enterprise-solutions;collectibles-nfts;privacy;smart-contracts,HISTORICAL_APPROXIMATION,CMC snapshot tags vary by snapshot date (drift test: tags(2024)!=tags(2026)); taxonomy drift unverified,,,,XTZ-USDT-SWAP,2020-04-21T10:12:51Z,SYMBOL_MATCH
2026-01-01,84,FDUSD,First Digital USD,26081,first-digital-usd,0.99833672,515454387.4,2008512320,516313158.5,2023-07-26T04:26:40.000Z,6,stablecoin;binance-smart-chain;usd-stablecoin;fiat-stablecoin;binance-ecosystem;binance-listing,HISTORICAL_APPROXIMATION,CMC snapshot tags vary by snapshot date (drift test: tags(2024)!=tags(2026)); taxonomy drift unverified,,,,,,NONE
2026-01-01,85,LDO,Lido DAO,8000,lido-dao,0.60639415,513353155,33500640.97,846566802.6,2020-12-15T00:00:00.000Z,15,defi;dao;ethereum-ecosystem;three-arrows-capital-portfolio;solana-ecosystem;paradigm-portfolio,HISTORICAL_APPROXIMATION,CMC snapshot tags vary by snapshot date (drift test: tags(2024)!=tags(2026)); taxonomy drift unverified,LDO,2023-05-16T00:00:00Z,False,LDO-USDT-SWAP,2023-02-02T07:02:49Z,SYMBOL_MATCH
2026-01-01,86,IMX,Immutable,10603,immutable-x,0.25433625,505867822.8,22743265.11,1988972529,2021-06-24T00:00:00.000Z,12,collectibles-nfts;zero-knowledge-proofs;gaming;scaling;ethereum-ecosystem;layer-2,HISTORICAL_APPROXIMATION,CMC snapshot tags vary by snapshot date (drift test: tags(2024)!=tags(2026)); taxonomy drift unverified,IMX,2023-11-17T16:00:00Z,False,IMX-USDT-SWAP,2021-11-18T06:50:22Z,SYMBOL_MATCH
2026-01-01,87,FET,Artificial Superintelligence Alliance,3773,artificial-superintelligence-alliance,0.21335994,493315331.7,44854425.48,2312127209,2019-03-02T00:00:00.000Z,14,cosmos-ecosystem;ai-big-data;collectibles-nfts;iot;ethereum-ecosystem;binance-launchpad,HISTORICAL_APPROXIMATION,CMC snapshot tags vary by snapshot date (drift test: tags(2024)!=tags(2026)); taxonomy drift unverified,FET,2023-10-26T16:00:00Z,False,,,SYMBOL_MATCH
2026-01-01,88,TUSD,TrueUSD,2563,trueusd,0.9967943,492929816.7,9162720.43,494515083,2018-03-06T00:00:00.000Z,8,store-of-value;stablecoin;asset-backed-stablecoin;usd-stablecoin;fiat-stablecoin;tron20-ecosystem,HISTORICAL_APPROXIMATION,CMC snapshot tags vary by snapshot date (drift test: tags(2024)!=tags(2026)); taxonomy drift unverified,,,,,,NONE
2026-01-01,89,ETHFI,ether.fi,29814,ether-fi-ethfi,0.73758333,481466631.9,27770286.71,652762352,2024-03-13T06:06:39.000Z,10,defi;staking;ethereum-ecosystem;binance-launchpool;arbitrum-ecosystem;eigenlayer-ecosystem,HISTORICAL_APPROXIMATION,CMC snapshot tags vary by snapshot date (drift test: tags(2024)!=tags(2026)); taxonomy drift unverified,ETHFI,2024-03-21T01:00:00Z,False,ETHFI-USDT-SWAP,2024-03-18T12:25:00Z,SYMBOL_MATCH
2026-01-01,90,STX,Stacks,4847,stacks,0.26324006,477676934.1,10061742.49,1814605788,2019-10-28T00:00:00.000Z,20,mineable;platform;collectibles-nfts;gaming;smart-contracts;layer-2,HISTORICAL_APPROXIMATION,CMC snapshot tags vary by snapshot date (drift test: tags(2024)!=tags(2026)); taxonomy drift unverified,STX,2023-05-18T08:00:00Z,False,STX-USDT-SWAP,2023-02-21T08:55:58Z,SYMBOL_MATCH
2026-01-01,91,SPX,SPX6900,28081,spx6900,0.50389523,469122980.2,11838737.64,930993090.1,2023-08-17T10:00:00.000Z,7,memes;ethereum-ecosystem;solana-ecosystem;base-ecosystem;binance-alpha;binance-ecosystem,HISTORICAL_APPROXIMATION,CMC snapshot tags vary by snapshot date (drift test: tags(2024)!=tags(2026)); taxonomy drift unverified,SPX,2025-01-07T06:00:00Z,False,SPX-USDT-SWAP,2025-07-17T05:00:00Z,SYMBOL_MATCH
2026-01-01,92,VIRTUAL,Virtuals Protocol,29420,virtual-protocol,0.6973607,457539317,48553937,656101378.8,2024-02-15T07:33:29.000Z,13,ai-big-data;gaming;ethereum-ecosystem;solana-ecosystem;metaverse;generative-ai,HISTORICAL_APPROXIMATION,CMC snapshot tags vary by snapshot date (drift test: tags(2024)!=tags(2026)); taxonomy drift unverified,VIRTUAL,2024-12-16T05:00:00Z,False,VIRTUAL-USDT-SWAP,2024-12-11T10:00:00Z,SYMBOL_MATCH
2026-01-01,93,INJ,Injective,7226,injective,4.52777297,452645699.4,36224277.68,99970935.41,2020-09-29T00:00:00.000Z,17,pos;platform;ai-big-data;smart-contracts;cosmos;binance-smart-chain,HISTORICAL_APPROXIMATION,CMC snapshot tags vary by snapshot date (drift test: tags(2024)!=tags(2026)); taxonomy drift unverified,INJ,2023-05-12T00:00:00Z,False,INJ-USDT-SWAP,2023-11-30T11:55:00Z,SYMBOL_MATCH
2026-01-01,94,2Z,DoubleZero,38515,doublezero,0.12408133,430738096.3,18433026.21,3471417500,2025-09-29T01:04:27.000Z,7,hardware;solana-ecosystem;dragonfly-capital-portfolio;multicoin-capital-portfolio;binance-alpha-airdrops;binance-ecosystem,HISTORICAL_APPROXIMATION,CMC snapshot tags vary by snapshot date (drift test: tags(2024)!=tags(2026)); taxonomy drift unverified,2Z,2025-10-02T14:00:00Z,False,2Z-USDT-SWAP,2025-10-02T13:10:00Z,SYMBOL_MATCH
2026-01-01,95,TIA,Celestia,22861,celestia,0.49764423,428863718.2,44162320.52,861787788.3,2023-10-31T16:51:41.000Z,9,platform;cosmos-ecosystem;layer-1;modular-blockchain;egirl-capital-portfolio;data-availability,HISTORICAL_APPROXIMATION,CMC snapshot tags vary by snapshot date (drift test: tags(2024)!=tags(2026)); taxonomy drift unverified,TIA,2023-10-19T23:00:00Z,False,TIA-USDT-SWAP,2023-10-31T18:25:00Z,SYMBOL_MATCH
2026-01-01,96,AERO,Aerodrome Finance,29270,aerodrome-finance,0.46914751,427705490.9,41715334.24,911665267.7,2024-02-02T07:15:19.000Z,7,defi;amm;base-ecosystem;binance-alpha;made-in-america;binance-ecosystem,HISTORICAL_APPROXIMATION,CMC snapshot tags vary by snapshot date (drift test: tags(2024)!=tags(2026)); taxonomy drift unverified,AERO,2025-11-11T07:00:00Z,False,AERO-USDT-SWAP,2025-07-03T06:15:00Z,SYMBOL_MATCH
2026-01-01,97,SYRUP,Maple Finance,33824,maple-finance,0.37063319,426101531.1,40740373.43,1149658330,2024-11-06T06:16:40.000Z,9,defi;dao;ethereum-ecosystem;framework-ventures-portfolio;real-world-assets-protocols;circle-ventures-portfolio,HISTORICAL_APPROXIMATION,CMC snapshot tags vary by snapshot date (drift test: tags(2024)!=tags(2026)); taxonomy drift unverified,SYRUP,2025-06-26T06:00:00Z,False,SYRUP-USDT-SWAP,2025-07-03T06:30:00Z,SYMBOL_MATCH
2026-01-01,98,AB,AB,3871,newton,0.00450392,424848842.1,10563986.42,9.432877326e+10,2019-04-17T00:00:00.000Z,7,mineable;marketplace;enterprise-solutions;bnb-chain-ecosystem;binance-alpha;binance-alpha-airdrops,HISTORICAL_APPROXIMATION,CMC snapshot tags vary by snapshot date (drift test: tags(2024)!=tags(2026)); taxonomy drift unverified,,,,,,NONE
2026-01-01,99,FLOKI,FLOKI,10804,floki-inu,4.414e-05,421078525.6,49108075.5,9.539892983e+12,2021-07-09T00:00:00.000Z,14,defi;gaming;memes;ethereum-ecosystem;metaverse;doggone-doggerel,HISTORICAL_APPROXIMATION,CMC snapshot tags vary by snapshot date (drift test: tags(2024)!=tags(2026)); taxonomy drift unverified,,,,FLOKI-USDT-SWAP,2023-02-20T06:55:00Z,SYMBOL_MATCH
2026-01-01,100,CHZ,Chiliz,4066,chiliz,0.04109507,418867287.3,80659530.32,1.019264077e+10,2019-07-01T00:00:00.000Z,9,sports;communications-social-media;collectibles-nfts;content-creation;payments;layer-1,HISTORICAL_APPROXIMATION,CMC snapshot tags vary by snapshot date (drift test: tags(2024)!=tags(2026)); taxonomy drift unverified,,,,CHZ-USDT-SWAP,2021-03-12T09:00:00Z,SYMBOL_MATCH
2026-01-01,101,STRK,Starknet,22691,starknet-token,0.08224537,414756101.2,36077066.04,5042911293,2024-02-20T12:19:19.000Z,12,privacy;zero-knowledge-proofs;quantum-resistant;dapp;ethereum-ecosystem;layer-2,HISTORICAL_APPROXIMATION,CMC snapshot tags vary by snapshot date (drift test: tags(2024)!=tags(2026)); taxonomy drift unverified,STRK,2024-02-14T15:00:00Z,False,STRK-USDT-SWAP,2024-02-20T12:55:00Z,SYMBOL_MATCH
2026-01-01,102,MORPHO,Morpho,34104,morpho,1.101318,413651656.9,14220950.97,375596928.8,2024-11-21T10:30:00.000Z,10,defi;ethereum-ecosystem;coinbase-ventures-portfolio;lending-borowing;fenbushi-capital-portfolio;pantera-capital-portfolio,HISTORICAL_APPROXIMATION,CMC snapshot tags vary by snapshot date (drift test: tags(2024)!=tags(2026)); taxonomy drift unverified,MORPHO,2025-01-17T09:00:00Z,False,MORPHO-USDT-SWAP,2024-11-25T10:00:00Z,SYMBOL_MATCH
2026-01-01,103,H,Humanity Protocol,36922,humanity-protocol,0.17661777,407167041,78048981.48,2305357143,2025-06-23T03:36:52.000Z,12,privacy;identity;ethereum-ecosystem;pantera-capital-portfolio;animoca-brands-portfolio;bnb-chain-ecosystem,HISTORICAL_APPROXIMATION,CMC snapshot tags vary by snapshot date (drift test: tags(2024)!=tags(2026)); taxonomy drift unverified,,,,H-USDT-SWAP,2025-07-03T06:00:00Z,SYMBOL_MATCH
2026-01-01,104,PIPPIN,pippin,35053,pippin,0.39157748,391576014.6,21561907.79,999996253,2025-01-06T15:45:53.000Z,6,memes;solana-ecosystem;pump-fun-ecosystem;binance-alpha;binance-ecosystem;binance-listing,HISTORICAL_APPROXIMATION,CMC snapshot tags vary by snapshot date (drift test: tags(2024)!=tags(2026)); taxonomy drift unverified,,,,PIPPIN-USDT-SWAP,2025-12-02T15:00:00Z,SYMBOL_MATCH
2026-01-01,105,CFX,Conflux,7334,conflux-network,0.07456043,385423530.1,13790827.3,5169277040,2020-11-11T00:00:00.000Z,18,mineable;pow;platform;collectibles-nfts;defi;payments,HISTORICAL_APPROXIMATION,CMC snapshot tags vary by snapshot date (drift test: tags(2024)!=tags(2026)); taxonomy drift unverified,CFX,2023-05-25T00:00:00Z,False,CFX-USDT-SWAP,2021-03-12T09:00:00Z,SYMBOL_MATCH
2026-01-01,106,BTT,BitTorrent [New],16086,bittorrent-new,3.9e-07,385391802.8,11366439.65,9.860611429e+14,2019-01-31T00:00:00.000Z,17,platform;distributed-computing;defi;filesharing;interoperability;staking,HISTORICAL_APPROXIMATION,CMC snapshot tags vary by snapshot date (drift test: tags(2024)!=tags(2026)); taxonomy drift unverified,,,,,,NONE
2026-01-01,107,GRT,The Graph,6719,the-graph,0.03597852,383601391.9,20842171.12,1.066195453e+10,2020-12-17T00:00:00.000Z,26,ai-big-data;enterprise-solutions;defi;ethereum-ecosystem;coinbase-ventures-portfolio;avalanche-ecosystem,HISTORICAL_APPROXIMATION,CMC snapshot tags vary by snapshot date (drift test: tags(2024)!=tags(2026)); taxonomy drift unverified,,,,GRT-USDT-SWAP,2020-12-20T10:00:00Z,SYMBOL_MATCH
2026-01-01,108,TWT,Trust Wallet Token,5964,trust-wallet-token,0.88066075,378561284.2,10282777.84,429860515.5,2020-07-30T00:00:00.000Z,6,wallet;solana-ecosystem;polygon-ecosystem;bnb-chain-ecosystem;binance-ecosystem;binance-listing,HISTORICAL_APPROXIMATION,CMC snapshot tags vary by snapshot date (drift test: tags(2024)!=tags(2026)); taxonomy drift unverified,,,,,,NONE
2026-01-01,109,ENS,Ethereum Name Service,13855,ethereum-name-service,9.780285,373534511.6,17700697.9,38192599.86,2021-11-09T01:31:29.000Z,7,dao;ethereum-ecosystem;governance;solana-ecosystem;web3;binance-ecosystem,HISTORICAL_APPROXIMATION,CMC snapshot tags vary by snapshot date (drift test: tags(2024)!=tags(2026)); taxonomy drift unverified,ENS,2024-01-05T15:00:00Z,False,ENS-USDT-SWAP,2021-11-11T09:45:46Z,SYMBOL_MATCH
2026-01-01,110,TEL,Telcoin,2394,telcoin,0.0039102,372150279.5,1402201.84,9.517424658e+10,2018-01-14T00:00:00.000Z,6,medium-of-exchange;ethereum-ecosystem;polygon-ecosystem;arbitrum-ecosystem;base-ecosystem;made-in-america,HISTORICAL_APPROXIMATION,CMC snapshot tags vary by snapshot date (drift test: tags(2024)!=tags(2026)); taxonomy drift unverified,,,,,,NONE
2026-01-01,111,SUN,Sun [New],10529,sun-token,0.01912558,367103126.4,10556252.85,1.91943485e+10,2021-06-21T00:00:00.000Z,5,tron-ecosystem;tron20-ecosystem;binance-ecosystem;binance-listing;made-in-china,HISTORICAL_APPROXIMATION,CMC snapshot tags vary by snapshot date (drift test: tags(2024)!=tags(2026)); taxonomy drift unverified,,,,,,NONE
2026-01-01,112,JST,JUST,5488,just,0.03930011,367067303.1,30748476.82,9340108921,2020-05-07T00:00:00.000Z,5,defi;tron-ecosystem;tron20-ecosystem;binance-ecosystem;binance-listing,HISTORICAL_APPROXIMATION,CMC snapshot tags vary by snapshot date (drift test: tags(2024)!=tags(2026)); taxonomy drift unverified,,,,,,NONE
2026-01-01,113,EURC,EURC,20641,euro-coin,1.17515866,363836970.6,13632673.86,309606678.9,2022-06-16T19:13:48.000Z,5,stablecoin;stellar-ecosystem;eur-stablecoin;fiat-stablecoin;sonic-ecosystem,HISTORICAL_APPROXIMATION,CMC snapshot tags vary by snapshot date (drift test: tags(2024)!=tags(2026)); taxonomy drift unverified,,,,,,NONE
2026-01-01,114,IOTA,IOTA,1720,iota,0.08476639,357352443.7,10635673.79,4215732820,2017-06-13T00:00:00.000Z,9,dag;real-world-assets-protocols;layer-1;dwf-labs-portfolio;move-vm;2017-2018-alt-season,HISTORICAL_APPROXIMATION,CMC snapshot tags vary by snapshot date (drift test: tags(2024)!=tags(2026)); taxonomy drift unverified,IOTA,2024-12-04T13:00:00Z,False,IOTA-USDT-SWAP,2020-04-21T10:12:51Z,SYMBOL_MATCH
2026-01-01,115,PYTH,Pyth Network,28177,pyth-network,0.06192268,356054314.2,15668708.19,5749982690,2023-11-20T09:42:13.000Z,7,defi;oracles;solana-ecosystem;cross-chain;cmc-crypto-yearbook-2024-2025;binance-ecosystem,HISTORICAL_APPROXIMATION,CMC snapshot tags vary by snapshot date (drift test: tags(2024)!=tags(2026)); taxonomy drift unverified,PYTH,2023-11-14T23:00:00Z,False,PYTH-USDT-SWAP,2023-11-20T14:55:00Z,SYMBOL_MATCH
2026-01-01,116,BSV,Bitcoin SV,3602,bitcoin-sv,17.76400533,354728423.2,9521185.69,19968943.75,2018-11-09T00:00:00.000Z,10,mineable;pow;sha-256;medium-of-exchange;store-of-value;state-channel,HISTORICAL_APPROXIMATION,CMC snapshot tags vary by snapshot date (drift test: tags(2024)!=tags(2026)); taxonomy drift unverified,BSV,2023-10-20T04:00:00Z,False,,,SYMBOL_MATCH
2026-01-01,117,KAIA,Kaia,32880,kaia,0.05684364,352885526.9,6897251.33,6208003766,2024-10-29T05:17:50.000Z,6,platform;enterprise-solutions;layer-1;klaytn-ecosystem;binance-ecosystem;binance-listing,HISTORICAL_APPROXIMATION,CMC snapshot tags vary by snapshot date (drift test: tags(2024)!=tags(2026)); taxonomy drift unverified,,,,,,NONE
2026-01-01,118,NFT,AINFT,9816,apenft,3.5e-07,350418847.2,17303344.92,9.9999e+14,2021-05-14T00:00:00.000Z,7,art;collectibles-nfts;ethereum-ecosystem;tron-ecosystem;binance-alpha;tron20-ecosystem,HISTORICAL_APPROXIMATION,CMC snapshot tags vary by snapshot date (drift test: tags(2024)!=tags(2026)); taxonomy drift unverified,,,,,,NONE
2026-01-01,119,GNO,Gnosis,1659,gnosis-gno,130.6806877,344899252.2,3228376.29,2639251.891,2017-05-01T00:00:00.000Z,8,services;decentralized-exchange-dex-token;prediction-markets;kenetic-capital-portfolio;layer-1;gnosis-chain-ecosystem,HISTORICAL_APPROXIMATION,CMC snapshot tags vary by snapshot date (drift test: tags(2024)!=tags(2026)); taxonomy drift unverified,,,,,,NONE
2026-01-01,120,PENDLE,Pendle,9481,pendle,2.02800744,337018904,46006117.22,166182282.3,2021-04-29T00:00:00.000Z,13,defi;ethereum-ecosystem;olympus-pro-ecosystem;arbitrum-ecosystem;spartan-group;bitcoin-ecosystem,HISTORICAL_APPROXIMATION,CMC snapshot tags vary by snapshot date (drift test: tags(2024)!=tags(2026)); taxonomy drift unverified,PENDLE,2023-10-26T16:00:00Z,False,PENDLE-USDT-SWAP,2025-09-17T07:26:24Z,SYMBOL_MATCH
2026-01-01,121,BAT,Basic Attention Token,1697,basic-attention-token,0.22140411,331157114.1,18286921.62,1495713457,2017-06-01T00:00:00.000Z,22,marketing;communications-social-media;ai-big-data;content-creation;defi;interoperability,HISTORICAL_APPROXIMATION,CMC snapshot tags vary by snapshot date (drift test: tags(2024)!=tags(2026)); taxonomy drift unverified,,,,BAT-USDT-SWAP,2020-08-28T10:12:51Z,SYMBOL_MATCH
2026-01-01,122,ZK,ZKsync,24091,zksync,0.03082377,327122300.8,19388081.33,1.061266245e+10,2024-06-16T23:10:00.000Z,15,privacy;zero-knowledge-proofs;ethereum-ecosystem;layer-2;rollups;governance,HISTORICAL_APPROXIMATION,CMC snapshot tags vary by snapshot date (drift test: tags(2024)!=tags(2026)); taxonomy drift unverified,ZK,2024-06-12T12:00:00Z,False,ZK-USDT-SWAP,2024-06-18T08:25:00Z,SYMBOL_MATCH
2026-01-01,123,ZRO,LayerZero,26997,layerzero,1.28241579,317730422.9,16271629.8,247759287.5,2024-06-20T05:52:25.000Z,16,defi;interoperability;ethereum-ecosystem;coinbase-ventures-portfolio;binance-labs-portfolio;avalanche-ecosystem,HISTORICAL_APPROXIMATION,CMC snapshot tags vary by snapshot date (drift test: tags(2024)!=tags(2026)); taxonomy drift unverified,ZRO,2023-09-07T03:00:00Z,False,ZRO-USDT-SWAP,2024-06-20T12:25:00Z,SYMBOL_MATCH
2026-01-01,124,SAND,The Sandbox,6210,the-sandbox,0.11673796,311373912.2,23823464.45,2667289202,2020-08-05T00:00:00.000Z,14,communications-social-media;collectibles-nfts;content-creation;gaming;ethereum-ecosystem;binance-launchpad,HISTORICAL_APPROXIMATION,CMC snapshot tags vary by snapshot date (drift test: tags(2024)!=tags(2026)); taxonomy drift unverified,SAND,2024-12-04T13:00:00Z,False,SAND-USDT-SWAP,2021-04-02T09:00:00Z,SYMBOL_MATCH
2026-01-01,125,MERL,Merlin Chain,30712,merlin-chain,0.28548514,310746834.9,17746481.58,1088486883,2024-04-17T02:01:42.000Z,9,ethereum-ecosystem;layer-2;bnb-chain-ecosystem;binance-alpha;merlin-ecosystem;binance-alpha-airdrops,HISTORICAL_APPROXIMATION,CMC snapshot tags vary by snapshot date (drift test: tags(2024)!=tags(2026)); taxonomy drift unverified,MERL,2024-04-23T15:00:00Z,False,MERL-USDT-SWAP,2024-04-19T10:25:00Z,SYMBOL_MATCH
2026-01-01,126,XPL,Plasma,36645,plasma-xpl,0.17101807,307832519.8,132208181.3,1800000000,2025-09-25T11:30:00.000Z,10,payments;bitcoin-ecosystem;layer-1;binance-hodler-airdrops;binance-alpha-airdrops;binance-ecosystem,HISTORICAL_APPROXIMATION,CMC snapshot tags vary by snapshot date (drift test: tags(2024)!=tags(2026)); taxonomy drift unverified,XPL,2025-08-22T10:00:00Z,False,XPL-USDT-SWAP,2025-08-28T11:00:00Z,SYMBOL_MATCH
2026-01-01,127,VSN,Vision,37322,vision-token,0.08836963,303903219,27494583.48,3439000887,2025-07-11T08:45:23.000Z,5,ethereum-ecosystem;arbitrum-ecosystem;binance-alpha;binance-alpha-airdrops;binance-ecosystem,HISTORICAL_APPROXIMATION,CMC snapshot tags vary by snapshot date (drift test: tags(2024)!=tags(2026)); taxonomy drift unverified,,,,,,NONE
2026-01-01,128,WIF,dogwifhat,28752,dogwifhat,0.30125566,300906093.2,109846923.2,998839626.5,2023-12-19T09:08:50.000Z,7,memes;solana-ecosystem;doggone-doggerel;animal-memes;cmc-crypto-yearbook-2024-2025;binance-ecosystem,HISTORICAL_APPROXIMATION,CMC snapshot tags vary by snapshot date (drift test: tags(2024)!=tags(2026)); taxonomy drift unverified,WIF,2023-12-22T16:00:00Z,False,WIF-USDT-SWAP,2024-04-15T09:25:00Z,SYMBOL_MATCH
2026-01-01,129,DCR,Decred,1168,decred,17.39123545,299184639.8,2844975.55,17203184.95,2016-02-10T00:00:00.000Z,13,mineable;hybrid-pow-pos;medium-of-exchange;store-of-value;privacy;dao,HISTORICAL_APPROXIMATION,CMC snapshot tags vary by snapshot date (drift test: tags(2024)!=tags(2026)); taxonomy drift unverified,,,,,,NONE
2026-01-01,130,GALA,Gala,7080,gala,0.0062868,295308967,32923480.41,4.697285426e+10,2020-09-16T00:00:00.000Z,10,collectibles-nfts;gaming;binance-smart-chain;polygon-ecosystem;play-to-earn;layer-1,HISTORICAL_APPROXIMATION,CMC snapshot tags vary by snapshot date (drift test: tags(2024)!=tags(2026)); taxonomy drift unverified,GALA,2023-12-05T20:00:00Z,False,GALA-USDT-SWAP,2021-09-24T10:03:09Z,SYMBOL_MATCH
2026-01-01,131,JASMY,JasmyCoin,8425,jasmy,0.0059064,292041794.5,19953750,4.944499968e+10,2021-02-11T00:00:00.000Z,6,iot;ethereum-ecosystem;dwf-labs-portfolio;binance-ecosystem;binance-listing;robotics,HISTORICAL_APPROXIMATION,CMC snapshot tags vary by snapshot date (drift test: tags(2024)!=tags(2026)); taxonomy drift unverified,,,,,,NONE
2026-01-01,132,FARTCOIN,Fartcoin,33597,fartcoin,0.29003321,290032701,42704380.1,999998256,2024-10-23T17:42:55.000Z,8,memes;solana-ecosystem;ai-memes;pump-fun-ecosystem;terminal-of-truths;binance-alpha,HISTORICAL_APPROXIMATION,CMC snapshot tags vary by snapshot date (drift test: tags(2024)!=tags(2026)); taxonomy drift unverified,FARTCOIN,2024-12-20T12:00:00Z,False,FARTCOIN-USDT-SWAP,2024-12-20T09:00:00Z,SYMBOL_MATCH
2026-01-01,133,HNT,Helium,5665,helium,1.52085444,283367786.2,10242278.12,186321438.3,2020-06-05T00:00:00.000Z,11,mineable;enterprise-solutions;distributed-computing;iot;solana-ecosystem;usv-portfolio,HISTORICAL_APPROXIMATION,CMC snapshot tags vary by snapshot date (drift test: tags(2024)!=tags(2026)); taxonomy drift unverified,,,,,,NONE
2026-01-01,134,THETA,Theta Network,2416,theta-network,0.27890666,278906662.7,8560850.49,1000000000,2018-01-17T00:00:00.000Z,18,media;vr-ar;communications-social-media;ai-big-data;distributed-computing;content-creation,HISTORICAL_APPROXIMATION,CMC snapshot tags vary by snapshot date (drift test: tags(2024)!=tags(2026)); taxonomy drift unverified,,,,THETA-USDT-SWAP,2020-04-21T10:12:51Z,SYMBOL_MATCH
2026-01-01,135,DEXE,DeXe,7326,dexe,3.2558957,272628108.9,4252380.94,83733673.99,2020-10-07T00:00:00.000Z,8,asset-management;ai-big-data;defi;dao;ethereum-ecosystem;bnb-chain-ecosystem,HISTORICAL_APPROXIMATION,CMC snapshot tags vary by snapshot date (drift test: tags(2024)!=tags(2026)); taxonomy drift unverified,,,,,,NONE
2026-01-01,136,A,Vaulta,36462,vaulta,0.16364239,264055023.4,19842055.46,1613610145,2025-05-28T09:48:03.000Z,13,medium-of-exchange;enterprise-solutions;defi;smart-contracts;eos-ecosystem;fenbushi-capital-portfolio,HISTORICAL_APPROXIMATION,CMC snapshot tags vary by snapshot date (drift test: tags(2024)!=tags(2026)); taxonomy drift unverified,,,,A-USDT-SWAP,2025-05-29T10:30:00Z,SYMBOL_MATCH
2026-01-01,137,RAY,Raydium,8526,raydium,0.97551388,262004800.2,23266031.01,268581313.9,2021-02-19T00:00:00.000Z,8,decentralized-exchange-dex-token;defi;amm;dex;solana-ecosystem;petrock-capital-portfolio,HISTORICAL_APPROXIMATION,CMC snapshot tags vary by snapshot date (drift test: tags(2024)!=tags(2026)); taxonomy drift unverified,,,,RAY-USDT-SWAP,2024-03-12T10:25:00Z,SYMBOL_MATCH
2026-01-01,138,STABLE,Stable,38892,stable,0.01470934,258884409.9,298448463.5,1.76e+10,2025-11-06T14:24:37.000Z,10,enterprise-solutions;payments;staking;governance;layer-1;binance-alpha,HISTORICAL_APPROXIMATION,CMC snapshot tags vary by snapshot date (drift test: tags(2024)!=tags(2026)); taxonomy drift unverified,STABLE,2025-12-08T14:00:00Z,False,STABLE-USDT-SWAP,2025-12-08T13:30:00Z,SYMBOL_MATCH
2026-01-01,139,MON,Monad,30495,monad,0.02369752,256657932.5,109386519.7,1.08305834e+10,2024-07-04T07:03:38.000Z,16,platform;defi;smart-contracts;coinbase-ventures-portfolio;cms-holdings-portfolio;electric-capital-portfolio,HISTORICAL_APPROXIMATION,CMC snapshot tags vary by snapshot date (drift test: tags(2024)!=tags(2026)); taxonomy drift unverified,MON,2025-10-08T05:00:00Z,False,MON-USDT-SWAP,2025-10-10T08:00:00Z,SYMBOL_MATCH
2026-01-01,140,NEO,Neo,1376,neo,3.63137253,256152772.9,12845291.11,70538831,2016-09-08T00:00:00.000Z,8,platform;enterprise-solutions;defi;smart-contracts;2017-2018-alt-season;binance-ecosystem,HISTORICAL_APPROXIMATION,CMC snapshot tags vary by snapshot date (drift test: tags(2024)!=tags(2026)); taxonomy drift unverified,NEO,2023-11-09T15:00:00Z,False,NEO-USDT-SWAP,2020-02-28T11:16:48Z,SYMBOL_MATCH
2026-01-01,141,MANA,Decentraland,1966,decentraland,0.12831923,252754105,20700366.85,1969729010,2017-09-17T00:00:00.000Z,18,platform;collectibles-nfts;gaming;payments;ethereum-ecosystem;solana-ecosystem,HISTORICAL_APPROXIMATION,CMC snapshot tags vary by snapshot date (drift test: tags(2024)!=tags(2026)); taxonomy drift unverified,,,,MANA-USDT-SWAP,2021-03-12T09:00:00Z,SYMBOL_MATCH
2026-01-01,142,COMP,Compound,5692,compound,25.33497017,252363781.5,17241338.5,9961084.613,2020-06-16T00:00:00.000Z,22,defi;dao;ethereum-ecosystem;yield-farming;coinbase-ventures-portfolio;three-arrows-capital-portfolio,HISTORICAL_APPROXIMATION,CMC snapshot tags vary by snapshot date (drift test: tags(2024)!=tags(2026)); taxonomy drift unverified,COMP,2023-07-18T00:00:00Z,False,COMP-USDT-SWAP,2020-04-21T10:12:51Z,SYMBOL_MATCH
2026-01-01,143,AR,Arweave,5632,arweave,3.74898979,246130424.5,27649241.98,65652466,2020-05-27T00:00:00.000Z,16,distributed-computing;filesharing;storage;coinbase-ventures-portfolio;solana-ecosystem;arrington-xrp-capital-portfolio,HISTORICAL_APPROXIMATION,CMC snapshot tags vary by snapshot date (drift test: tags(2024)!=tags(2026)); taxonomy drift unverified,AR,2024-02-28T05:00:00Z,False,AR-USDT-SWAP,2023-02-14T06:55:00Z,SYMBOL_MATCH
2026-01-01,144,ZBCN,Zebec Network,30636,zebec-network,0.00253129,245310249.6,6684352.76,9.691122257e+10,2024-04-15T04:07:21.000Z,7,defi;payments;solana-ecosystem;real-world-assets-protocols;depin;made-in-america,HISTORICAL_APPROXIMATION,CMC snapshot tags vary by snapshot date (drift test: tags(2024)!=tags(2026)); taxonomy drift unverified,,,,,,NONE
2026-01-01,145,S,Sonic,32684,sonic,0.08056978,232040960.9,20255082.86,2880000000,2025-01-03T14:11:26.000Z,6,staking;galaxy-digital-portfolio;layer-1;sonic-ecosystem;binance-ecosystem;binance-listing,HISTORICAL_APPROXIMATION,CMC snapshot tags vary by snapshot date (drift test: tags(2024)!=tags(2026)); taxonomy drift unverified,S,2025-01-17T08:00:00Z,False,S-USDT-SWAP,2025-01-21T09:00:00Z,SYMBOL_MATCH
2026-01-01,146,GLM,Golem,1455,golem-network-tokens,0.22766742,227667417.9,8964578.65,1000000000,2016-11-18T00:00:00.000Z,10,platform;ai-big-data;distributed-computing;payments;ethereum-ecosystem;polygon-ecosystem,HISTORICAL_APPROXIMATION,CMC snapshot tags vary by snapshot date (drift test: tags(2024)!=tags(2026)); taxonomy drift unverified,,,,GLM-USDT-SWAP,2024-05-10T08:25:01Z,SYMBOL_MATCH
2026-01-01,147,TRAC,OriginTrail,2467,origintrail,0.44911455,224556512.2,7963496.12,499998299.6,2018-01-25T00:00:00.000Z,20,marketplace;logistics;ai-big-data;enterprise-solutions;distributed-computing;data-provenance,HISTORICAL_APPROXIMATION,CMC snapshot tags vary by snapshot date (drift test: tags(2024)!=tags(2026)); taxonomy drift unverified,,,,,,NONE
2026-01-01,148,LUNC,Terra Classic,4172,terra-luna,4.017e-05,219526881.3,39749628.08,5.465051374e+12,2019-07-26T00:00:00.000Z,22,cosmos-ecosystem;store-of-value;defi;payments;ethereum-ecosystem;coinbase-ventures-portfolio,HISTORICAL_APPROXIMATION,CMC snapshot tags vary by snapshot date (drift test: tags(2024)!=tags(2026)); taxonomy drift unverified,,,,,,NONE
2026-01-01,149,XEC,eCash,10791,ecash,1.09e-05,217573718.4,6941499.81,1.996898905e+13,2021-07-08T00:00:00.000Z,3,layer-1;binance-ecosystem;binance-listing,HISTORICAL_APPROXIMATION,CMC snapshot tags vary by snapshot date (drift test: tags(2024)!=tags(2026)); taxonomy drift unverified,,,,,,NONE
2026-01-01,150,1INCH,1inch,8104,1inch,0.15050387,210532028.1,12254069.96,1398847973,2020-12-25T00:00:00.000Z,18,decentralized-exchange-dex-token;defi;wallet;ethereum-ecosystem;amm;binance-labs-portfolio,HISTORICAL_APPROXIMATION,CMC snapshot tags vary by snapshot date (drift test: tags(2024)!=tags(2026)); taxonomy drift unverified,,,,1INCH-USDT-SWAP,2020-12-25T02:30:00Z,SYMBOL_MATCH
2026-01-01,151,FLUID,Fluid,10508,instadapp,2.69716508,208355537.8,4226087.91,77249827.87,2021-06-19T00:00:00.000Z,10,defi;dao;ethereum-ecosystem;coinbase-ventures-portfolio;arbitrum-ecosystem;base-ecosystem,HISTORICAL_APPROXIMATION,CMC snapshot tags vary by snapshot date (drift test: tags(2024)!=tags(2026)); taxonomy drift unverified,,,,,,NONE
2026-01-01,152,0G,0G,38337,zero-gravity,0.97644062,208220101.3,26985053.42,213243998,2025-09-10T06:05:00.000Z,10,distributed-computing;data-provenance;okx-ventures-portfolio;layer-1;polygon-ventures-portfolio;depin,HISTORICAL_APPROXIMATION,CMC snapshot tags vary by snapshot date (drift test: tags(2024)!=tags(2026)); taxonomy drift unverified,0G,2025-09-22T11:00:00Z,False,0G-USDT-SWAP,2025-09-22T10:30:00Z,SYMBOL_MATCH
2026-01-01,153,FF,Falcon Finance,38482,falcon-finance-ff,0.08889555,208015586.4,112018520.6,2340000000,2025-09-23T04:16:56.000Z,8,government;ethereum-ecosystem;bnb-chain-ecosystem;binance-hodler-airdrops;binance-alpha-airdrops;binance-ecosystem,HISTORICAL_APPROXIMATION,CMC snapshot tags vary by snapshot date (drift test: tags(2024)!=tags(2026)); taxonomy drift unverified,,,,,,NONE
2026-01-01,154,EIGEN,EigenCloud,30494,eigencloud,0.38109954,205268163.1,37590129.13,538620857.9,2024-07-04T15:49:12.000Z,8,defi;ethereum-ecosystem;restaking;cmc-crypto-yearbook-2024-2025;made-in-america;binance-ecosystem,HISTORICAL_APPROXIMATION,CMC snapshot tags vary by snapshot date (drift test: tags(2024)!=tags(2026)); taxonomy drift unverified,EIGEN,2024-04-30T04:00:00Z,False,EIGEN-USDT-SWAP,2024-10-01T06:30:00Z,SYMBOL_MATCH
2026-01-01,155,KMNO,Kamino Finance,30986,kamino-finance,0.05659697,203942921.8,6502487.31,3603424824,2024-04-30T06:37:24.000Z,5,defi;solana-ecosystem;lending-borowing;binance-ecosystem;binance-listing,HISTORICAL_APPROXIMATION,CMC snapshot tags vary by snapshot date (drift test: tags(2024)!=tags(2026)); taxonomy drift unverified,,,,KMNO-USDT-SWAP,2025-05-30T03:30:00Z,SYMBOL_MATCH
2026-01-01,156,RUNE,THORChain,4157,thorchain,0.56804923,199395895,19564597.11,351018685,2019-07-23T00:00:00.000Z,9,cosmos-ecosystem;decentralized-exchange-dex-token;defi;dex;multicoin-capital-portfolio;exnetwork-capital-portfolio,HISTORICAL_APPROXIMATION,CMC snapshot tags vary by snapshot date (drift test: tags(2024)!=tags(2026)); taxonomy drift unverified,RUNE,2023-08-15T14:00:00Z,False,,,SYMBOL_MATCH
2026-01-01,157,WAL,Walrus,36119,walrus-xyz,0.12166662,191878393.4,7455569.11,1577083333,2025-03-26T06:11:29.000Z,8,storage;sui-ecosystem;depin;move-vm;binance-hodler-airdrops;binance-alpha-airdrops,HISTORICAL_APPROXIMATION,CMC snapshot tags vary by snapshot date (drift test: tags(2024)!=tags(2026)); taxonomy drift unverified,,,,WAL-USDT-SWAP,2025-05-08T07:00:00Z,SYMBOL_MATCH
2026-01-01,158,MX,MX Token,4041,mx-token,2.03913885,188532322.2,7285548.77,92456834,2019-09-24T00:00:00.000Z,5,marketplace;centralized-exchange;discount-token;ethereum-ecosystem;made-in-china,HISTORICAL_APPROXIMATION,CMC snapshot tags vary by snapshot date (drift test: tags(2024)!=tags(2026)); taxonomy drift unverified,,,,,,NONE
2026-01-01,159,CHEEMS,Cheems (cheems.pet),33280,cheems-pet,9.8e-07,183481550.7,2951017.41,1.874950348e+14,2024-10-03T03:58:19.000Z,6,memes;doggone-doggerel;bnb-chain-ecosystem;animal-memes;binance-ecosystem;binance-listing,HISTORICAL_APPROXIMATION,CMC snapshot tags vary by snapshot date (drift test: tags(2024)!=tags(2026)); taxonomy drift unverified,,,,,,NONE
2026-01-01,160,AMP,Amp,6945,amp,0.00214139,180480680.2,93391207.3,8.428214706e+10,2020-09-08T00:00:00.000Z,5,ethereum-ecosystem;alleged-sec-securities;made-in-america;binance-ecosystem;binance-listing,HISTORICAL_APPROXIMATION,CMC snapshot tags vary by snapshot date (drift test: tags(2024)!=tags(2026)); taxonomy drift unverified,,,,,,NONE
2026-01-01,161,BARD,Lombard,38408,lombard,0.79717395,179364137.7,5606186.58,225000000,2025-09-16T05:37:38.000Z,12,defi;ethereum-ecosystem;polychain-capital-portfolio;binance-labs-portfolio;okx-ventures-portfolio;bnb-chain-ecosystem,HISTORICAL_APPROXIMATION,CMC snapshot tags vary by snapshot date (drift test: tags(2024)!=tags(2026)); taxonomy drift unverified,,,,BARD-USDT-SWAP,2025-09-18T12:00:00Z,SYMBOL_MATCH
2026-01-01,162,W,Wormhole,29587,wormhole,0.034575,179085998.7,11432440.82,5179638121,2024-03-29T04:25:44.000Z,19,collectibles-nfts;defi;interoperability;dao;ethereum-ecosystem;coinbase-ventures-portfolio,HISTORICAL_APPROXIMATION,CMC snapshot tags vary by snapshot date (drift test: tags(2024)!=tags(2026)); taxonomy drift unverified,W,2024-02-07T18:00:00Z,False,W-USDT-SWAP,2024-04-03T12:25:00Z,SYMBOL_MATCH
2026-01-01,163,BEAT,Audiera,38837,audiera,1.11007813,178186039.7,86378647.49,160516666,2025-10-30T05:07:08.000Z,7,music;bnb-chain-ecosystem;binance-alpha;binance-alpha-airdrops;binance-ecosystem;binance-listing,HISTORICAL_APPROXIMATION,CMC snapshot tags vary by snapshot date (drift test: tags(2024)!=tags(2026)); taxonomy drift unverified,,,,BEAT-USDT-SWAP,2025-11-12T16:15:00Z,SYMBOL_MATCH
2026-01-01,164,JTO,Jito,28541,jito,0.42191924,176868967.1,17392686.36,419200995.8,2023-12-07T16:04:41.000Z,8,defi;staking;dao;solana-ecosystem;liquid-staking-derivatives;cmc-crypto-yearbook-2024-2025,HISTORICAL_APPROXIMATION,CMC snapshot tags vary by snapshot date (drift test: tags(2024)!=tags(2026)); taxonomy drift unverified,JTO,2023-12-07T17:00:00Z,False,JTO-USDT-SWAP,2024-01-08T06:55:00Z,SYMBOL_MATCH
2026-01-01,165,EGLD,MultiversX,6892,multiversx-egld,5.90729184,171495531.9,19310885,29031159.52,2020-09-04T00:00:00.000Z,24,pos;enterprise-solutions;distributed-computing;loyalty;gaming;identity,HISTORICAL_APPROXIMATION,CMC snapshot tags vary by snapshot date (drift test: tags(2024)!=tags(2026)); taxonomy drift unverified,,,,EGLD-USDT-SWAP,2020-12-22T07:00:00Z,SYMBOL_MATCH
2026-01-01,166,CVX,Convex Finance,9903,convex-finance,1.71118032,169208490.3,8450885.17,98884079.4,2021-05-18T00:00:00.000Z,6,defi;ethereum-ecosystem;yield-aggregator;solana-ecosystem;binance-ecosystem;binance-listing,HISTORICAL_APPROXIMATION,CMC snapshot tags vary by snapshot date (drift test: tags(2024)!=tags(2026)); taxonomy drift unverified,,,,CVX-USDT-SWAP,2024-06-25T08:25:00Z,SYMBOL_MATCH
2026-01-01,167,KITE,Kite,38828,kite,0.09341575,168148350,21249601.85,1800000000,2025-10-29T11:11:32.000Z,9,ai-big-data;dapp;hashkey-capital-portfolio;animoca-brands-portfolio;layer-1;ai-agents,HISTORICAL_APPROXIMATION,CMC snapshot tags vary by snapshot date (drift test: tags(2024)!=tags(2026)); taxonomy drift unverified,,,,KITE-USDT-SWAP,2026-04-09T03:00:00Z,SYMBOL_MATCH
2026-01-01,168,DEEP,DeepBook Protocol,33391,deepbook-protocol,0.03599589,167148902.3,10870229.82,4643554936,2024-10-10T05:43:32.000Z,6,decentralized-exchange-dex-token;defi;sui-ecosystem;move-vm;binance-ecosystem;binance-listing,HISTORICAL_APPROXIMATION,CMC snapshot tags vary by snapshot date (drift test: tags(2024)!=tags(2026)); taxonomy drift unverified,,,,,,NONE
2026-01-01,169,WEMIX,WEMIX,7548,wemix,0.35996197,165731394.2,1245088.94,460413619.3,2020-10-29T00:00:00.000Z,6,platform;collectibles-nfts;gaming;metaverse;play-to-earn;layer-1,HISTORICAL_APPROXIMATION,CMC snapshot tags vary by snapshot date (drift test: tags(2024)!=tags(2026)); taxonomy drift unverified,,,,,,NONE
2026-01-01,170,XCN,Onyxcoin,18679,onyxcoin,0.00451056,165338840,7938228.77,3.665591102e+10,2022-03-09T16:10:43.000Z,2,layer-1;made-in-america,HISTORICAL_APPROXIMATION,CMC snapshot tags vary by snapshot date (drift test: tags(2024)!=tags(2026)); taxonomy drift unverified,,,,,,NONE
2026-01-01,171,ZORA,ZORA,35931,zora,0.03697098,165260284.8,29329380.47,4469999999,2025-03-04T04:17:05.000Z,9,communications-social-media;collectibles-nfts;social-money;layer-2;base-ecosystem;binance-alpha,HISTORICAL_APPROXIMATION,CMC snapshot tags vary by snapshot date (drift test: tags(2024)!=tags(2026)); taxonomy drift unverified,ZORA,2025-04-23T15:00:00Z,False,ZORA-USDT-SWAP,2025-10-10T11:30:01Z,SYMBOL_MATCH
2026-01-01,172,ZEN,Horizen,1698,horizen,9.34377487,164858280.3,53720175.33,17643648.59,2017-06-01T00:00:00.000Z,22,mineable;pow;medium-of-exchange;platform;communications-social-media;enterprise-solutions,HISTORICAL_APPROXIMATION,CMC snapshot tags vary by snapshot date (drift test: tags(2024)!=tags(2026)); taxonomy drift unverified,ZEN,2023-11-09T15:00:00Z,False,ZEN-USDT-SWAP,2025-11-03T06:00:01Z,SYMBOL_MATCH
2026-01-01,173,SFP,SafePal,8119,safepal,0.32822589,164112943,2374918.16,500000000,2020-12-28T00:00:00.000Z,7,wallet;ethereum-ecosystem;binance-launchpad;injective-ecosystem;bnb-chain-ecosystem;binance-ecosystem,HISTORICAL_APPROXIMATION,CMC snapshot tags vary by snapshot date (drift test: tags(2024)!=tags(2026)); taxonomy drift unverified,,,,,,NONE
2026-01-01,174,RSR,Reserve Rights,3964,reserve-rights,0.00263208,163873693.3,12167394.98,6.22601453e+10,2019-05-24T00:00:00.000Z,11,store-of-value;defi;ethereum-ecosystem;coinbase-ventures-portfolio;dcg-portfolio;bitcoin-ecosystem,HISTORICAL_APPROXIMATION,CMC snapshot tags vary by snapshot date (drift test: tags(2024)!=tags(2026)); taxonomy drift unverified,RSR,2023-12-05T20:00:00Z,False,RSR-USDT-SWAP,2020-09-09T10:12:51Z,SYMBOL_MATCH
2026-01-01,175,APE,ApeCoin,18876,apecoin-ape,0.21285936,160208922.9,14081616.5,752651515,2022-03-17T12:26:36.000Z,15,communications-social-media;collectibles-nfts;content-creation;gaming;entertainment;memes,HISTORICAL_APPROXIMATION,CMC snapshot tags vary by snapshot date (drift test: tags(2024)!=tags(2026)); taxonomy drift unverified,APE,2023-05-12T00:00:00Z,False,APE-USDT-SWAP,2022-03-17T13:00:59Z,SYMBOL_MATCH
2026-01-01,176,FTT,FTX Token,4195,ftx-token,0.47314186,155614041.8,3108064.19,328895103.8,2019-07-31T00:00:00.000Z,16,marketplace;centralized-exchange;defi;derivatives;ethereum-ecosystem;solana-ecosystem,HISTORICAL_APPROXIMATION,CMC snapshot tags vary by snapshot date (drift test: tags(2024)!=tags(2026)); taxonomy drift unverified,FTT,2023-09-25T13:00:00Z,True,,,SYMBOL_MATCH
2026-01-01,177,FLOW,Flow,4558,flow,0.09434912,153751814.2,24953458.15,1629605139,2021-01-27T00:00:00.000Z,14,platform;collectibles-nfts;staking;coinbase-ventures-portfolio;coinfund-portfolio;dcg-portfolio,HISTORICAL_APPROXIMATION,CMC snapshot tags vary by snapshot date (drift test: tags(2024)!=tags(2026)); taxonomy drift unverified,,,,FLOW-USDT-SWAP,2023-11-07T09:55:00Z,SYMBOL_MATCH
2026-01-01,178,SNX,Synthetix,2586,synthetix,0.44731708,153638303.7,35015079.97,343466217,2018-03-14T00:00:00.000Z,30,services;decentralized-exchange-dex-token;defi;derivatives;dao;ethereum-ecosystem,HISTORICAL_APPROXIMATION,CMC snapshot tags vary by snapshot date (drift test: tags(2024)!=tags(2026)); taxonomy drift unverified,SNX,2023-05-25T00:00:00Z,False,SNX-USDT-SWAP,2020-08-21T10:12:51Z,SYMBOL_MATCH
2026-01-01,179,PROM,Prom,4120,prom,8.37322635,152811380.8,6810733.54,18250000,2019-07-17T00:00:00.000Z,5,ethereum-ecosystem;bnb-chain-ecosystem;dwf-labs-portfolio;binance-ecosystem;binance-listing,HISTORICAL_APPROXIMATION,CMC snapshot tags vary by snapshot date (drift test: tags(2024)!=tags(2026)); taxonomy drift unverified,,,,,,NONE
2026-01-01,180,DYDX,dYdX,28324,dydx-chain,0.18317057,149835407.2,8510832.79,818010288.8,2021-08-03T00:00:00.000Z,7,decentralized-exchange-dex-token;derivatives;layer-1;made-in-america;binance-ecosystem;binance-listing,HISTORICAL_APPROXIMATION,CMC snapshot tags vary by snapshot date (drift test: tags(2024)!=tags(2026)); taxonomy drift unverified,DYDX,2023-05-12T00:00:00Z,False,DYDX-USDT-SWAP,2021-09-08T16:11:50Z,SYMBOL_MATCH
2026-01-01,181,BRETT,Brett (Based),29743,based-brett,0.01487373,147402159.8,8559820.49,9910236395,2024-03-11T07:58:23.000Z,5,memes;bnb-chain-ecosystem;base-ecosystem;binance-ecosystem;binance-listing,HISTORICAL_APPROXIMATION,CMC snapshot tags vary by snapshot date (drift test: tags(2024)!=tags(2026)); taxonomy drift unverified,BRETT,2024-06-11T13:00:00Z,False,BRETT-USDT-SWAP,2024-09-06T10:15:01Z,SYMBOL_MATCH
2026-01-01,182,AXS,Axie Infinity,6783,axie-infinity,0.86884741,145717489.5,13136373.14,167713556.2,2020-08-31T00:00:00.000Z,15,collectibles-nfts;gaming;ethereum-ecosystem;binance-launchpad;solana-ecosystem;metaverse,HISTORICAL_APPROXIMATION,CMC snapshot tags vary by snapshot date (drift test: tags(2024)!=tags(2026)); taxonomy drift unverified,AXS,2026-01-18T04:00:00Z,False,AXS-USDT-SWAP,2021-07-28T09:00:00Z,SYMBOL_MATCH
2026-01-01,183,LPT,Livepeer,3640,livepeer,3.01501229,145532354.7,12693192.94,48269240.96,2018-12-19T00:00:00.000Z,16,media;ai-big-data;distributed-computing;video;ethereum-ecosystem;coinfund-portfolio,HISTORICAL_APPROXIMATION,CMC snapshot tags vary by snapshot date (drift test: tags(2024)!=tags(2026)); taxonomy drift unverified,,,,LPT-USDT-SWAP,2021-04-23T07:00:00Z,SYMBOL_MATCH
2026-01-01,184,ATH,Aethir,30083,aethir,0.00914662,143840377.4,7318810.82,1.572607447e+10,2024-06-12T02:20:00.000Z,10,ai-big-data;distributed-computing;ethereum-ecosystem;solana-ecosystem;arbitrum-ecosystem;depin,HISTORICAL_APPROXIMATION,CMC snapshot tags vary by snapshot date (drift test: tags(2024)!=tags(2026)); taxonomy drift unverified,,,,ATH-USDT-SWAP,2024-06-13T03:55:00Z,SYMBOL_MATCH
2026-01-01,185,QTUM,Qtum,1684,qtum,1.33601119,141529993.9,36656861.08,105934736.5,2017-05-24T00:00:00.000Z,8,platform;defi;smart-contracts;kenetic-capital-portfolio;bitcoin-ecosystem;binance-ecosystem,HISTORICAL_APPROXIMATION,CMC snapshot tags vary by snapshot date (drift test: tags(2024)!=tags(2026)); taxonomy drift unverified,,,,QTUM-USDT-SWAP,2020-04-21T10:12:51Z,SYMBOL_MATCH
2026-01-01,186,BEAM,Beam,28298,onbeam,0.00278511,137768458.6,5304162.41,4.946600417e+10,2021-10-29T04:07:32.000Z,14,gaming;ethereum-ecosystem;binance-chain;binance-launchpool;governance;play-to-earn,HISTORICAL_APPROXIMATION,CMC snapshot tags vary by snapshot date (drift test: tags(2024)!=tags(2026)); taxonomy drift unverified,,,,,,NONE
2026-01-01,187,B,BUILDon,36532,buildon,0.13521304,135213043.9,6011788.35,1000000000,2025-05-16T08:07:37.000Z,9,memes;bnb-chain-ecosystem;ai-memes;binance-alpha;world-liberty-financial-portfolio;four-meme-ecosystem,HISTORICAL_APPROXIMATION,CMC snapshot tags vary by snapshot date (drift test: tags(2024)!=tags(2026)); taxonomy drift unverified,,,,,,NONE
2026-01-01,188,SUPER,SuperVerse,8290,superverse,0.21165942,134861470.6,10305074.9,637162626.4,2021-01-20T00:00:00.000Z,17,collectibles-nfts;defi;gaming;ethereum-ecosystem;launchpad;avalanche-ecosystem,HISTORICAL_APPROXIMATION,CMC snapshot tags vary by snapshot date (drift test: tags(2024)!=tags(2026)); taxonomy drift unverified,SUPER,2023-11-26T18:00:00Z,False,,,SYMBOL_MATCH
2026-01-01,189,FORM,Four,23635,binaryx-new,0.35141345,134193289.9,10029492.2,381867255.1,2023-02-22T12:30:00.000Z,5,gaming;binance-chain;bnb-chain-ecosystem;binance-ecosystem;binance-listing,HISTORICAL_APPROXIMATION,CMC snapshot tags vary by snapshot date (drift test: tags(2024)!=tags(2026)); taxonomy drift unverified,,,,,,NONE
2026-01-01,190,GAS,Gas,1785,gas,2.04061927,132624603.2,6973019.09,64992331,2017-07-06T00:00:00.000Z,7,medium-of-exchange;defi;payments;smart-contracts;neo-ecosystem;binance-ecosystem,HISTORICAL_APPROXIMATION,CMC snapshot tags vary by snapshot date (drift test: tags(2024)!=tags(2026)); taxonomy drift unverified,GAS,2023-10-24T15:00:00Z,False,GAS-USDT-SWAP,2023-10-24T09:55:00Z,SYMBOL_MATCH
2026-01-01,191,KSM,Kusama,5034,kusama,7.55338425,132604877.9,11114636.8,17555690.72,2019-12-12T00:00:00.000Z,10,substrate;polkadot;polkadot-ecosystem;cms-holdings-portfolio;kenetic-capital-portfolio;1confirmation-portfolio,HISTORICAL_APPROXIMATION,CMC snapshot tags vary by snapshot date (drift test: tags(2024)!=tags(2026)); taxonomy drift unverified,,,,KSM-USDT-SWAP,2020-09-08T10:12:51Z,SYMBOL_MATCH
2026-01-01,192,MET,Meteora,38353,meteora,0.26321571,129549624.7,10834405.04,492180448.4,2025-09-10T23:40:19.000Z,9,decentralized-exchange-dex-token;defi;dapp;amm;dex;solana-ecosystem,HISTORICAL_APPROXIMATION,CMC snapshot tags vary by snapshot date (drift test: tags(2024)!=tags(2026)); taxonomy drift unverified,MET,2025-10-10T11:00:00Z,False,MET-USDT-SWAP,2025-10-10T08:15:00Z,SYMBOL_MATCH
2026-01-01,193,TFUEL,Theta Fuel,3822,theta-fuel,0.01786261,128267465.3,1234433.02,7180779000,2019-03-28T00:00:00.000Z,14,media;vr-ar;communications-social-media;distributed-computing;content-creation;defi,HISTORICAL_APPROXIMATION,CMC snapshot tags vary by snapshot date (drift test: tags(2024)!=tags(2026)); taxonomy drift unverified,,,,,,NONE
2026-01-01,194,KAITO,KAITO,35763,kaito,0.51752097,124923812.8,10059321.31,241388889,2025-02-14T13:09:33.000Z,11,communications-social-media;ai-big-data;social-token;governance;dragonfly-capital-portfolio;hashkey-capital-portfolio,HISTORICAL_APPROXIMATION,CMC snapshot tags vary by snapshot date (drift test: tags(2024)!=tags(2026)); taxonomy drift unverified,KAITO,2025-02-20T14:00:00Z,False,KAITO-USDT-SWAP,2025-02-20T14:00:00Z,SYMBOL_MATCH
2026-01-01,195,CTC,Creditcoin,5198,creditcoin,0.24442412,124780427.6,2826600.97,510507831,2020-01-31T00:00:00.000Z,2,real-world-assets-protocols;layer-1,HISTORICAL_APPROXIMATION,CMC snapshot tags vary by snapshot date (drift test: tags(2024)!=tags(2026)); taxonomy drift unverified,,,,,,NONE
2026-01-01,196,VELO,Velo,7127,velo,0.00709027,124532656.2,135157278.4,1.756387612e+10,2020-09-21T00:00:00.000Z,6,stellar-ecosystem;bnb-chain-ecosystem;dwf-labs-portfolio;binance-alpha;binance-alpha-airdrops;binance-ecosystem,HISTORICAL_APPROXIMATION,CMC snapshot tags vary by snapshot date (drift test: tags(2024)!=tags(2026)); taxonomy drift unverified,,,,,,NONE
2026-01-01,197,COW,CoW Protocol,19269,cow-protocol,0.22299058,122728409,3348630.27,550374849.4,2022-04-01T08:42:05.000Z,9,decentralized-exchange-dex-token;defi;ethereum-ecosystem;arbitrum-ecosystem;base-ecosystem;intent,HISTORICAL_APPROXIMATION,CMC snapshot tags vary by snapshot date (drift test: tags(2024)!=tags(2026)); taxonomy drift unverified,,,,,,NONE
2026-01-01,198,TOSHI,Toshi,27750,toshithecat,0.00029102,122424785.4,13363342.28,4.206738866e+11,2023-08-04T09:39:48.000Z,9,memes;bnb-chain-ecosystem;base-ecosystem;cat-themed;animal-memes;binance-alpha,HISTORICAL_APPROXIMATION,CMC snapshot tags vary by snapshot date (drift test: tags(2024)!=tags(2026)); taxonomy drift unverified,,,,,,NONE
2026-01-01,199,TURBO,Turbo,24911,turbo,0.00174883,120669510.3,22647746.91,6.9e+10,2023-05-01T00:30:00.000Z,10,art;ai-big-data;memes;ethereum-ecosystem;solana-ecosystem;web3,HISTORICAL_APPROXIMATION,CMC snapshot tags vary by snapshot date (drift test: tags(2024)!=tags(2026)); taxonomy drift unverified,TURBO,2024-05-31T16:00:00Z,False,TURBO-USDT-SWAP,2023-12-14T09:55:00Z,SYMBOL_MATCH
2026-01-01,200,RVN,Ravencoin,2577,ravencoin,0.0075319,120328112.1,11084243.44,1.597580232e+10,2018-03-10T00:00:00.000Z,8,mineable;pow;platform;crowdfunding;real-world-assets-protocols;made-in-america,HISTORICAL_APPROXIMATION,CMC snapshot tags vary by snapshot date (drift test: tags(2024)!=tags(2026)); taxonomy drift unverified,,,,RVN-USDT-SWAP,2021-04-23T07:00:00Z,SYMBOL_MATCH
2026-01-01,201,stETH,Lido Staked ETH,8085,steth,2997.645975,2.644509583e+10,10016698.63,8821954.31,2020-12-23T00:00:00.000Z,10,defi;ethereum-ecosystem;solana-ecosystem;eth-staking;terra-ecosystem;liquid-staking-derivatives,HISTORICAL_APPROXIMATION,CMC snapshot tags vary by snapshot date (drift test: tags(2024)!=tags(2026)); taxonomy drift unverified,,,,,,NONE
2026-01-01,202,WTRX,Wrapped TRON,18579,wrapped-tron,0.2850421,2.491920689e+10,719878.31,8.742289942e+10,2017-09-13T00:00:00.000Z,3,defi;rehypothecated-crypto;tron20-ecosystem,HISTORICAL_APPROXIMATION,CMC snapshot tags vary by snapshot date (drift test: tags(2024)!=tags(2026)); taxonomy drift unverified,,,,,,NONE
2026-01-01,203,WSTETH,Lido wstETH,12409,lido-finance-wsteth,3663.692456,1.211375332e+10,13488292.81,3306432.913,2021-10-06T18:43:51.000Z,11,defi;ethereum-ecosystem;polygon-ecosystem;arbitrum-ecosystem;liquid-staking-derivatives;optimism-ecosystem,HISTORICAL_APPROXIMATION,CMC snapshot tags vary by snapshot date (drift test: tags(2024)!=tags(2026)); taxonomy drift unverified,,,,,,NONE
2026-01-01,204,WBTC,Wrapped Bitcoin,3717,wrapped-bitcoin,88497.96157,1.109149463e+10,75581855.31,125330.5097,2019-01-30T00:00:00.000Z,50,medium-of-exchange;defi;privacy;ethereum-ecosystem;waves-ecosystem;avalanche-ecosystem,HISTORICAL_APPROXIMATION,CMC snapshot tags vary by snapshot date (drift test: tags(2024)!=tags(2026)); taxonomy drift unverified,,,,,,NONE
2026-01-01,205,WBETH,Wrapped Beacon ETH,24760,wrapped-beacon-eth,3261.239748,1.064633618e+10,4837558.23,3264505.832,2023-04-27T09:20:48.000Z,9,defi;staking;ethereum-ecosystem;bnb-chain-ecosystem;liquid-staking-derivatives;eigenlayer-ecosystem,HISTORICAL_APPROXIMATION,CMC snapshot tags vary by snapshot date (drift test: tags(2024)!=tags(2026)); taxonomy drift unverified,,,,,,NONE
2026-01-01,206,WETH,WETH,2396,weth,2995.523276,1.011084241e+10,458674048.8,3375317.593,2018-01-14T00:00:00.000Z,58,defi;privacy;ethereum-ecosystem;waves-ecosystem;avalanche-ecosystem;solana-ecosystem,HISTORICAL_APPROXIMATION,CMC snapshot tags vary by snapshot date (drift test: tags(2024)!=tags(2026)); taxonomy drift unverified,,,,,,NONE
2026-01-01,207,AETHWETH,Aave Ethereum WETH,36458,aave-ethereum-weth,2999.935773,9885854124,573307.95,3295355.259,2025-05-12T14:04:10.000Z,6,asset-management;defi;ethereum-ecosystem;yield-farming;aave-tokens;rehypothecated-crypto,HISTORICAL_APPROXIMATION,CMC snapshot tags vary by snapshot date (drift test: tags(2024)!=tags(2026)); taxonomy drift unverified,,,,,,NONE
2026-01-01,208,weETH,Wrapped eETH,28695,wrapped-eeth,3246.32752,9233457313,2660907.47,2844277.805,2023-12-12T18:12:54.000Z,18,defi;privacy;staking;ethereum-ecosystem;wrapped-tokens;arbitrum-ecosystem,HISTORICAL_APPROXIMATION,CMC snapshot tags vary by snapshot date (drift test: tags(2024)!=tags(2026)); taxonomy drift unverified,,,,,,NONE
2026-01-01,209,USDS,USDS,33039,usds,0.9998103,9215898590,123304006.5,9217647202,2024-09-18T13:27:23.000Z,5,defi;stablecoin;asset-backed-stablecoin;usd-stablecoin;rehypothecated-crypto,HISTORICAL_APPROXIMATION,CMC snapshot tags vary by snapshot date (drift test: tags(2024)!=tags(2026)); taxonomy drift unverified,,,,,,NONE
2026-01-01,210,CBBTC,Coinbase Wrapped BTC,32994,coinbase-wrapped-btc,88609.53493,6382591254,113287562.2,72030.52424,2024-09-12T12:53:48.000Z,7,defi;ethereum-ecosystem;solana-ecosystem;wrapped-tokens;bitcoin-ecosystem;base-ecosystem,HISTORICAL_APPROXIMATION,CMC snapshot tags vary by snapshot date (drift test: tags(2024)!=tags(2026)); taxonomy drift unverified,,,,,,NONE
2026-01-01,211,AETHUSDT,Aave Ethereum USDT,36457,aave-ethereum-usdt,0.99884592,6210934076,29660922.41,6218110294,2025-05-12T14:03:23.000Z,7,asset-management;defi;stablecoin;yield-farming;aave-tokens;usd-stablecoin,HISTORICAL_APPROXIMATION,CMC snapshot tags vary by snapshot date (drift test: tags(2024)!=tags(2026)); taxonomy drift unverified,,,,,,NONE
2026-01-01,212,BTCB,Bitcoin BEP2,4023,bitcoin-bep2,88704.2887,5784958867,24968059.51,65216.22518,2019-06-18T00:00:00.000Z,4,defi;bnb-chain-ecosystem;bitcoin-ecosystem;rehypothecated-crypto,HISTORICAL_APPROXIMATION,CMC snapshot tags vary by snapshot date (drift test: tags(2024)!=tags(2026)); taxonomy drift unverified,,,,,,NONE
2026-01-01,213,sUSDe,Ethena Staked USDe,29471,ethena-staked-usde,1.2116063,3468869035,2843956.6,2863033169,2024-02-20T12:03:05.000Z,7,defi;stablecoin;asset-backed-stablecoin;staking;usd-stablecoin;rehypothecated-crypto,HISTORICAL_APPROXIMATION,CMC snapshot tags vary by snapshot date (drift test: tags(2024)!=tags(2026)); taxonomy drift unverified,,,,,,NONE
2026-01-01,214,RAIN,Rain,38341,rain,0.00803026,2727352423,63735753.53,3.396343512e+11,2025-09-10T06:55:22.000Z,1,arbitrum-ecosystem,HISTORICAL_APPROXIMATION,CMC snapshot tags vary by snapshot date (drift test: tags(2024)!=tags(2026)); taxonomy drift unverified,,,,,,NONE
2026-01-01,215,USDf,Falcon USD,35721,falcon-finance,0.99766201,2051182495,1690216.27,2055989383,2025-02-17T05:02:36.000Z,5,stablecoin;usd-stablecoin;xdc-ecosystem;dwf-labs-portfolio;wlfi-ecosystem,HISTORICAL_APPROXIMATION,CMC snapshot tags vary by snapshot date (drift test: tags(2024)!=tags(2026)); taxonomy drift unverified,,,,,,NONE
2026-01-01,216,BFUSD,BFUSD,37760,bfusd,0.99863332,1929858992,8935377.84,1932500100,2025-08-18T02:35:06.000Z,7,defi;stablecoin;asset-backed-stablecoin;yield-farming;rehypothecated-crypto;binance-ecosystem,HISTORICAL_APPROXIMATION,CMC snapshot tags vary by snapshot date (drift test: tags(2024)!=tags(2026)); taxonomy drift unverified,,,,,,NONE
2026-01-01,217,JITOSOL,Jito Staked SOL,22533,jito-staked-sol,158.6538844,1809826825,12028841.13,11407390.58,2022-11-04T08:03:43.000Z,4,defi;solana-ecosystem;liquid-staking-derivatives;rehypothecated-crypto,HISTORICAL_APPROXIMATION,CMC snapshot tags vary by snapshot date (drift test: tags(2024)!=tags(2026)); taxonomy drift unverified,,,,,,NONE
2026-01-01,218,BTCT,Bitcoin TRC20,9486,bitcoin-trc20,88637.54445,1555177967,37894.64,17545.36384,2021-04-29T00:00:00.000Z,3,defi;rehypothecated-crypto;tron20-ecosystem,HISTORICAL_APPROXIMATION,CMC snapshot tags vary by snapshot date (drift test: tags(2024)!=tags(2026)); taxonomy drift unverified,,,,,,NONE
2026-01-01,219,syrupUSDC,syrupUSDC,38779,syrup-usdc,1.14432706,1540514518,18886111.07,1346218728,2025-10-24T09:37:30.000Z,5,defi;ethereum-ecosystem;solana-ecosystem;arbitrum-ecosystem;rehypothecated-crypto,HISTORICAL_APPROXIMATION,CMC snapshot tags vary by snapshot date (drift test: tags(2024)!=tags(2026)); taxonomy drift unverified,,,,,,NONE
2026-01-01,220,JLP,Jupiter Perps LP,28853,jupiter-perps-lp,4.5615512,1495859986,8793347.57,327927917.7,2023-12-26T23:55:42.000Z,4,defi;dex;lp-tokens;solana-ecosystem,HISTORICAL_APPROXIMATION,CMC snapshot tags vary by snapshot date (drift test: tags(2024)!=tags(2026)); taxonomy drift unverified,,,,,,NONE
2026-01-01,221,WBNB,Wrapped BNB,7192,wbnb,862.3758631,1365041421,368479103.5,1582884.54,2020-09-28T00:00:00.000Z,25,defi;privacy;ethereum-ecosystem;avalanche-ecosystem;solana-ecosystem;wrapped-tokens,HISTORICAL_APPROXIMATION,CMC snapshot tags vary by snapshot date (drift test: tags(2024)!=tags(2026)); taxonomy drift unverified,,,,,,NONE
2026-01-01,222,BNSOL,Binance Staked SOL,32882,binance-staked-sol,138.503584,1323042705,3262949.55,9552407.717,2024-09-12T07:25:01.000Z,5,defi;solana-ecosystem;rehypothecated-crypto;binance-ecosystem;binance-listing,HISTORICAL_APPROXIMATION,CMC snapshot tags vary by snapshot date (drift test: tags(2024)!=tags(2026)); taxonomy drift unverified,,,,,,NONE
2026-01-01,223,BBTC,BounceBit BTC,31369,bouncebit-btc,88203.06934,1270097740,0,14399.70003,2025-11-28T06:14:34.000Z,5,defi;liquid-staking-derivatives;bitcoin-ecosystem;rehypothecated-crypto;bouncebit-ecosystem,HISTORICAL_APPROXIMATION,CMC snapshot tags vary by snapshot date (drift test: tags(2024)!=tags(2026)); taxonomy drift unverified,,,,,,NONE
2026-01-01,224,RETH,Rocket Pool ETH,15060,rocket-pool-eth,3463.329999,1258210868,547817.48,363295.1142,2021-11-23T08:58:07.000Z,7,defi;ethereum-ecosystem;eth-staking;liquid-staking-derivatives;optimism-ecosystem;eigenlayer-ecosystem,HISTORICAL_APPROXIMATION,CMC snapshot tags vary by snapshot date (drift test: tags(2024)!=tags(2026)); taxonomy drift unverified,,,,,,NONE
2026-01-01,225,RSETH,Kelp DAO Restaked ETH,29242,kelp-dao-restaked-eth,3190.766608,1114028622,91118.18,349141.369,2024-01-31T12:20:41.000Z,11,defi;ethereum-ecosystem;arbitrum-ecosystem;liquid-staking-derivatives;optimism-ecosystem;base-ecosystem,HISTORICAL_APPROXIMATION,CMC snapshot tags vary by snapshot date (drift test: tags(2024)!=tags(2026)); taxonomy drift unverified,,,,,,NONE
2026-01-01,226,LBTC,Lombard Staked BTC,33652,lombard-staked-btc,88194.91567,1039311713,66708.27,11784.25882,2024-10-25T16:21:54.000Z,10,defi;ethereum-ecosystem;bnb-chain-ecosystem;bitcoin-ecosystem;base-ecosystem;restaking,HISTORICAL_APPROXIMATION,CMC snapshot tags vary by snapshot date (drift test: tags(2024)!=tags(2026)); taxonomy drift unverified,,,,,,NONE
2026-01-01,227,slisBNB,Lista Staked BNB,27568,slisbnb,889.7979405,1002325632,301696.78,1126464.32,2023-07-11T06:49:41.000Z,4,defi;staking;bnb-chain-ecosystem;rehypothecated-crypto,HISTORICAL_APPROXIMATION,CMC snapshot tags vary by snapshot date (drift test: tags(2024)!=tags(2026)); taxonomy drift unverified,,,,,,NONE
2026-01-01,228,FBTC,Function,32306,ignition-fbtc,87685.48908,969282623.6,0,11054.08242,2024-07-21T13:18:42.000Z,6,defi;interoperability;ethereum-ecosystem;bitcoin-ecosystem;rehypothecated-crypto;mantle-ecosystem,HISTORICAL_APPROXIMATION,CMC snapshot tags vary by snapshot date (drift test: tags(2024)!=tags(2026)); taxonomy drift unverified,,,,,,NONE
2026-01-01,229,SolvBTC,SolvBTC,33312,solv-btc,88364.22961,955212929.5,64568.52,10809.95029,2024-10-04T11:10:16.000Z,10,defi;ethereum-ecosystem;avalanche-ecosystem;arbitrum-ecosystem;bnb-chain-ecosystem;bitcoin-ecosystem,HISTORICAL_APPROXIMATION,CMC snapshot tags vary by snapshot date (drift test: tags(2024)!=tags(2026)); taxonomy drift unverified,,,,,,NONE
2026-01-01,230,slisBNBx,slisBNBx,33055,slisbnbx,862.955,896814072.7,3502066.17,1039236.197,2024-09-23T14:14:03.000Z,3,defi;bnb-chain-ecosystem;rehypothecated-crypto,HISTORICAL_APPROXIMATION,CMC snapshot tags vary by snapshot date (drift test: tags(2024)!=tags(2026)); taxonomy drift unverified,,,,,,NONE
2026-01-01,231,WFLR,Wrapped Flare,28183,wrapped-flare,0.01078908,889520930.5,0,8.2446449e+10,2020-12-11T00:00:00.000Z,3,defi;rehypothecated-crypto;flare-network-ecosystem,HISTORICAL_APPROXIMATION,CMC snapshot tags vary by snapshot date (drift test: tags(2024)!=tags(2026)); taxonomy drift unverified,,,,,,NONE
2026-01-01,232,USDC.e,USD Coin Bridged,18852,usd-coin-bridged-usdc-e,0.99924978,888858125.3,34807851.5,889525468.6,2022-03-16T08:30:01.000Z,5,defi;stablecoin;rehypothecated-crypto;corn-ecosystem;somnia-ecosystem,HISTORICAL_APPROXIMATION,CMC snapshot tags vary by snapshot date (drift test: tags(2024)!=tags(2026)); taxonomy drift unverified,,,,,,NONE
2026-01-01,233,USDtb,Ethena Labs (USDtb),34691,ethena-labs-usdtb,0.99903729,843588948,2076895.39,844401863,2024-12-17T05:05:34.000Z,5,defi;stablecoin;ethereum-ecosystem;fiat-stablecoin;rehypothecated-crypto,HISTORICAL_APPROXIMATION,CMC snapshot tags vary by snapshot date (drift test: tags(2024)!=tags(2026)); taxonomy drift unverified,,,,,,NONE
2026-01-01,234,LSETH,Liquid Staked ETH,23782,liquid-staked-eth,3199.616977,836539273.9,23770.78,261449.8172,2023-03-07T15:46:23.000Z,6,defi;ethereum-ecosystem;liquid-staking-derivatives;base-ecosystem;eigenlayer-ecosystem;rehypothecated-crypto,HISTORICAL_APPROXIMATION,CMC snapshot tags vary by snapshot date (drift test: tags(2024)!=tags(2026)); taxonomy drift unverified,,,,,,NONE
2026-01-01,235,vBTC,Venus BTC,7962,venus-btc,2144.429379,797758593.5,0,372014.3929,2020-12-12T00:00:00.000Z,3,defi;bnb-chain-ecosystem;rehypothecated-crypto,HISTORICAL_APPROXIMATION,CMC snapshot tags vary by snapshot date (drift test: tags(2024)!=tags(2026)); taxonomy drift unverified,,,,,,NONE
2026-01-01,236,BDX,Beldex,3987,beldex,0.09618806,731511268.8,10169062,7605010876,2019-06-07T00:00:00.000Z,11,ai-big-data;defi;privacy;masternodes;ethereum-ecosystem;solana-ecosystem,HISTORICAL_APPROXIMATION,CMC snapshot tags vary by snapshot date (drift test: tags(2024)!=tags(2026)); taxonomy drift unverified,,,,,,NONE
2026-01-01,237,USDY,Ondo US Dollar Yield,29256,ondo-us-dollar-yield,1.11622393,693928406.2,928051.17,621674907.5,2024-02-01T09:43:04.000Z,2,stablecoin;ondo-global-markets-ecosystem,HISTORICAL_APPROXIMATION,CMC snapshot tags vary by snapshot date (drift test: tags(2024)!=tags(2026)); taxonomy drift unverified,,,,,,NONE
2026-01-01,238,METH,Mantle Staked Ether,29035,mantle-staked-ether,3249.369469,691849273.4,276141.03,212918.0076,2024-01-15T05:14:50.000Z,7,defi;staking;ethereum-ecosystem;liquid-staking-derivatives;eigenlayer-ecosystem;rehypothecated-crypto,HISTORICAL_APPROXIMATION,CMC snapshot tags vary by snapshot date (drift test: tags(2024)!=tags(2026)); taxonomy drift unverified,,,,,,NONE
2026-01-01,239,EZETH,Renzo Restaked ETH,29520,renzo-restaked-eth,3198.846994,663207254.8,150027.04,207326.97,2024-02-23T10:47:27.000Z,11,defi;ethereum-ecosystem;arbitrum-ecosystem;bnb-chain-ecosystem;liquid-staking-derivatives;base-ecosystem,HISTORICAL_APPROXIMATION,CMC snapshot tags vary by snapshot date (drift test: tags(2024)!=tags(2026)); taxonomy drift unverified,,,,,,NONE
2026-01-01,240,osETH,StakeWise Staked ETH,28476,staked-eth,3144.747276,610717452.8,115.08,194202.395,2023-12-01T09:42:00.000Z,5,defi;ethereum-ecosystem;liquid-staking-derivatives;eigenlayer-ecosystem;rehypothecated-crypto,HISTORICAL_APPROXIMATION,CMC snapshot tags vary by snapshot date (drift test: tags(2024)!=tags(2026)); taxonomy drift unverified,,,,,,NONE
2026-01-01,241,TBTC,tBTC,26133,tbtc-token,88662.76976,604219667.9,4259755.13,6814.807043,2023-05-29T05:04:40.000Z,10,defi;ethereum-ecosystem;solana-ecosystem;polygon-ecosystem;arbitrum-ecosystem;optimism-ecosystem,HISTORICAL_APPROXIMATION,CMC snapshot tags vary by snapshot date (drift test: tags(2024)!=tags(2026)); taxonomy drift unverified,,,,,,NONE
2026-01-01,242,JUPSOL,Jupiter Staked SOL,38192,jupiter-staked-sol,147.1307431,599577680.1,893093.16,4075135.267,2025-08-26T03:40:16.000Z,4,defi;staking;solana-ecosystem;rehypothecated-crypto,HISTORICAL_APPROXIMATION,CMC snapshot tags vary by snapshot date (drift test: tags(2024)!=tags(2026)); taxonomy drift unverified,,,,,,NONE
2026-01-01,243,syrupUSDT,syrupUSDT,38786,syrup-usdt,1.10848326,562681483.1,0,507613874.7,2025-10-27T01:57:22.000Z,4,defi;ethereum-ecosystem;rehypothecated-crypto;plasma-ecosystem,HISTORICAL_APPROXIMATION,CMC snapshot tags vary by snapshot date (drift test: tags(2024)!=tags(2026)); taxonomy drift unverified,,,,,,NONE
2026-01-01,244,USD0,Usual USD,32307,usual-usd,0.99753347,561914636.6,107044.27,563304042.2,2024-07-22T03:23:27.000Z,4,stablecoin;asset-backed-stablecoin;usd-stablecoin;real-world-assets-protocols,HISTORICAL_APPROXIMATION,CMC snapshot tags vary by snapshot date (drift test: tags(2024)!=tags(2026)); taxonomy drift unverified,,,,,,NONE
2026-01-01,245,KHYPE,Kinetiq Staked HYPE,39072,kinetiq-staked-hype,24.37692239,559162478.7,2113205.24,22938190.05,2025-12-08T10:34:29.000Z,6,defi;liquid-staking-derivatives;restaking;rehypothecated-crypto;hyperliquid-ecosystem;hyperevm-ecosystem,HISTORICAL_APPROXIMATION,CMC snapshot tags vary by snapshot date (drift test: tags(2024)!=tags(2026)); taxonomy drift unverified,,,,,,NONE
2026-01-01,246,CTM,c8ntinuum,37745,c8ntinuum,0.12320364,537111475.1,1021464.03,4359542107,2025-08-13T12:46:20.000Z,3,ethereum-ecosystem;solana-ecosystem;bnb-chain-ecosystem,HISTORICAL_APPROXIMATION,CMC snapshot tags vary by snapshot date (drift test: tags(2024)!=tags(2026)); taxonomy drift unverified,,,,,,NONE
2026-01-01,247,vBNB,Venus BNB,7961,venus-bnb,21.49288858,528789066.5,528785702.4,24602978.08,2020-12-12T00:00:00.000Z,3,defi;bnb-chain-ecosystem;rehypothecated-crypto,HISTORICAL_APPROXIMATION,CMC snapshot tags vary by snapshot date (drift test: tags(2024)!=tags(2026)); taxonomy drift unverified,,,,,,NONE
2026-01-01,248,WXTZ,Wrapped XTZ,35930,wrapped-tezos,0.50571373,522328313,101847.56,1032853731,2017-10-06T00:00:00.000Z,8,defi;ethereum-ecosystem;wrapped-tokens;arbitrum-ecosystem;bnb-chain-ecosystem;base-ecosystem,HISTORICAL_APPROXIMATION,CMC snapshot tags vary by snapshot date (drift test: tags(2024)!=tags(2026)); taxonomy drift unverified,,,,,,NONE
2026-01-01,249,USDAI,USDai,38562,usdai,1.00009136,501396927.4,0.02,501351126,2025-10-03T11:30:16.000Z,2,stablecoin;plasma-ecosystem,HISTORICAL_APPROXIMATION,CMC snapshot tags vary by snapshot date (drift test: tags(2024)!=tags(2026)); taxonomy drift unverified,,,,,,NONE
2026-01-01,250,bUSD0,Bond USD0,33981,usd0-liquid-bond,0.94652614,496414881.7,0,524459771,2024-11-14T13:45:03.000Z,7,defi;staking;ethereum-ecosystem;asset-backed-token;arbitrum-ecosystem;liquid-staking-derivatives,HISTORICAL_APPROXIMATION,CMC snapshot tags vary by snapshot date (drift test: tags(2024)!=tags(2026)); taxonomy drift unverified,,,,,,NONE
2026-01-01,251,GHO,GHO,23508,gho,0.99912051,494608025,715662.56,495043410.6,2023-02-14T12:18:15.000Z,1,stablecoin,HISTORICAL_APPROXIMATION,CMC snapshot tags vary by snapshot date (drift test: tags(2024)!=tags(2026)); taxonomy drift unverified,,,,,,NONE
2026-01-01,252,FTN,Fasttoken,22615,fasttoken,1.06079616,462784536.4,12955734.32,436261513,2022-11-09T14:57:06.000Z,2,bnb-chain-ecosystem;layer-1,HISTORICAL_APPROXIMATION,CMC snapshot tags vary by snapshot date (drift test: tags(2024)!=tags(2026)); taxonomy drift unverified,,,,,,NONE
2026-01-01,253,ETHX,Stader ETHx,27566,stader-ethx,3215.104178,439060061.4,0,136561.6904,2023-07-11T06:26:58.000Z,5,defi;ethereum-ecosystem;liquid-staking-derivatives;eigenlayer-ecosystem;rehypothecated-crypto,HISTORICAL_APPROXIMATION,CMC snapshot tags vary by snapshot date (drift test: tags(2024)!=tags(2026)); taxonomy drift unverified,,,,,,NONE
2026-01-01,254,MSOL,Marinade Staked SOL,11461,marinade,170.9431334,435931486.3,1633894.12,2550155,2021-08-29T14:09:19.000Z,6,defi;ethereum-ecosystem;solana-ecosystem;liquid-staking-derivatives;ftx-bankruptcy-estate;rehypothecated-crypto,HISTORICAL_APPROXIMATION,CMC snapshot tags vary by snapshot date (drift test: tags(2024)!=tags(2026)); taxonomy drift unverified,,,,,,NONE
2026-01-01,255,WZEDX,Wrapped Zedxion,30506,wrapped-zedxion,0.1023712,420664763.7,35797172.64,4109210086,2024-04-11T11:20:30.000Z,4,defi;bnb-chain-ecosystem;rehypothecated-crypto;zedxion-smart-chain-ecosystem,HISTORICAL_APPROXIMATION,CMC snapshot tags vary by snapshot date (drift test: tags(2024)!=tags(2026)); taxonomy drift unverified,,,,,,NONE
2026-01-01,256,cbETH,Coinbase Wrapped Staked ETH,21535,coinbase-wrapped-staked-eth,3351.992006,384321694.3,4187865.81,114654.7169,2022-08-23T16:57:41.000Z,6,defi;ethereum-ecosystem;liquid-staking-derivatives;base-ecosystem;eigenlayer-ecosystem;rehypothecated-crypto,HISTORICAL_APPROXIMATION,CMC snapshot tags vary by snapshot date (drift test: tags(2024)!=tags(2026)); taxonomy drift unverified,,,,,,NONE
2026-01-01,257,WCHZ,Wrapped Chiliz,33469,wrapped-chiliz,0.04136796,380866164.6,9451.82,9206791217,2019-07-01T00:00:00.000Z,4,defi;wrapped-tokens;chiliz-chain-ecosystem;rehypothecated-crypto,HISTORICAL_APPROXIMATION,CMC snapshot tags vary by snapshot date (drift test: tags(2024)!=tags(2026)); taxonomy drift unverified,,,,,,NONE
2026-01-01,258,stkAAVE,Staked Aave,36246,staked-aave,148.0949141,356656214,4965.38,2408294.816,2025-04-14T08:13:04.000Z,3,defi;ethereum-ecosystem;rehypothecated-crypto,HISTORICAL_APPROXIMATION,CMC snapshot tags vary by snapshot date (drift test: tags(2024)!=tags(2026)); taxonomy drift unverified,,,,,,NONE
2026-01-01,259,BTC.b,Bitcoin Avalanche Bridged,20721,bitcoin-avalanche-bridged,88873.48647,345713580.1,8831404.12,3889.951817,2022-06-22T17:15:22.000Z,4,defi;avalanche-ecosystem;bitcoin-ecosystem;rehypothecated-crypto,HISTORICAL_APPROXIMATION,CMC snapshot tags vary by snapshot date (drift test: tags(2024)!=tags(2026)); taxonomy drift unverified,,,,,,NONE
2026-01-01,260,sAVAX,BENQI Liquid Staked AVAX,18523,benqi-liquid-staked-avax,16.81088226,334730761.8,1110674.66,19911552.32,2022-02-01T04:00:00.000Z,4,defi;avalanche-ecosystem;liquid-staking-derivatives;rehypothecated-crypto,HISTORICAL_APPROXIMATION,CMC snapshot tags vary by snapshot date (drift test: tags(2024)!=tags(2026)); taxonomy drift unverified,,,,,,NONE
2026-01-01,261,CRVUSD,crvUSD,24927,crvusd,0.9993448,332576305.6,12812429.34,332794352.8,2023-06-27T12:44:16.000Z,4,defi;stablecoin;usd-stablecoin;rehypothecated-crypto,HISTORICAL_APPROXIMATION,CMC snapshot tags vary by snapshot date (drift test: tags(2024)!=tags(2026)); taxonomy drift unverified,,,,,,NONE
2026-01-01,262,EETH,ether.fi Staked ETH,28568,ether-fi,3002.012946,305808977.7,5896.38,101867.9743,2023-12-01T17:01:39.000Z,7,defi;staking;ethereum-ecosystem;liquid-staking-derivatives;restaking;eigenlayer-ecosystem,HISTORICAL_APPROXIMATION,CMC snapshot tags vary by snapshot date (drift test: tags(2024)!=tags(2026)); taxonomy drift unverified,,,,,,NONE
2026-01-01,263,SFRXETH,Frax Staked Ether,23177,frax-staked-ether,3402.737988,302544869.9,0,88912.1851,2023-01-06T13:33:10.000Z,13,defi;ethereum-ecosystem;polygon-ecosystem;fantom-ecosystem;arbitrum-ecosystem;bnb-chain-ecosystem,HISTORICAL_APPROXIMATION,CMC snapshot tags vary by snapshot date (drift test: tags(2024)!=tags(2026)); taxonomy drift unverified,,,,,,NONE
2026-01-01,264,BETH,Beacon ETH,8353,beacon-eth,2993.443038,302256923.9,3572728.76,100973,2021-01-28T00:00:00.000Z,4,defi;eth-staking;bnb-chain-ecosystem;rehypothecated-crypto,HISTORICAL_APPROXIMATION,CMC snapshot tags vary by snapshot date (drift test: tags(2024)!=tags(2026)); taxonomy drift unverified,,,,,,NONE
2026-01-01,265,RIVER,River,38417,river,15.15267552,296992440.2,66905834.14,19600000,2025-09-16T20:02:42.000Z,12,defi;ethereum-ecosystem;yield-farming;cms-holdings-portfolio;cross-chain;bnb-chain-ecosystem,HISTORICAL_APPROXIMATION,CMC snapshot tags vary by snapshot date (drift test: tags(2024)!=tags(2026)); taxonomy drift unverified,,,,RIVER-USDT-SWAP,2026-01-09T07:00:00Z,SYMBOL_MATCH
2026-01-01,266,CMETH,Mantle Restaked Ether,33978,mantle-restaked-ether,3250.731499,281393836.2,530885.48,86563.23546,2024-11-14T10:21:06.000Z,6,defi;ethereum-ecosystem;liquid-staking-derivatives;restaking;rehypothecated-crypto;mantle-ecosystem,HISTORICAL_APPROXIMATION,CMC snapshot tags vary by snapshot date (drift test: tags(2024)!=tags(2026)); taxonomy drift unverified,,,,,,NONE
2026-01-01,267,FRAX,Legacy Frax Dollar,6952,frax,0.99157255,277901630.9,244145.78,280263537.1,2020-09-08T00:00:00.000Z,6,defi;stablecoin;yield-farming;seigniorage;lending-borowing;usd-stablecoin,HISTORICAL_APPROXIMATION,CMC snapshot tags vary by snapshot date (drift test: tags(2024)!=tags(2026)); taxonomy drift unverified,,,,,,NONE
2026-01-01,268,WHYPE,Wrapped HYPE,35881,wrapped-hyperliquid,24.19763491,272518426.2,46239121.67,11262192.66,2024-07-15T10:14:50.000Z,3,defi;rehypothecated-crypto;hyperevm-ecosystem,HISTORICAL_APPROXIMATION,CMC snapshot tags vary by snapshot date (drift test: tags(2024)!=tags(2026)); taxonomy drift unverified,,,,,,NONE
2026-01-01,269,asBNB,Aster asBNB,35293,asbnb,914.3006068,266777333.9,234338.65,291782.9562,2025-01-16T18:26:10.000Z,7,defi;binance-labs-portfolio;bnb-chain-ecosystem;liquid-staking-derivatives;restaking;rehypothecated-crypto,HISTORICAL_APPROXIMATION,CMC snapshot tags vary by snapshot date (drift test: tags(2024)!=tags(2026)); taxonomy drift unverified,,,,,,NONE
2026-01-01,270,GTBTC,GTBTC,39090,gtbtc,88936.28532,266761198.1,17713.35,2999.464135,2025-12-09T19:56:19.000Z,7,defi;ethereum-ecosystem;solana-ecosystem;wrapped-tokens;bnb-chain-ecosystem;base-ecosystem,HISTORICAL_APPROXIMATION,CMC snapshot tags vary by snapshot date (drift test: tags(2024)!=tags(2026)); taxonomy drift unverified,,,,,,NONE
2026-01-01,271,vUSDT,Venus USDT,7957,venus-usdt,0.02578216,266508168.1,0,1.033692206e+10,2020-12-12T00:00:00.000Z,3,defi;stablecoin;rehypothecated-crypto,HISTORICAL_APPROXIMATION,CMC snapshot tags vary by snapshot date (drift test: tags(2024)!=tags(2026)); taxonomy drift unverified,,,,,,NONE
2026-01-01,272,UNIBTC,Universal BTC,36175,universal-btc,87513.08711,260292198.9,0,2974.323127,2025-04-01T04:54:23.000Z,24,defi;ethereum-ecosystem;solana-ecosystem;arbitrum-ecosystem;iotex-ecosystem;bnb-chain-ecosystem,HISTORICAL_APPROXIMATION,CMC snapshot tags vary by snapshot date (drift test: tags(2024)!=tags(2026)); taxonomy drift unverified,,,,,,NONE
2026-01-01,273,INF,Sanctum Infinity,12760,sanctum-infinity,176.1677398,247619328.8,1705210,1405588.385,2021-10-15T04:46:29.000Z,3,defi;solana-ecosystem;rehypothecated-crypto,HISTORICAL_APPROXIMATION,CMC snapshot tags vary by snapshot date (drift test: tags(2024)!=tags(2026)); taxonomy drift unverified,,,,,,NONE
2026-01-01,274,rBTC,Rootstock Bitcoin,3626,rsk-smart-bitcoin,88133.22124,246238055.7,4400.3,2793.930055,2018-12-05T00:00:00.000Z,8,mineable;defi;ethereum-ecosystem;solana-ecosystem;arbitrum-ecosystem;bitcoin-ecosystem,HISTORICAL_APPROXIMATION,CMC snapshot tags vary by snapshot date (drift test: tags(2024)!=tags(2026)); taxonomy drift unverified,,,,,,NONE
2026-01-01,275,BORG,SwissBorg,2499,swissborg,0.2478602,243461287,235675.81,982252443.4,2018-02-02T00:00:00.000Z,5,asset-management;defi;staking;ethereum-ecosystem;solana-ecosystem,HISTORICAL_APPROXIMATION,CMC snapshot tags vary by snapshot date (drift test: tags(2024)!=tags(2026)); taxonomy drift unverified,,,,,,NONE
2026-01-01,276,SOL,Wrapped Solana,16116,wrapped-solana,126.7427861,236208858.5,249208911.1,1863686.808,2021-12-16T04:30:23.000Z,12,defi;ethereum-ecosystem;avalanche-ecosystem;solana-ecosystem;polygon-ecosystem;terra-ecosystem,HISTORICAL_APPROXIMATION,CMC snapshot tags vary by snapshot date (drift test: tags(2024)!=tags(2026)); taxonomy drift unverified,SOL,2023-05-12T00:00:00Z,False,SOL-USDT-SWAP,2021-01-22T07:00:00Z,SYMBOL_MATCH
2026-01-01,277,ZBU,Zeebu,27765,zeebu,0.56367892,233153380.8,135924.75,413627996.4,2023-08-09T17:44:17.000Z,4,loyalty;ethereum-ecosystem;bnb-chain-ecosystem;base-ecosystem,HISTORICAL_APPROXIMATION,CMC snapshot tags vary by snapshot date (drift test: tags(2024)!=tags(2026)); taxonomy drift unverified,,,,,,NONE
2026-01-01,278,BBSOL,Bybit Staked SOL,33834,bybit-staked-sol,142.644114,227755895.6,279475.09,1596672.23,2024-11-07T06:03:44.000Z,3,defi;solana-ecosystem;rehypothecated-crypto,HISTORICAL_APPROXIMATION,CMC snapshot tags vary by snapshot date (drift test: tags(2024)!=tags(2026)); taxonomy drift unverified,,,,,,NONE
2026-01-01,279,APEPE,Ape and Pepe,27048,ape-and-pepe,1.04e-06,218401028.6,16355346.63,2.1e+14,2024-07-24T07:49:58.000Z,2,memes;polygon-ecosystem,HISTORICAL_APPROXIMATION,CMC snapshot tags vary by snapshot date (drift test: tags(2024)!=tags(2026)); taxonomy drift unverified,,,,,,NONE
2026-01-01,280,WFI,WeFi,34261,wfi,2.78265729,213953139.7,2446895.37,76888066.7,2024-11-27T18:54:49.000Z,1,bnb-chain-ecosystem,HISTORICAL_APPROXIMATION,CMC snapshot tags vary by snapshot date (drift test: tags(2024)!=tags(2026)); taxonomy drift unverified,,,,,,NONE
2026-01-01,281,LION,Loaded Lions,35954,loaded-lions,0.00680495,209900290.1,853947.07,3.084522069e+10,2025-03-06T06:47:37.000Z,6,collectibles-nfts;gaming;memes;solana-ecosystem;arbitrum-ecosystem;cronos-ecosystem,HISTORICAL_APPROXIMATION,CMC snapshot tags vary by snapshot date (drift test: tags(2024)!=tags(2026)); taxonomy drift unverified,,,,,,NONE
2026-01-01,282,WAVAX,Wrapped AVAX,9462,wavax,13.55114404,209614634.3,63385751.54,15468408.69,2021-04-27T00:00:00.000Z,8,defi;avalanche-ecosystem;terra-ecosystem;cronos-ecosystem;osmosis-ecosystem;linea-ecosystem,HISTORICAL_APPROXIMATION,CMC snapshot tags vary by snapshot date (drift test: tags(2024)!=tags(2026)); taxonomy drift unverified,,,,,,NONE
2026-01-01,283,ULTIMA,Ultima,28293,ultima,5585.08709,208932523,16813041.42,37409,2023-10-26T20:59:30.000Z,2,web3;bnb-chain-ecosystem,HISTORICAL_APPROXIMATION,CMC snapshot tags vary by snapshot date (drift test: tags(2024)!=tags(2026)); taxonomy drift unverified,,,,,,NONE
2026-01-01,284,UDS,Undeads Games,29933,undeads-games,2.71621597,207842490.4,1471079.46,76519132.7,2024-05-01T13:47:04.000Z,2,gaming;ethereum-ecosystem,HISTORICAL_APPROXIMATION,CMC snapshot tags vary by snapshot date (drift test: tags(2024)!=tags(2026)); taxonomy drift unverified,,,,,,NONE
2026-01-01,285,AUSD,AUSD,32864,agora-finance,0.99975209,203352510.8,28790967.01,203402936.1,2024-08-28T06:01:57.000Z,5,stablecoin;usd-stablecoin;fraxtal-ecosystem;immutable-zkevm-ecosystem;monad-ecosystem,HISTORICAL_APPROXIMATION,CMC snapshot tags vary by snapshot date (drift test: tags(2024)!=tags(2026)); taxonomy drift unverified,,,,,,NONE
2026-01-01,286,QRL,Quantum Resistant Ledger,1712,quantum-resistant-ledger,2.98158526,202560464.8,67697.72,67937170,2017-06-10T00:00:00.000Z,6,mineable;pow;platform;distributed-computing;quantum-resistant;depin,HISTORICAL_APPROXIMATION,CMC snapshot tags vary by snapshot date (drift test: tags(2024)!=tags(2026)); taxonomy drift unverified,,,,,,NONE
2026-01-01,287,GOMINING,GoМining,10180,gomining-token,0.45297545,183972018.9,7818716.39,406141259.4,2021-06-01T00:00:00.000Z,6,collectibles-nfts;gaming;ethereum-ecosystem;solana-ecosystem;bnb-chain-ecosystem;toncoin-ecosystem,HISTORICAL_APPROXIMATION,CMC snapshot tags vary by snapshot date (drift test: tags(2024)!=tags(2026)); taxonomy drift unverified,,,,,,NONE
2026-01-01,288,STRX,Staked TRX,24875,staked-trx,0.36268464,176324067.5,1154719.77,486163595.8,2023-05-02T11:47:37.000Z,3,defi;rehypothecated-crypto;tron20-ecosystem,HISTORICAL_APPROXIMATION,CMC snapshot tags vary by snapshot date (drift test: tags(2024)!=tags(2026)); taxonomy drift unverified,,,,,,NONE
2026-01-01,289,xSolvBTC,xSolvBTC,33310,xsolvbtc,87596.07663,176243352,0,2012.000523,2024-10-04T10:40:57.000Z,8,defi;ethereum-ecosystem;avalanche-ecosystem;bnb-chain-ecosystem;bitcoin-ecosystem;rehypothecated-crypto,HISTORICAL_APPROXIMATION,CMC snapshot tags vary by snapshot date (drift test: tags(2024)!=tags(2026)); taxonomy drift unverified,,,,,,NONE
2026-01-01,290,WFTM,Wrapped Fantom,10240,wrapped-fantom,0.08067421,176089586.5,14.56,2182724519,2021-06-10T00:00:00.000Z,8,defi;ethereum-ecosystem;fantom-ecosystem;celo-ecosystem;cronos-ecosystem;bnb-chain-ecosystem,HISTORICAL_APPROXIMATION,CMC snapshot tags vary by snapshot date (drift test: tags(2024)!=tags(2026)); taxonomy drift unverified,,,,,,NONE
2026-01-01,291,ALE,Ailey,30605,project-ailey,0.40188002,172013019.3,220805.04,428020833.3,2024-04-12T08:37:23.000Z,1,bnb-chain-ecosystem,HISTORICAL_APPROXIMATION,CMC snapshot tags vary by snapshot date (drift test: tags(2024)!=tags(2026)); taxonomy drift unverified,,,,,,NONE
2026-01-01,292,USDF,Aster USDF,35437,usdf,0.9976906,170820682,240788.24,171216088.4,2025-01-24T04:03:42.000Z,2,defi;bnb-chain-ecosystem,HISTORICAL_APPROXIMATION,CMC snapshot tags vary by snapshot date (drift test: tags(2024)!=tags(2026)); taxonomy drift unverified,,,,,,NONE
2026-01-01,293,KOGE,48 Club Token,7184,bnb48-club-token,47.93744487,162423013.6,114452013.2,3388228.43,2020-09-25T00:00:00.000Z,4,binance-chain;bnb-chain-ecosystem;binance-alpha;binance-ecosystem,HISTORICAL_APPROXIMATION,CMC snapshot tags vary by snapshot date (drift test: tags(2024)!=tags(2026)); taxonomy drift unverified,,,,,,NONE
2026-01-01,294,JSOL,JPool Staked SOL (JSOL),14926,jpool,167.1339259,156525101.8,32825.41,936525.0111,2021-11-22T03:17:07.000Z,4,defi;solana-ecosystem;ftx-bankruptcy-estate;rehypothecated-crypto,HISTORICAL_APPROXIMATION,CMC snapshot tags vary by snapshot date (drift test: tags(2024)!=tags(2026)); taxonomy drift unverified,,,,,,NONE
2026-01-01,295,TIBBIR,Ribbita by Virtuals,36743,ribbita-by-virtuals,0.15556599,155565988.2,7091303.8,1000000000,2025-06-06T02:27:45.000Z,4,memes;base-ecosystem;ai-memes;virtuals-protocol-ecosystem,HISTORICAL_APPROXIMATION,CMC snapshot tags vary by snapshot date (drift test: tags(2024)!=tags(2026)); taxonomy drift unverified,,,,,,NONE
2026-01-01,296,DUSD,StandX DUSD,36762,standx-dusd,0.99810225,154129286.5,6037665.95,154422340.8,2025-06-08T02:53:21.000Z,3,defi;derivatives;stablecoin,HISTORICAL_APPROXIMATION,CMC snapshot tags vary by snapshot date (drift test: tags(2024)!=tags(2026)); taxonomy drift unverified,,,,,,NONE
2026-01-01,297,SOSO,SoSoValue,35818,sosovalue,0.55619045,152822545.3,6648970.64,274766576,2025-02-19T07:26:46.000Z,6,asset-management;ai-big-data;defi;dapp;ethereum-ecosystem;base-ecosystem,HISTORICAL_APPROXIMATION,CMC snapshot tags vary by snapshot date (drift test: tags(2024)!=tags(2026)); taxonomy drift unverified,,,,,,NONE
2026-01-01,298,GUSD,GUSD,38330,gusd,0.99854629,149222758,274991.34,149440000,2025-10-27T03:48:11.000Z,1,stablecoin,HISTORICAL_APPROXIMATION,CMC snapshot tags vary by snapshot date (drift test: tags(2024)!=tags(2026)); taxonomy drift unverified,,,,,,NONE
2026-01-01,299,EURS,STASIS EURO,2989,stasis-euro,1.17130777,145389678.4,10543.34,124125940,2018-07-30T00:00:00.000Z,5,marketplace;stablecoin;asset-backed-stablecoin;eur-stablecoin;fiat-stablecoin,HISTORICAL_APPROXIMATION,CMC snapshot tags vary by snapshot date (drift test: tags(2024)!=tags(2026)); taxonomy drift unverified,,,,,,NONE
2026-01-01,300,ZANO,Zano,4691,zano,9.1931179,137927115,1272968.79,15003301,2020-01-17T00:00:00.000Z,8,mineable;hybrid-pow-pos;medium-of-exchange;atomic-swaps;privacy;layer-1,HISTORICAL_APPROXIMATION,CMC snapshot tags vary by snapshot date (drift test: tags(2024)!=tags(2026)); taxonomy drift unverified,,,,,,NONE
2026-01-01,301,BSOL,BlazeStake Staked SOL,28862,blazestake-staked-sol,160.5676533,137760384.1,160478.72,857958.507,2023-12-28T08:32:33.000Z,4,defi;solana-ecosystem;liquid-staking-derivatives;rehypothecated-crypto,HISTORICAL_APPROXIMATION,CMC snapshot tags vary by snapshot date (drift test: tags(2024)!=tags(2026)); taxonomy drift unverified,,,,,,NONE
2026-01-01,302,SLT,SLT,36511,slt-game,14.38531565,122275183,115500.11,8500000,2025-05-15T07:27:26.000Z,1,bnb-chain-ecosystem,HISTORICAL_APPROXIMATION,CMC snapshot tags vary by snapshot date (drift test: tags(2024)!=tags(2026)); taxonomy drift unverified,,,,,,NONE
2026-01-01,303,RLB,Rollbit Coin,15271,rollbit-coin,0.06769239,121533419.3,171905.04,1795377920,2021-11-29T06:53:35.000Z,2,gambling;ethereum-ecosystem,HISTORICAL_APPROXIMATION,CMC snapshot tags vary by snapshot date (drift test: tags(2024)!=tags(2026)); taxonomy drift unverified,RLB,2023-08-02T04:00:00Z,True,,,SYMBOL_MATCH
2026-01-01,304,FRXUSD,Frax USD,36039,frax-usd,0.99974714,119082358.4,1255474.36,119112477.2,2025-03-16T04:43:36.000Z,5,stablecoin;usd-stablecoin;fiat-stablecoin;sonic-ecosystem;fraxtal-ecosystem,HISTORICAL_APPROXIMATION,CMC snapshot tags vary by snapshot date (drift test: tags(2024)!=tags(2026)); taxonomy drift unverified,,,,,,NONE
2026-01-01,305,币安人生,币安人生,38590,bianrensheng,0.118854,118854002.6,5059230.35,1000000000,2025-10-07T03:15:16.000Z,7,memes;bnb-chain-ecosystem;binance-alpha;four-meme-ecosystem;binance-ecosystem;binance-listing,HISTORICAL_APPROXIMATION,CMC snapshot tags vary by snapshot date (drift test: tags(2024)!=tags(2026)); taxonomy drift unverified,,,,,,NONE
2026-01-01,306,CCD,Concordium,18031,concordium,0.01005176,118575650.6,388175.92,1.179650088e+10,2022-02-10T07:51:08.000Z,8,platform;defi;privacy;zero-knowledge-proofs;identity;smart-contracts,HISTORICAL_APPROXIMATION,CMC snapshot tags vary by snapshot date (drift test: tags(2024)!=tags(2026)); taxonomy drift unverified,,,,,,NONE
2026-01-01,307,CKB,Nervos Network,4948,nervos-network,0.00246103,118008864,4377789.68,4.795091812e+10,2019-11-19T00:00:00.000Z,26,mineable;pow;platform;collectibles-nfts;interoperability;quantum-resistant,HISTORICAL_APPROXIMATION,CMC snapshot tags vary by snapshot date (drift test: tags(2024)!=tags(2026)); taxonomy drift unverified,,,,,,NONE
2026-01-01,308,ZRX,0x Protocol,1896,0x,0.13785707,116957461.8,47575110.12,848396562.9,2017-08-16T00:00:00.000Z,20,platform;decentralized-exchange-dex-token;defi;scaling;dao;ethereum-ecosystem,HISTORICAL_APPROXIMATION,CMC snapshot tags vary by snapshot date (drift test: tags(2024)!=tags(2026)); taxonomy drift unverified,,,,ZRX-USDT-SWAP,2020-08-21T10:12:51Z,SYMBOL_MATCH
2026-01-01,309,BabyDoge,Baby Doge Coin,10407,baby-doge-coin,0,116540987.8,8015388.54,1.743249608e+17,2021-06-11T00:00:00.000Z,34,marketing;art;marketplace;media;philanthropy;real-estate,HISTORICAL_APPROXIMATION,CMC snapshot tags vary by snapshot date (drift test: tags(2024)!=tags(2026)); taxonomy drift unverified,,,,,,NONE
2026-01-01,310,CORE,Core,23254,core-dao,0.11404591,116486727,6367062.4,1021402057,2023-02-08T12:26:11.000Z,1,layer-1,HISTORICAL_APPROXIMATION,CMC snapshot tags vary by snapshot date (drift test: tags(2024)!=tags(2026)); taxonomy drift unverified,,,,CORE-USDT-SWAP,2023-02-08T13:55:14Z,SYMBOL_MATCH
2026-01-01,311,BMX,BitMart Token,2933,bitmart-token,0.359183,116476442.2,6018452.62,324281616,2018-07-13T00:00:00.000Z,3,marketplace;centralized-exchange;ethereum-ecosystem,HISTORICAL_APPROXIMATION,CMC snapshot tags vary by snapshot date (drift test: tags(2024)!=tags(2026)); taxonomy drift unverified,,,,,,NONE
2026-01-01,312,YFI,yearn.finance,5864,yearn-finance,3318.512238,116459703.2,7642901.91,35093.95019,2020-07-18T00:00:00.000Z,23,defi;dao;ethereum-ecosystem;yield-farming;yield-aggregator;yearn-partnerships,HISTORICAL_APPROXIMATION,CMC snapshot tags vary by snapshot date (drift test: tags(2024)!=tags(2026)); taxonomy drift unverified,,,,YFI-USDT-SWAP,2020-09-02T10:12:51Z,SYMBOL_MATCH
2026-01-01,313,FLZ,Fellaz,20787,fellaz,0.24529147,115746896.8,4590541.97,471874940,2022-06-27T17:12:31.000Z,1,ethereum-ecosystem,HISTORICAL_APPROXIMATION,CMC snapshot tags vary by snapshot date (drift test: tags(2024)!=tags(2026)); taxonomy drift unverified,,,,,,NONE
2026-01-01,314,CDCETH,Crypto.com Staked ETH,30923,crypto-com-staked-eth,3161.865119,115155127.6,4521.55,36420,2024-04-25T08:41:16.000Z,4,defi;ethereum-ecosystem;cronos-ecosystem;rehypothecated-crypto,HISTORICAL_APPROXIMATION,CMC snapshot tags vary by snapshot date (drift test: tags(2024)!=tags(2026)); taxonomy drift unverified,,,,,,NONE
2026-01-01,315,ALCH,Alchemist AI,34880,alchemist-ai,0.13271223,112805391.7,21302406.2,850000000,2024-12-26T08:47:25.000Z,7,solana-ecosystem;desci;pump-fun-ecosystem;binance-alpha;binance-ecosystem;binance-listing,HISTORICAL_APPROXIMATION,CMC snapshot tags vary by snapshot date (drift test: tags(2024)!=tags(2026)); taxonomy drift unverified,,,,,,NONE
2026-01-01,316,MELANIA,Official Melania Meme,35347,melania-meme,0.11762561,112332047.2,3270336.29,954996505.4,2025-01-19T23:21:51.000Z,6,memes;solana-ecosystem;celebrity-memes;made-in-america;binance-ecosystem;binance-listing,HISTORICAL_APPROXIMATION,CMC snapshot tags vary by snapshot date (drift test: tags(2024)!=tags(2026)); taxonomy drift unverified,MELANIA,2025-01-20T01:00:00Z,False,,,SYMBOL_MATCH
2026-01-01,317,AIOZ,AIOZ Network,9104,aioz-network,0.09100546,111689886.7,4826985.29,1227287737,2021-04-02T00:00:00.000Z,12,media;platform;ai-big-data;distributed-computing;smart-contracts;video,HISTORICAL_APPROXIMATION,CMC snapshot tags vary by snapshot date (drift test: tags(2024)!=tags(2026)); taxonomy drift unverified,,,,,,NONE
2026-01-01,318,SOON,SOON,36542,soon,0.36661518,108426328.7,11347260.35,295749698.1,2025-05-23T02:53:18.000Z,6,layer-2;cross-chain;binance-alpha;binance-alpha-airdrops;binance-ecosystem;binance-listing,HISTORICAL_APPROXIMATION,CMC snapshot tags vary by snapshot date (drift test: tags(2024)!=tags(2026)); taxonomy drift unverified,,,,SOON-USDT-SWAP,2025-05-23T11:30:00Z,SYMBOL_MATCH
2026-01-01,319,DGB,DigiByte,109,digibyte,0.00596694,107877554.3,1634819.6,1.80792118e+10,2014-02-06T00:00:00.000Z,11,mineable;pow;multiple-algorithms;medium-of-exchange;collectibles-nfts;iot,HISTORICAL_APPROXIMATION,CMC snapshot tags vary by snapshot date (drift test: tags(2024)!=tags(2026)); taxonomy drift unverified,,,,,,NONE
2026-01-01,320,AWE,AWE,4006,awe-network,0.05541611,107641379.4,5830780.85,1942420283,2019-06-12T00:00:00.000Z,5,defi;payments;base-ecosystem;binance-ecosystem;binance-listing,HISTORICAL_APPROXIMATION,CMC snapshot tags vary by snapshot date (drift test: tags(2024)!=tags(2026)); taxonomy drift unverified,,,,,,NONE
2026-01-01,321,YZY,YZY MONEY,38151,yzy,0.35504348,106512916.1,1181218.22,299999642,2025-08-21T02:17:55.000Z,5,memes;solana-ecosystem;celebrity-memes;binance-alpha;binance-ecosystem,HISTORICAL_APPROXIMATION,CMC snapshot tags vary by snapshot date (drift test: tags(2024)!=tags(2026)); taxonomy drift unverified,YZY,2025-08-21T04:00:00Z,True,,,SYMBOL_MATCH
2026-01-01,322,AKT,Akash Network,7431,akash-network,0.37145498,105964883.3,1830856.01,285269789.5,2020-10-16T00:00:00.000Z,11,cosmos-ecosystem;ai-big-data;distributed-computing;web3;injective-ecosystem;osmosis-ecosystem,HISTORICAL_APPROXIMATION,CMC snapshot tags vary by snapshot date (drift test: tags(2024)!=tags(2026)); taxonomy drift unverified,,,,,,NONE
2026-01-01,323,EDU,Open Campus,24613,open-campus,0.16206584,104445798.1,8523581.49,644465242,2023-04-21T08:06:26.000Z,8,education;ethereum-ecosystem;binance-launchpad;polygon-ecosystem;animoca-brands-portfolio;bnb-chain-ecosystem,HISTORICAL_APPROXIMATION,CMC snapshot tags vary by snapshot date (drift test: tags(2024)!=tags(2026)); taxonomy drift unverified,,,,,,NONE
2026-01-01,324,VCNT,ViciCoin,28656,vicicoin,17.11069283,104188921.2,124087.97,6089111.776,2023-12-11T04:50:06.000Z,8,ethereum-ecosystem;avalanche-ecosystem;polygon-ecosystem;arbitrum-ecosystem;bnb-chain-ecosystem;optimism-ecosystem,HISTORICAL_APPROXIMATION,CMC snapshot tags vary by snapshot date (drift test: tags(2024)!=tags(2026)); taxonomy drift unverified,,,,,,NONE
2026-01-01,325,LINEA,Linea,27657,linea,0.00670022,103733742.4,16190557.63,1.548214785e+10,2023-07-21T11:04:15.000Z,7,zero-knowledge-proofs;layer-2;linea-ecosystem;binance-hodler-airdrops;binance-alpha-airdrops;binance-ecosystem,HISTORICAL_APPROXIMATION,CMC snapshot tags vary by snapshot date (drift test: tags(2024)!=tags(2026)); taxonomy drift unverified,LINEA,2025-09-01T10:00:00Z,False,LINEA-USDT-SWAP,2025-09-01T14:00:00Z,SYMBOL_MATCH
2026-01-01,326,EDGESOL,Edgevana Staked SOL,30030,edgevana-staked-sol,157.6925752,103283688.6,2.6,654968.6213,2024-03-20T17:56:00.000Z,5,defi;staking;solana-ecosystem;liquid-staking-derivatives;rehypothecated-crypto,HISTORICAL_APPROXIMATION,CMC snapshot tags vary by snapshot date (drift test: tags(2024)!=tags(2026)); taxonomy drift unverified,,,,,,NONE
2026-01-01,327,REAL,RealLink,14721,reallink,0.0747582,102720891.1,6566265.84,1374041752,2021-11-17T15:51:26.000Z,2,bnb-chain-ecosystem;tron20-ecosystem,HISTORICAL_APPROXIMATION,CMC snapshot tags vary by snapshot date (drift test: tags(2024)!=tags(2026)); taxonomy drift unverified,,,,,,NONE
2026-01-01,328,MNEE,MNEE,32878,mnee,0.99866906,101655873.3,91529.52,101791351.6,2024-08-29T07:10:06.000Z,1,stablecoin,HISTORICAL_APPROXIMATION,CMC snapshot tags vary by snapshot date (drift test: tags(2024)!=tags(2026)); taxonomy drift unverified,,,,,,NONE
2026-01-01,329,BREV,Brevis,39159,brevis,0.40445576,101113939.7,0,250000000,2025-12-22T03:57:37.000Z,11,distributed-computing;zero-knowledge-proofs;ethereum-ecosystem;polychain-capital-portfolio;binance-labs-portfolio;hashkey-capital-portfolio,HISTORICAL_APPROXIMATION,CMC snapshot tags vary by snapshot date (drift test: tags(2024)!=tags(2026)); taxonomy drift unverified,,,,BREV-USDT-SWAP,2025-12-30T13:00:00Z,SYMBOL_MATCH
2026-01-01,330,RON,Ronin,14101,ronin,0.13839263,100895707.4,4776594.16,729054075.4,2021-11-08T17:57:40.000Z,7,platform;gaming;staking;layer-1;ronin-ecosystem;binance-ecosystem,HISTORICAL_APPROXIMATION,CMC snapshot tags vary by snapshot date (drift test: tags(2024)!=tags(2026)); taxonomy drift unverified,,,,,,NONE
2026-01-01,331,WPLS,Wrapped Pulse,24735,wrapped-pulse,1.314e-05,100597233.4,1337343.5,7.655126109e+12,2023-04-26T08:56:37.000Z,3,defi;pulsechain-ecosystem;rehypothecated-crypto,HISTORICAL_APPROXIMATION,CMC snapshot tags vary by snapshot date (drift test: tags(2024)!=tags(2026)); taxonomy drift unverified,,,,,,NONE
2026-01-01,332,MINA,Mina,8646,mina,0.07919677,100453328.6,8362782.39,1268401887,2021-03-02T00:00:00.000Z,11,pos;defi;privacy;zero-knowledge-proofs;staking;coinbase-ventures-portfolio,HISTORICAL_APPROXIMATION,CMC snapshot tags vary by snapshot date (drift test: tags(2024)!=tags(2026)); taxonomy drift unverified,MINA,2023-10-24T15:00:00Z,False,MINA-USDT-SWAP,2021-06-09T09:00:00Z,SYMBOL_MATCH
2026-01-01,333,KTA,Keeta,36066,keeta,0.21586863,100428104.4,4540113.89,465227867.5,2025-03-19T07:00:47.000Z,1,layer-1,HISTORICAL_APPROXIMATION,CMC snapshot tags vary by snapshot date (drift test: tags(2024)!=tags(2026)); taxonomy drift unverified,,,,,,NONE
2026-01-01,334,SAFE,Safe,21585,safe1,0.14491868,99600030.09,4419292.94,687282227,2024-04-22T21:43:00.000Z,8,defi;staking;wallet;ethereum-ecosystem;account-abstraction;binance-alpha,HISTORICAL_APPROXIMATION,CMC snapshot tags vary by snapshot date (drift test: tags(2024)!=tags(2026)); taxonomy drift unverified,,,,,,NONE
2026-01-01,335,DOG,Dog (Bitcoin),30933,dog-go-to-the-moon-rune,0.00099353,99353191.36,2037819.46,1e+11,2024-04-26T04:38:28.000Z,7,memes;solana-ecosystem;doggone-doggerel;bitcoin-ecosystem;runes;animal-memes,HISTORICAL_APPROXIMATION,CMC snapshot tags vary by snapshot date (drift test: tags(2024)!=tags(2026)); taxonomy drift unverified,,,,,,NONE
2026-01-01,336,DHN,Dohrnii,20279,dohrnii,5.7912161,98885258.09,194851.87,17075042,2022-05-25T04:32:53.000Z,2,education;ethereum-ecosystem,HISTORICAL_APPROXIMATION,CMC snapshot tags vary by snapshot date (drift test: tags(2024)!=tags(2026)); taxonomy drift unverified,,,,,,NONE
2026-01-01,337,ZIL,Zilliqa,2469,zilliqa,0.00503279,98817664.27,9834903.54,1.963477126e+10,2018-01-25T00:00:00.000Z,14,mineable;platform;defi;gaming;payments;smart-contracts,HISTORICAL_APPROXIMATION,CMC snapshot tags vary by snapshot date (drift test: tags(2024)!=tags(2026)); taxonomy drift unverified,,,,ZIL-USDT-SWAP,2020-09-09T10:12:51Z,SYMBOL_MATCH
2026-01-01,338,SHFL,Shuffle,29960,shuffle,0.27171284,98653534.74,219352.85,363080138.7,2024-03-19T11:06:35.000Z,2,gambling;ethereum-ecosystem,HISTORICAL_APPROXIMATION,CMC snapshot tags vary by snapshot date (drift test: tags(2024)!=tags(2026)); taxonomy drift unverified,,,,,,NONE
2026-01-01,339,MOVE,Movement,32452,movement,0.03499409,97983455.02,12108329.25,2800000000,2024-07-29T03:27:27.000Z,10,ethereum-ecosystem;layer-2;binance-labs-portfolio;move-vm;made-in-america;binance-hodler-airdrops,HISTORICAL_APPROXIMATION,CMC snapshot tags vary by snapshot date (drift test: tags(2024)!=tags(2026)); taxonomy drift unverified,MOVE,2024-12-11T05:00:00Z,False,MOVE-USDT-SWAP,2024-12-09T13:00:02Z,SYMBOL_MATCH
2026-01-01,340,EBTC,ether.fi Staked BTC,33696,etherfi-ebtc,87077.49698,97773595.46,0,1122.834244,2024-10-29T12:30:45.000Z,3,defi;ethereum-ecosystem;rehypothecated-crypto,HISTORICAL_APPROXIMATION,CMC snapshot tags vary by snapshot date (drift test: tags(2024)!=tags(2026)); taxonomy drift unverified,,,,,,NONE
2026-01-01,341,BURN,Burnedfi,30460,burnedfi-app,7.8877185,97689344.65,661652.94,12384993.8,2024-04-08T08:16:21.000Z,1,bnb-chain-ecosystem,HISTORICAL_APPROXIMATION,CMC snapshot tags vary by snapshot date (drift test: tags(2024)!=tags(2026)); taxonomy drift unverified,,,,,,NONE
2026-01-01,342,T,Threshold,17751,threshold,0.00870211,97072050.98,4262896.4,1.1155e+10,2022-01-31T08:26:28.000Z,4,ethereum-ecosystem;bitcoin-ecosystem;binance-ecosystem;binance-listing,HISTORICAL_APPROXIMATION,CMC snapshot tags vary by snapshot date (drift test: tags(2024)!=tags(2026)); taxonomy drift unverified,,,,,,NONE
2026-01-01,343,PUFETH,pufETH,29325,pufeth,3179.985544,96904902.57,15177.8,30473.37833,2024-02-07T10:03:36.000Z,10,defi;ethereum-ecosystem;binance-labs-portfolio;animoca-brands-portfolio;bnb-chain-ecosystem;liquid-staking-derivatives,HISTORICAL_APPROXIMATION,CMC snapshot tags vary by snapshot date (drift test: tags(2024)!=tags(2026)); taxonomy drift unverified,,,,,,NONE
2026-01-01,344,XNO,Nano,1567,nano,0.72629847,96778034.02,1395808.52,133248297,2017-03-06T00:00:00.000Z,9,dag;blake2b;medium-of-exchange;store-of-value;payments;layer-1,HISTORICAL_APPROXIMATION,CMC snapshot tags vary by snapshot date (drift test: tags(2024)!=tags(2026)); taxonomy drift unverified,,,,,,NONE
2026-01-01,345,MOG,Mog Coin,27659,mog-coin,2.5e-07,96574424.02,4926300.51,3.905675264e+14,2023-07-21T19:17:41.000Z,10,memes;ethereum-ecosystem;solana-ecosystem;bnb-chain-ecosystem;base-ecosystem;cat-themed,HISTORICAL_APPROXIMATION,CMC snapshot tags vary by snapshot date (drift test: tags(2024)!=tags(2026)); taxonomy drift unverified,,,,,,NONE
2026-01-01,346,XVG,Verge,693,verge,0.00575625,95104474.67,7840003.08,1.652195124e+10,2014-10-25T00:00:00.000Z,9,mineable;multiple-algorithms;medium-of-exchange;privacy;2017-2018-alt-season;made-in-america,HISTORICAL_APPROXIMATION,CMC snapshot tags vary by snapshot date (drift test: tags(2024)!=tags(2026)); taxonomy drift unverified,,,,,,NONE
2026-01-01,347,ORDI,ORDI,25028,ordi,4.50920826,94693373.36,20625657.52,21000000,2023-05-08T05:51:24.000Z,7,bitcoin-ecosystem;brc-20;inscriptions;ordinals-brc20-ecosystem;cmc-crypto-yearbook-2024-2025;binance-ecosystem,HISTORICAL_APPROXIMATION,CMC snapshot tags vary by snapshot date (drift test: tags(2024)!=tags(2026)); taxonomy drift unverified,ORDI,2023-11-07T17:00:00Z,False,ORDI-USDT-SWAP,2023-05-21T09:55:00Z,SYMBOL_MATCH
2026-01-01,348,ALEO,Aleo,32193,aleo,0.12181672,94494481.96,3484424.94,775710272.4,2024-07-15T10:02:24.000Z,9,privacy;zero-knowledge-proofs;smart-contracts;layer-1;binance-alpha;made-in-america,HISTORICAL_APPROXIMATION,CMC snapshot tags vary by snapshot date (drift test: tags(2024)!=tags(2026)); taxonomy drift unverified,,,,,,NONE
2026-01-01,349,RAVE,RaveDAO,38967,ravedao,0.40222964,92633486.05,74116901.59,230300000,2025-11-18T10:05:02.000Z,10,entertainment;music;dao;ethereum-ecosystem;bnb-chain-ecosystem;base-ecosystem,HISTORICAL_APPROXIMATION,CMC snapshot tags vary by snapshot date (drift test: tags(2024)!=tags(2026)); taxonomy drift unverified,,,,RAVE-USDT-SWAP,2025-12-15T08:00:00Z,SYMBOL_MATCH
2026-01-01,350,ESPORTS,Yooldo,37414,yooldo,0.39743009,91943610.37,263257128.8,231345365,2025-07-18T07:57:28.000Z,10,gaming;mobile;dapp;web3;bnb-chain-ecosystem;linea-ecosystem,HISTORICAL_APPROXIMATION,CMC snapshot tags vary by snapshot date (drift test: tags(2024)!=tags(2026)); taxonomy drift unverified,,,,,,NONE
2026-01-01,351,BERA,Berachain,24647,berachain,0.66145276,91626029.67,17428942.44,138522408.4,2025-02-06T13:00:00.000Z,5,layer-1;cmc-crypto-yearbook-2024-2025;binance-hodler-airdrops;binance-ecosystem;binance-listing,HISTORICAL_APPROXIMATION,CMC snapshot tags vary by snapshot date (drift test: tags(2024)!=tags(2026)); taxonomy drift unverified,BERA,2025-02-06T14:00:00Z,False,BERA-USDT-SWAP,2025-02-06T14:00:01Z,SYMBOL_MATCH
2026-01-01,352,AVNT,Avantis,38299,avantis,0.34796021,89845379.74,59041315.52,258205903.1,2025-09-05T11:18:11.000Z,12,decentralized-exchange-dex-token;defi;derivatives;dex;galaxy-digital-portfolio;pantera-capital-portfolio,HISTORICAL_APPROXIMATION,CMC snapshot tags vary by snapshot date (drift test: tags(2024)!=tags(2026)); taxonomy drift unverified,AVNT,2025-09-21T08:00:00Z,False,AVNT-USDT-SWAP,2025-09-22T15:30:00Z,SYMBOL_MATCH
2026-01-01,353,PIEVERSE,Pieverse,38849,pieverse,0.50913233,89098158.29,21486685.09,175000000,2025-10-31T01:31:02.000Z,8,payments;timestamping;ethereum-ecosystem;bnb-chain-ecosystem;binance-alpha;binance-wallet-ido,HISTORICAL_APPROXIMATION,CMC snapshot tags vary by snapshot date (drift test: tags(2024)!=tags(2026)); taxonomy drift unverified,,,,PIEVERSE-USDT-SWAP,2025-11-16T03:30:01Z,SYMBOL_MATCH
2026-01-01,354,QUBIC,Qubic,29169,qubic,6.7e-07,88295271.16,1669742.12,1.320249599e+14,2024-01-25T10:29:06.000Z,3,ai-big-data;generative-ai;layer-1,HISTORICAL_APPROXIMATION,CMC snapshot tags vary by snapshot date (drift test: tags(2024)!=tags(2026)); taxonomy drift unverified,,,,,,NONE
2026-01-01,355,UCN,Uchain,38187,uchain,1763.237561,88161878.04,13773085.92,50000,2025-08-25T12:08:18.000Z,1,platform,HISTORICAL_APPROXIMATION,CMC snapshot tags vary by snapshot date (drift test: tags(2024)!=tags(2026)); taxonomy drift unverified,,,,,,NONE
2026-01-01,356,HOT,Holo,2682,holo,0.00050219,88039830.9,5505075.56,1.753105402e+11,2018-04-29T00:00:00.000Z,9,platform;distributed-computing;filesharing;ethereum-ecosystem;storage;depin,HISTORICAL_APPROXIMATION,CMC snapshot tags vary by snapshot date (drift test: tags(2024)!=tags(2026)); taxonomy drift unverified,,,,,,NONE
2026-01-01,357,KEEP,Keep Network,5566,keep-network,0.09065456,87734311.17,10214.03,967787054.3,2020-05-13T00:00:00.000Z,13,defi;privacy;ethereum-ecosystem;coinbase-ventures-portfolio;polychain-capital-portfolio;solana-ecosystem,HISTORICAL_APPROXIMATION,CMC snapshot tags vary by snapshot date (drift test: tags(2024)!=tags(2026)); taxonomy drift unverified,,,,,,NONE
2026-01-01,358,BIO,Bio Protocol,34812,bio,0.04588811,87730714.17,17885910.98,1911839603,2024-12-23T08:13:52.000Z,9,dao;ethereum-ecosystem;binance-labs-portfolio;solana-ecosystem;bnb-chain-ecosystem;desci,HISTORICAL_APPROXIMATION,CMC snapshot tags vary by snapshot date (drift test: tags(2024)!=tags(2026)); taxonomy drift unverified,BIO,2025-01-03T14:00:00Z,False,BIO-USDT-SWAP,2025-01-03T10:45:00Z,SYMBOL_MATCH
2026-01-01,359,DRIFT,Drift,31278,drift,0.1586424,87718098.16,6545437.25,552929705,2024-05-16T07:44:32.000Z,11,decentralized-exchange-dex-token;defi;derivatives;polychain-capital-portfolio;governance;solana-ecosystem,HISTORICAL_APPROXIMATION,CMC snapshot tags vary by snapshot date (drift test: tags(2024)!=tags(2026)); taxonomy drift unverified,,,,,,NONE
2026-01-01,360,ID,SPACE ID,21846,space-id,0.06816655,87499913.89,8772657.94,1283619462,2022-09-16T05:55:56.000Z,7,ethereum-ecosystem;binance-launchpad;mvb;bnb-chain-ecosystem;dwf-labs-portfolio;binance-ecosystem,HISTORICAL_APPROXIMATION,CMC snapshot tags vary by snapshot date (drift test: tags(2024)!=tags(2026)); taxonomy drift unverified,,,,,,NONE
2026-01-01,361,SUSHI,SushiSwap,6758,sushiswap,0.30468139,87392725.43,13472753.07,286833156.3,2020-08-28T00:00:00.000Z,26,collectibles-nfts;decentralized-exchange-dex-token;defi;gaming;dao;ethereum-ecosystem,HISTORICAL_APPROXIMATION,CMC snapshot tags vary by snapshot date (drift test: tags(2024)!=tags(2026)); taxonomy drift unverified,SUSHI,2023-11-17T16:00:00Z,False,SUSHI-USDT-SWAP,2020-09-02T10:12:51Z,SYMBOL_MATCH
2026-01-01,362,NXPC,NEXPACE,36044,maplestory-universe,0.37450534,87100491.07,6512415.72,232574763.6,2025-03-17T06:30:59.000Z,8,defi;gaming;avalanche-ecosystem;bnb-chain-ecosystem;binance-hodler-airdrops;binance-alpha-airdrops,HISTORICAL_APPROXIMATION,CMC snapshot tags vary by snapshot date (drift test: tags(2024)!=tags(2026)); taxonomy drift unverified,NXPC,2025-05-15T09:00:00Z,False,,,SYMBOL_MATCH
2026-01-01,363,ICNT,Impossible Cloud Network,37070,impossible-cloud-network,0.52036867,87019256.15,8053208.52,167226162,2025-07-02T03:41:23.000Z,10,enterprise-solutions;distributed-computing;ethereum-ecosystem;storage;base-ecosystem;depin,HISTORICAL_APPROXIMATION,CMC snapshot tags vary by snapshot date (drift test: tags(2024)!=tags(2026)); taxonomy drift unverified,,,,,,NONE
2026-01-01,364,ZETA,ZetaChain,21259,zetachain,0.07134453,86897636.53,4716820.88,1218000000,2022-08-05T02:45:23.000Z,8,interoperability;smart-contracts;cross-chain;layer-1;binance-alpha;made-in-america,HISTORICAL_APPROXIMATION,CMC snapshot tags vary by snapshot date (drift test: tags(2024)!=tags(2026)); taxonomy drift unverified,ZETA,2024-02-02T01:00:00Z,False,ZETA-USDT-SWAP,2024-02-01T03:25:00Z,SYMBOL_MATCH
2026-01-01,365,UB,Unibase,38339,unibase,0.03467162,86679053.51,10811691.8,2500000000,2025-09-10T06:13:16.000Z,8,ai-big-data;ethereum-ecosystem;bnb-chain-ecosystem;ai-agents;binance-alpha;binance-alpha-airdrops,HISTORICAL_APPROXIMATION,CMC snapshot tags vary by snapshot date (drift test: tags(2024)!=tags(2026)); taxonomy drift unverified,,,,UB-USDT-SWAP,2026-04-28T13:30:00Z,SYMBOL_MATCH
2026-01-01,366,ME,Magic Eden,32197,magiceden,0.20683777,85931282.01,6656981.08,415452564,2024-07-15T10:03:01.000Z,9,marketplace;collectibles-nfts;wallet;dapp;solana-ecosystem;bitcoin-ecosystem,HISTORICAL_APPROXIMATION,CMC snapshot tags vary by snapshot date (drift test: tags(2024)!=tags(2026)); taxonomy drift unverified,ME,2024-12-10T15:00:00Z,False,ME-USDT-SWAP,2024-12-10T15:30:00Z,SYMBOL_MATCH
2026-01-01,367,HASUI,Haedal Staked SUI,29402,haedal-staked-sui,1.57441649,85659294.92,51099.43,54407010.77,2024-02-14T19:30:14.000Z,6,defi;yield-farming;sui-ecosystem;liquid-staking-derivatives;move-vm;rehypothecated-crypto,HISTORICAL_APPROXIMATION,CMC snapshot tags vary by snapshot date (drift test: tags(2024)!=tags(2026)); taxonomy drift unverified,,,,,,NONE
2026-01-01,368,HSK,HashKey Platform Token,33849,hashkey-platform-token,0.254364,85626557.13,2984872.2,336630009,2024-11-08T04:32:46.000Z,4,centralized-exchange;ethereum-ecosystem;governance;hashkey-chain-ecosystem,HISTORICAL_APPROXIMATION,CMC snapshot tags vary by snapshot date (drift test: tags(2024)!=tags(2026)); taxonomy drift unverified,,,,,,NONE
2026-01-01,369,KAVA,Kava,4846,kava,0.07838104,84874725.84,2710113.22,1082847661,2019-10-25T00:00:00.000Z,13,platform;binance-launchpad;binance-labs-portfolio;lending-borowing;arrington-xrp-capital-portfolio;framework-ventures-portfolio,HISTORICAL_APPROXIMATION,CMC snapshot tags vary by snapshot date (drift test: tags(2024)!=tags(2026)); taxonomy drift unverified,,,,,,NONE
2026-01-01,370,KUB,KUB Coin,16093,bitkub-coin,1.23038103,84865255.86,187028.95,68974776,2021-12-15T10:23:05.000Z,1,ethereum-ecosystem,HISTORICAL_APPROXIMATION,CMC snapshot tags vary by snapshot date (drift test: tags(2024)!=tags(2026)); taxonomy drift unverified,,,,,,NONE
2026-01-01,371,OM,MANTRA,6536,mantra,0.07346313,84463649.84,15099939.07,1149742074,2020-08-11T00:00:00.000Z,9,cosmos-ecosystem;dao;kenetic-capital-portfolio;exnetwork-capital-portfolio;polygon-ecosystem;real-world-assets-protocols,HISTORICAL_APPROXIMATION,CMC snapshot tags vary by snapshot date (drift test: tags(2024)!=tags(2026)); taxonomy drift unverified,OM,2025-02-16T16:00:00Z,True,,,SYMBOL_MATCH
2026-01-01,372,SQD,Subsquid,12894,subsquid,0.08624447,84076222.31,15003487.46,974859320.1,2021-10-19T18:52:29.000Z,8,analytics;arbitrum-ecosystem;bnb-chain-ecosystem;base-ecosystem;binance-alpha;binance-alpha-airdrops,HISTORICAL_APPROXIMATION,CMC snapshot tags vary by snapshot date (drift test: tags(2024)!=tags(2026)); taxonomy drift unverified,,,,,,NONE
2026-01-01,373,SC,Siacoin,1042,siacoin,0.00149973,84023419.12,5767371.66,5.602563652e+10,2015-08-26T00:00:00.000Z,16,mineable;pow;blake2b;platform;distributed-computing;filesharing,HISTORICAL_APPROXIMATION,CMC snapshot tags vary by snapshot date (drift test: tags(2024)!=tags(2026)); taxonomy drift unverified,,,,,,NONE
2026-01-01,374,ASTR,Astar,12885,astar,0.01016168,83948358.91,1737276.85,8261270714,2021-10-19T09:53:03.000Z,11,smart-contracts;dapp;polkadot;layer-2;rollups;okx-ventures-portfolio,HISTORICAL_APPROXIMATION,CMC snapshot tags vary by snapshot date (drift test: tags(2024)!=tags(2026)); taxonomy drift unverified,,,,,,NONE
2026-01-01,375,REQ,Request,2071,request,0.10493586,83601860.37,1230967.01,796694830.6,2017-10-20T00:00:00.000Z,8,medium-of-exchange;defi;payments;smart-contracts;ethereum-ecosystem;polygon-ecosystem,HISTORICAL_APPROXIMATION,CMC snapshot tags vary by snapshot date (drift test: tags(2024)!=tags(2026)); taxonomy drift unverified,REQ,2023-10-11T14:00:00Z,True,,,SYMBOL_MATCH
2026-01-01,376,ROSE,Oasis,7653,oasis-network,0.0110971,83093843.59,4513683.74,7487889026,2020-11-12T00:00:00.000Z,21,ai-big-data;privacy;scaling;smart-contracts;polychain-capital-portfolio;binance-labs-portfolio,HISTORICAL_APPROXIMATION,CMC snapshot tags vary by snapshot date (drift test: tags(2024)!=tags(2026)); taxonomy drift unverified,,,,,,NONE
2026-01-01,377,WAVES,Waves,1274,waves,0.69044728,82685462.43,7066513.25,119756374,2016-06-02T00:00:00.000Z,9,lpos;platform;defi;smart-contracts;ethereum-ecosystem;waves-ecosystem,HISTORICAL_APPROXIMATION,CMC snapshot tags vary by snapshot date (drift test: tags(2024)!=tags(2026)); taxonomy drift unverified,,,,,,NONE
2026-01-01,378,vETH,Venus ETH,7963,venus-eth,62.81884642,82632132.33,82635363.03,1315403.53,2020-12-12T00:00:00.000Z,3,defi;bnb-chain-ecosystem;rehypothecated-crypto,HISTORICAL_APPROXIMATION,CMC snapshot tags vary by snapshot date (drift test: tags(2024)!=tags(2026)); taxonomy drift unverified,,,,,,NONE
2026-01-01,379,MOCA,Moca Network,31526,mocaverse,0.02078533,82158015.81,3049260.09,3952692403,2024-07-04T07:14:36.000Z,8,collectibles-nfts;gaming;identity;ethereum-ecosystem;metaverse;base-ecosystem,HISTORICAL_APPROXIMATION,CMC snapshot tags vary by snapshot date (drift test: tags(2024)!=tags(2026)); taxonomy drift unverified,,,,,,NONE
2026-01-01,380,GMX,GMX,11857,gmx,7.90836237,81989550.81,8053286.46,10367449.91,2021-09-13T12:11:50.000Z,9,decentralized-exchange-dex-token;defi;derivatives;dex;avalanche-ecosystem;arbitrum-ecosystem,HISTORICAL_APPROXIMATION,CMC snapshot tags vary by snapshot date (drift test: tags(2024)!=tags(2026)); taxonomy drift unverified,GMX,2023-05-25T00:00:00Z,False,GMX-USDT-SWAP,2023-02-02T07:05:42Z,SYMBOL_MATCH
2026-01-01,381,ZIG,ZIGChain,9260,zigcoin,0.05814121,81917521.29,1539482.85,1408940795,2021-04-16T00:00:00.000Z,8,asset-management;marketplace;platform;ai-big-data;bnb-chain-ecosystem;real-world-assets-protocols,HISTORICAL_APPROXIMATION,CMC snapshot tags vary by snapshot date (drift test: tags(2024)!=tags(2026)); taxonomy drift unverified,,,,,,NONE
2026-01-01,382,VVS,VVS Finance,14519,vvs-finance,1.88e-06,81831592.56,167684.67,4.364169261e+13,2021-11-15T09:13:07.000Z,5,decentralized-exchange-dex-token;defi;ethereum-ecosystem;dex;cronos-ecosystem,HISTORICAL_APPROXIMATION,CMC snapshot tags vary by snapshot date (drift test: tags(2024)!=tags(2026)); taxonomy drift unverified,,,,,,NONE
2026-01-01,383,SUSD1+,Lorenzo staked USD1+,37654,lorenzo-staked-usd1,1.0148616,81695939.62,0,80499587.07,2025-08-08T10:16:29.000Z,6,defi;stablecoin;yield-farming;usd-stablecoin;liquid-staking-derivatives;rehypothecated-crypto,HISTORICAL_APPROXIMATION,CMC snapshot tags vary by snapshot date (drift test: tags(2024)!=tags(2026)); taxonomy drift unverified,,,,,,NONE
2026-01-01,384,MEW,cat in a dogs world,30126,mew,0.00091471,81307669.62,15948574.53,8.888888889e+10,2024-03-26T06:41:06.000Z,11,memes;solana-ecosystem;doggone-doggerel;cat-themed;animal-memes;ip-memes,HISTORICAL_APPROXIMATION,CMC snapshot tags vary by snapshot date (drift test: tags(2024)!=tags(2026)); taxonomy drift unverified,MEW,2024-07-23T16:00:00Z,True,MEW-USDT-SWAP,2024-04-15T08:25:00Z,SYMBOL_MATCH
2026-01-01,385,POPCAT,Popcat (SOL),28782,popcat-sol,0.08272969,81072880.18,13780924.33,979973184.6,2023-12-20T18:16:41.000Z,9,memes;solana-ecosystem;cat-themed;animal-memes;binance-alpha;cmc-crypto-yearbook-2024-2025,HISTORICAL_APPROXIMATION,CMC snapshot tags vary by snapshot date (drift test: tags(2024)!=tags(2026)); taxonomy drift unverified,POPCAT,2024-04-28T08:00:00Z,False,POPCAT-USDT-SWAP,2024-08-29T09:00:00Z,SYMBOL_MATCH
2026-01-01,386,PROVE,Succinct,37593,succinct,0.41527859,80979325.63,8205965.9,195000000,2025-08-02T17:21:51.000Z,6,zero-knowledge-proofs;ethereum-ecosystem;bnb-chain-ecosystem;binance-alpha-airdrops;binance-ecosystem;binance-listing,HISTORICAL_APPROXIMATION,CMC snapshot tags vary by snapshot date (drift test: tags(2024)!=tags(2026)); taxonomy drift unverified,PROVE,2025-08-06T04:00:00Z,False,PROVE-USDT-SWAP,2025-10-17T11:30:01Z,SYMBOL_MATCH
2026-01-01,387,AXL,Axelar,17799,axelar,0.07218864,79160172.05,5552722.89,1096573876,2022-02-02T02:48:14.000Z,23,defi;interoperability;ethereum-ecosystem;coinbase-ventures-portfolio;polychain-capital-portfolio;binance-labs-portfolio,HISTORICAL_APPROXIMATION,CMC snapshot tags vary by snapshot date (drift test: tags(2024)!=tags(2026)); taxonomy drift unverified,,,,,,NONE
2026-01-01,388,BLUR,Blur,23121,blur-token,0.02944167,78641784.34,9170044.27,2671104748,2023-02-13T15:07:24.000Z,6,collectibles-nfts;ethereum-ecosystem;egirl-capital-portfolio;made-in-america;binance-ecosystem;binance-listing,HISTORICAL_APPROXIMATION,CMC snapshot tags vary by snapshot date (drift test: tags(2024)!=tags(2026)); taxonomy drift unverified,BLUR,2023-10-18T18:00:00Z,False,BLUR-USDT-SWAP,2023-02-15T02:55:00Z,SYMBOL_MATCH
2026-01-01,389,XPR,XPR Network,5350,proton,0.00275776,77978169.08,1874179.52,2.827587807e+10,2020-04-06T00:00:00.000Z,10,collectibles-nfts;decentralized-exchange-dex-token;defi;wallet;ethereum-ecosystem;amm,HISTORICAL_APPROXIMATION,CMC snapshot tags vary by snapshot date (drift test: tags(2024)!=tags(2026)); taxonomy drift unverified,,,,,,NONE
2026-01-01,390,COAI,ChainOpera AI,38489,chainopera-ai,0.41282595,77611319.26,7975093.45,188000098,2025-09-23T11:09:53.000Z,7,ai-big-data;bnb-chain-ecosystem;binance-alpha;binance-alpha-airdrops;binance-ecosystem;binance-listing,HISTORICAL_APPROXIMATION,CMC snapshot tags vary by snapshot date (drift test: tags(2024)!=tags(2026)); taxonomy drift unverified,,,,COAI-USDT-SWAP,2025-10-15T14:30:01Z,SYMBOL_MATCH
2026-01-01,391,VTHO,VeThor Token,3012,vethor-token,0.00079589,77419644.61,8181171.58,9.727373099e+10,2018-07-30T00:00:00.000Z,3,layer-1;binance-ecosystem;binance-listing,HISTORICAL_APPROXIMATION,CMC snapshot tags vary by snapshot date (drift test: tags(2024)!=tags(2026)); taxonomy drift unverified,,,,,,NONE
2026-01-01,392,EURCV,EUR CoinVertible,32796,eur-coinvertible,1.17456622,77234716.3,3675216.98,65755949,2024-09-02T17:22:27.000Z,2,stablecoin;eur-stablecoin,HISTORICAL_APPROXIMATION,CMC snapshot tags vary by snapshot date (drift test: tags(2024)!=tags(2026)); taxonomy drift unverified,,,,,,NONE
2026-01-01,393,ACH,Alchemy Pay,6958,alchemy-pay,0.00786437,77057002.07,6886752.47,9798238961,2020-09-09T00:00:00.000Z,6,ethereum-ecosystem;bnb-chain-ecosystem;dwf-labs-portfolio;binance-ecosystem;binance-listing;made-in-china,HISTORICAL_APPROXIMATION,CMC snapshot tags vary by snapshot date (drift test: tags(2024)!=tags(2026)); taxonomy drift unverified,,,,ACH-USDT-SWAP,2024-02-22T08:25:01Z,SYMBOL_MATCH
2026-01-01,394,PNUT,Peanut the Squirrel,33788,peanut-the-squirrel,0.07604492,76032959.25,22539604.37,999842702.8,2024-11-04T02:00:00.000Z,7,memes;solana-ecosystem;political-memes;animal-memes;pump-fun-ecosystem;binance-ecosystem,HISTORICAL_APPROXIMATION,CMC snapshot tags vary by snapshot date (drift test: tags(2024)!=tags(2026)); taxonomy drift unverified,PNUT,2024-11-14T04:00:00Z,False,PNUT-USDT-SWAP,2024-11-12T03:30:00Z,SYMBOL_MATCH
2026-01-01,395,EUL,Euler,14280,euler-finance,3.13454144,75958204.82,2939220.88,24232636.99,2021-11-10T15:58:41.000Z,8,ethereum-ecosystem;paradigm-portfolio;arbitrum-ecosystem;bnb-chain-ecosystem;base-ecosystem;binance-alpha-airdrops,HISTORICAL_APPROXIMATION,CMC snapshot tags vary by snapshot date (drift test: tags(2024)!=tags(2026)); taxonomy drift unverified,,,,,,NONE
2026-01-01,396,VR,Victoria VR,14822,victoria-vr,0.00446866,75073551.67,2305024.17,1.68e+10,2021-11-19T05:45:39.000Z,8,vr-ar;ai-big-data;collectibles-nfts;gaming;ethereum-ecosystem;metaverse,HISTORICAL_APPROXIMATION,CMC snapshot tags vary by snapshot date (drift test: tags(2024)!=tags(2026)); taxonomy drift unverified,,,,,,NONE
2026-01-01,397,SNEK,Snek,25264,snek,0.00100245,74976090.45,3599505.66,7.479249474e+10,2023-05-06T16:00:00.000Z,2,memes;cardano-ecosystem,HISTORICAL_APPROXIMATION,CMC snapshot tags vary by snapshot date (drift test: tags(2024)!=tags(2026)); taxonomy drift unverified,,,,,,NONE
2026-01-01,398,USELESS,Useless Coin,36828,theuselesscoin,0.07457148,74503629.17,27105395.83,999090122.2,2025-06-16T03:18:23.000Z,5,memes;solana-ecosystem;bonk-fun-ecosystem;binance-ecosystem;binance-listing,HISTORICAL_APPROXIMATION,CMC snapshot tags vary by snapshot date (drift test: tags(2024)!=tags(2026)); taxonomy drift unverified,,,,USELESS-USDT-SWAP,2025-07-25T10:00:00Z,SYMBOL_MATCH
2026-01-01,399,IOTX,IoTeX,2777,iotex,0.00787902,74388747.29,3296057.75,9441368979,2018-05-25T00:00:00.000Z,16,platform;ai-big-data;distributed-computing;defi;iot;ethereum-ecosystem,HISTORICAL_APPROXIMATION,CMC snapshot tags vary by snapshot date (drift test: tags(2024)!=tags(2026)); taxonomy drift unverified,,,,,,NONE
2026-01-01,400,lisUSD,lisUSD,21330,lisusd,0.99800633,74345293.22,2910.59,74493809.15,2022-08-09T14:34:08.000Z,3,defi;stablecoin;usd-stablecoin,HISTORICAL_APPROXIMATION,CMC snapshot tags vary by snapshot date (drift test: tags(2024)!=tags(2026)); taxonomy drift unverified,,,,,,NONE
2026-01-01,401,TSLAX,Tesla tokenized stock (xStock),37004,tesla-tokenized-stock-xstock,449.927107,74012132.03,8185165.48,164498.0507,2025-07-01T12:44:26.000Z,8,defi;tokenized-stock;solana-ecosystem;arbitrum-ecosystem;bnb-chain-ecosystem;internet-capital-markets,HISTORICAL_APPROXIMATION,CMC snapshot tags vary by snapshot date (drift test: tags(2024)!=tags(2026)); taxonomy drift unverified,,,,,,NONE
2026-01-01,402,NMR,Numeraire,1732,numeraire,9.6115578,73914819.72,7808093.69,7690201.869,2017-06-23T00:00:00.000Z,13,asset-management;ai-big-data;defi;payments;research;ethereum-ecosystem,HISTORICAL_APPROXIMATION,CMC snapshot tags vary by snapshot date (drift test: tags(2024)!=tags(2026)); taxonomy drift unverified,,,,NMR-USDT-SWAP,2024-01-11T07:55:00Z,SYMBOL_MATCH
2026-01-01,403,NPC,Non-Playable Coin,27960,non-playable-coin,0.00978073,73666203.17,4776430.92,7531769524,2023-08-31T13:35:42.000Z,6,memes;ethereum-ecosystem;solana-ecosystem;bnb-chain-ecosystem;base-ecosystem;hybrid-token-standard,HISTORICAL_APPROXIMATION,CMC snapshot tags vary by snapshot date (drift test: tags(2024)!=tags(2026)); taxonomy drift unverified,,,,,,NONE
2026-01-01,404,STG,Stargate Finance,18934,stargate-finance,0.11063421,73123833.69,2457801.42,660951371,2022-03-18T04:06:21.000Z,10,ethereum-ecosystem;avalanche-ecosystem;polygon-ecosystem;fantom-ecosystem;arbitrum-ecosystem;cross-chain,HISTORICAL_APPROXIMATION,CMC snapshot tags vary by snapshot date (drift test: tags(2024)!=tags(2026)); taxonomy drift unverified,STG,2023-10-26T16:00:00Z,True,,,SYMBOL_MATCH
2026-01-01,405,WCRO,Wrapped CRO,14532,wrapped-cro,0.09323716,73110677.93,864877.28,784136698.9,2021-11-15T11:32:28.000Z,3,defi;cronos-ecosystem;rehypothecated-crypto,HISTORICAL_APPROXIMATION,CMC snapshot tags vary by snapshot date (drift test: tags(2024)!=tags(2026)); taxonomy drift unverified,,,,,,NONE
2026-01-01,406,BAN,Comedian,33881,comedian,0.07309998,73097195.34,6054109.32,999961859,2024-11-11T07:48:59.000Z,5,memes;solana-ecosystem;pump-fun-ecosystem;binance-ecosystem;binance-listing,HISTORICAL_APPROXIMATION,CMC snapshot tags vary by snapshot date (drift test: tags(2024)!=tags(2026)); taxonomy drift unverified,,,,,,NONE
2026-01-01,407,MOODENG,Moo Deng (moodengsol.com),33093,moo-deng-solana,0.0735623,72824603.45,21437198.99,989971791.2,2024-09-21T02:09:39.000Z,7,memes;solana-ecosystem;animal-memes;pump-fun-ecosystem;binance-alpha;binance-ecosystem,HISTORICAL_APPROXIMATION,CMC snapshot tags vary by snapshot date (drift test: tags(2024)!=tags(2026)); taxonomy drift unverified,MOODENG,2024-10-25T10:00:00Z,False,MOODENG-USDT-SWAP,2024-10-03T07:00:02Z,SYMBOL_MATCH
2026-01-01,408,vUSDC,Venus USDC,7958,venus-usdc,0.0261909,72787284.03,0,2779105983,2020-12-12T00:00:00.000Z,3,defi;stablecoin;rehypothecated-crypto,HISTORICAL_APPROXIMATION,CMC snapshot tags vary by snapshot date (drift test: tags(2024)!=tags(2026)); taxonomy drift unverified,,,,,,NONE
2026-01-01,409,PCI,Paycoin,5275,payprotocol,0.06854213,72729098.4,191332.43,1061086017,2020-03-05T00:00:00.000Z,1,ethereum-ecosystem,HISTORICAL_APPROXIMATION,CMC snapshot tags vary by snapshot date (drift test: tags(2024)!=tags(2026)); taxonomy drift unverified,,,,,,NONE
2026-01-01,410,GRASS,Grass,32956,grass,0.29799678,72682930.95,8744522.97,243905091,2024-10-28T05:31:00.000Z,6,ai-big-data;solana-ecosystem;depin;binance-alpha;binance-ecosystem;binance-listing,HISTORICAL_APPROXIMATION,CMC snapshot tags vary by snapshot date (drift test: tags(2024)!=tags(2026)); taxonomy drift unverified,GRASS,2024-10-28T15:00:00Z,False,GRASS-USDT-SWAP,2024-10-28T14:30:00Z,SYMBOL_MATCH
2026-01-01,411,XVS,Venus,7288,venus,4.34692174,71312424.43,4809493.22,16405269.91,2020-10-05T00:00:00.000Z,15,defi;ethereum-ecosystem;yield-farming;binance-launchpool;lending-borowing;arbitrum-ecosystem,HISTORICAL_APPROXIMATION,CMC snapshot tags vary by snapshot date (drift test: tags(2024)!=tags(2026)); taxonomy drift unverified,,,,,,NONE
2026-01-01,412,ELF,aelf,2299,aelf,0.08712369,71121048.18,1565930.22,816322713.1,2017-12-21T00:00:00.000Z,7,dpos;interoperability;smart-contracts;dao;dapp;cross-chain,HISTORICAL_APPROXIMATION,CMC snapshot tags vary by snapshot date (drift test: tags(2024)!=tags(2026)); taxonomy drift unverified,,,,,,NONE
2026-01-01,413,STIK,Staika,23951,staika,0.52790805,70887637.36,114467.03,134280272.8,2023-03-15T10:03:10.000Z,2,solana-ecosystem;dwf-labs-portfolio,HISTORICAL_APPROXIMATION,CMC snapshot tags vary by snapshot date (drift test: tags(2024)!=tags(2026)); taxonomy drift unverified,,,,,,NONE
2026-01-01,414,POWER,Power Protocol,39042,powerprotocol,0.33233542,69790438.68,8473018.32,210000000,2025-12-02T09:59:07.000Z,8,gaming;ethereum-ecosystem;bnb-chain-ecosystem;binance-alpha;ronin-ecosystem;binance-alpha-airdrops,HISTORICAL_APPROXIMATION,CMC snapshot tags vary by snapshot date (drift test: tags(2024)!=tags(2026)); taxonomy drift unverified,,,,,,NONE
2026-01-01,415,XCH,Chia,9258,chia-network,4.83866302,69733485.72,1915168.58,14411726,2021-04-16T00:00:00.000Z,4,mineable;real-world-assets-protocols;layer-1;made-in-america,HISTORICAL_APPROXIMATION,CMC snapshot tags vary by snapshot date (drift test: tags(2024)!=tags(2026)); taxonomy drift unverified,,,,,,NONE
2026-01-01,416,VANA,Vana,34619,vana,2.31783713,69729812.18,8941115.09,30084000,2024-12-13T12:20:10.000Z,8,platform;ai-big-data;coinbase-ventures-portfolio;polychain-capital-portfolio;paradigm-portfolio;layer-1,HISTORICAL_APPROXIMATION,CMC snapshot tags vary by snapshot date (drift test: tags(2024)!=tags(2026)); taxonomy drift unverified,,,,VANA-USDT-SWAP,2024-12-17T04:00:00Z,SYMBOL_MATCH
2026-01-01,417,LRC,Loopring,1934,loopring,0.05089724,69631275.72,9182791.14,1368075669,2017-08-30T00:00:00.000Z,18,marketplace;decentralized-exchange-dex-token;zero-knowledge-proofs;scaling;smart-contracts;wallet,HISTORICAL_APPROXIMATION,CMC snapshot tags vary by snapshot date (drift test: tags(2024)!=tags(2026)); taxonomy drift unverified,,,,,,NONE
2026-01-01,418,WHITE,WhiteRock,34143,whiterock,0.00010698,69534474.66,296030.5,6.5e+11,2024-11-21T12:54:14.000Z,2,ethereum-ecosystem;solana-ecosystem,HISTORICAL_APPROXIMATION,CMC snapshot tags vary by snapshot date (drift test: tags(2024)!=tags(2026)); taxonomy drift unverified,,,,,,NONE
2026-01-01,419,VVV,Venice Token,35509,venice-token,1.61815342,69512352.33,1720126.9,42957825.51,2025-01-28T02:53:32.000Z,7,ai-big-data;base-ecosystem;binance-alpha;made-in-america;binance-ecosystem;binance-listing,HISTORICAL_APPROXIMATION,CMC snapshot tags vary by snapshot date (drift test: tags(2024)!=tags(2026)); taxonomy drift unverified,VVV,2025-01-28T01:00:00Z,False,VVV-USDT-SWAP,2026-07-03T06:00:00Z,SYMBOL_MATCH
2026-01-01,420,WHITEWHALE,The White Whale,39143,the-white-whale,0.06912722,69114956.64,26687513.69,999822578,2025-12-17T06:05:42.000Z,3,memes;solana-ecosystem;pump-fun-ecosystem,HISTORICAL_APPROXIMATION,CMC snapshot tags vary by snapshot date (drift test: tags(2024)!=tags(2026)); taxonomy drift unverified,,,,,,NONE
2026-01-01,421,CELO,Celo,5567,celo,0.11621775,68820867.12,8325107.01,592171760,2020-05-22T00:00:00.000Z,18,pos;privacy;zero-knowledge-proofs;mobile;payments;smart-contracts,HISTORICAL_APPROXIMATION,CMC snapshot tags vary by snapshot date (drift test: tags(2024)!=tags(2026)); taxonomy drift unverified,CELO,2024-09-25T06:00:00Z,False,CELO-USDT-SWAP,2021-09-24T10:03:05Z,SYMBOL_MATCH
2026-01-01,422,NILA,MindWaveDAO,36302,mindwavedao,0.08154913,68726850.66,274784.85,842766176.5,2025-04-21T11:51:29.000Z,2,defi;bnb-chain-ecosystem,HISTORICAL_APPROXIMATION,CMC snapshot tags vary by snapshot date (drift test: tags(2024)!=tags(2026)); taxonomy drift unverified,,,,,,NONE
2026-01-01,423,XYO,XYO,2765,xyo,0.00502448,68610190.97,5635595.52,1.365518523e+10,2018-05-22T00:00:00.000Z,13,logistics;distributed-computing;defi;gaming;oracles;ethereum-ecosystem,HISTORICAL_APPROXIMATION,CMC snapshot tags vary by snapshot date (drift test: tags(2024)!=tags(2026)); taxonomy drift unverified,,,,,,NONE
2026-01-01,424,SAHARA,Sahara AI,36671,sahara-ai,0.02589274,68459324.5,7851402.43,2643958334,2025-06-26T12:00:00.000Z,12,ai-big-data;data-provenance;polychain-capital-portfolio;governance;binance-labs-portfolio;pantera-capital-portfolio,HISTORICAL_APPROXIMATION,CMC snapshot tags vary by snapshot date (drift test: tags(2024)!=tags(2026)); taxonomy drift unverified,,,,SAHARA-USDT-SWAP,2025-06-26T12:30:00Z,SYMBOL_MATCH
2026-01-01,425,GIGGLE,Giggle Fund,38470,giggle-fund,68.08068702,68080687.02,21138493.85,1000000,2025-09-22T04:35:26.000Z,4,memes;bnb-chain-ecosystem;binance-ecosystem;binance-listing,HISTORICAL_APPROXIMATION,CMC snapshot tags vary by snapshot date (drift test: tags(2024)!=tags(2026)); taxonomy drift unverified,,,,GIGGLE-USDT-SWAP,2025-10-25T07:00:01Z,SYMBOL_MATCH
2026-01-01,426,HOME,Defi App,36133,defi-app,0.02136377,67895248.6,54737509.72,3178055556,2025-03-26T08:40:47.000Z,9,defi;interoperability;wallet;solana-ecosystem;bnb-chain-ecosystem;base-ecosystem,HISTORICAL_APPROXIMATION,CMC snapshot tags vary by snapshot date (drift test: tags(2024)!=tags(2026)); taxonomy drift unverified,,,,HOME-USDT-SWAP,2025-06-13T10:15:00Z,SYMBOL_MATCH
2026-01-01,427,SSV,ssv.network,12999,ssv-network,4.5480537,67674254.5,23708837.34,14879827.5,2021-10-22T05:12:07.000Z,3,ethereum-ecosystem;binance-ecosystem;binance-listing,HISTORICAL_APPROXIMATION,CMC snapshot tags vary by snapshot date (drift test: tags(2024)!=tags(2026)); taxonomy drift unverified,,,,SSV-USDT-SWAP,2023-11-23T03:55:00Z,SYMBOL_MATCH
2026-01-01,428,INI,InitVerse,37277,initverse,0.12333348,67381499.77,1484108.95,546335842,2025-07-08T08:09:02.000Z,0,,HISTORICAL_APPROXIMATION,CMC snapshot tags vary by snapshot date (drift test: tags(2024)!=tags(2026)); taxonomy drift unverified,,,,,,NONE
2026-01-01,429,RED,RedStone,21707,redstone,0.22255268,67249603.54,5880727.43,302173864,2022-09-05T10:28:27.000Z,8,defi;oracles;ethereum-ecosystem;binance-launchpool;solana-ecosystem;base-ecosystem,HISTORICAL_APPROXIMATION,CMC snapshot tags vary by snapshot date (drift test: tags(2024)!=tags(2026)); taxonomy drift unverified,,,,,,NONE
2026-01-01,430,HUMA,Huma Finance,36576,huma-finance,0.02591599,67151779.59,8555637.37,2591133333,2025-05-26T11:00:00.000Z,8,defi;payments;binance-launchpool;solana-ecosystem;bnb-chain-ecosystem;binance-alpha-airdrops,HISTORICAL_APPROXIMATION,CMC snapshot tags vary by snapshot date (drift test: tags(2024)!=tags(2026)); taxonomy drift unverified,,,,HUMA-USDT-SWAP,2025-05-26T13:30:00Z,SYMBOL_MATCH
2026-01-01,431,LUNA,Terra,20314,terra-luna-v2,0.09442322,67039020.3,39544315.7,709984438.9,2022-05-26T12:47:26.000Z,4,osmosis-ecosystem;alleged-sec-securities;binance-ecosystem;binance-listing,HISTORICAL_APPROXIMATION,CMC snapshot tags vary by snapshot date (drift test: tags(2024)!=tags(2026)); taxonomy drift unverified,,,,LUNA-USDT-SWAP,2022-05-28T13:54:42Z,SYMBOL_MATCH
2026-01-01,432,SNT,Status,1759,status,0.01396425,66993751.49,2103348.36,4797520147,2017-06-28T00:00:00.000Z,8,media;communications-social-media;content-creation;privacy;ethereum-ecosystem;layer-2,HISTORICAL_APPROXIMATION,CMC snapshot tags vary by snapshot date (drift test: tags(2024)!=tags(2026)); taxonomy drift unverified,,,,,,NONE
2026-01-01,433,REKT,Rekt (rekt.com),34434,rekt-eth,2.4e-07,66930257.45,307334.03,2.801337749e+14,2024-12-06T03:06:19.000Z,8,memes;ethereum-ecosystem;solana-ecosystem;bnb-chain-ecosystem;base-ecosystem;binance-alpha,HISTORICAL_APPROXIMATION,CMC snapshot tags vary by snapshot date (drift test: tags(2024)!=tags(2026)); taxonomy drift unverified,,,,,,NONE
2026-01-01,434,ORCA,Orca,11165,orca,1.10114784,66241948.9,5892319.59,60157180.34,2021-08-05T00:00:00.000Z,8,decentralized-exchange-dex-token;defi;amm;dex;three-arrows-capital-portfolio;solana-ecosystem,HISTORICAL_APPROXIMATION,CMC snapshot tags vary by snapshot date (drift test: tags(2024)!=tags(2026)); taxonomy drift unverified,,,,,,NONE
2026-01-01,435,ANKR,Ankr,3783,ankr,0.00651018,65101780.46,4939421.38,1e+10,2019-03-06T00:00:00.000Z,24,platform;enterprise-solutions;distributed-computing;defi;filesharing;staking,HISTORICAL_APPROXIMATION,CMC snapshot tags vary by snapshot date (drift test: tags(2024)!=tags(2026)); taxonomy drift unverified,,,,,,NONE
2026-01-01,436,APEX,ApeX Protocol,19843,apex-token,0.5174133,65023966.65,7835263.23,125671231,2022-04-28T06:22:21.000Z,7,decentralized-exchange-dex-token;defi;derivatives;ethereum-ecosystem;dex;arbitrum-ecosystem,HISTORICAL_APPROXIMATION,CMC snapshot tags vary by snapshot date (drift test: tags(2024)!=tags(2026)); taxonomy drift unverified,APEX,2025-09-27T07:00:00Z,False,,,SYMBOL_MATCH
2026-01-01,437,UMA,UMA,5617,uma,0.72798547,64897150.05,4979320.47,89146215.78,2020-05-25T00:00:00.000Z,16,defi;derivatives;oracles;dao;ethereum-ecosystem;coinbase-ventures-portfolio,HISTORICAL_APPROXIMATION,CMC snapshot tags vary by snapshot date (drift test: tags(2024)!=tags(2026)); taxonomy drift unverified,UMA,2024-01-19T04:00:00Z,False,UMA-USDT-SWAP,2020-09-04T10:12:51Z,SYMBOL_MATCH
2026-01-01,438,ALT,Altlayer,29073,altlayer,0.01245949,64788606.74,17669163.13,5199939130,2024-01-17T12:59:16.000Z,16,zero-knowledge-proofs;interoperability;staking;ethereum-ecosystem;binance-launchpool;polychain-capital-portfolio,HISTORICAL_APPROXIMATION,CMC snapshot tags vary by snapshot date (drift test: tags(2024)!=tags(2026)); taxonomy drift unverified,ALT,2024-01-25T15:00:00Z,False,,,SYMBOL_MATCH
2026-01-01,439,UPC,UPCX,28654,upcx,0.64176618,64461755.6,417497.92,100444300.6,2023-12-11T04:27:33.000Z,2,payments;ethereum-ecosystem,HISTORICAL_APPROXIMATION,CMC snapshot tags vary by snapshot date (drift test: tags(2024)!=tags(2026)); taxonomy drift unverified,,,,,,NONE
2026-01-01,440,CUSDO,OpenEden Compounding OpenDollar,36068,openeden-compounding-opendollar,1.03719416,64133562.61,55521.54,61833709.61,2025-03-19T05:58:49.000Z,5,defi;stablecoin;asset-backed-stablecoin;ethereum-ecosystem;rehypothecated-crypto,HISTORICAL_APPROXIMATION,CMC snapshot tags vary by snapshot date (drift test: tags(2024)!=tags(2026)); taxonomy drift unverified,,,,,,NONE
2026-01-01,441,MEME,Memecoin,28301,meme,0.00107015,63897273.9,12909114.69,5.970845876e+10,2023-11-03T08:03:36.000Z,6,collectibles-nfts;memes;ethereum-ecosystem;binance-launchpool;binance-ecosystem;binance-listing,HISTORICAL_APPROXIMATION,CMC snapshot tags vary by snapshot date (drift test: tags(2024)!=tags(2026)); taxonomy drift unverified,MEME,2023-11-03T15:00:00Z,False,MEME-USDT-SWAP,2023-11-03T08:55:00Z,SYMBOL_MATCH
2026-01-01,442,CFG,Centrifuge,6748,centrifuge,0.11083705,63637878.62,575501.46,574157100,2020-08-28T00:00:00.000Z,2,ethereum-ecosystem;real-world-assets-protocols,HISTORICAL_APPROXIMATION,CMC snapshot tags vary by snapshot date (drift test: tags(2024)!=tags(2026)); taxonomy drift unverified,,,,,,NONE
2026-01-01,443,SIGN,Sign,35600,sign,0.03860446,63311322.35,4886179.23,1640000000,2025-04-25T14:19:12.000Z,9,ethereum-ecosystem;launchpad;binance-labs-portfolio;bnb-chain-ecosystem;base-ecosystem;binance-hodler-airdrops,HISTORICAL_APPROXIMATION,CMC snapshot tags vary by snapshot date (drift test: tags(2024)!=tags(2026)); taxonomy drift unverified,,,,SIGN-USDT-SWAP,2025-04-28T11:30:00Z,SYMBOL_MATCH
2026-01-01,444,CSPR,Casper,5899,casper,0.00459123,63021590.79,2160702.68,1.372653044e+10,2020-07-21T00:00:00.000Z,8,ai-big-data;enterprise-solutions;arrington-xrp-capital-portfolio;hashkey-capital-portfolio;web3;okx-ventures-portfolio,HISTORICAL_APPROXIMATION,CMC snapshot tags vary by snapshot date (drift test: tags(2024)!=tags(2026)); taxonomy drift unverified,,,,,,NONE
2026-01-01,445,MASK,Mask Network,8536,mask-network,0.62659553,62659553.26,18525824.82,100000000,2021-02-21T00:00:00.000Z,14,communications-social-media;collectibles-nfts;content-creation;gaming;ethereum-ecosystem;metaverse,HISTORICAL_APPROXIMATION,CMC snapshot tags vary by snapshot date (drift test: tags(2024)!=tags(2026)); taxonomy drift unverified,,,,MASK-USDT-SWAP,2021-03-04T07:00:00Z,SYMBOL_MATCH
2026-01-01,446,BDCA,BitDCA,35637,bitdca,0.82222183,62092861.45,416655.38,75518381.42,2025-02-07T06:36:58.000Z,1,bnb-chain-ecosystem,HISTORICAL_APPROXIMATION,CMC snapshot tags vary by snapshot date (drift test: tags(2024)!=tags(2026)); taxonomy drift unverified,,,,,,NONE
2026-01-01,447,SKL,SKALE,5691,skale-network,0.01018928,61930231.96,18928169.04,6077977671,2020-06-12T00:00:00.000Z,18,platform;gaming;scaling;smart-contracts;staking;storage,HISTORICAL_APPROXIMATION,CMC snapshot tags vary by snapshot date (drift test: tags(2024)!=tags(2026)); taxonomy drift unverified,,,,,,NONE
2026-01-01,448,ADI,ADI,38185,adi-token,1.20946783,61864279.21,281982.23,51149999.96,2025-12-09T15:11:33.000Z,1,ethereum-ecosystem,HISTORICAL_APPROXIMATION,CMC snapshot tags vary by snapshot date (drift test: tags(2024)!=tags(2026)); taxonomy drift unverified,,,,,,NONE
2026-01-01,449,GEOD,GEODNET,20969,geodnet,0.13941432,61171927.38,211735.34,438777945,2022-07-12T13:42:17.000Z,6,distributed-computing;solana-ecosystem;polygon-ecosystem;iotex-ecosystem;depin;robotics,HISTORICAL_APPROXIMATION,CMC snapshot tags vary by snapshot date (drift test: tags(2024)!=tags(2026)); taxonomy drift unverified,,,,,,NONE
2026-01-01,450,PUNDIX,Pundi X (New),9040,pundix-new,0.2364783,61102810.51,2359275.92,258386541.1,2021-03-31T00:00:00.000Z,3,ethereum-ecosystem;binance-ecosystem;binance-listing,HISTORICAL_APPROXIMATION,CMC snapshot tags vary by snapshot date (drift test: tags(2024)!=tags(2026)); taxonomy drift unverified,,,,,,NONE
2026-01-01,451,LA,Lagrange,36510,lagrange,0.31650187,61084861.29,70011783.68,193000000,2025-05-15T07:24:08.000Z,7,ethereum-ecosystem;fenbushi-capital-portfolio;bnb-chain-ecosystem;binance-hodler-airdrops;binance-alpha-airdrops;binance-ecosystem,HISTORICAL_APPROXIMATION,CMC snapshot tags vary by snapshot date (drift test: tags(2024)!=tags(2026)); taxonomy drift unverified,,,,LA-USDT-SWAP,2025-06-13T10:00:00Z,SYMBOL_MATCH
2026-01-01,452,JELLYJELLY,Jelly-My-Jelly,35537,jelly-my-jelly,0.06103871,61038658.86,6335008.07,999999099,2025-01-30T08:23:28.000Z,9,memes;solana-ecosystem;pump-fun-ecosystem;binance-alpha;startup-memes;moonshot,HISTORICAL_APPROXIMATION,CMC snapshot tags vary by snapshot date (drift test: tags(2024)!=tags(2026)); taxonomy drift unverified,,,,JELLYJELLY-USDT-SWAP,2025-03-26T15:54:30Z,SYMBOL_MATCH
2026-01-01,453,vBUSD,Venus BUSD,7959,venus-busd,0.02229424,60077853.62,0,2694770470,2020-12-12T00:00:00.000Z,1,stablecoin,HISTORICAL_APPROXIMATION,CMC snapshot tags vary by snapshot date (drift test: tags(2024)!=tags(2026)); taxonomy drift unverified,,,,,,NONE
2026-01-01,454,ICX,ICON,2099,icon,0.05530622,60077564.83,1416455.76,1086271371,2017-10-27T00:00:00.000Z,13,platform;cosmos-ecosystem;enterprise-solutions;defi;interoperability;smart-contracts,HISTORICAL_APPROXIMATION,CMC snapshot tags vary by snapshot date (drift test: tags(2024)!=tags(2026)); taxonomy drift unverified,,,,ICX-USDT-SWAP,2024-02-23T11:27:31Z,SYMBOL_MATCH
2026-01-01,455,SWETH,swETH,25147,swell-sweth,3326.629853,59978678.35,77320.62,18029.86236,2023-05-10T05:38:50.000Z,5,defi;ethereum-ecosystem;liquid-staking-derivatives;eigenlayer-ecosystem;rehypothecated-crypto,HISTORICAL_APPROXIMATION,CMC snapshot tags vary by snapshot date (drift test: tags(2024)!=tags(2026)); taxonomy drift unverified,,,,,,NONE
2026-01-01,456,STUSDT,Staked USDT,27793,staked-usdt,0.99241605,59915247.57,0,60373114,2023-08-09T06:22:22.000Z,7,defi;staking;ethereum-ecosystem;tron-ecosystem;real-world-assets-protocols;rehypothecated-crypto,HISTORICAL_APPROXIMATION,CMC snapshot tags vary by snapshot date (drift test: tags(2024)!=tags(2026)); taxonomy drift unverified,,,,,,NONE
2026-01-01,457,U,United Stables,39120,united-stables,0.99874906,59825078.23,120755708.8,59900009.55,2025-12-12T08:13:26.000Z,1,stablecoin,HISTORICAL_APPROXIMATION,CMC snapshot tags vary by snapshot date (drift test: tags(2024)!=tags(2026)); taxonomy drift unverified,,,,,,NONE
2026-01-01,458,POLYX,Polymesh,20362,polymesh,0.05867893,59594448.72,20980593.14,1015602245,2022-05-30T12:38:57.000Z,4,real-world-assets-protocols;layer-1;binance-ecosystem;binance-listing,HISTORICAL_APPROXIMATION,CMC snapshot tags vary by snapshot date (drift test: tags(2024)!=tags(2026)); taxonomy drift unverified,POLYX,2023-10-24T15:00:00Z,False,,,SYMBOL_MATCH
2026-01-01,459,ONT,Ontology,2566,ontology,0.06473529,59495911.57,28288804.21,919064523,2018-03-08T00:00:00.000Z,13,enterprise-solutions;defi;gaming;identity;ethereum-ecosystem;metaverse,HISTORICAL_APPROXIMATION,CMC snapshot tags vary by snapshot date (drift test: tags(2024)!=tags(2026)); taxonomy drift unverified,,,,ONT-USDT-SWAP,2020-04-21T10:12:51Z,SYMBOL_MATCH
2026-01-01,460,AIC,AI Companions,32968,ai-companions,0.07903729,59277945.01,2515910.83,749999700,2024-09-09T15:50:28.000Z,3,ai-big-data;memes;bnb-chain-ecosystem,HISTORICAL_APPROXIMATION,CMC snapshot tags vary by snapshot date (drift test: tags(2024)!=tags(2026)); taxonomy drift unverified,,,,,,NONE
2026-01-01,461,LON,Tokenlon Network Token,8083,tokenlon-network-token,0.47614811,59086052.45,37766.9,124091750.4,2020-12-23T00:00:00.000Z,4,decentralized-exchange-dex-token;defi;ethereum-ecosystem;arbitrum-ecosystem,HISTORICAL_APPROXIMATION,CMC snapshot tags vary by snapshot date (drift test: tags(2024)!=tags(2026)); taxonomy drift unverified,,,,,,NONE
2026-01-01,462,MBG,MultiBank Group,36080,multibank-group,0.45210753,58964021.19,22911974.89,130420348.9,2025-07-17T15:10:11.000Z,4,pos;centralized-exchange;ethereum-ecosystem;real-world-assets-protocols,HISTORICAL_APPROXIMATION,CMC snapshot tags vary by snapshot date (drift test: tags(2024)!=tags(2026)); taxonomy drift unverified,,,,,,NONE
2026-01-01,463,ARDR,Ardor,1320,ardor,0.05900312,58912620.23,11726037.3,998466231.3,2016-07-23T00:00:00.000Z,5,platform;enterprise-solutions;state-channel;binance-ecosystem;binance-listing,HISTORICAL_APPROXIMATION,CMC snapshot tags vary by snapshot date (drift test: tags(2024)!=tags(2026)); taxonomy drift unverified,,,,,,NONE
2026-01-01,464,WCFG,Wrapped Centrifuge,10898,wrapped-centrifuge,0.10847528,58816717.06,2478.42,542213101.7,2021-07-14T00:00:00.000Z,3,defi;ethereum-ecosystem;rehypothecated-crypto,HISTORICAL_APPROXIMATION,CMC snapshot tags vary by snapshot date (drift test: tags(2024)!=tags(2026)); taxonomy drift unverified,,,,,,NONE
2026-01-01,465,TORN,Tornado Cash,8049,torn,11.18051188,58811319.74,147814.89,5260163.431,2020-12-18T00:00:00.000Z,6,privacy;dao;ethereum-ecosystem;bnb-chain-ecosystem;optimism-ecosystem;privacy-coins,HISTORICAL_APPROXIMATION,CMC snapshot tags vary by snapshot date (drift test: tags(2024)!=tags(2026)); taxonomy drift unverified,,,,,,NONE
2026-01-01,466,APTM,Apertum,36215,apertum,0.82841878,58636681.57,1450616.68,70781448.99,2025-04-08T05:10:39.000Z,0,,HISTORICAL_APPROXIMATION,CMC snapshot tags vary by snapshot date (drift test: tags(2024)!=tags(2026)); taxonomy drift unverified,,,,,,NONE
2026-01-01,467,ETHW,EthereumPoW,21296,ethereum-pow,0.53997454,58219514.55,4211501.48,107818999,2022-08-08T05:19:50.000Z,3,pow;binance-ecosystem;binance-listing,HISTORICAL_APPROXIMATION,CMC snapshot tags vary by snapshot date (drift test: tags(2024)!=tags(2026)); taxonomy drift unverified,,,,ETHW-USDT-SWAP,2022-09-16T06:55:31Z,SYMBOL_MATCH
2026-01-01,468,BAND,Band,4679,band-protocol,0.34201789,58163758.89,4004281.25,170060574.7,2019-09-18T00:00:00.000Z,17,cosmos-ecosystem;defi;oracles;ethereum-ecosystem;binance-chain;binance-launchpad,HISTORICAL_APPROXIMATION,CMC snapshot tags vary by snapshot date (drift test: tags(2024)!=tags(2026)); taxonomy drift unverified,,,,BAND-USDT-SWAP,2020-09-07T10:12:51Z,SYMBOL_MATCH
2026-01-01,469,TRB,Tellor,4944,tellor,21.22623,58123806.83,21377444.07,2738301,2019-11-19T00:00:00.000Z,13,mineable;defi;oracles;ethereum-ecosystem;framework-ventures-portfolio;polygon-ecosystem,HISTORICAL_APPROXIMATION,CMC snapshot tags vary by snapshot date (drift test: tags(2024)!=tags(2026)); taxonomy drift unverified,TRB,2023-09-17T03:00:00Z,False,TRB-USDT-SWAP,2020-09-08T10:12:51Z,SYMBOL_MATCH
2026-01-01,470,ONE,Harmony,3945,harmony,0.00386852,57290830.78,7340452.72,1.480948521e+10,2019-06-01T00:00:00.000Z,11,platform;enterprise-solutions;scaling;smart-contracts;binance-launchpad;binance-labs-portfolio,HISTORICAL_APPROXIMATION,CMC snapshot tags vary by snapshot date (drift test: tags(2024)!=tags(2026)); taxonomy drift unverified,,,,ONE-USDT-SWAP,2024-02-20T10:47:19Z,SYMBOL_MATCH
2026-01-01,471,RLC,iExec RLC,1637,rlc,0.65309025,56818711.01,2939007.24,86999784.99,2017-04-20T00:00:00.000Z,32,marketing;art;marketplace;platform;services;communications-social-media,HISTORICAL_APPROXIMATION,CMC snapshot tags vary by snapshot date (drift test: tags(2024)!=tags(2026)); taxonomy drift unverified,,,,,,NONE
2026-01-01,472,NOT,Notcoin,28850,notcoin,0.00056961,56636121.98,16415573.11,9.942940597e+10,2024-05-09T15:38:45.000Z,12,communications-social-media;gaming;memes;binance-launchpool;play-to-earn;web3,HISTORICAL_APPROXIMATION,CMC snapshot tags vary by snapshot date (drift test: tags(2024)!=tags(2026)); taxonomy drift unverified,NOT,2024-05-17T04:00:00Z,False,NOT-USDT-SWAP,2024-05-16T12:27:45Z,SYMBOL_MATCH
2026-01-01,473,BIM,BIM,24877,bim,1.88626531,56587959.29,329956.27,30000000,2023-07-13T11:26:21.000Z,2,polygon-ecosystem;base-ecosystem,HISTORICAL_APPROXIMATION,CMC snapshot tags vary by snapshot date (drift test: tags(2024)!=tags(2026)); taxonomy drift unverified,,,,,,NONE
2026-01-01,474,GOHOME,GOHOME,35701,gohome,113.0647513,56520503.86,1501445.09,499895,2025-02-11T09:31:39.000Z,3,memes;solana-ecosystem;political-memes,HISTORICAL_APPROXIMATION,CMC snapshot tags vary by snapshot date (drift test: tags(2024)!=tags(2026)); taxonomy drift unverified,,,,,,NONE
2026-01-01,475,ENJ,Enjin Coin,2130,enjin-coin,0.02939795,56369514.58,14306015.03,1917464228,2017-11-01T00:00:00.000Z,9,media;vr-ar;collectibles-nfts;gaming;metaverse;arrington-xrp-capital-portfolio,HISTORICAL_APPROXIMATION,CMC snapshot tags vary by snapshot date (drift test: tags(2024)!=tags(2026)); taxonomy drift unverified,,,,ENJ-USDT-SWAP,2024-03-01T10:25:01Z,SYMBOL_MATCH
2026-01-01,476,IOST,IOST,2405,iostoken,0.00186538,56302707.93,29958093.95,3.018294356e+10,2018-01-16T00:00:00.000Z,7,hardware;iot;iost-ecosystem;huobi-capital-portfolio;bnb-chain-ecosystem;binance-ecosystem,HISTORICAL_APPROXIMATION,CMC snapshot tags vary by snapshot date (drift test: tags(2024)!=tags(2026)); taxonomy drift unverified,,,,IOST-USDT-SWAP,2020-04-21T10:12:51Z,SYMBOL_MATCH
2026-01-01,477,TAG,Tagger,34958,tagger,0.00051931,56295944.73,4228762.68,1.084045726e+11,2024-12-31T03:48:26.000Z,7,ai-big-data;bnb-chain-ecosystem;binance-alpha;binance-ecosystem;binance-listing;wlfi-ecosystem,HISTORICAL_APPROXIMATION,CMC snapshot tags vary by snapshot date (drift test: tags(2024)!=tags(2026)); taxonomy drift unverified,,,,,,NONE
2026-01-01,478,CYS,Cysic,39071,cysic,0.34989367,56262901.93,29251659.86,160800000,2025-12-08T10:31:59.000Z,6,bnb-chain-ecosystem;base-ecosystem;binance-alpha;binance-alpha-airdrops;binance-ecosystem;binance-listing,HISTORICAL_APPROXIMATION,CMC snapshot tags vary by snapshot date (drift test: tags(2024)!=tags(2026)); taxonomy drift unverified,,,,,,NONE
2026-01-01,479,COTI,COTI,3992,coti,0.02181458,56112359.3,4327249.59,2572241299,2019-06-04T00:00:00.000Z,9,defi;privacy;ethereum-ecosystem;layer-2;dwf-labs-portfolio;binance-ecosystem,HISTORICAL_APPROXIMATION,CMC snapshot tags vary by snapshot date (drift test: tags(2024)!=tags(2026)); taxonomy drift unverified,,,,,,NONE
2026-01-01,480,FRAX,Frax (prev. FXS),6953,frax-share,0.63732134,56070324.81,2894490.03,87978106.84,2020-09-08T00:00:00.000Z,13,defi;ethereum-ecosystem;amm;seigniorage;avalanche-ecosystem;solana-ecosystem,HISTORICAL_APPROXIMATION,CMC snapshot tags vary by snapshot date (drift test: tags(2024)!=tags(2026)); taxonomy drift unverified,,,,,,NONE
2026-01-01,481,RSWETH,Restaked Swell Ethereum,29974,restaked-swell-ethereum,3154.091521,55567158.89,0,17617.48463,2024-03-19T16:42:00.000Z,6,defi;staking;ethereum-ecosystem;liquid-staking-derivatives;eigenlayer-ecosystem;rehypothecated-crypto,HISTORICAL_APPROXIMATION,CMC snapshot tags vary by snapshot date (drift test: tags(2024)!=tags(2026)); taxonomy drift unverified,,,,,,NONE
2026-01-01,482,AEUR,Anchored Coins AEUR,28596,anchored-coins-aeur,1.15552421,55383818.47,4025.88,47929604.6,2023-12-05T11:27:21.000Z,5,stablecoin;asset-backed-stablecoin;eur-stablecoin;binance-ecosystem;binance-listing,HISTORICAL_APPROXIMATION,CMC snapshot tags vary by snapshot date (drift test: tags(2024)!=tags(2026)); taxonomy drift unverified,,,,,,NONE
2026-01-01,483,BB,BounceBit,30746,bouncebit,0.05945402,55315209.43,15233576.37,930386305,2024-05-13T10:01:10.000Z,14,pos;binance-labs-portfolio;cms-holdings-portfolio;defiance-capital-portfolio;okx-ventures-portfolio;bitcoin-ecosystem,HISTORICAL_APPROXIMATION,CMC snapshot tags vary by snapshot date (drift test: tags(2024)!=tags(2026)); taxonomy drift unverified,,,,BB-USDT-SWAP,2026-06-01T09:00:00Z,SYMBOL_MATCH
2026-01-01,484,BUSD,BUSD,4687,binance-usd,0.99952316,54999985.21,450896.85,55026224.09,2019-09-20T00:00:00.000Z,7,stablecoin;asset-backed-stablecoin;binance-chain;usd-stablecoin;alleged-sec-securities;fiat-stablecoin,HISTORICAL_APPROXIMATION,CMC snapshot tags vary by snapshot date (drift test: tags(2024)!=tags(2026)); taxonomy drift unverified,,,,,,NONE
2026-01-01,485,OMI,ECOMI,19075,ecomi-new,0.00019437,54922623.19,3218997.16,2.825623894e+11,2022-03-25T10:29:22.000Z,7,collectibles-nfts;gaming;entertainment;ethereum-ecosystem;metaverse;play-to-earn,HISTORICAL_APPROXIMATION,CMC snapshot tags vary by snapshot date (drift test: tags(2024)!=tags(2026)); taxonomy drift unverified,,,,,,NONE
2026-01-01,486,WOO,WOO,7501,wootrade,0.02886828,54684175.66,7105696.91,1894264790,2020-10-23T00:00:00.000Z,20,centralized-exchange;decentralized-exchange-dex-token;defi;derivatives;ethereum-ecosystem;yield-farming,HISTORICAL_APPROXIMATION,CMC snapshot tags vary by snapshot date (drift test: tags(2024)!=tags(2026)); taxonomy drift unverified,,,,WOO-USDT-SWAP,2023-02-14T06:55:00Z,SYMBOL_MATCH
2026-01-01,487,STORJ,Storj,1772,storj,0.12892726,54532796.7,14744509.17,422973378.6,2017-07-02T00:00:00.000Z,9,platform;distributed-computing;filesharing;ethereum-ecosystem;storage;web3,HISTORICAL_APPROXIMATION,CMC snapshot tags vary by snapshot date (drift test: tags(2024)!=tags(2026)); taxonomy drift unverified,,,,,,NONE
2026-01-01,488,LBT,Law Blocks (AI),20964,law-blocks,0.22134666,54229486.2,573094.48,244997988,2022-07-12T13:21:06.000Z,1,xdc-ecosystem,HISTORICAL_APPROXIMATION,CMC snapshot tags vary by snapshot date (drift test: tags(2024)!=tags(2026)); taxonomy drift unverified,,,,,,NONE
2026-01-01,489,PLUME,Plume,35364,plume,0.01729328,54228502.35,9450724.51,3135813492,2025-01-20T17:00:10.000Z,9,ethereum-ecosystem;binance-labs-portfolio;real-world-assets-protocols;layer-1;made-in-america;binance-hodler-airdrops,HISTORICAL_APPROXIMATION,CMC snapshot tags vary by snapshot date (drift test: tags(2024)!=tags(2026)); taxonomy drift unverified,,,,PLUME-USDT-SWAP,2025-05-08T07:30:00Z,SYMBOL_MATCH
2026-01-01,490,CLO,Yei Finance,38634,clovis,0.41817752,53986717.3,20328996.51,129100000,2025-10-09T09:38:39.000Z,7,defi;bnb-chain-ecosystem;sei-ecosystem;binance-alpha;binance-alpha-airdrops;binance-ecosystem,HISTORICAL_APPROXIMATION,CMC snapshot tags vary by snapshot date (drift test: tags(2024)!=tags(2026)); taxonomy drift unverified,,,,,,NONE
2026-01-01,491,LAYER,Solayer,35429,solayer,0.17193305,53773419.43,7166355.8,312757902.7,2025-01-23T10:38:59.000Z,8,defi;polychain-capital-portfolio;binance-labs-portfolio;solana-ecosystem;restaking;binance-hodler-airdrops,HISTORICAL_APPROXIMATION,CMC snapshot tags vary by snapshot date (drift test: tags(2024)!=tags(2026)); taxonomy drift unverified,LAYER,2025-02-11T16:00:00Z,False,LAYER-USDT-SWAP,2025-02-11T14:30:00Z,SYMBOL_MATCH
2026-01-01,492,PEAQ,peaq,14588,peaq,0.03175435,53633901.5,1760866.72,1689025069,2024-11-12T09:00:00.000Z,7,layer-1;depin;binance-alpha;binance-alpha-airdrops;binance-ecosystem;peaq-ecosystem,HISTORICAL_APPROXIMATION,CMC snapshot tags vary by snapshot date (drift test: tags(2024)!=tags(2026)); taxonomy drift unverified,,,,,,NONE
2026-01-01,493,WAPTM,Wrapped Apertum,36838,wrapped-apertum,0.83018507,53469452.28,198521.65,64406666.01,2025-04-08T05:10:39.000Z,3,defi;rehypothecated-crypto;apertum-ecosystem,HISTORICAL_APPROXIMATION,CMC snapshot tags vary by snapshot date (drift test: tags(2024)!=tags(2026)); taxonomy drift unverified,,,,,,NONE
2026-01-01,494,LCX,LCX,4950,lcx,0.05613605,53299442.85,502719.47,949469112,2019-12-03T00:00:00.000Z,4,platform;centralized-exchange;ethereum-ecosystem;alleged-sec-securities,HISTORICAL_APPROXIMATION,CMC snapshot tags vary by snapshot date (drift test: tags(2024)!=tags(2026)); taxonomy drift unverified,,,,,,NONE
2026-01-01,495,NEIRO,Neiro,32521,neiro,0.00012667,53287070.84,40503608.54,4.206845477e+11,2024-08-01T17:05:30.000Z,11,memes;ethereum-ecosystem;solana-ecosystem;doggone-doggerel;dwf-labs-portfolio;base-ecosystem,HISTORICAL_APPROXIMATION,CMC snapshot tags vary by snapshot date (drift test: tags(2024)!=tags(2026)); taxonomy drift unverified,,,,NEIRO-USDT-SWAP,2024-10-03T07:15:01Z,SYMBOL_MATCH
2026-01-01,496,B2,BSquared Network,36352,bsquared-network,0.79021943,53223941.52,23939867.95,67353370,2025-04-28T08:14:06.000Z,13,staking;layer-2;hashkey-capital-portfolio;animoca-brands-portfolio;spartan-group;okx-ventures-portfolio,HISTORICAL_APPROXIMATION,CMC snapshot tags vary by snapshot date (drift test: tags(2024)!=tags(2026)); taxonomy drift unverified,,,,,,NONE
2026-01-01,497,QAI,QuantixAI,30651,quantixai,66.17371238,53195580.01,6759800.68,803877.8254,2024-04-16T17:33:45.000Z,1,ethereum-ecosystem,HISTORICAL_APPROXIMATION,CMC snapshot tags vary by snapshot date (drift test: tags(2024)!=tags(2026)); taxonomy drift unverified,,,,,,NONE
2026-01-01,498,SRX,StorX Network,10894,storx-network,0.07294305,52916394.27,3519044.94,725448028,2021-07-14T00:00:00.000Z,4,distributed-computing;storage;xdc-ecosystem;depin,HISTORICAL_APPROXIMATION,CMC snapshot tags vary by snapshot date (drift test: tags(2024)!=tags(2026)); taxonomy drift unverified,,,,,,NONE
2026-01-01,499,NOW,ChangeNOW Token,3893,now-token,0.62050066,52620733.32,1916.3,84803670,2019-04-29T00:00:00.000Z,3,ethereum-ecosystem;binance-chain;bnb-chain-ecosystem,HISTORICAL_APPROXIMATION,CMC snapshot tags vary by snapshot date (drift test: tags(2024)!=tags(2026)); taxonomy drift unverified,,,,NOW-USDT-SWAP,2026-06-02T11:30:00Z,SYMBOL_MATCH
2026-01-01,500,OG,OG Fan Token,5309,og-fan-token,11.62294822,52495464.04,2928893.66,4516536,2020-03-12T00:00:00.000Z,7,sports;fan-token;binance-launchpool;chiliz-chain-ecosystem;soccer;binance-ecosystem,HISTORICAL_APPROXIMATION,CMC snapshot tags vary by snapshot date (drift test: tags(2024)!=tags(2026)); taxonomy drift unverified,,,,,,NONE
2026-08-20,1,BTC,Bitcoin,1,bitcoin,73032.76119,1.465878381e+12,5.544432236e+10,20071518,2010-07-13T00:00:00.000Z,37,mineable;pow;sha-256;store-of-value;state-channel;coinbase-ventures-portfolio,HISTORICAL_APPROXIMATION,CMC snapshot tags vary by snapshot date (drift test: tags(2024)!=tags(2026)); taxonomy drift unverified,BTC,2023-05-12T00:00:00Z,False,BTC-USDT-SWAP,2019-11-12T11:16:48Z,SYMBOL_MATCH
2026-08-20,2,ETH,Ethereum,1027,ethereum,2326.384865,2.807520525e+11,2.785611516e+10,120681688,2015-08-07T00:00:00.000Z,44,pos;smart-contracts;ethereum-ecosystem;coinbase-ventures-portfolio;three-arrows-capital-portfolio;polychain-capital-portfolio,HISTORICAL_APPROXIMATION,CMC snapshot tags vary by snapshot date (drift test: tags(2024)!=tags(2026)); taxonomy drift unverified,ETH,2023-05-12T00:00:00Z,False,ETH-USDT-SWAP,2019-11-12T11:16:48Z,SYMBOL_MATCH
2026-08-20,3,USDT,Tether USDt,825,tether,0.99984021,1.830760079e+11,1.082080922e+11,1.83105266e+11,2015-02-25T00:00:00.000Z,17,stablecoin;asset-backed-stablecoin;usd-stablecoin;ethereum-pow-ecosystem;fiat-stablecoin;tron20-ecosystem,HISTORICAL_APPROXIMATION,CMC snapshot tags vary by snapshot date (drift test: tags(2024)!=tags(2026)); taxonomy drift unverified,,,,,,NONE
2026-08-20,4,BNB,BNB,1839,bnb,654.9075607,8.720964427e+10,2301724571,133163288.2,2017-07-25T00:00:00.000Z,14,marketplace;centralized-exchange;payments;smart-contracts;alameda-research-portfolio;multicoin-capital-portfolio,HISTORICAL_APPROXIMATION,CMC snapshot tags vary by snapshot date (drift test: tags(2024)!=tags(2026)); taxonomy drift unverified,BNB,2023-05-12T00:00:00Z,False,BNB-USDT-SWAP,2022-12-23T06:53:48Z,SYMBOL_MATCH
2026-08-20,5,XRP,XRP,52,xrp,1.26843976,7.950192138e+10,7050100813,6.267693883e+10,2013-08-04T00:00:00.000Z,18,medium-of-exchange;enterprise-solutions;xrp-ecosystem;solana-ecosystem;arrington-xrp-capital-portfolio;galaxy-digital-portfolio,HISTORICAL_APPROXIMATION,CMC snapshot tags vary by snapshot date (drift test: tags(2024)!=tags(2026)); taxonomy drift unverified,XRP,2023-06-18T00:00:00Z,False,XRP-USDT-SWAP,2019-11-12T11:16:48Z,SYMBOL_MATCH
2026-08-20,6,USDC,USDC,3408,usd-coin,1.00006221,7.28091634e+10,1.887655187e+10,7.280463436e+10,2018-10-08T00:00:00.000Z,23,medium-of-exchange;stablecoin;asset-backed-stablecoin;stellar-ecosystem;coinbase-ventures-portfolio;usd-stablecoin,HISTORICAL_APPROXIMATION,CMC snapshot tags vary by snapshot date (drift test: tags(2024)!=tags(2026)); taxonomy drift unverified,,,,USDC-USDT-SWAP,2023-03-12T07:55:00Z,SYMBOL_MATCH
2026-08-20,7,SOL,Solana,5426,solana,87.6369394,5.109788289e+10,4371687960,583063297.7,2020-04-10T00:00:00.000Z,19,pos;platform;solana-ecosystem;cms-holdings-portfolio;kenetic-capital-portfolio;alameda-research-portfolio,HISTORICAL_APPROXIMATION,CMC snapshot tags vary by snapshot date (drift test: tags(2024)!=tags(2026)); taxonomy drift unverified,SOL,2023-05-12T00:00:00Z,False,SOL-USDT-SWAP,2021-01-22T07:00:00Z,SYMBOL_MATCH
2026-08-20,8,TRX,TRON,1958,tron,0.33742031,3.202526682e+10,744774625.4,9.491208945e+10,2017-09-13T00:00:00.000Z,12,media;payments;tron-ecosystem;layer-1;dwf-labs-portfolio;alleged-sec-securities,HISTORICAL_APPROXIMATION,CMC snapshot tags vary by snapshot date (drift test: tags(2024)!=tags(2026)); taxonomy drift unverified,TRX,2023-08-06T16:00:00Z,False,TRX-USDT-SWAP,2019-11-12T11:16:48Z,SYMBOL_MATCH
2026-08-20,9,HYPE,Hyperliquid,32196,hyperliquid,73.65647962,1.858415054e+10,1157591303,252308427.4,2024-07-15T10:14:50.000Z,8,decentralized-exchange-dex-token;defi;derivatives;layer-1;hyperliquid-ecosystem;binance-ecosystem,HISTORICAL_APPROXIMATION,CMC snapshot tags vary by snapshot date (drift test: tags(2024)!=tags(2026)); taxonomy drift unverified,HYPE,2024-12-05T10:00:00Z,False,HYPE-USDT-SWAP,2025-02-21T07:00:00Z,SYMBOL_MATCH
2026-08-20,10,DOGE,Dogecoin,74,dogecoin,0.08042241,1.251195965e+10,1541557560,1.555780164e+11,2013-12-15T00:00:00.000Z,16,mineable;pow;scrypt;medium-of-exchange;memes;payments,HISTORICAL_APPROXIMATION,CMC snapshot tags vary by snapshot date (drift test: tags(2024)!=tags(2026)); taxonomy drift unverified,DOGE,2023-05-12T00:00:00Z,False,DOGE-USDT-SWAP,2020-04-21T10:12:51Z,SYMBOL_MATCH
2026-08-20,11,ZEC,Zcash,1437,zcash,568.0367159,9560199392,588916223.2,16830249.04,2016-10-29T00:00:00.000Z,23,mineable;pow;equihash;medium-of-exchange;privacy;zero-knowledge-proofs,HISTORICAL_APPROXIMATION,CMC snapshot tags vary by snapshot date (drift test: tags(2024)!=tags(2026)); taxonomy drift unverified,ZEC,2025-10-02T14:00:00Z,False,ZEC-USDT-SWAP,2025-11-06T03:15:00Z,SYMBOL_MATCH
2026-08-20,12,LEO,UNUS SED LEO,3957,unus-sed-leo,9.27420291,8531688580,328014.36,919937665.9,2019-05-21T00:00:00.000Z,7,marketplace;centralized-exchange;discount-token;payments;ethereum-ecosystem;kenetic-capital-portfolio,HISTORICAL_APPROXIMATION,CMC snapshot tags vary by snapshot date (drift test: tags(2024)!=tags(2026)); taxonomy drift unverified,,,,,,NONE
2026-08-20,13,LINK,Chainlink,1975,chainlink,10.68691402,7994880066,462212244.2,748099970.4,2017-09-20T00:00:00.000Z,63,platform;cosmos-ecosystem;defi;privacy;interoperability;iot,HISTORICAL_APPROXIMATION,CMC snapshot tags vary by snapshot date (drift test: tags(2024)!=tags(2026)); taxonomy drift unverified,LINK,2023-05-18T08:00:00Z,False,LINK-USDT-SWAP,2020-02-28T11:16:48Z,SYMBOL_MATCH
2026-08-20,14,XMR,Monero,328,monero,408.6941566,7680990590,135442340.5,18793981.92,2014-05-21T00:00:00.000Z,13,mineable;pow;medium-of-exchange;privacy;ringct;boostvc-portfolio,HISTORICAL_APPROXIMATION,CMC snapshot tags vary by snapshot date (drift test: tags(2024)!=tags(2026)); taxonomy drift unverified,XMR,2026-01-15T09:00:00Z,False,,,SYMBOL_MATCH
2026-08-20,15,ADA,Cardano,2010,cardano,0.19904868,7277212500,705748853.6,3.655996399e+10,2017-10-01T00:00:00.000Z,18,dpos;pos;platform;research;smart-contracts;staking,HISTORICAL_APPROXIMATION,CMC snapshot tags vary by snapshot date (drift test: tags(2024)!=tags(2026)); taxonomy drift unverified,ADA,2023-10-22T06:00:00Z,False,ADA-USDT-SWAP,2020-02-28T11:16:48Z,SYMBOL_MATCH
2026-08-20,16,XLM,Stellar,512,stellar,0.18145031,6273046760,327282617.9,3.457170668e+10,2014-08-05T00:00:00.000Z,14,medium-of-exchange;enterprise-solutions;decentralized-exchange-dex-token;defi;smart-contracts;hashkey-capital-portfolio,HISTORICAL_APPROXIMATION,CMC snapshot tags vary by snapshot date (drift test: tags(2024)!=tags(2026)); taxonomy drift unverified,XLM,2024-11-23T03:00:00Z,False,XLM-USDT-SWAP,2020-04-21T10:12:51Z,SYMBOL_MATCH
2026-08-20,17,DAI,Dai,4943,multi-collateral-dai,0.99980309,4574077024,48603225.89,4574977866,2019-11-22T00:00:00.000Z,6,defi;stablecoin;asset-backed-stablecoin;usd-stablecoin;xlayer-ecosystem;anubis-ecosystem,HISTORICAL_APPROXIMATION,CMC snapshot tags vary by snapshot date (drift test: tags(2024)!=tags(2026)); taxonomy drift unverified,,,,,,NONE
2026-08-20,18,BCH,Bitcoin Cash,1831,bitcoin-cash,222.9885615,4477166428,373505347.2,20078009.38,2017-07-23T00:00:00.000Z,15,mineable;pow;sha-256;marketplace;medium-of-exchange;store-of-value,HISTORICAL_APPROXIMATION,CMC snapshot tags vary by snapshot date (drift test: tags(2024)!=tags(2026)); taxonomy drift unverified,BCH,2023-06-30T03:00:00Z,False,BCH-USDT-SWAP,2019-11-12T11:16:48Z,SYMBOL_MATCH
2026-08-20,19,USDe,Ethena USDe,29470,ethena-usde,1.00004478,4082133491,33857691.09,4081950718,2024-02-20T11:05:01.000Z,11,stablecoin;asset-backed-stablecoin;binance-labs-portfolio;dragonfly-capital-portfolio;usd-stablecoin;eigenlayer-ecosystem,HISTORICAL_APPROXIMATION,CMC snapshot tags vary by snapshot date (drift test: tags(2024)!=tags(2026)); taxonomy drift unverified,,,,,,NONE
2026-08-20,20,USD1,World Liberty Financial USD,36148,usd1,0.99962405,3967644403,2959316781,3969136584,2025-04-13T05:37:56.000Z,9,stablecoin;asset-backed-stablecoin;usd-stablecoin;tron20-ecosystem;made-in-america;world-liberty-financial-portfolio,HISTORICAL_APPROXIMATION,CMC snapshot tags vary by snapshot date (drift test: tags(2024)!=tags(2026)); taxonomy drift unverified,,,,,,NONE
2026-08-20,21,CC,Canton,37263,canton-network,0.09957557,3922358385,23308445.57,3.939076871e+10,2025-07-08T04:07:45.000Z,11,proof-of-authority;store-of-value;enterprise-solutions;privacy;interoperability;scaling,HISTORICAL_APPROXIMATION,CMC snapshot tags vary by snapshot date (drift test: tags(2024)!=tags(2026)); taxonomy drift unverified,CC,2025-10-31T13:00:00Z,False,CC-USDT-SWAP,2025-10-31T14:00:00Z,SYMBOL_MATCH
2026-08-20,22,GRAM,Gram (prev. Toncoin),11419,gram,1.3986788,3862712588,71076994.2,2761686673,2021-08-26T13:40:22.000Z,9,pos;layer-1;ftx-bankruptcy-estate;dwf-labs-portfolio;toncoin-ecosystem;cmc-crypto-yearbook-2024-2025,HISTORICAL_APPROXIMATION,CMC snapshot tags vary by snapshot date (drift test: tags(2024)!=tags(2026)); taxonomy drift unverified,GRAM,2026-07-02T10:00:00Z,False,GRAM-USDT-SWAP,2026-06-17T10:30:00Z,SYMBOL_MATCH
2026-08-20,23,LTC,Litecoin,2,litecoin,47.82812465,3707656451,283078008.3,77520422.93,2013-04-28T00:00:00.000Z,12,mineable;pow;scrypt;medium-of-exchange;privacy;layer-1,HISTORICAL_APPROXIMATION,CMC snapshot tags vary by snapshot date (drift test: tags(2024)!=tags(2026)); taxonomy drift unverified,LTC,2023-05-12T00:00:00Z,False,LTC-USDT-SWAP,2019-11-12T11:16:48Z,SYMBOL_MATCH
2026-08-20,24,USDG,Global Dollar,33793,global-dollar-usdg,1.00023903,3443794680,328971271.4,3442971721,2024-11-05T04:54:47.000Z,4,stablecoin;asset-backed-stablecoin;usd-stablecoin;robinhood-ecosystem,HISTORICAL_APPROXIMATION,CMC snapshot tags vary by snapshot date (drift test: tags(2024)!=tags(2026)); taxonomy drift unverified,,,,,,NONE
2026-08-20,25,HBAR,Hedera,4642,hedera,0.07345115,3219477489,92140672.11,4.383154502e+10,2019-09-17T00:00:00.000Z,14,dag;marketplace;enterprise-solutions;payments;dcg-portfolio;hedera-hashgraph-ecosystem,HISTORICAL_APPROXIMATION,CMC snapshot tags vary by snapshot date (drift test: tags(2024)!=tags(2026)); taxonomy drift unverified,HBAR,2024-04-24T06:00:00Z,False,HBAR-USDT-SWAP,2023-08-16T05:55:00Z,SYMBOL_MATCH
2026-08-20,26,AVAX,Avalanche,5805,avalanche,7.29863144,3151344410,426558526.7,431771961.2,2020-07-13T00:00:00.000Z,14,smart-contracts;three-arrows-capital-portfolio;polychain-capital-portfolio;avalanche-ecosystem;cms-holdings-portfolio;dragonfly-capital-portfolio,HISTORICAL_APPROXIMATION,CMC snapshot tags vary by snapshot date (drift test: tags(2024)!=tags(2026)); taxonomy drift unverified,AVAX,2023-05-12T00:00:00Z,False,AVAX-USDT-SWAP,2020-09-23T06:00:00Z,SYMBOL_MATCH
2026-08-20,27,SUI,Sui,20947,sui,0.73365605,2989303506,464906283.7,4074529886,2022-07-12T08:03:11.000Z,13,binance-launchpool;coinbase-ventures-portfolio;binance-labs-portfolio;electric-capital-portfolio;a16z-portfolio;sui-ecosystem,HISTORICAL_APPROXIMATION,CMC snapshot tags vary by snapshot date (drift test: tags(2024)!=tags(2026)); taxonomy drift unverified,SUI,2023-05-12T00:00:00Z,False,SUI-USDT-SWAP,2023-05-05T03:55:00Z,SYMBOL_MATCH
2026-08-20,28,SHIB,Shiba Inu,5994,shiba-inu,4.93e-06,2907814962,137339024.6,5.892394528e+14,2020-08-01T00:00:00.000Z,11,memes;ethereum-ecosystem;doggone-doggerel;bnb-chain-ecosystem;base-ecosystem;animal-memes,HISTORICAL_APPROXIMATION,CMC snapshot tags vary by snapshot date (drift test: tags(2024)!=tags(2026)); taxonomy drift unverified,,,,SHIB-USDT-SWAP,2021-05-09T09:00:00Z,SYMBOL_MATCH
2026-08-20,29,PYUSD,PayPal USD,27772,paypal-usd,0.9998461,2823880815,149830963.8,2824315489,2023-08-21T14:30:00.000Z,5,stablecoin;asset-backed-stablecoin;stellar-ecosystem;usd-stablecoin;fiat-stablecoin,HISTORICAL_APPROXIMATION,CMC snapshot tags vary by snapshot date (drift test: tags(2024)!=tags(2026)); taxonomy drift unverified,,,,,,NONE
2026-08-20,30,XAUt,Tether Gold,5176,tether-gold,4504.002382,2760159223,593015200.3,612823.6595,2020-02-07T00:00:00.000Z,9,ethereum-ecosystem;bnb-chain-ecosystem;tokenized-gold;real-world-assets-protocols;binance-ecosystem;binance-listing,HISTORICAL_APPROXIMATION,CMC snapshot tags vary by snapshot date (drift test: tags(2024)!=tags(2026)); taxonomy drift unverified,,,,,,NONE
2026-08-20,31,CRO,Cronos,3635,cronos,0.05319347,2580026616,13871174.37,4.850269649e+10,2018-12-14T00:00:00.000Z,5,medium-of-exchange;centralized-exchange;mobile;payments;layer-1,HISTORICAL_APPROXIMATION,CMC snapshot tags vary by snapshot date (drift test: tags(2024)!=tags(2026)); taxonomy drift unverified,,,,CRO-USDT-SWAP,2021-04-08T09:00:00Z,SYMBOL_MATCH
2026-08-20,32,TAO,Bittensor,22974,bittensor,214.5781564,2414939099,243059482.6,11254356.64,2023-03-06T05:20:00.000Z,15,ai-big-data;distributed-computing;oracles;dao;polychain-capital-portfolio;dcg-portfolio,HISTORICAL_APPROXIMATION,CMC snapshot tags vary by snapshot date (drift test: tags(2024)!=tags(2026)); taxonomy drift unverified,TAO,2024-02-19T14:00:00Z,False,TAO-USDT-SWAP,2024-09-20T05:00:00Z,SYMBOL_MATCH
2026-08-20,33,UNI,Uniswap,7083,uniswap,3.7581378,2343861945,303582500,623676423.7,2020-09-17T00:00:00.000Z,32,decentralized-exchange-dex-token;defi;dao;ethereum-ecosystem;yield-farming;amm,HISTORICAL_APPROXIMATION,CMC snapshot tags vary by snapshot date (drift test: tags(2024)!=tags(2026)); taxonomy drift unverified,UNI,2023-08-11T23:00:00Z,False,UNI-USDT-SWAP,2020-09-17T04:30:00Z,SYMBOL_MATCH
2026-08-20,34,NEAR,NEAR Protocol,6535,near-protocol,1.76686324,2304239586,205763907.3,1304141447,2020-08-11T00:00:00.000Z,24,platform;ai-big-data;staking;coinbase-ventures-portfolio;three-arrows-capital-portfolio;arrington-xrp-capital-portfolio,HISTORICAL_APPROXIMATION,CMC snapshot tags vary by snapshot date (drift test: tags(2024)!=tags(2026)); taxonomy drift unverified,NEAR,2023-11-01T17:00:00Z,False,NEAR-USDT-SWAP,2020-12-21T10:00:00Z,SYMBOL_MATCH
2026-08-20,35,OKB,OKB,3897,okb,107.0804344,2248689121,47227611.43,21000000,2019-04-30T00:00:00.000Z,5,layer-2;alameda-research-portfolio;x-layer-ecosystem;xlayer-ecosystem;made-in-china,HISTORICAL_APPROXIMATION,CMC snapshot tags vary by snapshot date (drift test: tags(2024)!=tags(2026)); taxonomy drift unverified,,,,OKB-USDT-SWAP,2025-09-04T02:00:00Z,SYMBOL_MATCH
2026-08-20,36,PAXG,PAX Gold,4705,pax-gold,4513.382464,1981188454,300646775.3,438958.6901,2019-09-26T00:00:00.000Z,7,ethereum-ecosystem;tokenized-gold;real-world-assets-protocols;binance-ecosystem;binance-listing;tokenized-assets,HISTORICAL_APPROXIMATION,CMC snapshot tags vary by snapshot date (drift test: tags(2024)!=tags(2026)); taxonomy drift unverified,PAXG,2025-04-06T16:00:00Z,False,,,SYMBOL_MATCH
2026-08-20,37,WLFI,World Liberty Financial,33251,world-liberty-financial-wlfi,0.05987217,1902529167,75021882.27,3.177652034e+10,2024-10-01T02:34:47.000Z,8,defi;ethereum-ecosystem;solana-ecosystem;bnb-chain-ecosystem;made-in-america;binance-ecosystem,HISTORICAL_APPROXIMATION,CMC snapshot tags vary by snapshot date (drift test: tags(2024)!=tags(2026)); taxonomy drift unverified,WLFI,2025-08-23T11:00:00Z,False,WLFI-USDT-SWAP,2025-08-23T13:00:00Z,SYMBOL_MATCH
2026-08-20,38,RLUSD,Ripple USD,34387,ripple-usd,1.00018522,1888823033,746650098.1,1888473246,2024-12-18T07:22:18.000Z,7,stablecoin;asset-backed-stablecoin;usd-stablecoin;fiat-stablecoin;binance-ecosystem;binance-listing,HISTORICAL_APPROXIMATION,CMC snapshot tags vary by snapshot date (drift test: tags(2024)!=tags(2026)); taxonomy drift unverified,,,,,,NONE
2026-08-20,39,ASTER,Aster,36341,aster,0.66432798,1795199614,151449175.3,2702279095,2025-04-25T06:46:11.000Z,9,decentralized-exchange-dex-token;defi;derivatives;dex;bnb-chain-ecosystem;binance-ecosystem,HISTORICAL_APPROXIMATION,CMC snapshot tags vary by snapshot date (drift test: tags(2024)!=tags(2026)); taxonomy drift unverified,ASTER,2025-09-19T11:00:00Z,False,ASTER-USDT-SWAP,2025-09-22T05:00:00Z,SYMBOL_MATCH
2026-08-20,40,ONDO,Ondo,21159,ondo-finance,0.3560781,1733862002,159950333.7,4869330647,2024-01-18T12:06:25.000Z,8,ethereum-ecosystem;real-world-assets-protocols;cmc-crypto-yearbook-2024-2025;made-in-america;world-liberty-financial-portfolio;binance-ecosystem,HISTORICAL_APPROXIMATION,CMC snapshot tags vary by snapshot date (drift test: tags(2024)!=tags(2026)); taxonomy drift unverified,ONDO,2024-01-20T15:00:00Z,False,ONDO-USDT-SWAP,2024-08-06T10:30:03Z,SYMBOL_MATCH
2026-08-20,41,MNT,Mantle,27075,mantle,0.51629968,1704973535,55846837.61,3302294383,2023-07-17T11:00:31.000Z,6,ethereum-ecosystem;layer-2;dwf-labs-portfolio;mantle-ecosystem;made-in-china;neobank,HISTORICAL_APPROXIMATION,CMC snapshot tags vary by snapshot date (drift test: tags(2024)!=tags(2026)); taxonomy drift unverified,MNT,2024-04-05T02:00:00Z,False,,,SYMBOL_MATCH
2026-08-20,42,M,MemeCore,35491,memecore,1.16442758,1556837889,4446840.85,1336998463,2025-07-03T09:16:58.000Z,7,memes;bnb-chain-ecosystem;layer-1;binance-alpha;binance-alpha-airdrops;binance-ecosystem,HISTORICAL_APPROXIMATION,CMC snapshot tags vary by snapshot date (drift test: tags(2024)!=tags(2026)); taxonomy drift unverified,,,,,,NONE
2026-08-20,43,USDD,USDD,19891,usdd,0.99976702,1536291257,17521810.42,1536649270,2022-05-02T08:07:12.000Z,6,stablecoin;algorithmic-stablecoin;asset-backed-stablecoin;usd-stablecoin;tron20-ecosystem;made-in-china,HISTORICAL_APPROXIMATION,CMC snapshot tags vary by snapshot date (drift test: tags(2024)!=tags(2026)); taxonomy drift unverified,,,,,,NONE
2026-08-20,44,AAVE,Aave,7278,aave,99.1747199,1529579848,244263508.8,15423082.11,2020-10-02T00:00:00.000Z,29,defi;dao;ethereum-ecosystem;yield-farming;three-arrows-capital-portfolio;governance,HISTORICAL_APPROXIMATION,CMC snapshot tags vary by snapshot date (drift test: tags(2024)!=tags(2026)); taxonomy drift unverified,AAVE,2023-07-18T00:00:00Z,False,AAVE-USDT-SWAP,2020-12-10T06:00:00Z,SYMBOL_MATCH
2026-08-20,45,PUMP,Pump.fun,36507,pump-fun,0.00384891,1503063662,317340878.4,3.905168688e+11,2025-05-14T18:51:49.000Z,6,launchpad;solana-ecosystem;pump-fun-ecosystem;binance-ecosystem;binance-listing;coinlist-launchpad,HISTORICAL_APPROXIMATION,CMC snapshot tags vary by snapshot date (drift test: tags(2024)!=tags(2026)); taxonomy drift unverified,PUMP,2025-07-10T04:00:00Z,False,PUMP-USDT-SWAP,2025-07-14T17:30:00Z,SYMBOL_MATCH
2026-08-20,46,SKY,Sky,33038,sky,0.06200455,1452484813,16860034.62,2.342545631e+10,2024-09-18T13:25:16.000Z,23,store-of-value;defi;dao;ethereum-ecosystem;polychain-capital-portfolio;governance,HISTORICAL_APPROXIMATION,CMC snapshot tags vary by snapshot date (drift test: tags(2024)!=tags(2026)); taxonomy drift unverified,SKY,2025-09-17T06:00:00Z,False,SKY-USDT-SWAP,2025-09-11T11:30:00Z,SYMBOL_MATCH
2026-08-20,47,DOT,Polkadot,6636,polkadot-new,0.84938134,1443081137,117652997.6,1698979093,2020-08-19T00:00:00.000Z,32,defi;ethereum-ecosystem;substrate;polkadot;polkadot-ecosystem;three-arrows-capital-portfolio,HISTORICAL_APPROXIMATION,CMC snapshot tags vary by snapshot date (drift test: tags(2024)!=tags(2026)); taxonomy drift unverified,DOT,2023-09-12T12:00:00Z,False,DOT-USDT-SWAP,2020-08-25T10:12:51Z,SYMBOL_MATCH
2026-08-20,48,WLD,Worldcoin,13502,worldcoin-org,0.37340291,1346307306,246100147,3605508380,2021-10-28T15:31:43.000Z,13,defi;zero-knowledge-proofs;identity;ethereum-ecosystem;governance;blockchain-capital-portfolio,HISTORICAL_APPROXIMATION,CMC snapshot tags vary by snapshot date (drift test: tags(2024)!=tags(2026)); taxonomy drift unverified,WLD,2023-07-24T14:00:00Z,False,WLD-USDT-SWAP,2023-07-24T11:55:21Z,SYMBOL_MATCH
2026-08-20,49,PEPE,Pepe,24478,pepe,3.22e-06,1330446511,628400066.9,4.137723552e+14,2023-04-17T06:18:08.000Z,5,memes;ethereum-ecosystem;binance-ecosystem;binance-listing;etherlink-ecosystem,HISTORICAL_APPROXIMATION,CMC snapshot tags vary by snapshot date (drift test: tags(2024)!=tags(2026)); taxonomy drift unverified,,,,PEPE-USDT-SWAP,2023-05-03T03:55:01Z,SYMBOL_MATCH
2026-08-20,50,ICP,Internet Computer,8916,internet-computer,2.39236635,1330138332,64631784.75,555992744.6,2021-03-23T00:00:00.000Z,18,platform;ai-big-data;smart-contracts;polychain-capital-portfolio;electric-capital-portfolio;fenbushi-capital-portfolio,HISTORICAL_APPROXIMATION,CMC snapshot tags vary by snapshot date (drift test: tags(2024)!=tags(2026)); taxonomy drift unverified,ICP,2025-11-08T04:00:00Z,False,ICP-USDT-SWAP,2021-05-14T09:00:00Z,SYMBOL_MATCH
2026-08-20,51,U,United Stables,39120,united-stables,0.99980944,1266357840,239809847.7,1266599208,2025-12-12T08:13:26.000Z,5,stablecoin;asset-backed-stablecoin;tron20-ecosystem;binance-ecosystem;binance-listing,HISTORICAL_APPROXIMATION,CMC snapshot tags vary by snapshot date (drift test: tags(2024)!=tags(2026)); taxonomy drift unverified,,,,,,NONE
2026-08-20,52,BGB,Bitget Token,11092,bitget-token-new,1.79847691,1255549361,9858595.77,698118144.9,2021-07-29T00:00:00.000Z,3,centralized-exchange;ethereum-ecosystem;made-in-china,HISTORICAL_APPROXIMATION,CMC snapshot tags vary by snapshot date (drift test: tags(2024)!=tags(2026)); taxonomy drift unverified,,,,,,NONE
2026-08-20,53,MORPHO,Morpho,34104,morpho,2.31446867,1198948023,32664495.9,518023008.2,2024-11-21T10:30:00.000Z,11,defi;ethereum-ecosystem;coinbase-ventures-portfolio;lending-borowing;fenbushi-capital-portfolio;pantera-capital-portfolio,HISTORICAL_APPROXIMATION,CMC snapshot tags vary by snapshot date (drift test: tags(2024)!=tags(2026)); taxonomy drift unverified,MORPHO,2025-01-17T09:00:00Z,False,MORPHO-USDT-SWAP,2024-11-25T10:00:00Z,SYMBOL_MATCH
2026-08-20,54,ENA,Ethena,30171,ethena,0.1171827,1151686176,357358008.9,9828125000,2024-03-29T04:42:08.000Z,9,defi;ethereum-ecosystem;binance-labs-portfolio;okx-ventures-portfolio;cmc-crypto-yearbook-2024-2025;world-liberty-financial-portfolio,HISTORICAL_APPROXIMATION,CMC snapshot tags vary by snapshot date (drift test: tags(2024)!=tags(2026)); taxonomy drift unverified,ENA,2024-04-02T14:00:00Z,False,ENA-USDT-SWAP,2025-09-17T07:30:00Z,SYMBOL_MATCH
2026-08-20,55,ETC,Ethereum Classic,1321,ethereum-classic,6.96104963,1099206237,45701368.94,157908116.7,2016-07-24T00:00:00.000Z,11,mineable;pow;ethash;platform;smart-contracts;dcg-portfolio,HISTORICAL_APPROXIMATION,CMC snapshot tags vary by snapshot date (drift test: tags(2024)!=tags(2026)); taxonomy drift unverified,ETC,2024-01-12T01:00:00Z,False,ETC-USDT-SWAP,2019-11-12T11:16:48Z,SYMBOL_MATCH
2026-08-20,56,KCS,KuCoin Token,2087,kucoin-token,7.4344694,1019674809,12516328.99,137155021.3,2017-10-24T00:00:00.000Z,6,marketplace;centralized-exchange;discount-token;ethereum-ecosystem;kcc-ecosystem;made-in-china,HISTORICAL_APPROXIMATION,CMC snapshot tags vary by snapshot date (drift test: tags(2024)!=tags(2026)); taxonomy drift unverified,,,,,,NONE
2026-08-20,57,PI,Pi,35697,pi,0.09108203,1008689778,10730520.59,1.107452015e+10,2025-02-11T07:16:10.000Z,2,layer-1;mobile-mining,HISTORICAL_APPROXIMATION,CMC snapshot tags vary by snapshot date (drift test: tags(2024)!=tags(2026)); taxonomy drift unverified,,,,PI-USDT-SWAP,2025-02-20T09:00:00Z,SYMBOL_MATCH
2026-08-20,58,JST,JUST,5488,just,0.1071437,877372235.1,34983525.53,8188743036,2020-05-07T00:00:00.000Z,5,defi;tron-ecosystem;tron20-ecosystem;binance-ecosystem;binance-listing,HISTORICAL_APPROXIMATION,CMC snapshot tags vary by snapshot date (drift test: tags(2024)!=tags(2026)); taxonomy drift unverified,,,,,,NONE
2026-08-20,59,POL,Polygon (prev. MATIC),28321,polygon-ecosystem-token,0.08117276,868561672,88408308.79,1.070016239e+10,2023-10-30T14:43:57.000Z,5,ethereum-ecosystem;layer-2;polygon-ecosystem;binance-ecosystem;binance-listing,HISTORICAL_APPROXIMATION,CMC snapshot tags vary by snapshot date (drift test: tags(2024)!=tags(2026)); taxonomy drift unverified,POL,2024-09-17T07:00:00Z,False,POL-USDT-SWAP,2024-09-24T08:30:00Z,SYMBOL_MATCH
2026-08-20,60,STABLE,Stable,38892,stable,0.03134086,801901153.6,19539554.04,2.558644719e+10,2025-11-06T14:24:37.000Z,10,enterprise-solutions;payments;staking;governance;layer-1;binance-alpha,HISTORICAL_APPROXIMATION,CMC snapshot tags vary by snapshot date (drift test: tags(2024)!=tags(2026)); taxonomy drift unverified,STABLE,2025-12-08T14:00:00Z,False,STABLE-USDT-SWAP,2025-12-08T13:30:00Z,SYMBOL_MATCH
2026-08-20,61,ATOM,Cosmos,3794,cosmos,1.51261358,795331996.5,28357323.93,525799851.4,2019-03-14T00:00:00.000Z,21,platform;cosmos-ecosystem;communications-social-media;content-creation;defi;interoperability,HISTORICAL_APPROXIMATION,CMC snapshot tags vary by snapshot date (drift test: tags(2024)!=tags(2026)); taxonomy drift unverified,ATOM,2023-05-12T00:00:00Z,False,ATOM-USDT-SWAP,2019-11-12T11:16:48Z,SYMBOL_MATCH
2026-08-20,62,ALGO,Algorand,4030,algorand,0.08805552,795288774.5,34859526.09,9031673997,2019-06-20T00:00:00.000Z,20,pos;platform;research;smart-contracts;algorand-ecosystem;arrington-xrp-capital-portfolio,HISTORICAL_APPROXIMATION,CMC snapshot tags vary by snapshot date (drift test: tags(2024)!=tags(2026)); taxonomy drift unverified,ALGO,2024-12-04T13:00:00Z,False,ALGO-USDT-SWAP,2020-04-21T10:12:51Z,SYMBOL_MATCH
2026-08-20,63,KAS,Kaspa,20396,kaspa,0.02802675,774996643.9,13704148.46,2.765203166e+10,2022-06-01T00:03:58.000Z,9,mineable;dag;pow;store-of-value;polychain-capital-portfolio;layer-1,HISTORICAL_APPROXIMATION,CMC snapshot tags vary by snapshot date (drift test: tags(2024)!=tags(2026)); taxonomy drift unverified,KAS,2023-10-12T18:00:00Z,False,,,SYMBOL_MATCH
2026-08-20,64,GT,GateToken,4269,gatetoken,7.14414134,761563646.8,6046130.38,106599745.3,2019-08-20T00:00:00.000Z,7,marketplace;centralized-exchange;discount-token;ethereum-ecosystem;solana-ecosystem;ftx-bankruptcy-estate,HISTORICAL_APPROXIMATION,CMC snapshot tags vary by snapshot date (drift test: tags(2024)!=tags(2026)); taxonomy drift unverified,,,,,,NONE
2026-08-20,65,QNT,Quant,3155,quant,62.23233622,751314690.3,7417417.25,12072738,2018-08-10T00:00:00.000Z,8,platform;defi;interoperability;ethereum-ecosystem;real-world-assets-protocols;binance-ecosystem,HISTORICAL_APPROXIMATION,CMC snapshot tags vary by snapshot date (drift test: tags(2024)!=tags(2026)); taxonomy drift unverified,,,,QNT-USDT-SWAP,2026-06-05T10:30:00Z,SYMBOL_MATCH
2026-08-20,66,RENDER,Render,5690,render,1.40381303,728259036.9,34809191.12,518772101.3,2020-06-11T00:00:00.000Z,23,art;media;vr-ar;ai-big-data;distributed-computing;collectibles-nfts,HISTORICAL_APPROXIMATION,CMC snapshot tags vary by snapshot date (drift test: tags(2024)!=tags(2026)); taxonomy drift unverified,RENDER,2024-07-31T11:00:00Z,False,RENDER-USDT-SWAP,2024-08-08T08:30:00Z,SYMBOL_MATCH
2026-08-20,67,VVV,Venice Token,35509,venice-token,14.55775297,694978769.4,22824163.55,47739425.9,2025-01-28T02:53:32.000Z,7,ai-big-data;base-ecosystem;binance-alpha;made-in-america;binance-ecosystem;binance-listing,HISTORICAL_APPROXIMATION,CMC snapshot tags vary by snapshot date (drift test: tags(2024)!=tags(2026)); taxonomy drift unverified,VVV,2025-01-28T01:00:00Z,False,VVV-USDT-SWAP,2026-07-03T06:00:00Z,SYMBOL_MATCH
2026-08-20,68,LIT,Lighter,39125,lighter,2.67243469,668108672.1,104520777.2,250000000,2025-12-30T06:45:00.000Z,12,decentralized-exchange-dex-token;defi;derivatives;zero-knowledge-proofs;ethereum-ecosystem;dex,HISTORICAL_APPROXIMATION,CMC snapshot tags vary by snapshot date (drift test: tags(2024)!=tags(2026)); taxonomy drift unverified,LIT,2025-12-22T16:00:00Z,False,LIT-USDT-SWAP,2025-12-24T03:30:00Z,SYMBOL_MATCH
2026-08-20,69,JUP,Jupiter,29210,jupiter-ag,0.19158771,636131148.7,26496505.42,3320312968,2024-01-31T08:38:13.000Z,11,decentralized-exchange-dex-token;defi;derivatives;amm;solana-ecosystem;cross-chain,HISTORICAL_APPROXIMATION,CMC snapshot tags vary by snapshot date (drift test: tags(2024)!=tags(2026)); taxonomy drift unverified,JUP,2023-12-03T01:00:00Z,False,JUP-USDT-SWAP,2024-01-31T16:05:00Z,SYMBOL_MATCH
2026-08-20,70,ARB,Arbitrum,11841,arbitrum,0.09102834,607894170.7,132410114,6678075931,2023-03-23T12:50:11.000Z,14,scaling;dao;dapp;ethereum-ecosystem;polychain-capital-portfolio;layer-2,HISTORICAL_APPROXIMATION,CMC snapshot tags vary by snapshot date (drift test: tags(2024)!=tags(2026)); taxonomy drift unverified,ARB,2023-05-12T00:00:00Z,False,ARB-USDT-SWAP,2023-03-23T14:01:34Z,SYMBOL_MATCH
2026-08-20,71,FLR,Flare,7950,flare,0.00695973,605218392.5,6011471.7,8.696006411e+10,2020-12-11T00:00:00.000Z,3,layer-1;dwf-labs-portfolio;iso-20022,HISTORICAL_APPROXIMATION,CMC snapshot tags vary by snapshot date (drift test: tags(2024)!=tags(2026)); taxonomy drift unverified,,,,,,NONE
2026-08-20,72,FIL,Filecoin,2280,filecoin,0.73585852,604725613.7,143811309.1,821796029,2017-12-13T00:00:00.000Z,24,mineable;ai-big-data;distributed-computing;filesharing;storage;polychain-capital-portfolio,HISTORICAL_APPROXIMATION,CMC snapshot tags vary by snapshot date (drift test: tags(2024)!=tags(2026)); taxonomy drift unverified,FIL,2023-11-14T04:00:00Z,False,FIL-USDT-SWAP,2019-08-10T10:12:51Z,SYMBOL_MATCH
2026-08-20,73,XDC,XDC Network,2634,xdc-network,0.02863524,601934052.1,12966523.03,2.102074149e+10,2018-04-12T00:00:00.000Z,8,pos;enterprise-solutions;masternodes;smart-contracts;xdc-ecosystem;real-world-assets-protocols,HISTORICAL_APPROXIMATION,CMC snapshot tags vary by snapshot date (drift test: tags(2024)!=tags(2026)); taxonomy drift unverified,,,,,,NONE
2026-08-20,74,ETHFI,ether.fi,29814,ether-fi-ethfi,0.5439815,553864856.1,68081897.15,1018168558,2024-03-13T06:06:39.000Z,13,defi;staking;ethereum-ecosystem;binance-launchpool;arbitrum-ecosystem;optimism-ecosystem,HISTORICAL_APPROXIMATION,CMC snapshot tags vary by snapshot date (drift test: tags(2024)!=tags(2026)); taxonomy drift unverified,ETHFI,2024-03-21T01:00:00Z,False,ETHFI-USDT-SWAP,2024-03-18T12:25:00Z,SYMBOL_MATCH
2026-08-20,75,CAKE,PancakeSwap,7186,pancakeswap,1.6471349,529068115.1,34255853.62,321205090.9,2020-09-25T00:00:00.000Z,23,collectibles-nfts;decentralized-exchange-dex-token;defi;derivatives;smart-contracts;ethereum-ecosystem,HISTORICAL_APPROXIMATION,CMC snapshot tags vary by snapshot date (drift test: tags(2024)!=tags(2026)); taxonomy drift unverified,CAKE,2023-12-30T15:00:00Z,False,,,SYMBOL_MATCH
2026-08-20,76,NEXO,Nexo,2694,nexo,0.78322729,506079053,11238330.51,646145839.6,2018-05-01T00:00:00.000Z,8,services;payments;ethereum-ecosystem;polygon-ecosystem;cardano-ecosystem;alleged-sec-securities,HISTORICAL_APPROXIMATION,CMC snapshot tags vary by snapshot date (drift test: tags(2024)!=tags(2026)); taxonomy drift unverified,,,,,,NONE
2026-08-20,77,APT,Aptos,21794,aptos,0.57588342,493956499.7,57402394.44,857736962.6,2022-10-19T01:50:25.000Z,10,binance-labs-portfolio;circle-ventures-portfolio;layer-1;ftx-bankruptcy-estate;move-vm;made-in-america,HISTORICAL_APPROXIMATION,CMC snapshot tags vary by snapshot date (drift test: tags(2024)!=tags(2026)); taxonomy drift unverified,APT,2023-06-30T03:00:00Z,False,APT-USDT-SWAP,2022-10-19T01:18:48Z,SYMBOL_MATCH
2026-08-20,78,TUSD,TrueUSD,2563,trueusd,0.99841726,493732394.9,39240697.2,494515083,2018-03-06T00:00:00.000Z,8,store-of-value;stablecoin;asset-backed-stablecoin;usd-stablecoin;fiat-stablecoin;tron20-ecosystem,HISTORICAL_APPROXIMATION,CMC snapshot tags vary by snapshot date (drift test: tags(2024)!=tags(2026)); taxonomy drift unverified,,,,,,NONE
2026-08-20,79,INJ,Injective,7226,injective,4.77107882,476969303.4,103626173.2,99970954.5,2020-09-29T00:00:00.000Z,17,pos;platform;ai-big-data;smart-contracts;cosmos;binance-smart-chain,HISTORICAL_APPROXIMATION,CMC snapshot tags vary by snapshot date (drift test: tags(2024)!=tags(2026)); taxonomy drift unverified,INJ,2023-05-12T00:00:00Z,False,INJ-USDT-SWAP,2023-11-30T11:55:00Z,SYMBOL_MATCH
2026-08-20,80,币安人生,币安人生,38590,bianrensheng,0.47283581,472835807.4,13714203.17,1000000000,2025-10-07T03:15:16.000Z,6,memes;bnb-chain-ecosystem;four-meme-ecosystem;binance-ecosystem;binance-listing;chinese-meme,HISTORICAL_APPROXIMATION,CMC snapshot tags vary by snapshot date (drift test: tags(2024)!=tags(2026)); taxonomy drift unverified,,,,,,NONE
2026-08-20,81,EURC,EURC,20641,euro-coin,1.16823343,470904369.9,62905927.19,403090991,2022-06-16T19:13:48.000Z,6,stablecoin;asset-backed-stablecoin;stellar-ecosystem;eur-stablecoin;fiat-stablecoin;sonic-ecosystem,HISTORICAL_APPROXIMATION,CMC snapshot tags vary by snapshot date (drift test: tags(2024)!=tags(2026)); taxonomy drift unverified,,,,,,NONE
2026-08-20,82,AERO,Aerodrome Finance,29270,aerodrome-finance,0.47910651,470204582.9,52034368.85,981419731.5,2024-02-02T07:15:19.000Z,6,defi;amm;base-ecosystem;made-in-america;binance-ecosystem;binance-listing,HISTORICAL_APPROXIMATION,CMC snapshot tags vary by snapshot date (drift test: tags(2024)!=tags(2026)); taxonomy drift unverified,AERO,2025-11-11T07:00:00Z,False,AERO-USDT-SWAP,2025-07-03T06:15:00Z,SYMBOL_MATCH
2026-08-20,83,PENGU,Pudgy Penguins,34466,pudgy-penguins,0.00717894,451270952.6,137843246.1,6.286039609e+10,2024-12-17T14:00:00.000Z,13,collectibles-nfts;memes;ethereum-ecosystem;solana-ecosystem;bnb-chain-ecosystem;animal-memes,HISTORICAL_APPROXIMATION,CMC snapshot tags vary by snapshot date (drift test: tags(2024)!=tags(2026)); taxonomy drift unverified,PENGU,2024-12-17T15:00:00Z,False,PENGU-USDT-SWAP,2024-12-17T15:55:02Z,SYMBOL_MATCH
2026-08-20,84,VET,VeChain,3077,vechain,0.00515408,443173868.5,12832361.4,8.598504118e+10,2017-08-22T00:00:00.000Z,10,logistics;data-provenance;iot;smart-contracts;fenbushi-capital-portfolio;real-world-assets-protocols,HISTORICAL_APPROXIMATION,CMC snapshot tags vary by snapshot date (drift test: tags(2024)!=tags(2026)); taxonomy drift unverified,,,,,,NONE
2026-08-20,85,CRV,Curve DAO Token,6538,curve-dao-token,0.28516695,439613362.3,76174965.13,1541599982,2020-08-14T00:00:00.000Z,18,decentralized-exchange-dex-token;defi;dao;ethereum-ecosystem;yield-farming;amm,HISTORICAL_APPROXIMATION,CMC snapshot tags vary by snapshot date (drift test: tags(2024)!=tags(2026)); taxonomy drift unverified,CRV,2023-05-15T16:00:00Z,False,CRV-USDT-SWAP,2020-09-04T10:12:51Z,SYMBOL_MATCH
2026-08-20,86,VIRTUAL,Virtuals Protocol,29420,virtual-protocol,0.64452817,424051768.1,75557363.56,657925885.6,2024-02-15T07:33:29.000Z,14,ai-big-data;gaming;ethereum-ecosystem;solana-ecosystem;metaverse;generative-ai,HISTORICAL_APPROXIMATION,CMC snapshot tags vary by snapshot date (drift test: tags(2024)!=tags(2026)); taxonomy drift unverified,VIRTUAL,2024-12-16T05:00:00Z,False,VIRTUAL-USDT-SWAP,2024-12-11T10:00:00Z,SYMBOL_MATCH
2026-08-20,87,DASH,Dash,131,dash,32.71335162,418930690.7,55925583.39,12806107.29,2014-02-14T00:00:00.000Z,15,mineable;hybrid-pow-pos;x11;medium-of-exchange;privacy;masternodes,HISTORICAL_APPROXIMATION,CMC snapshot tags vary by snapshot date (drift test: tags(2024)!=tags(2026)); taxonomy drift unverified,DASH,2026-01-18T04:00:00Z,False,DASH-USDT-SWAP,2025-11-06T03:00:00Z,SYMBOL_MATCH
2026-08-20,88,TRUMP,OFFICIAL TRUMP,35336,official-trump,1.64869638,409289186.9,406678032.7,248250189.1,2025-01-18T04:19:35.000Z,8,memes;solana-ecosystem;political-memes;celebrity-memes;made-in-america;moonshot,HISTORICAL_APPROXIMATION,CMC snapshot tags vary by snapshot date (drift test: tags(2024)!=tags(2026)); taxonomy drift unverified,TRUMP,2025-01-18T06:00:00Z,False,TRUMP-USDT-SWAP,2025-01-19T05:30:04Z,SYMBOL_MATCH
2026-08-20,89,SPX,SPX6900,28081,spx6900,0.39564542,368343148,13962592.92,930993090.1,2023-08-17T10:00:00.000Z,7,memes;ethereum-ecosystem;solana-ecosystem;base-ecosystem;binance-alpha;binance-ecosystem,HISTORICAL_APPROXIMATION,CMC snapshot tags vary by snapshot date (drift test: tags(2024)!=tags(2026)); taxonomy drift unverified,SPX,2025-01-07T06:00:00Z,False,SPX-USDT-SWAP,2025-07-17T05:00:00Z,SYMBOL_MATCH
2026-08-20,90,FDUSD,First Digital USD,26081,first-digital-usd,0.99884729,351518053.7,402878523.7,351923721.4,2023-07-26T04:26:40.000Z,7,stablecoin;asset-backed-stablecoin;binance-smart-chain;usd-stablecoin;fiat-stablecoin;binance-ecosystem,HISTORICAL_APPROXIMATION,CMC snapshot tags vary by snapshot date (drift test: tags(2024)!=tags(2026)); taxonomy drift unverified,,,,,,NONE
2026-08-20,91,PYTH,Pyth Network,28177,pyth-network,0.04431439,348974438,45275723.9,7874968343,2023-11-20T09:42:13.000Z,7,defi;oracles;solana-ecosystem;cross-chain;cmc-crypto-yearbook-2024-2025;binance-ecosystem,HISTORICAL_APPROXIMATION,CMC snapshot tags vary by snapshot date (drift test: tags(2024)!=tags(2026)); taxonomy drift unverified,PYTH,2023-11-14T23:00:00Z,False,PYTH-USDT-SWAP,2023-11-20T14:55:00Z,SYMBOL_MATCH
2026-08-20,92,SUN,Sun [New],10529,sun-token,0.01740057,334476935.5,15356622.93,1.922218199e+10,2021-06-21T00:00:00.000Z,5,tron-ecosystem;tron20-ecosystem;binance-ecosystem;binance-listing;made-in-china,HISTORICAL_APPROXIMATION,CMC snapshot tags vary by snapshot date (drift test: tags(2024)!=tags(2026)); taxonomy drift unverified,,,,,,NONE
2026-08-20,93,GNO,Gnosis,1659,gnosis-gno,124.0430809,327412838.2,2322190.25,2639509.078,2017-05-01T00:00:00.000Z,8,services;decentralized-exchange-dex-token;prediction-markets;kenetic-capital-portfolio;layer-1;gnosis-chain-ecosystem,HISTORICAL_APPROXIMATION,CMC snapshot tags vary by snapshot date (drift test: tags(2024)!=tags(2026)); taxonomy drift unverified,,,,,,NONE
2026-08-20,94,NIGHT,Midnight,39064,midnight-network,0.01968066,326844556.1,16201263.01,1.66073994e+10,2025-12-08T02:23:02.000Z,8,privacy;zero-knowledge-proofs;cardano-ecosystem;bnb-chain-ecosystem;binance-alpha-airdrops;binance-ecosystem,HISTORICAL_APPROXIMATION,CMC snapshot tags vary by snapshot date (drift test: tags(2024)!=tags(2026)); taxonomy drift unverified,,,,NIGHT-USDT-SWAP,2025-12-09T11:30:00Z,SYMBOL_MATCH
2026-08-20,95,SEI,Sei,23149,sei,0.04366254,325722573.7,31589450.01,7460000000,2023-08-14T07:35:00.000Z,10,coinbase-ventures-portfolio;multicoin-capital-portfolio;layer-1;jump-crypto;sei-ecosystem;parallel-evm,HISTORICAL_APPROXIMATION,CMC snapshot tags vary by snapshot date (drift test: tags(2024)!=tags(2026)); taxonomy drift unverified,SEI,2023-08-15T13:00:00Z,False,SEI-USDT-SWAP,2025-11-14T07:30:01Z,SYMBOL_MATCH
2026-08-20,96,BSV,Bitcoin SV,3602,bitcoin-sv,16.13675821,323905180,17623455,20072506.25,2018-11-09T00:00:00.000Z,10,mineable;pow;sha-256;medium-of-exchange;store-of-value;state-channel,HISTORICAL_APPROXIMATION,CMC snapshot tags vary by snapshot date (drift test: tags(2024)!=tags(2026)); taxonomy drift unverified,BSV,2023-10-20T04:00:00Z,False,,,SYMBOL_MATCH
2026-08-20,97,FET,Artificial Superintelligence Alliance,3773,artificial-superintelligence-alliance,0.14318847,323821467.2,153496818.4,2261505227,2019-03-02T00:00:00.000Z,14,cosmos-ecosystem;ai-big-data;collectibles-nfts;iot;ethereum-ecosystem;binance-launchpad,HISTORICAL_APPROXIMATION,CMC snapshot tags vary by snapshot date (drift test: tags(2024)!=tags(2026)); taxonomy drift unverified,FET,2023-10-26T16:00:00Z,False,,,SYMBOL_MATCH
2026-08-20,98,ZRO,LayerZero,26997,layerzero,0.87583734,323187560.5,45060191.61,369004090.8,2024-06-20T05:52:25.000Z,16,defi;interoperability;ethereum-ecosystem;coinbase-ventures-portfolio;binance-labs-portfolio;avalanche-ecosystem,HISTORICAL_APPROXIMATION,CMC snapshot tags vary by snapshot date (drift test: tags(2024)!=tags(2026)); taxonomy drift unverified,ZRO,2023-09-07T03:00:00Z,False,ZRO-USDT-SWAP,2024-06-20T12:25:00Z,SYMBOL_MATCH
2026-08-20,99,TIA,Celestia,22861,celestia,0.34398355,316441820.6,21548746.4,919932996.6,2023-10-31T16:51:41.000Z,9,platform;cosmos-ecosystem;layer-1;modular-blockchain;egirl-capital-portfolio;data-availability,HISTORICAL_APPROXIMATION,CMC snapshot tags vary by snapshot date (drift test: tags(2024)!=tags(2026)); taxonomy drift unverified,TIA,2023-10-19T23:00:00Z,False,TIA-USDT-SWAP,2023-10-31T18:25:00Z,SYMBOL_MATCH
2026-08-20,100,MON,Monad,30495,monad,0.02674958,316318174.4,73925939.59,1.1825165e+10,2024-07-04T07:03:38.000Z,16,platform;defi;smart-contracts;coinbase-ventures-portfolio;cms-holdings-portfolio;electric-capital-portfolio,HISTORICAL_APPROXIMATION,CMC snapshot tags vary by snapshot date (drift test: tags(2024)!=tags(2026)); taxonomy drift unverified,MON,2025-10-08T05:00:00Z,False,MON-USDT-SWAP,2025-10-10T08:00:00Z,SYMBOL_MATCH
2026-08-20,101,JTO,Jito,28541,jito,0.57773577,296032886.9,30522687.36,512401862.6,2023-12-07T16:04:41.000Z,9,defi;staking;dao;solana-ecosystem;liquid-staking-derivatives;cmc-crypto-yearbook-2024-2025,HISTORICAL_APPROXIMATION,CMC snapshot tags vary by snapshot date (drift test: tags(2024)!=tags(2026)); taxonomy drift unverified,JTO,2023-12-07T17:00:00Z,False,JTO-USDT-SWAP,2024-01-08T06:55:00Z,SYMBOL_MATCH
2026-08-20,102,LUNC,Terra Classic,4172,terra-luna,5.279e-05,291341660.3,16318652.58,5.518679414e+12,2019-07-26T00:00:00.000Z,22,cosmos-ecosystem;store-of-value;defi;payments;ethereum-ecosystem;coinbase-ventures-portfolio,HISTORICAL_APPROXIMATION,CMC snapshot tags vary by snapshot date (drift test: tags(2024)!=tags(2026)); taxonomy drift unverified,,,,,,NONE
2026-08-20,103,VELVET,Velvet,37298,velvet,0.66811891,282898748.7,18277333.43,423425749.5,2025-07-09T10:28:24.000Z,15,ai-big-data;defi;smart-contracts;dapp;binance-labs-portfolio;mvb,HISTORICAL_APPROXIMATION,CMC snapshot tags vary by snapshot date (drift test: tags(2024)!=tags(2026)); taxonomy drift unverified,,,,,,NONE
2026-08-20,104,LDO,Lido DAO,8000,lido-dao,0.33756064,282301777.7,42193806.08,836299460.7,2020-12-15T00:00:00.000Z,16,defi;dao;ethereum-ecosystem;three-arrows-capital-portfolio;solana-ecosystem;paradigm-portfolio,HISTORICAL_APPROXIMATION,CMC snapshot tags vary by snapshot date (drift test: tags(2024)!=tags(2026)); taxonomy drift unverified,LDO,2023-05-16T00:00:00Z,False,LDO-USDT-SWAP,2023-02-02T07:02:49Z,SYMBOL_MATCH
2026-08-20,105,PIEVERSE,Pieverse,38849,pieverse,0.95925292,278521215.5,14050556.04,290352220,2025-10-31T01:31:02.000Z,8,payments;timestamping;ethereum-ecosystem;bnb-chain-ecosystem;binance-alpha;binance-wallet-ido,HISTORICAL_APPROXIMATION,CMC snapshot tags vary by snapshot date (drift test: tags(2024)!=tags(2026)); taxonomy drift unverified,,,,PIEVERSE-USDT-SWAP,2025-11-16T03:30:01Z,SYMBOL_MATCH
2026-08-20,106,BTT,BitTorrent [New],16086,bittorrent-new,2.8e-07,277143809.2,6613086.95,9.870378858e+14,2019-01-31T00:00:00.000Z,17,platform;distributed-computing;defi;filesharing;interoperability;staking,HISTORICAL_APPROXIMATION,CMC snapshot tags vary by snapshot date (drift test: tags(2024)!=tags(2026)); taxonomy drift unverified,,,,,,NONE
2026-08-20,107,NFT,AINFT,9816,apenft,2.8e-07,273082597,5771342.42,9.90105593e+14,2021-05-14T00:00:00.000Z,7,art;collectibles-nfts;ethereum-ecosystem;tron-ecosystem;binance-alpha;tron20-ecosystem,HISTORICAL_APPROXIMATION,CMC snapshot tags vary by snapshot date (drift test: tags(2024)!=tags(2026)); taxonomy drift unverified,,,,,,NONE
2026-08-20,108,STX,Stacks,4847,stacks,0.14587683,264708936.1,12754313.5,1814605788,2019-10-28T00:00:00.000Z,21,mineable;platform;collectibles-nfts;gaming;smart-contracts;layer-2,HISTORICAL_APPROXIMATION,CMC snapshot tags vary by snapshot date (drift test: tags(2024)!=tags(2026)); taxonomy drift unverified,STX,2023-05-18T08:00:00Z,False,STX-USDT-SWAP,2023-02-21T08:55:58Z,SYMBOL_MATCH
2026-08-20,109,PENDLE,Pendle,9481,pendle,1.51620165,261049550.6,60125681.54,172173372.5,2021-04-29T00:00:00.000Z,13,defi;ethereum-ecosystem;olympus-pro-ecosystem;arbitrum-ecosystem;spartan-group;bitcoin-ecosystem,HISTORICAL_APPROXIMATION,CMC snapshot tags vary by snapshot date (drift test: tags(2024)!=tags(2026)); taxonomy drift unverified,PENDLE,2023-10-26T16:00:00Z,False,PENDLE-USDT-SWAP,2025-09-17T07:26:24Z,SYMBOL_MATCH
2026-08-20,110,XTZ,Tezos,2011,tezos,0.22137841,242175655.2,14742042.51,1093944328,2017-10-06T00:00:00.000Z,20,pos;platform;enterprise-solutions;collectibles-nfts;privacy;smart-contracts,HISTORICAL_APPROXIMATION,CMC snapshot tags vary by snapshot date (drift test: tags(2024)!=tags(2026)); taxonomy drift unverified,,,,XTZ-USDT-SWAP,2020-04-21T10:12:51Z,SYMBOL_MATCH
2026-08-20,111,XPL,Plasma,36645,plasma-xpl,0.0886325,238322943.1,246891680.9,2688888889,2025-09-25T11:30:00.000Z,10,payments;bitcoin-ecosystem;layer-1;binance-hodler-airdrops;binance-alpha-airdrops;binance-ecosystem,HISTORICAL_APPROXIMATION,CMC snapshot tags vary by snapshot date (drift test: tags(2024)!=tags(2026)); taxonomy drift unverified,XPL,2025-08-22T10:00:00Z,False,XPL-USDT-SWAP,2025-08-28T11:00:00Z,SYMBOL_MATCH
2026-08-20,112,CFX,Conflux,7334,conflux-network,0.04489988,234970817,8345599.65,5233217604,2020-11-11T00:00:00.000Z,19,mineable;pow;platform;collectibles-nfts;defi;payments,HISTORICAL_APPROXIMATION,CMC snapshot tags vary by snapshot date (drift test: tags(2024)!=tags(2026)); taxonomy drift unverified,CFX,2023-05-25T00:00:00Z,False,CFX-USDT-SWAP,2021-03-12T09:00:00Z,SYMBOL_MATCH
2026-08-20,113,BONK,Bonk,23095,bonk1,2.64e-06,232684715.9,60064726.72,8.799458566e+13,2022-12-30T06:58:50.000Z,16,memes;ethereum-ecosystem;solana-ecosystem;polygon-ecosystem;doggone-doggerel;arbitrum-ecosystem,HISTORICAL_APPROXIMATION,CMC snapshot tags vary by snapshot date (drift test: tags(2024)!=tags(2026)); taxonomy drift unverified,,,,BONK-USDT-SWAP,2024-01-08T06:26:57Z,SYMBOL_MATCH
2026-08-20,114,OP,Optimism,11840,optimism-ethereum,0.09800585,224236877.9,49174905.5,2287994831,2022-05-31T16:19:46.000Z,5,layer-2;optimism-ecosystem;made-in-america;binance-ecosystem;binance-listing,HISTORICAL_APPROXIMATION,CMC snapshot tags vary by snapshot date (drift test: tags(2024)!=tags(2026)); taxonomy drift unverified,OP,2023-05-12T00:00:00Z,False,OP-USDT-SWAP,2022-06-01T03:55:17Z,SYMBOL_MATCH
2026-08-20,115,FLOKI,FLOKI,10804,floki-inu,2.344e-05,223265575.7,31090886.32,9.524557139e+12,2021-07-09T00:00:00.000Z,14,defi;gaming;memes;ethereum-ecosystem;metaverse;doggone-doggerel,HISTORICAL_APPROXIMATION,CMC snapshot tags vary by snapshot date (drift test: tags(2024)!=tags(2026)); taxonomy drift unverified,,,,FLOKI-USDT-SWAP,2023-02-20T06:55:00Z,SYMBOL_MATCH
2026-08-20,116,IMX,Immutable,10603,immutable-x,0.10917863,218357267.5,13969755.61,2000000000,2021-06-24T00:00:00.000Z,13,collectibles-nfts;zero-knowledge-proofs;gaming;scaling;ethereum-ecosystem;layer-2,HISTORICAL_APPROXIMATION,CMC snapshot tags vary by snapshot date (drift test: tags(2024)!=tags(2026)); taxonomy drift unverified,IMX,2023-11-17T16:00:00Z,False,IMX-USDT-SWAP,2021-11-18T06:50:22Z,SYMBOL_MATCH
2026-08-20,117,DCR,Decred,1168,decred,12.24136458,215042521.1,2116323.15,17566874.97,2016-02-10T00:00:00.000Z,13,mineable;hybrid-pow-pos;medium-of-exchange;store-of-value;privacy;dao,HISTORICAL_APPROXIMATION,CMC snapshot tags vary by snapshot date (drift test: tags(2024)!=tags(2026)); taxonomy drift unverified,,,,,,NONE
2026-08-20,118,SYRUP,Maple Finance,33824,maple-finance,0.17976087,214096864.9,12649037.76,1191009307,2024-11-06T06:16:40.000Z,9,defi;dao;ethereum-ecosystem;framework-ventures-portfolio;real-world-assets-protocols;circle-ventures-portfolio,HISTORICAL_APPROXIMATION,CMC snapshot tags vary by snapshot date (drift test: tags(2024)!=tags(2026)); taxonomy drift unverified,SYRUP,2025-06-26T06:00:00Z,False,SYRUP-USDT-SWAP,2025-07-03T06:30:00Z,SYMBOL_MATCH
2026-08-20,119,FF,Falcon Finance,38482,falcon-finance-ff,0.06530996,200175015.2,10718698.43,3065000000,2025-09-23T04:16:56.000Z,8,government;ethereum-ecosystem;bnb-chain-ecosystem;binance-hodler-airdrops;binance-alpha-airdrops;binance-ecosystem,HISTORICAL_APPROXIMATION,CMC snapshot tags vary by snapshot date (drift test: tags(2024)!=tags(2026)); taxonomy drift unverified,,,,,,NONE
2026-08-20,120,JASMY,JasmyCoin,8425,jasmy,0.00398367,196972740.5,9774446.47,4.944499968e+10,2021-02-11T00:00:00.000Z,6,iot;ethereum-ecosystem;dwf-labs-portfolio;binance-ecosystem;binance-listing;robotics,HISTORICAL_APPROXIMATION,CMC snapshot tags vary by snapshot date (drift test: tags(2024)!=tags(2026)); taxonomy drift unverified,,,,,,NONE
2026-08-20,121,ENS,Ethereum Name Service,13855,ethereum-name-service,4.50595267,189396676.7,17084860.2,42032549.06,2021-11-09T01:31:29.000Z,7,dao;ethereum-ecosystem;governance;solana-ecosystem;web3;binance-ecosystem,HISTORICAL_APPROXIMATION,CMC snapshot tags vary by snapshot date (drift test: tags(2024)!=tags(2026)); taxonomy drift unverified,ENS,2024-01-05T15:00:00Z,False,ENS-USDT-SWAP,2021-11-11T09:45:46Z,SYMBOL_MATCH
2026-08-20,122,COMP,Compound,5692,compound,18.79246484,187924648.4,17947862.49,10000000,2020-06-16T00:00:00.000Z,22,defi;dao;ethereum-ecosystem;yield-farming;coinbase-ventures-portfolio;three-arrows-capital-portfolio,HISTORICAL_APPROXIMATION,CMC snapshot tags vary by snapshot date (drift test: tags(2024)!=tags(2026)); taxonomy drift unverified,COMP,2023-07-18T00:00:00Z,False,COMP-USDT-SWAP,2020-04-21T10:12:51Z,SYMBOL_MATCH
2026-08-20,123,2Z,DoubleZero,38515,doublezero,0.05399511,187439577.9,7233347.93,3471417500,2025-09-29T01:04:27.000Z,8,hardware;solana-ecosystem;dragonfly-capital-portfolio;multicoin-capital-portfolio;binance-alpha-airdrops;binance-ecosystem,HISTORICAL_APPROXIMATION,CMC snapshot tags vary by snapshot date (drift test: tags(2024)!=tags(2026)); taxonomy drift unverified,2Z,2025-10-02T14:00:00Z,False,2Z-USDT-SWAP,2025-10-02T13:10:00Z,SYMBOL_MATCH
2026-08-20,124,RAY,Raydium,8526,raydium,0.69107938,186255447.3,14586117.18,269513824.8,2021-02-19T00:00:00.000Z,10,decentralized-exchange-dex-token;defi;derivatives;amm;dex;solana-ecosystem,HISTORICAL_APPROXIMATION,CMC snapshot tags vary by snapshot date (drift test: tags(2024)!=tags(2026)); taxonomy drift unverified,,,,RAY-USDT-SWAP,2024-03-12T10:25:00Z,SYMBOL_MATCH
2026-08-20,125,ZBCN,Zebec Network,30636,zebec-network,0.00184278,184275548.9,10973260.81,9.999877415e+10,2024-04-15T04:07:21.000Z,7,defi;payments;solana-ecosystem;real-world-assets-protocols;depin;made-in-america,HISTORICAL_APPROXIMATION,CMC snapshot tags vary by snapshot date (drift test: tags(2024)!=tags(2026)); taxonomy drift unverified,,,,,,NONE
2026-08-20,126,STRK,Starknet,22691,starknet-token,0.02565526,178957772.7,54899850.11,6975481203,2024-02-20T12:19:19.000Z,14,privacy;zero-knowledge-proofs;quantum-resistant;smart-contracts;dapp;ethereum-ecosystem,HISTORICAL_APPROXIMATION,CMC snapshot tags vary by snapshot date (drift test: tags(2024)!=tags(2026)); taxonomy drift unverified,STRK,2024-02-14T15:00:00Z,False,STRK-USDT-SWAP,2024-02-20T12:55:00Z,SYMBOL_MATCH
2026-08-20,127,KITE,Kite,38828,kite,0.09889948,178019056.3,12138792.47,1800000000,2025-10-29T11:11:32.000Z,10,ai-big-data;dapp;avalanche-ecosystem;hashkey-capital-portfolio;animoca-brands-portfolio;layer-1,HISTORICAL_APPROXIMATION,CMC snapshot tags vary by snapshot date (drift test: tags(2024)!=tags(2026)); taxonomy drift unverified,,,,KITE-USDT-SWAP,2026-04-09T03:00:00Z,SYMBOL_MATCH
2026-08-20,128,TWT,Trust Wallet Token,5964,trust-wallet-token,0.40986292,176183885.1,6931378.17,429860515.5,2020-07-30T00:00:00.000Z,6,wallet;solana-ecosystem;polygon-ecosystem;bnb-chain-ecosystem;binance-ecosystem;binance-listing,HISTORICAL_APPROXIMATION,CMC snapshot tags vary by snapshot date (drift test: tags(2024)!=tags(2026)); taxonomy drift unverified,,,,,,NONE
2026-08-20,129,TEL,Telcoin,2394,telcoin,0.00183013,175827992.2,2476398.29,9.607424658e+10,2018-01-14T00:00:00.000Z,13,pos;medium-of-exchange;defi;identity;payments;wallet,HISTORICAL_APPROXIMATION,CMC snapshot tags vary by snapshot date (drift test: tags(2024)!=tags(2026)); taxonomy drift unverified,,,,,,NONE
2026-08-20,130,IOTA,IOTA,1720,iota,0.03790505,174484537.4,7819163.54,4603200784,2017-06-13T00:00:00.000Z,10,dag;real-world-assets-protocols;layer-1;dwf-labs-portfolio;move-vm;2017-2018-alt-season,HISTORICAL_APPROXIMATION,CMC snapshot tags vary by snapshot date (drift test: tags(2024)!=tags(2026)); taxonomy drift unverified,IOTA,2024-12-04T13:00:00Z,False,IOTA-USDT-SWAP,2020-04-21T10:12:51Z,SYMBOL_MATCH
2026-08-20,131,KAIA,Kaia,32880,kaia,0.02714709,173712124.2,6642677.39,6398921362,2024-10-29T05:17:50.000Z,7,platform;enterprise-solutions;layer-1;klaytn-ecosystem;binance-ecosystem;binance-listing,HISTORICAL_APPROXIMATION,CMC snapshot tags vary by snapshot date (drift test: tags(2024)!=tags(2026)); taxonomy drift unverified,,,,,,NONE
2026-08-20,132,EIGEN,EigenCloud,30494,eigencloud,0.19719128,172812335.5,18465498.71,876369057,2024-07-04T15:49:12.000Z,8,defi;ethereum-ecosystem;restaking;cmc-crypto-yearbook-2024-2025;made-in-america;binance-ecosystem,HISTORICAL_APPROXIMATION,CMC snapshot tags vary by snapshot date (drift test: tags(2024)!=tags(2026)); taxonomy drift unverified,EIGEN,2024-04-30T04:00:00Z,False,EIGEN-USDT-SWAP,2024-10-01T06:30:00Z,SYMBOL_MATCH
2026-08-20,133,FARTCOIN,Fartcoin,33597,fartcoin,0.1690379,169037601.1,27323553,999998256,2024-10-23T17:42:55.000Z,8,memes;solana-ecosystem;ai-memes;pump-fun-ecosystem;terminal-of-truths;binance-alpha,HISTORICAL_APPROXIMATION,CMC snapshot tags vary by snapshot date (drift test: tags(2024)!=tags(2026)); taxonomy drift unverified,FARTCOIN,2024-12-20T12:00:00Z,False,FARTCOIN-USDT-SWAP,2024-12-20T09:00:00Z,SYMBOL_MATCH
2026-08-20,134,AXS,Axie Infinity,6783,axie-infinity,0.96181153,167765302,20594912.09,174426379,2020-08-31T00:00:00.000Z,15,collectibles-nfts;gaming;ethereum-ecosystem;binance-launchpad;solana-ecosystem;metaverse,HISTORICAL_APPROXIMATION,CMC snapshot tags vary by snapshot date (drift test: tags(2024)!=tags(2026)); taxonomy drift unverified,AXS,2026-01-18T04:00:00Z,False,AXS-USDT-SWAP,2021-07-28T09:00:00Z,SYMBOL_MATCH
2026-08-20,135,CVX,Convex Finance,9903,convex-finance,1.67653789,166796646.8,8971649.58,99488742.98,2021-05-18T00:00:00.000Z,6,defi;ethereum-ecosystem;yield-aggregator;solana-ecosystem;binance-ecosystem;binance-listing,HISTORICAL_APPROXIMATION,CMC snapshot tags vary by snapshot date (drift test: tags(2024)!=tags(2026)); taxonomy drift unverified,,,,CVX-USDT-SWAP,2024-06-25T08:25:00Z,SYMBOL_MATCH
2026-08-20,136,WIF,dogwifhat,28752,dogwifhat,0.16451767,164326640.9,75628048.04,998838852.9,2023-12-19T09:08:50.000Z,7,memes;solana-ecosystem;doggone-doggerel;animal-memes;cmc-crypto-yearbook-2024-2025;binance-ecosystem,HISTORICAL_APPROXIMATION,CMC snapshot tags vary by snapshot date (drift test: tags(2024)!=tags(2026)); taxonomy drift unverified,WIF,2023-12-22T16:00:00Z,False,WIF-USDT-SWAP,2024-04-15T09:25:00Z,SYMBOL_MATCH
2026-08-20,137,GRT,The Graph,6719,the-graph,0.01499223,164034787,15543322.59,1.094132035e+10,2020-12-17T00:00:00.000Z,26,ai-big-data;enterprise-solutions;defi;ethereum-ecosystem;coinbase-ventures-portfolio;avalanche-ecosystem,HISTORICAL_APPROXIMATION,CMC snapshot tags vary by snapshot date (drift test: tags(2024)!=tags(2026)); taxonomy drift unverified,,,,GRT-USDT-SWAP,2020-12-20T10:00:00Z,SYMBOL_MATCH
2026-08-20,138,THETA,Theta Network,2416,theta-network,0.16316743,163167431.1,7520022.51,1000000000,2018-01-17T00:00:00.000Z,18,media;vr-ar;communications-social-media;ai-big-data;distributed-computing;content-creation,HISTORICAL_APPROXIMATION,CMC snapshot tags vary by snapshot date (drift test: tags(2024)!=tags(2026)); taxonomy drift unverified,,,,THETA-USDT-SWAP,2020-04-21T10:12:51Z,SYMBOL_MATCH
2026-08-20,139,DEXE,DeXe,7326,dexe,1.94749315,163070773.3,21894046.75,83733682.71,2020-10-07T00:00:00.000Z,8,asset-management;ai-big-data;defi;dao;ethereum-ecosystem;bnb-chain-ecosystem,HISTORICAL_APPROXIMATION,CMC snapshot tags vary by snapshot date (drift test: tags(2024)!=tags(2026)); taxonomy drift unverified,,,,,,NONE
2026-08-20,140,AKT,Akash Network,7431,akash-network,0.53235537,158108650.9,4206234.23,296998320.4,2020-10-16T00:00:00.000Z,11,cosmos-ecosystem;ai-big-data;distributed-computing;web3;injective-ecosystem;osmosis-ecosystem,HISTORICAL_APPROXIMATION,CMC snapshot tags vary by snapshot date (drift test: tags(2024)!=tags(2026)); taxonomy drift unverified,,,,,,NONE
2026-08-20,141,H,Humanity,36922,humanity-protocol,0.07934033,154362380.4,11411611.87,1945572591,2025-06-23T03:36:52.000Z,10,privacy;identity;ethereum-ecosystem;pantera-capital-portfolio;animoca-brands-portfolio;jump-crypto,HISTORICAL_APPROXIMATION,CMC snapshot tags vary by snapshot date (drift test: tags(2024)!=tags(2026)); taxonomy drift unverified,,,,H-USDT-SWAP,2025-07-03T06:00:00Z,SYMBOL_MATCH
2026-08-20,142,B,BUILDon,36532,buildon,0.15367434,153674336.2,4456612.08,1000000000,2025-05-16T08:07:37.000Z,9,memes;bnb-chain-ecosystem;ai-memes;binance-alpha;world-liberty-financial-portfolio;four-meme-ecosystem,HISTORICAL_APPROXIMATION,CMC snapshot tags vary by snapshot date (drift test: tags(2024)!=tags(2026)); taxonomy drift unverified,,,,,,NONE
2026-08-20,143,MX,MX Token,4041,mx-token,1.66136432,152575270.2,3662227.86,91837334,2019-09-24T00:00:00.000Z,5,marketplace;centralized-exchange;discount-token;ethereum-ecosystem;made-in-china,HISTORICAL_APPROXIMATION,CMC snapshot tags vary by snapshot date (drift test: tags(2024)!=tags(2026)); taxonomy drift unverified,,,,,,NONE
2026-08-20,144,RUNE,THORChain,4157,thorchain,0.44340091,149938014.3,6315468.88,338154505,2019-07-23T00:00:00.000Z,10,cosmos-ecosystem;decentralized-exchange-dex-token;defi;dex;multicoin-capital-portfolio;exnetwork-capital-portfolio,HISTORICAL_APPROXIMATION,CMC snapshot tags vary by snapshot date (drift test: tags(2024)!=tags(2026)); taxonomy drift unverified,RUNE,2023-08-15T14:00:00Z,False,,,SYMBOL_MATCH
2026-08-20,145,XCN,Onyxcoin,18679,onyxcoin,0.00331251,146084532.1,6584099.7,4.410091977e+10,2022-03-09T16:10:43.000Z,2,layer-1;made-in-america,HISTORICAL_APPROXIMATION,CMC snapshot tags vary by snapshot date (drift test: tags(2024)!=tags(2026)); taxonomy drift unverified,,,,,,NONE
2026-08-20,146,MANA,Decentraland,1966,decentraland,0.07054481,140095607.2,11730492.47,1985909567,2017-09-17T00:00:00.000Z,18,platform;collectibles-nfts;gaming;payments;ethereum-ecosystem;solana-ecosystem,HISTORICAL_APPROXIMATION,CMC snapshot tags vary by snapshot date (drift test: tags(2024)!=tags(2026)); taxonomy drift unverified,,,,MANA-USDT-SWAP,2021-03-12T09:00:00Z,SYMBOL_MATCH
2026-08-20,147,XEC,eCash,10791,ecash,6.92e-06,138893173.8,19250562.72,2.00724453e+13,2021-07-08T00:00:00.000Z,3,layer-1;binance-ecosystem;binance-listing,HISTORICAL_APPROXIMATION,CMC snapshot tags vary by snapshot date (drift test: tags(2024)!=tags(2026)); taxonomy drift unverified,,,,,,NONE
2026-08-20,148,VSN,Vision,37322,vision-token,0.03783905,138737415.2,1640205.69,3666514583,2025-07-11T08:45:23.000Z,5,ethereum-ecosystem;arbitrum-ecosystem;binance-alpha;binance-alpha-airdrops;binance-ecosystem,HISTORICAL_APPROXIMATION,CMC snapshot tags vary by snapshot date (drift test: tags(2024)!=tags(2026)); taxonomy drift unverified,,,,,,NONE
2026-08-20,149,CHZ,Chiliz,4066,chiliz,0.0131959,138514731.5,27629438.75,1.049680189e+10,2019-07-01T00:00:00.000Z,10,sports;communications-social-media;collectibles-nfts;content-creation;payments;chiliz-chain-ecosystem,HISTORICAL_APPROXIMATION,CMC snapshot tags vary by snapshot date (drift test: tags(2024)!=tags(2026)); taxonomy drift unverified,,,,CHZ-USDT-SWAP,2021-03-12T09:00:00Z,SYMBOL_MATCH
2026-08-20,150,SFP,SafePal,8119,safepal,0.27582983,137914917.4,2318620.29,500000000,2020-12-28T00:00:00.000Z,7,wallet;ethereum-ecosystem;binance-launchpad;injective-ecosystem;bnb-chain-ecosystem;binance-ecosystem,HISTORICAL_APPROXIMATION,CMC snapshot tags vary by snapshot date (drift test: tags(2024)!=tags(2026)); taxonomy drift unverified,,,,,,NONE
2026-08-20,151,NEO,Neo,1376,neo,1.94174525,136968440.2,8299777.81,70538831,2016-09-08T00:00:00.000Z,8,platform;enterprise-solutions;defi;smart-contracts;2017-2018-alt-season;binance-ecosystem,HISTORICAL_APPROXIMATION,CMC snapshot tags vary by snapshot date (drift test: tags(2024)!=tags(2026)); taxonomy drift unverified,NEO,2023-11-09T15:00:00Z,False,NEO-USDT-SWAP,2020-02-28T11:16:48Z,SYMBOL_MATCH
2026-08-20,152,TRAC,OriginTrail,2467,origintrail,0.27223126,136115629.5,3329037.45,500000000,2018-01-25T00:00:00.000Z,20,marketplace;logistics;ai-big-data;enterprise-solutions;distributed-computing;data-provenance,HISTORICAL_APPROXIMATION,CMC snapshot tags vary by snapshot date (drift test: tags(2024)!=tags(2026)); taxonomy drift unverified,,,,,,NONE
2026-08-20,153,AR,Arweave,5632,arweave,2.01965598,132595395.5,11413998.85,65652466,2020-05-27T00:00:00.000Z,16,distributed-computing;filesharing;storage;coinbase-ventures-portfolio;solana-ecosystem;arrington-xrp-capital-portfolio,HISTORICAL_APPROXIMATION,CMC snapshot tags vary by snapshot date (drift test: tags(2024)!=tags(2026)); taxonomy drift unverified,AR,2024-02-28T05:00:00Z,False,AR-USDT-SWAP,2023-02-14T06:55:00Z,SYMBOL_MATCH
2026-08-20,154,APE,ApeCoin,18876,apecoin-ape,0.13192938,131929384.6,10838828.98,1000000000,2022-03-17T12:26:36.000Z,15,communications-social-media;collectibles-nfts;content-creation;gaming;entertainment;memes,HISTORICAL_APPROXIMATION,CMC snapshot tags vary by snapshot date (drift test: tags(2024)!=tags(2026)); taxonomy drift unverified,APE,2023-05-12T00:00:00Z,False,APE-USDT-SWAP,2022-03-17T13:00:59Z,SYMBOL_MATCH
2026-08-20,155,SAND,The Sandbox,6210,the-sandbox,0.04366129,128261150,14732770.43,2937639702,2020-08-05T00:00:00.000Z,14,communications-social-media;collectibles-nfts;content-creation;gaming;ethereum-ecosystem;binance-launchpad,HISTORICAL_APPROXIMATION,CMC snapshot tags vary by snapshot date (drift test: tags(2024)!=tags(2026)); taxonomy drift unverified,SAND,2024-12-04T13:00:00Z,False,SAND-USDT-SWAP,2021-04-02T09:00:00Z,SYMBOL_MATCH
2026-08-20,156,AWE,AWE,4006,awe-network,0.06553994,127306118.4,2525092.66,1942420283,2019-06-12T00:00:00.000Z,5,defi;payments;base-ecosystem;binance-ecosystem;binance-listing,HISTORICAL_APPROXIMATION,CMC snapshot tags vary by snapshot date (drift test: tags(2024)!=tags(2026)); taxonomy drift unverified,,,,,,NONE
2026-08-20,157,GOMINING,GoМining,10180,gomining-token,0.30982211,125005461.4,16613166.05,403474948,2021-06-01T00:00:00.000Z,6,collectibles-nfts;gaming;ethereum-ecosystem;solana-ecosystem;bnb-chain-ecosystem;toncoin-ecosystem,HISTORICAL_APPROXIMATION,CMC snapshot tags vary by snapshot date (drift test: tags(2024)!=tags(2026)); taxonomy drift unverified,,,,,,NONE
2026-08-20,158,1INCH,1inch,8104,1inch,0.08801581,124310659.3,7274726.96,1412367422,2020-12-25T00:00:00.000Z,26,decentralized-exchange-dex-token;defi;wallet;ethereum-ecosystem;amm;binance-labs-portfolio,HISTORICAL_APPROXIMATION,CMC snapshot tags vary by snapshot date (drift test: tags(2024)!=tags(2026)); taxonomy drift unverified,,,,1INCH-USDT-SWAP,2020-12-25T02:30:00Z,SYMBOL_MATCH
2026-08-20,159,EDGE,edgeX,39720,edgex,0.34209447,119733063.8,13814569.63,350000000,2026-03-19T13:39:28.000Z,12,decentralized-exchange-dex-token;defi;derivatives;ethereum-ecosystem;bnb-chain-ecosystem;circle-ventures-portfolio,HISTORICAL_APPROXIMATION,CMC snapshot tags vary by snapshot date (drift test: tags(2024)!=tags(2026)); taxonomy drift unverified,,,,EDGE-USDT-SWAP,2026-04-01T13:30:00Z,SYMBOL_MATCH
2026-08-20,160,SOON,SOON,36542,soon,0.20108716,116481001,7214834.74,579256290.5,2025-05-23T02:53:18.000Z,7,layer-2;cross-chain;binance-alpha;binance-alpha-airdrops;binance-ecosystem;binance-listing,HISTORICAL_APPROXIMATION,CMC snapshot tags vary by snapshot date (drift test: tags(2024)!=tags(2026)); taxonomy drift unverified,,,,SOON-USDT-SWAP,2025-05-23T11:30:00Z,SYMBOL_MATCH
2026-08-20,161,A,Vaulta,36462,vaulta,0.06963722,115724303.2,6158398.11,1661816805,2025-05-28T09:48:03.000Z,13,medium-of-exchange;enterprise-solutions;defi;smart-contracts;eos-ecosystem;fenbushi-capital-portfolio,HISTORICAL_APPROXIMATION,CMC snapshot tags vary by snapshot date (drift test: tags(2024)!=tags(2026)); taxonomy drift unverified,,,,A-USDT-SWAP,2025-05-29T10:30:00Z,SYMBOL_MATCH
2026-08-20,162,MET,Meteora,38353,meteora,0.21004572,113241723.2,60218002.18,539128913.1,2025-09-10T23:40:19.000Z,10,decentralized-exchange-dex-token;defi;dapp;amm;dex;solana-ecosystem,HISTORICAL_APPROXIMATION,CMC snapshot tags vary by snapshot date (drift test: tags(2024)!=tags(2026)); taxonomy drift unverified,MET,2025-10-10T11:00:00Z,False,MET-USDT-SWAP,2025-10-10T08:15:00Z,SYMBOL_MATCH
2026-08-20,163,KMNO,Kamino,30986,kamino-finance,0.02102275,112342134.7,5847143.03,5343835938,2024-04-30T06:37:24.000Z,5,defi;solana-ecosystem;lending-borowing;binance-ecosystem;binance-listing,HISTORICAL_APPROXIMATION,CMC snapshot tags vary by snapshot date (drift test: tags(2024)!=tags(2026)); taxonomy drift unverified,,,,KMNO-USDT-SWAP,2025-05-30T03:30:00Z,SYMBOL_MATCH
2026-08-20,164,FLUID,Fluid,10508,instadapp,1.29813889,108650326.8,1588198.77,83696996.82,2021-06-19T00:00:00.000Z,10,defi;dao;ethereum-ecosystem;coinbase-ventures-portfolio;arbitrum-ecosystem;base-ecosystem,HISTORICAL_APPROXIMATION,CMC snapshot tags vary by snapshot date (drift test: tags(2024)!=tags(2026)); taxonomy drift unverified,,,,,,NONE
2026-08-20,165,GENIUS,Genius Terminal,39841,genius-terminal,0.31110843,104338629.8,22728421.7,335377059,2026-04-07T07:20:12.000Z,9,defi;derivatives;binance-labs-portfolio;bnb-chain-ecosystem;binance-hodler-airdrops;binance-alpha-airdrops,HISTORICAL_APPROXIMATION,CMC snapshot tags vary by snapshot date (drift test: tags(2024)!=tags(2026)); taxonomy drift unverified,,,,,,NONE
2026-08-20,166,GEOD,GEODNET,20969,geodnet,0.23498885,103911513,3008045.4,442197633.5,2022-07-12T13:42:17.000Z,6,distributed-computing;solana-ecosystem;polygon-ecosystem;iotex-ecosystem;depin;robotics,HISTORICAL_APPROXIMATION,CMC snapshot tags vary by snapshot date (drift test: tags(2024)!=tags(2026)); taxonomy drift unverified,,,,,,NONE
2026-08-20,167,TAG,Tagger,34958,tagger,0.00094688,102646349.3,3314958.39,1.084045726e+11,2024-12-31T03:48:26.000Z,7,ai-big-data;bnb-chain-ecosystem;binance-alpha;binance-ecosystem;binance-listing;wlfi-ecosystem,HISTORICAL_APPROXIMATION,CMC snapshot tags vary by snapshot date (drift test: tags(2024)!=tags(2026)); taxonomy drift unverified,,,,,,NONE
2026-08-20,168,ZAMA,Zama,39332,zama,0.04631835,101900360,36220911.02,2200000000,2026-02-02T12:00:00.000Z,11,privacy;ethereum-ecosystem;solana-ecosystem;pantera-capital-portfolio;multicoin-capital-portfolio;cross-chain,HISTORICAL_APPROXIMATION,CMC snapshot tags vary by snapshot date (drift test: tags(2024)!=tags(2026)); taxonomy drift unverified,,,,ZAMA-USDT-SWAP,2026-01-09T14:30:00Z,SYMBOL_MATCH
2026-08-20,169,CAP,Cap,40531,cap-app,0.06475655,101020219.3,28589242.3,1560000000,2026-06-26T12:00:00.000Z,8,defi;ethereum-ecosystem;bnb-chain-ecosystem;binance-alpha;binance-wallet-ido;binance-ecosystem,HISTORICAL_APPROXIMATION,CMC snapshot tags vary by snapshot date (drift test: tags(2024)!=tags(2026)); taxonomy drift unverified,,,,CAP-USDT-SWAP,2026-06-26T12:30:00Z,SYMBOL_MATCH
2026-08-20,170,CHEEMS,Cheems (cheems.pet),33280,cheems-pet,5.4e-07,100766023.8,905676.65,1.874950348e+14,2024-10-03T03:58:19.000Z,6,memes;doggone-doggerel;bnb-chain-ecosystem;animal-memes;binance-ecosystem;binance-listing,HISTORICAL_APPROXIMATION,CMC snapshot tags vary by snapshot date (drift test: tags(2024)!=tags(2026)); taxonomy drift unverified,,,,,,NONE
2026-08-20,171,BAT,Basic Attention Token,1697,basic-attention-token,0.06627812,99133819.8,6017534.45,1495724657,2017-06-01T00:00:00.000Z,22,marketing;communications-social-media;ai-big-data;content-creation;defi;interoperability,HISTORICAL_APPROXIMATION,CMC snapshot tags vary by snapshot date (drift test: tags(2024)!=tags(2026)); taxonomy drift unverified,,,,BAT-USDT-SWAP,2020-08-28T10:12:51Z,SYMBOL_MATCH
2026-08-20,172,WEMIX,WEMIX,7548,wemix,0.19691647,98093259.24,855263.72,498146556.3,2020-10-29T00:00:00.000Z,7,platform;collectibles-nfts;gaming;metaverse;play-to-earn;layer-1,HISTORICAL_APPROXIMATION,CMC snapshot tags vary by snapshot date (drift test: tags(2024)!=tags(2026)); taxonomy drift unverified,,,,,,NONE
2026-08-20,173,DYDX,dYdX,28324,dydx-chain,0.11427735,96976662.79,5236248.31,848607938.8,2021-08-03T00:00:00.000Z,8,decentralized-exchange-dex-token;derivatives;layer-1;made-in-america;binance-ecosystem;binance-listing,HISTORICAL_APPROXIMATION,CMC snapshot tags vary by snapshot date (drift test: tags(2024)!=tags(2026)); taxonomy drift unverified,DYDX,2023-05-12T00:00:00Z,False,DYDX-USDT-SWAP,2021-09-08T16:11:50Z,SYMBOL_MATCH
2026-08-20,174,AB,AB,3871,newton,0.00096702,95564424.21,579962.82,9.882366126e+10,2019-04-17T00:00:00.000Z,7,mineable;marketplace;enterprise-solutions;bnb-chain-ecosystem;binance-alpha;binance-alpha-airdrops,HISTORICAL_APPROXIMATION,CMC snapshot tags vary by snapshot date (drift test: tags(2024)!=tags(2026)); taxonomy drift unverified,,,,,,NONE
2026-08-20,175,GLM,Golem,1455,golem-network-tokens,0.09507862,95078620.77,2203010.94,1000000000,2016-11-18T00:00:00.000Z,10,platform;ai-big-data;distributed-computing;payments;ethereum-ecosystem;polygon-ecosystem,HISTORICAL_APPROXIMATION,CMC snapshot tags vary by snapshot date (drift test: tags(2024)!=tags(2026)); taxonomy drift unverified,,,,GLM-USDT-SWAP,2024-05-10T08:25:01Z,SYMBOL_MATCH
2026-08-20,176,FORM,Four,23635,binaryx-new,0.24627352,94043791.81,18298428.39,381867255.1,2023-02-22T12:30:00.000Z,5,gaming;binance-chain;bnb-chain-ecosystem;binance-ecosystem;binance-listing,HISTORICAL_APPROXIMATION,CMC snapshot tags vary by snapshot date (drift test: tags(2024)!=tags(2026)); taxonomy drift unverified,,,,,,NONE
2026-08-20,177,ZK,ZKsync,24091,zksync,0.00883096,92220423.16,11273777.77,1.044285399e+10,2024-06-16T23:10:00.000Z,15,privacy;zero-knowledge-proofs;ethereum-ecosystem;layer-2;rollups;governance,HISTORICAL_APPROXIMATION,CMC snapshot tags vary by snapshot date (drift test: tags(2024)!=tags(2026)); taxonomy drift unverified,ZK,2024-06-12T12:00:00Z,False,ZK-USDT-SWAP,2024-06-18T08:25:00Z,SYMBOL_MATCH
2026-08-20,178,SENT,Sentient,38868,sentient,0.01257798,91037894.65,12998344.02,7237878887,2026-01-22T10:00:00.000Z,7,ai-big-data;ethereum-ecosystem;hashkey-capital-portfolio;pantera-capital-portfolio;spartan-group;binance-ecosystem,HISTORICAL_APPROXIMATION,CMC snapshot tags vary by snapshot date (drift test: tags(2024)!=tags(2026)); taxonomy drift unverified,,,,SENT-USDT-SWAP,2025-11-14T15:00:01Z,SYMBOL_MATCH
2026-08-20,179,EGLD,MultiversX,6892,multiversx-egld,2.96923525,90882805.52,4717379.79,30608152.52,2020-09-04T00:00:00.000Z,25,pos;ai-big-data;enterprise-solutions;distributed-computing;loyalty;gaming,HISTORICAL_APPROXIMATION,CMC snapshot tags vary by snapshot date (drift test: tags(2024)!=tags(2026)); taxonomy drift unverified,,,,EGLD-USDT-SWAP,2020-12-22T07:00:00Z,SYMBOL_MATCH
2026-08-20,180,NEX,Nexus,39965,nexus-labs,1.51e-06,90448383.15,1399314.3,6e+13,2026-05-08T04:45:35.000Z,8,decentralized-exchange-dex-token;zero-knowledge-proofs;dragonfly-capital-portfolio;pantera-capital-portfolio;layer-1;binance-alpha,HISTORICAL_APPROXIMATION,CMC snapshot tags vary by snapshot date (drift test: tags(2024)!=tags(2026)); taxonomy drift unverified,,,,,,NONE
2026-08-20,181,BANANAS31,Banana For Scale,34118,banana-for-scale,0.00887302,88730177.61,6488085.38,1e+10,2024-11-20T18:19:27.000Z,4,memes;bnb-chain-ecosystem;binance-ecosystem;binance-listing,HISTORICAL_APPROXIMATION,CMC snapshot tags vary by snapshot date (drift test: tags(2024)!=tags(2026)); taxonomy drift unverified,,,,,,NONE
2026-08-20,182,ORDI,ORDI,25028,ordi,4.17019971,87574193.86,58863718.05,21000000,2023-05-08T05:51:24.000Z,7,bitcoin-ecosystem;brc-20;inscriptions;ordinals-brc20-ecosystem;cmc-crypto-yearbook-2024-2025;binance-ecosystem,HISTORICAL_APPROXIMATION,CMC snapshot tags vary by snapshot date (drift test: tags(2024)!=tags(2026)); taxonomy drift unverified,ORDI,2023-11-07T17:00:00Z,False,ORDI-USDT-SWAP,2023-05-21T09:55:00Z,SYMBOL_MATCH
2026-08-20,183,PLUME,Plume,35364,plume,0.01361458,87051986.71,259798857.4,6394026052,2025-01-20T17:00:10.000Z,10,ethereum-ecosystem;binance-labs-portfolio;real-world-assets-protocols;layer-1;made-in-america;binance-hodler-airdrops,HISTORICAL_APPROXIMATION,CMC snapshot tags vary by snapshot date (drift test: tags(2024)!=tags(2026)); taxonomy drift unverified,,,,PLUME-USDT-SWAP,2025-05-08T07:30:00Z,SYMBOL_MATCH
2026-08-20,184,KAITO,KAITO,35763,kaito,0.35244079,85075291.47,46951330.7,241388889,2025-02-14T13:09:33.000Z,11,communications-social-media;ai-big-data;social-token;governance;dragonfly-capital-portfolio;hashkey-capital-portfolio,HISTORICAL_APPROXIMATION,CMC snapshot tags vary by snapshot date (drift test: tags(2024)!=tags(2026)); taxonomy drift unverified,KAITO,2025-02-20T14:00:00Z,False,KAITO-USDT-SWAP,2025-02-20T14:00:00Z,SYMBOL_MATCH
2026-08-20,185,RSR,Reserve Rights,3964,reserve-rights,0.00135339,84658905.22,6963571.04,6.255317409e+10,2019-05-24T00:00:00.000Z,11,store-of-value;defi;ethereum-ecosystem;coinbase-ventures-portfolio;dcg-portfolio;bitcoin-ecosystem,HISTORICAL_APPROXIMATION,CMC snapshot tags vary by snapshot date (drift test: tags(2024)!=tags(2026)); taxonomy drift unverified,RSR,2023-12-05T20:00:00Z,False,RSR-USDT-SWAP,2020-09-09T10:12:51Z,SYMBOL_MATCH
2026-08-20,186,QTUM,Qtum,1684,qtum,0.79697138,84551217.69,13559259.45,106090657.8,2017-05-24T00:00:00.000Z,9,platform;defi;smart-contracts;kenetic-capital-portfolio;bitcoin-ecosystem;binance-ecosystem,HISTORICAL_APPROXIMATION,CMC snapshot tags vary by snapshot date (drift test: tags(2024)!=tags(2026)); taxonomy drift unverified,,,,QTUM-USDT-SWAP,2020-04-21T10:12:51Z,SYMBOL_MATCH
2026-08-20,187,ATH,Aethir,30083,aethir,0.00419197,84379194.64,7820955.49,2.012876459e+10,2024-06-12T02:20:00.000Z,10,ai-big-data;distributed-computing;ethereum-ecosystem;solana-ecosystem;arbitrum-ecosystem;depin,HISTORICAL_APPROXIMATION,CMC snapshot tags vary by snapshot date (drift test: tags(2024)!=tags(2026)); taxonomy drift unverified,,,,ATH-USDT-SWAP,2024-06-13T03:55:00Z,SYMBOL_MATCH
2026-08-20,188,XPR,XPR Network,5350,proton,0.00286699,84248260,3428650.26,2.938557277e+10,2020-04-06T00:00:00.000Z,10,collectibles-nfts;decentralized-exchange-dex-token;defi;wallet;ethereum-ecosystem;amm,HISTORICAL_APPROXIMATION,CMC snapshot tags vary by snapshot date (drift test: tags(2024)!=tags(2026)); taxonomy drift unverified,,,,,,NONE
2026-08-20,189,DEEP,DeepBook Protocol,33391,deepbook-protocol,0.01497903,83994638.81,6058581.74,5607480573,2024-10-10T05:43:32.000Z,6,decentralized-exchange-dex-token;defi;sui-ecosystem;move-vm;binance-ecosystem;binance-listing,HISTORICAL_APPROXIMATION,CMC snapshot tags vary by snapshot date (drift test: tags(2024)!=tags(2026)); taxonomy drift unverified,,,,,,NONE
2026-08-20,190,RE,Re,40224,re-protocol,0.50938475,81297805.47,141327945.1,159600000,2026-06-17T02:55:31.000Z,5,defi;ethereum-ecosystem;binance-wallet-ido;binance-ecosystem;binance-listing,HISTORICAL_APPROXIMATION,CMC snapshot tags vary by snapshot date (drift test: tags(2024)!=tags(2026)); taxonomy drift unverified,,,,RE-USDT-SWAP,2026-06-17T10:30:00Z,SYMBOL_MATCH
2026-08-20,191,ZEN,Horizen,1698,horizen,4.44823779,81197662.42,17725449.5,18253894.3,2017-06-01T00:00:00.000Z,15,medium-of-exchange;platform;communications-social-media;enterprise-solutions;content-creation;defi,HISTORICAL_APPROXIMATION,CMC snapshot tags vary by snapshot date (drift test: tags(2024)!=tags(2026)); taxonomy drift unverified,ZEN,2023-11-09T15:00:00Z,False,ZEN-USDT-SWAP,2025-11-03T06:00:01Z,SYMBOL_MATCH
2026-08-20,192,BOME,BOOK OF MEME,29870,book-of-meme,0.00117091,80636998.16,225408329.4,6.886682516e+10,2024-03-14T11:43:10.000Z,4,memes;solana-ecosystem;binance-ecosystem;binance-listing,HISTORICAL_APPROXIMATION,CMC snapshot tags vary by snapshot date (drift test: tags(2024)!=tags(2026)); taxonomy drift unverified,BOME,2024-03-15T18:00:00Z,False,BOME-USDT-SWAP,2024-08-15T10:20:02Z,SYMBOL_MATCH
2026-08-20,193,MELANIA,Official Melania Meme,35347,melania-meme,0.07990587,79905538.74,8621802.39,999995821.6,2025-01-19T23:21:51.000Z,6,memes;solana-ecosystem;celebrity-memes;made-in-america;binance-ecosystem;binance-listing,HISTORICAL_APPROXIMATION,CMC snapshot tags vary by snapshot date (drift test: tags(2024)!=tags(2026)); taxonomy drift unverified,MELANIA,2025-01-20T01:00:00Z,False,,,SYMBOL_MATCH
2026-08-20,194,GALA,Gala,7080,gala,0.00160984,79724495.91,61019223.5,4.952310873e+10,2020-09-16T00:00:00.000Z,10,collectibles-nfts;gaming;binance-smart-chain;polygon-ecosystem;play-to-earn;layer-1,HISTORICAL_APPROXIMATION,CMC snapshot tags vary by snapshot date (drift test: tags(2024)!=tags(2026)); taxonomy drift unverified,GALA,2023-12-05T20:00:00Z,False,GALA-USDT-SWAP,2021-09-24T10:03:09Z,SYMBOL_MATCH
2026-08-20,195,GRASS,Grass,32956,grass,0.32235243,78623398.09,20528264.54,243905091,2024-10-28T05:31:00.000Z,6,ai-big-data;solana-ecosystem;depin;binance-alpha;binance-ecosystem;binance-listing,HISTORICAL_APPROXIMATION,CMC snapshot tags vary by snapshot date (drift test: tags(2024)!=tags(2026)); taxonomy drift unverified,GRASS,2024-10-28T15:00:00Z,False,GRASS-USDT-SWAP,2024-10-28T14:30:00Z,SYMBOL_MATCH
2026-08-20,196,YFI,Yearn,5864,yearn-finance,2176.963237,78448931.86,3968978.44,36035.94701,2020-07-18T00:00:00.000Z,24,defi;dao;ethereum-ecosystem;yield-farming;yield-aggregator;yearn-partnerships,HISTORICAL_APPROXIMATION,CMC snapshot tags vary by snapshot date (drift test: tags(2024)!=tags(2026)); taxonomy drift unverified,,,,YFI-USDT-SWAP,2020-09-02T10:12:51Z,SYMBOL_MATCH
2026-08-20,197,RAVE,RaveDAO,38967,ravedao,0.29867261,78058916.8,3644271.63,261352777,2025-11-18T10:05:02.000Z,10,entertainment;music;dao;ethereum-ecosystem;bnb-chain-ecosystem;base-ecosystem,HISTORICAL_APPROXIMATION,CMC snapshot tags vary by snapshot date (drift test: tags(2024)!=tags(2026)); taxonomy drift unverified,,,,RAVE-USDT-SWAP,2025-12-15T08:00:00Z,SYMBOL_MATCH
2026-08-20,198,CFG,Centrifuge,6748,centrifuge,0.13470055,77743574.96,15254595.3,577158556,2020-08-28T00:00:00.000Z,5,ethereum-ecosystem;real-world-assets-protocols;binance-ecosystem;binance-listing;coinlist-launchpad,HISTORICAL_APPROXIMATION,CMC snapshot tags vary by snapshot date (drift test: tags(2024)!=tags(2026)); taxonomy drift unverified,,,,,,NONE
2026-08-20,199,O,o1.exchange,40092,o1-exchange,0.48193029,77108846.18,4623368.78,160000000,2026-06-15T10:15:31.000Z,11,decentralized-exchange-dex-token;defi;dex;coinbase-ventures-portfolio;cross-chain-dex-aggregator;bnb-chain-ecosystem,HISTORICAL_APPROXIMATION,CMC snapshot tags vary by snapshot date (drift test: tags(2024)!=tags(2026)); taxonomy drift unverified,,,,O-USDT-SWAP,2026-06-17T16:30:00Z,SYMBOL_MATCH
2026-08-20,200,DGB,DigiByte,109,digibyte,0.00410903,75754177.01,2875927.72,1.843600189e+10,2014-02-06T00:00:00.000Z,11,mineable;pow;multiple-algorithms;medium-of-exchange;collectibles-nfts;iot,HISTORICAL_APPROXIMATION,CMC snapshot tags vary by snapshot date (drift test: tags(2024)!=tags(2026)); taxonomy drift unverified,,,,,,NONE
2026-08-20,201,stETH,Lido Staked ETH,8085,steth,2325.167445,2.228993228e+10,21993060.21,9586377.242,2020-12-23T00:00:00.000Z,10,defi;ethereum-ecosystem;solana-ecosystem;eth-staking;terra-ecosystem;liquid-staking-derivatives,HISTORICAL_APPROXIMATION,CMC snapshot tags vary by snapshot date (drift test: tags(2024)!=tags(2026)); taxonomy drift unverified,,,,,,NONE
2026-08-20,202,WSTETH,Lido wstETH,12409,lido-finance-wsteth,2884.899692,1.090193004e+10,6431623.44,3778963.292,2021-10-06T18:43:51.000Z,11,defi;ethereum-ecosystem;polygon-ecosystem;arbitrum-ecosystem;liquid-staking-derivatives;optimism-ecosystem,HISTORICAL_APPROXIMATION,CMC snapshot tags vary by snapshot date (drift test: tags(2024)!=tags(2026)); taxonomy drift unverified,,,,,,NONE
2026-08-20,203,RAIN,Rain,38341,rain,0.01385486,9928264376,43230000.2,7.165908851e+11,2025-09-10T06:55:22.000Z,1,arbitrum-ecosystem,HISTORICAL_APPROXIMATION,CMC snapshot tags vary by snapshot date (drift test: tags(2024)!=tags(2026)); taxonomy drift unverified,,,,,,NONE
2026-08-20,204,USDS,USDS,33039,usds,0.99988954,9747916413,320180615.9,9748993326,2024-09-18T13:27:23.000Z,7,defi;stablecoin;asset-backed-stablecoin;usd-stablecoin;rehypothecated-crypto;binance-ecosystem,HISTORICAL_APPROXIMATION,CMC snapshot tags vary by snapshot date (drift test: tags(2024)!=tags(2026)); taxonomy drift unverified,,,,,,NONE
2026-08-20,205,WBETH,Wrapped Beacon ETH,24760,wrapped-beacon-eth,2565.931107,8637108625,7674438.61,3366071.911,2023-04-27T09:20:48.000Z,9,defi;staking;ethereum-ecosystem;bnb-chain-ecosystem;liquid-staking-derivatives;eigenlayer-ecosystem,HISTORICAL_APPROXIMATION,CMC snapshot tags vary by snapshot date (drift test: tags(2024)!=tags(2026)); taxonomy drift unverified,,,,,,NONE
2026-08-20,206,WBTC,Wrapped Bitcoin,3717,wrapped-bitcoin,73006.37992,8505184988,303042302.6,116499.2018,2019-01-30T00:00:00.000Z,49,medium-of-exchange;defi;privacy;ethereum-ecosystem;waves-ecosystem;avalanche-ecosystem,HISTORICAL_APPROXIMATION,CMC snapshot tags vary by snapshot date (drift test: tags(2024)!=tags(2026)); taxonomy drift unverified,,,,,,NONE
2026-08-20,207,WETH,WETH,2396,weth,2323.441964,7842354538,1686717153,3375317.593,2018-01-14T00:00:00.000Z,58,defi;privacy;ethereum-ecosystem;waves-ecosystem;avalanche-ecosystem;solana-ecosystem,HISTORICAL_APPROXIMATION,CMC snapshot tags vary by snapshot date (drift test: tags(2024)!=tags(2026)); taxonomy drift unverified,,,,,,NONE
2026-08-20,208,CBBTC,Coinbase Wrapped BTC,32994,coinbase-wrapped-btc,72954.88793,6896572231,505109703.1,94532.0105,2024-09-12T12:53:48.000Z,8,defi;ethereum-ecosystem;solana-ecosystem;wrapped-tokens;bitcoin-ecosystem;base-ecosystem,HISTORICAL_APPROXIMATION,CMC snapshot tags vary by snapshot date (drift test: tags(2024)!=tags(2026)); taxonomy drift unverified,,,,,,NONE
2026-08-20,209,DEL,Decimal,12400,decimal,0.61749013,6867110149,214950.83,1.11210039e+10,2021-10-06T16:48:29.000Z,4,defi;staking;ethereum-ecosystem;bnb-chain-ecosystem,HISTORICAL_APPROXIMATION,CMC snapshot tags vary by snapshot date (drift test: tags(2024)!=tags(2026)); taxonomy drift unverified,,,,,,NONE
2026-08-20,210,AETHWETH,Aave Ethereum WETH,36458,aave-ethereum-weth,2313.977224,4973309296,0,2149247.297,2025-05-12T14:04:10.000Z,6,asset-management;defi;ethereum-ecosystem;yield-farming;aave-tokens;rehypothecated-crypto,HISTORICAL_APPROXIMATION,CMC snapshot tags vary by snapshot date (drift test: tags(2024)!=tags(2026)); taxonomy drift unverified,,,,,,NONE
2026-08-20,211,BTCB,Bitcoin BEP2,4023,bitcoin-bep2,73076.64335,4765782828,108757836.9,65216.22518,2019-06-18T00:00:00.000Z,4,defi;bnb-chain-ecosystem;bitcoin-ecosystem;rehypothecated-crypto,HISTORICAL_APPROXIMATION,CMC snapshot tags vary by snapshot date (drift test: tags(2024)!=tags(2026)); taxonomy drift unverified,,,,,,NONE
2026-08-20,212,weETH,Wrapped eETH,28695,wrapped-eeth,2562.311695,4672671502,9796301.71,1823615.57,2023-12-12T18:12:54.000Z,18,defi;privacy;staking;ethereum-ecosystem;wrapped-tokens;arbitrum-ecosystem,HISTORICAL_APPROXIMATION,CMC snapshot tags vary by snapshot date (drift test: tags(2024)!=tags(2026)); taxonomy drift unverified,,,,,,NONE
2026-08-20,213,USDT0,USDT0,38517,usdt0,0.99981643,4063930088,26433508.14,4064676256,2025-10-03T12:39:01.000Z,12,defi;stablecoin;asset-backed-stablecoin;usd-stablecoin;rehypothecated-crypto;corn-ecosystem,HISTORICAL_APPROXIMATION,CMC snapshot tags vary by snapshot date (drift test: tags(2024)!=tags(2026)); taxonomy drift unverified,,,,,,NONE
2026-08-20,214,AETHUSDT,Aave Ethereum USDT,36457,aave-ethereum-usdt,0.99975315,2930865360,6122375.88,2931589032,2025-05-12T14:03:23.000Z,8,asset-management;defi;stablecoin;asset-backed-stablecoin;yield-farming;aave-tokens,HISTORICAL_APPROXIMATION,CMC snapshot tags vary by snapshot date (drift test: tags(2024)!=tags(2026)); taxonomy drift unverified,,,,,,NONE
2026-08-20,215,USDY,Ondo US Dollar Yield,29256,ondo-us-dollar-yield,1.14308637,2150896413,391191.02,1881656944,2024-02-01T09:43:04.000Z,2,stablecoin;ondo-stocks-ecosystem,HISTORICAL_APPROXIMATION,CMC snapshot tags vary by snapshot date (drift test: tags(2024)!=tags(2026)); taxonomy drift unverified,,,,,,NONE
2026-08-20,216,syrupUSDC,syrupUSDC,38779,syrup-usdc,1.17809198,1585969487,1131854.91,1346218728,2025-10-24T09:37:30.000Z,5,defi;ethereum-ecosystem;solana-ecosystem;arbitrum-ecosystem;rehypothecated-crypto,HISTORICAL_APPROXIMATION,CMC snapshot tags vary by snapshot date (drift test: tags(2024)!=tags(2026)); taxonomy drift unverified,,,,,,NONE
2026-08-20,217,HTX,HTX,29160,htx,1.74e-06,1562350115,12378565.13,8.982327286e+14,2024-01-24T14:36:45.000Z,5,centralized-exchange;ethereum-ecosystem;tron-ecosystem;bnb-chain-ecosystem;tron20-ecosystem,HISTORICAL_APPROXIMATION,CMC snapshot tags vary by snapshot date (drift test: tags(2024)!=tags(2026)); taxonomy drift unverified,,,,,,NONE
2026-08-20,218,WTRX,Wrapped TRON,18579,wrapped-tron,0.33730359,1390637538,1315009.33,4122806775,2017-09-13T00:00:00.000Z,3,defi;rehypothecated-crypto;tron20-ecosystem,HISTORICAL_APPROXIMATION,CMC snapshot tags vary by snapshot date (drift test: tags(2024)!=tags(2026)); taxonomy drift unverified,,,,,,NONE
2026-08-20,219,sUSDe,Ethena Staked USDe,29471,ethena-staked-usde,1.24430478,1343908127,3473533.21,1080047388,2024-02-20T12:03:05.000Z,7,defi;stablecoin;asset-backed-stablecoin;staking;usd-stablecoin;rehypothecated-crypto,HISTORICAL_APPROXIMATION,CMC snapshot tags vary by snapshot date (drift test: tags(2024)!=tags(2026)); taxonomy drift unverified,,,,,,NONE
2026-08-20,220,BTCT,Bitcoin TRC20,9486,bitcoin-trc20,72709.97544,1275722974,4259396.09,17545.36384,2021-04-29T00:00:00.000Z,3,defi;rehypothecated-crypto;tron20-ecosystem,HISTORICAL_APPROXIMATION,CMC snapshot tags vary by snapshot date (drift test: tags(2024)!=tags(2026)); taxonomy drift unverified,,,,,,NONE
2026-08-20,221,BFUSD,BFUSD,37760,bfusd,0.99966145,1185696794,3099812.33,1186098347,2025-08-18T02:35:06.000Z,7,defi;stablecoin;asset-backed-stablecoin;yield-farming;rehypothecated-crypto;binance-ecosystem,HISTORICAL_APPROXIMATION,CMC snapshot tags vary by snapshot date (drift test: tags(2024)!=tags(2026)); taxonomy drift unverified,,,,,,NONE
2026-08-20,222,USDf,Falcon USD,35721,falcon-finance,0.99563242,1173571700,933158.63,1178719855,2025-02-17T05:02:36.000Z,6,stablecoin;asset-backed-stablecoin;usd-stablecoin;xdc-ecosystem;dwf-labs-portfolio;wlfi-ecosystem,HISTORICAL_APPROXIMATION,CMC snapshot tags vary by snapshot date (drift test: tags(2024)!=tags(2026)); taxonomy drift unverified,,,,,,NONE
2026-08-20,223,BTW,Bitway,39158,bitway-btw,0.43247937,1171215654,49657548.46,2708142280,2025-12-21T21:12:37.000Z,9,defi;ethereum-ecosystem;binance-labs-portfolio;hashkey-capital-portfolio;bnb-chain-ecosystem;binance-alpha,HISTORICAL_APPROXIMATION,CMC snapshot tags vary by snapshot date (drift test: tags(2024)!=tags(2026)); taxonomy drift unverified,,,,,,NONE
2026-08-20,224,USDGO,USDGO,39683,usdgo,0.99999342,1157997408,17666981.2,1158005022,2026-03-13T21:29:21.000Z,3,stablecoin;asset-backed-stablecoin;usd-stablecoin,HISTORICAL_APPROXIMATION,CMC snapshot tags vary by snapshot date (drift test: tags(2024)!=tags(2026)); taxonomy drift unverified,,,,,,NONE
2026-08-20,225,USDC.e,USD Coin Bridged,18852,usd-coin-bridged-usdc-e,0.9997095,1113134632,37468789.69,1113458091,2022-03-16T08:30:01.000Z,6,defi;stablecoin;rehypothecated-crypto;corn-ecosystem;somnia-ecosystem;anubis-ecosystem,HISTORICAL_APPROXIMATION,CMC snapshot tags vary by snapshot date (drift test: tags(2024)!=tags(2026)); taxonomy drift unverified,,,,,,NONE
2026-08-20,226,RSETH,Kelp DAO Restaked ETH,29242,kelp-dao-restaked-eth,2494.365925,1052286893,1198.44,421865.486,2024-01-31T12:20:41.000Z,11,defi;ethereum-ecosystem;arbitrum-ecosystem;liquid-staking-derivatives;optimism-ecosystem;base-ecosystem,HISTORICAL_APPROXIMATION,CMC snapshot tags vary by snapshot date (drift test: tags(2024)!=tags(2026)); taxonomy drift unverified,,,,,,NONE
2026-08-20,227,WBNB,Wrapped BNB,7192,wbnb,655.3993257,1037421460,498809146.8,1582884.54,2020-09-28T00:00:00.000Z,26,defi;privacy;ethereum-ecosystem;avalanche-ecosystem;solana-ecosystem;wrapped-tokens,HISTORICAL_APPROXIMATION,CMC snapshot tags vary by snapshot date (drift test: tags(2024)!=tags(2026)); taxonomy drift unverified,,,,,,NONE
2026-08-20,228,KHYPE,Kinetiq Staked HYPE,39072,kinetiq-staked-hype,75.35932761,1029970159,570297.31,13667454.21,2025-12-08T10:34:29.000Z,6,defi;liquid-staking-derivatives;restaking;rehypothecated-crypto;hyperliquid-ecosystem;hyperevm-ecosystem,HISTORICAL_APPROXIMATION,CMC snapshot tags vary by snapshot date (drift test: tags(2024)!=tags(2026)); taxonomy drift unverified,,,,,,NONE
2026-08-20,229,CTM,c8ntinuum,37745,c8ntinuum,0.20770619,926030718.7,17271730.22,4458368451,2025-08-13T12:46:20.000Z,3,ethereum-ecosystem;solana-ecosystem;bnb-chain-ecosystem,HISTORICAL_APPROXIMATION,CMC snapshot tags vary by snapshot date (drift test: tags(2024)!=tags(2026)); taxonomy drift unverified,,,,,,NONE
2026-08-20,230,JITOSOL,Jito Staked SOL,22533,jito-staked-sol,113.5471299,887780813.5,16879629.02,7818610.775,2022-11-04T08:03:43.000Z,5,defi;solana-ecosystem;liquid-staking-derivatives;base-ecosystem;rehypothecated-crypto,HISTORICAL_APPROXIMATION,CMC snapshot tags vary by snapshot date (drift test: tags(2024)!=tags(2026)); taxonomy drift unverified,,,,,,NONE
2026-08-20,231,BNSOL,Binance Staked SOL,32882,binance-staked-sol,98.78146457,884926841.8,3121432.09,8958430.062,2024-09-12T07:25:01.000Z,5,defi;solana-ecosystem;rehypothecated-crypto;binance-ecosystem;binance-listing,HISTORICAL_APPROXIMATION,CMC snapshot tags vary by snapshot date (drift test: tags(2024)!=tags(2026)); taxonomy drift unverified,,,,,,NONE
2026-08-20,232,RETH,Rocket Pool ETH,15060,rocket-pool-eth,2712.943515,875033197.4,260529.52,322540.146,2021-11-23T08:58:07.000Z,7,defi;ethereum-ecosystem;eth-staking;liquid-staking-derivatives;optimism-ecosystem;eigenlayer-ecosystem,HISTORICAL_APPROXIMATION,CMC snapshot tags vary by snapshot date (drift test: tags(2024)!=tags(2026)); taxonomy drift unverified,,,,,,NONE
2026-08-20,233,LBTC,Lombard BTC,33652,lombard-staked-btc,73152.05936,862042800.8,1205532.31,11784.25882,2024-10-25T16:21:54.000Z,10,defi;ethereum-ecosystem;bnb-chain-ecosystem;bitcoin-ecosystem;base-ecosystem;restaking,HISTORICAL_APPROXIMATION,CMC snapshot tags vary by snapshot date (drift test: tags(2024)!=tags(2026)); taxonomy drift unverified,,,,,,NONE
2026-08-20,234,JLP,Jupiter Perps LP,28853,jupiter-perps-lp,4.04044673,809101101.2,5456462.31,200250406.9,2023-12-26T23:55:42.000Z,4,defi;dex;lp-tokens;solana-ecosystem,HISTORICAL_APPROXIMATION,CMC snapshot tags vary by snapshot date (drift test: tags(2024)!=tags(2026)); taxonomy drift unverified,,,,,,NONE
2026-08-20,235,LSETH,Liquid Staked ETH,23782,liquid-staked-eth,2603.064844,746270434.7,366346.06,286689.1451,2023-03-07T15:46:23.000Z,6,defi;ethereum-ecosystem;liquid-staking-derivatives;base-ecosystem;eigenlayer-ecosystem;rehypothecated-crypto,HISTORICAL_APPROXIMATION,CMC snapshot tags vary by snapshot date (drift test: tags(2024)!=tags(2026)); taxonomy drift unverified,,,,,,NONE
2026-08-20,236,GHO,GHO,23508,gho,0.99897017,698280148.8,1959276.57,699000000,2023-02-14T12:18:15.000Z,1,stablecoin,HISTORICAL_APPROXIMATION,CMC snapshot tags vary by snapshot date (drift test: tags(2024)!=tags(2026)); taxonomy drift unverified,,,,,,NONE
2026-08-20,237,BDX,Beldex,3987,beldex,0.08221607,647057778.6,10890760.81,7870210183,2019-06-07T00:00:00.000Z,12,ai-big-data;defi;privacy;masternodes;ethereum-ecosystem;solana-ecosystem,HISTORICAL_APPROXIMATION,CMC snapshot tags vary by snapshot date (drift test: tags(2024)!=tags(2026)); taxonomy drift unverified,,,,,,NONE
2026-08-20,238,slisBNB,Lista Staked BNB,27568,slisbnb,680.0788952,616274420.2,201862.36,906180.7749,2023-07-11T06:49:41.000Z,4,defi;staking;bnb-chain-ecosystem;rehypothecated-crypto,HISTORICAL_APPROXIMATION,CMC snapshot tags vary by snapshot date (drift test: tags(2024)!=tags(2026)); taxonomy drift unverified,,,,,,NONE
2026-08-20,239,FBTC,Function,32306,ignition-fbtc,72765.81179,615693332.5,71868.81,8461.299577,2024-07-21T13:18:42.000Z,6,defi;interoperability;ethereum-ecosystem;bitcoin-ecosystem;rehypothecated-crypto;mantle-ecosystem,HISTORICAL_APPROXIMATION,CMC snapshot tags vary by snapshot date (drift test: tags(2024)!=tags(2026)); taxonomy drift unverified,,,,,,NONE
2026-08-20,240,WFLR,Wrapped Flare,28183,wrapped-flare,0.00688543,588667082.1,0,8.549457984e+10,2020-12-11T00:00:00.000Z,3,defi;rehypothecated-crypto;flare-network-ecosystem,HISTORICAL_APPROXIMATION,CMC snapshot tags vary by snapshot date (drift test: tags(2024)!=tags(2026)); taxonomy drift unverified,,,,,,NONE
2026-08-20,241,syrupUSDT,syrupUSDT,38786,syrup-usdt,1.13723268,577275087.1,105311.69,507613874.7,2025-10-27T01:57:22.000Z,4,defi;ethereum-ecosystem;rehypothecated-crypto;plasma-ecosystem,HISTORICAL_APPROXIMATION,CMC snapshot tags vary by snapshot date (drift test: tags(2024)!=tags(2026)); taxonomy drift unverified,,,,,,NONE
2026-08-20,242,USD0,Usual USD,32307,usual-usd,0.9988217,553793282.4,115594.58,554446588.1,2024-07-22T03:23:27.000Z,4,stablecoin;asset-backed-stablecoin;usd-stablecoin;real-world-assets-protocols,HISTORICAL_APPROXIMATION,CMC snapshot tags vary by snapshot date (drift test: tags(2024)!=tags(2026)); taxonomy drift unverified,,,,,,NONE
2026-08-20,243,METH,Mantle Staked Ether,29035,mantle-staked-ether,2546.349491,550404769.8,768661.45,216154.4485,2024-01-15T05:14:50.000Z,7,defi;staking;ethereum-ecosystem;liquid-staking-derivatives;eigenlayer-ecosystem;rehypothecated-crypto,HISTORICAL_APPROXIMATION,CMC snapshot tags vary by snapshot date (drift test: tags(2024)!=tags(2026)); taxonomy drift unverified,,,,,,NONE
2026-08-20,244,USX,Solstice USX,38948,solstice-usx,1.00320513,508120625,30307982.4,506497236,2025-11-14T10:19:49.000Z,1,solana-ecosystem,HISTORICAL_APPROXIMATION,CMC snapshot tags vary by snapshot date (drift test: tags(2024)!=tags(2026)); taxonomy drift unverified,,,,,,NONE
2026-08-20,245,bUSD0,Bond USD0,33981,usd0-liquid-bond,0.96639658,506836129.1,0,524459771,2024-11-14T13:45:03.000Z,7,defi;staking;ethereum-ecosystem;asset-backed-token;arbitrum-ecosystem;liquid-staking-derivatives,HISTORICAL_APPROXIMATION,CMC snapshot tags vary by snapshot date (drift test: tags(2024)!=tags(2026)); taxonomy drift unverified,,,,,,NONE
2026-08-20,246,USDAI,USDai,38562,usdai,1.00011106,501406807.3,1122843.78,501351126,2025-10-03T11:30:16.000Z,2,stablecoin;plasma-ecosystem,HISTORICAL_APPROXIMATION,CMC snapshot tags vary by snapshot date (drift test: tags(2024)!=tags(2026)); taxonomy drift unverified,,,,,,NONE
2026-08-20,247,tBTC,tBTC,26133,tbtc-token,72933.52535,497027902.2,17375145.53,6814.807043,2023-05-29T05:04:40.000Z,10,defi;ethereum-ecosystem;solana-ecosystem;polygon-ecosystem;arbitrum-ecosystem;optimism-ecosystem,HISTORICAL_APPROXIMATION,CMC snapshot tags vary by snapshot date (drift test: tags(2024)!=tags(2026)); taxonomy drift unverified,,,,,,NONE
2026-08-20,248,SolvBTC,SolvBTC,33312,solv-btc,73080.24416,474283695.8,28705.66,6489.903,2024-10-04T11:10:16.000Z,10,defi;ethereum-ecosystem;avalanche-ecosystem;arbitrum-ecosystem;bnb-chain-ecosystem;bitcoin-ecosystem,HISTORICAL_APPROXIMATION,CMC snapshot tags vary by snapshot date (drift test: tags(2024)!=tags(2026)); taxonomy drift unverified,,,,,,NONE
2026-08-20,249,slisBNBx,slisBNBx,33055,slisbnbx,655.0769,471684422.7,1110543.72,720044.3532,2024-09-23T14:14:03.000Z,3,defi;bnb-chain-ecosystem;rehypothecated-crypto,HISTORICAL_APPROXIMATION,CMC snapshot tags vary by snapshot date (drift test: tags(2024)!=tags(2026)); taxonomy drift unverified,,,,,,NONE
2026-08-20,250,PUSD,Polymarket USD,39925,polymarket-usd,1.00010148,463464945.8,61624.87,463417918.9,2026-05-01T16:49:13.000Z,5,defi;stablecoin;asset-backed-stablecoin;usd-stablecoin;rehypothecated-crypto,HISTORICAL_APPROXIMATION,CMC snapshot tags vary by snapshot date (drift test: tags(2024)!=tags(2026)); taxonomy drift unverified,,,,,,NONE
2026-08-20,251,JUPSOL,Jupiter Staked SOL,38192,jupiter-staked-sol,105.2771218,454144941.1,706969.4,4313804.682,2025-08-26T03:40:16.000Z,4,defi;staking;solana-ecosystem;rehypothecated-crypto,HISTORICAL_APPROXIMATION,CMC snapshot tags vary by snapshot date (drift test: tags(2024)!=tags(2026)); taxonomy drift unverified,,,,,,NONE
2026-08-20,252,cbETH,Coinbase Wrapped Staked ETH,21535,coinbase-wrapped-staked-eth,2643.648535,443479484.2,14593975.63,167752.8152,2022-08-23T16:57:41.000Z,6,defi;ethereum-ecosystem;liquid-staking-derivatives;base-ecosystem;eigenlayer-ecosystem;rehypothecated-crypto,HISTORICAL_APPROXIMATION,CMC snapshot tags vary by snapshot date (drift test: tags(2024)!=tags(2026)); taxonomy drift unverified,,,,,,NONE
2026-08-20,253,vBTC,Venus BTC,7962,venus-btc,1489.362925,429645835.9,0,288476.253,2020-12-12T00:00:00.000Z,3,defi;bnb-chain-ecosystem;rehypothecated-crypto,HISTORICAL_APPROXIMATION,CMC snapshot tags vary by snapshot date (drift test: tags(2024)!=tags(2026)); taxonomy drift unverified,,,,,,NONE
2026-08-20,254,WHYPE,Wrapped HYPE,35881,wrapped-hyperliquid,73.59799656,394878383.8,160697883.5,5365341.48,2024-07-15T10:14:50.000Z,3,defi;rehypothecated-crypto;hyperevm-ecosystem,HISTORICAL_APPROXIMATION,CMC snapshot tags vary by snapshot date (drift test: tags(2024)!=tags(2026)); taxonomy drift unverified,,,,,,NONE
2026-08-20,255,vBNB,Venus BNB,7961,venus-bnb,16.33981931,371705758.4,371704366.3,22748461.98,2020-12-12T00:00:00.000Z,3,defi;bnb-chain-ecosystem;rehypothecated-crypto,HISTORICAL_APPROXIMATION,CMC snapshot tags vary by snapshot date (drift test: tags(2024)!=tags(2026)); taxonomy drift unverified,,,,,,NONE
2026-08-20,256,USDtb,Ethena Labs (USDtb),34691,ethena-labs-usdtb,1.00021867,357802887.8,715152.14,357724664.4,2024-12-17T05:05:34.000Z,6,defi;stablecoin;asset-backed-stablecoin;ethereum-ecosystem;fiat-stablecoin;rehypothecated-crypto,HISTORICAL_APPROXIMATION,CMC snapshot tags vary by snapshot date (drift test: tags(2024)!=tags(2026)); taxonomy drift unverified,,,,,,NONE
2026-08-20,257,osETH,StakeWise Staked ETH,28476,staked-eth,2459.543985,349856199.5,0,142244.3354,2023-12-01T09:42:00.000Z,5,defi;ethereum-ecosystem;liquid-staking-derivatives;eigenlayer-ecosystem;rehypothecated-crypto,HISTORICAL_APPROXIMATION,CMC snapshot tags vary by snapshot date (drift test: tags(2024)!=tags(2026)); taxonomy drift unverified,,,,,,NONE
2026-08-20,258,UB,Unibase,38339,unibase,0.11321603,283040064.7,6004632.32,2500000000,2025-09-10T06:13:16.000Z,8,ai-big-data;ethereum-ecosystem;bnb-chain-ecosystem;ai-agents;binance-alpha;binance-alpha-airdrops,HISTORICAL_APPROXIMATION,CMC snapshot tags vary by snapshot date (drift test: tags(2024)!=tags(2026)); taxonomy drift unverified,,,,UB-USDT-SWAP,2026-04-28T13:30:00Z,SYMBOL_MATCH
2026-08-20,259,UNIBTC,Universal BTC,36175,universal-btc,71464.7483,274999075.3,0,3848.038114,2025-04-01T04:54:23.000Z,24,defi;ethereum-ecosystem;solana-ecosystem;arbitrum-ecosystem;iotex-ecosystem;bnb-chain-ecosystem,HISTORICAL_APPROXIMATION,CMC snapshot tags vary by snapshot date (drift test: tags(2024)!=tags(2026)); taxonomy drift unverified,,,,,,NONE
2026-08-20,260,TETH,Treehouse ETH,37574,treehouse-eth,2904.821493,259964094.7,12618.64,89494,2025-07-31T14:51:07.000Z,6,defi;ethereum-ecosystem;eth-staking;arbitrum-ecosystem;liquid-staking-derivatives;rehypothecated-crypto,HISTORICAL_APPROXIMATION,CMC snapshot tags vary by snapshot date (drift test: tags(2024)!=tags(2026)); taxonomy drift unverified,,,,,,NONE
2026-08-20,261,GTBTC,GTBTC,39090,gtbtc,73297.59461,252735858.2,587573.92,3448.078475,2025-12-09T19:56:19.000Z,7,defi;ethereum-ecosystem;solana-ecosystem;wrapped-tokens;bnb-chain-ecosystem;base-ecosystem,HISTORICAL_APPROXIMATION,CMC snapshot tags vary by snapshot date (drift test: tags(2024)!=tags(2026)); taxonomy drift unverified,,,,,,NONE
2026-08-20,262,SFRXETH,Frax Staked Ether,23177,frax-staked-ether,2726.98292,242462010.2,2699.24,88912.1851,2023-01-06T13:33:10.000Z,13,defi;ethereum-ecosystem;polygon-ecosystem;fantom-ecosystem;arbitrum-ecosystem;bnb-chain-ecosystem,HISTORICAL_APPROXIMATION,CMC snapshot tags vary by snapshot date (drift test: tags(2024)!=tags(2026)); taxonomy drift unverified,,,,,,NONE
2026-08-20,263,stkAAVE,Staked Aave,36246,staked-aave,98.21522266,240811984.2,32772.26,2451880.449,2025-04-14T08:13:04.000Z,3,defi;ethereum-ecosystem;rehypothecated-crypto,HISTORICAL_APPROXIMATION,CMC snapshot tags vary by snapshot date (drift test: tags(2024)!=tags(2026)); taxonomy drift unverified,,,,,,NONE
2026-08-20,264,TIBBIR,Ribbita by Virtuals,36743,ribbita-by-virtuals,0.23815731,238157305.5,4454043.06,1000000000,2025-06-06T02:27:45.000Z,4,memes;base-ecosystem;ai-memes;virtuals-protocol-ecosystem,HISTORICAL_APPROXIMATION,CMC snapshot tags vary by snapshot date (drift test: tags(2024)!=tags(2026)); taxonomy drift unverified,,,,,,NONE
2026-08-20,265,BETH,Beacon ETH,8353,beacon-eth,2326.923686,234956465.4,5588851.29,100973,2021-01-28T00:00:00.000Z,4,defi;eth-staking;bnb-chain-ecosystem;rehypothecated-crypto,HISTORICAL_APPROXIMATION,CMC snapshot tags vary by snapshot date (drift test: tags(2024)!=tags(2026)); taxonomy drift unverified,,,,,,NONE
2026-08-20,266,CRVUSD,crvUSD,24927,crvusd,1.00005544,229982931.7,33555172.43,229970182.5,2023-06-27T12:44:16.000Z,5,defi;stablecoin;asset-backed-stablecoin;usd-stablecoin;rehypothecated-crypto,HISTORICAL_APPROXIMATION,CMC snapshot tags vary by snapshot date (drift test: tags(2024)!=tags(2026)); taxonomy drift unverified,,,,,,NONE
2026-08-20,267,APEPE,Ape and Pepe,27048,ape-and-pepe,1.08e-06,227668736.5,10895179.49,2.1e+14,2024-07-24T07:49:58.000Z,2,memes;polygon-ecosystem,HISTORICAL_APPROXIMATION,CMC snapshot tags vary by snapshot date (drift test: tags(2024)!=tags(2026)); taxonomy drift unverified,,,,,,NONE
2026-08-20,268,WXTZ,Wrapped XTZ,35930,wrapped-tezos,0.21493418,221995573.1,0,1032853731,2017-10-06T00:00:00.000Z,8,defi;ethereum-ecosystem;wrapped-tokens;arbitrum-ecosystem;bnb-chain-ecosystem;base-ecosystem,HISTORICAL_APPROXIMATION,CMC snapshot tags vary by snapshot date (drift test: tags(2024)!=tags(2026)); taxonomy drift unverified,,,,,,NONE
2026-08-20,269,FRAX,Legacy Frax Dollar,6952,frax,0.99203028,217572125.7,770800.22,219320045.9,2020-09-08T00:00:00.000Z,7,defi;stablecoin;asset-backed-stablecoin;yield-farming;seigniorage;lending-borowing,HISTORICAL_APPROXIMATION,CMC snapshot tags vary by snapshot date (drift test: tags(2024)!=tags(2026)); taxonomy drift unverified,,,,,,NONE
2026-08-20,270,AUSD,AUSD,32864,agora-finance,1.00020255,214362477,23146834.26,214319067.1,2024-08-28T06:01:57.000Z,6,stablecoin;asset-backed-stablecoin;usd-stablecoin;fraxtal-ecosystem;immutable-zkevm-ecosystem;monad-ecosystem,HISTORICAL_APPROXIMATION,CMC snapshot tags vary by snapshot date (drift test: tags(2024)!=tags(2026)); taxonomy drift unverified,,,,,,NONE
2026-08-20,271,MSOL,Marinade Staked SOL,11461,marinade,122.4213321,206315446.7,1049598.76,1685290,2021-08-29T14:09:19.000Z,6,defi;ethereum-ecosystem;solana-ecosystem;liquid-staking-derivatives;ftx-bankruptcy-estate;rehypothecated-crypto,HISTORICAL_APPROXIMATION,CMC snapshot tags vary by snapshot date (drift test: tags(2024)!=tags(2026)); taxonomy drift unverified,,,,,,NONE
2026-08-20,272,STRX,Staked TRX,24875,staked-trx,0.42345802,205869874.6,536735.34,486163595.8,2023-05-02T11:47:37.000Z,3,defi;rehypothecated-crypto;tron20-ecosystem,HISTORICAL_APPROXIMATION,CMC snapshot tags vary by snapshot date (drift test: tags(2024)!=tags(2026)); taxonomy drift unverified,,,,,,NONE
2026-08-20,273,vUSDT,Venus USDT,7957,venus-usdt,0.0264391,203652613.2,0,7702707280,2020-12-12T00:00:00.000Z,3,defi;stablecoin;rehypothecated-crypto,HISTORICAL_APPROXIMATION,CMC snapshot tags vary by snapshot date (drift test: tags(2024)!=tags(2026)); taxonomy drift unverified,,,,,,NONE
2026-08-20,274,ETHX,Stader ETHx,27566,stader-ethx,2533.325369,201241104.8,0,79437.52792,2023-07-11T06:26:58.000Z,5,defi;ethereum-ecosystem;liquid-staking-derivatives;eigenlayer-ecosystem;rehypothecated-crypto,HISTORICAL_APPROXIMATION,CMC snapshot tags vary by snapshot date (drift test: tags(2024)!=tags(2026)); taxonomy drift unverified,,,,,,NONE
2026-08-20,275,rBTC,Bitcoin on Rootstock,3626,rsk-smart-bitcoin,71242.79935,199047398.3,0,2793.930055,2018-12-05T00:00:00.000Z,9,mineable;defi;ethereum-ecosystem;solana-ecosystem;arbitrum-ecosystem;bitcoin-ecosystem,HISTORICAL_APPROXIMATION,CMC snapshot tags vary by snapshot date (drift test: tags(2024)!=tags(2026)); taxonomy drift unverified,,,,,,NONE
2026-08-20,276,AKE,AKEDO,38127,akedo,0.00853992,194678256.1,8914291.35,2.279625e+10,2025-08-19T07:34:00.000Z,12,ai-big-data;content-creation;gaming;play-to-earn;web3;bnb-chain-ecosystem,HISTORICAL_APPROXIMATION,CMC snapshot tags vary by snapshot date (drift test: tags(2024)!=tags(2026)); taxonomy drift unverified,,,,,,NONE
2026-08-20,277,EETH,ether.fi Staked ETH,28568,ether-fi,2325.187332,193929979.5,6267.23,83404.02377,2023-12-01T17:01:39.000Z,7,defi;staking;ethereum-ecosystem;liquid-staking-derivatives;restaking;eigenlayer-ecosystem,HISTORICAL_APPROXIMATION,CMC snapshot tags vary by snapshot date (drift test: tags(2024)!=tags(2026)); taxonomy drift unverified,,,,,,NONE
2026-08-20,278,USAT,USAT,38386,tether-usat,0.99912477,184156298.4,2229083.97,184317618.5,2026-01-27T14:07:38.000Z,4,stablecoin;asset-backed-stablecoin;usd-stablecoin;fiat-stablecoin,HISTORICAL_APPROXIMATION,CMC snapshot tags vary by snapshot date (drift test: tags(2024)!=tags(2026)); taxonomy drift unverified,,,,,,NONE
2026-08-20,279,INF,Sanctum Infinity,12760,sanctum-infinity,126.4412158,177893266.9,299355.12,1406924.679,2021-10-15T04:46:29.000Z,3,defi;solana-ecosystem;rehypothecated-crypto,HISTORICAL_APPROXIMATION,CMC snapshot tags vary by snapshot date (drift test: tags(2024)!=tags(2026)); taxonomy drift unverified,,,,,,NONE
2026-08-20,280,WFI,WeFi,34261,wfi,2.05075947,176036805.4,981683.85,85839811.04,2024-11-27T18:54:49.000Z,1,bnb-chain-ecosystem,HISTORICAL_APPROXIMATION,CMC snapshot tags vary by snapshot date (drift test: tags(2024)!=tags(2026)); taxonomy drift unverified,,,,,,NONE
2026-08-20,281,EURCV,EUR CoinVertible,32796,eur-coinvertible,1.16829009,169368165.9,26788192.23,144970985.8,2024-09-02T17:22:27.000Z,4,stablecoin;asset-backed-stablecoin;stellar-ecosystem;eur-stablecoin,HISTORICAL_APPROXIMATION,CMC snapshot tags vary by snapshot date (drift test: tags(2024)!=tags(2026)); taxonomy drift unverified,,,,,,NONE
2026-08-20,282,KOGE,48 Club Token,7184,bnb48-club-token,49.8134152,168779229.6,9114.28,3388228.43,2020-09-25T00:00:00.000Z,4,binance-chain;bnb-chain-ecosystem;binance-alpha;binance-ecosystem,HISTORICAL_APPROXIMATION,CMC snapshot tags vary by snapshot date (drift test: tags(2024)!=tags(2026)); taxonomy drift unverified,,,,,,NONE
2026-08-20,283,sAVAX,BENQI Liquid Staked AVAX,18523,benqi-liquid-staked-avax,9.23542931,163349448.9,160169.83,17687261.03,2022-02-01T04:00:00.000Z,4,defi;avalanche-ecosystem;liquid-staking-derivatives;rehypothecated-crypto,HISTORICAL_APPROXIMATION,CMC snapshot tags vary by snapshot date (drift test: tags(2024)!=tags(2026)); taxonomy drift unverified,,,,,,NONE
2026-08-20,284,SOL,Wrapped Solana,16116,wrapped-solana,87.58320403,159086501.5,476775402,1816404.221,2021-12-16T04:30:23.000Z,12,defi;ethereum-ecosystem;avalanche-ecosystem;solana-ecosystem;polygon-ecosystem;terra-ecosystem,HISTORICAL_APPROXIMATION,CMC snapshot tags vary by snapshot date (drift test: tags(2024)!=tags(2026)); taxonomy drift unverified,SOL,2023-05-12T00:00:00Z,False,SOL-USDT-SWAP,2021-01-22T07:00:00Z,SYMBOL_MATCH
2026-08-20,285,JSM,Joseon Mun,25194,joseon-mun,0.00047842,151406397.2,561685.1,3.1647e+11,2023-05-11T09:29:53.000Z,1,ethereum-ecosystem,HISTORICAL_APPROXIMATION,CMC snapshot tags vary by snapshot date (drift test: tags(2024)!=tags(2026)); taxonomy drift unverified,,,,,,NONE
2026-08-20,286,GUSD,GUSD,38330,gusd,0.99865342,149238766.8,1748965.72,149440000,2025-10-27T03:48:11.000Z,1,stablecoin,HISTORICAL_APPROXIMATION,CMC snapshot tags vary by snapshot date (drift test: tags(2024)!=tags(2026)); taxonomy drift unverified,,,,,,NONE
2026-08-20,287,CBXRP,Coinbase Wrapped XRP,36707,coinbase-wrapped-xrp,1.26708115,148613915.3,7994325.16,117288396.1,2025-06-04T07:30:23.000Z,3,defi;base-ecosystem;rehypothecated-crypto,HISTORICAL_APPROXIMATION,CMC snapshot tags vary by snapshot date (drift test: tags(2024)!=tags(2026)); taxonomy drift unverified,,,,,,NONE
2026-08-20,288,BORG,SwissBorg,2499,swissborg,0.14965983,147003734.5,321535.65,982252443.4,2018-02-02T00:00:00.000Z,5,asset-management;defi;staking;ethereum-ecosystem;solana-ecosystem,HISTORICAL_APPROXIMATION,CMC snapshot tags vary by snapshot date (drift test: tags(2024)!=tags(2026)); taxonomy drift unverified,,,,,,NONE
2026-08-20,289,STRCX,Strategy PP Variable tokenized stock (xStock),39711,strategy-pp-variable-tokenized-stock-xstock,98.49575416,146574754.7,11055.42,1488132.721,2026-03-18T09:47:16.000Z,8,defi;ethereum-ecosystem;tokenized-stock;solana-ecosystem;bnb-chain-ecosystem;toncoin-ecosystem,HISTORICAL_APPROXIMATION,CMC snapshot tags vary by snapshot date (drift test: tags(2024)!=tags(2026)); taxonomy drift unverified,,,,,,NONE
2026-08-20,290,BTC.b,Bitcoin Avalanche Bridged,20721,bitcoin-avalanche-bridged,73029.19515,144961240.7,2231076.03,1984.976561,2022-06-22T17:15:22.000Z,4,defi;avalanche-ecosystem;bitcoin-ecosystem;rehypothecated-crypto,HISTORICAL_APPROXIMATION,CMC snapshot tags vary by snapshot date (drift test: tags(2024)!=tags(2026)); taxonomy drift unverified,,,,,,NONE
2026-08-20,291,SHFL,Shuffle,29960,shuffle,0.30070871,140360487,643945.1,466765626,2024-03-19T11:06:35.000Z,2,gambling;ethereum-ecosystem,HISTORICAL_APPROXIMATION,CMC snapshot tags vary by snapshot date (drift test: tags(2024)!=tags(2026)); taxonomy drift unverified,,,,,,NONE
2026-08-20,292,ALE,Ailey,30605,project-ailey,0.26521108,138342573.5,80849.34,521631944.4,2024-04-12T08:37:23.000Z,1,bnb-chain-ecosystem,HISTORICAL_APPROXIMATION,CMC snapshot tags vary by snapshot date (drift test: tags(2024)!=tags(2026)); taxonomy drift unverified,,,,,,NONE
2026-08-20,293,WAVAX,Wrapped AVAX,9462,wavax,7.28935681,136281433.7,15354640.05,18695947.7,2021-04-27T00:00:00.000Z,8,defi;avalanche-ecosystem;terra-ecosystem;cronos-ecosystem;osmosis-ecosystem;linea-ecosystem,HISTORICAL_APPROXIMATION,CMC snapshot tags vary by snapshot date (drift test: tags(2024)!=tags(2026)); taxonomy drift unverified,,,,,,NONE
2026-08-20,294,RLB,Rollbit Coin,15271,rollbit-coin,0.07725705,122935032.9,164024.57,1591246876,2021-11-29T06:53:35.000Z,2,gambling;ethereum-ecosystem,HISTORICAL_APPROXIMATION,CMC snapshot tags vary by snapshot date (drift test: tags(2024)!=tags(2026)); taxonomy drift unverified,RLB,2023-08-02T04:00:00Z,True,,,SYMBOL_MATCH
2026-08-20,295,ZANO,Zano,4691,zano,7.93205776,122332406.3,1345425.95,15422530.95,2020-01-17T00:00:00.000Z,8,mineable;hybrid-pow-pos;medium-of-exchange;atomic-swaps;privacy;layer-1,HISTORICAL_APPROXIMATION,CMC snapshot tags vary by snapshot date (drift test: tags(2024)!=tags(2026)); taxonomy drift unverified,,,,,,NONE
2026-08-20,296,asBNB,Aster asBNB,35293,asbnb,698.7226495,122094604.1,7792.85,174739.7257,2025-01-16T18:26:10.000Z,7,defi;binance-labs-portfolio;bnb-chain-ecosystem;liquid-staking-derivatives;restaking;rehypothecated-crypto,HISTORICAL_APPROXIMATION,CMC snapshot tags vary by snapshot date (drift test: tags(2024)!=tags(2026)); taxonomy drift unverified,,,,,,NONE
2026-08-20,297,CASHCAT,Cash Cat,40809,cash-cat,0.12102998,121029983.7,31155863.53,1000000000,2026-07-08T06:25:12.000Z,3,memes;robinhood-ecosystem;robinhood-memes,HISTORICAL_APPROXIMATION,CMC snapshot tags vary by snapshot date (drift test: tags(2024)!=tags(2026)); taxonomy drift unverified,CASHCAT,2026-07-11T05:00:00Z,False,,,SYMBOL_MATCH
2026-08-20,298,WCHZ,Wrapped Chiliz,33469,wrapped-chiliz,0.0130948,120561066.7,23861.41,9206791217,2019-07-01T00:00:00.000Z,4,defi;wrapped-tokens;chiliz-chain-ecosystem;rehypothecated-crypto,HISTORICAL_APPROXIMATION,CMC snapshot tags vary by snapshot date (drift test: tags(2024)!=tags(2026)); taxonomy drift unverified,,,,,,NONE
2026-08-20,299,JSOL,JPool Staked SOL (JSOL),14926,jpool,119.9831036,120181665.1,3625.79,1001654.912,2021-11-22T03:17:07.000Z,4,defi;solana-ecosystem;ftx-bankruptcy-estate;rehypothecated-crypto,HISTORICAL_APPROXIMATION,CMC snapshot tags vary by snapshot date (drift test: tags(2024)!=tags(2026)); taxonomy drift unverified,,,,,,NONE
2026-08-20,300,FRXUSD,Frax USD,36039,frax-usd,0.9999051,115273870.9,2441516.26,115284810.9,2025-03-16T04:43:36.000Z,6,stablecoin;asset-backed-stablecoin;usd-stablecoin;fiat-stablecoin;sonic-ecosystem;fraxtal-ecosystem,HISTORICAL_APPROXIMATION,CMC snapshot tags vary by snapshot date (drift test: tags(2024)!=tags(2026)); taxonomy drift unverified,,,,,,NONE
2026-08-20,301,USDF,Aster USDF,35437,usdf,0.99858717,112619754.2,210083.07,112779091.7,2025-01-24T04:03:42.000Z,2,defi;bnb-chain-ecosystem,HISTORICAL_APPROXIMATION,CMC snapshot tags vary by snapshot date (drift test: tags(2024)!=tags(2026)); taxonomy drift unverified,,,,,,NONE
2026-08-20,302,CRCLon,Circle Internet Group Tokenized Stock (Ondo),38056,circle-internet-group-tokenized-stock-ondo,84.0998463,112450267.3,10329596.23,1337104.313,2025-09-03T10:55:40.000Z,10,defi;ethereum-ecosystem;tokenized-stock;solana-ecosystem;bnb-chain-ecosystem;binance-alpha,HISTORICAL_APPROXIMATION,CMC snapshot tags vary by snapshot date (drift test: tags(2024)!=tags(2026)); taxonomy drift unverified,,,,,,NONE
2026-08-20,303,REAL,RealLink,14721,reallink,0.08011043,110075069.6,6709676.5,1374041752,2021-11-17T15:51:26.000Z,2,bnb-chain-ecosystem;tron20-ecosystem,HISTORICAL_APPROXIMATION,CMC snapshot tags vary by snapshot date (drift test: tags(2024)!=tags(2026)); taxonomy drift unverified,,,,,,NONE
2026-08-20,304,LIGHT,Light,37986,light,0.15666444,107612888.2,0,686900557.9,2025-08-15T14:59:54.000Z,2,memes;solana-ecosystem,HISTORICAL_APPROXIMATION,CMC snapshot tags vary by snapshot date (drift test: tags(2024)!=tags(2026)); taxonomy drift unverified,,,,LIGHT-USDT-SWAP,2025-12-16T08:00:00Z,SYMBOL_MATCH
2026-08-20,305,BBSOL,Bybit Staked SOL,33834,bybit-staked-sol,102.2362061,106508873.6,2525161.43,1041792.117,2024-11-07T06:03:44.000Z,3,defi;solana-ecosystem;rehypothecated-crypto,HISTORICAL_APPROXIMATION,CMC snapshot tags vary by snapshot date (drift test: tags(2024)!=tags(2026)); taxonomy drift unverified,,,,,,NONE
2026-08-20,306,SOSO,SoSoValue,35818,sosovalue,0.30975103,105935331.6,4808742.28,342001548,2025-02-19T07:26:46.000Z,6,asset-management;ai-big-data;defi;dapp;ethereum-ecosystem;base-ecosystem,HISTORICAL_APPROXIMATION,CMC snapshot tags vary by snapshot date (drift test: tags(2024)!=tags(2026)); taxonomy drift unverified,,,,,,NONE
2026-08-20,307,EZETH,Renzo Restaked ETH,29520,renzo-restaked-eth,2508.915399,105769192.7,12658.53,42157.33727,2024-02-23T10:47:27.000Z,11,defi;ethereum-ecosystem;arbitrum-ecosystem;bnb-chain-ecosystem;liquid-staking-derivatives;base-ecosystem,HISTORICAL_APPROXIMATION,CMC snapshot tags vary by snapshot date (drift test: tags(2024)!=tags(2026)); taxonomy drift unverified,,,,,,NONE
2026-08-20,308,VCNT,ViciCoin,28656,vicicoin,16.85091297,102607092.6,348158.59,6089111.776,2023-12-11T04:50:06.000Z,8,ethereum-ecosystem;avalanche-ecosystem;polygon-ecosystem;arbitrum-ecosystem;bnb-chain-ecosystem;optimism-ecosystem,HISTORICAL_APPROXIMATION,CMC snapshot tags vary by snapshot date (drift test: tags(2024)!=tags(2026)); taxonomy drift unverified,,,,,,NONE
2026-08-20,309,BP,Backpack,39686,backpack-exchange,0.40340649,100851555.4,1918744.38,249999832.5,2026-03-16T12:23:52.000Z,4,centralized-exchange;wallet;solana-ecosystem;amber-group-portfolio,HISTORICAL_APPROXIMATION,CMC snapshot tags vary by snapshot date (drift test: tags(2024)!=tags(2026)); taxonomy drift unverified,,,,,,NONE
2026-08-20,310,ANSEM,The Black Bull,40588,the-black-bull,0.23807597,98910674.68,13718593.47,415458454.7,2026-06-29T05:08:03.000Z,4,memes;solana-ecosystem;ai-memes;pump-fun-ecosystem,HISTORICAL_APPROXIMATION,CMC snapshot tags vary by snapshot date (drift test: tags(2024)!=tags(2026)); taxonomy drift unverified,,,,,,NONE
2026-08-20,311,AVV,AIVIVE,40558,aivive,0.00961524,96152376.32,117205.23,9999999999,2026-06-23T06:51:03.000Z,4,pos;defi;entertainment;solana-ecosystem,HISTORICAL_APPROXIMATION,CMC snapshot tags vary by snapshot date (drift test: tags(2024)!=tags(2026)); taxonomy drift unverified,,,,,,NONE
2026-08-20,312,Q,Quack AI,38236,quack-ai,0.02072919,90027593.88,2054567.81,4343033941,2025-08-29T10:41:46.000Z,12,ai-big-data;ethereum-ecosystem;governance;kenetic-capital-portfolio;animoca-brands-portfolio;bnb-chain-ecosystem,HISTORICAL_APPROXIMATION,CMC snapshot tags vary by snapshot date (drift test: tags(2024)!=tags(2026)); taxonomy drift unverified,,,,,,NONE
2026-08-20,313,USDon,U.S. Dollar Tokenized Currency (Ondo),38273,us-dollar-tokenized-currency-ondo,0.99984463,89470857.46,37310414.91,89484760.45,2025-09-03T06:09:21.000Z,5,ethereum-ecosystem;solana-ecosystem;bnb-chain-ecosystem;tokenized-assets;ondo-stocks-ecosystem,HISTORICAL_APPROXIMATION,CMC snapshot tags vary by snapshot date (drift test: tags(2024)!=tags(2026)); taxonomy drift unverified,,,,,,NONE
2026-08-20,314,YZY,YZY MONEY,38151,yzy,0.29411617,89110021.7,1.22,302975594.1,2025-08-21T02:17:55.000Z,5,memes;solana-ecosystem;celebrity-memes;binance-alpha;binance-ecosystem,HISTORICAL_APPROXIMATION,CMC snapshot tags vary by snapshot date (drift test: tags(2024)!=tags(2026)); taxonomy drift unverified,YZY,2025-08-21T04:00:00Z,True,,,SYMBOL_MATCH
2026-08-20,315,CYS,Cysic,39071,cysic,0.54947566,88355686.29,24986335.37,160800000,2025-12-08T10:31:59.000Z,6,bnb-chain-ecosystem;base-ecosystem;binance-alpha;binance-alpha-airdrops;binance-ecosystem;binance-listing,HISTORICAL_APPROXIMATION,CMC snapshot tags vary by snapshot date (drift test: tags(2024)!=tags(2026)); taxonomy drift unverified,,,,,,NONE
2026-08-20,316,CARDS,Collector Crypt,38283,collector-crypt,0.19504974,80962840.11,4388679.11,415088175.4,2025-09-04T03:17:03.000Z,2,solana-ecosystem;trading-card-game,HISTORICAL_APPROXIMATION,CMC snapshot tags vary by snapshot date (drift test: tags(2024)!=tags(2026)); taxonomy drift unverified,,,,,,NONE
2026-08-20,317,BSOL,BlazeStake Staked SOL,28862,blazestake-staked-sol,114.9506829,80715465.43,76880.25,702174.736,2023-12-28T08:32:33.000Z,4,defi;solana-ecosystem;liquid-staking-derivatives;rehypothecated-crypto,HISTORICAL_APPROXIMATION,CMC snapshot tags vary by snapshot date (drift test: tags(2024)!=tags(2026)); taxonomy drift unverified,,,,,,NONE
2026-08-20,318,EUSX,Solstice eUSX,38947,solstice-eusx,1.04856298,79444677.2,18444759.69,75765289,2025-11-14T10:17:15.000Z,1,solana-ecosystem,HISTORICAL_APPROXIMATION,CMC snapshot tags vary by snapshot date (drift test: tags(2024)!=tags(2026)); taxonomy drift unverified,,,,,,NONE
2026-08-20,319,LBT,Law Blocks (AI),20964,law-blocks,0.3159066,77396480.79,639758.25,244997988,2022-07-12T13:21:06.000Z,2,xdc-ecosystem;ai-applications,HISTORICAL_APPROXIMATION,CMC snapshot tags vary by snapshot date (drift test: tags(2024)!=tags(2026)); taxonomy drift unverified,,,,,,NONE
2026-08-20,320,ANTFUN,AntFun,39094,ant-fun,0.04047857,76416921.6,18659594.27,1887836326,2025-12-10T02:27:31.000Z,4,decentralized-exchange-dex-token;defi;solana-ecosystem;bnb-chain-ecosystem,HISTORICAL_APPROXIMATION,CMC snapshot tags vary by snapshot date (drift test: tags(2024)!=tags(2026)); taxonomy drift unverified,,,,,,NONE
2026-08-20,321,CRCLB,Circle Internet Group Tokenized bStocks,40213,circle-internet-group-tokenized-bstocks,84.15415594,75970083.95,34902351.43,902749.0455,2026-06-11T03:03:59.000Z,7,defi;tokenized-stock;bnb-chain-ecosystem;binance-ecosystem;binance-listing;tokenized-assets,HISTORICAL_APPROXIMATION,CMC snapshot tags vary by snapshot date (drift test: tags(2024)!=tags(2026)); taxonomy drift unverified,,,,,,NONE
2026-08-20,322,lisUSD,lisUSD,21330,lisusd,0.99988541,75157845.12,4542.44,75166458.34,2022-08-09T14:34:08.000Z,4,defi;stablecoin;asset-backed-stablecoin;usd-stablecoin,HISTORICAL_APPROXIMATION,CMC snapshot tags vary by snapshot date (drift test: tags(2024)!=tags(2026)); taxonomy drift unverified,,,,,,NONE
2026-08-20,323,SKYAI,SKYAI,36300,skyai,0.07460123,74601230.13,18482251.87,1000000000,2025-04-20T12:09:27.000Z,7,ai-big-data;memes;bnb-chain-ecosystem;binance-alpha;four-meme-ecosystem;binance-ecosystem,HISTORICAL_APPROXIMATION,CMC snapshot tags vary by snapshot date (drift test: tags(2024)!=tags(2026)); taxonomy drift unverified,,,,,,NONE
2026-08-20,324,USDsui,USDsui,38942,usdsui,0.99969622,73992597.5,2418454.56,74015081.75,2026-03-13T21:15:43.000Z,3,stablecoin;asset-backed-stablecoin;usd-stablecoin,HISTORICAL_APPROXIMATION,CMC snapshot tags vary by snapshot date (drift test: tags(2024)!=tags(2026)); taxonomy drift unverified,,,,,,NONE
2026-08-20,325,SNX,Synthetix,2586,synthetix,0.21446327,73886076.96,11887627.46,344516234.5,2018-03-14T00:00:00.000Z,31,services;decentralized-exchange-dex-token;defi;derivatives;dao;ethereum-ecosystem,HISTORICAL_APPROXIMATION,CMC snapshot tags vary by snapshot date (drift test: tags(2024)!=tags(2026)); taxonomy drift unverified,SNX,2023-05-25T00:00:00Z,False,SNX-USDT-SWAP,2020-08-21T10:12:51Z,SYMBOL_MATCH
2026-08-20,326,RIF,Rootstock Infrastructure Framework,3701,rsk-infrastructure-framework,0.0736578,73657800.8,9265036.23,1000000000,2019-01-16T00:00:00.000Z,12,services;filesharing;payments;ethereum-ecosystem;solana-ecosystem;arbitrum-ecosystem,HISTORICAL_APPROXIMATION,CMC snapshot tags vary by snapshot date (drift test: tags(2024)!=tags(2026)); taxonomy drift unverified,,,,,,NONE
2026-08-20,327,BEAM,Beam,28298,onbeam,0.00143059,73389663.74,3316044.56,5.130018469e+10,2021-10-29T04:07:32.000Z,15,gaming;ethereum-ecosystem;binance-chain;binance-launchpool;governance;play-to-earn,HISTORICAL_APPROXIMATION,CMC snapshot tags vary by snapshot date (drift test: tags(2024)!=tags(2026)); taxonomy drift unverified,,,,,,NONE
2026-08-20,328,GMX,GMX,11857,gmx,6.96457942,72799228.72,3673377.32,10452781.75,2021-09-13T12:11:50.000Z,11,decentralized-exchange-dex-token;defi;derivatives;dex;avalanche-ecosystem;solana-ecosystem,HISTORICAL_APPROXIMATION,CMC snapshot tags vary by snapshot date (drift test: tags(2024)!=tags(2026)); taxonomy drift unverified,GMX,2023-05-25T00:00:00Z,False,GMX-USDT-SWAP,2023-02-02T07:05:42Z,SYMBOL_MATCH
2026-08-20,329,BR,Bedrock,36063,bedrock-dao,0.24057166,72572449.11,3850327.91,301666666,2025-03-19T01:52:05.000Z,11,defi;dao;ethereum-ecosystem;bnb-chain-ecosystem;base-ecosystem;binance-alpha,HISTORICAL_APPROXIMATION,CMC snapshot tags vary by snapshot date (drift test: tags(2024)!=tags(2026)); taxonomy drift unverified,,,,,,NONE
2026-08-20,330,ZRX,0x Protocol,1896,0x,0.08543896,72486116.4,4553446.29,848396562.9,2017-08-16T00:00:00.000Z,20,platform;decentralized-exchange-dex-token;defi;scaling;dao;ethereum-ecosystem,HISTORICAL_APPROXIMATION,CMC snapshot tags vary by snapshot date (drift test: tags(2024)!=tags(2026)); taxonomy drift unverified,,,,ZRX-USDT-SWAP,2020-08-21T10:12:51Z,SYMBOL_MATCH
2026-08-20,331,SPCXB,SpaceX Tokenized bStocks,40217,spacex-tokenized-bstocks,133.3576366,72435211.16,72766342.99,543165.0785,2026-06-11T03:04:29.000Z,7,defi;tokenized-stock;bnb-chain-ecosystem;binance-ecosystem;binance-listing;tokenized-assets,HISTORICAL_APPROXIMATION,CMC snapshot tags vary by snapshot date (drift test: tags(2024)!=tags(2026)); taxonomy drift unverified,,,,,,NONE
2026-08-20,332,S,Sonic,32684,sonic,0.02506146,72176999.27,10905715.96,2880000000,2025-01-03T14:11:26.000Z,6,staking;galaxy-digital-portfolio;layer-1;sonic-ecosystem;binance-ecosystem;binance-listing,HISTORICAL_APPROXIMATION,CMC snapshot tags vary by snapshot date (drift test: tags(2024)!=tags(2026)); taxonomy drift unverified,S,2025-01-17T08:00:00Z,False,S-USDT-SWAP,2025-01-21T09:00:00Z,SYMBOL_MATCH
2026-08-20,333,BAN,Comedian,33881,comedian,0.07207585,72073100.6,4291788.61,999961859,2024-11-11T07:48:59.000Z,5,memes;solana-ecosystem;pump-fun-ecosystem;binance-ecosystem;binance-listing,HISTORICAL_APPROXIMATION,CMC snapshot tags vary by snapshot date (drift test: tags(2024)!=tags(2026)); taxonomy drift unverified,,,,,,NONE
2026-08-20,334,DRV,Derive,35014,derive,0.09730888,71768190.87,3405193.97,737529683,2025-01-14T02:54:55.000Z,9,ai-big-data;defi;derivatives;ethereum-ecosystem;arbitrum-ecosystem;optimism-ecosystem,HISTORICAL_APPROXIMATION,CMC snapshot tags vary by snapshot date (drift test: tags(2024)!=tags(2026)); taxonomy drift unverified,,,,,,NONE
2026-08-20,335,FTT,FTX Token,4195,ftx-token,0.2178892,71662690.67,1756507.05,328895103.8,2019-07-31T00:00:00.000Z,16,marketplace;centralized-exchange;defi;derivatives;ethereum-ecosystem;solana-ecosystem,HISTORICAL_APPROXIMATION,CMC snapshot tags vary by snapshot date (drift test: tags(2024)!=tags(2026)); taxonomy drift unverified,FTT,2023-09-25T13:00:00Z,True,,,SYMBOL_MATCH
2026-08-20,336,BIO,Bio Protocol,34812,bio,0.03140586,71532301.82,76336571.79,2277673738,2024-12-23T08:13:52.000Z,9,dao;ethereum-ecosystem;binance-labs-portfolio;solana-ecosystem;bnb-chain-ecosystem;desci,HISTORICAL_APPROXIMATION,CMC snapshot tags vary by snapshot date (drift test: tags(2024)!=tags(2026)); taxonomy drift unverified,BIO,2025-01-03T14:00:00Z,False,BIO-USDT-SWAP,2025-01-03T10:45:00Z,SYMBOL_MATCH
2026-08-20,337,WOULD,would,35837,wouldmeme,0.07156685,71527673.09,34480.79,999452592.3,2025-02-20T06:36:44.000Z,3,memes;solana-ecosystem;pump-fun-ecosystem,HISTORICAL_APPROXIMATION,CMC snapshot tags vary by snapshot date (drift test: tags(2024)!=tags(2026)); taxonomy drift unverified,,,,,,NONE
2026-08-20,338,GAS,Gas,1785,gas,1.08843399,70739862.19,10668363.22,64992331,2017-07-06T00:00:00.000Z,7,medium-of-exchange;defi;payments;smart-contracts;neo-ecosystem;binance-ecosystem,HISTORICAL_APPROXIMATION,CMC snapshot tags vary by snapshot date (drift test: tags(2024)!=tags(2026)); taxonomy drift unverified,GAS,2023-10-24T15:00:00Z,False,GAS-USDT-SWAP,2023-10-24T09:55:00Z,SYMBOL_MATCH
2026-08-20,339,HUMA,Huma Finance,36576,huma-finance,0.02164051,70566322.96,6203420.31,3260843970,2025-05-26T11:00:00.000Z,8,defi;payments;binance-launchpool;solana-ecosystem;bnb-chain-ecosystem;binance-alpha-airdrops,HISTORICAL_APPROXIMATION,CMC snapshot tags vary by snapshot date (drift test: tags(2024)!=tags(2026)); taxonomy drift unverified,,,,HUMA-USDT-SWAP,2025-05-26T13:30:00Z,SYMBOL_MATCH
2026-08-20,340,ORCA,Orca,11165,orca,1.15447366,70190582.66,10174799.39,60798773.52,2021-08-05T00:00:00.000Z,8,decentralized-exchange-dex-token;defi;amm;dex;three-arrows-capital-portfolio;solana-ecosystem,HISTORICAL_APPROXIMATION,CMC snapshot tags vary by snapshot date (drift test: tags(2024)!=tags(2026)); taxonomy drift unverified,,,,,,NONE
2026-08-20,341,SAFE,Safe,21585,safe1,0.09080977,69691908.42,912195.9,767449429,2024-04-22T21:43:00.000Z,8,defi;staking;wallet;ethereum-ecosystem;account-abstraction;binance-alpha,HISTORICAL_APPROXIMATION,CMC snapshot tags vary by snapshot date (drift test: tags(2024)!=tags(2026)); taxonomy drift unverified,,,,,,NONE
2026-08-20,342,IVVon,iShares Core S&P 500 Tokenized ETF (Ondo),38051,ishares-core-sp-500-tokenized-etf-ondo,772.7761145,69649798.65,523977.54,90129.33674,2025-09-03T10:55:34.000Z,9,ethereum-ecosystem;solana-ecosystem;bnb-chain-ecosystem;binance-alpha;binance-ecosystem;tokenized-assets,HISTORICAL_APPROXIMATION,CMC snapshot tags vary by snapshot date (drift test: tags(2024)!=tags(2026)); taxonomy drift unverified,,,,,,NONE
2026-08-20,343,ARC,AI Rig Complex,34926,ai-rig-complex,0.06928171,69280511.24,1796186.27,999982737.5,2024-12-27T10:34:59.000Z,7,ai-big-data;solana-ecosystem;ai-agents;pump-fun-ecosystem;binance-alpha;binance-ecosystem,HISTORICAL_APPROXIMATION,CMC snapshot tags vary by snapshot date (drift test: tags(2024)!=tags(2026)); taxonomy drift unverified,,,,,,NONE
2026-08-20,344,DOG,Dog (Bitcoin),30933,dog-go-to-the-moon-rune,0.00069147,69147397.93,1104077.68,1e+11,2024-04-26T04:38:28.000Z,7,memes;solana-ecosystem;doggone-doggerel;bitcoin-ecosystem;runes;animal-memes,HISTORICAL_APPROXIMATION,CMC snapshot tags vary by snapshot date (drift test: tags(2024)!=tags(2026)); taxonomy drift unverified,,,,,,NONE
2026-08-20,345,VBWBTC,VaultBridge Bridged WBTC (Katana),39614,vaultbridge-bridged-wbtc-katana,72658.97151,68517410.13,311235.47,943,2026-02-25T09:18:21.000Z,3,defi;wrapped-tokens;rehypothecated-crypto,HISTORICAL_APPROXIMATION,CMC snapshot tags vary by snapshot date (drift test: tags(2024)!=tags(2026)); taxonomy drift unverified,,,,,,NONE
2026-08-20,346,BAS,BNB Attestation Service,37387,bnb-attestation-service,0.02679724,66993108.47,1509416.37,2500000000,2025-07-17T02:40:52.000Z,8,ai-big-data;identity;mvb;bnb-chain-ecosystem;binance-alpha;binance-wallet-ido,HISTORICAL_APPROXIMATION,CMC snapshot tags vary by snapshot date (drift test: tags(2024)!=tags(2026)); taxonomy drift unverified,,,,,,NONE
2026-08-20,347,TSLAX,Tesla tokenized stock (xStock),37004,tesla-tokenized-stock-xstock,346.4513266,66966469.01,26142034.38,193292.5749,2025-07-01T12:44:26.000Z,11,defi;ethereum-ecosystem;tokenized-stock;solana-ecosystem;arbitrum-ecosystem;bnb-chain-ecosystem,HISTORICAL_APPROXIMATION,CMC snapshot tags vary by snapshot date (drift test: tags(2024)!=tags(2026)); taxonomy drift unverified,,,,,,NONE
2026-08-20,348,NILA,MindWaveDAO,36302,mindwavedao,0.0783217,66006878.38,259822.11,842766176.5,2025-04-21T11:51:29.000Z,2,defi;bnb-chain-ecosystem,HISTORICAL_APPROXIMATION,CMC snapshot tags vary by snapshot date (drift test: tags(2024)!=tags(2026)); taxonomy drift unverified,,,,,,NONE
2026-08-20,349,DATA,Data Network,35626,data-network,0.18435492,65983153.63,14025589.66,357913713,2025-02-06T07:02:40.000Z,8,ai-big-data;smart-contracts;layer-1;binance-alpha;made-in-america;binance-ecosystem,HISTORICAL_APPROXIMATION,CMC snapshot tags vary by snapshot date (drift test: tags(2024)!=tags(2026)); taxonomy drift unverified,,,,DATA-USDT-SWAP,2026-07-02T12:30:00Z,SYMBOL_MATCH
2026-08-20,350,CRCLX,Circle tokenized stock (xStock),37005,circle-tokenized-stock-xstock,84.16144747,65942491.37,33414650.68,783523.7315,2025-07-01T12:51:56.000Z,11,defi;ethereum-ecosystem;tokenized-stock;solana-ecosystem;arbitrum-ecosystem;bnb-chain-ecosystem,HISTORICAL_APPROXIMATION,CMC snapshot tags vary by snapshot date (drift test: tags(2024)!=tags(2026)); taxonomy drift unverified,,,,,,NONE
2026-08-20,351,VELO,Velo,7127,velo,0.00375407,65935933.75,1961015.2,1.756387612e+10,2020-09-21T00:00:00.000Z,6,stellar-ecosystem;bnb-chain-ecosystem;dwf-labs-portfolio;binance-alpha;binance-alpha-airdrops;binance-ecosystem,HISTORICAL_APPROXIMATION,CMC snapshot tags vary by snapshot date (drift test: tags(2024)!=tags(2026)); taxonomy drift unverified,,,,,,NONE
2026-08-20,352,GPS,GoPlus Security,35268,goplus-security,0.01160782,65702054.07,20462058.71,5660152471,2025-01-16T08:01:34.000Z,5,bnb-chain-ecosystem;base-ecosystem;binance-hodler-airdrops;binance-ecosystem;binance-listing,HISTORICAL_APPROXIMATION,CMC snapshot tags vary by snapshot date (drift test: tags(2024)!=tags(2026)); taxonomy drift unverified,,,,GPS-USDT-SWAP,2025-03-04T12:00:00Z,SYMBOL_MATCH
2026-08-20,353,SN51,lium,36902,celium,17.16490419,65562690.41,2724779.72,3819578,2025-06-20T21:06:53.000Z,3,ai-big-data;bittensor-ecosystem;bittensor-subnets,HISTORICAL_APPROXIMATION,CMC snapshot tags vary by snapshot date (drift test: tags(2024)!=tags(2026)); taxonomy drift unverified,,,,,,NONE
2026-08-20,354,LPT,Livepeer,3640,livepeer,1.31492399,65337198.62,7507806.4,49688954.55,2018-12-19T00:00:00.000Z,16,media;ai-big-data;distributed-computing;video;ethereum-ecosystem;coinfund-portfolio,HISTORICAL_APPROXIMATION,CMC snapshot tags vary by snapshot date (drift test: tags(2024)!=tags(2026)); taxonomy drift unverified,,,,LPT-USDT-SWAP,2021-04-23T07:00:00Z,SYMBOL_MATCH
2026-08-20,355,AIOZ,AIOZ Network,9104,aioz-network,0.05127162,65277469.88,2062697.1,1273169637,2021-04-02T00:00:00.000Z,12,media;platform;ai-big-data;distributed-computing;smart-contracts;video,HISTORICAL_APPROXIMATION,CMC snapshot tags vary by snapshot date (drift test: tags(2024)!=tags(2026)); taxonomy drift unverified,,,,,,NONE
2026-08-20,356,CROSS,CROSS,37166,cross,0.13300433,65219229,6412560.39,490354160.4,2025-07-04T08:36:24.000Z,6,gaming;bnb-chain-ecosystem;binance-alpha;binance-alpha-airdrops;binance-ecosystem;binance-listing,HISTORICAL_APPROXIMATION,CMC snapshot tags vary by snapshot date (drift test: tags(2024)!=tags(2026)); taxonomy drift unverified,,,,,,NONE
2026-08-20,357,COW,CoW Protocol,19269,cow-protocol,0.11339283,65206873.85,7927836.68,575052894.4,2022-04-01T08:42:05.000Z,9,decentralized-exchange-dex-token;defi;ethereum-ecosystem;arbitrum-ecosystem;base-ecosystem;intent,HISTORICAL_APPROXIMATION,CMC snapshot tags vary by snapshot date (drift test: tags(2024)!=tags(2026)); taxonomy drift unverified,,,,,,NONE
2026-08-20,358,BabyDoge,Baby Doge Coin,10407,baby-doge-coin,0,64768874.79,4294955.76,1.791860234e+17,2021-06-11T00:00:00.000Z,34,marketing;art;marketplace;media;philanthropy;real-estate,HISTORICAL_APPROXIMATION,CMC snapshot tags vary by snapshot date (drift test: tags(2024)!=tags(2026)); taxonomy drift unverified,,,,,,NONE
2026-08-20,359,TURBO,Turbo,24911,turbo,0.00092945,64131824.36,18114394.97,6.899999999e+10,2023-05-01T00:30:00.000Z,11,art;ai-big-data;memes;ethereum-ecosystem;solana-ecosystem;web3,HISTORICAL_APPROXIMATION,CMC snapshot tags vary by snapshot date (drift test: tags(2024)!=tags(2026)); taxonomy drift unverified,TURBO,2024-05-31T16:00:00Z,False,TURBO-USDT-SWAP,2023-12-14T09:55:00Z,SYMBOL_MATCH
2026-08-20,360,NXPC,NEXPACE,36044,maplestory-universe,0.21325139,64079275,6899065.41,300487019.5,2025-03-17T06:30:59.000Z,9,defi;gaming;avalanche-ecosystem;bnb-chain-ecosystem;binance-hodler-airdrops;binance-alpha-airdrops,HISTORICAL_APPROXIMATION,CMC snapshot tags vary by snapshot date (drift test: tags(2024)!=tags(2026)); taxonomy drift unverified,NXPC,2025-05-15T09:00:00Z,False,,,SYMBOL_MATCH
2026-08-20,361,UAI,UnifAI Network,38841,unifai-network,0.26559547,63477318.23,2684009.35,239000000,2025-10-30T07:37:46.000Z,9,ai-big-data;defi;hashkey-capital-portfolio;bnb-chain-ecosystem;generative-ai;binance-alpha,HISTORICAL_APPROXIMATION,CMC snapshot tags vary by snapshot date (drift test: tags(2024)!=tags(2026)); taxonomy drift unverified,,,,,,NONE
2026-08-20,362,NMR,Numeraire,1732,numeraire,8.53216551,63257989.32,5681051.64,7414060.273,2017-06-23T00:00:00.000Z,13,asset-management;ai-big-data;defi;payments;research;ethereum-ecosystem,HISTORICAL_APPROXIMATION,CMC snapshot tags vary by snapshot date (drift test: tags(2024)!=tags(2026)); taxonomy drift unverified,,,,NMR-USDT-SWAP,2024-01-11T07:55:00Z,SYMBOL_MATCH
2026-08-20,363,preSPCX,"SpaceX 
Pre-IPO stock (Republic)",40643,spacex-pre-ipo-stock-republic,132.8665076,63078374.5,58845.64,474750,2026-07-02T07:39:19.000Z,5,defi;tokenized-stock;solana-ecosystem;tokenized-assets;bitget-ecosystem,HISTORICAL_APPROXIMATION,CMC snapshot tags vary by snapshot date (drift test: tags(2024)!=tags(2026)); taxonomy drift unverified,,,,,,NONE
2026-08-20,364,TBK,TronBank,39177,tronbank,0.33900916,62829716.4,237899.78,185333390.4,2025-12-25T11:24:46.000Z,2,dapp;tron20-ecosystem,HISTORICAL_APPROXIMATION,CMC snapshot tags vary by snapshot date (drift test: tags(2024)!=tags(2026)); taxonomy drift unverified,,,,,,NONE
2026-08-20,365,FIDD,Fidelity Digital Dollar,39549,fidelity-digital-dollar,0.99979266,62588080.36,152323321.4,62601060,2026-02-05T10:02:39.000Z,4,stablecoin;asset-backed-stablecoin;ethereum-ecosystem;usd-stablecoin,HISTORICAL_APPROXIMATION,CMC snapshot tags vary by snapshot date (drift test: tags(2024)!=tags(2026)); taxonomy drift unverified,,,,,,NONE
2026-08-20,366,HOT,Holo,2682,holo,0.00035252,62376848.56,3221416.41,1.769476421e+11,2018-04-29T00:00:00.000Z,9,platform;distributed-computing;filesharing;ethereum-ecosystem;storage;depin,HISTORICAL_APPROXIMATION,CMC snapshot tags vary by snapshot date (drift test: tags(2024)!=tags(2026)); taxonomy drift unverified,,,,,,NONE
2026-08-20,367,CHIP,USD.AI,39870,usd-ai,0.03110408,62208166.51,24191453.43,2000000000,2026-04-16T10:28:18.000Z,9,ai-big-data;ethereum-ecosystem;solana-ecosystem;arbitrum-ecosystem;base-ecosystem;binance-alpha-airdrops,HISTORICAL_APPROXIMATION,CMC snapshot tags vary by snapshot date (drift test: tags(2024)!=tags(2026)); taxonomy drift unverified,CHIP,2026-04-22T03:00:00Z,False,CHIP-USDT-SWAP,2026-04-21T14:00:00Z,SYMBOL_MATCH
2026-08-20,368,STUSDT,Staked USDT,27793,staked-usdt,0.98714633,62136726.5,0,62945811,2023-08-09T06:22:22.000Z,7,defi;staking;ethereum-ecosystem;tron-ecosystem;real-world-assets-protocols;rehypothecated-crypto,HISTORICAL_APPROXIMATION,CMC snapshot tags vary by snapshot date (drift test: tags(2024)!=tags(2026)); taxonomy drift unverified,,,,,,NONE
2026-08-20,369,DUSD,StandX DUSD,36762,standx-dusd,0.9992129,61014369.77,959013.05,61062431.71,2025-06-08T02:53:21.000Z,3,defi;derivatives;stablecoin,HISTORICAL_APPROXIMATION,CMC snapshot tags vary by snapshot date (drift test: tags(2024)!=tags(2026)); taxonomy drift unverified,,,,,,NONE
2026-08-20,370,QUBIC,Qubic,29169,qubic,4.3e-07,60939321.68,1670822.64,1.415595599e+14,2024-01-25T10:29:06.000Z,4,ai-big-data;quantum-resistant;generative-ai;layer-1,HISTORICAL_APPROXIMATION,CMC snapshot tags vary by snapshot date (drift test: tags(2024)!=tags(2026)); taxonomy drift unverified,,,,,,NONE
2026-08-20,371,ALLO,Allora,38908,allora,0.30305793,60763115.01,39926375.19,200500000,2025-11-10T01:35:52.000Z,10,ai-big-data;ethereum-ecosystem;cosmos;bnb-chain-ecosystem;base-ecosystem;ai-agents,HISTORICAL_APPROXIMATION,CMC snapshot tags vary by snapshot date (drift test: tags(2024)!=tags(2026)); taxonomy drift unverified,,,,ALLO-USDT-SWAP,2025-11-11T16:45:00Z,SYMBOL_MATCH
2026-08-20,372,DHN,Dohrnii,20279,dohrnii,3.54721587,60568859.88,37612.81,17075042,2022-05-25T04:32:53.000Z,2,education;ethereum-ecosystem,HISTORICAL_APPROXIMATION,CMC snapshot tags vary by snapshot date (drift test: tags(2024)!=tags(2026)); taxonomy drift unverified,,,,,,NONE
2026-08-20,373,SUPER,SuperVerse,8290,superverse,0.09453441,60517396.49,3946833.16,640162626.4,2021-01-20T00:00:00.000Z,17,collectibles-nfts;defi;gaming;ethereum-ecosystem;launchpad;avalanche-ecosystem,HISTORICAL_APPROXIMATION,CMC snapshot tags vary by snapshot date (drift test: tags(2024)!=tags(2026)); taxonomy drift unverified,SUPER,2023-11-26T18:00:00Z,False,,,SYMBOL_MATCH
2026-08-20,374,MINA,Mina,8646,mina,0.04688969,60358725.77,6290185.25,1287249413,2021-03-02T00:00:00.000Z,13,pos;defi;privacy;zero-knowledge-proofs;staking;coinbase-ventures-portfolio,HISTORICAL_APPROXIMATION,CMC snapshot tags vary by snapshot date (drift test: tags(2024)!=tags(2026)); taxonomy drift unverified,MINA,2023-10-24T15:00:00Z,False,MINA-USDT-SWAP,2021-06-09T09:00:00Z,SYMBOL_MATCH
2026-08-20,375,vBUSD,Venus BUSD,7959,venus-busd,0.0223277,60168015.48,0,2694770470,2020-12-12T00:00:00.000Z,1,stablecoin,HISTORICAL_APPROXIMATION,CMC snapshot tags vary by snapshot date (drift test: tags(2024)!=tags(2026)); taxonomy drift unverified,,,,,,NONE
2026-08-20,376,COAI,ChainOpera AI,38489,chainopera-ai,0.31785529,59756826.07,2939978.05,188000098,2025-09-23T11:09:53.000Z,8,ai-big-data;bnb-chain-ecosystem;binance-alpha;binance-alpha-airdrops;binance-ecosystem;binance-listing,HISTORICAL_APPROXIMATION,CMC snapshot tags vary by snapshot date (drift test: tags(2024)!=tags(2026)); taxonomy drift unverified,,,,COAI-USDT-SWAP,2025-10-15T14:30:01Z,SYMBOL_MATCH
2026-08-20,377,GCOIN,Playnance,39689,playnance,0.00238464,59678020.9,462263.59,2.5026e+10,2026-03-19T06:10:00.000Z,1,gaming,HISTORICAL_APPROXIMATION,CMC snapshot tags vary by snapshot date (drift test: tags(2024)!=tags(2026)); taxonomy drift unverified,,,,,,NONE
2026-08-20,378,TFUEL,Theta Fuel,3822,theta-fuel,0.00801661,59642793.45,833253.53,7439904844,2019-03-28T00:00:00.000Z,14,media;vr-ar;communications-social-media;distributed-computing;content-creation;defi,HISTORICAL_APPROXIMATION,CMC snapshot tags vary by snapshot date (drift test: tags(2024)!=tags(2026)); taxonomy drift unverified,,,,,,NONE
2026-08-20,379,KSM,Kusama,5034,kusama,3.18211691,59518756.93,3490309.7,18704138.95,2019-12-12T00:00:00.000Z,10,substrate;polkadot;polkadot-ecosystem;cms-holdings-portfolio;kenetic-capital-portfolio;1confirmation-portfolio,HISTORICAL_APPROXIMATION,CMC snapshot tags vary by snapshot date (drift test: tags(2024)!=tags(2026)); taxonomy drift unverified,,,,KSM-USDT-SWAP,2020-09-08T10:12:51Z,SYMBOL_MATCH
2026-08-20,380,SHX,Stronghold SHx,3661,stronghold-token,0.00338106,59502159.29,1039669.21,1.759867599e+10,2019-01-03T00:00:00.000Z,2,ethereum-ecosystem;stellar-ecosystem,HISTORICAL_APPROXIMATION,CMC snapshot tags vary by snapshot date (drift test: tags(2024)!=tags(2026)); taxonomy drift unverified,,,,,,NONE
2026-08-20,381,WAL,Walrus,36119,walrus-xyz,0.0234419,58844044.04,5022748.6,2510208333,2025-03-26T06:11:29.000Z,9,storage;sui-ecosystem;depin;move-vm;binance-hodler-airdrops;binance-alpha-airdrops,HISTORICAL_APPROXIMATION,CMC snapshot tags vary by snapshot date (drift test: tags(2024)!=tags(2026)); taxonomy drift unverified,,,,WAL-USDT-SWAP,2025-05-08T07:00:00Z,SYMBOL_MATCH
2026-08-20,382,JELLYJELLY,Jelly-My-Jelly,35537,jelly-my-jelly,0.058179,58178947.52,3179754.23,999999099,2025-01-30T08:23:28.000Z,9,memes;solana-ecosystem;pump-fun-ecosystem;binance-alpha;startup-memes;moonshot,HISTORICAL_APPROXIMATION,CMC snapshot tags vary by snapshot date (drift test: tags(2024)!=tags(2026)); taxonomy drift unverified,,,,JELLYJELLY-USDT-SWAP,2025-03-26T15:54:30Z,SYMBOL_MATCH
2026-08-20,383,牛来,牛来 (Niu Lai),41861,niu-lai,0.05805548,58055475.59,58407024.94,1000000000,2026-08-16T14:47:23.000Z,5,memes;bnb-chain-ecosystem;binance-alpha;binance-ecosystem;stock-memes,HISTORICAL_APPROXIMATION,CMC snapshot tags vary by snapshot date (drift test: tags(2024)!=tags(2026)); taxonomy drift unverified,,,,,,NONE
2026-08-20,384,DIEM,Diem,38186,venice-ai,1510.916209,58043851.83,649294.55,38416.32744,2025-08-25T10:46:22.000Z,1,base-ecosystem,HISTORICAL_APPROXIMATION,CMC snapshot tags vary by snapshot date (drift test: tags(2024)!=tags(2026)); taxonomy drift unverified,,,,,,NONE
2026-08-20,385,NPC,Non-Playable Coin,27960,non-playable-coin,0.00759659,57865060.86,3819723.96,7617241371,2023-08-31T13:35:42.000Z,6,memes;ethereum-ecosystem;solana-ecosystem;bnb-chain-ecosystem;base-ecosystem;hybrid-token-standard,HISTORICAL_APPROXIMATION,CMC snapshot tags vary by snapshot date (drift test: tags(2024)!=tags(2026)); taxonomy drift unverified,,,,,,NONE
2026-08-20,386,W,Wormhole,29587,wormhole,0.00902284,57497674.52,111385868.7,6372455468,2024-03-29T04:25:44.000Z,19,collectibles-nfts;defi;interoperability;dao;ethereum-ecosystem;coinbase-ventures-portfolio,HISTORICAL_APPROXIMATION,CMC snapshot tags vary by snapshot date (drift test: tags(2024)!=tags(2026)); taxonomy drift unverified,W,2024-02-07T18:00:00Z,False,W-USDT-SWAP,2024-04-03T12:25:00Z,SYMBOL_MATCH
2026-08-20,387,WKC,Wiki Cat,20700,wiki-cat,1.1e-07,57438174.99,559006.51,5.356147268e+14,2022-06-21T15:45:05.000Z,4,memes;bnb-chain-ecosystem;cat-themed;animal-memes,HISTORICAL_APPROXIMATION,CMC snapshot tags vary by snapshot date (drift test: tags(2024)!=tags(2026)); taxonomy drift unverified,,,,,,NONE
2026-08-20,388,ZIG,ZIGChain,9260,zigcoin,0.04054131,57120310.13,8141847.77,1408940795,2021-04-16T00:00:00.000Z,8,asset-management;marketplace;platform;ai-big-data;bnb-chain-ecosystem;real-world-assets-protocols,HISTORICAL_APPROXIMATION,CMC snapshot tags vary by snapshot date (drift test: tags(2024)!=tags(2026)); taxonomy drift unverified,,,,,,NONE
2026-08-20,389,OMI,ECOMI,19075,ecomi-new,0.00019918,56280895.8,869706.8,2.82560284e+11,2022-03-25T10:29:22.000Z,7,collectibles-nfts;gaming;entertainment;ethereum-ecosystem;metaverse;play-to-earn,HISTORICAL_APPROXIMATION,CMC snapshot tags vary by snapshot date (drift test: tags(2024)!=tags(2026)); taxonomy drift unverified,,,,,,NONE
2026-08-20,390,PUFETH,pufETH,29325,pufeth,2509.582382,55904813.81,555.17,22276.5406,2024-02-07T10:03:36.000Z,10,defi;ethereum-ecosystem;binance-labs-portfolio;animoca-brands-portfolio;bnb-chain-ecosystem;liquid-staking-derivatives,HISTORICAL_APPROXIMATION,CMC snapshot tags vary by snapshot date (drift test: tags(2024)!=tags(2026)); taxonomy drift unverified,,,,,,NONE
2026-08-20,391,UP,Unitas,39665,unitas,0.37777845,55155653.94,31193910.71,146000000,2026-03-09T03:26:40.000Z,7,ethereum-ecosystem;solana-ecosystem;bnb-chain-ecosystem;binance-alpha;binance-wallet-ido;binance-ecosystem,HISTORICAL_APPROXIMATION,CMC snapshot tags vary by snapshot date (drift test: tags(2024)!=tags(2026)); taxonomy drift unverified,,,,UP-USDT-SWAP,2026-04-08T11:00:00Z,SYMBOL_MATCH
2026-08-20,392,XUSD,StraitsX USD,32372,straitsx-xusd,1.00005571,55134875.84,9304463.83,55131804.34,2024-07-24T06:09:31.000Z,3,stablecoin;binance-ecosystem;binance-listing,HISTORICAL_APPROXIMATION,CMC snapshot tags vary by snapshot date (drift test: tags(2024)!=tags(2026)); taxonomy drift unverified,,,,,,NONE
2026-08-20,393,WFTM,Wrapped Fantom,10240,wrapped-fantom,0.025175,54901634.16,0,2180800150,2021-06-10T00:00:00.000Z,8,defi;ethereum-ecosystem;fantom-ecosystem;celo-ecosystem;cronos-ecosystem;bnb-chain-ecosystem,HISTORICAL_APPROXIMATION,CMC snapshot tags vary by snapshot date (drift test: tags(2024)!=tags(2026)); taxonomy drift unverified,,,,,,NONE
2026-08-20,394,PURR,Purr,34332,purr,0.09114816,54264395.22,3780835.34,595342752,2024-11-30T08:18:42.000Z,5,memes;cat-themed;animal-memes;hyperliquid-ecosystem;hyperevm-ecosystem,HISTORICAL_APPROXIMATION,CMC snapshot tags vary by snapshot date (drift test: tags(2024)!=tags(2026)); taxonomy drift unverified,PURR,2024-11-04T10:00:00Z,False,PURR-USDT-SWAP,2026-08-21T09:15:00Z,SYMBOL_MATCH
2026-08-20,395,RIVER,River,38417,river,2.76846407,54261895.79,3002552.3,19600000,2025-09-16T20:02:42.000Z,12,defi;ethereum-ecosystem;yield-farming;cms-holdings-portfolio;cross-chain;bnb-chain-ecosystem,HISTORICAL_APPROXIMATION,CMC snapshot tags vary by snapshot date (drift test: tags(2024)!=tags(2026)); taxonomy drift unverified,,,,RIVER-USDT-SWAP,2026-01-09T07:00:00Z,SYMBOL_MATCH
2026-08-20,396,FUN,FUNToken,1757,funtoken,0.00500149,54047074.04,1624465.67,1.080620166e+10,2017-06-27T00:00:00.000Z,6,marketplace;defi;gaming;payments;ethereum-ecosystem;pantera-capital-portfolio,HISTORICAL_APPROXIMATION,CMC snapshot tags vary by snapshot date (drift test: tags(2024)!=tags(2026)); taxonomy drift unverified,,,,,,NONE
2026-08-20,397,MUB,Micron Technology Tokenized bStocks,40212,micron-technology-tokenized-bstocks,967.3349193,54038711.33,19014550.64,55863.49697,2026-06-11T03:03:49.000Z,7,defi;tokenized-stock;bnb-chain-ecosystem;binance-ecosystem;binance-listing;tokenized-assets,HISTORICAL_APPROXIMATION,CMC snapshot tags vary by snapshot date (drift test: tags(2024)!=tags(2026)); taxonomy drift unverified,,,,,,NONE
2026-08-20,398,BERA,Berachain,24647,berachain,0.17004054,54031735.5,20513511.37,317757964.3,2025-02-06T13:00:00.000Z,7,layer-1;cmc-crypto-yearbook-2024-2025;binance-hodler-airdrops;binance-ecosystem;binance-listing;bera-chain-ecosystem,HISTORICAL_APPROXIMATION,CMC snapshot tags vary by snapshot date (drift test: tags(2024)!=tags(2026)); taxonomy drift unverified,BERA,2025-02-06T14:00:00Z,False,BERA-USDT-SWAP,2025-02-06T14:00:01Z,SYMBOL_MATCH
2026-08-20,399,PROS,Pharos,39682,pharos,0.39797509,53965421.63,2195833.94,135600000,2026-04-23T20:59:03.000Z,6,ethereum-ecosystem;base-ecosystem;binance-alpha;binance-alpha-airdrops;binance-ecosystem;binance-listing,HISTORICAL_APPROXIMATION,CMC snapshot tags vary by snapshot date (drift test: tags(2024)!=tags(2026)); taxonomy drift unverified,,,,PROS-USDT-SWAP,2026-04-28T14:00:00Z,SYMBOL_MATCH
2026-08-20,400,PEOPLE,ConstitutionDAO,14806,constitutiondao,0.01052757,53270929.53,66068435.49,5060137335,2021-11-19T03:12:15.000Z,8,memes;dao;ethereum-ecosystem;solana-ecosystem;political-memes;made-in-america,HISTORICAL_APPROXIMATION,CMC snapshot tags vary by snapshot date (drift test: tags(2024)!=tags(2026)); taxonomy drift unverified,PEOPLE,2024-01-03T17:00:00Z,False,PEOPLE-USDT-SWAP,2021-12-02T06:51:29Z,SYMBOL_MATCH
2026-08-20,401,SN4,Targon,36912,targon,12.0485392,53190107.68,1679455.18,4414652,2025-06-20T21:26:01.000Z,3,ai-big-data;bittensor-ecosystem;bittensor-subnets,HISTORICAL_APPROXIMATION,CMC snapshot tags vary by snapshot date (drift test: tags(2024)!=tags(2026)); taxonomy drift unverified,,,,,,NONE
2026-08-20,402,LINEA,Linea,27657,linea,0.00232923,52591422.53,12347351.07,2.257885194e+10,2023-07-21T11:04:15.000Z,7,zero-knowledge-proofs;layer-2;linea-ecosystem;binance-hodler-airdrops;binance-alpha-airdrops;binance-ecosystem,HISTORICAL_APPROXIMATION,CMC snapshot tags vary by snapshot date (drift test: tags(2024)!=tags(2026)); taxonomy drift unverified,LINEA,2025-09-01T10:00:00Z,False,LINEA-USDT-SWAP,2025-09-01T14:00:00Z,SYMBOL_MATCH
2026-08-20,403,vUSDC,Venus USDC,7958,venus-usdc,0.02661836,52445233.69,0,1970265260,2020-12-12T00:00:00.000Z,3,defi;stablecoin;rehypothecated-crypto,HISTORICAL_APPROXIMATION,CMC snapshot tags vary by snapshot date (drift test: tags(2024)!=tags(2026)); taxonomy drift unverified,,,,,,NONE
2026-08-20,404,PNUT,Peanut the Squirrel,33788,peanut-the-squirrel,0.05226019,52251916.02,41192519.84,999841681.9,2024-11-04T02:00:00.000Z,7,memes;solana-ecosystem;political-memes;animal-memes;pump-fun-ecosystem;binance-ecosystem,HISTORICAL_APPROXIMATION,CMC snapshot tags vary by snapshot date (drift test: tags(2024)!=tags(2026)); taxonomy drift unverified,PNUT,2024-11-14T04:00:00Z,False,PNUT-USDT-SWAP,2024-11-12T03:30:00Z,SYMBOL_MATCH
2026-08-20,405,SUSHI,SushiSwap,6758,sushiswap,0.18161774,52094329.83,6304706.37,286835036.1,2020-08-28T00:00:00.000Z,26,collectibles-nfts;decentralized-exchange-dex-token;defi;gaming;dao;ethereum-ecosystem,HISTORICAL_APPROXIMATION,CMC snapshot tags vary by snapshot date (drift test: tags(2024)!=tags(2026)); taxonomy drift unverified,SUSHI,2023-11-17T16:00:00Z,False,SUSHI-USDT-SWAP,2020-09-02T10:12:51Z,SYMBOL_MATCH
2026-08-20,406,ENJ,Enjin Coin,2130,enjin-coin,0.02606484,51967116.18,4326415.98,1993763056,2017-11-01T00:00:00.000Z,9,media;vr-ar;collectibles-nfts;gaming;metaverse;arrington-xrp-capital-portfolio,HISTORICAL_APPROXIMATION,CMC snapshot tags vary by snapshot date (drift test: tags(2024)!=tags(2026)); taxonomy drift unverified,,,,ENJ-USDT-SWAP,2024-03-01T10:25:01Z,SYMBOL_MATCH
2026-08-20,407,SPYX,SP500 tokenized ETF (xStock),37006,sp500-tokenized-stock-xstock,767.5300859,51353324.49,6832927.34,66907.24629,2025-07-01T13:10:01.000Z,12,defi;ethereum-ecosystem;tokenized-stock;solana-ecosystem;arbitrum-ecosystem;bnb-chain-ecosystem,HISTORICAL_APPROXIMATION,CMC snapshot tags vary by snapshot date (drift test: tags(2024)!=tags(2026)); taxonomy drift unverified,,,,,,NONE
2026-08-20,408,OPEN,OpenLedger,37456,openledger,0.16088593,51320845.37,6014152.41,318989012,2025-07-22T08:35:29.000Z,8,ai-big-data;ethereum-ecosystem;polychain-capital-portfolio;bnb-chain-ecosystem;binance-hodler-airdrops;binance-alpha-airdrops,HISTORICAL_APPROXIMATION,CMC snapshot tags vary by snapshot date (drift test: tags(2024)!=tags(2026)); taxonomy drift unverified,,,,,,NONE
2026-08-20,409,XNO,Nano,1567,nano,0.38371324,51129136.08,211909.42,133248297,2017-03-06T00:00:00.000Z,9,dag;blake2b;medium-of-exchange;store-of-value;payments;layer-1,HISTORICAL_APPROXIMATION,CMC snapshot tags vary by snapshot date (drift test: tags(2024)!=tags(2026)); taxonomy drift unverified,,,,,,NONE
2026-08-20,410,RED,RedStone,21707,redstone,0.10449188,50923259.44,40117788.42,487341763,2022-09-05T10:28:27.000Z,9,defi;oracles;ethereum-ecosystem;binance-launchpool;solana-ecosystem;base-ecosystem,HISTORICAL_APPROXIMATION,CMC snapshot tags vary by snapshot date (drift test: tags(2024)!=tags(2026)); taxonomy drift unverified,,,,,,NONE
2026-08-20,411,MSTRX,MicroStrategy tokenized stock (xStock),37003,microstrategy-tokenized-stock-xstock,113.8337827,50869446.45,17080077.95,446874.7789,2025-07-01T12:32:41.000Z,11,defi;ethereum-ecosystem;tokenized-stock;solana-ecosystem;arbitrum-ecosystem;bnb-chain-ecosystem,HISTORICAL_APPROXIMATION,CMC snapshot tags vary by snapshot date (drift test: tags(2024)!=tags(2026)); taxonomy drift unverified,,,,,,NONE
2026-08-20,412,LAB,LAB,33223,lab,0.08601291,50810164.44,8487229.91,590727215.2,2024-09-29T18:12:04.000Z,9,platform;defi;dex;governance;bnb-chain-ecosystem;binance-alpha,HISTORICAL_APPROXIMATION,CMC snapshot tags vary by snapshot date (drift test: tags(2024)!=tags(2026)); taxonomy drift unverified,,,,LAB-USDT-SWAP,2025-11-01T12:00:01Z,SYMBOL_MATCH
2026-08-20,413,ZIL,Zilliqa,2469,zilliqa,0.00251925,50665063.93,3005312.02,2.011118799e+10,2018-01-25T00:00:00.000Z,14,mineable;platform;defi;gaming;payments;smart-contracts,HISTORICAL_APPROXIMATION,CMC snapshot tags vary by snapshot date (drift test: tags(2024)!=tags(2026)); taxonomy drift unverified,,,,ZIL-USDT-SWAP,2020-09-09T10:12:51Z,SYMBOL_MATCH
2026-08-20,414,APR,Capricorn,38569,apriori,0.18221847,50622569.78,8704147.67,277812500,2025-10-05T21:46:26.000Z,13,defi;staking;ethereum-ecosystem;binance-labs-portfolio;pantera-capital-portfolio;okx-ventures-portfolio,HISTORICAL_APPROXIMATION,CMC snapshot tags vary by snapshot date (drift test: tags(2024)!=tags(2026)); taxonomy drift unverified,,,,APR-USDT-SWAP,2025-10-24T06:00:01Z,SYMBOL_MATCH
2026-08-20,415,BABY,Babylon,32198,babylon,0.01165262,50260229.77,6551987.19,4313213966,2024-07-15T10:03:41.000Z,15,defi;staking;polychain-capital-portfolio;framework-ventures-portfolio;galaxy-digital-portfolio;hashkey-capital-portfolio,HISTORICAL_APPROXIMATION,CMC snapshot tags vary by snapshot date (drift test: tags(2024)!=tags(2026)); taxonomy drift unverified,BABY,2025-04-12T03:00:00Z,False,BABY-USDT-SWAP,2025-04-10T11:00:00Z,SYMBOL_MATCH
2026-08-20,416,IO,io.net,29835,io-net,0.13086212,49921679.39,23116576.18,381483051.2,2024-06-06T04:47:03.000Z,9,ai-big-data;distributed-computing;binance-launchpool;solana-ecosystem;depin;made-in-america,HISTORICAL_APPROXIMATION,CMC snapshot tags vary by snapshot date (drift test: tags(2024)!=tags(2026)); taxonomy drift unverified,IO,2024-06-12T03:00:00Z,False,,,SYMBOL_MATCH
2026-08-20,417,AGT,Alaya Governance Token,36195,alaya-ai,0.01612318,49774844.17,4876366.72,3087161121,2025-04-03T07:25:50.000Z,8,ai-big-data;binance-smart-chain;governance;bnb-chain-ecosystem;binance-alpha;binance-wallet-ido,HISTORICAL_APPROXIMATION,CMC snapshot tags vary by snapshot date (drift test: tags(2024)!=tags(2026)); taxonomy drift unverified,,,,,,NONE
2026-08-20,418,ONT,Ontology,2566,ontology,0.04977286,49772856.99,55261102.35,1000000000,2018-03-08T00:00:00.000Z,13,enterprise-solutions;defi;gaming;identity;ethereum-ecosystem;metaverse,HISTORICAL_APPROXIMATION,CMC snapshot tags vary by snapshot date (drift test: tags(2024)!=tags(2026)); taxonomy drift unverified,,,,ONT-USDT-SWAP,2020-04-21T10:12:51Z,SYMBOL_MATCH
2026-08-20,419,RVN,Ravencoin,2577,ravencoin,0.00303213,49765517.86,5652115.21,1.641271024e+10,2018-03-10T00:00:00.000Z,9,mineable;pow;platform;crowdfunding;real-world-assets-protocols;made-in-america,HISTORICAL_APPROXIMATION,CMC snapshot tags vary by snapshot date (drift test: tags(2024)!=tags(2026)); taxonomy drift unverified,,,,RVN-USDT-SWAP,2021-04-23T07:00:00Z,SYMBOL_MATCH
2026-08-20,420,XAUM,Matrixdock Gold,34212,matrixdock-gold,4507.45851,49451069.24,482154.11,10970.94275,2024-11-25T09:55:55.000Z,10,commodities;ethereum-ecosystem;asset-backed-token;bnb-chain-ecosystem;tokenized-gold;sui-ecosystem,HISTORICAL_APPROXIMATION,CMC snapshot tags vary by snapshot date (drift test: tags(2024)!=tags(2026)); taxonomy drift unverified,,,,,,NONE
2026-08-20,421,AXL,Axelar,17799,axelar,0.04010946,49108847.35,3154629.75,1224370788,2022-02-02T02:48:14.000Z,24,defi;interoperability;ethereum-ecosystem;coinbase-ventures-portfolio;polychain-capital-portfolio;binance-labs-portfolio,HISTORICAL_APPROXIMATION,CMC snapshot tags vary by snapshot date (drift test: tags(2024)!=tags(2026)); taxonomy drift unverified,,,,,,NONE
2026-08-20,422,USELESS,Useless Coin,36828,theuselesscoin,0.04908807,49043115.03,12681410.6,999084268.1,2025-06-16T03:18:23.000Z,5,memes;solana-ecosystem;bonk-fun-ecosystem;binance-ecosystem;binance-listing,HISTORICAL_APPROXIMATION,CMC snapshot tags vary by snapshot date (drift test: tags(2024)!=tags(2026)); taxonomy drift unverified,,,,USELESS-USDT-SWAP,2025-07-25T10:00:00Z,SYMBOL_MATCH
2026-08-20,423,GUSD,Gemini Dollar,3306,gemini-dollar,0.99980007,48805348.03,1735878.19,48815107.78,2018-10-05T00:00:00.000Z,5,store-of-value;stablecoin;asset-backed-stablecoin;usd-stablecoin;fiat-stablecoin,HISTORICAL_APPROXIMATION,CMC snapshot tags vary by snapshot date (drift test: tags(2024)!=tags(2026)); taxonomy drift unverified,,,,,,NONE
2026-08-20,424,FLOW,Flow,4558,flow,0.02892853,48711072.56,2938006.81,1683842153,2021-01-27T00:00:00.000Z,15,platform;collectibles-nfts;staking;coinbase-ventures-portfolio;coinfund-portfolio;dcg-portfolio,HISTORICAL_APPROXIMATION,CMC snapshot tags vary by snapshot date (drift test: tags(2024)!=tags(2026)); taxonomy drift unverified,,,,FLOW-USDT-SWAP,2023-11-07T09:55:00Z,SYMBOL_MATCH
2026-08-20,425,XVS,Venus,7288,venus,2.96605478,48622214.4,1313111.19,16392891.59,2020-10-05T00:00:00.000Z,15,defi;ethereum-ecosystem;yield-farming;binance-launchpool;lending-borowing;arbitrum-ecosystem,HISTORICAL_APPROXIMATION,CMC snapshot tags vary by snapshot date (drift test: tags(2024)!=tags(2026)); taxonomy drift unverified,,,,,,NONE
2026-08-20,426,BILL,Billions Network,39545,billions-network,0.01992839,48389998.54,4831411.11,2428194444,2026-05-02T06:10:51.000Z,10,privacy;ethereum-ecosystem;solana-ecosystem;bnb-chain-ecosystem;binance-alpha;mantle-ecosystem,HISTORICAL_APPROXIMATION,CMC snapshot tags vary by snapshot date (drift test: tags(2024)!=tags(2026)); taxonomy drift unverified,,,,BILL-USDT-SWAP,2026-05-06T08:00:00Z,SYMBOL_MATCH
2026-08-20,427,TROLL,TROLL (SOL),36313,troll-sol,0.04819929,48140011.63,3429377.86,998770101.3,2025-04-22T11:22:09.000Z,6,memes;solana-ecosystem;pump-fun-ecosystem;ip-memes;binance-alpha;binance-ecosystem,HISTORICAL_APPROXIMATION,CMC snapshot tags vary by snapshot date (drift test: tags(2024)!=tags(2026)); taxonomy drift unverified,,,,,,NONE
2026-08-20,428,ZETA,ZetaChain,21259,zetachain,0.03085136,48080233.58,3821938.06,1558447917,2022-08-05T02:45:23.000Z,9,ai-big-data;interoperability;smart-contracts;cross-chain;layer-1;binance-alpha,HISTORICAL_APPROXIMATION,CMC snapshot tags vary by snapshot date (drift test: tags(2024)!=tags(2026)); taxonomy drift unverified,ZETA,2024-02-02T01:00:00Z,False,ZETA-USDT-SWAP,2024-02-01T03:25:00Z,SYMBOL_MATCH
2026-08-20,429,ELF,aelf,2299,aelf,0.05837428,48025551.33,2043471.56,822717720,2017-12-21T00:00:00.000Z,7,dpos;interoperability;smart-contracts;dao;dapp;cross-chain,HISTORICAL_APPROXIMATION,CMC snapshot tags vary by snapshot date (drift test: tags(2024)!=tags(2026)); taxonomy drift unverified,,,,,,NONE
2026-08-20,430,XP,Xphere,36056,xphere,0.01645343,48013210.73,408811.5,2918127552,2025-03-18T03:08:15.000Z,2,defi;wallet,HISTORICAL_APPROXIMATION,CMC snapshot tags vary by snapshot date (drift test: tags(2024)!=tags(2026)); taxonomy drift unverified,,,,,,NONE
2026-08-20,431,HOLO,Holoworld AI,38309,holoworld-ai,0.06290903,47992403.13,5944986.8,762885768.1,2025-09-08T03:44:34.000Z,10,ai-big-data;content-creation;entertainment;polychain-capital-portfolio;solana-ecosystem;bnb-chain-ecosystem,HISTORICAL_APPROXIMATION,CMC snapshot tags vary by snapshot date (drift test: tags(2024)!=tags(2026)); taxonomy drift unverified,,,,,,NONE
2026-08-20,432,IBITon,iShares Bitcoin Trust Tokenized Stock (Ondo),39769,ishares-bitcoin-trust-tokenized-stock-ondo,41.4012792,47845447.36,2431.39,1155651.426,2026-03-24T02:56:11.000Z,6,ethereum-ecosystem;solana-ecosystem;bnb-chain-ecosystem;tokenized-assets;tokenized-etfs;ondo-stocks-ecosystem,HISTORICAL_APPROXIMATION,CMC snapshot tags vary by snapshot date (drift test: tags(2024)!=tags(2026)); taxonomy drift unverified,,,,,,NONE
2026-08-20,433,SPK,Spark,36569,spark,0.01542323,47564256.38,9954167.88,3083936248,2025-05-21T08:03:34.000Z,11,defi;staking;ethereum-ecosystem;yield-farming;governance;lending-borowing,HISTORICAL_APPROXIMATION,CMC snapshot tags vary by snapshot date (drift test: tags(2024)!=tags(2026)); taxonomy drift unverified,,,,SPK-USDT-SWAP,2025-06-17T10:30:00Z,SYMBOL_MATCH
2026-08-20,434,TOSHI,Toshi,27750,toshithecat,0.00011297,47523981.84,3505938.4,4.206656776e+11,2023-08-04T09:39:48.000Z,9,memes;bnb-chain-ecosystem;base-ecosystem;cat-themed;animal-memes;binance-alpha,HISTORICAL_APPROXIMATION,CMC snapshot tags vary by snapshot date (drift test: tags(2024)!=tags(2026)); taxonomy drift unverified,,,,,,NONE
2026-08-20,435,DOS,DAPPOS,40980,dappos,0.23540486,47080972.07,188626392.2,200000000,2026-08-06T12:44:08.000Z,12,ai-big-data;ethereum-ecosystem;polychain-capital-portfolio;binance-labs-portfolio;hashkey-capital-portfolio;web3,HISTORICAL_APPROXIMATION,CMC snapshot tags vary by snapshot date (drift test: tags(2024)!=tags(2026)); taxonomy drift unverified,,,,DOS-USDT-SWAP,2026-08-10T12:00:00Z,SYMBOL_MATCH
2026-08-20,436,ROSE,Oasis,7653,oasis-network,0.00589179,46721803.05,4242701.96,7929990008,2020-11-12T00:00:00.000Z,21,ai-big-data;privacy;scaling;smart-contracts;polychain-capital-portfolio;binance-labs-portfolio,HISTORICAL_APPROXIMATION,CMC snapshot tags vary by snapshot date (drift test: tags(2024)!=tags(2026)); taxonomy drift unverified,,,,,,NONE
2026-08-20,437,ONG,Ontology Gas,3217,ontology-gas,0.09727537,46554358.65,62949747.54,478583189,2018-08-23T00:00:00.000Z,5,ontology-ecosystem;bnb-chain-ecosystem;layer-1;binance-ecosystem;binance-listing,HISTORICAL_APPROXIMATION,CMC snapshot tags vary by snapshot date (drift test: tags(2024)!=tags(2026)); taxonomy drift unverified,,,,,,NONE
2026-08-20,438,SQD,Subsquid,12894,subsquid,0.04120857,46151751.06,1717947.52,1119955249,2021-10-19T18:52:29.000Z,9,analytics;arbitrum-ecosystem;bnb-chain-ecosystem;base-ecosystem;binance-alpha;binance-alpha-airdrops,HISTORICAL_APPROXIMATION,CMC snapshot tags vary by snapshot date (drift test: tags(2024)!=tags(2026)); taxonomy drift unverified,,,,,,NONE
2026-08-20,439,PEAQ,peaq,14588,peaq,0.01892298,46127212.91,1304824.18,2437629475,2024-11-12T09:00:00.000Z,8,layer-1;depin;binance-alpha;binance-alpha-airdrops;binance-ecosystem;peaq-ecosystem,HISTORICAL_APPROXIMATION,CMC snapshot tags vary by snapshot date (drift test: tags(2024)!=tags(2026)); taxonomy drift unverified,,,,,,NONE
2026-08-20,440,POPCAT,Popcat (SOL),28782,popcat-sol,0.04699044,46047619.46,10658522.98,979935892.7,2023-12-20T18:16:41.000Z,9,memes;solana-ecosystem;cat-themed;animal-memes;binance-alpha;cmc-crypto-yearbook-2024-2025,HISTORICAL_APPROXIMATION,CMC snapshot tags vary by snapshot date (drift test: tags(2024)!=tags(2026)); taxonomy drift unverified,POPCAT,2024-04-28T08:00:00Z,False,POPCAT-USDT-SWAP,2024-08-29T09:00:00Z,SYMBOL_MATCH
2026-08-20,441,WPEAQ,Wrapped peaq,39369,wrapped-peaq,0.01879313,45810695.81,3687.88,2437629475,2024-11-12T09:00:00.000Z,4,defi;wrapped-tokens;rehypothecated-crypto;peaq-ecosystem,HISTORICAL_APPROXIMATION,CMC snapshot tags vary by snapshot date (drift test: tags(2024)!=tags(2026)); taxonomy drift unverified,,,,,,NONE
2026-08-20,442,KAVA,Kava,4846,kava,0.04219253,45688052.94,12730051.82,1082846942,2019-10-25T00:00:00.000Z,14,platform;binance-launchpad;binance-labs-portfolio;lending-borowing;arrington-xrp-capital-portfolio;framework-ventures-portfolio,HISTORICAL_APPROXIMATION,CMC snapshot tags vary by snapshot date (drift test: tags(2024)!=tags(2026)); taxonomy drift unverified,,,,,,NONE
2026-08-20,443,ACH,Alchemy Pay,6958,alchemy-pay,0.0045351,45350951.3,3451547.23,1e+10,2020-09-09T00:00:00.000Z,6,ethereum-ecosystem;bnb-chain-ecosystem;dwf-labs-portfolio;binance-ecosystem;binance-listing;made-in-china,HISTORICAL_APPROXIMATION,CMC snapshot tags vary by snapshot date (drift test: tags(2024)!=tags(2026)); taxonomy drift unverified,,,,ACH-USDT-SWAP,2024-02-22T08:25:01Z,SYMBOL_MATCH
2026-08-20,444,vETH,Venus ETH,7963,venus-eth,48.91443133,45272109.47,45266423.48,925536.866,2020-12-12T00:00:00.000Z,3,defi;bnb-chain-ecosystem;rehypothecated-crypto,HISTORICAL_APPROXIMATION,CMC snapshot tags vary by snapshot date (drift test: tags(2024)!=tags(2026)); taxonomy drift unverified,,,,,,NONE
2026-08-20,445,BRETT,Brett (Based),29743,based-brett,0.00451764,45176389.28,6094466,9999997545,2024-03-11T07:58:23.000Z,5,memes;bnb-chain-ecosystem;base-ecosystem;binance-ecosystem;binance-listing,HISTORICAL_APPROXIMATION,CMC snapshot tags vary by snapshot date (drift test: tags(2024)!=tags(2026)); taxonomy drift unverified,BRETT,2024-06-11T13:00:00Z,False,BRETT-USDT-SWAP,2024-09-06T10:15:01Z,SYMBOL_MATCH
2026-08-20,446,SPYon,SPDR S&P 500 Tokenized ETF (Ondo),38067,spdr-sp-500-tokenized-etf-ondo,769.2110293,45081925.77,7797646.85,58608.00749,2025-09-03T10:55:40.000Z,9,ethereum-ecosystem;solana-ecosystem;bnb-chain-ecosystem;binance-alpha;binance-ecosystem;tokenized-assets,HISTORICAL_APPROXIMATION,CMC snapshot tags vary by snapshot date (drift test: tags(2024)!=tags(2026)); taxonomy drift unverified,,,,,,NONE
2026-08-20,447,LION,Loaded Lions,35954,loaded-lions,0.00146011,45037533.12,68091.89,3.084522069e+10,2025-03-06T06:47:37.000Z,6,collectibles-nfts;gaming;memes;solana-ecosystem;arbitrum-ecosystem;cronos-ecosystem,HISTORICAL_APPROXIMATION,CMC snapshot tags vary by snapshot date (drift test: tags(2024)!=tags(2026)); taxonomy drift unverified,,,,,,NONE
2026-08-20,448,PRL,Perle,39797,perle,0.25614979,44826212.58,41877343.95,175000000,2026-03-23T07:39:28.000Z,8,ai-big-data;dapp;solana-ecosystem;bnb-chain-ecosystem;binance-alpha;binance-wallet-ido,HISTORICAL_APPROXIMATION,CMC snapshot tags vary by snapshot date (drift test: tags(2024)!=tags(2026)); taxonomy drift unverified,,,,,,NONE
2026-08-20,449,MAGMA,Magma Finance,39121,magma-finance,0.2355233,44749427.48,4090679.75,190000000,2025-12-12T08:51:05.000Z,9,defi;governance;hashkey-capital-portfolio;sui-ecosystem;move-vm;binance-alpha,HISTORICAL_APPROXIMATION,CMC snapshot tags vary by snapshot date (drift test: tags(2024)!=tags(2026)); taxonomy drift unverified,,,,,,NONE
2026-08-20,450,ID,SPACE ID,21846,space-id,0.03019878,44719609.85,4831107.1,1480841773,2022-09-16T05:55:56.000Z,7,ethereum-ecosystem;binance-launchpad;mvb;bnb-chain-ecosystem;dwf-labs-portfolio;binance-ecosystem,HISTORICAL_APPROXIMATION,CMC snapshot tags vary by snapshot date (drift test: tags(2024)!=tags(2026)); taxonomy drift unverified,,,,,,NONE
2026-08-20,451,BIM,BIM,24877,bim,1.4899284,44697851.95,218320.28,30000000,2023-07-13T11:26:21.000Z,2,polygon-ecosystem;base-ecosystem,HISTORICAL_APPROXIMATION,CMC snapshot tags vary by snapshot date (drift test: tags(2024)!=tags(2026)); taxonomy drift unverified,,,,,,NONE
2026-08-20,452,XPIN,XPIN Network,36238,xpin-network,0.00109355,44671935.9,2338908.3,4.085027267e+10,2025-04-11T08:33:03.000Z,7,iot;bnb-chain-ecosystem;depin;binance-alpha;binance-alpha-airdrops;binance-ecosystem,HISTORICAL_APPROXIMATION,CMC snapshot tags vary by snapshot date (drift test: tags(2024)!=tags(2026)); taxonomy drift unverified,,,,,,NONE
2026-08-20,453,G,Gravity,32120,gravity-token,0.00406209,44526561.16,5324946.87,1.09615e+10,2024-07-05T03:29:52.000Z,9,ethereum-ecosystem;binance-launchpool;spartan-group;bnb-chain-ecosystem;layer-1;dwf-labs-portfolio,HISTORICAL_APPROXIMATION,CMC snapshot tags vary by snapshot date (drift test: tags(2024)!=tags(2026)); taxonomy drift unverified,,,,,,NONE
2026-08-20,454,SENTIS,SentismAI,38838,sentismai,0.21519985,44436378.95,2793881.41,206488889,2025-10-30T05:27:22.000Z,5,ai-big-data;bnb-chain-ecosystem;binance-alpha;binance-alpha-airdrops;binance-ecosystem,HISTORICAL_APPROXIMATION,CMC snapshot tags vary by snapshot date (drift test: tags(2024)!=tags(2026)); taxonomy drift unverified,,,,,,NONE
2026-08-20,455,MOG,Mog Coin,27659,mog-coin,1.1e-07,44430717.83,9834644.63,3.905675264e+14,2023-07-21T19:17:41.000Z,10,memes;ethereum-ecosystem;solana-ecosystem;bnb-chain-ecosystem;base-ecosystem;cat-themed,HISTORICAL_APPROXIMATION,CMC snapshot tags vary by snapshot date (drift test: tags(2024)!=tags(2026)); taxonomy drift unverified,,,,,,NONE
2026-08-20,456,MUon,Micron Technology Tokenized Stock (Ondo),38014,micron-technology-tokenized-stock-ondo,968.9038402,44363069.07,7023198.47,45786.86473,2025-09-03T10:55:38.000Z,10,defi;ethereum-ecosystem;tokenized-stock;solana-ecosystem;bnb-chain-ecosystem;binance-alpha,HISTORICAL_APPROXIMATION,CMC snapshot tags vary by snapshot date (drift test: tags(2024)!=tags(2026)); taxonomy drift unverified,,,,,,NONE
2026-08-20,457,CSPR,Casper,5899,casper,0.00264896,44251342.77,2961212.22,1.670517849e+10,2020-07-21T00:00:00.000Z,9,ai-big-data;enterprise-solutions;arrington-xrp-capital-portfolio;hashkey-capital-portfolio;web3;okx-ventures-portfolio,HISTORICAL_APPROXIMATION,CMC snapshot tags vary by snapshot date (drift test: tags(2024)!=tags(2026)); taxonomy drift unverified,,,,,,NONE
2026-08-20,458,ALT,Altlayer,29073,altlayer,0.00642271,44223657.03,7566873.06,6885509227,2024-01-17T12:59:16.000Z,16,zero-knowledge-proofs;interoperability;staking;ethereum-ecosystem;binance-launchpool;polychain-capital-portfolio,HISTORICAL_APPROXIMATION,CMC snapshot tags vary by snapshot date (drift test: tags(2024)!=tags(2026)); taxonomy drift unverified,ALT,2024-01-25T15:00:00Z,False,,,SYMBOL_MATCH
2026-08-20,459,SUT,SuperTrust,33983,supertrust,0.23451961,44184369.93,94581.87,188403732,2024-11-18T08:00:29.000Z,1,polygon-ecosystem,HISTORICAL_APPROXIMATION,CMC snapshot tags vary by snapshot date (drift test: tags(2024)!=tags(2026)); taxonomy drift unverified,,,,,,NONE
2026-08-20,460,CCD,Concordium,18031,concordium,0.00347139,44039253.68,234139.73,1.268635125e+10,2022-02-10T07:51:08.000Z,11,platform;ai-big-data;privacy;zero-knowledge-proofs;identity;smart-contracts,HISTORICAL_APPROXIMATION,CMC snapshot tags vary by snapshot date (drift test: tags(2024)!=tags(2026)); taxonomy drift unverified,,,,,,NONE
2026-08-20,461,KTA,Keeta,36066,keeta,0.07433821,43952691.66,1489926.07,591252997.5,2025-03-19T07:00:47.000Z,1,layer-1,HISTORICAL_APPROXIMATION,CMC snapshot tags vary by snapshot date (drift test: tags(2024)!=tags(2026)); taxonomy drift unverified,,,,,,NONE
2026-08-20,462,BEAT,Audiera,38837,audiera,0.13291422,43930363.46,41715785.27,330516666,2025-10-30T05:07:08.000Z,7,music;bnb-chain-ecosystem;binance-alpha;binance-alpha-airdrops;binance-ecosystem;binance-listing,HISTORICAL_APPROXIMATION,CMC snapshot tags vary by snapshot date (drift test: tags(2024)!=tags(2026)); taxonomy drift unverified,,,,BEAT-USDT-SWAP,2025-11-12T16:15:00Z,SYMBOL_MATCH
2026-08-20,463,ASSET,REAL,39922,real-finance,0.24947539,43917005.98,945836.01,176037429,2026-04-30T07:15:03.000Z,3,defi;interoperability;ethereum-ecosystem,HISTORICAL_APPROXIMATION,CMC snapshot tags vary by snapshot date (drift test: tags(2024)!=tags(2026)); taxonomy drift unverified,,,,,,NONE
2026-08-20,464,CKB,Nervos Network,4948,nervos-network,0.00088389,43628729.53,5063895.22,4.935998921e+10,2019-11-19T00:00:00.000Z,27,mineable;pow;platform;collectibles-nfts;interoperability;quantum-resistant,HISTORICAL_APPROXIMATION,CMC snapshot tags vary by snapshot date (drift test: tags(2024)!=tags(2026)); taxonomy drift unverified,,,,,,NONE
2026-08-20,465,ESP,Espresso,39548,espresso,0.08375077,43596465.32,25679653.97,520550000,2026-02-12T11:00:00.000Z,7,interoperability;scaling;ethereum-ecosystem;arbitrum-ecosystem;binance-wallet-ido;binance-ecosystem,HISTORICAL_APPROXIMATION,CMC snapshot tags vary by snapshot date (drift test: tags(2024)!=tags(2026)); taxonomy drift unverified,,,,ESP-USDT-SWAP,2026-02-10T16:00:00Z,SYMBOL_MATCH
2026-08-20,466,ASTR,Astar,12885,astar,0.00495126,43304732.74,1399387.78,8746196535,2021-10-19T09:53:03.000Z,12,smart-contracts;dapp;polkadot;layer-2;rollups;okx-ventures-portfolio,HISTORICAL_APPROXIMATION,CMC snapshot tags vary by snapshot date (drift test: tags(2024)!=tags(2026)); taxonomy drift unverified,,,,,,NONE
2026-08-20,467,HASUI,Haedal Staked SUI,29402,haedal-staked-sui,0.79247442,43116164.49,41060.55,54407010.77,2024-02-14T19:30:14.000Z,6,defi;yield-farming;sui-ecosystem;liquid-staking-derivatives;move-vm;rehypothecated-crypto,HISTORICAL_APPROXIMATION,CMC snapshot tags vary by snapshot date (drift test: tags(2024)!=tags(2026)); taxonomy drift unverified,,,,,,NONE
2026-08-20,468,SRX,StorX Network,10894,storx-network,0.05143064,42893157.33,1754212.28,834000000,2021-07-14T00:00:00.000Z,4,distributed-computing;storage;xdc-ecosystem;depin,HISTORICAL_APPROXIMATION,CMC snapshot tags vary by snapshot date (drift test: tags(2024)!=tags(2026)); taxonomy drift unverified,,,,,,NONE
2026-08-20,469,MOODENG,Moo Deng (moodengsol.com),33093,moo-deng-solana,0.04332227,42887820.33,16884732.66,989971791.2,2024-09-21T02:09:39.000Z,7,memes;solana-ecosystem;animal-memes;pump-fun-ecosystem;binance-alpha;binance-ecosystem,HISTORICAL_APPROXIMATION,CMC snapshot tags vary by snapshot date (drift test: tags(2024)!=tags(2026)); taxonomy drift unverified,MOODENG,2024-10-25T10:00:00Z,False,MOODENG-USDT-SWAP,2024-10-03T07:00:02Z,SYMBOL_MATCH
2026-08-20,470,ZCHF,Frankencoin,31379,frankencoin,1.25151249,42813146.55,299870.95,34209124.44,2024-05-23T08:14:31.000Z,8,ethereum-ecosystem;avalanche-ecosystem;polygon-ecosystem;arbitrum-ecosystem;optimism-ecosystem;base-ecosystem,HISTORICAL_APPROXIMATION,CMC snapshot tags vary by snapshot date (drift test: tags(2024)!=tags(2026)); taxonomy drift unverified,,,,,,NONE
2026-08-20,471,AMPL,Ampleforth,4056,ampleforth,1.51369742,42799028.07,12850.02,28274493.6,2019-06-28T00:00:00.000Z,12,defi;stablecoin;algorithmic-stablecoin;ethereum-ecosystem;rebase;avalanche-ecosystem,HISTORICAL_APPROXIMATION,CMC snapshot tags vary by snapshot date (drift test: tags(2024)!=tags(2026)); taxonomy drift unverified,,,,,,NONE
2026-08-20,472,REQ,Request,2071,request,0.05367983,42766443.71,1422094.67,796694830.6,2017-10-20T00:00:00.000Z,8,medium-of-exchange;defi;payments;smart-contracts;ethereum-ecosystem;polygon-ecosystem,HISTORICAL_APPROXIMATION,CMC snapshot tags vary by snapshot date (drift test: tags(2024)!=tags(2026)); taxonomy drift unverified,REQ,2023-10-11T14:00:00Z,True,,,SYMBOL_MATCH
2026-08-20,473,MEGA,MegaETH,38770,megaeth,0.03781327,42721157.72,20957478.42,1129792788,2025-10-23T05:09:35.000Z,5,platform;layer-2;dragonfly-capital-portfolio;binance-ecosystem;binance-listing,HISTORICAL_APPROXIMATION,CMC snapshot tags vary by snapshot date (drift test: tags(2024)!=tags(2026)); taxonomy drift unverified,MEGA,2025-10-22T16:00:00Z,False,MEGA-USDT-SWAP,2026-04-30T12:00:00Z,SYMBOL_MATCH
2026-08-20,474,ELG,EscoinToken,10312,escointoken,0.27088248,42565728.46,412623.72,157137249,2021-06-07T00:00:00.000Z,4,ethereum-ecosystem;polygon-ecosystem;arbitrum-ecosystem;bnb-chain-ecosystem,HISTORICAL_APPROXIMATION,CMC snapshot tags vary by snapshot date (drift test: tags(2024)!=tags(2026)); taxonomy drift unverified,,,,,,NONE
2026-08-20,475,ZEREBRO,Zerebro,34083,zerebro,0.04235969,42357484.8,5996217.18,999947909.6,2024-11-19T16:27:39.000Z,8,ai-big-data;memes;solana-ecosystem;ai-memes;ai-agents;binance-alpha,HISTORICAL_APPROXIMATION,CMC snapshot tags vary by snapshot date (drift test: tags(2024)!=tags(2026)); taxonomy drift unverified,ZEREBRO,2025-01-02T14:00:00Z,True,,,SYMBOL_MATCH
2026-08-20,476,XYO,XYO,2765,xyo,0.0030514,42316804.76,998830.89,1.38680142e+10,2018-05-22T00:00:00.000Z,13,logistics;distributed-computing;defi;gaming;oracles;ethereum-ecosystem,HISTORICAL_APPROXIMATION,CMC snapshot tags vary by snapshot date (drift test: tags(2024)!=tags(2026)); taxonomy drift unverified,,,,,,NONE
2026-08-20,477,POLYX,Polymesh,20362,polymesh,0.03217839,42143091.24,902611.38,1309670408,2022-05-30T12:38:57.000Z,4,real-world-assets-protocols;layer-1;binance-ecosystem;binance-listing,HISTORICAL_APPROXIMATION,CMC snapshot tags vary by snapshot date (drift test: tags(2024)!=tags(2026)); taxonomy drift unverified,POLYX,2023-10-24T15:00:00Z,False,,,SYMBOL_MATCH
2026-08-20,478,NOCK,Nockchain,38767,nockchain,0.01848577,42074144.67,1254650.46,2276028416,2025-10-23T04:12:18.000Z,5,privacy;zero-knowledge-proofs;layer-1;made-in-america;privacy-blockchain,HISTORICAL_APPROXIMATION,CMC snapshot tags vary by snapshot date (drift test: tags(2024)!=tags(2026)); taxonomy drift unverified,,,,,,NONE
2026-08-20,479,TRB,Tellor,4944,tellor,14.85306229,41622439.39,13246819.36,2802280,2019-11-19T00:00:00.000Z,13,mineable;defi;oracles;ethereum-ecosystem;framework-ventures-portfolio;polygon-ecosystem,HISTORICAL_APPROXIMATION,CMC snapshot tags vary by snapshot date (drift test: tags(2024)!=tags(2026)); taxonomy drift unverified,TRB,2023-09-17T03:00:00Z,False,TRB-USDT-SWAP,2020-09-08T10:12:51Z,SYMBOL_MATCH
2026-08-20,480,QFI,Quantix Finance,30651,quantix-finance,41.49309304,41493093.04,2436289.04,1000000,2024-04-16T17:33:45.000Z,1,tron20-ecosystem,HISTORICAL_APPROXIMATION,CMC snapshot tags vary by snapshot date (drift test: tags(2024)!=tags(2026)); taxonomy drift unverified,,,,,,NONE
2026-08-20,481,BLUR,Blur,23121,blur-token,0.0144331,41422901.61,13926204.36,2869993563,2023-02-14T17:00:00.000Z,6,collectibles-nfts;ethereum-ecosystem;egirl-capital-portfolio;made-in-america;binance-ecosystem;binance-listing,HISTORICAL_APPROXIMATION,CMC snapshot tags vary by snapshot date (drift test: tags(2024)!=tags(2026)); taxonomy drift unverified,BLUR,2023-10-18T18:00:00Z,False,BLUR-USDT-SWAP,2023-02-15T02:55:00Z,SYMBOL_MATCH
2026-08-20,482,NOT,Notcoin,28850,notcoin,0.00041579,41341599.75,4113894.34,9.942935587e+10,2024-05-09T15:38:45.000Z,13,communications-social-media;gaming;memes;binance-launchpool;play-to-earn;web3,HISTORICAL_APPROXIMATION,CMC snapshot tags vary by snapshot date (drift test: tags(2024)!=tags(2026)); taxonomy drift unverified,NOT,2024-05-17T04:00:00Z,False,NOT-USDT-SWAP,2024-05-16T12:27:45Z,SYMBOL_MATCH
2026-08-20,483,VAM,Vitalum,39172,vitalum,0.12155994,41296204.49,703048.54,339718870,2025-12-25T14:33:20.000Z,1,bnb-chain-ecosystem,HISTORICAL_APPROXIMATION,CMC snapshot tags vary by snapshot date (drift test: tags(2024)!=tags(2026)); taxonomy drift unverified,,,,,,NONE
2026-08-20,484,RON,Ronin,14101,ronin,0.05315328,41055679.19,2342276.23,772401679.4,2021-11-08T17:57:40.000Z,7,platform;gaming;staking;layer-1;ronin-ecosystem;binance-ecosystem,HISTORICAL_APPROXIMATION,CMC snapshot tags vary by snapshot date (drift test: tags(2024)!=tags(2026)); taxonomy drift unverified,,,,,,NONE
2026-08-20,485,US,Talus,38869,talus-network,0.01851373,40730199.26,2670763.86,2200000000,2025-11-03T07:42:28.000Z,9,ai-big-data;polychain-capital-portfolio;bnb-chain-ecosystem;sui-ecosystem;move-vm;binance-alpha,HISTORICAL_APPROXIMATION,CMC snapshot tags vary by snapshot date (drift test: tags(2024)!=tags(2026)); taxonomy drift unverified,,,,,,NONE
2026-08-20,486,KNTQ,Kinetiq,39070,kinetiq,0.14751838,40637801.53,2408967.38,275476190.5,2025-12-08T10:25:31.000Z,5,defi;governance;restaking;hyperliquid-ecosystem;hyperevm-ecosystem,HISTORICAL_APPROXIMATION,CMC snapshot tags vary by snapshot date (drift test: tags(2024)!=tags(2026)); taxonomy drift unverified,,,,,,NONE
2026-08-20,487,YUSD,Aegis YUSD,35976,aegis-yusd,0.99868349,40605702.7,8529.74,40659231.07,2025-03-08T12:18:51.000Z,4,stablecoin;asset-backed-stablecoin;dao;usd-stablecoin,HISTORICAL_APPROXIMATION,CMC snapshot tags vary by snapshot date (drift test: tags(2024)!=tags(2026)); taxonomy drift unverified,,,,,,NONE
2026-08-20,488,PROM,Prom,4120,prom,2.22060355,40526014.86,13549913.94,18250000,2019-07-17T00:00:00.000Z,5,ethereum-ecosystem;bnb-chain-ecosystem;dwf-labs-portfolio;binance-ecosystem;binance-listing,HISTORICAL_APPROXIMATION,CMC snapshot tags vary by snapshot date (drift test: tags(2024)!=tags(2026)); taxonomy drift unverified,,,,,,NONE
2026-08-20,489,CELO,Celo,5567,celo,0.06665358,40346528.21,4560245.28,605316779,2020-05-22T00:00:00.000Z,20,pos;privacy;zero-knowledge-proofs;mobile;payments;smart-contracts,HISTORICAL_APPROXIMATION,CMC snapshot tags vary by snapshot date (drift test: tags(2024)!=tags(2026)); taxonomy drift unverified,CELO,2024-09-25T06:00:00Z,False,CELO-USDT-SWAP,2021-09-24T10:03:05Z,SYMBOL_MATCH
2026-08-20,490,T,Threshold,17751,threshold,0.00361317,40304951.85,2199992.98,1.1155e+10,2022-01-31T08:26:28.000Z,4,ethereum-ecosystem;bitcoin-ecosystem;binance-ecosystem;binance-listing,HISTORICAL_APPROXIMATION,CMC snapshot tags vary by snapshot date (drift test: tags(2024)!=tags(2026)); taxonomy drift unverified,,,,,,NONE
2026-08-20,491,CTC,Creditcoin,5198,creditcoin,0.07316143,40206904.83,2387322.65,549564264,2020-01-31T00:00:00.000Z,2,real-world-assets-protocols;layer-1,HISTORICAL_APPROXIMATION,CMC snapshot tags vary by snapshot date (drift test: tags(2024)!=tags(2026)); taxonomy drift unverified,,,,,,NONE
2026-08-20,492,BDCA,BitDCA,35637,bitdca,0.48990624,40161262.06,135802.53,81977445.81,2025-02-07T06:36:58.000Z,1,bnb-chain-ecosystem,HISTORICAL_APPROXIMATION,CMC snapshot tags vary by snapshot date (drift test: tags(2024)!=tags(2026)); taxonomy drift unverified,,,,,,NONE
2026-08-20,493,ARRR,Pirate Chain,3951,pirate-chain,0.2041413,40055340.77,112680.04,196213798,2019-05-22T00:00:00.000Z,7,mineable;hybrid-dpow-pow;medium-of-exchange;defi;privacy;zero-knowledge-proofs,HISTORICAL_APPROXIMATION,CMC snapshot tags vary by snapshot date (drift test: tags(2024)!=tags(2026)); taxonomy drift unverified,,,,,,NONE
2026-08-20,494,KGEN,KGeN,38554,kgen,0.18602178,39788583.42,2621244.97,213892063.5,2025-10-07T00:00:00.000Z,11,ai-big-data;identity;reputation;bnb-chain-ecosystem;aptos-ecosystem;polygon-ventures-portfolio,HISTORICAL_APPROXIMATION,CMC snapshot tags vary by snapshot date (drift test: tags(2024)!=tags(2026)); taxonomy drift unverified,,,,KGEN-USDT-SWAP,2025-10-18T04:30:01Z,SYMBOL_MATCH
2026-08-20,495,ON,Orochi Network,38750,orochi-network,0.27555896,39756269.33,6876930.14,144275000,2025-10-21T11:23:01.000Z,8,data-provenance;zero-knowledge-proofs;ethereum-ecosystem;bnb-chain-ecosystem;binance-alpha;binance-alpha-airdrops,HISTORICAL_APPROXIMATION,CMC snapshot tags vary by snapshot date (drift test: tags(2024)!=tags(2026)); taxonomy drift unverified,,,,ON-USDT-SWAP,2026-07-06T09:15:00Z,SYMBOL_MATCH
2026-08-20,496,MASK,Mask Network,8536,mask-network,0.3974934,39749340.25,8910324.44,100000000,2021-02-21T00:00:00.000Z,14,communications-social-media;collectibles-nfts;content-creation;gaming;ethereum-ecosystem;metaverse,HISTORICAL_APPROXIMATION,CMC snapshot tags vary by snapshot date (drift test: tags(2024)!=tags(2026)); taxonomy drift unverified,,,,MASK-USDT-SWAP,2021-03-04T07:00:00Z,SYMBOL_MATCH
2026-08-20,497,NVDAon,NVIDIA Tokenized Stock (Ondo),38093,nvidia-tokenized-stock-ondo,217.1967811,39704191.85,2852288.6,182802.8557,2025-09-03T10:55:27.000Z,10,defi;ethereum-ecosystem;tokenized-stock;solana-ecosystem;bnb-chain-ecosystem;binance-alpha,HISTORICAL_APPROXIMATION,CMC snapshot tags vary by snapshot date (drift test: tags(2024)!=tags(2026)); taxonomy drift unverified,,,,,,NONE
2026-08-20,498,VVS,VVS Finance,14519,vvs-finance,9.1e-07,39487442.82,134594.56,4.355033087e+13,2021-11-15T09:13:07.000Z,5,decentralized-exchange-dex-token;defi;ethereum-ecosystem;dex;cronos-ecosystem,HISTORICAL_APPROXIMATION,CMC snapshot tags vary by snapshot date (drift test: tags(2024)!=tags(2026)); taxonomy drift unverified,,,,,,NONE
2026-08-20,499,CMETH,Mantle Restaked Ether,33978,mantle-restaked-ether,2505.891416,39340140.31,0,15699.06025,2024-11-14T10:21:06.000Z,6,defi;ethereum-ecosystem;liquid-staking-derivatives;restaking;rehypothecated-crypto;mantle-ecosystem,HISTORICAL_APPROXIMATION,CMC snapshot tags vary by snapshot date (drift test: tags(2024)!=tags(2026)); taxonomy drift unverified,,,,,,NONE
2026-08-20,500,BARD,Lombard,38408,lombard,0.11109139,39263864.66,5178958.14,353437500,2025-09-16T05:37:38.000Z,12,defi;ethereum-ecosystem;polychain-capital-portfolio;binance-labs-portfolio;okx-ventures-portfolio;bnb-chain-ecosystem,HISTORICAL_APPROXIMATION,CMC snapshot tags vary by snapshot date (drift test: tags(2024)!=tags(2026)); taxonomy drift unverified,,,,BARD-USDT-SWAP,2025-09-18T12:00:00Z,SYMBOL_MATCH
