regime,lens,band,label,n,mean_resid,tstat,pvalue,sig_bh5,abs_mean_resid_pct
BTC_UP,chain,501-750,,55136,0.00099,7.41,0.0,True,0.00099
BTC_UP,chain,501-750,-,2760,0.0043,6.581,0.0,True,0.0043
BTC_UP,chain,501-750,A,236,0.00617,2.689,0.007159,True,0.00617
BTC_UP,chain,501-750,ADA,987,0.00753,8.249,0.0,True,0.00753
BTC_UP,chain,501-750,ARB,1799,0.00031,0.462,0.643769,True,0.00031
BTC_UP,chain,501-750,AVAX,1255,0.00613,7.101,0.0,True,0.00613
BTC_UP,chain,501-750,BLAST,214,-0.00481,-3.733,0.000189,True,0.00481
BTC_UP,chain,501-750,BNB,28708,0.00041,2.247,0.024667,True,0.00041
BTC_UP,chain,501-750,BTC,452,-0.00046,-0.292,0.770413,True,0.00046
BTC_UP,chain,501-750,CELO,645,-0.01089,-16.895,0.0,True,0.01089
BTC_UP,chain,501-750,CRO,257,-0.00237,-1.362,0.173287,True,0.00237
BTC_UP,chain,501-750,ETH,154759,0.00147,18.371,0.0,True,0.00147
BTC_UP,chain,501-750,GRAM,557,0.00255,1.988,0.046836,True,0.00255
BTC_UP,chain,501-750,HBAR,327,0.00786,5.616,0.0,True,0.00786
BTC_UP,chain,501-750,KAIA,1521,-0.00215,-2.665,0.0077,True,0.00215
BTC_UP,chain,501-750,NEO,1090,0.00794,8.865,0.0,True,0.00794
BTC_UP,chain,501-750,ONT,373,0.0003,0.259,0.795502,True,0.0003
BTC_UP,chain,501-750,OP,327,0.00866,5.713,0.0,True,0.00866
BTC_UP,chain,501-750,OSMO,586,-0.0025,-1.62,0.105234,True,0.0025
BTC_UP,chain,501-750,POL,2377,0.00045,0.724,0.469145,True,0.00045
BTC_UP,chain,501-750,SDN,319,0.00534,3.412,0.000644,True,0.00534
BTC_UP,chain,501-750,SOL,15410,0.00192,7.427,0.0,True,0.00192
BTC_UP,chain,501-750,SUI,1074,0.00691,6.666,0.0,True,0.00691
BTC_UP,chain,501-750,TAO,306,0.0087,5.176,0.0,True,0.0087
BTC_UP,chain,501-750,TRX,855,-0.00817,-7.731,0.0,True,0.00817
BTC_UP,chain,501-750,XDC,308,-0.00795,-6.142,0.0,True,0.00795
BTC_UP,chain,501-750,XLM,535,-0.00506,-4.032,5.5e-05,True,0.00506
BTC_UP,chain,501-750,XRP,276,-0.00518,-2.74,0.006149,True,0.00518
BTC_UP,chain,751-1000,,54750,0.00122,8.571,0.0,True,0.00122
BTC_UP,chain,751-1000,-,3073,0.00105,1.685,0.091994,True,0.00105
BTC_UP,chain,751-1000,A,661,0.00205,1.542,0.123117,True,0.00205
BTC_UP,chain,751-1000,ADA,883,0.00447,5.09,0.0,True,0.00447
BTC_UP,chain,751-1000,ALGO,207,-0.00612,-3.596,0.000323,True,0.00612
BTC_UP,chain,751-1000,ARB,1397,0.00042,0.501,0.616052,True,0.00042
BTC_UP,chain,751-1000,ARBITRUM,242,-0.00508,-2.271,0.023147,True,0.00508
BTC_UP,chain,751-1000,AVAX,1458,0.00442,5.71,0.0,True,0.00442
BTC_UP,chain,751-1000,BNB,30989,0.00027,1.513,0.130274,True,0.00027
BTC_UP,chain,751-1000,BTC,308,0.00225,1.023,0.306225,True,0.00225
BTC_UP,chain,751-1000,CRO,590,-0.00229,-2.055,0.039868,True,0.00229
BTC_UP,chain,751-1000,EGLD,230,0.00958,5.456,0.0,True,0.00958
BTC_UP,chain,751-1000,ETH,146783,0.00123,14.658,0.0,True,0.00123
BTC_UP,chain,751-1000,FTM,235,0.00657,2.724,0.006448,True,0.00657
BTC_UP,chain,751-1000,GRAM,672,0.00276,2.48,0.013151,True,0.00276
BTC_UP,chain,751-1000,HBAR,241,0.00627,4.135,3.5e-05,True,0.00627
BTC_UP,chain,751-1000,ICP,533,0.00634,5.123,0.0,True,0.00634
BTC_UP,chain,751-1000,KAIA,2347,-0.00046,-0.702,0.482542,True,0.00046
BTC_UP,chain,751-1000,NEO,1000,0.00285,2.644,0.008196,True,0.00285
BTC_UP,chain,751-1000,OP,244,0.00628,3.582,0.000341,True,0.00628
BTC_UP,chain,751-1000,OSMO,813,-0.00059,-0.513,0.608054,True,0.00059
BTC_UP,chain,751-1000,POL,2937,-0.00218,-3.71,0.000207,True,0.00218
BTC_UP,chain,751-1000,SOL,18542,0.00166,7.029,0.0,True,0.00166
BTC_UP,chain,751-1000,SUI,1141,0.00586,5.866,0.0,True,0.00586
BTC_UP,chain,751-1000,TRX,898,-0.00487,-4.525,6e-06,True,0.00487
BTC_UP,chain,751-1000,XDC,709,-0.00615,-8.289,0.0,True,0.00615
BTC_UP,chain,751-1000,XLM,568,-0.00308,-2.128,0.033365,True,0.00308
BTC_UP,chain,1001-1500,,114561,0.00073,7.194,0.0,True,0.00073
BTC_UP,chain,1001-1500,-,7006,0.00384,9.506,0.0,True,0.00384
BTC_UP,chain,1001-1500,A,2062,0.00305,4.085,4.4e-05,True,0.00305
BTC_UP,chain,1001-1500,ADA,1497,0.00214,3.131,0.001741,True,0.00214
BTC_UP,chain,1001-1500,ALGO,323,-0.00784,-5.035,0.0,True,0.00784
BTC_UP,chain,1001-1500,APT,550,0.00021,0.133,0.894544,True,0.00021
BTC_UP,chain,1001-1500,ARB,2862,-0.00105,-1.769,0.076834,True,0.00105
BTC_UP,chain,1001-1500,ARBITRUM,379,0.00113,0.7,0.484234,True,0.00113
BTC_UP,chain,1001-1500,AVAX,3019,0.00417,7.034,0.0,True,0.00417
BTC_UP,chain,1001-1500,BCH,416,-0.00415,-3.211,0.001321,True,0.00415
BTC_UP,chain,1001-1500,BITCI,469,-0.00269,-1.893,0.058377,True,0.00269
BTC_UP,chain,1001-1500,BNB,68732,-0.00045,-3.728,0.000193,True,0.00045
BTC_UP,chain,1001-1500,BTC,747,0.0002,0.148,0.881958,True,0.0002
BTC_UP,chain,1001-1500,CELO,371,-0.00566,-5.647,0.0,True,0.00566
BTC_UP,chain,1001-1500,CHZ,295,-0.00275,-1.329,0.183817,True,0.00275
BTC_UP,chain,1001-1500,CRO,950,-6e-05,-0.07,0.943898,True,6e-05
BTC_UP,chain,1001-1500,DOT,668,0.00033,0.307,0.759126,True,0.00033
BTC_UP,chain,1001-1500,EGLD,254,0.00713,3.84,0.000123,True,0.00713
BTC_UP,chain,1001-1500,ETH,281389,0.00082,13.141,0.0,True,0.00082
BTC_UP,chain,1001-1500,FTM,538,0.00856,5.631,0.0,True,0.00856
BTC_UP,chain,1001-1500,GRAM,1566,0.00025,0.33,0.741732,True,0.00025
BTC_UP,chain,1001-1500,ICP,777,0.00706,5.851,0.0,True,0.00706
BTC_UP,chain,1001-1500,KAIA,3424,0.0015,2.995,0.002742,True,0.0015
BTC_UP,chain,1001-1500,LINEA,222,0.00452,2.226,0.026003,True,0.00452
BTC_UP,chain,1001-1500,LUNC,234,0.00025,0.102,0.918393,True,0.00025
BTC_UP,chain,1001-1500,MNT,282,0.00544,3.179,0.001478,True,0.00544
BTC_UP,chain,1001-1500,NEO,1600,0.00073,0.8,0.423869,True,0.00073
BTC_UP,chain,1001-1500,OKB,212,0.01017,8.574,0.0,True,0.01017
BTC_UP,chain,1001-1500,OP,232,0.00678,3.193,0.001407,True,0.00678
BTC_UP,chain,1001-1500,OSMO,1265,0.00284,3.126,0.001774,True,0.00284
BTC_UP,chain,1001-1500,POL,7775,-0.00164,-4.349,1.4e-05,True,0.00164
BTC_UP,chain,1001-1500,SOL,36412,0.00173,10.006,0.0,True,0.00173
BTC_UP,chain,1001-1500,SUI,1763,0.00443,5.95,0.0,True,0.00443
BTC_UP,chain,1001-1500,TRX,2384,-0.00258,-3.902,9.5e-05,True,0.00258
BTC_UP,chain,1001-1500,WAN,410,0.0049,3.295,0.000983,True,0.0049
BTC_UP,chain,1001-1500,WAVES,387,-0.00632,-3.968,7.2e-05,True,0.00632
BTC_UP,chain,1001-1500,XDC,471,-0.00243,-1.975,0.04827,True,0.00243
BTC_UP,chain,1001-1500,XLM,215,-0.00151,-0.668,0.504055,True,0.00151
BTC_UP,chain,1001-1500,XRP,607,0.00681,4.464,8e-06,True,0.00681
BTC_UP,chain,1001-1500,ZK,535,0.00421,2.845,0.004445,True,0.00421
BTC_UP,chain,1501-2000,,122646,0.00038,3.913,9.1e-05,True,0.00038
BTC_UP,chain,1501-2000,-,6906,0.00333,8.184,0.0,True,0.00333
BTC_UP,chain,1501-2000,A,1555,-0.00045,-0.521,0.602598,True,0.00045
BTC_UP,chain,1501-2000,ADA,1151,0.00181,2.556,0.010597,True,0.00181
BTC_UP,chain,1501-2000,ALGO,258,-0.00112,-0.522,0.601993,True,0.00112
BTC_UP,chain,1501-2000,APT,323,0.00272,1.411,0.158187,True,0.00272
BTC_UP,chain,1501-2000,ARB,3168,-0.0008,-1.383,0.166769,True,0.0008
BTC_UP,chain,1501-2000,ARBITRUM,241,-0.00454,-2.151,0.031457,True,0.00454
BTC_UP,chain,1501-2000,AVAX,2759,0.00207,3.257,0.001127,True,0.00207
BTC_UP,chain,1501-2000,BITCI,341,-0.00892,-4.964,1e-06,True,0.00892
BTC_UP,chain,1501-2000,BNB,73823,-0.00204,-17.679,0.0,True,0.00204
BTC_UP,chain,1501-2000,BTC,601,-0.00069,-0.521,0.602434,True,0.00069
BTC_UP,chain,1501-2000,CELO,296,-0.00395,-3.005,0.002657,True,0.00395
BTC_UP,chain,1501-2000,CHZ,675,0.00112,0.954,0.340039,True,0.00112
BTC_UP,chain,1501-2000,CRO,361,0.00472,3.491,0.000482,True,0.00472
BTC_UP,chain,1501-2000,EGLD,536,0.0083,6.673,0.0,True,0.0083
BTC_UP,chain,1501-2000,ETH,269559,-0.0003,-4.647,3e-06,True,0.0003
BTC_UP,chain,1501-2000,FTM,374,0.00481,2.516,0.011883,True,0.00481
BTC_UP,chain,1501-2000,GLMR,490,0.00666,4.178,2.9e-05,True,0.00666
BTC_UP,chain,1501-2000,GRAM,1345,-0.00131,-1.554,0.120121,True,0.00131
BTC_UP,chain,1501-2000,HBAR,324,0.00357,1.736,0.082631,True,0.00357
BTC_UP,chain,1501-2000,HT,415,-0.00296,-1.829,0.067435,True,0.00296
BTC_UP,chain,1501-2000,ICP,617,0.00894,7.197,0.0,True,0.00894
BTC_UP,chain,1501-2000,KAIA,1844,-0.00169,-2.412,0.01585,True,0.00169
BTC_UP,chain,1501-2000,LINEA,284,0.00444,2.709,0.006744,True,0.00444
BTC_UP,chain,1501-2000,NEO,947,-0.0013,-1.095,0.273411,True,0.0013
BTC_UP,chain,1501-2000,OKB,238,0.01257,9.93,0.0,True,0.01257
BTC_UP,chain,1501-2000,OP,322,0.00701,4.329,1.5e-05,True,0.00701
BTC_UP,chain,1501-2000,OSMO,1004,0.00257,2.345,0.019025,True,0.00257
BTC_UP,chain,1501-2000,POL,8693,-0.00285,-8.241,0.0,True,0.00285
BTC_UP,chain,1501-2000,SOL,39319,0.00218,12.707,0.0,True,0.00218
BTC_UP,chain,1501-2000,SUI,1128,-0.00127,-1.195,0.232165,True,0.00127
BTC_UP,chain,1501-2000,TRX,2145,-0.00184,-2.577,0.009973,True,0.00184
BTC_UP,chain,1501-2000,VET,399,0.00186,0.986,0.323905,True,0.00186
BTC_UP,chain,1501-2000,WAVES,748,-0.00141,-1.11,0.267179,True,0.00141
BTC_UP,chain,1501-2000,XDC,253,-0.00191,-1.57,0.116428,True,0.00191
BTC_UP,chain,1501-2000,XLM,276,-0.00052,-0.245,0.806831,True,0.00052
BTC_UP,chain,1501-2000,XRP,420,0.00137,0.871,0.383489,True,0.00137
BTC_UP,chain,1501-2000,ZK,818,0.0024,2.162,0.030596,True,0.0024
BTC_UP,sector,501-750,,45122,-0.00071,-4.413,1e-05,True,0.00071
BTC_UP,sector,501-750,ai-big-data,10749,0.00477,14.654,0.0,True,0.00477
BTC_UP,sector,501-750,analytics,580,0.00668,5.231,0.0,True,0.00668
BTC_UP,sector,501-750,arbitrum,215,-0.00097,-0.583,0.559695,True,0.00097
BTC_UP,sector,501-750,art,217,0.00797,3.521,0.00043,True,0.00797
BTC_UP,sector,501-750,asset-management,3273,0.00073,1.286,0.198287,True,0.00073
BTC_UP,sector,501-750,avalanche,266,0.00035,0.175,0.86077,True,0.00035
BTC_UP,sector,501-750,base,335,0.00217,1.192,0.23341,True,0.00217
BTC_UP,sector,501-750,binance-chain,697,-0.0047,-3.79,0.000151,True,0.0047
BTC_UP,sector,501-750,binance-labs-portfolio,301,0.00219,1.243,0.214015,True,0.00219
BTC_UP,sector,501-750,binance-launchpad,650,0.00415,4.118,3.8e-05,True,0.00415
BTC_UP,sector,501-750,binance-smart-chain,1999,0.00108,1.404,0.160205,True,0.00108
BTC_UP,sector,501-750,bitcoin,669,-0.00322,-2.917,0.003535,True,0.00322
BTC_UP,sector,501-750,bnb-chain,4157,-0.00061,-1.411,0.158137,True,0.00061
BTC_UP,sector,501-750,centralized-exchange,1341,-0.00019,-0.24,0.810518,True,0.00019
BTC_UP,sector,501-750,coinbase-ventures-portfolio,235,0.00372,1.628,0.103506,True,0.00372
BTC_UP,sector,501-750,collectibles-nfts,16629,0.00277,11.686,0.0,True,0.00277
BTC_UP,sector,501-750,commodities,253,-0.00129,-0.767,0.443001,True,0.00129
BTC_UP,sector,501-750,communications-social-media,1858,-0.00071,-0.989,0.322429,True,0.00071
BTC_UP,sector,501-750,cosmos,4533,0.00026,0.595,0.551979,True,0.00026
BTC_UP,sector,501-750,cross-chain,234,-0.00125,-0.761,0.446776,True,0.00125
BTC_UP,sector,501-750,cybersecurity,2684,0.00253,4.496,7e-06,True,0.00253
BTC_UP,sector,501-750,dag,913,0.00569,5.948,0.0,True,0.00569
BTC_UP,sector,501-750,dao,1971,0.00188,3.028,0.002465,True,0.00188
BTC_UP,sector,501-750,decentralized-exchange,1827,0.00161,2.14,0.032323,True,0.00161
BTC_UP,sector,501-750,decentralized-exchange-dex-token,5008,0.00248,6.379,0.0,True,0.00248
BTC_UP,sector,501-750,defi,32522,0.00207,12.973,0.0,True,0.00207
BTC_UP,sector,501-750,derivatives,278,0.00745,4.538,6e-06,True,0.00745
BTC_UP,sector,501-750,distributed-computing,2766,-0.00134,-2.173,0.029756,True,0.00134
BTC_UP,sector,501-750,dpos,1008,-0.00191,-2.216,0.026707,True,0.00191
BTC_UP,sector,501-750,dwf-labs-portfolio,649,0.00068,0.606,0.54482,True,0.00068
BTC_UP,sector,501-750,education,767,0.00388,3.461,0.000538,True,0.00388
BTC_UP,sector,501-750,energy,926,0.0017,1.591,0.111568,True,0.0017
BTC_UP,sector,501-750,enterprise-solutions,407,0.0017,1.068,0.285528,True,0.0017
BTC_UP,sector,501-750,ethereum,9515,-0.00096,-3.393,0.000691,True,0.00096
BTC_UP,sector,501-750,events,526,0.00672,4.826,1e-06,True,0.00672
BTC_UP,sector,501-750,exnetwork-capital-portfolio,635,-0.00149,-1.159,0.246521,True,0.00149
BTC_UP,sector,501-750,fan-token,961,-0.00154,-1.833,0.066775,True,0.00154
BTC_UP,sector,501-750,fantom,288,0.01176,6.26,0.0,True,0.01176
BTC_UP,sector,501-750,filesharing,331,0.00579,3.119,0.001816,True,0.00579
BTC_UP,sector,501-750,gambling,1087,0.00181,1.702,0.088694,True,0.00181
BTC_UP,sector,501-750,gaming,4888,0.00177,3.85,0.000118,True,0.00177
BTC_UP,sector,501-750,hardware,822,0.00092,0.966,0.334167,True,0.00092
BTC_UP,sector,501-750,health,1098,-0.001,-1.1,0.27114,True,0.001
BTC_UP,sector,501-750,hospitality,583,0.00535,4.989,1e-06,True,0.00535
BTC_UP,sector,501-750,hybrid-pow-pos,454,0.0034,2.159,0.030862,True,0.0034
BTC_UP,sector,501-750,identity,319,-0.00669,-3.921,8.8e-05,True,0.00669
BTC_UP,sector,501-750,insurance,602,0.00223,1.558,0.119181,True,0.00223
BTC_UP,sector,501-750,interoperability,1667,0.00268,3.621,0.000294,True,0.00268
BTC_UP,sector,501-750,iot,762,0.00144,1.215,0.224362,True,0.00144
BTC_UP,sector,501-750,launchpad,356,0.00144,0.791,0.42914,True,0.00144
BTC_UP,sector,501-750,layer-1,552,-0.00029,-0.231,0.817089,True,0.00029
BTC_UP,sector,501-750,logistics,1291,0.00626,6.559,0.0,True,0.00626
BTC_UP,sector,501-750,lpos,262,-0.00045,-0.246,0.805591,True,0.00045
BTC_UP,sector,501-750,marketing,1455,0.00375,4.993,1e-06,True,0.00375
BTC_UP,sector,501-750,marketplace,9038,0.00186,5.7,0.0,True,0.00186
BTC_UP,sector,501-750,media,6326,0.00265,6.982,0.0,True,0.00265
BTC_UP,sector,501-750,medium-of-exchange,2995,-0.00142,-2.67,0.007587,True,0.00142
BTC_UP,sector,501-750,memes,10593,0.00577,16.717,0.0,True,0.00577
BTC_UP,sector,501-750,metaverse,543,0.00232,1.855,0.06357,True,0.00232
BTC_UP,sector,501-750,mineable,15514,0.00205,7.958,0.0,True,0.00205
BTC_UP,sector,501-750,music,360,0.00013,0.082,0.934734,True,0.00013
BTC_UP,sector,501-750,mvb,233,0.00107,0.616,0.5381,True,0.00107
BTC_UP,sector,501-750,optimism,358,0.00435,2.633,0.008467,True,0.00435
BTC_UP,sector,501-750,oracles,368,0.00148,0.709,0.478101,True,0.00148
BTC_UP,sector,501-750,osmosis,223,-0.0025,-1.162,0.245267,True,0.0025
BTC_UP,sector,501-750,payments,546,-0.00368,-2.548,0.010849,True,0.00368
BTC_UP,sector,501-750,platform,15719,0.00319,12.883,0.0,True,0.00319
BTC_UP,sector,501-750,polkadot,953,0.00298,2.772,0.005571,True,0.00298
BTC_UP,sector,501-750,polkastarter,235,0.00395,1.57,0.116449,True,0.00395
BTC_UP,sector,501-750,polygon,854,-0.00101,-1.104,0.269747,True,0.00101
BTC_UP,sector,501-750,pos,2433,0.00316,5.251,0.0,True,0.00316
BTC_UP,sector,501-750,pow,813,9e-05,0.085,0.932156,True,9e-05
BTC_UP,sector,501-750,prediction-markets,375,0.00233,1.803,0.071442,True,0.00233
BTC_UP,sector,501-750,privacy,1891,-0.0016,-2.267,0.023401,True,0.0016
BTC_UP,sector,501-750,real-estate,1078,0.00562,5.338,0.0,True,0.00562
BTC_UP,sector,501-750,real-world-assets,332,0.00523,2.734,0.006257,True,0.00523
BTC_UP,sector,501-750,retail,519,0.00816,6.085,0.0,True,0.00816
BTC_UP,sector,501-750,scaling,773,0.00049,0.527,0.598531,True,0.00049
BTC_UP,sector,501-750,services,4467,0.00219,4.379,1.2e-05,True,0.00219
BTC_UP,sector,501-750,smart-contracts,389,-0.00403,-2.452,0.014189,True,0.00403
BTC_UP,sector,501-750,solana,2286,0.00345,4.787,2e-06,True,0.00345
BTC_UP,sector,501-750,spartan-group,222,0.00186,0.805,0.420535,True,0.00186
BTC_UP,sector,501-750,sports,2947,-0.00207,-4.425,1e-05,True,0.00207
BTC_UP,sector,501-750,stablecoin,3892,-0.00938,-29.67,0.0,True,0.00938
BTC_UP,sector,501-750,staking,223,-0.00426,-1.921,0.054763,True,0.00426
BTC_UP,sector,501-750,store-of-value,978,-0.00754,-10.783,0.0,True,0.00754
BTC_UP,sector,501-750,substrate,289,-0.00148,-0.757,0.448925,True,0.00148
BTC_UP,sector,501-750,tokenized-stock,917,-0.01681,-20.966,0.0,True,0.01681
BTC_UP,sector,501-750,trustswap-launchpad,289,0.00135,0.615,0.538297,True,0.00135
BTC_UP,sector,501-750,vr-ar,1401,0.00406,5.12,0.0,True,0.00406
BTC_UP,sector,501-750,wallet,852,0.00032,0.339,0.734561,True,0.00032
BTC_UP,sector,501-750,web3,247,-0.00295,-1.803,0.071333,True,0.00295
BTC_UP,sector,501-750,yield-farming,834,0.00201,1.828,0.067623,True,0.00201
BTC_UP,sector,501-750,zero-knowledge-proofs,605,0.00437,3.661,0.000251,True,0.00437
BTC_UP,sector,751-1000,,52666,-0.00051,-3.456,0.000549,True,0.00051
BTC_UP,sector,751-1000,ai-big-data,11054,0.00341,10.578,0.0,True,0.00341
BTC_UP,sector,751-1000,alameda-research-portfolio,342,0.00145,0.83,0.40654,True,0.00145
BTC_UP,sector,751-1000,algorand,327,-0.00533,-3.7,0.000216,True,0.00533
BTC_UP,sector,751-1000,amm,389,0.00327,2.073,0.038162,True,0.00327
BTC_UP,sector,751-1000,art,233,0.0042,1.885,0.059393,True,0.0042
BTC_UP,sector,751-1000,asset-management,4229,0.00124,2.321,0.020303,True,0.00124
BTC_UP,sector,751-1000,avalanche,639,-0.00388,-3.434,0.000594,True,0.00388
BTC_UP,sector,751-1000,base,407,-0.00041,-0.246,0.805519,True,0.00041
BTC_UP,sector,751-1000,binance-chain,558,-0.00269,-2.124,0.033684,True,0.00269
BTC_UP,sector,751-1000,binance-labs-portfolio,223,0.00451,2.109,0.034906,True,0.00451
BTC_UP,sector,751-1000,binance-launchpad,350,0.00776,5.881,0.0,True,0.00776
BTC_UP,sector,751-1000,binance-smart-chain,2112,0.00177,2.312,0.020779,True,0.00177
BTC_UP,sector,751-1000,bitcoin,324,-0.00319,-1.869,0.061629,True,0.00319
BTC_UP,sector,751-1000,bnb-chain,5128,0.00162,4.08,4.5e-05,True,0.00162
BTC_UP,sector,751-1000,cardano,300,0.00394,2.42,0.015517,True,0.00394
BTC_UP,sector,751-1000,centralized-exchange,1465,-0.00171,-2.355,0.018516,True,0.00171
BTC_UP,sector,751-1000,coinbase-ventures-portfolio,269,-0.00417,-2.056,0.039805,True,0.00417
BTC_UP,sector,751-1000,collectibles-nfts,15343,0.00231,8.958,0.0,True,0.00231
BTC_UP,sector,751-1000,communications-social-media,2307,0.00157,2.372,0.017673,True,0.00157
BTC_UP,sector,751-1000,content-creation,287,-0.00614,-2.969,0.002992,True,0.00614
BTC_UP,sector,751-1000,cosmos,3213,0.0008,1.5,0.133617,True,0.0008
BTC_UP,sector,751-1000,crowdfunding,268,-0.00252,-1.373,0.1698,True,0.00252
BTC_UP,sector,751-1000,cybersecurity,2017,0.00253,3.708,0.000209,True,0.00253
BTC_UP,sector,751-1000,dag,1360,0.00081,1.093,0.274366,True,0.00081
BTC_UP,sector,751-1000,dao,1503,0.00279,3.525,0.000424,True,0.00279
BTC_UP,sector,751-1000,dao-maker,217,-0.00317,-1.36,0.173859,True,0.00317
BTC_UP,sector,751-1000,data-provenance,221,-0.00025,-0.119,0.905105,True,0.00025
BTC_UP,sector,751-1000,decentralized-exchange,1722,-0.00178,-2.251,0.024376,True,0.00178
BTC_UP,sector,751-1000,decentralized-exchange-dex-token,5060,0.003,7.762,0.0,True,0.003
BTC_UP,sector,751-1000,defi,24494,0.00191,10.102,0.0,True,0.00191
BTC_UP,sector,751-1000,derivatives,274,0.00241,1.415,0.156989,True,0.00241
BTC_UP,sector,751-1000,distributed-computing,2858,-0.00022,-0.377,0.706028,True,0.00022
BTC_UP,sector,751-1000,dpos,725,0.0012,0.986,0.323991,True,0.0012
BTC_UP,sector,751-1000,duckstarter,202,0.00412,1.608,0.107861,True,0.00412
BTC_UP,sector,751-1000,dwf-labs-portfolio,540,0.00111,0.804,0.421507,True,0.00111
BTC_UP,sector,751-1000,e-commerce,237,0.00116,0.555,0.578826,True,0.00116
BTC_UP,sector,751-1000,education,556,0.0046,3.495,0.000475,True,0.0046
BTC_UP,sector,751-1000,energy,954,0.00013,0.131,0.895673,True,0.00013
BTC_UP,sector,751-1000,enterprise-solutions,411,0.00519,3.354,0.000796,True,0.00519
BTC_UP,sector,751-1000,ethereum,10515,-0.00128,-4.711,2e-06,True,0.00128
BTC_UP,sector,751-1000,events,828,0.00248,2.163,0.030558,True,0.00248
BTC_UP,sector,751-1000,exnetwork-capital-portfolio,311,0.0045,2.363,0.018144,True,0.0045
BTC_UP,sector,751-1000,fan-token,1063,0.00014,0.163,0.870345,True,0.00014
BTC_UP,sector,751-1000,fantom,429,0.00645,3.635,0.000278,True,0.00645
BTC_UP,sector,751-1000,filesharing,553,0.00425,2.744,0.006077,True,0.00425
BTC_UP,sector,751-1000,gambling,2162,0.00372,5.067,0.0,True,0.00372
BTC_UP,sector,751-1000,gaming,5671,0.00062,1.445,0.14839,True,0.00062
BTC_UP,sector,751-1000,hardware,345,-0.00281,-1.964,0.04955,True,0.00281
BTC_UP,sector,751-1000,health,1288,0.00047,0.513,0.608301,True,0.00047
BTC_UP,sector,751-1000,hospitality,496,0.00495,3.427,0.000611,True,0.00495
BTC_UP,sector,751-1000,hybrid-pow-pos,544,0.00282,1.896,0.057925,True,0.00282
BTC_UP,sector,751-1000,identity,418,-0.00096,-0.535,0.592625,True,0.00096
BTC_UP,sector,751-1000,insurance,466,0.00155,1.002,0.31624,True,0.00155
BTC_UP,sector,751-1000,interoperability,757,0.00193,1.615,0.106408,True,0.00193
BTC_UP,sector,751-1000,iot,316,0.00331,1.69,0.091075,True,0.00331
BTC_UP,sector,751-1000,launchpad,686,0.00104,0.843,0.399363,True,0.00104
BTC_UP,sector,751-1000,layer-1,361,-0.00206,-1.451,0.1467,True,0.00206
BTC_UP,sector,751-1000,layer-2,218,0.00172,0.718,0.472527,True,0.00172
BTC_UP,sector,751-1000,logistics,877,0.0045,3.558,0.000374,True,0.0045
BTC_UP,sector,751-1000,marketing,1391,0.00365,4.787,2e-06,True,0.00365
BTC_UP,sector,751-1000,marketplace,8717,0.00073,2.138,0.032476,True,0.00073
BTC_UP,sector,751-1000,masternodes,707,0.00591,4.834,1e-06,True,0.00591
BTC_UP,sector,751-1000,media,2918,0.00319,5.342,0.0,True,0.00319
BTC_UP,sector,751-1000,medium-of-exchange,1870,-0.0009,-1.128,0.25951,True,0.0009
BTC_UP,sector,751-1000,memes,11742,0.00351,10.58,0.0,True,0.00351
BTC_UP,sector,751-1000,metaverse,415,0.00724,4.852,1e-06,True,0.00724
BTC_UP,sector,751-1000,mineable,18215,0.00252,9.951,0.0,True,0.00252
BTC_UP,sector,751-1000,music,214,0.00374,1.707,0.087845,True,0.00374
BTC_UP,sector,751-1000,mvb,208,-0.00015,-0.078,0.937593,True,0.00015
BTC_UP,sector,751-1000,optimism,566,0.00253,1.918,0.055073,True,0.00253
BTC_UP,sector,751-1000,oracles,541,0.0017,1.087,0.277164,True,0.0017
BTC_UP,sector,751-1000,payments,1015,0.00058,0.552,0.58071,True,0.00058
BTC_UP,sector,751-1000,platform,13381,0.00249,8.563,0.0,True,0.00249
BTC_UP,sector,751-1000,polkadot,1170,0.00208,2.145,0.031933,True,0.00208
BTC_UP,sector,751-1000,polkastarter,471,0.00103,0.581,0.561415,True,0.00103
BTC_UP,sector,751-1000,polygon,1049,-0.00219,-2.249,0.024525,True,0.00219
BTC_UP,sector,751-1000,pos,3221,0.0021,3.511,0.000447,True,0.0021
BTC_UP,sector,751-1000,pow,1254,-0.0037,-4.058,4.9e-05,True,0.0037
BTC_UP,sector,751-1000,prediction-markets,363,-0.00116,-0.856,0.392099,True,0.00116
BTC_UP,sector,751-1000,privacy,1443,0.00151,1.91,0.056097,True,0.00151
BTC_UP,sector,751-1000,real-estate,843,0.00189,1.549,0.121445,True,0.00189
BTC_UP,sector,751-1000,real-world-assets,822,0.00325,2.718,0.006563,True,0.00325
BTC_UP,sector,751-1000,retail,210,0.00433,2.026,0.042769,True,0.00433
BTC_UP,sector,751-1000,scaling,237,0.0002,0.125,0.900502,True,0.0002
BTC_UP,sector,751-1000,services,3398,0.00203,3.611,0.000305,True,0.00203
BTC_UP,sector,751-1000,smart-contracts,323,-0.0026,-1.609,0.107591,True,0.0026
BTC_UP,sector,751-1000,solana,2720,0.00225,3.427,0.000611,True,0.00225
BTC_UP,sector,751-1000,sports,5329,-0.00051,-1.499,0.133748,True,0.00051
BTC_UP,sector,751-1000,stablecoin,2786,-0.0063,-17.395,0.0,True,0.0063
BTC_UP,sector,751-1000,staking,228,-0.00114,-0.485,0.627804,True,0.00114
BTC_UP,sector,751-1000,store-of-value,651,-0.00351,-3.353,0.0008,True,0.00351
BTC_UP,sector,751-1000,substrate,685,-0.00331,-2.862,0.004207,True,0.00331
BTC_UP,sector,751-1000,tokenized-gold,445,-0.00344,-4.389,1.1e-05,True,0.00344
BTC_UP,sector,751-1000,tokenized-stock,659,-0.0089,-8.882,0.0,True,0.0089
BTC_UP,sector,751-1000,trustswap-launchpad,425,0.00399,2.678,0.00741,True,0.00399
BTC_UP,sector,751-1000,vr-ar,1066,0.00274,3.007,0.002642,True,0.00274
BTC_UP,sector,751-1000,wallet,917,0.00167,1.807,0.070793,True,0.00167
BTC_UP,sector,751-1000,web3,206,-0.00173,-1.101,0.271008,True,0.00173
BTC_UP,sector,751-1000,yield-farming,716,0.00322,2.752,0.005918,True,0.00322
BTC_UP,sector,751-1000,zero-knowledge-proofs,1028,0.00206,2.182,0.029123,True,0.00206
BTC_UP,sector,1001-1500,,121173,-0.00021,-2.136,0.032719,True,0.00021
BTC_UP,sector,1001-1500,adult,321,0.00578,2.92,0.003498,True,0.00578
BTC_UP,sector,1001-1500,ai-big-data,20284,0.00313,13.143,0.0,True,0.00313
BTC_UP,sector,1001-1500,algorand,552,-0.00331,-3.01,0.002615,True,0.00331
BTC_UP,sector,1001-1500,amm,424,-0.00054,-0.326,0.744797,True,0.00054
BTC_UP,sector,1001-1500,aptos,242,0.00139,0.712,0.476647,True,0.00139
BTC_UP,sector,1001-1500,arbitrum,427,-0.00155,-0.996,0.319101,True,0.00155
BTC_UP,sector,1001-1500,arbitrum-ecosytem,699,-0.0005,-0.401,0.688248,True,0.0005
BTC_UP,sector,1001-1500,art,945,-0.0023,-1.991,0.046527,True,0.0023
BTC_UP,sector,1001-1500,asset-management,8637,0.00074,1.963,0.04968,True,0.00074
BTC_UP,sector,1001-1500,avalanche,1284,-0.00015,-0.167,0.867117,True,0.00015
BTC_UP,sector,1001-1500,base,1029,0.00439,3.736,0.000187,True,0.00439
BTC_UP,sector,1001-1500,binance-chain,1523,-0.00338,-4.267,2e-05,True,0.00338
BTC_UP,sector,1001-1500,binance-labs-portfolio,486,-0.00164,-1.163,0.24487,True,0.00164
BTC_UP,sector,1001-1500,binance-smart-chain,5159,-0.00076,-1.506,0.132112,True,0.00076
BTC_UP,sector,1001-1500,bnb-chain,10838,0.00064,2.325,0.020093,True,0.00064
BTC_UP,sector,1001-1500,bounce-launchpad,461,-0.00233,-1.679,0.093145,True,0.00233
BTC_UP,sector,1001-1500,bullperks-launchpad,237,-0.00301,-1.231,0.218243,True,0.00301
BTC_UP,sector,1001-1500,cardano,752,0.00449,3.992,6.6e-05,True,0.00449
BTC_UP,sector,1001-1500,centralized-exchange,1764,-0.0023,-3.33,0.000869,True,0.0023
BTC_UP,sector,1001-1500,collectibles-nfts,35007,0.00113,6.56,0.0,True,0.00113
BTC_UP,sector,1001-1500,commodities,430,0.00026,0.19,0.849151,True,0.00026
BTC_UP,sector,1001-1500,communications-social-media,4586,0.00214,4.647,3e-06,True,0.00214
BTC_UP,sector,1001-1500,content-creation,325,-0.00634,-3.876,0.000106,True,0.00634
BTC_UP,sector,1001-1500,cosmos,3755,0.00042,0.777,0.437076,True,0.00042
BTC_UP,sector,1001-1500,cronos,486,-0.00129,-1.377,0.168602,True,0.00129
BTC_UP,sector,1001-1500,crowdfunding,725,-0.00211,-1.817,0.069163,True,0.00211
BTC_UP,sector,1001-1500,cybersecurity,1840,0.00155,2.005,0.04501,True,0.00155
BTC_UP,sector,1001-1500,dag,1367,0.00042,0.49,0.624267,True,0.00042
BTC_UP,sector,1001-1500,dao,3348,0.00128,2.461,0.013848,True,0.00128
BTC_UP,sector,1001-1500,dao-maker,241,0.00167,0.622,0.533901,True,0.00167
BTC_UP,sector,1001-1500,decentralized-exchange,2480,-0.00377,-5.565,0.0,True,0.00377
BTC_UP,sector,1001-1500,decentralized-exchange-dex-token,5803,0.00181,4.721,2e-06,True,0.00181
BTC_UP,sector,1001-1500,defi,41830,0.00122,8.323,0.0,True,0.00122
BTC_UP,sector,1001-1500,derivatives,269,0.00514,3.197,0.001389,True,0.00514
BTC_UP,sector,1001-1500,distributed-computing,3214,-0.00121,-2.039,0.041495,True,0.00121
BTC_UP,sector,1001-1500,dpos,1613,-0.00372,-4.168,3.1e-05,True,0.00372
BTC_UP,sector,1001-1500,duckstarter,467,0.00222,1.3,0.193471,True,0.00222
BTC_UP,sector,1001-1500,dwf-labs-portfolio,1234,-0.00171,-2.011,0.044288,True,0.00171
BTC_UP,sector,1001-1500,e-commerce,283,0.00221,1.281,0.200194,True,0.00221
BTC_UP,sector,1001-1500,education,1253,0.00235,2.458,0.013954,True,0.00235
BTC_UP,sector,1001-1500,energy,1350,0.00475,4.989,1e-06,True,0.00475
BTC_UP,sector,1001-1500,enterprise-solutions,454,-0.00128,-0.884,0.376665,True,0.00128
BTC_UP,sector,1001-1500,entertainment,510,-0.00099,-0.626,0.531561,True,0.00099
BTC_UP,sector,1001-1500,ethereum,23337,-0.00014,-0.711,0.476992,True,0.00014
BTC_UP,sector,1001-1500,events,966,-6e-05,-0.051,0.959671,True,6e-05
BTC_UP,sector,1001-1500,exnetwork-capital-portfolio,814,0.00344,3.053,0.002268,True,0.00344
BTC_UP,sector,1001-1500,fan-token,2792,-0.00081,-1.54,0.123451,True,0.00081
BTC_UP,sector,1001-1500,fantom,799,0.0062,4.902,1e-06,True,0.0062
BTC_UP,sector,1001-1500,ferrum-network,455,0.00881,6.467,0.0,True,0.00881
BTC_UP,sector,1001-1500,filesharing,413,0.00556,3.261,0.001109,True,0.00556
BTC_UP,sector,1001-1500,food-beverage,219,0.00157,0.992,0.321377,True,0.00157
BTC_UP,sector,1001-1500,gambling,3891,0.00152,2.762,0.005742,True,0.00152
BTC_UP,sector,1001-1500,gaming,11239,-6e-05,-0.178,0.858856,True,6e-05
BTC_UP,sector,1001-1500,hardware,557,-0.00055,-0.467,0.640645,True,0.00055
BTC_UP,sector,1001-1500,health,3093,-0.00092,-1.465,0.143002,True,0.00092
BTC_UP,sector,1001-1500,hospitality,379,-0.00162,-1.044,0.29661,True,0.00162
BTC_UP,sector,1001-1500,hybrid-pos-lpos,223,-0.00381,-1.944,0.051887,True,0.00381
BTC_UP,sector,1001-1500,hybrid-pow-pos,2425,0.00446,6.507,0.0,True,0.00446
BTC_UP,sector,1001-1500,identity,454,-0.00186,-1.151,0.249923,True,0.00186
BTC_UP,sector,1001-1500,insurance,1265,0.00072,0.778,0.436621,True,0.00072
BTC_UP,sector,1001-1500,interoperability,1001,0.0015,1.464,0.143143,True,0.0015
BTC_UP,sector,1001-1500,iot,924,0.00417,4.025,5.7e-05,True,0.00417
BTC_UP,sector,1001-1500,klaytn,916,0.00306,4.052,5.1e-05,True,0.00306
BTC_UP,sector,1001-1500,kommunitas-launchpad,366,-0.0023,-1.193,0.232697,True,0.0023
BTC_UP,sector,1001-1500,launchpad,3425,0.00354,6.697,0.0,True,0.00354
BTC_UP,sector,1001-1500,layer-1,688,0.00177,1.31,0.190118,True,0.00177
BTC_UP,sector,1001-1500,layer-2,267,-0.00039,-0.172,0.863793,True,0.00039
BTC_UP,sector,1001-1500,logistics,1310,0.00203,1.884,0.059544,True,0.00203
BTC_UP,sector,1001-1500,loyalty,200,-0.00061,-0.222,0.824606,True,0.00061
BTC_UP,sector,1001-1500,manufacturing,343,0.00604,4.124,3.7e-05,True,0.00604
BTC_UP,sector,1001-1500,marketing,1455,0.00127,1.429,0.153126,True,0.00127
BTC_UP,sector,1001-1500,marketplace,12041,-1e-05,-0.02,0.984002,True,1e-05
BTC_UP,sector,1001-1500,masternodes,1484,0.00142,1.647,0.099657,True,0.00142
BTC_UP,sector,1001-1500,media,3738,-0.00038,-0.673,0.500808,True,0.00038
BTC_UP,sector,1001-1500,medium-of-exchange,2360,-0.00107,-1.522,0.127893,True,0.00107
BTC_UP,sector,1001-1500,memes,27192,0.00344,16.089,0.0,True,0.00344
BTC_UP,sector,1001-1500,metaverse,900,0.00468,4.412,1e-05,True,0.00468
BTC_UP,sector,1001-1500,meverse,237,-0.00323,-2.052,0.040201,True,0.00323
BTC_UP,sector,1001-1500,mineable,46606,0.00223,13.745,0.0,True,0.00223
BTC_UP,sector,1001-1500,music,496,-0.0007,-0.482,0.629506,True,0.0007
BTC_UP,sector,1001-1500,mvb,257,-0.00725,-3.886,0.000102,True,0.00725
BTC_UP,sector,1001-1500,near-protocol,242,0.01152,6.008,0.0,True,0.01152
BTC_UP,sector,1001-1500,okex-blockdream-ventures-portfolio,740,-0.00529,-4.716,2e-06,True,0.00529
BTC_UP,sector,1001-1500,optimism,231,0.01024,4.842,1e-06,True,0.01024
BTC_UP,sector,1001-1500,oracles,2046,0.00049,0.686,0.492972,True,0.00049
BTC_UP,sector,1001-1500,osmosis,254,0.00422,1.899,0.0576,True,0.00422
BTC_UP,sector,1001-1500,payments,2357,-0.00264,-3.898,9.7e-05,True,0.00264
BTC_UP,sector,1001-1500,philanthropy,625,0.00307,2.085,0.037049,True,0.00307
BTC_UP,sector,1001-1500,platform,23462,0.00091,4.094,4.2e-05,True,0.00091
BTC_UP,sector,1001-1500,play-to-earn,474,-0.00123,-0.78,0.435549,True,0.00123
BTC_UP,sector,1001-1500,polkadot,1825,-0.0009,-1.145,0.252193,True,0.0009
BTC_UP,sector,1001-1500,polkastarter,1964,0.00197,2.506,0.012225,True,0.00197
BTC_UP,sector,1001-1500,polygon,2445,-0.00153,-2.373,0.017651,True,0.00153
BTC_UP,sector,1001-1500,pos,5184,0.00042,0.894,0.371423,True,0.00042
BTC_UP,sector,1001-1500,posign,219,0.00477,2.049,0.040475,True,0.00477
BTC_UP,sector,1001-1500,pow,2001,-0.00157,-2.038,0.041575,True,0.00157
BTC_UP,sector,1001-1500,prediction-markets,532,-0.00246,-2.254,0.024197,True,0.00246
BTC_UP,sector,1001-1500,privacy,3159,0.00206,3.726,0.000195,True,0.00206
BTC_UP,sector,1001-1500,real-estate,2715,0.00396,6.212,0.0,True,0.00396
BTC_UP,sector,1001-1500,real-world-assets,1113,0.00326,3.05,0.00229,True,0.00326
BTC_UP,sector,1001-1500,rebase,302,0.00363,1.718,0.085774,True,0.00363
BTC_UP,sector,1001-1500,rehypothecated-crypto,486,0.00633,4.398,1.1e-05,True,0.00633
BTC_UP,sector,1001-1500,scaling,393,-0.0006,-0.454,0.649884,True,0.0006
BTC_UP,sector,1001-1500,services,6337,-0.00065,-1.599,0.1098,True,0.00065
BTC_UP,sector,1001-1500,smart-contracts,397,6e-05,0.034,0.973025,True,6e-05
BTC_UP,sector,1001-1500,social-money,343,0.00282,1.32,0.186819,True,0.00282
BTC_UP,sector,1001-1500,social-token,364,0.00453,3.79,0.000151,True,0.00453
BTC_UP,sector,1001-1500,solana,5562,0.00264,5.665,0.0,True,0.00264
BTC_UP,sector,1001-1500,spartan-group,321,-0.00036,-0.193,0.847172,True,0.00036
BTC_UP,sector,1001-1500,sports,11028,-0.00013,-0.533,0.593942,True,0.00013
BTC_UP,sector,1001-1500,stablecoin,4588,-0.00598,-21.774,0.0,True,0.00598
BTC_UP,sector,1001-1500,staking,596,0.00071,0.478,0.632378,True,0.00071
BTC_UP,sector,1001-1500,storage,354,-0.00402,-2.401,0.016363,True,0.00402
BTC_UP,sector,1001-1500,store-of-value,1302,-0.00651,-9.172,0.0,True,0.00651
BTC_UP,sector,1001-1500,substrate,833,-0.00365,-2.987,0.002821,True,0.00365
BTC_UP,sector,1001-1500,sui,382,0.00078,0.534,0.593439,True,0.00078
BTC_UP,sector,1001-1500,superstarter,205,0.0025,0.891,0.373038,True,0.0025
BTC_UP,sector,1001-1500,telegram-bot,307,0.00221,1.121,0.262351,True,0.00221
BTC_UP,sector,1001-1500,tokenized-gold,428,-0.00661,-8.281,0.0,True,0.00661
BTC_UP,sector,1001-1500,tokenized-stock,358,-0.0076,-4.913,1e-06,True,0.0076
BTC_UP,sector,1001-1500,toncoin,334,-0.00016,-0.088,0.929993,True,0.00016
BTC_UP,sector,1001-1500,tourism,204,0.00305,1.38,0.167625,True,0.00305
BTC_UP,sector,1001-1500,transport,547,0.00746,5.223,0.0,True,0.00746
BTC_UP,sector,1001-1500,tron,447,0.00193,1.624,0.10444,True,0.00193
BTC_UP,sector,1001-1500,tron20,236,-0.00208,-1.683,0.092299,True,0.00208
BTC_UP,sector,1001-1500,trustswap-launchpad,431,-0.0011,-0.675,0.499545,True,0.0011
BTC_UP,sector,1001-1500,vbc-ventures-portfolio,266,-2e-05,-0.007,0.994172,True,2e-05
BTC_UP,sector,1001-1500,vr-ar,2478,0.00276,4.197,2.7e-05,True,0.00276
BTC_UP,sector,1001-1500,wallet,298,0.00146,0.978,0.327868,True,0.00146
BTC_UP,sector,1001-1500,web3,472,0.00023,0.15,0.880422,True,0.00023
BTC_UP,sector,1001-1500,xrp,205,0.00196,0.724,0.469218,True,0.00196
BTC_UP,sector,1001-1500,yield-farming,1440,0.00186,2.013,0.044077,True,0.00186
BTC_UP,sector,1001-1500,zero-knowledge-proofs,627,0.00028,0.213,0.831266,True,0.00028
BTC_UP,sector,1501-2000,,138672,-0.00135,-14.615,0.0,True,0.00135
BTC_UP,sector,1501-2000,ai-big-data,17063,0.00148,5.71,0.0,True,0.00148
BTC_UP,sector,1501-2000,alameda-research-portfolio,212,0.00351,1.35,0.176893,True,0.00351
BTC_UP,sector,1501-2000,algorand,263,-0.00161,-0.761,0.446453,True,0.00161
BTC_UP,sector,1501-2000,analytics,292,0.00408,2.095,0.036142,True,0.00408
BTC_UP,sector,1501-2000,aptos,201,-0.00028,-0.17,0.864679,True,0.00028
BTC_UP,sector,1501-2000,arbitrum,534,-0.00226,-1.624,0.104344,True,0.00226
BTC_UP,sector,1501-2000,arbitrum-ecosytem,506,-0.00173,-1.185,0.235945,True,0.00173
BTC_UP,sector,1501-2000,art,1717,-0.00238,-2.889,0.003864,True,0.00238
BTC_UP,sector,1501-2000,asset-management,7180,-3e-05,-0.075,0.939985,True,3e-05
BTC_UP,sector,1501-2000,avalanche,1866,-0.00141,-1.926,0.054112,True,0.00141
BTC_UP,sector,1501-2000,base,1082,0.00174,1.606,0.108185,True,0.00174
BTC_UP,sector,1501-2000,binance-chain,989,-0.00368,-3.61,0.000306,True,0.00368
BTC_UP,sector,1501-2000,binance-smart-chain,4882,-0.00272,-5.292,0.0,True,0.00272
BTC_UP,sector,1501-2000,bnb-chain,14774,0.00041,1.616,0.106111,True,0.00041
BTC_UP,sector,1501-2000,cardano,333,0.0053,3.258,0.001124,True,0.0053
BTC_UP,sector,1501-2000,centralized-exchange,1694,-0.00543,-7.714,0.0,True,0.00543
BTC_UP,sector,1501-2000,collectibles-nfts,31158,-0.00017,-0.923,0.355849,True,0.00017
BTC_UP,sector,1501-2000,commodities,495,-0.00323,-2.672,0.007543,True,0.00323
BTC_UP,sector,1501-2000,communications-social-media,3434,0.00089,1.659,0.097158,True,0.00089
BTC_UP,sector,1501-2000,content-creation,597,-0.00203,-1.422,0.154969,True,0.00203
BTC_UP,sector,1501-2000,cosmos,3630,0.00063,1.157,0.247251,True,0.00063
BTC_UP,sector,1501-2000,crowdfunding,752,-0.00498,-4.18,2.9e-05,True,0.00498
BTC_UP,sector,1501-2000,cybersecurity,1737,-0.00222,-2.882,0.003955,True,0.00222
BTC_UP,sector,1501-2000,dag,511,0.00083,0.549,0.583345,True,0.00083
BTC_UP,sector,1501-2000,dao,1440,-0.00115,-1.354,0.175679,True,0.00115
BTC_UP,sector,1501-2000,dao-maker,584,-0.00683,-4.662,3e-06,True,0.00683
BTC_UP,sector,1501-2000,dapp,355,0.00352,2.076,0.037896,True,0.00352
BTC_UP,sector,1501-2000,decentralized-exchange,1011,-0.00271,-2.437,0.014795,True,0.00271
BTC_UP,sector,1501-2000,decentralized-exchange-dex-token,3984,-0.00041,-0.845,0.398319,True,0.00041
BTC_UP,sector,1501-2000,defi,37260,0.00047,3.085,0.002033,True,0.00047
BTC_UP,sector,1501-2000,derivatives,369,-0.00011,-0.067,0.946751,True,0.00011
BTC_UP,sector,1501-2000,distributed-computing,1990,-0.00165,-2.055,0.039885,True,0.00165
BTC_UP,sector,1501-2000,dpos,1761,-0.0011,-1.438,0.150551,True,0.0011
BTC_UP,sector,1501-2000,duckstarter,377,-0.00854,-4.166,3.1e-05,True,0.00854
BTC_UP,sector,1501-2000,dwf-labs-portfolio,1032,-0.00053,-0.475,0.635053,True,0.00053
BTC_UP,sector,1501-2000,education,1162,0.00228,2.202,0.027694,True,0.00228
BTC_UP,sector,1501-2000,energy,1522,-0.0013,-1.536,0.124456,True,0.0013
BTC_UP,sector,1501-2000,entertainment,668,0.00128,0.897,0.36975,True,0.00128
BTC_UP,sector,1501-2000,ethereum,20563,-0.00048,-2.237,0.025265,True,0.00048
BTC_UP,sector,1501-2000,events,501,0.00283,1.671,0.094782,True,0.00283
BTC_UP,sector,1501-2000,exnetwork-capital-portfolio,467,0.00309,2.21,0.027104,True,0.00309
BTC_UP,sector,1501-2000,fan-token,2350,-0.00108,-1.792,0.073189,True,0.00108
BTC_UP,sector,1501-2000,fantom,295,0.00547,2.97,0.002979,True,0.00547
BTC_UP,sector,1501-2000,fashion,304,0.00184,0.897,0.369687,True,0.00184
BTC_UP,sector,1501-2000,food-beverage,306,-0.00086,-0.668,0.504407,True,0.00086
BTC_UP,sector,1501-2000,gambling,3497,0.00233,4.193,2.7e-05,True,0.00233
BTC_UP,sector,1501-2000,gaming,12138,-0.00176,-5.899,0.0,True,0.00176
BTC_UP,sector,1501-2000,hardware,497,-0.00053,-0.352,0.724887,True,0.00053
BTC_UP,sector,1501-2000,health,2235,-0.00298,-4.463,8e-06,True,0.00298
BTC_UP,sector,1501-2000,heco,262,-0.00236,-1.116,0.264457,True,0.00236
BTC_UP,sector,1501-2000,hospitality,611,-0.00054,-0.495,0.620444,True,0.00054
BTC_UP,sector,1501-2000,hybrid-pow-pos,3632,0.0031,6.481,0.0,True,0.0031
BTC_UP,sector,1501-2000,icp,389,0.00992,6.406,0.0,True,0.00992
BTC_UP,sector,1501-2000,injective,376,-0.00934,-5.763,0.0,True,0.00934
BTC_UP,sector,1501-2000,insurance,1053,-0.00048,-0.503,0.614632,True,0.00048
BTC_UP,sector,1501-2000,interoperability,434,-0.00399,-2.656,0.0079,True,0.00399
BTC_UP,sector,1501-2000,iot,916,-0.0,-0.002,0.99849,True,0.0
BTC_UP,sector,1501-2000,iotex,277,0.00839,5.064,0.0,True,0.00839
BTC_UP,sector,1501-2000,jobs,219,-0.00089,-0.354,0.72301,True,0.00089
BTC_UP,sector,1501-2000,klaytn,848,-0.00093,-0.988,0.323061,True,0.00093
BTC_UP,sector,1501-2000,kommunitas-launchpad,310,-0.00397,-2.093,0.036348,True,0.00397
BTC_UP,sector,1501-2000,launchpad,3116,0.00256,4.621,4e-06,True,0.00256
BTC_UP,sector,1501-2000,launchzone,314,-0.00754,-4.838,1e-06,True,0.00754
BTC_UP,sector,1501-2000,layer-1,611,-0.00358,-2.91,0.003612,True,0.00358
BTC_UP,sector,1501-2000,logistics,1011,0.00228,1.886,0.059357,True,0.00228
BTC_UP,sector,1501-2000,loyalty,450,-0.00316,-1.961,0.049924,True,0.00316
BTC_UP,sector,1501-2000,marketing,2900,-0.0021,-3.341,0.000836,True,0.0021
BTC_UP,sector,1501-2000,marketplace,11752,-8e-05,-0.275,0.78301,True,8e-05
BTC_UP,sector,1501-2000,masternodes,1597,-0.00145,-1.613,0.106811,True,0.00145
BTC_UP,sector,1501-2000,media,4928,-0.00042,-0.884,0.376736,True,0.00042
BTC_UP,sector,1501-2000,medium-of-exchange,2629,-0.00199,-2.904,0.003686,True,0.00199
BTC_UP,sector,1501-2000,memes,32221,0.00274,13.904,0.0,True,0.00274
BTC_UP,sector,1501-2000,metaverse,884,-0.00277,-2.622,0.00874,True,0.00277
BTC_UP,sector,1501-2000,mineable,59148,0.00131,9.281,0.0,True,0.00131
BTC_UP,sector,1501-2000,move-to-earn,352,-0.00043,-0.276,0.782538,True,0.00043
BTC_UP,sector,1501-2000,music,336,0.00103,0.614,0.539381,True,0.00103
BTC_UP,sector,1501-2000,mvb,436,-0.00564,-3.99,6.6e-05,True,0.00564
BTC_UP,sector,1501-2000,okex-blockdream-ventures-portfolio,254,0.00122,0.568,0.570059,True,0.00122
BTC_UP,sector,1501-2000,okx-ventures-portfolio,207,0.00553,2.746,0.006034,True,0.00553
BTC_UP,sector,1501-2000,olympus-pro,323,0.00443,2.478,0.013226,True,0.00443
BTC_UP,sector,1501-2000,optimism,342,0.00616,4.245,2.2e-05,True,0.00616
BTC_UP,sector,1501-2000,oracles,1710,-0.00303,-3.77,0.000163,True,0.00303
BTC_UP,sector,1501-2000,osmosis,247,-0.00063,-0.289,0.772221,True,0.00063
BTC_UP,sector,1501-2000,payments,1613,-0.00244,-2.874,0.004047,True,0.00244
BTC_UP,sector,1501-2000,philanthropy,553,0.0042,3.466,0.000529,True,0.0042
BTC_UP,sector,1501-2000,platform,18291,-0.00117,-4.777,2e-06,True,0.00117
BTC_UP,sector,1501-2000,play-to-earn,437,0.00032,0.203,0.839153,True,0.00032
BTC_UP,sector,1501-2000,polkadot,2065,0.00115,1.549,0.121316,True,0.00115
BTC_UP,sector,1501-2000,polkastarter,1219,-0.00263,-2.931,0.003374,True,0.00263
BTC_UP,sector,1501-2000,polygon,2857,-0.00163,-2.889,0.003865,True,0.00163
BTC_UP,sector,1501-2000,pos,5171,0.00075,1.656,0.097674,True,0.00075
BTC_UP,sector,1501-2000,posign,374,0.00621,3.787,0.000152,True,0.00621
BTC_UP,sector,1501-2000,pow,2087,0.00155,2.488,0.01285,True,0.00155
BTC_UP,sector,1501-2000,prediction-markets,627,-0.00428,-3.569,0.000359,True,0.00428
BTC_UP,sector,1501-2000,privacy,1679,0.00016,0.181,0.856161,True,0.00016
BTC_UP,sector,1501-2000,quantum-resistant,270,0.00128,0.578,0.56343,True,0.00128
BTC_UP,sector,1501-2000,real-estate,2068,0.00211,2.756,0.005854,True,0.00211
BTC_UP,sector,1501-2000,real-world-assets,366,0.0003,0.152,0.879073,True,0.0003
BTC_UP,sector,1501-2000,real-world-assets-protocols,247,0.00381,2.132,0.033037,True,0.00381
BTC_UP,sector,1501-2000,rebase,936,0.00114,1.041,0.297911,True,0.00114
BTC_UP,sector,1501-2000,rehypothecated-crypto,509,0.00519,3.522,0.000429,True,0.00519
BTC_UP,sector,1501-2000,retail,440,0.00381,2.062,0.039195,True,0.00381
BTC_UP,sector,1501-2000,scrypt,313,0.00086,0.514,0.607325,True,0.00086
BTC_UP,sector,1501-2000,services,3735,-0.00222,-4.104,4.1e-05,True,0.00222
BTC_UP,sector,1501-2000,skyvision-capital-portfolio,205,-0.01017,-5.186,0.0,True,0.01017
BTC_UP,sector,1501-2000,smart-contracts,433,0.00029,0.191,0.848887,True,0.00029
BTC_UP,sector,1501-2000,social-money,447,-0.00355,-2.172,0.029855,True,0.00355
BTC_UP,sector,1501-2000,solana,5378,0.002,4.169,3.1e-05,True,0.002
BTC_UP,sector,1501-2000,sports,11406,0.00252,9.127,0.0,True,0.00252
BTC_UP,sector,1501-2000,stablecoin,1982,-0.00324,-8.792,0.0,True,0.00324
BTC_UP,sector,1501-2000,staking,985,-0.00095,-0.815,0.414872,True,0.00095
BTC_UP,sector,1501-2000,store-of-value,524,-0.00782,-6.408,0.0,True,0.00782
BTC_UP,sector,1501-2000,substrate,465,-0.00241,-1.529,0.126388,True,0.00241
BTC_UP,sector,1501-2000,sui,315,-0.00426,-2.185,0.028879,True,0.00426
BTC_UP,sector,1501-2000,superstarter,239,-0.00572,-2.217,0.026618,True,0.00572
BTC_UP,sector,1501-2000,telegram-bot,356,0.00159,0.84,0.400941,True,0.00159
BTC_UP,sector,1501-2000,toncoin,537,0.00135,1.141,0.253755,True,0.00135
BTC_UP,sector,1501-2000,transport,322,-0.00011,-0.048,0.961394,True,0.00011
BTC_UP,sector,1501-2000,tron,371,0.00752,6.509,0.0,True,0.00752
BTC_UP,sector,1501-2000,trustswap-launchpad,629,-0.00362,-2.717,0.006597,True,0.00362
BTC_UP,sector,1501-2000,vbc-ventures-portfolio,711,-0.00579,-4.787,2e-06,True,0.00579
BTC_UP,sector,1501-2000,velas,206,0.00076,0.397,0.691725,True,0.00076
BTC_UP,sector,1501-2000,vr-ar,2147,0.00237,3.479,0.000504,True,0.00237
BTC_UP,sector,1501-2000,wrapped-tokens,266,0.00395,1.884,0.059577,True,0.00395
BTC_UP,sector,1501-2000,yield-aggregator,354,-0.004,-2.492,0.012714,True,0.004
BTC_UP,sector,1501-2000,yield-farming,2109,0.00055,0.758,0.448727,True,0.00055
BTC_UP,sector,1501-2000,zero-knowledge-proofs,262,-0.00583,-4.028,5.6e-05,True,0.00583
BTC_DOWN,chain,501-750,,51907,0.00094,6.856,0.0,True,0.00094
BTC_DOWN,chain,501-750,-,2739,-0.00496,-7.629,0.0,True,0.00496
BTC_DOWN,chain,501-750,ADA,942,-0.00554,-5.909,0.0,True,0.00554
BTC_DOWN,chain,501-750,ARB,1728,0.0014,2.027,0.042621,True,0.0014
BTC_DOWN,chain,501-750,AVAX,1179,-0.00692,-7.677,0.0,True,0.00692
BTC_DOWN,chain,501-750,BLAST,248,0.00869,5.763,0.0,True,0.00869
BTC_DOWN,chain,501-750,BNB,28237,0.00199,10.597,0.0,True,0.00199
BTC_DOWN,chain,501-750,BTC,470,0.0018,1.119,0.262999,True,0.0018
BTC_DOWN,chain,501-750,CELO,632,0.01622,22.658,0.0,True,0.01622
BTC_DOWN,chain,501-750,CRO,243,0.00027,0.148,0.882153,True,0.00027
BTC_DOWN,chain,501-750,ETH,148383,0.00012,1.411,0.158287,True,0.00012
BTC_DOWN,chain,501-750,GRAM,534,-0.00233,-1.693,0.090525,True,0.00233
BTC_DOWN,chain,501-750,HBAR,348,-0.00558,-4.301,1.7e-05,True,0.00558
BTC_DOWN,chain,501-750,KAIA,1405,0.00401,4.746,2e-06,True,0.00401
BTC_DOWN,chain,501-750,NEO,1006,-0.00206,-2.117,0.034237,True,0.00206
BTC_DOWN,chain,501-750,ONT,341,0.00359,2.766,0.005681,True,0.00359
BTC_DOWN,chain,501-750,OP,292,-0.00911,-5.75,0.0,True,0.00911
BTC_DOWN,chain,501-750,OSMO,508,0.0042,2.71,0.006734,True,0.0042
BTC_DOWN,chain,501-750,POL,2287,0.00315,4.986,1e-06,True,0.00315
BTC_DOWN,chain,501-750,SDN,310,-0.00316,-1.864,0.062367,True,0.00316
BTC_DOWN,chain,501-750,SOL,15218,-0.00127,-4.833,1e-06,True,0.00127
BTC_DOWN,chain,501-750,SUI,1032,-0.00359,-3.353,0.0008,True,0.00359
BTC_DOWN,chain,501-750,TAO,294,-0.01015,-6.56,0.0,True,0.01015
BTC_DOWN,chain,501-750,TRX,861,0.00827,7.689,0.0,True,0.00827
BTC_DOWN,chain,501-750,XDC,332,0.01618,14.117,0.0,True,0.01618
BTC_DOWN,chain,501-750,XLM,506,0.00827,6.15,0.0,True,0.00827
BTC_DOWN,chain,501-750,XRP,291,0.00679,3.928,8.5e-05,True,0.00679
BTC_DOWN,chain,751-1000,,51511,0.0006,4.132,3.6e-05,True,0.0006
BTC_DOWN,chain,751-1000,-,3163,-0.00583,-9.504,0.0,True,0.00583
BTC_DOWN,chain,751-1000,A,526,0.00106,0.717,0.473617,True,0.00106
BTC_DOWN,chain,751-1000,ADA,855,-0.00183,-2.032,0.042157,True,0.00183
BTC_DOWN,chain,751-1000,ALGO,211,0.00673,4.41,1e-05,True,0.00673
BTC_DOWN,chain,751-1000,ARB,1365,-0.00134,-1.619,0.105533,True,0.00134
BTC_DOWN,chain,751-1000,ARBITRUM,203,0.00324,1.294,0.195814,True,0.00324
BTC_DOWN,chain,751-1000,AVAX,1499,-0.005,-6.33,0.0,True,0.005
BTC_DOWN,chain,751-1000,BNB,30649,0.00074,4.127,3.7e-05,True,0.00074
BTC_DOWN,chain,751-1000,BTC,301,-0.00982,-4.599,4e-06,True,0.00982
BTC_DOWN,chain,751-1000,CRO,534,0.00379,2.957,0.003109,True,0.00379
BTC_DOWN,chain,751-1000,DOT,207,0.00023,0.106,0.915971,True,0.00023
BTC_DOWN,chain,751-1000,EGLD,211,-0.00982,-5.393,0.0,True,0.00982
BTC_DOWN,chain,751-1000,ETH,140269,-0.00065,-7.561,0.0,True,0.00065
BTC_DOWN,chain,751-1000,FTM,238,-0.01281,-5.476,0.0,True,0.01281
BTC_DOWN,chain,751-1000,GRAM,721,-0.00215,-1.86,0.062838,True,0.00215
BTC_DOWN,chain,751-1000,HBAR,254,-0.0021,-1.547,0.121962,True,0.0021
BTC_DOWN,chain,751-1000,ICP,516,0.00182,1.56,0.118804,True,0.00182
BTC_DOWN,chain,751-1000,KAIA,2283,0.00067,1.015,0.310052,True,0.00067
BTC_DOWN,chain,751-1000,NEO,931,-0.0017,-1.568,0.116827,True,0.0017
BTC_DOWN,chain,751-1000,OP,248,-0.00629,-3.703,0.000213,True,0.00629
BTC_DOWN,chain,751-1000,OSMO,731,-0.00185,-1.514,0.12994,True,0.00185
BTC_DOWN,chain,751-1000,POL,2876,0.00346,5.832,0.0,True,0.00346
BTC_DOWN,chain,751-1000,SOL,18132,-0.00262,-10.73,0.0,True,0.00262
BTC_DOWN,chain,751-1000,SUI,1125,-0.00806,-8.128,0.0,True,0.00806
BTC_DOWN,chain,751-1000,TRX,780,0.00656,5.689,0.0,True,0.00656
BTC_DOWN,chain,751-1000,XDC,705,0.01425,18.547,0.0,True,0.01425
BTC_DOWN,chain,751-1000,XLM,535,0.00347,2.36,0.018279,True,0.00347
BTC_DOWN,chain,1001-1500,,107171,0.00082,7.884,0.0,True,0.00082
BTC_DOWN,chain,1001-1500,-,7047,-0.00653,-16.277,0.0,True,0.00653
BTC_DOWN,chain,1001-1500,A,1971,3e-05,0.043,0.965531,True,3e-05
BTC_DOWN,chain,1001-1500,ADA,1503,-0.00046,-0.657,0.511471,True,0.00046
BTC_DOWN,chain,1001-1500,ALGO,341,0.00341,2.042,0.041113,True,0.00341
BTC_DOWN,chain,1001-1500,APT,494,-0.0049,-3.036,0.002399,True,0.0049
BTC_DOWN,chain,1001-1500,ARB,2845,-0.0011,-1.843,0.065333,True,0.0011
BTC_DOWN,chain,1001-1500,ARBITRUM,355,-0.00107,-0.624,0.532749,True,0.00107
BTC_DOWN,chain,1001-1500,AVAX,3003,-0.00552,-9.372,0.0,True,0.00552
BTC_DOWN,chain,1001-1500,BCH,412,0.00476,3.687,0.000227,True,0.00476
BTC_DOWN,chain,1001-1500,BITCI,431,0.0062,4.12,3.8e-05,True,0.0062
BTC_DOWN,chain,1001-1500,BNB,68033,-0.00036,-2.946,0.003222,True,0.00036
BTC_DOWN,chain,1001-1500,BTC,680,-0.0037,-2.616,0.008897,True,0.0037
BTC_DOWN,chain,1001-1500,CELO,319,0.01144,9.813,0.0,True,0.01144
BTC_DOWN,chain,1001-1500,CHZ,263,-0.00473,-2.168,0.030142,True,0.00473
BTC_DOWN,chain,1001-1500,CRO,971,0.00203,2.419,0.015578,True,0.00203
BTC_DOWN,chain,1001-1500,DOT,634,0.00026,0.232,0.816432,True,0.00026
BTC_DOWN,chain,1001-1500,EGLD,223,-0.01222,-5.867,0.0,True,0.01222
BTC_DOWN,chain,1001-1500,ETH,269009,-0.00078,-12.351,0.0,True,0.00078
BTC_DOWN,chain,1001-1500,FTM,507,-0.01129,-7.193,0.0,True,0.01129
BTC_DOWN,chain,1001-1500,GRAM,1635,-0.0025,-3.32,0.0009,True,0.0025
BTC_DOWN,chain,1001-1500,ICP,759,-0.00581,-5.055,0.0,True,0.00581
BTC_DOWN,chain,1001-1500,KAIA,3185,-0.00011,-0.221,0.82506,True,0.00011
BTC_DOWN,chain,1001-1500,LINEA,235,-0.01137,-6.153,0.0,True,0.01137
BTC_DOWN,chain,1001-1500,LUNC,217,-0.00248,-1.022,0.306941,True,0.00248
BTC_DOWN,chain,1001-1500,MNT,272,-0.00117,-0.662,0.508182,True,0.00117
BTC_DOWN,chain,1001-1500,NEO,1444,-0.00109,-1.135,0.256364,True,0.00109
BTC_DOWN,chain,1001-1500,OKB,223,-0.00321,-2.482,0.013061,True,0.00321
BTC_DOWN,chain,1001-1500,OP,212,-0.0027,-1.198,0.230947,True,0.0027
BTC_DOWN,chain,1001-1500,OSMO,1294,-0.00182,-2.066,0.038854,True,0.00182
BTC_DOWN,chain,1001-1500,POL,7344,0.00058,1.503,0.132889,True,0.00058
BTC_DOWN,chain,1001-1500,SOL,36341,-0.00429,-24.602,0.0,True,0.00429
BTC_DOWN,chain,1001-1500,SUI,1866,-0.00844,-11.84,0.0,True,0.00844
BTC_DOWN,chain,1001-1500,TRX,2327,0.00338,5.067,0.0,True,0.00338
BTC_DOWN,chain,1001-1500,WAN,376,-0.01006,-6.877,0.0,True,0.01006
BTC_DOWN,chain,1001-1500,WAVES,411,0.00032,0.204,0.838721,True,0.00032
BTC_DOWN,chain,1001-1500,XDC,429,0.00808,5.99,0.0,True,0.00808
BTC_DOWN,chain,1001-1500,XLM,224,-0.0036,-1.561,0.118533,True,0.0036
BTC_DOWN,chain,1001-1500,XRP,611,-0.01024,-6.939,0.0,True,0.01024
BTC_DOWN,chain,1001-1500,ZK,512,-0.00265,-1.841,0.065662,True,0.00265
BTC_DOWN,chain,1501-2000,,114425,-0.00087,-8.677,0.0,True,0.00087
BTC_DOWN,chain,1501-2000,-,7104,-0.00792,-20.379,0.0,True,0.00792
BTC_DOWN,chain,1501-2000,A,1416,-0.00319,-3.605,0.000312,True,0.00319
BTC_DOWN,chain,1501-2000,ADA,1166,0.00123,1.656,0.097721,True,0.00123
BTC_DOWN,chain,1501-2000,ALGO,220,-0.00082,-0.362,0.717453,True,0.00082
BTC_DOWN,chain,1501-2000,APT,325,-0.01013,-5.289,0.0,True,0.01013
BTC_DOWN,chain,1501-2000,ARB,3082,-0.00341,-5.716,0.0,True,0.00341
BTC_DOWN,chain,1501-2000,ARBITRUM,233,0.00376,1.682,0.092625,True,0.00376
BTC_DOWN,chain,1501-2000,AVAX,2798,-0.00539,-8.617,0.0,True,0.00539
BTC_DOWN,chain,1501-2000,BITCI,339,0.00363,1.951,0.051014,True,0.00363
BTC_DOWN,chain,1501-2000,BNB,72348,-0.00072,-6.205,0.0,True,0.00072
BTC_DOWN,chain,1501-2000,BTC,660,-0.00441,-3.616,0.000299,True,0.00441
BTC_DOWN,chain,1501-2000,CELO,317,0.01013,6.805,0.0,True,0.01013
BTC_DOWN,chain,1501-2000,CHZ,652,-0.00114,-0.931,0.351676,True,0.00114
BTC_DOWN,chain,1501-2000,CRO,407,-0.00405,-3.078,0.002081,True,0.00405
BTC_DOWN,chain,1501-2000,DOT,201,-0.00258,-1.496,0.134678,True,0.00258
BTC_DOWN,chain,1501-2000,EGLD,523,-0.00772,-6.59,0.0,True,0.00772
BTC_DOWN,chain,1501-2000,ETH,257914,-0.00083,-12.957,0.0,True,0.00083
BTC_DOWN,chain,1501-2000,FTM,390,-0.01061,-5.786,0.0,True,0.01061
BTC_DOWN,chain,1501-2000,GLMR,472,-0.00811,-4.766,2e-06,True,0.00811
BTC_DOWN,chain,1501-2000,GRAM,1369,-0.00208,-2.438,0.014761,True,0.00208
BTC_DOWN,chain,1501-2000,HBAR,318,-0.00844,-4.356,1.3e-05,True,0.00844
BTC_DOWN,chain,1501-2000,HT,400,-0.00399,-2.503,0.012323,True,0.00399
BTC_DOWN,chain,1501-2000,ICP,647,-0.00754,-6.27,0.0,True,0.00754
BTC_DOWN,chain,1501-2000,KAIA,1856,0.00167,2.399,0.016424,True,0.00167
BTC_DOWN,chain,1501-2000,LINEA,274,-0.00955,-5.562,0.0,True,0.00955
BTC_DOWN,chain,1501-2000,NEO,825,-0.00296,-2.391,0.016809,True,0.00296
BTC_DOWN,chain,1501-2000,OKB,261,-0.00595,-4.88,1e-06,True,0.00595
BTC_DOWN,chain,1501-2000,OP,327,-0.01,-6.043,0.0,True,0.01
BTC_DOWN,chain,1501-2000,OSMO,1082,-0.0074,-7.278,0.0,True,0.0074
BTC_DOWN,chain,1501-2000,POL,8497,0.00058,1.663,0.096393,True,0.00058
BTC_DOWN,chain,1501-2000,SOL,39258,-0.0062,-36.482,0.0,True,0.0062
BTC_DOWN,chain,1501-2000,SUI,1181,-0.0078,-7.578,0.0,True,0.0078
BTC_DOWN,chain,1501-2000,TRX,2040,-0.00013,-0.179,0.857714,True,0.00013
BTC_DOWN,chain,1501-2000,VET,400,-0.00129,-0.727,0.467292,True,0.00129
BTC_DOWN,chain,1501-2000,WAVES,691,0.00011,0.08,0.936434,True,0.00011
BTC_DOWN,chain,1501-2000,XDC,248,0.00665,4.912,1e-06,True,0.00665
BTC_DOWN,chain,1501-2000,XLM,248,-0.00115,-0.499,0.617688,True,0.00115
BTC_DOWN,chain,1501-2000,XOR,204,-0.00163,-0.642,0.520933,True,0.00163
BTC_DOWN,chain,1501-2000,XRP,435,-0.00593,-3.564,0.000366,True,0.00593
BTC_DOWN,chain,1501-2000,ZK,815,-0.00545,-4.956,1e-06,True,0.00545
BTC_DOWN,sector,501-750,,40857,0.00284,16.898,0.0,True,0.00284
BTC_DOWN,sector,501-750,ai-big-data,10668,-0.00399,-12.101,0.0,True,0.00399
BTC_DOWN,sector,501-750,analytics,597,-0.00332,-2.635,0.008409,True,0.00332
BTC_DOWN,sector,501-750,arbitrum,232,0.00234,1.546,0.122003,True,0.00234
BTC_DOWN,sector,501-750,art,207,-0.00381,-1.507,0.131742,True,0.00381
BTC_DOWN,sector,501-750,asset-management,2918,0.00228,3.735,0.000188,True,0.00228
BTC_DOWN,sector,501-750,avalanche,273,8e-05,0.038,0.969818,True,8e-05
BTC_DOWN,sector,501-750,base,373,-0.00839,-4.773,2e-06,True,0.00839
BTC_DOWN,sector,501-750,binance-chain,643,0.00952,7.458,0.0,True,0.00952
BTC_DOWN,sector,501-750,binance-labs-portfolio,294,-0.0041,-2.228,0.025868,True,0.0041
BTC_DOWN,sector,501-750,binance-launchpad,616,-0.00442,-3.798,0.000146,True,0.00442
BTC_DOWN,sector,501-750,binance-smart-chain,1848,0.00116,1.41,0.158399,True,0.00116
BTC_DOWN,sector,501-750,bitcoin,665,0.00605,5.288,0.0,True,0.00605
BTC_DOWN,sector,501-750,bnb-chain,4191,0.00371,8.501,0.0,True,0.00371
BTC_DOWN,sector,501-750,centralized-exchange,1299,0.00287,3.526,0.000423,True,0.00287
BTC_DOWN,sector,501-750,coinbase-ventures-portfolio,255,-0.0008,-0.359,0.719388,True,0.0008
BTC_DOWN,sector,501-750,collectibles-nfts,16352,-0.00203,-8.435,0.0,True,0.00203
BTC_DOWN,sector,501-750,commodities,227,0.01032,6.019,0.0,True,0.01032
BTC_DOWN,sector,501-750,communications-social-media,1806,-0.00166,-2.273,0.023036,True,0.00166
BTC_DOWN,sector,501-750,cosmos,4558,0.00131,3.023,0.0025,True,0.00131
BTC_DOWN,sector,501-750,cross-chain,255,0.00589,3.981,6.9e-05,True,0.00589
BTC_DOWN,sector,501-750,cybersecurity,2572,-0.00061,-1.049,0.294079,True,0.00061
BTC_DOWN,sector,501-750,dag,921,-0.00266,-2.695,0.007042,True,0.00266
BTC_DOWN,sector,501-750,dao,1914,0.00049,0.741,0.458755,True,0.00049
BTC_DOWN,sector,501-750,decentralized-exchange,1961,-0.00336,-4.592,4e-06,True,0.00336
BTC_DOWN,sector,501-750,decentralized-exchange-dex-token,4886,-0.00095,-2.378,0.017416,True,0.00095
BTC_DOWN,sector,501-750,defi,32243,-0.00014,-0.87,0.38428,True,0.00014
BTC_DOWN,sector,501-750,derivatives,295,-0.00554,-3.186,0.001443,True,0.00554
BTC_DOWN,sector,501-750,distributed-computing,2691,0.00114,1.811,0.070145,True,0.00114
BTC_DOWN,sector,501-750,dpos,933,0.00174,1.977,0.048063,True,0.00174
BTC_DOWN,sector,501-750,dwf-labs-portfolio,538,0.00204,1.606,0.108169,True,0.00204
BTC_DOWN,sector,501-750,education,706,-0.00383,-3.21,0.001327,True,0.00383
BTC_DOWN,sector,501-750,energy,901,-0.00014,-0.132,0.895373,True,0.00014
BTC_DOWN,sector,501-750,enterprise-solutions,431,-0.00402,-2.707,0.006781,True,0.00402
BTC_DOWN,sector,501-750,ethereum,9847,0.00209,7.229,0.0,True,0.00209
BTC_DOWN,sector,501-750,events,519,-0.00094,-0.671,0.501917,True,0.00094
BTC_DOWN,sector,501-750,exnetwork-capital-portfolio,665,0.00308,2.403,0.016257,True,0.00308
BTC_DOWN,sector,501-750,fan-token,964,0.00238,2.678,0.007402,True,0.00238
BTC_DOWN,sector,501-750,fantom,317,-0.01043,-5.653,0.0,True,0.01043
BTC_DOWN,sector,501-750,filesharing,305,-0.0022,-1.201,0.229874,True,0.0022
BTC_DOWN,sector,501-750,gambling,977,0.00227,1.994,0.046109,True,0.00227
BTC_DOWN,sector,501-750,gaming,4800,-0.0022,-4.693,3e-06,True,0.0022
BTC_DOWN,sector,501-750,hardware,846,-0.00022,-0.246,0.806044,True,0.00022
BTC_DOWN,sector,501-750,health,1063,0.00166,1.731,0.083384,True,0.00166
BTC_DOWN,sector,501-750,hospitality,492,-0.00098,-0.826,0.408982,True,0.00098
BTC_DOWN,sector,501-750,hybrid-pow-pos,425,0.00164,0.994,0.320076,True,0.00164
BTC_DOWN,sector,501-750,identity,290,0.0094,5.304,0.0,True,0.0094
BTC_DOWN,sector,501-750,insurance,608,-0.00553,-4.096,4.2e-05,True,0.00553
BTC_DOWN,sector,501-750,interoperability,1640,-0.00307,-3.919,8.9e-05,True,0.00307
BTC_DOWN,sector,501-750,iot,756,-0.00184,-1.581,0.113875,True,0.00184
BTC_DOWN,sector,501-750,launchpad,363,-0.00064,-0.348,0.7275,True,0.00064
BTC_DOWN,sector,501-750,layer-1,560,-0.00065,-0.518,0.604336,True,0.00065
BTC_DOWN,sector,501-750,logistics,1232,-0.0033,-3.556,0.000376,True,0.0033
BTC_DOWN,sector,501-750,lpos,288,-0.00233,-1.246,0.212801,True,0.00233
BTC_DOWN,sector,501-750,marketing,1429,-0.00099,-1.262,0.207068,True,0.00099
BTC_DOWN,sector,501-750,marketplace,8484,0.00054,1.59,0.1118,True,0.00054
BTC_DOWN,sector,501-750,media,6006,-0.00047,-1.197,0.231329,True,0.00047
BTC_DOWN,sector,501-750,medium-of-exchange,2783,0.00521,9.399,0.0,True,0.00521
BTC_DOWN,sector,501-750,memes,10224,-0.00605,-17.232,0.0,True,0.00605
BTC_DOWN,sector,501-750,metaverse,519,-0.00274,-2.085,0.037068,True,0.00274
BTC_DOWN,sector,501-750,mineable,14454,0.00115,4.337,1.4e-05,True,0.00115
BTC_DOWN,sector,501-750,music,354,-0.00407,-2.564,0.010333,True,0.00407
BTC_DOWN,sector,501-750,mvb,261,-0.00061,-0.398,0.690673,True,0.00061
BTC_DOWN,sector,501-750,optimism,362,-0.00046,-0.274,0.784433,True,0.00046
BTC_DOWN,sector,501-750,oracles,312,-0.00826,-3.747,0.000179,True,0.00826
BTC_DOWN,sector,501-750,osmosis,221,0.00199,0.931,0.35206,True,0.00199
BTC_DOWN,sector,501-750,payments,554,0.00486,3.638,0.000275,True,0.00486
BTC_DOWN,sector,501-750,platform,14742,-0.00051,-1.994,0.046133,True,0.00051
BTC_DOWN,sector,501-750,polkadot,945,-0.00273,-2.529,0.011449,True,0.00273
BTC_DOWN,sector,501-750,polkastarter,234,-0.00861,-3.676,0.000237,True,0.00861
BTC_DOWN,sector,501-750,polygon,855,0.00818,9.184,0.0,True,0.00818
BTC_DOWN,sector,501-750,pos,2342,-0.00045,-0.725,0.468367,True,0.00045
BTC_DOWN,sector,501-750,pow,799,0.00014,0.126,0.899767,True,0.00014
BTC_DOWN,sector,501-750,prediction-markets,388,0.00143,1.124,0.261133,True,0.00143
BTC_DOWN,sector,501-750,privacy,1930,0.0003,0.42,0.674593,True,0.0003
BTC_DOWN,sector,501-750,real-estate,977,-0.00638,-5.906,0.0,True,0.00638
BTC_DOWN,sector,501-750,real-world-assets,301,-0.00474,-2.603,0.009238,True,0.00474
BTC_DOWN,sector,501-750,retail,446,-0.00299,-2.014,0.043968,True,0.00299
BTC_DOWN,sector,501-750,scaling,744,0.00205,2.039,0.041494,True,0.00205
BTC_DOWN,sector,501-750,services,4137,-0.00051,-1.002,0.316208,True,0.00051
BTC_DOWN,sector,501-750,smart-contracts,385,0.003,1.794,0.072889,True,0.003
BTC_DOWN,sector,501-750,solana,2309,-0.00408,-5.715,0.0,True,0.00408
BTC_DOWN,sector,501-750,spartan-group,219,-0.00405,-1.75,0.080201,True,0.00405
BTC_DOWN,sector,501-750,sports,2900,0.00419,8.164,0.0,True,0.00419
BTC_DOWN,sector,501-750,stablecoin,3839,0.01514,45.684,0.0,True,0.01514
BTC_DOWN,sector,501-750,staking,223,0.00641,2.93,0.003385,True,0.00641
BTC_DOWN,sector,501-750,store-of-value,876,0.01478,20.644,0.0,True,0.01478
BTC_DOWN,sector,501-750,substrate,297,0.00192,1.058,0.289964,True,0.00192
BTC_DOWN,sector,501-750,tokenized-stock,882,0.02075,26.982,0.0,True,0.02075
BTC_DOWN,sector,501-750,trustswap-launchpad,279,0.00038,0.172,0.863064,True,0.00038
BTC_DOWN,sector,501-750,vr-ar,1418,-0.00227,-2.873,0.004068,True,0.00227
BTC_DOWN,sector,501-750,wallet,784,0.00298,3.016,0.002562,True,0.00298
BTC_DOWN,sector,501-750,web3,233,0.00745,4.489,7e-06,True,0.00745
BTC_DOWN,sector,501-750,yield-farming,803,-0.00082,-0.757,0.448761,True,0.00082
BTC_DOWN,sector,501-750,zero-knowledge-proofs,636,-0.0017,-1.472,0.140973,True,0.0017
BTC_DOWN,sector,751-1000,,48354,0.00188,12.215,0.0,True,0.00188
BTC_DOWN,sector,751-1000,ai-big-data,11166,-0.00555,-17.252,0.0,True,0.00555
BTC_DOWN,sector,751-1000,alameda-research-portfolio,319,-0.00827,-4.547,5e-06,True,0.00827
BTC_DOWN,sector,751-1000,algorand,332,0.00514,3.608,0.000309,True,0.00514
BTC_DOWN,sector,751-1000,amm,387,-0.00305,-1.911,0.055956,True,0.00305
BTC_DOWN,sector,751-1000,art,234,-0.00357,-1.637,0.101531,True,0.00357
BTC_DOWN,sector,751-1000,asset-management,3829,-0.00028,-0.506,0.613095,True,0.00028
BTC_DOWN,sector,751-1000,avalanche,651,0.00706,6.36,0.0,True,0.00706
BTC_DOWN,sector,751-1000,base,428,-0.00639,-3.979,6.9e-05,True,0.00639
BTC_DOWN,sector,751-1000,binance-chain,548,0.00544,4.026,5.7e-05,True,0.00544
BTC_DOWN,sector,751-1000,binance-labs-portfolio,200,-0.00087,-0.439,0.660617,True,0.00087
BTC_DOWN,sector,751-1000,binance-launchpad,358,-0.00504,-3.399,0.000677,True,0.00504
BTC_DOWN,sector,751-1000,binance-smart-chain,2047,-0.00246,-3.139,0.001695,True,0.00246
BTC_DOWN,sector,751-1000,bitcoin,305,-0.00236,-1.367,0.171691,True,0.00236
BTC_DOWN,sector,751-1000,bnb-chain,5309,0.0017,4.347,1.4e-05,True,0.0017
BTC_DOWN,sector,751-1000,cardano,263,-0.00281,-1.598,0.109941,True,0.00281
BTC_DOWN,sector,751-1000,centralized-exchange,1486,0.00433,5.862,0.0,True,0.00433
BTC_DOWN,sector,751-1000,coinbase-ventures-portfolio,231,-2e-05,-0.009,0.99249,True,2e-05
BTC_DOWN,sector,751-1000,collectibles-nfts,15316,-0.00372,-14.737,0.0,True,0.00372
BTC_DOWN,sector,751-1000,communications-social-media,2285,-0.00317,-4.816,1e-06,True,0.00317
BTC_DOWN,sector,751-1000,content-creation,263,0.00232,1.119,0.263118,True,0.00232
BTC_DOWN,sector,751-1000,cosmos,3150,-0.00142,-2.539,0.01113,True,0.00142
BTC_DOWN,sector,751-1000,crowdfunding,268,0.00933,5.355,0.0,True,0.00933
BTC_DOWN,sector,751-1000,cybersecurity,1921,-0.00129,-1.889,0.058895,True,0.00129
BTC_DOWN,sector,751-1000,dag,1323,0.00151,1.954,0.050676,True,0.00151
BTC_DOWN,sector,751-1000,dao,1501,0.00024,0.298,0.765641,True,0.00024
BTC_DOWN,sector,751-1000,dao-maker,234,-0.0059,-2.951,0.003165,True,0.0059
BTC_DOWN,sector,751-1000,data-provenance,237,-0.00075,-0.329,0.742071,True,0.00075
BTC_DOWN,sector,751-1000,decentralized-exchange,1792,0.00061,0.795,0.426383,True,0.00061
BTC_DOWN,sector,751-1000,decentralized-exchange-dex-token,4988,-0.00175,-4.43,9e-06,True,0.00175
BTC_DOWN,sector,751-1000,defi,24654,-0.00086,-4.481,7e-06,True,0.00086
BTC_DOWN,sector,751-1000,derivatives,295,-0.00346,-2.109,0.03492,True,0.00346
BTC_DOWN,sector,751-1000,distributed-computing,2696,-0.00195,-3.292,0.000996,True,0.00195
BTC_DOWN,sector,751-1000,dpos,674,0.00209,1.643,0.100403,True,0.00209
BTC_DOWN,sector,751-1000,duckstarter,215,-0.0027,-1.1,0.27138,True,0.0027
BTC_DOWN,sector,751-1000,dwf-labs-portfolio,398,-0.00407,-2.485,0.012962,True,0.00407
BTC_DOWN,sector,751-1000,e-commerce,247,0.00167,0.84,0.400798,True,0.00167
BTC_DOWN,sector,751-1000,education,519,-0.00446,-3.309,0.000937,True,0.00446
BTC_DOWN,sector,751-1000,energy,887,0.00215,2.047,0.040637,True,0.00215
BTC_DOWN,sector,751-1000,enterprise-solutions,405,-0.00482,-3.086,0.002031,True,0.00482
BTC_DOWN,sector,751-1000,ethereum,10678,0.00329,11.779,0.0,True,0.00329
BTC_DOWN,sector,751-1000,events,786,-0.00183,-1.605,0.108563,True,0.00183
BTC_DOWN,sector,751-1000,exnetwork-capital-portfolio,294,0.00166,0.786,0.432118,True,0.00166
BTC_DOWN,sector,751-1000,fan-token,956,0.00119,1.253,0.210052,True,0.00119
BTC_DOWN,sector,751-1000,fantom,419,-0.00899,-5.044,0.0,True,0.00899
BTC_DOWN,sector,751-1000,filesharing,533,-0.00249,-1.61,0.10747,True,0.00249
BTC_DOWN,sector,751-1000,gambling,2083,-0.00044,-0.594,0.552664,True,0.00044
BTC_DOWN,sector,751-1000,gaming,5563,-0.00274,-6.352,0.0,True,0.00274
BTC_DOWN,sector,751-1000,hardware,305,-0.00049,-0.328,0.742939,True,0.00049
BTC_DOWN,sector,751-1000,health,1174,0.00243,2.571,0.010133,True,0.00243
BTC_DOWN,sector,751-1000,hospitality,454,-0.00102,-0.698,0.484977,True,0.00102
BTC_DOWN,sector,751-1000,hybrid-pow-pos,450,-0.00278,-1.653,0.098309,True,0.00278
BTC_DOWN,sector,751-1000,identity,381,-0.00162,-0.847,0.397014,True,0.00162
BTC_DOWN,sector,751-1000,insurance,456,-0.00061,-0.41,0.682115,True,0.00061
BTC_DOWN,sector,751-1000,interoperability,763,-0.00633,-5.554,0.0,True,0.00633
BTC_DOWN,sector,751-1000,iot,328,-0.00349,-1.89,0.058749,True,0.00349
BTC_DOWN,sector,751-1000,launchpad,673,-0.00059,-0.504,0.614284,True,0.00059
BTC_DOWN,sector,751-1000,layer-1,377,-0.00013,-0.084,0.933276,True,0.00013
BTC_DOWN,sector,751-1000,logistics,835,-0.00531,-4.155,3.3e-05,True,0.00531
BTC_DOWN,sector,751-1000,marketing,1288,0.00032,0.406,0.684939,True,0.00032
BTC_DOWN,sector,751-1000,marketplace,8120,-0.00036,-1.038,0.299269,True,0.00036
BTC_DOWN,sector,751-1000,masternodes,637,-0.00088,-0.692,0.488813,True,0.00088
BTC_DOWN,sector,751-1000,media,2636,-0.0023,-3.586,0.000335,True,0.0023
BTC_DOWN,sector,751-1000,medium-of-exchange,1745,0.00046,0.559,0.576413,True,0.00046
BTC_DOWN,sector,751-1000,memes,11285,-0.00693,-20.465,0.0,True,0.00693
BTC_DOWN,sector,751-1000,metaverse,406,-0.00462,-3.079,0.002076,True,0.00462
BTC_DOWN,sector,751-1000,mineable,16804,0.00062,2.411,0.015907,True,0.00062
BTC_DOWN,sector,751-1000,music,224,-0.0074,-3.649,0.000264,True,0.0074
BTC_DOWN,sector,751-1000,optimism,528,-0.00374,-2.733,0.006279,True,0.00374
BTC_DOWN,sector,751-1000,oracles,577,-0.00064,-0.43,0.66706,True,0.00064
BTC_DOWN,sector,751-1000,payments,827,0.00264,2.326,0.019992,True,0.00264
BTC_DOWN,sector,751-1000,platform,12894,-0.00144,-4.883,1e-06,True,0.00144
BTC_DOWN,sector,751-1000,polkadot,1149,-0.00307,-3.268,0.001083,True,0.00307
BTC_DOWN,sector,751-1000,polkastarter,483,0.00204,1.187,0.235208,True,0.00204
BTC_DOWN,sector,751-1000,polygon,1073,0.00558,5.763,0.0,True,0.00558
BTC_DOWN,sector,751-1000,pos,3068,0.00082,1.384,0.166459,True,0.00082
BTC_DOWN,sector,751-1000,pow,1112,0.00414,4.265,2e-05,True,0.00414
BTC_DOWN,sector,751-1000,prediction-markets,366,0.00531,4.082,4.5e-05,True,0.00531
BTC_DOWN,sector,751-1000,privacy,1472,-0.00212,-2.581,0.009842,True,0.00212
BTC_DOWN,sector,751-1000,real-estate,749,-0.00587,-4.663,3e-06,True,0.00587
BTC_DOWN,sector,751-1000,real-world-assets,750,-0.00446,-3.538,0.000404,True,0.00446
BTC_DOWN,sector,751-1000,scaling,259,-0.00108,-0.596,0.550951,True,0.00108
BTC_DOWN,sector,751-1000,services,3145,-0.0002,-0.352,0.724837,True,0.0002
BTC_DOWN,sector,751-1000,smart-contracts,324,-0.00046,-0.279,0.77987,True,0.00046
BTC_DOWN,sector,751-1000,solana,2776,-0.00351,-5.488,0.0,True,0.00351
BTC_DOWN,sector,751-1000,sports,5178,0.00381,10.202,0.0,True,0.00381
BTC_DOWN,sector,751-1000,stablecoin,2585,0.01507,39.106,0.0,True,0.01507
BTC_DOWN,sector,751-1000,staking,210,0.00656,2.65,0.008053,True,0.00656
BTC_DOWN,sector,751-1000,store-of-value,556,0.00708,6.077,0.0,True,0.00708
BTC_DOWN,sector,751-1000,substrate,727,-0.00048,-0.426,0.670202,True,0.00048
BTC_DOWN,sector,751-1000,tokenized-gold,450,0.01304,15.058,0.0,True,0.01304
BTC_DOWN,sector,751-1000,tokenized-stock,611,0.01748,17.566,0.0,True,0.01748
BTC_DOWN,sector,751-1000,trustswap-launchpad,461,-0.00312,-2.135,0.032755,True,0.00312
BTC_DOWN,sector,751-1000,vr-ar,963,-0.00402,-4.223,2.4e-05,True,0.00402
BTC_DOWN,sector,751-1000,wallet,940,6e-05,0.064,0.9488,True,6e-05
BTC_DOWN,sector,751-1000,web3,214,0.00698,4.162,3.2e-05,True,0.00698
BTC_DOWN,sector,751-1000,yield-farming,660,-0.00272,-2.191,0.028419,True,0.00272
BTC_DOWN,sector,751-1000,zero-knowledge-proofs,1013,-0.00246,-2.514,0.011935,True,0.00246
BTC_DOWN,sector,1001-1500,,109511,0.00083,7.919,0.0,True,0.00083
BTC_DOWN,sector,1001-1500,adult,304,-0.00874,-4.486,7e-06,True,0.00874
BTC_DOWN,sector,1001-1500,ai-big-data,20214,-0.00653,-27.741,0.0,True,0.00653
BTC_DOWN,sector,1001-1500,algorand,584,0.00402,3.661,0.000251,True,0.00402
BTC_DOWN,sector,1001-1500,amm,394,-0.00202,-1.24,0.21513,True,0.00202
BTC_DOWN,sector,1001-1500,aptos,252,-0.00323,-1.666,0.095706,True,0.00323
BTC_DOWN,sector,1001-1500,arbitrum,421,-0.0002,-0.13,0.896638,True,0.0002
BTC_DOWN,sector,1001-1500,arbitrum-ecosytem,714,-0.00355,-2.814,0.004888,True,0.00355
BTC_DOWN,sector,1001-1500,art,899,0.00035,0.318,0.750488,True,0.00035
BTC_DOWN,sector,1001-1500,asset-management,8200,-0.00029,-0.76,0.447292,True,0.00029
BTC_DOWN,sector,1001-1500,avalanche,1233,-0.00207,-2.315,0.020626,True,0.00207
BTC_DOWN,sector,1001-1500,base,1059,-0.0093,-8.274,0.0,True,0.0093
BTC_DOWN,sector,1001-1500,binance-chain,1514,0.00217,2.668,0.007631,True,0.00217
BTC_DOWN,sector,1001-1500,binance-labs-portfolio,476,-0.0033,-2.368,0.017866,True,0.0033
BTC_DOWN,sector,1001-1500,binance-smart-chain,4812,3e-05,0.058,0.953995,True,3e-05
BTC_DOWN,sector,1001-1500,bnb-chain,11049,0.00151,5.4,0.0,True,0.00151
BTC_DOWN,sector,1001-1500,bounce-launchpad,447,0.00121,0.872,0.383355,True,0.00121
BTC_DOWN,sector,1001-1500,bullperks-launchpad,247,0.00349,1.516,0.129639,True,0.00349
BTC_DOWN,sector,1001-1500,cardano,763,-0.00484,-4.584,5e-06,True,0.00484
BTC_DOWN,sector,1001-1500,centralized-exchange,1760,0.00459,6.64,0.0,True,0.00459
BTC_DOWN,sector,1001-1500,collectibles-nfts,34622,-0.00274,-16.042,0.0,True,0.00274
BTC_DOWN,sector,1001-1500,commodities,446,0.00215,1.68,0.092999,True,0.00215
BTC_DOWN,sector,1001-1500,communications-social-media,4594,-0.00518,-11.044,0.0,True,0.00518
BTC_DOWN,sector,1001-1500,content-creation,327,0.00463,2.907,0.003644,True,0.00463
BTC_DOWN,sector,1001-1500,cosmos,3756,-0.00231,-4.295,1.8e-05,True,0.00231
BTC_DOWN,sector,1001-1500,cronos,472,0.00441,4.1,4.1e-05,True,0.00441
BTC_DOWN,sector,1001-1500,crowdfunding,636,0.00435,3.464,0.000531,True,0.00435
BTC_DOWN,sector,1001-1500,cybersecurity,1797,-0.00151,-2.007,0.044736,True,0.00151
BTC_DOWN,sector,1001-1500,dag,1341,0.00149,1.728,0.083939,True,0.00149
BTC_DOWN,sector,1001-1500,dao,3355,-0.00019,-0.382,0.702749,True,0.00019
BTC_DOWN,sector,1001-1500,dao-maker,242,-0.00556,-2.159,0.030847,True,0.00556
BTC_DOWN,sector,1001-1500,decentralized-exchange,2626,0.00143,2.223,0.026193,True,0.00143
BTC_DOWN,sector,1001-1500,decentralized-exchange-dex-token,5724,-0.00168,-4.364,1.3e-05,True,0.00168
BTC_DOWN,sector,1001-1500,defi,42564,-0.00115,-7.925,0.0,True,0.00115
BTC_DOWN,sector,1001-1500,derivatives,239,-0.00396,-2.436,0.014861,True,0.00396
BTC_DOWN,sector,1001-1500,distributed-computing,3220,-0.00039,-0.659,0.50966,True,0.00039
BTC_DOWN,sector,1001-1500,dpos,1545,0.00395,4.386,1.2e-05,True,0.00395
BTC_DOWN,sector,1001-1500,duckstarter,464,-0.00326,-2.029,0.042411,True,0.00326
BTC_DOWN,sector,1001-1500,dwf-labs-portfolio,1075,-0.00181,-1.94,0.052391,True,0.00181
BTC_DOWN,sector,1001-1500,e-commerce,302,-0.00545,-3.354,0.000795,True,0.00545
BTC_DOWN,sector,1001-1500,education,1059,-0.00361,-3.474,0.000513,True,0.00361
BTC_DOWN,sector,1001-1500,energy,1259,-0.00292,-3.128,0.001758,True,0.00292
BTC_DOWN,sector,1001-1500,enterprise-solutions,440,0.00252,1.647,0.09952,True,0.00252
BTC_DOWN,sector,1001-1500,entertainment,469,-0.00158,-0.931,0.351705,True,0.00158
BTC_DOWN,sector,1001-1500,ethereum,23689,0.00138,6.981,0.0,True,0.00138
BTC_DOWN,sector,1001-1500,events,894,0.00079,0.667,0.504971,True,0.00079
BTC_DOWN,sector,1001-1500,exnetwork-capital-portfolio,812,-0.00525,-4.806,2e-06,True,0.00525
BTC_DOWN,sector,1001-1500,fan-token,2699,0.00178,3.211,0.001325,True,0.00178
BTC_DOWN,sector,1001-1500,fantom,775,-0.00934,-7.294,0.0,True,0.00934
BTC_DOWN,sector,1001-1500,ferrum-network,454,-0.00343,-2.548,0.010826,True,0.00343
BTC_DOWN,sector,1001-1500,filesharing,433,-0.00687,-4.254,2.1e-05,True,0.00687
BTC_DOWN,sector,1001-1500,food-beverage,217,0.00455,2.973,0.002951,True,0.00455
BTC_DOWN,sector,1001-1500,gambling,3694,-0.00112,-2.055,0.03991,True,0.00112
BTC_DOWN,sector,1001-1500,gaming,11050,-0.00363,-11.617,0.0,True,0.00363
BTC_DOWN,sector,1001-1500,hardware,528,0.0056,4.701,3e-06,True,0.0056
BTC_DOWN,sector,1001-1500,health,2876,-0.00032,-0.486,0.627155,True,0.00032
BTC_DOWN,sector,1001-1500,hospitality,373,0.00082,0.513,0.608103,True,0.00082
BTC_DOWN,sector,1001-1500,hybrid-pos-lpos,237,0.00381,2.029,0.042499,True,0.00381
BTC_DOWN,sector,1001-1500,hybrid-pow-pos,2244,-0.00027,-0.392,0.69517,True,0.00027
BTC_DOWN,sector,1001-1500,identity,460,0.00024,0.15,0.880686,True,0.00024
BTC_DOWN,sector,1001-1500,insurance,1282,-0.00291,-3.259,0.001118,True,0.00291
BTC_DOWN,sector,1001-1500,interoperability,986,-0.00522,-4.976,1e-06,True,0.00522
BTC_DOWN,sector,1001-1500,iot,935,-0.00268,-2.665,0.007692,True,0.00268
BTC_DOWN,sector,1001-1500,klaytn,946,0.00398,5.307,0.0,True,0.00398
BTC_DOWN,sector,1001-1500,kommunitas-launchpad,350,-0.00218,-1.153,0.248835,True,0.00218
BTC_DOWN,sector,1001-1500,launchpad,3384,-0.00288,-5.494,0.0,True,0.00288
BTC_DOWN,sector,1001-1500,layer-1,636,-0.00438,-3.285,0.001019,True,0.00438
BTC_DOWN,sector,1001-1500,layer-2,240,-0.00596,-2.661,0.007782,True,0.00596
BTC_DOWN,sector,1001-1500,logistics,1221,-0.00311,-2.764,0.005716,True,0.00311
BTC_DOWN,sector,1001-1500,manufacturing,387,-0.00353,-2.646,0.008151,True,0.00353
BTC_DOWN,sector,1001-1500,marketing,1356,-0.00127,-1.384,0.166414,True,0.00127
BTC_DOWN,sector,1001-1500,marketplace,11333,0.00027,0.868,0.385352,True,0.00027
BTC_DOWN,sector,1001-1500,masternodes,1481,0.00074,0.864,0.387349,True,0.00074
BTC_DOWN,sector,1001-1500,media,3351,0.00074,1.237,0.216094,True,0.00074
BTC_DOWN,sector,1001-1500,medium-of-exchange,2304,0.00345,4.881,1e-06,True,0.00345
BTC_DOWN,sector,1001-1500,memes,27049,-0.00748,-35.182,0.0,True,0.00748
BTC_DOWN,sector,1001-1500,metaverse,918,-0.00513,-5.064,0.0,True,0.00513
BTC_DOWN,sector,1001-1500,meverse,262,0.003,1.786,0.074109,True,0.003
BTC_DOWN,sector,1001-1500,mineable,42926,0.00093,5.63,0.0,True,0.00093
BTC_DOWN,sector,1001-1500,music,488,0.00016,0.117,0.90664,True,0.00016
BTC_DOWN,sector,1001-1500,mvb,261,0.00487,2.632,0.008489,True,0.00487
BTC_DOWN,sector,1001-1500,near-protocol,220,-0.00821,-4.373,1.2e-05,True,0.00821
BTC_DOWN,sector,1001-1500,okex-blockdream-ventures-portfolio,768,0.00459,4.373,1.2e-05,True,0.00459
BTC_DOWN,sector,1001-1500,oracles,1989,-0.00075,-1.05,0.293788,True,0.00075
BTC_DOWN,sector,1001-1500,osmosis,252,-0.00198,-0.955,0.339817,True,0.00198
BTC_DOWN,sector,1001-1500,payments,2171,0.00354,4.91,1e-06,True,0.00354
BTC_DOWN,sector,1001-1500,philanthropy,592,-0.00143,-0.977,0.328411,True,0.00143
BTC_DOWN,sector,1001-1500,platform,22492,-0.00124,-5.5,0.0,True,0.00124
BTC_DOWN,sector,1001-1500,play-to-earn,446,-0.00161,-1.008,0.313271,True,0.00161
BTC_DOWN,sector,1001-1500,polkadot,1836,-0.00106,-1.35,0.176957,True,0.00106
BTC_DOWN,sector,1001-1500,polkastarter,1944,-0.00569,-7.194,0.0,True,0.00569
BTC_DOWN,sector,1001-1500,polygon,2446,0.00041,0.613,0.539898,True,0.00041
BTC_DOWN,sector,1001-1500,pos,4879,0.00204,4.236,2.3e-05,True,0.00204
BTC_DOWN,sector,1001-1500,posign,215,-0.00059,-0.282,0.778014,True,0.00059
BTC_DOWN,sector,1001-1500,pow,1826,0.00623,7.854,0.0,True,0.00623
BTC_DOWN,sector,1001-1500,prediction-markets,539,0.00232,2.029,0.04247,True,0.00232
BTC_DOWN,sector,1001-1500,privacy,3187,-0.00175,-3.19,0.001422,True,0.00175
BTC_DOWN,sector,1001-1500,quantum-resistant,207,0.00232,0.938,0.348063,True,0.00232
BTC_DOWN,sector,1001-1500,real-estate,2607,-0.00509,-8.234,0.0,True,0.00509
BTC_DOWN,sector,1001-1500,real-world-assets,986,-0.00421,-3.797,0.000146,True,0.00421
BTC_DOWN,sector,1001-1500,rebase,283,0.00149,0.673,0.501183,True,0.00149
BTC_DOWN,sector,1001-1500,rehypothecated-crypto,337,0.00182,1.024,0.305655,True,0.00182
BTC_DOWN,sector,1001-1500,scaling,401,-0.00243,-1.669,0.095199,True,0.00243
BTC_DOWN,sector,1001-1500,services,6127,0.00107,2.619,0.008814,True,0.00107
BTC_DOWN,sector,1001-1500,smart-contracts,356,-0.00197,-1.072,0.283936,True,0.00197
BTC_DOWN,sector,1001-1500,social-money,325,0.00483,2.194,0.028269,True,0.00483
BTC_DOWN,sector,1001-1500,social-token,350,-0.00121,-1.013,0.311048,True,0.00121
BTC_DOWN,sector,1001-1500,solana,5633,-0.00551,-11.965,0.0,True,0.00551
BTC_DOWN,sector,1001-1500,spartan-group,310,-0.0092,-4.794,2e-06,True,0.0092
BTC_DOWN,sector,1001-1500,sports,10895,0.00219,8.296,0.0,True,0.00219
BTC_DOWN,sector,1001-1500,stablecoin,4468,0.01299,42.609,0.0,True,0.01299
BTC_DOWN,sector,1001-1500,staking,560,-3e-05,-0.023,0.981565,True,3e-05
BTC_DOWN,sector,1001-1500,storage,375,0.00194,1.17,0.241805,True,0.00194
BTC_DOWN,sector,1001-1500,store-of-value,1261,0.01104,14.139,0.0,True,0.01104
BTC_DOWN,sector,1001-1500,substrate,806,-0.00609,-5.154,0.0,True,0.00609
BTC_DOWN,sector,1001-1500,sui,401,-0.00447,-3.0,0.002703,True,0.00447
BTC_DOWN,sector,1001-1500,superstarter,204,-0.0046,-1.635,0.10214,True,0.0046
BTC_DOWN,sector,1001-1500,telegram-bot,267,-0.00672,-3.079,0.002075,True,0.00672
BTC_DOWN,sector,1001-1500,tokenized-gold,440,0.01509,16.924,0.0,True,0.01509
BTC_DOWN,sector,1001-1500,tokenized-stock,300,0.01404,9.375,0.0,True,0.01404
BTC_DOWN,sector,1001-1500,toncoin,368,-0.00176,-1.007,0.31405,True,0.00176
BTC_DOWN,sector,1001-1500,transport,504,-0.00397,-2.87,0.004098,True,0.00397
BTC_DOWN,sector,1001-1500,tron,420,0.0024,1.969,0.048899,True,0.0024
BTC_DOWN,sector,1001-1500,tron20,238,0.00903,6.775,0.0,True,0.00903
BTC_DOWN,sector,1001-1500,trustswap-launchpad,423,0.00198,1.168,0.24292,True,0.00198
BTC_DOWN,sector,1001-1500,vbc-ventures-portfolio,247,-0.00143,-0.578,0.563293,True,0.00143
BTC_DOWN,sector,1001-1500,vr-ar,2463,-0.00322,-4.885,1e-06,True,0.00322
BTC_DOWN,sector,1001-1500,wallet,298,-0.00284,-1.869,0.061612,True,0.00284
BTC_DOWN,sector,1001-1500,web3,465,-0.00151,-0.968,0.333068,True,0.00151
BTC_DOWN,sector,1001-1500,xrp,208,-0.00968,-3.702,0.000214,True,0.00968
BTC_DOWN,sector,1001-1500,yield-farming,1401,-0.00376,-4.116,3.9e-05,True,0.00376
BTC_DOWN,sector,1001-1500,zero-knowledge-proofs,600,-0.00286,-2.139,0.032446,True,0.00286
BTC_DOWN,sector,1501-2000,,126477,-0.00029,-3.015,0.002566,True,0.00029
BTC_DOWN,sector,1501-2000,ai-big-data,17085,-0.00591,-23.125,0.0,True,0.00591
BTC_DOWN,sector,1501-2000,alameda-research-portfolio,204,-0.00937,-3.622,0.000293,True,0.00937
BTC_DOWN,sector,1501-2000,algorand,228,-0.00037,-0.167,0.867028,True,0.00037
BTC_DOWN,sector,1501-2000,analytics,275,-0.00771,-4.034,5.5e-05,True,0.00771
BTC_DOWN,sector,1501-2000,aptos,222,0.00219,1.504,0.132523,True,0.00219
BTC_DOWN,sector,1501-2000,arbitrum,543,-0.00277,-2.047,0.04062,True,0.00277
BTC_DOWN,sector,1501-2000,arbitrum-ecosytem,415,-0.00386,-2.436,0.014865,True,0.00386
BTC_DOWN,sector,1501-2000,art,1737,-0.00134,-1.656,0.097671,True,0.00134
BTC_DOWN,sector,1501-2000,asset-management,7038,-0.00161,-4.042,5.3e-05,True,0.00161
BTC_DOWN,sector,1501-2000,avalanche,1905,-0.00128,-1.751,0.079939,True,0.00128
BTC_DOWN,sector,1501-2000,base,1107,-0.00856,-8.204,0.0,True,0.00856
BTC_DOWN,sector,1501-2000,binance-chain,874,0.00048,0.426,0.670439,True,0.00048
BTC_DOWN,sector,1501-2000,binance-smart-chain,4665,-0.00042,-0.811,0.417288,True,0.00042
BTC_DOWN,sector,1501-2000,bnb-chain,14602,0.00032,1.231,0.218363,True,0.00032
BTC_DOWN,sector,1501-2000,cardano,335,-0.00717,-4.576,5e-06,True,0.00717
BTC_DOWN,sector,1501-2000,centralized-exchange,1620,0.00865,11.608,0.0,True,0.00865
BTC_DOWN,sector,1501-2000,collectibles-nfts,30678,-0.00224,-12.399,0.0,True,0.00224
BTC_DOWN,sector,1501-2000,commodities,466,0.00977,7.634,0.0,True,0.00977
BTC_DOWN,sector,1501-2000,communications-social-media,3517,-0.00442,-8.426,0.0,True,0.00442
BTC_DOWN,sector,1501-2000,content-creation,552,-0.00284,-1.838,0.066105,True,0.00284
BTC_DOWN,sector,1501-2000,cosmos,3633,-0.00181,-3.295,0.000985,True,0.00181
BTC_DOWN,sector,1501-2000,crowdfunding,750,-0.00066,-0.562,0.574385,True,0.00066
BTC_DOWN,sector,1501-2000,cybersecurity,1710,-0.0007,-0.904,0.365855,True,0.0007
BTC_DOWN,sector,1501-2000,dag,550,-8e-05,-0.053,0.957975,True,8e-05
BTC_DOWN,sector,1501-2000,dao,1429,-0.00106,-1.211,0.225866,True,0.00106
BTC_DOWN,sector,1501-2000,dao-maker,582,-0.00016,-0.106,0.915252,True,0.00016
BTC_DOWN,sector,1501-2000,dapp,338,-0.0077,-4.345,1.4e-05,True,0.0077
BTC_DOWN,sector,1501-2000,decentralized-exchange,1075,-0.0007,-0.663,0.507063,True,0.0007
BTC_DOWN,sector,1501-2000,decentralized-exchange-dex-token,3832,-0.00129,-2.547,0.010865,True,0.00129
BTC_DOWN,sector,1501-2000,defi,37609,0.00018,1.178,0.23893,True,0.00018
BTC_DOWN,sector,1501-2000,derivatives,370,0.00062,0.399,0.689949,True,0.00062
BTC_DOWN,sector,1501-2000,distributed-computing,1909,-0.00269,-3.346,0.000819,True,0.00269
BTC_DOWN,sector,1501-2000,dpos,1698,0.00144,1.857,0.063353,True,0.00144
BTC_DOWN,sector,1501-2000,duckstarter,364,-0.0036,-1.706,0.088062,True,0.0036
BTC_DOWN,sector,1501-2000,dwf-labs-portfolio,861,-0.00377,-3.068,0.002154,True,0.00377
BTC_DOWN,sector,1501-2000,education,1138,-0.00591,-5.991,0.0,True,0.00591
BTC_DOWN,sector,1501-2000,energy,1481,0.00272,3.33,0.000869,True,0.00272
BTC_DOWN,sector,1501-2000,enterprise-solutions,215,0.0002,0.093,0.925977,True,0.0002
BTC_DOWN,sector,1501-2000,entertainment,635,-0.00569,-3.933,8.4e-05,True,0.00569
BTC_DOWN,sector,1501-2000,ethereum,21136,-0.00055,-2.598,0.009375,True,0.00055
BTC_DOWN,sector,1501-2000,events,440,-0.00561,-3.044,0.002332,True,0.00561
BTC_DOWN,sector,1501-2000,exnetwork-capital-portfolio,458,-0.00519,-3.669,0.000243,True,0.00519
BTC_DOWN,sector,1501-2000,fan-token,2241,-0.0002,-0.307,0.758636,True,0.0002
BTC_DOWN,sector,1501-2000,fantom,293,-0.00801,-4.304,1.7e-05,True,0.00801
BTC_DOWN,sector,1501-2000,fashion,305,-0.00584,-2.849,0.00439,True,0.00584
BTC_DOWN,sector,1501-2000,food-beverage,308,0.00492,3.738,0.000185,True,0.00492
BTC_DOWN,sector,1501-2000,gambling,3367,-0.00157,-2.865,0.004172,True,0.00157
BTC_DOWN,sector,1501-2000,gaming,12081,-0.00307,-10.259,0.0,True,0.00307
BTC_DOWN,sector,1501-2000,hardware,467,-0.00395,-2.752,0.005923,True,0.00395
BTC_DOWN,sector,1501-2000,health,2243,0.00021,0.306,0.75943,True,0.00021
BTC_DOWN,sector,1501-2000,heco,271,-0.00545,-2.849,0.004384,True,0.00545
BTC_DOWN,sector,1501-2000,hospitality,613,0.0011,0.988,0.323029,True,0.0011
BTC_DOWN,sector,1501-2000,hybrid-pow-pos,3109,-0.00206,-4.025,5.7e-05,True,0.00206
BTC_DOWN,sector,1501-2000,icp,417,-0.00912,-6.305,0.0,True,0.00912
BTC_DOWN,sector,1501-2000,injective,417,0.0067,4.129,3.6e-05,True,0.0067
BTC_DOWN,sector,1501-2000,insurance,1016,-0.0001,-0.105,0.916576,True,0.0001
BTC_DOWN,sector,1501-2000,interoperability,452,0.00141,0.933,0.350903,True,0.00141
BTC_DOWN,sector,1501-2000,iot,902,0.00027,0.229,0.819248,True,0.00027
BTC_DOWN,sector,1501-2000,iotex,263,-0.0053,-3.184,0.001452,True,0.0053
BTC_DOWN,sector,1501-2000,jobs,210,-0.00801,-3.341,0.000835,True,0.00801
BTC_DOWN,sector,1501-2000,klaytn,913,0.00219,2.394,0.016659,True,0.00219
BTC_DOWN,sector,1501-2000,kommunitas-launchpad,295,-0.00377,-1.955,0.050569,True,0.00377
BTC_DOWN,sector,1501-2000,launchpad,3046,-0.00321,-5.822,0.0,True,0.00321
BTC_DOWN,sector,1501-2000,launchzone,310,0.0042,2.552,0.010717,True,0.0042
BTC_DOWN,sector,1501-2000,layer-1,641,-0.00251,-2.147,0.031773,True,0.00251
BTC_DOWN,sector,1501-2000,logistics,989,-0.00497,-4.099,4.1e-05,True,0.00497
BTC_DOWN,sector,1501-2000,loyalty,424,0.00052,0.318,0.750669,True,0.00052
BTC_DOWN,sector,1501-2000,marketing,2731,0.00041,0.631,0.527931,True,0.00041
BTC_DOWN,sector,1501-2000,marketplace,11299,-6e-05,-0.185,0.853598,True,6e-05
BTC_DOWN,sector,1501-2000,masternodes,1639,-0.00103,-1.189,0.234445,True,0.00103
BTC_DOWN,sector,1501-2000,media,4688,0.0007,1.43,0.152747,True,0.0007
BTC_DOWN,sector,1501-2000,medium-of-exchange,2533,0.00442,6.285,0.0,True,0.00442
BTC_DOWN,sector,1501-2000,memes,32001,-0.00852,-44.151,0.0,True,0.00852
BTC_DOWN,sector,1501-2000,metaverse,868,-0.00136,-1.278,0.201115,True,0.00136
BTC_DOWN,sector,1501-2000,mineable,54461,-0.00125,-8.66,0.0,True,0.00125
BTC_DOWN,sector,1501-2000,move-to-earn,351,-0.00267,-1.687,0.091643,True,0.00267
BTC_DOWN,sector,1501-2000,music,331,-0.00318,-1.951,0.051085,True,0.00318
BTC_DOWN,sector,1501-2000,mvb,463,0.0008,0.587,0.557142,True,0.0008
BTC_DOWN,sector,1501-2000,okex-blockdream-ventures-portfolio,230,-0.00363,-1.556,0.119797,True,0.00363
BTC_DOWN,sector,1501-2000,olympus-pro,309,-0.00598,-3.538,0.000403,True,0.00598
BTC_DOWN,sector,1501-2000,optimism,311,-0.01142,-7.128,0.0,True,0.01142
BTC_DOWN,sector,1501-2000,oracles,1701,0.00081,0.998,0.318358,True,0.00081
BTC_DOWN,sector,1501-2000,osmosis,257,-0.00338,-1.567,0.117067,True,0.00338
BTC_DOWN,sector,1501-2000,payments,1570,0.00242,2.845,0.004445,True,0.00242
BTC_DOWN,sector,1501-2000,philanthropy,515,-0.00464,-3.859,0.000114,True,0.00464
BTC_DOWN,sector,1501-2000,platform,17818,-0.00047,-1.91,0.056117,True,0.00047
BTC_DOWN,sector,1501-2000,play-to-earn,417,-0.00152,-0.872,0.383224,True,0.00152
BTC_DOWN,sector,1501-2000,polkadot,2055,-0.00452,-6.211,0.0,True,0.00452
BTC_DOWN,sector,1501-2000,polkastarter,1243,-0.00044,-0.478,0.632307,True,0.00044
BTC_DOWN,sector,1501-2000,polygon,2888,0.00277,4.962,1e-06,True,0.00277
BTC_DOWN,sector,1501-2000,pos,4832,0.00032,0.677,0.498604,True,0.00032
BTC_DOWN,sector,1501-2000,posign,338,0.00019,0.099,0.921455,True,0.00019
BTC_DOWN,sector,1501-2000,pow,1943,-0.00097,-1.556,0.119804,True,0.00097
BTC_DOWN,sector,1501-2000,prediction-markets,625,0.00213,1.698,0.089492,True,0.00213
BTC_DOWN,sector,1501-2000,privacy,1655,-0.00396,-4.459,8e-06,True,0.00396
BTC_DOWN,sector,1501-2000,quantum-resistant,258,-0.00359,-1.718,0.085805,True,0.00359
BTC_DOWN,sector,1501-2000,real-estate,1959,-0.00379,-4.914,1e-06,True,0.00379
BTC_DOWN,sector,1501-2000,real-world-assets,318,-0.0041,-1.941,0.052306,True,0.0041
BTC_DOWN,sector,1501-2000,real-world-assets-protocols,265,-0.00483,-2.79,0.005265,True,0.00483
BTC_DOWN,sector,1501-2000,rebase,919,0.00072,0.679,0.496964,True,0.00072
BTC_DOWN,sector,1501-2000,rehypothecated-crypto,385,-0.001,-0.594,0.552413,True,0.001
BTC_DOWN,sector,1501-2000,retail,430,-0.0073,-4.171,3e-05,True,0.0073
BTC_DOWN,sector,1501-2000,scrypt,292,0.00302,1.777,0.075525,True,0.00302
BTC_DOWN,sector,1501-2000,services,3679,0.00112,2.093,0.036368,True,0.00112
BTC_DOWN,sector,1501-2000,skyvision-capital-portfolio,209,0.00722,3.806,0.000141,True,0.00722
BTC_DOWN,sector,1501-2000,smart-contracts,455,0.00155,1.062,0.288271,True,0.00155
BTC_DOWN,sector,1501-2000,social-money,439,0.0003,0.179,0.857839,True,0.0003
BTC_DOWN,sector,1501-2000,solana,5374,-0.00676,-14.354,0.0,True,0.00676
BTC_DOWN,sector,1501-2000,sports,11308,-0.0013,-4.536,6e-06,True,0.0013
BTC_DOWN,sector,1501-2000,stablecoin,2019,0.01109,25.598,0.0,True,0.01109
BTC_DOWN,sector,1501-2000,staking,990,-0.00275,-2.362,0.018162,True,0.00275
BTC_DOWN,sector,1501-2000,store-of-value,548,0.00789,6.6,0.0,True,0.00789
BTC_DOWN,sector,1501-2000,substrate,450,-0.00056,-0.348,0.728193,True,0.00056
BTC_DOWN,sector,1501-2000,sui,320,-0.00307,-1.675,0.093876,True,0.00307
BTC_DOWN,sector,1501-2000,superstarter,244,-0.0029,-1.092,0.274997,True,0.0029
BTC_DOWN,sector,1501-2000,telegram-bot,293,-0.00726,-3.636,0.000277,True,0.00726
BTC_DOWN,sector,1501-2000,toncoin,547,-1e-05,-0.01,0.991719,True,1e-05
BTC_DOWN,sector,1501-2000,transport,279,-0.0066,-2.64,0.008295,True,0.0066
BTC_DOWN,sector,1501-2000,tron,403,-0.00046,-0.426,0.67017,True,0.00046
BTC_DOWN,sector,1501-2000,trustswap-launchpad,570,0.00307,2.135,0.032727,True,0.00307
BTC_DOWN,sector,1501-2000,vbc-ventures-portfolio,752,-0.00035,-0.29,0.772171,True,0.00035
BTC_DOWN,sector,1501-2000,velas,226,0.00041,0.22,0.82563,True,0.00041
BTC_DOWN,sector,1501-2000,vr-ar,2119,-0.00463,-6.826,0.0,True,0.00463
BTC_DOWN,sector,1501-2000,wrapped-tokens,270,-0.00292,-1.402,0.160852,True,0.00292
BTC_DOWN,sector,1501-2000,xrp,228,-0.00845,-3.776,0.000159,True,0.00845
BTC_DOWN,sector,1501-2000,yield-aggregator,355,0.00356,2.138,0.032483,True,0.00356
BTC_DOWN,sector,1501-2000,yield-farming,2032,-0.00252,-3.54,0.000399,True,0.00252
BTC_DOWN,sector,1501-2000,zero-knowledge-proofs,275,0.0005,0.347,0.728725,True,0.0005
VOL_HIGH,chain,501-750,,55887,0.00128,9.066,0.0,True,0.00128
VOL_HIGH,chain,501-750,-,2431,-0.00043,-0.568,0.570304,True,0.00043
VOL_HIGH,chain,501-750,A,347,0.00636,3.194,0.001404,True,0.00636
VOL_HIGH,chain,501-750,ADA,652,0.00156,1.358,0.174543,True,0.00156
VOL_HIGH,chain,501-750,ARB,1580,0.00032,0.424,0.671454,True,0.00032
VOL_HIGH,chain,501-750,AVAX,1306,-0.00068,-0.71,0.477532,True,0.00068
VOL_HIGH,chain,501-750,BNB,23613,0.00101,4.618,4e-06,True,0.00101
VOL_HIGH,chain,501-750,BTC,460,0.00066,0.393,0.694555,True,0.00066
VOL_HIGH,chain,501-750,CELO,452,0.00375,3.074,0.002114,True,0.00375
VOL_HIGH,chain,501-750,ETH,155107,0.00081,9.439,0.0,True,0.00081
VOL_HIGH,chain,501-750,GRAM,467,-0.00206,-1.366,0.171785,True,0.00206
VOL_HIGH,chain,501-750,HBAR,344,0.00096,0.626,0.531102,True,0.00096
VOL_HIGH,chain,501-750,KAIA,1416,0.00224,2.449,0.014326,True,0.00224
VOL_HIGH,chain,501-750,NEO,1264,0.00327,3.488,0.000487,True,0.00327
VOL_HIGH,chain,501-750,ONT,448,0.00258,2.103,0.035438,True,0.00258
VOL_HIGH,chain,501-750,OP,296,0.001,0.564,0.572464,True,0.001
VOL_HIGH,chain,501-750,OSMO,641,0.00054,0.375,0.707444,True,0.00054
VOL_HIGH,chain,501-750,POL,2097,0.00138,2.028,0.042607,True,0.00138
VOL_HIGH,chain,501-750,SOL,11633,-0.00036,-1.092,0.274811,True,0.00036
VOL_HIGH,chain,501-750,SUI,889,0.00065,0.522,0.601852,True,0.00065
VOL_HIGH,chain,501-750,TRX,1033,0.00027,0.25,0.802789,True,0.00027
VOL_HIGH,chain,501-750,WAVES,232,0.002,0.798,0.425088,True,0.002
VOL_HIGH,chain,501-750,XDC,263,0.0055,3.252,0.001146,True,0.0055
VOL_HIGH,chain,501-750,XLM,631,0.00226,1.749,0.080258,True,0.00226
VOL_HIGH,chain,501-750,XRP,298,0.00098,0.541,0.588509,True,0.00098
VOL_HIGH,chain,751-1000,,56398,0.00109,7.44,0.0,True,0.00109
VOL_HIGH,chain,751-1000,-,2595,-0.00353,-4.876,1e-06,True,0.00353
VOL_HIGH,chain,751-1000,A,661,0.00135,0.896,0.37013,True,0.00135
VOL_HIGH,chain,751-1000,ADA,682,0.00039,0.37,0.711343,True,0.00039
VOL_HIGH,chain,751-1000,ARB,1217,-0.00051,-0.543,0.587191,True,0.00051
VOL_HIGH,chain,751-1000,ARBITRUM,209,0.00257,1.024,0.305639,True,0.00257
VOL_HIGH,chain,751-1000,AVAX,1198,-0.00106,-1.083,0.278947,True,0.00106
VOL_HIGH,chain,751-1000,BNB,27101,0.00036,1.803,0.071335,True,0.00036
VOL_HIGH,chain,751-1000,BTC,252,-0.00653,-2.596,0.009422,True,0.00653
VOL_HIGH,chain,751-1000,CRO,538,9e-05,0.072,0.942659,True,9e-05
VOL_HIGH,chain,751-1000,EGLD,275,0.00019,0.109,0.913342,True,0.00019
VOL_HIGH,chain,751-1000,ETH,146780,0.00023,2.538,0.01114,True,0.00023
VOL_HIGH,chain,751-1000,FTM,231,-0.00592,-2.341,0.019214,True,0.00592
VOL_HIGH,chain,751-1000,GRAM,456,9e-05,0.062,0.95056,True,9e-05
VOL_HIGH,chain,751-1000,ICP,489,0.00393,2.728,0.006377,True,0.00393
VOL_HIGH,chain,751-1000,KAIA,2065,0.00026,0.352,0.724515,True,0.00026
VOL_HIGH,chain,751-1000,NEO,1184,0.00177,1.82,0.068738,True,0.00177
VOL_HIGH,chain,751-1000,OSMO,727,-0.00211,-1.67,0.094955,True,0.00211
VOL_HIGH,chain,751-1000,POL,2472,0.00016,0.235,0.814477,True,0.00016
VOL_HIGH,chain,751-1000,SOL,14608,-0.00095,-3.3,0.000968,True,0.00095
VOL_HIGH,chain,751-1000,SUI,877,-0.00319,-2.52,0.011746,True,0.00319
VOL_HIGH,chain,751-1000,TRX,1072,0.00252,2.469,0.013544,True,0.00252
VOL_HIGH,chain,751-1000,WAVES,285,-3e-05,-0.014,0.988817,True,3e-05
VOL_HIGH,chain,751-1000,XDC,514,0.00569,4.914,1e-06,True,0.00569
VOL_HIGH,chain,751-1000,XLM,649,0.00027,0.194,0.846282,True,0.00027
VOL_HIGH,chain,1001-1500,,119622,0.00102,9.869,0.0,True,0.00102
VOL_HIGH,chain,1001-1500,-,5006,-0.00237,-4.59,4e-06,True,0.00237
VOL_HIGH,chain,1001-1500,A,2594,0.00148,2.119,0.034121,True,0.00148
VOL_HIGH,chain,1001-1500,ADA,1053,0.00079,0.906,0.364815,True,0.00079
VOL_HIGH,chain,1001-1500,ALGO,255,-0.00143,-0.742,0.458242,True,0.00143
VOL_HIGH,chain,1001-1500,APT,587,-0.00268,-1.818,0.069128,True,0.00268
VOL_HIGH,chain,1001-1500,ARB,2224,-0.00098,-1.348,0.177667,True,0.00098
VOL_HIGH,chain,1001-1500,ARBITRUM,307,-0.001,-0.494,0.621411,True,0.001
VOL_HIGH,chain,1001-1500,AVAX,2308,-0.00147,-1.998,0.045762,True,0.00147
VOL_HIGH,chain,1001-1500,BCH,304,-0.00052,-0.294,0.769041,True,0.00052
VOL_HIGH,chain,1001-1500,BITCI,214,0.00532,2.325,0.020064,True,0.00532
VOL_HIGH,chain,1001-1500,BNB,59098,-0.0007,-4.961,1e-06,True,0.0007
VOL_HIGH,chain,1001-1500,BTC,713,-0.00074,-0.536,0.59227,True,0.00074
VOL_HIGH,chain,1001-1500,CELO,308,0.0035,2.84,0.004512,True,0.0035
VOL_HIGH,chain,1001-1500,CHZ,234,-0.00372,-1.495,0.134967,True,0.00372
VOL_HIGH,chain,1001-1500,CRO,824,0.00153,1.562,0.118359,True,0.00153
VOL_HIGH,chain,1001-1500,DOT,493,0.00138,1.086,0.2774,True,0.00138
VOL_HIGH,chain,1001-1500,EGLD,281,-0.00296,-1.528,0.126523,True,0.00296
VOL_HIGH,chain,1001-1500,ETH,281824,-0.0,-0.043,0.965979,True,0.0
VOL_HIGH,chain,1001-1500,FTM,367,-0.00064,-0.308,0.758151,True,0.00064
VOL_HIGH,chain,1001-1500,GRAM,1076,-0.00225,-2.265,0.023517,True,0.00225
VOL_HIGH,chain,1001-1500,ICP,704,-0.00144,-1.074,0.282681,True,0.00144
VOL_HIGH,chain,1001-1500,KAIA,3080,0.00141,2.478,0.013228,True,0.00141
VOL_HIGH,chain,1001-1500,LINEA,219,-0.00249,-1.151,0.249754,True,0.00249
VOL_HIGH,chain,1001-1500,NEO,1944,-0.00089,-1.046,0.295453,True,0.00089
VOL_HIGH,chain,1001-1500,OP,302,0.00117,0.643,0.520349,True,0.00117
VOL_HIGH,chain,1001-1500,OSMO,1139,-0.00141,-1.388,0.165263,True,0.00141
VOL_HIGH,chain,1001-1500,POL,6409,-0.0009,-2.093,0.036378,True,0.0009
VOL_HIGH,chain,1001-1500,SDN,205,0.0013,0.73,0.4655,True,0.0013
VOL_HIGH,chain,1001-1500,SOL,29100,-0.00199,-9.573,0.0,True,0.00199
VOL_HIGH,chain,1001-1500,SUI,1126,-0.00314,-3.005,0.002657,True,0.00314
VOL_HIGH,chain,1001-1500,TRX,2546,0.00057,0.792,0.428332,True,0.00057
VOL_HIGH,chain,1001-1500,VET,269,-0.00211,-1.066,0.286472,True,0.00211
VOL_HIGH,chain,1001-1500,WAN,351,-0.00389,-2.022,0.043159,True,0.00389
VOL_HIGH,chain,1001-1500,WAVES,316,0.00024,0.135,0.892553,True,0.00024
VOL_HIGH,chain,1001-1500,XDC,496,0.00411,3.263,0.001104,True,0.00411
VOL_HIGH,chain,1001-1500,XLM,283,-0.00443,-2.081,0.037447,True,0.00443
VOL_HIGH,chain,1001-1500,XRP,433,-0.00189,-0.988,0.322928,True,0.00189
VOL_HIGH,chain,1001-1500,ZK,556,0.00041,0.272,0.785877,True,0.00041
VOL_HIGH,chain,1501-2000,,134132,-0.00015,-1.561,0.118465,True,0.00015
VOL_HIGH,chain,1501-2000,-,5197,-0.00377,-7.76,0.0,True,0.00377
VOL_HIGH,chain,1501-2000,A,2029,-0.00179,-2.287,0.022206,True,0.00179
VOL_HIGH,chain,1501-2000,ADA,561,0.00339,3.213,0.001312,True,0.00339
VOL_HIGH,chain,1501-2000,APT,218,-0.0075,-3.137,0.001708,True,0.0075
VOL_HIGH,chain,1501-2000,ARB,2325,-0.00237,-3.232,0.001229,True,0.00237
VOL_HIGH,chain,1501-2000,ARBITRUM,220,-0.00026,-0.108,0.914116,True,0.00026
VOL_HIGH,chain,1501-2000,AVAX,2005,-0.0025,-3.225,0.001258,True,0.0025
VOL_HIGH,chain,1501-2000,BNB,61444,-0.00147,-10.879,0.0,True,0.00147
VOL_HIGH,chain,1501-2000,BTC,423,-0.00352,-2.188,0.028639,True,0.00352
VOL_HIGH,chain,1501-2000,CELO,208,0.00635,3.415,0.000637,True,0.00635
VOL_HIGH,chain,1501-2000,CHZ,430,-0.0039,-2.265,0.023514,True,0.0039
VOL_HIGH,chain,1501-2000,EGLD,345,-9e-05,-0.053,0.958024,True,9e-05
VOL_HIGH,chain,1501-2000,ETH,269032,-0.0007,-10.477,0.0,True,0.0007
VOL_HIGH,chain,1501-2000,FTM,248,-7e-05,-0.03,0.97635,True,7e-05
VOL_HIGH,chain,1501-2000,GLMR,346,-0.00226,-1.101,0.270918,True,0.00226
VOL_HIGH,chain,1501-2000,GRAM,1289,-0.00201,-2.224,0.026131,True,0.00201
VOL_HIGH,chain,1501-2000,HBAR,304,-0.00435,-2.041,0.041203,True,0.00435
VOL_HIGH,chain,1501-2000,HT,359,-0.00349,-1.867,0.061847,True,0.00349
VOL_HIGH,chain,1501-2000,ICP,419,0.00116,0.694,0.487753,True,0.00116
VOL_HIGH,chain,1501-2000,KAIA,1567,0.00134,1.639,0.101124,True,0.00134
VOL_HIGH,chain,1501-2000,LINEA,226,-0.00536,-2.693,0.007071,True,0.00536
VOL_HIGH,chain,1501-2000,NEO,1310,-0.00139,-1.325,0.185285,True,0.00139
VOL_HIGH,chain,1501-2000,OSMO,796,-0.0018,-1.436,0.151105,True,0.0018
VOL_HIGH,chain,1501-2000,POL,6953,-0.0012,-2.889,0.003859,True,0.0012
VOL_HIGH,chain,1501-2000,SOL,30234,-0.00298,-14.497,0.0,True,0.00298
VOL_HIGH,chain,1501-2000,SUI,883,-0.00293,-2.413,0.015826,True,0.00293
VOL_HIGH,chain,1501-2000,TRX,2287,-0.00139,-1.857,0.063361,True,0.00139
VOL_HIGH,chain,1501-2000,VET,332,-0.00016,-0.079,0.937147,True,0.00016
VOL_HIGH,chain,1501-2000,WAVES,515,-0.00137,-0.798,0.424858,True,0.00137
VOL_HIGH,chain,1501-2000,XLM,244,-0.00193,-0.765,0.444278,True,0.00193
VOL_HIGH,chain,1501-2000,XOR,223,-0.00143,-0.567,0.570994,True,0.00143
VOL_HIGH,chain,1501-2000,XRP,293,0.00108,0.556,0.577931,True,0.00108
VOL_HIGH,chain,1501-2000,ZK,597,-0.0039,-2.93,0.003387,True,0.0039
VOL_HIGH,sector,501-750,,50916,0.00117,7.388,0.0,True,0.00117
VOL_HIGH,sector,501-750,ai-big-data,7817,-0.00014,-0.363,0.716557,True,0.00014
VOL_HIGH,sector,501-750,analytics,582,0.00098,0.692,0.488813,True,0.00098
VOL_HIGH,sector,501-750,art,239,0.00109,0.475,0.634966,True,0.00109
VOL_HIGH,sector,501-750,asset-management,3902,0.00149,2.727,0.00639,True,0.00149
VOL_HIGH,sector,501-750,avalanche,324,0.00026,0.141,0.887627,True,0.00026
VOL_HIGH,sector,501-750,base,255,-0.00344,-1.422,0.154903,True,0.00344
VOL_HIGH,sector,501-750,binance-chain,612,0.00317,2.146,0.031885,True,0.00317
VOL_HIGH,sector,501-750,binance-launchpad,467,0.00045,0.309,0.757654,True,0.00045
VOL_HIGH,sector,501-750,binance-smart-chain,3128,0.00126,1.98,0.047699,True,0.00126
VOL_HIGH,sector,501-750,bitcoin,485,0.00384,2.699,0.00695,True,0.00384
VOL_HIGH,sector,501-750,bnb-chain,2739,0.00233,3.998,6.4e-05,True,0.00233
VOL_HIGH,sector,501-750,centralized-exchange,1225,0.00135,1.48,0.138906,True,0.00135
VOL_HIGH,sector,501-750,coinbase-ventures-portfolio,257,0.00259,1.211,0.225912,True,0.00259
VOL_HIGH,sector,501-750,collectibles-nfts,16113,0.00025,0.935,0.349953,True,0.00025
VOL_HIGH,sector,501-750,commodities,204,0.00862,4.282,1.9e-05,True,0.00862
VOL_HIGH,sector,501-750,communications-social-media,1332,-0.00285,-3.167,0.001542,True,0.00285
VOL_HIGH,sector,501-750,content-creation,256,-0.00037,-0.159,0.873705,True,0.00037
VOL_HIGH,sector,501-750,cosmos,4429,0.00069,1.48,0.138979,True,0.00069
VOL_HIGH,sector,501-750,cross-chain,211,0.0028,1.552,0.120751,True,0.0028
VOL_HIGH,sector,501-750,cybersecurity,2470,0.00088,1.359,0.174049,True,0.00088
VOL_HIGH,sector,501-750,dag,866,0.00116,0.999,0.317653,True,0.00116
VOL_HIGH,sector,501-750,dao,1792,0.00196,2.711,0.006707,True,0.00196
VOL_HIGH,sector,501-750,decentralized-exchange,2577,-0.00153,-2.271,0.023146,True,0.00153
VOL_HIGH,sector,501-750,decentralized-exchange-dex-token,3832,0.00076,1.605,0.108467,True,0.00076
VOL_HIGH,sector,501-750,defi,27382,0.00061,3.106,0.001899,True,0.00061
VOL_HIGH,sector,501-750,derivatives,266,-0.0005,-0.251,0.801788,True,0.0005
VOL_HIGH,sector,501-750,distributed-computing,2338,-0.00055,-0.787,0.431133,True,0.00055
VOL_HIGH,sector,501-750,dpos,764,-0.00105,-0.928,0.353314,True,0.00105
VOL_HIGH,sector,501-750,dwf-labs-portfolio,467,0.00283,1.979,0.047843,True,0.00283
VOL_HIGH,sector,501-750,e-commerce,215,-0.00156,-0.646,0.518251,True,0.00156
VOL_HIGH,sector,501-750,education,685,0.00065,0.551,0.581525,True,0.00065
VOL_HIGH,sector,501-750,energy,918,0.00144,1.285,0.198863,True,0.00144
VOL_HIGH,sector,501-750,enterprise-solutions,269,-0.00244,-1.186,0.235544,True,0.00244
VOL_HIGH,sector,501-750,ethereum,7798,0.00045,1.292,0.196232,True,0.00045
VOL_HIGH,sector,501-750,events,579,0.0034,2.315,0.020625,True,0.0034
VOL_HIGH,sector,501-750,exnetwork-capital-portfolio,794,0.00109,0.846,0.39752,True,0.00109
VOL_HIGH,sector,501-750,fan-token,841,-0.00107,-0.971,0.331688,True,0.00107
VOL_HIGH,sector,501-750,fantom,258,-0.00262,-1.096,0.273048,True,0.00262
VOL_HIGH,sector,501-750,filesharing,346,0.00248,1.336,0.181487,True,0.00248
VOL_HIGH,sector,501-750,gambling,1419,0.00165,1.677,0.093447,True,0.00165
VOL_HIGH,sector,501-750,gaming,4215,-0.001,-1.928,0.053876,True,0.001
VOL_HIGH,sector,501-750,hardware,535,0.00122,0.903,0.366459,True,0.00122
VOL_HIGH,sector,501-750,health,1070,0.00029,0.281,0.778794,True,0.00029
VOL_HIGH,sector,501-750,hospitality,512,0.00169,1.244,0.21334,True,0.00169
VOL_HIGH,sector,501-750,hybrid-pow-pos,520,0.002,1.232,0.218038,True,0.002
VOL_HIGH,sector,501-750,identity,346,0.00138,0.799,0.424453,True,0.00138
VOL_HIGH,sector,501-750,insurance,986,-0.00271,-2.358,0.01835,True,0.00271
VOL_HIGH,sector,501-750,interoperability,1278,-0.00084,-0.899,0.36847,True,0.00084
VOL_HIGH,sector,501-750,iot,594,-0.00064,-0.421,0.673659,True,0.00064
VOL_HIGH,sector,501-750,launchpad,373,-0.00025,-0.126,0.899646,True,0.00025
VOL_HIGH,sector,501-750,layer-1,350,-0.0008,-0.469,0.638723,True,0.0008
VOL_HIGH,sector,501-750,lending-borowing,229,-0.00236,-0.978,0.327904,True,0.00236
VOL_HIGH,sector,501-750,logistics,1540,0.00217,2.326,0.020007,True,0.00217
VOL_HIGH,sector,501-750,marketing,1373,0.00208,2.425,0.015295,True,0.00208
VOL_HIGH,sector,501-750,marketplace,9782,0.00164,4.844,1e-06,True,0.00164
VOL_HIGH,sector,501-750,media,6387,0.00131,3.201,0.00137,True,0.00131
VOL_HIGH,sector,501-750,medium-of-exchange,3017,0.00127,2.166,0.030332,True,0.00127
VOL_HIGH,sector,501-750,memes,8465,-0.00121,-2.91,0.003611,True,0.00121
VOL_HIGH,sector,501-750,metaverse,387,-0.00144,-0.871,0.383897,True,0.00144
VOL_HIGH,sector,501-750,mineable,16119,0.00192,7.239,0.0,True,0.00192
VOL_HIGH,sector,501-750,mvb,240,0.00014,0.075,0.94011,True,0.00014
VOL_HIGH,sector,501-750,optimism,243,0.00329,1.478,0.139467,True,0.00329
VOL_HIGH,sector,501-750,oracles,659,-0.00312,-1.988,0.046763,True,0.00312
VOL_HIGH,sector,501-750,payments,642,0.00117,0.83,0.406298,True,0.00117
VOL_HIGH,sector,501-750,platform,16886,0.00178,6.946,0.0,True,0.00178
VOL_HIGH,sector,501-750,polkadot,1155,-0.00037,-0.348,0.728061,True,0.00037
VOL_HIGH,sector,501-750,polkastarter,466,-0.0025,-1.432,0.15207,True,0.0025
VOL_HIGH,sector,501-750,polygon,850,0.00413,4.251,2.1e-05,True,0.00413
VOL_HIGH,sector,501-750,pos,2239,0.00255,3.7,0.000216,True,0.00255
VOL_HIGH,sector,501-750,pow,586,0.00096,0.666,0.505164,True,0.00096
VOL_HIGH,sector,501-750,prediction-markets,293,0.0021,1.319,0.187229,True,0.0021
VOL_HIGH,sector,501-750,privacy,1328,-0.00031,-0.338,0.735599,True,0.00031
VOL_HIGH,sector,501-750,real-estate,1051,9e-05,0.079,0.937074,True,9e-05
VOL_HIGH,sector,501-750,real-world-assets,263,0.00299,1.32,0.186993,True,0.00299
VOL_HIGH,sector,501-750,retail,585,0.00199,1.429,0.153135,True,0.00199
VOL_HIGH,sector,501-750,scaling,685,0.00083,0.764,0.444674,True,0.00083
VOL_HIGH,sector,501-750,services,5504,0.00097,2.073,0.038145,True,0.00097
VOL_HIGH,sector,501-750,smart-contracts,420,-0.00184,-1.099,0.271929,True,0.00184
VOL_HIGH,sector,501-750,solana,2425,-0.00039,-0.524,0.600018,True,0.00039
VOL_HIGH,sector,501-750,sports,2399,0.00101,1.664,0.096069,True,0.00101
VOL_HIGH,sector,501-750,stablecoin,3079,0.00424,8.593,0.0,True,0.00424
VOL_HIGH,sector,501-750,store-of-value,746,0.00437,4.584,5e-06,True,0.00437
VOL_HIGH,sector,501-750,substrate,456,-0.00048,-0.309,0.757443,True,0.00048
VOL_HIGH,sector,501-750,tokenized-stock,1772,0.00172,2.399,0.016419,True,0.00172
VOL_HIGH,sector,501-750,trustswap-launchpad,371,0.0018,0.904,0.365917,True,0.0018
VOL_HIGH,sector,501-750,vr-ar,1017,3e-05,0.032,0.974506,True,3e-05
VOL_HIGH,sector,501-750,wallet,568,0.00202,1.518,0.129016,True,0.00202
VOL_HIGH,sector,501-750,web3,275,0.00256,1.621,0.10505,True,0.00256
VOL_HIGH,sector,501-750,yield-farming,968,0.00111,0.953,0.340352,True,0.00111
VOL_HIGH,sector,501-750,zero-knowledge-proofs,460,-0.00038,-0.225,0.821891,True,0.00038
VOL_HIGH,sector,751-1000,,58042,0.0009,6.078,0.0,True,0.0009
VOL_HIGH,sector,751-1000,ai-big-data,7498,-0.00171,-4.107,4e-05,True,0.00171
VOL_HIGH,sector,751-1000,alameda-research-portfolio,230,-0.00419,-1.864,0.062331,True,0.00419
VOL_HIGH,sector,751-1000,amm,253,-0.00118,-0.554,0.5799,True,0.00118
VOL_HIGH,sector,751-1000,asset-management,5043,0.00051,1.015,0.310091,True,0.00051
VOL_HIGH,sector,751-1000,avalanche,754,0.00124,1.052,0.292798,True,0.00124
VOL_HIGH,sector,751-1000,base,293,-0.00707,-3.317,0.000911,True,0.00707
VOL_HIGH,sector,751-1000,binance-chain,536,0.00132,0.939,0.347897,True,0.00132
VOL_HIGH,sector,751-1000,binance-launchpad,305,0.00171,1.023,0.306465,True,0.00171
VOL_HIGH,sector,751-1000,binance-smart-chain,3318,-4e-05,-0.06,0.952306,True,4e-05
VOL_HIGH,sector,751-1000,bitcoin,324,-0.00548,-3.193,0.001408,True,0.00548
VOL_HIGH,sector,751-1000,bnb-chain,3575,0.00191,3.849,0.000119,True,0.00191
VOL_HIGH,sector,751-1000,centralized-exchange,1303,0.00141,1.593,0.111118,True,0.00141
VOL_HIGH,sector,751-1000,coinbase-ventures-portfolio,267,-0.00282,-1.367,0.171541,True,0.00282
VOL_HIGH,sector,751-1000,collectibles-nfts,13807,-0.00152,-5.112,0.0,True,0.00152
VOL_HIGH,sector,751-1000,commodities,214,-9e-05,-0.041,0.966998,True,9e-05
VOL_HIGH,sector,751-1000,communications-social-media,1688,8e-05,0.104,0.917112,True,8e-05
VOL_HIGH,sector,751-1000,content-creation,342,-0.00096,-0.51,0.609979,True,0.00096
VOL_HIGH,sector,751-1000,cosmos,2866,-0.0005,-0.81,0.417664,True,0.0005
VOL_HIGH,sector,751-1000,crowdfunding,207,0.0042,1.907,0.056492,True,0.0042
VOL_HIGH,sector,751-1000,cybersecurity,1850,0.00135,1.719,0.085637,True,0.00135
VOL_HIGH,sector,751-1000,dag,1054,0.0013,1.341,0.179988,True,0.0013
VOL_HIGH,sector,751-1000,dao,1478,0.00179,2.068,0.038623,True,0.00179
VOL_HIGH,sector,751-1000,decentralized-exchange,2311,-0.00087,-1.213,0.225169,True,0.00087
VOL_HIGH,sector,751-1000,decentralized-exchange-dex-token,3276,0.00116,2.26,0.023797,True,0.00116
VOL_HIGH,sector,751-1000,defi,20461,-0.00012,-0.521,0.602473,True,0.00012
VOL_HIGH,sector,751-1000,derivatives,231,-0.00131,-0.641,0.521318,True,0.00131
VOL_HIGH,sector,751-1000,distributed-computing,2139,-0.00106,-1.491,0.135854,True,0.00106
VOL_HIGH,sector,751-1000,dpos,1027,0.0011,1.037,0.299954,True,0.0011
VOL_HIGH,sector,751-1000,dwf-labs-portfolio,287,-0.00269,-1.317,0.187807,True,0.00269
VOL_HIGH,sector,751-1000,e-commerce,351,0.00168,1.006,0.314619,True,0.00168
VOL_HIGH,sector,751-1000,education,521,0.00034,0.236,0.813139,True,0.00034
VOL_HIGH,sector,751-1000,energy,963,0.00199,1.778,0.075338,True,0.00199
VOL_HIGH,sector,751-1000,ethereum,8574,0.00085,2.493,0.012664,True,0.00085
VOL_HIGH,sector,751-1000,events,754,-0.00068,-0.516,0.605648,True,0.00068
VOL_HIGH,sector,751-1000,exnetwork-capital-portfolio,526,0.00435,2.793,0.005222,True,0.00435
VOL_HIGH,sector,751-1000,fan-token,1208,0.00087,1.02,0.307525,True,0.00087
VOL_HIGH,sector,751-1000,fantom,375,-0.00385,-1.907,0.056539,True,0.00385
VOL_HIGH,sector,751-1000,filesharing,625,0.00073,0.471,0.637354,True,0.00073
VOL_HIGH,sector,751-1000,gambling,2428,0.00051,0.708,0.478671,True,0.00051
VOL_HIGH,sector,751-1000,gaming,4794,-0.0009,-1.859,0.062992,True,0.0009
VOL_HIGH,sector,751-1000,hardware,273,-0.00084,-0.49,0.623813,True,0.00084
VOL_HIGH,sector,751-1000,health,1292,0.00166,1.737,0.082303,True,0.00166
VOL_HIGH,sector,751-1000,hospitality,378,0.00102,0.577,0.56425,True,0.00102
VOL_HIGH,sector,751-1000,hybrid-pow-pos,603,0.00145,1.005,0.315083,True,0.00145
VOL_HIGH,sector,751-1000,identity,345,-0.00077,-0.383,0.701924,True,0.00077
VOL_HIGH,sector,751-1000,insurance,611,-0.00165,-1.185,0.236046,True,0.00165
VOL_HIGH,sector,751-1000,interoperability,721,-0.00259,-2.024,0.042946,True,0.00259
VOL_HIGH,sector,751-1000,iot,456,-0.00197,-1.233,0.217555,True,0.00197
VOL_HIGH,sector,751-1000,launchpad,695,-0.00042,-0.329,0.742007,True,0.00042
VOL_HIGH,sector,751-1000,layer-2,235,0.00043,0.177,0.859393,True,0.00043
VOL_HIGH,sector,751-1000,logistics,1014,-5e-05,-0.038,0.969748,True,5e-05
VOL_HIGH,sector,751-1000,manufacturing,240,-0.00042,-0.172,0.863726,True,0.00042
VOL_HIGH,sector,751-1000,marketing,1465,0.00196,2.483,0.013034,True,0.00196
VOL_HIGH,sector,751-1000,marketplace,9157,6e-05,0.178,0.859007,True,6e-05
VOL_HIGH,sector,751-1000,masternodes,700,0.00331,2.617,0.00888,True,0.00331
VOL_HIGH,sector,751-1000,media,3001,0.00022,0.346,0.729527,True,0.00022
VOL_HIGH,sector,751-1000,medium-of-exchange,2237,0.00044,0.6,0.54832,True,0.00044
VOL_HIGH,sector,751-1000,memes,10497,-0.00289,-7.808,0.0,True,0.00289
VOL_HIGH,sector,751-1000,metaverse,289,0.00154,0.824,0.409778,True,0.00154
VOL_HIGH,sector,751-1000,mineable,20097,0.00175,7.005,0.0,True,0.00175
VOL_HIGH,sector,751-1000,music,247,-0.00223,-1.021,0.30712,True,0.00223
VOL_HIGH,sector,751-1000,olympus-pro,211,-0.00524,-2.375,0.017545,True,0.00524
VOL_HIGH,sector,751-1000,optimism,246,-0.00031,-0.144,0.885253,True,0.00031
VOL_HIGH,sector,751-1000,oracles,865,-0.00019,-0.152,0.879438,True,0.00019
VOL_HIGH,sector,751-1000,payments,1250,0.00199,2.007,0.044704,True,0.00199
VOL_HIGH,sector,751-1000,platform,14208,0.00055,1.857,0.063284,True,0.00055
VOL_HIGH,sector,751-1000,polkadot,1171,-0.00177,-1.713,0.086774,True,0.00177
VOL_HIGH,sector,751-1000,polkastarter,847,0.0013,0.98,0.327238,True,0.0013
VOL_HIGH,sector,751-1000,polygon,1210,0.00141,1.463,0.143562,True,0.00141
VOL_HIGH,sector,751-1000,pos,3053,0.00178,2.78,0.005435,True,0.00178
VOL_HIGH,sector,751-1000,pow,1164,0.00118,1.208,0.227137,True,0.00118
VOL_HIGH,sector,751-1000,prediction-markets,271,-0.00028,-0.182,0.855781,True,0.00028
VOL_HIGH,sector,751-1000,privacy,1196,-0.0,-0.002,0.998218,True,0.0
VOL_HIGH,sector,751-1000,real-estate,806,-0.00192,-1.536,0.124454,True,0.00192
VOL_HIGH,sector,751-1000,real-world-assets,596,-0.00282,-1.868,0.06175,True,0.00282
VOL_HIGH,sector,751-1000,retail,267,-0.00253,-1.257,0.208846,True,0.00253
VOL_HIGH,sector,751-1000,scaling,245,-0.00128,-0.722,0.470579,True,0.00128
VOL_HIGH,sector,751-1000,services,3942,0.00104,1.941,0.052311,True,0.00104
VOL_HIGH,sector,751-1000,solana,2435,-0.00192,-2.578,0.009948,True,0.00192
VOL_HIGH,sector,751-1000,sports,4336,0.00258,6.172,0.0,True,0.00258
VOL_HIGH,sector,751-1000,stablecoin,2213,0.00476,8.877,0.0,True,0.00476
VOL_HIGH,sector,751-1000,staking,228,0.0029,1.164,0.24447,True,0.0029
VOL_HIGH,sector,751-1000,store-of-value,707,0.00164,1.547,0.121963,True,0.00164
VOL_HIGH,sector,751-1000,substrate,607,-0.00411,-3.075,0.002107,True,0.00411
VOL_HIGH,sector,751-1000,tokenized-gold,209,0.0074,4.327,1.5e-05,True,0.0074
VOL_HIGH,sector,751-1000,tokenized-stock,1168,0.0038,4.52,6e-06,True,0.0038
VOL_HIGH,sector,751-1000,trustswap-launchpad,203,-5e-05,-0.02,0.984277,True,5e-05
VOL_HIGH,sector,751-1000,vr-ar,839,0.00013,0.112,0.910779,True,0.00013
VOL_HIGH,sector,751-1000,wallet,705,-0.00035,-0.304,0.761375,True,0.00035
VOL_HIGH,sector,751-1000,web3,206,0.00256,1.399,0.161712,True,0.00256
VOL_HIGH,sector,751-1000,yield-farming,1096,0.00079,0.78,0.43536,True,0.00079
VOL_HIGH,sector,751-1000,zero-knowledge-proofs,841,0.00014,0.129,0.897223,True,0.00014
VOL_HIGH,sector,1001-1500,,138344,0.00046,4.708,2e-06,True,0.00046
VOL_HIGH,sector,1001-1500,adult,226,-0.00171,-0.655,0.512642,True,0.00171
VOL_HIGH,sector,1001-1500,ai-big-data,13993,-0.00259,-8.518,0.0,True,0.00259
VOL_HIGH,sector,1001-1500,algorand,462,0.00198,1.571,0.116144,True,0.00198
VOL_HIGH,sector,1001-1500,amm,380,-0.00075,-0.419,0.675148,True,0.00075
VOL_HIGH,sector,1001-1500,aptos,253,-0.00159,-0.797,0.425419,True,0.00159
VOL_HIGH,sector,1001-1500,arbitrum,276,-0.00166,-0.771,0.440682,True,0.00166
VOL_HIGH,sector,1001-1500,arbitrum-ecosytem,449,-0.00143,-0.871,0.383584,True,0.00143
VOL_HIGH,sector,1001-1500,art,939,-0.00187,-1.524,0.127594,True,0.00187
VOL_HIGH,sector,1001-1500,asset-management,8969,4e-05,0.117,0.907006,True,4e-05
VOL_HIGH,sector,1001-1500,avalanche,1316,-0.00033,-0.353,0.723827,True,0.00033
VOL_HIGH,sector,1001-1500,base,893,-0.00359,-2.689,0.007177,True,0.00359
VOL_HIGH,sector,1001-1500,binance-chain,956,0.00249,2.47,0.013509,True,0.00249
VOL_HIGH,sector,1001-1500,binance-labs-portfolio,236,-0.00586,-2.822,0.004774,True,0.00586
VOL_HIGH,sector,1001-1500,binance-smart-chain,8165,-8e-05,-0.186,0.85245,True,8e-05
VOL_HIGH,sector,1001-1500,bnb-chain,7732,0.00116,3.31,0.000934,True,0.00116
VOL_HIGH,sector,1001-1500,cardano,590,-0.00085,-0.664,0.506893,True,0.00085
VOL_HIGH,sector,1001-1500,centralized-exchange,1311,0.00096,1.05,0.29376,True,0.00096
VOL_HIGH,sector,1001-1500,collectibles-nfts,32378,-0.00136,-7.073,0.0,True,0.00136
VOL_HIGH,sector,1001-1500,communications-social-media,2924,-0.00215,-3.471,0.000518,True,0.00215
VOL_HIGH,sector,1001-1500,content-creation,280,-0.00316,-1.648,0.099426,True,0.00316
VOL_HIGH,sector,1001-1500,cosmos,3277,-0.00137,-2.265,0.023491,True,0.00137
VOL_HIGH,sector,1001-1500,cronos,493,0.00132,1.163,0.244717,True,0.00132
VOL_HIGH,sector,1001-1500,crowdfunding,573,0.0004,0.267,0.789434,True,0.0004
VOL_HIGH,sector,1001-1500,cybersecurity,1649,-0.00149,-1.716,0.086093,True,0.00149
VOL_HIGH,sector,1001-1500,dag,1066,0.00164,1.671,0.094678,True,0.00164
VOL_HIGH,sector,1001-1500,dao,2243,0.00046,0.677,0.498649,True,0.00046
VOL_HIGH,sector,1001-1500,dao-maker,487,-0.00185,-0.994,0.320126,True,0.00185
VOL_HIGH,sector,1001-1500,decentralized-exchange,3721,-0.00097,-1.706,0.088046,True,0.00097
VOL_HIGH,sector,1001-1500,decentralized-exchange-dex-token,3477,0.00053,0.988,0.323346,True,0.00053
VOL_HIGH,sector,1001-1500,defi,30904,-0.00059,-3.163,0.001564,True,0.00059
VOL_HIGH,sector,1001-1500,distributed-computing,2968,-0.00016,-0.24,0.810091,True,0.00016
VOL_HIGH,sector,1001-1500,dpos,1690,-0.00039,-0.429,0.667887,True,0.00039
VOL_HIGH,sector,1001-1500,duckstarter,688,-0.0015,-1.036,0.300025,True,0.0015
VOL_HIGH,sector,1001-1500,dwf-labs-portfolio,971,-0.00095,-0.927,0.354158,True,0.00095
VOL_HIGH,sector,1001-1500,e-commerce,385,-0.0009,-0.619,0.535686,True,0.0009
VOL_HIGH,sector,1001-1500,education,1554,-0.00085,-0.925,0.355057,True,0.00085
VOL_HIGH,sector,1001-1500,energy,1510,0.00126,1.348,0.17766,True,0.00126
VOL_HIGH,sector,1001-1500,enterprise-solutions,377,-0.00026,-0.145,0.884812,True,0.00026
VOL_HIGH,sector,1001-1500,entertainment,332,-0.0019,-0.928,0.353265,True,0.0019
VOL_HIGH,sector,1001-1500,ethereum,19757,0.00091,4.023,5.8e-05,True,0.00091
VOL_HIGH,sector,1001-1500,events,971,0.00043,0.347,0.728363,True,0.00043
VOL_HIGH,sector,1001-1500,exnetwork-capital-portfolio,1013,-0.00217,-2.066,0.038857,True,0.00217
VOL_HIGH,sector,1001-1500,fan-token,2511,0.00038,0.596,0.551075,True,0.00038
VOL_HIGH,sector,1001-1500,fantom,584,-0.00122,-0.749,0.453932,True,0.00122
VOL_HIGH,sector,1001-1500,ferrum-network,291,0.00224,1.237,0.216143,True,0.00224
VOL_HIGH,sector,1001-1500,filesharing,471,-0.00133,-0.781,0.435085,True,0.00133
VOL_HIGH,sector,1001-1500,gambling,4132,-4e-05,-0.072,0.942442,True,4e-05
VOL_HIGH,sector,1001-1500,gaming,10144,-0.00263,-7.699,0.0,True,0.00263
VOL_HIGH,sector,1001-1500,hardware,605,0.00307,2.671,0.007556,True,0.00307
VOL_HIGH,sector,1001-1500,health,3264,-0.00016,-0.26,0.794828,True,0.00016
VOL_HIGH,sector,1001-1500,hospitality,431,-0.0012,-0.812,0.416865,True,0.0012
VOL_HIGH,sector,1001-1500,hybrid-pos-pop,283,0.0047,2.177,0.029474,True,0.0047
VOL_HIGH,sector,1001-1500,hybrid-pow-pos,2919,0.00155,2.51,0.012077,True,0.00155
VOL_HIGH,sector,1001-1500,identity,549,0.00027,0.189,0.850384,True,0.00027
VOL_HIGH,sector,1001-1500,insurance,1142,-0.00146,-1.436,0.151049,True,0.00146
VOL_HIGH,sector,1001-1500,interoperability,912,-0.00263,-2.387,0.017005,True,0.00263
VOL_HIGH,sector,1001-1500,iot,944,-0.00034,-0.316,0.752368,True,0.00034
VOL_HIGH,sector,1001-1500,klaytn,799,0.0045,4.698,3e-06,True,0.0045
VOL_HIGH,sector,1001-1500,launchpad,2514,-0.00065,-0.988,0.323147,True,0.00065
VOL_HIGH,sector,1001-1500,layer-1,591,-0.00195,-1.336,0.181594,True,0.00195
VOL_HIGH,sector,1001-1500,layer-2,221,-0.00078,-0.316,0.751739,True,0.00078
VOL_HIGH,sector,1001-1500,logistics,1167,-0.00127,-1.092,0.274951,True,0.00127
VOL_HIGH,sector,1001-1500,loyalty,200,-0.00362,-1.291,0.196724,True,0.00362
VOL_HIGH,sector,1001-1500,manufacturing,292,-0.00013,-0.073,0.941651,True,0.00013
VOL_HIGH,sector,1001-1500,marketing,1680,-9e-05,-0.106,0.91597,True,9e-05
VOL_HIGH,sector,1001-1500,marketplace,12443,0.00042,1.338,0.180879,True,0.00042
VOL_HIGH,sector,1001-1500,masternodes,1925,0.00105,1.322,0.186253,True,0.00105
VOL_HIGH,sector,1001-1500,media,5041,0.00037,0.731,0.464782,True,0.00037
VOL_HIGH,sector,1001-1500,medium-of-exchange,2408,0.00127,1.701,0.088918,True,0.00127
VOL_HIGH,sector,1001-1500,memes,22326,-0.00295,-11.846,0.0,True,0.00295
VOL_HIGH,sector,1001-1500,metaverse,867,-0.00111,-0.997,0.318616,True,0.00111
VOL_HIGH,sector,1001-1500,meverse,214,0.00094,0.518,0.604638,True,0.00094
VOL_HIGH,sector,1001-1500,mineable,51499,0.00173,10.866,0.0,True,0.00173
VOL_HIGH,sector,1001-1500,music,358,0.00112,0.642,0.520904,True,0.00112
VOL_HIGH,sector,1001-1500,mvb,308,-0.00066,-0.355,0.722333,True,0.00066
VOL_HIGH,sector,1001-1500,okex-blockdream-ventures-portfolio,478,-0.00105,-0.71,0.477804,True,0.00105
VOL_HIGH,sector,1001-1500,optimism,228,0.0024,1.076,0.281781,True,0.0024
VOL_HIGH,sector,1001-1500,oracles,2318,-0.00067,-0.932,0.351425,True,0.00067
VOL_HIGH,sector,1001-1500,osmosis,306,-0.00227,-1.184,0.236337,True,0.00227
VOL_HIGH,sector,1001-1500,payments,2628,0.00055,0.785,0.43269,True,0.00055
VOL_HIGH,sector,1001-1500,philanthropy,789,0.00172,1.303,0.192529,True,0.00172
VOL_HIGH,sector,1001-1500,platform,23559,-0.00012,-0.529,0.597082,True,0.00012
VOL_HIGH,sector,1001-1500,play-to-earn,345,-0.0025,-1.3,0.193636,True,0.0025
VOL_HIGH,sector,1001-1500,polkadot,1648,-0.00211,-2.474,0.013354,True,0.00211
VOL_HIGH,sector,1001-1500,polkastarter,2327,-0.00287,-3.736,0.000187,True,0.00287
VOL_HIGH,sector,1001-1500,polygon,2349,-0.00116,-1.683,0.09247,True,0.00116
VOL_HIGH,sector,1001-1500,pos,5286,0.0021,4.311,1.6e-05,True,0.0021
VOL_HIGH,sector,1001-1500,posign,213,0.00108,0.412,0.680416,True,0.00108
VOL_HIGH,sector,1001-1500,pow,2310,0.00272,3.593,0.000327,True,0.00272
VOL_HIGH,sector,1001-1500,prediction-markets,563,-0.00015,-0.124,0.901118,True,0.00015
VOL_HIGH,sector,1001-1500,privacy,2207,0.00096,1.328,0.184198,True,0.00096
VOL_HIGH,sector,1001-1500,real-estate,1960,-0.00021,-0.272,0.785546,True,0.00021
VOL_HIGH,sector,1001-1500,real-world-assets,765,0.00056,0.438,0.661742,True,0.00056
VOL_HIGH,sector,1001-1500,rebase,523,0.00225,1.394,0.163385,True,0.00225
VOL_HIGH,sector,1001-1500,rehypothecated-crypto,430,0.00417,2.445,0.014467,True,0.00417
VOL_HIGH,sector,1001-1500,scrypt,246,0.0014,0.731,0.465045,True,0.0014
VOL_HIGH,sector,1001-1500,services,6615,-8e-05,-0.183,0.854605,True,8e-05
VOL_HIGH,sector,1001-1500,smart-contracts,322,-0.00059,-0.288,0.773724,True,0.00059
VOL_HIGH,sector,1001-1500,social-money,458,0.00254,1.349,0.177479,True,0.00254
VOL_HIGH,sector,1001-1500,social-token,223,0.0025,1.345,0.178505,True,0.0025
VOL_HIGH,sector,1001-1500,solana,4490,-0.00257,-4.502,7e-06,True,0.00257
VOL_HIGH,sector,1001-1500,sports,8536,0.00149,4.95,1e-06,True,0.00149
VOL_HIGH,sector,1001-1500,stablecoin,3695,0.00429,10.867,0.0,True,0.00429
VOL_HIGH,sector,1001-1500,staking,760,0.0012,0.875,0.381614,True,0.0012
VOL_HIGH,sector,1001-1500,storage,240,-0.00068,-0.309,0.757167,True,0.00068
VOL_HIGH,sector,1001-1500,store-of-value,1561,0.00315,4.252,2.1e-05,True,0.00315
VOL_HIGH,sector,1001-1500,substrate,613,-0.00366,-2.465,0.013704,True,0.00366
VOL_HIGH,sector,1001-1500,sui,263,-0.00094,-0.512,0.608418,True,0.00094
VOL_HIGH,sector,1001-1500,tokenized-gold,382,0.00642,5.304,0.0,True,0.00642
VOL_HIGH,sector,1001-1500,tokenized-stock,468,0.00221,1.536,0.124619,True,0.00221
VOL_HIGH,sector,1001-1500,toncoin,268,-0.00075,-0.377,0.706493,True,0.00075
VOL_HIGH,sector,1001-1500,transport,651,0.00182,1.28,0.200624,True,0.00182
VOL_HIGH,sector,1001-1500,tron,279,0.00453,2.565,0.010316,True,0.00453
VOL_HIGH,sector,1001-1500,trustswap-launchpad,337,0.00166,0.854,0.393106,True,0.00166
VOL_HIGH,sector,1001-1500,vbc-ventures-portfolio,213,-0.00329,-1.203,0.229036,True,0.00329
VOL_HIGH,sector,1001-1500,vr-ar,2778,-0.00099,-1.456,0.145404,True,0.00099
VOL_HIGH,sector,1001-1500,wallet,213,-0.00068,-0.37,0.711696,True,0.00068
VOL_HIGH,sector,1001-1500,web3,279,-0.00245,-1.121,0.262334,True,0.00245
VOL_HIGH,sector,1001-1500,yield-farming,2010,-0.00138,-1.654,0.098127,True,0.00138
VOL_HIGH,sector,1001-1500,zero-knowledge-proofs,742,-0.00128,-1.053,0.292534,True,0.00128
VOL_HIGH,sector,1501-2000,,154563,-0.00082,-9.082,0.0,True,0.00082
VOL_HIGH,sector,1501-2000,ai-big-data,12149,-0.0024,-7.493,0.0,True,0.0024
VOL_HIGH,sector,1501-2000,amm,221,-0.00649,-2.905,0.003668,True,0.00649
VOL_HIGH,sector,1501-2000,analytics,573,-0.00168,-1.216,0.22381,True,0.00168
VOL_HIGH,sector,1501-2000,arbitrum,445,-0.00501,-3.152,0.001623,True,0.00501
VOL_HIGH,sector,1501-2000,arbitrum-ecosytem,298,-0.00046,-0.215,0.829572,True,0.00046
VOL_HIGH,sector,1501-2000,art,1380,-0.0026,-2.5,0.012416,True,0.0026
VOL_HIGH,sector,1501-2000,asset-management,7713,-0.00136,-3.28,0.00104,True,0.00136
VOL_HIGH,sector,1501-2000,avalanche,1337,-0.00297,-3.187,0.00144,True,0.00297
VOL_HIGH,sector,1501-2000,base,1063,-0.00435,-3.94,8.2e-05,True,0.00435
VOL_HIGH,sector,1501-2000,binance-chain,741,0.00128,1.09,0.275586,True,0.00128
VOL_HIGH,sector,1501-2000,binance-smart-chain,7951,-0.00155,-3.801,0.000144,True,0.00155
VOL_HIGH,sector,1501-2000,bnb-chain,10320,0.00063,2.013,0.044111,True,0.00063
VOL_HIGH,sector,1501-2000,centralized-exchange,1716,0.00181,2.432,0.015,True,0.00181
VOL_HIGH,sector,1501-2000,collectibles-nfts,28712,-0.0013,-6.529,0.0,True,0.0013
VOL_HIGH,sector,1501-2000,commodities,395,0.00435,2.997,0.002723,True,0.00435
VOL_HIGH,sector,1501-2000,communications-social-media,2143,-0.00209,-2.978,0.002902,True,0.00209
VOL_HIGH,sector,1501-2000,content-creation,358,-0.00205,-1.079,0.280391,True,0.00205
VOL_HIGH,sector,1501-2000,cosmos,3050,0.00031,0.509,0.610469,True,0.00031
VOL_HIGH,sector,1501-2000,crowdfunding,715,-0.00427,-3.402,0.00067,True,0.00427
VOL_HIGH,sector,1501-2000,cybersecurity,1526,-0.00193,-2.203,0.027627,True,0.00193
VOL_HIGH,sector,1501-2000,dag,406,-0.00072,-0.411,0.680982,True,0.00072
VOL_HIGH,sector,1501-2000,dao,1036,-0.00224,-2.15,0.031526,True,0.00224
VOL_HIGH,sector,1501-2000,dao-maker,811,-0.00521,-3.942,8.1e-05,True,0.00521
VOL_HIGH,sector,1501-2000,decentralized-exchange,1325,-0.00281,-2.823,0.004755,True,0.00281
VOL_HIGH,sector,1501-2000,decentralized-exchange-dex-token,3098,-0.00099,-1.662,0.096428,True,0.00099
VOL_HIGH,sector,1501-2000,defi,25132,-0.00024,-1.178,0.238922,True,0.00024
VOL_HIGH,sector,1501-2000,defi-index,298,0.00345,2.381,0.017285,True,0.00345
VOL_HIGH,sector,1501-2000,derivatives,359,0.00162,0.95,0.342303,True,0.00162
VOL_HIGH,sector,1501-2000,distributed-computing,1603,-0.00167,-1.794,0.072763,True,0.00167
VOL_HIGH,sector,1501-2000,dpos,1637,0.0002,0.228,0.819905,True,0.0002
VOL_HIGH,sector,1501-2000,duckstarter,605,-0.00653,-3.864,0.000112,True,0.00653
VOL_HIGH,sector,1501-2000,dwf-labs-portfolio,842,-0.00111,-0.877,0.380639,True,0.00111
VOL_HIGH,sector,1501-2000,education,1287,-0.00178,-1.702,0.088816,True,0.00178
VOL_HIGH,sector,1501-2000,energy,1600,0.00051,0.573,0.566845,True,0.00051
VOL_HIGH,sector,1501-2000,entertainment,463,-0.00418,-2.396,0.016583,True,0.00418
VOL_HIGH,sector,1501-2000,ethereum,17313,-0.00055,-2.197,0.028043,True,0.00055
VOL_HIGH,sector,1501-2000,events,641,0.00098,0.61,0.541576,True,0.00098
VOL_HIGH,sector,1501-2000,exnetwork-capital-portfolio,371,-0.00112,-0.663,0.50704,True,0.00112
VOL_HIGH,sector,1501-2000,fan-token,2511,-0.00111,-1.773,0.076161,True,0.00111
VOL_HIGH,sector,1501-2000,food-beverage,260,0.00347,2.323,0.020163,True,0.00347
VOL_HIGH,sector,1501-2000,gambling,3926,0.00019,0.337,0.736236,True,0.00019
VOL_HIGH,sector,1501-2000,gaming,10033,-0.00297,-8.575,0.0,True,0.00297
VOL_HIGH,sector,1501-2000,hardware,494,-0.0025,-1.496,0.134688,True,0.0025
VOL_HIGH,sector,1501-2000,health,2043,-0.00154,-2.038,0.041588,True,0.00154
VOL_HIGH,sector,1501-2000,hospitality,514,-0.00069,-0.536,0.591825,True,0.00069
VOL_HIGH,sector,1501-2000,hybrid-pow-pos,4511,0.00111,2.578,0.00995,True,0.00111
VOL_HIGH,sector,1501-2000,icp,277,0.00094,0.478,0.632572,True,0.00094
VOL_HIGH,sector,1501-2000,injective,287,-0.00124,-0.62,0.535471,True,0.00124
VOL_HIGH,sector,1501-2000,insurance,999,-0.00109,-1.04,0.298136,True,0.00109
VOL_HIGH,sector,1501-2000,interoperability,420,-0.00219,-1.248,0.211964,True,0.00219
VOL_HIGH,sector,1501-2000,iot,1256,-0.00013,-0.12,0.904347,True,0.00013
VOL_HIGH,sector,1501-2000,jobs,338,-0.00496,-2.5,0.012416,True,0.00496
VOL_HIGH,sector,1501-2000,klaytn,637,0.00288,2.481,0.013085,True,0.00288
VOL_HIGH,sector,1501-2000,kommunitas-launchpad,245,-0.00154,-0.694,0.487614,True,0.00154
VOL_HIGH,sector,1501-2000,launchpad,2612,-0.00045,-0.722,0.470447,True,0.00045
VOL_HIGH,sector,1501-2000,launchzone,240,-0.0029,-1.458,0.144798,True,0.0029
VOL_HIGH,sector,1501-2000,layer-1,403,-0.00158,-1.046,0.295535,True,0.00158
VOL_HIGH,sector,1501-2000,logistics,1120,-0.00104,-0.893,0.371919,True,0.00104
VOL_HIGH,sector,1501-2000,loyalty,537,-0.00025,-0.163,0.870343,True,0.00025
VOL_HIGH,sector,1501-2000,marketing,3208,-0.0003,-0.47,0.638161,True,0.0003
VOL_HIGH,sector,1501-2000,marketplace,12540,-0.00037,-1.187,0.23522,True,0.00037
VOL_HIGH,sector,1501-2000,masternodes,1779,-0.00136,-1.56,0.118646,True,0.00136
VOL_HIGH,sector,1501-2000,media,5783,0.00014,0.299,0.765172,True,0.00014
VOL_HIGH,sector,1501-2000,medium-of-exchange,2556,0.00148,1.983,0.047403,True,0.00148
VOL_HIGH,sector,1501-2000,memes,25182,-0.00398,-17.039,0.0,True,0.00398
VOL_HIGH,sector,1501-2000,metaverse,586,-0.00329,-2.508,0.012157,True,0.00329
VOL_HIGH,sector,1501-2000,mineable,67732,0.00016,1.207,0.227492,True,0.00016
VOL_HIGH,sector,1501-2000,music,266,-0.00226,-1.077,0.281346,True,0.00226
VOL_HIGH,sector,1501-2000,mvb,332,-0.00043,-0.256,0.797606,True,0.00043
VOL_HIGH,sector,1501-2000,okx-ventures-portfolio,200,0.00041,0.176,0.860506,True,0.00041
VOL_HIGH,sector,1501-2000,optimism,286,-0.00242,-1.351,0.17667,True,0.00242
VOL_HIGH,sector,1501-2000,oracles,1523,-0.001,-1.117,0.264124,True,0.001
VOL_HIGH,sector,1501-2000,osmosis,252,-0.00182,-0.848,0.396202,True,0.00182
VOL_HIGH,sector,1501-2000,payments,1706,-0.00068,-0.81,0.417686,True,0.00068
VOL_HIGH,sector,1501-2000,philanthropy,533,-0.00031,-0.235,0.814413,True,0.00031
VOL_HIGH,sector,1501-2000,platform,18538,-0.00075,-2.967,0.003006,True,0.00075
VOL_HIGH,sector,1501-2000,play-to-earn,519,-0.0001,-0.064,0.94876,True,0.0001
VOL_HIGH,sector,1501-2000,polkadot,1793,-0.00251,-3.062,0.002198,True,0.00251
VOL_HIGH,sector,1501-2000,polkastarter,774,-0.00287,-2.351,0.018742,True,0.00287
VOL_HIGH,sector,1501-2000,polygon,2097,0.00083,1.163,0.244779,True,0.00083
VOL_HIGH,sector,1501-2000,poolz-finance,216,-0.00444,-1.606,0.108278,True,0.00444
VOL_HIGH,sector,1501-2000,pos,5109,0.00064,1.322,0.186078,True,0.00064
VOL_HIGH,sector,1501-2000,posign,387,0.00244,1.495,0.134804,True,0.00244
VOL_HIGH,sector,1501-2000,pow,2406,0.00073,1.275,0.202196,True,0.00073
VOL_HIGH,sector,1501-2000,prediction-markets,559,-0.00378,-2.508,0.012127,True,0.00378
VOL_HIGH,sector,1501-2000,privacy,1313,-0.00091,-0.882,0.377991,True,0.00091
VOL_HIGH,sector,1501-2000,real-estate,2306,-0.0009,-1.205,0.228321,True,0.0009
VOL_HIGH,sector,1501-2000,real-world-assets,261,-0.00399,-1.718,0.085806,True,0.00399
VOL_HIGH,sector,1501-2000,rebase,1148,0.00118,1.184,0.236584,True,0.00118
VOL_HIGH,sector,1501-2000,rehypothecated-crypto,495,0.0017,1.048,0.294755,True,0.0017
VOL_HIGH,sector,1501-2000,retail,343,-0.00235,-1.144,0.25269,True,0.00235
VOL_HIGH,sector,1501-2000,scrypt,435,0.00131,0.899,0.368466,True,0.00131
VOL_HIGH,sector,1501-2000,services,3581,-0.00116,-2.011,0.044274,True,0.00116
VOL_HIGH,sector,1501-2000,smart-contracts,495,0.00074,0.511,0.609394,True,0.00074
VOL_HIGH,sector,1501-2000,social-money,534,-0.0025,-1.591,0.111644,True,0.0025
VOL_HIGH,sector,1501-2000,solana,4931,-0.00343,-6.459,0.0,True,0.00343
VOL_HIGH,sector,1501-2000,sports,8585,0.00079,2.336,0.019476,True,0.00079
VOL_HIGH,sector,1501-2000,stablecoin,1441,0.00617,11.407,0.0,True,0.00617
VOL_HIGH,sector,1501-2000,staking,964,-0.0032,-2.651,0.008022,True,0.0032
VOL_HIGH,sector,1501-2000,store-of-value,625,0.00124,1.017,0.308986,True,0.00124
VOL_HIGH,sector,1501-2000,substrate,426,-0.00207,-1.157,0.247181,True,0.00207
VOL_HIGH,sector,1501-2000,sui,298,-0.0004,-0.21,0.833843,True,0.0004
VOL_HIGH,sector,1501-2000,telegram-bot,253,-0.00462,-2.027,0.042694,True,0.00462
VOL_HIGH,sector,1501-2000,toncoin,517,0.00069,0.525,0.599844,True,0.00069
VOL_HIGH,sector,1501-2000,tourism,224,-0.0014,-0.692,0.489059,True,0.0014
VOL_HIGH,sector,1501-2000,transport,521,-0.00281,-1.51,0.130936,True,0.00281
VOL_HIGH,sector,1501-2000,tron,361,0.00435,3.322,0.000893,True,0.00435
VOL_HIGH,sector,1501-2000,trustswap-launchpad,611,-0.00132,-0.906,0.365115,True,0.00132
VOL_HIGH,sector,1501-2000,vbc-ventures-portfolio,539,-0.0058,-3.692,0.000222,True,0.0058
VOL_HIGH,sector,1501-2000,vr-ar,1522,-0.00076,-0.909,0.363599,True,0.00076
VOL_HIGH,sector,1501-2000,wrapped-tokens,312,0.00103,0.524,0.600019,True,0.00103
VOL_HIGH,sector,1501-2000,yield-aggregator,232,-0.00216,-1.008,0.313604,True,0.00216
VOL_HIGH,sector,1501-2000,yield-farming,2442,-0.00094,-1.393,0.163598,True,0.00094
ETH_STRONG,chain,501-750,,56309,0.0006,4.579,5e-06,True,0.0006
ETH_STRONG,chain,501-750,-,2808,0.00453,7.045,0.0,True,0.00453
ETH_STRONG,chain,501-750,A,233,0.00386,1.666,0.095633,True,0.00386
ETH_STRONG,chain,501-750,ADA,1003,0.00698,7.549,0.0,True,0.00698
ETH_STRONG,chain,501-750,ARB,1821,0.00077,1.163,0.244795,True,0.00077
ETH_STRONG,chain,501-750,AVAX,1276,0.00631,7.449,0.0,True,0.00631
ETH_STRONG,chain,501-750,BLAST,219,-0.00456,-3.488,0.000486,True,0.00456
ETH_STRONG,chain,501-750,BNB,29275,0.0003,1.688,0.091502,True,0.0003
ETH_STRONG,chain,501-750,BTC,451,-0.00202,-1.256,0.208945,True,0.00202
ETH_STRONG,chain,501-750,CELO,663,-0.01103,-17.256,0.0,True,0.01103
ETH_STRONG,chain,501-750,CRO,264,-0.0043,-2.479,0.013169,True,0.0043
ETH_STRONG,chain,501-750,ETH,158350,0.00174,22.058,0.0,True,0.00174
ETH_STRONG,chain,501-750,GRAM,573,0.00331,2.68,0.00736,True,0.00331
ETH_STRONG,chain,501-750,HBAR,332,0.00602,4.141,3.5e-05,True,0.00602
ETH_STRONG,chain,501-750,KAIA,1558,-0.00219,-2.758,0.005813,True,0.00219
ETH_STRONG,chain,501-750,NEO,1094,0.00714,7.992,0.0,True,0.00714
ETH_STRONG,chain,501-750,ONT,378,0.00074,0.648,0.51705,True,0.00074
ETH_STRONG,chain,501-750,OP,333,0.00874,5.78,0.0,True,0.00874
ETH_STRONG,chain,501-750,OSMO,579,-0.002,-1.293,0.196129,True,0.002
ETH_STRONG,chain,501-750,POL,2386,0.0004,0.67,0.502722,True,0.0004
ETH_STRONG,chain,501-750,SDN,322,0.00648,4.287,1.8e-05,True,0.00648
ETH_STRONG,chain,501-750,SOL,15710,0.00179,7.034,0.0,True,0.00179
ETH_STRONG,chain,501-750,SUI,1103,0.00637,6.264,0.0,True,0.00637
ETH_STRONG,chain,501-750,TAO,319,0.00741,4.633,4e-06,True,0.00741
ETH_STRONG,chain,501-750,TRX,878,-0.00811,-7.91,0.0,True,0.00811
ETH_STRONG,chain,501-750,XDC,317,-0.00941,-7.884,0.0,True,0.00941
ETH_STRONG,chain,501-750,XLM,554,-0.00536,-4.304,1.7e-05,True,0.00536
ETH_STRONG,chain,501-750,XRP,286,-0.00542,-2.912,0.003592,True,0.00542
ETH_STRONG,chain,751-1000,,55982,0.0008,5.697,0.0,True,0.0008
ETH_STRONG,chain,751-1000,-,3123,0.00087,1.42,0.155493,True,0.00087
ETH_STRONG,chain,751-1000,A,668,0.00234,1.766,0.077339,True,0.00234
ETH_STRONG,chain,751-1000,ADA,912,0.00457,5.245,0.0,True,0.00457
ETH_STRONG,chain,751-1000,ALGO,208,-0.00656,-4.024,5.7e-05,True,0.00656
ETH_STRONG,chain,751-1000,ARB,1431,0.00026,0.327,0.743731,True,0.00026
ETH_STRONG,chain,751-1000,ARBITRUM,251,-0.00146,-0.656,0.511646,True,0.00146
ETH_STRONG,chain,751-1000,AVAX,1476,0.0039,5.136,0.0,True,0.0039
ETH_STRONG,chain,751-1000,BNB,31580,0.00018,1.053,0.292119,True,0.00018
ETH_STRONG,chain,751-1000,BTC,307,-0.00054,-0.246,0.80601,True,0.00054
ETH_STRONG,chain,751-1000,CRO,588,-0.00418,-3.855,0.000116,True,0.00418
ETH_STRONG,chain,751-1000,DOT,202,0.00175,0.837,0.402404,True,0.00175
ETH_STRONG,chain,751-1000,EGLD,228,0.0076,4.147,3.4e-05,True,0.0076
ETH_STRONG,chain,751-1000,ETH,150116,0.00159,19.109,0.0,True,0.00159
ETH_STRONG,chain,751-1000,FTM,236,0.00757,3.18,0.001475,True,0.00757
ETH_STRONG,chain,751-1000,GRAM,693,0.00257,2.329,0.019884,True,0.00257
ETH_STRONG,chain,751-1000,HBAR,255,0.00624,4.255,2.1e-05,True,0.00624
ETH_STRONG,chain,751-1000,ICP,544,0.00721,6.255,0.0,True,0.00721
ETH_STRONG,chain,751-1000,KAIA,2407,-0.00104,-1.611,0.107242,True,0.00104
ETH_STRONG,chain,751-1000,NEO,1041,0.00216,2.074,0.038079,True,0.00216
ETH_STRONG,chain,751-1000,OP,249,0.00657,3.837,0.000124,True,0.00657
ETH_STRONG,chain,751-1000,OSMO,809,-7e-05,-0.058,0.953436,True,7e-05
ETH_STRONG,chain,751-1000,POL,2986,-0.00276,-4.766,2e-06,True,0.00276
ETH_STRONG,chain,751-1000,SOL,18892,0.00114,4.846,1e-06,True,0.00114
ETH_STRONG,chain,751-1000,SUI,1148,0.00673,6.855,0.0,True,0.00673
ETH_STRONG,chain,751-1000,TRX,910,-0.00491,-4.597,4e-06,True,0.00491
ETH_STRONG,chain,751-1000,XDC,716,-0.0073,-10.467,0.0,True,0.0073
ETH_STRONG,chain,751-1000,XLM,578,-0.00291,-2.039,0.04146,True,0.00291
ETH_STRONG,chain,1001-1500,,117148,0.00023,2.268,0.023319,True,0.00023
ETH_STRONG,chain,1001-1500,-,7178,0.00427,10.703,0.0,True,0.00427
ETH_STRONG,chain,1001-1500,A,2145,0.00348,4.754,2e-06,True,0.00348
ETH_STRONG,chain,1001-1500,ADA,1524,0.00193,2.897,0.00377,True,0.00193
ETH_STRONG,chain,1001-1500,ALGO,329,-0.00709,-4.571,5e-06,True,0.00709
ETH_STRONG,chain,1001-1500,APT,548,0.00108,0.691,0.489607,True,0.00108
ETH_STRONG,chain,1001-1500,ARB,2934,-0.00092,-1.585,0.11304,True,0.00092
ETH_STRONG,chain,1001-1500,ARBITRUM,379,0.00236,1.459,0.144511,True,0.00236
ETH_STRONG,chain,1001-1500,AVAX,3073,0.00416,7.144,0.0,True,0.00416
ETH_STRONG,chain,1001-1500,BCH,421,-0.00263,-2.05,0.040359,True,0.00263
ETH_STRONG,chain,1001-1500,BITCI,475,-0.00375,-2.707,0.006786,True,0.00375
ETH_STRONG,chain,1001-1500,BNB,70243,-0.00042,-3.556,0.000376,True,0.00042
ETH_STRONG,chain,1001-1500,BTC,758,-0.00032,-0.241,0.809185,True,0.00032
ETH_STRONG,chain,1001-1500,CELO,366,-0.00718,-7.381,0.0,True,0.00718
ETH_STRONG,chain,1001-1500,CHZ,299,-0.00231,-1.155,0.247954,True,0.00231
ETH_STRONG,chain,1001-1500,CRO,968,-0.00067,-0.855,0.392622,True,0.00067
ETH_STRONG,chain,1001-1500,DOT,671,0.00083,0.777,0.437229,True,0.00083
ETH_STRONG,chain,1001-1500,EGLD,253,0.00837,4.449,9e-06,True,0.00837
ETH_STRONG,chain,1001-1500,ETH,287581,0.00127,20.661,0.0,True,0.00127
ETH_STRONG,chain,1001-1500,FTM,541,0.00735,4.818,1e-06,True,0.00735
ETH_STRONG,chain,1001-1500,GRAM,1610,0.00093,1.253,0.210277,True,0.00093
ETH_STRONG,chain,1001-1500,ICP,780,0.00838,7.237,0.0,True,0.00838
ETH_STRONG,chain,1001-1500,KAIA,3469,0.00046,0.943,0.34581,True,0.00046
ETH_STRONG,chain,1001-1500,LINEA,225,0.00832,4.283,1.8e-05,True,0.00832
ETH_STRONG,chain,1001-1500,LUNC,235,0.00049,0.198,0.843054,True,0.00049
ETH_STRONG,chain,1001-1500,MNT,296,0.00474,2.814,0.004891,True,0.00474
ETH_STRONG,chain,1001-1500,NEO,1634,0.00119,1.306,0.191642,True,0.00119
ETH_STRONG,chain,1001-1500,OKB,219,0.01044,8.932,0.0,True,0.01044
ETH_STRONG,chain,1001-1500,OP,227,0.0084,4.037,5.4e-05,True,0.0084
ETH_STRONG,chain,1001-1500,OSMO,1318,0.00316,3.591,0.00033,True,0.00316
ETH_STRONG,chain,1001-1500,POL,7852,-0.00119,-3.183,0.001459,True,0.00119
ETH_STRONG,chain,1001-1500,SOL,37084,0.0015,8.745,0.0,True,0.0015
ETH_STRONG,chain,1001-1500,SUI,1843,0.00438,6.013,0.0,True,0.00438
ETH_STRONG,chain,1001-1500,TRX,2461,-0.00303,-4.652,3e-06,True,0.00303
ETH_STRONG,chain,1001-1500,VET,203,0.00485,2.068,0.03866,True,0.00485
ETH_STRONG,chain,1001-1500,WAN,413,0.00457,3.076,0.002095,True,0.00457
ETH_STRONG,chain,1001-1500,WAVES,393,-0.00629,-3.885,0.000102,True,0.00629
ETH_STRONG,chain,1001-1500,XDC,485,-0.00379,-3.064,0.002183,True,0.00379
ETH_STRONG,chain,1001-1500,XLM,218,-0.00311,-1.445,0.148518,True,0.00311
ETH_STRONG,chain,1001-1500,XRP,617,0.0051,3.369,0.000754,True,0.0051
ETH_STRONG,chain,1001-1500,ZK,547,0.00556,3.881,0.000104,True,0.00556
ETH_STRONG,chain,1501-2000,,125723,-6e-05,-0.653,0.513441,True,6e-05
ETH_STRONG,chain,1501-2000,-,7115,0.00425,10.616,0.0,True,0.00425
ETH_STRONG,chain,1501-2000,A,1585,-0.00058,-0.678,0.497889,True,0.00058
ETH_STRONG,chain,1501-2000,ADA,1191,0.00174,2.505,0.012237,True,0.00174
ETH_STRONG,chain,1501-2000,ALGO,257,-0.00144,-0.671,0.502132,True,0.00144
ETH_STRONG,chain,1501-2000,APT,334,0.00342,1.771,0.076521,True,0.00342
ETH_STRONG,chain,1501-2000,ARB,3245,0.00011,0.186,0.852806,True,0.00011
ETH_STRONG,chain,1501-2000,ARBITRUM,244,-0.00528,-2.479,0.013166,True,0.00528
ETH_STRONG,chain,1501-2000,AVAX,2823,0.00177,2.819,0.004824,True,0.00177
ETH_STRONG,chain,1501-2000,BITCI,355,-0.00913,-5.125,0.0,True,0.00913
ETH_STRONG,chain,1501-2000,BNB,75254,-0.00207,-18.177,0.0,True,0.00207
ETH_STRONG,chain,1501-2000,BTC,618,-0.00068,-0.525,0.599463,True,0.00068
ETH_STRONG,chain,1501-2000,CELO,313,-0.00463,-3.594,0.000325,True,0.00463
ETH_STRONG,chain,1501-2000,CHZ,698,0.00078,0.675,0.49938,True,0.00078
ETH_STRONG,chain,1501-2000,CRO,382,0.0033,2.522,0.011685,True,0.0033
ETH_STRONG,chain,1501-2000,EGLD,550,0.00842,6.976,0.0,True,0.00842
ETH_STRONG,chain,1501-2000,ETH,275244,0.00036,5.721,0.0,True,0.00036
ETH_STRONG,chain,1501-2000,FTM,382,0.00371,1.936,0.052885,True,0.00371
ETH_STRONG,chain,1501-2000,GLMR,507,0.00693,4.463,8e-06,True,0.00693
ETH_STRONG,chain,1501-2000,GRAM,1360,-0.00048,-0.578,0.5633,True,0.00048
ETH_STRONG,chain,1501-2000,HBAR,322,0.00261,1.271,0.203659,True,0.00261
ETH_STRONG,chain,1501-2000,HT,416,-0.00443,-2.757,0.005831,True,0.00443
ETH_STRONG,chain,1501-2000,ICP,631,0.00814,6.659,0.0,True,0.00814
ETH_STRONG,chain,1501-2000,KAIA,1869,-0.00217,-3.132,0.001735,True,0.00217
ETH_STRONG,chain,1501-2000,LINEA,290,0.00589,3.488,0.000487,True,0.00589
ETH_STRONG,chain,1501-2000,NEO,986,-0.00058,-0.5,0.616843,True,0.00058
ETH_STRONG,chain,1501-2000,OKB,250,0.01116,8.698,0.0,True,0.01116
ETH_STRONG,chain,1501-2000,OP,336,0.00842,5.32,0.0,True,0.00842
ETH_STRONG,chain,1501-2000,OSMO,1035,0.003,2.779,0.00546,True,0.003
ETH_STRONG,chain,1501-2000,POL,8879,-0.0029,-8.517,0.0,True,0.0029
ETH_STRONG,chain,1501-2000,SOL,40066,0.00176,10.389,0.0,True,0.00176
ETH_STRONG,chain,1501-2000,SUI,1141,-0.00081,-0.755,0.450077,True,0.00081
ETH_STRONG,chain,1501-2000,TRX,2192,-0.00245,-3.501,0.000463,True,0.00245
ETH_STRONG,chain,1501-2000,VET,401,0.0027,1.436,0.151104,True,0.0027
ETH_STRONG,chain,1501-2000,WAVES,753,-0.00086,-0.679,0.497049,True,0.00086
ETH_STRONG,chain,1501-2000,XDC,255,-0.00207,-1.787,0.073953,True,0.00207
ETH_STRONG,chain,1501-2000,XLM,273,0.00055,0.253,0.800018,True,0.00055
ETH_STRONG,chain,1501-2000,XRP,438,0.0,0.001,0.999329,True,0.0
ETH_STRONG,chain,1501-2000,ZK,840,0.00368,3.357,0.000787,True,0.00368
ETH_STRONG,sector,501-750,,46234,-0.00068,-4.269,2e-05,True,0.00068
ETH_STRONG,sector,501-750,ai-big-data,11000,0.00484,15.096,0.0,True,0.00484
ETH_STRONG,sector,501-750,analytics,600,0.008,6.379,0.0,True,0.008
ETH_STRONG,sector,501-750,arbitrum,213,-0.00064,-0.393,0.694005,True,0.00064
ETH_STRONG,sector,501-750,art,217,0.00786,3.345,0.000824,True,0.00786
ETH_STRONG,sector,501-750,asset-management,3347,0.00119,2.12,0.034005,True,0.00119
ETH_STRONG,sector,501-750,avalanche,275,-0.00048,-0.242,0.80858,True,0.00048
ETH_STRONG,sector,501-750,base,343,0.00116,0.644,0.519346,True,0.00116
ETH_STRONG,sector,501-750,binance-chain,711,-0.00635,-5.27,0.0,True,0.00635
ETH_STRONG,sector,501-750,binance-labs-portfolio,304,0.00251,1.422,0.155163,True,0.00251
ETH_STRONG,sector,501-750,binance-launchpad,663,0.00411,4.042,5.3e-05,True,0.00411
ETH_STRONG,sector,501-750,binance-smart-chain,1985,0.00161,2.08,0.037491,True,0.00161
ETH_STRONG,sector,501-750,bitcoin,661,-0.00476,-4.273,1.9e-05,True,0.00476
ETH_STRONG,sector,501-750,bnb-chain,4223,-0.00056,-1.31,0.190252,True,0.00056
ETH_STRONG,sector,501-750,centralized-exchange,1371,0.00039,0.492,0.623027,True,0.00039
ETH_STRONG,sector,501-750,coinbase-ventures-portfolio,227,0.00458,1.969,0.048922,True,0.00458
ETH_STRONG,sector,501-750,collectibles-nfts,16877,0.00289,12.323,0.0,True,0.00289
ETH_STRONG,sector,501-750,commodities,260,-0.00251,-1.508,0.131437,True,0.00251
ETH_STRONG,sector,501-750,communications-social-media,1909,0.00015,0.216,0.829003,True,0.00015
ETH_STRONG,sector,501-750,cosmos,4616,0.00024,0.565,0.571984,True,0.00024
ETH_STRONG,sector,501-750,cross-chain,236,-0.00072,-0.431,0.666202,True,0.00072
ETH_STRONG,sector,501-750,cybersecurity,2715,0.00212,3.801,0.000144,True,0.00212
ETH_STRONG,sector,501-750,dag,926,0.00501,5.292,0.0,True,0.00501
ETH_STRONG,sector,501-750,dao,1994,0.00152,2.48,0.013134,True,0.00152
ETH_STRONG,sector,501-750,decentralized-exchange,1900,0.00219,2.972,0.002958,True,0.00219
ETH_STRONG,sector,501-750,decentralized-exchange-dex-token,5091,0.00239,6.233,0.0,True,0.00239
ETH_STRONG,sector,501-750,defi,33446,0.00243,15.516,0.0,True,0.00243
ETH_STRONG,sector,501-750,derivatives,279,0.00876,5.467,0.0,True,0.00876
ETH_STRONG,sector,501-750,distributed-computing,2792,-0.00151,-2.451,0.01425,True,0.00151
ETH_STRONG,sector,501-750,dpos,1041,-0.00221,-2.612,0.008993,True,0.00221
ETH_STRONG,sector,501-750,dwf-labs-portfolio,667,0.00109,0.977,0.328619,True,0.00109
ETH_STRONG,sector,501-750,education,770,0.00494,4.458,8e-06,True,0.00494
ETH_STRONG,sector,501-750,energy,945,0.00202,1.899,0.057504,True,0.00202
ETH_STRONG,sector,501-750,enterprise-solutions,432,0.00182,1.187,0.235259,True,0.00182
ETH_STRONG,sector,501-750,ethereum,9703,-0.0009,-3.186,0.001443,True,0.0009
ETH_STRONG,sector,501-750,events,542,0.00608,4.378,1.2e-05,True,0.00608
ETH_STRONG,sector,501-750,exnetwork-capital-portfolio,671,-0.00057,-0.447,0.655113,True,0.00057
ETH_STRONG,sector,501-750,fan-token,977,-0.00156,-1.89,0.058818,True,0.00156
ETH_STRONG,sector,501-750,fantom,292,0.01069,5.692,0.0,True,0.01069
ETH_STRONG,sector,501-750,filesharing,331,0.00407,2.187,0.028774,True,0.00407
ETH_STRONG,sector,501-750,gambling,1102,0.00133,1.269,0.204567,True,0.00133
ETH_STRONG,sector,501-750,gaming,4945,0.00163,3.58,0.000344,True,0.00163
ETH_STRONG,sector,501-750,hardware,849,-0.00022,-0.242,0.808611,True,0.00022
ETH_STRONG,sector,501-750,health,1124,-0.00125,-1.391,0.164223,True,0.00125
ETH_STRONG,sector,501-750,hospitality,588,0.00643,6.04,0.0,True,0.00643
ETH_STRONG,sector,501-750,hybrid-pow-pos,465,0.00162,1.043,0.297123,True,0.00162
ETH_STRONG,sector,501-750,identity,319,-0.00719,-4.208,2.6e-05,True,0.00719
ETH_STRONG,sector,501-750,insurance,641,0.00278,2.008,0.044694,True,0.00278
ETH_STRONG,sector,501-750,interoperability,1681,0.00302,4.13,3.6e-05,True,0.00302
ETH_STRONG,sector,501-750,iot,798,0.00129,1.121,0.26221,True,0.00129
ETH_STRONG,sector,501-750,launchpad,373,0.0016,0.895,0.370865,True,0.0016
ETH_STRONG,sector,501-750,layer-1,558,-0.00033,-0.273,0.784904,True,0.00033
ETH_STRONG,sector,501-750,logistics,1324,0.00611,6.527,0.0,True,0.00611
ETH_STRONG,sector,501-750,lpos,278,-0.00148,-0.836,0.403149,True,0.00148
ETH_STRONG,sector,501-750,marketing,1498,0.00377,4.984,1e-06,True,0.00377
ETH_STRONG,sector,501-750,marketplace,9288,0.00191,5.944,0.0,True,0.00191
ETH_STRONG,sector,501-750,media,6445,0.00282,7.513,0.0,True,0.00282
ETH_STRONG,sector,501-750,medium-of-exchange,3043,-0.00142,-2.672,0.007536,True,0.00142
ETH_STRONG,sector,501-750,memes,10748,0.00565,16.504,0.0,True,0.00565
ETH_STRONG,sector,501-750,metaverse,560,0.00335,2.748,0.005997,True,0.00335
ETH_STRONG,sector,501-750,mineable,15822,0.00159,6.259,0.0,True,0.00159
ETH_STRONG,sector,501-750,music,366,0.00072,0.455,0.64933,True,0.00072
ETH_STRONG,sector,501-750,mvb,239,4e-05,0.021,0.983055,True,4e-05
ETH_STRONG,sector,501-750,optimism,363,0.00619,3.741,0.000183,True,0.00619
ETH_STRONG,sector,501-750,oracles,369,0.00458,2.192,0.028407,True,0.00458
ETH_STRONG,sector,501-750,osmosis,230,-0.00234,-1.134,0.256842,True,0.00234
ETH_STRONG,sector,501-750,payments,569,-0.00384,-2.73,0.006333,True,0.00384
ETH_STRONG,sector,501-750,platform,16096,0.00335,13.634,0.0,True,0.00335
ETH_STRONG,sector,501-750,polkadot,979,0.00394,3.69,0.000225,True,0.00394
ETH_STRONG,sector,501-750,polkastarter,261,0.0042,1.78,0.075133,True,0.0042
ETH_STRONG,sector,501-750,polygon,866,-0.00082,-0.903,0.366601,True,0.00082
ETH_STRONG,sector,501-750,pos,2499,0.00316,5.384,0.0,True,0.00316
ETH_STRONG,sector,501-750,pow,828,-0.00076,-0.68,0.49649,True,0.00076
ETH_STRONG,sector,501-750,prediction-markets,377,0.00376,2.978,0.002906,True,0.00376
ETH_STRONG,sector,501-750,privacy,1937,-0.0015,-2.138,0.032538,True,0.0015
ETH_STRONG,sector,501-750,real-estate,1101,0.00538,5.199,0.0,True,0.00538
ETH_STRONG,sector,501-750,real-world-assets,326,0.00599,3.128,0.001762,True,0.00599
ETH_STRONG,sector,501-750,retail,537,0.00917,7.033,0.0,True,0.00917
ETH_STRONG,sector,501-750,scaling,783,0.00132,1.416,0.156825,True,0.00132
ETH_STRONG,sector,501-750,services,4594,0.00172,3.493,0.000478,True,0.00172
ETH_STRONG,sector,501-750,smart-contracts,394,-0.00315,-1.895,0.058094,True,0.00315
ETH_STRONG,sector,501-750,solana,2304,0.00301,4.217,2.5e-05,True,0.00301
ETH_STRONG,sector,501-750,spartan-group,230,0.00147,0.656,0.51165,True,0.00147
ETH_STRONG,sector,501-750,sports,3025,-0.00173,-3.684,0.00023,True,0.00173
ETH_STRONG,sector,501-750,stablecoin,4007,-0.00988,-32.496,0.0,True,0.00988
ETH_STRONG,sector,501-750,staking,227,-0.00768,-3.553,0.000381,True,0.00768
ETH_STRONG,sector,501-750,store-of-value,988,-0.00809,-12.04,0.0,True,0.00809
ETH_STRONG,sector,501-750,substrate,292,-0.00129,-0.659,0.509951,True,0.00129
ETH_STRONG,sector,501-750,tokenized-stock,1007,-0.01488,-19.436,0.0,True,0.01488
ETH_STRONG,sector,501-750,trustswap-launchpad,307,0.00291,1.37,0.170751,True,0.00291
ETH_STRONG,sector,501-750,vr-ar,1406,0.00463,5.921,0.0,True,0.00463
ETH_STRONG,sector,501-750,wallet,852,-0.00059,-0.632,0.527191,True,0.00059
ETH_STRONG,sector,501-750,web3,246,-0.00366,-2.245,0.024741,True,0.00366
ETH_STRONG,sector,501-750,yield-farming,867,0.00222,2.072,0.038276,True,0.00222
ETH_STRONG,sector,501-750,zero-knowledge-proofs,610,0.00406,3.507,0.000453,True,0.00406
ETH_STRONG,sector,751-1000,,53986,-0.00037,-2.529,0.011435,True,0.00037
ETH_STRONG,sector,751-1000,ai-big-data,11272,0.00385,12.068,0.0,True,0.00385
ETH_STRONG,sector,751-1000,alameda-research-portfolio,343,-0.001,-0.577,0.563905,True,0.001
ETH_STRONG,sector,751-1000,algorand,334,-0.00444,-3.101,0.001931,True,0.00444
ETH_STRONG,sector,751-1000,amm,392,0.00396,2.54,0.011074,True,0.00396
ETH_STRONG,sector,751-1000,art,241,0.00266,1.224,0.22096,True,0.00266
ETH_STRONG,sector,751-1000,asset-management,4352,0.00136,2.601,0.009283,True,0.00136
ETH_STRONG,sector,751-1000,avalanche,637,-0.0043,-3.818,0.000134,True,0.0043
ETH_STRONG,sector,751-1000,base,416,-0.00113,-0.693,0.488481,True,0.00113
ETH_STRONG,sector,751-1000,binance-chain,552,-0.00365,-2.877,0.00402,True,0.00365
ETH_STRONG,sector,751-1000,binance-labs-portfolio,227,0.00556,2.78,0.005432,True,0.00556
ETH_STRONG,sector,751-1000,binance-launchpad,355,0.00774,5.829,0.0,True,0.00774
ETH_STRONG,sector,751-1000,binance-smart-chain,2146,0.00126,1.664,0.096074,True,0.00126
ETH_STRONG,sector,751-1000,bitcoin,334,-0.00477,-2.872,0.00408,True,0.00477
ETH_STRONG,sector,751-1000,bnb-chain,5235,0.00182,4.692,3e-06,True,0.00182
ETH_STRONG,sector,751-1000,cardano,307,0.00395,2.416,0.015678,True,0.00395
ETH_STRONG,sector,751-1000,centralized-exchange,1492,-0.0016,-2.236,0.025325,True,0.0016
ETH_STRONG,sector,751-1000,coinbase-ventures-portfolio,271,-0.00397,-1.985,0.047111,True,0.00397
ETH_STRONG,sector,751-1000,collectibles-nfts,15742,0.00255,10.0,0.0,True,0.00255
ETH_STRONG,sector,751-1000,commodities,201,0.00516,2.483,0.013024,True,0.00516
ETH_STRONG,sector,751-1000,communications-social-media,2387,0.00201,3.102,0.001919,True,0.00201
ETH_STRONG,sector,751-1000,content-creation,284,-0.007,-3.423,0.000619,True,0.007
ETH_STRONG,sector,751-1000,cosmos,3291,0.00111,2.092,0.036403,True,0.00111
ETH_STRONG,sector,751-1000,crowdfunding,268,-0.00161,-0.882,0.377636,True,0.00161
ETH_STRONG,sector,751-1000,cybersecurity,2040,0.00329,4.889,1e-06,True,0.00329
ETH_STRONG,sector,751-1000,dag,1378,0.00074,1.022,0.306854,True,0.00074
ETH_STRONG,sector,751-1000,dao,1541,0.00401,5.147,0.0,True,0.00401
ETH_STRONG,sector,751-1000,dao-maker,226,-0.00283,-1.267,0.205209,True,0.00283
ETH_STRONG,sector,751-1000,data-provenance,233,0.00043,0.211,0.83303,True,0.00043
ETH_STRONG,sector,751-1000,decentralized-exchange,1753,-0.00147,-1.88,0.060134,True,0.00147
ETH_STRONG,sector,751-1000,decentralized-exchange-dex-token,5180,0.00331,8.697,0.0,True,0.00331
ETH_STRONG,sector,751-1000,defi,25318,0.00241,13.008,0.0,True,0.00241
ETH_STRONG,sector,751-1000,derivatives,296,0.00267,1.608,0.107849,True,0.00267
ETH_STRONG,sector,751-1000,distributed-computing,2913,-0.00041,-0.713,0.475979,True,0.00041
ETH_STRONG,sector,751-1000,dpos,755,-0.00038,-0.319,0.749995,True,0.00038
ETH_STRONG,sector,751-1000,duckstarter,217,0.00412,1.655,0.097946,True,0.00412
ETH_STRONG,sector,751-1000,dwf-labs-portfolio,557,0.00138,1.011,0.3122,True,0.00138
ETH_STRONG,sector,751-1000,e-commerce,253,-7e-05,-0.035,0.972196,True,7e-05
ETH_STRONG,sector,751-1000,education,567,0.00499,3.873,0.000107,True,0.00499
ETH_STRONG,sector,751-1000,energy,946,-0.0003,-0.303,0.762001,True,0.0003
ETH_STRONG,sector,751-1000,enterprise-solutions,422,0.004,2.569,0.010202,True,0.004
ETH_STRONG,sector,751-1000,ethereum,10695,-0.00131,-4.899,1e-06,True,0.00131
ETH_STRONG,sector,751-1000,events,848,0.00183,1.604,0.108605,True,0.00183
ETH_STRONG,sector,751-1000,exnetwork-capital-portfolio,337,0.00669,3.637,0.000276,True,0.00669
ETH_STRONG,sector,751-1000,fan-token,1078,0.00182,2.159,0.030884,True,0.00182
ETH_STRONG,sector,751-1000,fantom,431,0.00689,3.904,9.5e-05,True,0.00689
ETH_STRONG,sector,751-1000,filesharing,564,0.0043,2.794,0.005208,True,0.0043
ETH_STRONG,sector,751-1000,gambling,2227,0.00301,4.19,2.8e-05,True,0.00301
ETH_STRONG,sector,751-1000,gaming,5711,0.00063,1.475,0.140193,True,0.00063
ETH_STRONG,sector,751-1000,hardware,347,-0.00318,-2.286,0.022244,True,0.00318
ETH_STRONG,sector,751-1000,health,1310,-0.00077,-0.855,0.392563,True,0.00077
ETH_STRONG,sector,751-1000,hospitality,500,0.005,3.497,0.00047,True,0.005
ETH_STRONG,sector,751-1000,hybrid-pow-pos,550,0.00183,1.24,0.215136,True,0.00183
ETH_STRONG,sector,751-1000,identity,422,-0.0007,-0.398,0.690735,True,0.0007
ETH_STRONG,sector,751-1000,insurance,478,0.00327,2.152,0.031395,True,0.00327
ETH_STRONG,sector,751-1000,interoperability,759,0.00204,1.74,0.081786,True,0.00204
ETH_STRONG,sector,751-1000,iot,334,0.00372,1.979,0.047813,True,0.00372
ETH_STRONG,sector,751-1000,launchpad,697,0.00083,0.677,0.498339,True,0.00083
ETH_STRONG,sector,751-1000,layer-1,386,-0.00116,-0.833,0.404886,True,0.00116
ETH_STRONG,sector,751-1000,layer-2,218,0.00184,0.763,0.445631,True,0.00184
ETH_STRONG,sector,751-1000,logistics,887,0.00431,3.44,0.000581,True,0.00431
ETH_STRONG,sector,751-1000,marketing,1418,0.00343,4.611,4e-06,True,0.00343
ETH_STRONG,sector,751-1000,marketplace,8859,0.00036,1.07,0.284732,True,0.00036
ETH_STRONG,sector,751-1000,masternodes,712,0.00337,2.752,0.005918,True,0.00337
ETH_STRONG,sector,751-1000,media,2974,0.00332,5.636,0.0,True,0.00332
ETH_STRONG,sector,751-1000,medium-of-exchange,1934,-0.00167,-2.137,0.032584,True,0.00167
ETH_STRONG,sector,751-1000,memes,11900,0.00329,9.963,0.0,True,0.00329
ETH_STRONG,sector,751-1000,metaverse,409,0.00707,4.646,3e-06,True,0.00707
ETH_STRONG,sector,751-1000,mineable,18590,0.00191,7.637,0.0,True,0.00191
ETH_STRONG,sector,751-1000,music,209,0.00481,2.205,0.027429,True,0.00481
ETH_STRONG,sector,751-1000,mvb,207,0.00066,0.348,0.727921,True,0.00066
ETH_STRONG,sector,751-1000,optimism,571,0.00262,1.994,0.046103,True,0.00262
ETH_STRONG,sector,751-1000,oracles,589,0.00233,1.555,0.119997,True,0.00233
ETH_STRONG,sector,751-1000,payments,1006,0.00106,0.996,0.319487,True,0.00106
ETH_STRONG,sector,751-1000,platform,13711,0.00241,8.408,0.0,True,0.00241
ETH_STRONG,sector,751-1000,polkadot,1195,0.00213,2.21,0.027106,True,0.00213
ETH_STRONG,sector,751-1000,polkastarter,537,0.00315,1.889,0.058864,True,0.00315
ETH_STRONG,sector,751-1000,polygon,1068,-0.00345,-3.634,0.000279,True,0.00345
ETH_STRONG,sector,751-1000,pos,3241,0.00202,3.412,0.000646,True,0.00202
ETH_STRONG,sector,751-1000,pow,1256,-0.00464,-5.103,0.0,True,0.00464
ETH_STRONG,sector,751-1000,prediction-markets,372,-0.00035,-0.26,0.794739,True,0.00035
ETH_STRONG,sector,751-1000,privacy,1498,0.00097,1.237,0.216252,True,0.00097
ETH_STRONG,sector,751-1000,real-estate,860,0.00195,1.598,0.109974,True,0.00195
ETH_STRONG,sector,751-1000,real-world-assets,830,0.00349,2.907,0.003654,True,0.00349
ETH_STRONG,sector,751-1000,retail,207,0.00516,2.4,0.016389,True,0.00516
ETH_STRONG,sector,751-1000,scaling,243,7e-05,0.041,0.966922,True,7e-05
ETH_STRONG,sector,751-1000,services,3482,0.00225,4.079,4.5e-05,True,0.00225
ETH_STRONG,sector,751-1000,smart-contracts,329,-0.00291,-1.845,0.065071,True,0.00291
ETH_STRONG,sector,751-1000,solana,2769,0.00207,3.187,0.00144,True,0.00207
ETH_STRONG,sector,751-1000,sports,5391,-0.0006,-1.772,0.076314,True,0.0006
ETH_STRONG,sector,751-1000,stablecoin,2786,-0.00706,-20.01,0.0,True,0.00706
ETH_STRONG,sector,751-1000,staking,242,-0.00117,-0.505,0.6133,True,0.00117
ETH_STRONG,sector,751-1000,store-of-value,653,-0.00435,-4.223,2.4e-05,True,0.00435
ETH_STRONG,sector,751-1000,substrate,703,-0.00278,-2.436,0.014871,True,0.00278
ETH_STRONG,sector,751-1000,tokenized-gold,449,-0.00493,-7.262,0.0,True,0.00493
ETH_STRONG,sector,751-1000,tokenized-stock,669,-0.01031,-10.56,0.0,True,0.01031
ETH_STRONG,sector,751-1000,trustswap-launchpad,433,0.0033,2.213,0.026883,True,0.0033
ETH_STRONG,sector,751-1000,vr-ar,1086,0.0031,3.405,0.000662,True,0.0031
ETH_STRONG,sector,751-1000,wallet,944,0.00152,1.696,0.089952,True,0.00152
ETH_STRONG,sector,751-1000,web3,213,-0.00153,-1.006,0.314515,True,0.00153
ETH_STRONG,sector,751-1000,yield-farming,745,0.00444,3.866,0.00011,True,0.00444
ETH_STRONG,sector,751-1000,zero-knowledge-proofs,1042,0.00334,3.557,0.000375,True,0.00334
ETH_STRONG,sector,1001-1500,,124200,-3e-05,-0.352,0.72516,True,3e-05
ETH_STRONG,sector,1001-1500,adult,327,0.00783,4.163,3.1e-05,True,0.00783
ETH_STRONG,sector,1001-1500,ai-big-data,20723,0.00381,16.23,0.0,True,0.00381
ETH_STRONG,sector,1001-1500,algorand,557,-0.00284,-2.569,0.010211,True,0.00284
ETH_STRONG,sector,1001-1500,amm,426,0.00056,0.341,0.733293,True,0.00056
ETH_STRONG,sector,1001-1500,aptos,254,0.0007,0.355,0.722226,True,0.0007
ETH_STRONG,sector,1001-1500,arbitrum,428,-0.00024,-0.151,0.879932,True,0.00024
ETH_STRONG,sector,1001-1500,arbitrum-ecosytem,711,-0.00097,-0.801,0.423107,True,0.00097
ETH_STRONG,sector,1001-1500,art,981,-0.00102,-0.908,0.364138,True,0.00102
ETH_STRONG,sector,1001-1500,asset-management,8796,0.00054,1.447,0.147937,True,0.00054
ETH_STRONG,sector,1001-1500,avalanche,1315,0.00055,0.632,0.527658,True,0.00055
ETH_STRONG,sector,1001-1500,base,1044,0.00416,3.584,0.000338,True,0.00416
ETH_STRONG,sector,1001-1500,binance-chain,1547,-0.00376,-4.886,1e-06,True,0.00376
ETH_STRONG,sector,1001-1500,binance-labs-portfolio,498,-0.00193,-1.401,0.161356,True,0.00193
ETH_STRONG,sector,1001-1500,binance-smart-chain,5210,-0.00028,-0.56,0.575211,True,0.00028
ETH_STRONG,sector,1001-1500,bnb-chain,11083,0.0007,2.555,0.010604,True,0.0007
ETH_STRONG,sector,1001-1500,bounce-launchpad,468,-0.00204,-1.475,0.140127,True,0.00204
ETH_STRONG,sector,1001-1500,bullperks-launchpad,237,-0.00377,-1.54,0.123509,True,0.00377
ETH_STRONG,sector,1001-1500,cardano,770,0.0044,4.034,5.5e-05,True,0.0044
ETH_STRONG,sector,1001-1500,centralized-exchange,1791,-0.00254,-3.74,0.000184,True,0.00254
ETH_STRONG,sector,1001-1500,collectibles-nfts,35583,0.00168,9.854,0.0,True,0.00168
ETH_STRONG,sector,1001-1500,commodities,429,8e-05,0.059,0.953181,True,8e-05
ETH_STRONG,sector,1001-1500,communications-social-media,4714,0.00259,5.694,0.0,True,0.00259
ETH_STRONG,sector,1001-1500,content-creation,332,-0.00679,-4.271,1.9e-05,True,0.00679
ETH_STRONG,sector,1001-1500,cosmos,3855,0.00129,2.425,0.01529,True,0.00129
ETH_STRONG,sector,1001-1500,cronos,493,-0.00131,-1.45,0.146997,True,0.00131
ETH_STRONG,sector,1001-1500,crowdfunding,733,-0.00103,-0.867,0.386206,True,0.00103
ETH_STRONG,sector,1001-1500,cybersecurity,1909,0.00184,2.44,0.014669,True,0.00184
ETH_STRONG,sector,1001-1500,dag,1368,0.00025,0.295,0.767907,True,0.00025
ETH_STRONG,sector,1001-1500,dao,3405,0.00231,4.503,7e-06,True,0.00231
ETH_STRONG,sector,1001-1500,dao-maker,283,0.00116,0.47,0.638407,True,0.00116
ETH_STRONG,sector,1001-1500,decentralized-exchange,2566,-0.00258,-3.876,0.000106,True,0.00258
ETH_STRONG,sector,1001-1500,decentralized-exchange-dex-token,5945,0.002,5.303,0.0,True,0.002
ETH_STRONG,sector,1001-1500,defi,42982,0.00164,11.424,0.0,True,0.00164
ETH_STRONG,sector,1001-1500,derivatives,273,0.00723,4.723,2e-06,True,0.00723
ETH_STRONG,sector,1001-1500,distributed-computing,3296,-0.00121,-2.066,0.0388,True,0.00121
ETH_STRONG,sector,1001-1500,dpos,1640,-0.00313,-3.524,0.000425,True,0.00313
ETH_STRONG,sector,1001-1500,duckstarter,476,0.00208,1.248,0.212204,True,0.00208
ETH_STRONG,sector,1001-1500,dwf-labs-portfolio,1261,-0.00225,-2.666,0.007671,True,0.00225
ETH_STRONG,sector,1001-1500,e-commerce,287,0.00238,1.394,0.163347,True,0.00238
ETH_STRONG,sector,1001-1500,education,1280,0.00305,3.216,0.001298,True,0.00305
ETH_STRONG,sector,1001-1500,energy,1402,0.00358,3.831,0.000128,True,0.00358
ETH_STRONG,sector,1001-1500,enterprise-solutions,469,-0.00102,-0.713,0.475705,True,0.00102
ETH_STRONG,sector,1001-1500,entertainment,506,-0.0028,-1.741,0.081713,True,0.0028
ETH_STRONG,sector,1001-1500,ethereum,23723,4e-05,0.205,0.837475,True,4e-05
ETH_STRONG,sector,1001-1500,events,977,0.00119,1.025,0.305198,True,0.00119
ETH_STRONG,sector,1001-1500,exnetwork-capital-portfolio,830,0.00537,4.807,2e-06,True,0.00537
ETH_STRONG,sector,1001-1500,fan-token,2845,-0.00077,-1.479,0.139266,True,0.00077
ETH_STRONG,sector,1001-1500,fantom,807,0.00576,4.564,5e-06,True,0.00576
ETH_STRONG,sector,1001-1500,ferrum-network,461,0.01125,8.598,0.0,True,0.01125
ETH_STRONG,sector,1001-1500,filesharing,424,0.00546,3.303,0.000957,True,0.00546
ETH_STRONG,sector,1001-1500,food-beverage,227,0.00186,1.19,0.234037,True,0.00186
ETH_STRONG,sector,1001-1500,gambling,3964,0.00172,3.165,0.00155,True,0.00172
ETH_STRONG,sector,1001-1500,gaming,11418,0.00025,0.818,0.413346,True,0.00025
ETH_STRONG,sector,1001-1500,hardware,560,1e-05,0.012,0.990622,True,1e-05
ETH_STRONG,sector,1001-1500,health,3166,-0.00051,-0.822,0.410911,True,0.00051
ETH_STRONG,sector,1001-1500,hospitality,395,-7e-05,-0.043,0.965463,True,7e-05
ETH_STRONG,sector,1001-1500,hybrid-pos-lpos,219,-0.00588,-2.991,0.002785,True,0.00588
ETH_STRONG,sector,1001-1500,hybrid-pow-pos,2490,0.0035,5.198,0.0,True,0.0035
ETH_STRONG,sector,1001-1500,identity,467,-0.00303,-1.933,0.053235,True,0.00303
ETH_STRONG,sector,1001-1500,insurance,1302,0.00223,2.438,0.014764,True,0.00223
ETH_STRONG,sector,1001-1500,interoperability,1017,0.00225,2.194,0.028266,True,0.00225
ETH_STRONG,sector,1001-1500,iot,929,0.00389,3.854,0.000116,True,0.00389
ETH_STRONG,sector,1001-1500,klaytn,934,0.00174,2.371,0.017723,True,0.00174
ETH_STRONG,sector,1001-1500,kommunitas-launchpad,369,-0.00289,-1.508,0.131524,True,0.00289
ETH_STRONG,sector,1001-1500,launchpad,3465,0.00366,6.971,0.0,True,0.00366
ETH_STRONG,sector,1001-1500,layer-1,680,0.00231,1.707,0.087805,True,0.00231
ETH_STRONG,sector,1001-1500,layer-2,270,0.00019,0.083,0.933896,True,0.00019
ETH_STRONG,sector,1001-1500,logistics,1336,0.00087,0.818,0.413604,True,0.00087
ETH_STRONG,sector,1001-1500,loyalty,204,-0.00226,-0.848,0.396262,True,0.00226
ETH_STRONG,sector,1001-1500,manufacturing,360,0.0084,6.027,0.0,True,0.0084
ETH_STRONG,sector,1001-1500,marketing,1507,0.00117,1.348,0.177762,True,0.00117
ETH_STRONG,sector,1001-1500,marketplace,12274,2e-05,0.06,0.952005,True,2e-05
ETH_STRONG,sector,1001-1500,masternodes,1558,0.00042,0.494,0.621346,True,0.00042
ETH_STRONG,sector,1001-1500,media,3848,-4e-05,-0.069,0.944922,True,4e-05
ETH_STRONG,sector,1001-1500,medium-of-exchange,2414,-0.00105,-1.529,0.126346,True,0.00105
ETH_STRONG,sector,1001-1500,memes,27678,0.00348,16.526,0.0,True,0.00348
ETH_STRONG,sector,1001-1500,metaverse,909,0.00487,4.662,3e-06,True,0.00487
ETH_STRONG,sector,1001-1500,meverse,244,-0.00362,-2.178,0.029371,True,0.00362
ETH_STRONG,sector,1001-1500,mineable,47708,0.00141,8.802,0.0,True,0.00141
ETH_STRONG,sector,1001-1500,music,505,0.00055,0.386,0.699627,True,0.00055
ETH_STRONG,sector,1001-1500,mvb,265,-0.00728,-4.058,4.9e-05,True,0.00728
ETH_STRONG,sector,1001-1500,near-protocol,244,0.01288,7.002,0.0,True,0.01288
ETH_STRONG,sector,1001-1500,okex-blockdream-ventures-portfolio,753,-0.00464,-4.155,3.3e-05,True,0.00464
ETH_STRONG,sector,1001-1500,optimism,230,0.01253,6.204,0.0,True,0.01253
ETH_STRONG,sector,1001-1500,oracles,2084,0.00108,1.529,0.126306,True,0.00108
ETH_STRONG,sector,1001-1500,osmosis,255,0.00213,0.941,0.346634,True,0.00213
ETH_STRONG,sector,1001-1500,payments,2411,-0.00248,-3.672,0.000241,True,0.00248
ETH_STRONG,sector,1001-1500,philanthropy,624,0.00425,2.93,0.003391,True,0.00425
ETH_STRONG,sector,1001-1500,platform,23972,0.00101,4.618,4e-06,True,0.00101
ETH_STRONG,sector,1001-1500,play-to-earn,484,-0.00121,-0.792,0.42809,True,0.00121
ETH_STRONG,sector,1001-1500,polkadot,1845,-0.00129,-1.653,0.098334,True,0.00129
ETH_STRONG,sector,1001-1500,polkastarter,2013,0.00245,3.153,0.001616,True,0.00245
ETH_STRONG,sector,1001-1500,polygon,2463,-0.00159,-2.463,0.013772,True,0.00159
ETH_STRONG,sector,1001-1500,pos,5279,-0.00019,-0.414,0.67875,True,0.00019
ETH_STRONG,sector,1001-1500,posign,223,0.0042,1.887,0.059199,True,0.0042
ETH_STRONG,sector,1001-1500,pow,2048,-0.00162,-2.138,0.032497,True,0.00162
ETH_STRONG,sector,1001-1500,prediction-markets,556,-0.00133,-1.229,0.219226,True,0.00133
ETH_STRONG,sector,1001-1500,privacy,3226,0.00165,3.028,0.00246,True,0.00165
ETH_STRONG,sector,1001-1500,real-estate,2751,0.00429,6.794,0.0,True,0.00429
ETH_STRONG,sector,1001-1500,real-world-assets,1111,0.00351,3.269,0.001079,True,0.00351
ETH_STRONG,sector,1001-1500,rebase,333,0.00709,3.569,0.000358,True,0.00709
ETH_STRONG,sector,1001-1500,rehypothecated-crypto,483,0.00739,5.255,0.0,True,0.00739
ETH_STRONG,sector,1001-1500,scaling,403,-0.00087,-0.666,0.505305,True,0.00087
ETH_STRONG,sector,1001-1500,services,6448,-0.00032,-0.81,0.417741,True,0.00032
ETH_STRONG,sector,1001-1500,smart-contracts,412,0.00154,0.888,0.374307,True,0.00154
ETH_STRONG,sector,1001-1500,social-money,361,0.00355,1.689,0.09129,True,0.00355
ETH_STRONG,sector,1001-1500,social-token,364,0.00346,2.988,0.002811,True,0.00346
ETH_STRONG,sector,1001-1500,solana,5652,0.0023,4.986,1e-06,True,0.0023
ETH_STRONG,sector,1001-1500,spartan-group,326,0.00075,0.405,0.685241,True,0.00075
ETH_STRONG,sector,1001-1500,sports,11239,-0.00028,-1.133,0.257413,True,0.00028
ETH_STRONG,sector,1001-1500,stablecoin,4656,-0.00639,-23.911,0.0,True,0.00639
ETH_STRONG,sector,1001-1500,staking,612,-0.00043,-0.295,0.768078,True,0.00043
ETH_STRONG,sector,1001-1500,storage,362,-0.00305,-1.81,0.070227,True,0.00305
ETH_STRONG,sector,1001-1500,store-of-value,1348,-0.0068,-9.814,0.0,True,0.0068
ETH_STRONG,sector,1001-1500,substrate,852,-0.00298,-2.484,0.012986,True,0.00298
ETH_STRONG,sector,1001-1500,sui,399,0.00074,0.524,0.599967,True,0.00074
ETH_STRONG,sector,1001-1500,superstarter,206,0.00391,1.421,0.155197,True,0.00391
ETH_STRONG,sector,1001-1500,telegram-bot,318,0.00441,2.262,0.023727,True,0.00441
ETH_STRONG,sector,1001-1500,tokenized-gold,437,-0.00777,-10.328,0.0,True,0.00777
ETH_STRONG,sector,1001-1500,tokenized-stock,357,-0.00835,-5.585,0.0,True,0.00835
ETH_STRONG,sector,1001-1500,toncoin,346,0.00179,1.007,0.314146,True,0.00179
ETH_STRONG,sector,1001-1500,tourism,213,0.00178,0.814,0.415619,True,0.00178
ETH_STRONG,sector,1001-1500,transport,557,0.00658,4.586,5e-06,True,0.00658
ETH_STRONG,sector,1001-1500,tron,449,-0.00036,-0.306,0.759879,True,0.00036
ETH_STRONG,sector,1001-1500,tron20,244,-0.00227,-1.848,0.064635,True,0.00227
ETH_STRONG,sector,1001-1500,trustswap-launchpad,447,-0.00116,-0.726,0.467943,True,0.00116
ETH_STRONG,sector,1001-1500,vbc-ventures-portfolio,274,-0.00016,-0.065,0.948072,True,0.00016
ETH_STRONG,sector,1001-1500,vr-ar,2547,0.00326,5.056,0.0,True,0.00326
ETH_STRONG,sector,1001-1500,wallet,307,0.00251,1.727,0.084173,True,0.00251
ETH_STRONG,sector,1001-1500,web3,478,-0.00021,-0.138,0.890558,True,0.00021
ETH_STRONG,sector,1001-1500,xrp,207,-0.00012,-0.043,0.965505,True,0.00012
ETH_STRONG,sector,1001-1500,yield-farming,1508,0.00283,3.134,0.001722,True,0.00283
ETH_STRONG,sector,1001-1500,zero-knowledge-proofs,618,0.00214,1.628,0.103438,True,0.00214
ETH_STRONG,sector,1501-2000,,142003,-0.00085,-9.344,0.0,True,0.00085
ETH_STRONG,sector,1501-2000,ai-big-data,17445,0.00208,8.129,0.0,True,0.00208
ETH_STRONG,sector,1501-2000,alameda-research-portfolio,214,0.00287,1.123,0.261366,True,0.00287
ETH_STRONG,sector,1501-2000,algorand,263,-0.00211,-0.997,0.318987,True,0.00211
ETH_STRONG,sector,1501-2000,analytics,307,0.00806,4.211,2.5e-05,True,0.00806
ETH_STRONG,sector,1501-2000,aptos,204,-0.00109,-0.69,0.490255,True,0.00109
ETH_STRONG,sector,1501-2000,arbitrum,547,-0.00205,-1.487,0.136916,True,0.00205
ETH_STRONG,sector,1501-2000,arbitrum-ecosytem,497,-0.00066,-0.451,0.6519,True,0.00066
ETH_STRONG,sector,1501-2000,art,1764,-0.00151,-1.872,0.061211,True,0.00151
ETH_STRONG,sector,1501-2000,asset-management,7417,0.00077,1.943,0.052074,True,0.00077
ETH_STRONG,sector,1501-2000,avalanche,1914,-0.00018,-0.25,0.80226,True,0.00018
ETH_STRONG,sector,1501-2000,base,1088,0.00261,2.421,0.015478,True,0.00261
ETH_STRONG,sector,1501-2000,binance-chain,984,-0.00474,-4.67,3e-06,True,0.00474
ETH_STRONG,sector,1501-2000,binance-smart-chain,4873,-0.00208,-4.044,5.3e-05,True,0.00208
ETH_STRONG,sector,1501-2000,bnb-chain,15018,0.00044,1.761,0.078168,True,0.00044
ETH_STRONG,sector,1501-2000,cardano,341,0.00592,3.718,0.000201,True,0.00592
ETH_STRONG,sector,1501-2000,centralized-exchange,1735,-0.00557,-8.043,0.0,True,0.00557
ETH_STRONG,sector,1501-2000,collectibles-nfts,31794,0.00037,2.07,0.038414,True,0.00037
ETH_STRONG,sector,1501-2000,commodities,510,-0.0043,-3.714,0.000204,True,0.0043
ETH_STRONG,sector,1501-2000,communications-social-media,3540,0.0011,2.096,0.036051,True,0.0011
ETH_STRONG,sector,1501-2000,content-creation,593,-0.00218,-1.517,0.129281,True,0.00218
ETH_STRONG,sector,1501-2000,cosmos,3698,0.00086,1.582,0.113655,True,0.00086
ETH_STRONG,sector,1501-2000,crowdfunding,751,-0.00479,-4.059,4.9e-05,True,0.00479
ETH_STRONG,sector,1501-2000,cybersecurity,1742,-0.00194,-2.52,0.011734,True,0.00194
ETH_STRONG,sector,1501-2000,dag,537,0.00171,1.179,0.238476,True,0.00171
ETH_STRONG,sector,1501-2000,dao,1465,-0.00014,-0.171,0.864109,True,0.00014
ETH_STRONG,sector,1501-2000,dao-maker,607,-0.00536,-3.745,0.000181,True,0.00536
ETH_STRONG,sector,1501-2000,dapp,370,0.00493,2.985,0.002834,True,0.00493
ETH_STRONG,sector,1501-2000,decentralized-exchange,1063,-0.00267,-2.433,0.014989,True,0.00267
ETH_STRONG,sector,1501-2000,decentralized-exchange-dex-token,4026,9e-05,0.195,0.845313,True,9e-05
ETH_STRONG,sector,1501-2000,defi,38446,0.00092,6.1,0.0,True,0.00092
ETH_STRONG,sector,1501-2000,derivatives,371,0.00065,0.401,0.688642,True,0.00065
ETH_STRONG,sector,1501-2000,distributed-computing,2050,-0.00187,-2.377,0.017477,True,0.00187
ETH_STRONG,sector,1501-2000,dpos,1799,-9e-05,-0.125,0.900497,True,9e-05
ETH_STRONG,sector,1501-2000,duckstarter,401,-0.00779,-3.878,0.000105,True,0.00779
ETH_STRONG,sector,1501-2000,dwf-labs-portfolio,1031,-0.00124,-1.109,0.267224,True,0.00124
ETH_STRONG,sector,1501-2000,education,1205,0.00182,1.809,0.070499,True,0.00182
ETH_STRONG,sector,1501-2000,energy,1552,-0.00259,-3.131,0.001741,True,0.00259
ETH_STRONG,sector,1501-2000,entertainment,695,0.00011,0.079,0.936942,True,0.00011
ETH_STRONG,sector,1501-2000,ethereum,20934,-3e-05,-0.163,0.870457,True,3e-05
ETH_STRONG,sector,1501-2000,events,515,0.00282,1.672,0.094588,True,0.00282
ETH_STRONG,sector,1501-2000,exnetwork-capital-portfolio,477,0.00479,3.505,0.000456,True,0.00479
ETH_STRONG,sector,1501-2000,fan-token,2336,-0.00066,-1.076,0.281946,True,0.00066
ETH_STRONG,sector,1501-2000,fantom,299,0.00412,2.217,0.026624,True,0.00412
ETH_STRONG,sector,1501-2000,fashion,309,0.00118,0.589,0.555633,True,0.00118
ETH_STRONG,sector,1501-2000,food-beverage,305,-0.00121,-0.956,0.33916,True,0.00121
ETH_STRONG,sector,1501-2000,gambling,3598,0.00208,3.798,0.000146,True,0.00208
ETH_STRONG,sector,1501-2000,gaming,12267,-0.00162,-5.49,0.0,True,0.00162
ETH_STRONG,sector,1501-2000,hardware,524,5e-05,0.037,0.970279,True,5e-05
ETH_STRONG,sector,1501-2000,health,2270,-0.00288,-4.355,1.3e-05,True,0.00288
ETH_STRONG,sector,1501-2000,heco,270,-0.00287,-1.411,0.158258,True,0.00287
ETH_STRONG,sector,1501-2000,hospitality,618,-0.00015,-0.142,0.887248,True,0.00015
ETH_STRONG,sector,1501-2000,hybrid-pow-pos,3700,0.00211,4.45,9e-06,True,0.00211
ETH_STRONG,sector,1501-2000,icp,401,0.00893,5.903,0.0,True,0.00893
ETH_STRONG,sector,1501-2000,injective,392,-0.00763,-4.622,4e-06,True,0.00763
ETH_STRONG,sector,1501-2000,insurance,1052,0.00105,1.1,0.271384,True,0.00105
ETH_STRONG,sector,1501-2000,interoperability,458,-0.00336,-2.251,0.024389,True,0.00336
ETH_STRONG,sector,1501-2000,iot,949,0.00021,0.179,0.857754,True,0.00021
ETH_STRONG,sector,1501-2000,iotex,283,0.00881,5.464,0.0,True,0.00881
ETH_STRONG,sector,1501-2000,jobs,229,0.00331,1.348,0.177725,True,0.00331
ETH_STRONG,sector,1501-2000,klaytn,869,-0.00204,-2.224,0.026167,True,0.00204
ETH_STRONG,sector,1501-2000,kommunitas-launchpad,315,-0.00411,-2.187,0.028739,True,0.00411
ETH_STRONG,sector,1501-2000,launchpad,3129,0.00201,3.625,0.00029,True,0.00201
ETH_STRONG,sector,1501-2000,launchzone,321,-0.00843,-5.376,0.0,True,0.00843
ETH_STRONG,sector,1501-2000,layer-1,627,-0.00446,-3.749,0.000178,True,0.00446
ETH_STRONG,sector,1501-2000,logistics,1025,0.00224,1.863,0.062466,True,0.00224
ETH_STRONG,sector,1501-2000,loyalty,467,-0.00089,-0.554,0.579466,True,0.00089
ETH_STRONG,sector,1501-2000,marketing,2961,-0.00112,-1.793,0.072989,True,0.00112
ETH_STRONG,sector,1501-2000,marketplace,11997,-3e-05,-0.116,0.907893,True,3e-05
ETH_STRONG,sector,1501-2000,masternodes,1596,-0.00172,-1.913,0.055794,True,0.00172
ETH_STRONG,sector,1501-2000,media,5051,-0.00047,-1.0,0.317513,True,0.00047
ETH_STRONG,sector,1501-2000,medium-of-exchange,2709,-0.0019,-2.821,0.004791,True,0.0019
ETH_STRONG,sector,1501-2000,memes,32794,0.00285,14.639,0.0,True,0.00285
ETH_STRONG,sector,1501-2000,metaverse,892,-0.00312,-2.961,0.003068,True,0.00312
ETH_STRONG,sector,1501-2000,mineable,60633,0.00057,4.124,3.7e-05,True,0.00057
ETH_STRONG,sector,1501-2000,move-to-earn,360,0.00092,0.58,0.56164,True,0.00092
ETH_STRONG,sector,1501-2000,music,333,0.00226,1.371,0.170276,True,0.00226
ETH_STRONG,sector,1501-2000,mvb,441,-0.00584,-4.129,3.6e-05,True,0.00584
ETH_STRONG,sector,1501-2000,okex-blockdream-ventures-portfolio,257,0.00246,1.151,0.249836,True,0.00246
ETH_STRONG,sector,1501-2000,okx-ventures-portfolio,210,0.00526,2.819,0.004817,True,0.00526
ETH_STRONG,sector,1501-2000,olympus-pro,319,0.00799,4.6,4e-06,True,0.00799
ETH_STRONG,sector,1501-2000,optimism,345,0.00719,4.938,1e-06,True,0.00719
ETH_STRONG,sector,1501-2000,oracles,1745,-0.00231,-2.913,0.003582,True,0.00231
ETH_STRONG,sector,1501-2000,osmosis,254,0.00066,0.309,0.757121,True,0.00066
ETH_STRONG,sector,1501-2000,payments,1630,-0.00141,-1.681,0.092715,True,0.00141
ETH_STRONG,sector,1501-2000,philanthropy,563,0.00554,4.616,4e-06,True,0.00554
ETH_STRONG,sector,1501-2000,platform,18554,-0.00104,-4.294,1.8e-05,True,0.00104
ETH_STRONG,sector,1501-2000,play-to-earn,432,-0.0015,-0.934,0.350339,True,0.0015
ETH_STRONG,sector,1501-2000,polkadot,2120,0.00084,1.152,0.24942,True,0.00084
ETH_STRONG,sector,1501-2000,polkastarter,1225,-0.00224,-2.506,0.01222,True,0.00224
ETH_STRONG,sector,1501-2000,polygon,2949,-0.00131,-2.384,0.017136,True,0.00131
ETH_STRONG,sector,1501-2000,pos,5305,0.00029,0.655,0.512149,True,0.00029
ETH_STRONG,sector,1501-2000,posign,373,0.00367,2.183,0.029022,True,0.00367
ETH_STRONG,sector,1501-2000,pow,2140,0.00029,0.488,0.625846,True,0.00029
ETH_STRONG,sector,1501-2000,prediction-markets,649,-0.00249,-2.055,0.039838,True,0.00249
ETH_STRONG,sector,1501-2000,privacy,1727,4e-05,0.048,0.961768,True,4e-05
ETH_STRONG,sector,1501-2000,quantum-resistant,286,0.00176,0.829,0.407014,True,0.00176
ETH_STRONG,sector,1501-2000,real-estate,2117,0.00317,4.18,2.9e-05,True,0.00317
ETH_STRONG,sector,1501-2000,real-world-assets,367,0.00057,0.287,0.774027,True,0.00057
ETH_STRONG,sector,1501-2000,real-world-assets-protocols,256,0.00176,0.997,0.318795,True,0.00176
ETH_STRONG,sector,1501-2000,rebase,981,0.00349,3.249,0.001159,True,0.00349
ETH_STRONG,sector,1501-2000,rehypothecated-crypto,511,0.00582,4.008,6.1e-05,True,0.00582
ETH_STRONG,sector,1501-2000,retail,442,0.00269,1.478,0.139361,True,0.00269
ETH_STRONG,sector,1501-2000,scrypt,315,0.00011,0.064,0.948689,True,0.00011
ETH_STRONG,sector,1501-2000,services,3828,-0.00244,-4.556,5e-06,True,0.00244
ETH_STRONG,sector,1501-2000,skyvision-capital-portfolio,207,-0.01009,-5.142,0.0,True,0.01009
ETH_STRONG,sector,1501-2000,smart-contracts,441,0.00196,1.284,0.19914,True,0.00196
ETH_STRONG,sector,1501-2000,social-money,459,-0.00274,-1.689,0.091277,True,0.00274
ETH_STRONG,sector,1501-2000,solana,5468,0.00117,2.453,0.014179,True,0.00117
ETH_STRONG,sector,1501-2000,sports,11586,0.00244,8.92,0.0,True,0.00244
ETH_STRONG,sector,1501-2000,stablecoin,2061,-0.00364,-10.088,0.0,True,0.00364
ETH_STRONG,sector,1501-2000,staking,1010,-0.00114,-0.979,0.327501,True,0.00114
ETH_STRONG,sector,1501-2000,store-of-value,544,-0.00792,-6.698,0.0,True,0.00792
ETH_STRONG,sector,1501-2000,substrate,465,-0.00038,-0.241,0.809815,True,0.00038
ETH_STRONG,sector,1501-2000,sui,316,-0.00312,-1.583,0.113358,True,0.00312
ETH_STRONG,sector,1501-2000,superstarter,247,-0.00698,-2.725,0.006426,True,0.00698
ETH_STRONG,sector,1501-2000,telegram-bot,360,0.00313,1.681,0.092805,True,0.00313
ETH_STRONG,sector,1501-2000,toncoin,542,0.00202,1.768,0.077103,True,0.00202
ETH_STRONG,sector,1501-2000,transport,335,0.00053,0.231,0.816969,True,0.00053
ETH_STRONG,sector,1501-2000,tron,380,0.00469,4.009,6.1e-05,True,0.00469
ETH_STRONG,sector,1501-2000,trustswap-launchpad,639,-0.00291,-2.182,0.029079,True,0.00291
ETH_STRONG,sector,1501-2000,vbc-ventures-portfolio,723,-0.00612,-5.091,0.0,True,0.00612
ETH_STRONG,sector,1501-2000,velas,208,0.00013,0.07,0.944513,True,0.00013
ETH_STRONG,sector,1501-2000,vr-ar,2170,0.00222,3.272,0.001067,True,0.00222
ETH_STRONG,sector,1501-2000,wrapped-tokens,275,0.00328,1.557,0.119552,True,0.00328
ETH_STRONG,sector,1501-2000,xrp,203,0.00188,0.804,0.421599,True,0.00188
ETH_STRONG,sector,1501-2000,yield-aggregator,359,-0.00414,-2.639,0.008326,True,0.00414
ETH_STRONG,sector,1501-2000,yield-farming,2167,0.0019,2.629,0.008562,True,0.0019
ETH_STRONG,sector,1501-2000,zero-knowledge-proofs,267,-0.00559,-3.998,6.4e-05,True,0.00559
BREADTH_EXPANDING,chain,501-750,,102174,0.00099,10.15,0.0,True,0.00099
BREADTH_EXPANDING,chain,501-750,-,5453,-0.0004,-0.858,0.391158,True,0.0004
BREADTH_EXPANDING,chain,501-750,A,371,0.00635,3.31,0.000932,True,0.00635
BREADTH_EXPANDING,chain,501-750,ADA,1935,0.00124,1.841,0.065655,True,0.00124
BREADTH_EXPANDING,chain,501-750,ARB,3479,0.00087,1.807,0.070779,True,0.00087
BREADTH_EXPANDING,chain,501-750,AVAX,2375,-0.0002,-0.313,0.753958,True,0.0002
BREADTH_EXPANDING,chain,501-750,BLAST,462,0.00241,2.287,0.022171,True,0.00241
BREADTH_EXPANDING,chain,501-750,BNB,55993,0.00122,9.293,0.0,True,0.00122
BREADTH_EXPANDING,chain,501-750,BTC,927,0.00082,0.731,0.464909,True,0.00082
BREADTH_EXPANDING,chain,501-750,CELO,1281,0.00266,4.339,1.4e-05,True,0.00266
BREADTH_EXPANDING,chain,501-750,CRO,494,-0.00098,-0.776,0.437964,True,0.00098
BREADTH_EXPANDING,chain,501-750,ETH,292119,0.00081,13.838,0.0,True,0.00081
BREADTH_EXPANDING,chain,501-750,FTM,289,-0.00037,-0.159,0.873371,True,0.00037
BREADTH_EXPANDING,chain,501-750,GRAM,1090,8e-05,0.082,0.934993,True,8e-05
BREADTH_EXPANDING,chain,501-750,HBAR,675,0.00095,0.967,0.333459,True,0.00095
BREADTH_EXPANDING,chain,501-750,HYPE,245,-0.0023,-1.147,0.251215,True,0.0023
BREADTH_EXPANDING,chain,501-750,ICP,255,0.0034,1.656,0.097694,True,0.0034
BREADTH_EXPANDING,chain,501-750,KAIA,2807,0.00088,1.483,0.138058,True,0.00088
BREADTH_EXPANDING,chain,501-750,LUNC,248,-0.0014,-0.693,0.488363,True,0.0014
BREADTH_EXPANDING,chain,501-750,MANTA,311,0.00031,0.199,0.842601,True,0.00031
BREADTH_EXPANDING,chain,501-750,MTL,387,0.00223,2.193,0.028283,True,0.00223
BREADTH_EXPANDING,chain,501-750,NEO,2004,0.00282,4.151,3.3e-05,True,0.00282
BREADTH_EXPANDING,chain,501-750,ONT,714,0.00187,2.135,0.032757,True,0.00187
BREADTH_EXPANDING,chain,501-750,ONUS,224,0.00308,1.75,0.080174,True,0.00308
BREADTH_EXPANDING,chain,501-750,OP,603,-1e-05,-0.008,0.993346,True,1e-05
BREADTH_EXPANDING,chain,501-750,OSMO,1048,0.00032,0.281,0.778611,True,0.00032
BREADTH_EXPANDING,chain,501-750,POL,4648,0.0017,3.837,0.000125,True,0.0017
BREADTH_EXPANDING,chain,501-750,SDN,603,0.00119,1.004,0.315567,True,0.00119
BREADTH_EXPANDING,chain,501-750,SOL,30461,0.00032,1.739,0.082078,True,0.00032
BREADTH_EXPANDING,chain,501-750,STX,233,0.00182,0.919,0.358148,True,0.00182
BREADTH_EXPANDING,chain,501-750,SUI,2098,0.00179,2.365,0.01801,True,0.00179
BREADTH_EXPANDING,chain,501-750,TAO,600,-0.00047,-0.391,0.696003,True,0.00047
BREADTH_EXPANDING,chain,501-750,TRX,1653,-0.00027,-0.337,0.735942,True,0.00027
BREADTH_EXPANDING,chain,501-750,WAVES,250,0.00051,0.21,0.83397,True,0.00051
BREADTH_EXPANDING,chain,501-750,XDC,640,0.00457,4.643,3e-06,True,0.00457
BREADTH_EXPANDING,chain,501-750,XLM,1008,0.00166,1.726,0.084353,True,0.00166
BREADTH_EXPANDING,chain,501-750,XRP,568,0.0007,0.532,0.594773,True,0.0007
BREADTH_EXPANDING,chain,751-1000,,101045,0.00091,8.774,0.0,True,0.00091
BREADTH_EXPANDING,chain,751-1000,-,6177,-0.00235,-5.323,0.0,True,0.00235
BREADTH_EXPANDING,chain,751-1000,A,1008,0.00144,1.337,0.181361,True,0.00144
BREADTH_EXPANDING,chain,751-1000,ADA,1739,0.00153,2.404,0.016199,True,0.00153
BREADTH_EXPANDING,chain,751-1000,ALGO,421,0.00087,0.728,0.466842,True,0.00087
BREADTH_EXPANDING,chain,751-1000,APT,322,-0.00207,-1.176,0.239559,True,0.00207
BREADTH_EXPANDING,chain,751-1000,ARB,2703,-0.00046,-0.776,0.437917,True,0.00046
BREADTH_EXPANDING,chain,751-1000,ARBITRUM,447,-0.00109,-0.647,0.517729,True,0.00109
BREADTH_EXPANDING,chain,751-1000,AVAX,2924,-0.00047,-0.826,0.408682,True,0.00047
BREADTH_EXPANDING,chain,751-1000,BERA,234,-0.00241,-1.23,0.218689,True,0.00241
BREADTH_EXPANDING,chain,751-1000,BLAST,225,-0.00039,-0.288,0.773113,True,0.00039
BREADTH_EXPANDING,chain,751-1000,BNB,60233,0.00054,4.242,2.2e-05,True,0.00054
BREADTH_EXPANDING,chain,751-1000,BTC,609,-0.00382,-2.456,0.014063,True,0.00382
BREADTH_EXPANDING,chain,751-1000,CELO,330,0.00284,2.183,0.029028,True,0.00284
BREADTH_EXPANDING,chain,751-1000,CRO,1123,0.00046,0.538,0.590418,True,0.00046
BREADTH_EXPANDING,chain,751-1000,DOT,406,0.00063,0.411,0.681228,True,0.00063
BREADTH_EXPANDING,chain,751-1000,EGLD,439,0.00043,0.318,0.750756,True,0.00043
BREADTH_EXPANDING,chain,751-1000,ETH,277210,0.0003,4.965,1e-06,True,0.0003
BREADTH_EXPANDING,chain,751-1000,FTM,465,-0.0033,-1.887,0.059196,True,0.0033
BREADTH_EXPANDING,chain,751-1000,GRAM,1398,5e-05,0.058,0.953727,True,5e-05
BREADTH_EXPANDING,chain,751-1000,HBAR,493,0.00193,1.86,0.062882,True,0.00193
BREADTH_EXPANDING,chain,751-1000,HYPE,216,0.00436,3.76,0.00017,True,0.00436
BREADTH_EXPANDING,chain,751-1000,ICP,1044,0.00404,4.71,2e-06,True,0.00404
BREADTH_EXPANDING,chain,751-1000,KAIA,4550,-8e-05,-0.178,0.8584,True,8e-05
BREADTH_EXPANDING,chain,751-1000,MNT,317,0.00077,0.453,0.650789,True,0.00077
BREADTH_EXPANDING,chain,751-1000,NEO,1794,0.00112,1.412,0.15798,True,0.00112
BREADTH_EXPANDING,chain,751-1000,ONT,299,0.00118,1.264,0.206218,True,0.00118
BREADTH_EXPANDING,chain,751-1000,OP,461,0.0,0.004,0.997183,True,0.0
BREADTH_EXPANDING,chain,751-1000,OSMO,1516,-0.00116,-1.366,0.17192,True,0.00116
BREADTH_EXPANDING,chain,751-1000,POL,5720,0.00072,1.701,0.088931,True,0.00072
BREADTH_EXPANDING,chain,751-1000,SDN,208,0.00132,0.78,0.435396,True,0.00132
BREADTH_EXPANDING,chain,751-1000,SOL,36369,-0.00047,-2.733,0.006273,True,0.00047
BREADTH_EXPANDING,chain,751-1000,SUI,2264,-0.00119,-1.645,0.099959,True,0.00119
BREADTH_EXPANDING,chain,751-1000,TAO,346,-0.003,-2.022,0.043171,True,0.003
BREADTH_EXPANDING,chain,751-1000,TRX,1549,0.00063,0.754,0.451088,True,0.00063
BREADTH_EXPANDING,chain,751-1000,WAVES,299,0.00025,0.121,0.903616,True,0.00025
BREADTH_EXPANDING,chain,751-1000,XDC,1418,0.00411,6.835,0.0,True,0.00411
BREADTH_EXPANDING,chain,751-1000,XLM,1038,0.00015,0.142,0.886951,True,0.00015
BREADTH_EXPANDING,chain,751-1000,ZK,334,0.00083,0.441,0.658869,True,0.00083
BREADTH_EXPANDING,chain,1001-1500,,209821,0.00082,10.921,0.0,True,0.00082
BREADTH_EXPANDING,chain,1001-1500,-,13970,-0.00139,-4.802,2e-06,True,0.00139
BREADTH_EXPANDING,chain,1001-1500,A,3858,0.00151,2.798,0.005136,True,0.00151
BREADTH_EXPANDING,chain,1001-1500,ADA,3002,0.0009,1.837,0.066253,True,0.0009
BREADTH_EXPANDING,chain,1001-1500,ALGO,666,-0.0017,-1.454,0.145916,True,0.0017
BREADTH_EXPANDING,chain,1001-1500,APT,1043,-0.00208,-1.849,0.064517,True,0.00208
BREADTH_EXPANDING,chain,1001-1500,ARB,5717,-0.00112,-2.659,0.007837,True,0.00112
BREADTH_EXPANDING,chain,1001-1500,ARBITRUM,728,-4e-05,-0.033,0.973682,True,4e-05
BREADTH_EXPANDING,chain,1001-1500,AVAX,5966,-0.00079,-1.85,0.064255,True,0.00079
BREADTH_EXPANDING,chain,1001-1500,BCH,805,-0.00011,-0.117,0.907128,True,0.00011
BREADTH_EXPANDING,chain,1001-1500,BITCI,904,0.00197,1.875,0.060767,True,0.00197
BREADTH_EXPANDING,chain,1001-1500,BNB,134132,-0.00031,-3.6,0.000318,True,0.00031
BREADTH_EXPANDING,chain,1001-1500,BTC,1422,-0.00185,-1.889,0.058855,True,0.00185
BREADTH_EXPANDING,chain,1001-1500,CELO,686,0.00222,2.665,0.007705,True,0.00222
BREADTH_EXPANDING,chain,1001-1500,CHZ,554,-0.00314,-2.062,0.039253,True,0.00314
BREADTH_EXPANDING,chain,1001-1500,CRO,1919,0.00112,1.911,0.055941,True,0.00112
BREADTH_EXPANDING,chain,1001-1500,DOGE,270,0.00406,2.348,0.018878,True,0.00406
BREADTH_EXPANDING,chain,1001-1500,DOT,1278,0.00017,0.215,0.829546,True,0.00017
BREADTH_EXPANDING,chain,1001-1500,EGLD,473,-0.00245,-1.682,0.092481,True,0.00245
BREADTH_EXPANDING,chain,1001-1500,ETH,531052,2e-05,0.551,0.581606,True,2e-05
BREADTH_EXPANDING,chain,1001-1500,FTM,1033,-0.00107,-0.936,0.349157,True,0.00107
BREADTH_EXPANDING,chain,1001-1500,GRAM,3194,-0.00116,-2.164,0.030452,True,0.00116
BREADTH_EXPANDING,chain,1001-1500,HBAR,231,-0.00055,-0.222,0.824624,True,0.00055
BREADTH_EXPANDING,chain,1001-1500,ICP,1533,0.00064,0.751,0.452675,True,0.00064
BREADTH_EXPANDING,chain,1001-1500,ICX,288,0.00436,3.141,0.001683,True,0.00436
BREADTH_EXPANDING,chain,1001-1500,KAIA,6571,0.00082,2.28,0.022588,True,0.00082
BREADTH_EXPANDING,chain,1001-1500,LINEA,456,-0.00341,-2.408,0.016039,True,0.00341
BREADTH_EXPANDING,chain,1001-1500,LUNC,454,-0.00123,-0.716,0.474238,True,0.00123
BREADTH_EXPANDING,chain,1001-1500,MNT,551,0.00169,1.353,0.176016,True,0.00169
BREADTH_EXPANDING,chain,1001-1500,MON,211,0.00346,1.515,0.129845,True,0.00346
BREADTH_EXPANDING,chain,1001-1500,NEO,2815,0.00013,0.192,0.847678,True,0.00013
BREADTH_EXPANDING,chain,1001-1500,OKB,435,0.0033,3.527,0.000421,True,0.0033
BREADTH_EXPANDING,chain,1001-1500,OP,446,0.00225,1.443,0.149155,True,0.00225
BREADTH_EXPANDING,chain,1001-1500,OSMO,2551,0.00045,0.714,0.475404,True,0.00045
BREADTH_EXPANDING,chain,1001-1500,POL,15002,-0.00056,-2.071,0.038399,True,0.00056
BREADTH_EXPANDING,chain,1001-1500,S,235,-0.00137,-0.641,0.52131,True,0.00137
BREADTH_EXPANDING,chain,1001-1500,SCR,203,-0.00186,-0.994,0.320335,True,0.00186
BREADTH_EXPANDING,chain,1001-1500,SDN,344,0.00108,0.798,0.424851,True,0.00108
BREADTH_EXPANDING,chain,1001-1500,SOL,72306,-0.00124,-9.988,0.0,True,0.00124
BREADTH_EXPANDING,chain,1001-1500,STX,248,-0.00102,-0.403,0.686817,True,0.00102
BREADTH_EXPANDING,chain,1001-1500,SUI,3632,-0.00222,-4.216,2.5e-05,True,0.00222
BREADTH_EXPANDING,chain,1001-1500,TRX,4629,0.00059,1.239,0.215522,True,0.00059
BREADTH_EXPANDING,chain,1001-1500,VET,335,-3e-05,-0.019,0.985031,True,3e-05
BREADTH_EXPANDING,chain,1001-1500,VSG,207,-0.00455,-1.586,0.112702,True,0.00455
BREADTH_EXPANDING,chain,1001-1500,WAN,762,-0.00246,-2.242,0.024946,True,0.00246
BREADTH_EXPANDING,chain,1001-1500,WAVES,755,-0.00283,-2.449,0.014308,True,0.00283
BREADTH_EXPANDING,chain,1001-1500,XDC,895,0.00264,2.829,0.004674,True,0.00264
BREADTH_EXPANDING,chain,1001-1500,XLM,438,-0.00236,-1.453,0.146173,True,0.00236
BREADTH_EXPANDING,chain,1001-1500,XPR,306,0.00132,0.778,0.436501,True,0.00132
BREADTH_EXPANDING,chain,1001-1500,XRP,1221,-0.00164,-1.507,0.131911,True,0.00164
BREADTH_EXPANDING,chain,1001-1500,XTZ,326,0.00469,4.803,2e-06,True,0.00469
BREADTH_EXPANDING,chain,1001-1500,ZK,1017,0.001,0.942,0.346019,True,0.001
BREADTH_EXPANDING,chain,1501-2000,,223107,-0.00012,-1.7,0.089183,True,0.00012
BREADTH_EXPANDING,chain,1501-2000,-,14006,-0.00237,-8.321,0.0,True,0.00237
BREADTH_EXPANDING,chain,1501-2000,A,2782,-0.0014,-2.178,0.029387,True,0.0014
BREADTH_EXPANDING,chain,1501-2000,ADA,2313,0.00144,2.792,0.005243,True,0.00144
BREADTH_EXPANDING,chain,1501-2000,ALGO,476,-0.00113,-0.72,0.471724,True,0.00113
BREADTH_EXPANDING,chain,1501-2000,APT,650,-0.00362,-2.616,0.00889,True,0.00362
BREADTH_EXPANDING,chain,1501-2000,ARB,6241,-0.00215,-5.135,0.0,True,0.00215
BREADTH_EXPANDING,chain,1501-2000,ARBITRUM,474,-0.00046,-0.3,0.764086,True,0.00046
BREADTH_EXPANDING,chain,1501-2000,AVAX,5485,-0.00184,-4.057,5e-05,True,0.00184
BREADTH_EXPANDING,chain,1501-2000,BITCI,684,-0.00228,-1.737,0.082357,True,0.00228
BREADTH_EXPANDING,chain,1501-2000,BLAST,236,-0.00565,-2.642,0.008247,True,0.00565
BREADTH_EXPANDING,chain,1501-2000,BNB,143936,-0.00131,-15.877,0.0,True,0.00131
BREADTH_EXPANDING,chain,1501-2000,BTC,1261,-0.00273,-3.029,0.002451,True,0.00273
BREADTH_EXPANDING,chain,1501-2000,CELO,614,0.00323,3.126,0.001771,True,0.00323
BREADTH_EXPANDING,chain,1501-2000,CHZ,1330,-0.00015,-0.177,0.859833,True,0.00015
BREADTH_EXPANDING,chain,1501-2000,CRO,768,8e-05,0.08,0.936433,True,8e-05
BREADTH_EXPANDING,chain,1501-2000,DOGE,302,0.00468,3.026,0.002474,True,0.00468
BREADTH_EXPANDING,chain,1501-2000,DOT,391,-0.00023,-0.18,0.857208,True,0.00023
BREADTH_EXPANDING,chain,1501-2000,EGLD,1056,0.00033,0.366,0.714313,True,0.00033
BREADTH_EXPANDING,chain,1501-2000,ETH,510036,-0.00054,-11.61,0.0,True,0.00054
BREADTH_EXPANDING,chain,1501-2000,EVER,257,-0.00318,-1.469,0.141939,True,0.00318
BREADTH_EXPANDING,chain,1501-2000,FTM,735,-0.00283,-2.037,0.041625,True,0.00283
BREADTH_EXPANDING,chain,1501-2000,GLMR,960,-0.00066,-0.557,0.577404,True,0.00066
BREADTH_EXPANDING,chain,1501-2000,GRAM,2715,-0.0017,-2.836,0.004571,True,0.0017
BREADTH_EXPANDING,chain,1501-2000,HBAR,644,-0.00242,-1.689,0.091274,True,0.00242
BREADTH_EXPANDING,chain,1501-2000,HT,790,-0.00348,-2.987,0.002818,True,0.00348
BREADTH_EXPANDING,chain,1501-2000,ICP,1262,0.00048,0.537,0.590982,True,0.00048
BREADTH_EXPANDING,chain,1501-2000,KAIA,3687,-2e-05,-0.046,0.96349,True,2e-05
BREADTH_EXPANDING,chain,1501-2000,LINEA,558,-0.00263,-2.147,0.031817,True,0.00263
BREADTH_EXPANDING,chain,1501-2000,LUNC,255,0.00067,0.293,0.769308,True,0.00067
BREADTH_EXPANDING,chain,1501-2000,MNT,250,0.00051,0.239,0.810874,True,0.00051
BREADTH_EXPANDING,chain,1501-2000,MON,288,0.0019,0.937,0.348714,True,0.0019
BREADTH_EXPANDING,chain,1501-2000,NEO,1591,-0.00183,-2.0,0.045516,True,0.00183
BREADTH_EXPANDING,chain,1501-2000,OKB,497,0.00269,2.749,0.005982,True,0.00269
BREADTH_EXPANDING,chain,1501-2000,OP,651,-0.00172,-1.428,0.153283,True,0.00172
BREADTH_EXPANDING,chain,1501-2000,OSMO,2086,-0.00258,-3.418,0.00063,True,0.00258
BREADTH_EXPANDING,chain,1501-2000,POL,17009,-0.00122,-4.919,1e-06,True,0.00122
BREADTH_EXPANDING,chain,1501-2000,S,309,-0.00481,-2.132,0.033018,True,0.00481
BREADTH_EXPANDING,chain,1501-2000,SEI,267,-0.00157,-0.626,0.531624,True,0.00157
BREADTH_EXPANDING,chain,1501-2000,SGB,208,-0.00084,-0.349,0.726918,True,0.00084
BREADTH_EXPANDING,chain,1501-2000,SOL,77924,-0.00201,-16.451,0.0,True,0.00201
BREADTH_EXPANDING,chain,1501-2000,STX,235,-0.00462,-1.995,0.046003,True,0.00462
BREADTH_EXPANDING,chain,1501-2000,SUI,2287,-0.00481,-6.463,0.0,True,0.00481
BREADTH_EXPANDING,chain,1501-2000,TRX,4108,-0.00081,-1.604,0.108616,True,0.00081
BREADTH_EXPANDING,chain,1501-2000,VET,779,2e-05,0.014,0.988689,True,2e-05
BREADTH_EXPANDING,chain,1501-2000,WAN,314,0.00244,1.276,0.201961,True,0.00244
BREADTH_EXPANDING,chain,1501-2000,WAVES,1442,-0.00084,-0.901,0.367464,True,0.00084
BREADTH_EXPANDING,chain,1501-2000,XDC,500,0.00236,2.537,0.011174,True,0.00236
BREADTH_EXPANDING,chain,1501-2000,XLM,487,-0.00077,-0.473,0.636177,True,0.00077
BREADTH_EXPANDING,chain,1501-2000,XOR,366,-0.00035,-0.176,0.860221,True,0.00035
BREADTH_EXPANDING,chain,1501-2000,XRP,848,-0.00227,-1.957,0.050328,True,0.00227
BREADTH_EXPANDING,chain,1501-2000,ZK,1634,-0.00153,-1.947,0.051571,True,0.00153
BREADTH_EXPANDING,sector,501-750,,77124,0.00102,8.276,0.0,True,0.00102
BREADTH_EXPANDING,sector,501-750,ai-big-data,21367,0.00037,1.575,0.115156,True,0.00037
BREADTH_EXPANDING,sector,501-750,algorand,334,-0.00038,-0.201,0.840669,True,0.00038
BREADTH_EXPANDING,sector,501-750,amm,296,-0.00103,-0.524,0.600287,True,0.00103
BREADTH_EXPANDING,sector,501-750,analytics,1152,0.00155,1.686,0.091778,True,0.00155
BREADTH_EXPANDING,sector,501-750,aptos,281,-0.00135,-0.619,0.536169,True,0.00135
BREADTH_EXPANDING,sector,501-750,arbitrum,447,0.00076,0.675,0.49975,True,0.00076
BREADTH_EXPANDING,sector,501-750,art,421,0.00192,1.12,0.262654,True,0.00192
BREADTH_EXPANDING,sector,501-750,asset-management,5987,0.0014,3.292,0.000994,True,0.0014
BREADTH_EXPANDING,sector,501-750,atomic-swaps,227,0.00064,0.311,0.755617,True,0.00064
BREADTH_EXPANDING,sector,501-750,avalanche,530,0.00028,0.199,0.842218,True,0.00028
BREADTH_EXPANDING,sector,501-750,base,708,-0.00343,-2.683,0.007299,True,0.00343
BREADTH_EXPANDING,sector,501-750,binance-chain,1339,0.00236,2.586,0.009713,True,0.00236
BREADTH_EXPANDING,sector,501-750,binance-labs-portfolio,597,-0.00164,-1.284,0.199121,True,0.00164
BREADTH_EXPANDING,sector,501-750,binance-launchpad,1222,3e-05,0.034,0.973092,True,3e-05
BREADTH_EXPANDING,sector,501-750,binance-launchpool,268,0.00162,0.852,0.394238,True,0.00162
BREADTH_EXPANDING,sector,501-750,binance-smart-chain,3359,0.00148,2.425,0.015301,True,0.00148
BREADTH_EXPANDING,sector,501-750,bitcoin,1331,0.00151,1.879,0.060254,True,0.00151
BREADTH_EXPANDING,sector,501-750,bnb-chain,8372,0.00156,5.044,0.0,True,0.00156
BREADTH_EXPANDING,sector,501-750,centralized-exchange,2608,0.00148,2.57,0.010184,True,0.00148
BREADTH_EXPANDING,sector,501-750,coinbase-ventures-portfolio,490,0.00124,0.775,0.438564,True,0.00124
BREADTH_EXPANDING,sector,501-750,collectibles-nfts,32557,0.00041,2.405,0.016171,True,0.00041
BREADTH_EXPANDING,sector,501-750,commodities,465,0.0044,3.51,0.000448,True,0.0044
BREADTH_EXPANDING,sector,501-750,communications-social-media,3655,-0.00106,-2.059,0.039535,True,0.00106
BREADTH_EXPANDING,sector,501-750,content-creation,333,-0.00041,-0.198,0.843263,True,0.00041
BREADTH_EXPANDING,sector,501-750,cosmos,8956,0.0007,2.265,0.023523,True,0.0007
BREADTH_EXPANDING,sector,501-750,cross-chain,464,0.00253,2.202,0.027701,True,0.00253
BREADTH_EXPANDING,sector,501-750,cybersecurity,5164,0.00108,2.635,0.00841,True,0.00108
BREADTH_EXPANDING,sector,501-750,dag,1804,0.00138,1.962,0.049814,True,0.00138
BREADTH_EXPANDING,sector,501-750,dao,3804,0.00127,2.734,0.006264,True,0.00127
BREADTH_EXPANDING,sector,501-750,dao-maker,296,-0.00104,-0.511,0.609555,True,0.00104
BREADTH_EXPANDING,sector,501-750,decentralized-exchange,3562,-0.00087,-1.592,0.11133,True,0.00087
BREADTH_EXPANDING,sector,501-750,decentralized-exchange-dex-token,9897,0.00083,2.956,0.003112,True,0.00083
BREADTH_EXPANDING,sector,501-750,defi,63796,0.00096,8.296,0.0,True,0.00096
BREADTH_EXPANDING,sector,501-750,defi-2,360,0.00051,0.369,0.712102,True,0.00051
BREADTH_EXPANDING,sector,501-750,derivatives,573,0.00068,0.552,0.5807,True,0.00068
BREADTH_EXPANDING,sector,501-750,desci,273,0.00168,0.992,0.321344,True,0.00168
BREADTH_EXPANDING,sector,501-750,distributed-computing,5417,-0.00019,-0.428,0.668844,True,0.00019
BREADTH_EXPANDING,sector,501-750,dpos,1908,-0.00014,-0.23,0.817838,True,0.00014
BREADTH_EXPANDING,sector,501-750,dwf-labs-portfolio,1175,0.00163,1.91,0.056099,True,0.00163
BREADTH_EXPANDING,sector,501-750,e-commerce,211,-0.00195,-0.8,0.42361,True,0.00195
BREADTH_EXPANDING,sector,501-750,education,1432,0.00011,0.136,0.891758,True,0.00011
BREADTH_EXPANDING,sector,501-750,energy,1765,0.00085,1.098,0.272024,True,0.00085
BREADTH_EXPANDING,sector,501-750,enterprise-solutions,836,-0.00135,-1.237,0.216123,True,0.00135
BREADTH_EXPANDING,sector,501-750,ethereum,19314,0.00062,3.038,0.002385,True,0.00062
BREADTH_EXPANDING,sector,501-750,events,1026,0.00272,2.713,0.00666,True,0.00272
BREADTH_EXPANDING,sector,501-750,exnetwork-capital-portfolio,1278,0.00091,0.986,0.324189,True,0.00091
BREADTH_EXPANDING,sector,501-750,fan-token,1917,0.00044,0.713,0.476033,True,0.00044
BREADTH_EXPANDING,sector,501-750,fantom,564,-0.00022,-0.153,0.878294,True,0.00022
BREADTH_EXPANDING,sector,501-750,filesharing,584,0.00209,1.496,0.13466,True,0.00209
BREADTH_EXPANDING,sector,501-750,gambling,1997,0.002,2.512,0.012,True,0.002
BREADTH_EXPANDING,sector,501-750,gaming,9591,-5e-05,-0.148,0.882089,True,5e-05
BREADTH_EXPANDING,sector,501-750,hardware,1666,0.00046,0.703,0.482134,True,0.00046
BREADTH_EXPANDING,sector,501-750,health,2117,0.00046,0.688,0.491267,True,0.00046
BREADTH_EXPANDING,sector,501-750,hospitality,1047,0.00218,2.694,0.007066,True,0.00218
BREADTH_EXPANDING,sector,501-750,hybrid-pow-npos,283,0.00289,1.754,0.079451,True,0.00289
BREADTH_EXPANDING,sector,501-750,hybrid-pow-pos,828,0.00182,1.537,0.124202,True,0.00182
BREADTH_EXPANDING,sector,501-750,identity,585,0.00101,0.774,0.43885,True,0.00101
BREADTH_EXPANDING,sector,501-750,insurance,1160,-0.00155,-1.515,0.12985,True,0.00155
BREADTH_EXPANDING,sector,501-750,interoperability,3291,-0.00024,-0.443,0.657887,True,0.00024
BREADTH_EXPANDING,sector,501-750,iostoken,281,0.00157,0.944,0.345228,True,0.00157
BREADTH_EXPANDING,sector,501-750,iot,1497,-0.00032,-0.386,0.699129,True,0.00032
BREADTH_EXPANDING,sector,501-750,launchpad,721,0.00085,0.655,0.512431,True,0.00085
BREADTH_EXPANDING,sector,501-750,layer-1,1118,-0.00045,-0.51,0.610087,True,0.00045
BREADTH_EXPANDING,sector,501-750,layer-2,266,0.00014,0.066,0.947351,True,0.00014
BREADTH_EXPANDING,sector,501-750,lending-borowing,351,-0.00119,-0.613,0.539637,True,0.00119
BREADTH_EXPANDING,sector,501-750,liquid-staking-derivatives,353,-0.00039,-0.242,0.808743,True,0.00039
BREADTH_EXPANDING,sector,501-750,logistics,2406,0.00151,2.19,0.028551,True,0.00151
BREADTH_EXPANDING,sector,501-750,lpos,553,-0.00041,-0.311,0.75555,True,0.00041
BREADTH_EXPANDING,sector,501-750,marketing,2835,0.00146,2.668,0.007637,True,0.00146
BREADTH_EXPANDING,sector,501-750,marketplace,17011,0.00129,5.422,0.0,True,0.00129
BREADTH_EXPANDING,sector,501-750,masternodes,302,0.0044,3.395,0.000686,True,0.0044
BREADTH_EXPANDING,sector,501-750,media,11984,0.00107,3.857,0.000115,True,0.00107
BREADTH_EXPANDING,sector,501-750,medium-of-exchange,5578,0.00173,4.406,1.1e-05,True,0.00173
BREADTH_EXPANDING,sector,501-750,memes,20810,-0.00016,-0.635,0.525121,True,0.00016
BREADTH_EXPANDING,sector,501-750,metaverse,1061,-0.00052,-0.57,0.568848,True,0.00052
BREADTH_EXPANDING,sector,501-750,mineable,28140,0.00167,8.763,0.0,True,0.00167
BREADTH_EXPANDING,sector,501-750,music,713,-0.00153,-1.346,0.178457,True,0.00153
BREADTH_EXPANDING,sector,501-750,mvb,468,0.00027,0.224,0.822505,True,0.00027
BREADTH_EXPANDING,sector,501-750,okex-blockdream-ventures-portfolio,204,-0.00351,-1.867,0.061902,True,0.00351
BREADTH_EXPANDING,sector,501-750,olympus-pro,204,0.0027,1.152,0.249511,True,0.0027
BREADTH_EXPANDING,sector,501-750,ontology,281,0.00089,0.642,0.520937,True,0.00089
BREADTH_EXPANDING,sector,501-750,optimism,719,0.00156,1.328,0.184089,True,0.00156
BREADTH_EXPANDING,sector,501-750,oracles,670,-0.00285,-1.843,0.065402,True,0.00285
BREADTH_EXPANDING,sector,501-750,osmosis,443,-0.00034,-0.227,0.820379,True,0.00034
BREADTH_EXPANDING,sector,501-750,payments,1052,0.00043,0.429,0.667625,True,0.00043
BREADTH_EXPANDING,sector,501-750,platform,29598,0.00137,7.572,0.0,True,0.00137
BREADTH_EXPANDING,sector,501-750,polkadot,1822,-2e-05,-0.027,0.978562,True,2e-05
BREADTH_EXPANDING,sector,501-750,polkastarter,469,-0.00213,-1.219,0.222777,True,0.00213
BREADTH_EXPANDING,sector,501-750,polygon,1706,0.00365,5.601,0.0,True,0.00365
BREADTH_EXPANDING,sector,501-750,pos,4721,0.00141,3.219,0.001288,True,0.00141
BREADTH_EXPANDING,sector,501-750,posplus,294,-1e-05,-0.008,0.993817,True,1e-05
BREADTH_EXPANDING,sector,501-750,pow,1577,0.00032,0.406,0.684982,True,0.00032
BREADTH_EXPANDING,sector,501-750,prediction-markets,741,0.00161,1.74,0.081838,True,0.00161
BREADTH_EXPANDING,sector,501-750,privacy,3752,-0.00041,-0.814,0.415912,True,0.00041
BREADTH_EXPANDING,sector,501-750,real-estate,2013,-0.0,-0.003,0.997575,True,0.0
BREADTH_EXPANDING,sector,501-750,real-world-assets,637,-0.00016,-0.121,0.903318,True,0.00016
BREADTH_EXPANDING,sector,501-750,real-world-assets-protocols,272,0.00125,0.762,0.446063,True,0.00125
BREADTH_EXPANDING,sector,501-750,rehypothecated-crypto,326,0.00256,1.3,0.19372,True,0.00256
BREADTH_EXPANDING,sector,501-750,retail,950,0.00249,2.433,0.014966,True,0.00249
BREADTH_EXPANDING,sector,501-750,scaling,1465,0.00146,2.111,0.034813,True,0.00146
BREADTH_EXPANDING,sector,501-750,seedify,241,-0.00202,-0.992,0.321389,True,0.00202
BREADTH_EXPANDING,sector,501-750,services,8276,0.00097,2.656,0.0079,True,0.00097
BREADTH_EXPANDING,sector,501-750,skyvision-capital-portfolio,201,0.00067,0.289,0.772887,True,0.00067
BREADTH_EXPANDING,sector,501-750,smart-contracts,742,-0.00052,-0.432,0.665402,True,0.00052
BREADTH_EXPANDING,sector,501-750,solana,4546,-0.00041,-0.795,0.426573,True,0.00041
BREADTH_EXPANDING,sector,501-750,spartan-group,440,-0.00175,-1.058,0.28986,True,0.00175
BREADTH_EXPANDING,sector,501-750,sports,5787,0.00099,2.805,0.005029,True,0.00099
BREADTH_EXPANDING,sector,501-750,stablecoin,7724,0.00285,10.601,0.0,True,0.00285
BREADTH_EXPANDING,sector,501-750,staking,447,0.0011,0.695,0.486795,True,0.0011
BREADTH_EXPANDING,sector,501-750,storage,351,-0.0003,-0.214,0.830535,True,0.0003
BREADTH_EXPANDING,sector,501-750,store-of-value,1812,0.00302,5.265,0.0,True,0.00302
BREADTH_EXPANDING,sector,501-750,substrate,559,0.00084,0.611,0.540911,True,0.00084
BREADTH_EXPANDING,sector,501-750,sui,208,0.00314,1.191,0.233804,True,0.00314
BREADTH_EXPANDING,sector,501-750,technology,201,0.00017,0.064,0.948857,True,0.00017
BREADTH_EXPANDING,sector,501-750,tokenized-stock,1783,0.00154,2.167,0.03021,True,0.00154
BREADTH_EXPANDING,sector,501-750,trustswap-launchpad,545,0.00113,0.707,0.479275,True,0.00113
BREADTH_EXPANDING,sector,501-750,vr-ar,2802,0.00074,1.308,0.190919,True,0.00074
BREADTH_EXPANDING,sector,501-750,wallet,1630,0.00173,2.53,0.011405,True,0.00173
BREADTH_EXPANDING,sector,501-750,web3,476,0.00248,2.076,0.037853,True,0.00248
BREADTH_EXPANDING,sector,501-750,xdc,292,0.00461,3.164,0.001554,True,0.00461
BREADTH_EXPANDING,sector,501-750,yield-farming,1590,0.0005,0.641,0.52172,True,0.0005
BREADTH_EXPANDING,sector,501-750,zero-knowledge-proofs,1221,0.00103,1.238,0.215601,True,0.00103
BREADTH_EXPANDING,sector,751-1000,,92644,0.00062,5.543,0.0,True,0.00062
BREADTH_EXPANDING,sector,751-1000,ai-big-data,22211,-0.00113,-4.909,1e-06,True,0.00113
BREADTH_EXPANDING,sector,751-1000,alameda-research-portfolio,661,-0.00288,-2.249,0.024531,True,0.00288
BREADTH_EXPANDING,sector,751-1000,algorand,657,0.00064,0.615,0.538753,True,0.00064
BREADTH_EXPANDING,sector,751-1000,amm,772,0.00012,0.103,0.917675,True,0.00012
BREADTH_EXPANDING,sector,751-1000,arbitrum,342,-0.00262,-1.666,0.095655,True,0.00262
BREADTH_EXPANDING,sector,751-1000,arbitrum-ecosytem,262,-0.00071,-0.3,0.764119,True,0.00071
BREADTH_EXPANDING,sector,751-1000,art,456,0.00114,0.72,0.471527,True,0.00114
BREADTH_EXPANDING,sector,751-1000,asset-management,7767,0.00054,1.372,0.169979,True,0.00054
BREADTH_EXPANDING,sector,751-1000,atomic-swaps,249,-0.00128,-0.65,0.515525,True,0.00128
BREADTH_EXPANDING,sector,751-1000,avalanche,1272,0.00179,2.215,0.026756,True,0.00179
BREADTH_EXPANDING,sector,751-1000,base,835,-0.00348,-2.986,0.002823,True,0.00348
BREADTH_EXPANDING,sector,751-1000,binance-chain,1062,0.00124,1.31,0.190356,True,0.00124
BREADTH_EXPANDING,sector,751-1000,binance-labs-portfolio,422,0.00213,1.453,0.146228,True,0.00213
BREADTH_EXPANDING,sector,751-1000,binance-launchpad,710,0.00124,1.212,0.225409,True,0.00124
BREADTH_EXPANDING,sector,751-1000,binance-launchpool,290,0.00042,0.258,0.796792,True,0.00042
BREADTH_EXPANDING,sector,751-1000,binance-smart-chain,3753,-0.00024,-0.409,0.682703,True,0.00024
BREADTH_EXPANDING,sector,751-1000,bitcoin,633,-0.003,-2.473,0.01338,True,0.003
BREADTH_EXPANDING,sector,751-1000,bnb-chain,10464,0.00164,5.87,0.0,True,0.00164
BREADTH_EXPANDING,sector,751-1000,bounce-launchpad,254,-0.00243,-1.311,0.189993,True,0.00243
BREADTH_EXPANDING,sector,751-1000,cardano,561,0.00118,0.972,0.331029,True,0.00118
BREADTH_EXPANDING,sector,751-1000,centralized-exchange,2881,0.00127,2.404,0.016198,True,0.00127
BREADTH_EXPANDING,sector,751-1000,coinbase-ventures-portfolio,498,-0.00211,-1.4,0.161608,True,0.00211
BREADTH_EXPANDING,sector,751-1000,collectibles-nfts,30120,-0.00071,-3.884,0.000103,True,0.00071
BREADTH_EXPANDING,sector,751-1000,commodities,356,-0.00022,-0.138,0.889866,True,0.00022
BREADTH_EXPANDING,sector,751-1000,communications-social-media,4571,-0.00074,-1.573,0.115746,True,0.00074
BREADTH_EXPANDING,sector,751-1000,content-creation,533,-0.00156,-1.037,0.2997,True,0.00156
BREADTH_EXPANDING,sector,751-1000,cosmos,6269,-0.00033,-0.844,0.398586,True,0.00033
BREADTH_EXPANDING,sector,751-1000,crowdfunding,533,0.00304,2.342,0.01919,True,0.00304
BREADTH_EXPANDING,sector,751-1000,cybersecurity,3844,0.00096,1.976,0.048135,True,0.00096
BREADTH_EXPANDING,sector,751-1000,dag,2619,0.00125,2.313,0.020714,True,0.00125
BREADTH_EXPANDING,sector,751-1000,dao,2963,0.00175,3.06,0.002213,True,0.00175
BREADTH_EXPANDING,sector,751-1000,dao-maker,450,-0.00447,-2.912,0.003586,True,0.00447
BREADTH_EXPANDING,sector,751-1000,data-provenance,458,-0.00051,-0.327,0.743486,True,0.00051
BREADTH_EXPANDING,sector,751-1000,decentralized-exchange,3372,-0.00048,-0.855,0.392467,True,0.00048
BREADTH_EXPANDING,sector,751-1000,decentralized-exchange-dex-token,10055,0.00054,1.949,0.051349,True,0.00054
BREADTH_EXPANDING,sector,751-1000,defi,48509,0.00047,3.458,0.000544,True,0.00047
BREADTH_EXPANDING,sector,751-1000,defi-2,346,-0.00088,-0.554,0.579778,True,0.00088
BREADTH_EXPANDING,sector,751-1000,derivatives,571,-0.00068,-0.572,0.567208,True,0.00068
BREADTH_EXPANDING,sector,751-1000,distributed-computing,5463,-0.00096,-2.306,0.021113,True,0.00096
BREADTH_EXPANDING,sector,751-1000,dpos,1378,0.00147,1.661,0.096765,True,0.00147
BREADTH_EXPANDING,sector,751-1000,duckstarter,421,0.00058,0.329,0.741984,True,0.00058
BREADTH_EXPANDING,sector,751-1000,dwf-labs-portfolio,961,-0.00161,-1.526,0.127128,True,0.00161
BREADTH_EXPANDING,sector,751-1000,e-commerce,464,0.00179,1.228,0.219395,True,0.00179
BREADTH_EXPANDING,sector,751-1000,education,1046,0.00066,0.681,0.496129,True,0.00066
BREADTH_EXPANDING,sector,751-1000,energy,1796,0.00103,1.404,0.160228,True,0.00103
BREADTH_EXPANDING,sector,751-1000,enterprise-solutions,814,-0.00025,-0.225,0.822292,True,0.00025
BREADTH_EXPANDING,sector,751-1000,ethereum,21107,0.001,5.123,0.0,True,0.001
BREADTH_EXPANDING,sector,751-1000,events,1568,0.00029,0.358,0.720352,True,0.00029
BREADTH_EXPANDING,sector,751-1000,exnetwork-capital-portfolio,602,0.00275,1.932,0.053394,True,0.00275
BREADTH_EXPANDING,sector,751-1000,fan-token,1985,0.00074,1.164,0.244337,True,0.00074
BREADTH_EXPANDING,sector,751-1000,fantom,843,-0.00141,-1.094,0.274016,True,0.00141
BREADTH_EXPANDING,sector,751-1000,fashion,238,-0.00236,-0.997,0.318647,True,0.00236
BREADTH_EXPANDING,sector,751-1000,filesharing,1061,0.00098,0.88,0.378641,True,0.00098
BREADTH_EXPANDING,sector,751-1000,gambling,4089,0.00182,3.413,0.000644,True,0.00182
BREADTH_EXPANDING,sector,751-1000,gaming,11133,-0.00103,-3.373,0.000744,True,0.00103
BREADTH_EXPANDING,sector,751-1000,hardware,653,-0.00198,-1.882,0.059891,True,0.00198
BREADTH_EXPANDING,sector,751-1000,harmony,249,0.00133,0.773,0.439568,True,0.00133
BREADTH_EXPANDING,sector,751-1000,health,2419,0.00128,1.921,0.054679,True,0.00128
BREADTH_EXPANDING,sector,751-1000,hospitality,929,0.00184,1.765,0.07748,True,0.00184
BREADTH_EXPANDING,sector,751-1000,hybrid-pos-lpos,222,0.00183,0.927,0.353744,True,0.00183
BREADTH_EXPANDING,sector,751-1000,hybrid-pow-pos,923,0.00037,0.315,0.752998,True,0.00037
BREADTH_EXPANDING,sector,751-1000,identity,783,-0.00079,-0.594,0.552335,True,0.00079
BREADTH_EXPANDING,sector,751-1000,insurance,894,0.00038,0.346,0.729493,True,0.00038
BREADTH_EXPANDING,sector,751-1000,interoperability,1497,-0.00211,-2.522,0.011683,True,0.00211
BREADTH_EXPANDING,sector,751-1000,iot,638,-0.00058,-0.421,0.673599,True,0.00058
BREADTH_EXPANDING,sector,751-1000,klaytn,200,0.00129,0.645,0.518757,True,0.00129
BREADTH_EXPANDING,sector,751-1000,launchpad,1324,0.0005,0.578,0.562968,True,0.0005
BREADTH_EXPANDING,sector,751-1000,layer-1,733,-0.00116,-1.118,0.263402,True,0.00116
BREADTH_EXPANDING,sector,751-1000,layer-2,391,0.00045,0.249,0.803248,True,0.00045
BREADTH_EXPANDING,sector,751-1000,liquid-staking-derivatives,353,-0.0024,-1.479,0.139076,True,0.0024
BREADTH_EXPANDING,sector,751-1000,logistics,1608,-0.00034,-0.368,0.712743,True,0.00034
BREADTH_EXPANDING,sector,751-1000,manufacturing,365,0.00068,0.389,0.697277,True,0.00068
BREADTH_EXPANDING,sector,751-1000,marketing,2616,0.00208,3.735,0.000188,True,0.00208
BREADTH_EXPANDING,sector,751-1000,marketplace,16266,0.00028,1.111,0.266623,True,0.00028
BREADTH_EXPANDING,sector,751-1000,masternodes,1327,0.00301,3.385,0.000711,True,0.00301
BREADTH_EXPANDING,sector,751-1000,media,5352,0.00078,1.743,0.081376,True,0.00078
BREADTH_EXPANDING,sector,751-1000,medium-of-exchange,3547,-0.00014,-0.25,0.802639,True,0.00014
BREADTH_EXPANDING,sector,751-1000,memes,22973,-0.00159,-6.623,0.0,True,0.00159
BREADTH_EXPANDING,sector,751-1000,metaverse,787,0.0011,0.992,0.321036,True,0.0011
BREADTH_EXPANDING,sector,751-1000,mineable,32553,0.00163,8.647,0.0,True,0.00163
BREADTH_EXPANDING,sector,751-1000,music,437,-0.00186,-1.227,0.219868,True,0.00186
BREADTH_EXPANDING,sector,751-1000,mvb,386,7e-05,0.054,0.957183,True,7e-05
BREADTH_EXPANDING,sector,751-1000,olympus-pro,302,-0.00252,-1.44,0.149874,True,0.00252
BREADTH_EXPANDING,sector,751-1000,optimism,1097,-0.00086,-0.896,0.370232,True,0.00086
BREADTH_EXPANDING,sector,751-1000,oracles,1093,0.00053,0.489,0.625167,True,0.00053
BREADTH_EXPANDING,sector,751-1000,paal,241,-0.00379,-1.728,0.083942,True,0.00379
BREADTH_EXPANDING,sector,751-1000,payments,1749,0.00175,2.208,0.027236,True,0.00175
BREADTH_EXPANDING,sector,751-1000,petrock-capital-portfolio,212,-0.00289,-1.256,0.208988,True,0.00289
BREADTH_EXPANDING,sector,751-1000,platform,25488,0.00054,2.572,0.010099,True,0.00054
BREADTH_EXPANDING,sector,751-1000,play-to-earn,382,0.00067,0.415,0.678305,True,0.00067
BREADTH_EXPANDING,sector,751-1000,polkadot,2313,-0.00044,-0.645,0.51887,True,0.00044
BREADTH_EXPANDING,sector,751-1000,polkastarter,883,0.00139,1.08,0.280042,True,0.00139
BREADTH_EXPANDING,sector,751-1000,polygon,2097,0.00178,2.553,0.010672,True,0.00178
BREADTH_EXPANDING,sector,751-1000,pos,6068,0.00142,3.285,0.001018,True,0.00142
BREADTH_EXPANDING,sector,751-1000,posplus,204,0.00151,0.843,0.399497,True,0.00151
BREADTH_EXPANDING,sector,751-1000,pow,2295,0.00017,0.254,0.799361,True,0.00017
BREADTH_EXPANDING,sector,751-1000,prediction-markets,722,0.00168,1.78,0.075056,True,0.00168
BREADTH_EXPANDING,sector,751-1000,privacy,2908,-0.00033,-0.582,0.560836,True,0.00033
BREADTH_EXPANDING,sector,751-1000,quantum-resistant,217,2e-05,0.007,0.994242,True,2e-05
BREADTH_EXPANDING,sector,751-1000,real-estate,1590,-0.00169,-1.908,0.056442,True,0.00169
BREADTH_EXPANDING,sector,751-1000,real-world-assets,1572,-0.00069,-0.792,0.428186,True,0.00069
BREADTH_EXPANDING,sector,751-1000,rehypothecated-crypto,230,-0.00262,-1.213,0.225033,True,0.00262
BREADTH_EXPANDING,sector,751-1000,retail,391,-0.0017,-1.1,0.271413,True,0.0017
BREADTH_EXPANDING,sector,751-1000,scaling,496,-0.00047,-0.381,0.703109,True,0.00047
BREADTH_EXPANDING,sector,751-1000,seedify,260,-0.00241,-1.216,0.22388,True,0.00241
BREADTH_EXPANDING,sector,751-1000,services,6286,0.00109,2.666,0.007665,True,0.00109
BREADTH_EXPANDING,sector,751-1000,smart-contracts,644,-0.00162,-1.399,0.161882,True,0.00162
BREADTH_EXPANDING,sector,751-1000,social-token,278,0.00139,0.761,0.446706,True,0.00139
BREADTH_EXPANDING,sector,751-1000,solana,5464,-0.00082,-1.767,0.077184,True,0.00082
BREADTH_EXPANDING,sector,751-1000,spartan-group,346,-0.00315,-1.72,0.085362,True,0.00315
BREADTH_EXPANDING,sector,751-1000,sports,10347,0.00166,6.464,0.0,True,0.00166
BREADTH_EXPANDING,sector,751-1000,stablecoin,5311,0.00423,13.908,0.0,True,0.00423
BREADTH_EXPANDING,sector,751-1000,staking,436,0.00274,1.593,0.111054,True,0.00274
BREADTH_EXPANDING,sector,751-1000,store-of-value,1128,0.00146,1.757,0.078846,True,0.00146
BREADTH_EXPANDING,sector,751-1000,substrate,1371,-0.00173,-2.098,0.03587,True,0.00173
BREADTH_EXPANDING,sector,751-1000,sui,365,-0.00183,-1.077,0.281495,True,0.00183
BREADTH_EXPANDING,sector,751-1000,tokenized-gold,897,0.00504,7.746,0.0,True,0.00504
BREADTH_EXPANDING,sector,751-1000,tokenized-stock,1206,0.00402,4.868,1e-06,True,0.00402
BREADTH_EXPANDING,sector,751-1000,toncoin,262,0.00063,0.303,0.761859,True,0.00063
BREADTH_EXPANDING,sector,751-1000,transport,213,0.00128,0.452,0.65105,True,0.00128
BREADTH_EXPANDING,sector,751-1000,tron,223,0.00232,1.101,0.270696,True,0.00232
BREADTH_EXPANDING,sector,751-1000,trustswap-launchpad,894,0.00043,0.405,0.685136,True,0.00043
BREADTH_EXPANDING,sector,751-1000,vr-ar,2007,-0.00065,-0.974,0.329934,True,0.00065
BREADTH_EXPANDING,sector,751-1000,wallet,1856,0.0007,1.063,0.287565,True,0.0007
BREADTH_EXPANDING,sector,751-1000,web3,418,0.00268,2.288,0.022149,True,0.00268
BREADTH_EXPANDING,sector,751-1000,xdc,303,0.00519,3.843,0.000122,True,0.00519
BREADTH_EXPANDING,sector,751-1000,yield-farming,1359,0.00038,0.438,0.661097,True,0.00038
BREADTH_EXPANDING,sector,751-1000,zero-knowledge-proofs,2038,-0.00021,-0.311,0.756068,True,0.00021
BREADTH_EXPANDING,sector,1001-1500,,212352,0.00036,4.81,2e-06,True,0.00036
BREADTH_EXPANDING,sector,1001-1500,adult,629,-0.00144,-1.021,0.307354,True,0.00144
BREADTH_EXPANDING,sector,1001-1500,agriculture,228,-0.00112,-0.577,0.563719,True,0.00112
BREADTH_EXPANDING,sector,1001-1500,ai-big-data,40527,-0.00177,-10.424,0.0,True,0.00177
BREADTH_EXPANDING,sector,1001-1500,algorand,1115,0.00052,0.657,0.511078,True,0.00052
BREADTH_EXPANDING,sector,1001-1500,amm,797,-0.00124,-1.053,0.292223,True,0.00124
BREADTH_EXPANDING,sector,1001-1500,animoca-brands-portfolio,243,-0.00226,-1.209,0.226829,True,0.00226
BREADTH_EXPANDING,sector,1001-1500,aptos,494,-0.00096,-0.697,0.48594,True,0.00096
BREADTH_EXPANDING,sector,1001-1500,arbitrum,848,-0.00088,-0.8,0.42398,True,0.00088
BREADTH_EXPANDING,sector,1001-1500,arbitrum-ecosytem,1421,-0.00193,-2.167,0.030246,True,0.00193
BREADTH_EXPANDING,sector,1001-1500,art,1785,-0.0007,-0.856,0.391795,True,0.0007
BREADTH_EXPANDING,sector,1001-1500,asset-management,16316,0.00025,0.91,0.362584,True,0.00025
BREADTH_EXPANDING,sector,1001-1500,avalanche,2449,-0.00132,-2.053,0.040091,True,0.00132
BREADTH_EXPANDING,sector,1001-1500,base,2088,-0.00256,-3.104,0.001907,True,0.00256
BREADTH_EXPANDING,sector,1001-1500,binance-chain,3020,-0.00028,-0.494,0.621253,True,0.00028
BREADTH_EXPANDING,sector,1001-1500,binance-labs-portfolio,960,-0.00264,-2.641,0.008266,True,0.00264
BREADTH_EXPANDING,sector,1001-1500,binance-launchpool,371,0.00066,0.391,0.695761,True,0.00066
BREADTH_EXPANDING,sector,1001-1500,binance-smart-chain,8975,-0.0001,-0.27,0.787167,True,0.0001
BREADTH_EXPANDING,sector,1001-1500,bnb-chain,21916,0.00108,5.487,0.0,True,0.00108
BREADTH_EXPANDING,sector,1001-1500,bounce-launchpad,914,-0.0006,-0.606,0.544623,True,0.0006
BREADTH_EXPANDING,sector,1001-1500,bullperks-launchpad,487,0.00073,0.432,0.665862,True,0.00073
BREADTH_EXPANDING,sector,1001-1500,cardano,1522,-0.00037,-0.476,0.633999,True,0.00037
BREADTH_EXPANDING,sector,1001-1500,centralized-exchange,3491,0.00111,2.239,0.025163,True,0.00111
BREADTH_EXPANDING,sector,1001-1500,coinbase-ventures-portfolio,363,-0.00031,-0.192,0.847865,True,0.00031
BREADTH_EXPANDING,sector,1001-1500,collectibles-nfts,68379,-0.00083,-6.77,0.0,True,0.00083
BREADTH_EXPANDING,sector,1001-1500,commodities,871,0.00138,1.475,0.140137,True,0.00138
BREADTH_EXPANDING,sector,1001-1500,communications-social-media,9145,-0.00154,-4.632,4e-06,True,0.00154
BREADTH_EXPANDING,sector,1001-1500,content-creation,648,-0.00086,-0.738,0.460353,True,0.00086
BREADTH_EXPANDING,sector,1001-1500,cosmos,7417,-0.00113,-2.929,0.003397,True,0.00113
BREADTH_EXPANDING,sector,1001-1500,cronos,952,0.00154,2.127,0.033384,True,0.00154
BREADTH_EXPANDING,sector,1001-1500,crowdfunding,1360,0.00087,1.002,0.316274,True,0.00087
BREADTH_EXPANDING,sector,1001-1500,cybersecurity,3606,5e-05,0.092,0.926342,True,5e-05
BREADTH_EXPANDING,sector,1001-1500,dag,2704,0.00122,1.998,0.045685,True,0.00122
BREADTH_EXPANDING,sector,1001-1500,dao,6629,0.0004,1.095,0.273614,True,0.0004
BREADTH_EXPANDING,sector,1001-1500,dao-maker,485,-0.00232,-1.245,0.213314,True,0.00232
BREADTH_EXPANDING,sector,1001-1500,dapp,374,0.00122,0.698,0.485024,True,0.00122
BREADTH_EXPANDING,sector,1001-1500,decentralized-exchange,4873,-0.00113,-2.353,0.018626,True,0.00113
BREADTH_EXPANDING,sector,1001-1500,decentralized-exchange-dex-token,11551,4e-05,0.132,0.895125,True,4e-05
BREADTH_EXPANDING,sector,1001-1500,defi,83344,3e-05,0.315,0.752482,True,3e-05
BREADTH_EXPANDING,sector,1001-1500,derivatives,509,0.00054,0.456,0.648563,True,0.00054
BREADTH_EXPANDING,sector,1001-1500,distributed-computing,6393,-0.00085,-2.023,0.043029,True,0.00085
BREADTH_EXPANDING,sector,1001-1500,dpos,3042,6e-05,0.096,0.923756,True,6e-05
BREADTH_EXPANDING,sector,1001-1500,duckstarter,897,-3e-05,-0.025,0.980184,True,3e-05
BREADTH_EXPANDING,sector,1001-1500,dwf-labs-portfolio,2293,-0.00173,-2.725,0.006435,True,0.00173
BREADTH_EXPANDING,sector,1001-1500,e-commerce,554,-0.00169,-1.404,0.160357,True,0.00169
BREADTH_EXPANDING,sector,1001-1500,education,2242,-0.00029,-0.4,0.689296,True,0.00029
BREADTH_EXPANDING,sector,1001-1500,energy,2536,0.00097,1.417,0.156518,True,0.00097
BREADTH_EXPANDING,sector,1001-1500,enterprise-solutions,890,0.00065,0.616,0.537861,True,0.00065
BREADTH_EXPANDING,sector,1001-1500,entertainment,978,-0.00136,-1.177,0.239091,True,0.00136
BREADTH_EXPANDING,sector,1001-1500,ethereum,46842,0.00062,4.467,8e-06,True,0.00062
BREADTH_EXPANDING,sector,1001-1500,etherlink,326,0.00469,4.803,2e-06,True,0.00469
BREADTH_EXPANDING,sector,1001-1500,events,1811,0.00052,0.617,0.537542,True,0.00052
BREADTH_EXPANDING,sector,1001-1500,exnetwork-capital-portfolio,1566,-0.00078,-0.962,0.336275,True,0.00078
BREADTH_EXPANDING,sector,1001-1500,fan-token,5492,0.00046,1.202,0.229464,True,0.00046
BREADTH_EXPANDING,sector,1001-1500,fantom,1574,-0.00169,-1.833,0.066852,True,0.00169
BREADTH_EXPANDING,sector,1001-1500,fashion,234,0.00084,0.362,0.717201,True,0.00084
BREADTH_EXPANDING,sector,1001-1500,ferrum-network,910,0.00268,2.713,0.006672,True,0.00268
BREADTH_EXPANDING,sector,1001-1500,filesharing,831,-0.00061,-0.506,0.612678,True,0.00061
BREADTH_EXPANDING,sector,1001-1500,finance-banking,237,-4e-05,-0.019,0.984847,True,4e-05
BREADTH_EXPANDING,sector,1001-1500,food-beverage,415,0.00234,2.037,0.041601,True,0.00234
BREADTH_EXPANDING,sector,1001-1500,gambling,7344,0.00023,0.586,0.557586,True,0.00023
BREADTH_EXPANDING,sector,1001-1500,gaming,22154,-0.00181,-8.161,0.0,True,0.00181
BREADTH_EXPANDING,sector,1001-1500,hardware,1071,0.00248,2.937,0.003318,True,0.00248
BREADTH_EXPANDING,sector,1001-1500,health,5798,-0.00053,-1.148,0.251041,True,0.00053
BREADTH_EXPANDING,sector,1001-1500,hospitality,752,-0.00067,-0.599,0.549306,True,0.00067
BREADTH_EXPANDING,sector,1001-1500,hybrid-pos-lpos,445,0.00028,0.202,0.839707,True,0.00028
BREADTH_EXPANDING,sector,1001-1500,hybrid-pos-pop,304,0.00406,1.927,0.053938,True,0.00406
BREADTH_EXPANDING,sector,1001-1500,hybrid-pow-npos,246,-0.00065,-0.262,0.793188,True,0.00065
BREADTH_EXPANDING,sector,1001-1500,hybrid-pow-pos,4503,0.00214,4.336,1.4e-05,True,0.00214
BREADTH_EXPANDING,sector,1001-1500,icp,240,0.00383,1.939,0.052535,True,0.00383
BREADTH_EXPANDING,sector,1001-1500,identity,886,-0.00124,-1.073,0.283413,True,0.00124
BREADTH_EXPANDING,sector,1001-1500,insurance,2509,-0.00095,-1.456,0.145348,True,0.00095
BREADTH_EXPANDING,sector,1001-1500,interoperability,1981,-0.00183,-2.471,0.013468,True,0.00183
BREADTH_EXPANDING,sector,1001-1500,iot,1807,0.00037,0.496,0.619838,True,0.00037
BREADTH_EXPANDING,sector,1001-1500,iotex,372,0.00034,0.245,0.806711,True,0.00034
BREADTH_EXPANDING,sector,1001-1500,klaytn,1862,0.00352,6.629,0.0,True,0.00352
BREADTH_EXPANDING,sector,1001-1500,kommunitas-launchpad,723,-0.00204,-1.515,0.129851,True,0.00204
BREADTH_EXPANDING,sector,1001-1500,launchpad,6706,0.00043,1.137,0.255463,True,0.00043
BREADTH_EXPANDING,sector,1001-1500,layer-1,1316,-0.0013,-1.365,0.172365,True,0.0013
BREADTH_EXPANDING,sector,1001-1500,layer-2,506,-0.00312,-1.956,0.050476,True,0.00312
BREADTH_EXPANDING,sector,1001-1500,lending-borowing,269,-0.00192,-0.983,0.325797,True,0.00192
BREADTH_EXPANDING,sector,1001-1500,logistics,2484,-0.00062,-0.787,0.431306,True,0.00062
BREADTH_EXPANDING,sector,1001-1500,loyalty,377,-0.00282,-1.407,0.159316,True,0.00282
BREADTH_EXPANDING,sector,1001-1500,lpos,281,-0.00215,-1.262,0.207075,True,0.00215
BREADTH_EXPANDING,sector,1001-1500,manufacturing,732,0.00104,1.039,0.298653,True,0.00104
BREADTH_EXPANDING,sector,1001-1500,marketing,2727,1e-05,0.022,0.982708,True,1e-05
BREADTH_EXPANDING,sector,1001-1500,marketplace,22831,0.00016,0.732,0.464087,True,0.00016
BREADTH_EXPANDING,sector,1001-1500,masternodes,2885,0.00103,1.667,0.095496,True,0.00103
BREADTH_EXPANDING,sector,1001-1500,media,6826,0.00013,0.31,0.7563,True,0.00013
BREADTH_EXPANDING,sector,1001-1500,medium-of-exchange,4584,0.00124,2.462,0.013806,True,0.00124
BREADTH_EXPANDING,sector,1001-1500,memes,54149,-0.00201,-13.132,0.0,True,0.00201
BREADTH_EXPANDING,sector,1001-1500,metaverse,1781,-0.00035,-0.472,0.636748,True,0.00035
BREADTH_EXPANDING,sector,1001-1500,meverse,499,4e-05,0.037,0.970489,True,4e-05
BREADTH_EXPANDING,sector,1001-1500,mineable,83565,0.00166,13.849,0.0,True,0.00166
BREADTH_EXPANDING,sector,1001-1500,music,964,5e-05,0.047,0.962159,True,5e-05
BREADTH_EXPANDING,sector,1001-1500,mvb,487,-0.00068,-0.492,0.622933,True,0.00068
BREADTH_EXPANDING,sector,1001-1500,near-protocol,459,0.00232,1.626,0.103919,True,0.00232
BREADTH_EXPANDING,sector,1001-1500,okex-blockdream-ventures-portfolio,1502,-8e-05,-0.105,0.916004,True,8e-05
BREADTH_EXPANDING,sector,1001-1500,optimism,425,0.00388,2.389,0.016912,True,0.00388
BREADTH_EXPANDING,sector,1001-1500,oracles,3934,-0.0001,-0.204,0.838419,True,0.0001
BREADTH_EXPANDING,sector,1001-1500,osmosis,506,0.00115,0.752,0.451849,True,0.00115
BREADTH_EXPANDING,sector,1001-1500,payments,4392,0.00045,0.893,0.371918,True,0.00045
BREADTH_EXPANDING,sector,1001-1500,petrock-capital-portfolio,206,-0.00528,-2.341,0.019237,True,0.00528
BREADTH_EXPANDING,sector,1001-1500,philanthropy,1145,0.00095,0.882,0.378026,True,0.00095
BREADTH_EXPANDING,sector,1001-1500,platform,44761,-0.00014,-0.854,0.392909,True,0.00014
BREADTH_EXPANDING,sector,1001-1500,play-to-earn,922,-0.00159,-1.4,0.16139,True,0.00159
BREADTH_EXPANDING,sector,1001-1500,poi,326,-0.00137,-0.793,0.427637,True,0.00137
BREADTH_EXPANDING,sector,1001-1500,polkadot,3588,-0.00095,-1.693,0.090507,True,0.00095
BREADTH_EXPANDING,sector,1001-1500,polkastarter,3831,-0.00178,-3.143,0.001674,True,0.00178
BREADTH_EXPANDING,sector,1001-1500,polygon,4862,-0.00056,-1.203,0.229157,True,0.00056
BREADTH_EXPANDING,sector,1001-1500,pos,9866,0.00136,4.008,6.1e-05,True,0.00136
BREADTH_EXPANDING,sector,1001-1500,posign,438,0.00232,1.479,0.13905,True,0.00232
BREADTH_EXPANDING,sector,1001-1500,pow,3715,0.00231,4.087,4.4e-05,True,0.00231
BREADTH_EXPANDING,sector,1001-1500,prediction-markets,1050,-0.00017,-0.213,0.831192,True,0.00017
BREADTH_EXPANDING,sector,1001-1500,privacy,6315,0.0001,0.255,0.799044,True,0.0001
BREADTH_EXPANDING,sector,1001-1500,quantum-resistant,393,0.002,1.142,0.253534,True,0.002
BREADTH_EXPANDING,sector,1001-1500,real-estate,5214,-0.00047,-1.023,0.306113,True,0.00047
BREADTH_EXPANDING,sector,1001-1500,real-world-assets,2099,-0.0002,-0.26,0.794933,True,0.0002
BREADTH_EXPANDING,sector,1001-1500,real-world-assets-protocols,212,0.00111,0.491,0.623334,True,0.00111
BREADTH_EXPANDING,sector,1001-1500,rebase,570,0.00312,2.026,0.042758,True,0.00312
BREADTH_EXPANDING,sector,1001-1500,rehypothecated-crypto,813,0.00382,3.311,0.000929,True,0.00382
BREADTH_EXPANDING,sector,1001-1500,retail,269,-0.00193,-0.872,0.383127,True,0.00193
BREADTH_EXPANDING,sector,1001-1500,scaling,792,-0.00149,-1.512,0.130573,True,0.00149
BREADTH_EXPANDING,sector,1001-1500,scrypt,289,0.00295,1.622,0.104863,True,0.00295
BREADTH_EXPANDING,sector,1001-1500,seedify,232,-0.00101,-0.437,0.662347,True,0.00101
BREADTH_EXPANDING,sector,1001-1500,sei,332,-0.00013,-0.062,0.950259,True,0.00013
BREADTH_EXPANDING,sector,1001-1500,services,12111,0.00025,0.848,0.3962,True,0.00025
BREADTH_EXPANDING,sector,1001-1500,smart-contracts,755,-0.0008,-0.634,0.526319,True,0.0008
BREADTH_EXPANDING,sector,1001-1500,social-money,665,0.00379,2.472,0.013422,True,0.00379
BREADTH_EXPANDING,sector,1001-1500,social-token,714,0.00199,2.316,0.020578,True,0.00199
BREADTH_EXPANDING,sector,1001-1500,solana,11129,-0.0015,-4.539,6e-06,True,0.0015
BREADTH_EXPANDING,sector,1001-1500,spartan-group,635,-0.00441,-3.244,0.001177,True,0.00441
BREADTH_EXPANDING,sector,1001-1500,sports,21624,0.00105,5.771,0.0,True,0.00105
BREADTH_EXPANDING,sector,1001-1500,stablecoin,9025,0.00352,15.357,0.0,True,0.00352
BREADTH_EXPANDING,sector,1001-1500,staking,1147,0.0003,0.282,0.778314,True,0.0003
BREADTH_EXPANDING,sector,1001-1500,storage,729,-0.00096,-0.814,0.415531,True,0.00096
BREADTH_EXPANDING,sector,1001-1500,store-of-value,2501,0.00193,3.433,0.000598,True,0.00193
BREADTH_EXPANDING,sector,1001-1500,substrate,1615,-0.00525,-6.139,0.0,True,0.00525
BREADTH_EXPANDING,sector,1001-1500,sui,782,-0.00196,-1.876,0.060686,True,0.00196
BREADTH_EXPANDING,sector,1001-1500,superstarter,414,-9e-05,-0.047,0.96255,True,9e-05
BREADTH_EXPANDING,sector,1001-1500,telegram-bot,578,-0.00235,-1.588,0.112233,True,0.00235
BREADTH_EXPANDING,sector,1001-1500,tokenized-gold,870,0.00449,6.394,0.0,True,0.00449
BREADTH_EXPANDING,sector,1001-1500,tokenized-stock,524,0.00082,0.622,0.534227,True,0.00082
BREADTH_EXPANDING,sector,1001-1500,toncoin,702,-0.00106,-0.842,0.399899,True,0.00106
BREADTH_EXPANDING,sector,1001-1500,tourism,381,-0.0019,-1.189,0.234345,True,0.0019
BREADTH_EXPANDING,sector,1001-1500,transport,1008,0.00183,1.758,0.078789,True,0.00183
BREADTH_EXPANDING,sector,1001-1500,tron,870,0.00245,2.874,0.004056,True,0.00245
BREADTH_EXPANDING,sector,1001-1500,tron20,474,0.0035,3.704,0.000212,True,0.0035
BREADTH_EXPANDING,sector,1001-1500,trustswap-launchpad,857,-0.00046,-0.389,0.696982,True,0.00046
BREADTH_EXPANDING,sector,1001-1500,vbc-ventures-portfolio,514,-0.00079,-0.455,0.649451,True,0.00079
BREADTH_EXPANDING,sector,1001-1500,vr-ar,4823,-0.00019,-0.397,0.691613,True,0.00019
BREADTH_EXPANDING,sector,1001-1500,wallet,594,-0.00088,-0.82,0.412222,True,0.00088
BREADTH_EXPANDING,sector,1001-1500,web3,912,-0.00038,-0.347,0.728443,True,0.00038
BREADTH_EXPANDING,sector,1001-1500,xdc,335,0.00226,1.214,0.224847,True,0.00226
BREADTH_EXPANDING,sector,1001-1500,xrp,413,-0.00392,-2.063,0.039097,True,0.00392
BREADTH_EXPANDING,sector,1001-1500,yield-farming,2730,-0.00087,-1.301,0.19329,True,0.00087
BREADTH_EXPANDING,sector,1001-1500,zero-knowledge-proofs,1223,-0.00132,-1.397,0.162309,True,0.00132
BREADTH_EXPANDING,sector,1501-2000,,247197,-0.00074,-10.786,0.0,True,0.00074
BREADTH_EXPANDING,sector,1501-2000,adult,343,-0.00368,-2.033,0.042024,True,0.00368
BREADTH_EXPANDING,sector,1501-2000,ai-big-data,34031,-0.00222,-12.118,0.0,True,0.00222
BREADTH_EXPANDING,sector,1501-2000,alameda-research-portfolio,415,-0.00285,-1.519,0.128808,True,0.00285
BREADTH_EXPANDING,sector,1501-2000,algorand,488,-0.0011,-0.712,0.47646,True,0.0011
BREADTH_EXPANDING,sector,1501-2000,amm,333,-0.0054,-3.128,0.00176,True,0.0054
BREADTH_EXPANDING,sector,1501-2000,analytics,569,-0.00176,-1.274,0.202678,True,0.00176
BREADTH_EXPANDING,sector,1501-2000,aptos,422,0.00105,0.967,0.333663,True,0.00105
BREADTH_EXPANDING,sector,1501-2000,arbitrum,1077,-0.00252,-2.595,0.009454,True,0.00252
BREADTH_EXPANDING,sector,1501-2000,arbitrum-ecosytem,917,-0.00314,-2.862,0.004209,True,0.00314
BREADTH_EXPANDING,sector,1501-2000,argentina,274,-0.00138,-0.554,0.579556,True,0.00138
BREADTH_EXPANDING,sector,1501-2000,art,3427,-0.00184,-3.148,0.001645,True,0.00184
BREADTH_EXPANDING,sector,1501-2000,asset-management,13773,-0.00083,-2.886,0.003901,True,0.00083
BREADTH_EXPANDING,sector,1501-2000,avalanche,3752,-0.00124,-2.394,0.016671,True,0.00124
BREADTH_EXPANDING,sector,1501-2000,base,2189,-0.00354,-4.659,3e-06,True,0.00354
BREADTH_EXPANDING,sector,1501-2000,binance-chain,1847,-0.002,-2.604,0.00922,True,0.002
BREADTH_EXPANDING,sector,1501-2000,binance-coin,295,-0.00223,-1.183,0.236671,True,0.00223
BREADTH_EXPANDING,sector,1501-2000,binance-labs-portfolio,304,-0.00201,-1.391,0.164185,True,0.00201
BREADTH_EXPANDING,sector,1501-2000,binance-smart-chain,8634,-0.00169,-4.369,1.2e-05,True,0.00169
BREADTH_EXPANDING,sector,1501-2000,bluezilla,238,-0.00428,-2.382,0.017235,True,0.00428
BREADTH_EXPANDING,sector,1501-2000,bnb-chain,29441,0.0003,1.677,0.093515,True,0.0003
BREADTH_EXPANDING,sector,1501-2000,cardano,664,-0.0009,-0.773,0.439384,True,0.0009
BREADTH_EXPANDING,sector,1501-2000,centralized-exchange,3246,0.00161,3.01,0.00261,True,0.00161
BREADTH_EXPANDING,sector,1501-2000,coinbase-ventures-portfolio,308,-0.00339,-1.8,0.071809,True,0.00339
BREADTH_EXPANDING,sector,1501-2000,collectibles-nfts,60937,-0.00121,-9.354,0.0,True,0.00121
BREADTH_EXPANDING,sector,1501-2000,commodities,961,0.00289,3.169,0.001531,True,0.00289
BREADTH_EXPANDING,sector,1501-2000,communications-social-media,6947,-0.00177,-4.712,2e-06,True,0.00177
BREADTH_EXPANDING,sector,1501-2000,content-creation,1149,-0.00304,-2.894,0.0038,True,0.00304
BREADTH_EXPANDING,sector,1501-2000,cosmos,7193,-0.00071,-1.817,0.069224,True,0.00071
BREADTH_EXPANDING,sector,1501-2000,crowdfunding,1475,-0.00285,-3.36,0.000779,True,0.00285
BREADTH_EXPANDING,sector,1501-2000,cybersecurity,3436,-0.00138,-2.513,0.011966,True,0.00138
BREADTH_EXPANDING,sector,1501-2000,dag,1060,0.0004,0.387,0.698998,True,0.0004
BREADTH_EXPANDING,sector,1501-2000,dao,2857,-0.00127,-2.084,0.037117,True,0.00127
BREADTH_EXPANDING,sector,1501-2000,dao-maker,1120,-0.00324,-3.017,0.002555,True,0.00324
BREADTH_EXPANDING,sector,1501-2000,dapp,665,-0.00224,-1.75,0.080149,True,0.00224
BREADTH_EXPANDING,sector,1501-2000,decentralized-exchange,1992,-0.00182,-2.31,0.020875,True,0.00182
BREADTH_EXPANDING,sector,1501-2000,decentralized-exchange-dex-token,7828,-0.0009,-2.552,0.01071,True,0.0009
BREADTH_EXPANDING,sector,1501-2000,defi,74386,0.00037,3.353,0.000799,True,0.00037
BREADTH_EXPANDING,sector,1501-2000,defi-index,310,0.00319,2.279,0.022639,True,0.00319
BREADTH_EXPANDING,sector,1501-2000,derivatives,738,0.00044,0.395,0.692479,True,0.00044
BREADTH_EXPANDING,sector,1501-2000,desci,253,0.00022,0.106,0.915611,True,0.00022
BREADTH_EXPANDING,sector,1501-2000,dex,311,-0.00909,-4.645,3e-06,True,0.00909
BREADTH_EXPANDING,sector,1501-2000,distributed-computing,3811,-0.00227,-3.939,8.2e-05,True,0.00227
BREADTH_EXPANDING,sector,1501-2000,doggone-doggerel,264,-0.00028,-0.21,0.833952,True,0.00028
BREADTH_EXPANDING,sector,1501-2000,dpos,3401,0.00015,0.267,0.789318,True,0.00015
BREADTH_EXPANDING,sector,1501-2000,duckstarter,712,-0.00624,-4.149,3.3e-05,True,0.00624
BREADTH_EXPANDING,sector,1501-2000,dwf-labs-portfolio,1875,-0.00173,-2.08,0.037548,True,0.00173
BREADTH_EXPANDING,sector,1501-2000,education,2238,-0.0017,-2.328,0.019923,True,0.0017
BREADTH_EXPANDING,sector,1501-2000,elrond,230,0.00078,0.451,0.652189,True,0.00078
BREADTH_EXPANDING,sector,1501-2000,energy,2952,0.00052,0.881,0.378439,True,0.00052
BREADTH_EXPANDING,sector,1501-2000,enterprise-solutions,404,-0.00149,-0.956,0.339188,True,0.00149
BREADTH_EXPANDING,sector,1501-2000,entertainment,1294,-0.00225,-2.188,0.028641,True,0.00225
BREADTH_EXPANDING,sector,1501-2000,ethereum,41618,-0.00048,-3.196,0.001391,True,0.00048
BREADTH_EXPANDING,sector,1501-2000,events,920,-0.00101,-0.797,0.425164,True,0.00101
BREADTH_EXPANDING,sector,1501-2000,exnetwork-capital-portfolio,907,-0.00026,-0.254,0.799146,True,0.00026
BREADTH_EXPANDING,sector,1501-2000,fan-token,4512,-0.00054,-1.216,0.224063,True,0.00054
BREADTH_EXPANDING,sector,1501-2000,fantom,595,-0.00034,-0.251,0.801692,True,0.00034
BREADTH_EXPANDING,sector,1501-2000,fashion,607,-0.00177,-1.218,0.223274,True,0.00177
BREADTH_EXPANDING,sector,1501-2000,filesharing,294,-0.00467,-2.64,0.008294,True,0.00467
BREADTH_EXPANDING,sector,1501-2000,food-beverage,610,0.002,2.135,0.032758,True,0.002
BREADTH_EXPANDING,sector,1501-2000,gambling,6719,0.00043,1.098,0.272272,True,0.00043
BREADTH_EXPANDING,sector,1501-2000,gaming,24120,-0.00243,-11.443,0.0,True,0.00243
BREADTH_EXPANDING,sector,1501-2000,hardware,935,-0.00205,-1.926,0.054148,True,0.00205
BREADTH_EXPANDING,sector,1501-2000,health,4399,-0.00138,-2.862,0.004216,True,0.00138
BREADTH_EXPANDING,sector,1501-2000,heco,511,-0.00389,-2.651,0.008034,True,0.00389
BREADTH_EXPANDING,sector,1501-2000,hospitality,1198,0.00039,0.489,0.624688,True,0.00039
BREADTH_EXPANDING,sector,1501-2000,hybrid-pos-pop,213,-0.00043,-0.235,0.814255,True,0.00043
BREADTH_EXPANDING,sector,1501-2000,hybrid-pow-npos,309,-0.0012,-0.798,0.424786,True,0.0012
BREADTH_EXPANDING,sector,1501-2000,hybrid-pow-pos,6375,0.00064,1.774,0.076051,True,0.00064
BREADTH_EXPANDING,sector,1501-2000,icp,805,0.0001,0.089,0.929329,True,0.0001
BREADTH_EXPANDING,sector,1501-2000,injective,786,-0.00166,-1.396,0.162579,True,0.00166
BREADTH_EXPANDING,sector,1501-2000,insurance,2034,-3e-05,-0.041,0.967117,True,3e-05
BREADTH_EXPANDING,sector,1501-2000,interoperability,884,-0.00109,-1.014,0.31054,True,0.00109
BREADTH_EXPANDING,sector,1501-2000,iot,1774,-5e-05,-0.055,0.955989,True,5e-05
BREADTH_EXPANDING,sector,1501-2000,iotex,543,0.00126,1.042,0.297361,True,0.00126
BREADTH_EXPANDING,sector,1501-2000,jobs,428,-0.00459,-2.624,0.008686,True,0.00459
BREADTH_EXPANDING,sector,1501-2000,klaytn,1761,0.00069,1.048,0.294802,True,0.00069
BREADTH_EXPANDING,sector,1501-2000,kommunitas-launchpad,600,-0.00413,-3.019,0.002539,True,0.00413
BREADTH_EXPANDING,sector,1501-2000,launchpad,6124,-0.00016,-0.405,0.685833,True,0.00016
BREADTH_EXPANDING,sector,1501-2000,launchzone,597,-0.00134,-1.135,0.256549,True,0.00134
BREADTH_EXPANDING,sector,1501-2000,layer-1,1251,-0.00289,-3.415,0.000638,True,0.00289
BREADTH_EXPANDING,sector,1501-2000,logistics,1966,-0.0016,-1.848,0.064584,True,0.0016
BREADTH_EXPANDING,sector,1501-2000,loyalty,876,-0.00161,-1.389,0.164904,True,0.00161
BREADTH_EXPANDING,sector,1501-2000,marketing,5442,-0.00067,-1.457,0.145093,True,0.00067
BREADTH_EXPANDING,sector,1501-2000,marketplace,22425,-2e-05,-0.086,0.931787,True,2e-05
BREADTH_EXPANDING,sector,1501-2000,masternodes,3120,-0.00145,-2.277,0.022763,True,0.00145
BREADTH_EXPANDING,sector,1501-2000,media,9302,0.00029,0.818,0.413305,True,0.00029
BREADTH_EXPANDING,sector,1501-2000,medium-of-exchange,5090,0.00126,2.528,0.011474,True,0.00126
BREADTH_EXPANDING,sector,1501-2000,memes,64113,-0.00289,-20.658,0.0,True,0.00289
BREADTH_EXPANDING,sector,1501-2000,metaverse,1732,-0.00174,-2.317,0.020503,True,0.00174
BREADTH_EXPANDING,sector,1501-2000,mineable,105429,0.00022,2.131,0.033079,True,0.00022
BREADTH_EXPANDING,sector,1501-2000,move-to-earn,703,-0.00148,-1.328,0.184047,True,0.00148
BREADTH_EXPANDING,sector,1501-2000,music,668,-0.00079,-0.667,0.504765,True,0.00079
BREADTH_EXPANDING,sector,1501-2000,mvb,891,-0.00228,-2.283,0.022443,True,0.00228
BREADTH_EXPANDING,sector,1501-2000,near-protocol,317,-0.00134,-0.751,0.452648,True,0.00134
BREADTH_EXPANDING,sector,1501-2000,okex-blockdream-ventures-portfolio,481,-0.00098,-0.615,0.538274,True,0.00098
BREADTH_EXPANDING,sector,1501-2000,okx-ventures-portfolio,397,0.00111,0.762,0.445994,True,0.00111
BREADTH_EXPANDING,sector,1501-2000,olympus-pro,633,-0.00054,-0.428,0.668965,True,0.00054
BREADTH_EXPANDING,sector,1501-2000,optimism,653,-0.00268,-2.361,0.018226,True,0.00268
BREADTH_EXPANDING,sector,1501-2000,oracles,3332,-0.00091,-1.561,0.11853,True,0.00091
BREADTH_EXPANDING,sector,1501-2000,osmosis,504,-0.00203,-1.322,0.186242,True,0.00203
BREADTH_EXPANDING,sector,1501-2000,oxbull,340,-0.00352,-1.788,0.073757,True,0.00352
BREADTH_EXPANDING,sector,1501-2000,payments,3113,-2e-05,-0.034,0.973009,True,2e-05
BREADTH_EXPANDING,sector,1501-2000,philanthropy,1060,-2e-05,-0.028,0.977503,True,2e-05
BREADTH_EXPANDING,sector,1501-2000,platform,35320,-0.00081,-4.63,4e-06,True,0.00081
BREADTH_EXPANDING,sector,1501-2000,play-to-earn,855,-0.00086,-0.733,0.463298,True,0.00086
BREADTH_EXPANDING,sector,1501-2000,polkadot,4001,-0.0016,-3.017,0.002552,True,0.0016
BREADTH_EXPANDING,sector,1501-2000,polkafoundry-red-kite,275,-0.00647,-3.663,0.000249,True,0.00647
BREADTH_EXPANDING,sector,1501-2000,polkastarter,2448,-0.00176,-2.724,0.006457,True,0.00176
BREADTH_EXPANDING,sector,1501-2000,polygon,5742,0.00057,1.441,0.14963,True,0.00057
BREADTH_EXPANDING,sector,1501-2000,poolz-finance,214,-0.00436,-1.563,0.117965,True,0.00436
BREADTH_EXPANDING,sector,1501-2000,pos,9756,0.0006,1.811,0.070169,True,0.0006
BREADTH_EXPANDING,sector,1501-2000,posign,708,0.0031,2.482,0.013077,True,0.0031
BREADTH_EXPANDING,sector,1501-2000,pow,3852,0.00043,0.954,0.3401,True,0.00043
BREADTH_EXPANDING,sector,1501-2000,prediction-markets,1230,-0.00114,-1.295,0.195262,True,0.00114
BREADTH_EXPANDING,sector,1501-2000,privacy,3291,-0.002,-3.209,0.001334,True,0.002
BREADTH_EXPANDING,sector,1501-2000,quantum-resistant,530,-0.00146,-0.958,0.337901,True,0.00146
BREADTH_EXPANDING,sector,1501-2000,real-estate,3937,-0.00077,-1.402,0.160996,True,0.00077
BREADTH_EXPANDING,sector,1501-2000,real-world-assets,678,-0.00119,-0.813,0.41595,True,0.00119
BREADTH_EXPANDING,sector,1501-2000,real-world-assets-protocols,512,-0.00066,-0.527,0.598272,True,0.00066
BREADTH_EXPANDING,sector,1501-2000,rebase,1859,0.00089,1.169,0.242268,True,0.00089
BREADTH_EXPANDING,sector,1501-2000,rehypothecated-crypto,885,0.0019,1.67,0.094951,True,0.0019
BREADTH_EXPANDING,sector,1501-2000,retail,875,-0.00202,-1.574,0.115522,True,0.00202
BREADTH_EXPANDING,sector,1501-2000,scaling,298,0.00138,0.946,0.343917,True,0.00138
BREADTH_EXPANDING,sector,1501-2000,scrypt,587,0.00209,1.717,0.085948,True,0.00209
BREADTH_EXPANDING,sector,1501-2000,sei,244,-0.00182,-0.98,0.326847,True,0.00182
BREADTH_EXPANDING,sector,1501-2000,services,7259,-0.00054,-1.409,0.158726,True,0.00054
BREADTH_EXPANDING,sector,1501-2000,skyvision-capital-portfolio,393,-0.00223,-1.554,0.12023,True,0.00223
BREADTH_EXPANDING,sector,1501-2000,smart-contracts,859,0.00045,0.419,0.675397,True,0.00045
BREADTH_EXPANDING,sector,1501-2000,social-money,863,-0.00157,-1.313,0.189327,True,0.00157
BREADTH_EXPANDING,sector,1501-2000,social-token,275,0.0041,2.628,0.008579,True,0.0041
BREADTH_EXPANDING,sector,1501-2000,solana,10662,-0.00234,-6.882,0.0,True,0.00234
BREADTH_EXPANDING,sector,1501-2000,sports,22278,0.00056,2.765,0.005688,True,0.00056
BREADTH_EXPANDING,sector,1501-2000,stablecoin,3991,0.004,13.027,0.0,True,0.004
BREADTH_EXPANDING,sector,1501-2000,staking,1919,-0.00169,-2.017,0.043737,True,0.00169
BREADTH_EXPANDING,sector,1501-2000,stellar,315,-0.0006,-0.34,0.733793,True,0.0006
BREADTH_EXPANDING,sector,1501-2000,store-of-value,1024,0.00038,0.423,0.672274,True,0.00038
BREADTH_EXPANDING,sector,1501-2000,substrate,912,-0.00145,-1.271,0.203703,True,0.00145
BREADTH_EXPANDING,sector,1501-2000,sui,634,-0.00371,-2.771,0.005597,True,0.00371
BREADTH_EXPANDING,sector,1501-2000,superstarter,482,-0.00418,-2.257,0.024016,True,0.00418
BREADTH_EXPANDING,sector,1501-2000,telegram-bot,639,-0.00216,-1.533,0.125273,True,0.00216
BREADTH_EXPANDING,sector,1501-2000,toncoin,1084,0.00066,0.789,0.430155,True,0.00066
BREADTH_EXPANDING,sector,1501-2000,tourism,360,-0.00129,-0.833,0.404676,True,0.00129
BREADTH_EXPANDING,sector,1501-2000,transport,581,-0.00201,-1.165,0.243967,True,0.00201
BREADTH_EXPANDING,sector,1501-2000,tron,774,0.00337,4.219,2.5e-05,True,0.00337
BREADTH_EXPANDING,sector,1501-2000,trustswap-launchpad,1154,-0.00032,-0.315,0.752626,True,0.00032
BREADTH_EXPANDING,sector,1501-2000,vbc-ventures-portfolio,1436,-0.00311,-3.562,0.000367,True,0.00311
BREADTH_EXPANDING,sector,1501-2000,velas,436,0.0008,0.605,0.545103,True,0.0008
BREADTH_EXPANDING,sector,1501-2000,vr-ar,4223,-0.00109,-2.23,0.025736,True,0.00109
BREADTH_EXPANDING,sector,1501-2000,wallet,201,0.00309,1.324,0.185383,True,0.00309
BREADTH_EXPANDING,sector,1501-2000,web3,300,-0.00322,-1.656,0.097811,True,0.00322
BREADTH_EXPANDING,sector,1501-2000,wrapped-tokens,534,0.0003,0.203,0.839178,True,0.0003
BREADTH_EXPANDING,sector,1501-2000,xrp,419,-0.00297,-1.793,0.072956,True,0.00297
BREADTH_EXPANDING,sector,1501-2000,yield-aggregator,685,5e-05,0.042,0.966858,True,5e-05
BREADTH_EXPANDING,sector,1501-2000,yield-farming,4031,-0.00105,-2.017,0.043686,True,0.00105
BREADTH_EXPANDING,sector,1501-2000,zero-knowledge-proofs,537,-0.00258,-2.511,0.012038,True,0.00258
