episode_end,state,offset,breadth,dispersion,volatility,top3_share
2020-07-23 23:59:59,ETH_BROADENING,-14,0.448,0.45222287530757366,0.04889428687177274,0.7436387815243616
2020-07-23 23:59:59,ETH_BROADENING,-13,0.436,0.48473163340728326,0.04927374979835177,0.7454832243041508
2020-07-23 23:59:59,ETH_BROADENING,-12,0.642,0.5278194004115412,0.04506747702562669,0.7416734883729773
2020-07-23 23:59:59,ETH_BROADENING,-11,0.562,0.5213955222669842,0.043716799585347924,0.740831340587763
2020-07-23 23:59:59,ETH_BROADENING,-10,0.492,0.52741309866015,0.04359226360012941,0.7397175189189279
2020-07-23 23:59:59,ETH_BROADENING,-9,0.54,0.5272634815070575,0.04342420009701307,0.7389607206766218
2020-07-23 23:59:59,ETH_BROADENING,-8,0.58,0.5510456040437667,0.04316926230269037,0.7364852924551902
2020-07-23 23:59:59,ETH_BROADENING,-7,0.484,0.583295540379811,0.04229727118635668,0.7379662378304477
2020-07-23 23:59:59,ETH_BROADENING,-6,0.498,0.6494034404567246,0.04282672965464308,0.7355368432049202
2020-07-23 23:59:59,ETH_BROADENING,-5,0.536,0.6906260916227949,0.04304445876708385,0.73323188260946
2020-07-23 23:59:59,ETH_BROADENING,-4,0.582,0.6187561926277185,0.0432779547984207,0.7344901450695686
2020-07-23 23:59:59,ETH_BROADENING,-3,0.574,0.6092466573392336,0.04358344061994521,0.7361923170289935
2020-07-23 23:59:59,ETH_BROADENING,-2,0.59,0.6397445416581785,0.04462794049441236,0.7356479385740937
2020-07-23 23:59:59,ETH_BROADENING,-1,0.584,0.6248498192954501,0.04503280076459537,0.7375228063481146
2020-07-23 23:59:59,ETH_BROADENING,0,0.588,0.6085851470746176,0.04622003764582652,0.7383382713159109
2020-07-23 23:59:59,ETH_BROADENING,1,0.63,0.5816295188106959,0.045466094388617095,0.7407855104915796
2020-07-23 23:59:59,ETH_BROADENING,2,0.658,0.6135923432543491,0.04630560449290041,0.7372133641151342
2020-07-23 23:59:59,ETH_BROADENING,3,0.664,0.5998635795957543,0.0456442368476842,0.7420729680256315
2020-07-23 23:59:59,ETH_BROADENING,4,0.672,0.5819593365220529,0.04580336830966304,0.755145940012598
2020-07-23 23:59:59,ETH_BROADENING,5,0.688,0.6055735396958895,0.046443043513916364,0.7502704601664977
2020-07-23 23:59:59,ETH_BROADENING,6,0.7,0.611188347977135,0.04553841093364503,0.7545935913099225
2020-07-23 23:59:59,ETH_BROADENING,7,0.708,0.5973189210086335,0.04554761560143454,0.754805398451184
2020-07-26 23:59:59,BROAD_RISK_EXPANSION,-14,0.562,0.5213955222669842,0.043716799585347924,0.740831340587763
2020-07-26 23:59:59,BROAD_RISK_EXPANSION,-13,0.492,0.52741309866015,0.04359226360012941,0.7397175189189279
2020-07-26 23:59:59,BROAD_RISK_EXPANSION,-12,0.54,0.5272634815070575,0.04342420009701307,0.7389607206766218
2020-07-26 23:59:59,BROAD_RISK_EXPANSION,-11,0.58,0.5510456040437667,0.04316926230269037,0.7364852924551902
2020-07-26 23:59:59,BROAD_RISK_EXPANSION,-10,0.484,0.583295540379811,0.04229727118635668,0.7379662378304477
2020-07-26 23:59:59,BROAD_RISK_EXPANSION,-9,0.498,0.6494034404567246,0.04282672965464308,0.7355368432049202
2020-07-26 23:59:59,BROAD_RISK_EXPANSION,-8,0.536,0.6906260916227949,0.04304445876708385,0.73323188260946
2020-07-26 23:59:59,BROAD_RISK_EXPANSION,-7,0.582,0.6187561926277185,0.0432779547984207,0.7344901450695686
2020-07-26 23:59:59,BROAD_RISK_EXPANSION,-6,0.574,0.6092466573392336,0.04358344061994521,0.7361923170289935
2020-07-26 23:59:59,BROAD_RISK_EXPANSION,-5,0.59,0.6397445416581785,0.04462794049441236,0.7356479385740937
2020-07-26 23:59:59,BROAD_RISK_EXPANSION,-4,0.584,0.6248498192954501,0.04503280076459537,0.7375228063481146
2020-07-26 23:59:59,BROAD_RISK_EXPANSION,-3,0.588,0.6085851470746176,0.04622003764582652,0.7383382713159109
2020-07-26 23:59:59,BROAD_RISK_EXPANSION,-2,0.63,0.5816295188106959,0.045466094388617095,0.7407855104915796
2020-07-26 23:59:59,BROAD_RISK_EXPANSION,-1,0.658,0.6135923432543491,0.04630560449290041,0.7372133641151342
2020-07-26 23:59:59,BROAD_RISK_EXPANSION,0,0.664,0.5998635795957543,0.0456442368476842,0.7420729680256315
2020-07-26 23:59:59,BROAD_RISK_EXPANSION,1,0.672,0.5819593365220529,0.04580336830966304,0.755145940012598
2020-07-26 23:59:59,BROAD_RISK_EXPANSION,2,0.688,0.6055735396958895,0.046443043513916364,0.7502704601664977
2020-07-26 23:59:59,BROAD_RISK_EXPANSION,3,0.7,0.611188347977135,0.04553841093364503,0.7545935913099225
2020-07-26 23:59:59,BROAD_RISK_EXPANSION,4,0.708,0.5973189210086335,0.04554761560143454,0.754805398451184
2020-07-26 23:59:59,BROAD_RISK_EXPANSION,5,0.682,0.6202727628468492,0.04613487703936851,0.7574769824164738
2020-07-26 23:59:59,BROAD_RISK_EXPANSION,6,0.694,0.6165757365346213,0.04618166737154251,0.7593637442564163
2020-07-26 23:59:59,BROAD_RISK_EXPANSION,7,0.67,0.6037862438716307,0.04768294616820734,0.758195845661744
2020-08-04 23:59:59,ETH_BROADENING,-14,0.59,0.6397445416581785,0.04462794049441236,0.7356479385740937
2020-08-04 23:59:59,ETH_BROADENING,-13,0.584,0.6248498192954501,0.04503280076459537,0.7375228063481146
2020-08-04 23:59:59,ETH_BROADENING,-12,0.588,0.6085851470746176,0.04622003764582652,0.7383382713159109
2020-08-04 23:59:59,ETH_BROADENING,-11,0.63,0.5816295188106959,0.045466094388617095,0.7407855104915796
2020-08-04 23:59:59,ETH_BROADENING,-10,0.658,0.6135923432543491,0.04630560449290041,0.7372133641151342
2020-08-04 23:59:59,ETH_BROADENING,-9,0.664,0.5998635795957543,0.0456442368476842,0.7420729680256315
2020-08-04 23:59:59,ETH_BROADENING,-8,0.672,0.5819593365220529,0.04580336830966304,0.755145940012598
2020-08-04 23:59:59,ETH_BROADENING,-7,0.688,0.6055735396958895,0.046443043513916364,0.7502704601664977
2020-08-04 23:59:59,ETH_BROADENING,-6,0.7,0.611188347977135,0.04553841093364503,0.7545935913099225
2020-08-04 23:59:59,ETH_BROADENING,-5,0.708,0.5973189210086335,0.04554761560143454,0.754805398451184
2020-08-04 23:59:59,ETH_BROADENING,-4,0.682,0.6202727628468492,0.04613487703936851,0.7574769824164738
2020-08-04 23:59:59,ETH_BROADENING,-3,0.694,0.6165757365346213,0.04618166737154251,0.7593637442564163
2020-08-04 23:59:59,ETH_BROADENING,-2,0.67,0.6037862438716307,0.04768294616820734,0.758195845661744
2020-08-04 23:59:59,ETH_BROADENING,-1,0.682,0.6159002680674259,0.04851055403208625,0.7572818950237183
2020-08-04 23:59:59,ETH_BROADENING,0,0.7,0.6279062392934655,0.048411247835110104,0.7548259175815044
2020-08-04 23:59:59,ETH_BROADENING,1,0.684,0.6913902261391063,0.04852931825360853,0.7598025867560065
2020-08-04 23:59:59,ETH_BROADENING,2,0.694,0.6949211107806046,0.04864439405532334,0.7570047905962178
2020-08-04 23:59:59,ETH_BROADENING,3,0.644,0.7014043983542361,0.04867294654346474,0.7554742878359056
2020-08-04 23:59:59,ETH_BROADENING,4,0.68,0.834625178825646,0.04952568833347277,0.7521195417502818
2020-08-04 23:59:59,ETH_BROADENING,5,0.706,0.8831373801258796,0.05036521010218384,0.7483306247251466
2020-08-04 23:59:59,ETH_BROADENING,6,0.706,1.4888194530308265,0.05186456708486067,0.7469962698502451
2020-08-04 23:59:59,ETH_BROADENING,7,0.666,1.3198282412008682,0.05271347632687795,0.7468380305738681
2020-08-25 23:59:59,ETH_BROADENING,-14,0.666,1.3198282412008682,0.05271347632687795,0.7468380305738681
2020-08-25 23:59:59,ETH_BROADENING,-13,0.72,1.6181032939988587,0.05302585123093911,0.7401523585042667
2020-08-25 23:59:59,ETH_BROADENING,-12,0.728,1.348337106726957,0.05595709089184573,0.7428751255368102
2020-08-25 23:59:59,ETH_BROADENING,-11,0.714,1.0010796058639768,0.05575594249711824,0.7424469564024618
2020-08-25 23:59:59,ETH_BROADENING,-10,0.734,1.0404281301215998,0.05613886042696659,0.7395079629391652
2020-08-25 23:59:59,ETH_BROADENING,-9,0.726,1.016442109257725,0.05677409825029085,0.7354595335905755
2020-08-25 23:59:59,ETH_BROADENING,-8,0.716,1.0246683420626883,0.05743458174652382,0.7392750639273641
2020-08-25 23:59:59,ETH_BROADENING,-7,0.712,0.8412453486047385,0.057726290306638554,0.7384185561641236
2020-08-25 23:59:59,ETH_BROADENING,-6,0.67,0.7133773353161323,0.05738587247586269,0.7401270264611244
2020-08-25 23:59:59,ETH_BROADENING,-5,0.686,0.7378780881349738,0.05819737036454746,0.735121069599829
2020-08-25 23:59:59,ETH_BROADENING,-4,0.648,0.7492388203662814,0.058178746153611065,0.7374057850076396
2020-08-25 23:59:59,ETH_BROADENING,-3,0.672,0.7518725073091475,0.058269461001879214,0.7352296338065474
2020-08-25 23:59:59,ETH_BROADENING,-2,0.674,0.7965927122848284,0.05835061321861395,0.7351280886982704
2020-08-25 23:59:59,ETH_BROADENING,-1,0.682,0.7853741146256831,0.05861805648428191,0.7328677073253119
2020-08-25 23:59:59,ETH_BROADENING,0,0.638,0.8480445668694769,0.05924044785612638,0.7337349235685192
2020-08-25 23:59:59,ETH_BROADENING,1,0.658,0.953874388709268,0.058440532413486665,0.733045278144641
2020-08-25 23:59:59,ETH_BROADENING,2,0.598,0.8044788577155132,0.05933688860953551,0.7349878122990391
2020-08-25 23:59:59,ETH_BROADENING,3,0.616,0.8516482625658259,0.060976324858596886,0.7325185619674358
2020-08-25 23:59:59,ETH_BROADENING,4,0.612,0.8927000109862263,0.06001511670392595,0.7279564125230711
2020-08-25 23:59:59,ETH_BROADENING,5,0.642,0.8875359985378025,0.06058362055187036,0.7282162773024378
2020-08-25 23:59:59,ETH_BROADENING,6,0.596,0.9451041086446548,0.06105854738609399,0.7230836035404369
2020-08-25 23:59:59,ETH_BROADENING,7,0.69,0.9060065180350607,0.061311267022320294,0.7238436310358768
2020-08-30 23:59:59,BROAD_RISK_EXPANSION,-14,0.726,1.016442109257725,0.05677409825029085,0.7354595335905755
2020-08-30 23:59:59,BROAD_RISK_EXPANSION,-13,0.716,1.0246683420626883,0.05743458174652382,0.7392750639273641
2020-08-30 23:59:59,BROAD_RISK_EXPANSION,-12,0.712,0.8412453486047385,0.057726290306638554,0.7384185561641236
2020-08-30 23:59:59,BROAD_RISK_EXPANSION,-11,0.67,0.7133773353161323,0.05738587247586269,0.7401270264611244
2020-08-30 23:59:59,BROAD_RISK_EXPANSION,-10,0.686,0.7378780881349738,0.05819737036454746,0.735121069599829
2020-08-30 23:59:59,BROAD_RISK_EXPANSION,-9,0.648,0.7492388203662814,0.058178746153611065,0.7374057850076396
2020-08-30 23:59:59,BROAD_RISK_EXPANSION,-8,0.672,0.7518725073091475,0.058269461001879214,0.7352296338065474
2020-08-30 23:59:59,BROAD_RISK_EXPANSION,-7,0.674,0.7965927122848284,0.05835061321861395,0.7351280886982704
2020-08-30 23:59:59,BROAD_RISK_EXPANSION,-6,0.682,0.7853741146256831,0.05861805648428191,0.7328677073253119
2020-08-30 23:59:59,BROAD_RISK_EXPANSION,-5,0.638,0.8480445668694769,0.05924044785612638,0.7337349235685192
2020-08-30 23:59:59,BROAD_RISK_EXPANSION,-4,0.658,0.953874388709268,0.058440532413486665,0.733045278144641
2020-08-30 23:59:59,BROAD_RISK_EXPANSION,-3,0.598,0.8044788577155132,0.05933688860953551,0.7349878122990391
2020-08-30 23:59:59,BROAD_RISK_EXPANSION,-2,0.616,0.8516482625658259,0.060976324858596886,0.7325185619674358
2020-08-30 23:59:59,BROAD_RISK_EXPANSION,-1,0.612,0.8927000109862263,0.06001511670392595,0.7279564125230711
2020-08-30 23:59:59,BROAD_RISK_EXPANSION,0,0.642,0.8875359985378025,0.06058362055187036,0.7282162773024378
2020-08-30 23:59:59,BROAD_RISK_EXPANSION,1,0.596,0.9451041086446548,0.06105854738609399,0.7230836035404369
2020-08-30 23:59:59,BROAD_RISK_EXPANSION,2,0.69,0.9060065180350607,0.061311267022320294,0.7238436310358768
2020-08-30 23:59:59,BROAD_RISK_EXPANSION,3,0.544,0.8802323813414442,0.06169147255757915,0.7152890691567573
2020-08-30 23:59:59,BROAD_RISK_EXPANSION,4,0.344,0.6999429039130347,0.07020600611898274,0.7221454130607818
2020-08-30 23:59:59,BROAD_RISK_EXPANSION,5,0.344,0.677097323485811,0.07099385218127542,0.7212754732580342
2020-08-30 23:59:59,BROAD_RISK_EXPANSION,6,0.264,0.4911955438552742,0.07192720450975439,0.7311573114310802
2020-08-30 23:59:59,BROAD_RISK_EXPANSION,7,0.314,0.5460514969873861,0.0754780980313242,0.7236353897588619
2021-01-28 23:59:59,ETH_BROADENING,-14,0.616,0.6396646499440719,0.07345042348959002,0.8264517773979442
2021-01-28 23:59:59,ETH_BROADENING,-13,0.63,0.6758115541274258,0.07421963308413397,0.8287275063363714
2021-01-28 23:59:59,ETH_BROADENING,-12,0.588,0.6117758235285312,0.07468964860883187,0.8233149149978238
2021-01-28 23:59:59,ETH_BROADENING,-11,0.64,0.6943873419837175,0.07746234013198534,0.8112058005587027
2021-01-28 23:59:59,ETH_BROADENING,-10,0.67,0.708155675015722,0.07847341622629339,0.8111306044621701
2021-01-28 23:59:59,ETH_BROADENING,-9,0.674,0.7081955431071385,0.0792807977154045,0.8128029919241493
2021-01-28 23:59:59,ETH_BROADENING,-8,0.71,0.7217751112485257,0.07900177886051235,0.8097612125018607
2021-01-28 23:59:59,ETH_BROADENING,-7,0.608,0.6309208580912392,0.0824538740021824,0.8068316675719559
2021-01-28 23:59:59,ETH_BROADENING,-6,0.716,0.9092688785118317,0.07778270653207654,0.8068852320002985
2021-01-28 23:59:59,ETH_BROADENING,-5,0.684,0.7479461924795889,0.0778905595943359,0.7995188926973974
2021-01-28 23:59:59,ETH_BROADENING,-4,0.702,0.813457656911573,0.07800759108753524,0.8003952143140319
2021-01-28 23:59:59,ETH_BROADENING,-3,0.672,0.796297575508421,0.07698129342602389,0.8026753354127615
2021-01-28 23:59:59,ETH_BROADENING,-2,0.7,0.8347951631523555,0.07751578596819844,0.8024449311274678
2021-01-28 23:59:59,ETH_BROADENING,-1,0.658,0.9701567932948159,0.07969122912635405,0.801142112130018
2021-01-28 23:59:59,ETH_BROADENING,0,0.67,1.3007887439658405,0.0808930423943209,0.7871294138570912
2021-01-28 23:59:59,ETH_BROADENING,1,0.706,1.3713498040592156,0.08086978907448748,0.8007136960675466
2021-01-28 23:59:59,ETH_BROADENING,2,0.692,1.3908716813216722,0.08130222982691296,0.7932713208860609
2021-01-28 23:59:59,ETH_BROADENING,3,0.664,1.2679093064122096,0.0819430508606476,0.787682442523793
2021-01-28 23:59:59,ETH_BROADENING,4,0.69,1.317420198159726,0.0820818251462717,0.7882020673818422
2021-01-28 23:59:59,ETH_BROADENING,5,0.7,1.214492687974886,0.08266816971216966,0.7942259076778644
2021-01-28 23:59:59,ETH_BROADENING,6,0.728,1.1448483770240632,0.08412933537011846,0.7936345241519841
2021-01-28 23:59:59,ETH_BROADENING,7,0.684,1.1752272479071764,0.08350497339056284,0.7869996777724235
2021-02-06 23:59:59,BROAD_RISK_EXPANSION,-14,0.684,0.7479461924795889,0.0778905595943359,0.7995188926973974
2021-02-06 23:59:59,BROAD_RISK_EXPANSION,-13,0.702,0.813457656911573,0.07800759108753524,0.8003952143140319
2021-02-06 23:59:59,BROAD_RISK_EXPANSION,-12,0.672,0.796297575508421,0.07698129342602389,0.8026753354127615
2021-02-06 23:59:59,BROAD_RISK_EXPANSION,-11,0.7,0.8347951631523555,0.07751578596819844,0.8024449311274678
2021-02-06 23:59:59,BROAD_RISK_EXPANSION,-10,0.658,0.9701567932948159,0.07969122912635405,0.801142112130018
2021-02-06 23:59:59,BROAD_RISK_EXPANSION,-9,0.67,1.3007887439658405,0.0808930423943209,0.7871294138570912
2021-02-06 23:59:59,BROAD_RISK_EXPANSION,-8,0.706,1.3713498040592156,0.08086978907448748,0.8007136960675466
2021-02-06 23:59:59,BROAD_RISK_EXPANSION,-7,0.692,1.3908716813216722,0.08130222982691296,0.7932713208860609
2021-02-06 23:59:59,BROAD_RISK_EXPANSION,-6,0.664,1.2679093064122096,0.0819430508606476,0.787682442523793
2021-02-06 23:59:59,BROAD_RISK_EXPANSION,-5,0.69,1.317420198159726,0.0820818251462717,0.7882020673818422
2021-02-06 23:59:59,BROAD_RISK_EXPANSION,-4,0.7,1.214492687974886,0.08266816971216966,0.7942259076778644
2021-02-06 23:59:59,BROAD_RISK_EXPANSION,-3,0.728,1.1448483770240632,0.08412933537011846,0.7936345241519841
2021-02-06 23:59:59,BROAD_RISK_EXPANSION,-2,0.684,1.1752272479071764,0.08350497339056284,0.7869996777724235
2021-02-06 23:59:59,BROAD_RISK_EXPANSION,-1,0.682,1.1280173086449778,0.08508147997874835,0.7801372823752539
2021-02-06 23:59:59,BROAD_RISK_EXPANSION,0,0.68,1.013160701017492,0.08542750246541553,0.7830377256784816
2021-02-06 23:59:59,BROAD_RISK_EXPANSION,1,0.0,,0.08492303753229749,0.7784385458707305
2021-02-06 23:59:59,BROAD_RISK_EXPANSION,2,0.682,1.150159380273802,0.08580134659681843,0.7895709948309171
2021-02-06 23:59:59,BROAD_RISK_EXPANSION,3,0.728,1.2852756476349794,0.0862493241771613,0.7798852813288579
2021-02-06 23:59:59,BROAD_RISK_EXPANSION,4,0.742,1.3980475955338731,0.08382187966980754,0.7643115838114918
2021-02-06 23:59:59,BROAD_RISK_EXPANSION,5,0.77,1.45549037604828,0.08589804540183413,0.7651730448074443
2021-02-06 23:59:59,BROAD_RISK_EXPANSION,6,0.76,1.381025883428169,0.08630542061796706,0.7532144671326282
2021-02-06 23:59:59,BROAD_RISK_EXPANSION,7,0.756,1.3630764440996448,0.08858265866462575,0.7456231686463322
2021-02-14 23:59:59,BROAD_RISK_EXPANSION,-14,0.664,1.2679093064122096,0.0819430508606476,0.787682442523793
2021-02-14 23:59:59,BROAD_RISK_EXPANSION,-13,0.69,1.317420198159726,0.0820818251462717,0.7882020673818422
2021-02-14 23:59:59,BROAD_RISK_EXPANSION,-12,0.7,1.214492687974886,0.08266816971216966,0.7942259076778644
2021-02-14 23:59:59,BROAD_RISK_EXPANSION,-11,0.728,1.1448483770240632,0.08412933537011846,0.7936345241519841
2021-02-14 23:59:59,BROAD_RISK_EXPANSION,-10,0.684,1.1752272479071764,0.08350497339056284,0.7869996777724235
2021-02-14 23:59:59,BROAD_RISK_EXPANSION,-9,0.682,1.1280173086449778,0.08508147997874835,0.7801372823752539
2021-02-14 23:59:59,BROAD_RISK_EXPANSION,-8,0.68,1.013160701017492,0.08542750246541553,0.7830377256784816
2021-02-14 23:59:59,BROAD_RISK_EXPANSION,-7,0.0,,0.08492303753229749,0.7784385458707305
2021-02-14 23:59:59,BROAD_RISK_EXPANSION,-6,0.682,1.150159380273802,0.08580134659681843,0.7895709948309171
2021-02-14 23:59:59,BROAD_RISK_EXPANSION,-5,0.728,1.2852756476349794,0.0862493241771613,0.7798852813288579
2021-02-14 23:59:59,BROAD_RISK_EXPANSION,-4,0.742,1.3980475955338731,0.08382187966980754,0.7643115838114918
2021-02-14 23:59:59,BROAD_RISK_EXPANSION,-3,0.77,1.45549037604828,0.08589804540183413,0.7651730448074443
2021-02-14 23:59:59,BROAD_RISK_EXPANSION,-2,0.76,1.381025883428169,0.08630542061796706,0.7532144671326282
2021-02-14 23:59:59,BROAD_RISK_EXPANSION,-1,0.756,1.3630764440996448,0.08858265866462575,0.7456231686463322
2021-02-14 23:59:59,BROAD_RISK_EXPANSION,0,0.77,61.87722261882786,0.09149752595723266,0.7566854241525198
2021-02-14 23:59:59,BROAD_RISK_EXPANSION,1,0.0,,0.0913264810378617,0.7578845556782775
2021-02-14 23:59:59,BROAD_RISK_EXPANSION,2,0.762,96.73936955994563,0.09038650497827778,0.7606805085621111
2021-02-14 23:59:59,BROAD_RISK_EXPANSION,3,0.766,85.98618405822003,0.09070436225204193,0.7604863504715587
2021-02-14 23:59:59,BROAD_RISK_EXPANSION,4,0.764,69.13993406283352,0.0911533566499384,0.7539211624632789
2021-02-14 23:59:59,BROAD_RISK_EXPANSION,5,0.768,1.8738834783225227,0.09247409142664435,0.7586463487510142
2021-02-14 23:59:59,BROAD_RISK_EXPANSION,6,0.802,1.9104231331278965,0.08898383763026091,0.7549679074694459
2021-02-14 23:59:59,BROAD_RISK_EXPANSION,7,0.778,1.9468049072795168,0.08907540568916901,0.7538423907839206
2021-02-21 23:59:59,BROAD_RISK_EXPANSION,-14,0.0,,0.08492303753229749,0.7784385458707305
2021-02-21 23:59:59,BROAD_RISK_EXPANSION,-13,0.682,1.150159380273802,0.08580134659681843,0.7895709948309171
2021-02-21 23:59:59,BROAD_RISK_EXPANSION,-12,0.728,1.2852756476349794,0.0862493241771613,0.7798852813288579
2021-02-21 23:59:59,BROAD_RISK_EXPANSION,-11,0.742,1.3980475955338731,0.08382187966980754,0.7643115838114918
2021-02-21 23:59:59,BROAD_RISK_EXPANSION,-10,0.77,1.45549037604828,0.08589804540183413,0.7651730448074443
2021-02-21 23:59:59,BROAD_RISK_EXPANSION,-9,0.76,1.381025883428169,0.08630542061796706,0.7532144671326282
2021-02-21 23:59:59,BROAD_RISK_EXPANSION,-8,0.756,1.3630764440996448,0.08858265866462575,0.7456231686463322
2021-02-21 23:59:59,BROAD_RISK_EXPANSION,-7,0.77,61.87722261882786,0.09149752595723266,0.7566854241525198
2021-02-21 23:59:59,BROAD_RISK_EXPANSION,-6,0.0,,0.0913264810378617,0.7578845556782775
2021-02-21 23:59:59,BROAD_RISK_EXPANSION,-5,0.762,96.73936955994563,0.09038650497827778,0.7606805085621111
2021-02-21 23:59:59,BROAD_RISK_EXPANSION,-4,0.766,85.98618405822003,0.09070436225204193,0.7604863504715587
2021-02-21 23:59:59,BROAD_RISK_EXPANSION,-3,0.764,69.13993406283352,0.0911533566499384,0.7539211624632789
2021-02-21 23:59:59,BROAD_RISK_EXPANSION,-2,0.768,1.8738834783225227,0.09247409142664435,0.7586463487510142
2021-02-21 23:59:59,BROAD_RISK_EXPANSION,-1,0.802,1.9104231331278965,0.08898383763026091,0.7549679074694459
2021-02-21 23:59:59,BROAD_RISK_EXPANSION,0,0.778,1.9468049072795168,0.08907540568916901,0.7538423907839206
2021-02-21 23:59:59,BROAD_RISK_EXPANSION,1,0.778,1.7311142671213156,0.09008501720373059,0.7491620094180439
2021-02-21 23:59:59,BROAD_RISK_EXPANSION,2,0.724,1.5370193195320996,0.09750792952570932,0.7510919689140602
2021-02-21 23:59:59,BROAD_RISK_EXPANSION,3,0.758,1.800050931969847,0.09785542760175653,0.7472930067955196
2021-02-21 23:59:59,BROAD_RISK_EXPANSION,4,0.726,1.4970032000041777,0.09919074630551808,0.7458186374661141
2021-02-21 23:59:59,BROAD_RISK_EXPANSION,5,0.758,1.454330337267347,0.097832279814466,0.743880367294816
2021-02-21 23:59:59,BROAD_RISK_EXPANSION,6,0.754,1.348558040106609,0.09638613244358613,0.739462787382054
2021-02-21 23:59:59,BROAD_RISK_EXPANSION,7,0.734,1.1255381613861788,0.09685246603261052,0.7424877668720503
2021-02-26 23:59:59,LARGE_ALT_ROTATION,-14,0.76,1.381025883428169,0.08630542061796706,0.7532144671326282
2021-02-26 23:59:59,LARGE_ALT_ROTATION,-13,0.756,1.3630764440996448,0.08858265866462575,0.7456231686463322
2021-02-26 23:59:59,LARGE_ALT_ROTATION,-12,0.77,61.87722261882786,0.09149752595723266,0.7566854241525198
2021-02-26 23:59:59,LARGE_ALT_ROTATION,-11,0.0,,0.0913264810378617,0.7578845556782775
2021-02-26 23:59:59,LARGE_ALT_ROTATION,-10,0.762,96.73936955994563,0.09038650497827778,0.7606805085621111
2021-02-26 23:59:59,LARGE_ALT_ROTATION,-9,0.766,85.98618405822003,0.09070436225204193,0.7604863504715587
2021-02-26 23:59:59,LARGE_ALT_ROTATION,-8,0.764,69.13993406283352,0.0911533566499384,0.7539211624632789
2021-02-26 23:59:59,LARGE_ALT_ROTATION,-7,0.768,1.8738834783225227,0.09247409142664435,0.7586463487510142
2021-02-26 23:59:59,LARGE_ALT_ROTATION,-6,0.802,1.9104231331278965,0.08898383763026091,0.7549679074694459
2021-02-26 23:59:59,LARGE_ALT_ROTATION,-5,0.778,1.9468049072795168,0.08907540568916901,0.7538423907839206
2021-02-26 23:59:59,LARGE_ALT_ROTATION,-4,0.778,1.7311142671213156,0.09008501720373059,0.7491620094180439
2021-02-26 23:59:59,LARGE_ALT_ROTATION,-3,0.724,1.5370193195320996,0.09750792952570932,0.7510919689140602
2021-02-26 23:59:59,LARGE_ALT_ROTATION,-2,0.758,1.800050931969847,0.09785542760175653,0.7472930067955196
2021-02-26 23:59:59,LARGE_ALT_ROTATION,-1,0.726,1.4970032000041777,0.09919074630551808,0.7458186374661141
2021-02-26 23:59:59,LARGE_ALT_ROTATION,0,0.758,1.454330337267347,0.097832279814466,0.743880367294816
2021-02-26 23:59:59,LARGE_ALT_ROTATION,1,0.754,1.348558040106609,0.09638613244358613,0.739462787382054
2021-02-26 23:59:59,LARGE_ALT_ROTATION,2,0.734,1.1255381613861788,0.09685246603261052,0.7424877668720503
2021-02-26 23:59:59,LARGE_ALT_ROTATION,3,0.754,1.304148639788966,0.09817661404187586,0.7426615929655518
2021-02-26 23:59:59,LARGE_ALT_ROTATION,4,0.754,1.2549433364661284,0.0976897975644681,0.737057324844993
2021-02-26 23:59:59,LARGE_ALT_ROTATION,5,0.744,1.2891781921869663,0.0987746258737374,0.7387223301162396
2021-02-26 23:59:59,LARGE_ALT_ROTATION,6,0.73,1.2818729437146237,0.0995899166604948,0.7342884904240371
2021-02-26 23:59:59,LARGE_ALT_ROTATION,7,0.71,1.124853491805877,0.09784170088258523,0.7337886448804095
2021-03-01 23:59:59,BROAD_RISK_EXPANSION,-14,0.0,,0.0913264810378617,0.7578845556782775
2021-03-01 23:59:59,BROAD_RISK_EXPANSION,-13,0.762,96.73936955994563,0.09038650497827778,0.7606805085621111
2021-03-01 23:59:59,BROAD_RISK_EXPANSION,-12,0.766,85.98618405822003,0.09070436225204193,0.7604863504715587
2021-03-01 23:59:59,BROAD_RISK_EXPANSION,-11,0.764,69.13993406283352,0.0911533566499384,0.7539211624632789
2021-03-01 23:59:59,BROAD_RISK_EXPANSION,-10,0.768,1.8738834783225227,0.09247409142664435,0.7586463487510142
2021-03-01 23:59:59,BROAD_RISK_EXPANSION,-9,0.802,1.9104231331278965,0.08898383763026091,0.7549679074694459
2021-03-01 23:59:59,BROAD_RISK_EXPANSION,-8,0.778,1.9468049072795168,0.08907540568916901,0.7538423907839206
2021-03-01 23:59:59,BROAD_RISK_EXPANSION,-7,0.778,1.7311142671213156,0.09008501720373059,0.7491620094180439
2021-03-01 23:59:59,BROAD_RISK_EXPANSION,-6,0.724,1.5370193195320996,0.09750792952570932,0.7510919689140602
2021-03-01 23:59:59,BROAD_RISK_EXPANSION,-5,0.758,1.800050931969847,0.09785542760175653,0.7472930067955196
2021-03-01 23:59:59,BROAD_RISK_EXPANSION,-4,0.726,1.4970032000041777,0.09919074630551808,0.7458186374661141
2021-03-01 23:59:59,BROAD_RISK_EXPANSION,-3,0.758,1.454330337267347,0.097832279814466,0.743880367294816
2021-03-01 23:59:59,BROAD_RISK_EXPANSION,-2,0.754,1.348558040106609,0.09638613244358613,0.739462787382054
2021-03-01 23:59:59,BROAD_RISK_EXPANSION,-1,0.734,1.1255381613861788,0.09685246603261052,0.7424877668720503
2021-03-01 23:59:59,BROAD_RISK_EXPANSION,0,0.754,1.304148639788966,0.09817661404187586,0.7426615929655518
2021-03-01 23:59:59,BROAD_RISK_EXPANSION,1,0.754,1.2549433364661284,0.0976897975644681,0.737057324844993
2021-03-01 23:59:59,BROAD_RISK_EXPANSION,2,0.744,1.2891781921869663,0.0987746258737374,0.7387223301162396
2021-03-01 23:59:59,BROAD_RISK_EXPANSION,3,0.73,1.2818729437146237,0.0995899166604948,0.7342884904240371
2021-03-01 23:59:59,BROAD_RISK_EXPANSION,4,0.71,1.124853491805877,0.09784170088258523,0.7337886448804095
2021-03-01 23:59:59,BROAD_RISK_EXPANSION,5,0.726,1.0979366131836366,0.0976946590165549,0.7347279239839594
2021-03-01 23:59:59,BROAD_RISK_EXPANSION,6,0.694,1.0248066468620476,0.09612130747537084,0.7367830711091643
2021-03-01 23:59:59,BROAD_RISK_EXPANSION,7,0.73,1.1398480598683847,0.09546654096385634,0.737914206608624
2021-03-11 23:59:59,BROAD_RISK_EXPANSION,-14,0.726,1.4970032000041777,0.09919074630551808,0.7458186374661141
2021-03-11 23:59:59,BROAD_RISK_EXPANSION,-13,0.758,1.454330337267347,0.097832279814466,0.743880367294816
2021-03-11 23:59:59,BROAD_RISK_EXPANSION,-12,0.754,1.348558040106609,0.09638613244358613,0.739462787382054
2021-03-11 23:59:59,BROAD_RISK_EXPANSION,-11,0.734,1.1255381613861788,0.09685246603261052,0.7424877668720503
2021-03-11 23:59:59,BROAD_RISK_EXPANSION,-10,0.754,1.304148639788966,0.09817661404187586,0.7426615929655518
2021-03-11 23:59:59,BROAD_RISK_EXPANSION,-9,0.754,1.2549433364661284,0.0976897975644681,0.737057324844993
2021-03-11 23:59:59,BROAD_RISK_EXPANSION,-8,0.744,1.2891781921869663,0.0987746258737374,0.7387223301162396
2021-03-11 23:59:59,BROAD_RISK_EXPANSION,-7,0.73,1.2818729437146237,0.0995899166604948,0.7342884904240371
2021-03-11 23:59:59,BROAD_RISK_EXPANSION,-6,0.71,1.124853491805877,0.09784170088258523,0.7337886448804095
2021-03-11 23:59:59,BROAD_RISK_EXPANSION,-5,0.726,1.0979366131836366,0.0976946590165549,0.7347279239839594
2021-03-11 23:59:59,BROAD_RISK_EXPANSION,-4,0.694,1.0248066468620476,0.09612130747537084,0.7367830711091643
2021-03-11 23:59:59,BROAD_RISK_EXPANSION,-3,0.73,1.1398480598683847,0.09546654096385634,0.737914206608624
2021-03-11 23:59:59,BROAD_RISK_EXPANSION,-2,0.75,1.2357550542488547,0.09656106563423197,0.7360730880456354
2021-03-11 23:59:59,BROAD_RISK_EXPANSION,-1,0.702,1.320481757809669,0.09619006336401148,0.7420119948255702
2021-03-11 23:59:59,BROAD_RISK_EXPANSION,0,0.686,1.4807060741228495,0.0950383442964659,0.744404524148776
2021-03-11 23:59:59,BROAD_RISK_EXPANSION,1,0.658,1.7534893799520348,0.09483779906254917,0.7439297185428682
2021-03-11 23:59:59,BROAD_RISK_EXPANSION,2,0.632,1.4653177262984836,0.09414093123560643,0.747924112753356
2021-03-11 23:59:59,BROAD_RISK_EXPANSION,3,0.598,1.5632858196758914,0.09295454889189916,0.7452916261454638
2021-03-11 23:59:59,BROAD_RISK_EXPANSION,4,0.554,1.5008680296924606,0.09216753226309851,0.7375024514075924
2021-03-11 23:59:59,BROAD_RISK_EXPANSION,5,0.598,1.4220092222259848,0.09183942341867381,0.7341432385285693
2021-03-11 23:59:59,BROAD_RISK_EXPANSION,6,0.636,1.5322333728114412,0.09168417645756055,0.7334103134546343
2021-03-11 23:59:59,BROAD_RISK_EXPANSION,7,0.642,1.495289627222825,0.09056438909861857,0.7314085978991517
2021-03-30 23:59:59,MID_CAP_ROTATION,-14,0.598,1.4220092222259848,0.09183942341867381,0.7341432385285693
2021-03-30 23:59:59,MID_CAP_ROTATION,-13,0.636,1.5322333728114412,0.09168417645756055,0.7334103134546343
2021-03-30 23:59:59,MID_CAP_ROTATION,-12,0.642,1.495289627222825,0.09056438909861857,0.7314085978991517
2021-03-30 23:59:59,MID_CAP_ROTATION,-11,0.638,1.4717783836390774,0.08925097166465906,0.7271852928467439
2021-03-30 23:59:59,MID_CAP_ROTATION,-10,0.57,1.2860869506501758,0.08930115603085298,0.7264964727082738
2021-03-30 23:59:59,MID_CAP_ROTATION,-9,0.564,1.2541430922376844,0.08786576317251348,0.7231227875800584
2021-03-30 23:59:59,MID_CAP_ROTATION,-8,0.566,1.1492109490980635,0.08730877733415096,0.7185966870766152
2021-03-30 23:59:59,MID_CAP_ROTATION,-7,0.522,1.0307600478089414,0.08680186166047309,0.7183517147902418
2021-03-30 23:59:59,MID_CAP_ROTATION,-6,0.522,1.0634055374888824,0.08644951974820105,0.7211949493829797
2021-03-30 23:59:59,MID_CAP_ROTATION,-5,0.622,1.2630867504547132,0.07808839461799255,0.7150136887225017
2021-03-30 23:59:59,MID_CAP_ROTATION,-4,0.64,1.3310057443032495,0.07880022312618906,0.7118863129553509
2021-03-30 23:59:59,MID_CAP_ROTATION,-3,0.708,1.453954335477488,0.07898274473701695,0.7139572597718427
2021-03-30 23:59:59,MID_CAP_ROTATION,-2,0.744,1.4407870582067506,0.07891496134142174,0.710932047127422
2021-03-30 23:59:59,MID_CAP_ROTATION,-1,0.744,1.4954214519197733,0.0793782849444043,0.7113141409680667
2021-03-30 23:59:59,MID_CAP_ROTATION,0,0.782,1.6513648813998103,0.07775733142984975,0.7088799570367784
2021-03-30 23:59:59,MID_CAP_ROTATION,1,0.708,1.4781962737970338,0.07640086998085202,0.7101401157700992
2021-03-30 23:59:59,MID_CAP_ROTATION,2,0.744,1.8035739992081248,0.07553204045620802,0.7090292341480551
2021-03-30 23:59:59,MID_CAP_ROTATION,3,0.748,1.8392395729976687,0.07565138256670474,0.7026053779283006
2021-03-30 23:59:59,MID_CAP_ROTATION,4,0.738,1.71411614254207,0.07709067847518247,0.7017596872906949
2021-03-30 23:59:59,MID_CAP_ROTATION,5,0.762,13.89526313033596,0.0789937963236177,0.6942322295166072
2021-03-30 23:59:59,MID_CAP_ROTATION,6,0.754,12.327340992039494,0.07990198324925883,0.6893324542453242
2021-03-30 23:59:59,MID_CAP_ROTATION,7,0.762,9.756165359645365,0.0801536071004406,0.6840238692188869
2021-04-17 23:59:59,BROAD_RISK_EXPANSION,-14,0.738,1.71411614254207,0.07709067847518247,0.7017596872906949
2021-04-17 23:59:59,BROAD_RISK_EXPANSION,-13,0.762,13.89526313033596,0.0789937963236177,0.6942322295166072
2021-04-17 23:59:59,BROAD_RISK_EXPANSION,-12,0.754,12.327340992039494,0.07990198324925883,0.6893324542453242
2021-04-17 23:59:59,BROAD_RISK_EXPANSION,-11,0.762,9.756165359645365,0.0801536071004406,0.6840238692188869
2021-04-17 23:59:59,BROAD_RISK_EXPANSION,-10,0.7,1.2496906775612329,0.08349555767784578,0.6920493843141409
2021-04-17 23:59:59,BROAD_RISK_EXPANSION,-9,0.714,1.1674021383420268,0.08327160929643354,0.6883402633498613
2021-04-17 23:59:59,BROAD_RISK_EXPANSION,-8,0.75,1.1909446088518343,0.0830303714562819,0.6879148759943814
2021-04-17 23:59:59,BROAD_RISK_EXPANSION,-7,0.728,1.1242939961121323,0.08148466789859814,0.6854261591936708
2021-04-17 23:59:59,BROAD_RISK_EXPANSION,-6,0.75,1.0411490065186206,0.08021895699225587,0.6850852367357746
2021-04-17 23:59:59,BROAD_RISK_EXPANSION,-5,0.712,0.8841185200326079,0.07890419010284669,0.6842120714158583
2021-04-17 23:59:59,BROAD_RISK_EXPANSION,-4,0.732,0.8349656909326679,0.0786932280267019,0.6836235713106429
2021-04-17 23:59:59,BROAD_RISK_EXPANSION,-3,0.728,0.8194500942198627,0.07778259691668471,0.6795954964469071
2021-04-17 23:59:59,BROAD_RISK_EXPANSION,-2,0.756,0.8237493921469248,0.07687929179299191,0.6724533912784441
2021-04-17 23:59:59,BROAD_RISK_EXPANSION,-1,0.71,0.9692186771335408,0.07715727303236931,0.6593186626248104
2021-04-17 23:59:59,BROAD_RISK_EXPANSION,0,0.716,0.8859704136602151,0.07806296824220443,0.6603157787237608
2021-04-17 23:59:59,BROAD_RISK_EXPANSION,1,0.542,0.8231607782992415,0.07994478045662011,0.6585222807711605
2021-04-17 23:59:59,BROAD_RISK_EXPANSION,2,0.508,0.995323803562487,0.08051663769859316,0.6636355809392895
2021-04-17 23:59:59,BROAD_RISK_EXPANSION,3,0.522,0.8144070640794654,0.08094902057405974,0.6669907849176657
2021-04-17 23:59:59,BROAD_RISK_EXPANSION,4,0.538,1.1853148368714803,0.08123532398243025,0.6663820713205283
2021-04-17 23:59:59,BROAD_RISK_EXPANSION,5,0.444,1.2818675477845027,0.08152678720778367,0.6727112269134736
2021-04-17 23:59:59,BROAD_RISK_EXPANSION,6,0.492,0.6790887741619125,0.08036154686615085,0.6735769418070255
2021-04-17 23:59:59,BROAD_RISK_EXPANSION,7,0.448,0.6876549913036019,0.08091543497294301,0.676612363869965
2021-04-24 23:59:59,ETH_BROADENING,-14,0.728,1.1242939961121323,0.08148466789859814,0.6854261591936708
2021-04-24 23:59:59,ETH_BROADENING,-13,0.75,1.0411490065186206,0.08021895699225587,0.6850852367357746
2021-04-24 23:59:59,ETH_BROADENING,-12,0.712,0.8841185200326079,0.07890419010284669,0.6842120714158583
2021-04-24 23:59:59,ETH_BROADENING,-11,0.732,0.8349656909326679,0.0786932280267019,0.6836235713106429
2021-04-24 23:59:59,ETH_BROADENING,-10,0.728,0.8194500942198627,0.07778259691668471,0.6795954964469071
2021-04-24 23:59:59,ETH_BROADENING,-9,0.756,0.8237493921469248,0.07687929179299191,0.6724533912784441
2021-04-24 23:59:59,ETH_BROADENING,-8,0.71,0.9692186771335408,0.07715727303236931,0.6593186626248104
2021-04-24 23:59:59,ETH_BROADENING,-7,0.716,0.8859704136602151,0.07806296824220443,0.6603157787237608
2021-04-24 23:59:59,ETH_BROADENING,-6,0.542,0.8231607782992415,0.07994478045662011,0.6585222807711605
2021-04-24 23:59:59,ETH_BROADENING,-5,0.508,0.995323803562487,0.08051663769859316,0.6636355809392895
2021-04-24 23:59:59,ETH_BROADENING,-4,0.522,0.8144070640794654,0.08094902057405974,0.6669907849176657
2021-04-24 23:59:59,ETH_BROADENING,-3,0.538,1.1853148368714803,0.08123532398243025,0.6663820713205283
2021-04-24 23:59:59,ETH_BROADENING,-2,0.444,1.2818675477845027,0.08152678720778367,0.6727112269134736
2021-04-24 23:59:59,ETH_BROADENING,-1,0.492,0.6790887741619125,0.08036154686615085,0.6735769418070255
2021-04-24 23:59:59,ETH_BROADENING,0,0.448,0.6876549913036019,0.08091543497294301,0.676612363869965
2021-04-24 23:59:59,ETH_BROADENING,1,0.36,0.5211694266376153,0.0792125669491714,0.6745701543272289
2021-04-24 23:59:59,ETH_BROADENING,2,0.468,0.5673138883264359,0.08415419512474526,0.6692074393149499
2021-04-24 23:59:59,ETH_BROADENING,3,0.504,0.5916195220981627,0.08451033334338356,0.6656975379258009
2021-04-24 23:59:59,ETH_BROADENING,4,0.43,0.5577024139422311,0.08457779881438929,0.6655348808812357
2021-04-24 23:59:59,ETH_BROADENING,5,0.404,0.5765983601926717,0.08434775645534909,0.6632557590359898
2021-04-24 23:59:59,ETH_BROADENING,6,0.452,0.5879748526614733,0.08464576808408794,0.6630552524434201
2021-04-24 23:59:59,ETH_BROADENING,7,0.428,0.5789500077065148,0.0836820009164795,0.6587326366641181
2021-05-08 23:59:59,ETH_BROADENING,-14,0.448,0.6876549913036019,0.08091543497294301,0.676612363869965
2021-05-08 23:59:59,ETH_BROADENING,-13,0.36,0.5211694266376153,0.0792125669491714,0.6745701543272289
2021-05-08 23:59:59,ETH_BROADENING,-12,0.468,0.5673138883264359,0.08415419512474526,0.6692074393149499
2021-05-08 23:59:59,ETH_BROADENING,-11,0.504,0.5916195220981627,0.08451033334338356,0.6656975379258009
2021-05-08 23:59:59,ETH_BROADENING,-10,0.43,0.5577024139422311,0.08457779881438929,0.6655348808812357
2021-05-08 23:59:59,ETH_BROADENING,-9,0.404,0.5765983601926717,0.08434775645534909,0.6632557590359898
2021-05-08 23:59:59,ETH_BROADENING,-8,0.452,0.5879748526614733,0.08464576808408794,0.6630552524434201
2021-05-08 23:59:59,ETH_BROADENING,-7,0.428,0.5789500077065148,0.0836820009164795,0.6587326366641181
2021-05-08 23:59:59,ETH_BROADENING,-6,0.392,0.6365510352502355,0.08353406255884407,0.6593828701047068
2021-05-08 23:59:59,ETH_BROADENING,-5,0.486,0.6576589900302205,0.08247354474273486,0.6627217876223043
2021-05-08 23:59:59,ETH_BROADENING,-4,0.31,1.4434592564938546,0.08372523162241596,0.6516687808304394
2021-05-08 23:59:59,ETH_BROADENING,-3,0.406,0.9746823579686829,0.08506437985684615,0.6459976979682538
2021-05-08 23:59:59,ETH_BROADENING,-2,0.404,0.9476161185343975,0.08464676626140591,0.6402439158803768
2021-05-08 23:59:59,ETH_BROADENING,-1,0.512,1.0330033713042315,0.08166615923218135,0.6430072880148184
2021-05-08 23:59:59,ETH_BROADENING,0,0.428,0.9476903194404875,0.08026045999633802,0.6522892499206611
2021-05-08 23:59:59,ETH_BROADENING,1,0.368,0.8507668595765404,0.08002992340539507,0.6522803082568122
2021-05-08 23:59:59,ETH_BROADENING,2,0.298,0.7533000567008404,0.08143832629571578,0.6469439804254684
2021-05-08 23:59:59,ETH_BROADENING,3,0.34,0.7020224730368156,0.08217961176970989,0.6416210057465376
2021-05-08 23:59:59,ETH_BROADENING,4,0.258,0.5736962050202307,0.08623408896362922,0.6448751680505249
2021-05-08 23:59:59,ETH_BROADENING,5,0.25,0.5160662235841834,0.08717752131922585,0.6291254696959382
2021-05-08 23:59:59,ETH_BROADENING,6,0.278,0.5689983446796565,0.0876999395629601,0.6235823697519823
2021-05-08 23:59:59,ETH_BROADENING,7,0.21,0.46801299382357014,0.08795081911137427,0.6174262763698558
2021-09-09 23:59:59,BROAD_RISK_EXPANSION,-14,0.826,0.5090064000596934,0.058070330904513454,0.6368174805880126
2021-09-09 23:59:59,BROAD_RISK_EXPANSION,-13,0.846,0.5870143986491635,0.05876711199449874,0.6339221771079199
2021-09-09 23:59:59,BROAD_RISK_EXPANSION,-12,0.842,0.6217955164872097,0.05824518219532233,0.6321321109607189
2021-09-09 23:59:59,BROAD_RISK_EXPANSION,-11,0.818,0.5450981365486391,0.05780908230616143,0.6332009334147916
2021-09-09 23:59:59,BROAD_RISK_EXPANSION,-10,0.812,0.5360354123121674,0.057799289087899275,0.6297637596912912
2021-09-09 23:59:59,BROAD_RISK_EXPANSION,-9,0.83,0.5700642442817728,0.057929630270066194,0.6281663097241597
2021-09-09 23:59:59,BROAD_RISK_EXPANSION,-8,0.834,0.5769691414453988,0.05933538870248127,0.631189691518121
2021-09-09 23:59:59,BROAD_RISK_EXPANSION,-7,0.838,0.6088907929178877,0.059096571794949634,0.6294123097533486
2021-09-09 23:59:59,BROAD_RISK_EXPANSION,-6,0.84,0.6124961242785786,0.0595757215105943,0.6275172001796786
2021-09-09 23:59:59,BROAD_RISK_EXPANSION,-5,0.836,0.597210448129157,0.059677486380893575,0.6202578670583561
2021-09-09 23:59:59,BROAD_RISK_EXPANSION,-4,0.838,0.5724575320015655,0.05962368516159688,0.6192223524828347
2021-09-09 23:59:59,BROAD_RISK_EXPANSION,-3,0.814,0.5899742979252687,0.05950325549968599,0.6162530903684371
2021-09-09 23:59:59,BROAD_RISK_EXPANSION,-2,0.74,0.5635140071125907,0.07103317364912688,0.6171833721810561
2021-09-09 23:59:59,BROAD_RISK_EXPANSION,-1,0.666,0.6108720272200968,0.07016629270290672,0.6099014466137318
2021-09-09 23:59:59,BROAD_RISK_EXPANSION,0,0.686,0.6512933191317645,0.06971120435228403,0.6034955858322293
2021-09-09 23:59:59,BROAD_RISK_EXPANSION,1,0.52,0.6230993402436801,0.07002601110513071,0.6005996209757053
2021-09-09 23:59:59,BROAD_RISK_EXPANSION,2,0.602,0.6336914134158094,0.07064775856566521,0.6004213921536329
2021-09-09 23:59:59,BROAD_RISK_EXPANSION,3,0.486,0.5846727837397413,0.06865968554128021,0.6013009316964687
2021-09-09 23:59:59,BROAD_RISK_EXPANSION,4,0.422,0.5527195935459959,0.06946619496140534,0.6042795057380564
2021-09-09 23:59:59,BROAD_RISK_EXPANSION,5,0.464,0.5498355263180481,0.07019986888546187,0.6069250872702493
2021-09-09 23:59:59,BROAD_RISK_EXPANSION,6,0.576,0.5436734920585206,0.07020628607490317,0.6087739760074805
2021-09-09 23:59:59,BROAD_RISK_EXPANSION,7,0.624,0.5541552501677098,0.07005559310875567,0.6090949537858497
2021-09-17 23:59:59,ETH_BROADENING,-14,0.84,0.6124961242785786,0.0595757215105943,0.6275172001796786
2021-09-17 23:59:59,ETH_BROADENING,-13,0.836,0.597210448129157,0.059677486380893575,0.6202578670583561
2021-09-17 23:59:59,ETH_BROADENING,-12,0.838,0.5724575320015655,0.05962368516159688,0.6192223524828347
2021-09-17 23:59:59,ETH_BROADENING,-11,0.814,0.5899742979252687,0.05950325549968599,0.6162530903684371
2021-09-17 23:59:59,ETH_BROADENING,-10,0.74,0.5635140071125907,0.07103317364912688,0.6171833721810561
2021-09-17 23:59:59,ETH_BROADENING,-9,0.666,0.6108720272200968,0.07016629270290672,0.6099014466137318
2021-09-17 23:59:59,ETH_BROADENING,-8,0.686,0.6512933191317645,0.06971120435228403,0.6034955858322293
2021-09-17 23:59:59,ETH_BROADENING,-7,0.52,0.6230993402436801,0.07002601110513071,0.6005996209757053
2021-09-17 23:59:59,ETH_BROADENING,-6,0.602,0.6336914134158094,0.07064775856566521,0.6004213921536329
2021-09-17 23:59:59,ETH_BROADENING,-5,0.486,0.5846727837397413,0.06865968554128021,0.6013009316964687
2021-09-17 23:59:59,ETH_BROADENING,-4,0.422,0.5527195935459959,0.06946619496140534,0.6042795057380564
2021-09-17 23:59:59,ETH_BROADENING,-3,0.464,0.5498355263180481,0.07019986888546187,0.6069250872702493
2021-09-17 23:59:59,ETH_BROADENING,-2,0.576,0.5436734920585206,0.07020628607490317,0.6087739760074805
2021-09-17 23:59:59,ETH_BROADENING,-1,0.624,0.5541552501677098,0.07005559310875567,0.6090949537858497
2021-09-17 23:59:59,ETH_BROADENING,0,0.544,0.5467683288923378,0.07073524126413244,0.6093966971863416
2021-09-17 23:59:59,ETH_BROADENING,1,0.482,0.5410698842639757,0.06976173974184473,0.6086184342083176
2021-09-17 23:59:59,ETH_BROADENING,2,0.38,0.49012451881995434,0.06985822797361564,0.6090695011485547
2021-09-17 23:59:59,ETH_BROADENING,3,0.268,0.4050826572356038,0.07472782731784902,0.6132567032896614
2021-09-17 23:59:59,ETH_BROADENING,4,0.212,0.38690362262164874,0.0754602823659608,0.6096975664653129
2021-09-17 23:59:59,ETH_BROADENING,5,0.252,0.47316062330594455,0.07802670263064748,0.6016982099585338
2021-09-17 23:59:59,ETH_BROADENING,6,0.302,0.5290812185412439,0.07675410610096578,0.6041017080029173
2021-09-17 23:59:59,ETH_BROADENING,7,0.216,0.4746080053763716,0.07692696256486205,0.6041001523677626
2021-11-29 23:59:59,ETH_BROADENING,-14,0.62,0.8603530799955216,0.05196539434757538,0.6347468498356078
2021-11-29 23:59:59,ETH_BROADENING,-13,0.504,0.8250427770906982,0.05479961309080286,0.6333688542483532
2021-11-29 23:59:59,ETH_BROADENING,-12,0.56,0.883457890190873,0.05455531055026397,0.6315599450350785
2021-11-29 23:59:59,ETH_BROADENING,-11,0.396,0.8026379267353233,0.056689587195654166,0.6304656412604828
2021-11-29 23:59:59,ETH_BROADENING,-10,0.434,0.8587894369423781,0.056563738045985246,0.6264382524247316
2021-11-29 23:59:59,ETH_BROADENING,-9,0.512,0.8873210685974977,0.057876294448239364,0.6276713524322669
2021-11-29 23:59:59,ETH_BROADENING,-8,0.496,0.8640181331157468,0.05859430648634567,0.6239724087057367
2021-11-29 23:59:59,ETH_BROADENING,-7,0.406,0.8397405883202956,0.059085695499608154,0.6202671335838494
2021-11-29 23:59:59,ETH_BROADENING,-6,0.482,0.893738660282279,0.05954532848042169,0.6235237965641904
2021-11-29 23:59:59,ETH_BROADENING,-5,0.426,0.9546994986599131,0.05961001093469113,0.6267437030140247
2021-11-29 23:59:59,ETH_BROADENING,-4,0.49,0.9553944700370947,0.06071493595688794,0.6288138196500501
2021-11-29 23:59:59,ETH_BROADENING,-3,0.496,0.9365181010796333,0.06039394997460305,0.6261250055240692
2021-11-29 23:59:59,ETH_BROADENING,-2,0.47,0.8496273624745796,0.060840433137156716,0.6267110259751033
2021-11-29 23:59:59,ETH_BROADENING,-1,0.462,0.7789646313939994,0.061195615691591806,0.633420174045942
2021-11-29 23:59:59,ETH_BROADENING,0,0.47,0.7835327984577278,0.06130015259169436,0.6324912945431006
2021-11-29 23:59:59,ETH_BROADENING,1,0.436,0.792437539271428,0.060678901622893744,0.6328698537459
2021-11-29 23:59:59,ETH_BROADENING,2,0.432,0.8709621505354548,0.06073893300290519,0.63082342099017
2021-11-29 23:59:59,ETH_BROADENING,3,0.382,0.543938221459182,0.0603968528467988,0.6284817273734215
2021-11-29 23:59:59,ETH_BROADENING,4,0.316,0.66075508675909,0.06021601288880332,0.6256526274358822
2021-11-29 23:59:59,ETH_BROADENING,5,0.226,0.5224898217818433,0.06520006721111411,0.6274421406779649
2021-11-29 23:59:59,ETH_BROADENING,6,0.188,0.48579931897999434,0.06513838537316541,0.6371799158686178
2021-11-29 23:59:59,ETH_BROADENING,7,0.196,0.4744097270043847,0.06682001453521683,0.6377240929364386
2022-04-10 23:59:59,BROAD_RISK_EXPANSION,-14,0.758,0.30645321698184336,0.046943452121921914,0.6252125469964446
2022-04-10 23:59:59,BROAD_RISK_EXPANSION,-13,0.756,0.29834373093663225,0.0472111523541377,0.627568565961057
2022-04-10 23:59:59,BROAD_RISK_EXPANSION,-12,0.82,0.3405758384661641,0.04657936363774317,0.6251001101650587
2022-04-10 23:59:59,BROAD_RISK_EXPANSION,-11,0.74,0.32578031098553334,0.043426680358929486,0.6200254410079605
2022-04-10 23:59:59,BROAD_RISK_EXPANSION,-10,0.68,0.31725039162043145,0.04378884312640367,0.6187771470421417
2022-04-10 23:59:59,BROAD_RISK_EXPANSION,-9,0.746,0.3557284620201048,0.04562929240251348,0.6177311949596557
2022-04-10 23:59:59,BROAD_RISK_EXPANSION,-8,0.758,0.3401779711270621,0.04571036279523665,0.6167379415024307
2022-04-10 23:59:59,BROAD_RISK_EXPANSION,-7,0.826,0.3579109131384111,0.0433215019906375,0.6154645803378233
2022-04-10 23:59:59,BROAD_RISK_EXPANSION,-6,0.806,0.3293617291052376,0.04355614952404246,0.6193468685450213
2022-04-10 23:59:59,BROAD_RISK_EXPANSION,-5,0.812,0.3418767048834238,0.042658926276441425,0.6185178336918923
2022-04-10 23:59:59,BROAD_RISK_EXPANSION,-4,0.806,0.3591972439953616,0.047706623968776646,0.6236528605961966
2022-04-10 23:59:59,BROAD_RISK_EXPANSION,-3,0.81,0.39483125024886057,0.0478724047415679,0.6195993671476611
2022-04-10 23:59:59,BROAD_RISK_EXPANSION,-2,0.684,0.7861938224913513,0.048656300096436136,0.6238971409387822
2022-04-10 23:59:59,BROAD_RISK_EXPANSION,-1,0.772,0.9393851951977958,0.047703652966776186,0.622789928500543
2022-04-10 23:59:59,BROAD_RISK_EXPANSION,0,0.77,0.7178410424752134,0.047778129754887114,0.6026100354290216
2022-04-10 23:59:59,BROAD_RISK_EXPANSION,1,0.592,0.4446830518868671,0.051140247622217666,0.606447090754191
2022-04-10 23:59:59,BROAD_RISK_EXPANSION,2,0.73,0.35996429780290984,0.05159425654963151,0.623558944328009
2022-04-10 23:59:59,BROAD_RISK_EXPANSION,3,0.74,0.3903469432302917,0.05149239076289058,0.6241833955873556
2022-04-10 23:59:59,BROAD_RISK_EXPANSION,4,0.724,0.39510323010021103,0.05162692550575174,0.622347650267923
2022-04-10 23:59:59,BROAD_RISK_EXPANSION,5,0.644,0.3277771989554455,0.05054266187246102,0.6213144108348715
2022-04-10 23:59:59,BROAD_RISK_EXPANSION,6,0.626,0.29775322625883444,0.050235641336749876,0.6210128196141899
2022-04-10 23:59:59,BROAD_RISK_EXPANSION,7,0.474,0.29044250242855385,0.04960797895248656,0.6229981389368332
2022-08-03 23:59:59,ETH_BROADENING,-14,0.704,0.29569518940101125,0.0460857449464944,0.6399676276420219
2022-08-03 23:59:59,ETH_BROADENING,-13,0.702,0.3046758542530387,0.045665756171371655,0.6374200251242543
2022-08-03 23:59:59,ETH_BROADENING,-12,0.72,0.3074909752378171,0.045413743091498024,0.6367413422306184
2022-08-03 23:59:59,ETH_BROADENING,-11,0.614,0.2766807831670369,0.04468255822238925,0.6350628131870811
2022-08-03 23:59:59,ETH_BROADENING,-10,0.568,0.2194484033697962,0.04359445484808354,0.636651795348118
2022-08-03 23:59:59,ETH_BROADENING,-9,0.32,0.215208809514473,0.045589093750402196,0.6345552928140048
2022-08-03 23:59:59,ETH_BROADENING,-8,0.422,0.1866591709428353,0.04412468207153229,0.63321420949864
2022-08-03 23:59:59,ETH_BROADENING,-7,0.594,0.23895247895379176,0.045988389671473694,0.6372175638694845
2022-08-03 23:59:59,ETH_BROADENING,-6,0.748,0.2910893348664637,0.04579720866976694,0.6389444077502797
2022-08-03 23:59:59,ETH_BROADENING,-5,0.766,0.32825509750097887,0.04612874778372006,0.6363371578216719
2022-08-03 23:59:59,ETH_BROADENING,-4,0.784,0.3546105666132792,0.04528317619920136,0.6339158027428913
2022-08-03 23:59:59,ETH_BROADENING,-3,0.79,0.3791163618592058,0.04558753069029174,0.6332248070608817
2022-08-03 23:59:59,ETH_BROADENING,-2,0.806,0.34645914290120733,0.046329687470200165,0.6313278249943376
2022-08-03 23:59:59,ETH_BROADENING,-1,0.792,0.3439398222479333,0.04648412757723268,0.6318798546049813
2022-08-03 23:59:59,ETH_BROADENING,0,0.75,0.3909922727665704,0.04643364232697623,0.6286072803296588
2022-08-03 23:59:59,ETH_BROADENING,1,0.784,0.32964219397872907,0.04632046400385673,0.6244401560974102
2022-08-03 23:59:59,ETH_BROADENING,2,0.8,0.34640777530176853,0.04703010398379489,0.6263390986329963
2022-08-03 23:59:59,ETH_BROADENING,3,0.75,0.30065619700628204,0.0460192395476784,0.624130886253296
2022-08-03 23:59:59,ETH_BROADENING,4,0.784,0.2681926672326057,0.0456930418635138,0.6235638806828097
2022-08-03 23:59:59,ETH_BROADENING,5,0.794,0.27468726746997524,0.04606628741900856,0.6267473961807754
2022-08-03 23:59:59,ETH_BROADENING,6,0.798,0.2750249855739592,0.04600291861632919,0.6248996843333261
2022-08-03 23:59:59,ETH_BROADENING,7,0.84,0.3428327924378243,0.04595791785574446,0.6282364017393289
2022-08-15 23:59:59,BROAD_RISK_EXPANSION,-14,0.806,0.34645914290120733,0.046329687470200165,0.6313278249943376
2022-08-15 23:59:59,BROAD_RISK_EXPANSION,-13,0.792,0.3439398222479333,0.04648412757723268,0.6318798546049813
2022-08-15 23:59:59,BROAD_RISK_EXPANSION,-12,0.75,0.3909922727665704,0.04643364232697623,0.6286072803296588
2022-08-15 23:59:59,BROAD_RISK_EXPANSION,-11,0.784,0.32964219397872907,0.04632046400385673,0.6244401560974102
2022-08-15 23:59:59,BROAD_RISK_EXPANSION,-10,0.8,0.34640777530176853,0.04703010398379489,0.6263390986329963
2022-08-15 23:59:59,BROAD_RISK_EXPANSION,-9,0.75,0.30065619700628204,0.0460192395476784,0.624130886253296
2022-08-15 23:59:59,BROAD_RISK_EXPANSION,-8,0.784,0.2681926672326057,0.0456930418635138,0.6235638806828097
2022-08-15 23:59:59,BROAD_RISK_EXPANSION,-7,0.794,0.27468726746997524,0.04606628741900856,0.6267473961807754
2022-08-15 23:59:59,BROAD_RISK_EXPANSION,-6,0.798,0.2750249855739592,0.04600291861632919,0.6248996843333261
2022-08-15 23:59:59,BROAD_RISK_EXPANSION,-5,0.84,0.3428327924378243,0.04595791785574446,0.6282364017393289
2022-08-15 23:59:59,BROAD_RISK_EXPANSION,-4,0.85,0.36108097501299274,0.04513640514791285,0.6301305890818626
2022-08-15 23:59:59,BROAD_RISK_EXPANSION,-3,0.84,0.3395162964099581,0.04455901368550929,0.6317758992134436
2022-08-15 23:59:59,BROAD_RISK_EXPANSION,-2,0.838,0.3758030605956694,0.04474917054064209,0.632311250846576
2022-08-15 23:59:59,BROAD_RISK_EXPANSION,-1,0.826,0.35843952547918456,0.04409549185204621,0.6311027748869293
2022-08-15 23:59:59,BROAD_RISK_EXPANSION,0,0.772,0.3098377096749237,0.04429922104480091,0.6322044688178274
2022-08-15 23:59:59,BROAD_RISK_EXPANSION,1,0.794,0.3031051230768776,0.04428358055035069,0.6307387094334813
2022-08-15 23:59:59,BROAD_RISK_EXPANSION,2,0.61,0.31211139947453737,0.04305589791884312,0.6321534219976519
2022-08-15 23:59:59,BROAD_RISK_EXPANSION,3,0.444,0.2871028612451672,0.04207772875939497,0.6375481144959565
2022-08-15 23:59:59,BROAD_RISK_EXPANSION,4,0.286,0.2805869422387271,0.04525613560800495,0.6303830762681853
2022-08-15 23:59:59,BROAD_RISK_EXPANSION,5,0.258,0.2758804931633823,0.045133728901209216,0.6301677781299136
2022-08-15 23:59:59,BROAD_RISK_EXPANSION,6,0.382,0.2733263647430393,0.045119355741638265,0.6282274174733825
2022-08-15 23:59:59,BROAD_RISK_EXPANSION,7,0.362,0.28212972250248036,0.04529714711258316,0.6286388081437851
2022-08-23 23:59:59,ETH_BROADENING,-14,0.798,0.2750249855739592,0.04600291861632919,0.6248996843333261
2022-08-23 23:59:59,ETH_BROADENING,-13,0.84,0.3428327924378243,0.04595791785574446,0.6282364017393289
2022-08-23 23:59:59,ETH_BROADENING,-12,0.85,0.36108097501299274,0.04513640514791285,0.6301305890818626
2022-08-23 23:59:59,ETH_BROADENING,-11,0.84,0.3395162964099581,0.04455901368550929,0.6317758992134436
2022-08-23 23:59:59,ETH_BROADENING,-10,0.838,0.3758030605956694,0.04474917054064209,0.632311250846576
2022-08-23 23:59:59,ETH_BROADENING,-9,0.826,0.35843952547918456,0.04409549185204621,0.6311027748869293
2022-08-23 23:59:59,ETH_BROADENING,-8,0.772,0.3098377096749237,0.04429922104480091,0.6322044688178274
2022-08-23 23:59:59,ETH_BROADENING,-7,0.794,0.3031051230768776,0.04428358055035069,0.6307387094334813
2022-08-23 23:59:59,ETH_BROADENING,-6,0.61,0.31211139947453737,0.04305589791884312,0.6321534219976519
2022-08-23 23:59:59,ETH_BROADENING,-5,0.444,0.2871028612451672,0.04207772875939497,0.6375481144959565
2022-08-23 23:59:59,ETH_BROADENING,-4,0.286,0.2805869422387271,0.04525613560800495,0.6303830762681853
2022-08-23 23:59:59,ETH_BROADENING,-3,0.258,0.2758804931633823,0.045133728901209216,0.6301677781299136
2022-08-23 23:59:59,ETH_BROADENING,-2,0.382,0.2733263647430393,0.045119355741638265,0.6282274174733825
2022-08-23 23:59:59,ETH_BROADENING,-1,0.362,0.28212972250248036,0.04529714711258316,0.6286388081437851
2022-08-23 23:59:59,ETH_BROADENING,0,0.36,0.2771300949594006,0.045320155977633905,0.6285538065633022
2022-08-23 23:59:59,ETH_BROADENING,1,0.6,0.26969325700382274,0.04293124298653447,0.6281019412169648
2022-08-23 23:59:59,ETH_BROADENING,2,0.644,0.3008068118321717,0.042888483242159804,0.6284692997167207
2022-08-23 23:59:59,ETH_BROADENING,3,0.2,0.2636748393707998,0.04366745602881401,0.6261393074696379
2022-08-23 23:59:59,ETH_BROADENING,4,0.158,0.22052786882617206,0.042291307901908104,0.6241484707435052
2022-08-23 23:59:59,ETH_BROADENING,5,0.12,0.2620500753141129,0.04234069546442062,0.6230892198612958
2022-08-23 23:59:59,ETH_BROADENING,6,0.17,0.252536586977501,0.04338818936207609,0.6246576028659712
2022-08-23 23:59:59,ETH_BROADENING,7,0.144,0.23509713959445863,0.04348271960839399,0.6228411729164286
2023-01-17 23:59:59,ETH_BROADENING,-14,0.138,0.14383180500597376,0.03230447391959733,0.6452782037735435
2023-01-17 23:59:59,ETH_BROADENING,-13,0.166,0.153153637326921,0.03253527095050654,0.6433035188477626
2023-01-17 23:59:59,ETH_BROADENING,-12,0.148,0.15336824149453543,0.0328018969552339,0.6447329254700457
2023-01-17 23:59:59,ETH_BROADENING,-11,0.196,0.1541603990183858,0.03228965591286906,0.6441752779291193
2023-01-17 23:59:59,ETH_BROADENING,-10,0.178,0.15630314823472352,0.032291043275605814,0.6439269614684994
2023-01-17 23:59:59,ETH_BROADENING,-9,0.208,0.17174599491476536,0.033103500838148864,0.640330975322507
2023-01-17 23:59:59,ETH_BROADENING,-8,0.23,0.16269460770972552,0.033231575894064884,0.6390356543452488
2023-01-17 23:59:59,ETH_BROADENING,-7,0.294,0.16464345645846304,0.03330817867689146,0.6395587736688425
2023-01-17 23:59:59,ETH_BROADENING,-6,0.368,0.16735512647280104,0.033370744037337634,0.6411534757882827
2023-01-17 23:59:59,ETH_BROADENING,-5,0.382,0.18195802796705976,0.034237629652723374,0.6454980955248937
2023-01-17 23:59:59,ETH_BROADENING,-4,0.564,0.21526062868591117,0.034782385219901485,0.6475461004168085
2023-01-17 23:59:59,ETH_BROADENING,-3,0.786,0.23067206844905205,0.03559363746204571,0.6498566281726876
2023-01-17 23:59:59,ETH_BROADENING,-2,0.862,0.2807360066705259,0.02938477439148799,0.6496645257871034
2023-01-17 23:59:59,ETH_BROADENING,-1,0.852,0.27749939716306976,0.029553270618863387,0.652961306320224
2023-01-17 23:59:59,ETH_BROADENING,0,0.862,0.30336949679347547,0.02991730093580371,0.6536177804363522
2023-01-17 23:59:59,ETH_BROADENING,1,0.838,0.29867786380464156,0.03103156012880471,0.656940129846168
2023-01-17 23:59:59,ETH_BROADENING,2,0.824,0.30417200040092846,0.03057113717828136,0.6559521118239824
2023-01-17 23:59:59,ETH_BROADENING,3,0.866,0.35665620541863957,0.03278137465627285,0.6584976727344877
2023-01-17 23:59:59,ETH_BROADENING,4,0.862,0.3324667696677369,0.033120993138053084,0.6598936993262993
2023-01-17 23:59:59,ETH_BROADENING,5,0.87,0.33027794113975883,0.03354864119160407,0.6576208067800147
2023-01-17 23:59:59,ETH_BROADENING,6,0.882,0.36146726905683013,0.034214666298629376,0.6555951464462411
2023-01-17 23:59:59,ETH_BROADENING,7,0.856,0.3486809499947283,0.035298993847918986,0.6580556542692941
2023-01-30 23:59:59,LARGE_ALT_ROTATION,-14,0.852,0.27749939716306976,0.029553270618863387,0.652961306320224
2023-01-30 23:59:59,LARGE_ALT_ROTATION,-13,0.862,0.30336949679347547,0.02991730093580371,0.6536177804363522
2023-01-30 23:59:59,LARGE_ALT_ROTATION,-12,0.838,0.29867786380464156,0.03103156012880471,0.656940129846168
2023-01-30 23:59:59,LARGE_ALT_ROTATION,-11,0.824,0.30417200040092846,0.03057113717828136,0.6559521118239824
2023-01-30 23:59:59,LARGE_ALT_ROTATION,-10,0.866,0.35665620541863957,0.03278137465627285,0.6584976727344877
2023-01-30 23:59:59,LARGE_ALT_ROTATION,-9,0.862,0.3324667696677369,0.033120993138053084,0.6598936993262993
2023-01-30 23:59:59,LARGE_ALT_ROTATION,-8,0.87,0.33027794113975883,0.03354864119160407,0.6576208067800147
2023-01-30 23:59:59,LARGE_ALT_ROTATION,-7,0.882,0.36146726905683013,0.034214666298629376,0.6555951464462411
2023-01-30 23:59:59,LARGE_ALT_ROTATION,-6,0.856,0.3486809499947283,0.035298993847918986,0.6580556542692941
2023-01-30 23:59:59,LARGE_ALT_ROTATION,-5,0.876,0.41323957149293605,0.03567158764263763,0.6562776086747202
2023-01-30 23:59:59,LARGE_ALT_ROTATION,-4,0.894,0.41742807906145885,0.036221205407601306,0.6546573256258013
2023-01-30 23:59:59,LARGE_ALT_ROTATION,-3,0.886,0.46781378662126794,0.03559692631643448,0.6513135751721509
2023-01-30 23:59:59,LARGE_ALT_ROTATION,-2,0.894,0.4746656823703123,0.03614651954829723,0.6516015682124447
2023-01-30 23:59:59,LARGE_ALT_ROTATION,-1,0.904,0.48622991513026464,0.0362485206240611,0.6530380371750133
2023-01-30 23:59:59,LARGE_ALT_ROTATION,0,0.89,0.4800000326033296,0.039780642818386565,0.6542921687604413
2023-01-30 23:59:59,LARGE_ALT_ROTATION,1,0.9,0.5239161191510646,0.04012759835506785,0.6525784728743638
2023-01-30 23:59:59,LARGE_ALT_ROTATION,2,0.908,0.5433080507242759,0.04035872155103562,0.6520933800348763
2023-01-30 23:59:59,LARGE_ALT_ROTATION,3,0.89,0.5510335294806756,0.04044359538903105,0.650385860302945
2023-01-30 23:59:59,LARGE_ALT_ROTATION,4,0.886,0.584171697157483,0.040790516856452415,0.6453512914377333
2023-01-30 23:59:59,LARGE_ALT_ROTATION,5,0.886,0.6189389973803726,0.041017309519342425,0.6443095079721718
2023-01-30 23:59:59,LARGE_ALT_ROTATION,6,0.89,0.6638160463872007,0.04202522037724151,0.6444972901048522
2023-01-30 23:59:59,LARGE_ALT_ROTATION,7,0.868,0.6149625738209576,0.042338934352749866,0.645260767014905
2023-02-08 23:59:59,BROAD_RISK_EXPANSION,-14,0.876,0.41323957149293605,0.03567158764263763,0.6562776086747202
2023-02-08 23:59:59,BROAD_RISK_EXPANSION,-13,0.894,0.41742807906145885,0.036221205407601306,0.6546573256258013
2023-02-08 23:59:59,BROAD_RISK_EXPANSION,-12,0.886,0.46781378662126794,0.03559692631643448,0.6513135751721509
2023-02-08 23:59:59,BROAD_RISK_EXPANSION,-11,0.894,0.4746656823703123,0.03614651954829723,0.6516015682124447
2023-02-08 23:59:59,BROAD_RISK_EXPANSION,-10,0.904,0.48622991513026464,0.0362485206240611,0.6530380371750133
2023-02-08 23:59:59,BROAD_RISK_EXPANSION,-9,0.89,0.4800000326033296,0.039780642818386565,0.6542921687604413
2023-02-08 23:59:59,BROAD_RISK_EXPANSION,-8,0.9,0.5239161191510646,0.04012759835506785,0.6525784728743638
2023-02-08 23:59:59,BROAD_RISK_EXPANSION,-7,0.908,0.5433080507242759,0.04035872155103562,0.6520933800348763
2023-02-08 23:59:59,BROAD_RISK_EXPANSION,-6,0.89,0.5510335294806756,0.04044359538903105,0.650385860302945
2023-02-08 23:59:59,BROAD_RISK_EXPANSION,-5,0.886,0.584171697157483,0.040790516856452415,0.6453512914377333
2023-02-08 23:59:59,BROAD_RISK_EXPANSION,-4,0.886,0.6189389973803726,0.041017309519342425,0.6443095079721718
2023-02-08 23:59:59,BROAD_RISK_EXPANSION,-3,0.89,0.6638160463872007,0.04202522037724151,0.6444972901048522
2023-02-08 23:59:59,BROAD_RISK_EXPANSION,-2,0.868,0.6149625738209576,0.042338934352749866,0.645260767014905
2023-02-08 23:59:59,BROAD_RISK_EXPANSION,-1,0.86,0.6887099190341349,0.043740750294069236,0.6405915184342638
2023-02-08 23:59:59,BROAD_RISK_EXPANSION,0,0.836,0.5195915086077244,0.0441779116523351,0.6471047113420673
2023-02-08 23:59:59,BROAD_RISK_EXPANSION,1,0.84,0.4255373407217612,0.04910741122405615,0.6455058119115225
2023-02-08 23:59:59,BROAD_RISK_EXPANSION,2,0.828,0.41230083674266993,0.04922098603668708,0.6425575618453495
2023-02-08 23:59:59,BROAD_RISK_EXPANSION,3,0.838,0.4067244784328882,0.04943480004124896,0.6414009033238555
2023-02-08 23:59:59,BROAD_RISK_EXPANSION,4,0.8,0.3566757090605972,0.04880538642367353,0.6417574853188438
2023-02-08 23:59:59,BROAD_RISK_EXPANSION,5,0.694,0.3443617989417936,0.049132657007031656,0.645672879399861
2023-02-08 23:59:59,BROAD_RISK_EXPANSION,6,0.736,0.34502402397522225,0.04855967170691008,0.645724714546204
2023-02-08 23:59:59,BROAD_RISK_EXPANSION,7,0.784,0.3608642306219404,0.04902833222012289,0.6541776653279509
2023-02-16 23:59:59,MID_CAP_ROTATION,-14,0.89,0.5510335294806756,0.04044359538903105,0.650385860302945
2023-02-16 23:59:59,MID_CAP_ROTATION,-13,0.886,0.584171697157483,0.040790516856452415,0.6453512914377333
2023-02-16 23:59:59,MID_CAP_ROTATION,-12,0.886,0.6189389973803726,0.041017309519342425,0.6443095079721718
2023-02-16 23:59:59,MID_CAP_ROTATION,-11,0.89,0.6638160463872007,0.04202522037724151,0.6444972901048522
2023-02-16 23:59:59,MID_CAP_ROTATION,-10,0.868,0.6149625738209576,0.042338934352749866,0.645260767014905
2023-02-16 23:59:59,MID_CAP_ROTATION,-9,0.86,0.6887099190341349,0.043740750294069236,0.6405915184342638
2023-02-16 23:59:59,MID_CAP_ROTATION,-8,0.836,0.5195915086077244,0.0441779116523351,0.6471047113420673
2023-02-16 23:59:59,MID_CAP_ROTATION,-7,0.84,0.4255373407217612,0.04910741122405615,0.6455058119115225
2023-02-16 23:59:59,MID_CAP_ROTATION,-6,0.828,0.41230083674266993,0.04922098603668708,0.6425575618453495
2023-02-16 23:59:59,MID_CAP_ROTATION,-5,0.838,0.4067244784328882,0.04943480004124896,0.6414009033238555
2023-02-16 23:59:59,MID_CAP_ROTATION,-4,0.8,0.3566757090605972,0.04880538642367353,0.6417574853188438
2023-02-16 23:59:59,MID_CAP_ROTATION,-3,0.694,0.3443617989417936,0.049132657007031656,0.645672879399861
2023-02-16 23:59:59,MID_CAP_ROTATION,-2,0.736,0.34502402397522225,0.04855967170691008,0.645724714546204
2023-02-16 23:59:59,MID_CAP_ROTATION,-1,0.784,0.3608642306219404,0.04902833222012289,0.6541776653279509
2023-02-16 23:59:59,MID_CAP_ROTATION,0,0.76,0.40422957233412515,0.0505916410495422,0.6530143205788718
2023-02-16 23:59:59,MID_CAP_ROTATION,1,0.85,0.4518751236312735,0.05020986749267566,0.6509229568135726
2023-02-16 23:59:59,MID_CAP_ROTATION,2,0.794,0.4599189170670458,0.05022618733709174,0.654093109073934
2023-02-16 23:59:59,MID_CAP_ROTATION,3,0.756,0.4995033576978228,0.04904921780739405,0.6481305696102564
2023-02-16 23:59:59,MID_CAP_ROTATION,4,0.792,0.6400729096327484,0.05011318698269157,0.6471696333102066
2023-02-16 23:59:59,MID_CAP_ROTATION,5,0.756,0.6377881753707183,0.050238670988568206,0.6480791136527505
2023-02-16 23:59:59,MID_CAP_ROTATION,6,0.728,0.5534883743816748,0.050808628094761575,0.6465844980293164
2023-02-16 23:59:59,MID_CAP_ROTATION,7,0.78,0.5978114022553117,0.05011032374426585,0.646891578411718
2023-02-24 23:59:59,BROAD_RISK_EXPANSION,-14,0.828,0.41230083674266993,0.04922098603668708,0.6425575618453495
2023-02-24 23:59:59,BROAD_RISK_EXPANSION,-13,0.838,0.4067244784328882,0.04943480004124896,0.6414009033238555
2023-02-24 23:59:59,BROAD_RISK_EXPANSION,-12,0.8,0.3566757090605972,0.04880538642367353,0.6417574853188438
2023-02-24 23:59:59,BROAD_RISK_EXPANSION,-11,0.694,0.3443617989417936,0.049132657007031656,0.645672879399861
2023-02-24 23:59:59,BROAD_RISK_EXPANSION,-10,0.736,0.34502402397522225,0.04855967170691008,0.645724714546204
2023-02-24 23:59:59,BROAD_RISK_EXPANSION,-9,0.784,0.3608642306219404,0.04902833222012289,0.6541776653279509
2023-02-24 23:59:59,BROAD_RISK_EXPANSION,-8,0.76,0.40422957233412515,0.0505916410495422,0.6530143205788718
2023-02-24 23:59:59,BROAD_RISK_EXPANSION,-7,0.85,0.4518751236312735,0.05020986749267566,0.6509229568135726
2023-02-24 23:59:59,BROAD_RISK_EXPANSION,-6,0.794,0.4599189170670458,0.05022618733709174,0.654093109073934
2023-02-24 23:59:59,BROAD_RISK_EXPANSION,-5,0.756,0.4995033576978228,0.04904921780739405,0.6481305696102564
2023-02-24 23:59:59,BROAD_RISK_EXPANSION,-4,0.792,0.6400729096327484,0.05011318698269157,0.6471696333102066
2023-02-24 23:59:59,BROAD_RISK_EXPANSION,-3,0.756,0.6377881753707183,0.050238670988568206,0.6480791136527505
2023-02-24 23:59:59,BROAD_RISK_EXPANSION,-2,0.728,0.5534883743816748,0.050808628094761575,0.6465844980293164
2023-02-24 23:59:59,BROAD_RISK_EXPANSION,-1,0.78,0.5978114022553117,0.05011032374426585,0.646891578411718
2023-02-24 23:59:59,BROAD_RISK_EXPANSION,0,0.652,0.47108623854657933,0.050116997360366615,0.6480916436922675
2023-02-24 23:59:59,BROAD_RISK_EXPANSION,1,0.622,0.38768879912142745,0.05002663513129413,0.6492191843258005
2023-02-24 23:59:59,BROAD_RISK_EXPANSION,2,0.642,0.5123393563726341,0.05020985544931007,0.6480615701189474
2023-02-24 23:59:59,BROAD_RISK_EXPANSION,3,0.63,0.37880392705252564,0.05011563620470974,0.6500126712246062
2023-02-24 23:59:59,BROAD_RISK_EXPANSION,4,0.504,0.34649231282390425,0.049945747072406316,0.6500552702878091
2023-02-24 23:59:59,BROAD_RISK_EXPANSION,5,0.692,0.3915303379924659,0.04842316340225266,0.6492538638305062
2023-02-24 23:59:59,BROAD_RISK_EXPANSION,6,0.612,0.35684071507644655,0.04911110635642819,0.6527642021704769
2023-02-24 23:59:59,BROAD_RISK_EXPANSION,7,0.39,0.3184434255730669,0.04969495011427496,0.6503626646706366
2023-02-28 23:59:59,MID_CAP_ROTATION,-14,0.736,0.34502402397522225,0.04855967170691008,0.645724714546204
2023-02-28 23:59:59,MID_CAP_ROTATION,-13,0.784,0.3608642306219404,0.04902833222012289,0.6541776653279509
2023-02-28 23:59:59,MID_CAP_ROTATION,-12,0.76,0.40422957233412515,0.0505916410495422,0.6530143205788718
2023-02-28 23:59:59,MID_CAP_ROTATION,-11,0.85,0.4518751236312735,0.05020986749267566,0.6509229568135726
2023-02-28 23:59:59,MID_CAP_ROTATION,-10,0.794,0.4599189170670458,0.05022618733709174,0.654093109073934
2023-02-28 23:59:59,MID_CAP_ROTATION,-9,0.756,0.4995033576978228,0.04904921780739405,0.6481305696102564
2023-02-28 23:59:59,MID_CAP_ROTATION,-8,0.792,0.6400729096327484,0.05011318698269157,0.6471696333102066
2023-02-28 23:59:59,MID_CAP_ROTATION,-7,0.756,0.6377881753707183,0.050238670988568206,0.6480791136527505
2023-02-28 23:59:59,MID_CAP_ROTATION,-6,0.728,0.5534883743816748,0.050808628094761575,0.6465844980293164
2023-02-28 23:59:59,MID_CAP_ROTATION,-5,0.78,0.5978114022553117,0.05011032374426585,0.646891578411718
2023-02-28 23:59:59,MID_CAP_ROTATION,-4,0.652,0.47108623854657933,0.050116997360366615,0.6480916436922675
2023-02-28 23:59:59,MID_CAP_ROTATION,-3,0.622,0.38768879912142745,0.05002663513129413,0.6492191843258005
2023-02-28 23:59:59,MID_CAP_ROTATION,-2,0.642,0.5123393563726341,0.05020985544931007,0.6480615701189474
2023-02-28 23:59:59,MID_CAP_ROTATION,-1,0.63,0.37880392705252564,0.05011563620470974,0.6500126712246062
2023-02-28 23:59:59,MID_CAP_ROTATION,0,0.504,0.34649231282390425,0.049945747072406316,0.6500552702878091
2023-02-28 23:59:59,MID_CAP_ROTATION,1,0.692,0.3915303379924659,0.04842316340225266,0.6492538638305062
2023-02-28 23:59:59,MID_CAP_ROTATION,2,0.612,0.35684071507644655,0.04911110635642819,0.6527642021704769
2023-02-28 23:59:59,MID_CAP_ROTATION,3,0.39,0.3184434255730669,0.04969495011427496,0.6503626646706366
2023-02-28 23:59:59,MID_CAP_ROTATION,4,0.338,0.30352936762731175,0.04954731795183211,0.6538472916297438
2023-02-28 23:59:59,MID_CAP_ROTATION,5,0.272,0.3087842123043318,0.04846165952613576,0.6535235563689533
2023-02-28 23:59:59,MID_CAP_ROTATION,6,0.252,0.28075686442515824,0.04824779376208074,0.6538564651430052
2023-02-28 23:59:59,MID_CAP_ROTATION,7,0.24,0.27571029680597414,0.047859972789076694,0.6546963869456575
2023-07-19 23:59:59,LARGE_ALT_ROTATION,-14,0.0,,0.044974103253089155,0.7288824365649137
2023-07-19 23:59:59,LARGE_ALT_ROTATION,-13,0.214,2.857344526446672,0.04400395125983991,0.7279032537988845
2023-07-19 23:59:59,LARGE_ALT_ROTATION,-12,0.376,4.081681257879074,0.042757933125252855,0.7259088774765936
2023-07-19 23:59:59,LARGE_ALT_ROTATION,-11,0.36,2.2363508265151357,0.0431339131591138,0.7307394416223962
2023-07-19 23:59:59,LARGE_ALT_ROTATION,-10,0.364,2.3280569040878722,0.04305293549169421,0.7315810896522841
2023-07-19 23:59:59,LARGE_ALT_ROTATION,-9,0.762,3.1804807644056794,0.03391226675799035,0.7296396898507069
2023-07-19 23:59:59,LARGE_ALT_ROTATION,-8,0.742,2.452200510333253,0.03401451874633064,0.7302504743189588
2023-07-19 23:59:59,LARGE_ALT_ROTATION,-7,0.0,,0.033687388999536806,0.7307108839077066
2023-07-19 23:59:59,LARGE_ALT_ROTATION,-6,0.824,1.3446123527537766,0.036285756811531567,0.7154782260197752
2023-07-19 23:59:59,LARGE_ALT_ROTATION,-5,0.82,0.9051256067688279,0.03612477410400462,0.7155726861222258
2023-07-19 23:59:59,LARGE_ALT_ROTATION,-4,0.788,1.8783994864551234,0.035558912117721664,0.7142647085900189
2023-07-19 23:59:59,LARGE_ALT_ROTATION,-3,0.768,0.5689167202675045,0.035723111849133626,0.7168125967366268
2023-07-19 23:59:59,LARGE_ALT_ROTATION,-2,0.73,1.8300269294517229,0.035508330654678844,0.7166932493857425
2023-07-19 23:59:59,LARGE_ALT_ROTATION,-1,0.736,2.4040688318119963,0.03599567647323864,0.7164142746742758
2023-07-19 23:59:59,LARGE_ALT_ROTATION,0,0.72,1.9297456328023024,0.03591949998438601,0.7145584736162077
2023-07-19 23:59:59,LARGE_ALT_ROTATION,1,0.646,1.5946212502760984,0.035325475391476846,0.7120111047184883
2023-07-19 23:59:59,LARGE_ALT_ROTATION,2,0.542,2.7071880515436484,0.03448431155012596,0.7123541417270332
2023-07-19 23:59:59,LARGE_ALT_ROTATION,3,0.458,2.568866170013865,0.033918117212924065,0.7158195387525936
2023-07-19 23:59:59,LARGE_ALT_ROTATION,4,0.0,,0.03464998405128125,0.7136344374433363
2023-07-19 23:59:59,LARGE_ALT_ROTATION,5,0.332,0.3950885126074073,0.03402888850054049,0.7163283836119285
2023-07-19 23:59:59,LARGE_ALT_ROTATION,6,0.418,0.44813329214423603,0.03341472085249789,0.7156064064965049
2023-07-19 23:59:59,LARGE_ALT_ROTATION,7,0.384,0.5583691857370052,0.03348232106356938,0.7139761030512254
2023-11-15 23:59:59,LARGE_ALT_ROTATION,-14,0.826,0.38045907722132566,0.032008498279240065,0.7325608837501869
2023-11-15 23:59:59,LARGE_ALT_ROTATION,-13,0.734,0.47721662368729223,0.03228247837626736,0.7327530381605298
2023-11-15 23:59:59,LARGE_ALT_ROTATION,-12,0.838,0.4156222566294457,0.032114483532779965,0.7324228001584008
2023-11-15 23:59:59,LARGE_ALT_ROTATION,-11,0.84,0.44157580998484275,0.03250800589008994,0.7303668115842086
2023-11-15 23:59:59,LARGE_ALT_ROTATION,-10,0.852,0.3372152418336833,0.032881830298007904,0.7310445774687382
2023-11-15 23:59:59,LARGE_ALT_ROTATION,-9,0.866,0.39848409842080973,0.033243377615872906,0.7293797035304718
2023-11-15 23:59:59,LARGE_ALT_ROTATION,-8,0.856,0.6770920861092179,0.033173958827261596,0.7251565293952317
2023-11-15 23:59:59,LARGE_ALT_ROTATION,-7,0.864,0.3386679795015271,0.03352148662660619,0.7185411048643546
2023-11-15 23:59:59,LARGE_ALT_ROTATION,-6,0.864,0.34877383405471296,0.03415286905980127,0.7217820145831908
2023-11-15 23:59:59,LARGE_ALT_ROTATION,-5,0.882,0.3609211498232078,0.03304689129137746,0.7189272555127629
2023-11-15 23:59:59,LARGE_ALT_ROTATION,-4,0.878,0.42532280198890277,0.03451549924364483,0.7258957721913817
2023-11-15 23:59:59,LARGE_ALT_ROTATION,-3,0.874,0.4454396119970925,0.036334041883502116,0.7184989102761322
2023-11-15 23:59:59,LARGE_ALT_ROTATION,-2,0.878,0.4699336493620892,0.036935103123191204,0.7165508676055676
2023-11-15 23:59:59,LARGE_ALT_ROTATION,-1,0.87,0.42533774041437006,0.03876176767015324,0.7203585265108184
2023-11-15 23:59:59,LARGE_ALT_ROTATION,0,0.876,1.2967116766177125,0.03984273825717788,0.7165720776204423
2023-11-15 23:59:59,LARGE_ALT_ROTATION,1,0.0,,0.04082501278514149,0.7153013618362344
2023-11-15 23:59:59,LARGE_ALT_ROTATION,2,0.868,1.4022470566967449,0.04003745525569857,0.7160730027246972
2023-11-15 23:59:59,LARGE_ALT_ROTATION,3,0.872,0.8497322352045963,0.040219965665624836,0.7184862685889047
2023-11-15 23:59:59,LARGE_ALT_ROTATION,4,0.866,0.5612207310561383,0.0404241068831184,0.7178190655095071
2023-11-15 23:59:59,LARGE_ALT_ROTATION,5,0.848,0.4146273110553954,0.04071168015829471,0.7210815255565912
2023-11-15 23:59:59,LARGE_ALT_ROTATION,6,0.812,0.4105738374209019,0.04469610651704868,0.7252782869965945
2023-11-15 23:59:59,LARGE_ALT_ROTATION,7,0.806,0.4509509539059085,0.045048322635977446,0.7231020398048861
2023-11-20 23:59:59,BROAD_RISK_EXPANSION,-14,0.866,0.39848409842080973,0.033243377615872906,0.7293797035304718
2023-11-20 23:59:59,BROAD_RISK_EXPANSION,-13,0.856,0.6770920861092179,0.033173958827261596,0.7251565293952317
2023-11-20 23:59:59,BROAD_RISK_EXPANSION,-12,0.864,0.3386679795015271,0.03352148662660619,0.7185411048643546
2023-11-20 23:59:59,BROAD_RISK_EXPANSION,-11,0.864,0.34877383405471296,0.03415286905980127,0.7217820145831908
2023-11-20 23:59:59,BROAD_RISK_EXPANSION,-10,0.882,0.3609211498232078,0.03304689129137746,0.7189272555127629
2023-11-20 23:59:59,BROAD_RISK_EXPANSION,-9,0.878,0.42532280198890277,0.03451549924364483,0.7258957721913817
2023-11-20 23:59:59,BROAD_RISK_EXPANSION,-8,0.874,0.4454396119970925,0.036334041883502116,0.7184989102761322
2023-11-20 23:59:59,BROAD_RISK_EXPANSION,-7,0.878,0.4699336493620892,0.036935103123191204,0.7165508676055676
2023-11-20 23:59:59,BROAD_RISK_EXPANSION,-6,0.87,0.42533774041437006,0.03876176767015324,0.7203585265108184
2023-11-20 23:59:59,BROAD_RISK_EXPANSION,-5,0.876,1.2967116766177125,0.03984273825717788,0.7165720776204423
2023-11-20 23:59:59,BROAD_RISK_EXPANSION,-4,0.0,,0.04082501278514149,0.7153013618362344
2023-11-20 23:59:59,BROAD_RISK_EXPANSION,-3,0.868,1.4022470566967449,0.04003745525569857,0.7160730027246972
2023-11-20 23:59:59,BROAD_RISK_EXPANSION,-2,0.872,0.8497322352045963,0.040219965665624836,0.7184862685889047
2023-11-20 23:59:59,BROAD_RISK_EXPANSION,-1,0.866,0.5612207310561383,0.0404241068831184,0.7178190655095071
2023-11-20 23:59:59,BROAD_RISK_EXPANSION,0,0.848,0.4146273110553954,0.04071168015829471,0.7210815255565912
2023-11-20 23:59:59,BROAD_RISK_EXPANSION,1,0.812,0.4105738374209019,0.04469610651704868,0.7252782869965945
2023-11-20 23:59:59,BROAD_RISK_EXPANSION,2,0.806,0.4509509539059085,0.045048322635977446,0.7231020398048861
2023-11-20 23:59:59,BROAD_RISK_EXPANSION,3,0.804,0.45352268550316155,0.04548321440303203,0.721639460165762
2023-11-20 23:59:59,BROAD_RISK_EXPANSION,4,0.818,0.45794680228078455,0.04563151588187838,0.7188278339332517
2023-11-20 23:59:59,BROAD_RISK_EXPANSION,5,0.796,0.49420902539331146,0.04610136694080594,0.7191184430515245
2023-11-20 23:59:59,BROAD_RISK_EXPANSION,6,0.768,0.4411694734850067,0.04676752723970021,0.7219458591696198
2023-11-20 23:59:59,BROAD_RISK_EXPANSION,7,0.766,0.45302997293436303,0.046609329034937134,0.7212402563217405
2023-12-03 23:59:59,BROAD_RISK_EXPANSION,-14,0.872,0.8497322352045963,0.040219965665624836,0.7184862685889047
2023-12-03 23:59:59,BROAD_RISK_EXPANSION,-13,0.866,0.5612207310561383,0.0404241068831184,0.7178190655095071
2023-12-03 23:59:59,BROAD_RISK_EXPANSION,-12,0.848,0.4146273110553954,0.04071168015829471,0.7210815255565912
2023-12-03 23:59:59,BROAD_RISK_EXPANSION,-11,0.812,0.4105738374209019,0.04469610651704868,0.7252782869965945
2023-12-03 23:59:59,BROAD_RISK_EXPANSION,-10,0.806,0.4509509539059085,0.045048322635977446,0.7231020398048861
2023-12-03 23:59:59,BROAD_RISK_EXPANSION,-9,0.804,0.45352268550316155,0.04548321440303203,0.721639460165762
2023-12-03 23:59:59,BROAD_RISK_EXPANSION,-8,0.818,0.45794680228078455,0.04563151588187838,0.7188278339332517
2023-12-03 23:59:59,BROAD_RISK_EXPANSION,-7,0.796,0.49420902539331146,0.04610136694080594,0.7191184430515245
2023-12-03 23:59:59,BROAD_RISK_EXPANSION,-6,0.768,0.4411694734850067,0.04676752723970021,0.7219458591696198
2023-12-03 23:59:59,BROAD_RISK_EXPANSION,-5,0.766,0.45302997293436303,0.046609329034937134,0.7212402563217405
2023-12-03 23:59:59,BROAD_RISK_EXPANSION,-4,0.734,0.4906090897277959,0.046563455324679995,0.7213739283628241
2023-12-03 23:59:59,BROAD_RISK_EXPANSION,-3,0.752,0.4881940306922676,0.04621893500278104,0.720553576923013
2023-12-03 23:59:59,BROAD_RISK_EXPANSION,-2,0.742,0.4876055891325451,0.046299882482382475,0.7217416712815716
2023-12-03 23:59:59,BROAD_RISK_EXPANSION,-1,0.786,0.5970762591228089,0.04666945201001075,0.7215120086454218
2023-12-03 23:59:59,BROAD_RISK_EXPANSION,0,0.77,0.6542672816609443,0.04664824040903078,0.723549528649282
2023-12-03 23:59:59,BROAD_RISK_EXPANSION,1,0.77,0.734271132464117,0.04712974506289925,0.7271470694046095
2023-12-03 23:59:59,BROAD_RISK_EXPANSION,2,0.796,0.7535075426664766,0.04755101382340379,0.7327963839201416
2023-12-03 23:59:59,BROAD_RISK_EXPANSION,3,0.788,0.669044624549289,0.04826689771106133,0.7280234669748862
2023-12-03 23:59:59,BROAD_RISK_EXPANSION,4,0.764,0.7141234909591188,0.0480891215317167,0.72184664631972
2023-12-03 23:59:59,BROAD_RISK_EXPANSION,5,0.762,0.5225122588268634,0.04718922056782678,0.7209133198881225
2023-12-03 23:59:59,BROAD_RISK_EXPANSION,6,0.0,,0.047455421191931135,0.7164571343618225
2023-12-03 23:59:59,BROAD_RISK_EXPANSION,7,0.626,0.427837017641286,0.04807668750871193,0.7120162526721598
2023-12-31 23:59:59,BROAD_RISK_EXPANSION,-14,0.706,0.5617980665068268,0.046464602827795985,0.7086267113552722
2023-12-31 23:59:59,BROAD_RISK_EXPANSION,-13,0.668,0.5136573278276173,0.04729133268968867,0.7097080636556493
2023-12-31 23:59:59,BROAD_RISK_EXPANSION,-12,0.664,0.5488784282149763,0.047727806084814806,0.7126325968984519
2023-12-31 23:59:59,BROAD_RISK_EXPANSION,-11,0.624,0.49705566499247067,0.047392625247049264,0.7121569536457779
2023-12-31 23:59:59,BROAD_RISK_EXPANSION,-10,0.676,0.5495175403026111,0.04752105776444553,0.709633135728499
2023-12-31 23:59:59,BROAD_RISK_EXPANSION,-9,0.8,0.5216164180468716,0.043044782781539545,0.7041438897536065
2023-12-31 23:59:59,BROAD_RISK_EXPANSION,-8,0.77,0.4986557983296675,0.042320062236716804,0.7035436289505816
2023-12-31 23:59:59,BROAD_RISK_EXPANSION,-7,0.0,,0.041769271653375385,0.6996483638371229
2023-12-31 23:59:59,BROAD_RISK_EXPANSION,-6,0.726,0.551232371845767,0.0416574611331772,0.6967304362841201
2023-12-31 23:59:59,BROAD_RISK_EXPANSION,-5,0.726,0.5601946108620549,0.04181941651190507,0.6928721227234911
2023-12-31 23:59:59,BROAD_RISK_EXPANSION,-4,0.736,0.5612453986353491,0.04187710824312731,0.6902490727768301
2023-12-31 23:59:59,BROAD_RISK_EXPANSION,-3,0.796,0.5569235148618178,0.0422238926368889,0.691798691427677
2023-12-31 23:59:59,BROAD_RISK_EXPANSION,-2,0.746,0.49099692888162016,0.04373524273108312,0.6907815253957059
2023-12-31 23:59:59,BROAD_RISK_EXPANSION,-1,0.734,0.47932659915615694,0.04382492752885536,0.6915642866890517
2023-12-31 23:59:59,BROAD_RISK_EXPANSION,0,0.712,0.4384771755219881,0.04430981958928623,0.6932812891685338
2023-12-31 23:59:59,BROAD_RISK_EXPANSION,1,0.716,0.4388203710506902,0.04504578866828175,0.6934152753696788
2023-12-31 23:59:59,BROAD_RISK_EXPANSION,2,0.55,0.42176810843866264,0.049676183932050304,0.6994853829047126
2023-12-31 23:59:59,BROAD_RISK_EXPANSION,3,0.0,,0.05017761218589821,0.7051915113519253
2023-12-31 23:59:59,BROAD_RISK_EXPANSION,4,0.444,0.39133069701066314,0.049867538525248806,0.7097225060054417
2023-12-31 23:59:59,BROAD_RISK_EXPANSION,5,0.33,0.3636322017708356,0.050788847841846396,0.7148036807167708
2023-12-31 23:59:59,BROAD_RISK_EXPANSION,6,0.352,0.5475689920987631,0.05168719961859736,0.7188973472598367
2023-12-31 23:59:59,BROAD_RISK_EXPANSION,7,0.0,,0.053788892635535435,0.7132889533134343
2024-01-18 23:59:59,ETH_BROADENING,-14,0.712,0.4384771755219881,0.04430981958928623,0.6932812891685338
2024-01-18 23:59:59,ETH_BROADENING,-13,0.716,0.4388203710506902,0.04504578866828175,0.6934152753696788
2024-01-18 23:59:59,ETH_BROADENING,-12,0.55,0.42176810843866264,0.049676183932050304,0.6994853829047126
2024-01-18 23:59:59,ETH_BROADENING,-11,0.0,,0.05017761218589821,0.7051915113519253
2024-01-18 23:59:59,ETH_BROADENING,-10,0.444,0.39133069701066314,0.049867538525248806,0.7097225060054417
2024-01-18 23:59:59,ETH_BROADENING,-9,0.33,0.3636322017708356,0.050788847841846396,0.7148036807167708
2024-01-18 23:59:59,ETH_BROADENING,-8,0.352,0.5475689920987631,0.05168719961859736,0.7188973472598367
2024-01-18 23:59:59,ETH_BROADENING,-7,0.0,,0.053788892635535435,0.7132889533134343
2024-01-18 23:59:59,ETH_BROADENING,-6,0.564,0.46143058360781186,0.05185834916688185,0.7009092837455634
2024-01-18 23:59:59,ETH_BROADENING,-5,0.414,0.43285247827827017,0.05215886464496221,0.7094577225048422
2024-01-18 23:59:59,ETH_BROADENING,-4,0.396,0.3791788062362882,0.052435435022716505,0.7064697586126961
2024-01-18 23:59:59,ETH_BROADENING,-3,0.424,0.3667442750268833,0.05205902771806185,0.7054318758050998
2024-01-18 23:59:59,ETH_BROADENING,-2,0.526,0.38277295973610104,0.051171990177824506,0.7068206875581884
2024-01-18 23:59:59,ETH_BROADENING,-1,0.5,0.34168332546577107,0.051179703930709024,0.7062099211210939
2024-01-18 23:59:59,ETH_BROADENING,0,0.394,0.32549468191138037,0.05140221779984211,0.7072916653370426
2024-01-18 23:59:59,ETH_BROADENING,1,0.352,0.32783409011651543,0.050883203358457516,0.704882026702157
2024-01-18 23:59:59,ETH_BROADENING,2,0.34,0.2842780285843795,0.05030740174374652,0.7033607086589942
2024-01-18 23:59:59,ETH_BROADENING,3,0.238,0.2815444357125872,0.0504018486955368,0.6736886918058218
2024-01-18 23:59:59,ETH_BROADENING,4,0.206,0.24233710561990854,0.05082115004326965,0.7040555853599677
2024-01-18 23:59:59,ETH_BROADENING,5,0.174,0.23780908760226377,0.0501957327313122,0.7097248279468713
2024-01-18 23:59:59,ETH_BROADENING,6,0.18,0.23386216893268008,0.04936759624996865,0.7077093915461123
2024-01-18 23:59:59,ETH_BROADENING,7,0.178,0.23015978471448836,0.048421838138185486,0.7086792093678992
2024-03-16 23:59:59,MID_CAP_ROTATION,-14,0.852,0.578385259528278,0.040478241843609285,0.7105184890488065
2024-03-16 23:59:59,MID_CAP_ROTATION,-13,0.85,0.6268906690244422,0.04157204109950054,0.7135904869278371
2024-03-16 23:59:59,MID_CAP_ROTATION,-12,0.844,0.6656579447171705,0.042612428723947174,0.7201915496549013
2024-03-16 23:59:59,MID_CAP_ROTATION,-11,0.832,0.6590986264071133,0.04603446281615327,0.7202908065480469
2024-03-16 23:59:59,MID_CAP_ROTATION,-10,0.84,0.7945373270740193,0.04760000320698658,0.7172344856260155
2024-03-16 23:59:59,MID_CAP_ROTATION,-9,0.844,0.8036544073307199,0.04843143774124506,0.7124320579542349
2024-03-16 23:59:59,MID_CAP_ROTATION,-8,0.84,0.9353474093184052,0.0486525369084628,0.7121992874010142
2024-03-16 23:59:59,MID_CAP_ROTATION,-7,0.836,1.00831624130115,0.04979006820097348,0.7094204755473793
2024-03-16 23:59:59,MID_CAP_ROTATION,-6,0.82,0.8735778654496462,0.05067230514753096,0.7106351982505873
2024-03-16 23:59:59,MID_CAP_ROTATION,-5,0.826,0.8785210158896513,0.051469972647982316,0.7107193283605072
2024-03-16 23:59:59,MID_CAP_ROTATION,-4,0.826,0.8395926012691968,0.05175231703183527,0.7085454969843832
2024-03-16 23:59:59,MID_CAP_ROTATION,-3,0.822,0.8482257670605353,0.05243691365301724,0.7046379648613323
2024-03-16 23:59:59,MID_CAP_ROTATION,-2,0.808,0.8899700157937015,0.053018366017607496,0.7016741732432146
2024-03-16 23:59:59,MID_CAP_ROTATION,-1,0.756,0.7529254607502868,0.054242179840060675,0.7014565029688336
2024-03-16 23:59:59,MID_CAP_ROTATION,0,0.73,0.6337302832385583,0.05679387004250916,0.7035616438272382
2024-03-16 23:59:59,MID_CAP_ROTATION,1,0.742,0.7423185402933181,0.05679679095303372,0.7006319093464904
2024-03-16 23:59:59,MID_CAP_ROTATION,2,0.714,0.6421595919787528,0.057783369500802366,0.7042859002100776
2024-03-16 23:59:59,MID_CAP_ROTATION,3,0.59,0.5783201368296793,0.06056562250397421,0.7039750270979003
2024-03-16 23:59:59,MID_CAP_ROTATION,4,0.698,0.6672897834982073,0.06282378683360075,0.7034949713458346
2024-03-16 23:59:59,MID_CAP_ROTATION,5,0.712,0.6043928433092187,0.06285523692496776,0.701059467887597
2024-03-16 23:59:59,MID_CAP_ROTATION,6,0.704,0.6132379159923995,0.06287534111175888,0.6990825972829391
2024-03-16 23:59:59,MID_CAP_ROTATION,7,0.692,0.6138653101899735,0.06292310247327862,0.6973053853169111
2024-09-10 23:59:59,LARGE_ALT_ROTATION,-14,0.122,0.17226919919799621,0.056434512361193456,0.7525164588344115
2024-09-10 23:59:59,LARGE_ALT_ROTATION,-13,0.108,0.17201677557408904,0.056391207298359426,0.7534736083103935
2024-09-10 23:59:59,LARGE_ALT_ROTATION,-12,0.132,0.17503614496676162,0.056535215789067214,0.7555146029368478
2024-09-10 23:59:59,LARGE_ALT_ROTATION,-11,0.15,0.19401005560645623,0.05619726735496012,0.7550364365882829
2024-09-10 23:59:59,LARGE_ALT_ROTATION,-10,0.0,,0.05525910001759123,0.7564358329290627
2024-09-10 23:59:59,LARGE_ALT_ROTATION,-9,0.18,0.1807738311323195,0.05292010911532007,0.7584698802482144
2024-09-10 23:59:59,LARGE_ALT_ROTATION,-8,0.338,0.18248484311453675,0.052782816085796186,0.7264280340221351
2024-09-10 23:59:59,LARGE_ALT_ROTATION,-7,0.394,0.18106324312047936,0.052857309205610964,0.7613134953440821
2024-09-10 23:59:59,LARGE_ALT_ROTATION,-6,0.688,0.19970046532283417,0.05020076331776738,0.760840346192294
2024-09-10 23:59:59,LARGE_ALT_ROTATION,-5,0.414,0.18798919247948526,0.04890892168158465,0.7589749048956793
2024-09-10 23:59:59,LARGE_ALT_ROTATION,-4,0.432,0.17894092120078786,0.048723545010512355,0.7564078882826099
2024-09-10 23:59:59,LARGE_ALT_ROTATION,-3,0.186,0.17957613742947118,0.0426972459799537,0.7214964595563157
2024-09-10 23:59:59,LARGE_ALT_ROTATION,-2,0.254,0.18572297433202478,0.04329414206644501,0.7201511628417716
2024-09-10 23:59:59,LARGE_ALT_ROTATION,-1,0.312,0.18400449216437265,0.0437103216035124,0.7204221360439389
2024-09-10 23:59:59,LARGE_ALT_ROTATION,0,0.518,0.18974340890639999,0.04189254584656833,0.7206872525922687
2024-09-10 23:59:59,LARGE_ALT_ROTATION,1,0.326,0.18219247541905917,0.04080823322458978,0.720654910013042
2024-09-10 23:59:59,LARGE_ALT_ROTATION,2,0.36,0.1838319619637723,0.04108432198911031,0.7188534848233298
2024-09-10 23:59:59,LARGE_ALT_ROTATION,3,0.524,0.18807214545378734,0.041377674115355645,0.7217535218722545
2024-09-10 23:59:59,LARGE_ALT_ROTATION,4,0.0,,0.04109735929030208,0.7212407283530682
2024-09-10 23:59:59,LARGE_ALT_ROTATION,5,0.476,0.18093282660358276,0.040512085966751134,0.7226264364919859
2024-09-10 23:59:59,LARGE_ALT_ROTATION,6,0.0,,0.040275565625887515,0.9786228383945782
2024-09-10 23:59:59,LARGE_ALT_ROTATION,7,0.472,0.33284368476649834,0.03993346776421408,0.7250970337053725
2024-10-01 23:59:59,BROAD_RISK_EXPANSION,-14,0.472,0.33284368476649834,0.03993346776421408,0.7250970337053725
2024-10-01 23:59:59,BROAD_RISK_EXPANSION,-13,0.474,0.18050666370322505,0.04020771120588393,0.7262353875767211
2024-10-01 23:59:59,BROAD_RISK_EXPANSION,-12,0.58,0.24122148338355712,0.04091400443278756,0.7236776710435217
2024-10-01 23:59:59,BROAD_RISK_EXPANSION,-11,0.522,0.24783660872256386,0.04076210469558071,0.7236706287517185
2024-10-01 23:59:59,BROAD_RISK_EXPANSION,-10,0.582,0.2465824171740965,0.04129252674887361,0.7195957057986746
2024-10-01 23:59:59,BROAD_RISK_EXPANSION,-9,0.252,0.22944318797059823,0.03929814211066503,0.722690074673272
2024-10-01 23:59:59,BROAD_RISK_EXPANSION,-8,0.302,0.2383214426410646,0.03994128762080029,0.7192202138656006
2024-10-01 23:59:59,BROAD_RISK_EXPANSION,-7,0.472,0.22937969495704613,0.040228053219182706,0.7501255861304201
2024-10-01 23:59:59,BROAD_RISK_EXPANSION,-6,0.578,0.23019527378537227,0.03958393069246566,0.7497823009580187
2024-10-01 23:59:59,BROAD_RISK_EXPANSION,-5,0.804,0.25290734918872426,0.03922429498641584,0.7480214672301059
2024-10-01 23:59:59,BROAD_RISK_EXPANSION,-4,0.844,0.26514231550868245,0.03966388416362737,0.7460777402300136
2024-10-01 23:59:59,BROAD_RISK_EXPANSION,-3,0.822,0.2645255572119928,0.03985785493781666,0.7472601139640191
2024-10-01 23:59:59,BROAD_RISK_EXPANSION,-2,0.816,0.2816657774068553,0.03979261350318113,0.7431210444110254
2024-10-01 23:59:59,BROAD_RISK_EXPANSION,-1,0.774,0.2743623904623465,0.04078535122538777,0.748252331377452
2024-10-01 23:59:59,BROAD_RISK_EXPANSION,0,0.728,0.28322099410654217,0.04287940892148733,0.7493366870646538
2024-10-01 23:59:59,BROAD_RISK_EXPANSION,1,0.51,0.267035382522585,0.042612464482440264,0.7519238715645526
2024-10-01 23:59:59,BROAD_RISK_EXPANSION,2,0.622,0.27834096031469646,0.04179040885994709,0.721493851725835
2024-10-01 23:59:59,BROAD_RISK_EXPANSION,3,0.694,0.2936270186323072,0.04235235449172889,0.751242763344038
2024-10-01 23:59:59,BROAD_RISK_EXPANSION,4,0.742,0.3075731902355687,0.041387947162598,0.7520008942683597
2024-10-01 23:59:59,BROAD_RISK_EXPANSION,5,0.792,0.3542148711084855,0.04124665266521469,0.7500989414698589
2024-10-01 23:59:59,BROAD_RISK_EXPANSION,6,0.72,0.32809055861293207,0.04178553929838443,0.7506190583184452
2024-10-01 23:59:59,BROAD_RISK_EXPANSION,7,0.73,0.3287688268829062,0.04168722358904063,0.7183764837931278
2024-10-05 23:59:59,LARGE_ALT_ROTATION,-14,0.582,0.2465824171740965,0.04129252674887361,0.7195957057986746
2024-10-05 23:59:59,LARGE_ALT_ROTATION,-13,0.252,0.22944318797059823,0.03929814211066503,0.722690074673272
2024-10-05 23:59:59,LARGE_ALT_ROTATION,-12,0.302,0.2383214426410646,0.03994128762080029,0.7192202138656006
2024-10-05 23:59:59,LARGE_ALT_ROTATION,-11,0.472,0.22937969495704613,0.040228053219182706,0.7501255861304201
2024-10-05 23:59:59,LARGE_ALT_ROTATION,-10,0.578,0.23019527378537227,0.03958393069246566,0.7497823009580187
2024-10-05 23:59:59,LARGE_ALT_ROTATION,-9,0.804,0.25290734918872426,0.03922429498641584,0.7480214672301059
2024-10-05 23:59:59,LARGE_ALT_ROTATION,-8,0.844,0.26514231550868245,0.03966388416362737,0.7460777402300136
2024-10-05 23:59:59,LARGE_ALT_ROTATION,-7,0.822,0.2645255572119928,0.03985785493781666,0.7472601139640191
2024-10-05 23:59:59,LARGE_ALT_ROTATION,-6,0.816,0.2816657774068553,0.03979261350318113,0.7431210444110254
2024-10-05 23:59:59,LARGE_ALT_ROTATION,-5,0.774,0.2743623904623465,0.04078535122538777,0.748252331377452
2024-10-05 23:59:59,LARGE_ALT_ROTATION,-4,0.728,0.28322099410654217,0.04287940892148733,0.7493366870646538
2024-10-05 23:59:59,LARGE_ALT_ROTATION,-3,0.51,0.267035382522585,0.042612464482440264,0.7519238715645526
2024-10-05 23:59:59,LARGE_ALT_ROTATION,-2,0.622,0.27834096031469646,0.04179040885994709,0.721493851725835
2024-10-05 23:59:59,LARGE_ALT_ROTATION,-1,0.694,0.2936270186323072,0.04235235449172889,0.751242763344038
2024-10-05 23:59:59,LARGE_ALT_ROTATION,0,0.742,0.3075731902355687,0.041387947162598,0.7520008942683597
2024-10-05 23:59:59,LARGE_ALT_ROTATION,1,0.792,0.3542148711084855,0.04124665266521469,0.7500989414698589
2024-10-05 23:59:59,LARGE_ALT_ROTATION,2,0.72,0.32809055861293207,0.04178553929838443,0.7506190583184452
2024-10-05 23:59:59,LARGE_ALT_ROTATION,3,0.73,0.3287688268829062,0.04168722358904063,0.7183764837931278
2024-10-05 23:59:59,LARGE_ALT_ROTATION,4,0.574,0.2891057696799163,0.04160950482901015,0.7178534938525947
2024-10-05 23:59:59,LARGE_ALT_ROTATION,5,0.458,0.31935756377748103,0.041209150267557226,0.7496797894185636
2024-10-05 23:59:59,LARGE_ALT_ROTATION,6,0.602,0.32694260654581186,0.041686284595876845,0.749177749012449
2024-10-05 23:59:59,LARGE_ALT_ROTATION,7,0.576,0.36782080566185427,0.04115392508764467,0.7487782551473275
2024-11-26 23:59:59,LARGE_ALT_ROTATION,-14,0.676,0.2990506262877104,0.050104798844915935,0.7247602797608887
2024-11-26 23:59:59,LARGE_ALT_ROTATION,-13,0.526,0.4122595590533525,0.050489611973926755,0.729883538348702
2024-11-26 23:59:59,LARGE_ALT_ROTATION,-12,0.452,0.3907989829383188,0.051614806218101134,0.7609254780753159
2024-11-26 23:59:59,LARGE_ALT_ROTATION,-11,0.594,0.4907501382831165,0.052764772977670835,0.7237003858176506
2024-11-26 23:59:59,LARGE_ALT_ROTATION,-10,0.744,0.4526124036977353,0.054319199843634855,0.7485590293132273
2024-11-26 23:59:59,LARGE_ALT_ROTATION,-9,0.668,0.4362532887405336,0.05567354032903174,0.747651986307736
2024-11-26 23:59:59,LARGE_ALT_ROTATION,-8,0.72,0.41848455220657166,0.058293207292906685,0.7440197321161915
2024-11-26 23:59:59,LARGE_ALT_ROTATION,-7,0.594,0.4213911490974432,0.05862546507680863,0.7477377868558487
2024-11-26 23:59:59,LARGE_ALT_ROTATION,-6,0.59,0.3845382820503883,0.05888334932451281,0.754346565231742
2024-11-26 23:59:59,LARGE_ALT_ROTATION,-5,0.65,0.4263364078506072,0.06113988975616128,0.7200644556696877
2024-11-26 23:59:59,LARGE_ALT_ROTATION,-4,0.714,0.3644151220752842,0.060612439731178525,0.7443694463697772
2024-11-26 23:59:59,LARGE_ALT_ROTATION,-3,0.73,0.4169088152864508,0.062310752213898916,0.7360556747047148
2024-11-26 23:59:59,LARGE_ALT_ROTATION,-2,0.746,0.4796678256724268,0.05992566410835668,0.703085180073038
2024-11-26 23:59:59,LARGE_ALT_ROTATION,-1,0.806,0.42889021091528645,0.06095870018447297,0.7356688335641769
2024-11-26 23:59:59,LARGE_ALT_ROTATION,0,0.74,0.397682899579217,0.06109078415104527,0.7347220660266662
2024-11-26 23:59:59,LARGE_ALT_ROTATION,1,0.814,0.4711063411688432,0.0634342944129284,0.7347007738608983
2024-11-26 23:59:59,LARGE_ALT_ROTATION,2,0.806,0.4532680982979527,0.06307056182750569,0.7324205968346463
2024-11-26 23:59:59,LARGE_ALT_ROTATION,3,0.828,0.5265161409110368,0.06313782930845585,0.7268322888228024
2024-11-26 23:59:59,LARGE_ALT_ROTATION,4,0.856,0.5972496548166496,0.0620482607352031,0.7226297040337273
2024-11-26 23:59:59,LARGE_ALT_ROTATION,5,0.774,0.6534940041140057,0.062215713460851155,0.6854464472779882
2024-11-26 23:59:59,LARGE_ALT_ROTATION,6,0.846,0.7168377109260082,0.06317850598763185,0.7115570885348309
2024-11-26 23:59:59,LARGE_ALT_ROTATION,7,0.796,0.8196019999103487,0.06441794798847639,0.6997303074282626
2024-12-17 23:59:59,BROAD_RISK_EXPANSION,-14,0.796,0.8196019999103487,0.06441794798847639,0.6997303074282626
2024-12-17 23:59:59,BROAD_RISK_EXPANSION,-13,0.854,0.8241636581729687,0.06388281100799001,0.70513654982641
2024-12-17 23:59:59,BROAD_RISK_EXPANSION,-12,0.782,1.414516090047134,0.06415769346831786,0.6721118520170296
2024-12-17 23:59:59,BROAD_RISK_EXPANSION,-11,0.844,0.7868627888489037,0.06276186377198748,0.6708367157179134
2024-12-17 23:59:59,BROAD_RISK_EXPANSION,-10,0.78,0.8698633554409294,0.06324602308329297,0.7024148812418084
2024-12-17 23:59:59,BROAD_RISK_EXPANSION,-9,0.848,0.9660186083853818,0.06319686701907916,0.6722070919773466
2024-12-17 23:59:59,BROAD_RISK_EXPANSION,-8,0.786,0.7831539442736846,0.07300614832334598,0.6871947340546518
2024-12-17 23:59:59,BROAD_RISK_EXPANSION,-7,0.7,0.7275824055347899,0.07305940947382641,0.6858735877588201
2024-12-17 23:59:59,BROAD_RISK_EXPANSION,-6,0.76,0.5547524473105794,0.07349545677589511,0.6834212754984352
2024-12-17 23:59:59,BROAD_RISK_EXPANSION,-5,0.792,0.5444955857587174,0.07211840362178805,0.681017883932588
2024-12-17 23:59:59,BROAD_RISK_EXPANSION,-4,0.792,0.5951916380185216,0.07111773858377388,0.684111738724129
2024-12-17 23:59:59,BROAD_RISK_EXPANSION,-3,0.798,0.6122986737736544,0.0714929138805138,0.7177174391469667
2024-12-17 23:59:59,BROAD_RISK_EXPANSION,-2,0.698,0.5531766118149688,0.07127899382114478,0.7184549992693909
2024-12-17 23:59:59,BROAD_RISK_EXPANSION,-1,0.77,0.5088870013290474,0.07045069679514313,0.7242079038899012
2024-12-17 23:59:59,BROAD_RISK_EXPANSION,0,0.738,0.4940421921029141,0.07026252066729102,0.7266114603627838
2024-12-17 23:59:59,BROAD_RISK_EXPANSION,1,0.604,0.444273123666316,0.07131935593720747,0.7292863297193863
2024-12-17 23:59:59,BROAD_RISK_EXPANSION,2,0.476,0.46610099811907013,0.07290452734203243,0.702388915280413
2024-12-17 23:59:59,BROAD_RISK_EXPANSION,3,0.634,0.5341284691568143,0.07251666806188747,0.7302927545011216
2024-12-17 23:59:59,BROAD_RISK_EXPANSION,4,0.412,0.41953639737171355,0.07222797594477522,0.7350698380678211
2024-12-17 23:59:59,BROAD_RISK_EXPANSION,5,0.396,0.4421461697661009,0.07162473241278933,0.7331567996245691
2024-12-17 23:59:59,BROAD_RISK_EXPANSION,6,0.376,0.491920887471342,0.07204579316110582,0.6921905606969723
2024-12-17 23:59:59,BROAD_RISK_EXPANSION,7,0.35,0.5315703451551502,0.07070546250517956,0.7244440100173302
2025-05-14 23:59:59,BROAD_RISK_EXPANSION,-14,0.57,0.28834922556316894,0.05214250369469869,0.7548016900926153
2025-05-14 23:59:59,BROAD_RISK_EXPANSION,-13,0.658,0.26841059683343904,0.05122372204212077,0.7276376373759383
2025-05-14 23:59:59,BROAD_RISK_EXPANSION,-12,0.648,0.33282121253574154,0.04932784569238938,0.7570161393507729
2025-05-14 23:59:59,BROAD_RISK_EXPANSION,-11,0.604,0.3127947706699611,0.050575995657767436,0.758628092709874
2025-05-14 23:59:59,BROAD_RISK_EXPANSION,-10,0.65,0.2910919486295745,0.05055697628835796,0.7300122193179573
2025-05-14 23:59:59,BROAD_RISK_EXPANSION,-9,0.564,0.31379950565741915,0.050729477909987136,0.7593763575575893
2025-05-14 23:59:59,BROAD_RISK_EXPANSION,-8,0.824,0.33918239492913616,0.04544102096860497,0.733566918176022
2025-05-14 23:59:59,BROAD_RISK_EXPANSION,-7,0.75,0.3515398364576136,0.045504450197338515,0.7626181461204921
2025-05-14 23:59:59,BROAD_RISK_EXPANSION,-6,0.814,0.4609011261444468,0.04971352398531939,0.7599558991318089
2025-05-14 23:59:59,BROAD_RISK_EXPANSION,-5,0.832,0.37849270163110166,0.04798253824189842,0.7249782913076732
2025-05-14 23:59:59,BROAD_RISK_EXPANSION,-4,0.824,0.46308083218970186,0.0475406341054781,0.750117754936809
2025-05-14 23:59:59,BROAD_RISK_EXPANSION,-3,0.822,0.4143849097658046,0.047818759901694305,0.7537287711561544
2025-05-14 23:59:59,BROAD_RISK_EXPANSION,-2,0.712,0.3677533485009345,0.048257848427103366,0.7161138834470566
2025-05-14 23:59:59,BROAD_RISK_EXPANSION,-1,0.82,0.44646568366744666,0.04603372490608895,0.7478038080014874
2025-05-14 23:59:59,BROAD_RISK_EXPANSION,0,0.806,0.4201499007408457,0.04712970645996234,0.7510562640485886
2025-05-14 23:59:59,BROAD_RISK_EXPANSION,1,0.7,0.38306437525683135,0.04851713492153155,0.7579089608050844
2025-05-14 23:59:59,BROAD_RISK_EXPANSION,2,0.788,0.3772076791368727,0.048839012012801594,0.7585288830391328
2025-05-14 23:59:59,BROAD_RISK_EXPANSION,3,0.682,0.3288673261947202,0.04876994977392678,0.7605769037474567
2025-05-14 23:59:59,BROAD_RISK_EXPANSION,4,0.764,0.39332342616761756,0.04904793507766286,0.7590124721441683
2025-05-14 23:59:59,BROAD_RISK_EXPANSION,5,0.676,0.36405809091770985,0.049442955326625924,0.729498000874027
2025-05-14 23:59:59,BROAD_RISK_EXPANSION,6,0.786,0.33378895284617,0.04947192819800113,0.730547751175502
2025-05-14 23:59:59,BROAD_RISK_EXPANSION,7,0.752,0.3739468154450466,0.0493064020074396,0.7629338261559908
2025-07-17 23:59:59,ETH_BROADENING,-14,0.148,0.1632205806453855,0.04482211966750364,0.7452160577148328
2025-07-17 23:59:59,ETH_BROADENING,-13,0.176,0.14183317467320017,0.044787235523282724,0.7469354873375202
2025-07-17 23:59:59,ETH_BROADENING,-12,0.218,0.1678807187331657,0.044124330474019535,0.7819306586234243
2025-07-17 23:59:59,ETH_BROADENING,-11,0.224,0.17858399711925893,0.0437898342760665,0.7805478842987268
2025-07-17 23:59:59,ETH_BROADENING,-10,0.166,0.17336837714215558,0.043326225526218634,0.7806119019687192
2025-07-17 23:59:59,ETH_BROADENING,-9,0.174,0.1830350225169493,0.043539924811474326,0.7797615252578475
2025-07-17 23:59:59,ETH_BROADENING,-8,0.17,0.2024121576217463,0.04300201070410478,0.7782926689814322
2025-07-17 23:59:59,ETH_BROADENING,-7,0.194,0.27159057132781017,0.04450420289601761,0.7775222051576105
2025-07-17 23:59:59,ETH_BROADENING,-6,0.316,0.18769732646883008,0.04379993457857273,0.7760354511978294
2025-07-17 23:59:59,ETH_BROADENING,-5,0.544,0.18619463102979242,0.042697069339375116,0.7761297794409215
2025-07-17 23:59:59,ETH_BROADENING,-4,0.67,0.19110876660922785,0.0425985601757499,0.7757139857206938
2025-07-17 23:59:59,ETH_BROADENING,-3,0.67,0.20516177804527522,0.04276525971052782,0.7769988681572729
2025-07-17 23:59:59,ETH_BROADENING,-2,0.624,0.22983808409032216,0.04297765886840281,0.7736400492141795
2025-07-17 23:59:59,ETH_BROADENING,-1,0.74,0.2927087041529315,0.043467054954330564,0.773262545436755
2025-07-17 23:59:59,ETH_BROADENING,0,0.688,0.28067020521340713,0.042454438514888344,0.7729370587389086
2025-07-17 23:59:59,ETH_BROADENING,1,0.706,0.259292044194024,0.04257849237743424,0.7337451791034788
2025-07-17 23:59:59,ETH_BROADENING,2,0.804,0.2662800200735841,0.042982634755010976,0.7695871017670264
2025-07-17 23:59:59,ETH_BROADENING,3,0.82,0.31662807297178297,0.0430764950106924,0.7656850604631252
2025-07-17 23:59:59,ETH_BROADENING,4,0.85,0.3532229957557164,0.042190954920249366,0.7633408630813927
2025-07-17 23:59:59,ETH_BROADENING,5,0.758,0.3818187793321525,0.04086322467075146,0.7639645251300944
2025-07-17 23:59:59,ETH_BROADENING,6,0.836,0.29666125960731543,0.04143876955671616,0.7315748371827382
2025-07-17 23:59:59,ETH_BROADENING,7,0.796,0.28590533668195156,0.04176481074753181,0.7708570630126947
2025-07-28 23:59:59,BROAD_RISK_EXPANSION,-14,0.67,0.20516177804527522,0.04276525971052782,0.7769988681572729
2025-07-28 23:59:59,BROAD_RISK_EXPANSION,-13,0.624,0.22983808409032216,0.04297765886840281,0.7736400492141795
2025-07-28 23:59:59,BROAD_RISK_EXPANSION,-12,0.74,0.2927087041529315,0.043467054954330564,0.773262545436755
2025-07-28 23:59:59,BROAD_RISK_EXPANSION,-11,0.688,0.28067020521340713,0.042454438514888344,0.7729370587389086
2025-07-28 23:59:59,BROAD_RISK_EXPANSION,-10,0.706,0.259292044194024,0.04257849237743424,0.7337451791034788
2025-07-28 23:59:59,BROAD_RISK_EXPANSION,-9,0.804,0.2662800200735841,0.042982634755010976,0.7695871017670264
2025-07-28 23:59:59,BROAD_RISK_EXPANSION,-8,0.82,0.31662807297178297,0.0430764950106924,0.7656850604631252
2025-07-28 23:59:59,BROAD_RISK_EXPANSION,-7,0.85,0.3532229957557164,0.042190954920249366,0.7633408630813927
2025-07-28 23:59:59,BROAD_RISK_EXPANSION,-6,0.758,0.3818187793321525,0.04086322467075146,0.7639645251300944
2025-07-28 23:59:59,BROAD_RISK_EXPANSION,-5,0.836,0.29666125960731543,0.04143876955671616,0.7315748371827382
2025-07-28 23:59:59,BROAD_RISK_EXPANSION,-4,0.796,0.28590533668195156,0.04176481074753181,0.7708570630126947
2025-07-28 23:59:59,BROAD_RISK_EXPANSION,-3,0.794,0.33000108132211586,0.041363797850965583,0.7671288282172605
2025-07-28 23:59:59,BROAD_RISK_EXPANSION,-2,0.728,0.3569497698310614,0.04096025769306634,0.7667134239663131
2025-07-28 23:59:59,BROAD_RISK_EXPANSION,-1,0.804,0.3511424972226286,0.04137455505788543,0.7656889080977852
2025-07-28 23:59:59,BROAD_RISK_EXPANSION,0,0.752,0.29646430979323524,0.04354672532306899,0.7683673644154427
2025-07-28 23:59:59,BROAD_RISK_EXPANSION,1,0.712,0.2959314697325531,0.043275902873637376,0.7694295875488145
2025-07-28 23:59:59,BROAD_RISK_EXPANSION,2,0.718,0.2949167253713835,0.042392967058607844,0.771253311258253
2025-07-28 23:59:59,BROAD_RISK_EXPANSION,3,0.734,0.28797894699942395,0.04252265437071738,0.7713264713779263
2025-07-28 23:59:59,BROAD_RISK_EXPANSION,4,0.49,0.24715859436650647,0.041540521830490756,0.7710417455820177
2025-07-28 23:59:59,BROAD_RISK_EXPANSION,5,0.414,0.23840758873556792,0.041974775355021414,0.7717552645901871
2025-07-28 23:59:59,BROAD_RISK_EXPANSION,6,0.6,0.2755217117764251,0.041521665024403555,0.7713148381340558
2025-07-28 23:59:59,BROAD_RISK_EXPANSION,7,0.71,0.2830497426651163,0.04211148694987983,0.7699259688176305
2025-08-10 23:59:59,BROAD_RISK_EXPANSION,-14,0.804,0.3511424972226286,0.04137455505788543,0.7656889080977852
2025-08-10 23:59:59,BROAD_RISK_EXPANSION,-13,0.752,0.29646430979323524,0.04354672532306899,0.7683673644154427
2025-08-10 23:59:59,BROAD_RISK_EXPANSION,-12,0.712,0.2959314697325531,0.043275902873637376,0.7694295875488145
2025-08-10 23:59:59,BROAD_RISK_EXPANSION,-11,0.718,0.2949167253713835,0.042392967058607844,0.771253311258253
2025-08-10 23:59:59,BROAD_RISK_EXPANSION,-10,0.734,0.28797894699942395,0.04252265437071738,0.7713264713779263
2025-08-10 23:59:59,BROAD_RISK_EXPANSION,-9,0.49,0.24715859436650647,0.041540521830490756,0.7710417455820177
2025-08-10 23:59:59,BROAD_RISK_EXPANSION,-8,0.414,0.23840758873556792,0.041974775355021414,0.7717552645901871
2025-08-10 23:59:59,BROAD_RISK_EXPANSION,-7,0.6,0.2755217117764251,0.041521665024403555,0.7713148381340558
2025-08-10 23:59:59,BROAD_RISK_EXPANSION,-6,0.71,0.2830497426651163,0.04211148694987983,0.7699259688176305
2025-08-10 23:59:59,BROAD_RISK_EXPANSION,-5,0.57,0.27248636278275934,0.04268848452443451,0.7321968281565021
2025-08-10 23:59:59,BROAD_RISK_EXPANSION,-4,0.62,0.2925826181117645,0.0426373362560776,0.7312518619880504
2025-08-10 23:59:59,BROAD_RISK_EXPANSION,-3,0.736,0.3072715162006867,0.04352602111200948,0.7708532626107814
2025-08-10 23:59:59,BROAD_RISK_EXPANSION,-2,0.692,0.2922771832770324,0.04250800168841992,0.7683864820578973
2025-08-10 23:59:59,BROAD_RISK_EXPANSION,-1,0.66,0.27540202598026436,0.04156076203419297,0.7667072441866731
2025-08-10 23:59:59,BROAD_RISK_EXPANSION,0,0.612,0.247423443779298,0.04157857459846577,0.7695354074239155
2025-08-10 23:59:59,BROAD_RISK_EXPANSION,1,0.458,0.25272626298594403,0.04265378398785597,0.7720585440592622
2025-08-10 23:59:59,BROAD_RISK_EXPANSION,2,0.542,0.24855038237086896,0.04349192347195657,0.7697473485294968
2025-08-10 23:59:59,BROAD_RISK_EXPANSION,3,0.592,0.28411181937221697,0.043871150316180545,0.727641726897771
2025-08-10 23:59:59,BROAD_RISK_EXPANSION,4,0.36,0.24542467396071,0.0467152084387408,0.7676982423142672
2025-08-10 23:59:59,BROAD_RISK_EXPANSION,5,0.298,0.22654795526414942,0.04634324742195521,0.7675245445580788
2025-08-10 23:59:59,BROAD_RISK_EXPANSION,6,0.33,0.22474108411818564,0.046080696645026106,0.7659539284625776
2025-08-10 23:59:59,BROAD_RISK_EXPANSION,7,0.264,0.2178415945451803,0.04554263226933508,0.7642222646097884
2025-08-13 23:59:59,ETH_BROADENING,-14,0.718,0.2949167253713835,0.042392967058607844,0.771253311258253
2025-08-13 23:59:59,ETH_BROADENING,-13,0.734,0.28797894699942395,0.04252265437071738,0.7713264713779263
2025-08-13 23:59:59,ETH_BROADENING,-12,0.49,0.24715859436650647,0.041540521830490756,0.7710417455820177
2025-08-13 23:59:59,ETH_BROADENING,-11,0.414,0.23840758873556792,0.041974775355021414,0.7717552645901871
2025-08-13 23:59:59,ETH_BROADENING,-10,0.6,0.2755217117764251,0.041521665024403555,0.7713148381340558
2025-08-13 23:59:59,ETH_BROADENING,-9,0.71,0.2830497426651163,0.04211148694987983,0.7699259688176305
2025-08-13 23:59:59,ETH_BROADENING,-8,0.57,0.27248636278275934,0.04268848452443451,0.7321968281565021
2025-08-13 23:59:59,ETH_BROADENING,-7,0.62,0.2925826181117645,0.0426373362560776,0.7312518619880504
2025-08-13 23:59:59,ETH_BROADENING,-6,0.736,0.3072715162006867,0.04352602111200948,0.7708532626107814
2025-08-13 23:59:59,ETH_BROADENING,-5,0.692,0.2922771832770324,0.04250800168841992,0.7683864820578973
2025-08-13 23:59:59,ETH_BROADENING,-4,0.66,0.27540202598026436,0.04156076203419297,0.7667072441866731
2025-08-13 23:59:59,ETH_BROADENING,-3,0.612,0.247423443779298,0.04157857459846577,0.7695354074239155
2025-08-13 23:59:59,ETH_BROADENING,-2,0.458,0.25272626298594403,0.04265378398785597,0.7720585440592622
2025-08-13 23:59:59,ETH_BROADENING,-1,0.542,0.24855038237086896,0.04349192347195657,0.7697473485294968
2025-08-13 23:59:59,ETH_BROADENING,0,0.592,0.28411181937221697,0.043871150316180545,0.727641726897771
2025-08-13 23:59:59,ETH_BROADENING,1,0.36,0.24542467396071,0.0467152084387408,0.7676982423142672
2025-08-13 23:59:59,ETH_BROADENING,2,0.298,0.22654795526414942,0.04634324742195521,0.7675245445580788
2025-08-13 23:59:59,ETH_BROADENING,3,0.33,0.22474108411818564,0.046080696645026106,0.7659539284625776
2025-08-13 23:59:59,ETH_BROADENING,4,0.264,0.2178415945451803,0.04554263226933508,0.7642222646097884
2025-08-13 23:59:59,ETH_BROADENING,5,0.242,0.23067829707118415,0.04525384828781508,0.724440525613744
2025-08-13 23:59:59,ETH_BROADENING,6,0.174,0.19909766002311777,0.04504415768004081,0.7643244764594685
2025-08-13 23:59:59,ETH_BROADENING,7,0.198,0.2220202654086096,0.045718113812537625,0.7620941457373327
2025-09-02 23:59:59,ETH_BROADENING,-14,0.174,0.19909766002311777,0.04504415768004081,0.7643244764594685
2025-09-02 23:59:59,ETH_BROADENING,-13,0.198,0.2220202654086096,0.045718113812537625,0.7620941457373327
2025-09-02 23:59:59,ETH_BROADENING,-12,0.144,0.2741654422357648,0.04552696161242601,0.7212631876059797
2025-09-02 23:59:59,ETH_BROADENING,-11,0.3,0.28414633988557303,0.04591710628947335,0.7620517421581585
2025-09-02 23:59:59,ETH_BROADENING,-10,0.366,0.29089084289392975,0.04517240296180356,0.7183755560105904
2025-09-02 23:59:59,ETH_BROADENING,-9,0.312,0.2701322695197769,0.044952649307585184,0.7597237184350257
2025-09-02 23:59:59,ETH_BROADENING,-8,0.172,0.24581308125205475,0.047187006993814146,0.7191962475473501
2025-09-02 23:59:59,ETH_BROADENING,-7,0.212,0.2561997228355541,0.04808005297222932,0.7605415793473774
2025-09-02 23:59:59,ETH_BROADENING,-6,0.252,0.2651219713995635,0.046077735658621936,0.7165797316136914
2025-09-02 23:59:59,ETH_BROADENING,-5,0.34,0.2549723906187842,0.04699502644431581,0.756527031603436
2025-09-02 23:59:59,ETH_BROADENING,-4,0.26,0.25073195506034834,0.048115159265205404,0.7543413564082269
2025-09-02 23:59:59,ETH_BROADENING,-3,0.378,0.2648481002125588,0.04728409853937781,0.754282837580078
2025-09-02 23:59:59,ETH_BROADENING,-2,0.448,0.27855211661280294,0.04689043582205146,0.755468644320238
2025-09-02 23:59:59,ETH_BROADENING,-1,0.444,0.27216494327249524,0.04681052549344799,0.7578360274782915
2025-09-02 23:59:59,ETH_BROADENING,0,0.412,0.25521622241936265,0.04658739448927139,0.7554868579714225
2025-09-02 23:59:59,ETH_BROADENING,1,0.352,0.25846363769226416,0.04589244134268281,0.7555347250831576
2025-09-02 23:59:59,ETH_BROADENING,2,0.32,0.27381899677524585,0.04567315492061468,0.7574683365619098
2025-09-02 23:59:59,ETH_BROADENING,3,0.302,0.2841955969760568,0.04506555095706317,0.7555320902351893
2025-09-02 23:59:59,ETH_BROADENING,4,0.238,0.2797326851225496,0.04427465336805176,0.7554627271899322
2025-09-02 23:59:59,ETH_BROADENING,5,0.248,0.2873720228497666,0.044065583205607085,0.7535488135194984
2025-09-02 23:59:59,ETH_BROADENING,6,0.202,0.46822474385808066,0.043863967370930866,0.7516843273008068
2025-09-02 23:59:59,ETH_BROADENING,7,0.206,0.4530122804566416,0.04397682244484981,0.7499896735335889
2026-05-14 23:59:59,MID_CAP_ROTATION,-14,0.652,0.46114838874552855,0.030157287504166005,0.7405465122780783
2026-05-14 23:59:59,MID_CAP_ROTATION,-13,0.632,0.5278002856890642,0.029906808438665916,0.7430113648967335
2026-05-14 23:59:59,MID_CAP_ROTATION,-12,0.702,0.7414262890862607,0.029495533106116315,0.7428207368210975
2026-05-14 23:59:59,MID_CAP_ROTATION,-11,0.69,0.6773820689224331,0.029339354563104547,0.742506861159957
2026-05-14 23:59:59,MID_CAP_ROTATION,-10,0.662,0.6353537971973127,0.029076846413848875,0.7436947870117316
2026-05-14 23:59:59,MID_CAP_ROTATION,-9,0.724,0.7185175644439108,0.029840473412483803,0.7415985443607696
2026-05-14 23:59:59,MID_CAP_ROTATION,-8,0.754,0.8849626711540134,0.030285609445439572,0.7396141630838111
2026-05-14 23:59:59,MID_CAP_ROTATION,-7,0.692,0.6933844797774882,0.029027762544840713,0.7384499824169141
2026-05-14 23:59:59,MID_CAP_ROTATION,-6,0.766,0.6572697914055863,0.029414660600865318,0.7361930129959372
2026-05-14 23:59:59,MID_CAP_ROTATION,-5,0.738,0.6974097162495085,0.030096125680351908,0.7363378079421372
2026-05-14 23:59:59,MID_CAP_ROTATION,-4,0.746,0.5987809277861545,0.03027608992903405,0.7357880884844256
2026-05-14 23:59:59,MID_CAP_ROTATION,-3,0.744,0.6037845987637124,0.030386782138467405,0.7353893713910298
2026-05-14 23:59:59,MID_CAP_ROTATION,-2,0.78,0.559697174828968,0.029535191225848453,0.7356719937162399
2026-05-14 23:59:59,MID_CAP_ROTATION,-1,0.624,0.6364392011034375,0.029522778076794348,0.7345527447667695
2026-05-14 23:59:59,MID_CAP_ROTATION,0,0.69,0.6878184741098701,0.029330297471408546,0.7356654367640281
2026-05-14 23:59:59,MID_CAP_ROTATION,1,0.564,0.5738348757850353,0.031109538660187435,0.7353445778187125
2026-05-14 23:59:59,MID_CAP_ROTATION,2,0.366,0.5489329939114451,0.03041316715118042,0.7350593221948152
2026-05-14 23:59:59,MID_CAP_ROTATION,3,0.302,0.4110267415774642,0.030640977651089973,0.7355619011806058
2026-05-14 23:59:59,MID_CAP_ROTATION,4,0.402,0.4672077661496864,0.02979982262861851,0.7345222381399996
2026-05-14 23:59:59,MID_CAP_ROTATION,5,0.47,0.4076425132280808,0.028976776487557445,0.7360073473585265
2026-05-14 23:59:59,MID_CAP_ROTATION,6,0.438,0.413927800825147,0.028909219816226385,0.7337802577257744
2026-05-14 23:59:59,MID_CAP_ROTATION,7,0.48,0.38627914152433845,0.028804844912165374,0.7331985442185266
2026-06-04 23:59:59,LARGE_ALT_ROTATION,-14,0.48,0.38627914152433845,0.028804844912165374,0.7331985442185266
2026-06-04 23:59:59,LARGE_ALT_ROTATION,-13,0.326,0.40044299590512694,0.029201435244917178,0.7324685546900047
2026-06-04 23:59:59,LARGE_ALT_ROTATION,-12,0.37,0.3262633676002285,0.030118852304398105,0.731744042683767
2026-06-04 23:59:59,LARGE_ALT_ROTATION,-11,0.306,0.32757360934486685,0.029896025383736546,0.7319311602125675
2026-06-04 23:59:59,LARGE_ALT_ROTATION,-10,0.368,0.3097996020664793,0.029721392150401135,0.7332291483041019
2026-06-04 23:59:59,LARGE_ALT_ROTATION,-9,0.294,0.3267191110395955,0.029769193588636767,0.7310416924936157
2026-06-04 23:59:59,LARGE_ALT_ROTATION,-8,0.288,0.35095040088888424,0.029528339048731533,0.7295567750542195
2026-06-04 23:59:59,LARGE_ALT_ROTATION,-7,0.272,0.34293982317287225,0.02955633552210808,0.7296986927591664
2026-06-04 23:59:59,LARGE_ALT_ROTATION,-6,0.284,0.4670251710244182,0.029616241353506552,0.7273034867056736
2026-06-04 23:59:59,LARGE_ALT_ROTATION,-5,0.294,0.5532572726015377,0.029915262294205578,0.7238380027895882
2026-06-04 23:59:59,LARGE_ALT_ROTATION,-4,0.28,0.406098666956695,0.029929446809974378,0.7230232375215339
2026-06-04 23:59:59,LARGE_ALT_ROTATION,-3,0.262,0.43024224323532534,0.029977561248487945,0.7194261878778841
2026-06-04 23:59:59,LARGE_ALT_ROTATION,-2,0.188,0.3994920084463925,0.03229561172545532,0.7167174035720034
2026-06-04 23:59:59,LARGE_ALT_ROTATION,-1,0.2,0.5226984885061102,0.03293032800629573,0.7110993929831895
2026-06-04 23:59:59,LARGE_ALT_ROTATION,0,0.166,0.3513124767813597,0.033921047150920036,0.7173988615989089
2026-06-04 23:59:59,LARGE_ALT_ROTATION,1,0.134,0.3074061674215017,0.03600862600253969,0.7192405470305892
2026-06-04 23:59:59,LARGE_ALT_ROTATION,2,0.142,0.34845209289536744,0.03599965516533187,0.7187829885078177
2026-06-04 23:59:59,LARGE_ALT_ROTATION,3,0.146,0.4036009164058545,0.03529389351614902,0.7190074415572031
2026-06-04 23:59:59,LARGE_ALT_ROTATION,4,0.162,0.4548284350102876,0.035348520957065456,0.7180861704024589
2026-06-04 23:59:59,LARGE_ALT_ROTATION,5,0.14,0.46351632157010203,0.03419091216215005,0.7176257443879076
2026-06-04 23:59:59,LARGE_ALT_ROTATION,6,0.122,0.6044327430384668,0.03405807034298094,0.7201598998396657
2026-06-04 23:59:59,LARGE_ALT_ROTATION,7,0.126,0.7571747505309718,0.03605498422743644,0.7199934537289654
2026-06-29 23:59:59,LARGE_ALT_ROTATION,-14,0.18,0.3551579946374542,0.03646257568149174,0.7202735348234846
2026-06-29 23:59:59,LARGE_ALT_ROTATION,-13,0.188,0.2866463795372035,0.036248527513465745,0.7191871814323338
2026-06-29 23:59:59,LARGE_ALT_ROTATION,-12,0.184,0.26122816251829967,0.036184125364411845,0.7185957019127214
2026-06-29 23:59:59,LARGE_ALT_ROTATION,-11,0.18,0.28881125777957506,0.036459469392805144,0.7179621191015966
2026-06-29 23:59:59,LARGE_ALT_ROTATION,-10,0.192,0.25665845525886904,0.03660586422239423,0.7197163188561664
2026-06-29 23:59:59,LARGE_ALT_ROTATION,-9,0.144,0.24293607372881926,0.037035177942332936,0.7198743816260447
2026-06-29 23:59:59,LARGE_ALT_ROTATION,-8,0.172,0.24789358355042967,0.03658433959480461,0.7191507185501934
2026-06-29 23:59:59,LARGE_ALT_ROTATION,-7,0.162,0.25303788119492193,0.03574892367808573,0.7200624472707915
2026-06-29 23:59:59,LARGE_ALT_ROTATION,-6,0.166,0.24764456027983814,0.03550140683859719,0.72068024051162
2026-06-29 23:59:59,LARGE_ALT_ROTATION,-5,0.136,0.25521779884553136,0.035589906847559576,0.7191597433021306
2026-06-29 23:59:59,LARGE_ALT_ROTATION,-4,0.138,0.2656114953184722,0.03577644160709904,0.7176847658933974
2026-06-29 23:59:59,LARGE_ALT_ROTATION,-3,0.166,0.28160451875577414,0.036619860346769464,0.7165332404434792
2026-06-29 23:59:59,LARGE_ALT_ROTATION,-2,0.168,0.2667720844395581,0.03728464839442498,0.7176889405946494
2026-06-29 23:59:59,LARGE_ALT_ROTATION,-1,0.158,0.22358665868245547,0.03713237337967537,0.7172747634538864
2026-06-29 23:59:59,LARGE_ALT_ROTATION,0,0.182,0.2411431973187961,0.03711325365492253,0.7167277492909294
2026-06-29 23:59:59,LARGE_ALT_ROTATION,1,0.16,0.23612799775344903,0.03745661168520363,0.7150706273663736
2026-06-29 23:59:59,LARGE_ALT_ROTATION,2,0.172,0.20007902486164145,0.037805198883840596,0.7174901458427719
2026-06-29 23:59:59,LARGE_ALT_ROTATION,3,0.252,0.3534766853395756,0.03681344029612734,0.7040473025454227
2026-06-29 23:59:59,LARGE_ALT_ROTATION,4,0.272,0.21027691503726362,0.036664043665009916,0.7044831680468568
2026-06-29 23:59:59,LARGE_ALT_ROTATION,5,0.37,0.23845245269921553,0.035520275909972705,0.7051756182143093
2026-06-29 23:59:59,LARGE_ALT_ROTATION,6,0.558,0.2145348816550754,0.03161274225935495,0.7173449433861124
2026-06-29 23:59:59,LARGE_ALT_ROTATION,7,0.59,0.21261515772643766,0.03124627118222297,0.718351839777659
