time,open,high,low,close,volume
2015-10-11T20:00:00,1.5537800000000002,1.55553,1.53971,1.5457800000000002,0
2015-10-12T20:00:00,1.54556,1.58063,1.54427,1.5760800000000001,0
2015-10-13T20:00:00,1.57578,1.5821,1.5670199999999999,1.56704,0
2015-10-14T20:00:00,1.56694,1.57123,1.54931,1.55142,0
2015-10-15T20:00:00,1.5514000000000001,1.56749,1.5513400000000002,1.56124,0
2015-10-17T20:00:00,1.56403,1.56518,1.56161,1.56436,0
2015-10-18T20:00:00,1.56456,1.57062,1.55016,1.56061,0
2015-10-19T20:00:00,1.56107,1.56565,1.55415,1.56222,0
2015-10-20T20:00:00,1.56231,1.5770499999999998,1.56082,1.57284,0
2015-10-21T20:00:00,1.57274,1.57904,1.53438,1.53651,0
2015-10-22T20:00:00,1.53625,1.53728,1.51886,1.52575,0
2015-10-24T20:00:00,1.5243600000000002,1.52732,1.52333,1.52565,0
2015-10-25T20:00:00,1.52583,1.52738,1.51651,1.5255999999999998,0
2015-10-26T20:00:00,1.52546,1.53766,1.52164,1.5334400000000001,0
2015-10-27T20:00:00,1.5339399999999999,1.55528,1.533,1.53944,0
2015-10-28T20:00:00,1.53946,1.55277,1.53519,1.54986,0
2015-10-29T20:00:00,1.5495299999999999,1.55754,1.54033,1.54142,0
2015-10-31T20:00:00,1.54881,1.5491700000000002,1.54419,1.54496,0
2015-11-01T19:00:00,1.54516,1.54839,1.5373299999999999,1.53878,0
2015-11-02T19:00:00,1.53911,1.5463200000000001,1.52168,1.52473,0
2015-11-03T19:00:00,1.52496,1.5257100000000001,1.5147,1.52236,0
2015-11-04T19:00:00,1.52233,1.52616,1.51623,1.5228000000000002,0
2015-11-05T19:00:00,1.5225499999999998,1.52858,1.51018,1.52389,0
2015-11-07T19:00:00,1.52633,1.52692,1.52434,1.52443,0
2015-11-08T19:00:00,1.5244499999999999,1.52869,1.5215100000000001,1.5259,0
2015-11-09T19:00:00,1.52603,1.52715,1.51737,1.5242200000000001,0
2015-11-10T19:00:00,1.52428,1.5245600000000001,1.51725,1.52259,0
2015-11-11T19:00:00,1.52237,1.52329,1.4984600000000001,1.51495,0
2015-11-12T19:00:00,1.51486,1.51543,1.50415,1.51014,0
2015-11-14T19:00:00,1.50711,1.5093999999999999,1.50393,1.50535,0
2015-11-15T19:00:00,1.50591,1.51368,1.50415,1.50666,0
2015-11-16T19:00:00,1.50651,1.50693,1.49334,1.4963,0
2015-11-17T19:00:00,1.49625,1.50407,1.4954100000000001,1.49919,0
2015-11-18T19:00:00,1.49917,1.49974,1.48745,1.49156,0
2015-11-19T19:00:00,1.49129,1.492,1.47004,1.47041,0
2015-11-21T19:00:00,1.47169,1.47244,1.47048,1.47225,0
2015-11-22T19:00:00,1.47268,1.48269,1.47131,1.47992,0
2015-11-23T19:00:00,1.47986,1.48321,1.4633099999999999,1.46715,0
2015-11-24T19:00:00,1.467,1.46973,1.45847,1.46438,0
2015-11-25T19:00:00,1.46438,1.47167,1.46259,1.46933,0
2015-11-26T19:00:00,1.4693800000000001,1.47587,1.46573,1.47188,0
2015-11-28T19:00:00,1.47248,1.47474,1.47187,1.4731,0
2015-11-29T19:00:00,1.47313,1.4754800000000001,1.45625,1.46155,0
2015-11-30T19:00:00,1.46155,1.46215,1.44913,1.451,0
2015-12-01T19:00:00,1.45092,1.45489,1.44127,1.45297,0
2015-12-02T19:00:00,1.4529,1.4965600000000001,1.43459,1.48941,0
2015-12-03T19:00:00,1.48948,1.49594,1.4764599999999999,1.48106,0
2015-12-05T19:00:00,1.48033,1.48451,1.48031,1.4826,0
2015-12-06T19:00:00,1.48275,1.49455,1.479,1.49299,0
2015-12-07T19:00:00,1.49314,1.5154800000000002,1.49017,1.50789,0
2015-12-08T19:00:00,1.50801,1.53033,1.50458,1.52283,0
2015-12-09T19:00:00,1.5226,1.5232700000000001,1.49531,1.50537,0
2015-12-10T19:00:00,1.5057399999999999,1.5341900000000002,1.50454,1.52915,0
2015-12-12T19:00:00,1.52572,1.53338,1.52556,1.5326,0
2015-12-13T19:00:00,1.53261,1.53321,1.5147,1.51511,0
2015-12-14T19:00:00,1.51513,1.5276800000000001,1.51167,1.5184600000000001,0
2015-12-15T19:00:00,1.51844,1.52318,1.50349,1.50945,0
2015-12-16T19:00:00,1.50945,1.5270700000000001,1.5030999999999999,1.52088,0
2015-12-17T19:00:00,1.52078,1.52363,1.50569,1.5156100000000001,0
2015-12-19T19:00:00,1.5127000000000002,1.51797,1.51267,1.51603,0
2015-12-20T19:00:00,1.51612,1.52541,1.51328,1.51593,0
2015-12-21T19:00:00,1.51596,1.5190700000000001,1.50563,1.51409,0
2015-12-22T19:00:00,1.51409,1.5146899999999999,1.5045,1.5081799999999999,0
2015-12-23T19:00:00,1.50816,1.50925,1.5028299999999999,1.50834,0
2015-12-24T19:00:00,1.50834,1.50922,1.5032100000000002,1.505,0
2015-12-26T19:00:00,1.50227,1.50725,1.50227,1.50556,0
2015-12-27T19:00:00,1.5057800000000001,1.514,1.5057800000000001,1.5123,0
2015-12-28T19:00:00,1.5122,1.51349,1.49447,1.49872,0
2015-12-29T19:00:00,1.49867,1.50278,1.49496,1.50142,0
2015-12-30T19:00:00,1.50139,1.50141,1.4862600000000001,1.4898799999999999,0
2016-01-02T19:00:00,1.49167,1.49203,1.48686,1.48955,0
2016-01-03T19:00:00,1.4898,1.51813,1.48785,1.50659,0
2016-01-04T19:00:00,1.5059399999999998,1.5078,1.4971999999999999,1.50125,0
2016-01-05T19:00:00,1.5013999999999998,1.52948,1.49808,1.52217,0
2016-01-06T19:00:00,1.52215,1.56337,1.52087,1.55769,0
2016-01-07T19:00:00,1.55765,1.5720800000000001,1.53646,1.5706,0
2016-01-09T19:00:00,1.56608,1.58278,1.56608,1.57619,0
2016-01-10T19:00:00,1.5760999999999998,1.57752,1.54496,1.55373,0
2016-01-11T19:00:00,1.5539100000000001,1.57024,1.54426,1.5524,0
2016-01-12T19:00:00,1.5522399999999998,1.5701800000000001,1.534,1.5692599999999999,0
2016-01-13T19:00:00,1.56949,1.5823,1.55026,1.55178,0
2016-01-14T19:00:00,1.55179,1.60754,1.55175,1.58864,0
2016-01-16T19:00:00,1.59514,1.5957599999999998,1.59055,1.59193,0
2016-01-17T19:00:00,1.59164,1.59414,1.57162,1.58463,0
2016-01-18T19:00:00,1.58454,1.59419,1.56116,1.5786,0
2016-01-19T19:00:00,1.57857,1.60526,1.56647,1.56647,0
2016-01-20T19:00:00,1.5662500000000001,1.5879400000000001,1.54488,1.5475400000000001,0
2016-01-21T19:00:00,1.54771,1.5531000000000001,1.5339399999999999,1.5402200000000001,0
2016-01-23T19:00:00,1.5400800000000001,1.54238,1.53915,1.54236,0
2016-01-24T19:00:00,1.54219,1.5644,1.53727,1.56395,0
2016-01-25T19:00:00,1.56364,1.5704500000000001,1.54391,1.5505,0
2016-01-26T19:00:00,1.5507499999999999,1.5586799999999998,1.53476,1.55499,0
2016-01-27T19:00:00,1.5547499999999999,1.55607,1.53045,1.5438399999999999,0
2016-01-28T19:00:00,1.54378,1.5464799999999999,1.52489,1.52816,0
2016-01-30T19:00:00,1.52931,1.533,1.5286300000000002,1.53135,0
2016-01-31T19:00:00,1.53137,1.54406,1.52969,1.53286,0
2016-02-01T19:00:00,1.53262,1.55553,1.52881,1.5539100000000001,0
2016-02-02T19:00:00,1.554,1.56429,1.54204,1.54985,0
2016-02-03T19:00:00,1.54974,1.55858,1.54165,1.55557,0
2016-02-04T19:00:00,1.55553,1.57885,1.55295,1.5781100000000001,0
2016-02-06T19:00:00,1.57535,1.5765500000000001,1.57039,1.5728,0
2016-02-07T19:00:00,1.57275,1.58375,1.56473,1.58124,0
2016-02-08T19:00:00,1.58122,1.61476,1.57944,1.59767,0
2016-02-09T19:00:00,1.59747,1.60595,1.56873,1.5885799999999999,0
2016-02-10T19:00:00,1.5883099999999999,1.62508,1.57915,1.5883099999999999,0
2016-02-11T19:00:00,1.58854,1.5962800000000001,1.58,1.5828799999999998,0
2016-02-13T19:00:00,1.5816400000000002,1.58328,1.5769600000000001,1.57732,0
2016-02-14T19:00:00,1.57728,1.57957,1.55745,1.56373,0
2016-02-15T19:00:00,1.56372,1.575,1.5539,1.5654400000000002,0
2016-02-16T19:00:00,1.5651199999999998,1.5771600000000001,1.54782,1.55019,0
2016-02-17T19:00:00,1.55023,1.56134,1.54715,1.55347,0
2016-02-18T19:00:00,1.55308,1.56925,1.55302,1.55684,0
2016-02-20T19:00:00,1.5529899999999999,1.55824,1.5529899999999999,1.55687,0
2016-02-21T19:00:00,1.55695,1.55796,1.52023,1.52439,0
2016-02-22T19:00:00,1.52432,1.53348,1.5158800000000001,1.53206,0
2016-02-23T19:00:00,1.532,1.5403799999999999,1.5258099999999999,1.53133,0
2016-02-24T19:00:00,1.53126,1.53993,1.52152,1.52321,0
2016-02-25T19:00:00,1.52313,1.53483,1.51723,1.5327,0
2016-02-27T19:00:00,1.53193,1.53457,1.53128,1.53271,0
2016-02-28T19:00:00,1.5324900000000001,1.5383,1.51745,1.52451,0
2016-02-29T19:00:00,1.52461,1.53076,1.51056,1.5144,0
2016-03-01T19:00:00,1.51436,1.51784,1.48817,1.49177,0
2016-03-02T19:00:00,1.4916800000000001,1.49246,1.4815800000000001,1.4877099999999999,0
2016-03-03T19:00:00,1.4876800000000001,1.4922900000000001,1.47375,1.47958,0
2016-03-05T19:00:00,1.48313,1.48386,1.4804300000000001,1.48377,0
2016-03-06T19:00:00,1.48336,1.48529,1.46986,1.47668,0
2016-03-07T19:00:00,1.47622,1.4892,1.47327,1.47969,0
2016-03-08T19:00:00,1.47955,1.48194,1.45945,1.47096,0
2016-03-09T19:00:00,1.47106,1.50855,1.44657,1.49844,0
2016-03-10T19:00:00,1.49914,1.50231,1.4721,1.47347,0
2016-03-12T19:00:00,1.47595,1.4801,1.47474,1.4764,0
2016-03-13T20:00:00,1.4762,1.48205,1.46975,1.47624,0
2016-03-14T20:00:00,1.47631,1.49211,1.47403,1.4883600000000001,0
2016-03-15T20:00:00,1.48801,1.494,1.47969,1.48681,0
2016-03-16T20:00:00,1.48651,1.48774,1.47107,1.47966,0
2016-03-17T20:00:00,1.4800200000000001,1.4847299999999999,1.47497,1.48245,0
2016-03-19T20:00:00,1.48291,1.48528,1.48255,1.4847000000000001,0
2016-03-20T20:00:00,1.48499,1.48981,1.47435,1.48414,0
2016-03-21T20:00:00,1.4840499999999999,1.48517,1.46961,1.47249,0
2016-03-22T20:00:00,1.47245,1.48691,1.46617,1.48363,0
2016-03-23T20:00:00,1.48355,1.49249,1.48252,1.48322,0
2016-03-24T20:00:00,1.48367,1.48857,1.48117,1.48657,0
2016-03-26T20:00:00,1.4848,1.4881,1.48382,1.48712,0
2016-03-27T20:00:00,1.487,1.48843,1.47992,1.48273,0
2016-03-28T20:00:00,1.4825599999999999,1.49052,1.47593,1.4782899999999999,0
2016-03-29T20:00:00,1.47794,1.48328,1.47142,1.47972,0
2016-03-30T20:00:00,1.47966,1.48669,1.47688,1.48367,0
2016-03-31T20:00:00,1.48343,1.49737,1.47789,1.48277,0
2016-04-02T20:00:00,1.48535,1.48629,1.48332,1.48613,0
2016-04-03T20:00:00,1.48629,1.49925,1.48533,1.49878,0
2016-04-04T20:00:00,1.49871,1.51565,1.49212,1.50837,0
2016-04-05T20:00:00,1.50841,1.5106000000000002,1.49682,1.49776,0
2016-04-06T20:00:00,1.4975399999999999,1.52016,1.49501,1.51264,0
2016-04-07T20:00:00,1.5129299999999999,1.5135999999999998,1.50261,1.50866,0
2016-04-09T20:00:00,1.51142,1.51216,1.5061499999999999,1.50767,0
2016-04-10T20:00:00,1.50738,1.5158800000000001,1.49891,1.50261,0
2016-04-11T20:00:00,1.50254,1.50433,1.48084,1.48112,0
2016-04-12T20:00:00,1.48086,1.48468,1.47105,1.47242,0
2016-04-13T20:00:00,1.4723,1.47747,1.45872,1.46467,0
2016-04-14T20:00:00,1.46474,1.47013,1.45608,1.45945,0
2016-04-16T20:00:00,1.47315,1.48031,1.47133,1.47773,0
2016-04-17T20:00:00,1.47794,1.4794,1.45415,1.45532,0
2016-04-18T20:00:00,1.4552100000000001,1.4603,1.45236,1.45652,0
2016-04-19T20:00:00,1.45634,1.46217,1.44645,1.44878,0
2016-04-20T20:00:00,1.44885,1.45986,1.4433500000000001,1.4577,0
2016-04-21T20:00:00,1.45773,1.45936,1.45109,1.4558,0
2016-04-23T20:00:00,1.45676,1.45784,1.45489,1.45657,0
2016-04-24T20:00:00,1.4567,1.46216,1.45502,1.46025,0
2016-04-25T20:00:00,1.46042,1.4635799999999999,1.45546,1.45821,0
2016-04-26T20:00:00,1.45837,1.49501,1.4559199999999999,1.4895,0
2016-04-27T20:00:00,1.48925,1.49407,1.4804599999999999,1.48784,0
2016-04-28T20:00:00,1.48777,1.50773,1.48578,1.5042,0
2016-04-30T20:00:00,1.5082499999999999,1.5082499999999999,1.5040200000000001,1.50476,0
2016-05-01T20:00:00,1.50492,1.51319,1.50099,1.5037,0
2016-05-02T20:00:00,1.50359,1.53879,1.49346,1.53386,0
2016-05-03T20:00:00,1.5337100000000001,1.5422500000000001,1.52966,1.53922,0
2016-05-04T20:00:00,1.53922,1.54041,1.52195,1.5245,0
2016-05-05T20:00:00,1.5247600000000001,1.5565600000000002,1.52474,1.54719,0
2016-05-07T20:00:00,1.54792,1.5496400000000001,1.54339,1.54403,0
2016-05-08T20:00:00,1.5438800000000001,1.5592000000000001,1.54326,1.55594,0
2016-05-09T20:00:00,1.5557400000000001,1.55912,1.54019,1.5430199999999998,0
2016-05-10T20:00:00,1.54297,1.55345,1.53944,1.55325,0
2016-05-11T20:00:00,1.5526499999999999,1.55992,1.54735,1.55442,0
2016-05-12T20:00:00,1.55434,1.56032,1.55149,1.55511,0
2016-05-14T20:00:00,1.55926,1.5596100000000002,1.55556,1.5558800000000002,0
2016-05-15T20:00:00,1.55637,1.55659,1.55011,1.5527600000000001,0
2016-05-16T20:00:00,1.55255,1.55434,1.5366300000000002,1.54608,0
2016-05-17T20:00:00,1.5457800000000002,1.5552000000000001,1.54565,1.55343,0
2016-05-18T20:00:00,1.5535999999999999,1.55857,1.5489600000000001,1.54898,0
2016-05-19T20:00:00,1.54913,1.55382,1.54647,1.5532,0
2016-05-21T20:00:00,1.5514700000000001,1.5534400000000002,1.55064,1.5531000000000001,0
2016-05-22T20:00:00,1.5528499999999998,1.5557400000000001,1.5474700000000001,1.55334,0
2016-05-23T20:00:00,1.55341,1.56447,1.54753,1.54877,0
2016-05-24T20:00:00,1.54874,1.5539,1.54477,1.55212,0
2016-05-25T20:00:00,1.55227,1.5597400000000001,1.54678,1.54889,0
2016-05-26T20:00:00,1.54891,1.5504799999999999,1.54538,1.54599,0
2016-05-28T20:00:00,1.54818,1.5484200000000001,1.54547,1.54731,0
2016-05-29T20:00:00,1.5471300000000001,1.55282,1.54635,1.54941,0
2016-05-30T20:00:00,1.5493999999999999,1.55111,1.53558,1.5385499999999999,0
2016-05-31T20:00:00,1.5385,1.5445,1.52374,1.5432299999999999,0
2016-06-01T20:00:00,1.54329,1.5540699999999998,1.53944,1.5422799999999999,0
2016-06-02T20:00:00,1.5425499999999999,1.54833,1.5354999999999999,1.5437400000000001,0
2016-06-04T20:00:00,1.5401799999999999,1.5464,1.5401799999999999,1.54562,0
2016-06-05T20:00:00,1.5454599999999998,1.5513,1.5382500000000001,1.54114,0
2016-06-06T20:00:00,1.54112,1.5424799999999999,1.5218699999999998,1.52545,0
2016-06-07T20:00:00,1.52542,1.52993,1.51928,1.52217,0
2016-06-08T20:00:00,1.5225,1.5300099999999999,1.5199099999999999,1.52553,0
2016-06-09T20:00:00,1.52591,1.52932,1.5218699999999998,1.52474,0
2016-06-11T20:00:00,1.52454,1.52638,1.5239,1.5242900000000001,0
2016-06-12T20:00:00,1.52421,1.53025,1.52054,1.53007,0
2016-06-13T20:00:00,1.5298,1.53098,1.51852,1.52458,0
2016-06-14T20:00:00,1.52462,1.5278100000000001,1.51361,1.5187300000000001,0
2016-06-15T20:00:00,1.51861,1.53646,1.51399,1.52458,0
2016-06-16T20:00:00,1.52398,1.52637,1.51986,1.52582,0
2016-06-18T20:00:00,1.5241500000000001,1.5297800000000001,1.52277,1.52755,0
2016-06-19T20:00:00,1.52726,1.52882,1.5147300000000001,1.51814,0
2016-06-20T20:00:00,1.5181499999999999,1.5188000000000001,1.50514,1.5096699999999998,0
2016-06-21T20:00:00,1.5097,1.5108700000000002,1.5028700000000002,1.50785,0
2016-06-22T20:00:00,1.5076,1.50916,1.49208,1.5017200000000002,0
2016-06-23T20:00:00,1.50017,1.51399,1.4800900000000001,1.4843,0
2016-06-25T20:00:00,1.48389,1.48997,1.48272,1.48614,0
2016-06-26T20:00:00,1.48542,1.50453,1.4830999999999999,1.49716,0
2016-06-27T20:00:00,1.49747,1.5046599999999999,1.49279,1.49604,0
2016-06-28T20:00:00,1.49613,1.49862,1.48834,1.4892400000000001,0
2016-06-29T20:00:00,1.48915,1.50412,1.48338,1.49096,0
2016-06-30T20:00:00,1.49072,1.49404,1.48217,1.48569,0
2016-07-02T20:00:00,1.49369,1.49397,1.4896,1.49092,0
2016-07-03T20:00:00,1.49089,1.4911699999999999,1.47606,1.48065,0
2016-07-04T20:00:00,1.4800900000000001,1.49375,1.47522,1.48641,0
2016-07-05T20:00:00,1.4868299999999999,1.49021,1.47386,1.4766599999999999,0
2016-07-06T20:00:00,1.47679,1.4831699999999999,1.46982,1.4763,0
2016-07-07T20:00:00,1.47635,1.48089,1.4588,1.45957,0
2016-07-09T20:00:00,1.45984,1.46157,1.45927,1.46123,0
2016-07-10T20:00:00,1.46098,1.46949,1.45788,1.4669699999999999,0
2016-07-11T20:00:00,1.46718,1.4678200000000001,1.44786,1.45471,0
2016-07-12T20:00:00,1.45455,1.46184,1.44963,1.4607999999999999,0
2016-07-13T20:00:00,1.46081,1.46189,1.45161,1.45885,0
2016-07-14T20:00:00,1.45877,1.46042,1.44951,1.45883,0
2016-07-16T20:00:00,1.45441,1.45812,1.45211,1.45658,0
2016-07-17T20:00:00,1.45613,1.46303,1.45261,1.46063,0
2016-07-18T20:00:00,1.46125,1.47747,1.46125,1.46683,0
2016-07-19T20:00:00,1.46683,1.47769,1.46589,1.47554,0
2016-07-20T20:00:00,1.4756,1.47678,1.4653100000000001,1.46981,0
2016-07-21T20:00:00,1.46956,1.4788999999999999,1.4679,1.46948,0
2016-07-23T20:00:00,1.47016,1.47076,1.46642,1.46756,0
2016-07-24T20:00:00,1.4677,1.47258,1.46502,1.47009,0
2016-07-25T20:00:00,1.47001,1.4721199999999999,1.4582600000000001,1.46205,0
2016-07-26T20:00:00,1.4621,1.47815,1.45243,1.4719,0
2016-07-27T20:00:00,1.47201,1.47762,1.46919,1.47541,0
2016-07-28T20:00:00,1.47536,1.48122,1.46852,1.47018,0
2016-07-30T20:00:00,1.47025,1.47205,1.46922,1.4716,0
2016-07-31T20:00:00,1.47153,1.48395,1.46688,1.48338,0
2016-08-01T20:00:00,1.48339,1.4905599999999999,1.46827,1.47629,0
2016-08-02T20:00:00,1.47642,1.47947,1.4683899999999999,1.4692,0
2016-08-03T20:00:00,1.4691,1.46919,1.45665,1.45725,0
2016-08-04T20:00:00,1.45727,1.45973,1.4493800000000001,1.45509,0
2016-08-06T20:00:00,1.45472,1.45859,1.4543,1.45642,0
2016-08-07T20:00:00,1.45644,1.45952,1.44368,1.4469,0
2016-08-08T20:00:00,1.4469699999999999,1.4537200000000001,1.44449,1.4506700000000001,0
2016-08-09T20:00:00,1.45062,1.45233,1.44201,1.45024,0
2016-08-10T20:00:00,1.45012,1.45239,1.4435,1.44795,0
2016-08-11T20:00:00,1.44779,1.4604,1.44722,1.45917,0
2016-08-13T20:00:00,1.45785,1.45939,1.45669,1.45828,0
2016-08-14T20:00:00,1.45823,1.46072,1.45411,1.4567,0
2016-08-15T20:00:00,1.45671,1.46824,1.45512,1.46515,0
2016-08-16T20:00:00,1.46545,1.47947,1.4638200000000001,1.4745,0
2016-08-17T20:00:00,1.47452,1.47816,1.4662600000000001,1.47781,0
2016-08-18T20:00:00,1.47772,1.48883,1.47772,1.4852,0
2016-08-20T20:00:00,1.48678,1.4879,1.4836,1.4852,0
2016-08-21T20:00:00,1.4853399999999999,1.48767,1.4809700000000001,1.48319,0
2016-08-22T20:00:00,1.48318,1.4852699999999999,1.47898,1.48457,0
2016-08-23T20:00:00,1.4843899999999999,1.4877,1.476,1.47997,0
2016-08-24T20:00:00,1.4798200000000001,1.48514,1.47595,1.48033,0
2016-08-25T20:00:00,1.4804300000000001,1.48153,1.46942,1.4795099999999999,0
2016-08-27T20:00:00,1.47872,1.48485,1.47854,1.48484,0
2016-08-28T20:00:00,1.48467,1.48709,1.47458,1.4770699999999999,0
2016-08-29T20:00:00,1.4769999999999999,1.48461,1.47439,1.4818799999999999,0
2016-08-30T20:00:00,1.48182,1.48525,1.4800499999999999,1.48369,0
2016-08-31T20:00:00,1.4837500000000001,1.48482,1.47683,1.48306,0
2016-09-01T20:00:00,1.48305,1.48457,1.4734099999999999,1.47343,0
2016-09-03T20:00:00,1.47381,1.4752,1.47208,1.47497,0
2016-09-04T20:00:00,1.47499,1.47499,1.46827,1.4687000000000001,0
2016-09-05T20:00:00,1.46853,1.46853,1.45824,1.46362,0
2016-09-06T20:00:00,1.46343,1.46974,1.46136,1.46542,0
2016-09-07T20:00:00,1.46535,1.4744,1.45784,1.47287,0
2016-09-08T20:00:00,1.47287,1.49004,1.4721,1.48956,0
2016-09-10T20:00:00,1.48912,1.49188,1.48847,1.49024,0
2016-09-11T20:00:00,1.49028,1.4993400000000001,1.4843199999999999,1.4855800000000001,0
2016-09-12T20:00:00,1.48539,1.50898,1.4848,1.5023900000000001,0
2016-09-13T20:00:00,1.50231,1.50663,1.49854,1.5029400000000002,0
2016-09-14T20:00:00,1.5029,1.5095100000000001,1.4948000000000001,1.49686,0
2016-09-15T20:00:00,1.49698,1.4990700000000001,1.48827,1.48861,0
2016-09-17T20:00:00,1.49007,1.49099,1.48625,1.48726,0
2016-09-18T20:00:00,1.48723,1.48733,1.47655,1.48245,0
2016-09-19T20:00:00,1.48251,1.48379,1.47478,1.4763,0
2016-09-20T20:00:00,1.47611,1.47797,1.46458,1.46577,0
2016-09-21T20:00:00,1.4654099999999999,1.47076,1.46307,1.46584,0
2016-09-22T20:00:00,1.46577,1.47601,1.46417,1.47256,0
2016-09-24T20:00:00,1.47322,1.47696,1.47312,1.47573,0
2016-09-25T20:00:00,1.47574,1.47798,1.47077,1.47407,0
2016-09-26T20:00:00,1.4739900000000001,1.47698,1.46035,1.46264,0
2016-09-27T20:00:00,1.46247,1.46606,1.4558499999999999,1.45861,0
2016-09-28T20:00:00,1.45874,1.47129,1.45568,1.4705599999999999,0
2016-09-29T20:00:00,1.47061,1.4742600000000001,1.4608400000000001,1.4673,0
2016-10-01T20:00:00,1.46682,1.46962,1.46472,1.46962,0
2016-10-02T20:00:00,1.46956,1.46977,1.45753,1.45871,0
2016-10-03T20:00:00,1.45889,1.47347,1.45343,1.47262,0
2016-10-04T20:00:00,1.4727700000000001,1.47589,1.4671,1.4704,0
2016-10-05T20:00:00,1.47042,1.47781,1.46842,1.47069,0
2016-10-06T20:00:00,1.47071,1.47688,1.4650699999999999,1.47574,0
2016-10-08T20:00:00,1.46996,1.4735800000000001,1.46973,1.47274,0
2016-10-09T20:00:00,1.47295,1.47478,1.46253,1.46585,0
2016-10-10T20:00:00,1.46585,1.4752100000000001,1.46204,1.46235,0
2016-10-11T20:00:00,1.46246,1.4627,1.45308,1.45746,0
2016-10-12T20:00:00,1.45751,1.4665300000000001,1.4574099999999999,1.46052,0
2016-10-13T20:00:00,1.46036,1.46128,1.43959,1.44054,0
2016-10-15T20:00:00,1.43944,1.44402,1.43897,1.4436,0
2016-10-16T20:00:00,1.44363,1.44747,1.4386,1.44113,0
2016-10-17T20:00:00,1.44074,1.44119,1.42954,1.43001,0
2016-10-18T20:00:00,1.43022,1.43466,1.4187,1.42027,0
2016-10-19T20:00:00,1.42023,1.44253,1.41827,1.43178,0
2016-10-20T20:00:00,1.43175,1.43258,1.42271,1.43037,0
2016-10-22T20:00:00,1.43007,1.43119,1.42944,1.43095,0
2016-10-23T20:00:00,1.4311,1.4324,1.42436,1.43195,0
2016-10-24T20:00:00,1.43195,1.43198,1.42124,1.42289,0
2016-10-25T20:00:00,1.42283,1.4291,1.41266,1.4262299999999999,0
2016-10-26T20:00:00,1.42622,1.43916,1.42507,1.43555,0
2016-10-27T20:00:00,1.43548,1.44847,1.4338199999999999,1.44598,0
2016-10-29T20:00:00,1.4468,1.44707,1.445,1.4457200000000001,0
2016-10-30T20:00:00,1.44599,1.44725,1.43793,1.44203,0
2016-10-31T20:00:00,1.44202,1.44687,1.42981,1.44583,0
2016-11-01T20:00:00,1.44618,1.45335,1.44471,1.44981,0
2016-11-02T20:00:00,1.44983,1.45575,1.44144,1.44431,0
2016-11-03T20:00:00,1.4442300000000001,1.45177,1.44215,1.45117,0
2016-11-05T20:00:00,1.44404,1.4472,1.4436,1.44493,0
2016-11-06T19:00:00,1.4447999999999999,1.44859,1.42821,1.43152,0
2016-11-07T19:00:00,1.43114,1.43612,1.41592,1.4225400000000001,0
2016-11-08T19:00:00,1.42261,1.48811,1.41426,1.4271099999999999,0
2016-11-09T19:00:00,1.4270100000000001,1.43833,1.40729,1.43076,0
2016-11-10T19:00:00,1.43062,1.44286,1.42917,1.43831,0
2016-11-12T19:00:00,1.4359199999999999,1.43625,1.43105,1.43312,0
2016-11-13T19:00:00,1.43309,1.43544,1.4181,1.41978,0
2016-11-14T19:00:00,1.41968,1.4308100000000001,1.41776,1.41944,0
2016-11-15T19:00:00,1.4194200000000001,1.43496,1.41842,1.42903,0
2016-11-16T19:00:00,1.42907,1.43862,1.42648,1.4352800000000001,0
2016-11-17T19:00:00,1.43525,1.44465,1.43116,1.44268,0
2016-11-19T19:00:00,1.44429,1.4469699999999999,1.44322,1.44472,0
2016-11-20T19:00:00,1.44464,1.44882,1.44009,1.44191,0
2016-11-21T19:00:00,1.44186,1.44247,1.43408,1.43509,0
2016-11-22T19:00:00,1.4351099999999999,1.43642,1.42362,1.42987,0
2016-11-23T19:00:00,1.4298199999999999,1.4316900000000001,1.4233,1.42373,0
2016-11-24T19:00:00,1.42368,1.42764,1.4179,1.42328,0
2016-11-26T19:00:00,1.42451,1.42542,1.4227,1.42542,0
2016-11-27T19:00:00,1.42536,1.43075,1.41352,1.41682,0
2016-11-28T19:00:00,1.4165,1.42375,1.4151799999999999,1.42237,0
2016-11-29T19:00:00,1.42231,1.43719,1.41961,1.43334,0
2016-11-30T19:00:00,1.43299,1.4397,1.4304000000000001,1.43646,0
2016-12-01T19:00:00,1.43641,1.4435799999999999,1.42698,1.43038,0
2016-12-03T19:00:00,1.42262,1.42634,1.41571,1.4203000000000001,0
2016-12-04T19:00:00,1.42066,1.4436499999999999,1.41453,1.43937,0
2016-12-05T19:00:00,1.43937,1.45013,1.43412,1.43418,0
2016-12-06T19:00:00,1.43438,1.44477,1.43401,1.43704,0
2016-12-07T19:00:00,1.43709,1.45122,1.42127,1.42388,0
2016-12-08T19:00:00,1.42389,1.425,1.41178,1.41657,0
2016-12-10T19:00:00,1.41583,1.41909,1.41441,1.4159,0
2016-12-11T19:00:00,1.4157899999999999,1.4205,1.41364,1.41937,0
2016-12-12T19:00:00,1.4191799999999999,1.42188,1.41246,1.41811,0
2016-12-13T19:00:00,1.41807,1.4236900000000001,1.41435,1.41852,0
2016-12-14T19:00:00,1.41894,1.42007,1.40903,1.41385,0
2016-12-15T19:00:00,1.41409,1.43414,1.41395,1.4316900000000001,0
2016-12-17T19:00:00,1.43183,1.43585,1.4312,1.43282,0
2016-12-18T19:00:00,1.43288,1.4402,1.43068,1.43465,0
2016-12-19T19:00:00,1.43441,1.4371399999999999,1.4292,1.42968,0
2016-12-20T19:00:00,1.42964,1.44279,1.42899,1.441,0
2016-12-21T19:00:00,1.44097,1.45353,1.4387699999999999,1.44538,0
2016-12-22T19:00:00,1.44543,1.45959,1.44417,1.45688,0
2016-12-24T19:00:00,1.45856,1.45856,1.45502,1.4562300000000001,0
2016-12-25T19:00:00,1.4562599999999999,1.4582899999999999,1.45232,1.45581,0
2016-12-26T19:00:00,1.45566,1.45607,1.4517,1.45478,0
2016-12-27T19:00:00,1.4546000000000001,1.4554,1.4454500000000001,1.44967,0
2016-12-28T19:00:00,1.44964,1.47207,1.44717,1.46014,0
2016-12-29T19:00:00,1.4601899999999999,1.4661,1.4546999999999999,1.4592800000000001,0
2017-01-01T19:00:00,1.45888,1.4638200000000001,1.45176,1.45305,0
2017-01-02T19:00:00,1.45325,1.45549,1.43553,1.44082,0
2017-01-03T19:00:00,1.44096,1.44171,1.43235,1.44011,0
2017-01-04T19:00:00,1.44014,1.44622,1.43821,1.44503,0
2017-01-05T19:00:00,1.44496,1.44685,1.4398900000000001,1.44259,0
2017-01-07T19:00:00,1.44341,1.4445999999999999,1.43984,1.43984,0
2017-01-08T19:00:00,1.43991,1.44158,1.43357,1.43886,0
2017-01-09T19:00:00,1.4387400000000001,1.44276,1.43158,1.43371,0
2017-01-10T19:00:00,1.4334799999999999,1.4347699999999999,1.4179599999999999,1.42266,0
2017-01-11T19:00:00,1.42269,1.4237600000000001,1.4155,1.41745,0
2017-01-12T19:00:00,1.41739,1.42523,1.4139599999999999,1.4176,0
2017-01-14T19:00:00,1.41906,1.42002,1.41623,1.41711,0
2017-01-15T19:00:00,1.4171,1.42106,1.41593,1.41885,0
2017-01-16T19:00:00,1.41882,1.4212099999999999,1.41282,1.41657,0
2017-01-17T19:00:00,1.41672,1.41889,1.41123,1.4151099999999999,0
2017-01-18T19:00:00,1.4151,1.41766,1.40265,1.40862,0
2017-01-19T19:00:00,1.4087399999999999,1.41686,1.40743,1.4157,0
2017-01-21T19:00:00,1.41512,1.41699,1.41445,1.41455,0
2017-01-22T19:00:00,1.41467,1.42228,1.41445,1.41882,0
2017-01-23T19:00:00,1.41866,1.4218899999999999,1.41305,1.41319,0
2017-01-24T19:00:00,1.41308,1.42753,1.41204,1.41949,0
2017-01-25T19:00:00,1.41943,1.42276,1.41566,1.41836,0
2017-01-26T19:00:00,1.41851,1.42233,1.41439,1.41733,0
2017-01-28T19:00:00,1.41657,1.41865,1.41601,1.4185699999999999,0
2017-01-29T19:00:00,1.41848,1.42149,1.40948,1.41519,0
2017-01-30T19:00:00,1.41532,1.42547,1.41295,1.4252,0
2017-01-31T19:00:00,1.42511,1.42903,1.4184700000000001,1.41949,0
2017-02-01T19:00:00,1.4192,1.41959,1.4037,1.40575,0
2017-02-02T19:00:00,1.40576,1.40758,1.39968,1.4048,0
2017-02-04T19:00:00,1.40523,1.40567,1.4032200000000001,1.40476,0
2017-02-05T19:00:00,1.40481,1.40756,1.4001299999999999,1.4050799999999999,0
2017-02-06T19:00:00,1.40497,1.4055900000000001,1.39462,1.40109,0
2017-02-07T19:00:00,1.4010099999999999,1.40172,1.39372,1.40073,0
2017-02-08T19:00:00,1.4007,1.40393,1.39414,1.39779,0
2017-02-09T19:00:00,1.39763,1.39813,1.38392,1.3851499999999999,0
2017-02-11T19:00:00,1.3846,1.3868,1.38391,1.38442,0
2017-02-12T19:00:00,1.38432,1.38896,1.38315,1.3869500000000001,0
2017-02-13T19:00:00,1.38685,1.3871,1.3775,1.37918,0
2017-02-14T19:00:00,1.37909,1.38035,1.37242,1.3731499999999999,0
2017-02-15T19:00:00,1.37306,1.38792,1.37253,1.38622,0
2017-02-16T19:00:00,1.3860999999999999,1.39012,1.38315,1.38324,0
2017-02-18T19:00:00,1.3826800000000001,1.38616,1.38233,1.38582,0
2017-02-19T19:00:00,1.3856899999999999,1.38618,1.37952,1.37953,0
2017-02-20T19:00:00,1.37962,1.38082,1.37177,1.3731499999999999,0
2017-02-21T19:00:00,1.37336,1.37503,1.36255,1.37076,0
2017-02-22T19:00:00,1.3708,1.3762400000000001,1.36616,1.37219,0
2017-02-23T19:00:00,1.37222,1.38339,1.37077,1.37643,0
2017-02-25T19:00:00,1.37496,1.3780999999999999,1.3746399999999999,1.37585,0
2017-02-26T19:00:00,1.37592,1.38164,1.37119,1.37884,0
2017-02-27T19:00:00,1.3787099999999999,1.38362,1.3765800000000001,1.38284,0
2017-02-28T19:00:00,1.38296,1.38337,1.37299,1.37545,0
2017-03-01T19:00:00,1.37542,1.3893499999999999,1.37332,1.38741,0
2017-03-02T19:00:00,1.38746,1.39873,1.38745,1.39782,0
2017-03-04T19:00:00,1.39771,1.39936,1.39688,1.39835,0
2017-03-05T19:00:00,1.39838,1.4015,1.39235,1.39355,0
2017-03-06T19:00:00,1.39352,1.39418,1.38747,1.39191,0
2017-03-07T19:00:00,1.3919000000000001,1.4019599999999999,1.3884400000000001,1.4008099999999999,0
2017-03-08T19:00:00,1.40083,1.41178,1.39914,1.40904,0
2017-03-09T19:00:00,1.40896,1.4179599999999999,1.40647,1.41395,0
2017-03-11T19:00:00,1.41503,1.41741,1.41428,1.41729,0
2017-03-12T20:00:00,1.4173200000000001,1.41839,1.40545,1.40754,0
2017-03-13T20:00:00,1.40748,1.41114,1.40161,1.4025699999999999,0
2017-03-14T20:00:00,1.40246,1.40479,1.38798,1.39327,0
2017-03-15T20:00:00,1.3933200000000001,1.40543,1.39019,1.40405,0
2017-03-16T20:00:00,1.40404,1.4044699999999999,1.3927399999999999,1.39331,0
2017-03-18T20:00:00,1.3949500000000001,1.39519,1.3927399999999999,1.39383,0
2017-03-19T20:00:00,1.39384,1.39621,1.38728,1.38892,0
2017-03-20T20:00:00,1.38885,1.40933,1.38865,1.40906,0
2017-03-21T20:00:00,1.4090500000000001,1.41201,1.40529,1.407,0
2017-03-22T20:00:00,1.40707,1.41456,1.40652,1.41236,0
2017-03-23T20:00:00,1.4123700000000001,1.42081,1.4098,1.4166400000000001,0
2017-03-25T20:00:00,1.41773,1.42218,1.4176199999999999,1.42083,0
2017-03-26T20:00:00,1.42085,1.43096,1.41957,1.42374,0
2017-03-27T20:00:00,1.42354,1.43054,1.41302,1.41327,0
2017-03-28T20:00:00,1.41322,1.41575,1.4007,1.40244,0
2017-03-29T20:00:00,1.40256,1.40599,1.39502,1.39641,0
2017-03-30T20:00:00,1.39632,1.4024,1.39392,1.39658,0
2017-04-01T20:00:00,1.39563,1.39842,1.39539,1.39828,0
2017-04-02T20:00:00,1.39814,1.40561,1.39713,1.40283,0
2017-04-03T20:00:00,1.40286,1.41197,1.40107,1.4108100000000001,0
2017-04-04T20:00:00,1.4109099999999999,1.41197,1.40449,1.4102999999999999,0
2017-04-05T20:00:00,1.41032,1.41712,1.40841,1.41159,0
2017-04-06T20:00:00,1.4115,1.41785,1.41056,1.41074,0
2017-04-08T20:00:00,1.4127,1.41281,1.40888,1.4093499999999999,0
2017-04-09T20:00:00,1.4094,1.41564,1.409,1.41178,0
2017-04-10T20:00:00,1.4117199999999999,1.42168,1.40941,1.41433,0
2017-04-11T20:00:00,1.41442,1.42018,1.41247,1.41554,0
2017-04-12T20:00:00,1.41557,1.4163700000000001,1.40005,1.40305,0
2017-04-13T20:00:00,1.40308,1.40438,1.39902,1.39945,0
2017-04-15T20:00:00,1.39971,1.40077,1.39845,1.39968,0
2017-04-16T20:00:00,1.39981,1.4031500000000001,1.39817,1.40186,0
2017-04-17T20:00:00,1.40185,1.42105,1.40034,1.41909,0
2017-04-18T20:00:00,1.41906,1.4298199999999999,1.41843,1.42936,0
2017-04-19T20:00:00,1.42935,1.43344,1.42275,1.4249800000000001,0
2017-04-20T20:00:00,1.42497,1.4261300000000001,1.41673,1.42137,0
2017-04-22T20:00:00,1.43921,1.44386,1.43621,1.43893,0
2017-04-23T20:00:00,1.43882,1.43893,1.43156,1.43729,0
2017-04-24T20:00:00,1.43716,1.45397,1.43567,1.44965,0
2017-04-25T20:00:00,1.4498199999999999,1.46006,1.44673,1.45848,0
2017-04-26T20:00:00,1.45847,1.46406,1.4540199999999999,1.45459,0
2017-04-27T20:00:00,1.45482,1.46506,1.45268,1.45526,0
2017-04-29T20:00:00,1.4573,1.45793,1.45491,1.45716,0
2017-04-30T20:00:00,1.45698,1.45727,1.4468,1.4482300000000001,0
2017-05-01T20:00:00,1.44829,1.45281,1.44427,1.44944,0
2017-05-02T20:00:00,1.44942,1.46867,1.4489,1.46564,0
2017-05-03T20:00:00,1.46553,1.48361,1.46535,1.48167,0
2017-05-04T20:00:00,1.48164,1.491,1.48016,1.48228,0
2017-05-06T20:00:00,1.4858500000000001,1.48594,1.47843,1.47849,0
2017-05-07T20:00:00,1.47871,1.48528,1.47597,1.47832,0
2017-05-08T20:00:00,1.47844,1.48784,1.47656,1.48271,0
2017-05-09T20:00:00,1.48304,1.4831699999999999,1.46944,1.4769,0
2017-05-10T20:00:00,1.47689,1.48157,1.47038,1.47264,0
2017-05-11T20:00:00,1.47257,1.48051,1.46699,1.4800499999999999,0
2017-05-13T20:00:00,1.47888,1.47963,1.47729,1.4779200000000001,0
2017-05-14T20:00:00,1.47807,1.48103,1.4714800000000001,1.47967,0
2017-05-15T20:00:00,1.47969,1.49498,1.4773,1.49469,0
2017-05-16T20:00:00,1.4947,1.50417,1.49326,1.50088,0
2017-05-17T20:00:00,1.50091,1.50742,1.49213,1.49709,0
2017-05-18T20:00:00,1.4971,1.5046,1.49343,1.50278,0
2017-05-20T20:00:00,1.5036100000000001,1.50603,1.50234,1.50336,0
2017-05-21T20:00:00,1.50331,1.50716,1.49646,1.50415,0
2017-05-22T20:00:00,1.50396,1.50571,1.49337,1.49625,0
2017-05-23T20:00:00,1.49617,1.50198,1.49391,1.49797,0
2017-05-24T20:00:00,1.49796,1.50622,1.49475,1.5037099999999999,0
2017-05-25T20:00:00,1.50377,1.51101,1.49801,1.50108,0
2017-05-27T20:00:00,1.50026,1.5028700000000002,1.50015,1.50164,0
2017-05-28T20:00:00,1.50135,1.5045,1.49545,1.49584,0
2017-05-29T20:00:00,1.49603,1.50197,1.49276,1.49794,0
2017-05-30T20:00:00,1.49766,1.51444,1.49424,1.5134699999999999,0
2017-05-31T20:00:00,1.51339,1.52261,1.5095100000000001,1.51911,0
2017-06-01T20:00:00,1.51908,1.52179,1.5142799999999998,1.5162200000000001,0
2017-06-03T20:00:00,1.5178,1.51849,1.5158,1.5181200000000001,0
2017-06-04T20:00:00,1.51816,1.51852,1.5015399999999999,1.50349,0
2017-06-05T20:00:00,1.50352,1.51086,1.49734,1.50042,0
2017-06-06T20:00:00,1.5004300000000002,1.5029599999999999,1.4822199999999999,1.49286,0
2017-06-07T20:00:00,1.49272,1.49484,1.4848,1.48644,0
2017-06-08T20:00:00,1.48686,1.48853,1.48209,1.4864600000000001,0
2017-06-10T20:00:00,1.48716,1.48848,1.48705,1.48788,0
2017-06-11T20:00:00,1.4875,1.49082,1.48312,1.48326,0
2017-06-12T20:00:00,1.48322,1.4895100000000001,1.47995,1.48718,0
2017-06-13T20:00:00,1.48718,1.4887000000000001,1.47539,1.47736,0
2017-06-14T20:00:00,1.4772,1.47971,1.46893,1.46945,0
2017-06-15T20:00:00,1.46939,1.4712,1.4659499999999999,1.46912,0
2017-06-17T20:00:00,1.4693800000000001,1.4705300000000001,1.4687999999999999,1.47031,0
2017-06-18T20:00:00,1.47031,1.4754,1.46474,1.46804,0
2017-06-19T20:00:00,1.46796,1.47066,1.46257,1.47011,0
2017-06-20T20:00:00,1.47001,1.47979,1.46901,1.47893,0
2017-06-21T20:00:00,1.47896,1.48136,1.47644,1.47825,0
2017-06-22T20:00:00,1.47831,1.48033,1.47333,1.47874,0
2017-06-24T20:00:00,1.47952,1.48028,1.47852,1.47905,0
2017-06-25T20:00:00,1.47974,1.47977,1.4731,1.47444,0
2017-06-26T20:00:00,1.47435,1.49597,1.4680900000000001,1.49436,0
2017-06-27T20:00:00,1.49411,1.4997500000000001,1.48645,1.48984,0
2017-06-28T20:00:00,1.48969,1.49257,1.4854,1.48823,0
2017-06-29T20:00:00,1.48845,1.4886,1.48211,1.48526,0
2017-07-01T20:00:00,1.48566,1.4868999999999999,1.48419,1.48594,0
2017-07-02T20:00:00,1.48584,1.48822,1.48215,1.4834100000000001,0
2017-07-03T20:00:00,1.48321,1.49504,1.47984,1.49224,0
2017-07-04T20:00:00,1.49219,1.49651,1.4874399999999999,1.4929299999999999,0
2017-07-05T20:00:00,1.49279,1.50738,1.49023,1.5067300000000001,0
2017-07-06T20:00:00,1.50637,1.5070000000000001,1.49626,1.49893,0
2017-07-08T20:00:00,1.49904,1.50048,1.49892,1.49935,0
2017-07-09T20:00:00,1.49928,1.50256,1.49756,1.49807,0
2017-07-10T20:00:00,1.49809,1.5036399999999999,1.49276,1.50197,0
2017-07-11T20:00:00,1.5018799999999999,1.50243,1.48548,1.48672,0
2017-07-12T20:00:00,1.48678,1.48938,1.47054,1.4733,0
2017-07-13T20:00:00,1.4731,1.4748299999999999,1.46258,1.46498,0
2017-07-15T20:00:00,1.4647700000000001,1.4667,1.46399,1.46634,0
2017-07-16T20:00:00,1.4663599999999999,1.4733800000000001,1.46239,1.47278,0
2017-07-17T20:00:00,1.47265,1.47762,1.45339,1.45822,0
2017-07-18T20:00:00,1.45839,1.45846,1.44716,1.44825,0
2017-07-19T20:00:00,1.44835,1.46474,1.44217,1.46317,0
2017-07-20T20:00:00,1.46296,1.47745,1.46234,1.4736799999999999,0
2017-07-22T20:00:00,1.47446,1.47559,1.47047,1.47388,0
2017-07-23T20:00:00,1.47371,1.4757799999999999,1.4619,1.46831,0
2017-07-24T20:00:00,1.46835,1.4727000000000001,1.4657,1.46808,0
2017-07-25T20:00:00,1.46794,1.4764300000000001,1.46467,1.4662899999999999,0
2017-07-26T20:00:00,1.46613,1.4666299999999999,1.45647,1.46577,0
2017-07-27T20:00:00,1.46571,1.47481,1.46461,1.47086,0
2017-07-29T20:00:00,1.4700199999999999,1.4726,1.46997,1.47164,0
2017-07-30T20:00:00,1.4714800000000001,1.48079,1.46842,1.47687,0
2017-07-31T20:00:00,1.47693,1.48474,1.47015,1.48428,0
2017-08-01T20:00:00,1.484,1.49004,1.48238,1.4895399999999999,0
2017-08-02T20:00:00,1.4896099999999999,1.49581,1.48907,1.49315,0
2017-08-03T20:00:00,1.49318,1.49655,1.48208,1.4843199999999999,0
2017-08-05T20:00:00,1.486,1.4863,1.48395,1.48545,0
2017-08-06T20:00:00,1.48532,1.49245,1.48335,1.49047,0
2017-08-07T20:00:00,1.4904899999999999,1.49213,1.48242,1.48867,0
2017-08-08T20:00:00,1.48862,1.49364,1.48406,1.49034,0
2017-08-09T20:00:00,1.49018,1.49688,1.4846300000000001,1.4957,0
2017-08-10T20:00:00,1.4958,1.5010400000000002,1.49376,1.49746,0
2017-08-12T20:00:00,1.49767,1.49857,1.4959,1.49597,0
2017-08-13T20:00:00,1.4960499999999999,1.50191,1.49316,1.49891,0
2017-08-14T20:00:00,1.49885,1.50141,1.49576,1.50015,0
2017-08-15T20:00:00,1.50017,1.50028,1.48238,1.48414,0
2017-08-16T20:00:00,1.48415,1.48785,1.47322,1.48761,0
2017-08-17T20:00:00,1.4876,1.4880499999999999,1.47931,1.48302,0
2017-08-19T20:00:00,1.48262,1.48315,1.48166,1.48303,0
2017-08-20T20:00:00,1.48307,1.48991,1.48075,1.4881,0
2017-08-21T20:00:00,1.4877799999999999,1.48948,1.48309,1.48655,0
2017-08-22T20:00:00,1.48643,1.49657,1.48632,1.49347,0
2017-08-23T20:00:00,1.49343,1.4988299999999999,1.49216,1.49373,0
2017-08-24T20:00:00,1.49373,1.50345,1.48827,1.5026199999999998,0
2017-08-26T20:00:00,1.50541,1.50658,1.5032999999999999,1.50476,0
2017-08-27T20:00:00,1.50465,1.51404,1.49982,1.50942,0
2017-08-28T20:00:00,1.50888,1.51732,1.50315,1.50389,0
2017-08-29T20:00:00,1.50381,1.50925,1.4978799999999999,1.5039,0
2017-08-30T20:00:00,1.50396,1.5087000000000002,1.49711,1.49966,0
2017-08-31T20:00:00,1.49955,1.50424,1.48693,1.48874,0
2017-09-02T20:00:00,1.49444,1.49492,1.49007,1.49173,0
2017-09-03T20:00:00,1.49155,1.49908,1.4908299999999999,1.49707,0
2017-09-04T20:00:00,1.49661,1.4978500000000001,1.4834399999999999,1.48901,0
2017-09-05T20:00:00,1.48895,1.49802,1.48584,1.4892,0
2017-09-06T20:00:00,1.48884,1.49957,1.4870999999999999,1.49285,0
2017-09-07T20:00:00,1.49291,1.49432,1.48647,1.49369,0
2017-09-09T20:00:00,1.49149,1.49371,1.49149,1.49292,0
2017-09-10T20:00:00,1.49296,1.49496,1.4880499999999999,1.4903,0
2017-09-11T20:00:00,1.49036,1.49394,1.48451,1.49323,0
2017-09-12T20:00:00,1.4929000000000001,1.49442,1.48777,1.48965,0
2017-09-13T20:00:00,1.4895100000000001,1.4923,1.48117,1.4895,0
2017-09-14T20:00:00,1.48974,1.49664,1.48631,1.4927000000000001,0
2017-09-16T20:00:00,1.49064,1.4935800000000001,1.49061,1.49292,0
2017-09-17T20:00:00,1.49268,1.50317,1.48709,1.5004499999999998,0
2017-09-18T20:00:00,1.50037,1.50315,1.49396,1.49807,0
2017-09-19T20:00:00,1.49799,1.49881,1.47912,1.4812400000000001,0
2017-09-20T20:00:00,1.48114,1.50674,1.4806599999999999,1.50614,0
2017-09-21T20:00:00,1.50611,1.51072,1.49878,1.50004,0
2017-09-23T20:00:00,1.49599,1.49927,1.49572,1.49787,0
2017-09-24T20:00:00,1.49763,1.50073,1.48952,1.49345,0
2017-09-25T20:00:00,1.49353,1.49671,1.49007,1.49599,0
2017-09-26T20:00:00,1.4959799999999999,1.49892,1.49081,1.49673,0
2017-09-27T20:00:00,1.49681,1.5074100000000001,1.49551,1.5011299999999999,0
2017-09-28T20:00:00,1.50114,1.50997,1.50062,1.5076,0
2017-09-30T20:00:00,1.50526,1.50674,1.50481,1.50563,0
2017-10-01T20:00:00,1.50555,1.50617,1.49765,1.4988299999999999,0
2017-10-02T20:00:00,1.49888,1.50535,1.49704,1.49906,0
2017-10-03T20:00:00,1.49909,1.49942,1.49475,1.49536,0
2017-10-04T20:00:00,1.4954,1.50474,1.4951699999999999,1.5033400000000001,0
2017-10-05T20:00:00,1.50327,1.5128599999999999,1.50196,1.50911,0
2017-10-07T20:00:00,1.50997,1.51058,1.50889,1.50956,0
2017-10-08T20:00:00,1.50953,1.51484,1.50826,1.51338,0
2017-10-09T20:00:00,1.5133,1.51877,1.5109,1.51705,0
2017-10-10T20:00:00,1.5169700000000002,1.52413,1.5143499999999999,1.5203799999999998,0
2017-10-11T20:00:00,1.52028,1.5213100000000002,1.5112299999999999,1.51128,0
2017-10-12T20:00:00,1.51142,1.51289,1.49804,1.49833,0
2017-10-14T20:00:00,1.49713,1.4990999999999999,1.4969999999999999,1.49814,0
2017-10-15T20:00:00,1.49805,1.5037500000000001,1.49498,1.50349,0
2017-10-16T20:00:00,1.50325,1.50385,1.49633,1.49948,0
2017-10-17T20:00:00,1.49945,1.5042499999999999,1.49816,1.50374,0
2017-10-18T20:00:00,1.5036399999999999,1.50571,1.49854,1.50449,0
2017-10-19T20:00:00,1.50439,1.5087000000000002,1.50252,1.5071400000000001,0
2017-10-21T20:00:00,1.50427,1.50706,1.50427,1.50571,0
2017-10-22T20:00:00,1.5057,1.5069,1.50149,1.50469,0
2017-10-23T20:00:00,1.5047199999999998,1.51371,1.50363,1.5121799999999999,0
2017-10-24T20:00:00,1.5122,1.53511,1.5105300000000002,1.53341,0
2017-10-25T20:00:00,1.53342,1.53917,1.51865,1.51888,0
2017-10-26T20:00:00,1.51878,1.52538,1.5104600000000001,1.5119,0
2017-10-28T20:00:00,1.51205,1.5141200000000001,1.5107,1.51377,0
2017-10-29T20:00:00,1.51375,1.51772,1.5112100000000002,1.51375,0
2017-10-30T20:00:00,1.5137399999999999,1.52329,1.51323,1.5211000000000001,0
2017-10-31T20:00:00,1.52111,1.52233,1.51194,1.5147599999999999,0
2017-11-01T20:00:00,1.51464,1.51528,1.50858,1.5112700000000001,0
2017-11-02T20:00:00,1.5113400000000001,1.52046,1.5112,1.5171999999999999,0
2017-11-04T20:00:00,1.51807,1.51886,1.51696,1.5181499999999999,0
2017-11-05T19:00:00,1.5181,1.5193400000000001,1.5091,1.51038,0
2017-11-06T19:00:00,1.51033,1.51738,1.50797,1.51545,0
2017-11-07T19:00:00,1.51542,1.51681,1.5086,1.5098099999999999,0
2017-11-08T19:00:00,1.5098500000000001,1.5200399999999998,1.50824,1.5159099999999999,0
2017-11-09T19:00:00,1.51582,1.52335,1.51363,1.52284,0
2017-11-11T19:00:00,1.52299,1.5250599999999999,1.5225499999999998,1.52487,0
2017-11-12T19:00:00,1.5248,1.5326499999999998,1.51962,1.53166,0
2017-11-13T19:00:00,1.5316,1.5472000000000001,1.52782,1.54518,0
2017-11-14T19:00:00,1.5452,1.56055,1.54501,1.55196,0
2017-11-15T19:00:00,1.55198,1.55576,1.5483799999999999,1.55226,0
2017-11-16T19:00:00,1.55218,1.56562,1.5518800000000001,1.55808,0
2017-11-18T19:00:00,1.55751,1.56054,1.55193,1.5534599999999998,0
2017-11-19T19:00:00,1.5532,1.55986,1.55053,1.5536400000000001,0
2017-11-20T19:00:00,1.5536699999999999,1.5590899999999999,1.54585,1.5478800000000001,0
2017-11-21T19:00:00,1.54762,1.55632,1.5464099999999998,1.55167,0
2017-11-22T19:00:00,1.55171,1.55587,1.55099,1.55401,0
2017-11-23T19:00:00,1.55399,1.5672700000000002,1.55325,1.56646,0
2017-11-25T19:00:00,1.5659800000000001,1.56837,1.56531,1.56699,0
2017-11-26T19:00:00,1.56714,1.5696400000000001,1.56143,1.56468,0
2017-11-27T19:00:00,1.5645799999999999,1.5687600000000002,1.55679,1.55769,0
2017-11-28T19:00:00,1.55768,1.56784,1.55743,1.56627,0
2017-11-29T19:00:00,1.56622,1.5749,1.56125,1.57311,0
2017-11-30T19:00:00,1.57293,1.57698,1.55768,1.56294,0
2017-12-02T19:00:00,1.5616400000000001,1.56376,1.56106,1.5624500000000001,0
2017-12-03T19:00:00,1.56238,1.5637699999999999,1.5562200000000002,1.56066,0
2017-12-04T19:00:00,1.56066,1.56084,1.5492599999999999,1.55565,0
2017-12-05T19:00:00,1.5556299999999998,1.5630199999999999,1.5484200000000001,1.5597400000000001,0
2017-12-06T19:00:00,1.55975,1.56951,1.55957,1.5672000000000001,0
2017-12-07T19:00:00,1.56732,1.56832,1.56007,1.56752,0
2017-12-09T19:00:00,1.56674,1.5677400000000001,1.56635,1.56745,0
2017-12-10T19:00:00,1.56737,1.56825,1.5624500000000001,1.5640100000000001,0
2017-12-11T19:00:00,1.56403,1.5658400000000001,1.55162,1.55381,0
2017-12-12T19:00:00,1.55362,1.55557,1.54399,1.5512299999999999,0
2017-12-13T19:00:00,1.5511300000000001,1.55114,1.53467,1.53593,0
2017-12-14T19:00:00,1.53579,1.54097,1.53214,1.5372,0
2017-12-16T19:00:00,1.53512,1.53613,1.53487,1.53566,0
2017-12-17T19:00:00,1.53563,1.54243,1.5341200000000002,1.53731,0
2017-12-18T19:00:00,1.5371299999999999,1.5469,1.53598,1.5468,0
2017-12-19T19:00:00,1.5467,1.55264,1.54186,1.54826,0
2017-12-20T19:00:00,1.54793,1.55198,1.5379399999999999,1.53797,0
2017-12-21T19:00:00,1.5379800000000001,1.53869,1.53251,1.53688,0
2017-12-23T19:00:00,1.53626,1.53646,1.53501,1.53518,0
2017-12-24T19:00:00,1.53518,1.53806,1.5338,1.53687,0
2017-12-25T19:00:00,1.53682,1.5383900000000001,1.5336699999999999,1.53379,0
2017-12-26T19:00:00,1.5337399999999999,1.53441,1.52783,1.5307,0
2017-12-27T19:00:00,1.53064,1.53476,1.5287,1.53178,0
2017-12-28T19:00:00,1.53174,1.53928,1.5303900000000001,1.53728,0
2017-12-31T19:00:00,1.53266,1.54081,1.53266,1.53992,0
2018-01-01T19:00:00,1.53951,1.54291,1.53217,1.54019,0
2018-01-02T19:00:00,1.5401500000000001,1.5430199999999998,1.5315400000000001,1.5343900000000001,0
2018-01-03T19:00:00,1.5344,1.54142,1.53119,1.53436,0
2018-01-04T19:00:00,1.53422,1.53932,1.52882,1.5299,0
2018-01-06T19:00:00,1.52868,1.5314999999999999,1.52848,1.53147,0
2018-01-07T19:00:00,1.53146,1.5340099999999999,1.5252400000000002,1.5256699999999999,0
2018-01-08T19:00:00,1.5258500000000002,1.5272999999999999,1.52159,1.52704,0
2018-01-09T19:00:00,1.5268899999999999,1.5310700000000002,1.5223900000000001,1.52355,0
2018-01-10T19:00:00,1.52339,1.53118,1.5153699999999999,1.52697,0
2018-01-11T19:00:00,1.5269,1.54454,1.52597,1.5403799999999999,0
2018-01-13T19:00:00,1.54202,1.54277,1.54053,1.54155,0
2018-01-14T19:00:00,1.5414400000000001,1.544,1.53515,1.54086,0
2018-01-15T19:00:00,1.5408,1.54236,1.53402,1.53938,0
2018-01-16T19:00:00,1.5392000000000001,1.54088,1.52665,1.52789,0
2018-01-17T19:00:00,1.52794,1.5343200000000001,1.52579,1.52805,0
2018-01-18T19:00:00,1.52814,1.5324,1.5268899999999999,1.5286300000000002,0
2018-01-20T19:00:00,1.53285,1.53305,1.53015,1.53153,0
2018-01-21T19:00:00,1.5316800000000002,1.53254,1.52684,1.53043,0
2018-01-22T19:00:00,1.5304,1.5396999999999998,1.52843,1.5378699999999998,0
2018-01-23T19:00:00,1.53806,1.54109,1.52779,1.5393599999999998,0
2018-01-24T19:00:00,1.53922,1.54941,1.5333999999999999,1.54317,0
2018-01-25T19:00:00,1.54331,1.54573,1.52943,1.53176,0
2018-01-27T19:00:00,1.5328,1.53281,1.53079,1.53144,0
2018-01-28T19:00:00,1.53119,1.53592,1.52588,1.52915,0
2018-01-29T19:00:00,1.5290300000000001,1.53776,1.52772,1.53185,0
2018-01-30T19:00:00,1.53193,1.54243,1.53171,1.54055,0
2018-01-31T19:00:00,1.54043,1.55749,1.53985,1.55599,0
2018-02-01T19:00:00,1.55609,1.57298,1.5557699999999999,1.57161,0
2018-02-03T19:00:00,1.57065,1.57569,1.5699800000000002,1.57443,0
2018-02-04T19:00:00,1.57429,1.57453,1.56333,1.5697999999999999,0
2018-02-05T19:00:00,1.5700699999999999,1.5795400000000002,1.5643799999999999,1.5682800000000001,0
2018-02-06T19:00:00,1.56845,1.57457,1.56382,1.5696400000000001,0
2018-02-07T19:00:00,1.5695000000000001,1.5767099999999998,1.56477,1.57404,0
2018-02-08T19:00:00,1.57433,1.5783800000000001,1.56466,1.56746,0
2018-02-10T19:00:00,1.56616,1.56765,1.56612,1.56658,0
2018-02-11T19:00:00,1.56673,1.5711300000000001,1.56224,1.56524,0
2018-02-12T19:00:00,1.56534,1.57789,1.56066,1.57131,0
2018-02-13T19:00:00,1.57135,1.58159,1.56906,1.57219,0
2018-02-14T19:00:00,1.5721699999999998,1.58038,1.56745,1.57393,0
2018-02-15T19:00:00,1.57415,1.57721,1.5675599999999998,1.56812,0
2018-02-17T19:00:00,1.5682800000000001,1.56992,1.56827,1.56867,0
2018-02-18T19:00:00,1.56883,1.56927,1.56508,1.5676999999999999,0
2018-02-19T19:00:00,1.56772,1.56989,1.5605099999999998,1.5651199999999998,0
2018-02-20T19:00:00,1.56511,1.57517,1.56163,1.57481,0
2018-02-21T19:00:00,1.57489,1.57542,1.56752,1.57243,0
2018-02-22T19:00:00,1.57237,1.5758299999999998,1.5682399999999999,1.5687600000000002,0
2018-02-24T19:00:00,1.56745,1.56806,1.56586,1.56753,0
2018-02-25T19:00:00,1.56749,1.57171,1.56175,1.5687,0
2018-02-26T19:00:00,1.5687,1.5734,1.56596,1.5686499999999999,0
2018-02-27T19:00:00,1.56866,1.57222,1.56256,1.57029,0
2018-02-28T19:00:00,1.57029,1.5822699999999998,1.56992,1.58023,0
2018-03-01T19:00:00,1.58032,1.5918700000000001,1.57862,1.58721,0
2018-03-03T19:00:00,1.5888900000000001,1.59215,1.58712,1.58806,0
2018-03-04T19:00:00,1.58813,1.5935899999999998,1.58586,1.58866,0
2018-03-05T19:00:00,1.5886200000000001,1.59657,1.58229,1.59447,0
2018-03-06T19:00:00,1.59446,1.59768,1.58522,1.5857700000000001,0
2018-03-07T19:00:00,1.58586,1.59399,1.57881,1.5794700000000002,0
2018-03-08T19:00:00,1.57959,1.5823800000000001,1.56762,1.56791,0
2018-03-10T19:00:00,1.56791,1.56825,1.5647799999999998,1.5656400000000001,0
2018-03-11T20:00:00,1.56561,1.56837,1.56217,1.5673300000000001,0
2018-03-12T20:00:00,1.56725,1.5790899999999999,1.56474,1.57661,0
2018-03-13T20:00:00,1.57667,1.5775700000000001,1.56379,1.57024,0
2018-03-14T20:00:00,1.5699999999999998,1.57995,1.56949,1.57977,0
2018-03-15T20:00:00,1.57975,1.5937700000000001,1.57842,1.59295,0
2018-03-17T20:00:00,1.59247,1.59313,1.591,1.59116,0
2018-03-18T20:00:00,1.59162,1.6025800000000001,1.5897999999999999,1.60039,0
2018-03-19T20:00:00,1.60006,1.60395,1.5920800000000002,1.5927099999999998,0
2018-03-20T20:00:00,1.5926200000000001,1.59995,1.58592,1.58789,0
2018-03-21T20:00:00,1.58793,1.60278,1.58727,1.60134,0
2018-03-22T20:00:00,1.6011199999999999,1.6055000000000001,1.59433,1.60429,0
2018-03-24T20:00:00,1.60273,1.6052300000000002,1.60222,1.6023100000000001,0
2018-03-25T20:00:00,1.60232,1.61314,1.5974599999999999,1.60625,0
2018-03-26T20:00:00,1.60602,1.61627,1.6051600000000001,1.61423,0
2018-03-27T20:00:00,1.6141999999999999,1.6190099999999998,1.60497,1.6069900000000001,0
2018-03-28T20:00:00,1.6069200000000001,1.61172,1.5995300000000001,1.6006,0
2018-03-29T20:00:00,1.6005500000000001,1.6042,1.59819,1.6041400000000001,0
2018-03-31T20:00:00,1.60137,1.6030600000000002,1.60039,1.60242,0
2018-04-01T20:00:00,1.6024,1.6084399999999999,1.60088,1.60621,0
2018-04-02T20:00:00,1.60619,1.60619,1.5935000000000001,1.59828,0
2018-04-03T20:00:00,1.59816,1.6056,1.5897999999999999,1.59139,0
2018-04-04T20:00:00,1.59143,1.5996700000000001,1.59019,1.59715,0
2018-04-05T20:00:00,1.5971899999999999,1.60214,1.59118,1.59979,0
2018-04-07T20:00:00,1.59835,1.60068,1.59707,1.59799,0
2018-04-08T20:00:00,1.59803,1.60599,1.5946099999999999,1.60012,0
2018-04-09T20:00:00,1.60022,1.6017700000000001,1.589,1.5923,0
2018-04-10T20:00:00,1.59242,1.59939,1.5912600000000001,1.59371,0
2018-04-11T20:00:00,1.5936,1.5962100000000001,1.58691,1.58915,0
2018-04-12T20:00:00,1.58893,1.5896,1.57742,1.58843,0
2018-04-14T20:00:00,1.5870199999999999,1.58829,1.58479,1.5864,0
2018-04-15T20:00:00,1.5864099999999999,1.59467,1.58548,1.5926900000000002,0
2018-04-16T20:00:00,1.59253,1.5954199999999998,1.58786,1.59277,0
2018-04-17T20:00:00,1.59273,1.59639,1.58805,1.58933,0
2018-04-18T20:00:00,1.58931,1.5992,1.58477,1.59864,0
2018-04-19T20:00:00,1.59859,1.6029900000000001,1.5973199999999999,1.60215,0
2018-04-21T20:00:00,1.59923,1.60256,1.59901,1.60248,0
2018-04-22T20:00:00,1.60241,1.60605,1.5974300000000001,1.60599,0
2018-04-23T20:00:00,1.6060699999999999,1.61129,1.60203,1.60877,0
2018-04-24T20:00:00,1.6089799999999999,1.61396,1.60644,1.60782,0
2018-04-25T20:00:00,1.6079400000000001,1.6109200000000001,1.6011600000000001,1.60273,0
2018-04-26T20:00:00,1.60275,1.6052300000000002,1.5967099999999999,1.5998999999999999,0
2018-04-28T20:00:00,1.5996899999999998,1.6006,1.59918,1.60057,0
2018-04-29T20:00:00,1.60056,1.60558,1.59961,1.60395,0
2018-04-30T20:00:00,1.60368,1.6043500000000002,1.59979,1.60253,0
2018-05-01T20:00:00,1.60249,1.6039400000000001,1.59333,1.5960800000000002,0
2018-05-02T20:00:00,1.5960299999999998,1.5966200000000002,1.5890900000000001,1.59222,0
2018-05-03T20:00:00,1.59199,1.59245,1.58433,1.58731,0
2018-05-05T20:00:00,1.58498,1.58911,1.58498,1.5888499999999999,0
2018-05-06T20:00:00,1.5887,1.5914700000000002,1.58377,1.58689,0
2018-05-07T20:00:00,1.58701,1.59419,1.58545,1.5934,0
2018-05-08T20:00:00,1.59351,1.59627,1.5868,1.58846,0
2018-05-09T20:00:00,1.58838,1.59022,1.58122,1.58305,0
2018-05-10T20:00:00,1.5828,1.5849600000000001,1.57752,1.58289,0
2018-05-12T20:00:00,1.5821,1.58354,1.5820400000000001,1.58289,0
2018-05-13T20:00:00,1.58276,1.5883,1.58158,1.5852300000000001,0
2018-05-14T20:00:00,1.5851,1.58873,1.58224,1.58274,0
2018-05-15T20:00:00,1.5827499999999999,1.58664,1.56891,1.5716,0
2018-05-16T20:00:00,1.5715400000000002,1.57273,1.56583,1.57084,0
2018-05-17T20:00:00,1.5709499999999998,1.57267,1.56534,1.5668199999999999,0
2018-05-19T20:00:00,1.56509,1.5660500000000002,1.56224,1.56378,0
2018-05-20T20:00:00,1.56375,1.56445,1.55315,1.55495,0
2018-05-21T20:00:00,1.55472,1.5567199999999999,1.54879,1.55542,0
2018-05-22T20:00:00,1.55535,1.56178,1.54613,1.5475400000000001,0
2018-05-23T20:00:00,1.54745,1.55254,1.5459,1.54823,0
2018-05-24T20:00:00,1.5483500000000001,1.5487600000000001,1.5405,1.5436999999999999,0
2018-05-26T20:00:00,1.5446900000000001,1.54705,1.54444,1.54667,0
2018-05-27T20:00:00,1.54663,1.54945,1.53711,1.54071,0
2018-05-28T20:00:00,1.54053,1.54547,1.53149,1.54169,0
2018-05-29T20:00:00,1.54152,1.54399,1.53624,1.54074,0
2018-05-30T20:00:00,1.5407,1.54645,1.53695,1.54609,0
2018-05-31T20:00:00,1.54607,1.5529600000000001,1.53944,1.54033,0
2018-06-02T20:00:00,1.5409000000000002,1.54231,1.53991,1.54162,0
2018-06-03T20:00:00,1.54148,1.5415,1.52731,1.5289899999999998,0
2018-06-04T20:00:00,1.5288599999999999,1.5392700000000001,1.5283600000000002,1.53804,0
2018-06-05T20:00:00,1.53772,1.53908,1.5281799999999999,1.5372,0
2018-06-06T20:00:00,1.53752,1.55119,1.53701,1.5485799999999998,0
2018-06-07T20:00:00,1.54839,1.55572,1.54757,1.54928,0
2018-06-09T20:00:00,1.5502,1.55084,1.5481,1.5499399999999999,0
2018-06-10T20:00:00,1.5498699999999999,1.55254,1.54705,1.54818,0
2018-06-11T20:00:00,1.54812,1.55187,1.5442,1.5508899999999999,0
2018-06-12T20:00:00,1.55594,1.55965,1.55572,1.55935,0
2018-06-13T20:00:00,1.55998,1.56494,1.55655,1.5627900000000001,0
2018-06-14T20:00:00,1.54867,1.56026,1.54836,1.55972,0
2018-06-16T20:00:00,1.55716,1.55883,1.557,1.55799,0
2018-06-17T20:00:00,1.55826,1.57253,1.5543900000000002,1.5708,0
2018-06-18T20:00:00,1.57243,1.57351,1.5639699999999999,1.56818,0
2018-06-19T20:00:00,1.56816,1.5722399999999999,1.5618699999999999,1.57051,0
2018-06-20T20:00:00,1.5704500000000001,1.57435,1.56323,1.57314,0
2018-06-21T20:00:00,1.5731199999999999,1.57551,1.5653299999999999,1.5667499999999999,0
2018-06-24T20:00:00,1.56712,1.5817999999999999,1.5657999999999999,1.5784099999999999,0
2018-06-25T20:00:00,1.57837,1.58228,1.5747499999999999,1.5756299999999999,0
2018-06-26T20:00:00,1.5746799999999999,1.5826799999999999,1.56972,1.57368,0
2018-06-27T20:00:00,1.5730300000000002,1.57851,1.57134,1.5728900000000001,0
2018-06-28T20:00:00,1.57212,1.58086,1.5716700000000001,1.57732,0
2018-07-01T20:00:00,1.5758299999999998,1.5870600000000001,1.57464,1.58555,0
2018-07-02T20:00:00,1.58529,1.58876,1.57477,1.5784799999999999,0
2018-07-03T20:00:00,1.57762,1.58079,1.57279,1.57847,0
2018-07-04T20:00:00,1.57795,1.58709,1.57774,1.5824799999999999,0
2018-07-05T20:00:00,1.5819100000000001,1.5850300000000002,1.57793,1.5806499999999999,0
2018-07-08T20:00:00,1.5788799999999998,1.58151,1.5722800000000001,1.57386,0
2018-07-09T20:00:00,1.57344,1.5759699999999999,1.57001,1.57392,0
2018-07-10T20:00:00,1.57511,1.58818,1.57508,1.5843099999999999,0
2018-07-11T20:00:00,1.5842,1.58596,1.57505,1.57508,0
2018-07-12T20:00:00,1.57462,1.57724,1.57128,1.57395,0
2018-07-15T20:00:00,1.5743200000000002,1.57955,1.57182,1.5779800000000002,0
2018-07-16T20:00:00,1.57756,1.5827900000000001,1.5753599999999999,1.5783,0
2018-07-17T20:00:00,1.57722,1.58307,1.57281,1.57331,0
2018-07-18T20:00:00,1.5725,1.58465,1.56566,1.5826,0
2018-07-19T20:00:00,1.5821399999999999,1.58901,1.57813,1.57985,0
2018-07-22T20:00:00,1.57959,1.58632,1.5785900000000002,1.58371,0
2018-07-23T20:00:00,1.58352,1.58697,1.57442,1.57514,0
2018-07-24T20:00:00,1.57369,1.5807799999999999,1.5702099999999999,1.57304,0
2018-07-25T20:00:00,1.5727799999999998,1.58072,1.5727799999999998,1.5781800000000001,0
2018-07-26T20:00:00,1.57697,1.57884,1.57203,1.57437,0
2018-07-29T20:00:00,1.5746799999999999,1.5819299999999998,1.5735700000000001,1.5798,0
2018-07-30T20:00:00,1.57928,1.58201,1.57236,1.57362,0
2018-07-31T20:00:00,1.57206,1.5789499999999999,1.57206,1.57458,0
2018-08-01T20:00:00,1.57419,1.5793300000000001,1.57282,1.5733899999999998,0
2018-08-02T20:00:00,1.57378,1.5750600000000001,1.56281,1.5636100000000002,0
2018-08-05T20:00:00,1.56311,1.56578,1.56149,1.5638,0
2018-08-06T20:00:00,1.5635400000000002,1.56529,1.55797,1.5628,0
2018-08-07T20:00:00,1.56203,1.56755,1.56067,1.56172,0
2018-08-08T20:00:00,1.56427,1.5651899999999999,1.55883,1.5631599999999999,0
2018-08-09T20:00:00,1.56242,1.57024,1.56082,1.56317,0
2018-08-12T20:00:00,1.56272,1.5696400000000001,1.5617100000000002,1.5685099999999998,0
2018-08-13T20:00:00,1.5684399999999998,1.5726900000000001,1.56647,1.56694,0
2018-08-14T20:00:00,1.56569,1.57168,1.56509,1.56703,0
2018-08-15T20:00:00,1.5666600000000002,1.57213,1.56284,1.5664099999999999,0
2018-08-16T20:00:00,1.56612,1.56832,1.5632000000000001,1.56324,0
2018-08-19T20:00:00,1.56319,1.5663399999999998,1.5602800000000001,1.56456,0
2018-08-20T20:00:00,1.56337,1.57186,1.56331,1.5710199999999999,0
2018-08-21T20:00:00,1.5705200000000001,1.57977,1.57006,1.57722,0
2018-08-22T20:00:00,1.5769199999999999,1.5933199999999998,1.57541,1.5919400000000001,0
2018-08-23T20:00:00,1.59087,1.59467,1.58301,1.58597,0
2018-08-26T20:00:00,1.5835,1.5903,1.5835,1.5895000000000001,0
2018-08-27T20:00:00,1.5877,1.59546,1.5877,1.59335,0
2018-08-28T20:00:00,1.59336,1.6056,1.5913,1.6014599999999999,0
2018-08-29T20:00:00,1.6006,1.60843,1.5984699999999998,1.60617,0
2018-08-30T20:00:00,1.60522,1.61606,1.60521,1.61306,0
2018-09-02T20:00:00,1.61188,1.61727,1.60763,1.61018,0
2018-09-03T20:00:00,1.60999,1.61509,1.60413,1.61337,0
2018-09-04T20:00:00,1.6124100000000001,1.62019,1.60705,1.61635,0
2018-09-05T20:00:00,1.61661,1.62218,1.61311,1.61464,0
2018-09-06T20:00:00,1.61281,1.62903,1.6126800000000001,1.6263800000000002,0
2018-09-09T20:00:00,1.6257899999999998,1.63197,1.6225399999999999,1.6297899999999998,0
2018-09-10T20:00:00,1.62842,1.6354,1.62817,1.6296599999999999,0
2018-09-11T20:00:00,1.62881,1.6340400000000002,1.6197599999999999,1.6211799999999998,0
2018-09-12T20:00:00,1.6207500000000001,1.62633,1.61375,1.62561,0
2018-09-13T20:00:00,1.62436,1.6286100000000001,1.6227,1.62449,0
2018-09-16T20:00:00,1.62368,1.62831,1.62364,1.62759,0
2018-09-17T20:00:00,1.62653,1.63333,1.61561,1.61591,0
2018-09-18T20:00:00,1.61551,1.61704,1.60609,1.60652,0
2018-09-19T20:00:00,1.6063,1.61707,1.6052,1.61497,0
2018-09-20T20:00:00,1.615,1.61764,1.61139,1.6116000000000001,0
2018-09-23T20:00:00,1.6158000000000001,1.62433,1.61342,1.61985,0
2018-09-24T20:00:00,1.62005,1.62541,1.6184500000000002,1.62271,0
2018-09-25T20:00:00,1.6218599999999999,1.62352,1.6121400000000001,1.61706,0
2018-09-26T20:00:00,1.61627,1.6211,1.61469,1.61469,0
2018-09-27T20:00:00,1.61469,1.61582,1.60303,1.60503,0
2018-09-30T20:00:00,1.60675,1.6093600000000001,1.60114,1.60255,0
2018-10-01T20:00:00,1.60256,1.60827,1.59857,1.6060400000000001,0
2018-10-02T20:00:00,1.60602,1.61807,1.6056300000000001,1.61536,0
2018-10-03T20:00:00,1.61539,1.62792,1.61402,1.62605,0
2018-10-04T20:00:00,1.62675,1.63531,1.62496,1.63338,0
2018-10-07T20:00:00,1.63206,1.63476,1.6226,1.6231200000000001,0
2018-10-08T20:00:00,1.6229200000000001,1.62623,1.61747,1.61747,0
2018-10-09T20:00:00,1.61741,1.6354,1.6147200000000002,1.63219,0
2018-10-10T20:00:00,1.63338,1.6357599999999999,1.62286,1.62721,0
2018-10-11T20:00:00,1.62621,1.63019,1.6178599999999999,1.62413,0
2018-10-14T20:00:00,1.62201,1.62693,1.62115,1.62372,0
2018-10-15T20:00:00,1.6237,1.6284399999999999,1.62035,1.6204,0
2018-10-16T20:00:00,1.62046,1.62264,1.61593,1.61747,0
2018-10-17T20:00:00,1.6173,1.61836,1.6103100000000001,1.61299,0
2018-10-18T20:00:00,1.61297,1.6185399999999999,1.60487,1.61683,0
2018-10-21T20:00:00,1.61774,1.62277,1.61489,1.61873,0
2018-10-22T20:00:00,1.61857,1.62499,1.61785,1.61848,0
2018-10-23T20:00:00,1.6183999999999998,1.61991,1.60535,1.61269,0
2018-10-24T20:00:00,1.6133600000000001,1.61616,1.60339,1.60625,0
2018-10-25T20:00:00,1.60598,1.61896,1.60529,1.60704,0
2018-10-28T20:00:00,1.60469,1.61505,1.60285,1.61136,0
2018-10-29T20:00:00,1.61134,1.61198,1.59554,1.59641,0
2018-10-30T20:00:00,1.59611,1.60347,1.59557,1.5990799999999998,0
2018-10-31T20:00:00,1.59897,1.59954,1.5822,1.5830600000000001,0
2018-11-01T20:00:00,1.58297,1.58536,1.5742699999999998,1.58202,0
2018-11-04T19:00:00,1.58274,1.58524,1.57945,1.58168,0
2018-11-05T19:00:00,1.58152,1.58317,1.57548,1.57687,0
2018-11-06T19:00:00,1.5762399999999999,1.58273,1.56982,1.56992,0
2018-11-07T19:00:00,1.56954,1.5733899999999998,1.56325,1.5655700000000001,0
2018-11-08T19:00:00,1.56558,1.56967,1.5636,1.5680100000000001,0
2018-11-11T19:00:00,1.56723,1.56881,1.56136,1.5631300000000001,0
2018-11-12T19:00:00,1.5634000000000001,1.56663,1.5575,1.5634000000000001,0
2018-11-13T19:00:00,1.56326,1.56936,1.5627900000000001,1.5629300000000002,0
2018-11-14T19:00:00,1.56269,1.56498,1.55202,1.5560100000000001,0
2018-11-15T19:00:00,1.5559500000000002,1.5643500000000001,1.55535,1.55674,0
2018-11-18T19:00:00,1.56095,1.5723,1.55781,1.5695299999999999,0
2018-11-19T19:00:00,1.5697100000000002,1.5771600000000001,1.56704,1.57593,0
2018-11-20T19:00:00,1.57619,1.57816,1.5663,1.56718,0
2018-11-21T19:00:00,1.5670600000000001,1.57578,1.5664,1.57137,0
2018-11-22T19:00:00,1.57148,1.57557,1.56452,1.56703,0
2018-11-25T19:00:00,1.5674299999999999,1.5701,1.56338,1.56856,0
2018-11-26T19:00:00,1.56877,1.5705,1.5596999999999999,1.562,0
2018-11-27T19:00:00,1.56181,1.56328,1.5518399999999999,1.5554999999999999,0
2018-11-28T19:00:00,1.55546,1.55899,1.55057,1.5564,0
2018-11-29T19:00:00,1.55623,1.55806,1.5464799999999999,1.54729,0
2018-12-02T19:00:00,1.5376699999999999,1.54425,1.53465,1.54274,0
2018-12-03T19:00:00,1.54268,1.5465900000000001,1.54034,1.54521,0
2018-12-04T19:00:00,1.5451000000000001,1.56249,1.5422,1.56032,0
2018-12-05T19:00:00,1.5602,1.57854,1.55952,1.5721500000000002,0
2018-12-06T19:00:00,1.57128,1.58456,1.5705900000000002,1.58038,0
2018-12-09T19:00:00,1.58447,1.58853,1.57897,1.57925,0
2018-12-10T19:00:00,1.57924,1.5817700000000001,1.56995,1.57053,0
2018-12-11T19:00:00,1.56994,1.5763099999999999,1.56726,1.5742,0
2018-12-12T19:00:00,1.57385,1.57653,1.56732,1.57124,0
2018-12-13T19:00:00,1.57178,1.5823,1.57078,1.5746799999999999,0
2018-12-16T19:00:00,1.57464,1.5822699999999998,1.57431,1.58047,0
2018-12-17T19:00:00,1.5803099999999999,1.58552,1.57657,1.5816400000000002,0
2018-12-18T19:00:00,1.5811600000000001,1.60375,1.5806200000000001,1.59985,0
2018-12-19T19:00:00,1.59966,1.6142699999999999,1.59731,1.6092,0
2018-12-20T19:00:00,1.6097299999999999,1.6164,1.60246,1.6159400000000002,0
2018-12-23T19:00:00,1.61482,1.62042,1.61056,1.61799,0
2018-12-25T19:00:00,1.61925,1.6228,1.6050900000000001,1.6056300000000001,0
2018-12-26T19:00:00,1.60599,1.63156,1.6047099999999999,1.62514,0
2018-12-27T19:00:00,1.62479,1.62693,1.62026,1.625,0
2018-12-30T19:00:00,1.62297,1.6269900000000002,1.61622,1.6263100000000001,0
2019-01-01T19:00:00,1.6248399999999998,1.63476,1.61896,1.6238000000000001,0
2019-01-02T19:00:00,1.62355,1.68005,1.62314,1.62612,0
2019-01-03T19:00:00,1.6260599999999998,1.63066,1.6000999999999999,1.60061,0
2019-01-06T19:00:00,1.60097,1.60869,1.59973,1.6047799999999999,0
2019-01-07T19:00:00,1.60476,1.6075300000000001,1.6005099999999999,1.60194,0
2019-01-08T19:00:00,1.60187,1.61022,1.59695,1.60928,0
2019-01-09T19:00:00,1.60922,1.6154,1.59955,1.6002,0
2019-01-10T19:00:00,1.60027,1.60237,1.58833,1.58879,0
2019-01-13T19:00:00,1.58825,1.59894,1.58825,1.5931,0
2019-01-14T19:00:00,1.59295,1.59446,1.5828799999999998,1.5843099999999999,0
2019-01-15T19:00:00,1.58423,1.59128,1.58056,1.58887,0
2019-01-16T19:00:00,1.5886900000000002,1.5922,1.57842,1.5830600000000001,0
2019-01-17T19:00:00,1.5829900000000001,1.58807,1.57744,1.5861800000000001,0
2019-01-20T19:00:00,1.58493,1.5914700000000002,1.58439,1.58752,0
2019-01-21T19:00:00,1.5870199999999999,1.59665,1.5870199999999999,1.59399,0
2019-01-22T19:00:00,1.5937700000000001,1.5973899999999999,1.58929,1.59338,0
2019-01-23T19:00:00,1.59275,1.60377,1.58908,1.59311,0
2019-01-24T19:00:00,1.5924399999999999,1.59824,1.5877,1.58778,0
2019-01-27T19:00:00,1.58815,1.59692,1.58509,1.5943800000000001,0
2019-01-28T19:00:00,1.59406,1.60059,1.59369,1.59738,0
2019-01-29T19:00:00,1.5971600000000001,1.5990600000000001,1.58053,1.58377,0
2019-01-30T19:00:00,1.5838299999999998,1.5856599999999998,1.5720800000000001,1.57293,0
2019-01-31T19:00:00,1.57295,1.58174,1.5724200000000002,1.57996,0
2019-02-03T19:00:00,1.57973,1.5859,1.5794700000000002,1.58217,0
2019-02-04T19:00:00,1.58196,1.58981,1.57298,1.5759699999999999,0
2019-02-05T19:00:00,1.5758100000000002,1.5994000000000002,1.57442,1.59884,0
2019-02-06T19:00:00,1.59877,1.60148,1.59256,1.59645,0
2019-02-07T19:00:00,1.59633,1.60598,1.5952899999999999,1.59647,0
2019-02-10T19:00:00,1.59627,1.59989,1.5929600000000002,1.5965099999999999,0
2019-02-11T19:00:00,1.59646,1.59758,1.5904500000000001,1.5959699999999999,0
2019-02-12T19:00:00,1.59596,1.59731,1.58612,1.58803,0
2019-02-13T19:00:00,1.58768,1.59456,1.58217,1.58928,0
2019-02-14T19:00:00,1.5892,1.5941100000000001,1.5802399999999999,1.58141,0
2019-02-17T19:00:00,1.58201,1.58731,1.57999,1.58572,0
2019-02-18T19:00:00,1.58571,1.5914700000000002,1.58155,1.58223,0
2019-02-19T19:00:00,1.58196,1.5867200000000001,1.58161,1.5822500000000002,0
2019-02-20T19:00:00,1.5822500000000002,1.60196,1.5742699999999998,1.59749,0
2019-02-21T19:00:00,1.5978400000000001,1.6001400000000001,1.5870600000000001,1.58941,0
2019-02-24T19:00:00,1.58751,1.5894,1.58097,1.58407,0
2019-02-25T19:00:00,1.5840800000000002,1.59009,1.5822699999999998,1.58425,0
2019-02-26T19:00:00,1.5842399999999999,1.5963,1.58203,1.59199,0
2019-02-27T19:00:00,1.59195,1.6046,1.58779,1.60241,0
2019-02-28T19:00:00,1.6020400000000001,1.60721,1.59833,1.6043500000000002,0
2019-03-03T19:00:00,1.60091,1.6056300000000001,1.59701,1.5986099999999999,0
2019-03-04T19:00:00,1.59856,1.6038000000000001,1.5949,1.5959400000000001,0
2019-03-05T19:00:00,1.5955599999999999,1.61216,1.59409,1.6075300000000001,0
2019-03-06T19:00:00,1.60759,1.61105,1.59334,1.59528,0
2019-03-07T19:00:00,1.59504,1.60019,1.59311,1.5939299999999998,0
2019-03-10T20:00:00,1.59692,1.59794,1.58968,1.58994,0
2019-03-11T20:00:00,1.59001,1.59557,1.58944,1.59356,0
2019-03-12T20:00:00,1.59335,1.60124,1.59315,1.59618,0
2019-03-13T20:00:00,1.59625,1.60572,1.5958700000000001,1.59981,0
2019-03-14T20:00:00,1.5994199999999998,1.60091,1.59598,1.59776,0
2019-03-17T20:00:00,1.59724,1.5996299999999999,1.59304,1.59573,0
2019-03-18T20:00:00,1.5952600000000001,1.6020400000000001,1.5940699999999999,1.60129,0
2019-03-19T20:00:00,1.60135,1.60772,1.59684,1.60364,0
2019-03-20T20:00:00,1.60338,1.60473,1.59487,1.59862,0
2019-03-21T20:00:00,1.59851,1.6021100000000001,1.5887799999999999,1.59519,0
2019-03-24T20:00:00,1.59455,1.59829,1.59023,1.59028,0
2019-03-25T20:00:00,1.5901,1.59173,1.57802,1.57863,0
2019-03-26T20:00:00,1.5785200000000001,1.5916700000000001,1.5782699999999998,1.58687,0
2019-03-27T20:00:00,1.58692,1.5904,1.58335,1.5854599999999999,0
2019-03-28T20:00:00,1.58526,1.58739,1.57944,1.58034,0
2019-03-31T20:00:00,1.57584,1.57971,1.57453,1.57607,0
2019-04-01T20:00:00,1.57653,1.5868600000000002,1.57138,1.58434,0
2019-04-02T20:00:00,1.58439,1.5879400000000001,1.5762,1.5790899999999999,0
2019-04-03T20:00:00,1.57903,1.58111,1.5752899999999999,1.57721,0
2019-04-04T20:00:00,1.57713,1.58142,1.5750199999999999,1.57776,0
2019-04-07T20:00:00,1.5778699999999999,1.5840800000000002,1.57699,1.57987,0
2019-04-08T20:00:00,1.57959,1.58235,1.57596,1.58059,0
2019-04-09T20:00:00,1.58025,1.5834700000000002,1.57138,1.57159,0
2019-04-10T20:00:00,1.5715400000000002,1.5817999999999999,1.57046,1.5789499999999999,0
2019-04-11T20:00:00,1.5772,1.58528,1.57365,1.57456,0
2019-04-14T20:00:00,1.57416,1.5789900000000001,1.57315,1.5754000000000001,0
2019-04-15T20:00:00,1.5753300000000001,1.58346,1.57179,1.57182,0
2019-04-16T20:00:00,1.57165,1.5771,1.56837,1.5725500000000001,0
2019-04-17T20:00:00,1.57271,1.57653,1.5694599999999999,1.56997,0
2019-04-18T20:00:00,1.5697999999999999,1.57355,1.5680100000000001,1.57112,0
2019-04-21T20:00:00,1.57124,1.5788799999999998,1.56993,1.57735,0
2019-04-22T20:00:00,1.5771899999999999,1.58283,1.5755,1.58072,0
2019-04-23T20:00:00,1.5805,1.5958999999999999,1.58002,1.58931,0
2019-04-24T20:00:00,1.58963,1.59304,1.58619,1.5863,0
2019-04-25T20:00:00,1.58609,1.588,1.58067,1.58369,0
2019-04-28T20:00:00,1.5830600000000001,1.58536,1.5805799999999999,1.58481,0
2019-04-29T20:00:00,1.58443,1.5947,1.58273,1.59012,0
2019-04-30T20:00:00,1.59048,1.5989,1.58888,1.59554,0
2019-05-01T20:00:00,1.5954199999999998,1.59911,1.59401,1.59527,0
2019-05-02T20:00:00,1.59523,1.59944,1.59202,1.59437,0
2019-05-05T20:00:00,1.60229,1.6064,1.5983,1.6015899999999998,0
2019-05-06T20:00:00,1.60129,1.60381,1.5905,1.59546,0
2019-05-07T20:00:00,1.59514,1.6019299999999999,1.59446,1.60104,0
2019-05-08T20:00:00,1.60081,1.6121400000000001,1.59758,1.60399,0
2019-05-09T20:00:00,1.60385,1.6084100000000001,1.6003500000000002,1.60396,0
2019-05-12T20:00:00,1.60582,1.61884,1.6025399999999999,1.6158299999999999,0
2019-05-13T20:00:00,1.6157599999999999,1.6195599999999999,1.61266,1.61311,0
2019-05-14T20:00:00,1.6130900000000001,1.62047,1.6125699999999998,1.61638,0
2019-05-15T20:00:00,1.61646,1.62523,1.61597,1.6207,0
2019-05-16T20:00:00,1.62074,1.62621,1.62042,1.62386,0
2019-05-19T20:00:00,1.6141299999999998,1.6200299999999999,1.60961,1.61609,0
2019-05-20T20:00:00,1.6159,1.6250900000000001,1.61227,1.6208200000000001,0
2019-05-21T20:00:00,1.62056,1.62379,1.61944,1.6200700000000001,0
2019-05-22T20:00:00,1.62008,1.62379,1.61744,1.61997,0
2019-05-23T20:00:00,1.61974,1.6247099999999999,1.61634,1.61663,0
2019-05-26T20:00:00,1.61622,1.61875,1.61528,1.6173899999999999,0
2019-05-27T20:00:00,1.6172900000000001,1.61815,1.61134,1.61139,0
2019-05-28T20:00:00,1.61116,1.61392,1.6087,1.6087799999999999,0
2019-05-29T20:00:00,1.60873,1.6124399999999999,1.6050499999999999,1.60996,0
2019-05-30T20:00:00,1.60846,1.61448,1.6069200000000001,1.60929,0
2019-06-02T20:00:00,1.6102400000000001,1.61354,1.6068,1.6106500000000001,0
2019-06-03T20:00:00,1.6106099999999999,1.61606,1.60754,1.60928,0
2019-06-04T20:00:00,1.60924,1.61503,1.6070799999999998,1.60933,0
2019-06-05T20:00:00,1.60931,1.61787,1.60765,1.61555,0
2019-06-06T20:00:00,1.61557,1.61975,1.61417,1.61817,0
2019-06-09T20:00:00,1.61493,1.6265,1.61493,1.62478,0
2019-06-10T20:00:00,1.62432,1.6288,1.62358,1.62669,0
2019-06-11T20:00:00,1.6266,1.63266,1.6265100000000001,1.6287,0
2019-06-12T20:00:00,1.62863,1.63625,1.6273499999999999,1.6303100000000001,0
2019-06-13T20:00:00,1.63034,1.63636,1.63005,1.63056,0
2019-06-16T20:00:00,1.63023,1.6388,1.62981,1.6367,0
2019-06-17T20:00:00,1.6366800000000001,1.64481,1.62756,1.62756,0
2019-06-18T20:00:00,1.6273,1.63442,1.62653,1.63053,0
2019-06-19T20:00:00,1.63056,1.63632,1.6296300000000001,1.63037,0
2019-06-20T20:00:00,1.63052,1.6417000000000002,1.6287099999999999,1.64065,0
2019-06-23T20:00:00,1.63958,1.6411799999999999,1.63469,1.63625,0
2019-06-24T20:00:00,1.63595,1.63997,1.63157,1.63253,0
2019-06-25T20:00:00,1.6324800000000002,1.63407,1.6241400000000001,1.62732,0
2019-06-26T20:00:00,1.62724,1.6284399999999999,1.62198,1.62201,0
2019-06-27T20:00:00,1.6219700000000001,1.62547,1.61828,1.6188,0
2019-06-30T20:00:00,1.61539,1.6259299999999999,1.61448,1.61982,0
2019-07-01T20:00:00,1.61943,1.6208900000000002,1.6133,1.6133,0
2019-07-02T20:00:00,1.61274,1.61658,1.60255,1.60415,0
2019-07-03T20:00:00,1.6041400000000001,1.6082100000000001,1.60188,1.60662,0
2019-07-04T20:00:00,1.60578,1.6110799999999998,1.60371,1.60743,0
2019-07-07T20:00:00,1.60784,1.60967,1.60492,1.60799,0
2019-07-08T20:00:00,1.608,1.61893,1.60731,1.61741,0
2019-07-09T20:00:00,1.6174300000000001,1.62307,1.61534,1.61624,0
2019-07-10T20:00:00,1.61618,1.61904,1.61165,1.61351,0
2019-07-11T20:00:00,1.61322,1.6142400000000001,1.6044,1.60522,0
2019-07-14T20:00:00,1.60585,1.60734,1.59894,1.59912,0
2019-07-15T20:00:00,1.5991300000000002,1.60103,1.5945200000000002,1.59851,0
2019-07-16T20:00:00,1.5985200000000002,1.6034199999999998,1.59707,1.6011199999999999,0
2019-07-17T20:00:00,1.6011,1.6034199999999998,1.59232,1.59369,0
2019-07-18T20:00:00,1.59344,1.59485,1.5894599999999999,1.59286,0
2019-07-21T20:00:00,1.5920999999999998,1.59531,1.58942,1.5931,0
2019-07-22T20:00:00,1.59301,1.59473,1.58938,1.59172,0
2019-07-23T20:00:00,1.5918,1.5976,1.59154,1.5966,0
2019-07-24T20:00:00,1.59672,1.6091,1.59206,1.60317,0
2019-07-25T20:00:00,1.60337,1.6110600000000002,1.60274,1.60937,0
2019-07-28T20:00:00,1.61066,1.61554,1.60928,1.61477,0
2019-07-29T20:00:00,1.61479,1.62321,1.61279,1.62295,0
2019-07-30T20:00:00,1.62293,1.62477,1.61466,1.61776,0
2019-07-31T20:00:00,1.61803,1.63144,1.61077,1.6295899999999999,0
2019-08-01T20:00:00,1.62999,1.63922,1.62567,1.63276,0
2019-08-04T20:00:00,1.63361,1.6579700000000002,1.63297,1.65782,0
2019-08-05T20:00:00,1.65795,1.66263,1.6457899999999999,1.65636,0
2019-08-06T20:00:00,1.65586,1.67862,1.6531099999999999,1.6568100000000001,0
2019-08-07T20:00:00,1.6568800000000001,1.66062,1.6427399999999999,1.64307,0
2019-08-08T20:00:00,1.64341,1.65224,1.6406,1.64958,0
2019-08-11T20:00:00,1.65014,1.66236,1.64765,1.66069,0
2019-08-12T20:00:00,1.6608,1.6619899999999999,1.63934,1.64307,0
2019-08-13T20:00:00,1.6425999999999998,1.6593900000000001,1.64135,1.6505100000000001,0
2019-08-14T20:00:00,1.65046,1.6514600000000002,1.63568,1.63839,0
2019-08-15T20:00:00,1.63857,1.64096,1.6308500000000001,1.6355300000000002,0
2019-08-18T20:00:00,1.63521,1.6409,1.63362,1.63727,0
2019-08-19T20:00:00,1.63747,1.6406800000000001,1.63093,1.63755,0
2019-08-20T20:00:00,1.6375,1.63848,1.63235,1.63452,0
2019-08-21T20:00:00,1.63456,1.6419700000000002,1.63396,1.6395300000000002,0
2019-08-22T20:00:00,1.63963,1.6526100000000001,1.63575,1.6492499999999999,0
2019-08-25T20:00:00,1.6546699999999999,1.66805,1.63636,1.63846,0
2019-08-26T20:00:00,1.63834,1.647,1.63727,1.64234,0
2019-08-27T20:00:00,1.64255,1.6465800000000002,1.6396,1.6449500000000001,0
2019-08-28T20:00:00,1.6450900000000002,1.65015,1.6397,1.64314,0
2019-08-29T20:00:00,1.64349,1.6474,1.62939,1.62939,0
2019-09-01T20:00:00,1.6329,1.63522,1.62978,1.6329,0
2019-09-02T20:00:00,1.63305,1.63516,1.62202,1.62306,0
2019-09-03T20:00:00,1.62314,1.6247099999999999,1.6177000000000001,1.62324,0
2019-09-04T20:00:00,1.62334,1.62418,1.61579,1.6191499999999999,0
2019-09-05T20:00:00,1.61903,1.6204,1.6091,1.60972,0
2019-09-08T20:00:00,1.61091,1.61208,1.6049,1.6098,0
2019-09-09T20:00:00,1.6093,1.61189,1.60764,1.60949,0
2019-09-10T20:00:00,1.6096599999999999,1.61286,1.6012499999999998,1.60411,0
2019-09-11T20:00:00,1.60438,1.61281,1.5905399999999998,1.61129,0
2019-09-12T20:00:00,1.61129,1.6167500000000001,1.60691,1.60917,0
2019-09-15T20:00:00,1.61313,1.6131600000000001,1.60168,1.60232,0
2019-09-16T20:00:00,1.60217,1.61383,1.60155,1.6126,0
2019-09-17T20:00:00,1.61258,1.61828,1.61166,1.61514,0
2019-09-18T20:00:00,1.61518,1.63018,1.6146500000000001,1.62538,0
2019-09-19T20:00:00,1.62501,1.62975,1.6222699999999999,1.62941,0
2019-09-22T20:00:00,1.6246800000000001,1.62853,1.6200700000000001,1.62275,0
2019-09-23T20:00:00,1.62271,1.6240999999999999,1.6154600000000001,1.61995,0
2019-09-24T20:00:00,1.61993,1.6283699999999999,1.61688,1.62083,0
2019-09-25T20:00:00,1.62099,1.6236899999999999,1.6144500000000002,1.6180400000000001,0
2019-09-26T20:00:00,1.61796,1.6219999999999999,1.61322,1.61687,0
2019-09-29T20:00:00,1.61807,1.62148,1.61192,1.61421,0
2019-09-30T20:00:00,1.61425,1.6339299999999999,1.6074000000000002,1.63022,0
2019-10-01T20:00:00,1.6305399999999999,1.63681,1.62777,1.63361,0
2019-10-02T20:00:00,1.63373,1.635,1.62599,1.62602,0
2019-10-03T20:00:00,1.62628,1.62831,1.6208200000000001,1.6222699999999999,0
2019-10-06T20:00:00,1.62473,1.63165,1.6225800000000001,1.62906,0
2019-10-07T20:00:00,1.62913,1.63136,1.62526,1.62825,0
2019-10-08T20:00:00,1.62818,1.6324,1.62574,1.6313499999999999,0
2019-10-09T20:00:00,1.6313900000000001,1.63699,1.62635,1.6276899999999999,0
2019-10-10T20:00:00,1.62774,1.6298,1.62035,1.62419,0
2019-10-13T20:00:00,1.62445,1.63511,1.62187,1.62675,0
2019-10-14T20:00:00,1.6267800000000001,1.6344400000000001,1.62456,1.63342,0
2019-10-15T20:00:00,1.63324,1.6433,1.6316000000000002,1.63767,0
2019-10-16T20:00:00,1.6381299999999999,1.63995,1.62601,1.63001,0
2019-10-17T20:00:00,1.6299700000000001,1.63066,1.62609,1.62894,0
2019-10-20T20:00:00,1.62901,1.63018,1.62196,1.62324,0
2019-10-21T20:00:00,1.6232199999999999,1.62501,1.62062,1.62239,0
2019-10-22T20:00:00,1.62255,1.62704,1.62144,1.62386,0
2019-10-23T20:00:00,1.62398,1.63102,1.62348,1.62816,0
2019-10-24T20:00:00,1.62808,1.63042,1.62117,1.62417,0
2019-10-27T20:00:00,1.6238299999999999,1.62724,1.62153,1.62293,0
2019-10-28T20:00:00,1.6229900000000002,1.62356,1.61673,1.61866,0
2019-10-29T20:00:00,1.61868,1.62184,1.61484,1.6151900000000001,0
2019-10-30T20:00:00,1.61497,1.62086,1.61128,1.61749,0
2019-10-31T20:00:00,1.61747,1.6196899999999999,1.61327,1.61483,0
2019-11-03T19:00:00,1.61503,1.6178,1.6122100000000001,1.61642,0
2019-11-04T19:00:00,1.6165,1.61805,1.60429,1.60641,0
2019-11-05T19:00:00,1.60635,1.6109499999999999,1.6045099999999999,1.6072899999999999,0
2019-11-06T19:00:00,1.6075300000000001,1.61168,1.59754,1.6018,0
2019-11-07T19:00:00,1.60176,1.60956,1.5996299999999999,1.60657,0
2019-11-10T19:00:00,1.60705,1.61174,1.60616,1.6103800000000001,0
2019-11-11T19:00:00,1.61033,1.61396,1.6081400000000001,1.60915,0
2019-11-12T19:00:00,1.60913,1.61449,1.6053899999999999,1.60942,0
2019-11-13T19:00:00,1.60921,1.62609,1.6089,1.6239400000000002,0
2019-11-14T19:00:00,1.62399,1.62644,1.6202,1.62025,0
2019-11-17T19:00:00,1.62108,1.62702,1.62077,1.6255899999999999,0
2019-11-18T19:00:00,1.62544,1.6307399999999999,1.62093,1.62248,0
2019-11-19T19:00:00,1.6221100000000002,1.63042,1.62167,1.62748,0
2019-11-20T19:00:00,1.6276899999999999,1.63233,1.62702,1.62939,0
2019-11-21T19:00:00,1.62917,1.63154,1.62381,1.62385,0
2019-11-24T19:00:00,1.6219700000000001,1.62671,1.62126,1.62465,0
2019-11-25T19:00:00,1.62435,1.62727,1.62154,1.62354,0
2019-11-26T19:00:00,1.6235,1.62599,1.62121,1.6231,0
2019-11-27T19:00:00,1.62307,1.62877,1.62296,1.62595,0
2019-11-28T19:00:00,1.62507,1.63147,1.6223999999999998,1.62955,0
2019-12-01T19:00:00,1.62825,1.6294300000000002,1.6214499999999998,1.62469,0
2019-12-02T19:00:00,1.6247500000000001,1.62531,1.61483,1.6183,0
2019-12-03T19:00:00,1.6183800000000002,1.6261299999999999,1.61568,1.61726,0
2019-12-04T19:00:00,1.6160700000000001,1.62677,1.6160700000000001,1.62402,0
2019-12-05T19:00:00,1.62459,1.62575,1.615,1.6166399999999999,0
2019-12-08T19:00:00,1.61826,1.62368,1.61707,1.6214,0
2019-12-09T19:00:00,1.62127,1.6291799999999999,1.6191200000000001,1.62896,0
2019-12-10T19:00:00,1.62877,1.62984,1.61545,1.61849,0
2019-12-11T19:00:00,1.61825,1.6211,1.6094300000000001,1.61055,0
2019-12-12T19:00:00,1.61063,1.6234600000000001,1.60637,1.61695,0
2019-12-15T19:00:00,1.61534,1.6221299999999998,1.61486,1.61844,0
2019-12-16T19:00:00,1.6202299999999998,1.6313900000000001,1.61832,1.62732,0
2019-12-17T19:00:00,1.62718,1.62863,1.62002,1.62138,0
2019-12-18T19:00:00,1.62155,1.6230099999999998,1.6146099999999999,1.61496,0
2019-12-19T19:00:00,1.6146500000000001,1.61597,1.60328,1.60483,0
2019-12-22T19:00:00,1.60646,1.60714,1.59876,1.60168,0
2019-12-23T19:00:00,1.6018,1.6040100000000002,1.59941,1.60103,0
2019-12-25T19:00:00,1.60232,1.6028099999999998,1.59718,1.59749,0
2019-12-26T19:00:00,1.59761,1.6035300000000001,1.5970499999999999,1.59997,0
2019-12-29T19:00:00,1.59944,1.60355,1.59821,1.60099,0
2019-12-30T19:00:00,1.60097,1.60154,1.5963699999999998,1.59735,0
2020-01-01T19:00:00,1.59702,1.6023,1.59692,1.59713,0
2020-01-02T19:00:00,1.59645,1.60628,1.59622,1.6061800000000002,0
2020-01-05T19:00:00,1.6082,1.61513,1.6048499999999999,1.61345,0
2020-01-06T19:00:00,1.61281,1.62704,1.61232,1.62347,0
2020-01-07T19:00:00,1.62368,1.62938,1.61615,1.6175000000000002,0
2020-01-08T19:00:00,1.6172499999999999,1.62171,1.6155300000000001,1.61916,0
2020-01-09T19:00:00,1.61921,1.6212900000000001,1.6090200000000001,1.61192,0
2020-01-12T19:00:00,1.61129,1.61346,1.60812,1.6127099999999999,0
2020-01-13T19:00:00,1.61234,1.61693,1.60866,1.61215,0
2020-01-14T19:00:00,1.61224,1.61988,1.61138,1.61496,0
2020-01-15T19:00:00,1.61482,1.61642,1.61019,1.6143100000000001,0
2020-01-16T19:00:00,1.61422,1.6175899999999999,1.61023,1.61369,0
2020-01-19T19:00:00,1.6134,1.61626,1.61151,1.61422,0
2020-01-20T19:00:00,1.61409,1.6210900000000001,1.61232,1.61898,0
2020-01-21T19:00:00,1.6191900000000001,1.62303,1.61706,1.62074,0
2020-01-22T19:00:00,1.62035,1.62243,1.6108799999999999,1.61432,0
2020-01-23T19:00:00,1.6145,1.61795,1.6107,1.6153,0
2020-01-26T19:00:00,1.61834,1.63138,1.61697,1.62969,0
2020-01-27T19:00:00,1.62961,1.63564,1.62812,1.62982,0
2020-01-28T19:00:00,1.62988,1.6333,1.62501,1.63003,0
2020-01-29T19:00:00,1.63018,1.6468699999999998,1.62974,1.64099,0
2020-01-30T19:00:00,1.64097,1.6593499999999999,1.6393499999999999,1.65911,0
2020-02-02T19:00:00,1.65926,1.65926,1.64689,1.65262,0
2020-02-03T19:00:00,1.65244,1.65605,1.6382400000000001,1.63882,0
2020-02-04T19:00:00,1.6385399999999999,1.64226,1.62612,1.6302400000000001,0
2020-02-05T19:00:00,1.63026,1.63242,1.62569,1.63194,0
2020-02-06T19:00:00,1.63156,1.64482,1.62989,1.63896,0
2020-02-09T19:00:00,1.64083,1.64236,1.63154,1.63174,0
2020-02-10T19:00:00,1.6317300000000001,1.63267,1.6213,1.62561,0
2020-02-11T19:00:00,1.62555,1.6265399999999999,1.61295,1.61387,0
2020-02-12T19:00:00,1.6139299999999999,1.62121,1.60857,1.61326,0
2020-02-13T19:00:00,1.61335,1.61656,1.60968,1.61301,0
2020-02-16T19:00:00,1.61209,1.61429,1.60989,1.61396,0
2020-02-17T19:00:00,1.61396,1.62286,1.61304,1.61378,0
2020-02-18T19:00:00,1.6137700000000001,1.61916,1.6111,1.61809,0
2020-02-19T19:00:00,1.6181100000000002,1.63316,1.6145399999999999,1.6302699999999999,0
2020-02-20T19:00:00,1.63021,1.64071,1.6288399999999998,1.63685,0
2020-02-23T19:00:00,1.64286,1.6444999999999999,1.63676,1.6433,0
2020-02-24T19:00:00,1.64329,1.65025,1.63897,1.64781,0
2020-02-25T19:00:00,1.64763,1.66288,1.64444,1.6624400000000001,0
2020-02-26T19:00:00,1.66284,1.67486,1.66127,1.67439,0
2020-02-27T19:00:00,1.6742,1.7068400000000001,1.6703700000000001,1.69524,0
2020-03-01T19:00:00,1.70713,1.71257,1.68765,1.7022300000000001,0
2020-03-02T19:00:00,1.70161,1.71024,1.683,1.6968,0
2020-03-03T19:00:00,1.69699,1.69974,1.6774499999999999,1.68015,0
2020-03-04T19:00:00,1.68019,1.70181,1.67781,1.69893,0
2020-03-05T19:00:00,1.69902,1.71089,1.6929699999999999,1.69929,0
2020-03-08T20:00:00,1.7168999999999999,1.82031,1.70873,1.73654,0
2020-03-09T20:00:00,1.7351299999999998,1.7533699999999999,1.72323,1.73424,0
2020-03-10T20:00:00,1.73388,1.74807,1.72862,1.7378900000000002,0
2020-03-11T20:00:00,1.73797,1.7983099999999999,1.73349,1.79346,0
2020-03-12T20:00:00,1.79373,1.81086,1.7638500000000001,1.79691,0
2020-03-15T20:00:00,1.8003200000000001,1.83342,1.7692700000000001,1.8264200000000002,0
2020-03-16T20:00:00,1.82648,1.84257,1.8149,1.8334000000000001,0
2020-03-17T20:00:00,1.83332,1.8950900000000002,1.82442,1.89024,0
2020-03-18T20:00:00,1.89015,1.9798200000000001,1.80252,1.86116,0
2020-03-19T20:00:00,1.8609499999999999,1.8823699999999999,1.8009300000000001,1.8427099999999998,0
2020-03-22T20:00:00,1.84051,1.87481,1.83551,1.83551,0
2020-03-23T20:00:00,1.83719,1.84657,1.8091,1.81061,0
2020-03-24T20:00:00,1.8097699999999999,1.82833,1.78343,1.82589,0
2020-03-25T20:00:00,1.82603,1.85712,1.8120699999999998,1.81863,0
2020-03-26T20:00:00,1.81893,1.82858,1.79427,1.8064,0
2020-03-29T20:00:00,1.80472,1.81658,1.78545,1.7880500000000001,0
2020-03-30T20:00:00,1.78809,1.80907,1.77332,1.79729,0
2020-03-31T20:00:00,1.79725,1.8124500000000001,1.76752,1.80478,0
2020-04-01T20:00:00,1.80438,1.8074599999999998,1.78793,1.79115,0
2020-04-02T20:00:00,1.79073,1.80592,1.78478,1.80362,0
2020-04-05T20:00:00,1.79636,1.80406,1.76799,1.77267,0
2020-04-06T20:00:00,1.7726,1.77549,1.7549700000000001,1.76535,0
2020-04-07T20:00:00,1.76572,1.77579,1.74073,1.74251,0
2020-04-08T20:00:00,1.74233,1.75048,1.72051,1.72362,0
2020-04-09T20:00:00,1.72272,1.7301600000000001,1.71773,1.7212,0
2020-04-12T20:00:00,1.7225899999999998,1.72821,1.7033800000000001,1.70875,0
2020-04-13T20:00:00,1.7084000000000001,1.7163300000000001,1.70035,1.70416,0
2020-04-14T20:00:00,1.7040600000000001,1.7315,1.70382,1.7260499999999999,0
2020-04-15T20:00:00,1.72523,1.7351,1.71261,1.71261,0
2020-04-16T20:00:00,1.71158,1.71634,1.70179,1.7087599999999998,0
2020-04-19T20:00:00,1.7048,1.71486,1.7016499999999999,1.71404,0
2020-04-20T20:00:00,1.71359,1.73211,1.71151,1.72841,0
2020-04-21T20:00:00,1.72844,1.72936,1.7088100000000002,1.71123,0
2020-04-22T20:00:00,1.71133,1.71976,1.6885,1.69165,0
2020-04-23T20:00:00,1.6913,1.69784,1.6872099999999999,1.69226,0
2020-04-26T20:00:00,1.6945999999999999,1.69512,1.67459,1.67489,0
2020-04-27T20:00:00,1.6749800000000001,1.68224,1.66411,1.66666,0
2020-04-28T20:00:00,1.6666400000000001,1.66804,1.65778,1.65795,0
2020-04-29T20:00:00,1.65807,1.68316,1.65393,1.68194,0
2020-04-30T20:00:00,1.68224,1.71402,1.68129,1.70995,0
2020-05-03T20:00:00,1.70999,1.7196099999999999,1.69425,1.69596,0
2020-05-04T20:00:00,1.69591,1.69852,1.6782599999999999,1.6850100000000001,0
2020-05-05T20:00:00,1.6857199999999999,1.6880199999999999,1.67637,1.6857199999999999,0
2020-05-06T20:00:00,1.68448,1.69242,1.66119,1.6677,0
2020-05-07T20:00:00,1.6676199999999999,1.6687699999999999,1.65723,1.65965,0
2020-05-10T20:00:00,1.65669,1.67428,1.6533,1.66519,0
2020-05-11T20:00:00,1.6643400000000002,1.6773,1.66071,1.67632,0
2020-05-12T20:00:00,1.67475,1.68141,1.66683,1.6756799999999998,0
2020-05-13T20:00:00,1.6752,1.68387,1.6701700000000002,1.67183,0
2020-05-14T20:00:00,1.6719,1.68925,1.66933,1.6861199999999998,0
2020-05-17T20:00:00,1.68311,1.68674,1.6690800000000001,1.6729,0
2020-05-18T20:00:00,1.67217,1.67717,1.66281,1.67077,0
2020-05-19T20:00:00,1.6707800000000002,1.6761599999999999,1.66146,1.66392,0
2020-05-20T20:00:00,1.66391,1.67344,1.66316,1.66734,0
2020-05-21T20:00:00,1.66723,1.67638,1.66631,1.66794,0
2020-05-24T20:00:00,1.66718,1.67022,1.6635499999999999,1.6642299999999999,0
2020-05-25T20:00:00,1.66433,1.66676,1.64689,1.6503299999999999,0
2020-05-26T20:00:00,1.65016,1.6716199999999999,1.64535,1.66116,0
2020-05-27T20:00:00,1.66197,1.6705999999999999,1.65862,1.66891,0
2020-05-28T20:00:00,1.66902,1.67725,1.6633200000000001,1.6657,0
2020-05-31T20:00:00,1.66891,1.67066,1.6362,1.63802,0
2020-06-01T20:00:00,1.6381700000000001,1.6416300000000001,1.61875,1.61938,0
2020-06-02T20:00:00,1.6198299999999999,1.63164,1.6033,1.62311,0
2020-06-03T20:00:00,1.62273,1.63656,1.62004,1.6330200000000001,0
2020-06-04T20:00:00,1.6328399999999998,1.6356600000000001,1.61672,1.62035,0
2020-06-07T20:00:00,1.62047,1.62255,1.6074199999999998,1.60853,0
2020-06-08T20:00:00,1.6090499999999999,1.6326399999999999,1.60662,1.6288399999999998,0
2020-06-09T20:00:00,1.6279599999999999,1.6348799999999999,1.61578,1.62496,0
2020-06-10T20:00:00,1.6249799999999999,1.65594,1.62306,1.64819,0
2020-06-11T20:00:00,1.64702,1.65859,1.6379899999999998,1.6389200000000002,0
2020-06-14T20:00:00,1.6405699999999999,1.65733,1.63453,1.63628,0
2020-06-15T20:00:00,1.6362299999999999,1.6430500000000001,1.62472,1.63487,0
2020-06-16T20:00:00,1.6332499999999999,1.64256,1.62212,1.63312,0
2020-06-17T20:00:00,1.63335,1.6421999999999999,1.63077,1.63532,0
2020-06-18T20:00:00,1.63463,1.63726,1.62587,1.63504,0
2020-06-21T20:00:00,1.64143,1.6414499999999999,1.62655,1.62994,0
2020-06-22T20:00:00,1.62899,1.6381700000000001,1.6244100000000001,1.63166,0
2020-06-23T20:00:00,1.6295,1.64158,1.62643,1.6378300000000001,0
2020-06-24T20:00:00,1.63672,1.64086,1.62849,1.62874,0
2020-06-25T20:00:00,1.62754,1.6371799999999999,1.6273900000000001,1.63495,0
2020-06-28T20:00:00,1.63351,1.6445400000000001,1.6326399999999999,1.6367699999999998,0
2020-06-29T20:00:00,1.63593,1.6404100000000001,1.6263999999999998,1.62716,0
2020-06-30T20:00:00,1.62748,1.63005,1.62099,1.62679,0
2020-07-01T20:00:00,1.62679,1.63057,1.6219700000000001,1.62253,0
2020-07-02T20:00:00,1.62128,1.62493,1.61631,1.61812,0
2020-07-05T20:00:00,1.6216,1.62535,1.61769,1.62165,0
2020-07-06T20:00:00,1.62081,1.62805,1.6173600000000001,1.62269,0
2020-07-07T20:00:00,1.61842,1.62809,1.61842,1.62279,0
2020-07-08T20:00:00,1.62205,1.62718,1.61986,1.62039,0
2020-07-09T20:00:00,1.61947,1.62921,1.61873,1.6259299999999999,0
2020-07-12T20:00:00,1.62343,1.63459,1.6223100000000001,1.63439,0
2020-07-13T20:00:00,1.63381,1.64011,1.6315,1.63415,0
2020-07-14T20:00:00,1.6331799999999999,1.6349200000000002,1.62553,1.62816,0
2020-07-15T20:00:00,1.62786,1.6349200000000002,1.6249500000000001,1.63276,0
2020-07-16T20:00:00,1.63267,1.63875,1.6287099999999999,1.63312,0
2020-07-19T20:00:00,1.63144,1.6406,1.62955,1.63137,0
2020-07-20T20:00:00,1.63089,1.63246,1.61155,1.61699,0
2020-07-21T20:00:00,1.61728,1.62344,1.61021,1.6202800000000002,0
2020-07-22T20:00:00,1.61742,1.63464,1.61559,1.6336300000000001,0
2020-07-23T20:00:00,1.63281,1.6434,1.63016,1.63997,0
2020-07-26T20:00:00,1.64094,1.64978,1.63769,1.64363,0
2020-07-27T20:00:00,1.64392,1.64661,1.63521,1.6358700000000002,0
2020-07-28T20:00:00,1.6349399999999998,1.64408,1.63398,1.64039,0
2020-07-29T20:00:00,1.63948,1.65463,1.63869,1.6465999999999998,0
2020-07-30T20:00:00,1.6461999999999999,1.6529099999999999,1.64526,1.6481400000000002,0
2020-08-02T20:00:00,1.6497000000000002,1.6558199999999998,1.64697,1.65093,0
2020-08-03T20:00:00,1.6505800000000002,1.6539199999999998,1.64341,1.64831,0
2020-08-04T20:00:00,1.64873,1.6503,1.64073,1.6495199999999999,0
2020-08-05T20:00:00,1.6479599999999999,1.65202,1.63896,1.64134,0
2020-08-06T20:00:00,1.6412499999999999,1.64788,1.63849,1.64582,0
2020-08-09T20:00:00,1.6452,1.64763,1.6398899999999998,1.64169,0
2020-08-10T20:00:00,1.64126,1.64479,1.63525,1.64343,0
2020-08-11T20:00:00,1.6437599999999999,1.6517300000000001,1.64187,1.6452900000000001,0
2020-08-12T20:00:00,1.6450399999999998,1.6536,1.64338,1.65226,0
2020-08-13T20:00:00,1.65251,1.655,1.64919,1.65077,0
2020-08-16T20:00:00,1.6521599999999999,1.65269,1.6437,1.64526,0
2020-08-17T20:00:00,1.64306,1.65293,1.64306,1.64718,0
2020-08-18T20:00:00,1.64709,1.64962,1.64144,1.64785,0
2020-08-19T20:00:00,1.64749,1.65506,1.6463,1.64899,0
2020-08-20T20:00:00,1.64846,1.65052,1.64132,1.6474,0
2020-08-23T20:00:00,1.64435,1.64845,1.64375,1.64566,0
2020-08-24T20:00:00,1.6447,1.6520700000000001,1.64349,1.6449099999999999,0
2020-08-25T20:00:00,1.64429,1.64546,1.63374,1.63541,0
2020-08-26T20:00:00,1.63525,1.6362999999999999,1.6274,1.6283699999999999,0
2020-08-27T20:00:00,1.62553,1.62974,1.61595,1.61624,0
2020-08-30T20:00:00,1.61552,1.62234,1.6150600000000002,1.61814,0
2020-08-31T20:00:00,1.61796,1.62465,1.61521,1.61564,0
2020-09-01T20:00:00,1.6158000000000001,1.62126,1.61405,1.6154600000000001,0
2020-09-02T20:00:00,1.61429,1.63109,1.61371,1.62923,0
2020-09-03T20:00:00,1.62877,1.63272,1.6229200000000001,1.62494,0
2020-09-06T20:00:00,1.62422,1.6273300000000002,1.62256,1.6231200000000001,0
2020-09-07T20:00:00,1.6231200000000001,1.63377,1.61765,1.63211,0
2020-09-08T20:00:00,1.63213,1.63525,1.62038,1.62045,0
2020-09-09T20:00:00,1.62026,1.63137,1.62001,1.62757,0
2020-09-10T20:00:00,1.62731,1.62971,1.6233499999999998,1.62655,0
2020-09-13T20:00:00,1.6248399999999998,1.63354,1.62244,1.62778,0
2020-09-14T20:00:00,1.6261100000000002,1.63266,1.61745,1.62236,0
2020-09-15T20:00:00,1.62205,1.6234600000000001,1.61239,1.61723,0
2020-09-16T20:00:00,1.61626,1.62348,1.6124399999999999,1.62031,0
2020-09-17T20:00:00,1.619,1.62512,1.61701,1.6244399999999999,0
2020-09-20T20:00:00,1.62418,1.6312799999999998,1.6193,1.62937,0
2020-09-21T20:00:00,1.62663,1.63633,1.62558,1.63211,0
2020-09-22T20:00:00,1.63151,1.6494499999999999,1.63127,1.64858,0
2020-09-23T20:00:00,1.64869,1.65926,1.64349,1.6553499999999999,0
2020-09-24T20:00:00,1.65205,1.65786,1.6477300000000001,1.6538300000000001,0
2020-09-27T20:00:00,1.65217,1.65468,1.64726,1.64899,0
2020-09-28T20:00:00,1.64907,1.64966,1.64017,1.64618,0
2020-09-29T20:00:00,1.64593,1.65138,1.6330200000000001,1.6361400000000001,0
2020-09-30T20:00:00,1.6363699999999999,1.63771,1.63156,1.63472,0
2020-10-01T20:00:00,1.63428,1.64209,1.63292,1.6353499999999999,0
2020-10-04T20:00:00,1.63297,1.6419700000000002,1.6307800000000001,1.6407500000000002,0
2020-10-05T20:00:00,1.6400000000000001,1.65252,1.6362700000000001,1.65208,0
2020-10-06T20:00:00,1.65138,1.65339,1.64578,1.6468699999999998,0
2020-10-07T20:00:00,1.64688,1.65093,1.6392099999999998,1.64022,0
2020-10-08T20:00:00,1.63952,1.6421999999999999,1.6327099999999999,1.63347,0
2020-10-11T20:00:00,1.63521,1.6388500000000001,1.6329099999999999,1.63827,0
2020-10-12T20:00:00,1.63789,1.64596,1.6361400000000001,1.63957,0
2020-10-13T20:00:00,1.6394600000000001,1.64198,1.6337000000000002,1.6398000000000001,0
2020-10-14T20:00:00,1.63986,1.6568,1.6381299999999999,1.65014,0
2020-10-15T20:00:00,1.65014,1.6583999999999999,1.6491799999999999,1.65544,0
2020-10-18T20:00:00,1.65389,1.66715,1.64851,1.66327,0
2020-10-19T20:00:00,1.6644700000000001,1.68275,1.66345,1.67728,0
2020-10-20T20:00:00,1.67705,1.67825,1.6639300000000001,1.6663700000000001,0
2020-10-21T20:00:00,1.66554,1.6712500000000001,1.65956,1.66024,0
2020-10-22T20:00:00,1.66013,1.66655,1.65533,1.66148,0
2020-10-25T20:00:00,1.6606100000000001,1.66601,1.65335,1.65774,0
2020-10-26T20:00:00,1.65789,1.6606100000000001,1.65419,1.65428,0
2020-10-27T20:00:00,1.65459,1.6686,1.64603,1.66669,0
2020-10-28T20:00:00,1.66669,1.66864,1.6581299999999999,1.6606,0
2020-10-29T20:00:00,1.6595900000000001,1.66412,1.65287,1.6570399999999998,0
2020-11-01T19:00:00,1.65741,1.66406,1.6486399999999999,1.64943,0
2020-11-02T19:00:00,1.64961,1.6575,1.63361,1.63464,0
2020-11-03T19:00:00,1.6350099999999999,1.6504400000000001,1.62865,1.63104,0
2020-11-04T19:00:00,1.63253,1.63925,1.62284,1.62284,0
2020-11-05T19:00:00,1.62361,1.6373600000000001,1.6230799999999999,1.6356199999999999,0
2020-11-08T19:00:00,1.63235,1.63504,1.61905,1.6208,0
2020-11-09T19:00:00,1.62103,1.62828,1.6188500000000001,1.6215899999999999,0
2020-11-10T19:00:00,1.62167,1.62433,1.61444,1.61756,0
2020-11-11T19:00:00,1.61726,1.63353,1.6158299999999999,1.63219,0
2020-11-12T19:00:00,1.6320999999999999,1.63436,1.62645,1.62756,0
2020-11-15T19:00:00,1.62743,1.6291,1.61589,1.61863,0
2020-11-16T19:00:00,1.61867,1.62808,1.61767,1.6246,0
2020-11-17T19:00:00,1.62478,1.63048,1.61887,1.62203,0
2020-11-18T19:00:00,1.6221,1.6308500000000001,1.62164,1.62863,0
2020-11-19T19:00:00,1.62896,1.63348,1.6204800000000001,1.62327,0
2020-11-22T19:00:00,1.6228099999999999,1.6268799999999999,1.61911,1.62481,0
2020-11-23T19:00:00,1.62497,1.6250900000000001,1.61222,1.61552,0
2020-11-24T19:00:00,1.61544,1.62452,1.6139999999999999,1.6173,0
2020-11-25T19:00:00,1.61694,1.62128,1.61551,1.61761,0
2020-11-26T19:00:00,1.6170900000000001,1.62002,1.61453,1.61837,0
2020-11-29T19:00:00,1.61923,1.62784,1.61631,1.6236000000000002,0
2020-11-30T19:00:00,1.62296,1.6385800000000001,1.6215000000000002,1.6366,0
2020-12-01T19:00:00,1.63601,1.64195,1.63193,1.63351,0
2020-12-02T19:00:00,1.63319,1.63714,1.62995,1.63171,0
2020-12-03T19:00:00,1.6312600000000002,1.64107,1.6304400000000001,1.63163,0
2020-12-06T19:00:00,1.63164,1.63997,1.62815,1.63089,0
2020-12-07T19:00:00,1.63129,1.63655,1.63035,1.63265,0
2020-12-08T19:00:00,1.6327,1.6348,1.6178,1.62043,0
2020-12-09T19:00:00,1.62253,1.6259299999999999,1.60903,1.6105399999999999,0
2020-12-10T19:00:00,1.6096,1.61415,1.60402,1.60732,0
2020-12-13T19:00:00,1.60717,1.6128900000000002,1.60447,1.6114199999999999,0
2020-12-14T19:00:00,1.61213,1.61799,1.60659,1.60702,0
2020-12-15T19:00:00,1.6072899999999999,1.61452,1.6061999999999999,1.6099700000000001,0
2020-12-16T19:00:00,1.6098,1.61219,1.60063,1.60861,0
2020-12-17T19:00:00,1.6076700000000002,1.6145399999999999,1.60587,1.60771,0
2020-12-20T19:00:00,1.60969,1.6256300000000001,1.60762,1.61266,0
2020-12-21T19:00:00,1.6125,1.62314,1.61174,1.61627,0
2020-12-22T19:00:00,1.61627,1.6177700000000002,1.60628,1.60806,0
2020-12-23T19:00:00,1.6078299999999999,1.61021,1.6023800000000001,1.60463,0
2020-12-27T19:00:00,1.6029200000000001,1.61529,1.60158,1.6115599999999999,0
2020-12-28T19:00:00,1.61118,1.61341,1.60639,1.6098,0
2020-12-29T19:00:00,1.60957,1.61121,1.59837,1.59968,0
2020-12-30T19:00:00,1.59923,1.60081,1.5828600000000002,1.58771,0
2021-01-03T19:00:00,1.5878299999999999,1.6029900000000001,1.58622,1.59708,0
2021-01-04T19:00:00,1.5971899999999999,1.59883,1.58155,1.58359,0
2021-01-05T19:00:00,1.58384,1.58796,1.57695,1.57934,0
2021-01-06T19:00:00,1.57952,1.58647,1.5782699999999998,1.57862,0
2021-01-07T19:00:00,1.5793599999999999,1.5813700000000002,1.5724200000000002,1.5738699999999999,0
2021-01-10T19:00:00,1.57456,1.58317,1.5723,1.57866,0
2021-01-11T19:00:00,1.57864,1.57927,1.56935,1.57022,0
2021-01-12T19:00:00,1.5705900000000002,1.57467,1.5684399999999998,1.57202,0
2021-01-13T19:00:00,1.5718299999999998,1.57233,1.5592899999999998,1.56167,0
2021-01-14T19:00:00,1.56189,1.57336,1.5610300000000001,1.56772,0
2021-01-17T19:00:00,1.567,1.57505,1.56575,1.5712899999999999,0
2021-01-18T19:00:00,1.57128,1.5769600000000001,1.56714,1.57568,0
2021-01-19T19:00:00,1.57501,1.57646,1.56018,1.5623,0
2021-01-20T19:00:00,1.56228,1.56845,1.5596700000000001,1.56612,0
2021-01-21T19:00:00,1.56628,1.58043,1.5653000000000001,1.5772599999999999,0
2021-01-24T19:00:00,1.57638,1.5785200000000001,1.57073,1.5737100000000002,0
2021-01-25T19:00:00,1.57355,1.57948,1.56834,1.56846,0
2021-01-26T19:00:00,1.56909,1.58258,1.5673599999999999,1.58003,0
2021-01-27T19:00:00,1.58023,1.59469,1.5762,1.57701,0
2021-01-28T19:00:00,1.5769199999999999,1.5891899999999999,1.57607,1.58804,0
2021-01-31T19:00:00,1.59097,1.59353,1.57873,1.5821399999999999,0
2021-02-01T19:00:00,1.5822,1.58967,1.577,1.58311,0
2021-02-02T19:00:00,1.58312,1.58375,1.57647,1.5796299999999999,0
2021-02-03T19:00:00,1.57985,1.57991,1.57057,1.57369,0
2021-02-04T19:00:00,1.57383,1.57633,1.5690300000000001,1.56928,0
2021-02-07T19:00:00,1.56909,1.57169,1.56172,1.5635599999999998,0
2021-02-08T19:00:00,1.56314,1.56884,1.56223,1.5658699999999999,0
2021-02-09T19:00:00,1.56575,1.57047,1.5649600000000001,1.56893,0
2021-02-10T19:00:00,1.5692300000000001,1.57078,1.56249,1.56437,0
2021-02-11T19:00:00,1.5642200000000002,1.5682800000000001,1.56111,1.56116,0
2021-02-14T19:00:00,1.56081,1.56208,1.55729,1.55824,0
2021-02-15T19:00:00,1.5585200000000001,1.5631599999999999,1.55593,1.55989,0
2021-02-16T19:00:00,1.55922,1.56351,1.55257,1.55273,0
2021-02-17T19:00:00,1.55209,1.56048,1.55046,1.55559,0
2021-02-18T19:00:00,1.55593,1.55754,1.5392700000000001,1.53969,0
2021-02-21T19:00:00,1.5389599999999999,1.54104,1.5343200000000001,1.53476,0
2021-02-22T19:00:00,1.53569,1.5402200000000001,1.53422,1.53515,0
2021-02-23T19:00:00,1.5347,1.5375100000000002,1.5259800000000001,1.52609,0
2021-02-24T19:00:00,1.52607,1.54775,1.52523,1.54563,0
2021-02-25T19:00:00,1.5461,1.56914,1.5444900000000001,1.56676,0
2021-02-28T19:00:00,1.5645799999999999,1.56633,1.54779,1.54935,0
2021-03-01T19:00:00,1.5494400000000002,1.55354,1.54094,1.5449000000000002,0
2021-03-02T19:00:00,1.5447899999999999,1.55145,1.54213,1.5508,0
2021-03-03T19:00:00,1.5505499999999999,1.5541,1.54218,1.5502799999999999,0
2021-03-04T19:00:00,1.54891,1.56098,1.54766,1.55023,0
2021-03-07T19:00:00,1.54851,1.55397,1.54432,1.54854,0
2021-03-08T19:00:00,1.54925,1.55288,1.54066,1.5412599999999999,0
2021-03-09T19:00:00,1.54181,1.54779,1.53905,1.54161,0
2021-03-10T19:00:00,1.54142,1.54304,1.5352999999999999,1.5377999999999998,0
2021-03-11T19:00:00,1.53788,1.5423499999999999,1.53668,1.54035,0
2021-03-14T20:00:00,1.5404900000000001,1.5457100000000001,1.53723,1.5373,0
2021-03-15T20:00:00,1.53704,1.54721,1.5344600000000002,1.53559,0
2021-03-16T20:00:00,1.53575,1.54596,1.53393,1.53632,0
2021-03-17T20:00:00,1.5347,1.5366,1.52699,1.5346600000000001,0
2021-03-18T20:00:00,1.5350899999999998,1.54108,1.53124,1.53661,0
2021-03-21T20:00:00,1.54001,1.54189,1.53715,1.5398100000000001,0
2021-03-22T20:00:00,1.53942,1.55462,1.53942,1.55358,0
2021-03-23T20:00:00,1.553,1.5607199999999999,1.55091,1.5568499999999998,0
2021-03-24T20:00:00,1.55697,1.5584500000000001,1.55072,1.5512899999999998,0
2021-03-25T20:00:00,1.55203,1.55263,1.54295,1.54314,0
2021-03-28T20:00:00,1.54344,1.54631,1.53872,1.54112,0
2021-03-29T20:00:00,1.5402900000000002,1.54451,1.53569,1.5419100000000001,0
2021-03-30T20:00:00,1.54193,1.5448499999999998,1.5380099999999999,1.5426199999999999,0
2021-03-31T20:00:00,1.54285,1.55524,1.54229,1.54552,0
2021-04-01T20:00:00,1.5455100000000002,1.54828,1.54154,1.54398,0
2021-04-04T20:00:00,1.5448499999999998,1.5463200000000001,1.54032,1.5430899999999999,0
2021-04-05T20:00:00,1.5430000000000001,1.55264,1.54165,1.54881,0
2021-04-06T20:00:00,1.5486900000000001,1.56104,1.54706,1.5590600000000001,0
2021-04-07T20:00:00,1.5590000000000002,1.5601500000000001,1.55277,1.55623,0
2021-04-08T20:00:00,1.5559699999999999,1.56622,1.55505,1.56189,0
2021-04-11T20:00:00,1.5592000000000001,1.56513,1.55806,1.56229,0
2021-04-12T20:00:00,1.56229,1.56741,1.5609899999999999,1.56305,0
2021-04-13T20:00:00,1.56289,1.5655700000000001,1.54863,1.54969,0
2021-04-14T20:00:00,1.54918,1.5534,1.5426199999999999,1.54287,0
2021-04-15T20:00:00,1.5428899999999999,1.54997,1.5428899999999999,1.54901,0
2021-04-18T20:00:00,1.54779,1.5528300000000002,1.54482,1.5505200000000001,0
2021-04-19T20:00:00,1.54974,1.55985,1.54412,1.55781,0
2021-04-20T20:00:00,1.55803,1.56082,1.5502799999999999,1.55107,0
2021-04-21T20:00:00,1.55114,1.5604,1.55047,1.5582500000000001,0
2021-04-22T20:00:00,1.5592700000000002,1.56115,1.55289,1.56094,0
2021-04-25T20:00:00,1.56162,1.56204,1.54592,1.54909,0
2021-04-26T20:00:00,1.54907,1.5568,1.5472299999999999,1.55625,0
2021-04-27T20:00:00,1.55625,1.56332,1.55416,1.55614,0
2021-04-28T20:00:00,1.5558800000000002,1.56253,1.55368,1.55975,0
2021-04-29T20:00:00,1.5598999999999998,1.56155,1.55559,1.55856,0
2021-05-02T20:00:00,1.5569600000000001,1.56091,1.55323,1.5537999999999998,0
2021-05-03T20:00:00,1.55385,1.5641699999999998,1.5527199999999999,1.5583,0
2021-05-04T20:00:00,1.55817,1.55854,1.54809,1.54941,0
2021-05-05T20:00:00,1.54932,1.55745,1.54786,1.5498699999999999,0
2021-05-06T20:00:00,1.55,1.55523,1.54677,1.5502500000000001,0
2021-05-09T20:00:00,1.54681,1.5503900000000002,1.54195,1.54886,0
2021-05-10T20:00:00,1.5488499999999998,1.55434,1.54715,1.54873,0
2021-05-11T20:00:00,1.54859,1.56421,1.5473,1.56238,0
2021-05-12T20:00:00,1.56151,1.5688499999999999,1.55514,1.5625200000000001,0
2021-05-13T20:00:00,1.56235,1.56688,1.5593,1.56026,0
2021-05-16T20:00:00,1.56175,1.57028,1.5595400000000001,1.56411,0
2021-05-17T20:00:00,1.56411,1.56908,1.56047,1.5683,0
2021-05-18T20:00:00,1.5681500000000002,1.5794000000000001,1.56426,1.5748199999999999,0
2021-05-19T20:00:00,1.5745200000000001,1.57704,1.5697,1.57196,0
2021-05-20T20:00:00,1.57184,1.57973,1.5682,1.57545,0
2021-05-23T20:00:00,1.57455,1.58209,1.57388,1.57541,0
2021-05-24T20:00:00,1.5754299999999999,1.58135,1.57392,1.57945,0
2021-05-25T20:00:00,1.57943,1.58077,1.5723,1.57403,0
2021-05-26T20:00:00,1.57345,1.5774599999999999,1.57237,1.57271,0
2021-05-27T20:00:00,1.57279,1.5831,1.57187,1.58124,0
2021-05-30T20:00:00,1.5806,1.58226,1.5749300000000002,1.58,0
2021-05-31T20:00:00,1.58,1.58138,1.5742,1.57476,0
2021-06-01T20:00:00,1.57456,1.57993,1.5726499999999999,1.57469,0
2021-06-02T20:00:00,1.57469,1.58507,1.57423,1.5828600000000002,0
2021-06-03T20:00:00,1.58293,1.58427,1.5705900000000002,1.5710600000000001,0
2021-06-06T20:00:00,1.57089,1.5732,1.56665,1.5718100000000002,0
2021-06-07T20:00:00,1.57182,1.57555,1.56974,1.5716299999999999,0
2021-06-08T20:00:00,1.57151,1.5771600000000001,1.57091,1.57516,0
2021-06-09T20:00:00,1.57503,1.57659,1.56757,1.56757,0
2021-06-10T20:00:00,1.5675,1.5732300000000001,1.56589,1.5716299999999999,0
2021-06-13T20:00:00,1.57005,1.57268,1.56877,1.57114,0
2021-06-14T20:00:00,1.57111,1.57923,1.57053,1.5772,0
2021-06-15T20:00:00,1.57714,1.5788600000000002,1.57112,1.57561,0
2021-06-16T20:00:00,1.5755,1.5789499999999999,1.569,1.57542,0
2021-06-17T20:00:00,1.57558,1.58587,1.5748,1.58529,0
2021-06-20T20:00:00,1.58294,1.5866500000000001,1.5781399999999999,1.58134,0
2021-06-21T20:00:00,1.58114,1.58717,1.57934,1.58003,0
2021-06-22T20:00:00,1.57965,1.5819100000000001,1.57367,1.5739100000000001,0
2021-06-23T20:00:00,1.57375,1.57681,1.57236,1.5734,0
2021-06-24T20:00:00,1.57325,1.57426,1.5708,1.57189,0
2021-06-27T20:00:00,1.57409,1.57707,1.5687799999999998,1.57558,0
2021-06-28T20:00:00,1.57542,1.58441,1.57449,1.58373,0
2021-06-29T20:00:00,1.58372,1.5859999999999999,1.57874,1.58107,0
2021-06-30T20:00:00,1.58102,1.58785,1.57955,1.58569,0
2021-07-01T20:00:00,1.58551,1.5876000000000001,1.57566,1.5763500000000001,0
2021-07-04T20:00:00,1.57516,1.57856,1.57401,1.57416,0
2021-07-05T20:00:00,1.5745900000000002,1.5786799999999999,1.56155,1.5758,0
2021-07-06T20:00:00,1.57593,1.57965,1.57029,1.57386,0
2021-07-07T20:00:00,1.5737299999999999,1.59781,1.57092,1.59342,0
2021-07-08T20:00:00,1.59347,1.5975000000000001,1.58453,1.5855299999999999,0
2021-07-11T20:00:00,1.58631,1.59124,1.58277,1.58565,0
2021-07-12T20:00:00,1.58583,1.58852,1.58,1.5812300000000001,0
2021-07-13T20:00:00,1.58124,1.5846200000000001,1.57754,1.58045,0
2021-07-14T20:00:00,1.58046,1.59263,1.58029,1.5897700000000001,0
2021-07-15T20:00:00,1.58865,1.59688,1.58709,1.59613,0
2021-07-18T20:00:00,1.59398,1.6120100000000002,1.58494,1.6056599999999999,0
2021-07-19T20:00:00,1.60585,1.61137,1.6040299999999998,1.6068099999999998,0
2021-07-20T20:00:00,1.60609,1.6129799999999999,1.6020400000000001,1.6020400000000001,0
2021-07-21T20:00:00,1.60178,1.60537,1.5931,1.5946500000000001,0
2021-07-22T20:00:00,1.59471,1.5996899999999998,1.58926,1.5981,0
2021-07-25T20:00:00,1.5975700000000002,1.60596,1.59571,1.59754,0
2021-07-26T20:00:00,1.59751,1.6086399999999998,1.5972300000000001,1.60341,0
2021-07-27T20:00:00,1.6034199999999998,1.60999,1.6024699999999998,1.60473,0
2021-07-28T20:00:00,1.60446,1.6102400000000001,1.60228,1.6058,0
2021-07-29T20:00:00,1.60578,1.6176300000000001,1.6055700000000002,1.61584,0
2021-08-01T20:00:00,1.6166800000000001,1.61837,1.60956,1.61145,0
2021-08-02T20:00:00,1.61145,1.61315,1.60338,1.60385,0
2021-08-03T20:00:00,1.60379,1.6059,1.5967099999999999,1.60375,0
2021-08-04T20:00:00,1.60375,1.60407,1.59634,1.59667,0
2021-08-05T20:00:00,1.59688,1.60171,1.59531,1.59903,0
2021-08-08T20:00:00,1.59663,1.6023,1.5958299999999999,1.60011,0
2021-08-09T20:00:00,1.59957,1.6036700000000002,1.59302,1.59329,0
2021-08-10T20:00:00,1.59326,1.5992899999999999,1.58999,1.59111,0
2021-08-11T20:00:00,1.5911,1.59992,1.59006,1.59816,0
2021-08-12T20:00:00,1.59799,1.60133,1.59291,1.60042,0
2021-08-15T20:00:00,1.6002999999999998,1.6085500000000001,1.5990600000000001,1.60422,0
2021-08-16T20:00:00,1.6040299999999998,1.61661,1.60338,1.61287,0
2021-08-17T20:00:00,1.61333,1.61904,1.61172,1.6183100000000001,0
2021-08-18T20:00:00,1.61791,1.63563,1.6118000000000001,1.6332,0
2021-08-19T20:00:00,1.63305,1.64357,1.6316000000000002,1.63832,0
2021-08-22T20:00:00,1.6407500000000002,1.6409099999999999,1.62724,1.62846,0
2021-08-23T20:00:00,1.62842,1.63019,1.6173,1.6189200000000001,0
2021-08-24T20:00:00,1.61941,1.62202,1.61665,1.61768,0
2021-08-25T20:00:00,1.61711,1.62428,1.61646,1.62367,0
2021-08-26T20:00:00,1.6234199999999999,1.62648,1.61218,1.61335,0
2021-08-29T20:00:00,1.6134,1.6189900000000002,1.61158,1.6166399999999999,0
2021-08-30T20:00:00,1.61669,1.6194600000000001,1.61129,1.61418,0
2021-08-31T20:00:00,1.61416,1.6148,1.60547,1.60712,0
2021-09-01T20:00:00,1.60438,1.6092499999999998,1.60067,1.6044800000000001,0
2021-09-02T20:00:00,1.60449,1.6063399999999999,1.59051,1.59425,0
2021-09-05T20:00:00,1.59222,1.59799,1.59094,1.59525,0
2021-09-06T20:00:00,1.5952199999999999,1.60521,1.5907900000000001,1.6024500000000002,0
2021-09-07T20:00:00,1.60232,1.6085,1.5989,1.6037599999999999,0
2021-09-08T20:00:00,1.6036899999999998,1.60788,1.5976599999999999,1.60372,0
2021-09-09T20:00:00,1.60359,1.60696,1.59737,1.60616,0
2021-09-12T20:00:00,1.6047099999999999,1.6071,1.59931,1.6023,0
2021-09-13T20:00:00,1.6024,1.6139700000000001,1.6003500000000002,1.61155,0
2021-09-14T20:00:00,1.61157,1.6166399999999999,1.61017,1.61121,0
2021-09-15T20:00:00,1.6110600000000002,1.61706,1.6061,1.6135000000000002,0
2021-09-16T20:00:00,1.61345,1.61509,1.60892,1.6138599999999999,0
2021-09-19T20:00:00,1.61361,1.62141,1.61296,1.6162,0
2021-09-20T20:00:00,1.61611,1.6234,1.6111499999999999,1.62054,0
2021-09-21T20:00:00,1.62051,1.6226699999999998,1.60998,1.61101,0
2021-09-22T20:00:00,1.6111,1.61958,1.60588,1.6082999999999998,0
2021-09-23T20:00:00,1.6081400000000001,1.61755,1.6053,1.61396,0
2021-09-26T20:00:00,1.6152,1.61557,1.6035599999999999,1.6036299999999999,0
2021-09-27T20:00:00,1.60366,1.61626,1.60019,1.61354,0
2021-09-28T20:00:00,1.61348,1.61825,1.6066500000000001,1.6160700000000001,0
2021-09-29T20:00:00,1.61606,1.61643,1.59787,1.6021800000000002,0
2021-09-30T20:00:00,1.60244,1.61035,1.5939299999999998,1.5960800000000002,0
2021-10-03T20:00:00,1.5972,1.60093,1.59314,1.5952899999999999,0
2021-10-04T20:00:00,1.5946099999999999,1.5992899999999999,1.5890499999999999,1.5900400000000001,0
2021-10-05T20:00:00,1.59057,1.59941,1.58813,1.58881,0
2021-10-06T20:00:00,1.58899,1.5890499999999999,1.57857,1.57914,0
2021-10-07T20:00:00,1.5793599999999999,1.58504,1.57795,1.58344,0
2021-10-10T20:00:00,1.5830199999999999,1.5857299999999999,1.56963,1.57023,0
2021-10-11T20:00:00,1.5702099999999999,1.5755599999999998,1.56446,1.56836,0
2021-10-12T20:00:00,1.56843,1.57544,1.56769,1.57064,0
2021-10-13T20:00:00,1.5707,1.57218,1.56108,1.56375,0
2021-10-14T20:00:00,1.56369,1.56601,1.5609,1.56305,0
2021-10-17T20:00:00,1.5627,1.57184,1.56009,1.56589,0
2021-10-18T20:00:00,1.56577,1.5673599999999999,1.55449,1.55641,0
2021-10-19T20:00:00,1.5565099999999998,1.55806,1.54898,1.54923,0
2021-10-20T20:00:00,1.54909,1.55877,1.54585,1.55654,0
2021-10-21T20:00:00,1.55657,1.55998,1.54961,1.5591,0
2021-10-24T20:00:00,1.55853,1.5594000000000001,1.54848,1.54874,0
2021-10-25T20:00:00,1.5488,1.55071,1.5430000000000001,1.54522,0
2021-10-26T20:00:00,1.5451700000000002,1.54846,1.53969,1.54331,0
2021-10-27T20:00:00,1.54328,1.5500099999999999,1.53951,1.5480399999999999,0
2021-10-28T20:00:00,1.54828,1.55254,1.53573,1.53721,0
2021-10-31T20:00:00,1.5387499999999998,1.54403,1.5356,1.54134,0
2021-11-01T20:00:00,1.5412,1.56018,1.53944,1.5583200000000001,0
2021-11-02T20:00:00,1.5583399999999998,1.56216,1.5545,1.55847,0
2021-11-03T20:00:00,1.5583200000000001,1.56244,1.55338,1.56102,0
2021-11-04T20:00:00,1.561,1.5667,1.55776,1.5624500000000001,0
2021-11-07T19:00:00,1.5628199999999999,1.56477,1.55863,1.56041,0
2021-11-08T19:00:00,1.56037,1.573,1.55965,1.57096,0
2021-11-09T19:00:00,1.57071,1.57451,1.5638,1.5665499999999999,0
2021-11-10T19:00:00,1.56663,1.57356,1.5647199999999999,1.5694,0
2021-11-11T19:00:00,1.56875,1.5718100000000002,1.56,1.56081,0
2021-11-14T19:00:00,1.56265,1.5626600000000002,1.54635,1.54687,0
2021-11-15T19:00:00,1.54692,1.55178,1.5447899999999999,1.5495700000000001,0
2021-11-16T19:00:00,1.54958,1.5585499999999999,1.5485799999999998,1.55752,0
2021-11-17T19:00:00,1.5575,1.56479,1.55278,1.5622500000000001,0
2021-11-18T19:00:00,1.56233,1.56326,1.55602,1.55924,0
2021-11-21T19:00:00,1.55971,1.56071,1.54912,1.5549,0
2021-11-22T19:00:00,1.5550000000000002,1.56274,1.55331,1.55628,0
2021-11-23T19:00:00,1.55627,1.56106,1.55213,1.5556299999999998,0
2021-11-24T19:00:00,1.55555,1.56307,1.55495,1.5585499999999999,0
2021-11-25T19:00:00,1.55856,1.5911300000000002,1.5567,1.58985,0
2021-11-28T19:00:00,1.58339,1.5899299999999998,1.57521,1.5800800000000002,0
2021-11-29T19:00:00,1.58026,1.59701,1.5787499999999999,1.5904,0
2021-11-30T19:00:00,1.59048,1.59447,1.5799400000000001,1.5925099999999999,0
2021-12-01T19:00:00,1.5924800000000001,1.60063,1.5909499999999999,1.59292,0
2021-12-02T19:00:00,1.59292,1.6170200000000001,1.59134,1.61531,0
2021-12-05T19:00:00,1.61388,1.61514,1.5989900000000001,1.60015,0
2021-12-06T19:00:00,1.59995,1.60264,1.57897,1.58186,0
2021-12-07T19:00:00,1.58188,1.5862699999999998,1.57923,1.58151,0
2021-12-08T19:00:00,1.58149,1.5853199999999998,1.57686,1.57897,0
2021-12-09T19:00:00,1.57898,1.5826799999999999,1.57178,1.57768,0
2021-12-12T19:00:00,1.57846,1.58708,1.57363,1.5818400000000001,0
2021-12-13T19:00:00,1.5819100000000001,1.59074,1.58007,1.58456,0
2021-12-14T19:00:00,1.58473,1.58569,1.57325,1.5734599999999999,0
2021-12-15T19:00:00,1.57338,1.57966,1.56566,1.57714,0
2021-12-16T19:00:00,1.57714,1.58388,1.57528,1.5766200000000001,0
2021-12-19T19:00:00,1.57614,1.58999,1.5750199999999999,1.58649,0
2021-12-20T19:00:00,1.58643,1.5883,1.57562,1.57602,0
2021-12-21T19:00:00,1.5758299999999998,1.58296,1.56847,1.5699999999999998,0
2021-12-22T19:00:00,1.56977,1.57564,1.5611199999999998,1.56402,0
2021-12-23T19:00:00,1.56407,1.56753,1.56212,1.5651000000000002,0
2021-12-26T19:00:00,1.56448,1.56958,1.56276,1.5642399999999999,0
2021-12-27T19:00:00,1.5641699999999998,1.56617,1.55931,1.56359,0
2021-12-28T19:00:00,1.56369,1.5670600000000001,1.5593599999999999,1.56454,0
2021-12-29T19:00:00,1.56471,1.56595,1.55663,1.55957,0
2021-12-30T19:00:00,1.5597699999999999,1.56752,1.55606,1.56457,0
2022-01-02T19:00:00,1.56554,1.57294,1.56077,1.57112,0
2022-01-03T19:00:00,1.57101,1.5718800000000002,1.55759,1.55942,0
2022-01-04T19:00:00,1.56045,1.5673,1.55739,1.56604,0
2022-01-05T19:00:00,1.5661,1.58228,1.56588,1.57637,0
2022-01-06T19:00:00,1.57745,1.58541,1.5739800000000002,1.58167,0
2022-01-09T19:00:00,1.58219,1.58359,1.573,1.5794700000000002,0
2022-01-10T19:00:00,1.58026,1.58235,1.5757400000000001,1.5761500000000002,0
2022-01-11T19:00:00,1.5761500000000002,1.57842,1.5689899999999999,1.57057,0
2022-01-12T19:00:00,1.57031,1.5743,1.5681500000000002,1.57226,0
2022-01-13T19:00:00,1.57237,1.58483,1.5722,1.5816,0
2022-01-16T19:00:00,1.5814,1.5855299999999999,1.57934,1.5805,0
2022-01-17T19:00:00,1.58091,1.58718,1.5752000000000002,1.57527,0
2022-01-18T19:00:00,1.57521,1.57867,1.56692,1.57271,0
2022-01-19T19:00:00,1.57254,1.5733899999999998,1.5586799999999998,1.56513,0
2022-01-20T19:00:00,1.56515,1.5814599999999999,1.56353,1.5805799999999999,0
2022-01-23T19:00:00,1.58094,1.59457,1.5768499999999999,1.58528,0
2022-01-24T19:00:00,1.58531,1.58642,1.57546,1.5799400000000001,0
2022-01-25T19:00:00,1.57972,1.58453,1.5714000000000001,1.57944,0
2022-01-26T19:00:00,1.57965,1.58815,1.57419,1.58476,0
2022-01-27T19:00:00,1.5848,1.59788,1.5826500000000001,1.59313,0
2022-01-30T19:00:00,1.59274,1.59517,1.58142,1.58904,0
2022-01-31T19:00:00,1.5890300000000002,1.5964800000000001,1.58023,1.58093,0
2022-02-01T19:00:00,1.5807,1.5868600000000002,1.5777700000000001,1.5835,0
2022-02-02T19:00:00,1.58357,1.60392,1.5832000000000002,1.60188,0
2022-02-03T19:00:00,1.6019299999999999,1.62252,1.59988,1.6177000000000001,0
2022-02-06T19:00:00,1.6191499999999999,1.61998,1.6042999999999998,1.6055199999999998,0
2022-02-07T19:00:00,1.60551,1.60716,1.59747,1.59748,0
2022-02-08T19:00:00,1.59748,1.59866,1.58999,1.59098,0
2022-02-09T19:00:00,1.5909900000000001,1.59863,1.58398,1.5941,0
2022-02-10T19:00:00,1.59383,1.60034,1.58613,1.58968,0
2022-02-13T19:00:00,1.58893,1.5959699999999999,1.58357,1.58613,0
2022-02-14T19:00:00,1.58624,1.59321,1.58449,1.58799,0
2022-02-15T19:00:00,1.58798,1.58879,1.5800800000000002,1.58043,0
2022-02-16T19:00:00,1.5805500000000001,1.58479,1.57562,1.58036,0
2022-02-17T19:00:00,1.5804200000000002,1.58273,1.57331,1.57749,0
2022-02-20T19:00:00,1.57782,1.579,1.57071,1.57309,0
2022-02-21T19:00:00,1.57362,1.57519,1.5677400000000001,1.56859,0
2022-02-22T19:00:00,1.56895,1.5699,1.5578699999999999,1.5630199999999999,0
2022-02-23T19:00:00,1.563,1.56784,1.55539,1.56204,0
2022-02-24T19:00:00,1.56172,1.56826,1.55141,1.5583200000000001,0
2022-02-27T19:00:00,1.55338,1.55838,1.54329,1.54446,0
2022-02-28T19:00:00,1.5444900000000001,1.54574,1.5302799999999999,1.5340099999999999,0
2022-03-01T19:00:00,1.53403,1.53411,1.5225300000000002,1.52338,0
2022-03-02T19:00:00,1.5234299999999998,1.5244900000000001,1.50743,1.5098799999999999,0
2022-03-03T19:00:00,1.50982,1.5105,1.4802,1.48204,0
2022-03-06T19:00:00,1.48108,1.4886599999999999,1.45628,1.48258,0
2022-03-07T19:00:00,1.4826,1.50501,1.47904,1.49999,0
2022-03-08T19:00:00,1.5,1.51593,1.49357,1.51262,0
2022-03-09T19:00:00,1.51265,1.51524,1.49113,1.4920200000000001,0
2022-03-10T19:00:00,1.4920499999999999,1.50735,1.49204,1.49614,0
2022-03-13T20:00:00,1.49709,1.5243799999999998,1.49589,1.52182,0
2022-03-14T20:00:00,1.5218500000000001,1.53277,1.51583,1.52182,0
2022-03-15T20:00:00,1.52149,1.526,1.51258,1.51296,0
2022-03-16T20:00:00,1.51281,1.5145499999999998,1.50281,1.5036399999999999,0
2022-03-17T20:00:00,1.50353,1.5048599999999999,1.48926,1.49054,0
2022-03-20T20:00:00,1.49253,1.4987599999999999,1.4875099999999999,1.4883899999999999,0
2022-03-21T20:00:00,1.4883600000000001,1.49074,1.47596,1.4762,0
2022-03-22T20:00:00,1.47613,1.48059,1.46623,1.46728,0
2022-03-23T20:00:00,1.4672399999999999,1.47129,1.46094,1.46365,0
2022-03-24T20:00:00,1.46353,1.47001,1.4592800000000001,1.4615,0
2022-03-27T20:00:00,1.4639199999999999,1.46973,1.4535,1.46567,0
2022-03-28T20:00:00,1.46564,1.4897,1.46357,1.47557,0
2022-03-29T20:00:00,1.47556,1.48788,1.47414,1.48568,0
2022-03-30T20:00:00,1.48567,1.4942,1.47627,1.4785,0
2022-03-31T20:00:00,1.47832,1.48145,1.46887,1.47342,0
2022-04-03T20:00:00,1.47204,1.47599,1.45291,1.45434,0
2022-04-04T20:00:00,1.45458,1.45595,1.43197,1.43853,0
2022-04-05T20:00:00,1.43848,1.45398,1.43388,1.45014,0
2022-04-06T20:00:00,1.44872,1.46147,1.44807,1.4543300000000001,0
2022-04-07T20:00:00,1.45388,1.46078,1.44969,1.4576,0
2022-04-10T20:00:00,1.46447,1.46852,1.45914,1.4671,0
2022-04-11T20:00:00,1.46727,1.46884,1.4485999999999999,1.45175,0
2022-04-12T20:00:00,1.4517,1.46445,1.4492,1.4604300000000001,0
2022-04-13T20:00:00,1.46068,1.46651,1.45079,1.45953,0
2022-04-14T20:00:00,1.4593099999999999,1.46213,1.45774,1.46142,0
2022-04-17T20:00:00,1.4616,1.46796,1.4599199999999999,1.4672399999999999,0
2022-04-18T20:00:00,1.46733,1.46768,1.45933,1.46293,0
2022-04-19T20:00:00,1.46313,1.4634,1.45503,1.45638,0
2022-04-20T20:00:00,1.45631,1.47284,1.45537,1.46832,0
2022-04-21T20:00:00,1.46847,1.4914399999999999,1.4675,1.49088,0
2022-04-24T20:00:00,1.49055,1.5055,1.48814,1.4918,0
2022-04-25T20:00:00,1.49186,1.49432,1.48116,1.49311,0
2022-04-26T20:00:00,1.4932699999999999,1.49389,1.4769999999999999,1.48121,0
2022-04-27T20:00:00,1.48146,1.4885,1.47274,1.47972,0
2022-04-28T20:00:00,1.4788299999999999,1.4941499999999999,1.46845,1.49355,0
2022-05-01T20:00:00,1.49148,1.49651,1.48651,1.48932,0
2022-05-02T20:00:00,1.4899200000000001,1.49147,1.47176,1.48197,0
2022-05-03T20:00:00,1.48194,1.48401,1.45994,1.4620199999999999,0
2022-05-04T20:00:00,1.4619900000000001,1.4852400000000001,1.4619900000000001,1.48164,0
2022-05-05T20:00:00,1.48159,1.49687,1.47901,1.49099,0
2022-05-08T20:00:00,1.49086,1.5204499999999999,1.48977,1.5185300000000002,0
2022-05-09T20:00:00,1.51844,1.5277699999999999,1.51112,1.5171299999999999,0
2022-05-10T20:00:00,1.5171700000000001,1.51918,1.49837,1.51479,0
2022-05-11T20:00:00,1.5149,1.52785,1.5085199999999999,1.51301,0
2022-05-12T20:00:00,1.5129000000000001,1.5140099999999999,1.4993400000000001,1.49949,0
2022-05-15T20:00:00,1.50237,1.5117699999999998,1.4952,1.49643,0
2022-05-16T20:00:00,1.49647,1.50595,1.48874,1.50054,0
2022-05-17T20:00:00,1.50119,1.5057,1.49721,1.5048300000000001,0
2022-05-18T20:00:00,1.505,1.50779,1.49491,1.50163,0
2022-05-19T20:00:00,1.50136,1.50861,1.49437,1.4982199999999999,0
2022-05-22T20:00:00,1.49748,1.50571,1.4883899999999999,1.5035699999999999,0
2022-05-23T20:00:00,1.5037099999999999,1.51985,1.5028299999999999,1.51079,0
2022-05-24T20:00:00,1.5107300000000001,1.51407,1.50227,1.5042900000000001,0
2022-05-25T20:00:00,1.50385,1.5164900000000001,1.50385,1.50779,0
2022-05-26T20:00:00,1.5079500000000001,1.51387,1.49604,1.49891,0
2022-05-29T20:00:00,1.4974,1.50099,1.4958,1.49643,0
2022-05-30T20:00:00,1.49643,1.49913,1.4874800000000001,1.49498,0
2022-05-31T20:00:00,1.4949,1.4963,1.48132,1.48208,0
2022-06-01T20:00:00,1.48211,1.49173,1.47827,1.4788299999999999,0
2022-06-02T20:00:00,1.47862,1.48788,1.47645,1.48663,0
2022-06-05T20:00:00,1.48461,1.49152,1.48183,1.48669,0
2022-06-06T20:00:00,1.48659,1.4904899999999999,1.47567,1.47711,0
2022-06-07T20:00:00,1.47674,1.4922,1.47674,1.48682,0
2022-06-08T20:00:00,1.48685,1.50408,1.48515,1.49574,0
2022-06-09T20:00:00,1.49569,1.49798,1.48324,1.4936,0
2022-06-12T20:00:00,1.49214,1.5055100000000001,1.48611,1.5023900000000001,0
2022-06-13T20:00:00,1.5024,1.51843,1.49677,1.51424,0
2022-06-14T20:00:00,1.5140500000000001,1.51892,1.48774,1.49068,0
2022-06-15T20:00:00,1.49036,1.50864,1.48628,1.49559,0
2022-06-16T20:00:00,1.49525,1.51586,1.49365,1.51284,0
2022-06-19T20:00:00,1.51203,1.51518,1.5047700000000002,1.51105,0
2022-06-20T20:00:00,1.5110700000000001,1.52102,1.50776,1.50846,0
2022-06-21T20:00:00,1.50894,1.52799,1.50881,1.5253999999999999,0
2022-06-22T20:00:00,1.5253,1.5344,1.51985,1.52419,0
2022-06-23T20:00:00,1.5230700000000001,1.52787,1.51667,1.5201500000000001,0
2022-06-26T20:00:00,1.51627,1.5300099999999999,1.51627,1.5260099999999999,0
2022-06-27T20:00:00,1.52489,1.52941,1.5160200000000001,1.5202,0
2022-06-28T20:00:00,1.51947,1.53167,1.51467,1.51467,0
2022-06-29T20:00:00,1.5146600000000001,1.5226600000000001,1.50617,1.51834,0
2022-06-30T20:00:00,1.5183499999999999,1.53978,1.51705,1.5296699999999999,0
2022-07-03T20:00:00,1.5268899999999999,1.53525,1.51646,1.51646,0
2022-07-04T20:00:00,1.5163600000000002,1.52446,1.50793,1.50855,0
2022-07-05T20:00:00,1.5084300000000002,1.51142,1.49282,1.50087,0
2022-07-06T20:00:00,1.5009700000000001,1.50449,1.48384,1.48434,0
2022-07-07T20:00:00,1.48448,1.4902199999999999,1.48047,1.48563,0
2022-07-10T20:00:00,1.48546,1.49793,1.48307,1.49023,0
2022-07-11T20:00:00,1.49028,1.49403,1.4834399999999999,1.48356,0
2022-07-12T20:00:00,1.4837500000000001,1.49146,1.47872,1.48591,0
2022-07-13T20:00:00,1.48567,1.49418,1.4761,1.4822899999999999,0
2022-07-14T20:00:00,1.48239,1.49234,1.48183,1.48465,0
2022-07-17T20:00:00,1.48386,1.49059,1.4813100000000001,1.48856,0
2022-07-18T20:00:00,1.4883600000000001,1.49029,1.48033,1.48116,0
2022-07-19T20:00:00,1.48103,1.48506,1.47497,1.47687,0
2022-07-20T20:00:00,1.47703,1.49099,1.47401,1.4740199999999999,0
2022-07-21T20:00:00,1.47389,1.47682,1.46518,1.47409,0
2022-07-24T20:00:00,1.4721899999999999,1.48052,1.46762,1.46845,0
2022-07-25T20:00:00,1.46861,1.47171,1.45437,1.45437,0
2022-07-26T20:00:00,1.45442,1.46673,1.4525000000000001,1.4570400000000001,0
2022-07-27T20:00:00,1.45715,1.46177,1.45099,1.45841,0
2022-07-28T20:00:00,1.45813,1.46851,1.45539,1.46222,0
2022-07-31T20:00:00,1.4613800000000001,1.46621,1.45288,1.4593099999999999,0
2022-08-01T20:00:00,1.45901,1.48057,1.45631,1.46859,0
2022-08-02T20:00:00,1.46859,1.47418,1.46079,1.46144,0
2022-08-03T20:00:00,1.46131,1.47058,1.45618,1.4695,0
2022-08-04T20:00:00,1.46952,1.47741,1.4671699999999999,1.47275,0
2022-08-07T20:00:00,1.4711400000000001,1.47408,1.45634,1.45634,0
2022-08-08T20:00:00,1.45666,1.46903,1.45666,1.46459,0
2022-08-09T20:00:00,1.4643,1.4705300000000001,1.44989,1.4500600000000001,0
2022-08-10T20:00:00,1.4506299999999999,1.45691,1.44986,1.45089,0
2022-08-11T20:00:00,1.45076,1.45396,1.4394,1.43998,0
2022-08-14T20:00:00,1.43763,1.45445,1.43735,1.44619,0
2022-08-15T20:00:00,1.44586,1.45317,1.44336,1.4482300000000001,0
2022-08-16T20:00:00,1.44817,1.4707,1.4466,1.46591,0
2022-08-17T20:00:00,1.4659,1.47152,1.4558,1.4558,0
2022-08-18T20:00:00,1.45667,1.4634,1.45593,1.46047,0
2022-08-21T20:00:00,1.45977,1.46102,1.44406,1.4451399999999999,0
2022-08-22T20:00:00,1.44515,1.44682,1.4359199999999999,1.43768,0
2022-08-23T20:00:00,1.4377900000000001,1.44549,1.43594,1.44119,0
2022-08-24T20:00:00,1.44106,1.4436499999999999,1.42832,1.42861,0
2022-08-25T20:00:00,1.42877,1.44673,1.42789,1.44596,0
2022-08-28T20:00:00,1.4439600000000001,1.45579,1.44387,1.44618,0
2022-08-29T20:00:00,1.44591,1.46315,1.44183,1.46096,0
2022-08-30T20:00:00,1.46082,1.46963,1.45181,1.46842,0
2022-08-31T20:00:00,1.46533,1.47411,1.45878,1.46478,0
2022-09-01T20:00:00,1.4646,1.47058,1.46093,1.46253,0
2022-09-04T20:00:00,1.4611100000000001,1.46415,1.45664,1.4582899999999999,0
2022-09-05T20:00:00,1.4582,1.47267,1.4570699999999999,1.47007,0
2022-09-06T20:00:00,1.47007,1.48015,1.46793,1.4756,0
2022-09-07T20:00:00,1.47556,1.48826,1.4747,1.48032,0
2022-09-08T20:00:00,1.48041,1.48176,1.46661,1.4672399999999999,0
2022-09-11T20:00:00,1.47717,1.48193,1.46787,1.46849,0
2022-09-12T20:00:00,1.46859,1.48232,1.46709,1.48174,0
2022-09-13T20:00:00,1.48071,1.48982,1.47421,1.47907,0
2022-09-14T20:00:00,1.4785300000000001,1.49237,1.47359,1.49176,0
2022-09-15T20:00:00,1.49097,1.49679,1.48709,1.48962,0
2022-09-18T20:00:00,1.48846,1.49628,1.48788,1.49063,0
2022-09-19T20:00:00,1.48919,1.49487,1.48716,1.4905300000000001,0
2022-09-20T20:00:00,1.48857,1.49482,1.47714,1.48572,0
2022-09-21T20:00:00,1.48176,1.4942,1.4766599999999999,1.48057,0
2022-09-22T20:00:00,1.47823,1.4877,1.47817,1.48384,0
2022-09-25T20:00:00,1.4816500000000001,1.4922900000000001,1.47105,1.48814,0
2022-09-26T20:00:00,1.48795,1.49339,1.48215,1.4914,0
2022-09-27T20:00:00,1.4896099999999999,1.50037,1.48422,1.49296,0
2022-09-28T20:00:00,1.49124,1.51277,1.49029,1.51052,0
2022-09-29T20:00:00,1.50887,1.53373,1.50353,1.5332,0
2022-10-02T20:00:00,1.52627,1.53025,1.50503,1.50816,0
2022-10-03T20:00:00,1.50617,1.54188,1.5061499999999999,1.53644,0
2022-10-04T20:00:00,1.53433,1.53973,1.51909,1.5217100000000001,0
2022-10-05T20:00:00,1.52016,1.5326300000000002,1.51681,1.5278,0
2022-10-06T20:00:00,1.5268199999999998,1.5320200000000002,1.52281,1.53162,0
2022-10-09T20:00:00,1.5259,1.54501,1.52546,1.5380099999999999,0
2022-10-10T20:00:00,1.53688,1.55179,1.53682,1.54562,0
2022-10-11T20:00:00,1.54525,1.5539100000000001,1.54284,1.5455999999999999,0
2022-10-12T20:00:00,1.5453999999999999,1.56406,1.54268,1.55091,0
2022-10-13T20:00:00,1.5507499999999999,1.56867,1.5432299999999999,1.56725,0
2022-10-16T20:00:00,1.56392,1.56879,1.55605,1.56257,0
2022-10-17T20:00:00,1.5624500000000001,1.56795,1.5544799999999999,1.55934,0
2022-10-18T20:00:00,1.5592899999999998,1.5629499999999998,1.55351,1.55745,0
2022-10-19T20:00:00,1.55724,1.56691,1.54646,1.55727,0
2022-10-20T20:00:00,1.55688,1.5646200000000001,1.54283,1.54575,0
2022-10-23T20:00:00,1.5413000000000001,1.57063,1.53987,1.56375,0
2022-10-24T20:00:00,1.56371,1.56588,1.55494,1.55721,0
2022-10-25T20:00:00,1.5576699999999999,1.5622099999999999,1.5449000000000002,1.55106,0
2022-10-26T20:00:00,1.54851,1.5606499999999999,1.5391,1.54396,0
2022-10-27T20:00:00,1.54358,1.55684,1.54175,1.55408,0
2022-10-30T20:00:00,1.5510000000000002,1.55609,1.54245,1.54295,0
2022-10-31T20:00:00,1.54371,1.54895,1.53549,1.54337,0
2022-11-01T20:00:00,1.54305,1.5481500000000001,1.53409,1.5443,0
2022-11-02T20:00:00,1.5440399999999999,1.5531000000000001,1.5408300000000001,1.54904,0
2022-11-03T20:00:00,1.5488499999999998,1.55176,1.5271599999999999,1.5385900000000001,0
2022-11-06T19:00:00,1.54108,1.54963,1.5370599999999999,1.54649,0
2022-11-07T19:00:00,1.54661,1.5523099999999999,1.53972,1.54841,0
2022-11-08T19:00:00,1.54843,1.55867,1.54573,1.5581399999999999,0
2022-11-09T19:00:00,1.55808,1.56507,1.53991,1.54108,0
2022-11-10T19:00:00,1.5412400000000002,1.54764,1.53576,1.54365,0
2022-11-13T19:00:00,1.54034,1.54623,1.53781,1.54149,0
2022-11-14T19:00:00,1.54138,1.54874,1.52572,1.53045,0
2022-11-15T19:00:00,1.5304600000000002,1.54504,1.52841,1.54193,0
2022-11-16T19:00:00,1.5418699999999999,1.55519,1.5398,1.54984,0
2022-11-17T19:00:00,1.5497999999999998,1.55097,1.54222,1.54742,0
2022-11-20T19:00:00,1.5477699999999999,1.55474,1.54444,1.55016,0
2022-11-21T19:00:00,1.54989,1.55228,1.54421,1.54947,0
2022-11-22T19:00:00,1.5493999999999999,1.55541,1.54227,1.5438,0
2022-11-23T19:00:00,1.5438100000000001,1.5461399999999998,1.5366,1.53754,0
2022-11-24T19:00:00,1.53752,1.54509,1.53695,1.53781,0
2022-11-27T19:00:00,1.54098,1.56453,1.5401,1.55406,0
2022-11-28T19:00:00,1.55406,1.55654,1.5371700000000001,1.54406,0
2022-11-29T19:00:00,1.5427499999999998,1.54901,1.53068,1.5327199999999999,0
2022-11-30T19:00:00,1.5324,1.54549,1.52744,1.54229,0
2022-12-01T19:00:00,1.5423200000000001,1.55152,1.54222,1.55138,0
2022-12-04T19:00:00,1.55165,1.56775,1.54371,1.56536,0
2022-12-05T19:00:00,1.5653299999999999,1.5690300000000001,1.5563500000000001,1.56382,0
2022-12-06T19:00:00,1.56117,1.5749300000000002,1.55975,1.5618400000000001,0
2022-12-07T19:00:00,1.5607600000000001,1.5676299999999999,1.55483,1.55894,0
2022-12-08T19:00:00,1.55892,1.56497,1.5480800000000001,1.5495700000000001,0
2022-12-11T19:00:00,1.54907,1.56616,1.54685,1.5602,0
2022-12-12T19:00:00,1.5605,1.5634299999999999,1.54444,1.54966,0
2022-12-13T19:00:00,1.5490300000000001,1.56016,1.54615,1.55629,0
2022-12-14T19:00:00,1.5563,1.58834,1.55413,1.58514,0
2022-12-15T19:00:00,1.58427,1.59188,1.58208,1.58318,0
2022-12-18T19:00:00,1.58026,1.5866099999999999,1.5758,1.58284,0
2022-12-19T19:00:00,1.5784799999999999,1.5978599999999998,1.57803,1.58922,0
2022-12-20T19:00:00,1.58976,1.5943800000000001,1.57989,1.5808900000000001,0
2022-12-21T19:00:00,1.5798999999999999,1.59116,1.5723799999999999,1.5874700000000002,0
2022-12-22T19:00:00,1.58743,1.5901100000000001,1.5793599999999999,1.58101,0
2022-12-25T19:00:00,1.58128,1.5895000000000001,1.57659,1.58185,0
2022-12-26T19:00:00,1.57772,1.58195,1.5737100000000002,1.5799400000000001,0
2022-12-27T19:00:00,1.57944,1.58149,1.56532,1.5750600000000001,0
2022-12-28T19:00:00,1.57457,1.5863,1.57128,1.57214,0
2022-12-29T19:00:00,1.5721699999999998,1.57892,1.56714,1.56949,0
2023-01-01T19:00:00,1.56928,1.5733700000000002,1.56162,1.56642,0
2023-01-02T19:00:00,1.56642,1.57424,1.56183,1.56487,0
2023-01-03T19:00:00,1.56474,1.5697999999999999,1.54172,1.5488,0
2023-01-04T19:00:00,1.54984,1.5617299999999998,1.54969,1.55842,0
2023-01-05T19:00:00,1.55661,1.56102,1.54575,1.5476999999999999,0
2023-01-08T19:00:00,1.5459800000000001,1.55384,1.53857,1.5520399999999999,0
2023-01-09T19:00:00,1.5497,1.5621800000000001,1.54825,1.5572300000000001,0
2023-01-10T19:00:00,1.5575700000000001,1.5625200000000001,1.55228,1.55707,0
2023-01-11T19:00:00,1.55684,1.56208,1.54985,1.55438,0
2023-01-12T19:00:00,1.55313,1.56088,1.55137,1.5528499999999998,0
2023-01-15T19:00:00,1.552,1.5571700000000002,1.5484900000000001,1.5558800000000002,0
2023-01-16T19:00:00,1.55586,1.56227,1.5427,1.54312,0
2023-01-17T19:00:00,1.5431599999999999,1.5558100000000001,1.53762,1.55422,0
2023-01-18T19:00:00,1.55368,1.57504,1.55259,1.56735,0
2023-01-19T19:00:00,1.56737,1.56802,1.5564,1.55782,0
2023-01-22T19:00:00,1.5609,1.5640800000000001,1.54398,1.54672,0
2023-01-23T19:00:00,1.5466600000000001,1.55009,1.54062,1.5448300000000001,0
2023-01-24T19:00:00,1.5445,1.54796,1.5308199999999998,1.53674,0
2023-01-25T19:00:00,1.53626,1.53811,1.52787,1.53084,0
2023-01-26T19:00:00,1.53087,1.5327600000000001,1.52562,1.5286,0
2023-01-29T19:00:00,1.53016,1.5408,1.52676,1.53664,0
2023-01-30T19:00:00,1.53668,1.54979,1.53368,1.5392299999999999,0
2023-01-31T19:00:00,1.5392700000000001,1.5476299999999998,1.53579,1.53974,0
2023-02-01T19:00:00,1.53933,1.54402,1.53329,1.5415299999999998,0
2023-02-02T19:00:00,1.54039,1.56048,1.54019,1.55915,0
2023-02-05T19:00:00,1.5629300000000002,1.5652,1.5537999999999998,1.55815,0
2023-02-06T19:00:00,1.55837,1.55838,1.53924,1.54077,0
2023-02-07T19:00:00,1.54082,1.5487199999999999,1.53752,1.5433599999999998,0
2023-02-08T19:00:00,1.54372,1.549,1.53878,1.54748,0
2023-02-09T19:00:00,1.54753,1.55114,1.53908,1.54297,0
2023-02-12T19:00:00,1.54352,1.54703,1.53773,1.53891,2
2023-02-13T19:00:00,1.5387499999999998,1.54752,1.5350000000000001,1.53501,2
2023-02-14T19:00:00,1.53518,1.5552000000000001,1.53422,1.54799,2
2023-02-15T19:00:00,1.5478800000000001,1.55755,1.54462,1.55142,2
2023-02-16T19:00:00,1.5499,1.5608,1.5499,1.55447,2
2023-02-19T19:00:00,1.5546,1.5559699999999999,1.54345,1.5457800000000002,2
2023-02-20T19:00:00,1.54589,1.5547900000000001,1.54398,1.55278,2
2023-02-21T19:00:00,1.55264,1.56332,1.55084,1.5577100000000002,2
2023-02-22T19:00:00,1.55646,1.5601,1.55137,1.55609,2
2023-02-23T19:00:00,1.55579,1.5694,1.55402,1.56782,2
2023-02-26T19:00:00,1.5649,1.57677,1.5645099999999998,1.5743200000000002,2
2023-02-27T19:00:00,1.57435,1.58155,1.56952,1.57119,2
2023-02-28T19:00:00,1.5711,1.58283,1.5669300000000002,1.57691,2
2023-03-01T19:00:00,1.5767799999999998,1.58257,1.57369,1.5745200000000001,2
2023-03-02T19:00:00,1.57331,1.57521,1.5692,1.5708199999999999,2
2023-03-05T19:00:00,1.57419,1.5883699999999998,1.56951,1.5866799999999999,2
2023-03-06T19:00:00,1.5866099999999999,1.6041400000000001,1.58423,1.6021,2
2023-03-07T19:00:00,1.6021800000000002,1.6031300000000002,1.59379,1.60026,2
2023-03-08T19:00:00,1.60026,1.6078700000000001,1.59406,1.6054599999999999,2
2023-03-09T19:00:00,1.60514,1.61897,1.6019999999999999,1.61602,2
2023-03-12T20:00:00,1.6127,1.62062,1.59704,1.6093600000000001,2
2023-03-13T20:00:00,1.60806,1.61464,1.60195,1.60588,2
2023-03-14T20:00:00,1.60606,1.60949,1.58494,1.5978400000000001,2
2023-03-15T20:00:00,1.59742,1.60101,1.5902500000000002,1.59354,2
2023-03-16T20:00:00,1.59381,1.5957599999999998,1.5856400000000002,1.59172,2
2023-03-19T20:00:00,1.59104,1.60032,1.58723,1.59559,2
2023-03-20T20:00:00,1.5940699999999999,1.61951,1.59399,1.61477,2
2023-03-21T20:00:00,1.6140400000000001,1.62548,1.60554,1.62386,2
2023-03-22T20:00:00,1.62361,1.62549,1.6168200000000001,1.6192600000000001,2
2023-03-23T20:00:00,1.61913,1.62511,1.61378,1.6193,2
2023-03-26T20:00:00,1.61794,1.62565,1.61486,1.62347,2
2023-03-27T20:00:00,1.62304,1.62418,1.6149900000000001,1.6162800000000002,2
2023-03-28T20:00:00,1.61615,1.6277300000000001,1.6155599999999999,1.62219,2
2023-03-29T20:00:00,1.6221100000000002,1.6313900000000001,1.61425,1.62449,2
2023-03-30T20:00:00,1.6247099999999999,1.6309200000000001,1.6197300000000001,1.6215199999999999,2
2023-04-02T20:00:00,1.61781,1.62388,1.60348,1.60503,2
2023-04-03T20:00:00,1.6054,1.6272799999999998,1.60433,1.6217899999999998,2
2023-04-04T20:00:00,1.62127,1.63883,1.61639,1.6219999999999999,2
2023-04-05T20:00:00,1.6215600000000001,1.6391200000000001,1.62025,1.6366399999999999,2
2023-04-06T20:00:00,1.63672,1.63927,1.63141,1.63288,2
2023-04-09T20:00:00,1.6332499999999999,1.63869,1.63323,1.63507,2
2023-04-10T20:00:00,1.6350099999999999,1.64104,1.6299700000000001,1.63991,2
2023-04-11T20:00:00,1.6391,1.64375,1.63312,1.64222,2
2023-04-12T20:00:00,1.6397300000000001,1.6446100000000001,1.62641,1.62859,2
2023-04-13T20:00:00,1.6286100000000001,1.64042,1.62666,1.63832,2
2023-04-16T20:00:00,1.6385999999999998,1.64009,1.62987,1.62999,2
2023-04-17T20:00:00,1.63,1.63158,1.6245500000000002,1.6309,2
2023-04-18T20:00:00,1.63084,1.6347,1.6279400000000002,1.6313900000000001,2
2023-04-19T20:00:00,1.62962,1.63604,1.62203,1.6265100000000001,2
2023-04-20T20:00:00,1.62655,1.64287,1.62366,1.64175,2
2023-04-23T20:00:00,1.63937,1.65143,1.63895,1.6494900000000001,2
2023-04-24T20:00:00,1.6496300000000002,1.65876,1.6479300000000001,1.65586,2
2023-04-25T20:00:00,1.6550799999999999,1.67861,1.65298,1.6716600000000001,2
2023-04-26T20:00:00,1.67138,1.6734,1.66238,1.66309,2
2023-04-27T20:00:00,1.66228,1.67153,1.66058,1.6652,2
2023-04-30T20:00:00,1.66598,1.6671,1.65043,1.65491,2
2023-05-01T20:00:00,1.6517300000000001,1.6583299999999999,1.63558,1.65064,2
2023-05-02T20:00:00,1.65021,1.65937,1.65004,1.65755,2
2023-05-03T20:00:00,1.65455,1.66686,1.6433,1.64531,2
2023-05-04T20:00:00,1.64452,1.64621,1.63123,1.6313,2
2023-05-07T20:00:00,1.63232,1.6352,1.62079,1.62107,2
2023-05-08T20:00:00,1.62097,1.62578,1.6196899999999999,1.62067,2
2023-05-09T20:00:00,1.62072,1.62493,1.6135899999999999,1.61972,2
2023-05-10T20:00:00,1.61964,1.63178,1.61784,1.6284800000000001,2
2023-05-11T20:00:00,1.6283400000000001,1.63493,1.62745,1.63346,2
2023-05-14T20:00:00,1.63247,1.6337899999999999,1.6211600000000002,1.62283,2
2023-05-15T20:00:00,1.6228799999999999,1.63326,1.62144,1.63183,2
2023-05-16T20:00:00,1.6296300000000001,1.63578,1.6240700000000001,1.62754,2
2023-05-17T20:00:00,1.62745,1.63493,1.62526,1.6263,2
2023-05-18T20:00:00,1.6256599999999999,1.6266,1.61991,1.62465,2
2023-05-21T20:00:00,1.62524,1.63111,1.62359,1.6251799999999998,2
2023-05-22T20:00:00,1.6252,1.63089,1.62279,1.6292499999999999,2
2023-05-23T20:00:00,1.62496,1.6473200000000001,1.62496,1.64261,2
2023-05-24T20:00:00,1.64254,1.6497199999999999,1.64051,1.6486,2
2023-05-25T20:00:00,1.6471900000000002,1.6515499999999999,1.64284,1.64541,2
2023-05-28T20:00:00,1.64029,1.6443400000000001,1.63693,1.6374300000000002,2
2023-05-29T20:00:00,1.6368200000000002,1.64784,1.63511,1.64698,2
2023-05-30T20:00:00,1.64619,1.65152,1.6404,1.64357,2
2023-05-31T20:00:00,1.64442,1.64697,1.63327,1.63742,2
2023-06-01T20:00:00,1.63659,1.63767,1.61889,1.6206800000000001,2
2023-06-04T20:00:00,1.61755,1.62404,1.6145399999999999,1.61884,2
2023-06-05T20:00:00,1.6183800000000002,1.6208399999999998,1.60111,1.60264,2
2023-06-06T20:00:00,1.60058,1.6096,1.59778,1.60823,2
2023-06-07T20:00:00,1.6065,1.60907,1.60178,1.60537,2
2023-06-08T20:00:00,1.60513,1.61032,1.59365,1.59422,2
2023-06-11T20:00:00,1.59286,1.59511,1.5909,1.59352,2
2023-06-12T20:00:00,1.59263,1.59833,1.58803,1.59496,2
2023-06-13T20:00:00,1.59154,1.59966,1.5874700000000002,1.59394,2
2023-06-14T20:00:00,1.58952,1.59885,1.58481,1.58915,2
2023-06-15T20:00:00,1.58877,1.59572,1.5871300000000002,1.59128,2
2023-06-18T20:00:00,1.58658,1.60031,1.5858400000000001,1.59415,2
2023-06-19T20:00:00,1.5919699999999999,1.61444,1.5912899999999999,1.60858,2
2023-06-20T20:00:00,1.6088900000000002,1.61867,1.6058400000000002,1.61633,2
2023-06-21T20:00:00,1.6161400000000001,1.6258599999999999,1.61448,1.62134,2
2023-06-22T20:00:00,1.61985,1.63376,1.61889,1.63174,2
2023-06-25T20:00:00,1.62988,1.63639,1.6293199999999999,1.63369,2
2023-06-26T20:00:00,1.63202,1.64137,1.62572,1.6391499999999999,2
2023-06-27T20:00:00,1.6383,1.65537,1.63776,1.65317,2
2023-06-28T20:00:00,1.65296,1.65435,1.63994,1.6418,2
2023-06-29T20:00:00,1.64078,1.6461000000000001,1.63654,1.63816,2
2023-07-02T20:00:00,1.6366800000000001,1.6433499999999999,1.63152,1.63514,2
2023-07-03T20:00:00,1.63483,1.64121,1.62473,1.6255199999999999,2
2023-07-04T20:00:00,1.62541,1.63524,1.6239,1.63093,2
2023-07-05T20:00:00,1.63089,1.64413,1.62492,1.6434600000000001,2
2023-07-06T20:00:00,1.64309,1.64648,1.6362999999999999,1.63896,2
2023-07-09T20:00:00,1.6372,1.65246,1.63619,1.64788,2
2023-07-10T20:00:00,1.6478899999999999,1.6520700000000001,1.64476,1.6463299999999998,2
2023-07-11T20:00:00,1.64636,1.6499000000000001,1.6353900000000001,1.63914,2
2023-07-12T20:00:00,1.63873,1.64135,1.62332,1.6295199999999999,2
2023-07-13T20:00:00,1.6271499999999999,1.64358,1.6271499999999999,1.64189,2
2023-07-16T20:00:00,1.63994,1.6522000000000001,1.63784,1.6486,2
2023-07-17T20:00:00,1.6458300000000001,1.65434,1.6454499999999999,1.64846,2
2023-07-18T20:00:00,1.64531,1.66031,1.6452499999999999,1.65409,2
2023-07-19T20:00:00,1.65289,1.6555900000000001,1.63816,1.64164,2
2023-07-20T20:00:00,1.64134,1.65388,1.64062,1.65278,2
2023-07-23T20:00:00,1.65041,1.65606,1.6402700000000001,1.64154,2
2023-07-24T20:00:00,1.6392,1.64506,1.6261700000000001,1.6276899999999999,2
2023-07-25T20:00:00,1.6274,1.64394,1.62616,1.6403699999999999,2
2023-07-26T20:00:00,1.6375899999999999,1.64067,1.62785,1.63598,2
2023-07-27T20:00:00,1.63586,1.65787,1.63538,1.65712,2
2023-07-30T20:00:00,1.6532900000000001,1.65709,1.63534,1.6370900000000002,2
2023-07-31T20:00:00,1.63428,1.6616300000000002,1.63427,1.66089,2
2023-08-01T20:00:00,1.6598199999999999,1.6733,1.65879,1.67279,2
2023-08-02T20:00:00,1.6719300000000001,1.67669,1.66864,1.67142,2
2023-08-03T20:00:00,1.6677300000000002,1.6768399999999999,1.66364,1.67601,2
2023-08-06T20:00:00,1.6755200000000001,1.6768100000000001,1.6684999999999999,1.6736900000000001,2
2023-08-07T20:00:00,1.67367,1.6860300000000001,1.6727400000000001,1.6742,2
2023-08-08T20:00:00,1.6732200000000002,1.6837499999999999,1.67038,1.6808100000000001,2
2023-08-09T20:00:00,1.67935,1.68544,1.67104,1.68537,2
2023-08-10T20:00:00,1.6836799999999998,1.68841,1.68215,1.6853799999999999,2
2023-08-13T20:00:00,1.68258,1.6929699999999999,1.6795499999999999,1.6810800000000001,2
2023-08-14T20:00:00,1.67875,1.6912099999999999,1.67386,1.68903,2
2023-08-15T20:00:00,1.68742,1.69551,1.6838,1.69337,2
2023-08-16T20:00:00,1.68903,1.7064,1.6890100000000001,1.69779,2
2023-08-17T20:00:00,1.69524,1.70147,1.6942300000000001,1.6974200000000002,2
2023-08-20T20:00:00,1.69501,1.7039900000000001,1.6935,1.69858,2
2023-08-21T20:00:00,1.69763,1.70195,1.68662,1.68837,2
2023-08-22T20:00:00,1.6882700000000002,1.68987,1.6758,1.67605,2
2023-08-23T20:00:00,1.67753,1.68546,1.67513,1.68446,2
2023-08-24T20:00:00,1.6827100000000002,1.68878,1.67746,1.6853099999999999,2
2023-08-27T20:00:00,1.6842000000000001,1.68837,1.67829,1.68265,2
2023-08-28T20:00:00,1.6818499999999998,1.68537,1.67526,1.67873,2
2023-08-29T20:00:00,1.6776,1.68737,1.6758199999999999,1.6869100000000001,2
2023-08-30T20:00:00,1.68495,1.68794,1.67197,1.6721300000000001,2
2023-08-31T20:00:00,1.67111,1.68055,1.66763,1.67029,2
2023-09-03T20:00:00,1.66987,1.6721,1.6649500000000002,1.67068,2
2023-09-04T20:00:00,1.6705100000000002,1.68948,1.66883,1.68085,2
2023-09-05T20:00:00,1.67973,1.6853799999999999,1.67596,1.6806,2
2023-09-06T20:00:00,1.6800000000000002,1.685,1.67302,1.67752,2
2023-09-07T20:00:00,1.6766299999999998,1.68129,1.6715900000000001,1.67774,2
2023-09-10T20:00:00,1.6766999999999999,1.6786400000000001,1.66459,1.67045,2
2023-09-11T20:00:00,1.66765,1.67492,1.66475,1.67344,2
2023-09-12T20:00:00,1.6734200000000001,1.6795200000000001,1.66996,1.67079,2
2023-09-13T20:00:00,1.66798,1.67179,1.65127,1.65253,2
2023-09-14T20:00:00,1.6510099999999999,1.65927,1.6455,1.65771,2
2023-09-17T20:00:00,1.65109,1.66157,1.65109,1.66087,2
2023-09-18T20:00:00,1.65816,1.66171,1.65232,1.65469,2
2023-09-19T20:00:00,1.65343,1.65636,1.64748,1.6533099999999998,2
2023-09-20T20:00:00,1.64912,1.66524,1.64896,1.66164,2
2023-09-21T20:00:00,1.6590099999999999,1.6636199999999999,1.6467800000000001,1.65265,2
2023-09-24T20:00:00,1.65208,1.65909,1.6467800000000001,1.6490399999999998,2
2023-09-25T20:00:00,1.6490399999999998,1.6550799999999999,1.64635,1.65267,2
2023-09-26T20:00:00,1.64939,1.65823,1.64707,1.65321,2
2023-09-27T20:00:00,1.64981,1.6554,1.64283,1.6439599999999999,2
2023-09-28T20:00:00,1.6428099999999999,1.64508,1.63208,1.64322,2
2023-10-01T20:00:00,1.6404100000000001,1.65194,1.6394,1.64635,2
2023-10-02T20:00:00,1.64652,1.6643400000000002,1.64405,1.66076,2
2023-10-03T20:00:00,1.6606,1.6642299999999999,1.65503,1.66064,2
2023-10-04T20:00:00,1.6605699999999999,1.66153,1.6504699999999999,1.65614,2
2023-10-05T20:00:00,1.65594,1.66334,1.6526399999999999,1.65777,2
2023-10-08T20:00:00,1.65663,1.6631,1.64737,1.6482299999999999,2
2023-10-09T20:00:00,1.6463999999999999,1.65572,1.64451,1.6488800000000001,2
2023-10-10T20:00:00,1.6474,1.6574200000000001,1.6467800000000001,1.65561,2
2023-10-11T20:00:00,1.6553900000000001,1.6694499999999999,1.6533799999999998,1.6673900000000001,2
2023-10-12T20:00:00,1.66693,1.67061,1.66446,1.66858,2
2023-10-15T20:00:00,1.66516,1.6697,1.66283,1.66498,2
2023-10-16T20:00:00,1.66494,1.66645,1.6573799999999999,1.66161,2
2023-10-17T20:00:00,1.66065,1.6635,1.6553200000000001,1.66283,2
2023-10-18T20:00:00,1.66239,1.6739899999999999,1.6601,1.6719300000000001,2
2023-10-19T20:00:00,1.67014,1.67915,1.67012,1.67811,2
2023-10-22T20:00:00,1.6739600000000001,1.68452,1.67095,1.68391,2
2023-10-23T20:00:00,1.68056,1.68445,1.6651799999999999,1.66634,2
2023-10-24T20:00:00,1.66485,1.67578,1.65584,1.67486,2
2023-10-25T20:00:00,1.67493,1.6823700000000001,1.66689,1.6707999999999998,2
2023-10-26T20:00:00,1.66852,1.67083,1.65998,1.66811,2
2023-10-29T20:00:00,1.66465,1.66821,1.65913,1.66524,2
2023-10-30T20:00:00,1.6644999999999999,1.67611,1.66435,1.66879,2
2023-10-31T20:00:00,1.6683599999999998,1.67256,1.65021,1.65328,2
2023-11-01T20:00:00,1.6523400000000001,1.65679,1.64562,1.65077,0
2023-11-02T20:00:00,1.65039,1.65343,1.6462599999999998,1.6473200000000001,0
2023-11-05T19:00:00,1.64706,1.65401,1.64526,1.6516,0
2023-11-06T19:00:00,1.6516,1.6664400000000001,1.64476,1.66234,0
2023-11-07T19:00:00,1.6622599999999998,1.67303,1.6572,1.67267,0
2023-11-08T19:00:00,1.6725400000000001,1.67571,1.6669,1.67549,0
2023-11-09T19:00:00,1.67536,1.6832799999999999,1.67279,1.67983,0
2023-11-12T19:00:00,1.6795499999999999,1.68174,1.67389,1.67768,0
2023-11-13T19:00:00,1.67755,1.6840600000000001,1.67099,1.67179,0
2023-11-14T19:00:00,1.67158,1.67633,1.6635499999999999,1.6665100000000002,0
2023-11-15T19:00:00,1.66657,1.67985,1.66144,1.6770399999999999,0
2023-11-16T19:00:00,1.67713,1.68019,1.66875,1.6750699999999998,0
2023-11-19T19:00:00,1.66986,1.67734,1.66452,1.66852,0
2023-11-20T19:00:00,1.66852,1.66937,1.66231,1.66424,0
2023-11-21T19:00:00,1.66415,1.6697,1.66005,1.66422,0
2023-11-22T19:00:00,1.66422,1.66509,1.65979,1.66262,0
2023-11-23T19:00:00,1.66262,1.6637,1.65859,1.66003,0
2023-11-26T19:00:00,1.6595,1.66656,1.6560700000000002,1.65795,0
2023-11-27T19:00:00,1.65795,1.65918,1.6507800000000001,1.65333,0
2023-11-28T19:00:00,1.65332,1.66046,1.64974,1.6577,0
2023-11-29T19:00:00,1.6577,1.65866,1.64458,1.64777,0
2023-11-30T19:00:00,1.64747,1.65282,1.6292200000000001,1.63009,0
2023-12-03T19:00:00,1.6310799999999999,1.6379000000000001,1.6268500000000001,1.63681,0
2023-12-04T19:00:00,1.63686,1.65171,1.6338599999999999,1.6477,0
2023-12-05T19:00:00,1.6477,1.6479,1.63591,1.64367,0
2023-12-06T19:00:00,1.6436,1.64885,1.63369,1.6347800000000001,0
2023-12-07T19:00:00,1.63477,1.6377899999999999,1.6290200000000001,1.63617,0
2023-12-10T19:00:00,1.63652,1.64298,1.63396,1.63893,0
2023-12-11T19:00:00,1.6389,1.64726,1.6321400000000001,1.6454499999999999,0
2023-12-12T19:00:00,1.64537,1.64805,1.6303299999999998,1.6322,0
2023-12-13T19:00:00,1.63212,1.64209,1.62077,1.64015,0
2023-12-14T19:00:00,1.64005,1.64201,1.6221100000000002,1.6256300000000001,0
2023-12-17T19:00:00,1.62542,1.63206,1.6214499999999998,1.62881,0
2023-12-18T19:00:00,1.6288399999999998,1.6299000000000001,1.62063,1.62359,0
2023-12-19T19:00:00,1.62352,1.62605,1.61497,1.62506,0
2023-12-20T19:00:00,1.62493,1.62703,1.6167500000000001,1.6187399999999998,0
2023-12-21T19:00:00,1.61867,1.62358,1.615,1.61945,0
2023-12-24T19:00:00,1.61612,1.62454,1.60967,1.61598,63
2023-12-25T19:00:00,1.61609,1.6208900000000002,1.61509,1.6178599999999999,0
2023-12-26T19:00:00,1.61785,1.62422,1.61394,1.62174,0
2023-12-27T19:00:00,1.62189,1.63151,1.61629,1.61918,0
2023-12-28T19:00:00,1.6191,1.63045,1.61672,1.6205,0
2023-12-31T19:00:00,1.61468,1.6217000000000001,1.61467,1.62019,26
2024-01-01T19:00:00,1.62019,1.62241,1.6128200000000001,1.61783,0
2024-01-02T19:00:00,1.61776,1.62754,1.61405,1.62164,0
2024-01-03T19:00:00,1.62162,1.63452,1.61737,1.63186,0
2024-01-04T19:00:00,1.6316899999999999,1.63832,1.62866,1.62941,0
2024-01-07T19:00:00,1.62771,1.64001,1.6261700000000001,1.62937,0
2024-01-08T19:00:00,1.62921,1.63652,1.62716,1.63455,0
2024-01-09T19:00:00,1.63464,1.63914,1.63011,1.63761,0
2024-01-10T19:00:00,1.63768,1.64603,1.63041,1.64063,0
2024-01-11T19:00:00,1.64059,1.64081,1.63195,1.6376300000000001,0
2024-01-14T19:00:00,1.6309,1.6463700000000001,1.6309,1.64384,0
2024-01-15T19:00:00,1.64384,1.65267,1.64243,1.65168,0
2024-01-16T19:00:00,1.65156,1.66315,1.64971,1.66086,0
2024-01-17T19:00:00,1.66064,1.6673499999999999,1.65414,1.65461,0
2024-01-18T19:00:00,1.6545299999999998,1.65653,1.6481599999999998,1.65157,0
2024-01-21T19:00:00,1.65061,1.6570399999999998,1.64869,1.65632,0
2024-01-22T19:00:00,1.65626,1.65709,1.64713,1.64973,2
2024-01-23T19:00:00,1.64909,1.6552099999999998,1.64727,1.65499,2
2024-01-24T19:00:00,1.65462,1.65694,1.64291,1.6472,2
2024-01-25T19:00:00,1.64646,1.65141,1.6431,1.6495199999999999,2
2024-01-28T19:00:00,1.6468,1.65032,1.63748,1.6385100000000001,0
2024-01-29T19:00:00,1.63839,1.6476899999999999,1.63502,1.6425800000000002,0
2024-01-30T19:00:00,1.6424699999999999,1.65002,1.64101,1.64695,0
2024-01-31T19:00:00,1.64698,1.66056,1.64371,1.65416,0
2024-02-01T19:00:00,1.65412,1.6579899999999999,1.64447,1.65632,0
2024-02-04T19:00:00,1.6556199999999999,1.66017,1.65118,1.65682,0
2024-02-05T19:00:00,1.6568100000000001,1.65808,1.64804,1.64853,0
2024-02-06T19:00:00,1.64853,1.65324,1.64574,1.65194,0
2024-02-07T19:00:00,1.65192,1.66112,1.65056,1.6601599999999999,0
2024-02-08T19:00:00,1.66012,1.6606,1.65171,1.65289,0
2024-02-11T19:00:00,1.6530399999999998,1.65635,1.64765,1.64927,0
2024-02-12T19:00:00,1.6491500000000001,1.66114,1.6423,1.65917,0
2024-02-13T19:00:00,1.65915,1.66067,1.65131,1.65229,0
2024-02-14T19:00:00,1.6520000000000001,1.65597,1.6482299999999999,1.6509399999999999,0
2024-02-15T19:00:00,1.65089,1.65385,1.64775,1.64948,0
2024-02-18T19:00:00,1.64885,1.6505,1.64593,1.6480299999999999,0
2024-02-19T19:00:00,1.6480299999999999,1.6505800000000002,1.6451500000000001,1.65008,0
2024-02-20T19:00:00,1.65004,1.65321,1.64547,1.65122,0
2024-02-21T19:00:00,1.65133,1.65389,1.64643,1.65045,0
2024-02-22T19:00:00,1.65025,1.65136,1.64592,1.6482299999999999,0
2024-02-25T19:00:00,1.6487699999999998,1.6606800000000002,1.64618,1.65902,0
2024-02-26T19:00:00,1.6588699999999998,1.6627100000000001,1.6549,1.65708,0
2024-02-27T19:00:00,1.6572,1.6694499999999999,1.6554799999999998,1.66849,0
2024-02-28T19:00:00,1.66842,1.66978,1.66025,1.66193,0
2024-02-29T19:00:00,1.6616300000000002,1.6656300000000002,1.65804,1.66093,0
2024-03-03T19:00:00,1.6588,1.66812,1.65849,1.66555,0
2024-03-04T19:00:00,1.6653,1.6745,1.6652900000000002,1.66907,0
2024-03-05T19:00:00,1.6692399999999998,1.6709800000000001,1.65775,1.6602299999999999,0
2024-03-06T19:00:00,1.66031,1.66083,1.6440299999999999,1.65371,0
2024-03-07T19:00:00,1.65368,1.65531,1.64419,1.6507,0
2024-03-10T20:00:00,1.64885,1.65652,1.64792,1.6518000000000002,0
2024-03-11T20:00:00,1.65181,1.6564,1.6441400000000002,1.65393,0
2024-03-12T20:00:00,1.65393,1.65554,1.65124,1.6533099999999998,0
2024-03-13T20:00:00,1.6532200000000001,1.6568399999999999,1.65014,1.65368,0
2024-03-14T20:00:00,1.6535600000000001,1.6610200000000002,1.65206,1.6595499999999999,0
2024-03-17T20:00:00,1.65788,1.66062,1.65687,1.65748,0
2024-03-18T20:00:00,1.6574499999999999,1.66801,1.65679,1.66343,0
2024-03-19T20:00:00,1.66329,1.66559,1.65798,1.65819,0
2024-03-20T20:00:00,1.6579899999999999,1.65974,1.64771,1.65292,0
2024-03-21T20:00:00,1.65283,1.66212,1.6501299999999999,1.6592099999999999,0
2024-03-24T20:00:00,1.65611,1.65978,1.65353,1.6571,0
2024-03-25T20:00:00,1.65707,1.65927,1.6544400000000001,1.65777,0
2024-03-26T20:00:00,1.65773,1.66215,1.6560000000000001,1.65687,0
2024-03-27T20:00:00,1.6568800000000001,1.66241,1.6548500000000002,1.65568,0
2024-03-28T20:00:00,1.6557,1.65705,1.65186,1.6534900000000001,0
2024-03-31T20:00:00,1.64893,1.65721,1.64893,1.6553900000000001,0
2024-04-01T20:00:00,1.65542,1.6560700000000002,1.64862,1.65215,0
2024-04-02T20:00:00,1.6521400000000002,1.65633,1.64893,1.65057,0
2024-04-03T20:00:00,1.65056,1.65088,1.6413799999999998,1.64497,0
2024-04-04T20:00:00,1.64489,1.6496499999999998,1.64132,1.64723,0
2024-04-07T20:00:00,1.6468699999999998,1.65059,1.64119,1.6442,0
2024-04-08T20:00:00,1.6442,1.64533,1.6370200000000001,1.63795,0
2024-04-09T20:00:00,1.63795,1.65184,1.63588,1.64942,0
2024-04-10T20:00:00,1.64942,1.6517300000000001,1.63948,1.6405699999999999,0
2024-04-11T20:00:00,1.6404800000000002,1.64786,1.6377000000000002,1.64662,0
2024-04-14T20:00:00,1.6408399999999999,1.6497899999999999,1.6408399999999999,1.64921,0
2024-04-15T20:00:00,1.6492,1.66188,1.64737,1.6586400000000001,0
2024-04-16T20:00:00,1.65862,1.66008,1.65361,1.65845,0
2024-04-17T20:00:00,1.65845,1.65903,1.65378,1.65739,0
2024-04-18T20:00:00,1.65732,1.66821,1.65636,1.66031,0
2024-04-21T20:00:00,1.65967,1.66127,1.65143,1.65178,0
2024-04-22T20:00:00,1.65178,1.6562999999999999,1.6485699999999999,1.64969,0
2024-04-23T20:00:00,1.64969,1.65043,1.63792,1.64666,0
2024-04-24T20:00:00,1.6464400000000001,1.64862,1.6404999999999998,1.64602,0
2024-04-25T20:00:00,1.64602,1.64615,1.63491,1.63678,0
2024-04-28T20:00:00,1.63521,1.63796,1.62907,1.63244,0
2024-04-29T20:00:00,1.63244,1.64966,1.63087,1.64767,0
2024-04-30T20:00:00,1.64767,1.64901,1.64071,1.6417199999999998,0
2024-05-01T20:00:00,1.64168,1.6438199999999998,1.63226,1.6335,0
2024-05-02T20:00:00,1.63353,1.63384,1.62305,1.62829,0
2024-05-05T20:00:00,1.6242299999999998,1.62899,1.62422,1.6254,0
2024-05-06T20:00:00,1.62512,1.63308,1.6207799999999999,1.62996,0
2024-05-07T20:00:00,1.62996,1.6383100000000002,1.6292499999999999,1.63358,0
2024-05-08T20:00:00,1.6335,1.6355,1.62785,1.62866,0
2024-05-09T20:00:00,1.62852,1.6326399999999999,1.62748,1.63084,0
2024-05-12T20:00:00,1.62802,1.63523,1.62802,1.63279,0
2024-05-13T20:00:00,1.6327,1.63692,1.63141,1.63258,0
2024-05-14T20:00:00,1.63249,1.63427,1.6236000000000002,1.6260400000000002,0
2024-05-15T20:00:00,1.62601,1.6315499999999998,1.62228,1.6270799999999999,0
2024-05-16T20:00:00,1.62713,1.63068,1.62297,1.62364,0
2024-05-19T20:00:00,1.6240999999999999,1.62942,1.62135,1.62828,0
2024-05-20T20:00:00,1.62828,1.63267,1.62517,1.62828,0
2024-05-21T20:00:00,1.62822,1.63721,1.62481,1.6348500000000001,0
2024-05-22T20:00:00,1.63464,1.6378300000000001,1.63238,1.6369799999999999,0
2024-05-23T20:00:00,1.63694,1.64055,1.63537,1.63631,0
2024-05-26T20:00:00,1.63604,1.63788,1.62973,1.63157,0
2024-05-27T20:00:00,1.63151,1.63428,1.6282299999999998,1.63256,0
2024-05-28T20:00:00,1.63254,1.63739,1.62751,1.63384,0
2024-05-29T20:00:00,1.63376,1.63685,1.6311900000000001,1.63289,0
2024-05-30T20:00:00,1.6328,1.63426,1.62886,1.63064,0
2024-06-02T20:00:00,1.6313,1.63484,1.62534,1.62996,0
2024-06-03T20:00:00,1.62998,1.63868,1.62859,1.63604,0
2024-06-04T20:00:00,1.63605,1.63958,1.63194,1.63487,0
2024-06-05T20:00:00,1.63469,1.64039,1.6297199999999998,1.6334300000000002,0
2024-06-06T20:00:00,1.63334,1.64205,1.6286,1.64114,0
2024-06-09T20:00:00,1.63523,1.6388,1.62605,1.6285699999999999,0
2024-06-10T20:00:00,1.62854,1.63355,1.6235300000000001,1.62567,0
2024-06-11T20:00:00,1.62558,1.62829,1.61559,1.6220400000000001,0
2024-06-12T20:00:00,1.62202,1.62738,1.61795,1.61841,0
2024-06-13T20:00:00,1.61841,1.62174,1.61498,1.61816,0
2024-06-16T20:00:00,1.61281,1.62628,1.6127799999999999,1.62313,0
2024-06-17T20:00:00,1.62313,1.62472,1.6130900000000001,1.61338,0
2024-06-18T20:00:00,1.6132499999999999,1.61378,1.6078999999999999,1.60922,0
2024-06-19T20:00:00,1.6091199999999999,1.61138,1.60595,1.60786,0
2024-06-20T20:00:00,1.60789,1.6113499999999998,1.6027200000000001,1.6099299999999999,0
2024-06-23T20:00:00,1.60808,1.61609,1.6074199999999998,1.61209,0
2024-06-24T20:00:00,1.61209,1.6137299999999999,1.60774,1.61185,0
2024-06-25T20:00:00,1.61185,1.61338,1.5997599999999998,1.6066,0
2024-06-26T20:00:00,1.6064500000000002,1.61144,1.60252,1.61025,0
2024-06-27T20:00:00,1.61006,1.61462,1.60212,1.60616,0
2024-06-30T20:00:00,1.60646,1.61478,1.60493,1.61263,0
2024-07-01T20:00:00,1.61263,1.61774,1.6084,1.61152,0
2024-07-02T20:00:00,1.61152,1.61351,1.60612,1.60791,0
2024-07-03T20:00:00,1.60795,1.6088900000000002,1.60429,1.6068799999999999,0
2024-07-04T20:00:00,1.60691,1.60988,1.60459,1.60588,0
2024-07-07T20:00:00,1.60133,1.60904,1.59966,1.6066,0
2024-07-08T20:00:00,1.6065800000000001,1.60808,1.6034199999999998,1.60413,0
2024-07-09T20:00:00,1.60413,1.6063800000000001,1.6028099999999998,1.60501,0
2024-07-10T20:00:00,1.60499,1.60859,1.6003500000000002,1.60786,0
2024-07-11T20:00:00,1.60765,1.60893,1.60481,1.60739,0
2024-07-14T20:00:00,1.60763,1.6132499999999999,1.60518,1.61164,0
2024-07-15T20:00:00,1.61158,1.6198000000000001,1.61098,1.61855,0
2024-07-16T20:00:00,1.61844,1.62641,1.6172900000000001,1.6256599999999999,0
2024-07-17T20:00:00,1.62558,1.62851,1.6188099999999999,1.62481,0
2024-07-18T20:00:00,1.6247,1.6287099999999999,1.62316,1.62792,0
2024-07-21T20:00:00,1.62547,1.64044,1.62088,1.6395300000000002,0
2024-07-22T20:00:00,1.6395300000000002,1.64293,1.63856,1.6406100000000001,0
2024-07-23T20:00:00,1.6407,1.64767,1.63911,1.6470099999999999,0
2024-07-24T20:00:00,1.6470099999999999,1.6643599999999998,1.6465800000000002,1.6587800000000001,0
2024-07-25T20:00:00,1.65863,1.6597499999999998,1.65256,1.65755,0
2024-07-28T20:00:00,1.6564299999999998,1.6592799999999999,1.65198,1.65222,0
2024-07-29T20:00:00,1.65212,1.65673,1.64914,1.65423,0
2024-07-30T20:00:00,1.65414,1.6700300000000001,1.6517300000000001,1.65483,0
2024-07-31T20:00:00,1.65477,1.66207,1.6473499999999999,1.65985,0
2024-08-01T20:00:00,1.65967,1.67689,1.65441,1.67584,0
2024-08-04T20:00:00,1.67314,1.71854,1.67231,1.6848,0
2024-08-05T20:00:00,1.6846700000000001,1.68719,1.67109,1.67413,0
2024-08-06T20:00:00,1.67394,1.67838,1.66008,1.6750500000000001,0
2024-08-07T20:00:00,1.67485,1.68005,1.65565,1.65621,0
2024-08-08T20:00:00,1.65611,1.66235,1.65359,1.6608100000000001,0
2024-08-11T20:00:00,1.6605400000000001,1.66201,1.6542400000000002,1.65899,0
2024-08-12T20:00:00,1.65897,1.66135,1.65313,1.65554,0
2024-08-13T20:00:00,1.65554,1.6699899999999999,1.65443,1.66672,0
2024-08-14T20:00:00,1.6665100000000002,1.6747999999999998,1.65602,1.6593200000000001,0
2024-08-15T20:00:00,1.6591200000000002,1.66058,1.65192,1.65313,0
2024-08-18T20:00:00,1.65309,1.65422,1.64575,1.64623,0
2024-08-19T20:00:00,1.6461999999999999,1.6504699999999999,1.64508,1.64948,0
2024-08-20T20:00:00,1.64974,1.6547,1.6472799999999999,1.65255,0
2024-08-21T20:00:00,1.65242,1.65781,1.64928,1.6572900000000002,0
2024-08-22T20:00:00,1.65726,1.65816,1.64569,1.64663,0
2024-08-25T20:00:00,1.6439,1.65151,1.6439,1.64817,0
2024-08-26T20:00:00,1.6481599999999998,1.6505100000000001,1.64465,1.64635,0
2024-08-27T20:00:00,1.64635,1.64744,1.63787,1.6387399999999999,0
2024-08-28T20:00:00,1.63863,1.6402999999999999,1.6255,1.62928,0
2024-08-29T20:00:00,1.62928,1.6360000000000001,1.6263,1.63306,0
2024-09-01T20:00:00,1.6283699999999999,1.63496,1.6279,1.63029,0
2024-09-02T20:00:00,1.63029,1.6459000000000001,1.62931,1.6453600000000002,0
2024-09-03T20:00:00,1.64535,1.65237,1.6408800000000001,1.64784,0
2024-09-04T20:00:00,1.64784,1.65205,1.6435,1.64822,0
2024-09-05T20:00:00,1.6482299999999999,1.66296,1.64428,1.66246,0
2024-09-08T20:00:00,1.66051,1.66309,1.65545,1.65664,0
2024-09-09T20:00:00,1.6565400000000001,1.65991,1.65435,1.65631,0
2024-09-10T20:00:00,1.65603,1.6617899999999999,1.64973,1.64984,0
2024-09-11T20:00:00,1.6497600000000001,1.6539899999999998,1.64523,1.64725,0
2024-09-12T20:00:00,1.64725,1.65648,1.64581,1.6516899999999999,0
2024-09-15T20:00:00,1.6545,1.6545,1.64794,1.64887,0
2024-09-16T20:00:00,1.64885,1.65002,1.64405,1.645,0
2024-09-17T20:00:00,1.645,1.64763,1.63697,1.64349,0
2024-09-18T20:00:00,1.6433900000000001,1.64501,1.6316899999999999,1.63776,0
2024-09-19T20:00:00,1.63765,1.643,1.63529,1.63975,0
2024-09-22T20:00:00,1.6397599999999999,1.64137,1.62337,1.62485,0
2024-09-23T20:00:00,1.62476,1.63134,1.61857,1.62191,0
2024-09-24T20:00:00,1.62191,1.63191,1.61979,1.63157,0
2024-09-25T20:00:00,1.63154,1.6321400000000001,1.6183800000000002,1.62066,0
2024-09-26T20:00:00,1.6206,1.62512,1.6117,1.6169099999999998,0
2024-09-29T20:00:00,1.61362,1.61864,1.6063399999999999,1.6106099999999999,0
2024-09-30T20:00:00,1.61059,1.6114000000000002,1.6019,1.60785,0
2024-10-01T20:00:00,1.60784,1.60921,1.60041,1.60402,0
2024-10-02T20:00:00,1.60393,1.6139000000000001,1.60357,1.6124800000000001,0
2024-10-03T20:00:00,1.61245,1.61531,1.60716,1.61517,0
2024-10-06T20:00:00,1.6134300000000001,1.62645,1.61101,1.6231499999999999,0
2024-10-07T20:00:00,1.62311,1.63532,1.62112,1.62534,0
2024-10-08T20:00:00,1.62534,1.63198,1.6229,1.62537,0
2024-10-09T20:00:00,1.62524,1.62971,1.61904,1.62012,0
2024-10-10T20:00:00,1.6198700000000001,1.6256599999999999,1.61869,1.61979,0
2024-10-13T20:00:00,1.62284,1.6277599999999999,1.61846,1.62164,0
2024-10-14T20:00:00,1.62164,1.62657,1.6196199999999998,1.6242,0
2024-10-15T20:00:00,1.62401,1.63276,1.62221,1.62924,0
2024-10-16T20:00:00,1.62924,1.6304699999999999,1.61491,1.61738,0
2024-10-17T20:00:00,1.6172900000000001,1.62122,1.61341,1.62059,0
2024-10-20T20:00:00,1.61385,1.62623,1.61385,1.62416,0
2024-10-21T20:00:00,1.62416,1.62601,1.61477,1.6158000000000001,3
2024-10-22T20:00:00,1.6158000000000001,1.6284,1.6139299999999999,1.62513,3
2024-10-23T20:00:00,1.62327,1.63165,1.61853,1.63049,3
2024-10-24T20:00:00,1.6286399999999999,1.63619,1.62833,1.6346500000000002,3
2024-10-27T20:00:00,1.63109,1.64327,1.6300400000000002,1.64223,3
2024-10-28T20:00:00,1.64223,1.65014,1.63841,1.64887,3
2024-10-29T20:00:00,1.6468099999999999,1.65429,1.6440700000000001,1.65177,3
2024-10-30T20:00:00,1.65177,1.66005,1.6497199999999999,1.65357,3
2024-10-31T20:00:00,1.65335,1.65841,1.64751,1.6516199999999999,3
2024-11-03T19:00:00,1.6444999999999999,1.65436,1.64314,1.65163,3
2024-11-04T19:00:00,1.65163,1.6528800000000001,1.64261,1.64623,3
2024-11-05T19:00:00,1.6452499999999999,1.64975,1.62724,1.63164,3
2024-11-06T19:00:00,1.63164,1.6345,1.61629,1.61714,3
2024-11-07T19:00:00,1.61714,1.63052,1.61579,1.62802,3
2024-11-10T19:00:00,1.6240299999999999,1.62811,1.61832,1.61974,3
2024-11-11T19:00:00,1.61974,1.62779,1.6188500000000001,1.62588,3
2024-11-12T19:00:00,1.62456,1.6311200000000001,1.62388,1.62863,3
2024-11-13T19:00:00,1.62863,1.63297,1.6253,1.63141,3
2024-11-14T19:00:00,1.63141,1.63534,1.6297199999999998,1.63036,3
2024-11-17T19:00:00,1.62809,1.63619,1.6274600000000001,1.62836,3
2024-11-18T19:00:00,1.62836,1.63005,1.62108,1.6221,3
2024-11-19T19:00:00,1.62148,1.6237,1.61971,1.6205,3
2024-11-20T19:00:00,1.6205,1.62065,1.60829,1.60847,3
2024-11-21T19:00:00,1.60847,1.6133600000000001,1.59656,1.60229,3
2024-11-24T19:00:00,1.60187,1.61645,1.6004,1.6132300000000002,3
2024-11-25T19:00:00,1.6132300000000002,1.6245500000000002,1.6114899999999999,1.6198000000000001,3
2024-11-26T19:00:00,1.6181299999999998,1.63076,1.61695,1.6261700000000001,3
2024-11-27T19:00:00,1.6261700000000001,1.6275,1.62,1.62361,3
2024-11-28T19:00:00,1.62149,1.62531,1.61884,1.62214,3
2024-12-01T19:00:00,1.62201,1.625,1.61592,1.62051,3
2024-12-02T19:00:00,1.62051,1.62523,1.61687,1.6200999999999999,3
2024-12-03T19:00:00,1.61891,1.6392600000000002,1.61891,1.63399,3
2024-12-04T19:00:00,1.63399,1.64323,1.63305,1.64054,3
2024-12-05T19:00:00,1.63947,1.65608,1.63917,1.6534200000000001,3
2024-12-08T19:00:00,1.65145,1.65259,1.6351,1.63864,3
2024-12-09T19:00:00,1.63853,1.6539899999999998,1.6376300000000001,1.6505999999999998,3
2024-12-10T19:00:00,1.65002,1.6576499999999998,1.6461999999999999,1.64756,3
2024-12-11T19:00:00,1.64756,1.64798,1.63619,1.6434,3
2024-12-12T19:00:00,1.6434,1.6519599999999999,1.6414499999999999,1.65151,3
2024-12-15T19:00:00,1.65019,1.6528800000000001,1.64754,1.64947,3
2024-12-16T19:00:00,1.64947,1.6580300000000001,1.64833,1.65524,3
2024-12-17T19:00:00,1.65524,1.6673499999999999,1.65357,1.66458,3
2024-12-18T19:00:00,1.66458,1.67156,1.65669,1.6608100000000001,3
2024-12-19T19:00:00,1.6608100000000001,1.6693099999999998,1.6604100000000002,1.66776,3
2024-12-22T19:00:00,1.66657,1.6709800000000001,1.662,1.66513,3
2024-12-23T19:00:00,1.66513,1.67016,1.66357,1.66415,3
2024-12-25T19:00:00,1.66605,1.6753900000000002,1.6632,1.67503,3
2024-12-26T19:00:00,1.67341,1.68019,1.67215,1.67696,3
2024-12-29T19:00:00,1.67519,1.67771,1.66901,1.67252,3
2024-12-30T19:00:00,1.6722299999999999,1.67767,1.66865,1.67275,3
2025-01-01T19:00:00,1.67285,1.67447,1.64901,1.6545,3
2025-01-02T19:00:00,1.65307,1.65943,1.6508500000000002,1.6579700000000002,3
2025-01-05T19:00:00,1.6576499999999998,1.66519,1.65225,1.66331,3
2025-01-06T19:00:00,1.66331,1.66472,1.6545299999999998,1.6593499999999999,3
2025-01-07T19:00:00,1.6593499999999999,1.66559,1.6578300000000001,1.65998,3
2025-01-08T19:00:00,1.65998,1.66643,1.65886,1.66246,3
2025-01-09T19:00:00,1.66246,1.6679300000000001,1.65997,1.66745,3
2025-01-12T19:00:00,1.66413,1.6676,1.65728,1.6582,3
2025-01-13T19:00:00,1.6582,1.6654499999999999,1.65347,1.66376,3
2025-01-14T19:00:00,1.66376,1.66645,1.65174,1.65208,3
2025-01-15T19:00:00,1.65208,1.6599599999999999,1.64821,1.65675,3
2025-01-16T19:00:00,1.65673,1.6662,1.6552799999999999,1.6583999999999999,3
2025-01-19T19:00:00,1.6580599999999999,1.66446,1.6565400000000001,1.65985,3
2025-01-20T19:00:00,1.65985,1.6682000000000001,1.6584400000000001,1.66141,3
2025-01-21T19:00:00,1.66141,1.6643,1.65855,1.6588500000000002,3
2025-01-22T19:00:00,1.6588500000000002,1.66295,1.65632,1.65703,3
2025-01-23T19:00:00,1.65703,1.66433,1.65187,1.6619899999999999,3
2025-01-26T19:00:00,1.66011,1.67278,1.66011,1.66722,3
2025-01-27T19:00:00,1.66722,1.67122,1.66554,1.66794,3
2025-01-28T19:00:00,1.66794,1.6750699999999998,1.66657,1.67137,3
2025-01-29T19:00:00,1.67137,1.67808,1.6688,1.6726,3
2025-01-30T19:00:00,1.6726,1.6743299999999999,1.66421,1.6679300000000001,3
2025-02-02T19:00:00,1.66291,1.67912,1.65886,1.66083,3
2025-02-03T19:00:00,1.66083,1.66729,1.65814,1.6587100000000001,3
2025-02-04T19:00:00,1.6587100000000001,1.6625999999999999,1.65419,1.65489,3
2025-02-05T19:00:00,1.65489,1.65958,1.6504699999999999,1.65235,3
2025-02-06T19:00:00,1.65235,1.65355,1.6455199999999999,1.64672,3
2025-02-09T19:00:00,1.64817,1.6508500000000002,1.64058,1.64161,3
2025-02-10T19:00:00,1.64161,1.64737,1.63924,1.6458599999999999,3
2025-02-11T19:00:00,1.6458599999999999,1.6569099999999999,1.64307,1.65323,3
2025-02-12T19:00:00,1.65323,1.66342,1.65181,1.6562000000000001,3
2025-02-13T19:00:00,1.6562000000000001,1.65762,1.64996,1.65038,3
2025-02-16T19:00:00,1.6534900000000001,1.6534900000000001,1.6446800000000001,1.64917,3
2025-02-17T19:00:00,1.64917,1.6521599999999999,1.64378,1.64409,3
2025-02-18T19:00:00,1.64409,1.6465100000000001,1.6398700000000002,1.64228,3
2025-02-19T19:00:00,1.64228,1.64662,1.63574,1.64022,3
2025-02-20T19:00:00,1.64022,1.64696,1.63789,1.64508,3
2025-02-23T19:00:00,1.6445699999999999,1.6520299999999999,1.6421700000000001,1.6484,3
2025-02-24T19:00:00,1.6484,1.662,1.64703,1.6565699999999999,3
2025-02-25T19:00:00,1.6565699999999999,1.66507,1.65552,1.66245,3
2025-02-26T19:00:00,1.66245,1.6686999999999999,1.6597499999999998,1.66722,3
2025-02-27T19:00:00,1.66722,1.6773500000000001,1.66584,1.671,3
2025-03-02T19:00:00,1.67103,1.68805,1.6703299999999999,1.6842700000000002,3
2025-03-03T19:00:00,1.6842700000000002,1.7002000000000002,1.6832099999999999,1.69377,3
2025-03-04T19:00:00,1.69377,1.70941,1.69279,1.70238,3
2025-03-05T19:00:00,1.70238,1.71085,1.6992500000000001,1.70179,3
2025-03-06T19:00:00,1.70179,1.7269999999999999,1.70129,1.7177799999999999,3
2025-03-09T20:00:00,1.71505,1.72755,1.71037,1.72534,3
2025-03-10T20:00:00,1.72534,1.74192,1.72359,1.73332,3
2025-03-11T20:00:00,1.73332,1.73661,1.72188,1.72206,3
2025-03-12T20:00:00,1.72206,1.73075,1.71879,1.72614,3
2025-03-13T20:00:00,1.72614,1.72976,1.71817,1.71902,3
2025-03-16T20:00:00,1.71926,1.7208299999999999,1.7085599999999999,1.7106400000000002,3
2025-03-17T20:00:00,1.7106400000000002,1.72206,1.70854,1.7202,3
2025-03-18T20:00:00,1.7202,1.72405,1.71437,1.7145899999999998,3
2025-03-19T20:00:00,1.7145899999999998,1.72688,1.7136,1.72079,3
2025-03-20T20:00:00,1.72079,1.72724,1.71969,1.7239499999999999,3
2025-03-23T20:00:00,1.72355,1.7248999999999999,1.71652,1.71802,3
2025-03-24T20:00:00,1.71802,1.71935,1.71121,1.71146,3
2025-03-25T20:00:00,1.71146,1.71672,1.70498,1.70703,3
2025-03-26T20:00:00,1.70703,1.7141199999999999,1.7052100000000001,1.7126299999999999,3
2025-03-27T20:00:00,1.7126299999999999,1.72317,1.71047,1.72173,3
2025-03-30T20:00:00,1.72011,1.73659,1.72011,1.73088,3
2025-03-31T20:00:00,1.73088,1.73654,1.7184,1.71853,3
2025-04-01T20:00:00,1.71853,1.7294800000000001,1.71116,1.72119,3
2025-04-02T20:00:00,1.72119,1.75306,1.72093,1.74594,3
2025-04-03T20:00:00,1.74594,1.8293,1.74341,1.81328,3
2025-04-06T20:00:00,1.81475,1.84193,1.7876699999999999,1.8204500000000001,3
2025-04-07T20:00:00,1.82107,1.84222,1.79586,1.8364500000000001,3
2025-04-08T20:00:00,1.8364500000000001,1.85582,1.7747199999999999,1.77691,3
2025-04-09T20:00:00,1.77691,1.81468,1.7697699999999998,1.79725,3
2025-04-10T20:00:00,1.79725,1.84485,1.79489,1.8039,4
2025-04-13T20:00:00,1.79224,1.81154,1.79091,1.79112,3
2025-04-14T20:00:00,1.7917100000000001,1.7967499999999998,1.77159,1.7771599999999999,3
2025-04-15T20:00:00,1.7771599999999999,1.7943799999999999,1.77482,1.7880500000000001,3
2025-04-16T20:00:00,1.7880500000000001,1.79394,1.77584,1.7760099999999999,3
2025-04-17T20:00:00,1.7760099999999999,1.78864,1.7760099999999999,1.78526,5
2025-04-20T20:00:00,1.7863099999999998,1.80171,1.78567,1.79344,4
2025-04-21T20:00:00,1.79344,1.79834,1.78589,1.7928199999999999,3
2025-04-22T20:00:00,1.7928199999999999,1.7936100000000001,1.76605,1.7774100000000002,3
2025-04-23T20:00:00,1.7774100000000002,1.78698,1.7747000000000002,1.77505,3
2025-04-24T20:00:00,1.77505,1.78138,1.76506,1.77562,3
2025-04-27T20:00:00,1.7761900000000002,1.78173,1.7717399999999999,1.77457,3
2025-04-28T20:00:00,1.77457,1.78883,1.77005,1.78237,4
2025-04-29T20:00:00,1.78237,1.7883200000000001,1.76708,1.76902,4
2025-04-30T20:00:00,1.76902,1.7753,1.7598099999999999,1.7675999999999998,3
2025-05-01T20:00:00,1.7675999999999998,1.77027,1.75143,1.75218,3
2025-05-04T20:00:00,1.74891,1.75867,1.7462499999999999,1.74885,3
2025-05-05T20:00:00,1.74885,1.7576,1.74648,1.7499500000000001,3
2025-05-06T20:00:00,1.7499500000000001,1.76228,1.73861,1.7582,3
2025-05-07T20:00:00,1.7582,1.7625199999999999,1.7504499999999998,1.75325,3
2025-05-08T20:00:00,1.75325,1.75847,1.74753,1.75448,6
2025-05-11T20:00:00,1.7365599999999999,1.75152,1.73119,1.73858,3
2025-05-12T20:00:00,1.73858,1.7453400000000001,1.7252800000000001,1.7281300000000002,3
2025-05-13T20:00:00,1.7281300000000002,1.7403,1.72473,1.73663,3
2025-05-14T20:00:00,1.73663,1.74949,1.7339799999999999,1.7450299999999999,3
2025-05-15T20:00:00,1.7450299999999999,1.75194,1.73978,1.74199,3
2025-05-18T20:00:00,1.74195,1.75194,1.73891,1.7393,3
2025-05-19T20:00:00,1.7393,1.7606899999999999,1.7377099999999999,1.75605,3
2025-05-20T20:00:00,1.75605,1.76234,1.75317,1.75895,3
2025-05-21T20:00:00,1.75895,1.76357,1.75381,1.75918,3
2025-05-22T20:00:00,1.75918,1.76117,1.7481900000000001,1.7490700000000001,3
2025-05-25T20:00:00,1.74913,1.75572,1.7463899999999999,1.7543600000000001,3
2025-05-26T20:00:00,1.7543600000000001,1.76276,1.7497500000000001,1.7564199999999999,3
2025-05-27T20:00:00,1.7564199999999999,1.76372,1.75448,1.75632,3
2025-05-28T20:00:00,1.75632,1.76538,1.7473,1.7631700000000001,3
2025-05-29T20:00:00,1.7631700000000001,1.7699,1.76111,1.7634699999999999,3
2025-06-01T20:00:00,1.76101,1.7654999999999998,1.758,1.7608899999999998,3
2025-06-02T20:00:00,1.7608899999999998,1.7707899999999999,1.7583600000000001,1.75923,3
2025-06-03T20:00:00,1.75923,1.7640099999999999,1.75433,1.75754,3
2025-06-04T20:00:00,1.75754,1.76057,1.75225,1.7587199999999998,3
2025-06-05T20:00:00,1.7587199999999998,1.7613400000000001,1.75329,1.75453,3
2025-06-08T20:00:00,1.75035,1.7557,1.74919,1.7517399999999999,3
2025-06-09T20:00:00,1.7517399999999999,1.7551299999999999,1.7462,1.75046,3
2025-06-10T20:00:00,1.75046,1.76779,1.74864,1.7667899999999999,3
2025-06-11T20:00:00,1.7667899999999999,1.78329,1.76362,1.7723499999999999,3
2025-06-12T20:00:00,1.7723499999999999,1.78829,1.76959,1.77956,3
2025-06-15T20:00:00,1.77509,1.7823600000000002,1.76888,1.77143,3
2025-06-16T20:00:00,1.77143,1.77568,1.76617,1.7723499999999999,3
2025-06-17T20:00:00,1.7723499999999999,1.7742499999999999,1.76288,1.7631999999999999,3
2025-06-18T20:00:00,1.7631999999999999,1.77893,1.7602600000000002,1.77245,3
2025-06-19T20:00:00,1.77245,1.7881,1.76861,1.78544,3
2025-06-22T20:00:00,1.7813400000000001,1.7990599999999999,1.7788599999999999,1.7916400000000001,3
2025-06-23T20:00:00,1.7916400000000001,1.79443,1.78118,1.7885499999999999,3
2025-06-24T20:00:00,1.7885499999999999,1.79149,1.7834699999999999,1.78983,3
2025-06-25T20:00:00,1.78983,1.79427,1.7859099999999999,1.78715,3
2025-06-26T20:00:00,1.78715,1.79744,1.78267,1.79444,3
2025-06-29T20:00:00,1.79317,1.79646,1.78933,1.79084,3
2025-06-30T20:00:00,1.79084,1.79741,1.7882099999999999,1.7931,3
2025-07-01T20:00:00,1.7931,1.79653,1.79023,1.79183,3
2025-07-02T20:00:00,1.79183,1.79657,1.78659,1.78881,3
2025-07-03T20:00:00,1.78881,1.79916,1.78698,1.79441,3
2025-07-06T20:00:00,1.7922500000000001,1.80978,1.7922500000000001,1.8034599999999998,3
2025-07-07T20:00:00,1.8034599999999998,1.80584,1.78904,1.79513,3
2025-07-08T20:00:00,1.79513,1.79783,1.78949,1.79283,3
2025-07-09T20:00:00,1.79283,1.7965900000000001,1.77432,1.77566,3
2025-07-10T20:00:00,1.77566,1.78025,1.77196,1.77719,3
2025-07-13T20:00:00,1.77505,1.78315,1.77397,1.78201,3
2025-07-14T20:00:00,1.78201,1.78481,1.7753299999999999,1.7807,3
2025-07-15T20:00:00,1.7807,1.7898800000000001,1.77697,1.78172,3
2025-07-16T20:00:00,1.78172,1.7946,1.77999,1.7869899999999999,3
2025-07-17T20:00:00,1.7869899999999999,1.78868,1.7832599999999998,1.78616,3
2025-07-20T20:00:00,1.78345,1.7930700000000002,1.77927,1.79123,3
2025-07-21T20:00:00,1.79123,1.79745,1.788,1.7925,3
2025-07-22T20:00:00,1.7925,1.7935699999999999,1.77672,1.78223,3
2025-07-23T20:00:00,1.78223,1.78438,1.77484,1.78194,3
2025-07-24T20:00:00,1.78194,1.79001,1.7776100000000001,1.78792,3
2025-07-27T20:00:00,1.7868300000000001,1.79216,1.77604,1.77681,3
2025-07-28T20:00:00,1.77681,1.77979,1.77048,1.77315,3
2025-07-29T20:00:00,1.77315,1.77875,1.77089,1.77225,3
2025-07-30T20:00:00,1.77225,1.77992,1.76734,1.77534,3
2025-07-31T20:00:00,1.77534,1.7931300000000001,1.77078,1.7910599999999999,3
2025-08-03T20:00:00,1.7898100000000001,1.79274,1.78396,1.78817,3
2025-08-04T20:00:00,1.78817,1.7915299999999998,1.78369,1.78807,3
2025-08-05T20:00:00,1.78807,1.79315,1.78208,1.79269,0
2025-08-06T20:00:00,1.79269,1.7945,1.78397,1.78775,3
2025-08-07T20:00:00,1.78775,1.79052,1.78266,1.78511,3
2025-08-10T20:00:00,1.78339,1.78955,1.78149,1.78311,3
2025-08-11T20:00:00,1.78311,1.79222,1.78106,1.78769,3
2025-08-12T20:00:00,1.78769,1.7919399999999999,1.78552,1.78791,3
2025-08-13T20:00:00,1.78791,1.79502,1.78334,1.79256,3
2025-08-14T20:00:00,1.79256,1.79928,1.7905600000000002,1.7976999999999999,3
2025-08-17T20:00:00,1.79489,1.79938,1.79189,1.79607,3
2025-08-18T20:00:00,1.79607,1.8061099999999999,1.79379,1.8042500000000001,3
2025-08-19T20:00:00,1.8042500000000001,1.8152300000000001,1.80046,1.8106200000000001,3
2025-08-20T20:00:00,1.8106200000000001,1.81569,1.80626,1.80745,3
2025-08-21T20:00:00,1.80745,1.80824,1.8028499999999998,1.80538,3
2025-08-24T20:00:00,1.79768,1.80709,1.79088,1.79176,3
2025-08-25T20:00:00,1.79176,1.79821,1.7903099999999998,1.79219,3
2025-08-26T20:00:00,1.79219,1.79337,1.78648,1.78869,3
2025-08-27T20:00:00,1.78869,1.7899699999999998,1.78526,1.78831,3
2025-08-28T20:00:00,1.78831,1.7894999999999999,1.7824,1.7869899999999999,3
2025-08-31T20:00:00,1.78569,1.7933599999999998,1.78377,1.78685,3
2025-09-01T20:00:00,1.78685,1.7934999999999999,1.78427,1.78427,3
2025-09-02T20:00:00,1.78427,1.78761,1.78038,1.78183,3
2025-09-03T20:00:00,1.78183,1.7902,1.7795100000000001,1.78701,3
2025-09-04T20:00:00,1.78701,1.79141,1.77973,1.78783,3
2025-09-07T20:00:00,1.7859,1.78829,1.7786,1.78427,3
2025-09-08T20:00:00,1.78427,1.78586,1.7760099999999999,1.77769,3
2025-09-09T20:00:00,1.77769,1.7790599999999999,1.76692,1.76818,3
2025-09-10T20:00:00,1.76818,1.77148,1.76091,1.76146,3
2025-09-11T20:00:00,1.76146,1.76642,1.75916,1.76457,3
2025-09-14T20:00:00,1.76484,1.7668599999999999,1.76024,1.7632400000000001,3
2025-09-15T20:00:00,1.7632400000000001,1.77674,1.76196,1.77481,3
2025-09-16T20:00:00,1.77481,1.78022,1.77179,1.77527,3
2025-09-17T20:00:00,1.77527,1.78268,1.77337,1.78228,3
2025-09-18T20:00:00,1.78158,1.78613,1.77952,1.78155,3
2025-09-21T20:00:00,1.7757800000000001,1.78877,1.77283,1.7879800000000001,3
2025-09-22T20:00:00,1.7879800000000001,1.79319,1.7836400000000001,1.79035,3
2025-09-23T20:00:00,1.79035,1.79115,1.7776399999999999,1.78286,3
2025-09-24T20:00:00,1.78286,1.7858100000000001,1.7781500000000001,1.7834400000000001,3
2025-09-25T20:00:00,1.7834400000000001,1.79,1.7795999999999998,1.78741,3
2025-09-28T20:00:00,1.7847499999999998,1.78924,1.7823099999999998,1.7826499999999998,3
2025-09-29T20:00:00,1.7826499999999998,1.78497,1.77122,1.77399,3
2025-09-30T20:00:00,1.77399,1.78189,1.77071,1.77268,3
2025-10-01T20:00:00,1.77268,1.7795299999999998,1.77218,1.77604,3
2025-10-02T20:00:00,1.77604,1.7797100000000001,1.77485,1.77805,3
2025-10-05T20:00:00,1.7790300000000001,1.77952,1.76518,1.76793,3
2025-10-06T20:00:00,1.76793,1.77371,1.76693,1.7710599999999999,3
2025-10-07T20:00:00,1.7710599999999999,1.77227,1.76305,1.76482,3
2025-10-08T20:00:00,1.76482,1.76756,1.7572,1.7633999999999999,3
2025-10-09T20:00:00,1.7633999999999999,1.79497,1.76036,1.79409,3
2025-10-12T20:00:00,1.78179,1.7877999999999998,1.77353,1.77583,3
2025-10-13T20:00:00,1.77583,1.79464,1.7723900000000001,1.78913,3
2025-10-14T20:00:00,1.78913,1.79285,1.78213,1.7881399999999998,3
2025-10-15T20:00:00,1.7881399999999998,1.80584,1.78681,1.8021099999999999,3
2025-10-16T20:00:00,1.8021099999999999,1.81628,1.79352,1.7939500000000002,3
2025-10-19T20:00:00,1.79451,1.7967300000000002,1.7867,1.78731,3
2025-10-20T20:00:00,1.78731,1.79461,1.78465,1.7876400000000001,3
2025-10-21T20:00:00,1.78763,1.79283,1.7832,1.78887,3
2025-10-22T20:00:00,1.78887,1.7898399999999999,1.7799800000000001,1.7834400000000001,3
2025-10-23T20:00:00,1.7834400000000001,1.78966,1.78289,1.7855400000000001,3
2025-10-26T20:00:00,1.77667,1.78199,1.7741099999999999,1.77606,3
2025-10-27T20:00:00,1.77606,1.78155,1.7686,1.7687300000000001,3
2025-10-28T20:00:00,1.7687300000000001,1.77198,1.7579799999999999,1.76429,3
2025-10-29T20:00:00,1.76429,1.77068,1.7617,1.76413,3
2025-10-30T20:00:00,1.7641,1.7698800000000001,1.75979,1.76226,3
2025-11-02T19:00:00,1.76037,1.76586,1.7564,1.7617,3
2025-11-03T19:00:00,1.7617,1.7725300000000002,1.76009,1.76888,3
2025-11-04T19:00:00,1.76888,1.77858,1.76315,1.76605,3
2025-11-05T19:00:00,1.76605,1.7850899999999998,1.76429,1.78149,3
2025-11-06T19:00:00,1.78149,1.78992,1.7771599999999999,1.7802099999999998,3
2025-11-09T19:00:00,1.77755,1.78023,1.7674699999999999,1.76804,3
2025-11-10T19:00:00,1.76806,1.7784200000000001,1.76655,1.77406,3
2025-11-11T19:00:00,1.77406,1.77626,1.76856,1.7718500000000001,3
2025-11-12T19:00:00,1.7718500000000001,1.7848000000000002,1.76302,1.78124,3
2025-11-13T19:00:00,1.78124,1.78697,1.77308,1.77774,3
2025-11-16T19:00:00,1.77651,1.7871899999999998,1.77595,1.78471,3
2025-11-17T19:00:00,1.78471,1.79367,1.77706,1.77904,3
2025-11-18T19:00:00,1.77904,1.7884799999999998,1.77749,1.7803499999999999,3
2025-11-19T19:00:00,1.7803499999999999,1.79107,1.7741799999999999,1.78967,3
2025-11-20T19:00:00,1.78967,1.79351,1.78085,1.7833700000000001,3
2025-11-23T19:00:00,1.78027,1.79088,1.77991,1.78176,3
2025-11-24T19:00:00,1.78176,1.79782,1.7810899999999998,1.78824,3
2025-11-25T19:00:00,1.78824,1.78864,1.77807,1.7787199999999999,3
2025-11-26T19:00:00,1.7787199999999999,1.77902,1.77373,1.7742,3
2025-11-27T19:00:00,1.7742,1.77602,1.7686899999999999,1.76908,3
2025-11-30T19:00:00,1.77184,1.77637,1.76976,1.77376,3
2025-12-01T19:00:00,1.77376,1.7752400000000002,1.76646,1.76929,3
2025-12-02T19:00:00,1.76912,1.7751000000000001,1.7667199999999998,1.76753,3
2025-12-03T19:00:00,1.76753,1.76831,1.76045,1.7612100000000002,3
2025-12-04T19:00:00,1.7612100000000002,1.76296,1.75298,1.75332,3
2025-12-07T19:00:00,1.75187,1.75814,1.75187,1.75634,3
2025-12-08T19:00:00,1.75631,1.76226,1.74805,1.74983,3
2025-12-09T19:00:00,1.74983,1.75556,1.74904,1.75135,3
2025-12-10T19:00:00,1.75135,1.76417,1.7495500000000002,1.76063,3
2025-12-11T19:00:00,1.76063,1.7688899999999999,1.7571400000000001,1.76457,3
2025-12-14T19:00:00,1.76533,1.77081,1.7633999999999999,1.76884,3
2025-12-15T19:00:00,1.76885,1.7772000000000001,1.7680099999999999,1.77055,3
2025-12-16T19:00:00,1.77055,1.77945,1.76863,1.77705,3
2025-12-17T19:00:00,1.77705,1.7806600000000001,1.7705199999999999,1.7722,3
2025-12-18T19:00:00,1.7722,1.77484,1.7695400000000001,1.77148,3
2025-12-21T19:00:00,1.77055,1.77259,1.76505,1.76603,3
2025-12-22T19:00:00,1.76606,1.7679399999999998,1.7587199999999998,1.7597399999999999,3
2025-12-23T19:00:00,1.7597399999999999,1.76133,1.75424,1.75539,3
2025-12-25T19:00:00,1.75699,1.75787,1.75291,1.75319,3
2025-12-28T19:00:00,1.75316,1.76231,1.7487599999999999,1.75831,3
2025-12-29T19:00:00,1.75831,1.75912,1.75324,1.7542200000000001,3
2025-12-30T19:00:00,1.7542200000000001,1.76155,1.7527599999999999,1.75955,3
2026-01-01T19:00:00,1.75977,1.76112,1.74902,1.75083,3
2026-01-04T19:00:00,1.75365,1.7537500000000001,1.74274,1.74546,3
2026-01-05T19:00:00,1.74546,1.74743,1.73385,1.73453,3
2026-01-06T19:00:00,1.73453,1.73983,1.72911,1.7365599999999999,3
2026-01-07T19:00:00,1.7365599999999999,1.74551,1.73567,1.74011,3
2026-01-08T19:00:00,1.74011,1.74445,1.7383899999999999,1.73917,3
2026-01-11T19:00:00,1.73997,1.74383,1.73711,1.73808,3
2026-01-12T19:00:00,1.7381,1.74457,1.73552,1.74158,3
2026-01-13T19:00:00,1.74146,1.74566,1.7379099999999998,1.7421799999999998,3
2026-01-14T19:00:00,1.7421799999999998,1.74565,1.72992,1.73252,3
2026-01-15T19:00:00,1.73252,1.73796,1.73109,1.73537,3
2026-01-18T19:00:00,1.73434,1.73986,1.73331,1.7342,3
2026-01-19T19:00:00,1.7342,1.74675,1.73071,1.74021,3
2026-01-20T19:00:00,1.74021,1.74228,1.7273399999999999,1.72744,2
2026-01-21T19:00:00,1.72744,1.72925,1.71585,1.71788,3
2026-01-22T19:00:00,1.71788,1.71929,1.70994,1.71489,3
2026-01-25T19:00:00,1.71262,1.71939,1.7110400000000001,1.71746,3
2026-01-26T19:00:00,1.71746,1.7234699999999998,1.71422,1.71643,3
2026-01-27T19:00:00,1.71643,1.71917,1.6968100000000002,1.6975799999999999,3
2026-01-28T19:00:00,1.6975799999999999,1.71027,1.68933,1.69797,3
2026-01-29T19:00:00,1.69797,1.70853,1.69418,1.7017600000000002,3
2026-02-01T19:00:00,1.70437,1.71471,1.69455,1.69676,3
2026-02-02T19:00:00,1.69676,1.69696,1.67621,1.68262,3
2026-02-03T19:00:00,1.68262,1.6920899999999999,1.67971,1.6869100000000001,3
2026-02-04T19:00:00,1.6869100000000001,1.70008,1.68423,1.6997,3
2026-02-05T19:00:00,1.69969,1.70633,1.68218,1.68327,3
2026-02-08T19:00:00,1.68424,1.69051,1.6785700000000001,1.67906,3
2026-02-09T19:00:00,1.67906,1.6854900000000002,1.67834,1.68086,3
2026-02-10T19:00:00,1.68086,1.68184,1.66344,1.6654200000000001,3
2026-02-11T19:00:00,1.6654200000000001,1.67588,1.6623299999999999,1.67359,3
2026-02-12T19:00:00,1.67359,1.6834500000000001,1.67057,1.67788,3
2026-02-15T19:00:00,1.68015,1.68096,1.67185,1.6755200000000001,3
2026-02-16T19:00:00,1.6755200000000001,1.6802899999999998,1.67126,1.67286,3
2026-02-17T19:00:00,1.67286,1.67622,1.67045,1.67294,3
2026-02-18T19:00:00,1.67296,1.67472,1.66577,1.66747,3
2026-02-19T19:00:00,1.66747,1.67544,1.6626400000000001,1.6633,3
2026-02-22T19:00:00,1.6649500000000002,1.6729699999999998,1.6633900000000001,1.6699899999999999,3
2026-02-23T19:00:00,1.6699899999999999,1.6750699999999998,1.6654900000000001,1.66771,3
2026-02-24T19:00:00,1.66771,1.66845,1.6568800000000001,1.65771,3
2026-02-25T19:00:00,1.65771,1.66715,1.65651,1.6600700000000002,3
2026-02-26T19:00:00,1.6600700000000002,1.66401,1.65602,1.65997,3
2026-03-01T19:00:00,1.67287,1.67287,1.64688,1.6469200000000002,3
2026-03-02T19:00:00,1.6469200000000002,1.66279,1.64256,1.6500599999999999,3
2026-03-03T19:00:00,1.6500599999999999,1.65938,1.64257,1.64367,3
2026-03-04T19:00:00,1.64367,1.65954,1.64238,1.6562000000000001,3
2026-03-05T19:00:00,1.6562000000000001,1.6569099999999999,1.64752,1.65212,3
2026-03-08T20:00:00,1.65256,1.65547,1.64121,1.64395,3
2026-03-09T20:00:00,1.64395,1.64589,1.62686,1.63052,3
2026-03-10T20:00:00,1.63052,1.63161,1.61283,1.61707,3
2026-03-11T20:00:00,1.61707,1.62805,1.6135899999999999,1.6263800000000002,3
2026-03-12T20:00:00,1.6263800000000002,1.63506,1.62496,1.63464,3
2026-03-15T20:00:00,1.63171,1.6349399999999998,1.62494,1.6266699999999998,3
2026-03-16T20:00:00,1.6266699999999998,1.63104,1.6208900000000002,1.62391,3
2026-03-17T20:00:00,1.62391,1.6317599999999999,1.62002,1.63001,3
2026-03-18T20:00:00,1.63001,1.64184,1.62576,1.63497,3
2026-03-19T20:00:00,1.63497,1.64853,1.6290200000000001,1.64752,3
2026-03-22T20:00:00,1.6476600000000001,1.66232,1.64494,1.65601,3
2026-03-23T20:00:00,1.65601,1.66681,1.65287,1.65877,3
2026-03-24T20:00:00,1.65877,1.66756,1.65666,1.66353,3
2026-03-25T20:00:00,1.66353,1.6755499999999999,1.6619000000000002,1.67264,3
2026-03-26T20:00:00,1.67264,1.67784,1.6689699999999998,1.67351,3
2026-03-29T20:00:00,1.67415,1.68058,1.66978,1.67275,3
2026-03-30T20:00:00,1.67275,1.6846299999999998,1.66833,1.67408,3
2026-03-31T20:00:00,1.67408,1.6760000000000002,1.66737,1.6723599999999998,3
2026-04-01T20:00:00,1.6723599999999998,1.67885,1.669,1.66944,3
2026-04-02T20:00:00,1.66944,1.6724700000000001,1.66573,1.66801,3
2026-04-05T20:00:00,1.6717499999999998,1.6733099999999999,1.6657899999999999,1.6680000000000001,3
2026-04-06T20:00:00,1.6680000000000001,1.67093,1.66139,1.66139,3
2026-04-07T20:00:00,1.66139,1.66398,1.65003,1.65523,3
2026-04-08T20:00:00,1.65523,1.66166,1.65076,1.651,3
2026-04-09T20:00:00,1.65103,1.6584400000000001,1.6493799999999998,1.65831,3
2026-04-12T20:00:00,1.66787,1.66927,1.65497,1.65692,3
2026-04-13T20:00:00,1.65692,1.66173,1.65152,1.65442,3
2026-04-14T20:00:00,1.65442,1.65727,1.64455,1.64543,3
2026-04-15T20:00:00,1.64543,1.6469200000000002,1.64067,1.64459,3
2026-04-16T20:00:00,1.64459,1.64618,1.63948,1.64105,3
2026-04-19T20:00:00,1.64659,1.64812,1.64154,1.642,3
2026-04-20T20:00:00,1.642,1.6458599999999999,1.63855,1.64132,3
2026-04-21T20:00:00,1.64132,1.6425999999999998,1.63435,1.63437,3
2026-04-22T20:00:00,1.63437,1.64105,1.6338300000000001,1.63862,3
2026-04-23T20:00:00,1.63862,1.64189,1.63645,1.63871,3
2026-04-26T20:00:00,1.6384699999999999,1.63985,1.6303100000000001,1.6305100000000001,3
2026-04-27T20:00:00,1.6305100000000001,1.63411,1.62893,1.63046,3
2026-04-28T20:00:00,1.63046,1.6425100000000001,1.62899,1.6405699999999999,3
2026-04-29T20:00:00,1.6405699999999999,1.64117,1.62866,1.62876,3
2026-04-30T20:00:00,1.62876,1.6335199999999999,1.62603,1.62756,3
2026-05-03T20:00:00,1.6268,1.63354,1.62459,1.6306500000000002,3
2026-05-04T20:00:00,1.6306500000000002,1.63723,1.62696,1.62765,3
2026-05-05T20:00:00,1.6273300000000002,1.6282100000000002,1.61844,1.6227800000000001,3
2026-05-06T20:00:00,1.6227800000000001,1.62743,1.6197599999999999,1.62567,3
2026-05-07T20:00:00,1.62567,1.62874,1.62325,1.6261299999999999,3
2026-05-10T20:00:00,1.62569,1.62915,1.62284,1.62508,3
2026-05-11T20:00:00,1.62508,1.62944,1.6209,1.6209500000000001,3
2026-05-12T20:00:00,1.6209500000000001,1.6225,1.6111,1.61303,3
2026-05-13T20:00:00,1.61303,1.61916,1.61148,1.6155300000000001,3
2026-05-14T20:00:00,1.6155300000000001,1.62797,1.61455,1.62644,3
2026-05-17T20:00:00,1.6219000000000001,1.6307800000000001,1.6209099999999999,1.6257700000000002,3
2026-05-18T20:00:00,1.6257700000000002,1.63821,1.6238899999999998,1.6323400000000001,3
2026-05-19T20:00:00,1.6323400000000001,1.63606,1.62243,1.62507,3
2026-05-20T20:00:00,1.62507,1.63599,1.62201,1.62465,3
2026-05-21T20:00:00,1.62465,1.62872,1.6228500000000001,1.62727,3
2026-05-24T20:00:00,1.62524,1.62721,1.6216599999999999,1.6225399999999999,3
2026-05-25T20:00:00,1.6225399999999999,1.62561,1.6205,1.62183,3
2026-05-26T20:00:00,1.62183,1.63331,1.6198299999999999,1.62723,3
2026-05-27T20:00:00,1.62723,1.6327,1.62571,1.62645,3
2026-05-28T20:00:00,1.62645,1.62756,1.6200700000000001,1.6227399999999998,3
2026-05-31T20:00:00,1.62411,1.62766,1.62011,1.6239400000000002,3
2026-06-01T20:00:00,1.6239400000000002,1.62587,1.6191900000000001,1.61981,3
2026-06-02T20:00:00,1.61981,1.62744,1.61871,1.62619,3
2026-06-03T20:00:00,1.62619,1.63043,1.62493,1.62717,3
2026-06-04T20:00:00,1.62717,1.63705,1.6252900000000001,1.63594,3
2026-06-07T20:00:00,1.6378,1.63794,1.63041,1.6367500000000001,3
2026-06-08T20:00:00,1.6368399999999999,1.64595,1.63376,1.6415199999999999,3
2026-06-09T20:00:00,1.6415199999999999,1.64914,1.63971,1.64751,3
2026-06-10T20:00:00,1.64751,1.65174,1.6415,1.64211,3
2026-06-11T20:00:00,1.64211,1.6463299999999998,1.63997,1.6417199999999998,3
