time,open,high,low,close,volume
2015-10-11T20:00:00,136.54,136.925,136.224,136.27,0
2015-10-12T20:00:00,136.261,136.587,135.997,136.295,0
2015-10-13T20:00:00,136.326,136.606,136.139,136.36,0
2015-10-14T20:00:00,136.356,136.729,134.789,135.341,0
2015-10-15T20:00:00,135.35,135.975,134.945,135.595,0
2015-10-17T20:00:00,135.584,135.65,135.476,135.489,0
2015-10-18T20:00:00,135.482,135.929,135.06,135.376,0
2015-10-19T20:00:00,135.361,136.214,135.252,136.01,0
2015-10-20T20:00:00,136.011,136.378,135.876,135.983,0
2015-10-21T20:00:00,136.002,136.059,133.747,133.954,0
2015-10-22T20:00:00,133.97,134.255,133.362,133.748,0
2015-10-24T20:00:00,133.683,133.813,133.593,133.668,0
2015-10-25T20:00:00,133.669,133.903,133.135,133.769,0
2015-10-26T20:00:00,133.775,133.775,132.721,132.911,0
2015-10-27T20:00:00,132.92,133.539,131.961,132.035,0
2015-10-28T20:00:00,132.081,133.06,131.581,132.996,0
2015-10-29T20:00:00,132.975,133.384,132.188,132.743,0
2015-10-31T20:00:00,132.866,132.972,132.804,132.815,0
2015-11-01T19:00:00,132.831,133.199,132.613,133.035,0
2015-11-02T19:00:00,133.073,133.108,132.532,132.721,0
2015-11-03T19:00:00,132.733,132.897,131.837,132.009,0
2015-11-04T19:00:00,132.02,132.714,131.852,132.432,0
2015-11-05T19:00:00,132.414,132.7,131.465,132.243,0
2015-11-07T19:00:00,132.328,132.341,132.173,132.173,0
2015-11-08T19:00:00,132.193,133.18,132.169,132.389,0
2015-11-09T19:00:00,132.41,132.776,131.615,132.146,0
2015-11-10T19:00:00,132.148,132.396,131.643,132.112,0
2015-11-11T19:00:00,132.13,132.744,131.469,132.488,0
2015-11-12T19:00:00,132.495,132.5,131.548,131.961,0
2015-11-14T19:00:00,131.391,131.478,130.632,130.862,0
2015-11-15T19:00:00,130.92,132.202,130.914,131.729,0
2015-11-16T19:00:00,131.725,131.764,131.187,131.37,0
2015-11-17T19:00:00,131.363,131.837,131.107,131.804,0
2015-11-18T19:00:00,131.791,132.264,131.42,131.818,0
2015-11-19T19:00:00,131.795,131.836,130.685,130.716,0
2015-11-21T19:00:00,130.719,130.788,130.68,130.758,0
2015-11-22T19:00:00,130.776,131.032,130.34,130.759,0
2015-11-23T19:00:00,130.761,130.766,130.185,130.382,0
2015-11-24T19:00:00,130.379,130.755,129.765,130.311,0
2015-11-25T19:00:00,130.312,130.34,129.88,130.061,0
2015-11-26T19:00:00,130.056,130.237,129.657,130.072,0
2015-11-28T19:00:00,130.079,130.105,129.945,129.986,0
2015-11-29T19:00:00,129.982,130.285,129.802,130.221,0
2015-11-30T19:00:00,130.21,130.798,129.747,130.595,0
2015-12-01T19:00:00,130.592,130.965,130.292,130.753,0
2015-12-02T19:00:00,130.756,134.489,129.876,133.892,0
2015-12-03T19:00:00,133.906,134.582,133.315,133.866,0
2015-12-05T19:00:00,133.905,134.11,133.889,134.04,0
2015-12-06T19:00:00,134.05,134.062,133.285,133.568,0
2015-12-07T19:00:00,133.579,133.99,133.472,133.889,0
2015-12-08T19:00:00,133.881,134.209,133.513,134.031,0
2015-12-09T19:00:00,134.026,134.066,132.763,133.218,0
2015-12-10T19:00:00,133.201,133.771,132.619,132.871,0
2015-12-12T19:00:00,132.987,133.013,132.479,132.738,0
2015-12-13T19:00:00,132.768,133.225,132.429,133.117,0
2015-12-14T19:00:00,133.076,133.519,132.692,133.028,0
2015-12-15T19:00:00,133.032,133.774,132.883,133.171,0
2015-12-16T19:00:00,133.182,133.244,132.584,132.761,0
2015-12-17T19:00:00,132.77,133.78,131.021,131.741,0
2015-12-19T19:00:00,131.584,131.92,131.572,131.836,0
2015-12-20T19:00:00,131.797,132.338,131.649,132.252,0
2015-12-21T19:00:00,132.264,132.787,132.087,132.499,0
2015-12-22T19:00:00,132.5,132.53,131.492,131.919,0
2015-12-23T19:00:00,131.917,131.994,131.582,131.772,0
2015-12-24T19:00:00,131.775,131.944,131.525,131.765,0
2015-12-26T19:00:00,131.601,131.868,131.601,131.827,0
2015-12-27T19:00:00,131.847,132.454,131.83,132.094,0
2015-12-28T19:00:00,132.087,132.343,131.348,131.674,0
2015-12-29T19:00:00,131.678,131.911,131.439,131.721,0
2015-12-30T19:00:00,131.715,131.761,130.363,131.251,0
2016-01-02T19:00:00,130.674,130.756,130.469,130.559,0
2016-01-03T19:00:00,130.576,130.639,128.666,129.301,0
2016-01-04T19:00:00,129.295,129.463,127.509,128.039,0
2016-01-05T19:00:00,128.029,128.06,127.01,127.823,0
2016-01-06T19:00:00,127.827,128.621,126.774,128.402,0
2016-01-07T19:00:00,128.4,129.077,128.073,128.297,0
2016-01-09T19:00:00,127.912,128.315,127.633,128.02,0
2016-01-10T19:00:00,128.032,128.457,127.299,127.751,0
2016-01-11T19:00:00,127.756,127.996,127.445,127.759,0
2016-01-12T19:00:00,127.744,128.535,127.625,127.803,0
2016-01-13T19:00:00,127.81,128.743,127.734,128.351,0
2016-01-14T19:00:00,128.348,128.386,127.574,127.606,0
2016-01-16T19:00:00,127.595,127.803,127.438,127.731,0
2016-01-17T19:00:00,127.777,127.934,127.34,127.87,0
2016-01-18T19:00:00,127.897,128.547,127.778,128.262,0
2016-01-19T19:00:00,128.244,128.336,126.618,127.433,0
2016-01-20T19:00:00,127.41,128.185,126.157,128.04,0
2016-01-21T19:00:00,128.052,128.419,127.41,128.189,0
2016-01-23T19:00:00,128.121,128.213,127.998,128.001,0
2016-01-24T19:00:00,128.003,128.535,127.845,128.302,0
2016-01-25T19:00:00,128.321,128.713,127.809,128.58,0
2016-01-26T19:00:00,128.601,129.478,128.241,129.157,0
2016-01-27T19:00:00,129.162,130.207,128.933,130.039,0
2016-01-28T19:00:00,130.04,132.348,129.467,131.168,0
2016-01-30T19:00:00,131.36,131.468,131.228,131.359,0
2016-01-31T19:00:00,131.404,132.013,131.245,131.671,0
2016-02-01T19:00:00,131.706,131.96,130.762,130.852,0
2016-02-02T19:00:00,130.893,131.071,130.041,131.068,0
2016-02-03T19:00:00,131.07,131.648,130.631,130.86,0
2016-02-04T19:00:00,130.889,131.008,130.15,130.338,0
2016-02-06T19:00:00,130.237,130.381,130.211,130.31,0
2016-02-07T19:00:00,130.248,130.894,128.75,129.408,0
2016-02-08T19:00:00,129.37,130.256,128.259,130.021,0
2016-02-09T19:00:00,129.995,130.059,127.693,127.77,0
2016-02-10T19:00:00,127.821,127.969,125.766,127.283,0
2016-02-11T19:00:00,127.22,127.646,126.363,127.396,0
2016-02-13T19:00:00,127.407,127.643,127.372,127.577,0
2016-02-14T19:00:00,127.46,127.949,127.24,127.789,0
2016-02-15T19:00:00,127.843,128.162,126.605,127.17,0
2016-02-16T19:00:00,127.1,127.385,126.618,127.083,0
2016-02-17T19:00:00,127.051,127.124,125.583,125.784,0
2016-02-18T19:00:00,125.819,125.887,125.007,125.288,0
2016-02-20T19:00:00,125.163,125.264,125.038,125.142,0
2016-02-21T19:00:00,125.141,125.553,124.357,124.522,0
2016-02-22T19:00:00,124.532,124.569,123.057,123.349,0
2016-02-23T19:00:00,123.303,123.61,122.444,123.419,0
2016-02-24T19:00:00,123.457,124.726,123.293,124.71,0
2016-02-25T19:00:00,124.708,124.996,124.208,124.553,0
2016-02-27T19:00:00,124.401,124.437,124.0,124.216,0
2016-02-28T19:00:00,124.242,124.359,122.066,122.36,0
2016-02-29T19:00:00,122.403,124.068,122.094,123.89,0
2016-03-01T19:00:00,123.848,124.346,123.079,123.341,0
2016-03-02T19:00:00,123.27,124.587,123.27,124.431,0
2016-03-03T19:00:00,124.405,125.577,123.923,125.206,0
2016-03-05T19:00:00,125.204,125.232,125.038,125.101,0
2016-03-06T19:00:00,125.128,125.216,124.232,124.974,0
2016-03-07T19:00:00,124.999,124.999,123.838,123.953,0
2016-03-08T19:00:00,123.885,124.876,123.049,124.382,0
2016-03-09T19:00:00,124.426,126.766,123.641,126.115,0
2016-03-10T19:00:00,126.129,127.278,126.053,126.877,0
2016-03-12T19:00:00,126.914,127.114,126.857,127.018,0
2016-03-13T20:00:00,126.992,127.145,126.066,126.337,0
2016-03-14T20:00:00,126.347,126.687,125.083,125.618,0
2016-03-15T20:00:00,125.649,126.525,125.54,126.506,0
2016-03-16T20:00:00,126.454,126.611,125.317,126.001,0
2016-03-17T20:00:00,126.056,126.187,125.257,125.76,0
2016-03-19T20:00:00,125.673,125.752,125.499,125.637,0
2016-03-20T20:00:00,125.698,126.066,125.21,125.986,0
2016-03-21T20:00:00,125.981,126.26,124.659,125.942,0
2016-03-22T20:00:00,125.959,126.238,125.495,125.652,0
2016-03-23T20:00:00,125.654,126.171,125.376,125.968,0
2016-03-24T20:00:00,125.994,126.454,125.928,126.236,0
2016-03-26T20:00:00,126.297,126.602,126.287,126.583,0
2016-03-27T20:00:00,126.576,127.093,126.503,126.972,0
2016-03-28T20:00:00,126.942,127.439,126.765,127.193,0
2016-03-29T20:00:00,127.174,127.813,126.77,127.351,0
2016-03-30T20:00:00,127.337,128.21,126.954,128.017,0
2016-03-31T20:00:00,128.009,128.155,127.089,127.134,0
2016-04-02T20:00:00,127.175,127.342,127.107,127.263,0
2016-04-03T20:00:00,127.267,127.338,126.436,126.636,0
2016-04-04T20:00:00,126.68,126.684,125.232,125.601,0
2016-04-05T20:00:00,125.628,125.829,124.848,125.072,0
2016-04-06T20:00:00,125.097,125.296,122.535,123.293,0
2016-04-07T20:00:00,123.331,124.223,123.164,123.165,0
2016-04-09T20:00:00,123.184,123.525,123.132,123.493,0
2016-04-10T20:00:00,123.469,123.72,122.821,123.161,0
2016-04-11T20:00:00,123.166,123.989,123.102,123.723,0
2016-04-12T20:00:00,123.692,123.852,123.002,123.406,0
2016-04-13T20:00:00,123.39,123.407,122.713,123.154,0
2016-04-14T20:00:00,123.15,123.556,122.583,122.732,0
2016-04-16T20:00:00,122.272,122.447,121.995,122.075,0
2016-04-17T20:00:00,122.08,123.414,121.704,123.341,0
2016-04-18T20:00:00,123.31,124.431,123.237,124.039,0
2016-04-19T20:00:00,124.032,124.325,123.528,124.159,0
2016-04-20T20:00:00,124.126,124.956,123.35,123.572,0
2016-04-21T20:00:00,123.594,125.494,123.394,125.459,0
2016-04-23T20:00:00,125.449,125.527,125.152,125.167,0
2016-04-24T20:00:00,125.189,125.449,124.793,125.181,0
2016-04-25T20:00:00,125.186,125.965,124.68,125.63,0
2016-04-26T20:00:00,125.64,126.415,125.434,126.322,0
2016-04-27T20:00:00,126.311,126.458,122.507,122.773,0
2016-04-28T20:00:00,122.774,122.943,121.668,121.722,0
2016-04-30T20:00:00,121.785,122.316,121.773,121.992,0
2016-05-01T20:00:00,122.008,122.91,121.821,122.625,0
2016-05-02T20:00:00,122.635,123.508,122.112,122.673,0
2016-05-03T20:00:00,122.692,123.237,122.287,122.87,0
2016-05-04T20:00:00,122.877,123.119,122.086,122.37,0
2016-05-05T20:00:00,122.4,122.447,121.473,122.079,0
2016-05-07T20:00:00,122.026,122.371,122.026,122.224,0
2016-05-08T20:00:00,122.203,123.698,122.161,123.341,0
2016-05-09T20:00:00,123.361,124.43,123.309,124.205,0
2016-05-10T20:00:00,124.192,124.275,123.59,123.846,0
2016-05-11T20:00:00,123.868,124.638,123.679,124.074,0
2016-05-12T20:00:00,124.108,124.115,122.741,122.791,0
2016-05-14T20:00:00,122.872,122.992,122.604,122.966,0
2016-05-15T20:00:00,122.947,123.498,122.879,123.426,0
2016-05-16T20:00:00,123.422,124.164,123.215,123.33,0
2016-05-17T20:00:00,123.348,123.9,122.948,123.606,0
2016-05-18T20:00:00,123.656,123.768,122.917,123.118,0
2016-05-19T20:00:00,123.117,124.035,123.068,123.574,0
2016-05-21T20:00:00,123.508,123.632,123.424,123.449,0
2016-05-22T20:00:00,123.47,123.513,122.377,122.632,0
2016-05-23T20:00:00,122.639,122.72,122.335,122.66,0
2016-05-24T20:00:00,122.658,123.105,122.512,122.845,0
2016-05-25T20:00:00,122.829,123.061,122.251,122.771,0
2016-05-26T20:00:00,122.782,123.074,122.209,122.57,0
2016-05-28T20:00:00,122.697,123.138,122.656,123.042,0
2016-05-29T20:00:00,123.001,123.89,122.924,123.553,0
2016-05-30T20:00:00,123.57,124.18,122.962,123.17,0
2016-05-31T20:00:00,123.195,123.306,121.886,122.458,0
2016-06-01T20:00:00,122.435,122.493,121.05,121.388,0
2016-06-02T20:00:00,121.416,121.665,120.817,121.155,0
2016-06-04T20:00:00,120.923,121.251,120.815,121.081,0
2016-06-05T20:00:00,121.097,122.32,120.872,122.091,0
2016-06-06T20:00:00,122.061,122.689,121.646,121.835,0
2016-06-07T20:00:00,121.793,122.009,121.322,121.742,0
2016-06-08T20:00:00,121.786,121.859,120.313,121.124,0
2016-06-09T20:00:00,121.131,121.183,119.898,120.281,0
2016-06-11T20:00:00,120.172,120.213,119.514,119.657,0
2016-06-12T20:00:00,119.687,120.312,118.991,119.85,0
2016-06-13T20:00:00,119.861,120.11,118.503,118.914,0
2016-06-14T20:00:00,118.919,119.476,118.708,119.231,0
2016-06-15T20:00:00,119.205,119.217,115.489,118.078,0
2016-06-16T20:00:00,118.078,118.087,116.887,117.4,0
2016-06-18T20:00:00,118.625,118.909,118.196,118.712,0
2016-06-19T20:00:00,118.739,119.131,117.308,117.532,0
2016-06-20T20:00:00,117.499,118.676,117.299,117.783,0
2016-06-21T20:00:00,117.749,119.024,117.416,118.525,0
2016-06-22T20:00:00,118.495,121.964,116.41,118.913,0
2016-06-23T20:00:00,118.855,119.589,109.414,113.337,0
2016-06-25T20:00:00,111.963,113.242,111.939,112.814,0
2016-06-26T20:00:00,112.763,113.233,111.362,112.122,0
2016-06-27T20:00:00,112.132,113.846,111.917,113.731,0
2016-06-28T20:00:00,113.679,114.575,112.933,114.31,0
2016-06-29T20:00:00,114.328,114.789,113.329,114.454,0
2016-06-30T20:00:00,114.445,114.566,113.668,114.23,0
2016-07-02T20:00:00,114.245,114.311,113.995,114.03,0
2016-07-03T20:00:00,113.991,114.499,113.95,114.247,0
2016-07-04T20:00:00,114.221,114.248,111.805,111.909,0
2016-07-05T20:00:00,111.932,112.596,110.813,112.219,0
2016-07-06T20:00:00,112.18,112.298,111.209,111.468,0
2016-07-07T20:00:00,111.471,111.852,110.858,111.098,0
2016-07-09T20:00:00,111.149,111.359,111.07,111.203,0
2016-07-10T20:00:00,111.159,113.77,111.125,113.328,0
2016-07-11T20:00:00,113.352,116.413,113.274,115.814,0
2016-07-12T20:00:00,115.822,116.218,114.909,115.433,0
2016-07-13T20:00:00,115.468,118.025,115.364,116.773,0
2016-07-14T20:00:00,116.753,118.392,115.454,115.63,0
2016-07-16T20:00:00,116.39,117.191,116.378,116.517,0
2016-07-17T20:00:00,116.57,117.757,116.302,117.501,0
2016-07-18T20:00:00,117.462,117.557,116.562,116.868,0
2016-07-19T20:00:00,116.859,118.258,116.523,118.069,0
2016-07-20T20:00:00,118.042,118.454,116.137,116.693,0
2016-07-21T20:00:00,116.662,117.262,116.211,116.494,0
2016-07-23T20:00:00,116.46,116.733,116.383,116.568,0
2016-07-24T20:00:00,116.57,116.955,115.994,116.028,0
2016-07-25T20:00:00,116.027,116.06,114.442,115.188,0
2016-07-26T20:00:00,115.156,117.137,115.15,116.106,0
2016-07-27T20:00:00,116.176,116.834,114.486,116.165,0
2016-07-28T20:00:00,116.105,116.924,113.87,114.071,0
2016-07-30T20:00:00,114.226,114.568,113.917,114.269,0
2016-07-31T20:00:00,114.269,114.724,114.021,114.236,0
2016-08-01T20:00:00,114.242,114.801,112.997,113.377,0
2016-08-02T20:00:00,113.365,113.634,112.655,112.992,0
2016-08-03T20:00:00,112.963,113.263,112.47,112.673,0
2016-08-04T20:00:00,112.71,113.009,112.308,112.813,0
2016-08-06T20:00:00,112.962,113.388,112.889,113.134,0
2016-08-07T20:00:00,113.119,113.743,112.983,113.374,0
2016-08-08T20:00:00,113.383,113.58,113.023,113.32,0
2016-08-09T20:00:00,113.327,113.46,112.778,113.116,0
2016-08-10T20:00:00,113.112,113.685,112.694,113.408,0
2016-08-11T20:00:00,113.394,114.018,112.718,113.048,0
2016-08-13T20:00:00,112.956,113.201,112.939,113.038,0
2016-08-14T20:00:00,113.046,113.285,112.669,113.221,0
2016-08-15T20:00:00,113.206,113.242,112.352,112.938,0
2016-08-16T20:00:00,112.993,113.92,112.639,112.855,0
2016-08-17T20:00:00,112.853,113.693,112.652,113.616,0
2016-08-18T20:00:00,113.611,113.866,113.219,113.418,0
2016-08-20T20:00:00,113.912,113.962,113.523,113.603,0
2016-08-21T20:00:00,113.586,113.816,113.397,113.469,0
2016-08-22T20:00:00,113.484,113.716,113.212,113.342,0
2016-08-23T20:00:00,113.361,113.573,112.779,113.236,0
2016-08-24T20:00:00,113.222,113.568,113.089,113.495,0
2016-08-25T20:00:00,113.466,114.126,113.138,113.938,0
2016-08-27T20:00:00,114.124,114.258,113.95,114.114,0
2016-08-28T20:00:00,114.138,114.679,113.885,113.946,0
2016-08-29T20:00:00,113.93,114.929,113.842,114.707,0
2016-08-30T20:00:00,114.692,115.421,114.682,115.251,0
2016-08-31T20:00:00,115.248,115.812,115.014,115.619,0
2016-09-01T20:00:00,115.623,116.358,115.451,116.039,0
2016-09-03T20:00:00,116.108,116.146,115.945,115.96,0
2016-09-04T20:00:00,115.992,116.098,115.115,115.402,0
2016-09-05T20:00:00,115.428,115.67,113.892,114.236,0
2016-09-06T20:00:00,114.208,114.444,113.802,114.437,0
2016-09-07T20:00:00,114.428,115.436,114.127,115.266,0
2016-09-08T20:00:00,115.273,115.937,115.007,115.315,0
2016-09-10T20:00:00,115.231,115.284,114.92,115.171,0
2016-09-11T20:00:00,115.207,115.465,114.237,114.351,0
2016-09-12T20:00:00,114.369,115.303,113.923,114.978,0
2016-09-13T20:00:00,114.981,116.074,114.963,115.317,0
2016-09-14T20:00:00,115.314,115.415,114.454,114.696,0
2016-09-15T20:00:00,114.697,114.801,113.944,114.088,0
2016-09-17T20:00:00,113.977,114.277,113.938,114.154,0
2016-09-18T20:00:00,114.168,114.194,113.458,113.888,0
2016-09-19T20:00:00,113.908,114.013,113.187,113.33,0
2016-09-20T20:00:00,113.314,114.385,112.069,112.318,0
2016-09-21T20:00:00,112.342,113.493,112.073,113.008,0
2016-09-22T20:00:00,112.992,113.609,112.869,113.402,0
2016-09-24T20:00:00,113.406,113.51,113.297,113.396,0
2016-09-25T20:00:00,113.391,113.484,112.804,112.914,0
2016-09-26T20:00:00,112.924,113.565,112.237,112.707,0
2016-09-27T20:00:00,112.676,113.368,112.511,113.281,0
2016-09-28T20:00:00,113.285,114.178,112.99,113.52,0
2016-09-29T20:00:00,113.512,114.114,112.585,113.906,0
2016-10-01T20:00:00,113.724,114.079,113.713,114.044,0
2016-10-02T20:00:00,114.045,114.16,113.62,114.139,0
2016-10-03T20:00:00,114.158,115.371,114.075,115.296,0
2016-10-04T20:00:00,115.25,116.24,115.103,115.913,0
2016-10-05T20:00:00,115.915,116.27,115.573,115.592,0
2016-10-06T20:00:00,115.599,115.709,115.04,115.305,0
2016-10-08T20:00:00,115.514,115.639,115.256,115.331,0
2016-10-09T20:00:00,115.368,115.722,115.06,115.525,0
2016-10-10T20:00:00,115.518,115.78,114.002,114.274,0
2016-10-11T20:00:00,114.253,115.161,114.026,114.832,0
2016-10-12T20:00:00,114.844,115.136,113.902,114.587,0
2016-10-13T20:00:00,114.599,115.04,114.2,114.291,0
2016-10-15T20:00:00,114.399,114.471,114.082,114.082,0
2016-10-16T20:00:00,114.111,114.569,114.016,114.347,0
2016-10-17T20:00:00,114.324,114.67,113.935,113.975,0
2016-10-18T20:00:00,113.981,114.146,113.108,113.461,0
2016-10-19T20:00:00,113.489,114.507,113.357,113.777,0
2016-10-20T20:00:00,113.802,113.805,112.599,112.969,0
2016-10-22T20:00:00,112.965,113.158,112.91,113.056,0
2016-10-23T20:00:00,113.049,113.573,112.825,113.424,0
2016-10-24T20:00:00,113.406,113.894,113.324,113.388,0
2016-10-25T20:00:00,113.37,114.187,113.254,114.064,0
2016-10-26T20:00:00,114.06,114.854,113.691,114.65,0
2016-10-27T20:00:00,114.667,115.313,114.575,115.096,0
2016-10-29T20:00:00,114.772,114.993,114.672,114.833,0
2016-10-30T20:00:00,114.83,115.259,114.78,114.996,0
2016-10-31T20:00:00,115.001,115.667,114.801,115.067,0
2016-11-01T20:00:00,115.086,115.112,114.344,114.682,0
2016-11-02T20:00:00,114.689,114.758,113.999,114.39,0
2016-11-03T20:00:00,114.376,114.816,114.126,114.793,0
2016-11-05T20:00:00,115.135,115.89,115.047,115.554,0
2016-11-06T19:00:00,115.586,115.766,115.252,115.407,0
2016-11-07T19:00:00,115.404,115.996,115.105,115.661,0
2016-11-08T19:00:00,115.678,115.962,113.709,115.516,0
2016-11-09T19:00:00,115.538,116.566,114.957,116.28,0
2016-11-10T19:00:00,116.275,116.48,115.295,115.839,0
2016-11-12T19:00:00,115.784,115.857,115.611,115.666,0
2016-11-13T19:00:00,115.649,116.5,115.544,116.269,0
2016-11-14T19:00:00,116.276,117.206,116.07,116.882,0
2016-11-15T19:00:00,116.891,117.472,116.301,116.453,0
2016-11-16T19:00:00,116.442,117.214,116.242,117.093,0
2016-11-17T19:00:00,117.083,117.503,116.734,117.428,0
2016-11-19T19:00:00,117.546,117.667,117.396,117.419,0
2016-11-20T19:00:00,117.381,117.989,117.297,117.698,0
2016-11-21T19:00:00,117.735,118.141,117.38,117.994,0
2016-11-22T19:00:00,118.012,118.979,117.702,118.646,0
2016-11-23T19:00:00,118.623,119.757,118.49,119.598,0
2016-11-24T19:00:00,119.607,120.153,119.299,119.694,0
2016-11-26T19:00:00,119.761,119.762,119.45,119.5,0
2016-11-27T19:00:00,119.512,119.647,118.539,118.57,0
2016-11-28T19:00:00,118.597,119.964,118.586,119.738,0
2016-11-29T19:00:00,119.79,121.543,119.444,121.44,0
2016-11-30T19:00:00,121.451,121.789,120.833,121.44,0
2016-12-01T19:00:00,121.443,121.879,120.868,121.164,0
2016-12-03T19:00:00,119.775,120.174,118.682,119.946,0
2016-12-04T19:00:00,119.984,123.183,119.499,122.46,0
2016-12-05T19:00:00,122.491,122.924,121.925,122.229,0
2016-12-06T19:00:00,122.238,122.58,122.012,122.358,0
2016-12-07T19:00:00,122.391,123.342,120.901,121.134,0
2016-12-08T19:00:00,121.104,121.744,121.023,121.662,0
2016-12-10T19:00:00,121.657,121.827,121.636,121.713,0
2016-12-11T19:00:00,121.744,122.919,121.57,122.355,0
2016-12-12T19:00:00,122.349,122.789,122.147,122.439,0
2016-12-13T19:00:00,122.422,123.472,122.124,123.197,0
2016-12-14T19:00:00,123.227,124.084,122.556,123.171,0
2016-12-15T19:00:00,123.186,123.625,122.821,123.272,0
2016-12-17T19:00:00,123.116,123.23,122.989,123.056,0
2016-12-18T19:00:00,123.053,123.096,121.672,121.729,0
2016-12-19T19:00:00,121.754,122.784,121.733,122.451,0
2016-12-20T19:00:00,122.429,122.863,122.061,122.627,0
2016-12-21T19:00:00,122.611,123.189,122.499,122.655,0
2016-12-22T19:00:00,122.674,122.754,122.371,122.655,0
2016-12-24T19:00:00,122.605,122.698,122.533,122.612,0
2016-12-25T19:00:00,122.609,122.641,122.286,122.504,0
2016-12-26T19:00:00,122.504,122.987,122.438,122.89,0
2016-12-27T19:00:00,122.889,123.234,121.691,121.93,0
2016-12-28T19:00:00,121.886,123.84,121.588,122.892,0
2016-12-29T19:00:00,122.918,123.755,122.548,123.116,0
2017-01-01T19:00:00,122.991,123.505,122.638,122.813,0
2017-01-02T19:00:00,122.869,123.319,122.257,122.533,0
2017-01-03T19:00:00,122.579,123.115,122.473,122.95,0
2017-01-04T19:00:00,122.9,123.006,122.002,122.303,0
2017-01-05T19:00:00,122.248,123.437,122.225,123.154,0
2017-01-07T19:00:00,123.221,123.417,123.221,123.341,0
2017-01-08T19:00:00,123.356,123.717,122.403,122.773,0
2017-01-09T19:00:00,122.76,122.93,122.097,122.258,0
2017-01-10T19:00:00,122.256,122.609,121.231,121.924,0
2017-01-11T19:00:00,121.925,122.039,121.183,121.73,0
2017-01-12T19:00:00,121.739,122.408,121.636,121.805,0
2017-01-14T19:00:00,121.564,121.66,121.295,121.383,0
2017-01-15T19:00:00,121.401,121.634,120.748,121.023,0
2017-01-16T19:00:00,121.01,121.389,120.53,120.747,0
2017-01-17T19:00:00,120.767,122.041,120.631,121.908,0
2017-01-18T19:00:00,121.924,122.741,121.781,122.509,0
2017-01-19T19:00:00,122.512,122.937,122.265,122.641,0
2017-01-21T19:00:00,122.379,122.478,121.854,121.908,0
2017-01-22T19:00:00,121.918,122.221,121.121,121.337,0
2017-01-23T19:00:00,121.344,122.256,121.197,122.144,0
2017-01-24T19:00:00,122.158,122.232,121.612,121.788,0
2017-01-25T19:00:00,121.788,122.657,121.66,122.238,0
2017-01-26T19:00:00,122.257,123.301,122.211,123.077,0
2017-01-28T19:00:00,123.033,123.126,122.786,122.866,0
2017-01-29T19:00:00,122.888,123.015,121.429,121.719,0
2017-01-30T19:00:00,121.695,122.248,121.003,121.796,0
2017-01-31T19:00:00,121.781,122.506,121.724,121.961,0
2017-02-01T19:00:00,121.941,121.964,121.198,121.394,0
2017-02-02T19:00:00,121.358,121.753,121.075,121.428,0
2017-02-04T19:00:00,121.367,121.487,121.305,121.447,0
2017-02-05T19:00:00,121.43,121.477,119.945,120.128,0
2017-02-06T19:00:00,120.096,120.136,119.528,119.999,0
2017-02-07T19:00:00,119.997,120.091,119.317,119.7,0
2017-02-08T19:00:00,119.679,120.912,119.642,120.875,0
2017-02-09T19:00:00,120.886,121.324,120.219,120.402,0
2017-02-11T19:00:00,120.694,121.022,120.651,120.967,0
2017-02-12T19:00:00,120.972,121.163,120.378,120.483,0
2017-02-13T19:00:00,120.473,120.996,120.206,120.889,0
2017-02-14T19:00:00,120.883,121.271,120.701,121.003,0
2017-02-15T19:00:00,121.011,121.155,120.673,120.918,0
2017-02-16T19:00:00,120.913,121.085,119.693,119.768,0
2017-02-18T19:00:00,119.762,120.02,119.752,119.967,0
2017-02-19T19:00:00,119.962,120.294,119.759,120.158,0
2017-02-20T19:00:00,120.145,120.307,119.549,119.811,0
2017-02-21T19:00:00,119.815,119.854,118.585,119.643,0
2017-02-22T19:00:00,119.658,119.7,119.032,119.267,0
2017-02-23T19:00:00,119.248,119.493,118.228,118.386,0
2017-02-25T19:00:00,118.439,118.621,118.359,118.365,0
2017-02-26T19:00:00,118.379,119.454,118.238,119.316,0
2017-02-27T19:00:00,119.307,119.525,118.656,119.524,0
2017-02-28T19:00:00,119.532,120.269,119.357,120.226,0
2017-03-01T19:00:00,120.211,120.479,119.98,120.142,0
2017-03-02T19:00:00,120.145,121.177,120.006,121.132,0
2017-03-04T19:00:00,120.937,121.132,120.855,120.878,0
2017-03-05T19:00:00,120.871,120.897,120.339,120.494,0
2017-03-06T19:00:00,120.503,120.709,120.351,120.396,0
2017-03-07T19:00:00,120.376,121.112,120.006,120.636,0
2017-03-08T19:00:00,120.63,121.871,120.493,121.806,0
2017-03-09T19:00:00,121.785,122.819,121.784,122.481,0
2017-03-11T19:00:00,122.48,122.695,122.48,122.667,0
2017-03-12T20:00:00,122.657,122.878,122.129,122.384,0
2017-03-13T20:00:00,122.367,122.62,121.629,121.666,0
2017-03-14T20:00:00,121.656,122.047,121.194,121.749,0
2017-03-15T20:00:00,121.754,122.159,121.121,122.092,0
2017-03-16T20:00:00,122.105,122.241,120.807,121.0,0
2017-03-18T20:00:00,121.002,121.136,120.909,121.035,0
2017-03-19T20:00:00,121.037,121.421,120.65,120.846,0
2017-03-20T20:00:00,120.852,121.824,120.47,120.587,0
2017-03-21T20:00:00,120.591,120.735,119.673,120.151,0
2017-03-22T20:00:00,120.122,120.301,119.313,119.678,0
2017-03-23T20:00:00,119.665,120.235,119.514,120.191,0
2017-03-25T20:00:00,120.087,120.26,119.749,119.889,0
2017-03-26T20:00:00,119.875,120.373,119.535,120.29,0
2017-03-27T20:00:00,120.276,120.376,119.686,120.298,0
2017-03-28T20:00:00,120.284,120.432,119.003,119.564,0
2017-03-29T20:00:00,119.553,119.836,119.073,119.413,0
2017-03-30T20:00:00,119.399,119.812,118.615,118.719,0
2017-04-01T20:00:00,118.735,118.888,118.676,118.71,0
2017-04-02T20:00:00,118.711,119.039,118.066,118.088,0
2017-04-03T20:00:00,118.104,118.45,117.419,118.349,0
2017-04-04T20:00:00,118.357,118.784,117.763,117.8,0
2017-04-05T20:00:00,117.793,118.416,117.349,118.018,0
2017-04-06T20:00:00,118.012,118.153,117.307,117.644,0
2017-04-08T20:00:00,117.575,117.776,117.515,117.665,0
2017-04-09T20:00:00,117.669,118.052,117.265,117.294,0
2017-04-10T20:00:00,117.307,117.453,116.14,116.221,0
2017-04-11T20:00:00,116.228,116.534,115.922,116.169,0
2017-04-12T20:00:00,116.183,116.446,115.709,115.81,0
2017-04-13T20:00:00,115.798,116.005,115.193,115.262,0
2017-04-15T20:00:00,115.437,115.447,114.842,114.905,0
2017-04-16T20:00:00,114.929,116.169,114.843,116.14,0
2017-04-17T20:00:00,116.163,116.48,115.745,116.431,0
2017-04-18T20:00:00,116.421,116.967,116.261,116.594,0
2017-04-19T20:00:00,116.606,117.808,116.591,117.183,0
2017-04-20T20:00:00,117.175,117.296,116.456,117.075,0
2017-04-22T20:00:00,120.3,120.345,119.474,119.622,0
2017-04-23T20:00:00,119.615,119.925,118.907,119.103,0
2017-04-24T20:00:00,119.113,121.635,119.11,121.369,0
2017-04-25T20:00:00,121.362,121.967,120.904,121.262,0
2017-04-26T20:00:00,121.261,121.882,120.596,120.835,0
2017-04-27T20:00:00,120.839,121.989,120.681,121.519,0
2017-04-29T20:00:00,121.422,121.488,121.295,121.41,0
2017-04-30T20:00:00,121.403,122.133,121.372,121.995,0
2017-05-01T20:00:00,122.013,122.589,121.981,122.455,0
2017-05-02T20:00:00,122.454,122.854,122.306,122.813,0
2017-05-03T20:00:00,122.801,123.636,122.593,123.574,0
2017-05-04T20:00:00,123.566,124.047,122.916,123.962,0
2017-05-06T20:00:00,124.411,124.417,123.525,123.525,0
2017-05-07T20:00:00,123.563,124.013,122.974,123.703,0
2017-05-08T20:00:00,123.71,124.528,123.646,123.766,0
2017-05-09T20:00:00,123.769,124.314,123.483,124.242,0
2017-05-10T20:00:00,124.209,124.415,123.308,123.645,0
2017-05-11T20:00:00,123.683,123.943,123.299,123.894,0
2017-05-13T20:00:00,123.74,123.831,123.669,123.769,0
2017-05-14T20:00:00,123.768,124.893,123.738,124.774,0
2017-05-15T20:00:00,124.773,125.804,124.582,124.999,0
2017-05-16T20:00:00,125.012,125.071,123.402,123.872,0
2017-05-17T20:00:00,123.871,124.103,122.549,123.799,0
2017-05-18T20:00:00,123.792,124.931,123.373,124.667,0
2017-05-20T20:00:00,124.438,124.7,124.406,124.662,0
2017-05-21T20:00:00,124.646,125.286,124.106,124.614,0
2017-05-22T20:00:00,124.654,125.379,124.553,125.149,0
2017-05-23T20:00:00,125.13,125.395,124.895,125.259,0
2017-05-24T20:00:00,125.282,125.796,125.203,125.251,0
2017-05-25T20:00:00,125.231,125.284,124.157,124.4,0
2017-05-27T20:00:00,124.225,124.425,124.214,124.326,0
2017-05-28T20:00:00,124.358,124.634,123.699,123.733,0
2017-05-29T20:00:00,123.757,124.384,123.146,123.825,0
2017-05-30T20:00:00,123.841,124.617,123.744,124.519,0
2017-05-31T20:00:00,124.534,125.081,124.474,124.947,0
2017-06-01T20:00:00,124.965,125.3,124.417,124.624,0
2017-06-03T20:00:00,124.443,124.666,124.443,124.573,0
2017-06-04T20:00:00,124.585,124.702,124.182,124.259,0
2017-06-05T20:00:00,124.279,124.346,122.916,123.397,0
2017-06-06T20:00:00,123.394,123.734,122.622,123.708,0
2017-06-07T20:00:00,123.71,124.023,122.804,122.921,0
2017-06-08T20:00:00,123.007,123.851,122.902,123.49,0
2017-06-10T20:00:00,123.626,123.73,123.489,123.557,0
2017-06-11T20:00:00,123.566,123.714,122.782,123.08,0
2017-06-12T20:00:00,123.082,123.739,123.048,123.366,0
2017-06-13T20:00:00,123.371,123.63,122.5,122.708,0
2017-06-14T20:00:00,122.695,123.738,122.388,123.737,0
2017-06-15T20:00:00,123.734,124.449,123.724,124.082,0
2017-06-17T20:00:00,124.222,124.334,124.052,124.325,0
2017-06-18T20:00:00,124.312,124.531,124.123,124.47,0
2017-06-19T20:00:00,124.491,124.638,123.895,123.983,0
2017-06-20T20:00:00,123.988,124.449,123.648,124.307,0
2017-06-21T20:00:00,124.325,124.343,123.833,124.079,0
2017-06-22T20:00:00,124.094,124.695,124.011,124.557,0
2017-06-24T20:00:00,124.427,124.605,124.375,124.572,0
2017-06-25T20:00:00,124.585,125.14,124.51,125.092,0
2017-06-26T20:00:00,125.102,127.471,124.731,127.184,0
2017-06-27T20:00:00,127.155,127.908,126.478,127.829,0
2017-06-28T20:00:00,127.793,128.82,127.742,128.102,0
2017-06-29T20:00:00,128.109,128.594,127.431,128.346,0
2017-07-01T20:00:00,128.028,128.388,128.01,128.21,0
2017-07-02T20:00:00,128.243,128.959,128.072,128.932,0
2017-07-03T20:00:00,128.925,128.929,128.026,128.315,0
2017-07-04T20:00:00,128.33,129.076,128.142,128.43,0
2017-07-05T20:00:00,128.432,129.404,127.986,129.231,0
2017-07-06T20:00:00,129.221,130.114,129.215,129.839,0
2017-07-08T20:00:00,129.845,130.03,129.793,129.956,0
2017-07-09T20:00:00,129.936,130.388,129.841,129.978,0
2017-07-10T20:00:00,129.977,130.757,129.951,130.502,0
2017-07-11T20:00:00,130.533,130.57,129.034,129.397,0
2017-07-12T20:00:00,129.392,129.649,128.477,129.345,0
2017-07-13T20:00:00,129.34,129.509,128.58,129.017,0
2017-07-15T20:00:00,128.992,129.14,128.949,128.973,0
2017-07-16T20:00:00,129.006,129.459,128.728,129.179,0
2017-07-17T20:00:00,129.183,129.738,129.05,129.315,0
2017-07-18T20:00:00,129.33,129.423,128.567,128.979,0
2017-07-19T20:00:00,128.947,130.255,128.771,130.099,0
2017-07-20T20:00:00,130.096,130.494,129.487,129.609,0
2017-07-22T20:00:00,129.557,129.751,129.518,129.573,0
2017-07-23T20:00:00,129.556,129.697,128.859,129.455,0
2017-07-24T20:00:00,129.45,130.576,129.243,130.415,0
2017-07-25T20:00:00,130.432,130.6,129.926,130.395,0
2017-07-26T20:00:00,130.382,130.574,129.534,129.86,0
2017-07-27T20:00:00,129.854,130.395,129.544,130.094,0
2017-07-29T20:00:00,129.981,130.091,129.782,129.802,0
2017-07-30T20:00:00,129.785,130.588,129.536,130.438,0
2017-07-31T20:00:00,130.448,130.586,129.828,130.428,0
2017-08-01T20:00:00,130.433,131.39,130.367,131.252,0
2017-08-02T20:00:00,131.248,131.258,130.448,130.562,0
2017-08-03T20:00:00,130.565,131.108,130.085,130.252,0
2017-08-05T20:00:00,130.333,130.608,130.304,130.491,0
2017-08-06T20:00:00,130.486,130.859,130.435,130.689,0
2017-08-07T20:00:00,130.669,130.814,129.375,129.427,0
2017-08-08T20:00:00,129.417,129.46,128.426,129.438,0
2017-08-09T20:00:00,129.411,129.543,128.217,128.402,0
2017-08-10T20:00:00,128.415,129.151,128.039,129.028,0
2017-08-12T20:00:00,128.97,129.187,128.909,129.186,0
2017-08-13T20:00:00,129.192,129.638,128.909,129.445,0
2017-08-14T20:00:00,129.448,130.023,129.406,129.831,0
2017-08-15T20:00:00,129.824,130.387,129.478,129.496,0
2017-08-16T20:00:00,129.484,129.53,127.982,128.085,0
2017-08-17T20:00:00,128.092,128.779,127.55,128.407,0
2017-08-19T20:00:00,128.566,128.596,128.416,128.519,0
2017-08-20T20:00:00,128.518,128.815,127.826,128.73,0
2017-08-21T20:00:00,128.763,129.171,128.318,129.052,0
2017-08-22T20:00:00,129.047,129.111,128.475,128.663,0
2017-08-23T20:00:00,128.664,129.351,128.662,129.192,0
2017-08-24T20:00:00,129.172,130.422,129.102,130.307,0
2017-08-26T20:00:00,130.398,130.697,130.386,130.662,0
2017-08-27T20:00:00,130.668,130.96,129.649,130.075,0
2017-08-28T20:00:00,130.082,131.611,129.982,131.378,0
2017-08-29T20:00:00,131.408,131.695,130.926,131.346,0
2017-08-30T20:00:00,131.326,131.574,130.695,131.148,0
2017-08-31T20:00:00,131.116,131.334,130.651,130.781,0
2017-09-02T20:00:00,130.13,130.536,130.11,130.464,0
2017-09-03T20:00:00,130.459,130.699,130.093,130.581,0
2017-09-04T20:00:00,130.547,130.583,129.359,129.488,0
2017-09-05T20:00:00,129.487,130.385,129.358,130.178,0
2017-09-06T20:00:00,130.171,131.082,129.899,130.232,0
2017-09-07T20:00:00,130.21,130.658,129.456,129.701,0
2017-09-09T20:00:00,129.974,130.349,129.971,130.068,0
2017-09-10T20:00:00,130.096,130.895,130.031,130.809,0
2017-09-11T20:00:00,130.812,132.002,130.672,131.947,0
2017-09-12T20:00:00,131.932,131.988,131.242,131.356,0
2017-09-13T20:00:00,131.383,131.745,130.601,131.059,0
2017-09-14T20:00:00,131.053,133.08,131.033,132.415,0
2017-09-16T20:00:00,132.408,132.743,132.408,132.711,0
2017-09-17T20:00:00,132.698,133.418,132.62,133.325,0
2017-09-18T20:00:00,133.311,134.161,133.255,133.811,0
2017-09-19T20:00:00,133.815,134.086,133.245,133.632,0
2017-09-20T20:00:00,133.623,134.37,133.499,134.313,0
2017-09-21T20:00:00,134.312,134.394,133.489,133.777,0
2017-09-23T20:00:00,133.513,134.13,133.492,134.097,0
2017-09-24T20:00:00,134.122,134.227,131.907,132.462,0
2017-09-25T20:00:00,132.457,132.584,131.737,132.422,0
2017-09-26T20:00:00,132.444,132.734,132.077,132.628,0
2017-09-27T20:00:00,132.617,132.875,132.281,132.502,0
2017-09-28T20:00:00,132.52,133.104,132.503,132.876,0
2017-09-30T20:00:00,132.723,133.059,132.699,133.015,0
2017-10-01T20:00:00,132.999,133.053,132.178,132.293,0
2017-10-02T20:00:00,132.307,132.875,132.179,132.567,0
2017-10-03T20:00:00,132.551,132.826,132.233,132.628,0
2017-10-04T20:00:00,132.626,132.765,131.831,132.119,0
2017-10-05T20:00:00,132.116,132.758,131.966,132.185,0
2017-10-07T20:00:00,132.063,132.236,131.854,132.14,0
2017-10-08T20:00:00,132.15,132.482,131.965,132.284,0
2017-10-09T20:00:00,132.287,132.857,132.234,132.72,0
2017-10-10T20:00:00,132.715,133.486,132.443,133.395,0
2017-10-11T20:00:00,133.372,133.479,132.752,132.779,0
2017-10-12T20:00:00,132.785,132.927,132.129,132.195,0
2017-10-14T20:00:00,132.035,132.229,132.035,132.165,0
2017-10-15T20:00:00,132.171,132.377,131.65,132.302,0
2017-10-16T20:00:00,132.307,132.362,131.833,132.077,0
2017-10-17T20:00:00,132.059,133.379,131.994,133.281,0
2017-10-18T20:00:00,133.269,133.61,132.463,133.495,0
2017-10-19T20:00:00,133.492,133.949,133.425,133.702,0
2017-10-21T20:00:00,133.946,134.117,133.872,134.061,0
2017-10-22T20:00:00,134.043,134.096,133.091,133.213,0
2017-10-23T20:00:00,133.231,134.183,133.17,133.987,0
2017-10-24T20:00:00,133.978,134.489,133.743,134.237,0
2017-10-25T20:00:00,134.233,134.481,132.648,132.797,0
2017-10-26T20:00:00,132.789,132.94,131.741,131.957,0
2017-10-28T20:00:00,131.977,132.094,131.834,131.974,0
2017-10-29T20:00:00,131.95,132.275,131.444,131.667,0
2017-10-30T20:00:00,131.681,132.557,131.498,132.439,0
2017-10-31T20:00:00,132.423,132.829,132.375,132.757,0
2017-11-01T20:00:00,132.761,133.139,132.581,132.922,0
2017-11-02T20:00:00,132.927,132.979,132.387,132.425,0
2017-11-04T20:00:00,132.42,132.643,132.412,132.595,0
2017-11-05T19:00:00,132.602,133.108,131.985,132.094,0
2017-11-06T19:00:00,132.087,132.404,131.827,131.947,0
2017-11-07T19:00:00,131.947,132.157,131.386,132.077,0
2017-11-08T19:00:00,132.072,132.251,131.507,132.016,0
2017-11-09T19:00:00,132.015,132.54,131.943,132.392,0
2017-11-11T19:00:00,132.302,132.586,132.297,132.57,0
2017-11-12T19:00:00,132.564,132.616,131.92,132.504,0
2017-11-13T19:00:00,132.507,133.871,132.482,133.716,0
2017-11-14T19:00:00,133.718,133.829,132.787,132.859,0
2017-11-15T19:00:00,132.85,133.443,132.745,133.139,0
2017-11-16T19:00:00,133.126,133.14,132.04,132.202,0
2017-11-18T19:00:00,132.149,132.286,131.159,131.435,0
2017-11-19T19:00:00,131.425,132.457,131.271,132.098,0
2017-11-20T19:00:00,132.099,132.262,131.564,131.909,0
2017-11-21T19:00:00,131.894,131.918,131.422,131.465,0
2017-11-22T19:00:00,131.476,131.87,131.219,131.834,0
2017-11-23T19:00:00,131.835,133.227,131.83,133.063,0
2017-11-25T19:00:00,132.987,133.212,132.987,133.173,0
2017-11-26T19:00:00,133.17,133.179,132.069,132.289,0
2017-11-27T19:00:00,132.3,132.559,131.71,132.262,0
2017-11-28T19:00:00,132.253,132.799,131.982,132.743,0
2017-11-29T19:00:00,132.737,134.137,132.64,133.944,0
2017-11-30T19:00:00,133.923,134.368,132.902,133.457,0
2017-12-02T19:00:00,133.716,134.006,133.643,133.837,0
2017-12-03T19:00:00,133.82,134.039,133.257,133.496,0
2017-12-04T19:00:00,133.509,133.732,132.998,133.044,0
2017-12-05T19:00:00,133.068,133.076,132.249,132.559,0
2017-12-06T19:00:00,132.564,133.274,132.563,133.261,0
2017-12-07T19:00:00,133.246,133.6,133.103,133.562,0
2017-12-09T19:00:00,133.567,133.75,133.522,133.63,0
2017-12-10T19:00:00,133.612,133.872,133.524,133.704,0
2017-12-11T19:00:00,133.706,133.746,132.999,133.305,0
2017-12-12T19:00:00,133.304,133.492,132.84,133.465,0
2017-12-13T19:00:00,133.453,133.746,132.158,132.323,0
2017-12-14T19:00:00,132.313,132.717,132.041,132.311,0
2017-12-16T19:00:00,132.262,132.389,132.248,132.367,0
2017-12-17T19:00:00,132.372,132.996,132.36,132.648,0
2017-12-18T19:00:00,132.638,133.909,132.601,133.753,0
2017-12-19T19:00:00,133.747,134.764,133.648,134.497,0
2017-12-20T19:00:00,134.495,134.87,134.277,134.278,0
2017-12-21T19:00:00,134.274,134.489,133.892,134.323,0
2017-12-23T19:00:00,134.125,134.259,134.125,134.203,0
2017-12-24T19:00:00,134.217,134.529,134.122,134.498,0
2017-12-25T19:00:00,134.501,134.549,134.182,134.224,0
2017-12-26T19:00:00,134.223,134.96,134.187,134.742,0
2017-12-27T19:00:00,134.735,134.97,134.451,134.773,0
2017-12-28T19:00:00,134.769,135.504,134.532,135.165,0
2017-12-31T19:00:00,134.961,135.48,134.961,135.446,0
2018-01-01T19:00:00,135.435,135.622,134.925,135.389,0
2018-01-02T19:00:00,135.403,135.495,134.793,135.246,0
2018-01-03T19:00:00,135.25,136.357,135.236,136.108,0
2018-01-04T19:00:00,136.084,136.626,135.971,135.99,0
2018-01-06T19:00:00,136.052,136.226,135.982,136.203,0
2018-01-07T19:00:00,136.195,136.311,135.119,135.43,0
2018-01-08T19:00:00,135.441,135.465,134.04,134.512,0
2018-01-09T19:00:00,134.514,134.519,133.035,133.249,0
2018-01-10T19:00:00,133.213,134.338,133.108,134.009,0
2018-01-11T19:00:00,134.01,135.534,133.93,135.407,0
2018-01-13T19:00:00,135.496,135.656,135.365,135.492,0
2018-01-14T19:00:00,135.482,135.974,135.01,135.681,0
2018-01-15T19:00:00,135.673,136.088,134.968,135.453,0
2018-01-16T19:00:00,135.428,135.972,135.145,135.621,0
2018-01-17T19:00:00,135.59,136.301,135.557,135.837,0
2018-01-18T19:00:00,135.818,136.036,135.175,135.416,0
2018-01-20T19:00:00,135.563,135.701,135.498,135.647,0
2018-01-21T19:00:00,135.668,136.135,135.337,136.014,0
2018-01-22T19:00:00,136.004,136.207,135.19,135.537,0
2018-01-23T19:00:00,135.559,135.637,134.911,135.468,0
2018-01-24T19:00:00,135.482,136.284,135.033,135.89,0
2018-01-25T19:00:00,135.877,136.128,134.529,135.0,0
2018-01-27T19:00:00,135.043,135.086,134.852,135.001,0
2018-01-28T19:00:00,135.003,135.331,134.314,134.872,0
2018-01-29T19:00:00,134.88,135.195,134.119,134.921,0
2018-01-30T19:00:00,134.922,136.041,134.921,135.578,0
2018-01-31T19:00:00,135.578,136.951,135.489,136.855,0
2018-02-01T19:00:00,136.862,137.495,136.656,137.183,0
2018-02-03T19:00:00,136.898,137.19,136.809,136.945,0
2018-02-04T19:00:00,136.937,137.085,134.813,134.845,0
2018-02-05T19:00:00,134.9,135.844,133.967,135.713,0
2018-02-06T19:00:00,135.709,135.75,133.811,133.933,0
2018-02-07T19:00:00,133.932,134.787,132.927,133.091,0
2018-02-08T19:00:00,133.063,134.158,131.974,133.29,0
2018-02-10T19:00:00,133.245,133.387,133.107,133.298,0
2018-02-11T19:00:00,133.278,133.782,132.89,133.725,0
2018-02-12T19:00:00,133.682,133.699,132.509,133.121,0
2018-02-13T19:00:00,133.12,133.377,131.592,132.842,0
2018-02-14T19:00:00,132.886,133.253,132.501,132.65,0
2018-02-15T19:00:00,132.651,133.091,131.801,131.897,0
2018-02-17T19:00:00,131.866,132.043,131.797,131.885,0
2018-02-18T19:00:00,131.91,132.366,131.878,132.322,0
2018-02-19T19:00:00,132.309,132.498,132.108,132.467,0
2018-02-20T19:00:00,132.432,133.047,132.038,132.103,0
2018-02-21T19:00:00,132.122,132.205,131.278,131.675,0
2018-02-22T19:00:00,131.673,131.838,130.924,131.39,0
2018-02-24T19:00:00,131.586,131.644,131.404,131.569,0
2018-02-25T19:00:00,131.57,131.86,131.07,131.851,0
2018-02-26T19:00:00,131.849,132.173,131.258,131.332,0
2018-02-27T19:00:00,131.357,131.509,129.942,129.996,0
2018-02-28T19:00:00,130.022,130.78,129.754,130.274,0
2018-03-01T19:00:00,130.283,130.429,129.551,130.259,0
2018-03-03T19:00:00,130.137,130.512,129.759,130.019,0
2018-03-04T19:00:00,130.024,131.107,129.341,131.075,0
2018-03-05T19:00:00,131.081,132.007,130.589,131.072,0
2018-03-06T19:00:00,131.064,131.822,131.041,131.785,0
2018-03-07T19:00:00,131.772,131.969,130.507,130.958,0
2018-03-08T19:00:00,130.956,131.882,130.876,131.408,0
2018-03-10T19:00:00,131.371,131.688,131.371,131.569,0
2018-03-11T20:00:00,131.557,131.662,130.955,131.13,0
2018-03-12T20:00:00,131.144,132.421,131.103,132.01,0
2018-03-13T20:00:00,132.016,132.271,131.015,131.363,0
2018-03-14T20:00:00,131.369,131.375,130.551,130.816,0
2018-03-15T20:00:00,130.817,130.833,130.066,130.277,0
2018-03-17T20:00:00,130.296,130.314,130.062,130.123,0
2018-03-18T20:00:00,130.134,131.059,129.594,130.786,0
2018-03-19T20:00:00,130.802,131.703,130.331,130.404,0
2018-03-20T20:00:00,130.408,131.056,130.18,130.789,0
2018-03-21T20:00:00,130.76,131.007,128.94,129.343,0
2018-03-22T20:00:00,129.345,129.964,129.151,129.342,0
2018-03-24T20:00:00,129.256,129.627,129.256,129.513,0
2018-03-25T20:00:00,129.506,131.466,129.455,131.462,0
2018-03-26T20:00:00,131.44,131.805,130.571,130.834,0
2018-03-27T20:00:00,130.834,131.702,130.58,131.477,0
2018-03-28T20:00:00,131.466,131.595,130.604,130.99,0
2018-03-29T20:00:00,130.992,131.085,130.604,130.971,0
2018-03-31T20:00:00,130.829,131.08,130.806,130.897,0
2018-04-01T20:00:00,130.893,131.285,129.97,130.048,0
2018-04-02T20:00:00,130.062,130.906,129.975,130.682,0
2018-04-03T20:00:00,130.702,131.224,130.222,131.204,0
2018-04-04T20:00:00,131.208,131.489,131.053,131.182,0
2018-04-05T20:00:00,131.162,131.611,131.102,131.316,0
2018-04-07T20:00:00,131.31,131.415,131.1,131.238,0
2018-04-08T20:00:00,131.23,131.986,131.117,131.519,0
2018-04-09T20:00:00,131.521,132.609,131.413,132.431,0
2018-04-10T20:00:00,132.436,132.599,132.019,132.154,0
2018-04-11T20:00:00,132.152,132.33,131.795,132.223,0
2018-04-12T20:00:00,132.234,132.885,132.226,132.346,0
2018-04-14T20:00:00,132.411,132.632,132.399,132.58,0
2018-04-15T20:00:00,132.572,132.961,132.105,132.566,0
2018-04-16T20:00:00,132.572,132.76,132.098,132.405,0
2018-04-17T20:00:00,132.404,132.896,132.363,132.879,0
2018-04-18T20:00:00,132.866,133.08,132.346,132.612,0
2018-04-19T20:00:00,132.613,132.965,132.032,132.276,0
2018-04-21T20:00:00,132.302,132.426,132.239,132.4,0
2018-04-22T20:00:00,132.383,132.817,132.096,132.793,0
2018-04-23T20:00:00,132.788,133.475,132.605,133.135,0
2018-04-24T20:00:00,133.151,133.327,132.905,133.114,0
2018-04-25T20:00:00,133.103,133.242,132.265,132.335,0
2018-04-26T20:00:00,132.342,132.353,131.875,132.301,0
2018-04-28T20:00:00,132.2,132.318,132.166,132.237,0
2018-04-29T20:00:00,132.227,132.532,131.851,132.093,0
2018-04-30T20:00:00,132.084,132.124,131.563,131.774,0
2018-05-01T20:00:00,131.767,132.103,131.226,131.262,0
2018-05-02T20:00:00,131.263,131.656,130.258,130.795,0
2018-05-03T20:00:00,130.817,130.869,129.888,130.462,0
2018-05-05T20:00:00,130.459,130.581,130.406,130.465,0
2018-05-06T20:00:00,130.489,130.52,129.943,129.996,0
2018-05-07T20:00:00,129.995,130.014,129.224,129.384,0
2018-05-08T20:00:00,129.392,130.476,129.353,130.116,0
2018-05-09T20:00:00,130.107,130.753,129.998,130.392,0
2018-05-10T20:00:00,130.41,130.674,129.991,130.567,0
2018-05-12T20:00:00,130.519,130.724,130.469,130.654,0
2018-05-13T20:00:00,130.666,131.365,130.59,130.909,0
2018-05-14T20:00:00,130.925,131.125,130.296,130.363,0
2018-05-15T20:00:00,130.381,130.56,129.521,130.389,0
2018-05-16T20:00:00,130.383,130.836,130.251,130.681,0
2018-05-17T20:00:00,130.692,131.114,130.229,130.35,0
2018-05-19T20:00:00,130.493,130.57,130.38,130.462,0
2018-05-20T20:00:00,130.454,130.991,130.364,130.855,0
2018-05-21T20:00:00,130.844,131.339,130.499,130.531,0
2018-05-22T20:00:00,130.529,130.639,128.223,128.65,0
2018-05-23T20:00:00,128.664,128.864,127.706,128.131,0
2018-05-24T20:00:00,128.154,128.518,127.14,127.507,0
2018-05-26T20:00:00,128.193,128.352,128.009,128.111,0
2018-05-27T20:00:00,128.119,128.527,126.849,127.183,0
2018-05-28T20:00:00,127.188,127.188,124.609,125.062,0
2018-05-29T20:00:00,125.085,127.309,124.972,126.815,0
2018-05-30T20:00:00,126.813,127.712,126.318,127.178,0
2018-05-31T20:00:00,127.176,128.125,127.117,127.682,0
2018-06-02T20:00:00,127.658,127.892,127.631,127.877,0
2018-06-03T20:00:00,127.841,128.69,127.834,128.656,0
2018-06-04T20:00:00,128.65,128.915,127.78,128.846,0
2018-06-05T20:00:00,128.857,129.817,128.697,129.747,0
2018-06-06T20:00:00,129.745,130.266,129.273,129.374,0
2018-06-07T20:00:00,129.382,129.721,128.103,128.918,0
2018-06-09T20:00:00,128.691,129.008,128.677,128.981,0
2018-06-10T20:00:00,128.983,130.046,128.885,129.948,0
2018-06-11T20:00:00,129.936,130.263,129.493,129.746,0
2018-06-12T20:00:00,130.029,130.149,129.908,130.118,0
2018-06-13T20:00:00,130.102,130.164,129.822,129.974,0
2018-06-14T20:00:00,127.909,128.495,127.694,128.434,0
2018-06-16T20:00:00,128.263,128.434,128.231,128.26,0
2018-06-17T20:00:00,128.235,128.505,127.807,128.074,0
2018-06-18T20:00:00,127.209,127.703,126.644,127.571,0
2018-06-19T20:00:00,127.586,127.936,127.097,127.792,0
2018-06-20T20:00:00,127.772,128.035,127.006,127.594,0
2018-06-21T20:00:00,127.599,128.598,127.571,128.217,0
2018-06-24T20:00:00,128.189,128.836,127.283,128.457,0
2018-06-25T20:00:00,128.435,128.468,127.798,128.16,0
2018-06-26T20:00:00,128.106,128.341,127.257,127.395,0
2018-06-27T20:00:00,127.343,127.923,127.145,127.825,0
2018-06-28T20:00:00,127.809,129.466,127.663,129.326,0
2018-07-01T20:00:00,129.261,129.498,128.416,129.058,0
2018-07-02T20:00:00,128.999,129.559,128.725,128.936,0
2018-07-03T20:00:00,128.864,128.963,128.499,128.767,0
2018-07-04T20:00:00,128.705,129.631,128.577,129.36,0
2018-07-05T20:00:00,129.221,129.966,129.199,129.718,0
2018-07-08T20:00:00,129.613,130.255,129.603,130.231,0
2018-07-09T20:00:00,130.158,130.74,130.095,130.354,0
2018-07-10T20:00:00,130.24,130.957,129.909,130.728,0
2018-07-11T20:00:00,130.702,131.474,130.664,131.326,0
2018-07-12T20:00:00,131.252,131.53,130.804,131.27,0
2018-07-15T20:00:00,131.137,131.695,131.056,131.482,0
2018-07-16T20:00:00,131.432,131.981,131.432,131.639,0
2018-07-17T20:00:00,131.579,131.771,130.879,131.326,0
2018-07-18T20:00:00,131.292,131.428,130.727,130.933,0
2018-07-19T20:00:00,130.88,131.21,130.542,130.619,0
2018-07-22T20:00:00,130.604,130.745,129.86,130.185,0
2018-07-23T20:00:00,130.149,130.375,129.741,129.931,0
2018-07-24T20:00:00,129.789,130.265,129.408,130.14,0
2018-07-25T20:00:00,130.144,130.27,129.443,129.49,0
2018-07-26T20:00:00,129.436,129.516,129.124,129.397,0
2018-07-29T20:00:00,129.284,130.07,129.262,129.98,0
2018-07-30T20:00:00,129.959,131.149,129.695,130.781,0
2018-07-31T20:00:00,130.709,131.105,130.029,130.256,0
2018-08-01T20:00:00,130.21,130.3,129.25,129.336,0
2018-08-02T20:00:00,129.366,129.532,128.63,128.695,0
2018-08-05T20:00:00,128.638,128.879,128.504,128.692,0
2018-08-06T20:00:00,128.694,129.231,128.592,129.179,0
2018-08-07T20:00:00,129.149,129.456,128.557,128.816,0
2018-08-08T20:00:00,128.837,129.007,128.036,128.055,0
2018-08-09T20:00:00,128.008,128.11,126.008,126.516,0
2018-08-12T20:00:00,125.661,126.78,125.145,126.334,0
2018-08-13T20:00:00,126.247,126.989,125.805,126.073,0
2018-08-14T20:00:00,126.01,126.37,124.903,125.635,0
2018-08-15T20:00:00,125.557,126.489,125.281,126.144,0
2018-08-16T20:00:00,126.062,126.608,125.578,126.393,0
2018-08-19T20:00:00,126.488,126.503,126.075,126.397,0
2018-08-20T20:00:00,126.359,128.052,126.26,127.598,0
2018-08-21T20:00:00,127.486,128.274,127.345,128.192,0
2018-08-22T20:00:00,128.131,128.763,127.916,128.434,0
2018-08-23T20:00:00,128.345,129.414,128.333,129.305,0
2018-08-26T20:00:00,129.319,129.833,128.791,129.712,0
2018-08-27T20:00:00,129.664,130.272,129.631,130.021,0
2018-08-28T20:00:00,129.989,130.848,129.582,130.744,0
2018-08-29T20:00:00,130.712,130.864,129.417,129.524,0
2018-08-30T20:00:00,129.419,129.842,128.555,128.932,0
2018-09-02T20:00:00,128.755,129.147,128.574,128.956,0
2018-09-03T20:00:00,128.946,129.195,128.315,129.116,0
2018-09-04T20:00:00,128.913,129.98,128.6,129.705,0
2018-09-05T20:00:00,129.648,129.834,128.496,128.698,0
2018-09-06T20:00:00,128.598,129.102,128.016,128.292,0
2018-09-09T20:00:00,128.241,129.07,127.863,128.854,0
2018-09-10T20:00:00,128.788,129.825,128.767,129.524,0
2018-09-11T20:00:00,129.421,129.81,128.934,129.328,0
2018-09-12T20:00:00,129.399,130.943,129.256,130.846,0
2018-09-13T20:00:00,130.822,131.114,130.175,130.237,0
2018-09-16T20:00:00,130.206,131.042,130.097,130.66,0
2018-09-17T20:00:00,130.651,131.497,130.297,131.093,0
2018-09-18T20:00:00,131.049,131.68,130.78,131.04,0
2018-09-19T20:00:00,131.09,132.517,130.911,132.465,0
2018-09-20T20:00:00,132.471,133.127,132.156,132.265,0
2018-09-23T20:00:00,131.972,133.07,131.901,132.516,0
2018-09-24T20:00:00,132.503,133.108,132.368,132.917,0
2018-09-25T20:00:00,132.91,133.115,132.228,132.291,0
2018-09-26T20:00:00,132.285,132.677,131.575,131.956,0
2018-09-27T20:00:00,131.965,132.305,131.178,131.881,0
2018-09-30T20:00:00,132.094,132.46,131.737,131.868,0
2018-10-01T20:00:00,131.848,131.995,130.71,131.221,0
2018-10-02T20:00:00,131.21,131.975,130.965,131.433,0
2018-10-03T20:00:00,131.429,131.575,130.743,131.13,0
2018-10-04T20:00:00,131.105,131.409,130.6,130.949,0
2018-10-07T20:00:00,131.096,131.248,129.507,130.1,0
2018-10-08T20:00:00,130.1,130.227,129.339,129.785,0
2018-10-09T20:00:00,129.778,130.497,129.285,129.3,0
2018-10-10T20:00:00,129.306,130.213,129.209,130.025,0
2018-10-11T20:00:00,130.015,130.498,129.355,129.617,0
2018-10-14T20:00:00,129.363,129.795,129.123,129.401,0
2018-10-15T20:00:00,129.406,130.293,129.203,129.904,0
2018-10-16T20:00:00,129.898,130.153,129.171,129.525,0
2018-10-17T20:00:00,129.528,129.729,128.32,128.459,0
2018-10-18T20:00:00,128.462,129.68,128.416,129.527,0
2018-10-21T20:00:00,129.625,130.199,129.203,129.316,0
2018-10-22T20:00:00,129.309,129.378,128.211,128.96,0
2018-10-23T20:00:00,128.961,129.215,127.765,127.867,0
2018-10-24T20:00:00,127.842,128.438,127.494,127.86,0
2018-10-25T20:00:00,127.847,127.885,126.633,127.537,0
2018-10-28T20:00:00,127.426,128.235,127.247,127.775,0
2018-10-29T20:00:00,127.763,128.439,127.73,128.28,0
2018-10-30T20:00:00,128.32,128.543,127.656,127.722,0
2018-10-31T20:00:00,127.731,128.764,127.614,128.574,0
2018-11-01T20:00:00,128.559,129.32,128.365,128.869,0
2018-11-04T19:00:00,128.837,129.324,128.603,129.099,0
2018-11-05T19:00:00,129.094,129.634,128.851,129.59,0
2018-11-06T19:00:00,129.571,130.144,129.39,129.666,0
2018-11-07T19:00:00,129.667,130.125,129.388,129.598,0
2018-11-08T19:00:00,129.601,129.636,128.737,128.974,0
2018-11-11T19:00:00,128.787,129.185,127.647,127.683,0
2018-11-12T19:00:00,127.683,128.752,127.497,128.427,0
2018-11-13T19:00:00,128.439,129.225,128.128,128.475,0
2018-11-14T19:00:00,128.476,129.053,127.768,128.668,0
2018-11-15T19:00:00,128.667,128.891,128.123,128.799,0
2018-11-18T19:00:00,128.682,129.065,128.464,128.883,0
2018-11-19T19:00:00,128.848,129.034,128.004,128.198,0
2018-11-20T19:00:00,128.203,129.075,128.115,128.694,0
2018-11-21T19:00:00,128.703,129.1,128.616,128.724,0
2018-11-22T19:00:00,128.725,128.917,127.819,127.989,0
2018-11-25T19:00:00,128.023,128.916,127.928,128.629,0
2018-11-26T19:00:00,128.626,128.845,128.354,128.401,0
2018-11-27T19:00:00,128.382,129.257,128.249,129.195,0
2018-11-28T19:00:00,129.192,129.291,128.672,129.279,0
2018-11-29T19:00:00,129.264,129.283,128.345,128.441,0
2018-12-02T19:00:00,128.933,129.147,128.542,129.002,0
2018-12-03T19:00:00,129.002,129.052,127.618,127.892,0
2018-12-04T19:00:00,127.866,128.488,127.786,128.398,0
2018-12-05T19:00:00,128.397,128.436,127.67,128.103,0
2018-12-06T19:00:00,128.076,128.669,128.016,128.292,0
2018-12-09T19:00:00,128.299,128.937,128.172,128.673,0
2018-12-10T19:00:00,128.657,128.982,128.175,128.283,0
2018-12-11T19:00:00,128.288,128.864,128.178,128.761,0
2018-12-12T19:00:00,128.764,129.253,128.591,128.981,0
2018-12-13T19:00:00,129.059,129.116,127.981,128.148,0
2018-12-16T19:00:00,128.088,128.59,127.862,128.021,0
2018-12-17T19:00:00,128.019,128.11,127.639,127.792,0
2018-12-18T19:00:00,127.788,128.383,127.542,127.937,0
2018-12-19T19:00:00,127.846,128.384,127.216,127.357,0
2018-12-20T19:00:00,127.354,127.682,126.366,126.42,0
2018-12-23T19:00:00,126.123,126.739,125.782,125.814,0
2018-12-25T19:00:00,125.536,126.448,125.354,126.395,0
2018-12-26T19:00:00,126.388,127.09,125.991,126.814,0
2018-12-27T19:00:00,126.809,127.015,126.118,126.173,0
2018-12-30T19:00:00,126.065,126.438,125.402,125.651,0
2019-01-01T19:00:00,125.759,125.846,123.495,123.514,0
2019-01-02T19:00:00,123.504,123.553,118.617,122.627,0
2019-01-03T19:00:00,122.634,123.856,122.581,123.561,0
2019-01-06T19:00:00,123.569,124.798,123.403,124.712,0
2019-01-07T19:00:00,124.702,124.858,124.121,124.365,0
2019-01-08T19:00:00,124.379,125.087,124.266,124.812,0
2019-01-09T19:00:00,124.801,125.063,124.356,124.67,0
2019-01-10T19:00:00,124.67,124.995,124.234,124.416,0
2019-01-13T19:00:00,124.339,124.426,123.77,124.021,0
2019-01-14T19:00:00,124.017,124.854,123.397,123.97,0
2019-01-15T19:00:00,123.948,124.415,123.523,124.262,0
2019-01-16T19:00:00,124.25,124.678,123.74,124.388,0
2019-01-17T19:00:00,124.422,124.971,124.221,124.709,0
2019-01-20T19:00:00,124.59,124.825,124.51,124.624,0
2019-01-21T19:00:00,124.601,124.711,124.042,124.216,0
2019-01-22T19:00:00,124.206,124.937,124.092,124.73,0
2019-01-23T19:00:00,124.706,124.898,123.788,123.917,0
2019-01-24T19:00:00,123.885,125.315,123.753,124.889,0
2019-01-27T19:00:00,124.87,125.034,124.594,124.908,0
2019-01-28T19:00:00,124.899,125.234,124.685,125.038,0
2019-01-29T19:00:00,125.035,125.461,124.883,125.16,0
2019-01-30T19:00:00,124.956,125.294,124.492,124.592,0
2019-01-31T19:00:00,124.584,125.734,124.361,125.38,0
2019-02-03T19:00:00,125.391,125.945,125.355,125.634,0
2019-02-04T19:00:00,125.608,125.871,125.28,125.399,0
2019-02-05T19:00:00,125.402,125.451,124.815,124.933,0
2019-02-06T19:00:00,124.923,125.069,124.345,124.498,0
2019-02-07T19:00:00,124.463,124.694,124.171,124.191,0
2019-02-10T19:00:00,124.22,124.877,124.14,124.434,0
2019-02-11T19:00:00,124.407,125.27,124.243,125.104,0
2019-02-12T19:00:00,125.099,125.535,124.979,124.986,0
2019-02-13T19:00:00,124.986,125.452,124.733,124.755,0
2019-02-14T19:00:00,124.754,124.861,124.229,124.698,0
2019-02-17T19:00:00,124.703,125.271,124.681,125.054,0
2019-02-18T19:00:00,125.051,125.536,124.767,125.424,0
2019-02-19T19:00:00,125.404,125.935,125.347,125.644,0
2019-02-20T19:00:00,125.638,125.867,125.324,125.435,0
2019-02-21T19:00:00,125.426,125.774,125.343,125.395,0
2019-02-24T19:00:00,125.408,126.3,125.348,126.121,0
2019-02-25T19:00:00,126.113,126.225,125.718,125.927,0
2019-02-26T19:00:00,125.923,126.347,125.535,126.178,0
2019-02-27T19:00:00,126.172,126.904,125.886,126.636,0
2019-02-28T19:00:00,126.627,127.497,126.6,127.082,0
2019-03-03T19:00:00,127.313,127.379,126.444,126.699,0
2019-03-04T19:00:00,126.69,126.935,126.36,126.498,0
2019-03-05T19:00:00,126.485,126.533,126.173,126.354,0
2019-03-06T19:00:00,126.351,126.427,124.667,124.869,0
2019-03-07T19:00:00,124.845,125.025,124.275,124.819,0
2019-03-10T20:00:00,124.68,125.203,124.48,125.033,0
2019-03-11T20:00:00,125.022,125.826,124.974,125.654,0
2019-03-12T20:00:00,125.647,126.029,125.453,125.881,0
2019-03-13T20:00:00,125.86,126.564,125.86,126.23,0
2019-03-14T20:00:00,126.18,126.571,126.119,126.214,0
2019-03-17T20:00:00,126.163,126.691,126.132,126.337,0
2019-03-18T20:00:00,126.296,126.616,126.091,126.42,0
2019-03-19T20:00:00,126.415,126.787,126.31,126.314,0
2019-03-20T20:00:00,126.311,126.6,125.685,125.989,0
2019-03-21T20:00:00,126.005,126.178,123.822,124.145,0
2019-03-24T20:00:00,124.081,124.819,123.878,124.369,0
2019-03-25T20:00:00,124.362,125.009,124.214,124.612,0
2019-03-26T20:00:00,124.606,124.736,124.049,124.243,0
2019-03-27T20:00:00,124.233,124.425,123.653,124.108,0
2019-03-28T20:00:00,124.082,124.638,124.053,124.301,0
2019-03-31T20:00:00,124.613,124.951,124.436,124.856,0
2019-04-01T20:00:00,124.807,124.891,124.475,124.708,0
2019-04-02T20:00:00,124.693,125.448,124.606,125.213,0
2019-04-03T20:00:00,125.213,125.393,124.967,125.278,0
2019-04-04T20:00:00,125.253,125.507,125.213,125.223,0
2019-04-07T20:00:00,125.241,125.616,124.984,125.529,0
2019-04-08T20:00:00,125.493,125.616,125.13,125.148,0
2019-04-09T20:00:00,125.138,125.454,124.777,125.13,0
2019-04-10T20:00:00,125.114,125.715,125.04,125.617,0
2019-04-11T20:00:00,125.57,126.765,125.57,126.533,0
2019-04-14T20:00:00,126.531,126.793,126.488,126.623,0
2019-04-15T20:00:00,126.624,126.68,126.197,126.337,0
2019-04-16T20:00:00,126.307,126.805,126.279,126.489,0
2019-04-17T20:00:00,126.508,126.604,125.651,125.7,0
2019-04-18T20:00:00,125.674,125.882,125.635,125.773,0
2019-04-21T20:00:00,125.731,126.066,125.706,125.994,0
2019-04-22T20:00:00,125.993,126.058,125.279,125.57,0
2019-04-23T20:00:00,125.559,125.602,124.804,125.112,0
2019-04-24T20:00:00,125.041,125.231,124.208,124.311,0
2019-04-25T20:00:00,124.276,124.714,124.088,124.441,0
2019-04-28T20:00:00,124.398,125.095,124.316,124.928,0
2019-04-29T20:00:00,124.916,125.088,124.471,124.999,0
2019-04-30T20:00:00,124.988,125.228,124.716,124.725,0
2019-05-01T20:00:00,124.721,125.12,124.552,124.584,0
2019-05-02T20:00:00,124.583,124.652,124.278,124.44,0
2019-05-05T20:00:00,123.554,124.294,123.362,124.017,0
2019-05-06T20:00:00,124.003,124.253,123.106,123.384,0
2019-05-07T20:00:00,123.363,123.517,123.107,123.196,0
2019-05-08T20:00:00,123.19,123.264,122.485,123.075,0
2019-05-09T20:00:00,123.004,123.613,123.004,123.431,0
2019-05-12T20:00:00,123.275,123.457,122.546,122.645,0
2019-05-13T20:00:00,122.63,123.4,122.57,122.777,0
2019-05-14T20:00:00,122.783,123.091,122.08,122.732,0
2019-05-15T20:00:00,122.738,122.963,122.538,122.72,0
2019-05-16T20:00:00,122.704,122.99,122.275,122.773,0
2019-05-19T20:00:00,122.876,123.19,122.535,122.88,0
2019-05-20T20:00:00,122.87,123.745,122.672,123.292,0
2019-05-21T20:00:00,123.26,123.507,122.981,123.033,0
2019-05-22T20:00:00,123.032,123.08,122.145,122.534,0
2019-05-23T20:00:00,122.528,122.822,122.385,122.393,0
2019-05-26T20:00:00,122.513,122.804,122.289,122.507,0
2019-05-27T20:00:00,122.523,122.7,121.995,122.046,0
2019-05-28T20:00:00,122.046,122.209,121.577,121.974,0
2019-05-29T20:00:00,121.976,122.258,121.902,121.97,0
2019-05-30T20:00:00,121.941,122.013,120.906,120.916,0
2019-06-02T20:00:00,120.841,121.65,120.783,121.458,0
2019-06-03T20:00:00,121.451,121.783,121.3,121.666,0
2019-06-04T20:00:00,121.659,122.264,121.551,121.689,0
2019-06-05T20:00:00,121.694,122.394,121.293,122.214,0
2019-06-06T20:00:00,122.222,122.714,122.097,122.565,0
2019-06-09T20:00:00,122.806,122.921,122.623,122.643,0
2019-06-10T20:00:00,122.644,123.166,122.622,122.889,0
2019-06-11T20:00:00,122.888,123.001,122.419,122.465,0
2019-06-12T20:00:00,122.469,122.56,122.135,122.173,0
2019-06-13T20:00:00,122.168,122.264,121.589,121.645,0
2019-06-16T20:00:00,121.612,122.124,121.523,121.72,0
2019-06-17T20:00:00,121.73,121.869,121.064,121.382,0
2019-06-18T20:00:00,121.365,121.653,121.171,121.34,0
2019-06-19T20:00:00,121.341,121.912,121.086,121.134,0
2019-06-20T20:00:00,121.128,122.122,120.95,121.972,0
2019-06-23T20:00:00,121.994,122.393,121.959,122.285,0
2019-06-24T20:00:00,122.281,122.465,121.65,121.79,0
2019-06-25T20:00:00,121.786,122.628,121.699,122.522,0
2019-06-26T20:00:00,122.516,122.891,122.4,122.518,0
2019-06-27T20:00:00,122.517,122.78,122.28,122.615,0
2019-06-30T20:00:00,122.875,123.354,122.351,122.358,0
2019-07-01T20:00:00,122.34,122.535,121.72,121.721,0
2019-07-02T20:00:00,121.706,121.82,121.314,121.542,0
2019-07-03T20:00:00,121.534,121.716,121.44,121.654,0
2019-07-04T20:00:00,121.634,121.93,121.499,121.718,0
2019-07-07T20:00:00,121.646,121.973,121.515,121.913,0
2019-07-08T20:00:00,121.912,122.131,121.739,121.994,0
2019-07-09T20:00:00,121.995,122.319,121.888,122.011,0
2019-07-10T20:00:00,122.002,122.145,121.618,122.103,0
2019-07-11T20:00:00,122.1,122.231,121.513,121.619,0
2019-07-14T20:00:00,121.55,121.851,121.418,121.482,0
2019-07-15T20:00:00,121.482,121.679,121.096,121.309,0
2019-07-16T20:00:00,121.302,121.484,121.153,121.153,0
2019-07-17T20:00:00,121.156,121.226,120.779,120.985,0
2019-07-18T20:00:00,120.959,121.28,120.755,120.817,0
2019-07-21T20:00:00,120.791,121.166,120.791,120.896,0
2019-07-22T20:00:00,120.896,121.091,120.492,120.686,0
2019-07-23T20:00:00,120.678,120.707,120.205,120.508,0
2019-07-24T20:00:00,120.481,121.374,120.05,121.073,0
2019-07-25T20:00:00,121.073,121.195,120.794,120.88,0
2019-07-28T20:00:00,120.826,121.303,120.734,121.233,0
2019-07-29T20:00:00,121.236,121.379,120.88,121.123,0
2019-07-30T20:00:00,121.112,121.189,120.348,120.458,0
2019-07-31T20:00:00,120.468,120.709,118.916,118.984,0
2019-08-01T20:00:00,118.991,119.123,118.262,118.32,0
2019-08-04T20:00:00,118.261,118.93,117.672,118.689,0
2019-08-05T20:00:00,118.688,119.87,118.369,119.224,0
2019-08-06T20:00:00,119.234,119.277,118.435,118.993,0
2019-08-07T20:00:00,118.986,119.164,118.49,118.589,0
2019-08-08T20:00:00,118.571,118.74,118.085,118.29,0
2019-08-11T20:00:00,118.156,118.406,117.513,118.069,0
2019-08-12T20:00:00,118.051,119.583,117.685,119.239,0
2019-08-13T20:00:00,119.202,119.275,117.783,117.939,0
2019-08-14T20:00:00,117.937,118.977,117.623,117.867,0
2019-08-15T20:00:00,117.849,118.163,117.577,117.949,0
2019-08-18T20:00:00,117.799,118.475,117.799,118.114,0
2019-08-19T20:00:00,118.114,118.266,117.577,117.901,0
2019-08-20T20:00:00,117.903,118.329,117.87,118.177,0
2019-08-21T20:00:00,118.153,118.302,117.731,117.906,0
2019-08-22T20:00:00,117.906,118.163,117.261,117.336,0
2019-08-25T20:00:00,116.998,118.195,116.553,117.75,0
2019-08-26T20:00:00,117.721,117.834,117.212,117.236,0
2019-08-27T20:00:00,117.236,117.678,117.102,117.543,0
2019-08-28T20:00:00,117.544,117.932,117.278,117.759,0
2019-08-29T20:00:00,117.761,117.818,116.622,116.764,0
2019-09-01T20:00:00,116.531,116.777,116.348,116.503,0
2019-09-02T20:00:00,116.482,116.555,115.864,116.243,0
2019-09-03T20:00:00,116.238,117.432,116.131,117.398,0
2019-09-04T20:00:00,117.389,118.611,117.275,117.977,0
2019-09-05T20:00:00,117.988,118.265,117.782,117.887,0
2019-09-08T20:00:00,117.746,118.509,117.736,118.474,0
2019-09-09T20:00:00,118.463,118.784,118.269,118.749,0
2019-09-10T20:00:00,118.756,119.171,118.297,118.709,0
2019-09-11T20:00:00,118.715,119.822,117.55,119.587,0
2019-09-12T20:00:00,119.6,120.01,119.536,119.759,0
2019-09-15T20:00:00,119.003,119.51,118.686,118.92,0
2019-09-16T20:00:00,118.976,119.772,118.871,119.69,0
2019-09-17T20:00:00,119.676,119.821,119.409,119.607,0
2019-09-18T20:00:00,119.607,119.665,118.953,119.261,0
2019-09-19T20:00:00,119.252,119.379,118.458,118.522,0
2019-09-22T20:00:00,118.63,118.789,117.753,118.214,0
2019-09-23T20:00:00,118.199,118.558,117.888,117.987,0
2019-09-24T20:00:00,117.978,118.199,117.79,117.909,0
2019-09-25T20:00:00,117.901,118.053,117.517,117.736,0
2019-09-26T20:00:00,117.73,118.473,117.445,118.102,0
2019-09-29T20:00:00,118.115,118.188,117.541,117.788,0
2019-09-30T20:00:00,117.783,118.17,117.674,117.793,0
2019-10-01T20:00:00,117.788,118.002,117.324,117.454,0
2019-10-02T20:00:00,117.453,117.651,117.071,117.186,0
2019-10-03T20:00:00,117.197,117.487,117.083,117.361,0
2019-10-06T20:00:00,117.106,117.903,117.082,117.665,0
2019-10-07T20:00:00,117.663,117.968,117.129,117.334,0
2019-10-08T20:00:00,117.321,118.093,117.206,117.891,0
2019-10-09T20:00:00,117.891,118.942,117.573,118.799,0
2019-10-10T20:00:00,118.811,120.002,118.718,119.636,0
2019-10-13T20:00:00,119.495,119.708,119.186,119.532,0
2019-10-14T20:00:00,119.545,120.224,119.117,120.095,0
2019-10-15T20:00:00,120.067,120.47,119.745,120.416,0
2019-10-16T20:00:00,120.405,121.353,120.334,120.846,0
2019-10-17T20:00:00,120.849,121.121,120.671,121.112,0
2019-10-20T20:00:00,121.021,121.474,120.782,121.093,0
2019-10-21T20:00:00,121.051,121.285,120.577,120.683,0
2019-10-22T20:00:00,120.683,121.05,120.385,120.971,0
2019-10-23T20:00:00,120.958,121.386,120.427,120.604,0
2019-10-24T20:00:00,120.601,120.801,120.352,120.406,0
2019-10-27T20:00:00,120.496,120.988,120.32,120.916,0
2019-10-28T20:00:00,120.94,121.063,120.574,120.99,0
2019-10-29T20:00:00,120.986,121.396,120.876,121.36,0
2019-10-30T20:00:00,121.361,121.469,120.283,120.482,0
2019-10-31T20:00:00,120.476,120.94,120.361,120.749,0
2019-11-03T19:00:00,120.803,121.105,120.769,120.82,0
2019-11-04T19:00:00,120.818,121.298,120.692,120.878,0
2019-11-05T19:00:00,120.888,120.913,120.472,120.592,0
2019-11-06T19:00:00,120.578,121.111,120.138,120.749,0
2019-11-07T19:00:00,120.734,120.874,120.215,120.373,0
2019-11-10T19:00:00,120.333,120.42,120.068,120.312,0
2019-11-11T19:00:00,120.308,120.635,119.946,120.002,0
2019-11-12T19:00:00,119.991,120.178,119.578,119.77,0
2019-11-13T19:00:00,119.768,119.81,119.248,119.505,0
2019-11-14T19:00:00,119.487,120.315,119.437,120.23,0
2019-11-17T19:00:00,120.151,120.686,120.092,120.324,0
2019-11-18T19:00:00,120.321,120.495,120.0,120.229,0
2019-11-19T19:00:00,120.228,120.406,119.848,120.246,0
2019-11-20T19:00:00,120.238,120.576,119.94,120.13,0
2019-11-21T19:00:00,120.109,120.494,119.661,119.705,0
2019-11-24T19:00:00,119.662,120.116,119.635,119.941,0
2019-11-25T19:00:00,119.944,120.25,119.916,120.169,0
2019-11-26T19:00:00,120.158,120.594,120.059,120.459,0
2019-11-27T19:00:00,120.457,120.585,120.323,120.567,0
2019-11-28T19:00:00,120.526,120.76,120.411,120.643,0
2019-12-01T19:00:00,120.526,121.016,120.52,120.731,0
2019-12-02T19:00:00,120.706,120.958,120.245,120.378,0
2019-12-03T19:00:00,120.37,120.81,120.099,120.591,0
2019-12-04T19:00:00,120.595,120.888,120.555,120.76,0
2019-12-05T19:00:00,120.753,120.785,120.002,120.087,0
2019-12-08T19:00:00,120.045,120.269,119.99,120.1,0
2019-12-09T19:00:00,120.089,120.687,120.086,120.583,0
2019-12-10T19:00:00,120.602,120.927,120.372,120.819,0
2019-12-11T19:00:00,120.808,121.728,120.757,121.634,0
2019-12-12T19:00:00,121.592,122.648,121.343,121.578,0
2019-12-15T19:00:00,121.574,122.229,121.574,122.071,0
2019-12-16T19:00:00,122.204,122.46,121.926,122.077,0
2019-12-17T19:00:00,122.069,122.158,121.727,121.744,0
2019-12-18T19:00:00,121.767,122.05,121.422,121.609,0
2019-12-19T19:00:00,121.609,121.695,121.191,121.217,0
2019-12-22T19:00:00,121.167,121.351,121.082,121.277,0
2019-12-23T19:00:00,121.238,121.372,121.062,121.234,0
2019-12-25T19:00:00,121.27,121.782,121.269,121.64,0
2019-12-26T19:00:00,121.632,122.502,121.585,122.401,0
2019-12-29T19:00:00,122.284,122.485,121.871,121.948,0
2019-12-30T19:00:00,121.926,122.094,121.725,121.812,0
2020-01-01T19:00:00,121.905,122.021,120.98,121.296,0
2020-01-02T19:00:00,121.282,121.376,120.166,120.611,0
2020-01-05T19:00:00,120.384,121.397,120.281,121.339,0
2020-01-06T19:00:00,121.261,121.445,120.782,120.934,0
2020-01-07T19:00:00,120.926,121.38,120.168,121.154,0
2020-01-08T19:00:00,121.094,121.689,121.094,121.637,0
2020-01-09T19:00:00,121.618,121.836,121.521,121.79,0
2020-01-12T19:00:00,121.559,122.491,121.552,122.409,0
2020-01-13T19:00:00,122.372,122.765,122.186,122.376,0
2020-01-14T19:00:00,122.377,122.719,122.197,122.526,0
2020-01-15T19:00:00,122.529,122.873,122.48,122.667,0
2020-01-16T19:00:00,122.651,122.84,122.123,122.164,0
2020-01-19T19:00:00,122.14,122.316,122.034,122.244,0
2020-01-20T19:00:00,122.231,122.37,121.716,121.742,0
2020-01-21T19:00:00,121.759,122.013,121.612,121.842,0
2020-01-22T19:00:00,121.844,121.866,120.633,121.022,0
2020-01-23T19:00:00,121.023,121.267,120.415,120.499,0
2020-01-26T19:00:00,120.11,120.399,119.904,119.984,0
2020-01-27T19:00:00,119.985,120.333,119.807,120.297,0
2020-01-28T19:00:00,120.262,120.423,119.887,120.023,0
2020-01-29T19:00:00,120.003,120.244,119.774,120.182,0
2020-01-30T19:00:00,120.179,120.404,120.024,120.218,0
2020-02-02T19:00:00,120.265,120.378,119.917,120.169,0
2020-02-03T19:00:00,120.189,120.981,120.062,120.958,0
2020-02-04T19:00:00,120.948,121.149,120.656,120.786,0
2020-02-05T19:00:00,120.786,121.02,120.567,120.8,0
2020-02-06T19:00:00,120.773,120.803,120.09,120.138,0
2020-02-09T19:00:00,120.011,120.337,119.677,119.768,0
2020-02-10T19:00:00,119.739,120.023,119.591,119.832,0
2020-02-11T19:00:00,119.832,120.302,119.613,119.696,0
2020-02-12T19:00:00,119.696,119.714,118.873,119.042,0
2020-02-13T19:00:00,119.037,119.227,118.865,118.899,0
2020-02-16T19:00:00,118.931,119.193,118.904,119.04,0
2020-02-17T19:00:00,119.049,119.058,118.462,118.559,0
2020-02-18T19:00:00,118.563,120.494,118.556,120.309,0
2020-02-19T19:00:00,120.298,121.397,120.093,120.888,0
2020-02-20T19:00:00,120.888,121.352,120.357,121.037,0
2020-02-23T19:00:00,120.469,121.07,119.899,120.154,0
2020-02-24T19:00:00,120.123,120.532,119.411,119.904,0
2020-02-25T19:00:00,119.901,120.586,119.749,120.14,0
2020-02-26T19:00:00,120.127,121.039,119.95,120.548,0
2020-02-27T19:00:00,120.547,120.66,118.378,119.193,0
2020-03-01T19:00:00,118.617,120.747,118.592,120.574,0
2020-03-02T19:00:00,120.559,120.948,119.529,119.633,0
2020-03-03T19:00:00,119.627,120.13,119.022,119.737,0
2020-03-04T19:00:00,119.735,119.998,118.999,119.314,0
2020-03-05T19:00:00,119.308,119.431,118.708,118.939,0
2020-03-08T20:00:00,118.256,118.688,116.118,117.082,0
2020-03-09T20:00:00,116.974,119.485,116.804,119.165,0
2020-03-10T20:00:00,119.158,119.222,117.54,117.799,0
2020-03-11T20:00:00,117.757,118.336,116.308,117.008,0
2020-03-12T20:00:00,117.01,120.32,116.875,119.945,0
2020-03-15T20:00:00,118.719,119.877,117.134,118.331,0
2020-03-16T20:00:00,118.321,119.684,117.298,118.408,0
2020-03-17T20:00:00,118.401,118.506,116.894,117.938,0
2020-03-18T20:00:00,117.907,119.326,117.405,118.375,0
2020-03-19T20:00:00,118.351,119.296,117.843,118.546,0
2020-03-22T20:00:00,118.498,119.935,117.724,119.279,0
2020-03-23T20:00:00,119.152,120.539,118.808,119.983,0
2020-03-24T20:00:00,119.983,121.145,119.51,121.004,0
2020-03-25T20:00:00,120.986,121.084,119.952,120.836,0
2020-03-26T20:00:00,120.844,120.983,118.801,120.324,0
2020-03-29T20:00:00,119.636,120.002,118.796,118.934,0
2020-03-30T20:00:00,118.846,119.701,118.194,118.582,0
2020-03-31T20:00:00,118.584,118.871,116.944,117.479,0
2020-04-01T20:00:00,117.451,117.715,116.349,117.124,0
2020-04-02T20:00:00,117.081,117.382,116.73,117.273,0
2020-04-05T20:00:00,117.116,118.305,117.037,117.843,0
2020-04-06T20:00:00,117.869,119.035,117.506,118.441,0
2020-04-07T20:00:00,118.416,118.692,117.914,118.135,0
2020-04-08T20:00:00,118.085,118.999,118.058,118.434,0
2020-04-09T20:00:00,118.442,118.732,118.387,118.551,0
2020-04-12T20:00:00,118.499,118.688,117.305,117.526,0
2020-04-13T20:00:00,117.529,117.938,117.303,117.707,0
2020-04-14T20:00:00,117.707,117.753,116.794,117.177,0
2020-04-15T20:00:00,117.086,117.501,116.551,116.98,0
2020-04-16T20:00:00,116.954,117.412,116.622,116.945,0
2020-04-19T20:00:00,116.826,117.289,116.696,116.898,0
2020-04-20T20:00:00,116.886,117.16,116.218,116.988,0
2020-04-21T20:00:00,116.996,117.219,116.441,116.61,0
2020-04-22T20:00:00,116.609,116.834,115.636,115.894,0
2020-04-23T20:00:00,115.897,116.362,115.543,116.357,0
2020-04-26T20:00:00,116.304,116.509,116.047,116.131,0
2020-04-27T20:00:00,116.131,116.267,115.596,115.598,0
2020-04-28T20:00:00,115.596,116.076,115.446,115.87,0
2020-04-29T20:00:00,115.921,117.775,115.547,117.35,0
2020-04-30T20:00:00,117.345,117.765,117.018,117.404,0
2020-05-03T20:00:00,117.119,117.278,116.266,116.37,0
2020-05-04T20:00:00,116.353,116.567,115.408,115.409,0
2020-05-05T20:00:00,115.45,115.613,114.425,114.503,0
2020-05-06T20:00:00,114.494,115.137,114.398,115.12,0
2020-05-07T20:00:00,115.072,115.743,115.031,115.628,0
2020-05-10T20:00:00,115.31,116.512,115.153,116.303,0
2020-05-11T20:00:00,116.301,116.853,115.957,116.205,0
2020-05-12T20:00:00,116.21,116.409,115.689,115.777,0
2020-05-13T20:00:00,115.79,115.925,115.325,115.865,0
2020-05-14T20:00:00,115.861,116.196,115.474,115.937,0
2020-05-17T20:00:00,115.878,117.24,115.746,117.125,0
2020-05-18T20:00:00,117.126,118.198,117.025,117.622,0
2020-05-19T20:00:00,117.63,118.202,117.508,118.005,0
2020-05-20T20:00:00,117.994,118.519,117.727,117.759,0
2020-05-21T20:00:00,117.821,117.977,116.994,117.317,0
2020-05-24T20:00:00,117.144,117.555,117.083,117.313,0
2020-05-25T20:00:00,117.297,118.333,117.296,118.099,0
2020-05-26T20:00:00,118.095,118.908,117.704,118.469,0
2020-05-27T20:00:00,118.484,119.393,118.469,119.225,0
2020-05-28T20:00:00,119.221,119.897,118.856,119.725,0
2020-05-31T20:00:00,119.743,119.974,119.422,119.787,0
2020-06-01T20:00:00,119.786,121.63,119.622,121.381,0
2020-06-02T20:00:00,121.372,122.624,121.266,122.329,0
2020-06-03T20:00:00,122.323,123.97,121.844,123.737,0
2020-06-04T20:00:00,123.738,124.429,123.539,123.698,0
2020-06-07T20:00:00,123.77,124.118,122.222,122.452,0
2020-06-08T20:00:00,122.431,122.602,121.323,122.227,0
2020-06-09T20:00:00,122.215,122.361,121.585,121.84,0
2020-06-10T20:00:00,121.794,121.903,120.652,120.738,0
2020-06-11T20:00:00,120.709,121.814,120.252,120.879,0
2020-06-14T20:00:00,120.526,121.635,120.334,121.521,0
2020-06-15T20:00:00,121.499,122.118,120.471,120.867,0
2020-06-16T20:00:00,120.753,121.232,120.153,120.286,0
2020-06-17T20:00:00,120.292,120.54,119.59,119.856,0
2020-06-18T20:00:00,119.739,120.21,119.374,119.444,0
2020-06-21T20:00:00,119.344,120.44,119.311,120.375,0
2020-06-22T20:00:00,120.261,121.098,119.904,120.442,0
2020-06-23T20:00:00,120.439,120.748,120.035,120.422,0
2020-06-24T20:00:00,120.421,120.624,120.139,120.236,0
2020-06-25T20:00:00,120.228,120.379,119.811,120.278,0
2020-06-28T20:00:00,120.008,121.358,120.008,120.931,0
2020-06-29T20:00:00,120.884,121.424,120.586,121.237,0
2020-06-30T20:00:00,121.179,121.48,120.258,120.911,0
2020-07-01T20:00:00,120.828,121.435,120.748,120.808,0
2020-07-02T20:00:00,120.757,120.967,120.608,120.86,0
2020-07-05T20:00:00,120.723,121.964,120.723,121.366,0
2020-07-06T20:00:00,121.383,121.716,121.182,121.2,0
2020-07-07T20:00:00,121.191,121.879,121.135,121.511,0
2020-07-08T20:00:00,121.449,121.966,120.902,120.962,0
2020-07-09T20:00:00,120.943,121.065,120.268,120.779,0
2020-07-12T20:00:00,120.747,121.963,120.747,121.713,0
2020-07-13T20:00:00,121.662,122.318,121.467,122.232,0
2020-07-14T20:00:00,122.154,122.497,121.82,122.012,0
2020-07-15T20:00:00,122.009,122.502,121.813,122.097,0
2020-07-16T20:00:00,122.007,122.574,121.929,122.283,0
2020-07-19T20:00:00,122.188,122.973,122.099,122.784,0
2020-07-20T20:00:00,122.609,123.173,122.468,123.11,0
2020-07-21T20:00:00,123.031,124.29,123.03,123.98,0
2020-07-22T20:00:00,123.874,124.241,123.707,123.912,0
2020-07-23T20:00:00,123.839,123.966,122.84,123.683,0
2020-07-26T20:00:00,123.406,123.903,123.22,123.819,0
2020-07-27T20:00:00,123.818,123.984,123.012,123.096,0
2020-07-28T20:00:00,123.022,123.788,123.017,123.707,0
2020-07-29T20:00:00,123.615,124.196,123.334,124.061,0
2020-07-30T20:00:00,124.006,125.208,123.839,124.699,0
2020-08-02T20:00:00,124.52,125.053,123.991,124.613,0
2020-08-03T20:00:00,124.572,124.999,124.263,124.761,0
2020-08-04T20:00:00,124.614,125.513,124.613,125.27,0
2020-08-05T20:00:00,125.159,125.585,124.658,125.353,0
2020-08-06T20:00:00,125.261,125.393,124.456,124.829,0
2020-08-09T20:00:00,124.815,124.886,124.339,124.368,0
2020-08-10T20:00:00,124.321,125.5,124.321,125.013,0
2020-08-11T20:00:00,125.026,126.216,124.949,125.98,0
2020-08-12T20:00:00,125.926,126.753,125.888,126.31,0
2020-08-13T20:00:00,126.306,126.469,125.738,126.199,0
2020-08-16T20:00:00,126.171,126.459,125.67,125.826,0
2020-08-17T20:00:00,125.68,126.092,125.342,125.76,0
2020-08-18T20:00:00,125.75,126.061,125.373,125.593,0
2020-08-19T20:00:00,125.601,125.782,125.08,125.481,0
2020-08-20T20:00:00,125.429,125.557,124.439,124.829,0
2020-08-23T20:00:00,124.676,125.343,124.648,124.907,0
2020-08-24T20:00:00,124.904,126.029,124.88,125.904,0
2020-08-25T20:00:00,125.846,126.139,125.26,125.372,0
2020-08-26T20:00:00,125.375,126.092,125.132,125.972,0
2020-08-27T20:00:00,125.963,126.773,125.195,125.424,0
2020-08-30T20:00:00,125.434,126.844,125.313,126.41,0
2020-08-31T20:00:00,126.369,127.073,126.136,126.206,0
2020-09-01T20:00:00,126.219,126.312,125.552,125.874,0
2020-09-02T20:00:00,125.737,126.02,125.284,125.836,0
2020-09-03T20:00:00,125.817,125.985,125.301,125.784,0
2020-09-06T20:00:00,125.774,125.941,125.517,125.563,0
2020-09-07T20:00:00,125.575,125.649,124.691,124.835,0
2020-09-08T20:00:00,124.828,125.645,124.424,125.317,0
2020-09-09T20:00:00,125.29,126.461,125.256,125.386,0
2020-09-10T20:00:00,125.334,126.123,125.334,125.739,0
2020-09-13T20:00:00,125.492,125.898,125.285,125.428,0
2020-09-14T20:00:00,125.375,125.766,124.755,124.902,0
2020-09-15T20:00:00,124.853,125.013,123.834,124.001,0
2020-09-16T20:00:00,123.993,124.132,123.311,124.1,0
2020-09-17T20:00:00,124.061,124.309,123.432,123.823,0
2020-09-20T20:00:00,123.749,123.938,122.517,123.177,0
2020-09-21T20:00:00,123.087,123.274,122.655,122.847,0
2020-09-22T20:00:00,122.749,123.189,122.575,122.855,0
2020-09-23T20:00:00,122.815,123.159,122.58,123.029,0
2020-09-24T20:00:00,122.898,123.153,122.609,122.764,0
2020-09-27T20:00:00,122.642,123.207,122.376,122.996,0
2020-09-28T20:00:00,123.006,124.119,122.992,124.075,0
2020-09-29T20:00:00,124.002,124.248,123.53,123.535,0
2020-09-30T20:00:00,123.595,124.203,123.564,123.942,0
2020-10-01T20:00:00,123.952,124.011,123.019,123.41,0
2020-10-04T20:00:00,123.289,124.712,123.27,124.574,0
2020-10-05T20:00:00,124.577,124.73,123.851,123.934,0
2020-10-06T20:00:00,123.932,124.875,123.864,124.624,0
2020-10-07T20:00:00,124.581,124.874,124.363,124.665,0
2020-10-08T20:00:00,124.606,125.085,124.512,124.936,0
2020-10-11T20:00:00,124.846,124.977,124.286,124.406,0
2020-10-12T20:00:00,124.399,124.467,123.807,123.878,0
2020-10-13T20:00:00,123.879,123.946,123.471,123.507,0
2020-10-14T20:00:00,123.468,123.772,123.015,123.428,0
2020-10-15T20:00:00,123.423,123.712,123.114,123.485,0
2020-10-18T20:00:00,123.389,124.338,123.362,124.082,0
2020-10-19T20:00:00,124.04,124.999,124.004,124.717,0
2020-10-20T20:00:00,124.607,124.836,123.912,124.036,0
2020-10-21T20:00:00,123.966,124.092,123.647,123.923,0
2020-10-22T20:00:00,123.893,124.229,123.411,124.184,0
2020-10-25T20:00:00,124.101,124.202,123.771,123.78,0
2020-10-26T20:00:00,123.811,123.995,123.142,123.145,0
2020-10-27T20:00:00,123.156,123.198,122.184,122.526,0
2020-10-28T20:00:00,122.511,122.888,121.892,122.085,0
2020-10-29T20:00:00,122.011,122.461,121.616,121.902,0
2020-11-01T19:00:00,121.728,122.152,121.7,121.827,0
2020-11-02T19:00:00,121.824,122.752,121.734,122.345,0
2020-11-03T19:00:00,122.335,123.071,121.958,122.534,0
2020-11-04T19:00:00,122.516,123.184,122.211,122.314,0
2020-11-05T19:00:00,122.293,122.99,122.219,122.746,0
2020-11-08T19:00:00,122.811,125.133,122.665,124.436,0
2020-11-09T19:00:00,124.391,124.604,123.99,124.385,0
2020-11-10T19:00:00,124.353,124.672,123.918,124.157,0
2020-11-11T19:00:00,124.15,124.5,123.683,124.087,0
2020-11-12T19:00:00,124.024,124.3,123.659,123.794,0
2020-11-15T19:00:00,123.976,124.439,123.623,123.921,0
2020-11-16T19:00:00,123.926,124.023,123.516,123.575,0
2020-11-17T19:00:00,123.559,123.63,123.011,123.052,0
2020-11-18T19:00:00,123.03,123.319,122.843,123.159,0
2020-11-19T19:00:00,123.129,123.479,123.008,123.14,0
2020-11-22T19:00:00,123.05,123.825,123.045,123.68,0
2020-11-23T19:00:00,123.596,124.347,123.589,124.177,0
2020-11-24T19:00:00,124.171,124.509,124.143,124.458,0
2020-11-25T19:00:00,124.399,124.568,123.911,124.19,0
2020-11-26T19:00:00,124.187,124.533,123.899,124.5,0
2020-11-29T19:00:00,124.409,125.125,124.302,124.364,0
2020-11-30T19:00:00,124.384,125.953,124.381,125.901,0
2020-12-01T19:00:00,125.878,126.548,125.777,126.483,0
2020-12-02T19:00:00,126.47,126.654,126.028,126.038,0
2020-12-03T19:00:00,126.088,126.681,126.04,126.275,0
2020-12-06T19:00:00,126.291,126.484,125.962,125.995,0
2020-12-07T19:00:00,125.966,126.256,125.86,126.044,0
2020-12-08T19:00:00,126.036,126.516,125.784,125.873,0
2020-12-09T19:00:00,125.883,126.741,125.797,126.514,0
2020-12-10T19:00:00,126.488,126.608,125.783,126.003,0
2020-12-13T19:00:00,126.161,126.513,125.918,126.318,0
2020-12-14T19:00:00,126.329,126.587,125.913,125.938,0
2020-12-15T19:00:00,125.97,126.345,125.704,126.195,0
2020-12-16T19:00:00,126.168,126.519,126.013,126.462,0
2020-12-17T19:00:00,126.41,127.012,126.385,126.594,0
2020-12-20T19:00:00,126.46,126.615,125.91,126.468,0
2020-12-21T19:00:00,126.46,126.656,125.991,126.026,0
2020-12-22T19:00:00,126.017,126.378,125.935,126.134,0
2020-12-23T19:00:00,126.125,126.497,126.053,126.16,0
2020-12-27T19:00:00,126.101,126.956,126.046,126.765,0
2020-12-28T19:00:00,126.749,127.231,126.643,126.853,0
2020-12-29T19:00:00,126.779,127.133,126.463,126.841,0
2020-12-30T19:00:00,126.671,126.978,126.079,126.182,0
2021-01-03T19:00:00,126.141,126.795,126.092,126.273,0
2021-01-04T19:00:00,126.267,126.553,126.048,126.238,0
2021-01-05T19:00:00,126.275,127.243,126.122,126.962,0
2021-01-06T19:00:00,126.951,127.491,126.905,127.35,0
2021-01-07T19:00:00,127.315,127.464,126.816,127.07,0
2021-01-10T19:00:00,126.731,127.011,126.555,126.66,0
2021-01-11T19:00:00,126.665,126.864,126.537,126.654,0
2021-01-12T19:00:00,126.658,126.711,126.212,126.262,0
2021-01-13T19:00:00,126.254,126.525,125.926,126.147,0
2021-01-14T19:00:00,126.108,126.197,125.403,125.442,0
2021-01-17T19:00:00,125.406,125.489,125.087,125.219,0
2021-01-18T19:00:00,125.22,126.209,125.195,126.01,0
2021-01-19T19:00:00,126.008,126.185,125.268,125.316,0
2021-01-20T19:00:00,125.306,125.967,125.299,125.911,0
2021-01-21T19:00:00,125.916,126.402,125.858,126.286,0
2021-01-24T19:00:00,126.248,126.367,125.807,125.894,0
2021-01-25T19:00:00,125.926,126.158,125.689,125.971,0
2021-01-26T19:00:00,125.993,126.186,125.596,126.022,0
2021-01-27T19:00:00,126.022,126.663,125.983,126.301,0
2021-01-28T19:00:00,126.292,127.341,126.257,127.089,0
2021-01-31T19:00:00,127.086,127.127,126.509,126.512,0
2021-02-01T19:00:00,126.517,126.822,126.266,126.387,0
2021-02-02T19:00:00,126.409,126.524,126.143,126.397,0
2021-02-03T19:00:00,126.404,126.463,126.097,126.189,0
2021-02-04T19:00:00,126.214,126.994,126.163,126.974,0
2021-02-07T19:00:00,126.73,127.123,126.646,126.681,0
2021-02-08T19:00:00,126.681,126.847,126.432,126.672,0
2021-02-09T19:00:00,126.677,127.075,126.643,126.748,0
2021-02-10T19:00:00,126.712,127.159,126.696,126.994,0
2021-02-11T19:00:00,126.987,127.304,126.977,127.156,0
2021-02-14T19:00:00,127.143,127.973,127.143,127.732,0
2021-02-15T19:00:00,127.797,128.38,127.717,128.323,0
2021-02-16T19:00:00,128.327,128.452,127.308,127.334,0
2021-02-17T19:00:00,127.441,127.805,127.326,127.701,0
2021-02-18T19:00:00,127.776,128.182,127.65,127.749,0
2021-02-21T19:00:00,127.753,128.243,127.501,127.652,0
2021-02-22T19:00:00,127.702,128.052,127.652,127.814,0
2021-02-23T19:00:00,127.814,128.874,127.765,128.73,0
2021-02-24T19:00:00,128.722,129.973,128.72,129.208,0
2021-02-25T19:00:00,129.313,129.522,128.557,128.608,0
2021-02-28T19:00:00,128.579,128.936,128.218,128.584,0
2021-03-01T19:00:00,128.528,129.076,128.182,128.935,0
2021-03-02T19:00:00,128.97,129.453,128.737,129.04,0
2021-03-03T19:00:00,129.044,129.637,128.912,129.166,0
2021-03-04T19:00:00,129.177,129.574,128.842,129.101,0
2021-03-07T19:00:00,129.116,129.392,128.777,129.004,0
2021-03-08T19:00:00,128.968,129.543,128.857,129.038,0
2021-03-09T19:00:00,129.003,129.424,129.003,129.221,0
2021-03-10T19:00:00,129.286,130.05,129.152,129.994,0
2021-03-11T19:00:00,130.025,130.388,129.815,130.306,0
2021-03-14T20:00:00,130.209,130.486,129.986,130.126,0
2021-03-15T20:00:00,130.13,130.391,129.486,129.678,0
2021-03-16T20:00:00,129.679,130.442,129.672,130.317,0
2021-03-17T20:00:00,130.36,130.662,129.592,129.673,0
2021-03-18T20:00:00,129.703,129.992,129.317,129.607,0
2021-03-21T20:00:00,129.07,129.941,128.928,129.822,0
2021-03-22T20:00:00,129.794,129.917,128.6,128.607,0
2021-03-23T20:00:00,128.628,128.856,128.292,128.38,0
2021-03-24T20:00:00,128.394,128.942,128.385,128.4,0
2021-03-25T20:00:00,128.414,129.456,128.403,129.339,0
2021-03-28T20:00:00,129.319,129.428,128.831,129.094,0
2021-03-29T20:00:00,129.126,129.544,129.101,129.266,0
2021-03-30T20:00:00,129.266,130.043,129.204,129.8,0
2021-03-31T20:00:00,129.802,130.263,129.646,130.216,0
2021-04-01T20:00:00,130.249,130.317,129.921,130.092,0
2021-04-04T20:00:00,130.004,130.26,129.831,130.107,0
2021-04-05T20:00:00,130.119,130.559,129.81,130.281,0
2021-04-06T20:00:00,130.328,130.682,130.136,130.367,0
2021-04-07T20:00:00,130.327,130.475,129.569,130.14,0
2021-04-08T20:00:00,130.139,130.544,130.046,130.499,0
2021-04-11T20:00:00,130.319,130.606,129.891,130.239,0
2021-04-12T20:00:00,130.239,130.495,129.795,130.306,0
2021-04-13T20:00:00,130.3,130.578,130.026,130.434,0
2021-04-14T20:00:00,130.432,130.546,130.04,130.108,0
2021-04-15T20:00:00,130.108,130.539,129.879,130.342,0
2021-04-18T20:00:00,130.219,130.323,129.696,130.167,0
2021-04-19T20:00:00,130.163,130.97,129.99,130.074,0
2021-04-20T20:00:00,130.059,130.14,129.634,130.019,0
2021-04-21T20:00:00,130.025,130.464,129.669,129.698,0
2021-04-22T20:00:00,129.695,130.559,129.587,130.496,0
2021-04-25T20:00:00,130.463,130.759,130.207,130.611,0
2021-04-26T20:00:00,130.603,131.496,130.567,131.408,0
2021-04-27T20:00:00,131.409,131.815,131.369,131.665,0
2021-04-28T20:00:00,131.665,132.363,131.595,131.97,0
2021-04-29T20:00:00,131.968,132.188,131.375,131.427,0
2021-05-02T20:00:00,131.5,132.163,131.435,131.557,0
2021-05-03T20:00:00,131.564,131.636,131.143,131.313,0
2021-05-04T20:00:00,131.332,131.456,130.979,131.061,0
2021-05-05T20:00:00,131.052,131.848,131.037,131.615,0
2021-05-06T20:00:00,131.615,132.171,131.476,132.083,0
2021-05-09T20:00:00,132.027,132.525,131.903,131.935,0
2021-05-10T20:00:00,131.923,132.469,131.783,131.901,0
2021-05-11T20:00:00,131.901,132.443,131.652,132.314,0
2021-05-12T20:00:00,132.33,132.729,132.033,132.198,0
2021-05-13T20:00:00,132.246,132.843,132.14,132.819,0
2021-05-16T20:00:00,132.601,132.951,132.446,132.735,0
2021-05-17T20:00:00,132.737,133.186,132.636,133.075,0
2021-05-18T20:00:00,133.079,133.435,132.636,132.944,0
2021-05-19T20:00:00,132.932,133.088,132.704,132.948,0
2021-05-20T20:00:00,132.951,133.207,132.532,132.703,0
2021-05-23T20:00:00,132.655,133.042,132.519,132.768,0
2021-05-24T20:00:00,132.781,133.608,132.76,133.212,0
2021-05-25T20:00:00,133.206,133.41,132.995,133.077,0
2021-05-26T20:00:00,133.078,134.052,132.931,133.861,0
2021-05-27T20:00:00,133.886,134.003,133.607,133.931,0
2021-05-30T20:00:00,133.993,134.021,133.66,133.953,0
2021-05-31T20:00:00,133.956,134.124,133.658,133.658,0
2021-06-01T20:00:00,133.651,134.069,133.644,133.75,0
2021-06-02T20:00:00,133.749,133.917,133.623,133.718,0
2021-06-03T20:00:00,133.719,133.811,133.137,133.248,0
2021-06-06T20:00:00,133.171,133.38,132.883,133.15,0
2021-06-07T20:00:00,133.15,133.421,133.131,133.288,0
2021-06-08T20:00:00,133.284,133.624,133.201,133.491,0
2021-06-09T20:00:00,133.492,133.756,133.042,133.078,0
2021-06-10T20:00:00,133.067,133.41,132.661,132.785,0
2021-06-13T20:00:00,132.745,133.435,132.646,133.358,0
2021-06-14T20:00:00,133.359,133.679,133.271,133.426,0
2021-06-15T20:00:00,133.429,133.584,132.682,132.759,0
2021-06-16T20:00:00,132.759,132.875,131.022,131.163,0
2021-06-17T20:00:00,131.165,131.429,130.609,130.712,0
2021-06-20T20:00:00,130.653,131.494,130.038,131.308,0
2021-06-21T20:00:00,131.295,132.193,131.214,132.034,0
2021-06-22T20:00:00,132.034,132.692,132.029,132.285,0
2021-06-23T20:00:00,132.284,132.574,132.113,132.267,0
2021-06-24T20:00:00,132.255,132.452,132.118,132.237,0
2021-06-27T20:00:00,132.168,132.343,131.777,131.905,0
2021-06-28T20:00:00,131.909,131.947,131.277,131.427,0
2021-06-29T20:00:00,131.431,131.781,131.276,131.721,0
2021-06-30T20:00:00,131.72,132.429,131.559,132.084,0
2021-07-01T20:00:00,132.096,132.226,131.675,131.722,0
2021-07-04T20:00:00,131.528,131.865,131.528,131.572,0
2021-07-05T20:00:00,131.568,131.858,130.614,130.783,0
2021-07-06T20:00:00,130.783,131.033,130.42,130.46,0
2021-07-07T20:00:00,130.475,130.525,129.62,129.866,0
2021-07-08T20:00:00,129.843,130.874,129.843,130.752,0
2021-07-11T20:00:00,130.651,130.988,130.451,130.89,0
2021-07-12T20:00:00,130.886,131.084,130.21,130.279,0
2021-07-13T20:00:00,130.275,130.429,130.017,130.141,0
2021-07-14T20:00:00,130.12,130.2,129.609,129.701,0
2021-07-15T20:00:00,129.698,130.281,129.635,129.958,0
2021-07-18T20:00:00,129.954,129.971,128.886,129.106,0
2021-07-19T20:00:00,129.103,129.482,128.592,129.35,0
2021-07-20T20:00:00,129.353,130.186,129.157,130.044,0
2021-07-21T20:00:00,130.029,130.293,129.482,129.574,0
2021-07-22T20:00:00,129.574,130.182,129.489,130.103,0
2021-07-25T20:00:00,130.091,130.347,129.673,130.283,0
2021-07-26T20:00:00,130.281,130.286,129.544,129.66,0
2021-07-27T20:00:00,129.658,130.235,129.621,130.126,0
2021-07-28T20:00:00,130.132,130.562,129.894,130.126,0
2021-07-29T20:00:00,130.08,130.495,130.016,130.199,0
2021-08-01T20:00:00,130.074,130.419,129.6,129.733,0
2021-08-02T20:00:00,129.72,129.864,129.165,129.329,0
2021-08-03T20:00:00,129.348,129.817,129.133,129.586,0
2021-08-04T20:00:00,129.585,130.013,129.529,129.855,0
2021-08-05T20:00:00,129.855,129.962,129.508,129.631,0
2021-08-08T20:00:00,129.716,129.716,129.314,129.356,0
2021-08-09T20:00:00,129.359,129.684,129.359,129.503,0
2021-08-10T20:00:00,129.508,129.803,129.452,129.557,0
2021-08-11T20:00:00,129.553,129.703,129.389,129.424,0
2021-08-12T20:00:00,129.426,129.694,129.232,129.283,0
2021-08-15T20:00:00,129.426,129.449,128.494,128.597,0
2021-08-16T20:00:00,128.6,128.873,128.249,128.296,0
2021-08-17T20:00:00,128.303,128.95,128.219,128.486,0
2021-08-18T20:00:00,128.485,128.703,127.931,128.06,0
2021-08-19T20:00:00,128.059,128.523,127.944,128.456,0
2021-08-22T20:00:00,128.273,129.141,128.11,128.842,0
2021-08-23T20:00:00,128.837,129.033,128.59,128.845,0
2021-08-24T20:00:00,128.824,129.533,128.766,129.451,0
2021-08-25T20:00:00,129.446,129.762,129.225,129.304,0
2021-08-26T20:00:00,129.304,129.747,129.155,129.569,0
2021-08-29T20:00:00,129.571,129.706,129.463,129.639,0
2021-08-30T20:00:00,129.642,130.174,129.562,129.894,0
2021-08-31T20:00:00,129.89,130.451,129.859,130.148,0
2021-09-01T20:00:00,130.133,130.589,130.128,130.542,0
2021-09-02T20:00:00,130.544,130.742,130.185,130.305,0
2021-09-05T20:00:00,130.289,130.499,130.146,130.353,0
2021-09-06T20:00:00,130.356,130.654,130.292,130.481,0
2021-09-07T20:00:00,130.477,130.694,130.173,130.235,0
2021-09-08T20:00:00,130.236,130.331,129.664,129.689,0
2021-09-09T20:00:00,129.69,130.276,129.686,129.806,0
2021-09-12T20:00:00,129.862,129.962,129.587,129.849,0
2021-09-13T20:00:00,129.84,130.195,129.361,129.416,0
2021-09-14T20:00:00,129.419,129.533,129.057,129.215,0
2021-09-15T20:00:00,129.216,129.358,128.606,129.027,0
2021-09-16T20:00:00,129.028,129.669,128.903,128.953,0
2021-09-19T20:00:00,129.182,129.273,128.14,128.324,0
2021-09-20T20:00:00,128.317,128.7,127.994,128.023,0
2021-09-21T20:00:00,128.011,128.769,127.926,128.25,0
2021-09-22T20:00:00,128.261,129.542,128.261,129.503,0
2021-09-23T20:00:00,129.503,129.843,129.377,129.798,0
2021-09-26T20:00:00,129.77,129.932,129.48,129.82,0
2021-09-27T20:00:00,129.813,130.38,129.664,130.243,0
2021-09-28T20:00:00,130.238,130.473,129.671,129.838,0
2021-09-29T20:00:00,129.838,129.961,128.784,128.861,0
2021-09-30T20:00:00,128.865,129.044,128.545,128.757,0
2021-10-03T20:00:00,128.566,129.378,128.551,128.878,0
2021-10-04T20:00:00,128.895,129.386,128.755,129.268,0
2021-10-05T20:00:00,129.263,129.497,128.331,128.677,0
2021-10-06T20:00:00,128.669,129.029,128.629,128.894,0
2021-10-07T20:00:00,128.891,129.906,128.891,129.889,0
2021-10-10T20:00:00,129.721,131.223,129.661,130.8,0
2021-10-11T20:00:00,130.961,131.273,130.742,130.987,0
2021-10-12T20:00:00,130.953,131.462,130.88,131.261,0
2021-10-13T20:00:00,131.251,131.856,131.218,131.823,0
2021-10-14T20:00:00,131.815,132.771,131.805,132.509,0
2021-10-17T20:00:00,132.429,132.784,132.146,132.697,0
2021-10-18T20:00:00,132.653,133.187,132.618,133.023,0
2021-10-19T20:00:00,133.019,133.478,132.735,133.076,0
2021-10-20T20:00:00,132.988,133.37,132.257,132.392,0
2021-10-21T20:00:00,132.394,132.79,131.917,132.147,0
2021-10-24T20:00:00,132.108,132.597,131.861,131.978,0
2021-10-25T20:00:00,131.978,132.666,131.93,132.347,0
2021-10-26T20:00:00,132.341,132.522,131.576,132.063,0
2021-10-27T20:00:00,132.058,132.699,131.55,132.656,0
2021-10-28T20:00:00,132.652,132.915,131.603,131.768,0
2021-10-31T20:00:00,131.813,132.443,131.785,132.304,0
2021-11-01T20:00:00,132.304,132.392,131.475,131.939,0
2021-11-02T20:00:00,131.939,132.408,131.748,132.343,0
2021-11-03T20:00:00,132.29,132.562,131.017,131.431,0
2021-11-04T20:00:00,131.4,131.585,130.834,131.16,0
2021-11-07T19:00:00,131.03,131.427,130.897,131.145,0
2021-11-08T19:00:00,131.16,131.266,130.676,130.811,0
2021-11-09T19:00:00,130.824,131.418,130.641,130.646,0
2021-11-10T19:00:00,130.595,130.997,130.438,130.56,0
2021-11-11T19:00:00,130.569,130.762,130.233,130.366,0
2021-11-14T19:00:00,130.381,130.6,129.626,129.626,0
2021-11-15T19:00:00,129.426,130.111,129.426,129.979,0
2021-11-16T19:00:00,129.976,130.078,129.034,129.043,0
2021-11-17T19:00:00,129.065,129.943,129.065,129.893,0
2021-11-18T19:00:00,129.893,129.985,127.977,128.648,0
2021-11-21T19:00:00,128.865,129.322,128.526,129.072,0
2021-11-22T19:00:00,129.075,129.598,128.892,129.495,0
2021-11-23T19:00:00,129.476,129.562,128.692,129.262,0
2021-11-24T19:00:00,129.276,129.526,129.237,129.263,0
2021-11-25T19:00:00,129.251,129.293,127.792,128.296,0
2021-11-28T19:00:00,128.484,128.566,127.487,128.102,0
2021-11-29T19:00:00,128.167,128.604,127.64,128.282,0
2021-11-30T19:00:00,128.282,128.784,127.563,127.648,0
2021-12-01T19:00:00,127.649,128.219,127.474,127.735,0
2021-12-02T19:00:00,127.732,128.337,127.381,127.605,0
2021-12-05T19:00:00,127.513,128.086,127.51,127.994,0
2021-12-06T19:00:00,127.977,128.465,127.6,127.871,0
2021-12-07T19:00:00,127.873,129.106,127.822,128.879,0
2021-12-08T19:00:00,128.897,129.066,127.933,128.17,0
2021-12-09T19:00:00,128.181,128.401,127.808,128.314,0
2021-12-12T19:00:00,128.22,128.454,128.009,128.092,0
2021-12-13T19:00:00,128.087,128.555,127.927,127.927,0
2021-12-14T19:00:00,127.928,128.828,127.916,128.642,0
2021-12-15T19:00:00,128.666,129.636,128.448,128.748,0
2021-12-16T19:00:00,128.794,128.98,127.754,127.779,0
2021-12-19T19:00:00,127.805,128.309,127.513,128.126,0
2021-12-20T19:00:00,128.125,128.769,128.052,128.647,0
2021-12-21T19:00:00,128.643,129.499,128.544,129.197,0
2021-12-22T19:00:00,129.197,129.73,129.046,129.573,0
2021-12-23T19:00:00,129.575,129.747,129.231,129.363,0
2021-12-26T19:00:00,129.377,130.151,129.314,130.081,0
2021-12-27T19:00:00,130.094,130.226,129.607,129.846,0
2021-12-28T19:00:00,129.832,130.562,129.649,130.423,0
2021-12-29T19:00:00,130.418,130.593,130.122,130.316,0
2021-12-30T19:00:00,130.319,131.042,130.16,130.963,0
2022-01-02T19:00:00,130.928,130.999,130.021,130.208,0
2022-01-03T19:00:00,130.205,131.46,130.187,131.06,0
2022-01-04T19:00:00,131.046,131.599,130.838,131.352,0
2022-01-05T19:00:00,131.354,131.428,130.637,130.734,0
2022-01-06T19:00:00,130.695,131.347,130.684,131.259,0
2022-01-09T19:00:00,131.186,131.366,130.158,130.387,0
2022-01-10T19:00:00,130.407,131.199,130.392,131.07,0
2022-01-11T19:00:00,131.071,131.473,130.954,131.146,0
2022-01-12T19:00:00,131.146,131.439,130.617,130.77,0
2022-01-13T19:00:00,130.771,130.853,129.78,130.372,0
2022-01-16T19:00:00,130.263,130.825,130.255,130.717,0
2022-01-17T19:00:00,130.712,131.176,129.696,129.709,0
2022-01-18T19:00:00,129.712,129.985,129.391,129.673,0
2022-01-19T19:00:00,129.664,130.083,129.001,129.033,0
2022-01-20T19:00:00,129.031,129.308,128.557,128.952,0
2022-01-23T19:00:00,128.916,129.155,128.404,128.967,0
2022-01-24T19:00:00,128.97,129.195,128.245,128.648,0
2022-01-25T19:00:00,128.662,129.242,128.576,128.796,0
2022-01-26T19:00:00,128.801,129.013,128.325,128.538,0
2022-01-27T19:00:00,128.531,128.849,128.35,128.463,0
2022-01-30T19:00:00,128.477,129.375,128.409,129.248,0
2022-01-31T19:00:00,129.241,129.536,128.866,129.234,0
2022-02-01T19:00:00,129.241,129.47,129.042,129.349,0
2022-02-02T19:00:00,129.29,131.541,129.183,131.498,0
2022-02-03T19:00:00,131.48,132.091,131.39,131.912,0
2022-02-06T19:00:00,132.104,132.159,131.254,131.666,0
2022-02-07T19:00:00,131.663,132.032,131.477,131.846,0
2022-02-08T19:00:00,131.872,132.155,131.626,131.974,0
2022-02-09T19:00:00,131.971,133.151,131.864,132.608,0
2022-02-10T19:00:00,132.606,132.639,130.379,130.999,0
2022-02-13T19:00:00,130.708,131.386,130.042,130.568,0
2022-02-14T19:00:00,130.571,131.535,130.431,131.359,0
2022-02-15T19:00:00,131.365,131.905,131.106,131.355,0
2022-02-16T19:00:00,131.37,131.498,130.398,130.559,0
2022-02-17T19:00:00,130.519,131.119,130.206,130.266,0
2022-02-20T19:00:00,130.214,130.902,129.714,129.796,0
2022-02-21T19:00:00,129.797,130.766,129.355,130.249,0
2022-02-22T19:00:00,130.268,130.707,129.914,129.921,0
2022-02-23T19:00:00,129.916,130.018,127.915,129.211,0
2022-02-24T19:00:00,129.203,130.29,128.721,130.223,0
2022-02-27T19:00:00,128.225,129.782,128.209,129.0,0
2022-02-28T19:00:00,129.008,129.245,127.37,127.781,0
2022-03-01T19:00:00,127.778,128.773,127.294,128.414,0
2022-03-02T19:00:00,128.438,128.545,127.583,127.748,0
2022-03-03T19:00:00,127.748,127.814,125.068,125.537,0
2022-03-06T19:00:00,125.484,125.955,124.389,125.169,0
2022-03-07T19:00:00,125.15,126.73,125.063,126.039,0
2022-03-08T19:00:00,126.128,128.465,125.976,128.219,0
2022-03-09T19:00:00,128.213,128.871,127.418,127.509,0
2022-03-10T19:00:00,127.508,129.038,127.49,128.014,0
2022-03-13T20:00:00,128.031,129.71,127.984,129.268,0
2022-03-14T20:00:00,129.276,130.029,129.209,129.578,0
2022-03-15T20:00:00,129.577,131.093,129.495,130.969,0
2022-03-16T20:00:00,130.966,131.906,130.716,131.446,0
2022-03-17T20:00:00,131.487,131.919,131.186,131.663,0
2022-03-20T20:00:00,131.636,131.971,131.378,131.589,0
2022-03-21T20:00:00,131.554,133.338,131.523,133.194,0
2022-03-22T20:00:00,133.189,133.89,132.324,133.303,0
2022-03-23T20:00:00,133.273,134.609,132.948,134.499,0
2022-03-24T20:00:00,134.494,134.746,133.721,134.095,0
2022-03-27T20:00:00,134.124,137.532,133.964,135.936,0
2022-03-28T20:00:00,135.928,137.307,135.307,136.211,0
2022-03-29T20:00:00,136.181,136.672,134.874,135.859,0
2022-03-30T20:00:00,135.858,136.839,134.51,134.67,0
2022-03-31T20:00:00,134.621,135.881,134.585,135.367,0
2022-04-03T20:00:00,135.244,135.678,134.568,134.687,0
2022-04-04T20:00:00,134.677,135.129,134.291,134.777,0
2022-04-05T20:00:00,134.789,135.475,134.694,134.827,0
2022-04-06T20:00:00,134.83,135.501,134.416,134.8,0
2022-04-07T20:00:00,134.79,135.368,134.351,135.149,0
2022-04-10T20:00:00,135.515,137.129,135.278,136.354,0
2022-04-11T20:00:00,136.358,136.643,135.537,135.713,0
2022-04-12T20:00:00,135.72,136.871,135.603,136.588,0
2022-04-13T20:00:00,136.587,136.937,135.514,136.255,0
2022-04-14T20:00:00,136.277,136.881,136.237,136.586,0
2022-04-17T20:00:00,136.597,137.024,136.447,136.921,0
2022-04-18T20:00:00,136.922,139.093,136.797,139.037,0
2022-04-19T20:00:00,139.027,139.691,138.393,138.541,0
2022-04-20T20:00:00,138.542,140.0,138.458,139.131,0
2022-04-21T20:00:00,139.2,139.488,138.256,138.822,0
2022-04-24T20:00:00,138.824,139.179,136.477,137.254,0
2022-04-25T20:00:00,137.248,137.537,135.267,135.282,0
2022-04-26T20:00:00,135.3,136.15,134.779,135.606,0
2022-04-27T20:00:00,135.606,137.998,135.424,137.368,0
2022-04-28T20:00:00,137.362,137.983,136.491,136.968,0
2022-05-01T20:00:00,137.36,137.639,136.516,136.608,0
2022-05-02T20:00:00,136.654,137.371,136.537,136.928,0
2022-05-03T20:00:00,136.944,137.425,136.597,137.021,0
2022-05-04T20:00:00,137.006,137.567,136.82,137.272,0
2022-05-05T20:00:00,137.258,138.154,136.738,137.651,0
2022-05-08T20:00:00,137.447,138.315,137.061,137.541,0
2022-05-09T20:00:00,137.473,138.079,137.023,137.31,0
2022-05-10T20:00:00,137.328,137.704,136.181,136.604,0
2022-05-11T20:00:00,136.599,136.742,132.658,133.173,0
2022-05-12T20:00:00,133.18,134.746,133.095,134.529,0
2022-05-15T20:00:00,134.436,135.049,133.742,134.806,0
2022-05-16T20:00:00,134.793,136.697,134.488,136.563,0
2022-05-17T20:00:00,136.568,136.665,134.074,134.124,0
2022-05-18T20:00:00,134.124,135.453,133.918,135.226,0
2022-05-19T20:00:00,135.265,135.795,134.574,135.076,0
2022-05-22T20:00:00,135.187,136.799,134.65,136.712,0
2022-05-23T20:00:00,136.712,136.782,135.544,136.134,0
2022-05-24T20:00:00,136.103,136.231,134.986,135.837,0
2022-05-25T20:00:00,135.848,136.631,135.227,136.229,0
2022-05-26T20:00:00,136.227,136.725,135.843,136.418,0
2022-05-29T20:00:00,136.191,137.663,136.131,137.398,0
2022-05-30T20:00:00,137.479,138.233,136.799,138.02,0
2022-05-31T20:00:00,138.017,138.972,138.012,138.453,0
2022-06-01T20:00:00,138.451,139.614,138.389,139.466,0
2022-06-02T20:00:00,139.446,140.367,139.399,140.199,0
2022-06-05T20:00:00,140.168,141.12,139.836,141.034,0
2022-06-06T20:00:00,140.996,142.058,140.861,141.778,0
2022-06-07T20:00:00,141.803,144.251,141.753,143.849,0
2022-06-08T20:00:00,143.846,144.183,142.338,142.527,0
2022-06-09T20:00:00,142.534,142.788,140.797,141.366,0
2022-06-12T20:00:00,141.224,141.776,139.383,139.855,0
2022-06-13T20:00:00,139.87,141.13,139.476,141.066,0
2022-06-14T20:00:00,141.029,141.493,139.521,139.784,0
2022-06-15T20:00:00,139.784,140.603,137.827,139.355,0
2022-06-16T20:00:00,139.368,141.974,139.31,141.652,0
2022-06-19T20:00:00,141.333,142.35,141.333,141.933,0
2022-06-20T20:00:00,142.011,143.988,141.806,143.882,0
2022-06-21T20:00:00,143.724,144.242,142.664,143.906,0
2022-06-22T20:00:00,143.919,143.981,141.411,141.951,0
2022-06-23T20:00:00,141.948,142.765,141.394,142.673,0
2022-06-26T20:00:00,142.564,143.478,142.028,143.309,0
2022-06-27T20:00:00,143.297,144.272,142.861,143.081,0
2022-06-28T20:00:00,143.081,143.85,142.481,142.572,0
2022-06-29T20:00:00,142.572,142.856,141.374,142.091,0
2022-06-30T20:00:00,142.168,142.431,139.786,141.003,0
2022-07-03T20:00:00,140.825,141.663,140.608,141.221,0
2022-07-04T20:00:00,141.218,142.371,138.949,139.338,0
2022-07-05T20:00:00,139.324,139.498,137.267,138.381,0
2022-07-06T20:00:00,138.381,139.07,137.986,138.119,0
2022-07-07T20:00:00,138.109,138.715,136.864,138.612,0
2022-07-10T20:00:00,138.294,139.17,137.868,137.894,0
2022-07-11T20:00:00,137.863,138.076,137.024,137.29,0
2022-07-12T20:00:00,137.281,138.798,137.125,138.077,0
2022-07-13T20:00:00,138.08,139.769,137.992,139.219,0
2022-07-14T20:00:00,139.22,139.89,138.746,139.736,0
2022-07-17T20:00:00,139.714,140.798,139.377,140.025,0
2022-07-18T20:00:00,139.986,141.446,139.693,141.298,0
2022-07-19T20:00:00,141.291,141.931,140.425,140.665,0
2022-07-20T20:00:00,140.554,142.319,140.137,140.43,0
2022-07-21T20:00:00,140.432,140.692,138.782,138.943,0
2022-07-24T20:00:00,138.886,140.08,138.715,139.598,0
2022-07-25T20:00:00,139.609,139.838,138.13,138.402,0
2022-07-26T20:00:00,138.404,139.504,138.382,139.232,0
2022-07-27T20:00:00,139.227,139.333,136.372,136.851,0
2022-07-28T20:00:00,136.849,137.331,135.549,136.248,0
2022-07-31T20:00:00,136.079,136.345,134.999,135.002,0
2022-08-01T20:00:00,135.002,135.445,133.399,135.381,0
2022-08-02T20:00:00,135.377,136.422,134.824,135.995,0
2022-08-03T20:00:00,135.993,136.919,135.639,136.037,0
2022-08-04T20:00:00,136.058,137.759,135.796,137.394,0
2022-08-07T20:00:00,137.467,137.926,137.066,137.558,0
2022-08-08T20:00:00,137.512,138.312,137.176,137.783,0
2022-08-09T20:00:00,137.794,138.394,136.614,136.882,0
2022-08-10T20:00:00,136.868,137.393,136.295,137.186,0
2022-08-11T20:00:00,137.161,137.721,136.887,136.921,0
2022-08-14T20:00:00,136.81,137.071,135.278,135.409,0
2022-08-15T20:00:00,135.398,136.917,134.948,136.401,0
2022-08-16T20:00:00,136.409,137.876,136.261,137.422,0
2022-08-17T20:00:00,137.256,137.654,136.557,136.993,0
2022-08-18T20:00:00,136.988,137.963,136.938,137.422,0
2022-08-21T20:00:00,137.381,137.945,136.398,136.586,0
2022-08-22T20:00:00,136.602,137.058,135.716,136.278,0
2022-08-23T20:00:00,136.421,136.759,135.517,136.587,0
2022-08-24T20:00:00,136.586,136.982,136.016,136.142,0
2022-08-25T20:00:00,136.138,137.897,136.084,137.031,0
2022-08-28T20:00:00,137.081,138.975,136.991,138.58,0
2022-08-29T20:00:00,138.658,139.215,138.26,138.949,0
2022-08-30T20:00:00,138.948,139.729,138.264,139.678,0
2022-08-31T20:00:00,139.675,139.998,138.923,139.426,0
2022-09-01T20:00:00,139.421,140.749,139.258,139.623,0
2022-09-04T20:00:00,139.039,139.642,138.688,139.544,0
2022-09-05T20:00:00,139.542,141.758,139.48,141.356,0
2022-09-06T20:00:00,141.352,144.013,141.292,143.846,0
2022-09-07T20:00:00,143.843,144.322,143.176,144.015,0
2022-09-08T20:00:00,144.017,144.722,142.637,143.3,0
2022-09-11T20:00:00,143.576,145.634,143.381,144.573,0
2022-09-12T20:00:00,144.56,145.368,144.011,144.088,0
2022-09-13T20:00:00,144.075,144.478,142.298,142.524,0
2022-09-14T20:00:00,142.522,143.681,142.522,143.432,0
2022-09-15T20:00:00,143.411,143.536,142.507,143.154,0
2022-09-18T20:00:00,143.122,143.613,142.796,143.505,0
2022-09-19T20:00:00,143.5,144.04,143.017,143.275,0
2022-09-20T20:00:00,143.281,143.595,141.641,141.712,0
2022-09-21T20:00:00,141.712,143.7,138.71,140.071,0
2022-09-22T20:00:00,139.986,140.253,138.666,138.872,0
2022-09-25T20:00:00,138.754,139.52,137.362,139.029,0
2022-09-26T20:00:00,139.048,139.545,138.612,138.818,0
2022-09-27T20:00:00,138.838,140.398,138.056,140.302,0
2022-09-28T20:00:00,140.272,141.757,139.41,141.677,0
2022-09-29T20:00:00,141.733,142.289,140.758,141.975,0
2022-10-02T20:00:00,141.62,142.462,141.372,142.097,0
2022-10-03T20:00:00,141.917,144.078,141.903,143.897,0
2022-10-04T20:00:00,143.85,144.089,142.436,142.963,0
2022-10-05T20:00:00,142.766,143.457,141.955,142.146,0
2022-10-06T20:00:00,142.048,142.216,141.153,141.589,0
2022-10-09T20:00:00,141.448,141.81,140.898,141.363,0
2022-10-10T20:00:00,141.092,142.198,140.978,141.548,0
2022-10-11T20:00:00,141.556,142.633,141.396,142.533,0
2022-10-12T20:00:00,142.53,144.09,141.641,143.865,0
2022-10-13T20:00:00,143.855,144.841,143.472,144.629,0
2022-10-16T20:00:00,144.53,146.716,144.295,146.603,0
2022-10-17T20:00:00,146.529,147.198,145.81,147.045,0
2022-10-18T20:00:00,147.141,147.253,146.072,146.49,0
2022-10-19T20:00:00,146.468,147.299,146.233,146.911,0
2022-10-20T20:00:00,146.902,148.404,143.833,145.556,0
2022-10-23T20:00:00,145.627,147.373,143.667,146.977,0
2022-10-24T20:00:00,146.937,147.489,146.622,147.398,0
2022-10-25T20:00:00,147.317,147.717,146.959,147.466,0
2022-10-26T20:00:00,147.314,147.698,145.556,145.666,0
2022-10-27T20:00:00,145.587,147.364,145.502,146.985,0
2022-10-30T20:00:00,146.967,147.754,146.71,146.896,0
2022-10-31T20:00:00,146.614,147.12,145.972,146.319,0
2022-11-01T20:00:00,146.35,146.481,145.029,145.149,0
2022-11-02T20:00:00,145.058,145.375,144.031,144.549,0
2022-11-03T20:00:00,144.248,146.141,144.235,146.053,0
2022-11-06T19:00:00,145.462,146.998,145.23,146.896,0
2022-11-07T19:00:00,146.898,146.994,145.986,146.671,0
2022-11-08T19:00:00,146.669,147.108,146.316,146.688,0
2022-11-09T19:00:00,146.671,146.743,143.891,144.005,0
2022-11-10T19:00:00,143.999,145.027,142.559,143.607,0
2022-11-13T19:00:00,143.441,145.244,143.155,144.275,0
2022-11-14T19:00:00,144.334,145.36,143.348,144.092,0
2022-11-15T19:00:00,144.131,145.499,143.565,144.94,0
2022-11-16T19:00:00,144.942,145.473,144.445,145.352,0
2022-11-17T19:00:00,145.353,145.548,144.556,144.861,0
2022-11-20T19:00:00,144.599,145.644,144.333,145.511,0
2022-11-21T19:00:00,145.491,145.71,144.892,145.462,0
2022-11-22T19:00:00,145.457,146.136,144.636,145.121,0
2022-11-23T19:00:00,145.138,145.201,143.652,143.959,0
2022-11-24T19:00:00,144.108,145.15,143.959,144.548,0
2022-11-27T19:00:00,144.373,145.005,143.04,143.608,0
2022-11-28T19:00:00,143.607,144.025,143.016,143.248,0
2022-11-29T19:00:00,143.248,144.846,143.105,143.58,0
2022-11-30T19:00:00,143.569,143.757,141.9,142.174,0
2022-12-01T19:00:00,142.149,142.478,140.762,141.588,0
2022-12-04T19:00:00,141.604,143.62,141.398,143.308,0
2022-12-05T19:00:00,143.317,144.002,143.095,143.224,0
2022-12-06T19:00:00,143.402,144.582,143.165,143.441,0
2022-12-07T19:00:00,143.441,144.363,143.246,144.13,0
2022-12-08T19:00:00,144.049,144.469,143.084,143.86,0
2022-12-11T19:00:00,143.645,145.1,143.645,144.921,0
2022-12-12T19:00:00,144.9,145.345,143.518,144.041,0
2022-12-13T19:00:00,144.043,144.751,143.479,144.701,0
2022-12-14T19:00:00,144.701,146.731,144.302,146.409,0
2022-12-15T19:00:00,146.409,146.598,144.611,144.782,0
2022-12-18T19:00:00,144.124,145.493,143.836,145.187,0
2022-12-19T19:00:00,145.147,145.834,138.8,139.879,0
2022-12-20T19:00:00,139.793,140.77,139.652,140.464,0
2022-12-21T19:00:00,140.436,140.658,139.958,140.296,0
2022-12-22T19:00:00,140.296,141.212,140.054,140.961,0
2022-12-25T19:00:00,140.855,141.187,140.261,140.978,0
2022-12-26T19:00:00,141.203,142.271,141.132,142.016,0
2022-12-27T19:00:00,141.667,142.945,141.667,142.642,0
2022-12-28T19:00:00,142.358,142.671,141.575,141.811,0
2022-12-29T19:00:00,141.761,141.902,139.994,140.303,0
2023-01-01T19:00:00,139.957,140.203,139.212,139.46,0
2023-01-02T19:00:00,139.445,140.009,137.386,138.181,0
2023-01-03T19:00:00,138.141,140.759,137.87,140.594,0
2023-01-04T19:00:00,140.594,141.361,139.964,140.353,0
2023-01-05T19:00:00,140.36,141.445,140.211,140.648,0
2023-01-08T19:00:00,140.269,141.916,140.162,141.46,0
2023-01-09T19:00:00,141.444,142.05,141.087,141.906,0
2023-01-10T19:00:00,141.775,142.855,141.706,142.313,0
2023-01-11T19:00:00,142.281,142.488,140.003,140.293,0
2023-01-12T19:00:00,140.436,140.439,138.013,138.504,0
2023-01-15T19:00:00,138.361,139.298,138.232,139.059,0
2023-01-16T19:00:00,139.059,139.619,138.078,138.082,0
2023-01-17T19:00:00,138.206,141.689,138.136,139.042,0
2023-01-18T19:00:00,138.994,139.426,137.917,139.101,0
2023-01-19T19:00:00,138.927,141.198,138.908,140.68,0
2023-01-22T19:00:00,140.658,142.081,140.469,142.031,0
2023-01-23T19:00:00,141.887,142.202,141.255,141.641,0
2023-01-24T19:00:00,141.669,142.297,140.754,141.427,0
2023-01-25T19:00:00,141.399,141.912,140.87,141.783,0
2023-01-26T19:00:00,141.78,141.803,140.818,141.102,0
2023-01-29T19:00:00,140.799,141.977,140.554,141.505,0
2023-01-30T19:00:00,141.457,141.619,140.743,141.325,0
2023-01-31T19:00:00,141.199,141.836,140.905,141.616,0
2023-02-01T19:00:00,141.514,141.947,140.084,140.403,0
2023-02-02T19:00:00,140.318,142.345,139.932,141.592,0
2023-02-05T19:00:00,142.807,142.834,141.961,142.326,0
2023-02-06T19:00:00,142.306,142.339,140.288,140.522,0
2023-02-07T19:00:00,140.499,141.03,140.291,140.683,0
2023-02-08T19:00:00,140.683,141.327,140.433,141.251,0
2023-02-09T19:00:00,141.111,141.509,139.55,140.281,0
2023-02-12T19:00:00,140.135,142.384,140.065,141.867,2
2023-02-13T19:00:00,141.87,142.942,141.517,142.884,2
2023-02-14T19:00:00,142.876,143.434,142.345,143.361,2
2023-02-15T19:00:00,143.32,143.439,142.806,142.909,2
2023-02-16T19:00:00,142.909,143.673,142.85,143.452,2
2023-02-19T19:00:00,143.394,143.655,143.029,143.148,2
2023-02-20T19:00:00,143.337,144.163,143.17,143.664,2
2023-02-21T19:00:00,143.586,143.883,143.044,143.06,2
2023-02-22T19:00:00,143.06,143.512,142.559,142.691,2
2023-02-23T19:00:00,142.691,144.007,142.149,143.916,2
2023-02-26T19:00:00,143.792,144.547,143.56,144.412,2
2023-02-27T19:00:00,144.413,145.471,143.875,144.0,2
2023-02-28T19:00:00,144.0,145.357,143.954,145.27,2
2023-03-01T19:00:00,145.269,145.567,144.772,144.925,2
2023-03-02T19:00:00,144.936,145.038,144.292,144.429,2
2023-03-05T19:00:00,144.422,145.38,144.113,145.083,2
2023-03-06T19:00:00,145.02,145.439,144.558,144.714,2
2023-03-07T19:00:00,144.716,145.232,144.235,144.805,2
2023-03-08T19:00:00,144.802,144.826,143.62,144.063,2
2023-03-09T19:00:00,143.935,145.107,143.348,143.683,2
2023-03-12T20:00:00,143.678,144.387,141.367,142.939,2
2023-03-13T20:00:00,142.836,144.409,142.531,144.038,2
2023-03-14T20:00:00,144.021,144.964,139.477,141.102,2
2023-03-15T20:00:00,141.032,142.003,139.118,141.84,2
2023-03-16T20:00:00,141.834,142.211,140.157,140.584,2
2023-03-19T20:00:00,140.815,141.747,138.823,140.803,2
2023-03-20T20:00:00,140.897,142.788,140.419,142.678,2
2023-03-21T20:00:00,142.588,143.626,142.3,142.653,2
2023-03-22T20:00:00,142.544,143.197,141.155,141.597,2
2023-03-23T20:00:00,141.531,141.843,139.066,140.66,2
2023-03-26T20:00:00,140.546,142.22,140.474,142.026,2
2023-03-27T20:00:00,141.947,142.149,141.044,141.891,2
2023-03-28T20:00:00,141.875,144.095,141.786,144.046,2
2023-03-29T20:00:00,143.98,145.08,143.127,144.71,2
2023-03-30T20:00:00,144.627,145.671,143.884,144.004,2
2023-04-02T20:00:00,144.541,144.938,143.622,144.22,2
2023-04-03T20:00:00,144.229,145.438,143.959,144.215,2
2023-04-04T20:00:00,143.897,144.444,142.672,143.078,2
2023-04-05T20:00:00,142.697,144.0,142.548,143.882,2
2023-04-06T20:00:00,143.831,144.218,143.42,143.974,2
2023-04-09T20:00:00,143.862,145.15,143.794,145.073,2
2023-04-10T20:00:00,144.994,145.963,144.874,145.834,2
2023-04-11T20:00:00,145.824,146.664,145.738,146.34,2
2023-04-12T20:00:00,146.267,146.883,146.075,146.427,2
2023-04-13T20:00:00,146.431,147.157,146.24,147.043,2
2023-04-16T20:00:00,147.027,147.449,146.663,146.928,2
2023-04-17T20:00:00,146.825,147.381,146.629,147.146,2
2023-04-18T20:00:00,147.101,147.859,146.947,147.574,2
2023-04-19T20:00:00,147.535,147.83,147.018,147.229,2
2023-04-20T20:00:00,147.225,147.563,146.4,147.401,2
2023-04-23T20:00:00,147.244,148.471,147.118,148.277,2
2023-04-24T20:00:00,148.217,148.628,146.288,146.72,2
2023-04-25T20:00:00,146.687,147.909,146.403,147.552,2
2023-04-26T20:00:00,147.488,147.99,147.139,147.64,2
2023-04-27T20:00:00,147.635,150.432,146.776,150.051,2
2023-04-30T20:00:00,150.119,150.96,150.008,150.894,2
2023-05-01T20:00:00,150.862,151.614,149.83,150.228,2
2023-05-02T20:00:00,149.893,150.389,148.95,148.957,2
2023-05-03T20:00:00,148.921,149.201,147.129,147.851,2
2023-05-04T20:00:00,147.817,148.705,147.685,148.567,2
2023-05-07T20:00:00,148.505,149.265,148.45,148.685,2
2023-05-08T20:00:00,148.754,148.754,147.885,148.216,2
2023-05-09T20:00:00,148.121,148.667,147.039,147.562,2
2023-05-10T20:00:00,147.428,147.595,146.132,146.855,2
2023-05-11T20:00:00,146.801,147.469,146.66,147.264,2
2023-05-14T20:00:00,147.293,148.175,147.149,148.01,2
2023-05-15T20:00:00,147.997,148.498,147.604,148.145,2
2023-05-16T20:00:00,148.105,149.249,148.055,149.216,2
2023-05-17T20:00:00,149.148,149.448,148.772,149.382,2
2023-05-18T20:00:00,149.308,149.799,148.712,149.073,2
2023-05-21T20:00:00,149.08,149.92,148.835,149.85,2
2023-05-22T20:00:00,149.732,150.054,149.1,149.251,2
2023-05-23T20:00:00,149.225,149.935,148.839,149.918,2
2023-05-24T20:00:00,149.9,150.316,149.287,150.176,2
2023-05-25T20:00:00,150.129,150.932,149.792,150.783,2
2023-05-28T20:00:00,150.545,151.068,150.089,150.342,2
2023-05-29T20:00:00,150.199,150.624,149.732,150.055,2
2023-05-30T20:00:00,149.98,150.1,148.589,148.916,2
2023-05-31T20:00:00,148.903,149.679,148.62,149.361,2
2023-06-01T20:00:00,149.3,149.962,149.246,149.848,2
2023-06-04T20:00:00,149.894,150.197,149.165,149.516,2
2023-06-05T20:00:00,149.473,149.695,148.821,149.293,2
2023-06-06T20:00:00,149.254,150.018,148.63,149.878,2
2023-06-07T20:00:00,149.849,150.043,149.587,149.767,2
2023-06-08T20:00:00,149.649,150.436,149.528,149.822,2
2023-06-11T20:00:00,149.728,150.343,149.634,150.157,2
2023-06-12T20:00:00,150.108,151.375,150.031,151.321,2
2023-06-13T20:00:00,151.275,151.779,150.918,151.734,2
2023-06-14T20:00:00,151.538,153.685,151.538,153.532,2
2023-06-15T20:00:00,153.426,155.234,153.088,155.232,2
2023-06-18T20:00:00,154.953,155.327,154.648,155.045,2
2023-06-19T20:00:00,154.94,155.378,154.047,154.427,2
2023-06-20T20:00:00,154.324,155.911,154.298,155.874,2
2023-06-21T20:00:00,155.608,156.929,155.608,156.773,2
2023-06-22T20:00:00,156.744,156.824,155.052,156.566,2
2023-06-25T20:00:00,156.327,156.722,155.75,156.506,2
2023-06-26T20:00:00,156.369,157.937,156.369,157.905,2
2023-06-27T20:00:00,157.898,157.998,157.228,157.666,2
2023-06-28T20:00:00,157.558,157.915,157.239,157.266,2
2023-06-29T20:00:00,157.26,157.881,156.679,157.443,2
2023-07-02T20:00:00,157.399,157.953,157.256,157.873,2
2023-07-03T20:00:00,157.749,157.905,157.133,157.143,2
2023-07-04T20:00:00,157.143,157.72,156.784,157.002,2
2023-07-05T20:00:00,156.817,157.129,155.84,156.884,2
2023-07-06T20:00:00,156.753,156.933,155.38,155.829,2
2023-07-09T20:00:00,155.743,156.668,155.324,155.447,2
2023-07-10T20:00:00,155.5,155.67,154.178,154.469,2
2023-07-11T20:00:00,154.505,154.505,153.343,154.127,2
2023-07-12T20:00:00,153.902,155.13,153.514,154.977,2
2023-07-13T20:00:00,154.672,156.131,154.17,155.843,2
2023-07-16T20:00:00,155.653,156.338,155.096,155.858,2
2023-07-17T20:00:00,155.869,156.141,154.872,155.876,2
2023-07-18T20:00:00,155.758,157.202,155.745,156.42,2
2023-07-19T20:00:00,156.211,156.622,155.863,155.893,2
2023-07-20T20:00:00,155.884,158.042,155.587,157.794,2
2023-07-23T20:00:00,157.48,157.784,156.241,156.532,2
2023-07-24T20:00:00,156.444,156.889,155.61,155.752,2
2023-07-25T20:00:00,155.597,155.983,155.143,155.455,2
2023-07-26T20:00:00,155.268,156.234,152.185,153.044,2
2023-07-27T20:00:00,152.895,155.601,151.389,155.502,2
2023-07-30T20:00:00,155.292,157.281,155.107,156.435,2
2023-07-31T20:00:00,156.42,157.487,156.334,157.438,2
2023-08-01T20:00:00,157.423,157.505,156.253,156.743,2
2023-08-02T20:00:00,156.747,157.234,155.531,156.035,2
2023-08-03T20:00:00,156.156,156.627,155.897,156.11,2
2023-08-06T20:00:00,155.947,156.851,155.807,156.749,2
2023-08-07T20:00:00,156.732,157.74,156.338,157.073,2
2023-08-08T20:00:00,156.878,157.896,156.795,157.734,2
2023-08-09T20:00:00,157.661,159.21,157.601,158.934,2
2023-08-10T20:00:00,158.86,159.221,158.509,158.685,2
2023-08-13T20:00:00,158.731,158.832,158.187,158.724,2
2023-08-14T20:00:00,158.637,159.332,158.419,158.738,2
2023-08-15T20:00:00,158.709,159.256,158.578,159.19,2
2023-08-16T20:00:00,159.088,159.297,158.255,158.529,2
2023-08-17T20:00:00,158.313,158.575,157.653,158.052,2
2023-08-20T20:00:00,157.93,159.392,157.792,159.304,2
2023-08-21T20:00:00,159.306,159.488,158.085,158.214,2
2023-08-22T20:00:00,158.146,158.373,156.868,157.316,2
2023-08-23T20:00:00,157.327,158.043,157.108,157.637,2
2023-08-24T20:00:00,157.558,158.244,157.231,158.069,2
2023-08-27T20:00:00,158.053,158.564,158.001,158.52,2
2023-08-28T20:00:00,158.35,159.063,158.241,158.704,2
2023-08-29T20:00:00,158.626,159.763,158.337,159.715,2
2023-08-30T20:00:00,159.588,159.735,157.612,157.801,2
2023-08-31T20:00:00,157.485,157.965,157.05,157.579,2
2023-09-03T20:00:00,157.379,158.252,157.331,158.039,2
2023-09-04T20:00:00,157.866,158.504,157.723,158.379,2
2023-09-05T20:00:00,158.373,158.466,157.768,158.396,2
2023-09-06T20:00:00,158.269,158.523,157.361,157.538,2
2023-09-07T20:00:00,157.467,158.393,157.0,158.151,2
2023-09-10T20:00:00,157.47,157.729,156.581,157.57,2
2023-09-11T20:00:00,157.258,158.282,157.179,158.156,2
2023-09-12T20:00:00,158.106,158.653,157.985,158.206,2
2023-09-13T20:00:00,158.234,158.392,156.637,156.81,2
2023-09-14T20:00:00,156.803,157.904,156.689,157.639,2
2023-09-17T20:00:00,157.446,157.935,157.345,157.797,2
2023-09-18T20:00:00,157.537,158.278,157.337,157.89,2
2023-09-19T20:00:00,157.78,158.446,157.681,158.138,2
2023-09-20T20:00:00,158.017,158.073,157.029,157.333,2
2023-09-21T20:00:00,157.083,158.279,157.083,157.922,2
2023-09-24T20:00:00,157.843,158.177,157.484,157.698,2
2023-09-25T20:00:00,157.455,157.923,157.317,157.566,2
2023-09-26T20:00:00,157.624,157.624,156.958,157.059,2
2023-09-27T20:00:00,156.93,157.87,156.705,157.729,2
2023-09-28T20:00:00,157.293,158.338,157.035,157.914,2
2023-10-01T20:00:00,157.748,158.475,156.997,156.997,2
2023-10-02T20:00:00,156.992,157.213,154.377,155.899,2
2023-10-03T20:00:00,155.774,156.769,155.774,156.629,2
2023-10-04T20:00:00,156.325,156.788,156.086,156.675,2
2023-10-05T20:00:00,156.149,158.263,156.146,157.984,2
2023-10-08T20:00:00,157.223,157.698,156.51,156.907,2
2023-10-09T20:00:00,156.496,157.976,156.496,157.708,2
2023-10-10T20:00:00,157.431,158.468,157.431,158.389,2
2023-10-11T20:00:00,158.176,158.61,157.644,157.706,2
2023-10-12T20:00:00,157.596,158.047,157.049,157.163,2
2023-10-15T20:00:00,156.866,157.985,156.864,157.872,2
2023-10-16T20:00:00,157.434,158.619,157.039,158.379,2
2023-10-17T20:00:00,158.27,158.542,157.684,157.947,2
2023-10-18T20:00:00,157.848,158.931,157.579,158.42,2
2023-10-19T20:00:00,158.034,158.93,157.934,158.755,2
2023-10-22T20:00:00,158.619,159.778,158.499,159.709,2
2023-10-23T20:00:00,159.585,159.917,158.536,158.751,2
2023-10-24T20:00:00,158.474,158.937,158.406,158.662,2
2023-10-25T20:00:00,158.346,158.906,158.287,158.715,2
2023-10-26T20:00:00,158.234,158.882,157.884,158.076,2
2023-10-29T20:00:00,157.928,158.926,157.691,158.044,2
2023-10-30T20:00:00,157.688,160.848,157.688,160.28,2
2023-10-31T20:00:00,159.915,160.428,159.058,159.321,2
2023-11-01T20:00:00,159.085,160.084,159.046,159.593,0
2023-11-02T20:00:00,159.579,160.403,159.576,160.261,0
2023-11-05T19:00:00,159.916,160.98,159.915,160.798,0
2023-11-06T19:00:00,160.798,161.029,160.145,160.703,0
2023-11-07T19:00:00,160.668,161.729,160.235,161.666,0
2023-11-08T19:00:00,161.667,161.795,161.061,161.061,0
2023-11-09T19:00:00,161.021,161.945,161.021,161.892,0
2023-11-12T19:00:00,161.741,162.362,161.53,162.182,0
2023-11-13T19:00:00,162.182,163.816,162.046,163.296,0
2023-11-14T19:00:00,163.296,164.214,163.053,164.167,0
2023-11-15T19:00:00,164.161,164.299,163.253,163.418,0
2023-11-16T19:00:00,163.418,163.605,162.154,163.304,0
2023-11-19T19:00:00,163.115,163.558,161.779,162.149,0
2023-11-20T19:00:00,162.136,162.422,161.247,161.891,0
2023-11-21T19:00:00,161.614,162.94,161.212,162.787,0
2023-11-22T19:00:00,162.787,163.199,162.431,162.73,0
2023-11-23T19:00:00,162.731,163.653,162.725,163.428,0
2023-11-26T19:00:00,163.513,163.717,162.538,162.842,0
2023-11-27T19:00:00,162.84,162.975,161.922,161.922,0
2023-11-28T19:00:00,161.917,162.253,161.462,161.462,0
2023-11-29T19:00:00,161.451,161.94,160.592,161.352,0
2023-11-30T19:00:00,161.352,161.775,159.642,159.773,0
2023-12-03T19:00:00,159.595,159.843,158.71,159.488,0
2023-12-04T19:00:00,159.229,159.717,158.576,158.718,0
2023-12-05T19:00:00,158.646,159.12,158.381,158.55,0
2023-12-06T19:00:00,158.455,158.585,153.229,155.556,0
2023-12-07T19:00:00,155.556,156.092,153.866,156.031,0
2023-12-10T19:00:00,155.426,157.683,155.036,157.317,0
2023-12-11T19:00:00,157.111,157.341,156.498,156.978,0
2023-12-12T19:00:00,156.979,157.482,155.336,155.336,0
2023-12-13T19:00:00,155.331,156.062,153.84,155.889,0
2023-12-14T19:00:00,155.902,156.489,154.4,154.896,0
2023-12-17T19:00:00,154.711,156.306,154.273,155.926,0
2023-12-18T19:00:00,155.779,158.57,155.382,157.79,0
2023-12-19T19:00:00,157.768,158.125,156.786,157.08,0
2023-12-20T19:00:00,156.834,157.119,156.132,156.398,0
2023-12-21T19:00:00,156.4,156.987,156.025,156.822,0
2023-12-24T19:00:00,156.465,156.859,156.027,156.282,19
2023-12-25T19:00:00,156.234,157.369,156.234,157.225,0
2023-12-26T19:00:00,157.225,158.384,156.814,157.206,0
2023-12-27T19:00:00,157.122,157.47,155.832,156.363,0
2023-12-28T19:00:00,155.868,156.953,155.631,155.664,0
2023-12-31T19:00:00,155.106,155.642,155.105,155.545,64
2024-01-01T19:00:00,155.539,156.34,155.093,155.333,0
2024-01-02T19:00:00,155.043,156.786,155.043,156.428,0
2024-01-03T19:00:00,156.433,158.587,155.506,158.251,0
2024-01-04T19:00:00,158.241,158.995,157.666,158.243,0
2024-01-07T19:00:00,158.029,158.483,157.624,157.893,0
2024-01-08T19:00:00,157.866,157.999,157.204,157.921,0
2024-01-09T19:00:00,157.922,159.95,157.036,159.933,0
2024-01-10T19:00:00,159.911,160.18,158.978,159.402,0
2024-01-11T19:00:00,159.404,159.625,158.54,158.651,0
2024-01-14T19:00:00,158.55,159.83,158.468,159.374,0
2024-01-15T19:00:00,159.374,160.143,159.237,160.069,0
2024-01-16T19:00:00,160.065,161.294,159.783,161.204,0
2024-01-17T19:00:00,161.197,161.387,160.644,161.081,0
2024-01-18T19:00:00,161.081,161.866,160.624,161.445,0
2024-01-21T19:00:00,161.217,161.552,160.752,161.179,0
2024-01-22T19:00:00,161.179,161.711,160.418,161.034,0
2024-01-23T19:00:00,160.877,161.072,159.979,160.506,0
2024-01-24T19:00:00,160.301,160.969,159.694,160.038,0
2024-01-25T19:00:00,160.201,160.924,159.828,160.765,0
2024-01-28T19:00:00,160.558,160.836,159.416,159.446,0
2024-01-29T19:00:00,159.441,160.338,159.212,160.077,0
2024-01-30T19:00:00,159.809,160.271,158.57,158.899,0
2024-01-31T19:00:00,158.809,159.204,158.075,159.186,0
2024-02-01T19:00:00,159.195,160.26,158.866,160.095,0
2024-02-04T19:00:00,159.983,160.27,159.381,159.654,0
2024-02-05T19:00:00,159.652,159.87,158.944,158.944,0
2024-02-06T19:00:00,158.944,159.731,158.741,159.593,0
2024-02-07T19:00:00,159.566,160.994,159.427,160.82,0
2024-02-08T19:00:00,160.811,161.262,160.77,160.992,0
2024-02-11T19:00:00,160.806,161.099,160.379,160.858,0
2024-02-12T19:00:00,160.852,161.635,160.304,161.348,0
2024-02-13T19:00:00,161.353,161.587,160.956,161.282,0
2024-02-14T19:00:00,161.282,161.648,160.916,161.481,0
2024-02-15T19:00:00,161.481,161.955,161.389,161.835,0
2024-02-18T19:00:00,161.622,161.927,161.477,161.808,0
2024-02-19T19:00:00,161.803,162.363,161.734,162.071,0
2024-02-20T19:00:00,162.071,162.622,161.946,162.578,0
2024-02-21T19:00:00,162.58,163.469,162.451,162.896,0
2024-02-22T19:00:00,162.895,163.208,162.665,162.891,0
2024-02-25T19:00:00,162.585,163.718,162.562,163.374,0
2024-02-26T19:00:00,163.376,163.504,162.89,163.191,0
2024-02-27T19:00:00,163.185,163.409,162.754,163.279,0
2024-02-28T19:00:00,163.28,163.308,161.679,162.012,0
2024-02-29T19:00:00,162.012,163.01,161.71,162.712,0
2024-03-03T19:00:00,162.398,163.524,162.36,163.323,0
2024-03-04T19:00:00,163.325,163.412,162.607,162.841,0
2024-03-05T19:00:00,162.839,162.959,162.212,162.529,0
2024-03-06T19:00:00,162.562,162.769,160.551,162.051,0
2024-03-07T19:00:00,162.051,162.175,160.614,160.897,0
2024-03-10T20:00:00,160.75,160.925,160.213,160.528,0
2024-03-11T20:00:00,160.518,161.599,160.279,161.343,0
2024-03-12T20:00:00,161.342,161.947,160.899,161.751,0
2024-03-13T20:00:00,161.738,161.915,161.046,161.046,0
2024-03-14T20:00:00,161.052,162.405,161.049,162.294,0
2024-03-17T20:00:00,162.154,162.686,161.947,162.168,0
2024-03-18T20:00:00,162.172,163.996,161.992,163.911,0
2024-03-19T20:00:00,163.904,165.355,163.443,165.197,0
2024-03-20T20:00:00,165.191,165.341,164.344,164.638,0
2024-03-21T20:00:00,164.627,164.818,163.483,163.645,0
2024-03-24T20:00:00,163.435,164.209,163.313,164.084,0
2024-03-25T20:00:00,164.088,164.409,163.741,164.143,0
2024-03-26T20:00:00,164.137,164.418,163.435,163.737,0
2024-03-27T20:00:00,163.74,163.922,163.131,163.255,0
2024-03-28T20:00:00,163.254,163.42,162.932,163.206,0
2024-03-31T20:00:00,163.046,163.427,162.79,162.898,0
2024-04-01T20:00:00,162.898,163.335,162.608,163.188,0
2024-04-02T20:00:00,163.188,164.372,162.701,164.33,0
2024-04-03T20:00:00,164.316,164.913,163.794,164.005,0
2024-04-04T20:00:00,164.004,164.44,163.484,164.303,0
2024-04-07T20:00:00,163.807,164.902,163.786,164.297,0
2024-04-08T20:00:00,164.847,165.173,164.328,164.62,0
2024-04-09T20:00:00,164.62,164.994,163.704,164.469,0
2024-04-10T20:00:00,164.469,164.699,163.936,164.396,0
2024-04-11T20:00:00,164.344,164.399,162.272,163.116,0
2024-04-14T20:00:00,162.495,164.435,162.419,163.901,0
2024-04-15T20:00:00,163.887,164.677,163.676,164.265,0
2024-04-16T20:00:00,164.265,164.81,163.924,164.764,0
2024-04-17T20:00:00,164.749,164.954,164.349,164.584,0
2024-04-18T20:00:00,164.575,165.026,163.02,164.793,0
2024-04-21T20:00:00,164.574,165.101,164.285,164.963,0
2024-04-22T20:00:00,164.925,165.738,164.55,165.687,0
2024-04-23T20:00:00,165.687,166.225,165.377,166.196,0
2024-04-24T20:00:00,166.16,167.086,165.926,167.01,0
2024-04-25T20:00:00,166.965,169.39,166.453,169.265,0
2024-04-28T20:00:00,168.653,171.593,165.632,167.558,0
2024-04-29T20:00:00,167.521,168.6,167.208,168.206,0
2024-04-30T20:00:00,168.206,168.666,164.003,165.531,0
2024-05-01T20:00:00,165.449,167.385,164.22,164.747,0
2024-05-02T20:00:00,164.701,164.85,164.011,164.528,0
2024-05-05T20:00:00,164.448,165.99,164.022,165.726,0
2024-05-06T20:00:00,165.726,166.574,165.603,166.355,0
2024-05-07T20:00:00,166.355,167.345,166.03,167.126,0
2024-05-08T20:00:00,167.126,167.748,166.733,167.558,0
2024-05-09T20:00:00,167.512,167.972,167.417,167.768,0
2024-05-12T20:00:00,167.608,168.658,167.497,168.54,0
2024-05-13T20:00:00,168.492,169.356,168.366,169.222,0
2024-05-14T20:00:00,169.185,169.4,168.016,168.564,0
2024-05-15T20:00:00,168.549,168.905,167.325,168.853,0
2024-05-16T20:00:00,168.816,169.328,168.693,169.243,0
2024-05-19T20:00:00,168.936,169.783,168.862,169.635,0
2024-05-20T20:00:00,169.587,169.944,169.217,169.479,0
2024-05-21T20:00:00,169.439,169.924,169.332,169.683,0
2024-05-22T20:00:00,169.635,170.319,169.286,169.692,0
2024-05-23T20:00:00,169.682,170.498,169.561,170.237,0
2024-05-26T20:00:00,170.079,170.498,169.922,170.298,0
2024-05-27T20:00:00,170.298,170.797,170.065,170.629,0
2024-05-28T20:00:00,170.591,170.796,170.17,170.248,0
2024-05-29T20:00:00,170.223,170.328,169.062,169.833,0
2024-05-30T20:00:00,169.785,170.742,169.443,170.613,0
2024-06-02T20:00:00,170.277,170.891,169.713,170.152,0
2024-06-03T20:00:00,170.106,170.723,167.996,168.459,0
2024-06-04T20:00:00,168.422,170.015,168.295,169.652,0
2024-06-05T20:00:00,169.653,170.297,169.203,169.436,0
2024-06-06T20:00:00,169.398,169.975,168.686,169.317,0
2024-06-09T20:00:00,168.71,169.218,168.299,169.024,0
2024-06-10T20:00:00,168.976,169.422,168.295,168.724,0
2024-06-11T20:00:00,168.724,169.584,168.65,169.383,0
2024-06-12T20:00:00,169.345,170.136,168.275,168.526,0
2024-06-13T20:00:00,168.501,169.796,167.511,168.49,0
2024-06-16T20:00:00,168.321,169.333,167.905,169.297,0
2024-06-17T20:00:00,169.259,169.913,168.961,169.524,0
2024-06-18T20:00:00,169.487,169.901,169.128,169.772,0
2024-06-19T20:00:00,169.719,170.319,169.246,170.085,0
2024-06-20T20:00:00,170.036,170.892,169.323,170.889,0
2024-06-23T20:00:00,170.533,171.447,170.234,171.258,0
2024-06-24T20:00:00,171.221,171.395,170.703,171.066,0
2024-06-25T20:00:00,171.019,171.795,170.85,171.735,0
2024-06-26T20:00:00,171.735,172.166,171.385,172.054,0
2024-06-27T20:00:00,172.006,172.444,171.45,172.358,0
2024-06-30T20:00:00,172.342,173.673,172.342,173.392,0
2024-07-01T20:00:00,173.359,173.597,173.082,173.452,0
2024-07-02T20:00:00,173.452,174.514,173.317,174.355,0
2024-07-03T20:00:00,174.355,174.435,173.8,174.315,0
2024-07-04T20:00:00,174.267,174.501,173.602,174.287,0
2024-07-07T20:00:00,173.444,174.635,173.443,174.055,0
2024-07-08T20:00:00,174.017,174.591,173.916,174.41,0
2024-07-09T20:00:00,174.371,175.157,174.073,175.093,0
2024-07-10T20:00:00,175.054,175.427,171.548,172.582,0
2024-07-11T20:00:00,172.582,173.434,171.448,172.176,0
2024-07-14T20:00:00,171.939,172.557,171.543,172.179,0
2024-07-15T20:00:00,172.142,172.923,172.022,172.563,0
2024-07-16T20:00:00,172.545,172.833,170.685,170.836,0
2024-07-17T20:00:00,170.798,171.576,169.984,171.481,0
2024-07-18T20:00:00,171.432,171.874,170.909,171.392,0
2024-07-21T20:00:00,171.208,171.656,170.059,171.013,0
2024-07-22T20:00:00,170.965,171.095,168.814,168.852,0
2024-07-23T20:00:00,168.841,169.204,166.137,166.784,0
2024-07-24T20:00:00,166.736,167.592,164.823,166.951,0
2024-07-25T20:00:00,166.914,168.014,166.316,166.904,0
2024-07-28T20:00:00,166.781,167.52,166.229,166.67,0
2024-07-29T20:00:00,166.622,167.961,165.089,165.146,0
2024-07-30T20:00:00,165.108,166.538,162.013,162.345,0
2024-07-31T20:00:00,162.308,162.89,160.883,161.181,0
2024-08-01T20:00:00,161.133,161.598,159.693,159.911,0
2024-08-04T20:00:00,159.885,159.967,154.383,157.892,0
2024-08-05T20:00:00,157.833,160.217,157.296,157.74,0
2024-08-06T20:00:00,157.692,161.441,157.576,160.193,0
2024-08-07T20:00:00,160.138,160.888,158.958,160.726,0
2024-08-08T20:00:00,160.688,161.376,159.804,160.084,0
2024-08-11T20:00:00,159.772,161.954,159.772,160.905,0
2024-08-12T20:00:00,160.868,161.799,160.64,161.407,0
2024-08-13T20:00:00,161.369,162.586,160.584,162.241,0
2024-08-14T20:00:00,162.193,163.892,161.939,163.79,0
2024-08-15T20:00:00,163.751,163.832,162.287,162.747,0
2024-08-18T20:00:00,162.704,163.209,160.417,162.462,0
2024-08-19T20:00:00,162.424,163.193,161.538,161.66,0
2024-08-20T20:00:00,161.623,163.042,161.344,161.753,0
2024-08-21T20:00:00,161.704,162.909,161.475,162.549,0
2024-08-22T20:00:00,162.509,162.711,161.203,161.594,0
2024-08-25T20:00:00,161.233,161.488,160.498,161.295,0
2024-08-26T20:00:00,161.261,162.177,160.873,160.98,0
2024-08-27T20:00:00,160.932,161.372,160.445,160.759,0
2024-08-28T20:00:00,160.742,161.266,160.018,160.6,0
2024-08-29T20:00:00,160.555,161.636,160.188,161.514,0
2024-09-01T20:00:00,161.313,162.891,161.024,162.616,0
2024-09-02T20:00:00,162.616,162.798,160.495,160.648,0
2024-09-03T20:00:00,160.627,160.894,159.25,159.284,0
2024-09-04T20:00:00,159.284,159.791,158.541,159.362,0
2024-09-05T20:00:00,159.359,159.615,157.463,157.778,0
2024-09-08T20:00:00,157.508,158.731,157.39,157.98,0
2024-09-09T20:00:00,157.94,158.41,156.788,156.958,0
2024-09-10T20:00:00,156.915,157.011,155.46,156.764,0
2024-09-11T20:00:00,156.707,157.513,156.431,157.048,0
2024-09-12T20:00:00,157.008,157.1,155.609,156.026,0
2024-09-15T20:00:00,155.833,156.667,155.142,156.535,0
2024-09-16T20:00:00,156.516,158.323,156.046,158.26,0
2024-09-17T20:00:00,158.217,158.368,156.839,158.179,0
2024-09-18T20:00:00,158.16,159.97,157.765,159.192,0
2024-09-19T20:00:00,159.143,161.16,158.418,160.648,0
2024-09-22T20:00:00,160.29,161.19,159.04,159.551,0
2024-09-23T20:00:00,159.538,161.108,159.231,160.106,0
2024-09-24T20:00:00,160.071,161.665,159.848,161.147,0
2024-09-25T20:00:00,161.142,161.922,160.743,161.853,0
2024-09-26T20:00:00,161.826,163.496,158.559,158.758,0
2024-09-29T20:00:00,158.722,160.126,158.093,159.926,0
2024-09-30T20:00:00,159.876,160.908,158.364,158.884,0
2024-10-01T20:00:00,158.884,161.88,158.676,161.759,0
2024-10-02T20:00:00,161.721,162.491,161.368,162.063,0
2024-10-03T20:00:00,162.015,163.369,161.008,163.154,0
2024-10-06T20:00:00,162.878,163.571,162.291,162.559,0
2024-10-07T20:00:00,162.519,162.819,161.902,162.638,0
2024-10-08T20:00:00,162.638,163.464,162.389,163.316,0
2024-10-09T20:00:00,163.316,163.607,162.176,162.277,0
2024-10-10T20:00:00,162.237,163.408,162.217,163.091,0
2024-10-13T20:00:00,162.819,163.599,162.809,163.356,0
2024-10-14T20:00:00,163.326,163.433,162.336,162.495,0
2024-10-15T20:00:00,162.474,162.882,162.098,162.529,0
2024-10-16T20:00:00,162.481,162.761,161.845,162.685,0
2024-10-17T20:00:00,162.647,162.861,162.174,162.482,0
2024-10-20T20:00:00,162.258,163.154,161.996,163.127,0
2024-10-21T20:00:00,163.127,163.666,162.773,163.126,3
2024-10-22T20:00:00,163.126,165.019,162.73,164.689,2
2024-10-23T20:00:00,164.689,164.762,163.795,164.383,2
2024-10-24T20:00:00,164.383,164.79,163.932,164.431,2
2024-10-27T20:00:00,165.356,166.072,164.68,165.73,2
2024-10-28T20:00:00,165.73,166.078,165.155,165.896,2
2024-10-29T20:00:00,165.896,166.597,165.505,166.535,2
2024-10-30T20:00:00,166.535,166.689,164.936,165.463,2
2024-10-31T20:00:00,165.463,166.116,165.228,165.749,3
2024-11-03T19:00:00,165.691,165.914,165.211,165.419,2
2024-11-04T19:00:00,165.419,166.036,165.145,165.66,2
2024-11-05T19:00:00,165.66,166.101,164.914,165.835,3
2024-11-06T19:00:00,165.835,165.961,165.001,165.223,3
2024-11-07T19:00:00,165.223,165.422,163.203,163.572,3
2024-11-10T19:00:00,163.247,164.653,163.187,163.707,2
2024-11-11T19:00:00,163.707,164.331,163.239,164.19,3
2024-11-12T19:00:00,164.19,164.799,163.627,164.211,2
2024-11-13T19:00:00,164.211,164.983,163.802,164.537,2
2024-11-14T19:00:00,164.537,165.033,162.316,162.672,2
2024-11-17T19:00:00,162.385,163.976,162.261,163.908,2
2024-11-18T19:00:00,163.908,163.928,161.487,163.839,2
2024-11-19T19:00:00,163.839,164.757,163.156,163.831,3
2024-11-20T19:00:00,163.831,163.831,161.738,161.861,3
2024-11-21T19:00:00,161.861,162.489,159.884,161.245,2
2024-11-24T19:00:00,161.511,162.116,160.988,161.804,2
2024-11-25T19:00:00,161.804,162.007,160.298,160.455,2
2024-11-26T19:00:00,160.455,160.708,159.086,159.611,2
2024-11-27T19:00:00,159.535,160.34,159.386,159.833,2
2024-11-28T19:00:00,159.833,159.944,158.024,158.252,3
2024-12-01T19:00:00,157.998,158.641,156.376,157.029,2
2024-12-02T19:00:00,157.029,157.982,156.174,157.171,2
2024-12-03T19:00:00,157.171,158.656,156.847,158.194,2
2024-12-04T19:00:00,158.194,159.389,157.56,158.709,2
2024-12-05T19:00:00,158.709,159.577,158.093,158.58,3
2024-12-08T19:00:00,158.159,159.997,157.859,159.526,2
2024-12-09T19:00:00,159.526,160.067,159.368,159.95,3
2024-12-10T19:00:00,159.797,160.686,158.641,159.97,3
2024-12-11T19:00:00,159.97,160.546,159.108,159.726,2
2024-12-12T19:00:00,159.726,161.549,159.623,161.403,3
2024-12-15T19:00:00,160.735,162.205,160.593,161.947,3
2024-12-16T19:00:00,161.947,162.47,160.769,160.893,2
2024-12-17T19:00:00,160.893,161.558,159.803,160.062,2
2024-12-18T19:00:00,160.062,163.799,159.854,163.034,2
2024-12-19T19:00:00,163.034,163.663,162.341,163.161,3
2024-12-22T19:00:00,162.869,163.619,162.843,163.347,3
2024-12-23T19:00:00,163.363,163.63,163.02,163.24,3
2024-12-25T19:00:00,163.395,164.766,163.32,164.432,2
2024-12-26T19:00:00,164.432,164.822,164.025,164.613,3
2024-12-29T19:00:00,164.423,164.899,162.808,163.22,2
2024-12-30T19:00:00,163.22,163.435,162.453,162.729,3
2025-01-01T19:00:00,162.52,163.311,160.893,161.531,3
2025-01-02T19:00:00,161.531,162.208,161.356,162.154,3
2025-01-05T19:00:00,161.834,164.022,161.739,163.656,3
2025-01-06T19:00:00,163.656,164.549,163.159,163.43,3
2025-01-07T19:00:00,163.43,163.806,162.839,163.379,3
2025-01-08T19:00:00,163.379,163.429,162.37,162.859,3
2025-01-09T19:00:00,162.859,163.188,161.208,161.607,3
2025-01-12T19:00:00,161.339,161.78,160.034,161.32,3
2025-01-13T19:00:00,161.32,162.848,160.954,162.813,3
2025-01-14T19:00:00,162.813,162.892,160.788,160.984,3
2025-01-15T19:00:00,160.984,161.085,159.561,159.651,3
2025-01-16T19:00:00,159.651,161.009,159.643,160.489,3
2025-01-19T19:00:00,160.514,162.316,160.316,162.03,3
2025-01-20T19:00:00,162.03,162.224,160.955,162.076,3
2025-01-21T19:00:00,162.076,163.216,161.867,162.866,3
2025-01-22T19:00:00,162.866,163.127,162.19,162.532,3
2025-01-23T19:00:00,162.532,164.08,161.914,163.666,3
2025-01-26T19:00:00,163.073,163.455,161.54,162.094,3
2025-01-27T19:00:00,162.094,162.7,161.575,162.131,3
2025-01-28T19:00:00,162.131,162.484,161.304,161.758,3
2025-01-29T19:00:00,161.758,161.797,160.198,160.282,3
2025-01-30T19:00:00,160.282,161.499,159.896,160.741,3
2025-02-02T19:00:00,158.345,160.137,157.968,160.065,3
2025-02-03T19:00:00,160.065,160.701,159.184,160.174,3
2025-02-04T19:00:00,160.174,160.307,158.498,158.736,3
2025-02-05T19:00:00,158.736,158.859,157.036,157.167,3
2025-02-06T19:00:00,157.167,158.017,155.866,156.379,3
2025-02-09T19:00:00,155.603,157.419,155.467,156.657,3
2025-02-10T19:00:00,156.657,158.195,156.185,157.983,3
2025-02-11T19:00:00,157.983,160.966,157.818,160.316,3
2025-02-12T19:00:00,160.316,161.188,159.015,159.88,3
2025-02-13T19:00:00,159.88,160.263,159.419,159.79,3
2025-02-16T19:00:00,159.484,159.835,158.528,158.821,3
2025-02-17T19:00:00,158.821,159.194,158.37,158.828,3
2025-02-18T19:00:00,158.828,159.13,157.712,157.86,3
2025-02-19T19:00:00,157.86,157.86,156.313,157.085,3
2025-02-20T19:00:00,157.085,158.222,155.812,156.188,3
2025-02-23T19:00:00,156.094,157.255,155.959,156.695,3
2025-02-24T19:00:00,156.695,157.307,156.079,156.661,3
2025-02-25T19:00:00,156.661,157.127,156.031,156.289,3
2025-02-26T19:00:00,156.289,157.217,155.659,155.763,3
2025-02-27T19:00:00,155.763,157.16,154.792,156.225,3
2025-03-02T19:00:00,156.622,158.468,155.921,156.76,3
2025-03-03T19:00:00,156.76,159.204,155.583,159.076,3
2025-03-04T19:00:00,159.076,160.727,158.731,160.589,3
2025-03-05T19:00:00,160.589,161.279,159.099,159.472,3
2025-03-06T19:00:00,159.472,160.762,159.268,160.378,3
2025-03-09T20:00:00,160.034,160.378,158.889,159.53,3
2025-03-10T20:00:00,159.53,161.788,158.976,161.343,3
2025-03-11T20:00:00,161.343,162.357,160.795,161.387,3
2025-03-12T20:00:00,161.387,161.669,160.054,160.384,3
2025-03-13T20:00:00,160.384,162.331,160.163,161.69,3
2025-03-16T20:00:00,161.652,163.048,161.541,162.959,3
2025-03-17T20:00:00,162.959,164.188,162.743,163.358,3
2025-03-18T20:00:00,163.358,163.886,162.07,162.105,3
2025-03-19T20:00:00,162.105,162.334,160.734,161.382,3
2025-03-20T20:00:00,161.382,162.134,160.729,161.452,3
2025-03-23T20:00:00,161.42,162.829,161.396,162.756,3
2025-03-24T20:00:00,162.756,163.027,161.618,161.75,3
2025-03-25T20:00:00,161.75,162.609,161.567,161.838,3
2025-03-26T20:00:00,161.838,163.361,161.371,163.112,3
2025-03-27T20:00:00,163.112,163.174,162.064,162.289,3
2025-03-30T20:00:00,161.926,162.481,161.039,162.047,3
2025-03-31T20:00:00,162.047,162.381,160.772,161.418,3
2025-04-01T20:00:00,161.418,164.18,161.09,161.842,3
2025-04-02T20:00:00,161.842,163.066,160.118,161.371,3
2025-04-03T20:00:00,161.371,162.002,159.016,160.994,3
2025-04-06T20:00:00,158.22,162.391,158.137,160.976,3
2025-04-07T20:00:00,161.135,162.204,160.02,160.115,3
2025-04-08T20:00:00,160.019,162.208,159.456,161.59,3
2025-04-09T20:00:00,161.745,162.581,160.87,161.6,3
2025-04-10T20:00:00,161.6,163.145,161.304,162.943,3
2025-04-13T20:00:00,162.711,163.279,162.079,162.161,3
2025-04-14T20:00:00,162.193,162.807,161.295,161.357,3
2025-04-15T20:00:00,161.357,162.283,161.266,161.495,3
2025-04-16T20:00:00,161.495,162.634,161.241,161.673,3
2025-04-17T20:00:00,161.768,162.167,161.658,161.872,5
2025-04-20T20:00:00,161.834,162.672,161.396,162.051,5
2025-04-21T20:00:00,162.031,162.317,160.979,161.474,3
2025-04-22T20:00:00,161.474,162.466,161.144,162.191,3
2025-04-23T20:00:00,162.25,162.497,161.834,162.367,3
2025-04-24T20:00:00,162.309,163.757,162.033,163.283,3
2025-04-27T20:00:00,163.049,163.371,161.943,162.062,3
2025-04-28T20:00:00,162.062,162.541,161.823,161.86,3
2025-04-29T20:00:00,162.02,162.652,161.704,161.783,3
2025-04-30T20:00:00,161.783,164.459,161.751,163.951,3
2025-05-01T20:00:00,164.121,164.639,163.456,163.684,3
2025-05-04T20:00:00,163.403,163.896,162.465,162.475,3
2025-05-05T20:00:00,162.475,162.952,161.597,161.772,3
2025-05-06T20:00:00,161.861,163.02,161.743,162.406,3
2025-05-07T20:00:00,162.406,163.902,162.324,163.61,4
2025-05-08T20:00:00,163.61,163.937,163.144,163.484,6
2025-05-11T20:00:00,163.497,164.922,163.483,164.361,3
2025-05-12T20:00:00,164.361,165.212,164.13,164.89,3
2025-05-13T20:00:00,164.89,165.164,163.73,163.763,3
2025-05-14T20:00:00,163.811,164.069,162.719,162.801,3
2025-05-15T20:00:00,162.801,163.109,162.452,162.523,3
2025-05-18T20:00:00,162.133,163.387,162.132,162.673,3
2025-05-19T20:00:00,162.673,163.284,162.415,163.013,3
2025-05-20T20:00:00,163.013,163.307,162.489,162.489,3
2025-05-21T20:00:00,162.489,163.419,161.798,162.401,3
2025-05-22T20:00:00,162.401,162.752,161.082,162.01,3
2025-05-25T20:00:00,161.675,162.98,161.662,162.466,3
2025-05-26T20:00:00,162.466,163.945,162.088,163.297,3
2025-05-27T20:00:00,163.297,163.909,163.07,163.344,3
2025-05-28T20:00:00,163.344,164.259,163.297,163.955,3
2025-05-29T20:00:00,163.955,163.966,162.8,163.445,3
2025-06-01T20:00:00,163.059,163.435,162.836,163.003,3
2025-06-02T20:00:00,163.003,163.874,162.793,163.561,3
2025-06-03T20:00:00,163.514,164.242,162.796,162.847,3
2025-06-04T20:00:00,162.847,164.677,162.836,163.779,3
2025-06-05T20:00:00,163.779,165.284,163.772,165.042,3
2025-06-08T20:00:00,165.027,165.213,164.552,164.821,3
2025-06-09T20:00:00,164.821,165.636,164.623,165.385,3
2025-06-10T20:00:00,165.385,166.427,165.24,165.82,3
2025-06-11T20:00:00,165.82,166.738,165.494,165.876,3
2025-06-12T20:00:00,165.876,166.597,164.93,166.416,3
2025-06-15T20:00:00,165.941,167.454,165.929,167.198,3
2025-06-16T20:00:00,167.198,167.612,166.599,166.627,3
2025-06-17T20:00:00,166.627,167.055,166.321,166.328,3
2025-06-18T20:00:00,166.328,167.314,166.032,167.046,3
2025-06-19T20:00:00,167.046,168.403,166.929,168.307,3
2025-06-22T20:00:00,168.012,169.718,167.864,169.064,3
2025-06-23T20:00:00,169.064,169.284,167.912,168.2,3
2025-06-24T20:00:00,168.2,169.379,167.937,169.252,3
2025-06-25T20:00:00,169.252,169.402,168.555,168.891,3
2025-06-26T20:00:00,168.891,169.807,168.626,169.527,3
2025-06-29T20:00:00,169.215,169.864,168.705,169.693,2
2025-06-30T20:00:00,169.693,169.745,168.452,169.274,3
2025-07-01T20:00:00,169.274,169.789,168.994,169.409,3
2025-07-02T20:00:00,169.409,170.614,169.259,170.371,3
2025-07-03T20:00:00,170.371,170.418,169.851,170.116,3
2025-07-06T20:00:00,169.995,171.317,169.883,170.956,3
2025-07-07T20:00:00,170.956,172.026,170.877,171.771,3
2025-07-08T20:00:00,171.771,172.282,171.266,171.416,3
2025-07-09T20:00:00,171.416,171.778,170.935,171.088,3
2025-07-10T20:00:00,171.088,172.426,170.808,172.347,3
2025-07-13T20:00:00,171.555,172.471,171.533,172.279,3
2025-07-14T20:00:00,172.279,173.082,172.085,172.642,3
2025-07-15T20:00:00,172.642,173.239,171.78,171.917,2
2025-07-16T20:00:00,171.917,172.673,171.701,172.189,3
2025-07-17T20:00:00,172.189,173.11,172.041,172.976,3
2025-07-20T20:00:00,171.858,172.849,171.835,172.155,3
2025-07-21T20:00:00,172.155,172.934,171.363,172.294,3
2025-07-22T20:00:00,172.294,172.742,171.369,172.282,3
2025-07-23T20:00:00,172.282,172.926,171.751,172.581,3
2025-07-24T20:00:00,172.583,173.612,172.362,173.323,3
2025-07-27T20:00:00,173.601,173.901,171.995,172.088,3
2025-07-28T20:00:00,172.088,172.323,171.049,171.359,3
2025-07-29T20:00:00,171.359,171.549,170.437,170.473,3
2025-07-30T20:00:00,170.473,172.335,169.717,171.95,3
2025-07-31T20:00:00,171.95,172.387,170.279,170.878,3
2025-08-03T20:00:00,170.602,171.164,169.904,170.14,3
2025-08-04T20:00:00,170.14,170.945,169.817,170.847,3
2025-08-05T20:00:00,170.847,172.003,170.561,171.762,0
2025-08-06T20:00:00,171.762,172.168,171.27,171.606,3
2025-08-07T20:00:00,171.606,172.344,171.334,171.977,3
2025-08-10T20:00:00,171.631,172.203,171.55,172.06,3
2025-08-11T20:00:00,172.06,172.855,171.603,172.587,3
2025-08-12T20:00:00,172.587,173.015,172.23,172.499,3
2025-08-13T20:00:00,172.499,172.499,170.967,172.083,3
2025-08-14T20:00:00,172.083,172.375,171.501,172.227,3
2025-08-17T20:00:00,172.2,172.677,172.052,172.42,3
2025-08-18T20:00:00,172.42,172.701,171.695,171.973,3
2025-08-19T20:00:00,171.973,172.013,171.114,171.628,3
2025-08-20T20:00:00,171.628,172.363,171.487,172.178,3
2025-08-21T20:00:00,172.178,172.674,171.825,172.218,3
2025-08-24T20:00:00,172.033,172.665,171.574,171.601,3
2025-08-25T20:00:00,171.601,172.118,171.328,171.559,3
2025-08-26T20:00:00,171.559,171.911,171.251,171.52,3
2025-08-27T20:00:00,171.52,171.793,171.115,171.646,3
2025-08-28T20:00:00,171.646,172.014,171.237,171.82,3
2025-08-31T20:00:00,171.938,172.544,171.765,172.343,3
2025-09-01T20:00:00,172.343,173.416,172.099,172.625,3
2025-09-02T20:00:00,172.625,173.301,172.356,172.655,3
2025-09-03T20:00:00,172.655,173.213,172.415,172.963,3
2025-09-04T20:00:00,172.963,173.268,172.491,172.733,3
2025-09-07T20:00:00,173.347,173.91,173.066,173.422,3
2025-09-08T20:00:00,173.422,173.521,172.132,172.573,3
2025-09-09T20:00:00,172.573,172.911,172.279,172.443,3
2025-09-10T20:00:00,172.443,173.058,172.077,172.729,3
2025-09-11T20:00:00,172.729,173.441,172.521,173.259,3
2025-09-14T20:00:00,172.717,173.449,172.473,173.321,3
2025-09-15T20:00:00,173.324,173.821,173.018,173.775,3
2025-09-16T20:00:00,173.775,173.85,173.087,173.558,3
2025-09-17T20:00:00,173.558,174.47,173.37,174.413,3
2025-09-18T20:00:00,174.408,174.501,173.479,173.767,3
2025-09-21T20:00:00,173.613,174.384,173.521,174.352,3
2025-09-22T20:00:00,174.352,174.491,174.034,174.385,3
2025-09-23T20:00:00,174.385,174.785,174.084,174.765,3
2025-09-24T20:00:00,174.767,174.941,174.461,174.735,3
2025-09-25T20:00:00,174.735,175.055,174.409,174.945,3
2025-09-28T20:00:00,174.704,175.016,173.984,174.219,3
2025-09-29T20:00:00,174.219,174.418,173.387,173.481,3
2025-09-30T20:00:00,173.481,173.914,172.3,172.357,3
2025-10-01T20:00:00,172.358,172.99,172.263,172.478,3
2025-10-02T20:00:00,172.478,173.247,172.246,173.137,3
2025-10-05T20:00:00,175.143,176.253,174.725,175.974,3
2025-10-06T20:00:00,175.974,177.146,175.739,177.056,3
2025-10-07T20:00:00,177.056,177.858,176.868,177.511,3
2025-10-08T20:00:00,177.511,177.936,176.755,176.827,3
2025-10-09T20:00:00,176.827,177.156,175.717,175.723,3
2025-10-12T20:00:00,176.248,176.916,175.9,176.164,3
2025-10-13T20:00:00,176.164,176.45,175.345,176.205,3
2025-10-14T20:00:00,176.205,176.304,175.434,175.911,3
2025-10-15T20:00:00,175.911,176.458,175.446,175.798,3
2025-10-16T20:00:00,175.798,175.972,174.815,175.458,3
2025-10-19T20:00:00,175.251,176.367,175.24,175.47,3
2025-10-20T20:00:00,175.47,176.616,175.109,176.221,3
2025-10-21T20:00:00,176.221,176.436,175.764,176.436,3
2025-10-22T20:00:00,176.436,177.447,176.133,177.226,3
2025-10-23T20:00:00,177.215,177.828,176.99,177.733,3
2025-10-26T20:00:00,177.72,178.23,177.47,178.0,3
2025-10-27T20:00:00,177.999,178.008,176.99,177.203,3
2025-10-28T20:00:00,177.203,177.591,176.634,177.165,3
2025-10-29T20:00:00,177.165,178.82,176.817,178.232,3
2025-10-30T20:00:00,178.232,178.563,177.449,177.71,3
2025-11-02T19:00:00,177.479,177.978,177.175,177.631,3
2025-11-03T19:00:00,177.631,177.682,176.09,176.427,3
2025-11-04T19:00:00,176.427,177.141,175.7,177.099,3
2025-11-05T19:00:00,177.099,177.218,176.28,176.73,3
2025-11-06T19:00:00,176.73,177.606,176.413,177.396,3
2025-11-09T19:00:00,177.551,178.45,177.323,178.135,3
2025-11-10T19:00:00,178.135,178.744,177.676,178.539,3
2025-11-11T19:00:00,178.539,179.465,178.423,179.434,3
2025-11-12T19:00:00,179.434,179.936,179.027,179.753,3
2025-11-13T19:00:00,179.753,179.971,178.97,179.563,3
2025-11-16T19:00:00,179.387,180.018,179.26,179.863,3
2025-11-17T19:00:00,179.863,180.292,179.601,180.033,3
2025-11-18T19:00:00,180.033,181.35,179.775,181.309,3
2025-11-19T19:00:00,181.309,182.009,180.961,181.499,3
2025-11-20T19:00:00,181.499,181.656,179.767,180.036,3
2025-11-23T19:00:00,179.824,181.266,179.824,180.708,3
2025-11-24T19:00:00,180.708,180.856,180.097,180.504,3
2025-11-25T19:00:00,180.504,181.461,180.076,181.388,3
2025-11-26T19:00:00,181.388,181.402,180.752,181.218,3
2025-11-27T19:00:00,181.218,181.516,180.527,181.049,3
2025-11-30T19:00:00,180.921,181.162,180.134,180.421,3
2025-12-01T19:00:00,180.422,181.358,180.365,181.008,3
2025-12-02T19:00:00,181.008,181.458,180.797,181.138,3
2025-12-03T19:00:00,181.138,181.292,180.396,180.557,3
2025-12-04T19:00:00,180.557,180.926,180.092,180.848,3
2025-12-07T19:00:00,180.488,181.494,180.488,181.437,3
2025-12-08T19:00:00,181.437,182.644,181.129,182.359,3
2025-12-09T19:00:00,182.355,182.618,182.006,182.387,3
2025-12-10T19:00:00,182.387,182.747,181.877,182.612,3
2025-12-11T19:00:00,182.612,183.156,182.354,182.922,3
2025-12-14T19:00:00,182.791,183.004,181.835,182.346,3
2025-12-15T19:00:00,182.347,182.474,181.714,181.718,3
2025-12-16T19:00:00,181.718,182.877,181.568,182.752,3
2025-12-17T19:00:00,182.752,183.168,182.288,182.313,3
2025-12-18T19:00:00,182.313,184.751,182.084,184.691,3
2025-12-21T19:00:00,184.713,184.922,184.237,184.668,3
2025-12-22T19:00:00,184.668,184.668,183.441,184.161,3
2025-12-23T19:00:00,184.161,184.272,183.287,183.541,3
2025-12-25T19:00:00,183.559,184.432,183.481,184.288,3
2025-12-28T19:00:00,184.126,184.415,183.468,183.732,3
2025-12-29T19:00:00,183.732,184.089,183.416,183.733,3
2025-12-30T19:00:00,183.733,184.245,183.467,184.051,3
2026-01-01T19:00:00,183.898,184.425,183.713,183.812,3
2026-01-04T19:00:00,183.629,184.063,182.811,183.206,3
2026-01-05T19:00:00,183.206,183.647,183.005,183.06,3
2026-01-06T19:00:00,183.062,183.374,182.71,182.976,3
2026-01-07T19:00:00,182.976,183.25,182.634,182.875,3
2026-01-08T19:00:00,182.874,183.957,182.477,183.691,3
2026-01-11T19:00:00,183.779,184.665,183.726,184.41,3
2026-01-12T19:00:00,184.41,185.538,184.259,185.178,3
2026-01-13T19:00:00,185.178,185.571,184.287,184.421,3
2026-01-14T19:00:00,184.421,184.633,183.862,184.08,3
2026-01-15T19:00:00,184.08,184.189,183.202,183.354,3
2026-01-18T19:00:00,182.729,184.154,182.708,184.059,3
2026-01-19T19:00:00,184.059,185.468,183.771,185.401,3
2026-01-20T19:00:00,185.401,185.54,184.819,184.889,3
2026-01-21T19:00:00,184.889,186.231,184.804,186.154,3
2026-01-22T19:00:00,186.152,186.873,183.779,184.188,3
2026-01-25T19:00:00,183.48,184.101,181.785,183.136,3
2026-01-26T19:00:00,183.136,183.777,182.087,183.133,3
2026-01-27T19:00:00,183.133,183.574,182.574,183.373,3
2026-01-28T19:00:00,183.374,183.742,182.082,183.236,3
2026-01-29T19:00:00,183.236,184.07,182.827,183.399,3
2026-02-01T19:00:00,183.51,184.278,183.187,183.476,3
2026-02-02T19:00:00,183.476,184.186,183.195,184.013,3
2026-02-03T19:00:00,184.013,185.279,183.775,185.17,3
2026-02-04T19:00:00,185.173,185.505,184.555,184.845,3
2026-02-05T19:00:00,184.846,185.799,184.356,185.74,3
2026-02-08T19:00:00,186.082,186.235,184.86,185.631,3
2026-02-09T19:00:00,185.631,186.002,183.447,183.643,3
2026-02-10T19:00:00,183.643,183.699,181.336,181.91,3
2026-02-11T19:00:00,181.91,182.535,180.804,181.289,3
2026-02-12T19:00:00,181.288,182.282,181.045,181.204,3
2026-02-15T19:00:00,181.131,182.296,181.066,181.802,3
2026-02-16T19:00:00,181.802,182.173,180.818,181.671,3
2026-02-17T19:00:00,181.671,182.542,181.396,182.383,3
2026-02-18T19:00:00,182.382,183.156,182.011,182.446,3
2026-02-19T19:00:00,182.446,183.1,182.223,182.704,3
2026-02-22T19:00:00,182.57,182.808,181.992,182.208,3
2026-02-23T19:00:00,182.208,184.184,182.054,183.45,3
2026-02-24T19:00:00,183.45,184.771,183.197,184.607,3
2026-02-25T19:00:00,184.607,184.703,183.823,184.164,3
2026-02-26T19:00:00,184.164,184.551,183.7,184.405,3
2026-03-01T19:00:00,183.545,184.692,183.508,183.91,3
2026-03-02T19:00:00,183.91,184.329,182.026,183.145,3
2026-03-03T19:00:00,183.145,183.227,182.373,182.672,3
2026-03-04T19:00:00,182.672,183.089,182.108,182.883,3
2026-03-05T19:00:00,182.883,183.388,182.329,183.247,3
2026-03-08T20:00:00,182.469,183.477,182.4,183.438,3
2026-03-09T20:00:00,183.438,183.763,183.056,183.495,3
2026-03-10T20:00:00,183.491,184.077,183.396,183.843,3
2026-03-11T20:00:00,183.843,183.858,183.217,183.423,3
2026-03-12T20:00:00,183.422,183.647,182.253,182.314,3
2026-03-15T20:00:00,182.143,183.178,181.869,182.945,3
2026-03-16T20:00:00,182.945,183.545,182.818,183.458,3
2026-03-17T20:00:00,183.458,183.829,182.981,183.045,3
2026-03-18T20:00:00,183.045,183.433,182.05,182.755,3
2026-03-19T20:00:00,182.755,184.246,182.485,184.23,3
2026-03-22T20:00:00,183.652,184.338,183.181,183.963,3
2026-03-23T20:00:00,183.963,184.251,183.564,184.171,3
2026-03-24T20:00:00,184.171,184.602,183.857,184.314,3
2026-03-25T20:00:00,184.314,184.474,183.971,184.164,3
2026-03-26T20:00:00,184.164,184.66,183.865,184.474,3
2026-03-29T20:00:00,184.194,184.508,182.59,183.076,3
2026-03-30T20:00:00,183.076,183.651,182.805,183.356,3
2026-03-31T20:00:00,183.356,184.246,183.055,183.93,3
2026-04-01T20:00:00,183.93,184.204,183.492,184.03,3
2026-04-02T20:00:00,184.03,184.271,183.531,183.631,3
2026-04-05T20:00:00,183.778,184.459,183.584,184.274,3
2026-04-06T20:00:00,184.274,185.163,184.141,184.965,3
2026-04-07T20:00:00,184.965,185.552,184.725,184.855,3
2026-04-08T20:00:00,184.855,186.229,184.689,185.916,3
2026-04-09T20:00:00,185.92,186.883,185.819,186.838,3
2026-04-12T20:00:00,186.273,187.51,186.072,187.472,3
2026-04-13T20:00:00,187.472,187.545,187.082,187.244,3
2026-04-14T20:00:00,187.244,187.696,187.102,187.563,3
2026-04-15T20:00:00,187.563,187.592,187.098,187.409,3
2026-04-16T20:00:00,187.409,187.951,186.315,186.577,2
2026-04-19T20:00:00,186.299,187.28,186.264,187.147,3
2026-04-20T20:00:00,187.147,187.363,186.93,187.083,3
2026-04-21T20:00:00,187.083,187.324,186.615,186.615,3
2026-04-22T20:00:00,186.615,186.966,186.43,186.539,3
2026-04-23T20:00:00,186.539,186.878,186.267,186.765,3
2026-04-26T20:00:00,186.562,187.108,186.508,186.828,3
2026-04-27T20:00:00,186.828,186.948,186.069,186.887,3
2026-04-28T20:00:00,186.887,187.415,186.678,187.161,3
2026-04-29T20:00:00,187.161,187.556,182.262,183.664,2
2026-04-30T20:00:00,183.664,184.586,182.615,184.104,3
2026-05-03T20:00:00,184.005,184.405,182.767,183.745,4
2026-05-04T20:00:00,183.745,184.759,183.572,184.584,4
2026-05-05T20:00:00,184.584,185.038,182.044,183.6,4
2026-05-06T20:00:00,183.6,184.237,183.421,183.919,4
2026-05-07T20:00:00,183.919,184.721,183.691,184.694,4
2026-05-10T20:00:00,183.759,185.253,183.728,185.195,3
2026-05-11T20:00:00,185.195,185.459,184.437,184.986,3
2026-05-12T20:00:00,184.986,185.154,184.624,184.825,3
2026-05-13T20:00:00,184.825,185.049,184.037,184.757,3
2026-05-14T20:00:00,184.757,184.847,184.174,184.552,3
2026-05-17T20:00:00,184.158,185.214,184.158,185.098,3
2026-05-18T20:00:00,185.098,185.21,184.203,184.558,3
2026-05-19T20:00:00,184.558,184.787,184.269,184.665,3
2026-05-20T20:00:00,184.665,184.938,184.391,184.666,3
2026-05-21T20:00:00,184.666,184.859,184.398,184.694,3
2026-05-24T20:00:00,184.71,185.137,184.697,184.953,4
2026-05-25T20:00:00,184.953,185.36,184.766,185.25,3
2026-05-26T20:00:00,185.25,185.784,184.993,185.421,3
2026-05-27T20:00:00,185.421,185.654,184.892,185.52,3
2026-05-28T20:00:00,185.52,185.982,185.183,185.685,3
2026-05-31T20:00:00,185.688,185.978,185.333,185.655,3
2026-06-01T20:00:00,185.655,186.205,185.524,185.973,3
2026-06-02T20:00:00,185.973,186.007,185.1,185.6,3
2026-06-03T20:00:00,185.6,186.112,185.256,185.774,3
2026-06-04T20:00:00,185.774,186.204,184.493,184.624,3
2026-06-07T20:00:00,184.295,184.993,183.971,184.671,3
2026-06-08T20:00:00,184.662,185.466,184.409,185.083,3
2026-06-09T20:00:00,185.083,185.571,184.952,185.171,3
2026-06-10T20:00:00,185.171,185.472,184.656,185.109,3
2026-06-11T20:00:00,185.091,185.555,184.923,185.424,3
