checkpoint,model,condition,n,median_prediction,mae_in_sample,iqr,mad
03AM,B0,ALL,442,42.800000000001724,20.61696832579179,33.15000000000123,16.34999999999941
03AM,B1_TIER,MISSING,10,49.5000000000001,24.72999999999992,44.72499999999934,26.6999999999995
03AM,B1_TIER,T1,232,42.800000000001724,18.902155172413806,29.22500000000271,14.800000000001479
03AM,B1_TIER,T2,139,43.100000000000364,21.656834532373917,38.699999999999285,18.19999999999933
03AM,B1_TIER,T3,61,40.19999999999912,23.837704918032646,33.30000000000055,16.700000000000607
03AM,B2_TIER_CHECKPOINT,MISSING,10,49.5000000000001,24.72999999999992,44.72499999999934,26.6999999999995
03AM,B2_TIER_CHECKPOINT,T1,232,42.800000000001724,18.902155172413806,29.22500000000271,14.800000000001479
03AM,B2_TIER_CHECKPOINT,T2,139,43.100000000000364,21.656834532373917,38.699999999999285,18.19999999999933
03AM,B2_TIER_CHECKPOINT,T3,61,40.19999999999912,23.837704918032646,33.30000000000055,16.700000000000607
03AM,B3_TIER_STATE,MISSING|AR_NO_GO_STATE,10,49.5000000000001,24.72999999999992,44.72499999999934,26.6999999999995
03AM,B3_TIER_STATE,T1|BALANCED_ASIA,55,38.699999999998184,20.419999999999742,33.34999999999977,14.899999999999906
03AM,B3_TIER_STATE,T1|ONE_SIDED_DOWN,28,32.95000000000048,15.421428571428887,19.87500000000031,9.000000000001231
03AM,B3_TIER_STATE,T1|ONE_SIDED_UP,29,41.600000000001636,17.427586206896407,21.199999999998994,11.099999999997216
03AM,B3_TIER_STATE,T1|PARTIAL_LOOP,120,46.200000000000685,18.582500000000074,30.32499999999994,14.750000000000044
03AM,B3_TIER_STATE,T2|BALANCED_ASIA,1,32.700000000001054,0.0,0.0,0.0
03AM,B3_TIER_STATE,T2|FULL_LOOP,4,40.25000000000057,14.874999999999195,17.62499999999834,14.799999999999264
03AM,B3_TIER_STATE,T2|ONE_SIDED_DOWN,4,33.6000000000003,19.850000000000144,22.050000000001234,5.4500000000001805
03AM,B3_TIER_STATE,T2|ONE_SIDED_UP,3,28.69999999999928,18.46666666666774,27.70000000000161,14.400000000001079
03AM,B3_TIER_STATE,T2|OVER_COMPLETED,13,36.89999999999971,24.192307692307505,52.00000000000094,16.399999999998634
03AM,B3_TIER_STATE,T2|PARTIAL_LOOP,114,44.099999999999135,21.507894736841912,37.92499999999977,17.60000000000205
03AM,B3_TIER_STATE,T3|FULL_LOOP,6,75.69999999999854,63.13333333333356,97.72500000000073,53.650000000000645
03AM,B3_TIER_STATE,T3|OVER_COMPLETED,16,36.55000000000186,15.243749999999665,27.42499999999981,16.19999999999955
03AM,B3_TIER_STATE,T3|PARTIAL_LOOP,39,40.19999999999912,21.13333333333337,30.550000000000296,14.899999999999906
03AM,B4_TIER_STATE_LOOPS,MISSING|AR_NO_GO_STATE|0,10,49.5000000000001,24.72999999999992,44.72499999999934,26.6999999999995
03AM,B4_TIER_STATE_LOOPS,T1|BALANCED_ASIA|10,1,38.000000000000256,0.0,0.0,0.0
03AM,B4_TIER_STATE_LOOPS,T1|BALANCED_ASIA|12,1,30.099999999999568,0.0,0.0,0.0
03AM,B4_TIER_STATE_LOOPS,T1|BALANCED_ASIA|13,1,109.2000000000004,0.0,0.0,0.0
03AM,B4_TIER_STATE_LOOPS,T1|BALANCED_ASIA|14,1,21.10000000000056,0.0,0.0,0.0
03AM,B4_TIER_STATE_LOOPS,T1|BALANCED_ASIA|15,2,32.29999999999844,17.19999999999944,17.199999999999434,17.19999999999944
03AM,B4_TIER_STATE_LOOPS,T1|BALANCED_ASIA|16,1,48.39999999999955,0.0,0.0,0.0
03AM,B4_TIER_STATE_LOOPS,T1|BALANCED_ASIA|17,3,28.3000000000011,3.0333333333332235,4.549999999999837,2.700000000002145
03AM,B4_TIER_STATE_LOOPS,T1|BALANCED_ASIA|18,2,25.399999999999864,14.799999999999256,14.799999999999255,14.799999999999256
03AM,B4_TIER_STATE_LOOPS,T1|BALANCED_ASIA|20,4,36.55000000000075,15.275000000000702,21.62500000000123,9.700000000000268
03AM,B4_TIER_STATE_LOOPS,T1|BALANCED_ASIA|21,4,41.049999999999145,10.799999999999146,15.549999999998064,6.899999999998581
03AM,B4_TIER_STATE_LOOPS,T1|BALANCED_ASIA|22,1,50.00000000000115,0.0,0.0,0.0
03AM,B4_TIER_STATE_LOOPS,T1|BALANCED_ASIA|23,5,44.90000000000104,17.199999999999438,27.399999999997423,18.700000000000376
03AM,B4_TIER_STATE_LOOPS,T1|BALANCED_ASIA|24,4,35.89999999999982,7.624999999999437,9.824999999998305,6.649999999999157
03AM,B4_TIER_STATE_LOOPS,T1|BALANCED_ASIA|25,2,70.84999999999786,32.14999999999968,32.149999999999686,32.14999999999968
03AM,B4_TIER_STATE_LOOPS,T1|BALANCED_ASIA|26,3,37.8999999999996,17.86666666666677,26.80000000000016,11.699999999998933
03AM,B4_TIER_STATE_LOOPS,T1|BALANCED_ASIA|28,2,28.399999999999537,6.800000000000139,6.800000000000139,6.800000000000139
03AM,B4_TIER_STATE_LOOPS,T1|BALANCED_ASIA|29,4,73.74999999999798,33.07499999999963,40.62499999999915,8.99999999999902
03AM,B4_TIER_STATE_LOOPS,T1|BALANCED_ASIA|30,3,22.999999999999684,14.466666666665958,21.699999999998944,5.999999999999336
03AM,B4_TIER_STATE_LOOPS,T1|BALANCED_ASIA|31,3,65.99999999999939,9.4333333333337,14.150000000000546,4.199999999998646
03AM,B4_TIER_STATE_LOOPS,T1|BALANCED_ASIA|32,1,38.599999999999746,0.0,0.0,0.0
03AM,B4_TIER_STATE_LOOPS,T1|BALANCED_ASIA|33,3,72.69999999999888,23.466666666666452,35.19999999999966,21.000000000002117
03AM,B4_TIER_STATE_LOOPS,T1|BALANCED_ASIA|37,1,34.60000000000241,0.0,0.0,0.0
03AM,B4_TIER_STATE_LOOPS,T1|BALANCED_ASIA|38,1,47.399999999999665,0.0,0.0,0.0
03AM,B4_TIER_STATE_LOOPS,T1|BALANCED_ASIA|39,1,61.099999999998374,0.0,0.0,0.0
03AM,B4_TIER_STATE_LOOPS,T1|BALANCED_ASIA|42,1,30.099999999999568,0.0,0.0,0.0
03AM,B4_TIER_STATE_LOOPS,T1|ONE_SIDED_DOWN|15,1,60.2999999999998,0.0,0.0,0.0
03AM,B4_TIER_STATE_LOOPS,T1|ONE_SIDED_DOWN|16,1,41.999999999999815,0.0,0.0,0.0
03AM,B4_TIER_STATE_LOOPS,T1|ONE_SIDED_DOWN|17,1,26.400000000001977,0.0,0.0,0.0
03AM,B4_TIER_STATE_LOOPS,T1|ONE_SIDED_DOWN|19,1,12.799999999999478,0.0,0.0,0.0
03AM,B4_TIER_STATE_LOOPS,T1|ONE_SIDED_DOWN|20,3,27.200000000000557,8.300000000000344,12.450000000000514,0.8000000000008036
03AM,B4_TIER_STATE_LOOPS,T1|ONE_SIDED_DOWN|21,3,44.39999999999999,33.73333333333302,50.599999999999525,16.899999999999693
03AM,B4_TIER_STATE_LOOPS,T1|ONE_SIDED_DOWN|22,2,22.64999999999961,2.4500000000005073,2.4500000000005073,2.4500000000005073
03AM,B4_TIER_STATE_LOOPS,T1|ONE_SIDED_DOWN|23,3,34.79999999999927,6.56666666666676,9.850000000000144,2.5999999999992696
03AM,B4_TIER_STATE_LOOPS,T1|ONE_SIDED_DOWN|24,1,33.700000000000955,0.0,0.0,0.0
03AM,B4_TIER_STATE_LOOPS,T1|ONE_SIDED_DOWN|25,2,30.9500000000007,2.949999999999342,2.9499999999993385,2.949999999999342
03AM,B4_TIER_STATE_LOOPS,T1|ONE_SIDED_DOWN|26,2,34.95000000000026,9.149999999999991,9.149999999999991,9.149999999999991
03AM,B4_TIER_STATE_LOOPS,T1|ONE_SIDED_DOWN|27,2,30.649999999999842,13.550000000001058,13.550000000001056,13.550000000001058
03AM,B4_TIER_STATE_LOOPS,T1|ONE_SIDED_DOWN|29,1,79.10000000000305,0.0,0.0,0.0
03AM,B4_TIER_STATE_LOOPS,T1|ONE_SIDED_DOWN|30,2,48.54999999999831,24.550000000000956,24.550000000000963,24.550000000000956
03AM,B4_TIER_STATE_LOOPS,T1|ONE_SIDED_DOWN|33,1,59.100000000000804,0.0,0.0,0.0
03AM,B4_TIER_STATE_LOOPS,T1|ONE_SIDED_DOWN|35,1,24.199999999998667,0.0,0.0,0.0
03AM,B4_TIER_STATE_LOOPS,T1|ONE_SIDED_DOWN|36,1,31.89999999999804,0.0,0.0,0.0
03AM,B4_TIER_STATE_LOOPS,T1|ONE_SIDED_UP|17,2,39.649999999998855,16.95000000000113,16.950000000001133,16.95000000000113
03AM,B4_TIER_STATE_LOOPS,T1|ONE_SIDED_UP|18,1,7.7000000000015945,0.0,0.0,0.0
03AM,B4_TIER_STATE_LOOPS,T1|ONE_SIDED_UP|19,1,52.69999999999885,0.0,0.0,0.0
03AM,B4_TIER_STATE_LOOPS,T1|ONE_SIDED_UP|20,2,48.79999999999995,4.899999999998791,4.899999999998798,4.899999999998791
03AM,B4_TIER_STATE_LOOPS,T1|ONE_SIDED_UP|21,2,53.14999999999959,19.849999999999035,19.849999999999042,19.849999999999035
03AM,B4_TIER_STATE_LOOPS,T1|ONE_SIDED_UP|22,2,34.849999999999596,6.850000000000467,6.85000000000047,6.850000000000467
03AM,B4_TIER_STATE_LOOPS,T1|ONE_SIDED_UP|24,2,40.150000000001015,3.6499999999994905,3.649999999999487,3.6499999999994905
03AM,B4_TIER_STATE_LOOPS,T1|ONE_SIDED_UP|25,1,41.59999999999941,0.0,0.0,0.0
03AM,B4_TIER_STATE_LOOPS,T1|ONE_SIDED_UP|26,1,32.499999999999744,0.0,0.0,0.0
03AM,B4_TIER_STATE_LOOPS,T1|ONE_SIDED_UP|27,1,131.39999999999927,0.0,0.0,0.0
03AM,B4_TIER_STATE_LOOPS,T1|ONE_SIDED_UP|28,6,36.30000000000022,17.750000000000455,9.575000000001111,5.350000000000632
03AM,B4_TIER_STATE_LOOPS,T1|ONE_SIDED_UP|29,3,39.59999999999964,24.633333333333358,36.95000000000004,30.39999999999932
03AM,B4_TIER_STATE_LOOPS,T1|ONE_SIDED_UP|30,1,50.99999999999882,0.0,0.0,0.0
03AM,B4_TIER_STATE_LOOPS,T1|ONE_SIDED_UP|31,1,58.10000000000093,0.0,0.0,0.0
03AM,B4_TIER_STATE_LOOPS,T1|ONE_SIDED_UP|32,1,56.89999999999972,0.0,0.0,0.0
03AM,B4_TIER_STATE_LOOPS,T1|ONE_SIDED_UP|34,1,27.800000000002267,0.0,0.0,0.0
03AM,B4_TIER_STATE_LOOPS,T1|ONE_SIDED_UP|36,1,52.30000000000068,0.0,0.0,0.0
03AM,B4_TIER_STATE_LOOPS,T1|PARTIAL_LOOP|14,1,28.099999999997568,0.0,0.0,0.0
03AM,B4_TIER_STATE_LOOPS,T1|PARTIAL_LOOP|16,1,83.69999999999766,0.0,0.0,0.0
03AM,B4_TIER_STATE_LOOPS,T1|PARTIAL_LOOP|17,2,29.949999999999697,11.049999999998006,11.049999999998004,11.049999999998006
03AM,B4_TIER_STATE_LOOPS,T1|PARTIAL_LOOP|18,6,52.65000000000075,13.066666666667151,20.574999999999896,5.150000000000432
03AM,B4_TIER_STATE_LOOPS,T1|PARTIAL_LOOP|19,4,53.49999999999966,13.525000000000338,18.025000000000944,4.600000000000154
03AM,B4_TIER_STATE_LOOPS,T1|PARTIAL_LOOP|20,3,29.799999999997603,12.60000000000039,18.90000000000059,7.799999999997809
03AM,B4_TIER_STATE_LOOPS,T1|PARTIAL_LOOP|21,1,34.10000000000135,0.0,0.0,0.0
03AM,B4_TIER_STATE_LOOPS,T1|PARTIAL_LOOP|22,4,30.00000000000003,12.024999999999954,20.42500000000059,8.79999999999992
03AM,B4_TIER_STATE_LOOPS,T1|PARTIAL_LOOP|23,5,19.800000000000928,9.599999999998943,1.4999999999965006,0.8999999999992347
03AM,B4_TIER_STATE_LOOPS,T1|PARTIAL_LOOP|24,7,39.69999999999807,22.271428571428878,40.70000000000128,16.099999999998893
03AM,B4_TIER_STATE_LOOPS,T1|PARTIAL_LOOP|25,9,37.89999999999738,11.677777777778047,19.899999999999363,11.200000000004536
03AM,B4_TIER_STATE_LOOPS,T1|PARTIAL_LOOP|26,4,39.350000000000215,17.974999999998964,22.824999999997438,6.849999999999357
03AM,B4_TIER_STATE_LOOPS,T1|PARTIAL_LOOP|27,13,42.70000000000218,13.292307692307322,7.499999999998067,4.100000000000215
03AM,B4_TIER_STATE_LOOPS,T1|PARTIAL_LOOP|28,9,52.799999999999514,17.544444444444164,31.699999999998937,20.400000000000404
03AM,B4_TIER_STATE_LOOPS,T1|PARTIAL_LOOP|29,5,54.99999999999838,13.620000000000408,20.20000000000133,15.000000000000568
03AM,B4_TIER_STATE_LOOPS,T1|PARTIAL_LOOP|30,8,39.24999999999845,12.875000000000245,17.399999999999075,9.250000000001755
03AM,B4_TIER_STATE_LOOPS,T1|PARTIAL_LOOP|31,7,46.200000000000685,14.857142857143439,27.050000000001802,10.600000000000605
03AM,B4_TIER_STATE_LOOPS,T1|PARTIAL_LOOP|32,7,48.70000000000151,15.357142857143227,16.450000000000074,10.999999999998778
03AM,B4_TIER_STATE_LOOPS,T1|PARTIAL_LOOP|33,3,52.49999999999976,9.133333333333956,13.700000000000927,2.400000000000176
03AM,B4_TIER_STATE_LOOPS,T1|PARTIAL_LOOP|34,5,81.7000000000001,30.019999999999488,66.79999999999797,33.39999999999898
03AM,B4_TIER_STATE_LOOPS,T1|PARTIAL_LOOP|35,4,59.000000000001265,8.824999999999521,12.624999999998877,7.700000000000479
03AM,B4_TIER_STATE_LOOPS,T1|PARTIAL_LOOP|36,3,63.9999999999996,13.033333333332116,19.549999999998178,4.599999999996818
03AM,B4_TIER_STATE_LOOPS,T1|PARTIAL_LOOP|38,4,45.19999999999968,13.824999999999529,18.724999999999426,12.199999999998873
03AM,B4_TIER_STATE_LOOPS,T1|PARTIAL_LOOP|39,1,78.79999999999887,0.0,0.0,0.0
03AM,B4_TIER_STATE_LOOPS,T1|PARTIAL_LOOP|40,3,47.20000000000057,15.63333333333361,23.450000000000415,15.400000000000968
03AM,B4_TIER_STATE_LOOPS,T1|PARTIAL_LOOP|43,1,149.39999999999952,0.0,0.0,0.0
03AM,B4_TIER_STATE_LOOPS,T2|BALANCED_ASIA|32,1,32.700000000001054,0.0,0.0,0.0
03AM,B4_TIER_STATE_LOOPS,T2|FULL_LOOP|20,1,42.99999999999971,0.0,0.0,0.0
03AM,B4_TIER_STATE_LOOPS,T2|FULL_LOOP|21,1,13.400000000001189,0.0,0.0,0.0
03AM,B4_TIER_STATE_LOOPS,T2|FULL_LOOP|29,1,37.50000000000142,0.0,0.0,0.0
03AM,B4_TIER_STATE_LOOPS,T2|FULL_LOOP|36,1,67.39999999999968,0.0,0.0,0.0
03AM,B4_TIER_STATE_LOOPS,T2|ONE_SIDED_DOWN|21,1,35.80000000000139,0.0,0.0,0.0
03AM,B4_TIER_STATE_LOOPS,T2|ONE_SIDED_DOWN|24,1,99.89999999999942,0.0,0.0,0.0
03AM,B4_TIER_STATE_LOOPS,T2|ONE_SIDED_DOWN|26,1,24.900000000001032,0.0,0.0,0.0
03AM,B4_TIER_STATE_LOOPS,T2|ONE_SIDED_DOWN|27,1,31.399999999999206,0.0,0.0,0.0
03AM,B4_TIER_STATE_LOOPS,T2|ONE_SIDED_UP|20,1,28.69999999999928,0.0,0.0,0.0
03AM,B4_TIER_STATE_LOOPS,T2|ONE_SIDED_UP|28,1,14.299999999998203,0.0,0.0,0.0
03AM,B4_TIER_STATE_LOOPS,T2|ONE_SIDED_UP|31,1,69.70000000000142,0.0,0.0,0.0
03AM,B4_TIER_STATE_LOOPS,T2|OVER_COMPLETED|13,1,16.400000000000855,0.0,0.0,0.0
03AM,B4_TIER_STATE_LOOPS,T2|OVER_COMPLETED|21,1,87.8000000000001,0.0,0.0,0.0
03AM,B4_TIER_STATE_LOOPS,T2|OVER_COMPLETED|23,3,53.000000000000824,17.86666666666677,26.80000000000016,16.100000000001117
03AM,B4_TIER_STATE_LOOPS,T2|OVER_COMPLETED|26,1,53.099999999999255,0.0,0.0,0.0
03AM,B4_TIER_STATE_LOOPS,T2|OVER_COMPLETED|27,3,29.400000000001647,18.43333333333271,27.64999999999906,8.900000000000574
03AM,B4_TIER_STATE_LOOPS,T2|OVER_COMPLETED|32,2,21.549999999999066,2.249999999999199,2.2499999999992006,2.249999999999199
03AM,B4_TIER_STATE_LOOPS,T2|OVER_COMPLETED|33,2,58.050000000000594,31.849999999999934,31.84999999999993,31.849999999999934
03AM,B4_TIER_STATE_LOOPS,T2|PARTIAL_LOOP|8,1,55.59999999999788,0.0,0.0,0.0
03AM,B4_TIER_STATE_LOOPS,T2|PARTIAL_LOOP|11,1,13.900000000000023,0.0,0.0,0.0
03AM,B4_TIER_STATE_LOOPS,T2|PARTIAL_LOOP|15,1,110.69999999999912,0.0,0.0,0.0
03AM,B4_TIER_STATE_LOOPS,T2|PARTIAL_LOOP|16,1,68.70000000000154,0.0,0.0,0.0
03AM,B4_TIER_STATE_LOOPS,T2|PARTIAL_LOOP|17,3,23.29999999999943,7.63333333333301,11.449999999999513,9.600000000000719
03AM,B4_TIER_STATE_LOOPS,T2|PARTIAL_LOOP|18,3,38.59999999999974,17.333333333332902,25.999999999999353,21.69999999999783
03AM,B4_TIER_STATE_LOOPS,T2|PARTIAL_LOOP|19,2,17.000000000001457,11.899999999999133,11.899999999999135,11.899999999999133
03AM,B4_TIER_STATE_LOOPS,T2|PARTIAL_LOOP|20,3,55.0000000000006,21.09999999999982,31.64999999999973,14.799999999999258
03AM,B4_TIER_STATE_LOOPS,T2|PARTIAL_LOOP|21,7,41.70000000000229,11.728571428570865,12.499999999998622,4.099999999997991
03AM,B4_TIER_STATE_LOOPS,T2|PARTIAL_LOOP|22,8,29.600000000000733,17.762500000000067,31.4500000000012,18.000000000000238
03AM,B4_TIER_STATE_LOOPS,T2|PARTIAL_LOOP|23,11,36.30000000000244,14.145454545454761,17.949999999998802,9.199999999995875
03AM,B4_TIER_STATE_LOOPS,T2|PARTIAL_LOOP|24,6,35.6500000000004,16.083333333332487,21.574999999998667,11.599999999999385
03AM,B4_TIER_STATE_LOOPS,T2|PARTIAL_LOOP|25,8,40.99999999999992,18.724999999999714,19.424999999999585,10.000000000000007
03AM,B4_TIER_STATE_LOOPS,T2|PARTIAL_LOOP|26,10,33.050000000000026,24.55999999999969,25.449999999997974,13.299999999999429
03AM,B4_TIER_STATE_LOOPS,T2|PARTIAL_LOOP|27,7,60.39999999999823,30.328571428570914,47.14999999999802,33.49999999999742
03AM,B4_TIER_STATE_LOOPS,T2|PARTIAL_LOOP|28,6,52.299999999999564,21.21666666666688,31.825000000000323,18.350000000000314
03AM,B4_TIER_STATE_LOOPS,T2|PARTIAL_LOOP|29,2,47.250000000000895,18.549999999999397,18.549999999999393,18.549999999999397
03AM,B4_TIER_STATE_LOOPS,T2|PARTIAL_LOOP|30,6,60.299999999998676,9.866666666667284,10.025000000001839,5.950000000001232
03AM,B4_TIER_STATE_LOOPS,T2|PARTIAL_LOOP|31,9,69.30000000000102,17.811111111111344,35.00000000000058,15.099999999999014
03AM,B4_TIER_STATE_LOOPS,T2|PARTIAL_LOOP|32,4,38.7000000000004,11.499999999999847,15.899999999999814,9.750000000000595
03AM,B4_TIER_STATE_LOOPS,T2|PARTIAL_LOOP|33,1,85.30000000000148,0.0,0.0,0.0
03AM,B4_TIER_STATE_LOOPS,T2|PARTIAL_LOOP|34,7,49.20000000000257,13.685714285714484,12.100000000000435,5.7000000000018005
03AM,B4_TIER_STATE_LOOPS,T2|PARTIAL_LOOP|35,3,74.69999999999865,15.466666666665851,23.19999999999878,17.400000000000745
03AM,B4_TIER_STATE_LOOPS,T2|PARTIAL_LOOP|36,2,67.25000000000091,24.150000000000567,24.15000000000056,24.150000000000567
03AM,B4_TIER_STATE_LOOPS,T2|PARTIAL_LOOP|37,1,81.40000000000036,0.0,0.0,0.0
03AM,B4_TIER_STATE_LOOPS,T2|PARTIAL_LOOP|42,1,104.00000000000188,0.0,0.0,0.0
03AM,B4_TIER_STATE_LOOPS,T3|FULL_LOOP|19,1,17.499999999999183,0.0,0.0,0.0
03AM,B4_TIER_STATE_LOOPS,T3|FULL_LOOP|21,1,110.19999999999808,0.0,0.0,0.0
03AM,B4_TIER_STATE_LOOPS,T3|FULL_LOOP|25,2,65.74999999999997,59.050000000000495,59.05000000000049,59.050000000000495
03AM,B4_TIER_STATE_LOOPS,T3|FULL_LOOP|27,1,41.19999999999901,0.0,0.0,0.0
03AM,B4_TIER_STATE_LOOPS,T3|FULL_LOOP|33,1,209.20000000000047,0.0,0.0,0.0
03AM,B4_TIER_STATE_LOOPS,T3|OVER_COMPLETED|15,1,30.900000000000375,0.0,0.0,0.0
03AM,B4_TIER_STATE_LOOPS,T3|OVER_COMPLETED|16,1,61.29999999999968,0.0,0.0,0.0
03AM,B4_TIER_STATE_LOOPS,T3|OVER_COMPLETED|18,1,17.400000000000745,0.0,0.0,0.0
03AM,B4_TIER_STATE_LOOPS,T3|OVER_COMPLETED|20,1,15.300000000000317,0.0,0.0,0.0
03AM,B4_TIER_STATE_LOOPS,T3|OVER_COMPLETED|21,2,46.450000000000095,18.949999999999797,18.949999999999804,18.949999999999797
03AM,B4_TIER_STATE_LOOPS,T3|OVER_COMPLETED|23,2,28.20000000000045,21.599999999999397,21.599999999999397,21.599999999999397
03AM,B4_TIER_STATE_LOOPS,T3|OVER_COMPLETED|25,2,36.599999999999966,4.599999999999049,4.599999999999056,4.599999999999049
03AM,B4_TIER_STATE_LOOPS,T3|OVER_COMPLETED|27,1,69.19999999999814,0.0,0.0,0.0
03AM,B4_TIER_STATE_LOOPS,T3|OVER_COMPLETED|28,1,31.499999999999858,0.0,0.0,0.0
03AM,B4_TIER_STATE_LOOPS,T3|OVER_COMPLETED|30,1,56.89999999999973,0.0,0.0,0.0
03AM,B4_TIER_STATE_LOOPS,T3|OVER_COMPLETED|34,1,35.50000000000164,0.0,0.0,0.0
03AM,B4_TIER_STATE_LOOPS,T3|OVER_COMPLETED|36,1,37.60000000000207,0.0,0.0,0.0
03AM,B4_TIER_STATE_LOOPS,T3|OVER_COMPLETED|37,1,59.20000000000147,0.0,0.0,0.0
03AM,B4_TIER_STATE_LOOPS,T3|PARTIAL_LOOP|12,1,10.099999999999554,0.0,0.0,0.0
03AM,B4_TIER_STATE_LOOPS,T3|PARTIAL_LOOP|14,1,13.399999999998968,0.0,0.0,0.0
03AM,B4_TIER_STATE_LOOPS,T3|PARTIAL_LOOP|15,1,41.70000000000006,0.0,0.0,0.0
03AM,B4_TIER_STATE_LOOPS,T3|PARTIAL_LOOP|17,1,40.19999999999912,0.0,0.0,0.0
03AM,B4_TIER_STATE_LOOPS,T3|PARTIAL_LOOP|19,1,31.200000000000117,0.0,0.0,0.0
03AM,B4_TIER_STATE_LOOPS,T3|PARTIAL_LOOP|20,3,31.999999999998696,10.099999999999552,15.14999999999933,8.09999999999977
03AM,B4_TIER_STATE_LOOPS,T3|PARTIAL_LOOP|21,2,38.65000000000008,24.049999999999905,24.0499999999999,24.049999999999905
03AM,B4_TIER_STATE_LOOPS,T3|PARTIAL_LOOP|22,2,46.94999999999894,29.049999999999358,29.049999999999358,29.049999999999358
03AM,B4_TIER_STATE_LOOPS,T3|PARTIAL_LOOP|24,4,26.50000000000041,4.949999999999679,7.949999999999349,3.6499999999994905
03AM,B4_TIER_STATE_LOOPS,T3|PARTIAL_LOOP|25,1,44.50000000000064,0.0,0.0,0.0
03AM,B4_TIER_STATE_LOOPS,T3|PARTIAL_LOOP|26,5,52.499999999999766,14.540000000000216,20.900000000001462,8.399999999999515
03AM,B4_TIER_STATE_LOOPS,T3|PARTIAL_LOOP|27,2,22.499999999999744,2.7999999999994714,2.7999999999994714,2.7999999999994714
03AM,B4_TIER_STATE_LOOPS,T3|PARTIAL_LOOP|28,3,31.60000000000052,8.266666666666788,12.400000000000183,3.9000000000011283
03AM,B4_TIER_STATE_LOOPS,T3|PARTIAL_LOOP|29,1,84.19999999999872,0.0,0.0,0.0
03AM,B4_TIER_STATE_LOOPS,T3|PARTIAL_LOOP|30,2,52.14999999999969,1.149999999998652,1.1499999999986485,1.149999999998652
03AM,B4_TIER_STATE_LOOPS,T3|PARTIAL_LOOP|31,4,50.30000000000089,18.774999999999764,29.274999999999714,13.299999999999422
03AM,B4_TIER_STATE_LOOPS,T3|PARTIAL_LOOP|32,2,74.3499999999997,25.749999999998824,25.74999999999882,25.749999999998824
03AM,B4_TIER_STATE_LOOPS,T3|PARTIAL_LOOP|33,1,76.89999999999975,0.0,0.0,0.0
03AM,B4_TIER_STATE_LOOPS,T3|PARTIAL_LOOP|34,1,130.70000000000135,0.0,0.0,0.0
03AM,B4_TIER_STATE_LOOPS,T3|PARTIAL_LOOP|35,1,15.899999999999807,0.0,0.0,0.0
03AM,B5_TIER_STATE_LOOPS_BALANCE,MISSING|AR_NO_GO_STATE|0|BALANCED,1,24.100000000000236,0.0,0.0,0.0
03AM,B5_TIER_STATE_LOOPS_BALANCE,MISSING|AR_NO_GO_STATE|0|DOWN_HEAVY,4,45.4500000000002,24.675000000000118,33.82500000000012,17.70000000000049
03AM,B5_TIER_STATE_LOOPS_BALANCE,MISSING|AR_NO_GO_STATE|0|UP_HEAVY,5,55.000000000000604,23.539999999999672,33.09999999999924,22.49999999999863
03AM,B5_TIER_STATE_LOOPS_BALANCE,T1|BALANCED_ASIA|10|DOWN_HEAVY,1,38.000000000000256,0.0,0.0,0.0
03AM,B5_TIER_STATE_LOOPS_BALANCE,T1|BALANCED_ASIA|12|UP_HEAVY,1,30.099999999999568,0.0,0.0,0.0
03AM,B5_TIER_STATE_LOOPS_BALANCE,T1|BALANCED_ASIA|13|UP_HEAVY,1,109.2000000000004,0.0,0.0,0.0
03AM,B5_TIER_STATE_LOOPS_BALANCE,T1|BALANCED_ASIA|14|UP_LEAN,1,21.10000000000056,0.0,0.0,0.0
03AM,B5_TIER_STATE_LOOPS_BALANCE,T1|BALANCED_ASIA|15|BALANCED,1,15.099999999999003,0.0,0.0,0.0
03AM,B5_TIER_STATE_LOOPS_BALANCE,T1|BALANCED_ASIA|15|UP_LEAN,1,49.49999999999788,0.0,0.0,0.0
03AM,B5_TIER_STATE_LOOPS_BALANCE,T1|BALANCED_ASIA|16|UP_LEAN,1,48.39999999999955,0.0,0.0,0.0
03AM,B5_TIER_STATE_LOOPS_BALANCE,T1|BALANCED_ASIA|17|UP_HEAVY,2,31.49999999999986,3.199999999998763,3.1999999999987594,3.199999999998763
03AM,B5_TIER_STATE_LOOPS_BALANCE,T1|BALANCED_ASIA|17|UP_LEAN,1,25.599999999998953,0.0,0.0,0.0
03AM,B5_TIER_STATE_LOOPS_BALANCE,T1|BALANCED_ASIA|18|DOWN_HEAVY,1,40.19999999999912,0.0,0.0,0.0
03AM,B5_TIER_STATE_LOOPS_BALANCE,T1|BALANCED_ASIA|18|UP_LEAN,1,10.600000000000609,0.0,0.0,0.0
03AM,B5_TIER_STATE_LOOPS_BALANCE,T1|BALANCED_ASIA|20|DOWN_HEAVY,2,51.05000000000136,20.850000000001142,20.85000000000114,20.850000000001142
03AM,B5_TIER_STATE_LOOPS_BALANCE,T1|BALANCED_ASIA|20|DOWN_LEAN,1,23.500000000000743,0.0,0.0,0.0
03AM,B5_TIER_STATE_LOOPS_BALANCE,T1|BALANCED_ASIA|20|UP_LEAN,1,42.90000000000127,0.0,0.0,0.0
03AM,B5_TIER_STATE_LOOPS_BALANCE,T1|BALANCED_ASIA|21|DOWN_HEAVY,2,38.89999999999949,6.8999999999985775,6.89999999999857,6.8999999999985775
03AM,B5_TIER_STATE_LOOPS_BALANCE,T1|BALANCED_ASIA|21|UP_HEAVY,2,50.99999999999993,14.699999999999715,14.699999999999712,14.699999999999715
03AM,B5_TIER_STATE_LOOPS_BALANCE,T1|BALANCED_ASIA|22|BALANCED,1,50.00000000000115,0.0,0.0,0.0
03AM,B5_TIER_STATE_LOOPS_BALANCE,T1|BALANCED_ASIA|23|DOWN_HEAVY,3,53.59999999999809,19.533333333333257,29.299999999999883,18.700000000000387
03AM,B5_TIER_STATE_LOOPS_BALANCE,T1|BALANCED_ASIA|23|UP_HEAVY,1,44.90000000000104,0.0,0.0,0.0
03AM,B5_TIER_STATE_LOOPS_BALANCE,T1|BALANCED_ASIA|23|UP_LEAN,1,26.200000000000667,0.0,0.0,0.0
03AM,B5_TIER_STATE_LOOPS_BALANCE,T1|BALANCED_ASIA|24|DOWN_HEAVY,2,33.94999999999926,13.050000000000004,13.05,13.050000000000004
03AM,B5_TIER_STATE_LOOPS_BALANCE,T1|BALANCED_ASIA|24|DOWN_LEAN,2,35.89999999999982,2.1999999999988695,2.199999999998873,2.1999999999988695
03AM,B5_TIER_STATE_LOOPS_BALANCE,T1|BALANCED_ASIA|25|BALANCED,1,38.699999999998184,0.0,0.0,0.0
03AM,B5_TIER_STATE_LOOPS_BALANCE,T1|BALANCED_ASIA|25|UP_HEAVY,1,102.99999999999754,0.0,0.0,0.0
03AM,B5_TIER_STATE_LOOPS_BALANCE,T1|BALANCED_ASIA|26|BALANCED,1,37.8999999999996,0.0,0.0,0.0
03AM,B5_TIER_STATE_LOOPS_BALANCE,T1|BALANCED_ASIA|26|DOWN_LEAN,1,26.200000000000667,0.0,0.0,0.0
03AM,B5_TIER_STATE_LOOPS_BALANCE,T1|BALANCED_ASIA|26|UP_HEAVY,1,79.80000000000098,0.0,0.0,0.0
03AM,B5_TIER_STATE_LOOPS_BALANCE,T1|BALANCED_ASIA|28|BALANCED,1,21.599999999999397,0.0,0.0,0.0
03AM,B5_TIER_STATE_LOOPS_BALANCE,T1|BALANCED_ASIA|28|DOWN_HEAVY,1,35.199999999999676,0.0,0.0,0.0
03AM,B5_TIER_STATE_LOOPS_BALANCE,T1|BALANCED_ASIA|29|DOWN_HEAVY,1,66.19999999999847,0.0,0.0,0.0
03AM,B5_TIER_STATE_LOOPS_BALANCE,T1|BALANCED_ASIA|29|UP_HEAVY,2,121.89999999999921,58.59999999999976,58.59999999999977,58.59999999999976
03AM,B5_TIER_STATE_LOOPS_BALANCE,T1|BALANCED_ASIA|29|UP_LEAN,1,81.29999999999748,0.0,0.0,0.0
03AM,B5_TIER_STATE_LOOPS_BALANCE,T1|BALANCED_ASIA|30|BALANCED,1,17.000000000000348,0.0,0.0,0.0
03AM,B5_TIER_STATE_LOOPS_BALANCE,T1|BALANCED_ASIA|30|DOWN_LEAN,1,22.999999999999684,0.0,0.0,0.0
03AM,B5_TIER_STATE_LOOPS_BALANCE,T1|BALANCED_ASIA|30|UP_LEAN,1,60.39999999999823,0.0,0.0,0.0
03AM,B5_TIER_STATE_LOOPS_BALANCE,T1|BALANCED_ASIA|31|DOWN_HEAVY,1,90.10000000000184,0.0,0.0,0.0
03AM,B5_TIER_STATE_LOOPS_BALANCE,T1|BALANCED_ASIA|31|UP_HEAVY,1,61.80000000000074,0.0,0.0,0.0
03AM,B5_TIER_STATE_LOOPS_BALANCE,T1|BALANCED_ASIA|31|UP_LEAN,1,65.99999999999939,0.0,0.0,0.0
03AM,B5_TIER_STATE_LOOPS_BALANCE,T1|BALANCED_ASIA|32|DOWN_HEAVY,1,38.599999999999746,0.0,0.0,0.0
03AM,B5_TIER_STATE_LOOPS_BALANCE,T1|BALANCED_ASIA|33|DOWN_LEAN,1,72.69999999999888,0.0,0.0,0.0
03AM,B5_TIER_STATE_LOOPS_BALANCE,T1|BALANCED_ASIA|33|UP_HEAVY,1,93.700000000001,0.0,0.0,0.0
03AM,B5_TIER_STATE_LOOPS_BALANCE,T1|BALANCED_ASIA|33|UP_LEAN,1,23.300000000001653,0.0,0.0,0.0
03AM,B5_TIER_STATE_LOOPS_BALANCE,T1|BALANCED_ASIA|37|BALANCED,1,34.60000000000241,0.0,0.0,0.0
03AM,B5_TIER_STATE_LOOPS_BALANCE,T1|BALANCED_ASIA|38|UP_HEAVY,1,47.399999999999665,0.0,0.0,0.0
03AM,B5_TIER_STATE_LOOPS_BALANCE,T1|BALANCED_ASIA|39|DOWN_HEAVY,1,61.099999999998374,0.0,0.0,0.0
03AM,B5_TIER_STATE_LOOPS_BALANCE,T1|BALANCED_ASIA|42|UP_LEAN,1,30.099999999999568,0.0,0.0,0.0
03AM,B5_TIER_STATE_LOOPS_BALANCE,T1|ONE_SIDED_DOWN|15|DOWN_HEAVY,1,60.2999999999998,0.0,0.0,0.0
03AM,B5_TIER_STATE_LOOPS_BALANCE,T1|ONE_SIDED_DOWN|16|UP_HEAVY,1,41.999999999999815,0.0,0.0,0.0
03AM,B5_TIER_STATE_LOOPS_BALANCE,T1|ONE_SIDED_DOWN|17|UP_HEAVY,1,26.400000000001977,0.0,0.0,0.0
03AM,B5_TIER_STATE_LOOPS_BALANCE,T1|ONE_SIDED_DOWN|19|DOWN_LEAN,1,12.799999999999478,0.0,0.0,0.0
03AM,B5_TIER_STATE_LOOPS_BALANCE,T1|ONE_SIDED_DOWN|20|BALANCED,1,26.399999999999753,0.0,0.0,0.0
03AM,B5_TIER_STATE_LOOPS_BALANCE,T1|ONE_SIDED_DOWN|20|DOWN_HEAVY,1,27.200000000000557,0.0,0.0,0.0
03AM,B5_TIER_STATE_LOOPS_BALANCE,T1|ONE_SIDED_DOWN|20|UP_HEAVY,1,51.300000000000786,0.0,0.0,0.0
03AM,B5_TIER_STATE_LOOPS_BALANCE,T1|ONE_SIDED_DOWN|21|BALANCED,1,27.5000000000003,0.0,0.0,0.0
03AM,B5_TIER_STATE_LOOPS_BALANCE,T1|ONE_SIDED_DOWN|21|DOWN_HEAVY,1,128.69999999999936,0.0,0.0,0.0
03AM,B5_TIER_STATE_LOOPS_BALANCE,T1|ONE_SIDED_DOWN|21|DOWN_LEAN,1,44.39999999999999,0.0,0.0,0.0
03AM,B5_TIER_STATE_LOOPS_BALANCE,T1|ONE_SIDED_DOWN|22|DOWN_LEAN,1,25.10000000000012,0.0,0.0,0.0
03AM,B5_TIER_STATE_LOOPS_BALANCE,T1|ONE_SIDED_DOWN|22|UP_LEAN,1,20.199999999999104,0.0,0.0,0.0
03AM,B5_TIER_STATE_LOOPS_BALANCE,T1|ONE_SIDED_DOWN|23|DOWN_HEAVY,1,32.2,0.0,0.0,0.0
03AM,B5_TIER_STATE_LOOPS_BALANCE,T1|ONE_SIDED_DOWN|23|DOWN_LEAN,1,51.90000000000028,0.0,0.0,0.0
03AM,B5_TIER_STATE_LOOPS_BALANCE,T1|ONE_SIDED_DOWN|23|UP_HEAVY,1,34.79999999999927,0.0,0.0,0.0
03AM,B5_TIER_STATE_LOOPS_BALANCE,T1|ONE_SIDED_DOWN|24|UP_LEAN,1,33.700000000000955,0.0,0.0,0.0
03AM,B5_TIER_STATE_LOOPS_BALANCE,T1|ONE_SIDED_DOWN|25|DOWN_LEAN,1,28.000000000001357,0.0,0.0,0.0
03AM,B5_TIER_STATE_LOOPS_BALANCE,T1|ONE_SIDED_DOWN|25|UP_HEAVY,1,33.90000000000004,0.0,0.0,0.0
03AM,B5_TIER_STATE_LOOPS_BALANCE,T1|ONE_SIDED_DOWN|26|BALANCED,1,44.10000000000025,0.0,0.0,0.0
03AM,B5_TIER_STATE_LOOPS_BALANCE,T1|ONE_SIDED_DOWN|26|UP_HEAVY,1,25.800000000000267,0.0,0.0,0.0
03AM,B5_TIER_STATE_LOOPS_BALANCE,T1|ONE_SIDED_DOWN|27|BALANCED,1,17.099999999998783,0.0,0.0,0.0
03AM,B5_TIER_STATE_LOOPS_BALANCE,T1|ONE_SIDED_DOWN|27|UP_LEAN,1,44.2000000000009,0.0,0.0,0.0
03AM,B5_TIER_STATE_LOOPS_BALANCE,T1|ONE_SIDED_DOWN|29|UP_HEAVY,1,79.10000000000305,0.0,0.0,0.0
03AM,B5_TIER_STATE_LOOPS_BALANCE,T1|ONE_SIDED_DOWN|30|UP_HEAVY,1,73.09999999999927,0.0,0.0,0.0
03AM,B5_TIER_STATE_LOOPS_BALANCE,T1|ONE_SIDED_DOWN|30|UP_LEAN,1,23.999999999997353,0.0,0.0,0.0
03AM,B5_TIER_STATE_LOOPS_BALANCE,T1|ONE_SIDED_DOWN|33|UP_HEAVY,1,59.100000000000804,0.0,0.0,0.0
03AM,B5_TIER_STATE_LOOPS_BALANCE,T1|ONE_SIDED_DOWN|35|UP_LEAN,1,24.199999999998667,0.0,0.0,0.0
03AM,B5_TIER_STATE_LOOPS_BALANCE,T1|ONE_SIDED_DOWN|36|BALANCED,1,31.89999999999804,0.0,0.0,0.0
03AM,B5_TIER_STATE_LOOPS_BALANCE,T1|ONE_SIDED_UP|17|DOWN_HEAVY,1,22.699999999997722,0.0,0.0,0.0
03AM,B5_TIER_STATE_LOOPS_BALANCE,T1|ONE_SIDED_UP|17|UP_HEAVY,1,56.59999999999998,0.0,0.0,0.0
03AM,B5_TIER_STATE_LOOPS_BALANCE,T1|ONE_SIDED_UP|18|BALANCED,1,7.7000000000015945,0.0,0.0,0.0
03AM,B5_TIER_STATE_LOOPS_BALANCE,T1|ONE_SIDED_UP|19|UP_HEAVY,1,52.69999999999885,0.0,0.0,0.0
03AM,B5_TIER_STATE_LOOPS_BALANCE,T1|ONE_SIDED_UP|20|DOWN_HEAVY,1,43.90000000000116,0.0,0.0,0.0
03AM,B5_TIER_STATE_LOOPS_BALANCE,T1|ONE_SIDED_UP|20|UP_LEAN,1,53.69999999999874,0.0,0.0,0.0
03AM,B5_TIER_STATE_LOOPS_BALANCE,T1|ONE_SIDED_UP|21|BALANCED,1,33.30000000000055,0.0,0.0,0.0
03AM,B5_TIER_STATE_LOOPS_BALANCE,T1|ONE_SIDED_UP|21|DOWN_HEAVY,1,72.99999999999862,0.0,0.0,0.0
03AM,B5_TIER_STATE_LOOPS_BALANCE,T1|ONE_SIDED_UP|22|DOWN_HEAVY,1,41.70000000000007,0.0,0.0,0.0
03AM,B5_TIER_STATE_LOOPS_BALANCE,T1|ONE_SIDED_UP|22|DOWN_LEAN,1,27.999999999999133,0.0,0.0,0.0
03AM,B5_TIER_STATE_LOOPS_BALANCE,T1|ONE_SIDED_UP|24|BALANCED,1,43.80000000000051,0.0,0.0,0.0
03AM,B5_TIER_STATE_LOOPS_BALANCE,T1|ONE_SIDED_UP|24|UP_HEAVY,1,36.50000000000153,0.0,0.0,0.0
03AM,B5_TIER_STATE_LOOPS_BALANCE,T1|ONE_SIDED_UP|25|BALANCED,1,41.59999999999941,0.0,0.0,0.0
03AM,B5_TIER_STATE_LOOPS_BALANCE,T1|ONE_SIDED_UP|26|UP_LEAN,1,32.499999999999744,0.0,0.0,0.0
03AM,B5_TIER_STATE_LOOPS_BALANCE,T1|ONE_SIDED_UP|27|UP_HEAVY,1,131.39999999999927,0.0,0.0,0.0
03AM,B5_TIER_STATE_LOOPS_BALANCE,T1|ONE_SIDED_UP|28|BALANCED,1,28.199999999998226,0.0,0.0,0.0
03AM,B5_TIER_STATE_LOOPS_BALANCE,T1|ONE_SIDED_UP|28|DOWN_HEAVY,2,32.05000000000013,1.1499999999997588,1.149999999999757,1.1499999999997588
03AM,B5_TIER_STATE_LOOPS_BALANCE,T1|ONE_SIDED_UP|28|UP_HEAVY,3,41.600000000001636,26.133333333332825,39.199999999999235,2.20000000000109
03AM,B5_TIER_STATE_LOOPS_BALANCE,T1|ONE_SIDED_UP|29|DOWN_HEAVY,1,39.59999999999964,0.0,0.0,0.0
03AM,B5_TIER_STATE_LOOPS_BALANCE,T1|ONE_SIDED_UP|29|DOWN_LEAN,1,9.200000000000319,0.0,0.0,0.0
03AM,B5_TIER_STATE_LOOPS_BALANCE,T1|ONE_SIDED_UP|29|UP_HEAVY,1,83.10000000000039,0.0,0.0,0.0
03AM,B5_TIER_STATE_LOOPS_BALANCE,T1|ONE_SIDED_UP|30|DOWN_LEAN,1,50.99999999999882,0.0,0.0,0.0
03AM,B5_TIER_STATE_LOOPS_BALANCE,T1|ONE_SIDED_UP|31|DOWN_HEAVY,1,58.10000000000093,0.0,0.0,0.0
03AM,B5_TIER_STATE_LOOPS_BALANCE,T1|ONE_SIDED_UP|32|UP_HEAVY,1,56.89999999999972,0.0,0.0,0.0
03AM,B5_TIER_STATE_LOOPS_BALANCE,T1|ONE_SIDED_UP|34|BALANCED,1,27.800000000002267,0.0,0.0,0.0
03AM,B5_TIER_STATE_LOOPS_BALANCE,T1|ONE_SIDED_UP|36|DOWN_HEAVY,1,52.30000000000068,0.0,0.0,0.0
03AM,B5_TIER_STATE_LOOPS_BALANCE,T1|PARTIAL_LOOP|14|BALANCED,1,28.099999999997568,0.0,0.0,0.0
03AM,B5_TIER_STATE_LOOPS_BALANCE,T1|PARTIAL_LOOP|16|DOWN_LEAN,1,83.69999999999766,0.0,0.0,0.0
03AM,B5_TIER_STATE_LOOPS_BALANCE,T1|PARTIAL_LOOP|17|UP_HEAVY,1,18.900000000001693,0.0,0.0,0.0
03AM,B5_TIER_STATE_LOOPS_BALANCE,T1|PARTIAL_LOOP|17|UP_LEAN,1,40.999999999997705,0.0,0.0,0.0
03AM,B5_TIER_STATE_LOOPS_BALANCE,T1|PARTIAL_LOOP|18|BALANCED,1,12.899999999997913,0.0,0.0,0.0
03AM,B5_TIER_STATE_LOOPS_BALANCE,T1|PARTIAL_LOOP|18|DOWN_HEAVY,1,57.000000000000384,0.0,0.0,0.0
03AM,B5_TIER_STATE_LOOPS_BALANCE,T1|PARTIAL_LOOP|18|UP_HEAVY,4,52.65000000000075,8.57500000000011,12.524999999999338,4.95000000000023
03AM,B5_TIER_STATE_LOOPS_BALANCE,T1|PARTIAL_LOOP|19|BALANCED,1,13.099999999999223,0.0,0.0,0.0
03AM,B5_TIER_STATE_LOOPS_BALANCE,T1|PARTIAL_LOOP|19|DOWN_LEAN,1,58.00000000000027,0.0,0.0,0.0
03AM,B5_TIER_STATE_LOOPS_BALANCE,T1|PARTIAL_LOOP|19|UP_HEAVY,2,53.5999999999992,4.600000000000154,4.600000000000158,4.600000000000154
03AM,B5_TIER_STATE_LOOPS_BALANCE,T1|PARTIAL_LOOP|20|BALANCED,1,29.799999999997603,0.0,0.0,0.0
03AM,B5_TIER_STATE_LOOPS_BALANCE,T1|PARTIAL_LOOP|20|DOWN_HEAVY,1,21.999999999999794,0.0,0.0,0.0
03AM,B5_TIER_STATE_LOOPS_BALANCE,T1|PARTIAL_LOOP|20|UP_HEAVY,1,59.80000000000096,0.0,0.0,0.0
03AM,B5_TIER_STATE_LOOPS_BALANCE,T1|PARTIAL_LOOP|21|UP_HEAVY,1,34.10000000000135,0.0,0.0,0.0
03AM,B5_TIER_STATE_LOOPS_BALANCE,T1|PARTIAL_LOOP|22|DOWN_HEAVY,2,30.00000000000003,8.400000000000633,8.400000000000635,8.400000000000633
03AM,B5_TIER_STATE_LOOPS_BALANCE,T1|PARTIAL_LOOP|22|UP_HEAVY,2,23.54999999999996,15.649999999999276,15.649999999999277,15.649999999999276
03AM,B5_TIER_STATE_LOOPS_BALANCE,T1|PARTIAL_LOOP|23|BALANCED,1,20.399999999998194,0.0,0.0,0.0
03AM,B5_TIER_STATE_LOOPS_BALANCE,T1|PARTIAL_LOOP|23|DOWN_LEAN,2,35.199999999999676,15.399999999998752,15.399999999998748,15.399999999998752
03AM,B5_TIER_STATE_LOOPS_BALANCE,T1|PARTIAL_LOOP|23|UP_HEAVY,1,18.900000000001693,0.0,0.0,0.0
03AM,B5_TIER_STATE_LOOPS_BALANCE,T1|PARTIAL_LOOP|23|UP_LEAN,1,4.100000000000215,0.0,0.0,0.0
03AM,B5_TIER_STATE_LOOPS_BALANCE,T1|PARTIAL_LOOP|24|BALANCED,1,23.599999999999177,0.0,0.0,0.0
03AM,B5_TIER_STATE_LOOPS_BALANCE,T1|PARTIAL_LOOP|24|DOWN_LEAN,2,46.4500000000001,37.24999999999979,37.24999999999977,37.24999999999979
03AM,B5_TIER_STATE_LOOPS_BALANCE,T1|PARTIAL_LOOP|24|UP_HEAVY,3,39.69999999999807,16.700000000000603,25.050000000000907,11.199999999997878
03AM,B5_TIER_STATE_LOOPS_BALANCE,T1|PARTIAL_LOOP|24|UP_LEAN,1,54.89999999999994,0.0,0.0,0.0
03AM,B5_TIER_STATE_LOOPS_BALANCE,T1|PARTIAL_LOOP|25|DOWN_HEAVY,3,24.999999999997247,5.533333333333316,8.299999999999972,1.399999999998073
03AM,B5_TIER_STATE_LOOPS_BALANCE,T1|PARTIAL_LOOP|25|DOWN_LEAN,2,40.1000000000018,9.000000000000117,9.00000000000012,9.000000000000117
03AM,B5_TIER_STATE_LOOPS_BALANCE,T1|PARTIAL_LOOP|25|UP_HEAVY,4,42.04999999999903,14.400000000000524,18.55000000000217,9.949999999999681
03AM,B5_TIER_STATE_LOOPS_BALANCE,T1|PARTIAL_LOOP|26|DOWN_HEAVY,2,63.60000000000032,29.099999999998573,29.099999999998573,29.099999999998573
03AM,B5_TIER_STATE_LOOPS_BALANCE,T1|PARTIAL_LOOP|26|DOWN_LEAN,1,30.499999999999968,0.0,0.0,0.0
03AM,B5_TIER_STATE_LOOPS_BALANCE,T1|PARTIAL_LOOP|26|UP_HEAVY,1,44.19999999999868,0.0,0.0,0.0
03AM,B5_TIER_STATE_LOOPS_BALANCE,T1|PARTIAL_LOOP|27|BALANCED,2,69.99999999999895,33.89999999999782,33.89999999999782,33.89999999999782
03AM,B5_TIER_STATE_LOOPS_BALANCE,T1|PARTIAL_LOOP|27|DOWN_HEAVY,7,42.70000000000218,6.428571428571353,4.549999999998718,2.6000000000014865
03AM,B5_TIER_STATE_LOOPS_BALANCE,T1|PARTIAL_LOOP|27|DOWN_LEAN,3,43.10000000000258,18.49999999999981,27.74999999999972,22.599999999997067
03AM,B5_TIER_STATE_LOOPS_BALANCE,T1|PARTIAL_LOOP|27|UP_LEAN,1,38.60000000000196,0.0,0.0,0.0
03AM,B5_TIER_STATE_LOOPS_BALANCE,T1|PARTIAL_LOOP|28|BALANCED,2,51.900000000000276,10.399999999999299,10.399999999999302,10.399999999999299
03AM,B5_TIER_STATE_LOOPS_BALANCE,T1|PARTIAL_LOOP|28|DOWN_HEAVY,4,63.45000000000045,14.100000000000225,24.750000000001165,13.550000000001063
03AM,B5_TIER_STATE_LOOPS_BALANCE,T1|PARTIAL_LOOP|28|UP_HEAVY,3,24.90000000000103,17.599999999999834,26.39999999999975,4.500000000000615
03AM,B5_TIER_STATE_LOOPS_BALANCE,T1|PARTIAL_LOOP|29|DOWN_HEAVY,2,39.149999999998904,15.849999999999474,15.849999999999476,15.849999999999474
03AM,B5_TIER_STATE_LOOPS_BALANCE,T1|PARTIAL_LOOP|29|UP_HEAVY,3,69.99999999999895,7.133333333334176,10.700000000001253,1.2000000000011966
03AM,B5_TIER_STATE_LOOPS_BALANCE,T1|PARTIAL_LOOP|30|BALANCED,1,25.699999999999612,0.0,0.0,0.0
03AM,B5_TIER_STATE_LOOPS_BALANCE,T1|PARTIAL_LOOP|30|DOWN_HEAVY,4,40.399999999998215,13.250000000000204,20.45000000000075,7.6499999999990465
03AM,B5_TIER_STATE_LOOPS_BALANCE,T1|PARTIAL_LOOP|30|DOWN_LEAN,1,19.000000000000128,0.0,0.0,0.0
03AM,B5_TIER_STATE_LOOPS_BALANCE,T1|PARTIAL_LOOP|30|UP_HEAVY,1,49.40000000000166,0.0,0.0,0.0
03AM,B5_TIER_STATE_LOOPS_BALANCE,T1|PARTIAL_LOOP|30|UP_LEAN,1,45.29999999999923,0.0,0.0,0.0
03AM,B5_TIER_STATE_LOOPS_BALANCE,T1|PARTIAL_LOOP|31|DOWN_HEAVY,2,59.80000000000096,14.89999999999991,14.899999999999906,14.89999999999991
03AM,B5_TIER_STATE_LOOPS_BALANCE,T1|PARTIAL_LOOP|31|DOWN_LEAN,3,46.200000000000685,8.100000000001254,12.150000000001882,7.400000000001853
03AM,B5_TIER_STATE_LOOPS_BALANCE,T1|PARTIAL_LOOP|31|UP_HEAVY,2,60.550000000000324,24.950000000000244,24.950000000000244,24.950000000000244
03AM,B5_TIER_STATE_LOOPS_BALANCE,T1|PARTIAL_LOOP|32|DOWN_HEAVY,1,49.300000000001006,0.0,0.0,0.0
03AM,B5_TIER_STATE_LOOPS_BALANCE,T1|PARTIAL_LOOP|32|DOWN_LEAN,3,37.70000000000273,3.9000000000011212,5.850000000001685,0.7000000000045858
03AM,B5_TIER_STATE_LOOPS_BALANCE,T1|PARTIAL_LOOP|32|UP_HEAVY,2,75.15000000000049,16.850000000000474,16.850000000000477,16.850000000000474
03AM,B5_TIER_STATE_LOOPS_BALANCE,T1|PARTIAL_LOOP|32|UP_LEAN,1,17.399999999998524,0.0,0.0,0.0
03AM,B5_TIER_STATE_LOOPS_BALANCE,T1|PARTIAL_LOOP|33|BALANCED,1,77.50000000000145,0.0,0.0,0.0
03AM,B5_TIER_STATE_LOOPS_BALANCE,T1|PARTIAL_LOOP|33|DOWN_HEAVY,1,50.09999999999958,0.0,0.0,0.0
03AM,B5_TIER_STATE_LOOPS_BALANCE,T1|PARTIAL_LOOP|33|DOWN_LEAN,1,52.49999999999976,0.0,0.0,0.0
03AM,B5_TIER_STATE_LOOPS_BALANCE,T1|PARTIAL_LOOP|34|DOWN_HEAVY,2,101.29999999999971,19.59999999999961,19.599999999999596,19.59999999999961
03AM,B5_TIER_STATE_LOOPS_BALANCE,T1|PARTIAL_LOOP|34|DOWN_LEAN,1,48.30000000000112,0.0,0.0,0.0
03AM,B5_TIER_STATE_LOOPS_BALANCE,T1|PARTIAL_LOOP|34|UP_HEAVY,1,115.09999999999908,0.0,0.0,0.0
03AM,B5_TIER_STATE_LOOPS_BALANCE,T1|PARTIAL_LOOP|34|UP_LEAN,1,37.59999999999985,0.0,0.0,0.0
03AM,B5_TIER_STATE_LOOPS_BALANCE,T1|PARTIAL_LOOP|35|BALANCED,1,47.399999999999665,0.0,0.0,0.0
03AM,B5_TIER_STATE_LOOPS_BALANCE,T1|PARTIAL_LOOP|35|UP_HEAVY,2,68.94999999999983,6.14999999999921,6.14999999999921,6.14999999999921
03AM,B5_TIER_STATE_LOOPS_BALANCE,T1|PARTIAL_LOOP|35|UP_LEAN,1,55.200000000001914,0.0,0.0,0.0
03AM,B5_TIER_STATE_LOOPS_BALANCE,T1|PARTIAL_LOOP|36|DOWN_HEAVY,2,78.95000000000095,19.549999999998175,19.549999999998178,19.549999999998175
03AM,B5_TIER_STATE_LOOPS_BALANCE,T1|PARTIAL_LOOP|36|DOWN_LEAN,1,63.9999999999996,0.0,0.0,0.0
03AM,B5_TIER_STATE_LOOPS_BALANCE,T1|PARTIAL_LOOP|38|DOWN_HEAVY,2,45.19999999999968,4.899999999999899,4.899999999999906,4.899999999999899
03AM,B5_TIER_STATE_LOOPS_BALANCE,T1|PARTIAL_LOOP|38|UP_LEAN,2,41.94999999999837,22.749999999999158,22.749999999999154,22.749999999999158
03AM,B5_TIER_STATE_LOOPS_BALANCE,T1|PARTIAL_LOOP|39|DOWN_HEAVY,1,78.79999999999887,0.0,0.0,0.0
03AM,B5_TIER_STATE_LOOPS_BALANCE,T1|PARTIAL_LOOP|40|DOWN_LEAN,2,62.9500000000005,15.749999999999929,15.749999999999936,15.749999999999929
03AM,B5_TIER_STATE_LOOPS_BALANCE,T1|PARTIAL_LOOP|40|UP_LEAN,1,31.799999999999603,0.0,0.0,0.0
03AM,B5_TIER_STATE_LOOPS_BALANCE,T1|PARTIAL_LOOP|43|DOWN_HEAVY,1,149.39999999999952,0.0,0.0,0.0
03AM,B5_TIER_STATE_LOOPS_BALANCE,T2|BALANCED_ASIA|32|UP_HEAVY,1,32.700000000001054,0.0,0.0,0.0
03AM,B5_TIER_STATE_LOOPS_BALANCE,T2|FULL_LOOP|20|DOWN_HEAVY,1,42.99999999999971,0.0,0.0,0.0
03AM,B5_TIER_STATE_LOOPS_BALANCE,T2|FULL_LOOP|21|DOWN_LEAN,1,13.400000000001189,0.0,0.0,0.0
03AM,B5_TIER_STATE_LOOPS_BALANCE,T2|FULL_LOOP|29|UP_HEAVY,1,37.50000000000142,0.0,0.0,0.0
03AM,B5_TIER_STATE_LOOPS_BALANCE,T2|FULL_LOOP|36|DOWN_LEAN,1,67.39999999999968,0.0,0.0,0.0
03AM,B5_TIER_STATE_LOOPS_BALANCE,T2|ONE_SIDED_DOWN|21|DOWN_LEAN,1,35.80000000000139,0.0,0.0,0.0
03AM,B5_TIER_STATE_LOOPS_BALANCE,T2|ONE_SIDED_DOWN|24|BALANCED,1,99.89999999999942,0.0,0.0,0.0
03AM,B5_TIER_STATE_LOOPS_BALANCE,T2|ONE_SIDED_DOWN|26|UP_HEAVY,1,24.900000000001032,0.0,0.0,0.0
03AM,B5_TIER_STATE_LOOPS_BALANCE,T2|ONE_SIDED_DOWN|27|UP_LEAN,1,31.399999999999206,0.0,0.0,0.0
03AM,B5_TIER_STATE_LOOPS_BALANCE,T2|ONE_SIDED_UP|20|UP_HEAVY,1,28.69999999999928,0.0,0.0,0.0
03AM,B5_TIER_STATE_LOOPS_BALANCE,T2|ONE_SIDED_UP|28|DOWN_LEAN,1,14.299999999998203,0.0,0.0,0.0
03AM,B5_TIER_STATE_LOOPS_BALANCE,T2|ONE_SIDED_UP|31|UP_HEAVY,1,69.70000000000142,0.0,0.0,0.0
03AM,B5_TIER_STATE_LOOPS_BALANCE,T2|OVER_COMPLETED|13|BALANCED,1,16.400000000000855,0.0,0.0,0.0
03AM,B5_TIER_STATE_LOOPS_BALANCE,T2|OVER_COMPLETED|21|DOWN_HEAVY,1,87.8000000000001,0.0,0.0,0.0
03AM,B5_TIER_STATE_LOOPS_BALANCE,T2|OVER_COMPLETED|23|DOWN_HEAVY,1,36.89999999999971,0.0,0.0,0.0
03AM,B5_TIER_STATE_LOOPS_BALANCE,T2|OVER_COMPLETED|23|UP_LEAN,2,71.75000000000043,18.749999999999595,18.749999999999588,18.749999999999595
03AM,B5_TIER_STATE_LOOPS_BALANCE,T2|OVER_COMPLETED|26|DOWN_LEAN,1,53.099999999999255,0.0,0.0,0.0
03AM,B5_TIER_STATE_LOOPS_BALANCE,T2|OVER_COMPLETED|27|BALANCED,1,20.500000000001073,0.0,0.0,0.0
03AM,B5_TIER_STATE_LOOPS_BALANCE,T2|OVER_COMPLETED|27|DOWN_HEAVY,2,52.60000000000042,23.199999999998777,23.19999999999878,23.199999999998777
03AM,B5_TIER_STATE_LOOPS_BALANCE,T2|OVER_COMPLETED|32|DOWN_HEAVY,1,23.799999999998267,0.0,0.0,0.0
03AM,B5_TIER_STATE_LOOPS_BALANCE,T2|OVER_COMPLETED|32|DOWN_LEAN,1,19.29999999999987,0.0,0.0,0.0
03AM,B5_TIER_STATE_LOOPS_BALANCE,T2|OVER_COMPLETED|33|BALANCED,1,26.200000000000664,0.0,0.0,0.0
03AM,B5_TIER_STATE_LOOPS_BALANCE,T2|OVER_COMPLETED|33|DOWN_HEAVY,1,89.90000000000053,0.0,0.0,0.0
03AM,B5_TIER_STATE_LOOPS_BALANCE,T2|PARTIAL_LOOP|8|DOWN_LEAN,1,55.59999999999788,0.0,0.0,0.0
03AM,B5_TIER_STATE_LOOPS_BALANCE,T2|PARTIAL_LOOP|11|UP_HEAVY,1,13.900000000000023,0.0,0.0,0.0
03AM,B5_TIER_STATE_LOOPS_BALANCE,T2|PARTIAL_LOOP|15|UP_HEAVY,1,110.69999999999912,0.0,0.0,0.0
03AM,B5_TIER_STATE_LOOPS_BALANCE,T2|PARTIAL_LOOP|16|DOWN_HEAVY,1,68.70000000000154,0.0,0.0,0.0
03AM,B5_TIER_STATE_LOOPS_BALANCE,T2|PARTIAL_LOOP|17|DOWN_HEAVY,1,32.90000000000015,0.0,0.0,0.0
03AM,B5_TIER_STATE_LOOPS_BALANCE,T2|PARTIAL_LOOP|17|UP_LEAN,2,16.650000000000276,6.649999999999155,6.649999999999157,6.649999999999155
03AM,B5_TIER_STATE_LOOPS_BALANCE,T2|PARTIAL_LOOP|18|DOWN_HEAVY,1,38.59999999999974,0.0,0.0,0.0
03AM,B5_TIER_STATE_LOOPS_BALANCE,T2|PARTIAL_LOOP|18|UP_HEAVY,2,42.90000000000126,25.999999999999353,25.999999999999357,25.999999999999353
03AM,B5_TIER_STATE_LOOPS_BALANCE,T2|PARTIAL_LOOP|19|DOWN_LEAN,2,17.000000000001457,11.899999999999133,11.899999999999135,11.899999999999133
03AM,B5_TIER_STATE_LOOPS_BALANCE,T2|PARTIAL_LOOP|20|BALANCED,1,6.500000000000394,0.0,0.0,0.0
03AM,B5_TIER_STATE_LOOPS_BALANCE,T2|PARTIAL_LOOP|20|DOWN_HEAVY,1,55.0000000000006,0.0,0.0,0.0
03AM,B5_TIER_STATE_LOOPS_BALANCE,T2|PARTIAL_LOOP|20|UP_HEAVY,1,69.79999999999986,0.0,0.0,0.0
03AM,B5_TIER_STATE_LOOPS_BALANCE,T2|PARTIAL_LOOP|21|BALANCED,2,25.400000000000972,13.800000000000479,13.800000000000477,13.800000000000479
03AM,B5_TIER_STATE_LOOPS_BALANCE,T2|PARTIAL_LOOP|21|DOWN_HEAVY,1,57.300000000000125,0.0,0.0,0.0
03AM,B5_TIER_STATE_LOOPS_BALANCE,T2|PARTIAL_LOOP|21|DOWN_LEAN,1,41.70000000000229,0.0,0.0,0.0
03AM,B5_TIER_STATE_LOOPS_BALANCE,T2|PARTIAL_LOOP|21|UP_HEAVY,1,68.6999999999993,0.0,0.0,0.0
03AM,B5_TIER_STATE_LOOPS_BALANCE,T2|PARTIAL_LOOP|21|UP_LEAN,2,42.350000000000996,3.449999999999285,3.4499999999992923,3.449999999999285
03AM,B5_TIER_STATE_LOOPS_BALANCE,T2|PARTIAL_LOOP|22|BALANCED,2,36.750000000000945,30.049999999999237,30.049999999999237,30.049999999999237
03AM,B5_TIER_STATE_LOOPS_BALANCE,T2|PARTIAL_LOOP|22|DOWN_HEAVY,1,19.899999999999363,0.0,0.0,0.0
03AM,B5_TIER_STATE_LOOPS_BALANCE,T2|PARTIAL_LOOP|22|DOWN_LEAN,3,24.90000000000103,7.933333333333496,11.900000000000244,9.399999999999409
03AM,B5_TIER_STATE_LOOPS_BALANCE,T2|PARTIAL_LOOP|22|UP_HEAVY,2,51.50000000000099,5.000000000000561,5.000000000000554,5.000000000000561
03AM,B5_TIER_STATE_LOOPS_BALANCE,T2|PARTIAL_LOOP|23|BALANCED,1,16.300000000000203,0.0,0.0,0.0
03AM,B5_TIER_STATE_LOOPS_BALANCE,T2|PARTIAL_LOOP|23|DOWN_HEAVY,3,41.89999999999916,3.0666666666652915,4.599999999997934,3.599999999999156
03AM,B5_TIER_STATE_LOOPS_BALANCE,T2|PARTIAL_LOOP|23|DOWN_LEAN,3,23.899999999998922,9.799999999999807,14.699999999999713,9.50000000000006
03AM,B5_TIER_STATE_LOOPS_BALANCE,T2|PARTIAL_LOOP|23|UP_HEAVY,4,43.90000000000116,16.499999999999844,20.499999999999403,10.149999999999881
03AM,B5_TIER_STATE_LOOPS_BALANCE,T2|PARTIAL_LOOP|24|DOWN_HEAVY,2,62.29999999999846,13.80000000000048,13.800000000000487,13.80000000000048
03AM,B5_TIER_STATE_LOOPS_BALANCE,T2|PARTIAL_LOOP|24|DOWN_LEAN,2,22.400000000000198,2.8999999999990145,2.899999999999011,2.8999999999990145
03AM,B5_TIER_STATE_LOOPS_BALANCE,T2|PARTIAL_LOOP|24|UP_HEAVY,2,35.6500000000004,8.34999999999919,8.349999999999191,8.34999999999919
03AM,B5_TIER_STATE_LOOPS_BALANCE,T2|PARTIAL_LOOP|25|BALANCED,1,24.599999999999067,0.0,0.0,0.0
03AM,B5_TIER_STATE_LOOPS_BALANCE,T2|PARTIAL_LOOP|25|DOWN_HEAVY,2,49.249999999999574,0.8500000000000121,0.8500000000000156,0.8500000000000121
03AM,B5_TIER_STATE_LOOPS_BALANCE,T2|PARTIAL_LOOP|25|UP_HEAVY,4,31.84999999999993,6.149999999999766,7.900000000000134,3.1499999999995403
03AM,B5_TIER_STATE_LOOPS_BALANCE,T2|PARTIAL_LOOP|25|UP_LEAN,1,118.49999999999915,0.0,0.0,0.0
03AM,B5_TIER_STATE_LOOPS_BALANCE,T2|PARTIAL_LOOP|26|DOWN_HEAVY,2,31.199999999999,12.999999999999678,12.99999999999968,12.999999999999678
03AM,B5_TIER_STATE_LOOPS_BALANCE,T2|PARTIAL_LOOP|26|DOWN_LEAN,2,21.399999999999196,6.700000000000596,6.7000000000006,6.700000000000596
03AM,B5_TIER_STATE_LOOPS_BALANCE,T2|PARTIAL_LOOP|26|UP_HEAVY,5,48.6999999999993,31.799999999999606,42.899999999999054,24.100000000000236
03AM,B5_TIER_STATE_LOOPS_BALANCE,T2|PARTIAL_LOOP|26|UP_LEAN,1,21.30000000000187,0.0,0.0,0.0
03AM,B5_TIER_STATE_LOOPS_BALANCE,T2|PARTIAL_LOOP|27|DOWN_HEAVY,4,43.64999999999952,37.87499999999943,54.62499999999814,26.449999999998976
03AM,B5_TIER_STATE_LOOPS_BALANCE,T2|PARTIAL_LOOP|27|DOWN_LEAN,1,75.49999999999724,0.0,0.0,0.0
03AM,B5_TIER_STATE_LOOPS_BALANCE,T2|PARTIAL_LOOP|27|UP_LEAN,2,38.44999999999987,22.84999999999981,22.84999999999981,22.84999999999981
03AM,B5_TIER_STATE_LOOPS_BALANCE,T2|PARTIAL_LOOP|28|DOWN_HEAVY,4,52.299999999999564,18.150000000000105,26.749999999999815,16.199999999999548
03AM,B5_TIER_STATE_LOOPS_BALANCE,T2|PARTIAL_LOOP|28|DOWN_LEAN,1,10.49999999999995,0.0,0.0,0.0
03AM,B5_TIER_STATE_LOOPS_BALANCE,T2|PARTIAL_LOOP|28|UP_LEAN,1,65.20000000000081,0.0,0.0,0.0
03AM,B5_TIER_STATE_LOOPS_BALANCE,T2|PARTIAL_LOOP|29|DOWN_HEAVY,1,28.700000000001502,0.0,0.0,0.0
03AM,B5_TIER_STATE_LOOPS_BALANCE,T2|PARTIAL_LOOP|29|UP_HEAVY,1,65.8000000000003,0.0,0.0,0.0
03AM,B5_TIER_STATE_LOOPS_BALANCE,T2|PARTIAL_LOOP|30|BALANCED,1,58.0999999999987,0.0,0.0,0.0
03AM,B5_TIER_STATE_LOOPS_BALANCE,T2|PARTIAL_LOOP|30|DOWN_HEAVY,3,62.49999999999866,8.600000000000833,12.900000000001256,8.200000000000422
03AM,B5_TIER_STATE_LOOPS_BALANCE,T2|PARTIAL_LOOP|30|DOWN_LEAN,1,37.19999999999945,0.0,0.0,0.0
03AM,B5_TIER_STATE_LOOPS_BALANCE,T2|PARTIAL_LOOP|30|UP_HEAVY,1,66.2000000000007,0.0,0.0,0.0
03AM,B5_TIER_STATE_LOOPS_BALANCE,T2|PARTIAL_LOOP|31|DOWN_HEAVY,3,76.30000000000025,4.266666666666495,6.399999999999736,4.699999999999704
03AM,B5_TIER_STATE_LOOPS_BALANCE,T2|PARTIAL_LOOP|31|DOWN_LEAN,1,59.89999999999939,0.0,0.0,0.0
03AM,B5_TIER_STATE_LOOPS_BALANCE,T2|PARTIAL_LOOP|31|UP_HEAVY,3,69.30000000000102,20.399999999999675,30.59999999999952,28.00000000000135
03AM,B5_TIER_STATE_LOOPS_BALANCE,T2|PARTIAL_LOOP|31|UP_LEAN,2,36.64999999999918,2.7500000000013642,2.7500000000013642,2.7500000000013642
03AM,B5_TIER_STATE_LOOPS_BALANCE,T2|PARTIAL_LOOP|32|DOWN_LEAN,3,34.30000000000044,6.500000000000397,9.750000000000597,8.799999999999926
03AM,B5_TIER_STATE_LOOPS_BALANCE,T2|PARTIAL_LOOP|32|UP_HEAVY,1,60.79999999999863,0.0,0.0,0.0
03AM,B5_TIER_STATE_LOOPS_BALANCE,T2|PARTIAL_LOOP|33|DOWN_HEAVY,1,85.30000000000148,0.0,0.0,0.0
03AM,B5_TIER_STATE_LOOPS_BALANCE,T2|PARTIAL_LOOP|34|BALANCED,1,49.20000000000257,0.0,0.0,0.0
03AM,B5_TIER_STATE_LOOPS_BALANCE,T2|PARTIAL_LOOP|34|DOWN_HEAVY,1,53.099999999999255,0.0,0.0,0.0
03AM,B5_TIER_STATE_LOOPS_BALANCE,T2|PARTIAL_LOOP|34|DOWN_LEAN,3,62.100000000002694,23.866666666666845,35.80000000000027,19.800000000003138
03AM,B5_TIER_STATE_LOOPS_BALANCE,T2|PARTIAL_LOOP|34|UP_HEAVY,2,45.50000000000054,1.9999999999997762,1.9999999999997797,1.9999999999997762
03AM,B5_TIER_STATE_LOOPS_BALANCE,T2|PARTIAL_LOOP|35|BALANCED,1,45.70000000000184,0.0,0.0,0.0
03AM,B5_TIER_STATE_LOOPS_BALANCE,T2|PARTIAL_LOOP|35|DOWN_HEAVY,1,92.0999999999994,0.0,0.0,0.0
03AM,B5_TIER_STATE_LOOPS_BALANCE,T2|PARTIAL_LOOP|35|UP_LEAN,1,74.69999999999865,0.0,0.0,0.0
03AM,B5_TIER_STATE_LOOPS_BALANCE,T2|PARTIAL_LOOP|36|DOWN_HEAVY,1,43.10000000000035,0.0,0.0,0.0
03AM,B5_TIER_STATE_LOOPS_BALANCE,T2|PARTIAL_LOOP|36|UP_HEAVY,1,91.40000000000148,0.0,0.0,0.0
03AM,B5_TIER_STATE_LOOPS_BALANCE,T2|PARTIAL_LOOP|37|UP_LEAN,1,81.40000000000036,0.0,0.0,0.0
03AM,B5_TIER_STATE_LOOPS_BALANCE,T2|PARTIAL_LOOP|42|DOWN_HEAVY,1,104.00000000000188,0.0,0.0,0.0
03AM,B5_TIER_STATE_LOOPS_BALANCE,T3|FULL_LOOP|19|UP_LEAN,1,17.499999999999183,0.0,0.0,0.0
03AM,B5_TIER_STATE_LOOPS_BALANCE,T3|FULL_LOOP|21|UP_HEAVY,1,110.19999999999808,0.0,0.0,0.0
03AM,B5_TIER_STATE_LOOPS_BALANCE,T3|FULL_LOOP|25|DOWN_HEAVY,1,6.699999999999484,0.0,0.0,0.0
03AM,B5_TIER_STATE_LOOPS_BALANCE,T3|FULL_LOOP|25|DOWN_LEAN,1,124.80000000000047,0.0,0.0,0.0
03AM,B5_TIER_STATE_LOOPS_BALANCE,T3|FULL_LOOP|27|UP_LEAN,1,41.19999999999901,0.0,0.0,0.0
03AM,B5_TIER_STATE_LOOPS_BALANCE,T3|FULL_LOOP|33|DOWN_HEAVY,1,209.20000000000047,0.0,0.0,0.0
03AM,B5_TIER_STATE_LOOPS_BALANCE,T3|OVER_COMPLETED|15|BALANCED,1,30.900000000000375,0.0,0.0,0.0
03AM,B5_TIER_STATE_LOOPS_BALANCE,T3|OVER_COMPLETED|16|DOWN_HEAVY,1,61.29999999999968,0.0,0.0,0.0
03AM,B5_TIER_STATE_LOOPS_BALANCE,T3|OVER_COMPLETED|18|DOWN_LEAN,1,17.400000000000745,0.0,0.0,0.0
03AM,B5_TIER_STATE_LOOPS_BALANCE,T3|OVER_COMPLETED|20|DOWN_LEAN,1,15.300000000000317,0.0,0.0,0.0
03AM,B5_TIER_STATE_LOOPS_BALANCE,T3|OVER_COMPLETED|21|UP_HEAVY,2,46.450000000000095,18.949999999999797,18.949999999999804,18.949999999999797
03AM,B5_TIER_STATE_LOOPS_BALANCE,T3|OVER_COMPLETED|23|DOWN_HEAVY,2,28.20000000000045,21.599999999999397,21.599999999999397,21.599999999999397
03AM,B5_TIER_STATE_LOOPS_BALANCE,T3|OVER_COMPLETED|25|UP_HEAVY,1,32.00000000000092,0.0,0.0,0.0
03AM,B5_TIER_STATE_LOOPS_BALANCE,T3|OVER_COMPLETED|25|UP_LEAN,1,41.199999999999015,0.0,0.0,0.0
03AM,B5_TIER_STATE_LOOPS_BALANCE,T3|OVER_COMPLETED|27|DOWN_HEAVY,1,69.19999999999814,0.0,0.0,0.0
03AM,B5_TIER_STATE_LOOPS_BALANCE,T3|OVER_COMPLETED|28|UP_LEAN,1,31.499999999999858,0.0,0.0,0.0
03AM,B5_TIER_STATE_LOOPS_BALANCE,T3|OVER_COMPLETED|30|UP_HEAVY,1,56.89999999999973,0.0,0.0,0.0
03AM,B5_TIER_STATE_LOOPS_BALANCE,T3|OVER_COMPLETED|34|UP_LEAN,1,35.50000000000164,0.0,0.0,0.0
03AM,B5_TIER_STATE_LOOPS_BALANCE,T3|OVER_COMPLETED|36|BALANCED,1,37.60000000000207,0.0,0.0,0.0
03AM,B5_TIER_STATE_LOOPS_BALANCE,T3|OVER_COMPLETED|37|DOWN_HEAVY,1,59.20000000000147,0.0,0.0,0.0
03AM,B5_TIER_STATE_LOOPS_BALANCE,T3|PARTIAL_LOOP|12|DOWN_LEAN,1,10.099999999999554,0.0,0.0,0.0
03AM,B5_TIER_STATE_LOOPS_BALANCE,T3|PARTIAL_LOOP|14|DOWN_LEAN,1,13.399999999998968,0.0,0.0,0.0
03AM,B5_TIER_STATE_LOOPS_BALANCE,T3|PARTIAL_LOOP|15|UP_HEAVY,1,41.70000000000006,0.0,0.0,0.0
03AM,B5_TIER_STATE_LOOPS_BALANCE,T3|PARTIAL_LOOP|17|UP_HEAVY,1,40.19999999999912,0.0,0.0,0.0
03AM,B5_TIER_STATE_LOOPS_BALANCE,T3|PARTIAL_LOOP|19|DOWN_HEAVY,1,31.200000000000117,0.0,0.0,0.0
03AM,B5_TIER_STATE_LOOPS_BALANCE,T3|PARTIAL_LOOP|20|BALANCED,1,9.799999999999812,0.0,0.0,0.0
03AM,B5_TIER_STATE_LOOPS_BALANCE,T3|PARTIAL_LOOP|20|DOWN_HEAVY,1,31.999999999998696,0.0,0.0,0.0
03AM,B5_TIER_STATE_LOOPS_BALANCE,T3|PARTIAL_LOOP|20|UP_HEAVY,1,40.09999999999847,0.0,0.0,0.0
03AM,B5_TIER_STATE_LOOPS_BALANCE,T3|PARTIAL_LOOP|21|DOWN_HEAVY,2,38.65000000000008,24.049999999999905,24.0499999999999,24.049999999999905
03AM,B5_TIER_STATE_LOOPS_BALANCE,T3|PARTIAL_LOOP|22|DOWN_HEAVY,1,75.9999999999983,0.0,0.0,0.0
03AM,B5_TIER_STATE_LOOPS_BALANCE,T3|PARTIAL_LOOP|22|UP_HEAVY,1,17.899999999999583,0.0,0.0,0.0
03AM,B5_TIER_STATE_LOOPS_BALANCE,T3|PARTIAL_LOOP|24|BALANCED,1,17.000000000000345,0.0,0.0,0.0
03AM,B5_TIER_STATE_LOOPS_BALANCE,T3|PARTIAL_LOOP|24|DOWN_LEAN,1,23.50000000000074,0.0,0.0,0.0
03AM,B5_TIER_STATE_LOOPS_BALANCE,T3|PARTIAL_LOOP|24|UP_HEAVY,1,30.79999999999972,0.0,0.0,0.0
03AM,B5_TIER_STATE_LOOPS_BALANCE,T3|PARTIAL_LOOP|24|UP_LEAN,1,29.500000000000078,0.0,0.0,0.0
03AM,B5_TIER_STATE_LOOPS_BALANCE,T3|PARTIAL_LOOP|25|DOWN_HEAVY,1,44.50000000000064,0.0,0.0,0.0
03AM,B5_TIER_STATE_LOOPS_BALANCE,T3|PARTIAL_LOOP|26|DOWN_HEAVY,2,62.60000000000042,10.100000000000659,10.100000000000662,10.100000000000659
03AM,B5_TIER_STATE_LOOPS_BALANCE,T3|PARTIAL_LOOP|26|DOWN_LEAN,1,51.79999999999962,0.0,0.0,0.0
03AM,B5_TIER_STATE_LOOPS_BALANCE,T3|PARTIAL_LOOP|26|UP_HEAVY,1,95.89999999999986,0.0,0.0,0.0
03AM,B5_TIER_STATE_LOOPS_BALANCE,T3|PARTIAL_LOOP|26|UP_LEAN,1,44.10000000000025,0.0,0.0,0.0
03AM,B5_TIER_STATE_LOOPS_BALANCE,T3|PARTIAL_LOOP|27|BALANCED,1,19.700000000000273,0.0,0.0,0.0
03AM,B5_TIER_STATE_LOOPS_BALANCE,T3|PARTIAL_LOOP|27|UP_HEAVY,1,25.299999999999216,0.0,0.0,0.0
03AM,B5_TIER_STATE_LOOPS_BALANCE,T3|PARTIAL_LOOP|28|BALANCED,1,31.60000000000052,0.0,0.0,0.0
03AM,B5_TIER_STATE_LOOPS_BALANCE,T3|PARTIAL_LOOP|28|DOWN_LEAN,1,27.69999999999939,0.0,0.0,0.0
03AM,B5_TIER_STATE_LOOPS_BALANCE,T3|PARTIAL_LOOP|28|UP_HEAVY,1,52.49999999999976,0.0,0.0,0.0
03AM,B5_TIER_STATE_LOOPS_BALANCE,T3|PARTIAL_LOOP|29|DOWN_HEAVY,1,84.19999999999872,0.0,0.0,0.0
03AM,B5_TIER_STATE_LOOPS_BALANCE,T3|PARTIAL_LOOP|30|DOWN_HEAVY,1,53.29999999999834,0.0,0.0,0.0
03AM,B5_TIER_STATE_LOOPS_BALANCE,T3|PARTIAL_LOOP|30|DOWN_LEAN,1,51.00000000000104,0.0,0.0,0.0
03AM,B5_TIER_STATE_LOOPS_BALANCE,T3|PARTIAL_LOOP|31|DOWN_HEAVY,1,60.80000000000085,0.0,0.0,0.0
03AM,B5_TIER_STATE_LOOPS_BALANCE,T3|PARTIAL_LOOP|31|DOWN_LEAN,2,37.00000000000148,2.799999999999468,2.7999999999994643,2.799999999999468
03AM,B5_TIER_STATE_LOOPS_BALANCE,T3|PARTIAL_LOOP|31|UP_HEAVY,1,88.30000000000115,0.0,0.0,0.0
03AM,B5_TIER_STATE_LOOPS_BALANCE,T3|PARTIAL_LOOP|32|UP_HEAVY,2,74.3499999999997,25.749999999998824,25.74999999999882,25.749999999998824
03AM,B5_TIER_STATE_LOOPS_BALANCE,T3|PARTIAL_LOOP|33|UP_HEAVY,1,76.89999999999975,0.0,0.0,0.0
03AM,B5_TIER_STATE_LOOPS_BALANCE,T3|PARTIAL_LOOP|34|DOWN_HEAVY,1,130.70000000000135,0.0,0.0,0.0
03AM,B5_TIER_STATE_LOOPS_BALANCE,T3|PARTIAL_LOOP|35|UP_HEAVY,1,15.899999999999807,0.0,0.0,0.0
06AM,B0,ALL,442,34.79999999999927,19.36809954751129,30.27500000000238,14.899999999997691
06AM,B1_TIER,MISSING,10,34.50000000000065,27.000000000000135,44.64999999999942,25.699999999999616
06AM,B1_TIER,T1,232,34.999999999999474,17.54612068965519,25.924999999998306,12.999999999998565
06AM,B1_TIER,T2,139,35.30000000000033,20.888489208633004,36.2999999999991,18.299999999999983
06AM,B1_TIER,T3,61,30.900000000000368,21.070491803278657,33.800000000001596,15.600000000000051
06AM,B2_TIER_CHECKPOINT,MISSING,10,34.50000000000065,27.000000000000135,44.64999999999942,25.699999999999616
06AM,B2_TIER_CHECKPOINT,T1,232,34.999999999999474,17.54612068965519,25.924999999998306,12.999999999998565
06AM,B2_TIER_CHECKPOINT,T2,139,35.30000000000033,20.888489208633004,36.2999999999991,18.299999999999983
06AM,B2_TIER_CHECKPOINT,T3,61,30.900000000000368,21.070491803278657,33.800000000001596,15.600000000000051
06AM,B3_TIER_STATE,MISSING|AR_NO_GO_STATE,10,34.50000000000065,27.000000000000135,44.64999999999942,25.699999999999616
06AM,B3_TIER_STATE,T1|BALANCED_ASIA,55,34.89999999999993,19.42909090909082,30.949999999998475,14.999999999998344
06AM,B3_TIER_STATE,T1|ONE_SIDED_DOWN,28,26.45000000000008,15.128571428571492,21.62500000000123,7.800000000001139
06AM,B3_TIER_STATE,T1|ONE_SIDED_UP,29,35.199999999999676,16.641379310344817,23.199999999998774,12.500000000001954
06AM,B3_TIER_STATE,T1|PARTIAL_LOOP,120,37.30000000000122,17.006666666666707,25.875000000000203,12.350000000000971
06AM,B3_TIER_STATE,T2|BALANCED_ASIA,1,13.499999999999623,0.0,0.0,0.0
06AM,B3_TIER_STATE,T2|FULL_LOOP,4,29.250000000000668,15.824999999999864,22.975000000000076,11.499999999999845
06AM,B3_TIER_STATE,T2|ONE_SIDED_DOWN,4,31.84999999999993,15.07499999999995,18.225000000000595,10.000000000000007
06AM,B3_TIER_STATE,T2|ONE_SIDED_UP,3,19.599999999999618,21.86666666666781,32.800000000001724,16.80000000000126
06AM,B3_TIER_STATE,T2|OVER_COMPLETED,13,36.89999999999971,24.68461538461535,58.29999999999779,21.29999999999965
06AM,B3_TIER_STATE,T2|PARTIAL_LOOP,114,36.450000000000095,20.632456140350733,33.875000000000426,16.349999999999426
06AM,B3_TIER_STATE,T3|FULL_LOOP,6,67.19999999999948,67.95000000000033,110.3750000000009,60.750000000000526
06AM,B3_TIER_STATE,T3|OVER_COMPLETED,16,27.95000000000103,16.53749999999995,26.299999999997986,14.899999999999913
06AM,B3_TIER_STATE,T3|PARTIAL_LOOP,39,31.400000000001427,15.515384615384631,23.0000000000019,10.999999999998792
06AM,B4_TIER_STATE_LOOPS,MISSING|AR_NO_GO_STATE|0,10,34.50000000000065,27.000000000000135,44.64999999999942,25.699999999999616
06AM,B4_TIER_STATE_LOOPS,T1|BALANCED_ASIA|10,1,35.099999999999014,0.0,0.0,0.0
06AM,B4_TIER_STATE_LOOPS,T1|BALANCED_ASIA|12,1,25.999999999999353,0.0,0.0,0.0
06AM,B4_TIER_STATE_LOOPS,T1|BALANCED_ASIA|13,1,105.29999999999927,0.0,0.0,0.0
06AM,B4_TIER_STATE_LOOPS,T1|BALANCED_ASIA|14,1,19.49999999999896,0.0,0.0,0.0
06AM,B4_TIER_STATE_LOOPS,T1|BALANCED_ASIA|15,2,31.599999999998296,16.499999999999297,16.499999999999297,16.499999999999297
06AM,B4_TIER_STATE_LOOPS,T1|BALANCED_ASIA|16,1,42.200000000001125,0.0,0.0,0.0
06AM,B4_TIER_STATE_LOOPS,T1|BALANCED_ASIA|17,3,25.699999999999612,2.1333333333339866,3.2000000000009834,0.2000000000013067
06AM,B4_TIER_STATE_LOOPS,T1|BALANCED_ASIA|18,2,18.850000000000254,8.849999999999135,8.849999999999135,8.849999999999135
06AM,B4_TIER_STATE_LOOPS,T1|BALANCED_ASIA|20,4,34.65000000000051,14.775000000000203,19.22500000000049,10.35000000000008
06AM,B4_TIER_STATE_LOOPS,T1|BALANCED_ASIA|21,4,40.249999999999446,11.499999999999844,16.84999999999937,9.249999999999536
06AM,B4_TIER_STATE_LOOPS,T1|BALANCED_ASIA|22,1,36.599999999999966,0.0,0.0,0.0
06AM,B4_TIER_STATE_LOOPS,T1|BALANCED_ASIA|23,5,39.29999999999988,16.159999999999286,33.69999999999651,19.3999999999983
06AM,B4_TIER_STATE_LOOPS,T1|BALANCED_ASIA|24,4,29.799999999999827,7.19999999999943,12.499999999998629,5.699999999999596
06AM,B4_TIER_STATE_LOOPS,T1|BALANCED_ASIA|25,2,65.79999999999808,33.199999999999896,33.19999999999989,33.199999999999896
06AM,B4_TIER_STATE_LOOPS,T1|BALANCED_ASIA|26,3,22.400000000000198,15.90000000000054,23.850000000000815,1.9999999999997797
06AM,B4_TIER_STATE_LOOPS,T1|BALANCED_ASIA|28,2,20.649999999998727,6.650000000000267,6.650000000000265,6.650000000000267
06AM,B4_TIER_STATE_LOOPS,T1|BALANCED_ASIA|29,4,67.30000000000013,36.399999999999764,46.69999999999951,14.850000000000698
06AM,B4_TIER_STATE_LOOPS,T1|BALANCED_ASIA|30,3,12.49999999999973,8.666666666666453,12.999999999999678,1.9999999999997762
06AM,B4_TIER_STATE_LOOPS,T1|BALANCED_ASIA|31,3,61.19999999999903,13.133333333333516,19.700000000000273,10.499999999997733
06AM,B4_TIER_STATE_LOOPS,T1|BALANCED_ASIA|32,1,30.49999999999997,0.0,0.0,0.0
06AM,B4_TIER_STATE_LOOPS,T1|BALANCED_ASIA|33,3,60.99999999999994,24.20000000000015,36.300000000000225,26.000000000001577
06AM,B4_TIER_STATE_LOOPS,T1|BALANCED_ASIA|37,1,34.30000000000266,0.0,0.0,0.0
06AM,B4_TIER_STATE_LOOPS,T1|BALANCED_ASIA|38,1,34.89999999999993,0.0,0.0,0.0
06AM,B4_TIER_STATE_LOOPS,T1|BALANCED_ASIA|39,1,55.19999999999969,0.0,0.0,0.0
06AM,B4_TIER_STATE_LOOPS,T1|BALANCED_ASIA|42,1,28.599999999998623,0.0,0.0,0.0
06AM,B4_TIER_STATE_LOOPS,T1|ONE_SIDED_DOWN|15,1,55.899999999999835,0.0,0.0,0.0
06AM,B4_TIER_STATE_LOOPS,T1|ONE_SIDED_DOWN|16,1,39.799999999998725,0.0,0.0,0.0
06AM,B4_TIER_STATE_LOOPS,T1|ONE_SIDED_DOWN|17,1,23.800000000002708,0.0,0.0,0.0
06AM,B4_TIER_STATE_LOOPS,T1|ONE_SIDED_DOWN|19,1,4.499999999998394,0.0,0.0,0.0
06AM,B4_TIER_STATE_LOOPS,T1|ONE_SIDED_DOWN|20,3,26.399999999999753,7.099999999999883,10.649999999999821,3.999999999999556
06AM,B4_TIER_STATE_LOOPS,T1|ONE_SIDED_DOWN|21,3,44.39999999999999,34.50000000000027,51.75000000000041,22.500000000000853
06AM,B4_TIER_STATE_LOOPS,T1|ONE_SIDED_DOWN|22,2,14.29999999999931,4.899999999999904,4.899999999999903,4.899999999999904
06AM,B4_TIER_STATE_LOOPS,T1|ONE_SIDED_DOWN|23,3,32.59999999999819,4.699999999999705,7.049999999999557,3.5999999999969425
06AM,B4_TIER_STATE_LOOPS,T1|ONE_SIDED_DOWN|24,1,26.500000000000412,0.0,0.0,0.0
06AM,B4_TIER_STATE_LOOPS,T1|ONE_SIDED_DOWN|25,2,27.450000000001083,3.950000000000342,3.9500000000003403,3.950000000000342
06AM,B4_TIER_STATE_LOOPS,T1|ONE_SIDED_DOWN|26,2,21.300000000001873,1.1000000000005432,1.100000000000545,1.1000000000005432
06AM,B4_TIER_STATE_LOOPS,T1|ONE_SIDED_DOWN|27,2,27.800000000000047,12.300000000000644,12.300000000000647,12.300000000000644
06AM,B4_TIER_STATE_LOOPS,T1|ONE_SIDED_DOWN|29,1,74.49999999999956,0.0,0.0,0.0
06AM,B4_TIER_STATE_LOOPS,T1|ONE_SIDED_DOWN|30,2,40.44999999999965,22.350000000000975,22.35000000000098,22.350000000000975
06AM,B4_TIER_STATE_LOOPS,T1|ONE_SIDED_DOWN|33,1,45.90000000000093,0.0,0.0,0.0
06AM,B4_TIER_STATE_LOOPS,T1|ONE_SIDED_DOWN|35,1,23.400000000000087,0.0,0.0,0.0
06AM,B4_TIER_STATE_LOOPS,T1|ONE_SIDED_DOWN|36,1,20.799999999998597,0.0,0.0,0.0
06AM,B4_TIER_STATE_LOOPS,T1|ONE_SIDED_UP|17,2,32.549999999998974,9.850000000001248,9.850000000001252,9.850000000001248
06AM,B4_TIER_STATE_LOOPS,T1|ONE_SIDED_UP|18,1,5.5000000000005045,0.0,0.0,0.0
06AM,B4_TIER_STATE_LOOPS,T1|ONE_SIDED_UP|19,1,49.69999999999918,0.0,0.0,0.0
06AM,B4_TIER_STATE_LOOPS,T1|ONE_SIDED_UP|20,2,45.09999999999903,5.8999999999997925,5.8999999999997925,5.8999999999997925
06AM,B4_TIER_STATE_LOOPS,T1|ONE_SIDED_UP|21,2,46.0499999999997,17.94999999999991,17.949999999999903,17.94999999999991
06AM,B4_TIER_STATE_LOOPS,T1|ONE_SIDED_UP|22,2,31.149999999999785,4.349999999999632,4.3499999999996355,4.349999999999632
06AM,B4_TIER_STATE_LOOPS,T1|ONE_SIDED_UP|24,2,27.10000000000101,2.199999999999976,2.199999999999978,2.199999999999976
06AM,B4_TIER_STATE_LOOPS,T1|ONE_SIDED_UP|25,1,30.399999999999316,0.0,0.0,0.0
06AM,B4_TIER_STATE_LOOPS,T1|ONE_SIDED_UP|26,1,29.600000000000733,0.0,0.0,0.0
06AM,B4_TIER_STATE_LOOPS,T1|ONE_SIDED_UP|27,1,117.89999999999965,0.0,0.0,0.0
06AM,B4_TIER_STATE_LOOPS,T1|ONE_SIDED_UP|28,6,24.89999999999992,20.083333333333897,17.45000000000274,4.35000000000074
06AM,B4_TIER_STATE_LOOPS,T1|ONE_SIDED_UP|29,3,35.199999999999676,20.09999999999993,30.149999999999896,29.69999999999917
06AM,B4_TIER_STATE_LOOPS,T1|ONE_SIDED_UP|30,1,49.29999999999879,0.0,0.0,0.0
06AM,B4_TIER_STATE_LOOPS,T1|ONE_SIDED_UP|31,1,48.09999999999981,0.0,0.0,0.0
06AM,B4_TIER_STATE_LOOPS,T1|ONE_SIDED_UP|32,1,35.70000000000073,0.0,0.0,0.0
06AM,B4_TIER_STATE_LOOPS,T1|ONE_SIDED_UP|34,1,15.699999999998493,0.0,0.0,0.0
06AM,B4_TIER_STATE_LOOPS,T1|ONE_SIDED_UP|36,1,39.20000000000145,0.0,0.0,0.0
06AM,B4_TIER_STATE_LOOPS,T1|PARTIAL_LOOP|14,1,28.099999999997568,0.0,0.0,0.0
06AM,B4_TIER_STATE_LOOPS,T1|PARTIAL_LOOP|16,1,81.49999999999879,0.0,0.0,0.0
06AM,B4_TIER_STATE_LOOPS,T1|PARTIAL_LOOP|17,2,29.350000000000207,10.449999999998516,10.449999999998518,10.449999999998516
06AM,B4_TIER_STATE_LOOPS,T1|PARTIAL_LOOP|18,6,43.400000000001214,12.483333333334068,19.700000000000266,12.400000000000185
06AM,B4_TIER_STATE_LOOPS,T1|PARTIAL_LOOP|19,4,49.04999999999937,13.650000000000047,18.400000000000077,6.950000000000006
06AM,B4_TIER_STATE_LOOPS,T1|PARTIAL_LOOP|20,3,28.299999999998878,13.233333333333432,19.850000000000144,8.199999999998209
06AM,B4_TIER_STATE_LOOPS,T1|PARTIAL_LOOP|21,1,27.500000000000302,0.0,0.0,0.0
06AM,B4_TIER_STATE_LOOPS,T1|PARTIAL_LOOP|22,4,23.79999999999938,12.050000000000118,21.750000000000387,11.300000000000756
06AM,B4_TIER_STATE_LOOPS,T1|PARTIAL_LOOP|23,5,12.600000000000389,10.479999999999375,9.599999999998495,5.999999999999336
06AM,B4_TIER_STATE_LOOPS,T1|PARTIAL_LOOP|24,7,34.69999999999862,20.557142857142715,38.50000000000019,19.69999999999805
06AM,B4_TIER_STATE_LOOPS,T1|PARTIAL_LOOP|25,9,33.60000000000029,12.722222222222426,21.100000000000563,9.70000000000137
06AM,B4_TIER_STATE_LOOPS,T1|PARTIAL_LOOP|26,4,31.999999999999808,11.100000000000552,12.400000000001299,8.300000000001084
06AM,B4_TIER_STATE_LOOPS,T1|PARTIAL_LOOP|27,13,37.20000000000168,14.74615384615326,15.199999999999655,9.600000000000719
06AM,B4_TIER_STATE_LOOPS,T1|PARTIAL_LOOP|28,9,37.700000000000514,19.355555555555302,45.69999999999962,19.29999999999988
06AM,B4_TIER_STATE_LOOPS,T1|PARTIAL_LOOP|29,5,45.699999999999626,15.7200000000004,31.000000000001023,16.899999999999686
06AM,B4_TIER_STATE_LOOPS,T1|PARTIAL_LOOP|30,8,30.599999999999515,10.025000000000727,9.30000000000097,7.300000000000084
06AM,B4_TIER_STATE_LOOPS,T1|PARTIAL_LOOP|31,7,43.600000000001415,13.1714285714289,20.75000000000049,14.099999999999106
06AM,B4_TIER_STATE_LOOPS,T1|PARTIAL_LOOP|32,7,28.599999999998627,11.342857142857227,20.35000000000009,11.900000000002454
06AM,B4_TIER_STATE_LOOPS,T1|PARTIAL_LOOP|33,3,39.69999999999807,11.76666666666678,17.65000000000017,2.2999999999973113
06AM,B4_TIER_STATE_LOOPS,T1|PARTIAL_LOOP|34,5,36.8999999999997,28.939999999999962,56.99999999999815,10.700000000001257
06AM,B4_TIER_STATE_LOOPS,T1|PARTIAL_LOOP|35,4,48.59999999999975,7.699999999999923,12.19999999999942,7.5499999999995
06AM,B4_TIER_STATE_LOOPS,T1|PARTIAL_LOOP|36,3,51.00000000000104,17.16666666666514,25.74999999999772,11.699999999998923
06AM,B4_TIER_STATE_LOOPS,T1|PARTIAL_LOOP|38,4,30.350000000000094,17.3249999999997,32.07499999999974,15.949999999999022
06AM,B4_TIER_STATE_LOOPS,T1|PARTIAL_LOOP|39,1,61.89999999999918,0.0,0.0,0.0
06AM,B4_TIER_STATE_LOOPS,T1|PARTIAL_LOOP|40,3,31.299999999998548,18.43333333333345,27.650000000000176,24.199999999998667
06AM,B4_TIER_STATE_LOOPS,T1|PARTIAL_LOOP|43,1,109.00000000000132,0.0,0.0,0.0
06AM,B4_TIER_STATE_LOOPS,T2|BALANCED_ASIA|32,1,13.499999999999623,0.0,0.0,0.0
06AM,B4_TIER_STATE_LOOPS,T2|FULL_LOOP|20,1,22.100000000000456,0.0,0.0,0.0
06AM,B4_TIER_STATE_LOOPS,T2|FULL_LOOP|21,1,13.400000000001189,0.0,0.0,0.0
06AM,B4_TIER_STATE_LOOPS,T2|FULL_LOOP|29,1,36.40000000000088,0.0,0.0,0.0
06AM,B4_TIER_STATE_LOOPS,T2|FULL_LOOP|36,1,62.400000000000226,0.0,0.0,0.0
06AM,B4_TIER_STATE_LOOPS,T2|ONE_SIDED_DOWN|21,1,35.00000000000058,0.0,0.0,0.0
06AM,B4_TIER_STATE_LOOPS,T2|ONE_SIDED_DOWN|24,1,68.99999999999906,0.0,0.0,0.0
06AM,B4_TIER_STATE_LOOPS,T2|ONE_SIDED_DOWN|26,1,15.000000000000568,0.0,0.0,0.0
06AM,B4_TIER_STATE_LOOPS,T2|ONE_SIDED_DOWN|27,1,28.69999999999928,0.0,0.0,0.0
06AM,B4_TIER_STATE_LOOPS,T2|ONE_SIDED_UP|20,1,19.599999999999618,0.0,0.0,0.0
06AM,B4_TIER_STATE_LOOPS,T2|ONE_SIDED_UP|28,1,2.7999999999983594,0.0,0.0,0.0
06AM,B4_TIER_STATE_LOOPS,T2|ONE_SIDED_UP|31,1,68.4000000000018,0.0,0.0,0.0
06AM,B4_TIER_STATE_LOOPS,T2|OVER_COMPLETED|13,1,16.400000000000855,0.0,0.0,0.0
06AM,B4_TIER_STATE_LOOPS,T2|OVER_COMPLETED|21,1,76.09999999999894,0.0,0.0,0.0
06AM,B4_TIER_STATE_LOOPS,T2|OVER_COMPLETED|23,3,43.30000000000167,17.86666666666677,26.800000000000153,6.40000000000196
06AM,B4_TIER_STATE_LOOPS,T2|OVER_COMPLETED|26,1,47.59999999999876,0.0,0.0,0.0
06AM,B4_TIER_STATE_LOOPS,T2|OVER_COMPLETED|27,3,16.000000000000462,19.566666666666062,29.349999999999092,0.4000000000004036
06AM,B4_TIER_STATE_LOOPS,T2|OVER_COMPLETED|32,2,15.799999999999148,4.999999999999449,4.999999999999451,4.999999999999449
06AM,B4_TIER_STATE_LOOPS,T2|OVER_COMPLETED|33,2,40.05000000000036,34.35000000000077,34.350000000000776,34.35000000000077
06AM,B4_TIER_STATE_LOOPS,T2|PARTIAL_LOOP|8,1,48.69999999999708,0.0,0.0,0.0
06AM,B4_TIER_STATE_LOOPS,T2|PARTIAL_LOOP|11,1,13.900000000000023,0.0,0.0,0.0
06AM,B4_TIER_STATE_LOOPS,T2|PARTIAL_LOOP|15,1,97.09999999999886,0.0,0.0,0.0
06AM,B4_TIER_STATE_LOOPS,T2|PARTIAL_LOOP|16,1,68.70000000000154,0.0,0.0,0.0
06AM,B4_TIER_STATE_LOOPS,T2|PARTIAL_LOOP|17,3,23.29999999999943,9.46666666666651,14.199999999999767,9.600000000000719
06AM,B4_TIER_STATE_LOOPS,T2|PARTIAL_LOOP|18,3,23.199999999998774,16.73333333333267,25.09999999999901,6.299999999996864
06AM,B4_TIER_STATE_LOOPS,T2|PARTIAL_LOOP|19,2,8.150000000000103,3.6499999999994888,3.6499999999994897,3.6499999999994888
06AM,B4_TIER_STATE_LOOPS,T2|PARTIAL_LOOP|20,3,55.0000000000006,18.73333333333319,28.09999999999978,7.6999999999993705
06AM,B4_TIER_STATE_LOOPS,T2|PARTIAL_LOOP|21,7,35.30000000000033,10.88571428571423,13.450000000000408,8.899999999998357
06AM,B4_TIER_STATE_LOOPS,T2|PARTIAL_LOOP|22,8,27.10000000000101,19.724999999999604,36.84999999999883,19.299999999999873
06AM,B4_TIER_STATE_LOOPS,T2|PARTIAL_LOOP|23,11,30.70000000000128,15.281818181818574,19.79999999999982,9.200000000000319
06AM,B4_TIER_STATE_LOOPS,T2|PARTIAL_LOOP|24,6,29.94999999999969,14.933333333332355,21.124999999997392,11.099999999999435
06AM,B4_TIER_STATE_LOOPS,T2|PARTIAL_LOOP|25,8,26.800000000000153,19.237500000000296,18.125000000001044,13.549999999999947
06AM,B4_TIER_STATE_LOOPS,T2|PARTIAL_LOOP|26,10,32.10000000000046,23.369999999999667,20.824999999998763,13.199999999999884
06AM,B4_TIER_STATE_LOOPS,T2|PARTIAL_LOOP|27,7,26.399999999999753,30.742857142857126,46.34999999999945,24.10000000000024
06AM,B4_TIER_STATE_LOOPS,T2|PARTIAL_LOOP|28,6,50.09999999999958,20.54999999999955,32.324999999999704,16.150000000000333
06AM,B4_TIER_STATE_LOOPS,T2|PARTIAL_LOOP|29,2,42.55000000000008,16.04999999999967,16.04999999999967,16.04999999999967
06AM,B4_TIER_STATE_LOOPS,T2|PARTIAL_LOOP|30,6,44.64999999999941,4.883333333333496,8.574999999999541,5.300000000000306
06AM,B4_TIER_STATE_LOOPS,T2|PARTIAL_LOOP|31,9,56.79999999999906,18.45555555555582,34.19999999999979,14.700000000000841
06AM,B4_TIER_STATE_LOOPS,T2|PARTIAL_LOOP|32,4,33.45000000000042,6.62499999999955,8.474999999999461,5.749999999998813
06AM,B4_TIER_STATE_LOOPS,T2|PARTIAL_LOOP|33,1,85.30000000000148,0.0,0.0,0.0
06AM,B4_TIER_STATE_LOOPS,T2|PARTIAL_LOOP|34,7,29.000000000001243,18.471428571428724,21.05000000000023,7.400000000001846
06AM,B4_TIER_STATE_LOOPS,T2|PARTIAL_LOOP|35,3,62.80000000000064,16.499999999999293,24.74999999999894,1.7999999999984624
06AM,B4_TIER_STATE_LOOPS,T2|PARTIAL_LOOP|36,2,45.20000000000079,2.100000000000442,2.100000000000435,2.100000000000442
06AM,B4_TIER_STATE_LOOPS,T2|PARTIAL_LOOP|37,1,61.20000000000125,0.0,0.0,0.0
06AM,B4_TIER_STATE_LOOPS,T2|PARTIAL_LOOP|42,1,104.00000000000188,0.0,0.0,0.0
06AM,B4_TIER_STATE_LOOPS,T3|FULL_LOOP|19,1,0.0,0.0,0.0,0.0
06AM,B4_TIER_STATE_LOOPS,T3|FULL_LOOP|21,1,105.69999999999969,0.0,0.0,0.0
06AM,B4_TIER_STATE_LOOPS,T3|FULL_LOOP|25,2,64.04999999999994,60.750000000000526,60.75000000000053,60.750000000000526
06AM,B4_TIER_STATE_LOOPS,T3|FULL_LOOP|27,1,28.69999999999927,0.0,0.0,0.0
06AM,B4_TIER_STATE_LOOPS,T3|FULL_LOOP|33,1,209.20000000000047,0.0,0.0,0.0
06AM,B4_TIER_STATE_LOOPS,T3|OVER_COMPLETED|15,1,13.000000000000789,0.0,0.0,0.0
06AM,B4_TIER_STATE_LOOPS,T3|OVER_COMPLETED|16,1,61.29999999999968,0.0,0.0,0.0
06AM,B4_TIER_STATE_LOOPS,T3|OVER_COMPLETED|18,1,13.100000000001444,0.0,0.0,0.0
06AM,B4_TIER_STATE_LOOPS,T3|OVER_COMPLETED|20,1,15.300000000000317,0.0,0.0,0.0
06AM,B4_TIER_STATE_LOOPS,T3|OVER_COMPLETED|21,2,46.450000000000095,18.949999999999797,18.949999999999804,18.949999999999797
06AM,B4_TIER_STATE_LOOPS,T3|OVER_COMPLETED|23,2,18.5499999999994,13.849999999999696,13.849999999999696,13.849999999999696
06AM,B4_TIER_STATE_LOOPS,T3|OVER_COMPLETED|25,2,33.10000000000035,4.699999999998592,4.699999999998589,4.699999999998592
06AM,B4_TIER_STATE_LOOPS,T3|OVER_COMPLETED|27,1,65.29999999999924,0.0,0.0,0.0
06AM,B4_TIER_STATE_LOOPS,T3|OVER_COMPLETED|28,1,12.699999999998823,0.0,0.0,0.0
06AM,B4_TIER_STATE_LOOPS,T3|OVER_COMPLETED|30,1,0.0,0.0,0.0,0.0
06AM,B4_TIER_STATE_LOOPS,T3|OVER_COMPLETED|34,1,30.100000000001792,0.0,0.0,0.0
06AM,B4_TIER_STATE_LOOPS,T3|OVER_COMPLETED|36,1,13.90000000000002,0.0,0.0,0.0
06AM,B4_TIER_STATE_LOOPS,T3|OVER_COMPLETED|37,1,44.10000000000024,0.0,0.0,0.0
06AM,B4_TIER_STATE_LOOPS,T3|PARTIAL_LOOP|12,1,10.099999999999554,0.0,0.0,0.0
06AM,B4_TIER_STATE_LOOPS,T3|PARTIAL_LOOP|14,1,7.699999999999378,0.0,0.0,0.0
06AM,B4_TIER_STATE_LOOPS,T3|PARTIAL_LOOP|15,1,41.70000000000006,0.0,0.0,0.0
06AM,B4_TIER_STATE_LOOPS,T3|PARTIAL_LOOP|17,1,30.49999999999997,0.0,0.0,0.0
06AM,B4_TIER_STATE_LOOPS,T3|PARTIAL_LOOP|19,1,22.199999999998887,0.0,0.0,0.0
06AM,B4_TIER_STATE_LOOPS,T3|PARTIAL_LOOP|20,3,24.899999999998812,9.06666666666611,13.599999999999167,12.099999999999334
06AM,B4_TIER_STATE_LOOPS,T3|PARTIAL_LOOP|21,2,34.49999999999953,19.899999999999363,19.89999999999936,19.899999999999363
06AM,B4_TIER_STATE_LOOPS,T3|PARTIAL_LOOP|22,2,46.94999999999894,29.049999999999358,29.049999999999358,29.049999999999358
06AM,B4_TIER_STATE_LOOPS,T3|PARTIAL_LOOP|24,4,15.54999999999973,11.800000000000146,21.549999999999628,10.950000000000681
06AM,B4_TIER_STATE_LOOPS,T3|PARTIAL_LOOP|25,1,42.199999999998894,0.0,0.0,0.0
06AM,B4_TIER_STATE_LOOPS,T3|PARTIAL_LOOP|26,5,49.900000000000496,9.060000000000286,10.099999999999547,7.500000000000277
06AM,B4_TIER_STATE_LOOPS,T3|PARTIAL_LOOP|27,2,21.3999999999992,2.4999999999997264,2.499999999999723,2.4999999999997264
06AM,B4_TIER_STATE_LOOPS,T3|PARTIAL_LOOP|28,3,31.300000000000765,1.3000000000003762,1.9500000000005642,0.2999999999997556
06AM,B4_TIER_STATE_LOOPS,T3|PARTIAL_LOOP|29,1,75.29999999999815,0.0,0.0,0.0
06AM,B4_TIER_STATE_LOOPS,T3|PARTIAL_LOOP|30,2,45.30000000000034,5.700000000000703,5.700000000000706,5.700000000000703
06AM,B4_TIER_STATE_LOOPS,T3|PARTIAL_LOOP|31,4,33.450000000000415,7.050000000000109,9.600000000000158,4.699999999999701
06AM,B4_TIER_STATE_LOOPS,T3|PARTIAL_LOOP|32,2,67.69999999999942,29.099999999999678,29.099999999999675,29.099999999999678
06AM,B4_TIER_STATE_LOOPS,T3|PARTIAL_LOOP|33,1,53.10000000000147,0.0,0.0,0.0
06AM,B4_TIER_STATE_LOOPS,T3|PARTIAL_LOOP|34,1,31.400000000001427,0.0,0.0,0.0
06AM,B4_TIER_STATE_LOOPS,T3|PARTIAL_LOOP|35,1,15.899999999999807,0.0,0.0,0.0
06AM,B5_TIER_STATE_LOOPS_BALANCE,MISSING|AR_NO_GO_STATE|0|BALANCED,1,0.0,0.0,0.0,0.0
06AM,B5_TIER_STATE_LOOPS_BALANCE,MISSING|AR_NO_GO_STATE|0|DOWN_HEAVY,4,27.700000000000493,28.47500000000059,36.17500000000108,17.150000000001327
06AM,B5_TIER_STATE_LOOPS_BALANCE,MISSING|AR_NO_GO_STATE|0|UP_HEAVY,5,44.39999999999999,22.3399999999998,27.099999999999895,16.30000000000021
06AM,B5_TIER_STATE_LOOPS_BALANCE,T1|BALANCED_ASIA|10|DOWN_HEAVY,1,35.099999999999014,0.0,0.0,0.0
06AM,B5_TIER_STATE_LOOPS_BALANCE,T1|BALANCED_ASIA|12|UP_HEAVY,1,25.999999999999353,0.0,0.0,0.0
06AM,B5_TIER_STATE_LOOPS_BALANCE,T1|BALANCED_ASIA|13|UP_HEAVY,1,105.29999999999927,0.0,0.0,0.0
06AM,B5_TIER_STATE_LOOPS_BALANCE,T1|BALANCED_ASIA|14|UP_LEAN,1,19.49999999999896,0.0,0.0,0.0
06AM,B5_TIER_STATE_LOOPS_BALANCE,T1|BALANCED_ASIA|15|BALANCED,1,15.099999999999003,0.0,0.0,0.0
06AM,B5_TIER_STATE_LOOPS_BALANCE,T1|BALANCED_ASIA|15|UP_LEAN,1,48.09999999999759,0.0,0.0,0.0
06AM,B5_TIER_STATE_LOOPS_BALANCE,T1|BALANCED_ASIA|16|UP_LEAN,1,42.200000000001125,0.0,0.0,0.0
06AM,B5_TIER_STATE_LOOPS_BALANCE,T1|BALANCED_ASIA|17|UP_HEAVY,2,25.800000000000267,0.10000000000065334,0.10000000000065157,0.10000000000065334
06AM,B5_TIER_STATE_LOOPS_BALANCE,T1|BALANCED_ASIA|17|UP_LEAN,1,19.49999999999896,0.0,0.0,0.0
06AM,B5_TIER_STATE_LOOPS_BALANCE,T1|BALANCED_ASIA|18|DOWN_HEAVY,1,27.699999999999388,0.0,0.0,0.0
06AM,B5_TIER_STATE_LOOPS_BALANCE,T1|BALANCED_ASIA|18|UP_LEAN,1,10.000000000001119,0.0,0.0,0.0
06AM,B5_TIER_STATE_LOOPS_BALANCE,T1|BALANCED_ASIA|20|DOWN_HEAVY,2,49.400000000000546,19.200000000000326,19.200000000000323,19.200000000000326
06AM,B5_TIER_STATE_LOOPS_BALANCE,T1|BALANCED_ASIA|20|DOWN_LEAN,1,18.400000000000638,0.0,0.0,0.0
06AM,B5_TIER_STATE_LOOPS_BALANCE,T1|BALANCED_ASIA|20|UP_LEAN,1,39.1000000000008,0.0,0.0,0.0
06AM,B5_TIER_STATE_LOOPS_BALANCE,T1|BALANCED_ASIA|21|DOWN_HEAVY,2,36.34999999999943,9.249999999999536,9.249999999999538,9.249999999999536
06AM,B5_TIER_STATE_LOOPS_BALANCE,T1|BALANCED_ASIA|21|UP_HEAVY,2,48.65000000000008,13.750000000000153,13.75000000000015,13.750000000000153
06AM,B5_TIER_STATE_LOOPS_BALANCE,T1|BALANCED_ASIA|22|BALANCED,1,36.599999999999966,0.0,0.0,0.0
06AM,B5_TIER_STATE_LOOPS_BALANCE,T1|BALANCED_ASIA|23|DOWN_HEAVY,3,53.59999999999809,15.699999999999974,23.54999999999996,7.200000000000543
06AM,B5_TIER_STATE_LOOPS_BALANCE,T1|BALANCED_ASIA|23|UP_HEAVY,1,39.29999999999988,0.0,0.0,0.0
06AM,B5_TIER_STATE_LOOPS_BALANCE,T1|BALANCED_ASIA|23|UP_LEAN,1,19.900000000001583,0.0,0.0,0.0
06AM,B5_TIER_STATE_LOOPS_BALANCE,T1|BALANCED_ASIA|24|DOWN_HEAVY,2,26.399999999999757,8.699999999999264,8.699999999999264,8.699999999999264
06AM,B5_TIER_STATE_LOOPS_BALANCE,T1|BALANCED_ASIA|24|DOWN_LEAN,2,30.200000000000223,5.699999999999596,5.699999999999598,5.699999999999596
06AM,B5_TIER_STATE_LOOPS_BALANCE,T1|BALANCED_ASIA|25|BALANCED,1,32.59999999999819,0.0,0.0,0.0
06AM,B5_TIER_STATE_LOOPS_BALANCE,T1|BALANCED_ASIA|25|UP_HEAVY,1,98.99999999999798,0.0,0.0,0.0
06AM,B5_TIER_STATE_LOOPS_BALANCE,T1|BALANCED_ASIA|26|BALANCED,1,22.400000000000198,0.0,0.0,0.0
06AM,B5_TIER_STATE_LOOPS_BALANCE,T1|BALANCED_ASIA|26|DOWN_LEAN,1,20.400000000000418,0.0,0.0,0.0
06AM,B5_TIER_STATE_LOOPS_BALANCE,T1|BALANCED_ASIA|26|UP_HEAVY,1,68.10000000000204,0.0,0.0,0.0
06AM,B5_TIER_STATE_LOOPS_BALANCE,T1|BALANCED_ASIA|28|BALANCED,1,13.999999999998458,0.0,0.0,0.0
06AM,B5_TIER_STATE_LOOPS_BALANCE,T1|BALANCED_ASIA|28|DOWN_HEAVY,1,27.29999999999899,0.0,0.0,0.0
06AM,B5_TIER_STATE_LOOPS_BALANCE,T1|BALANCED_ASIA|29|DOWN_HEAVY,1,47.899999999998485,0.0,0.0,0.0
06AM,B5_TIER_STATE_LOOPS_BALANCE,T1|BALANCED_ASIA|29|UP_HEAVY,2,114.9499999999992,57.94999999999884,57.94999999999882,57.94999999999884
06AM,B5_TIER_STATE_LOOPS_BALANCE,T1|BALANCED_ASIA|29|UP_LEAN,1,77.59999999999988,0.0,0.0,0.0
06AM,B5_TIER_STATE_LOOPS_BALANCE,T1|BALANCED_ASIA|30|BALANCED,1,10.499999999999954,0.0,0.0,0.0
06AM,B5_TIER_STATE_LOOPS_BALANCE,T1|BALANCED_ASIA|30|DOWN_LEAN,1,12.49999999999973,0.0,0.0,0.0
06AM,B5_TIER_STATE_LOOPS_BALANCE,T1|BALANCED_ASIA|30|UP_LEAN,1,36.49999999999931,0.0,0.0,0.0
06AM,B5_TIER_STATE_LOOPS_BALANCE,T1|BALANCED_ASIA|31|DOWN_HEAVY,1,90.10000000000184,0.0,0.0,0.0
06AM,B5_TIER_STATE_LOOPS_BALANCE,T1|BALANCED_ASIA|31|UP_HEAVY,1,50.700000000001296,0.0,0.0,0.0
06AM,B5_TIER_STATE_LOOPS_BALANCE,T1|BALANCED_ASIA|31|UP_LEAN,1,61.19999999999903,0.0,0.0,0.0
06AM,B5_TIER_STATE_LOOPS_BALANCE,T1|BALANCED_ASIA|32|DOWN_HEAVY,1,30.49999999999997,0.0,0.0,0.0
06AM,B5_TIER_STATE_LOOPS_BALANCE,T1|BALANCED_ASIA|33|DOWN_LEAN,1,60.99999999999994,0.0,0.0,0.0
06AM,B5_TIER_STATE_LOOPS_BALANCE,T1|BALANCED_ASIA|33|UP_HEAVY,1,87.00000000000152,0.0,0.0,0.0
06AM,B5_TIER_STATE_LOOPS_BALANCE,T1|BALANCED_ASIA|33|UP_LEAN,1,14.400000000001079,0.0,0.0,0.0
06AM,B5_TIER_STATE_LOOPS_BALANCE,T1|BALANCED_ASIA|37|BALANCED,1,34.30000000000266,0.0,0.0,0.0
06AM,B5_TIER_STATE_LOOPS_BALANCE,T1|BALANCED_ASIA|38|UP_HEAVY,1,34.89999999999993,0.0,0.0,0.0
06AM,B5_TIER_STATE_LOOPS_BALANCE,T1|BALANCED_ASIA|39|DOWN_HEAVY,1,55.19999999999969,0.0,0.0,0.0
06AM,B5_TIER_STATE_LOOPS_BALANCE,T1|BALANCED_ASIA|42|UP_LEAN,1,28.599999999998623,0.0,0.0,0.0
06AM,B5_TIER_STATE_LOOPS_BALANCE,T1|ONE_SIDED_DOWN|15|DOWN_HEAVY,1,55.899999999999835,0.0,0.0,0.0
06AM,B5_TIER_STATE_LOOPS_BALANCE,T1|ONE_SIDED_DOWN|16|UP_HEAVY,1,39.799999999998725,0.0,0.0,0.0
06AM,B5_TIER_STATE_LOOPS_BALANCE,T1|ONE_SIDED_DOWN|17|UP_HEAVY,1,23.800000000002708,0.0,0.0,0.0
06AM,B5_TIER_STATE_LOOPS_BALANCE,T1|ONE_SIDED_DOWN|19|DOWN_LEAN,1,4.499999999998394,0.0,0.0,0.0
06AM,B5_TIER_STATE_LOOPS_BALANCE,T1|ONE_SIDED_DOWN|20|BALANCED,1,26.399999999999753,0.0,0.0,0.0
06AM,B5_TIER_STATE_LOOPS_BALANCE,T1|ONE_SIDED_DOWN|20|DOWN_HEAVY,1,22.400000000000198,0.0,0.0,0.0
06AM,B5_TIER_STATE_LOOPS_BALANCE,T1|ONE_SIDED_DOWN|20|UP_HEAVY,1,43.69999999999985,0.0,0.0,0.0
06AM,B5_TIER_STATE_LOOPS_BALANCE,T1|ONE_SIDED_DOWN|21|BALANCED,1,21.89999999999914,0.0,0.0,0.0
06AM,B5_TIER_STATE_LOOPS_BALANCE,T1|ONE_SIDED_DOWN|21|DOWN_HEAVY,1,125.39999999999995,0.0,0.0,0.0
06AM,B5_TIER_STATE_LOOPS_BALANCE,T1|ONE_SIDED_DOWN|21|DOWN_LEAN,1,44.39999999999999,0.0,0.0,0.0
06AM,B5_TIER_STATE_LOOPS_BALANCE,T1|ONE_SIDED_DOWN|22|DOWN_LEAN,1,19.199999999999214,0.0,0.0,0.0
06AM,B5_TIER_STATE_LOOPS_BALANCE,T1|ONE_SIDED_DOWN|22|UP_LEAN,1,9.399999999999405,0.0,0.0,0.0
06AM,B5_TIER_STATE_LOOPS_BALANCE,T1|ONE_SIDED_DOWN|23|DOWN_HEAVY,1,29.000000000001247,0.0,0.0,0.0
06AM,B5_TIER_STATE_LOOPS_BALANCE,T1|ONE_SIDED_DOWN|23|DOWN_LEAN,1,43.100000000000364,0.0,0.0,0.0
06AM,B5_TIER_STATE_LOOPS_BALANCE,T1|ONE_SIDED_DOWN|23|UP_HEAVY,1,32.59999999999819,0.0,0.0,0.0
06AM,B5_TIER_STATE_LOOPS_BALANCE,T1|ONE_SIDED_DOWN|24|UP_LEAN,1,26.500000000000412,0.0,0.0,0.0
06AM,B5_TIER_STATE_LOOPS_BALANCE,T1|ONE_SIDED_DOWN|25|DOWN_LEAN,1,23.500000000000743,0.0,0.0,0.0
06AM,B5_TIER_STATE_LOOPS_BALANCE,T1|ONE_SIDED_DOWN|25|UP_HEAVY,1,31.400000000001427,0.0,0.0,0.0
06AM,B5_TIER_STATE_LOOPS_BALANCE,T1|ONE_SIDED_DOWN|26|BALANCED,1,20.20000000000133,0.0,0.0,0.0
06AM,B5_TIER_STATE_LOOPS_BALANCE,T1|ONE_SIDED_DOWN|26|UP_HEAVY,1,22.400000000002418,0.0,0.0,0.0
06AM,B5_TIER_STATE_LOOPS_BALANCE,T1|ONE_SIDED_DOWN|27|BALANCED,1,15.499999999999403,0.0,0.0,0.0
06AM,B5_TIER_STATE_LOOPS_BALANCE,T1|ONE_SIDED_DOWN|27|UP_LEAN,1,40.10000000000069,0.0,0.0,0.0
06AM,B5_TIER_STATE_LOOPS_BALANCE,T1|ONE_SIDED_DOWN|29|UP_HEAVY,1,74.49999999999956,0.0,0.0,0.0
06AM,B5_TIER_STATE_LOOPS_BALANCE,T1|ONE_SIDED_DOWN|30|UP_HEAVY,1,62.80000000000062,0.0,0.0,0.0
06AM,B5_TIER_STATE_LOOPS_BALANCE,T1|ONE_SIDED_DOWN|30|UP_LEAN,1,18.09999999999867,0.0,0.0,0.0
06AM,B5_TIER_STATE_LOOPS_BALANCE,T1|ONE_SIDED_DOWN|33|UP_HEAVY,1,45.90000000000093,0.0,0.0,0.0
06AM,B5_TIER_STATE_LOOPS_BALANCE,T1|ONE_SIDED_DOWN|35|UP_LEAN,1,23.400000000000087,0.0,0.0,0.0
06AM,B5_TIER_STATE_LOOPS_BALANCE,T1|ONE_SIDED_DOWN|36|BALANCED,1,20.799999999998597,0.0,0.0,0.0
06AM,B5_TIER_STATE_LOOPS_BALANCE,T1|ONE_SIDED_UP|17|DOWN_HEAVY,1,22.699999999997722,0.0,0.0,0.0
06AM,B5_TIER_STATE_LOOPS_BALANCE,T1|ONE_SIDED_UP|17|UP_HEAVY,1,42.40000000000022,0.0,0.0,0.0
06AM,B5_TIER_STATE_LOOPS_BALANCE,T1|ONE_SIDED_UP|18|BALANCED,1,5.5000000000005045,0.0,0.0,0.0
06AM,B5_TIER_STATE_LOOPS_BALANCE,T1|ONE_SIDED_UP|19|UP_HEAVY,1,49.69999999999918,0.0,0.0,0.0
06AM,B5_TIER_STATE_LOOPS_BALANCE,T1|ONE_SIDED_UP|20|DOWN_HEAVY,1,39.199999999999235,0.0,0.0,0.0
06AM,B5_TIER_STATE_LOOPS_BALANCE,T1|ONE_SIDED_UP|20|UP_LEAN,1,50.99999999999882,0.0,0.0,0.0
06AM,B5_TIER_STATE_LOOPS_BALANCE,T1|ONE_SIDED_UP|21|BALANCED,1,28.09999999999979,0.0,0.0,0.0
06AM,B5_TIER_STATE_LOOPS_BALANCE,T1|ONE_SIDED_UP|21|DOWN_HEAVY,1,63.99999999999961,0.0,0.0,0.0
06AM,B5_TIER_STATE_LOOPS_BALANCE,T1|ONE_SIDED_UP|22|DOWN_HEAVY,1,35.49999999999942,0.0,0.0,0.0
06AM,B5_TIER_STATE_LOOPS_BALANCE,T1|ONE_SIDED_UP|22|DOWN_LEAN,1,26.800000000000153,0.0,0.0,0.0
06AM,B5_TIER_STATE_LOOPS_BALANCE,T1|ONE_SIDED_UP|24|BALANCED,1,24.900000000001036,0.0,0.0,0.0
06AM,B5_TIER_STATE_LOOPS_BALANCE,T1|ONE_SIDED_UP|24|UP_HEAVY,1,29.30000000000099,0.0,0.0,0.0
06AM,B5_TIER_STATE_LOOPS_BALANCE,T1|ONE_SIDED_UP|25|BALANCED,1,30.399999999999316,0.0,0.0,0.0
06AM,B5_TIER_STATE_LOOPS_BALANCE,T1|ONE_SIDED_UP|26|UP_LEAN,1,29.600000000000733,0.0,0.0,0.0
06AM,B5_TIER_STATE_LOOPS_BALANCE,T1|ONE_SIDED_UP|27|UP_HEAVY,1,117.89999999999965,0.0,0.0,0.0
06AM,B5_TIER_STATE_LOOPS_BALANCE,T1|ONE_SIDED_UP|28|BALANCED,1,20.699999999997942,0.0,0.0,0.0
06AM,B5_TIER_STATE_LOOPS_BALANCE,T1|ONE_SIDED_UP|28|DOWN_HEAVY,2,24.89999999999992,3.700000000000923,3.7000000000009265,3.700000000000923
06AM,B5_TIER_STATE_LOOPS_BALANCE,T1|ONE_SIDED_UP|28|UP_HEAVY,3,41.50000000000098,30.766666666666165,46.14999999999924,21.100000000000563
06AM,B5_TIER_STATE_LOOPS_BALANCE,T1|ONE_SIDED_UP|29|DOWN_HEAVY,1,35.199999999999676,0.0,0.0,0.0
06AM,B5_TIER_STATE_LOOPS_BALANCE,T1|ONE_SIDED_UP|29|DOWN_LEAN,1,5.5000000000005045,0.0,0.0,0.0
06AM,B5_TIER_STATE_LOOPS_BALANCE,T1|ONE_SIDED_UP|29|UP_HEAVY,1,65.8000000000003,0.0,0.0,0.0
06AM,B5_TIER_STATE_LOOPS_BALANCE,T1|ONE_SIDED_UP|30|DOWN_LEAN,1,49.29999999999879,0.0,0.0,0.0
06AM,B5_TIER_STATE_LOOPS_BALANCE,T1|ONE_SIDED_UP|31|DOWN_HEAVY,1,48.09999999999981,0.0,0.0,0.0
06AM,B5_TIER_STATE_LOOPS_BALANCE,T1|ONE_SIDED_UP|32|UP_HEAVY,1,35.70000000000073,0.0,0.0,0.0
06AM,B5_TIER_STATE_LOOPS_BALANCE,T1|ONE_SIDED_UP|34|BALANCED,1,15.699999999998493,0.0,0.0,0.0
06AM,B5_TIER_STATE_LOOPS_BALANCE,T1|ONE_SIDED_UP|36|DOWN_HEAVY,1,39.20000000000145,0.0,0.0,0.0
06AM,B5_TIER_STATE_LOOPS_BALANCE,T1|PARTIAL_LOOP|14|BALANCED,1,28.099999999997568,0.0,0.0,0.0
06AM,B5_TIER_STATE_LOOPS_BALANCE,T1|PARTIAL_LOOP|16|DOWN_LEAN,1,81.49999999999879,0.0,0.0,0.0
06AM,B5_TIER_STATE_LOOPS_BALANCE,T1|PARTIAL_LOOP|17|UP_HEAVY,1,18.900000000001693,0.0,0.0,0.0
06AM,B5_TIER_STATE_LOOPS_BALANCE,T1|PARTIAL_LOOP|17|UP_LEAN,1,39.799999999998725,0.0,0.0,0.0
06AM,B5_TIER_STATE_LOOPS_BALANCE,T1|PARTIAL_LOOP|18|BALANCED,1,12.899999999997913,0.0,0.0,0.0
06AM,B5_TIER_STATE_LOOPS_BALANCE,T1|PARTIAL_LOOP|18|DOWN_HEAVY,1,55.0000000000006,0.0,0.0,0.0
06AM,B5_TIER_STATE_LOOPS_BALANCE,T1|PARTIAL_LOOP|18|UP_HEAVY,4,43.400000000001214,8.20000000000043,10.40000000000041,7.700000000000484
06AM,B5_TIER_STATE_LOOPS_BALANCE,T1|PARTIAL_LOOP|19|BALANCED,1,13.099999999999223,0.0,0.0,0.0
06AM,B5_TIER_STATE_LOOPS_BALANCE,T1|PARTIAL_LOOP|19|DOWN_LEAN,1,53.7999999999994,0.0,0.0,0.0
06AM,B5_TIER_STATE_LOOPS_BALANCE,T1|PARTIAL_LOOP|19|UP_HEAVY,2,51.249999999999346,6.950000000000006,6.95000000000001,6.950000000000006
06AM,B5_TIER_STATE_LOOPS_BALANCE,T1|PARTIAL_LOOP|20|BALANCED,1,28.299999999998878,0.0,0.0,0.0
06AM,B5_TIER_STATE_LOOPS_BALANCE,T1|PARTIAL_LOOP|20|DOWN_HEAVY,1,20.10000000000067,0.0,0.0,0.0
06AM,B5_TIER_STATE_LOOPS_BALANCE,T1|PARTIAL_LOOP|20|UP_HEAVY,1,59.80000000000096,0.0,0.0,0.0
06AM,B5_TIER_STATE_LOOPS_BALANCE,T1|PARTIAL_LOOP|21|UP_HEAVY,1,27.500000000000302,0.0,0.0,0.0
06AM,B5_TIER_STATE_LOOPS_BALANCE,T1|PARTIAL_LOOP|22|DOWN_HEAVY,2,25.399999999999864,11.300000000000756,11.300000000000754,11.300000000000756
06AM,B5_TIER_STATE_LOOPS_BALANCE,T1|PARTIAL_LOOP|22|UP_HEAVY,2,20.700000000000166,12.79999999999948,12.799999999999482,12.79999999999948
06AM,B5_TIER_STATE_LOOPS_BALANCE,T1|PARTIAL_LOOP|23|BALANCED,1,18.599999999999724,0.0,0.0,0.0
06AM,B5_TIER_STATE_LOOPS_BALANCE,T1|PARTIAL_LOOP|23|DOWN_LEAN,2,29.749999999999503,17.14999999999911,17.149999999999114,17.14999999999911
06AM,B5_TIER_STATE_LOOPS_BALANCE,T1|PARTIAL_LOOP|23|UP_HEAVY,1,9.00000000000123,0.0,0.0,0.0
06AM,B5_TIER_STATE_LOOPS_BALANCE,T1|PARTIAL_LOOP|23|UP_LEAN,1,4.100000000000215,0.0,0.0,0.0
06AM,B5_TIER_STATE_LOOPS_BALANCE,T1|PARTIAL_LOOP|24|BALANCED,1,16.199999999999548,0.0,0.0,0.0
06AM,B5_TIER_STATE_LOOPS_BALANCE,T1|PARTIAL_LOOP|24|DOWN_LEAN,2,42.34999999999989,33.449999999999314,33.44999999999932,33.449999999999314
06AM,B5_TIER_STATE_LOOPS_BALANCE,T1|PARTIAL_LOOP|24|UP_HEAVY,3,34.69999999999862,17.86666666666677,26.800000000000157,19.69999999999805
06AM,B5_TIER_STATE_LOOPS_BALANCE,T1|PARTIAL_LOOP|24|UP_LEAN,1,39.599999999999625,0.0,0.0,0.0
06AM,B5_TIER_STATE_LOOPS_BALANCE,T1|PARTIAL_LOOP|25|DOWN_HEAVY,3,23.899999999998922,7.633333333333751,11.450000000000628,9.70000000000137
06AM,B5_TIER_STATE_LOOPS_BALANCE,T1|PARTIAL_LOOP|25|DOWN_LEAN,2,36.8500000000016,11.950000000000571,11.950000000000571,11.950000000000571
06AM,B5_TIER_STATE_LOOPS_BALANCE,T1|PARTIAL_LOOP|25|UP_HEAVY,4,41.79999999999961,12.500000000000846,16.700000000002824,9.850000000000135
06AM,B5_TIER_STATE_LOOPS_BALANCE,T1|PARTIAL_LOOP|26|DOWN_HEAVY,2,45.89999999999983,12.599999999999277,12.59999999999927,12.599999999999277
06AM,B5_TIER_STATE_LOOPS_BALANCE,T1|PARTIAL_LOOP|26|DOWN_LEAN,1,16.699999999998383,0.0,0.0,0.0
06AM,B5_TIER_STATE_LOOPS_BALANCE,T1|PARTIAL_LOOP|26|UP_HEAVY,1,30.699999999999065,0.0,0.0,0.0
06AM,B5_TIER_STATE_LOOPS_BALANCE,T1|PARTIAL_LOOP|27|BALANCED,2,66.79999999999907,30.69999999999795,30.699999999997956,30.69999999999795
06AM,B5_TIER_STATE_LOOPS_BALANCE,T1|PARTIAL_LOOP|27|DOWN_HEAVY,7,37.20000000000168,9.142857142857086,12.299999999999532,6.500000000002622
06AM,B5_TIER_STATE_LOOPS_BALANCE,T1|PARTIAL_LOOP|27|DOWN_LEAN,3,41.50000000000098,17.166666666665886,25.749999999998828,17.199999999997218
06AM,B5_TIER_STATE_LOOPS_BALANCE,T1|PARTIAL_LOOP|27|UP_LEAN,1,26.70000000000172,0.0,0.0,0.0
06AM,B5_TIER_STATE_LOOPS_BALANCE,T1|PARTIAL_LOOP|28|BALANCED,2,33.75000000000017,6.249999999999867,6.249999999999865,6.249999999999867
06AM,B5_TIER_STATE_LOOPS_BALANCE,T1|PARTIAL_LOOP|28|DOWN_HEAVY,4,55.800000000000296,21.87499999999953,39.97499999999931,21.849999999999923
06AM,B5_TIER_STATE_LOOPS_BALANCE,T1|PARTIAL_LOOP|28|UP_HEAVY,3,18.400000000000635,18.29999999999998,27.449999999999967,0.10000000000065512
06AM,B5_TIER_STATE_LOOPS_BALANCE,T1|PARTIAL_LOOP|29|DOWN_HEAVY,2,30.399999999999316,15.300000000000312,15.300000000000313,15.300000000000312
06AM,B5_TIER_STATE_LOOPS_BALANCE,T1|PARTIAL_LOOP|29|UP_HEAVY,3,62.59999999999931,10.366666666667228,15.550000000000843,0.10000000000066223
06AM,B5_TIER_STATE_LOOPS_BALANCE,T1|PARTIAL_LOOP|30|BALANCED,1,18.700000000000383,0.0,0.0,0.0
06AM,B5_TIER_STATE_LOOPS_BALANCE,T1|PARTIAL_LOOP|30|DOWN_HEAVY,4,30.599999999999515,9.275000000000812,9.675000000002324,0.9500000000006725
06AM,B5_TIER_STATE_LOOPS_BALANCE,T1|PARTIAL_LOOP|30|DOWN_LEAN,1,14.799999999999258,0.0,0.0,0.0
06AM,B5_TIER_STATE_LOOPS_BALANCE,T1|PARTIAL_LOOP|30|UP_HEAVY,1,43.30000000000167,0.0,0.0,0.0
06AM,B5_TIER_STATE_LOOPS_BALANCE,T1|PARTIAL_LOOP|30|UP_LEAN,1,33.30000000000055,0.0,0.0,0.0
06AM,B5_TIER_STATE_LOOPS_BALANCE,T1|PARTIAL_LOOP|31|DOWN_HEAVY,2,47.65000000000019,4.049999999998775,4.049999999998775,4.049999999998775
06AM,B5_TIER_STATE_LOOPS_BALANCE,T1|PARTIAL_LOOP|31|DOWN_LEAN,3,38.49999999999909,9.4333333333337,14.150000000000553,9.099999999999667
06AM,B5_TIER_STATE_LOOPS_BALANCE,T1|PARTIAL_LOOP|31|UP_HEAVY,2,53.1500000000007,25.35000000000065,25.350000000000655,25.35000000000065
06AM,B5_TIER_STATE_LOOPS_BALANCE,T1|PARTIAL_LOOP|32|DOWN_HEAVY,1,26.10000000000001,0.0,0.0,0.0
06AM,B5_TIER_STATE_LOOPS_BALANCE,T1|PARTIAL_LOOP|32|DOWN_LEAN,3,28.599999999998627,7.2666666666669,10.900000000000354,9.899999999998247
06AM,B5_TIER_STATE_LOOPS_BALANCE,T1|PARTIAL_LOOP|32|UP_HEAVY,2,47.0499999999996,2.0500000000001073,2.0500000000001037,2.0500000000001073
06AM,B5_TIER_STATE_LOOPS_BALANCE,T1|PARTIAL_LOOP|32|UP_LEAN,1,10.399999999999295,0.0,0.0,0.0
06AM,B5_TIER_STATE_LOOPS_BALANCE,T1|PARTIAL_LOOP|33|BALANCED,1,72.7000000000011,0.0,0.0,0.0
06AM,B5_TIER_STATE_LOOPS_BALANCE,T1|PARTIAL_LOOP|33|DOWN_HEAVY,1,39.69999999999807,0.0,0.0,0.0
06AM,B5_TIER_STATE_LOOPS_BALANCE,T1|PARTIAL_LOOP|33|DOWN_LEAN,1,37.40000000000076,0.0,0.0,0.0
06AM,B5_TIER_STATE_LOOPS_BALANCE,T1|PARTIAL_LOOP|34|DOWN_HEAVY,2,75.39999999999989,38.5000000000002,38.50000000000019,38.5000000000002
06AM,B5_TIER_STATE_LOOPS_BALANCE,T1|PARTIAL_LOOP|34|DOWN_LEAN,1,26.700000000001722,0.0,0.0,0.0
06AM,B5_TIER_STATE_LOOPS_BALANCE,T1|PARTIAL_LOOP|34|UP_HEAVY,1,83.69999999999987,0.0,0.0,0.0
06AM,B5_TIER_STATE_LOOPS_BALANCE,T1|PARTIAL_LOOP|34|UP_LEAN,1,26.199999999998443,0.0,0.0,0.0
06AM,B5_TIER_STATE_LOOPS_BALANCE,T1|PARTIAL_LOOP|35|BALANCED,1,44.10000000000025,0.0,0.0,0.0
06AM,B5_TIER_STATE_LOOPS_BALANCE,T1|PARTIAL_LOOP|35|UP_HEAVY,2,56.4500000000001,3.3500000000008505,3.350000000000854,3.3500000000008505
06AM,B5_TIER_STATE_LOOPS_BALANCE,T1|PARTIAL_LOOP|35|UP_LEAN,1,38.000000000000256,0.0,0.0,0.0
06AM,B5_TIER_STATE_LOOPS_BALANCE,T1|PARTIAL_LOOP|36|DOWN_HEAVY,2,65.04999999999983,25.749999999997712,25.749999999997705,25.749999999997712
06AM,B5_TIER_STATE_LOOPS_BALANCE,T1|PARTIAL_LOOP|36|DOWN_LEAN,1,51.00000000000104,0.0,0.0,0.0
06AM,B5_TIER_STATE_LOOPS_BALANCE,T1|PARTIAL_LOOP|38|DOWN_HEAVY,2,26.399999999999757,18.70000000000038,18.700000000000376,18.70000000000038
06AM,B5_TIER_STATE_LOOPS_BALANCE,T1|PARTIAL_LOOP|38|UP_LEAN,2,31.549999999999073,15.94999999999902,15.949999999999019,15.94999999999902
06AM,B5_TIER_STATE_LOOPS_BALANCE,T1|PARTIAL_LOOP|39|DOWN_HEAVY,1,61.89999999999918,0.0,0.0,0.0
06AM,B5_TIER_STATE_LOOPS_BALANCE,T1|PARTIAL_LOOP|40|DOWN_LEAN,2,46.84999999999939,15.550000000000843,15.55000000000085,15.550000000000843
06AM,B5_TIER_STATE_LOOPS_BALANCE,T1|PARTIAL_LOOP|40|UP_LEAN,1,7.099999999999881,0.0,0.0,0.0
06AM,B5_TIER_STATE_LOOPS_BALANCE,T1|PARTIAL_LOOP|43|DOWN_HEAVY,1,109.00000000000132,0.0,0.0,0.0
06AM,B5_TIER_STATE_LOOPS_BALANCE,T2|BALANCED_ASIA|32|UP_HEAVY,1,13.499999999999623,0.0,0.0,0.0
06AM,B5_TIER_STATE_LOOPS_BALANCE,T2|FULL_LOOP|20|DOWN_HEAVY,1,22.100000000000456,0.0,0.0,0.0
06AM,B5_TIER_STATE_LOOPS_BALANCE,T2|FULL_LOOP|21|DOWN_LEAN,1,13.400000000001189,0.0,0.0,0.0
06AM,B5_TIER_STATE_LOOPS_BALANCE,T2|FULL_LOOP|29|UP_HEAVY,1,36.40000000000088,0.0,0.0,0.0
06AM,B5_TIER_STATE_LOOPS_BALANCE,T2|FULL_LOOP|36|DOWN_LEAN,1,62.400000000000226,0.0,0.0,0.0
06AM,B5_TIER_STATE_LOOPS_BALANCE,T2|ONE_SIDED_DOWN|21|DOWN_LEAN,1,35.00000000000058,0.0,0.0,0.0
06AM,B5_TIER_STATE_LOOPS_BALANCE,T2|ONE_SIDED_DOWN|24|BALANCED,1,68.99999999999906,0.0,0.0,0.0
06AM,B5_TIER_STATE_LOOPS_BALANCE,T2|ONE_SIDED_DOWN|26|UP_HEAVY,1,15.000000000000568,0.0,0.0,0.0
06AM,B5_TIER_STATE_LOOPS_BALANCE,T2|ONE_SIDED_DOWN|27|UP_LEAN,1,28.69999999999928,0.0,0.0,0.0
06AM,B5_TIER_STATE_LOOPS_BALANCE,T2|ONE_SIDED_UP|20|UP_HEAVY,1,19.599999999999618,0.0,0.0,0.0
06AM,B5_TIER_STATE_LOOPS_BALANCE,T2|ONE_SIDED_UP|28|DOWN_LEAN,1,2.7999999999983594,0.0,0.0,0.0
06AM,B5_TIER_STATE_LOOPS_BALANCE,T2|ONE_SIDED_UP|31|UP_HEAVY,1,68.4000000000018,0.0,0.0,0.0
06AM,B5_TIER_STATE_LOOPS_BALANCE,T2|OVER_COMPLETED|13|BALANCED,1,16.400000000000855,0.0,0.0,0.0
06AM,B5_TIER_STATE_LOOPS_BALANCE,T2|OVER_COMPLETED|21|DOWN_HEAVY,1,76.09999999999894,0.0,0.0,0.0
06AM,B5_TIER_STATE_LOOPS_BALANCE,T2|OVER_COMPLETED|23|DOWN_HEAVY,1,36.89999999999971,0.0,0.0,0.0
06AM,B5_TIER_STATE_LOOPS_BALANCE,T2|OVER_COMPLETED|23|UP_LEAN,2,66.90000000000084,23.599999999999174,23.599999999999177,23.599999999999174
06AM,B5_TIER_STATE_LOOPS_BALANCE,T2|OVER_COMPLETED|26|DOWN_LEAN,1,47.59999999999876,0.0,0.0,0.0
06AM,B5_TIER_STATE_LOOPS_BALANCE,T2|OVER_COMPLETED|27|BALANCED,1,15.600000000000058,0.0,0.0,0.0
06AM,B5_TIER_STATE_LOOPS_BALANCE,T2|OVER_COMPLETED|27|DOWN_HEAVY,2,45.14999999999935,29.149999999998894,29.14999999999889,29.149999999998894
06AM,B5_TIER_STATE_LOOPS_BALANCE,T2|OVER_COMPLETED|32|DOWN_HEAVY,1,20.799999999998597,0.0,0.0,0.0
06AM,B5_TIER_STATE_LOOPS_BALANCE,T2|OVER_COMPLETED|32|DOWN_LEAN,1,10.799999999999699,0.0,0.0,0.0
06AM,B5_TIER_STATE_LOOPS_BALANCE,T2|OVER_COMPLETED|33|BALANCED,1,5.699999999999591,0.0,0.0,0.0
06AM,B5_TIER_STATE_LOOPS_BALANCE,T2|OVER_COMPLETED|33|DOWN_HEAVY,1,74.40000000000113,0.0,0.0,0.0
06AM,B5_TIER_STATE_LOOPS_BALANCE,T2|PARTIAL_LOOP|8|DOWN_LEAN,1,48.69999999999708,0.0,0.0,0.0
06AM,B5_TIER_STATE_LOOPS_BALANCE,T2|PARTIAL_LOOP|11|UP_HEAVY,1,13.900000000000023,0.0,0.0,0.0
06AM,B5_TIER_STATE_LOOPS_BALANCE,T2|PARTIAL_LOOP|15|UP_HEAVY,1,97.09999999999886,0.0,0.0,0.0
06AM,B5_TIER_STATE_LOOPS_BALANCE,T2|PARTIAL_LOOP|16|DOWN_HEAVY,1,68.70000000000154,0.0,0.0,0.0
06AM,B5_TIER_STATE_LOOPS_BALANCE,T2|PARTIAL_LOOP|17|DOWN_HEAVY,1,32.90000000000015,0.0,0.0,0.0
06AM,B5_TIER_STATE_LOOPS_BALANCE,T2|PARTIAL_LOOP|17|UP_LEAN,2,13.900000000000022,9.399999999999407,9.399999999999405,9.399999999999407
06AM,B5_TIER_STATE_LOOPS_BALANCE,T2|PARTIAL_LOOP|18|DOWN_HEAVY,1,23.199999999998774,0.0,0.0,0.0
06AM,B5_TIER_STATE_LOOPS_BALANCE,T2|PARTIAL_LOOP|18|UP_HEAVY,2,42.00000000000092,25.099999999999007,25.09999999999901,25.099999999999007
06AM,B5_TIER_STATE_LOOPS_BALANCE,T2|PARTIAL_LOOP|19|DOWN_LEAN,2,8.150000000000103,3.6499999999994888,3.6499999999994897,3.6499999999994888
06AM,B5_TIER_STATE_LOOPS_BALANCE,T2|PARTIAL_LOOP|20|BALANCED,1,6.500000000000394,0.0,0.0,0.0
06AM,B5_TIER_STATE_LOOPS_BALANCE,T2|PARTIAL_LOOP|20|DOWN_HEAVY,1,55.0000000000006,0.0,0.0,0.0
06AM,B5_TIER_STATE_LOOPS_BALANCE,T2|PARTIAL_LOOP|20|UP_HEAVY,1,62.69999999999997,0.0,0.0,0.0
06AM,B5_TIER_STATE_LOOPS_BALANCE,T2|PARTIAL_LOOP|21|BALANCED,2,19.000000000001236,7.400000000000739,7.400000000000741,7.400000000000739
06AM,B5_TIER_STATE_LOOPS_BALANCE,T2|PARTIAL_LOOP|21|DOWN_HEAVY,1,29.79999999999982,0.0,0.0,0.0
06AM,B5_TIER_STATE_LOOPS_BALANCE,T2|PARTIAL_LOOP|21|DOWN_LEAN,1,37.30000000000233,0.0,0.0,0.0
06AM,B5_TIER_STATE_LOOPS_BALANCE,T2|PARTIAL_LOOP|21|UP_HEAVY,1,60.89999999999928,0.0,0.0,0.0
06AM,B5_TIER_STATE_LOOPS_BALANCE,T2|PARTIAL_LOOP|21|UP_LEAN,2,40.55000000000031,5.249999999999975,5.249999999999979,5.249999999999975
06AM,B5_TIER_STATE_LOOPS_BALANCE,T2|PARTIAL_LOOP|22|BALANCED,2,35.75000000000106,29.04999999999935,29.04999999999935,29.04999999999935
06AM,B5_TIER_STATE_LOOPS_BALANCE,T2|PARTIAL_LOOP|22|DOWN_HEAVY,1,0.0,0.0,0.0,0.0
06AM,B5_TIER_STATE_LOOPS_BALANCE,T2|PARTIAL_LOOP|22|DOWN_LEAN,3,19.90000000000158,8.466666666666622,12.699999999999935,11.000000000001009
06AM,B5_TIER_STATE_LOOPS_BALANCE,T2|PARTIAL_LOOP|22|UP_HEAVY,2,47.09999999999992,3.8000000000004697,3.800000000000473,3.8000000000004697
06AM,B5_TIER_STATE_LOOPS_BALANCE,T2|PARTIAL_LOOP|23|BALANCED,1,11.099999999999444,0.0,0.0,0.0
06AM,B5_TIER_STATE_LOOPS_BALANCE,T2|PARTIAL_LOOP|23|DOWN_HEAVY,3,39.29999999999988,2.866666666666204,4.299999999999301,7.105427357601002e-15
06AM,B5_TIER_STATE_LOOPS_BALANCE,T2|PARTIAL_LOOP|23|DOWN_LEAN,3,16.599999999999948,8.46666666666662,12.69999999999993,12.69999999999882
06AM,B5_TIER_STATE_LOOPS_BALANCE,T2|PARTIAL_LOOP|23|UP_HEAVY,4,43.90000000000116,17.649999999999608,21.649999999999167,12.449999999999406
06AM,B5_TIER_STATE_LOOPS_BALANCE,T2|PARTIAL_LOOP|24|DOWN_HEAVY,2,60.99999999999883,15.100000000000115,15.100000000000122,15.100000000000115
06AM,B5_TIER_STATE_LOOPS_BALANCE,T2|PARTIAL_LOOP|24|DOWN_LEAN,2,18.850000000000257,0.6500000000009276,0.6500000000009258,0.6500000000009276
06AM,B5_TIER_STATE_LOOPS_BALANCE,T2|PARTIAL_LOOP|24|UP_HEAVY,2,29.94999999999969,2.6499999999984833,2.6499999999984816,2.6499999999984833
06AM,B5_TIER_STATE_LOOPS_BALANCE,T2|PARTIAL_LOOP|25|BALANCED,1,10.399999999999302,0.0,0.0,0.0
06AM,B5_TIER_STATE_LOOPS_BALANCE,T2|PARTIAL_LOOP|25|DOWN_HEAVY,2,33.29999999999944,7.300000000000079,7.300000000000075,7.300000000000079
06AM,B5_TIER_STATE_LOOPS_BALANCE,T2|PARTIAL_LOOP|25|UP_HEAVY,4,26.800000000000153,8.4500000000004,8.95000000000146,6.900000000000794
06AM,B5_TIER_STATE_LOOPS_BALANCE,T2|PARTIAL_LOOP|25|UP_LEAN,1,115.89999999999989,0.0,0.0,0.0
06AM,B5_TIER_STATE_LOOPS_BALANCE,T2|PARTIAL_LOOP|26|DOWN_HEAVY,2,27.79999999999893,11.299999999999642,11.299999999999642,11.299999999999642
06AM,B5_TIER_STATE_LOOPS_BALANCE,T2|PARTIAL_LOOP|26|DOWN_LEAN,2,20.24999999999943,7.8500000000003585,7.85000000000036,7.8500000000003585
06AM,B5_TIER_STATE_LOOPS_BALANCE,T2|PARTIAL_LOOP|26|UP_HEAVY,5,36.79999999999906,32.77999999999936,42.79999999999839,20.999999999999915
06AM,B5_TIER_STATE_LOOPS_BALANCE,T2|PARTIAL_LOOP|26|UP_LEAN,1,21.30000000000187,0.0,0.0,0.0
06AM,B5_TIER_STATE_LOOPS_BALANCE,T2|PARTIAL_LOOP|27|DOWN_HEAVY,4,43.39999999999899,37.59999999999985,54.5999999999991,26.449999999998973
06AM,B5_TIER_STATE_LOOPS_BALANCE,T2|PARTIAL_LOOP|27|DOWN_LEAN,1,50.49999999999999,0.0,0.0,0.0
06AM,B5_TIER_STATE_LOOPS_BALANCE,T2|PARTIAL_LOOP|27|UP_LEAN,2,6.049999999999663,4.649999999999373,4.649999999999373,4.649999999999373
06AM,B5_TIER_STATE_LOOPS_BALANCE,T2|PARTIAL_LOOP|28|DOWN_HEAVY,4,50.09999999999958,16.44999999999952,23.049999999998356,14.84999999999959
06AM,B5_TIER_STATE_LOOPS_BALANCE,T2|PARTIAL_LOOP|28|DOWN_LEAN,1,1.8000000000006864,0.0,0.0,0.0
06AM,B5_TIER_STATE_LOOPS_BALANCE,T2|PARTIAL_LOOP|28|UP_LEAN,1,59.2999999999999,0.0,0.0,0.0
06AM,B5_TIER_STATE_LOOPS_BALANCE,T2|PARTIAL_LOOP|29|DOWN_HEAVY,1,26.500000000000412,0.0,0.0,0.0
06AM,B5_TIER_STATE_LOOPS_BALANCE,T2|PARTIAL_LOOP|29|UP_HEAVY,1,58.59999999999975,0.0,0.0,0.0
06AM,B5_TIER_STATE_LOOPS_BALANCE,T2|PARTIAL_LOOP|30|BALANCED,1,41.70000000000007,0.0,0.0,0.0
06AM,B5_TIER_STATE_LOOPS_BALANCE,T2|PARTIAL_LOOP|30|DOWN_HEAVY,3,45.599999999998964,3.3000000000001535,4.95000000000023,1.8999999999991104
06AM,B5_TIER_STATE_LOOPS_BALANCE,T2|PARTIAL_LOOP|30|DOWN_LEAN,1,36.99999999999814,0.0,0.0,0.0
06AM,B5_TIER_STATE_LOOPS_BALANCE,T2|PARTIAL_LOOP|30|UP_HEAVY,1,52.49999999999976,0.0,0.0,0.0
06AM,B5_TIER_STATE_LOOPS_BALANCE,T2|PARTIAL_LOOP|31|DOWN_HEAVY,3,66.59999999999889,7.166666666666991,10.750000000000483,4.900000000001015
06AM,B5_TIER_STATE_LOOPS_BALANCE,T2|PARTIAL_LOOP|31|DOWN_LEAN,1,56.79999999999906,0.0,0.0,0.0
06AM,B5_TIER_STATE_LOOPS_BALANCE,T2|PARTIAL_LOOP|31|UP_HEAVY,3,63.60000000000142,25.86666666666663,38.799999999999955,29.999999999998927
06AM,B5_TIER_STATE_LOOPS_BALANCE,T2|PARTIAL_LOOP|31|UP_LEAN,2,31.599999999999405,0.7999999999996916,0.7999999999996916,0.7999999999996916
06AM,B5_TIER_STATE_LOOPS_BALANCE,T2|PARTIAL_LOOP|32|DOWN_LEAN,3,31.600000000000513,5.000000000000191,7.500000000000284,3.699999999999818
06AM,B5_TIER_STATE_LOOPS_BALANCE,T2|PARTIAL_LOOP|32|UP_HEAVY,1,43.09999999999814,0.0,0.0,0.0
06AM,B5_TIER_STATE_LOOPS_BALANCE,T2|PARTIAL_LOOP|33|DOWN_HEAVY,1,85.30000000000148,0.0,0.0,0.0
06AM,B5_TIER_STATE_LOOPS_BALANCE,T2|PARTIAL_LOOP|34|BALANCED,1,29.000000000001243,0.0,0.0,0.0
06AM,B5_TIER_STATE_LOOPS_BALANCE,T2|PARTIAL_LOOP|34|DOWN_HEAVY,1,39.49999999999898,0.0,0.0,0.0
06AM,B5_TIER_STATE_LOOPS_BALANCE,T2|PARTIAL_LOOP|34|DOWN_LEAN,3,51.10000000000169,28.633333333333656,42.95000000000048,28.20000000000266
06AM,B5_TIER_STATE_LOOPS_BALANCE,T2|PARTIAL_LOOP|34|UP_HEAVY,2,23.60000000000029,2.0000000000008917,2.000000000000888,2.0000000000008917
06AM,B5_TIER_STATE_LOOPS_BALANCE,T2|PARTIAL_LOOP|35|BALANCED,1,15.100000000001216,0.0,0.0,0.0
06AM,B5_TIER_STATE_LOOPS_BALANCE,T2|PARTIAL_LOOP|35|DOWN_HEAVY,1,62.80000000000064,0.0,0.0,0.0
06AM,B5_TIER_STATE_LOOPS_BALANCE,T2|PARTIAL_LOOP|35|UP_LEAN,1,64.5999999999991,0.0,0.0,0.0
06AM,B5_TIER_STATE_LOOPS_BALANCE,T2|PARTIAL_LOOP|36|DOWN_HEAVY,1,43.10000000000035,0.0,0.0,0.0
06AM,B5_TIER_STATE_LOOPS_BALANCE,T2|PARTIAL_LOOP|36|UP_HEAVY,1,47.30000000000123,0.0,0.0,0.0
06AM,B5_TIER_STATE_LOOPS_BALANCE,T2|PARTIAL_LOOP|37|UP_LEAN,1,61.20000000000125,0.0,0.0,0.0
06AM,B5_TIER_STATE_LOOPS_BALANCE,T2|PARTIAL_LOOP|42|DOWN_HEAVY,1,104.00000000000188,0.0,0.0,0.0
06AM,B5_TIER_STATE_LOOPS_BALANCE,T3|FULL_LOOP|19|UP_LEAN,1,0.0,0.0,0.0,0.0
06AM,B5_TIER_STATE_LOOPS_BALANCE,T3|FULL_LOOP|21|UP_HEAVY,1,105.69999999999969,0.0,0.0,0.0
06AM,B5_TIER_STATE_LOOPS_BALANCE,T3|FULL_LOOP|25|DOWN_HEAVY,1,3.2999999999994145,0.0,0.0,0.0
06AM,B5_TIER_STATE_LOOPS_BALANCE,T3|FULL_LOOP|25|DOWN_LEAN,1,124.80000000000047,0.0,0.0,0.0
06AM,B5_TIER_STATE_LOOPS_BALANCE,T3|FULL_LOOP|27|UP_LEAN,1,28.69999999999927,0.0,0.0,0.0
06AM,B5_TIER_STATE_LOOPS_BALANCE,T3|FULL_LOOP|33|DOWN_HEAVY,1,209.20000000000047,0.0,0.0,0.0
06AM,B5_TIER_STATE_LOOPS_BALANCE,T3|OVER_COMPLETED|15|BALANCED,1,13.000000000000789,0.0,0.0,0.0
06AM,B5_TIER_STATE_LOOPS_BALANCE,T3|OVER_COMPLETED|16|DOWN_HEAVY,1,61.29999999999968,0.0,0.0,0.0
06AM,B5_TIER_STATE_LOOPS_BALANCE,T3|OVER_COMPLETED|18|DOWN_LEAN,1,13.100000000001444,0.0,0.0,0.0
06AM,B5_TIER_STATE_LOOPS_BALANCE,T3|OVER_COMPLETED|20|DOWN_LEAN,1,15.300000000000317,0.0,0.0,0.0
06AM,B5_TIER_STATE_LOOPS_BALANCE,T3|OVER_COMPLETED|21|UP_HEAVY,2,46.450000000000095,18.949999999999797,18.949999999999804,18.949999999999797
06AM,B5_TIER_STATE_LOOPS_BALANCE,T3|OVER_COMPLETED|23|DOWN_HEAVY,2,18.5499999999994,13.849999999999696,13.849999999999696,13.849999999999696
06AM,B5_TIER_STATE_LOOPS_BALANCE,T3|OVER_COMPLETED|25|UP_HEAVY,1,28.40000000000176,0.0,0.0,0.0
06AM,B5_TIER_STATE_LOOPS_BALANCE,T3|OVER_COMPLETED|25|UP_LEAN,1,37.799999999998946,0.0,0.0,0.0
06AM,B5_TIER_STATE_LOOPS_BALANCE,T3|OVER_COMPLETED|27|DOWN_HEAVY,1,65.29999999999924,0.0,0.0,0.0
06AM,B5_TIER_STATE_LOOPS_BALANCE,T3|OVER_COMPLETED|28|UP_LEAN,1,12.699999999998823,0.0,0.0,0.0
06AM,B5_TIER_STATE_LOOPS_BALANCE,T3|OVER_COMPLETED|30|UP_HEAVY,1,0.0,0.0,0.0,0.0
06AM,B5_TIER_STATE_LOOPS_BALANCE,T3|OVER_COMPLETED|34|UP_LEAN,1,30.100000000001792,0.0,0.0,0.0
06AM,B5_TIER_STATE_LOOPS_BALANCE,T3|OVER_COMPLETED|36|BALANCED,1,13.90000000000002,0.0,0.0,0.0
06AM,B5_TIER_STATE_LOOPS_BALANCE,T3|OVER_COMPLETED|37|DOWN_HEAVY,1,44.10000000000024,0.0,0.0,0.0
06AM,B5_TIER_STATE_LOOPS_BALANCE,T3|PARTIAL_LOOP|12|DOWN_LEAN,1,10.099999999999554,0.0,0.0,0.0
06AM,B5_TIER_STATE_LOOPS_BALANCE,T3|PARTIAL_LOOP|14|DOWN_LEAN,1,7.699999999999378,0.0,0.0,0.0
06AM,B5_TIER_STATE_LOOPS_BALANCE,T3|PARTIAL_LOOP|15|UP_HEAVY,1,41.70000000000006,0.0,0.0,0.0
06AM,B5_TIER_STATE_LOOPS_BALANCE,T3|PARTIAL_LOOP|17|UP_HEAVY,1,30.49999999999997,0.0,0.0,0.0
06AM,B5_TIER_STATE_LOOPS_BALANCE,T3|PARTIAL_LOOP|19|DOWN_HEAVY,1,22.199999999998887,0.0,0.0,0.0
06AM,B5_TIER_STATE_LOOPS_BALANCE,T3|PARTIAL_LOOP|20|BALANCED,1,9.799999999999812,0.0,0.0,0.0
06AM,B5_TIER_STATE_LOOPS_BALANCE,T3|PARTIAL_LOOP|20|DOWN_HEAVY,1,24.899999999998812,0.0,0.0,0.0
06AM,B5_TIER_STATE_LOOPS_BALANCE,T3|PARTIAL_LOOP|20|UP_HEAVY,1,36.999999999998145,0.0,0.0,0.0
06AM,B5_TIER_STATE_LOOPS_BALANCE,T3|PARTIAL_LOOP|21|DOWN_HEAVY,2,34.49999999999953,19.899999999999363,19.89999999999936,19.899999999999363
06AM,B5_TIER_STATE_LOOPS_BALANCE,T3|PARTIAL_LOOP|22|DOWN_HEAVY,1,75.9999999999983,0.0,0.0,0.0
06AM,B5_TIER_STATE_LOOPS_BALANCE,T3|PARTIAL_LOOP|22|UP_HEAVY,1,17.899999999999583,0.0,0.0,0.0
06AM,B5_TIER_STATE_LOOPS_BALANCE,T3|PARTIAL_LOOP|24|BALANCED,1,0.0,0.0,0.0,0.0
06AM,B5_TIER_STATE_LOOPS_BALANCE,T3|PARTIAL_LOOP|24|DOWN_LEAN,1,5.800000000000246,0.0,0.0,0.0
06AM,B5_TIER_STATE_LOOPS_BALANCE,T3|PARTIAL_LOOP|24|UP_HEAVY,1,25.299999999999216,0.0,0.0,0.0
06AM,B5_TIER_STATE_LOOPS_BALANCE,T3|PARTIAL_LOOP|24|UP_LEAN,1,27.70000000000161,0.0,0.0,0.0
06AM,B5_TIER_STATE_LOOPS_BALANCE,T3|PARTIAL_LOOP|25|DOWN_HEAVY,1,42.199999999998894,0.0,0.0,0.0
06AM,B5_TIER_STATE_LOOPS_BALANCE,T3|PARTIAL_LOOP|26|DOWN_HEAVY,2,62.30000000000068,9.800000000000917,9.800000000000914,9.800000000000917
06AM,B5_TIER_STATE_LOOPS_BALANCE,T3|PARTIAL_LOOP|26|DOWN_LEAN,1,49.900000000000496,0.0,0.0,0.0
06AM,B5_TIER_STATE_LOOPS_BALANCE,T3|PARTIAL_LOOP|26|UP_HEAVY,1,42.40000000000022,0.0,0.0,0.0
06AM,B5_TIER_STATE_LOOPS_BALANCE,T3|PARTIAL_LOOP|26|UP_LEAN,1,36.899999999999714,0.0,0.0,0.0
06AM,B5_TIER_STATE_LOOPS_BALANCE,T3|PARTIAL_LOOP|27|BALANCED,1,18.899999999999473,0.0,0.0,0.0
06AM,B5_TIER_STATE_LOOPS_BALANCE,T3|PARTIAL_LOOP|27|UP_HEAVY,1,23.899999999998926,0.0,0.0,0.0
06AM,B5_TIER_STATE_LOOPS_BALANCE,T3|PARTIAL_LOOP|28|BALANCED,1,31.60000000000052,0.0,0.0,0.0
06AM,B5_TIER_STATE_LOOPS_BALANCE,T3|PARTIAL_LOOP|28|DOWN_LEAN,1,27.69999999999939,0.0,0.0,0.0
06AM,B5_TIER_STATE_LOOPS_BALANCE,T3|PARTIAL_LOOP|28|UP_HEAVY,1,31.300000000000765,0.0,0.0,0.0
06AM,B5_TIER_STATE_LOOPS_BALANCE,T3|PARTIAL_LOOP|29|DOWN_HEAVY,1,75.29999999999815,0.0,0.0,0.0
06AM,B5_TIER_STATE_LOOPS_BALANCE,T3|PARTIAL_LOOP|30|DOWN_HEAVY,1,39.59999999999963,0.0,0.0,0.0
06AM,B5_TIER_STATE_LOOPS_BALANCE,T3|PARTIAL_LOOP|30|DOWN_LEAN,1,51.00000000000104,0.0,0.0,0.0
06AM,B5_TIER_STATE_LOOPS_BALANCE,T3|PARTIAL_LOOP|31|DOWN_HEAVY,1,49.7000000000014,0.0,0.0,0.0
06AM,B5_TIER_STATE_LOOPS_BALANCE,T3|PARTIAL_LOOP|31|DOWN_LEAN,2,28.750000000000718,2.1499999999996504,2.1499999999996504,2.1499999999996504
06AM,B5_TIER_STATE_LOOPS_BALANCE,T3|PARTIAL_LOOP|31|UP_HEAVY,1,36.00000000000047,0.0,0.0,0.0
06AM,B5_TIER_STATE_LOOPS_BALANCE,T3|PARTIAL_LOOP|32|UP_HEAVY,2,67.69999999999942,29.099999999999678,29.099999999999675,29.099999999999678
06AM,B5_TIER_STATE_LOOPS_BALANCE,T3|PARTIAL_LOOP|33|UP_HEAVY,1,53.10000000000147,0.0,0.0,0.0
06AM,B5_TIER_STATE_LOOPS_BALANCE,T3|PARTIAL_LOOP|34|DOWN_HEAVY,1,31.400000000001427,0.0,0.0,0.0
06AM,B5_TIER_STATE_LOOPS_BALANCE,T3|PARTIAL_LOOP|35|UP_HEAVY,1,15.899999999999807,0.0,0.0,0.0
09AM,B0,ALL,442,21.59999999999939,18.179864253393614,28.274999999999824,13.199999999999878
09AM,B1_TIER,MISSING,10,21.399999999999196,26.45000000000009,52.150000000000254,21.399999999999196
09AM,B1_TIER,T1,232,22.050000000000125,17.22586206896544,28.0249999999993,12.94999999999935
09AM,B1_TIER,T2,139,21.59999999999939,18.227338129496385,27.75000000000083,13.400000000001185
09AM,B1_TIER,T3,61,17.899999999999583,20.11311475409828,28.500000000000192,12.09999999999933
09AM,B2_TIER_CHECKPOINT,MISSING,10,21.399999999999196,26.45000000000009,52.150000000000254,21.399999999999196
09AM,B2_TIER_CHECKPOINT,T1,232,22.050000000000125,17.22586206896544,28.0249999999993,12.94999999999935
09AM,B2_TIER_CHECKPOINT,T2,139,21.59999999999939,18.227338129496385,27.75000000000083,13.400000000001185
09AM,B2_TIER_CHECKPOINT,T3,61,17.899999999999583,20.11311475409828,28.500000000000192,12.09999999999933
09AM,B3_TIER_STATE,MISSING|AR_NO_GO_STATE,10,21.399999999999196,26.45000000000009,52.150000000000254,21.399999999999196
09AM,B3_TIER_STATE,T1|BALANCED_ASIA,55,21.500000000000963,19.378181818181755,29.249999999999556,12.099999999999334
09AM,B3_TIER_STATE,T1|ONE_SIDED_DOWN,28,20.75000000000049,15.14285714285714,23.79999999999937,10.150000000000995
09AM,B3_TIER_STATE,T1|ONE_SIDED_UP,29,22.199999999998884,15.448275862068796,21.60000000000161,10.799999999999695
09AM,B3_TIER_STATE,T1|PARTIAL_LOOP,120,23.699999999998724,17.054166666666646,29.574999999999466,14.200000000000879
09AM,B3_TIER_STATE,T2|BALANCED_ASIA,1,0.0,0.0,0.0,0.0
09AM,B3_TIER_STATE,T2|FULL_LOOP,4,14.399999999999972,14.34999999999964,16.149999999999224,3.7999999999993612
09AM,B3_TIER_STATE,T2|ONE_SIDED_DOWN,4,29.000000000000135,16.599999999999945,20.300000000000868,11.700000000000042
09AM,B3_TIER_STATE,T2|ONE_SIDED_UP,3,19.599999999999618,13.733333333334485,20.600000000001728,16.80000000000126
09AM,B3_TIER_STATE,T2|OVER_COMPLETED,13,16.400000000000855,15.276923076923238,28.09999999999979,10.700000000001264
09AM,B3_TIER_STATE,T2|PARTIAL_LOOP,114,23.49999999999963,18.607017543859637,28.72500000000055,12.950000000000461
09AM,B3_TIER_STATE,T3|FULL_LOOP,6,63.750000000000185,53.75000000000019,94.39999999999951,51.24999999999936
09AM,B3_TIER_STATE,T3|OVER_COMPLETED,16,14.600000000000168,12.225000000000012,16.550000000000168,8.850000000000243
09AM,B3_TIER_STATE,T3|PARTIAL_LOOP,39,19.599999999999618,17.161538461538555,26.849999999999376,12.400000000001292
09AM,B4_TIER_STATE_LOOPS,MISSING|AR_NO_GO_STATE|0,10,21.399999999999196,26.45000000000009,52.150000000000254,21.399999999999196
09AM,B4_TIER_STATE_LOOPS,T1|BALANCED_ASIA|10,1,35.099999999999014,0.0,0.0,0.0
09AM,B4_TIER_STATE_LOOPS,T1|BALANCED_ASIA|12,1,22.69999999999994,0.0,0.0,0.0
09AM,B4_TIER_STATE_LOOPS,T1|BALANCED_ASIA|13,1,98.4000000000007,0.0,0.0,0.0
09AM,B4_TIER_STATE_LOOPS,T1|BALANCED_ASIA|14,1,8.50000000000017,0.0,0.0,0.0
09AM,B4_TIER_STATE_LOOPS,T1|BALANCED_ASIA|15,2,25.049999999998683,15.34999999999953,15.349999999999532,15.34999999999953
09AM,B4_TIER_STATE_LOOPS,T1|BALANCED_ASIA|16,1,32.2,0.0,0.0,0.0
09AM,B4_TIER_STATE_LOOPS,T1|BALANCED_ASIA|17,3,19.49999999999896,3.43333333333362,5.150000000000432,3.899999999998901
09AM,B4_TIER_STATE_LOOPS,T1|BALANCED_ASIA|18,2,14.300000000000422,4.899999999998792,4.899999999998794,4.899999999998792
09AM,B4_TIER_STATE_LOOPS,T1|BALANCED_ASIA|20,4,17.70000000000049,14.449999999999743,16.04999999999912,2.900000000000123
09AM,B4_TIER_STATE_LOOPS,T1|BALANCED_ASIA|21,4,33.99999999999958,14.750000000000043,17.650000000000166,11.050000000000232
09AM,B4_TIER_STATE_LOOPS,T1|BALANCED_ASIA|22,1,33.70000000000095,0.0,0.0,0.0
09AM,B4_TIER_STATE_LOOPS,T1|BALANCED_ASIA|23,5,26.600000000001064,14.5199999999992,28.699999999997058,16.90000000000191
09AM,B4_TIER_STATE_LOOPS,T1|BALANCED_ASIA|24,4,21.200000000000106,7.599999999999275,12.49999999999918,6.249999999999867
09AM,B4_TIER_STATE_LOOPS,T1|BALANCED_ASIA|25,2,55.24999999999891,36.450000000000095,36.45000000000009,36.450000000000095
09AM,B4_TIER_STATE_LOOPS,T1|BALANCED_ASIA|26,3,17.899999999999583,12.966666666667232,19.450000000000855,2.699999999999921
09AM,B4_TIER_STATE_LOOPS,T1|BALANCED_ASIA|28,2,9.40000000000052,0.09999999999954312,0.09999999999954312,0.09999999999954312
09AM,B4_TIER_STATE_LOOPS,T1|BALANCED_ASIA|29,4,50.90000000000038,39.7249999999999,45.12499999999975,26.050000000000797
09AM,B4_TIER_STATE_LOOPS,T1|BALANCED_ASIA|30,3,9.500000000000064,0.5333333333338679,0.8000000000008018,0.6000000000017138
09AM,B4_TIER_STATE_LOOPS,T1|BALANCED_ASIA|31,3,61.19999999999903,23.300000000000168,34.950000000000244,24.80000000000259
09AM,B4_TIER_STATE_LOOPS,T1|BALANCED_ASIA|32,1,21.500000000000963,0.0,0.0,0.0
09AM,B4_TIER_STATE_LOOPS,T1|BALANCED_ASIA|33,3,43.699999999999854,23.066666666666787,34.600000000000186,29.300000000000985
09AM,B4_TIER_STATE_LOOPS,T1|BALANCED_ASIA|37,1,18.400000000000638,0.0,0.0,0.0
09AM,B4_TIER_STATE_LOOPS,T1|BALANCED_ASIA|38,1,33.10000000000146,0.0,0.0,0.0
09AM,B4_TIER_STATE_LOOPS,T1|BALANCED_ASIA|39,1,41.89999999999916,0.0,0.0,0.0
09AM,B4_TIER_STATE_LOOPS,T1|BALANCED_ASIA|42,1,7.399999999999629,0.0,0.0,0.0
09AM,B4_TIER_STATE_LOOPS,T1|ONE_SIDED_DOWN|15,1,50.59999999999842,0.0,0.0,0.0
09AM,B4_TIER_STATE_LOOPS,T1|ONE_SIDED_DOWN|16,1,26.100000000000012,0.0,0.0,0.0
09AM,B4_TIER_STATE_LOOPS,T1|ONE_SIDED_DOWN|17,1,19.199999999999218,0.0,0.0,0.0
09AM,B4_TIER_STATE_LOOPS,T1|ONE_SIDED_DOWN|19,1,2.4000000000001798,0.0,0.0,0.0
09AM,B4_TIER_STATE_LOOPS,T1|ONE_SIDED_DOWN|20,3,21.299999999999653,8.866666666666282,13.299999999999423,10.900000000000357
09AM,B4_TIER_STATE_LOOPS,T1|ONE_SIDED_DOWN|21,3,36.6999999999984,35.266666666668264,52.90000000000239,22.900000000001253
09AM,B4_TIER_STATE_LOOPS,T1|ONE_SIDED_DOWN|22,2,4.250000000000085,0.5500000000002743,0.5500000000002743,0.5500000000002743
09AM,B4_TIER_STATE_LOOPS,T1|ONE_SIDED_DOWN|23,3,29.700000000001396,5.299999999999194,7.949999999998791,0.5999999999972658
09AM,B4_TIER_STATE_LOOPS,T1|ONE_SIDED_DOWN|24,1,8.300000000001084,0.0,0.0,0.0
09AM,B4_TIER_STATE_LOOPS,T1|ONE_SIDED_DOWN|25,2,20.200000000000216,1.0999999999994348,1.0999999999994365,1.0999999999994348
09AM,B4_TIER_STATE_LOOPS,T1|ONE_SIDED_DOWN|26,2,20.80000000000082,0.599999999999488,0.5999999999994863,0.599999999999488
09AM,B4_TIER_STATE_LOOPS,T1|ONE_SIDED_DOWN|27,2,26.000000000000462,11.400000000000295,11.400000000000293,11.400000000000295
09AM,B4_TIER_STATE_LOOPS,T1|ONE_SIDED_DOWN|29,1,68.50000000000021,0.0,0.0,0.0
09AM,B4_TIER_STATE_LOOPS,T1|ONE_SIDED_DOWN|30,2,24.84999999999959,14.049999999999896,14.049999999999894,14.049999999999896
09AM,B4_TIER_STATE_LOOPS,T1|ONE_SIDED_DOWN|33,1,45.90000000000093,0.0,0.0,0.0
09AM,B4_TIER_STATE_LOOPS,T1|ONE_SIDED_DOWN|35,1,5.299999999999194,0.0,0.0,0.0
09AM,B4_TIER_STATE_LOOPS,T1|ONE_SIDED_DOWN|36,1,13.699999999998717,0.0,0.0,0.0
09AM,B4_TIER_STATE_LOOPS,T1|ONE_SIDED_UP|17,2,17.549999999999514,17.35000000000042,17.35000000000042,17.35000000000042
09AM,B4_TIER_STATE_LOOPS,T1|ONE_SIDED_UP|18,1,3.60000000000138,0.0,0.0,0.0
09AM,B4_TIER_STATE_LOOPS,T1|ONE_SIDED_UP|19,1,45.79999999999806,0.0,0.0,0.0
09AM,B4_TIER_STATE_LOOPS,T1|ONE_SIDED_UP|20,2,33.799999999999386,3.500000000000721,3.5000000000007176,3.500000000000721
09AM,B4_TIER_STATE_LOOPS,T1|ONE_SIDED_UP|21,2,29.149999999998897,21.14999999999978,21.14999999999978,21.14999999999978
09AM,B4_TIER_STATE_LOOPS,T1|ONE_SIDED_UP|22,2,19.549999999999287,2.649999999999597,2.6499999999995936,2.649999999999597
09AM,B4_TIER_STATE_LOOPS,T1|ONE_SIDED_UP|24,2,25.75000000000105,2.0499999999989935,2.0499999999989917,2.0499999999989935
09AM,B4_TIER_STATE_LOOPS,T1|ONE_SIDED_UP|25,1,24.999999999999467,0.0,0.0,0.0
09AM,B4_TIER_STATE_LOOPS,T1|ONE_SIDED_UP|26,1,12.30000000000064,0.0,0.0,0.0
09AM,B4_TIER_STATE_LOOPS,T1|ONE_SIDED_UP|27,1,101.7000000000001,0.0,0.0,0.0
09AM,B4_TIER_STATE_LOOPS,T1|ONE_SIDED_UP|28,6,19.799999999999812,17.86666666666677,8.000000000000227,4.899999999999904
09AM,B4_TIER_STATE_LOOPS,T1|ONE_SIDED_UP|29,3,20.899999999999253,11.499999999999105,17.249999999998657,16.499999999997073
09AM,B4_TIER_STATE_LOOPS,T1|ONE_SIDED_UP|30,1,39.39999999999833,0.0,0.0,0.0
09AM,B4_TIER_STATE_LOOPS,T1|ONE_SIDED_UP|31,1,48.09999999999981,0.0,0.0,0.0
09AM,B4_TIER_STATE_LOOPS,T1|ONE_SIDED_UP|32,1,20.500000000001066,0.0,0.0,0.0
09AM,B4_TIER_STATE_LOOPS,T1|ONE_SIDED_UP|34,1,15.699999999998493,0.0,0.0,0.0
09AM,B4_TIER_STATE_LOOPS,T1|ONE_SIDED_UP|36,1,24.69999999999972,0.0,0.0,0.0
09AM,B4_TIER_STATE_LOOPS,T1|PARTIAL_LOOP|14,1,14.6999999999986,0.0,0.0,0.0
09AM,B4_TIER_STATE_LOOPS,T1|PARTIAL_LOOP|16,1,73.29999999999836,0.0,0.0,0.0
09AM,B4_TIER_STATE_LOOPS,T1|PARTIAL_LOOP|17,2,13.74999999999904,2.849999999998687,2.849999999998687,2.849999999998687
09AM,B4_TIER_STATE_LOOPS,T1|PARTIAL_LOOP|18,6,23.400000000000087,14.583333333333018,21.124999999997943,12.549999999998949
09AM,B4_TIER_STATE_LOOPS,T1|PARTIAL_LOOP|19,4,23.499999999998522,12.874999999999968,18.57499999999956,11.15000000000088
09AM,B4_TIER_STATE_LOOPS,T1|PARTIAL_LOOP|20,3,23.49999999999852,11.833333333333881,17.750000000000817,11.699999999998933
09AM,B4_TIER_STATE_LOOPS,T1|PARTIAL_LOOP|21,1,25.500000000000522,0.0,0.0,0.0
09AM,B4_TIER_STATE_LOOPS,T1|PARTIAL_LOOP|22,4,12.300000000000644,12.975000000000069,22.575000000000784,10.850000000000026
09AM,B4_TIER_STATE_LOOPS,T1|PARTIAL_LOOP|23,5,9.00000000000123,8.999999999999451,6.800000000000136,3.60000000000138
09AM,B4_TIER_STATE_LOOPS,T1|PARTIAL_LOOP|24,7,34.69999999999862,20.60000000000014,40.60000000000063,26.19999999999844
09AM,B4_TIER_STATE_LOOPS,T1|PARTIAL_LOOP|25,9,20.700000000000163,10.69999999999954,12.999999999998572,8.400000000001736
09AM,B4_TIER_STATE_LOOPS,T1|PARTIAL_LOOP|26,4,6.999999999999229,10.850000000000028,16.350000000000534,6.2499999999998685
09AM,B4_TIER_STATE_LOOPS,T1|PARTIAL_LOOP|27,13,23.699999999999832,20.007692307692373,32.30000000000066,17.20000000000165
09AM,B4_TIER_STATE_LOOPS,T1|PARTIAL_LOOP|28,9,30.20000000000023,17.333333333332902,27.799999999997834,14.899999999999913
09AM,B4_TIER_STATE_LOOPS,T1|PARTIAL_LOOP|29,5,37.4999999999992,16.120000000000353,19.800000000000928,12.100000000001558
09AM,B4_TIER_STATE_LOOPS,T1|PARTIAL_LOOP|30,8,16.54999999999962,13.500000000000178,25.575000000001012,11.799999999999589
09AM,B4_TIER_STATE_LOOPS,T1|PARTIAL_LOOP|31,7,31.699999999998948,12.35714285714324,20.70000000000127,7.900000000000684
09AM,B4_TIER_STATE_LOOPS,T1|PARTIAL_LOOP|32,7,21.59999999999939,8.971428571428978,11.800000000000697,3.4000000000000625
09AM,B4_TIER_STATE_LOOPS,T1|PARTIAL_LOOP|33,3,37.40000000000076,20.800000000000818,31.20000000000123,27.10000000000212
09AM,B4_TIER_STATE_LOOPS,T1|PARTIAL_LOOP|34,5,26.700000000001722,21.040000000000166,15.600000000000051,2.4000000000024038
09AM,B4_TIER_STATE_LOOPS,T1|PARTIAL_LOOP|35,4,36.15000000000035,13.59999999999972,21.149999999999224,12.249999999999204
09AM,B4_TIER_STATE_LOOPS,T1|PARTIAL_LOOP|36,3,50.79999999999973,27.766666666665753,41.64999999999863,32.7999999999995
09AM,B4_TIER_STATE_LOOPS,T1|PARTIAL_LOOP|38,4,7.599999999999827,6.4000000000002935,7.1999999999999815,1.3000000000007468
09AM,B4_TIER_STATE_LOOPS,T1|PARTIAL_LOOP|39,1,51.69999999999897,0.0,0.0,0.0
09AM,B4_TIER_STATE_LOOPS,T1|PARTIAL_LOOP|40,3,16.599999999999945,15.83333333333344,23.75000000000016,10.49999999999995
09AM,B4_TIER_STATE_LOOPS,T1|PARTIAL_LOOP|43,1,0.0,0.0,0.0,0.0
09AM,B4_TIER_STATE_LOOPS,T2|BALANCED_ASIA|32,1,0.0,0.0,0.0,0.0
09AM,B4_TIER_STATE_LOOPS,T2|FULL_LOOP|20,1,16.199999999999555,0.0,0.0,0.0
09AM,B4_TIER_STATE_LOOPS,T2|FULL_LOOP|21,1,12.600000000000389,0.0,0.0,0.0
09AM,B4_TIER_STATE_LOOPS,T2|FULL_LOOP|29,1,8.600000000000833,0.0,0.0,0.0
09AM,B4_TIER_STATE_LOOPS,T2|FULL_LOOP|36,1,62.400000000000226,0.0,0.0,0.0
09AM,B4_TIER_STATE_LOOPS,T2|ONE_SIDED_DOWN|21,1,32.70000000000106,0.0,0.0,0.0
09AM,B4_TIER_STATE_LOOPS,T2|ONE_SIDED_DOWN|24,1,68.2999999999989,0.0,0.0,0.0
09AM,B4_TIER_STATE_LOOPS,T2|ONE_SIDED_DOWN|26,1,9.300000000000978,0.0,0.0,0.0
09AM,B4_TIER_STATE_LOOPS,T2|ONE_SIDED_DOWN|27,1,25.299999999999212,0.0,0.0,0.0
09AM,B4_TIER_STATE_LOOPS,T2|ONE_SIDED_UP|20,1,19.599999999999618,0.0,0.0,0.0
09AM,B4_TIER_STATE_LOOPS,T2|ONE_SIDED_UP|28,1,2.7999999999983594,0.0,0.0,0.0
09AM,B4_TIER_STATE_LOOPS,T2|ONE_SIDED_UP|31,1,44.00000000000181,0.0,0.0,0.0
09AM,B4_TIER_STATE_LOOPS,T2|OVER_COMPLETED|13,1,16.400000000000855,0.0,0.0,0.0
09AM,B4_TIER_STATE_LOOPS,T2|OVER_COMPLETED|21,1,0.0,0.0,0.0,0.0
09AM,B4_TIER_STATE_LOOPS,T2|OVER_COMPLETED|23,3,36.89999999999971,2.333333333333819,3.5000000000007248,3.3000000000016385
09AM,B4_TIER_STATE_LOOPS,T2|OVER_COMPLETED|26,1,37.700000000000514,0.0,0.0,0.0
09AM,B4_TIER_STATE_LOOPS,T2|OVER_COMPLETED|27,3,15.600000000000058,5.699999999999598,8.549999999999397,6.800000000000139
09AM,B4_TIER_STATE_LOOPS,T2|OVER_COMPLETED|32,2,9.799999999999809,0.9999999999998899,0.9999999999998899,0.9999999999998899
09AM,B4_TIER_STATE_LOOPS,T2|OVER_COMPLETED|33,2,40.05000000000036,34.35000000000077,34.350000000000776,34.35000000000077
09AM,B4_TIER_STATE_LOOPS,T2|PARTIAL_LOOP|8,1,19.899999999997142,0.0,0.0,0.0
09AM,B4_TIER_STATE_LOOPS,T2|PARTIAL_LOOP|11,1,13.900000000000023,0.0,0.0,0.0
09AM,B4_TIER_STATE_LOOPS,T2|PARTIAL_LOOP|15,1,88.79999999999998,0.0,0.0,0.0
09AM,B4_TIER_STATE_LOOPS,T2|PARTIAL_LOOP|16,1,68.70000000000154,0.0,0.0,0.0
09AM,B4_TIER_STATE_LOOPS,T2|PARTIAL_LOOP|17,3,4.500000000000615,7.0999999999998815,10.649999999999823,4.300000000001521
09AM,B4_TIER_STATE_LOOPS,T2|PARTIAL_LOOP|18,3,11.000000000001005,21.033333333334195,31.550000000001297,8.500000000002391
09AM,B4_TIER_STATE_LOOPS,T2|PARTIAL_LOOP|19,2,2.2500000000003073,2.2500000000003073,2.2500000000003073,2.2500000000003073
09AM,B4_TIER_STATE_LOOPS,T2|PARTIAL_LOOP|20,3,36.00000000000047,14.466666666666697,21.700000000000045,13.90000000000002
09AM,B4_TIER_STATE_LOOPS,T2|PARTIAL_LOOP|21,7,28.09999999999979,12.357142857142605,17.849999999999252,11.90000000000024
09AM,B4_TIER_STATE_LOOPS,T2|PARTIAL_LOOP|22,8,10.150000000000988,15.174999999999772,26.374999999997932,8.450000000000953
09AM,B4_TIER_STATE_LOOPS,T2|PARTIAL_LOOP|23,11,29.799999999999823,14.381818181818534,20.7500000000016,9.50000000000006
09AM,B4_TIER_STATE_LOOPS,T2|PARTIAL_LOOP|24,6,21.49999999999985,11.666666666665753,10.699999999997928,6.799999999999027
09AM,B4_TIER_STATE_LOOPS,T2|PARTIAL_LOOP|25,8,22.79999999999949,21.59999999999995,28.025000000000958,14.85000000000069
09AM,B4_TIER_STATE_LOOPS,T2|PARTIAL_LOOP|26,10,20.85000000000003,20.499999999999957,24.700000000002497,14.650000000001608
09AM,B4_TIER_STATE_LOOPS,T2|PARTIAL_LOOP|27,7,19.400000000000524,25.45714285714278,34.99999999999948,18.000000000000234
09AM,B4_TIER_STATE_LOOPS,T2|PARTIAL_LOOP|28,6,23.799999999999372,23.233333333333437,43.30000000000055,19.549999999999287
09AM,B4_TIER_STATE_LOOPS,T2|PARTIAL_LOOP|29,2,31.349999999999987,19.15,19.149999999999995,19.15
09AM,B4_TIER_STATE_LOOPS,T2|PARTIAL_LOOP|30,6,30.100000000000684,10.833333333333622,14.475000000001017,7.85000000000036
09AM,B4_TIER_STATE_LOOPS,T2|PARTIAL_LOOP|31,9,29.300000000000992,17.33333333333315,17.300000000000086,9.399999999999409
09AM,B4_TIER_STATE_LOOPS,T2|PARTIAL_LOOP|32,4,17.34999999999931,7.8499999999998025,9.399999999999967,2.0500000000001073
09AM,B4_TIER_STATE_LOOPS,T2|PARTIAL_LOOP|33,1,52.90000000000016,0.0,0.0,0.0
09AM,B4_TIER_STATE_LOOPS,T2|PARTIAL_LOOP|34,7,20.200000000001324,13.528571428571237,12.049999999998995,6.800000000000132
09AM,B4_TIER_STATE_LOOPS,T2|PARTIAL_LOOP|35,3,47.8999999999985,16.03333333333327,24.04999999999991,14.900000000002137
09AM,B4_TIER_STATE_LOOPS,T2|PARTIAL_LOOP|36,2,36.40000000000087,10.900000000000357,10.900000000000354,10.900000000000357
09AM,B4_TIER_STATE_LOOPS,T2|PARTIAL_LOOP|37,1,56.30000000000024,0.0,0.0,0.0
09AM,B4_TIER_STATE_LOOPS,T2|PARTIAL_LOOP|42,1,8.20000000000043,0.0,0.0,0.0
09AM,B4_TIER_STATE_LOOPS,T3|FULL_LOOP|19,1,0.0,0.0,0.0,0.0
09AM,B4_TIER_STATE_LOOPS,T3|FULL_LOOP|21,1,102.49999999999872,0.0,0.0,0.0
09AM,B4_TIER_STATE_LOOPS,T3|FULL_LOOP|25,2,49.40000000000055,49.40000000000055,49.40000000000056,49.40000000000055
09AM,B4_TIER_STATE_LOOPS,T3|FULL_LOOP|27,1,28.69999999999927,0.0,0.0,0.0
09AM,B4_TIER_STATE_LOOPS,T3|FULL_LOOP|33,1,149.90000000000057,0.0,0.0,0.0
09AM,B4_TIER_STATE_LOOPS,T3|OVER_COMPLETED|15,1,5.800000000000253,0.0,0.0,0.0
09AM,B4_TIER_STATE_LOOPS,T3|OVER_COMPLETED|16,1,58.39999999999844,0.0,0.0,0.0
09AM,B4_TIER_STATE_LOOPS,T3|OVER_COMPLETED|18,1,12.300000000000644,0.0,0.0,0.0
09AM,B4_TIER_STATE_LOOPS,T3|OVER_COMPLETED|20,1,15.300000000000317,0.0,0.0,0.0
09AM,B4_TIER_STATE_LOOPS,T3|OVER_COMPLETED|21,2,26.50000000000041,16.3000000000002,16.300000000000203,16.3000000000002
09AM,B4_TIER_STATE_LOOPS,T3|OVER_COMPLETED|23,2,7.949999999999903,3.250000000000199,3.250000000000199,3.250000000000199
09AM,B4_TIER_STATE_LOOPS,T3|OVER_COMPLETED|25,2,23.800000000000487,8.29999999999886,8.29999999999886,8.29999999999886
09AM,B4_TIER_STATE_LOOPS,T3|OVER_COMPLETED|27,1,50.39999999999933,0.0,0.0,0.0
09AM,B4_TIER_STATE_LOOPS,T3|OVER_COMPLETED|28,1,0.0,0.0,0.0,0.0
09AM,B4_TIER_STATE_LOOPS,T3|OVER_COMPLETED|30,1,0.0,0.0,0.0,0.0
09AM,B4_TIER_STATE_LOOPS,T3|OVER_COMPLETED|34,1,15.700000000000713,0.0,0.0,0.0
09AM,B4_TIER_STATE_LOOPS,T3|OVER_COMPLETED|36,1,13.90000000000002,0.0,0.0,0.0
09AM,B4_TIER_STATE_LOOPS,T3|OVER_COMPLETED|37,1,23.50000000000074,0.0,0.0,0.0
09AM,B4_TIER_STATE_LOOPS,T3|PARTIAL_LOOP|12,1,10.099999999999554,0.0,0.0,0.0
09AM,B4_TIER_STATE_LOOPS,T3|PARTIAL_LOOP|14,1,7.099999999999888,0.0,0.0,0.0
09AM,B4_TIER_STATE_LOOPS,T3|PARTIAL_LOOP|15,1,32.00000000000091,0.0,0.0,0.0
09AM,B4_TIER_STATE_LOOPS,T3|PARTIAL_LOOP|17,1,8.199999999998212,0.0,0.0,0.0
09AM,B4_TIER_STATE_LOOPS,T3|PARTIAL_LOOP|19,1,3.4000000000000696,0.0,0.0,0.0
09AM,B4_TIER_STATE_LOOPS,T3|PARTIAL_LOOP|20,3,6.599999999998829,8.533333333332985,12.799999999999478,5.899999999998684
09AM,B4_TIER_STATE_LOOPS,T3|PARTIAL_LOOP|21,2,26.59999999999996,11.999999999999787,11.999999999999787,11.999999999999787
09AM,B4_TIER_STATE_LOOPS,T3|PARTIAL_LOOP|22,2,46.94999999999894,29.049999999999358,29.049999999999358,29.049999999999358
09AM,B4_TIER_STATE_LOOPS,T3|PARTIAL_LOOP|24,4,6.249999999999865,8.024999999999837,14.274999999999702,6.249999999999865
09AM,B4_TIER_STATE_LOOPS,T3|PARTIAL_LOOP|25,1,41.19999999999901,0.0,0.0,0.0
09AM,B4_TIER_STATE_LOOPS,T3|PARTIAL_LOOP|26,5,36.899999999999714,18.64000000000043,35.10000000000124,19.500000000001187
09AM,B4_TIER_STATE_LOOPS,T3|PARTIAL_LOOP|27,2,13.949999999999243,4.849999999999575,4.849999999999575,4.849999999999575
09AM,B4_TIER_STATE_LOOPS,T3|PARTIAL_LOOP|28,3,26.500000000000412,5.2000000000000215,7.800000000000033,1.1999999999989797
09AM,B4_TIER_STATE_LOOPS,T3|PARTIAL_LOOP|29,1,75.29999999999815,0.0,0.0,0.0
09AM,B4_TIER_STATE_LOOPS,T3|PARTIAL_LOOP|30,2,33.69999999999983,5.899999999999796,5.8999999999998,5.899999999999796
09AM,B4_TIER_STATE_LOOPS,T3|PARTIAL_LOOP|31,4,26.000000000000465,5.425000000000569,6.025000000001171,5.300000000000306
09AM,B4_TIER_STATE_LOOPS,T3|PARTIAL_LOOP|32,2,67.69999999999942,29.099999999999678,29.099999999999675,29.099999999999678
09AM,B4_TIER_STATE_LOOPS,T3|PARTIAL_LOOP|33,1,53.10000000000147,0.0,0.0,0.0
09AM,B4_TIER_STATE_LOOPS,T3|PARTIAL_LOOP|34,1,0.0,0.0,0.0,0.0
09AM,B4_TIER_STATE_LOOPS,T3|PARTIAL_LOOP|35,1,11.700000000001154,0.0,0.0,0.0
09AM,B5_TIER_STATE_LOOPS_BALANCE,MISSING|AR_NO_GO_STATE|0|BALANCED,1,0.0,0.0,0.0,0.0
09AM,B5_TIER_STATE_LOOPS_BALANCE,MISSING|AR_NO_GO_STATE|0|DOWN_HEAVY,4,27.099999999999902,27.850000000000378,36.150000000001455,17.700000000000493
09AM,B5_TIER_STATE_LOOPS_BALANCE,MISSING|AR_NO_GO_STATE|0|UP_HEAVY,5,23.999999999999574,25.819999999999958,51.79999999999963,23.999999999999574
09AM,B5_TIER_STATE_LOOPS_BALANCE,T1|BALANCED_ASIA|10|DOWN_HEAVY,1,35.099999999999014,0.0,0.0,0.0
09AM,B5_TIER_STATE_LOOPS_BALANCE,T1|BALANCED_ASIA|12|UP_HEAVY,1,22.69999999999994,0.0,0.0,0.0
09AM,B5_TIER_STATE_LOOPS_BALANCE,T1|BALANCED_ASIA|13|UP_HEAVY,1,98.4000000000007,0.0,0.0,0.0
09AM,B5_TIER_STATE_LOOPS_BALANCE,T1|BALANCED_ASIA|14|UP_LEAN,1,8.50000000000017,0.0,0.0,0.0
09AM,B5_TIER_STATE_LOOPS_BALANCE,T1|BALANCED_ASIA|15|BALANCED,1,9.699999999999154,0.0,0.0,0.0
09AM,B5_TIER_STATE_LOOPS_BALANCE,T1|BALANCED_ASIA|15|UP_LEAN,1,40.399999999998215,0.0,0.0,0.0
09AM,B5_TIER_STATE_LOOPS_BALANCE,T1|BALANCED_ASIA|16|UP_LEAN,1,32.2,0.0,0.0,0.0
09AM,B5_TIER_STATE_LOOPS_BALANCE,T1|BALANCED_ASIA|17|UP_HEAVY,2,20.75000000000049,5.15000000000043,5.1500000000004285,5.15000000000043
09AM,B5_TIER_STATE_LOOPS_BALANCE,T1|BALANCED_ASIA|17|UP_LEAN,1,19.49999999999896,0.0,0.0,0.0
09AM,B5_TIER_STATE_LOOPS_BALANCE,T1|BALANCED_ASIA|18|DOWN_HEAVY,1,19.199999999999214,0.0,0.0,0.0
09AM,B5_TIER_STATE_LOOPS_BALANCE,T1|BALANCED_ASIA|18|UP_LEAN,1,9.40000000000163,0.0,0.0,0.0
09AM,B5_TIER_STATE_LOOPS_BALANCE,T1|BALANCED_ASIA|20|DOWN_HEAVY,2,43.69999999999985,24.399999999999977,24.399999999999977,24.399999999999977
09AM,B5_TIER_STATE_LOOPS_BALANCE,T1|BALANCED_ASIA|20|DOWN_LEAN,1,13.499999999999623,0.0,0.0,0.0
09AM,B5_TIER_STATE_LOOPS_BALANCE,T1|BALANCED_ASIA|20|UP_LEAN,1,16.10000000000111,0.0,0.0,0.0
09AM,B5_TIER_STATE_LOOPS_BALANCE,T1|BALANCED_ASIA|21|DOWN_HEAVY,2,18.449999999999854,18.449999999999854,18.449999999999854,18.449999999999854
09AM,B5_TIER_STATE_LOOPS_BALANCE,T1|BALANCED_ASIA|21|UP_HEAVY,2,42.149999999999686,11.05000000000023,11.050000000000232,11.05000000000023
09AM,B5_TIER_STATE_LOOPS_BALANCE,T1|BALANCED_ASIA|22|BALANCED,1,33.70000000000095,0.0,0.0,0.0
09AM,B5_TIER_STATE_LOOPS_BALANCE,T1|BALANCED_ASIA|23|DOWN_HEAVY,3,44.79999999999817,14.633333333332978,21.949999999999463,8.799999999999919
09AM,B5_TIER_STATE_LOOPS_BALANCE,T1|BALANCED_ASIA|23|UP_HEAVY,1,26.600000000001064,0.0,0.0,0.0
09AM,B5_TIER_STATE_LOOPS_BALANCE,T1|BALANCED_ASIA|23|UP_LEAN,1,16.100000000001113,0.0,0.0,0.0
09AM,B5_TIER_STATE_LOOPS_BALANCE,T1|BALANCED_ASIA|24|DOWN_HEAVY,2,23.899999999998922,10.299999999998644,10.29999999999864,10.299999999998644
09AM,B5_TIER_STATE_LOOPS_BALANCE,T1|BALANCED_ASIA|24|DOWN_LEAN,2,21.200000000000106,4.899999999999906,4.899999999999906,4.899999999999906
09AM,B5_TIER_STATE_LOOPS_BALANCE,T1|BALANCED_ASIA|25|BALANCED,1,18.799999999998818,0.0,0.0,0.0
09AM,B5_TIER_STATE_LOOPS_BALANCE,T1|BALANCED_ASIA|25|UP_HEAVY,1,91.69999999999901,0.0,0.0,0.0
09AM,B5_TIER_STATE_LOOPS_BALANCE,T1|BALANCED_ASIA|26|BALANCED,1,15.199999999999662,0.0,0.0,0.0
09AM,B5_TIER_STATE_LOOPS_BALANCE,T1|BALANCED_ASIA|26|DOWN_LEAN,1,17.899999999999583,0.0,0.0,0.0
09AM,B5_TIER_STATE_LOOPS_BALANCE,T1|BALANCED_ASIA|26|UP_HEAVY,1,54.100000000001366,0.0,0.0,0.0
09AM,B5_TIER_STATE_LOOPS_BALANCE,T1|BALANCED_ASIA|28|BALANCED,1,9.500000000000064,0.0,0.0,0.0
09AM,B5_TIER_STATE_LOOPS_BALANCE,T1|BALANCED_ASIA|28|DOWN_HEAVY,1,9.300000000000978,0.0,0.0,0.0
09AM,B5_TIER_STATE_LOOPS_BALANCE,T1|BALANCED_ASIA|29|DOWN_HEAVY,1,4.199999999998639,0.0,0.0,0.0
09AM,B5_TIER_STATE_LOOPS_BALANCE,T1|BALANCED_ASIA|29|UP_HEAVY,2,98.89999999999954,53.399999999999,53.399999999999,53.399999999999
09AM,B5_TIER_STATE_LOOPS_BALANCE,T1|BALANCED_ASIA|29|UP_LEAN,1,56.30000000000023,0.0,0.0,0.0
09AM,B5_TIER_STATE_LOOPS_BALANCE,T1|BALANCED_ASIA|30|BALANCED,1,10.499999999999954,0.0,0.0,0.0
09AM,B5_TIER_STATE_LOOPS_BALANCE,T1|BALANCED_ASIA|30|DOWN_LEAN,1,8.89999999999835,0.0,0.0,0.0
09AM,B5_TIER_STATE_LOOPS_BALANCE,T1|BALANCED_ASIA|30|UP_LEAN,1,9.500000000000064,0.0,0.0,0.0
09AM,B5_TIER_STATE_LOOPS_BALANCE,T1|BALANCED_ASIA|31|DOWN_HEAVY,1,86.00000000000162,0.0,0.0,0.0
09AM,B5_TIER_STATE_LOOPS_BALANCE,T1|BALANCED_ASIA|31|UP_HEAVY,1,16.100000000001117,0.0,0.0,0.0
09AM,B5_TIER_STATE_LOOPS_BALANCE,T1|BALANCED_ASIA|31|UP_LEAN,1,61.19999999999903,0.0,0.0,0.0
09AM,B5_TIER_STATE_LOOPS_BALANCE,T1|BALANCED_ASIA|32|DOWN_HEAVY,1,21.500000000000963,0.0,0.0,0.0
09AM,B5_TIER_STATE_LOOPS_BALANCE,T1|BALANCED_ASIA|33|DOWN_LEAN,1,43.699999999999854,0.0,0.0,0.0
09AM,B5_TIER_STATE_LOOPS_BALANCE,T1|BALANCED_ASIA|33|UP_HEAVY,1,73.00000000000084,0.0,0.0,0.0
09AM,B5_TIER_STATE_LOOPS_BALANCE,T1|BALANCED_ASIA|33|UP_LEAN,1,3.800000000000473,0.0,0.0,0.0
09AM,B5_TIER_STATE_LOOPS_BALANCE,T1|BALANCED_ASIA|37|BALANCED,1,18.400000000000638,0.0,0.0,0.0
09AM,B5_TIER_STATE_LOOPS_BALANCE,T1|BALANCED_ASIA|38|UP_HEAVY,1,33.10000000000146,0.0,0.0,0.0
09AM,B5_TIER_STATE_LOOPS_BALANCE,T1|BALANCED_ASIA|39|DOWN_HEAVY,1,41.89999999999916,0.0,0.0,0.0
09AM,B5_TIER_STATE_LOOPS_BALANCE,T1|BALANCED_ASIA|42|UP_LEAN,1,7.399999999999629,0.0,0.0,0.0
09AM,B5_TIER_STATE_LOOPS_BALANCE,T1|ONE_SIDED_DOWN|15|DOWN_HEAVY,1,50.59999999999842,0.0,0.0,0.0
09AM,B5_TIER_STATE_LOOPS_BALANCE,T1|ONE_SIDED_DOWN|16|UP_HEAVY,1,26.100000000000012,0.0,0.0,0.0
09AM,B5_TIER_STATE_LOOPS_BALANCE,T1|ONE_SIDED_DOWN|17|UP_HEAVY,1,19.199999999999218,0.0,0.0,0.0
09AM,B5_TIER_STATE_LOOPS_BALANCE,T1|ONE_SIDED_DOWN|19|DOWN_LEAN,1,2.4000000000001798,0.0,0.0,0.0
09AM,B5_TIER_STATE_LOOPS_BALANCE,T1|ONE_SIDED_DOWN|20|BALANCED,1,10.399999999999295,0.0,0.0,0.0
09AM,B5_TIER_STATE_LOOPS_BALANCE,T1|ONE_SIDED_DOWN|20|DOWN_HEAVY,1,21.299999999999653,0.0,0.0,0.0
09AM,B5_TIER_STATE_LOOPS_BALANCE,T1|ONE_SIDED_DOWN|20|UP_HEAVY,1,36.99999999999814,0.0,0.0,0.0
09AM,B5_TIER_STATE_LOOPS_BALANCE,T1|ONE_SIDED_DOWN|21|BALANCED,1,13.799999999997144,0.0,0.0,0.0
09AM,B5_TIER_STATE_LOOPS_BALANCE,T1|ONE_SIDED_DOWN|21|DOWN_HEAVY,1,119.60000000000193,0.0,0.0,0.0
09AM,B5_TIER_STATE_LOOPS_BALANCE,T1|ONE_SIDED_DOWN|21|DOWN_LEAN,1,36.6999999999984,0.0,0.0,0.0
09AM,B5_TIER_STATE_LOOPS_BALANCE,T1|ONE_SIDED_DOWN|22|DOWN_LEAN,1,4.8000000000003595,0.0,0.0,0.0
09AM,B5_TIER_STATE_LOOPS_BALANCE,T1|ONE_SIDED_DOWN|22|UP_LEAN,1,3.699999999999811,0.0,0.0,0.0
09AM,B5_TIER_STATE_LOOPS_BALANCE,T1|ONE_SIDED_DOWN|23|DOWN_HEAVY,1,14.400000000001079,0.0,0.0,0.0
09AM,B5_TIER_STATE_LOOPS_BALANCE,T1|ONE_SIDED_DOWN|23|DOWN_LEAN,1,29.700000000001396,0.0,0.0,0.0
09AM,B5_TIER_STATE_LOOPS_BALANCE,T1|ONE_SIDED_DOWN|23|UP_HEAVY,1,30.29999999999866,0.0,0.0,0.0
09AM,B5_TIER_STATE_LOOPS_BALANCE,T1|ONE_SIDED_DOWN|24|UP_LEAN,1,8.300000000001084,0.0,0.0,0.0
09AM,B5_TIER_STATE_LOOPS_BALANCE,T1|ONE_SIDED_DOWN|25|DOWN_LEAN,1,21.299999999999653,0.0,0.0,0.0
09AM,B5_TIER_STATE_LOOPS_BALANCE,T1|ONE_SIDED_DOWN|25|UP_HEAVY,1,19.100000000000783,0.0,0.0,0.0
09AM,B5_TIER_STATE_LOOPS_BALANCE,T1|ONE_SIDED_DOWN|26|BALANCED,1,20.20000000000133,0.0,0.0,0.0
09AM,B5_TIER_STATE_LOOPS_BALANCE,T1|ONE_SIDED_DOWN|26|UP_HEAVY,1,21.400000000000308,0.0,0.0,0.0
09AM,B5_TIER_STATE_LOOPS_BALANCE,T1|ONE_SIDED_DOWN|27|BALANCED,1,14.600000000000168,0.0,0.0,0.0
09AM,B5_TIER_STATE_LOOPS_BALANCE,T1|ONE_SIDED_DOWN|27|UP_LEAN,1,37.40000000000076,0.0,0.0,0.0
09AM,B5_TIER_STATE_LOOPS_BALANCE,T1|ONE_SIDED_DOWN|29|UP_HEAVY,1,68.50000000000021,0.0,0.0,0.0
09AM,B5_TIER_STATE_LOOPS_BALANCE,T1|ONE_SIDED_DOWN|30|UP_HEAVY,1,38.89999999999949,0.0,0.0,0.0
09AM,B5_TIER_STATE_LOOPS_BALANCE,T1|ONE_SIDED_DOWN|30|UP_LEAN,1,10.799999999999695,0.0,0.0,0.0
09AM,B5_TIER_STATE_LOOPS_BALANCE,T1|ONE_SIDED_DOWN|33|UP_HEAVY,1,45.90000000000093,0.0,0.0,0.0
09AM,B5_TIER_STATE_LOOPS_BALANCE,T1|ONE_SIDED_DOWN|35|UP_LEAN,1,5.299999999999194,0.0,0.0,0.0
09AM,B5_TIER_STATE_LOOPS_BALANCE,T1|ONE_SIDED_DOWN|36|BALANCED,1,13.699999999998717,0.0,0.0,0.0
09AM,B5_TIER_STATE_LOOPS_BALANCE,T1|ONE_SIDED_UP|17|DOWN_HEAVY,1,0.19999999999909335,0.0,0.0,0.0
09AM,B5_TIER_STATE_LOOPS_BALANCE,T1|ONE_SIDED_UP|17|UP_HEAVY,1,34.899999999999935,0.0,0.0,0.0
09AM,B5_TIER_STATE_LOOPS_BALANCE,T1|ONE_SIDED_UP|18|BALANCED,1,3.60000000000138,0.0,0.0,0.0
09AM,B5_TIER_STATE_LOOPS_BALANCE,T1|ONE_SIDED_UP|19|UP_HEAVY,1,45.79999999999806,0.0,0.0,0.0
09AM,B5_TIER_STATE_LOOPS_BALANCE,T1|ONE_SIDED_UP|20|DOWN_HEAVY,1,30.29999999999866,0.0,0.0,0.0
09AM,B5_TIER_STATE_LOOPS_BALANCE,T1|ONE_SIDED_UP|20|UP_LEAN,1,37.300000000000104,0.0,0.0,0.0
09AM,B5_TIER_STATE_LOOPS_BALANCE,T1|ONE_SIDED_UP|21|BALANCED,1,7.999999999999119,0.0,0.0,0.0
09AM,B5_TIER_STATE_LOOPS_BALANCE,T1|ONE_SIDED_UP|21|DOWN_HEAVY,1,50.299999999998676,0.0,0.0,0.0
09AM,B5_TIER_STATE_LOOPS_BALANCE,T1|ONE_SIDED_UP|22|DOWN_HEAVY,1,22.199999999998884,0.0,0.0,0.0
09AM,B5_TIER_STATE_LOOPS_BALANCE,T1|ONE_SIDED_UP|22|DOWN_LEAN,1,16.89999999999969,0.0,0.0,0.0
09AM,B5_TIER_STATE_LOOPS_BALANCE,T1|ONE_SIDED_UP|24|BALANCED,1,23.700000000002056,0.0,0.0,0.0
09AM,B5_TIER_STATE_LOOPS_BALANCE,T1|ONE_SIDED_UP|24|UP_HEAVY,1,27.800000000000043,0.0,0.0,0.0
09AM,B5_TIER_STATE_LOOPS_BALANCE,T1|ONE_SIDED_UP|25|BALANCED,1,24.999999999999467,0.0,0.0,0.0
09AM,B5_TIER_STATE_LOOPS_BALANCE,T1|ONE_SIDED_UP|26|UP_LEAN,1,12.30000000000064,0.0,0.0,0.0
09AM,B5_TIER_STATE_LOOPS_BALANCE,T1|ONE_SIDED_UP|27|UP_HEAVY,1,101.7000000000001,0.0,0.0,0.0
09AM,B5_TIER_STATE_LOOPS_BALANCE,T1|ONE_SIDED_UP|28|BALANCED,1,11.399999999999189,0.0,0.0,0.0
09AM,B5_TIER_STATE_LOOPS_BALANCE,T1|ONE_SIDED_UP|28|DOWN_HEAVY,2,21.14999999999978,0.049999999999219114,0.04999999999921556,0.049999999999219114
09AM,B5_TIER_STATE_LOOPS_BALANCE,T1|ONE_SIDED_UP|28|UP_HEAVY,3,18.49999999999907,31.599999999999778,47.399999999999665,15.299999999998086
09AM,B5_TIER_STATE_LOOPS_BALANCE,T1|ONE_SIDED_UP|29|DOWN_HEAVY,1,20.899999999999253,0.0,0.0,0.0
09AM,B5_TIER_STATE_LOOPS_BALANCE,T1|ONE_SIDED_UP|29|DOWN_LEAN,1,4.40000000000218,0.0,0.0,0.0
09AM,B5_TIER_STATE_LOOPS_BALANCE,T1|ONE_SIDED_UP|29|UP_HEAVY,1,38.899999999999494,0.0,0.0,0.0
09AM,B5_TIER_STATE_LOOPS_BALANCE,T1|ONE_SIDED_UP|30|DOWN_LEAN,1,39.39999999999833,0.0,0.0,0.0
09AM,B5_TIER_STATE_LOOPS_BALANCE,T1|ONE_SIDED_UP|31|DOWN_HEAVY,1,48.09999999999981,0.0,0.0,0.0
09AM,B5_TIER_STATE_LOOPS_BALANCE,T1|ONE_SIDED_UP|32|UP_HEAVY,1,20.500000000001066,0.0,0.0,0.0
09AM,B5_TIER_STATE_LOOPS_BALANCE,T1|ONE_SIDED_UP|34|BALANCED,1,15.699999999998493,0.0,0.0,0.0
09AM,B5_TIER_STATE_LOOPS_BALANCE,T1|ONE_SIDED_UP|36|DOWN_HEAVY,1,24.69999999999972,0.0,0.0,0.0
09AM,B5_TIER_STATE_LOOPS_BALANCE,T1|PARTIAL_LOOP|14|BALANCED,1,14.6999999999986,0.0,0.0,0.0
09AM,B5_TIER_STATE_LOOPS_BALANCE,T1|PARTIAL_LOOP|16|DOWN_LEAN,1,73.29999999999836,0.0,0.0,0.0
09AM,B5_TIER_STATE_LOOPS_BALANCE,T1|PARTIAL_LOOP|17|UP_HEAVY,1,10.900000000000354,0.0,0.0,0.0
09AM,B5_TIER_STATE_LOOPS_BALANCE,T1|PARTIAL_LOOP|17|UP_LEAN,1,16.599999999997728,0.0,0.0,0.0
09AM,B5_TIER_STATE_LOOPS_BALANCE,T1|PARTIAL_LOOP|18|BALANCED,1,3.4999999999985043,0.0,0.0,0.0
09AM,B5_TIER_STATE_LOOPS_BALANCE,T1|PARTIAL_LOOP|18|DOWN_HEAVY,1,27.999999999999133,0.0,0.0,0.0
09AM,B5_TIER_STATE_LOOPS_BALANCE,T1|PARTIAL_LOOP|18|UP_HEAVY,4,27.500000000000302,15.749999999999375,24.449999999998635,12.549999999998949
09AM,B5_TIER_STATE_LOOPS_BALANCE,T1|PARTIAL_LOOP|19|BALANCED,1,0.0,0.0,0.0,0.0
09AM,B5_TIER_STATE_LOOPS_BALANCE,T1|PARTIAL_LOOP|19|DOWN_LEAN,1,40.10000000000069,0.0,0.0,0.0
09AM,B5_TIER_STATE_LOOPS_BALANCE,T1|PARTIAL_LOOP|19|UP_HEAVY,2,23.499999999998522,5.699999999999591,5.699999999999591,5.699999999999591
09AM,B5_TIER_STATE_LOOPS_BALANCE,T1|PARTIAL_LOOP|20|BALANCED,1,23.49999999999852,0.0,0.0,0.0
09AM,B5_TIER_STATE_LOOPS_BALANCE,T1|PARTIAL_LOOP|20|DOWN_HEAVY,1,11.799999999999585,0.0,0.0,0.0
09AM,B5_TIER_STATE_LOOPS_BALANCE,T1|PARTIAL_LOOP|20|UP_HEAVY,1,47.300000000001226,0.0,0.0,0.0
09AM,B5_TIER_STATE_LOOPS_BALANCE,T1|PARTIAL_LOOP|21|UP_HEAVY,1,25.500000000000522,0.0,0.0,0.0
09AM,B5_TIER_STATE_LOOPS_BALANCE,T1|PARTIAL_LOOP|22|DOWN_HEAVY,2,12.300000000000644,9.600000000000719,9.600000000000719,9.600000000000719
09AM,B5_TIER_STATE_LOOPS_BALANCE,T1|PARTIAL_LOOP|22|UP_HEAVY,2,16.55000000000073,16.34999999999942,16.34999999999942,16.34999999999942
09AM,B5_TIER_STATE_LOOPS_BALANCE,T1|PARTIAL_LOOP|23|BALANCED,1,12.199999999999985,0.0,0.0,0.0
09AM,B5_TIER_STATE_LOOPS_BALANCE,T1|PARTIAL_LOOP|23|DOWN_LEAN,2,22.299999999998434,16.899999999998585,16.899999999998585,16.899999999998585
09AM,B5_TIER_STATE_LOOPS_BALANCE,T1|PARTIAL_LOOP|23|UP_HEAVY,1,9.00000000000123,0.0,0.0,0.0
09AM,B5_TIER_STATE_LOOPS_BALANCE,T1|PARTIAL_LOOP|23|UP_LEAN,1,0.9999999999998899,0.0,0.0,0.0
09AM,B5_TIER_STATE_LOOPS_BALANCE,T1|PARTIAL_LOOP|24|BALANCED,1,8.799999999999919,0.0,0.0,0.0
09AM,B5_TIER_STATE_LOOPS_BALANCE,T1|PARTIAL_LOOP|24|DOWN_LEAN,2,39.00000000000014,31.499999999999858,31.499999999999858,31.499999999999858
09AM,B5_TIER_STATE_LOOPS_BALANCE,T1|PARTIAL_LOOP|24|UP_HEAVY,3,34.69999999999862,18.233333333333615,27.35000000000042,26.19999999999844
09AM,B5_TIER_STATE_LOOPS_BALANCE,T1|PARTIAL_LOOP|24|UP_LEAN,1,35.300000000000324,0.0,0.0,0.0
09AM,B5_TIER_STATE_LOOPS_BALANCE,T1|PARTIAL_LOOP|25|DOWN_HEAVY,3,10.69999999999904,7.899999999999204,11.849999999998806,10.69999999999904
09AM,B5_TIER_STATE_LOOPS_BALANCE,T1|PARTIAL_LOOP|25|DOWN_LEAN,2,18.50000000000129,10.600000000000609,10.60000000000061,10.600000000000609
09AM,B5_TIER_STATE_LOOPS_BALANCE,T1|PARTIAL_LOOP|25|UP_HEAVY,4,21.199999999998997,10.349999999998975,10.84999999999781,4.449999999998068
09AM,B5_TIER_STATE_LOOPS_BALANCE,T1|PARTIAL_LOOP|26|DOWN_HEAVY,2,22.449999999999417,9.94999999999968,9.949999999999683,9.94999999999968
09AM,B5_TIER_STATE_LOOPS_BALANCE,T1|PARTIAL_LOOP|26|DOWN_LEAN,1,1.499999999998721,0.0,0.0,0.0
09AM,B5_TIER_STATE_LOOPS_BALANCE,T1|PARTIAL_LOOP|26|UP_HEAVY,1,0.0,0.0,0.0,0.0
09AM,B5_TIER_STATE_LOOPS_BALANCE,T1|PARTIAL_LOOP|27|BALANCED,2,62.24999999999924,29.549999999998185,29.549999999998178,29.549999999998185
09AM,B5_TIER_STATE_LOOPS_BALANCE,T1|PARTIAL_LOOP|27|DOWN_HEAVY,7,17.900000000001803,14.328571428572037,19.500000000001183,13.900000000002244
09AM,B5_TIER_STATE_LOOPS_BALANCE,T1|PARTIAL_LOOP|27|DOWN_LEAN,3,40.900000000001484,14.866666666666362,22.299999999999542,3.699999999997601
09AM,B5_TIER_STATE_LOOPS_BALANCE,T1|PARTIAL_LOOP|27|UP_LEAN,1,8.600000000000826,0.0,0.0,0.0
09AM,B5_TIER_STATE_LOOPS_BALANCE,T1|PARTIAL_LOOP|28|BALANCED,2,19.79999999999982,4.499999999999503,4.499999999999503,4.499999999999503
09AM,B5_TIER_STATE_LOOPS_BALANCE,T1|PARTIAL_LOOP|28|DOWN_HEAVY,4,41.799999999998505,11.825000000000308,16.22500000000027,7.999999999999119
09AM,B5_TIER_STATE_LOOPS_BALANCE,T1|PARTIAL_LOOP|28|UP_HEAVY,3,18.400000000000635,20.566666666665952,30.84999999999893,15.099999999999003
09AM,B5_TIER_STATE_LOOPS_BALANCE,T1|PARTIAL_LOOP|29|DOWN_HEAVY,2,23.49999999999852,21.70000000000005,21.700000000000053,21.70000000000005
09AM,B5_TIER_STATE_LOOPS_BALANCE,T1|PARTIAL_LOOP|29|UP_HEAVY,3,37.4999999999992,12.400000000000558,18.60000000000084,12.100000000001558
09AM,B5_TIER_STATE_LOOPS_BALANCE,T1|PARTIAL_LOOP|30|BALANCED,1,14.899999999999913,0.0,0.0,0.0
09AM,B5_TIER_STATE_LOOPS_BALANCE,T1|PARTIAL_LOOP|30|DOWN_HEAVY,4,13.34999999999975,14.274999999999707,19.124999999999282,9.099999999999664
09AM,B5_TIER_STATE_LOOPS_BALANCE,T1|PARTIAL_LOOP|30|DOWN_LEAN,1,9.599999999998499,0.0,0.0,0.0
09AM,B5_TIER_STATE_LOOPS_BALANCE,T1|PARTIAL_LOOP|30|UP_HEAVY,1,43.30000000000167,0.0,0.0,0.0
09AM,B5_TIER_STATE_LOOPS_BALANCE,T1|PARTIAL_LOOP|30|UP_LEAN,1,32.09999999999935,0.0,0.0,0.0
09AM,B5_TIER_STATE_LOOPS_BALANCE,T1|PARTIAL_LOOP|31|DOWN_HEAVY,2,29.750000000000608,5.95000000000012,5.950000000000124,5.95000000000012
09AM,B5_TIER_STATE_LOOPS_BALANCE,T1|PARTIAL_LOOP|31|DOWN_LEAN,3,31.699999999998948,9.833333333334101,14.750000000001151,7.900000000000684
09AM,B5_TIER_STATE_LOOPS_BALANCE,T1|PARTIAL_LOOP|31|UP_HEAVY,2,32.249999999999226,22.550000000000068,22.550000000000068,22.550000000000068
09AM,B5_TIER_STATE_LOOPS_BALANCE,T1|PARTIAL_LOOP|32|DOWN_HEAVY,1,21.59999999999939,0.0,0.0,0.0
09AM,B5_TIER_STATE_LOOPS_BALANCE,T1|PARTIAL_LOOP|32|DOWN_LEAN,3,18.70000000000038,1.4333333333338392,2.150000000000759,0.5000000000010516
09AM,B5_TIER_STATE_LOOPS_BALANCE,T1|PARTIAL_LOOP|32|UP_HEAVY,2,43.54999999999998,5.549999999999724,5.54999999999972,5.549999999999724
09AM,B5_TIER_STATE_LOOPS_BALANCE,T1|PARTIAL_LOOP|32|UP_LEAN,1,9.89999999999824,0.0,0.0,0.0
09AM,B5_TIER_STATE_LOOPS_BALANCE,T1|PARTIAL_LOOP|33|BALANCED,1,72.7000000000011,0.0,0.0,0.0
09AM,B5_TIER_STATE_LOOPS_BALANCE,T1|PARTIAL_LOOP|33|DOWN_HEAVY,1,10.29999999999864,0.0,0.0,0.0
09AM,B5_TIER_STATE_LOOPS_BALANCE,T1|PARTIAL_LOOP|33|DOWN_LEAN,1,37.40000000000076,0.0,0.0,0.0
09AM,B5_TIER_STATE_LOOPS_BALANCE,T1|PARTIAL_LOOP|34|DOWN_HEAVY,2,69.69999999999919,44.2000000000009,44.2000000000009,44.2000000000009
09AM,B5_TIER_STATE_LOOPS_BALANCE,T1|PARTIAL_LOOP|34|DOWN_LEAN,1,26.700000000001722,0.0,0.0,0.0
09AM,B5_TIER_STATE_LOOPS_BALANCE,T1|PARTIAL_LOOP|34|UP_HEAVY,1,41.099999999998346,0.0,0.0,0.0
09AM,B5_TIER_STATE_LOOPS_BALANCE,T1|PARTIAL_LOOP|34|UP_LEAN,1,24.29999999999932,0.0,0.0,0.0
09AM,B5_TIER_STATE_LOOPS_BALANCE,T1|PARTIAL_LOOP|35|BALANCED,1,43.69999999999985,0.0,0.0,0.0
09AM,B5_TIER_STATE_LOOPS_BALANCE,T1|PARTIAL_LOOP|35|UP_HEAVY,2,40.850000000000044,12.249999999999204,12.249999999999204,12.249999999999204
09AM,B5_TIER_STATE_LOOPS_BALANCE,T1|PARTIAL_LOOP|35|UP_LEAN,1,13.799999999999372,0.0,0.0,0.0
09AM,B5_TIER_STATE_LOOPS_BALANCE,T1|PARTIAL_LOOP|36|DOWN_HEAVY,2,41.9500000000006,41.64999999999863,41.64999999999863,41.64999999999863
09AM,B5_TIER_STATE_LOOPS_BALANCE,T1|PARTIAL_LOOP|36|DOWN_LEAN,1,50.79999999999973,0.0,0.0,0.0
09AM,B5_TIER_STATE_LOOPS_BALANCE,T1|PARTIAL_LOOP|38|DOWN_HEAVY,2,6.299999999999081,0.5000000000010587,0.5000000000010587,0.5000000000010587
09AM,B5_TIER_STATE_LOOPS_BALANCE,T1|PARTIAL_LOOP|38|UP_LEAN,2,19.099999999999667,10.700000000000152,10.700000000000152,10.700000000000152
09AM,B5_TIER_STATE_LOOPS_BALANCE,T1|PARTIAL_LOOP|39|DOWN_HEAVY,1,51.69999999999897,0.0,0.0,0.0
09AM,B5_TIER_STATE_LOOPS_BALANCE,T1|PARTIAL_LOOP|40|DOWN_LEAN,2,35.10000000000013,18.500000000000185,18.500000000000185,18.500000000000185
09AM,B5_TIER_STATE_LOOPS_BALANCE,T1|PARTIAL_LOOP|40|UP_LEAN,1,6.099999999999994,0.0,0.0,0.0
09AM,B5_TIER_STATE_LOOPS_BALANCE,T1|PARTIAL_LOOP|43|DOWN_HEAVY,1,0.0,0.0,0.0,0.0
09AM,B5_TIER_STATE_LOOPS_BALANCE,T2|BALANCED_ASIA|32|UP_HEAVY,1,0.0,0.0,0.0,0.0
09AM,B5_TIER_STATE_LOOPS_BALANCE,T2|FULL_LOOP|20|DOWN_HEAVY,1,16.199999999999555,0.0,0.0,0.0
09AM,B5_TIER_STATE_LOOPS_BALANCE,T2|FULL_LOOP|21|DOWN_LEAN,1,12.600000000000389,0.0,0.0,0.0
09AM,B5_TIER_STATE_LOOPS_BALANCE,T2|FULL_LOOP|29|UP_HEAVY,1,8.600000000000833,0.0,0.0,0.0
09AM,B5_TIER_STATE_LOOPS_BALANCE,T2|FULL_LOOP|36|DOWN_LEAN,1,62.400000000000226,0.0,0.0,0.0
09AM,B5_TIER_STATE_LOOPS_BALANCE,T2|ONE_SIDED_DOWN|21|DOWN_LEAN,1,32.70000000000106,0.0,0.0,0.0
09AM,B5_TIER_STATE_LOOPS_BALANCE,T2|ONE_SIDED_DOWN|24|BALANCED,1,68.2999999999989,0.0,0.0,0.0
09AM,B5_TIER_STATE_LOOPS_BALANCE,T2|ONE_SIDED_DOWN|26|UP_HEAVY,1,9.300000000000978,0.0,0.0,0.0
09AM,B5_TIER_STATE_LOOPS_BALANCE,T2|ONE_SIDED_DOWN|27|UP_LEAN,1,25.299999999999212,0.0,0.0,0.0
09AM,B5_TIER_STATE_LOOPS_BALANCE,T2|ONE_SIDED_UP|20|UP_HEAVY,1,19.599999999999618,0.0,0.0,0.0
09AM,B5_TIER_STATE_LOOPS_BALANCE,T2|ONE_SIDED_UP|28|DOWN_LEAN,1,2.7999999999983594,0.0,0.0,0.0
09AM,B5_TIER_STATE_LOOPS_BALANCE,T2|ONE_SIDED_UP|31|UP_HEAVY,1,44.00000000000181,0.0,0.0,0.0
09AM,B5_TIER_STATE_LOOPS_BALANCE,T2|OVER_COMPLETED|13|BALANCED,1,16.400000000000855,0.0,0.0,0.0
09AM,B5_TIER_STATE_LOOPS_BALANCE,T2|OVER_COMPLETED|21|DOWN_HEAVY,1,0.0,0.0,0.0,0.0
09AM,B5_TIER_STATE_LOOPS_BALANCE,T2|OVER_COMPLETED|23|DOWN_HEAVY,1,36.89999999999971,0.0,0.0,0.0
09AM,B5_TIER_STATE_LOOPS_BALANCE,T2|OVER_COMPLETED|23|UP_LEAN,2,36.700000000000614,3.5000000000007283,3.500000000000732,3.5000000000007283
09AM,B5_TIER_STATE_LOOPS_BALANCE,T2|OVER_COMPLETED|26|DOWN_LEAN,1,37.700000000000514,0.0,0.0,0.0
09AM,B5_TIER_STATE_LOOPS_BALANCE,T2|OVER_COMPLETED|27|BALANCED,1,15.600000000000058,0.0,0.0,0.0
09AM,B5_TIER_STATE_LOOPS_BALANCE,T2|OVER_COMPLETED|27|DOWN_HEAVY,2,17.349999999999316,8.549999999999397,8.549999999999395,8.549999999999397
09AM,B5_TIER_STATE_LOOPS_BALANCE,T2|OVER_COMPLETED|32|DOWN_HEAVY,1,8.799999999999919,0.0,0.0,0.0
09AM,B5_TIER_STATE_LOOPS_BALANCE,T2|OVER_COMPLETED|32|DOWN_LEAN,1,10.799999999999699,0.0,0.0,0.0
09AM,B5_TIER_STATE_LOOPS_BALANCE,T2|OVER_COMPLETED|33|BALANCED,1,5.699999999999591,0.0,0.0,0.0
09AM,B5_TIER_STATE_LOOPS_BALANCE,T2|OVER_COMPLETED|33|DOWN_HEAVY,1,74.40000000000113,0.0,0.0,0.0
09AM,B5_TIER_STATE_LOOPS_BALANCE,T2|PARTIAL_LOOP|8|DOWN_LEAN,1,19.899999999997142,0.0,0.0,0.0
09AM,B5_TIER_STATE_LOOPS_BALANCE,T2|PARTIAL_LOOP|11|UP_HEAVY,1,13.900000000000023,0.0,0.0,0.0
09AM,B5_TIER_STATE_LOOPS_BALANCE,T2|PARTIAL_LOOP|15|UP_HEAVY,1,88.79999999999998,0.0,0.0,0.0
09AM,B5_TIER_STATE_LOOPS_BALANCE,T2|PARTIAL_LOOP|16|DOWN_HEAVY,1,68.70000000000154,0.0,0.0,0.0
09AM,B5_TIER_STATE_LOOPS_BALANCE,T2|PARTIAL_LOOP|17|DOWN_HEAVY,1,0.19999999999909335,0.0,0.0,0.0
09AM,B5_TIER_STATE_LOOPS_BALANCE,T2|PARTIAL_LOOP|17|UP_LEAN,2,12.999999999999677,8.499999999999062,8.499999999999062,8.499999999999062
09AM,B5_TIER_STATE_LOOPS_BALANCE,T2|PARTIAL_LOOP|18|DOWN_HEAVY,1,2.4999999999986144,0.0,0.0,0.0
09AM,B5_TIER_STATE_LOOPS_BALANCE,T2|PARTIAL_LOOP|18|UP_HEAVY,2,38.300000000001106,27.300000000000097,27.3000000000001,27.300000000000097
09AM,B5_TIER_STATE_LOOPS_BALANCE,T2|PARTIAL_LOOP|19|DOWN_LEAN,2,2.2500000000003073,2.2500000000003073,2.2500000000003073,2.2500000000003073
09AM,B5_TIER_STATE_LOOPS_BALANCE,T2|PARTIAL_LOOP|20|BALANCED,1,6.500000000000394,0.0,0.0,0.0
09AM,B5_TIER_STATE_LOOPS_BALANCE,T2|PARTIAL_LOOP|20|DOWN_HEAVY,1,49.90000000000049,0.0,0.0,0.0
09AM,B5_TIER_STATE_LOOPS_BALANCE,T2|PARTIAL_LOOP|20|UP_HEAVY,1,36.00000000000047,0.0,0.0,0.0
09AM,B5_TIER_STATE_LOOPS_BALANCE,T2|PARTIAL_LOOP|21|BALANCED,2,8.15000000000121,7.150000000001324,7.150000000001324,7.150000000001324
09AM,B5_TIER_STATE_LOOPS_BALANCE,T2|PARTIAL_LOOP|21|DOWN_HEAVY,1,28.09999999999979,0.0,0.0,0.0
09AM,B5_TIER_STATE_LOOPS_BALANCE,T2|PARTIAL_LOOP|21|DOWN_LEAN,1,34.79999999999927,0.0,0.0,0.0
09AM,B5_TIER_STATE_LOOPS_BALANCE,T2|PARTIAL_LOOP|21|UP_HEAVY,1,51.79999999999962,0.0,0.0,0.0
09AM,B5_TIER_STATE_LOOPS_BALANCE,T2|PARTIAL_LOOP|21|UP_LEAN,2,24.30000000000043,8.100000000000882,8.100000000000882,8.100000000000882
09AM,B5_TIER_STATE_LOOPS_BALANCE,T2|PARTIAL_LOOP|22|BALANCED,2,32.699999999999946,29.299999999999876,29.299999999999873,29.299999999999876
09AM,B5_TIER_STATE_LOOPS_BALANCE,T2|PARTIAL_LOOP|22|DOWN_HEAVY,1,0.0,0.0,0.0,0.0
09AM,B5_TIER_STATE_LOOPS_BALANCE,T2|PARTIAL_LOOP|22|DOWN_LEAN,3,8.90000000000057,2.5000000000000946,3.750000000000142,2.500000000000835
09AM,B5_TIER_STATE_LOOPS_BALANCE,T2|PARTIAL_LOOP|22|UP_HEAVY,2,32.099999999999355,3.900000000001125,3.9000000000011212,3.900000000001125
09AM,B5_TIER_STATE_LOOPS_BALANCE,T2|PARTIAL_LOOP|23|BALANCED,1,11.099999999999444,0.0,0.0,0.0
09AM,B5_TIER_STATE_LOOPS_BALANCE,T2|PARTIAL_LOOP|23|DOWN_HEAVY,3,31.600000000000517,3.166666666666687,4.750000000000032,1.8000000000006935
09AM,B5_TIER_STATE_LOOPS_BALANCE,T2|PARTIAL_LOOP|23|DOWN_LEAN,3,16.599999999999948,8.666666666666451,12.999999999999677,10.999999999998785
09AM,B5_TIER_STATE_LOOPS_BALANCE,T2|PARTIAL_LOOP|23|UP_HEAVY,4,34.600000000001295,18.849999999999696,19.04999999999989,14.549999999999837
09AM,B5_TIER_STATE_LOOPS_BALANCE,T2|PARTIAL_LOOP|24|DOWN_HEAVY,2,41.499999999998764,19.00000000000013,19.000000000000135,19.00000000000013
09AM,B5_TIER_STATE_LOOPS_BALANCE,T2|PARTIAL_LOOP|24|DOWN_LEAN,2,11.900000000000244,5.800000000000249,5.800000000000249,5.800000000000249
09AM,B5_TIER_STATE_LOOPS_BALANCE,T2|PARTIAL_LOOP|24|UP_HEAVY,2,25.89999999999981,5.399999999998737,5.399999999998734,5.399999999998737
09AM,B5_TIER_STATE_LOOPS_BALANCE,T2|PARTIAL_LOOP|25|BALANCED,1,10.399999999999302,0.0,0.0,0.0
09AM,B5_TIER_STATE_LOOPS_BALANCE,T2|PARTIAL_LOOP|25|DOWN_HEAVY,2,33.29999999999944,7.300000000000079,7.300000000000075,7.300000000000079
09AM,B5_TIER_STATE_LOOPS_BALANCE,T2|PARTIAL_LOOP|25|UP_HEAVY,4,16.199999999999548,10.625000000000217,14.025000000000286,7.599999999999831
09AM,B5_TIER_STATE_LOOPS_BALANCE,T2|PARTIAL_LOOP|25|UP_LEAN,1,113.29999999999839,0.0,0.0,0.0
09AM,B5_TIER_STATE_LOOPS_BALANCE,T2|PARTIAL_LOOP|26|DOWN_HEAVY,2,10.94999999999957,10.14999999999877,10.14999999999877,10.14999999999877
09AM,B5_TIER_STATE_LOOPS_BALANCE,T2|PARTIAL_LOOP|26|DOWN_LEAN,2,8.94999999999979,4.650000000000489,4.650000000000489,4.650000000000489
09AM,B5_TIER_STATE_LOOPS_BALANCE,T2|PARTIAL_LOOP|26|UP_HEAVY,5,36.10000000000113,27.620000000000196,22.59999999999929,11.600000000000499
09AM,B5_TIER_STATE_LOOPS_BALANCE,T2|PARTIAL_LOOP|26|UP_LEAN,1,20.600000000001724,0.0,0.0,0.0
09AM,B5_TIER_STATE_LOOPS_BALANCE,T2|PARTIAL_LOOP|27|DOWN_HEAVY,4,25.49999999999941,30.099999999999568,36.199999999998454,15.799999999999148
09AM,B5_TIER_STATE_LOOPS_BALANCE,T2|PARTIAL_LOOP|27|DOWN_LEAN,1,50.49999999999999,0.0,0.0,0.0
09AM,B5_TIER_STATE_LOOPS_BALANCE,T2|PARTIAL_LOOP|27|UP_LEAN,2,6.049999999999663,4.649999999999373,4.649999999999373,4.649999999999373
09AM,B5_TIER_STATE_LOOPS_BALANCE,T2|PARTIAL_LOOP|28|DOWN_HEAVY,4,23.799999999999372,20.475000000000353,28.175000000000843,12.400000000000187
09AM,B5_TIER_STATE_LOOPS_BALANCE,T2|PARTIAL_LOOP|28|DOWN_LEAN,1,1.8000000000006864,0.0,0.0,0.0
09AM,B5_TIER_STATE_LOOPS_BALANCE,T2|PARTIAL_LOOP|28|UP_LEAN,1,59.2999999999999,0.0,0.0,0.0
09AM,B5_TIER_STATE_LOOPS_BALANCE,T2|PARTIAL_LOOP|29|DOWN_HEAVY,1,12.199999999999989,0.0,0.0,0.0
09AM,B5_TIER_STATE_LOOPS_BALANCE,T2|PARTIAL_LOOP|29|UP_HEAVY,1,50.499999999999986,0.0,0.0,0.0
09AM,B5_TIER_STATE_LOOPS_BALANCE,T2|PARTIAL_LOOP|30|BALANCED,1,21.59999999999939,0.0,0.0,0.0
09AM,B5_TIER_STATE_LOOPS_BALANCE,T2|PARTIAL_LOOP|30|DOWN_HEAVY,3,37.30000000000011,3.366666666665772,5.049999999998654,1.7999999999984624
09AM,B5_TIER_STATE_LOOPS_BALANCE,T2|PARTIAL_LOOP|30|DOWN_LEAN,1,7.099999999999881,0.0,0.0,0.0
09AM,B5_TIER_STATE_LOOPS_BALANCE,T2|PARTIAL_LOOP|30|UP_HEAVY,1,24.69999999999972,0.0,0.0,0.0
09AM,B5_TIER_STATE_LOOPS_BALANCE,T2|PARTIAL_LOOP|31|DOWN_HEAVY,3,29.300000000000992,9.99999999999964,14.99999999999946,2.200000000001097
09AM,B5_TIER_STATE_LOOPS_BALANCE,T2|PARTIAL_LOOP|31|DOWN_LEAN,1,42.999999999999694,0.0,0.0,0.0
09AM,B5_TIER_STATE_LOOPS_BALANCE,T2|PARTIAL_LOOP|31|UP_HEAVY,3,35.000000000000576,31.200000000000117,46.80000000000018,35.000000000000576
09AM,B5_TIER_STATE_LOOPS_BALANCE,T2|PARTIAL_LOOP|31|UP_LEAN,2,22.800000000000594,2.8999999999990127,2.8999999999990145,2.8999999999990127
09AM,B5_TIER_STATE_LOOPS_BALANCE,T2|PARTIAL_LOOP|32|DOWN_LEAN,3,15.799999999999145,1.3666666666667382,2.0500000000001073,0.9999999999998863
09AM,B5_TIER_STATE_LOOPS_BALANCE,T2|PARTIAL_LOOP|32|UP_HEAVY,1,43.09999999999814,0.0,0.0,0.0
09AM,B5_TIER_STATE_LOOPS_BALANCE,T2|PARTIAL_LOOP|33|DOWN_HEAVY,1,52.90000000000016,0.0,0.0,0.0
09AM,B5_TIER_STATE_LOOPS_BALANCE,T2|PARTIAL_LOOP|34|BALANCED,1,20.200000000001324,0.0,0.0,0.0
09AM,B5_TIER_STATE_LOOPS_BALANCE,T2|PARTIAL_LOOP|34|DOWN_HEAVY,1,24.800000000000374,0.0,0.0,0.0
09AM,B5_TIER_STATE_LOOPS_BALANCE,T2|PARTIAL_LOOP|34|DOWN_LEAN,3,25.50000000000051,23.533333333333548,35.300000000000324,13.000000000000774
09AM,B5_TIER_STATE_LOOPS_BALANCE,T2|PARTIAL_LOOP|34|UP_HEAVY,2,13.100000000001447,0.2999999999997449,0.2999999999997449,0.2999999999997449
09AM,B5_TIER_STATE_LOOPS_BALANCE,T2|PARTIAL_LOOP|35|BALANCED,1,14.70000000000082,0.0,0.0,0.0
09AM,B5_TIER_STATE_LOOPS_BALANCE,T2|PARTIAL_LOOP|35|DOWN_HEAVY,1,62.80000000000064,0.0,0.0,0.0
09AM,B5_TIER_STATE_LOOPS_BALANCE,T2|PARTIAL_LOOP|35|UP_LEAN,1,47.8999999999985,0.0,0.0,0.0
09AM,B5_TIER_STATE_LOOPS_BALANCE,T2|PARTIAL_LOOP|36|DOWN_HEAVY,1,25.50000000000052,0.0,0.0,0.0
09AM,B5_TIER_STATE_LOOPS_BALANCE,T2|PARTIAL_LOOP|36|UP_HEAVY,1,47.30000000000123,0.0,0.0,0.0
09AM,B5_TIER_STATE_LOOPS_BALANCE,T2|PARTIAL_LOOP|37|UP_LEAN,1,56.30000000000024,0.0,0.0,0.0
09AM,B5_TIER_STATE_LOOPS_BALANCE,T2|PARTIAL_LOOP|42|DOWN_HEAVY,1,8.20000000000043,0.0,0.0,0.0
09AM,B5_TIER_STATE_LOOPS_BALANCE,T3|FULL_LOOP|19|UP_LEAN,1,0.0,0.0,0.0,0.0
09AM,B5_TIER_STATE_LOOPS_BALANCE,T3|FULL_LOOP|21|UP_HEAVY,1,102.49999999999872,0.0,0.0,0.0
09AM,B5_TIER_STATE_LOOPS_BALANCE,T3|FULL_LOOP|25|DOWN_HEAVY,1,0.0,0.0,0.0,0.0
09AM,B5_TIER_STATE_LOOPS_BALANCE,T3|FULL_LOOP|25|DOWN_LEAN,1,98.8000000000011,0.0,0.0,0.0
09AM,B5_TIER_STATE_LOOPS_BALANCE,T3|FULL_LOOP|27|UP_LEAN,1,28.69999999999927,0.0,0.0,0.0
09AM,B5_TIER_STATE_LOOPS_BALANCE,T3|FULL_LOOP|33|DOWN_HEAVY,1,149.90000000000057,0.0,0.0,0.0
09AM,B5_TIER_STATE_LOOPS_BALANCE,T3|OVER_COMPLETED|15|BALANCED,1,5.800000000000253,0.0,0.0,0.0
09AM,B5_TIER_STATE_LOOPS_BALANCE,T3|OVER_COMPLETED|16|DOWN_HEAVY,1,58.39999999999844,0.0,0.0,0.0
09AM,B5_TIER_STATE_LOOPS_BALANCE,T3|OVER_COMPLETED|18|DOWN_LEAN,1,12.300000000000644,0.0,0.0,0.0
09AM,B5_TIER_STATE_LOOPS_BALANCE,T3|OVER_COMPLETED|20|DOWN_LEAN,1,15.300000000000317,0.0,0.0,0.0
09AM,B5_TIER_STATE_LOOPS_BALANCE,T3|OVER_COMPLETED|21|UP_HEAVY,2,26.50000000000041,16.3000000000002,16.300000000000203,16.3000000000002
09AM,B5_TIER_STATE_LOOPS_BALANCE,T3|OVER_COMPLETED|23|DOWN_HEAVY,2,7.949999999999903,3.250000000000199,3.250000000000199,3.250000000000199
09AM,B5_TIER_STATE_LOOPS_BALANCE,T3|OVER_COMPLETED|25|UP_HEAVY,1,15.500000000001627,0.0,0.0,0.0
09AM,B5_TIER_STATE_LOOPS_BALANCE,T3|OVER_COMPLETED|25|UP_LEAN,1,32.09999999999935,0.0,0.0,0.0
09AM,B5_TIER_STATE_LOOPS_BALANCE,T3|OVER_COMPLETED|27|DOWN_HEAVY,1,50.39999999999933,0.0,0.0,0.0
09AM,B5_TIER_STATE_LOOPS_BALANCE,T3|OVER_COMPLETED|28|UP_LEAN,1,0.0,0.0,0.0,0.0
09AM,B5_TIER_STATE_LOOPS_BALANCE,T3|OVER_COMPLETED|30|UP_HEAVY,1,0.0,0.0,0.0,0.0
09AM,B5_TIER_STATE_LOOPS_BALANCE,T3|OVER_COMPLETED|34|UP_LEAN,1,15.700000000000713,0.0,0.0,0.0
09AM,B5_TIER_STATE_LOOPS_BALANCE,T3|OVER_COMPLETED|36|BALANCED,1,13.90000000000002,0.0,0.0,0.0
09AM,B5_TIER_STATE_LOOPS_BALANCE,T3|OVER_COMPLETED|37|DOWN_HEAVY,1,23.50000000000074,0.0,0.0,0.0
09AM,B5_TIER_STATE_LOOPS_BALANCE,T3|PARTIAL_LOOP|12|DOWN_LEAN,1,10.099999999999554,0.0,0.0,0.0
09AM,B5_TIER_STATE_LOOPS_BALANCE,T3|PARTIAL_LOOP|14|DOWN_LEAN,1,7.099999999999888,0.0,0.0,0.0
09AM,B5_TIER_STATE_LOOPS_BALANCE,T3|PARTIAL_LOOP|15|UP_HEAVY,1,32.00000000000091,0.0,0.0,0.0
09AM,B5_TIER_STATE_LOOPS_BALANCE,T3|PARTIAL_LOOP|17|UP_HEAVY,1,8.199999999998212,0.0,0.0,0.0
09AM,B5_TIER_STATE_LOOPS_BALANCE,T3|PARTIAL_LOOP|19|DOWN_HEAVY,1,3.4000000000000696,0.0,0.0,0.0
09AM,B5_TIER_STATE_LOOPS_BALANCE,T3|PARTIAL_LOOP|20|BALANCED,1,0.700000000000145,0.0,0.0,0.0
09AM,B5_TIER_STATE_LOOPS_BALANCE,T3|PARTIAL_LOOP|20|DOWN_HEAVY,1,6.599999999998829,0.0,0.0,0.0
09AM,B5_TIER_STATE_LOOPS_BALANCE,T3|PARTIAL_LOOP|20|UP_HEAVY,1,26.299999999999102,0.0,0.0,0.0
09AM,B5_TIER_STATE_LOOPS_BALANCE,T3|PARTIAL_LOOP|21|DOWN_HEAVY,2,26.59999999999996,11.999999999999787,11.999999999999787,11.999999999999787
09AM,B5_TIER_STATE_LOOPS_BALANCE,T3|PARTIAL_LOOP|22|DOWN_HEAVY,1,75.9999999999983,0.0,0.0,0.0
09AM,B5_TIER_STATE_LOOPS_BALANCE,T3|PARTIAL_LOOP|22|UP_HEAVY,1,17.899999999999583,0.0,0.0,0.0
09AM,B5_TIER_STATE_LOOPS_BALANCE,T3|PARTIAL_LOOP|24|BALANCED,1,0.0,0.0,0.0,0.0
09AM,B5_TIER_STATE_LOOPS_BALANCE,T3|PARTIAL_LOOP|24|DOWN_LEAN,1,0.0,0.0,0.0,0.0
09AM,B5_TIER_STATE_LOOPS_BALANCE,T3|PARTIAL_LOOP|24|UP_HEAVY,1,19.599999999999618,0.0,0.0,0.0
09AM,B5_TIER_STATE_LOOPS_BALANCE,T3|PARTIAL_LOOP|24|UP_LEAN,1,12.49999999999973,0.0,0.0,0.0
09AM,B5_TIER_STATE_LOOPS_BALANCE,T3|PARTIAL_LOOP|25|DOWN_HEAVY,1,41.19999999999901,0.0,0.0,0.0
09AM,B5_TIER_STATE_LOOPS_BALANCE,T3|PARTIAL_LOOP|26|DOWN_HEAVY,2,62.30000000000068,9.800000000000917,9.800000000000914,9.800000000000917
09AM,B5_TIER_STATE_LOOPS_BALANCE,T3|PARTIAL_LOOP|26|DOWN_LEAN,1,14.000000000000682,0.0,0.0,0.0
09AM,B5_TIER_STATE_LOOPS_BALANCE,T3|PARTIAL_LOOP|26|UP_HEAVY,1,17.399999999998528,0.0,0.0,0.0
09AM,B5_TIER_STATE_LOOPS_BALANCE,T3|PARTIAL_LOOP|26|UP_LEAN,1,36.899999999999714,0.0,0.0,0.0
09AM,B5_TIER_STATE_LOOPS_BALANCE,T3|PARTIAL_LOOP|27|BALANCED,1,18.799999999998818,0.0,0.0,0.0
09AM,B5_TIER_STATE_LOOPS_BALANCE,T3|PARTIAL_LOOP|27|UP_HEAVY,1,9.099999999999667,0.0,0.0,0.0
09AM,B5_TIER_STATE_LOOPS_BALANCE,T3|PARTIAL_LOOP|28|BALANCED,1,26.500000000000412,0.0,0.0,0.0
09AM,B5_TIER_STATE_LOOPS_BALANCE,T3|PARTIAL_LOOP|28|DOWN_LEAN,1,27.69999999999939,0.0,0.0,0.0
09AM,B5_TIER_STATE_LOOPS_BALANCE,T3|PARTIAL_LOOP|28|UP_HEAVY,1,12.099999999999326,0.0,0.0,0.0
09AM,B5_TIER_STATE_LOOPS_BALANCE,T3|PARTIAL_LOOP|29|DOWN_HEAVY,1,75.29999999999815,0.0,0.0,0.0
09AM,B5_TIER_STATE_LOOPS_BALANCE,T3|PARTIAL_LOOP|30|DOWN_HEAVY,1,39.59999999999963,0.0,0.0,0.0
09AM,B5_TIER_STATE_LOOPS_BALANCE,T3|PARTIAL_LOOP|30|DOWN_LEAN,1,27.80000000000004,0.0,0.0,0.0
09AM,B5_TIER_STATE_LOOPS_BALANCE,T3|PARTIAL_LOOP|31|DOWN_HEAVY,1,36.50000000000153,0.0,0.0,0.0
09AM,B5_TIER_STATE_LOOPS_BALANCE,T3|PARTIAL_LOOP|31|DOWN_LEAN,2,26.000000000000465,0.6000000000006018,0.6000000000005983,0.6000000000006018
09AM,B5_TIER_STATE_LOOPS_BALANCE,T3|PARTIAL_LOOP|31|UP_HEAVY,1,16.000000000000455,0.0,0.0,0.0
09AM,B5_TIER_STATE_LOOPS_BALANCE,T3|PARTIAL_LOOP|32|UP_HEAVY,2,67.69999999999942,29.099999999999678,29.099999999999675,29.099999999999678
09AM,B5_TIER_STATE_LOOPS_BALANCE,T3|PARTIAL_LOOP|33|UP_HEAVY,1,53.10000000000147,0.0,0.0,0.0
09AM,B5_TIER_STATE_LOOPS_BALANCE,T3|PARTIAL_LOOP|34|DOWN_HEAVY,1,0.0,0.0,0.0,0.0
09AM,B5_TIER_STATE_LOOPS_BALANCE,T3|PARTIAL_LOOP|35|UP_HEAVY,1,11.700000000001154,0.0,0.0,0.0
12PM,B0,ALL,442,8.549999999999386,11.297511312217178,19.3500000000002,8.549999999999386
12PM,B1_TIER,MISSING,10,4.450000000000287,7.829999999999783,15.39999999999986,4.450000000000287
12PM,B1_TIER,T1,232,9.299999999999866,10.631896551724115,17.87500000000053,8.899999999999462
12PM,B1_TIER,T2,139,9.799999999999812,12.484892086331,20.850000000000037,9.799999999999812
12PM,B1_TIER,T3,61,4.399999999999963,10.72786885245897,13.499999999999616,4.399999999999963
12PM,B2_TIER_CHECKPOINT,MISSING,10,4.450000000000287,7.829999999999783,15.39999999999986,4.450000000000287
12PM,B2_TIER_CHECKPOINT,T1,232,9.299999999999866,10.631896551724115,17.87500000000053,8.899999999999462
12PM,B2_TIER_CHECKPOINT,T2,139,9.799999999999812,12.484892086331,20.850000000000037,9.799999999999812
12PM,B2_TIER_CHECKPOINT,T3,61,4.399999999999963,10.72786885245897,13.499999999999616,4.399999999999963
12PM,B3_TIER_STATE,MISSING|AR_NO_GO_STATE,10,4.450000000000287,7.829999999999783,15.39999999999986,4.450000000000287
12PM,B3_TIER_STATE,T1|BALANCED_ASIA,55,15.000000000000568,10.86909090909102,15.999999999999348,8.000000000001343
12PM,B3_TIER_STATE,T1|ONE_SIDED_DOWN,28,7.749999999999702,10.382142857142991,16.550000000000182,5.8999999999997925
12PM,B3_TIER_STATE,T1|ONE_SIDED_UP,29,10.999999999998785,8.589655172413483,14.799999999999258,7.500000000000284
12PM,B3_TIER_STATE,T1|PARTIAL_LOOP,120,7.050000000000665,10.614999999999949,18.39999999999953,7.050000000000665
12PM,B3_TIER_STATE,T2|BALANCED_ASIA,1,0.0,0.0,0.0,0.0
12PM,B3_TIER_STATE,T2|FULL_LOOP,4,10.900000000000357,6.024999999998947,6.524999999997787,1.3999999999991815
12PM,B3_TIER_STATE,T2|ONE_SIDED_DOWN,4,14.60000000000017,13.524999999999231,19.424999999997915,10.249999999999426
12PM,B3_TIER_STATE,T2|ONE_SIDED_UP,3,8.299999999998867,9.566666666667167,14.350000000000751,8.299999999998867
12PM,B3_TIER_STATE,T2|OVER_COMPLETED,13,8.799999999999919,12.092307692307656,12.400000000001295,7.099999999999881
12PM,B3_TIER_STATE,T2|PARTIAL_LOOP,114,10.100000000000662,12.787719298245715,21.42499999999992,9.90000000000046
12PM,B3_TIER_STATE,T3|FULL_LOOP,6,18.299999999999983,28.183333333333298,56.70000000000008,18.299999999999983
12PM,B3_TIER_STATE,T3|OVER_COMPLETED,16,1.9500000000005677,7.825000000000054,13.000000000000233,1.9500000000005677
12PM,B3_TIER_STATE,T3|PARTIAL_LOOP,39,5.00000000000167,9.1615384615383,12.6499999999996,5.00000000000167
12PM,B4_TIER_STATE_LOOPS,MISSING|AR_NO_GO_STATE|0,10,4.450000000000287,7.829999999999783,15.39999999999986,4.450000000000287
12PM,B4_TIER_STATE_LOOPS,T1|BALANCED_ASIA|10,1,0.0,0.0,0.0,0.0
12PM,B4_TIER_STATE_LOOPS,T1|BALANCED_ASIA|12,1,17.70000000000049,0.0,0.0,0.0
12PM,B4_TIER_STATE_LOOPS,T1|BALANCED_ASIA|13,1,22.10000000000045,0.0,0.0,0.0
12PM,B4_TIER_STATE_LOOPS,T1|BALANCED_ASIA|14,1,8.50000000000017,0.0,0.0,0.0
12PM,B4_TIER_STATE_LOOPS,T1|BALANCED_ASIA|15,2,9.649999999999936,5.350000000000632,5.350000000000631,5.350000000000632
12PM,B4_TIER_STATE_LOOPS,T1|BALANCED_ASIA|16,1,19.199999999999214,0.0,0.0,0.0
12PM,B4_TIER_STATE_LOOPS,T1|BALANCED_ASIA|17,3,17.999999999998014,2.933333333333305,4.399999999999956,2.3999999999979558
12PM,B4_TIER_STATE_LOOPS,T1|BALANCED_ASIA|18,2,6.549999999999612,4.250000000000087,4.250000000000088,4.250000000000087
12PM,B4_TIER_STATE_LOOPS,T1|BALANCED_ASIA|20,4,10.100000000000662,15.05000000000034,21.050000000000786,8.050000000000555
12PM,B4_TIER_STATE_LOOPS,T1|BALANCED_ASIA|21,4,11.69999999999893,11.950000000000017,16.64999999999972,8.199999999999317
12PM,B4_TIER_STATE_LOOPS,T1|BALANCED_ASIA|22,1,0.0,0.0,0.0,0.0
12PM,B4_TIER_STATE_LOOPS,T1|BALANCED_ASIA|23,5,7.600000000000939,5.260000000000265,5.60000000000116,4.699999999999704
12PM,B4_TIER_STATE_LOOPS,T1|BALANCED_ASIA|24,4,14.999999999999458,3.2999999999999687,4.600000000000708,3.2999999999994145
12PM,B4_TIER_STATE_LOOPS,T1|BALANCED_ASIA|25,2,50.44999999999966,31.650000000000844,31.65000000000085,31.650000000000844
12PM,B4_TIER_STATE_LOOPS,T1|BALANCED_ASIA|26,3,15.199999999999662,5.733333333333884,8.600000000000826,1.5999999999993832
12PM,B4_TIER_STATE_LOOPS,T1|BALANCED_ASIA|28,2,4.650000000000489,4.650000000000489,4.650000000000489,4.650000000000489
12PM,B4_TIER_STATE_LOOPS,T1|BALANCED_ASIA|29,4,39.70000000000029,13.67500000000022,19.475000000000467,6.699999999999491
12PM,B4_TIER_STATE_LOOPS,T1|BALANCED_ASIA|30,3,2.899999999999011,2.7333333333334764,4.100000000000215,2.899999999999011
12PM,B4_TIER_STATE_LOOPS,T1|BALANCED_ASIA|31,3,23.100000000000335,4.366666666666407,6.54999999999961,6.100000000000001
12PM,B4_TIER_STATE_LOOPS,T1|BALANCED_ASIA|32,1,18.299999999999983,0.0,0.0,0.0
12PM,B4_TIER_STATE_LOOPS,T1|BALANCED_ASIA|33,3,8.299999999998875,13.966666666667129,20.950000000000692,8.299999999998875
12PM,B4_TIER_STATE_LOOPS,T1|BALANCED_ASIA|37,1,6.099999999999994,0.0,0.0,0.0
12PM,B4_TIER_STATE_LOOPS,T1|BALANCED_ASIA|38,1,19.599999999999618,0.0,0.0,0.0
12PM,B4_TIER_STATE_LOOPS,T1|BALANCED_ASIA|39,1,22.599999999999284,0.0,0.0,0.0
12PM,B4_TIER_STATE_LOOPS,T1|BALANCED_ASIA|42,1,0.3999999999981796,0.0,0.0,0.0
12PM,B4_TIER_STATE_LOOPS,T1|ONE_SIDED_DOWN|15,1,41.89999999999916,0.0,0.0,0.0
12PM,B4_TIER_STATE_LOOPS,T1|ONE_SIDED_DOWN|16,1,4.100000000000215,0.0,0.0,0.0
12PM,B4_TIER_STATE_LOOPS,T1|ONE_SIDED_DOWN|17,1,1.1000000000005485,0.0,0.0,0.0
12PM,B4_TIER_STATE_LOOPS,T1|ONE_SIDED_DOWN|19,1,0.0,0.0,0.0,0.0
12PM,B4_TIER_STATE_LOOPS,T1|ONE_SIDED_DOWN|20,3,18.700000000000383,8.20000000000043,12.300000000000642,11.500000000002064
12PM,B4_TIER_STATE_LOOPS,T1|ONE_SIDED_DOWN|21,3,11.69999999999893,15.43333333333378,23.15000000000067,8.50000000000017
12PM,B4_TIER_STATE_LOOPS,T1|ONE_SIDED_DOWN|22,2,3.999999999999556,0.2999999999997449,0.2999999999997449,0.2999999999997449
12PM,B4_TIER_STATE_LOOPS,T1|ONE_SIDED_DOWN|23,3,20.100000000000676,2.566666666666458,3.849999999999689,0.49999999999883116
12PM,B4_TIER_STATE_LOOPS,T1|ONE_SIDED_DOWN|24,1,8.300000000001084,0.0,0.0,0.0
12PM,B4_TIER_STATE_LOOPS,T1|ONE_SIDED_DOWN|25,2,5.5000000000005045,5.5000000000005045,5.5000000000005045,5.5000000000005045
12PM,B4_TIER_STATE_LOOPS,T1|ONE_SIDED_DOWN|26,2,1.80000000000069,1.80000000000069,1.80000000000069,1.80000000000069
12PM,B4_TIER_STATE_LOOPS,T1|ONE_SIDED_DOWN|27,2,23.149999999999558,13.850000000000804,13.850000000000804,13.850000000000804
12PM,B4_TIER_STATE_LOOPS,T1|ONE_SIDED_DOWN|29,1,37.000000000000355,0.0,0.0,0.0
12PM,B4_TIER_STATE_LOOPS,T1|ONE_SIDED_DOWN|30,2,1.9999999999997797,1.9999999999997797,1.9999999999997797,1.9999999999997797
12PM,B4_TIER_STATE_LOOPS,T1|ONE_SIDED_DOWN|33,1,24.10000000000022,0.0,0.0,0.0
12PM,B4_TIER_STATE_LOOPS,T1|ONE_SIDED_DOWN|35,1,5.299999999999194,0.0,0.0,0.0
12PM,B4_TIER_STATE_LOOPS,T1|ONE_SIDED_DOWN|36,1,6.699999999999484,0.0,0.0,0.0
12PM,B4_TIER_STATE_LOOPS,T1|ONE_SIDED_UP|17,2,12.750000000000263,12.750000000000263,12.750000000000263,12.750000000000263
12PM,B4_TIER_STATE_LOOPS,T1|ONE_SIDED_UP|18,1,0.6000000000017103,0.0,0.0,0.0
12PM,B4_TIER_STATE_LOOPS,T1|ONE_SIDED_UP|19,1,11.09999999999944,0.0,0.0,0.0
12PM,B4_TIER_STATE_LOOPS,T1|ONE_SIDED_UP|20,2,21.70000000000005,10.09999999999955,10.099999999999547,10.09999999999955
12PM,B4_TIER_STATE_LOOPS,T1|ONE_SIDED_UP|21,2,20.34999999999898,12.34999999999986,12.34999999999986,12.34999999999986
12PM,B4_TIER_STATE_LOOPS,T1|ONE_SIDED_UP|22,2,7.349999999999298,3.649999999999487,3.649999999999487,3.649999999999487
12PM,B4_TIER_STATE_LOOPS,T1|ONE_SIDED_UP|24,2,8.650000000001157,1.3499999999999588,1.3499999999999588,1.3499999999999588
12PM,B4_TIER_STATE_LOOPS,T1|ONE_SIDED_UP|25,1,4.599999999999049,0.0,0.0,0.0
12PM,B4_TIER_STATE_LOOPS,T1|ONE_SIDED_UP|26,1,11.09999999999944,0.0,0.0,0.0
12PM,B4_TIER_STATE_LOOPS,T1|ONE_SIDED_UP|27,1,29.50000000000007,0.0,0.0,0.0
12PM,B4_TIER_STATE_LOOPS,T1|ONE_SIDED_UP|28,6,13.250000000000206,8.19999999999969,13.149999999998435,7.649999999999043
12PM,B4_TIER_STATE_LOOPS,T1|ONE_SIDED_UP|29,3,2.000000000002,1.4666666666666544,2.1999999999999815,2.000000000002
12PM,B4_TIER_STATE_LOOPS,T1|ONE_SIDED_UP|30,1,31.09999999999946,0.0,0.0,0.0
12PM,B4_TIER_STATE_LOOPS,T1|ONE_SIDED_UP|31,1,27.39999999999965,0.0,0.0,0.0
12PM,B4_TIER_STATE_LOOPS,T1|ONE_SIDED_UP|32,1,0.0,0.0,0.0,0.0
12PM,B4_TIER_STATE_LOOPS,T1|ONE_SIDED_UP|34,1,11.299999999998533,0.0,0.0,0.0
12PM,B4_TIER_STATE_LOOPS,T1|ONE_SIDED_UP|36,1,17.400000000000745,0.0,0.0,0.0
12PM,B4_TIER_STATE_LOOPS,T1|PARTIAL_LOOP|14,1,9.399999999999409,0.0,0.0,0.0
12PM,B4_TIER_STATE_LOOPS,T1|PARTIAL_LOOP|16,1,0.0,0.0,0.0,0.0
12PM,B4_TIER_STATE_LOOPS,T1|PARTIAL_LOOP|17,2,10.749999999999371,0.15000000000098268,0.15000000000098268,0.15000000000098268
12PM,B4_TIER_STATE_LOOPS,T1|PARTIAL_LOOP|18,6,14.59999999999906,11.949999999999832,16.249999999998764,9.749999999999483
12PM,B4_TIER_STATE_LOOPS,T1|PARTIAL_LOOP|19,4,8.049999999999446,8.574999999999555,16.624999999999,8.049999999999446
12PM,B4_TIER_STATE_LOOPS,T1|PARTIAL_LOOP|20,3,0.0,2.0333333333333314,3.049999999999997,0.0
12PM,B4_TIER_STATE_LOOPS,T1|PARTIAL_LOOP|21,1,4.399999999999963,0.0,0.0,0.0
12PM,B4_TIER_STATE_LOOPS,T1|PARTIAL_LOOP|22,4,10.950000000000681,11.500000000000398,22.45000000000108,10.950000000000681
12PM,B4_TIER_STATE_LOOPS,T1|PARTIAL_LOOP|23,5,3.9000000000011212,1.620000000000399,3.700000000002035,1.4999999999987281
12PM,B4_TIER_STATE_LOOPS,T1|PARTIAL_LOOP|24,7,16.599999999999945,11.985714285714456,17.75000000000082,13.90000000000002
12PM,B4_TIER_STATE_LOOPS,T1|PARTIAL_LOOP|25,9,7.0000000000014495,8.422222222222379,16.599999999997728,7.0000000000014495
12PM,B4_TIER_STATE_LOOPS,T1|PARTIAL_LOOP|26,4,0.0,2.1999999999999815,2.1999999999999815,0.0
12PM,B4_TIER_STATE_LOOPS,T1|PARTIAL_LOOP|27,13,8.40000000000174,11.707692307692145,22.299999999999542,8.40000000000174
12PM,B4_TIER_STATE_LOOPS,T1|PARTIAL_LOOP|28,9,7.80000000000004,6.700000000000226,13.900000000002244,7.500000000000277
12PM,B4_TIER_STATE_LOOPS,T1|PARTIAL_LOOP|29,5,0.19999999999907914,6.299999999999971,10.099999999999554,0.19999999999907914
12PM,B4_TIER_STATE_LOOPS,T1|PARTIAL_LOOP|30,8,2.0500000000001073,6.299999999999641,7.6249999999994404,2.0500000000001073
12PM,B4_TIER_STATE_LOOPS,T1|PARTIAL_LOOP|31,7,15.300000000000317,13.199999999999878,21.700000000000045,12.199999999999982
12PM,B4_TIER_STATE_LOOPS,T1|PARTIAL_LOOP|32,7,3.100000000000321,9.728571428571403,19.89999999999936,3.100000000000321
12PM,B4_TIER_STATE_LOOPS,T1|PARTIAL_LOOP|33,3,13.90000000000002,7.533333333333094,11.299999999999642,10.49999999999995
12PM,B4_TIER_STATE_LOOPS,T1|PARTIAL_LOOP|34,5,16.10000000000111,25.620000000000413,24.200000000000884,10.70000000000126
12PM,B4_TIER_STATE_LOOPS,T1|PARTIAL_LOOP|35,4,20.499999999999964,14.575000000000001,21.275000000000592,13.600000000000279
12PM,B4_TIER_STATE_LOOPS,T1|PARTIAL_LOOP|36,3,11.299999999998533,10.299999999999379,15.449999999999068,10.999999999996561
12PM,B4_TIER_STATE_LOOPS,T1|PARTIAL_LOOP|38,4,5.749999999999922,5.525000000000112,6.57500000000033,3.4000000000000696
12PM,B4_TIER_STATE_LOOPS,T1|PARTIAL_LOOP|39,1,51.69999999999897,0.0,0.0,0.0
12PM,B4_TIER_STATE_LOOPS,T1|PARTIAL_LOOP|40,3,5.100000000000101,5.566666666666869,8.350000000000303,1.2000000000011966
12PM,B4_TIER_STATE_LOOPS,T1|PARTIAL_LOOP|43,1,0.0,0.0,0.0,0.0
12PM,B4_TIER_STATE_LOOPS,T2|BALANCED_ASIA|32,1,0.0,0.0,0.0,0.0
12PM,B4_TIER_STATE_LOOPS,T2|FULL_LOOP|20,1,11.399999999999196,0.0,0.0,0.0
12PM,B4_TIER_STATE_LOOPS,T2|FULL_LOOP|21,1,10.40000000000152,0.0,0.0,0.0
12PM,B4_TIER_STATE_LOOPS,T2|FULL_LOOP|29,1,8.600000000000833,0.0,0.0,0.0
12PM,B4_TIER_STATE_LOOPS,T2|FULL_LOOP|36,1,31.699999999998944,0.0,0.0,0.0
12PM,B4_TIER_STATE_LOOPS,T2|ONE_SIDED_DOWN|21,1,8.700000000001488,0.0,0.0,0.0
12PM,B4_TIER_STATE_LOOPS,T2|ONE_SIDED_DOWN|24,1,42.29999999999956,0.0,0.0,0.0
12PM,B4_TIER_STATE_LOOPS,T2|ONE_SIDED_DOWN|26,1,0.0,0.0,0.0,0.0
12PM,B4_TIER_STATE_LOOPS,T2|ONE_SIDED_DOWN|27,1,20.499999999998852,0.0,0.0,0.0
12PM,B4_TIER_STATE_LOOPS,T2|ONE_SIDED_UP|20,1,8.299999999998867,0.0,0.0,0.0
12PM,B4_TIER_STATE_LOOPS,T2|ONE_SIDED_UP|28,1,0.0,0.0,0.0,0.0
12PM,B4_TIER_STATE_LOOPS,T2|ONE_SIDED_UP|31,1,28.700000000001502,0.0,0.0,0.0
12PM,B4_TIER_STATE_LOOPS,T2|OVER_COMPLETED|13,1,16.400000000000855,0.0,0.0,0.0
12PM,B4_TIER_STATE_LOOPS,T2|OVER_COMPLETED|21,1,0.0,0.0,0.0,0.0
12PM,B4_TIER_STATE_LOOPS,T2|OVER_COMPLETED|23,3,33.19999999999989,7.966666666666309,11.949999999999463,3.699999999999818
12PM,B4_TIER_STATE_LOOPS,T2|OVER_COMPLETED|26,1,5.399999999999849,0.0,0.0,0.0
12PM,B4_TIER_STATE_LOOPS,T2|OVER_COMPLETED|27,3,3.9999999999995595,4.5666666666662366,6.849999999999355,2.299999999999521
12PM,B4_TIER_STATE_LOOPS,T2|OVER_COMPLETED|32,2,4.3999999999999595,4.3999999999999595,4.3999999999999595,4.3999999999999595
12PM,B4_TIER_STATE_LOOPS,T2|OVER_COMPLETED|33,2,30.900000000000368,26.6999999999995,26.699999999999495,26.6999999999995
12PM,B4_TIER_STATE_LOOPS,T2|PARTIAL_LOOP|8,1,5.599999999998943,0.0,0.0,0.0
12PM,B4_TIER_STATE_LOOPS,T2|PARTIAL_LOOP|11,1,5.200000000000763,0.0,0.0,0.0
12PM,B4_TIER_STATE_LOOPS,T2|PARTIAL_LOOP|15,1,74.89999999999996,0.0,0.0,0.0
12PM,B4_TIER_STATE_LOOPS,T2|PARTIAL_LOOP|16,1,59.60000000000188,0.0,0.0,0.0
12PM,B4_TIER_STATE_LOOPS,T2|PARTIAL_LOOP|17,3,3.699999999999811,1.500000000000205,2.2500000000003073,0.8000000000008036
12PM,B4_TIER_STATE_LOOPS,T2|PARTIAL_LOOP|18,3,1.5999999999993761,21.86666666666706,32.80000000000061,1.5999999999993761
12PM,B4_TIER_STATE_LOOPS,T2|PARTIAL_LOOP|19,2,0.5999999999994898,0.5999999999994898,0.5999999999994898,0.5999999999994898
12PM,B4_TIER_STATE_LOOPS,T2|PARTIAL_LOOP|20,3,14.000000000000668,12.866666666667319,19.300000000000978,8.700000000001474
12PM,B4_TIER_STATE_LOOPS,T2|PARTIAL_LOOP|21,7,14.300000000000423,10.585714285714484,20.850000000000037,13.300000000000537
12PM,B4_TIER_STATE_LOOPS,T2|PARTIAL_LOOP|22,8,3.6500000000005954,10.80000000000053,16.125000000000718,3.6500000000005954
12PM,B4_TIER_STATE_LOOPS,T2|PARTIAL_LOOP|23,11,13.399999999998968,10.600000000000003,16.24999999999988,10.799999999997482
12PM,B4_TIER_STATE_LOOPS,T2|PARTIAL_LOOP|24,6,17.749999999999705,10.633333333333793,13.650000000000047,8.749999999999588
12PM,B4_TIER_STATE_LOOPS,T2|PARTIAL_LOOP|25,8,9.149999999999991,8.787499999999838,19.375000000000366,8.59999999999972
12PM,B4_TIER_STATE_LOOPS,T2|PARTIAL_LOOP|26,10,6.099999999998882,14.809999999999988,13.400000000001745,6.099999999998882
12PM,B4_TIER_STATE_LOOPS,T2|PARTIAL_LOOP|27,7,0.4000000000004036,22.771428571428345,32.49999999999864,0.4000000000004036
12PM,B4_TIER_STATE_LOOPS,T2|PARTIAL_LOOP|28,6,12.349999999999856,10.583333333333089,14.624999999999773,8.50000000000017
12PM,B4_TIER_STATE_LOOPS,T2|PARTIAL_LOOP|29,2,13.650000000000603,12.149999999999658,12.149999999999658,12.149999999999658
12PM,B4_TIER_STATE_LOOPS,T2|PARTIAL_LOOP|30,6,10.69999999999904,7.816666666666805,14.175000000000717,7.850000000000357
12PM,B4_TIER_STATE_LOOPS,T2|PARTIAL_LOOP|31,9,19.50000000000118,9.100000000000158,9.80000000000203,6.599999999998829
12PM,B4_TIER_STATE_LOOPS,T2|PARTIAL_LOOP|32,4,7.099999999999884,7.249999999999757,14.34999999999964,7.099999999999884
12PM,B4_TIER_STATE_LOOPS,T2|PARTIAL_LOOP|33,1,29.300000000000992,0.0,0.0,0.0
12PM,B4_TIER_STATE_LOOPS,T2|PARTIAL_LOOP|34,7,12.499999999999737,7.942857142857152,15.500000000000504,12.09999999999932
12PM,B4_TIER_STATE_LOOPS,T2|PARTIAL_LOOP|35,3,10.400000000001512,5.9000000000001664,8.85000000000025,8.70000000000148
12PM,B4_TIER_STATE_LOOPS,T2|PARTIAL_LOOP|36,2,17.250000000000878,8.249999999999641,8.24999999999964,8.249999999999641
12PM,B4_TIER_STATE_LOOPS,T2|PARTIAL_LOOP|37,1,14.600000000000165,0.0,0.0,0.0
12PM,B4_TIER_STATE_LOOPS,T2|PARTIAL_LOOP|42,1,0.0,0.0,0.0,0.0
12PM,B4_TIER_STATE_LOOPS,T3|FULL_LOOP|19,1,0.0,0.0,0.0,0.0
12PM,B4_TIER_STATE_LOOPS,T3|FULL_LOOP|21,1,69.09999999999972,0.0,0.0,0.0
12PM,B4_TIER_STATE_LOOPS,T3|FULL_LOOP|25,2,31.70000000000006,31.70000000000006,31.70000000000006,31.70000000000006
12PM,B4_TIER_STATE_LOOPS,T3|FULL_LOOP|27,1,0.0,0.0,0.0,0.0
12PM,B4_TIER_STATE_LOOPS,T3|FULL_LOOP|33,1,36.599999999999966,0.0,0.0,0.0
12PM,B4_TIER_STATE_LOOPS,T3|OVER_COMPLETED|15,1,5.800000000000253,0.0,0.0,0.0
12PM,B4_TIER_STATE_LOOPS,T3|OVER_COMPLETED|16,1,39.70000000000028,0.0,0.0,0.0
12PM,B4_TIER_STATE_LOOPS,T3|OVER_COMPLETED|18,1,12.300000000000644,0.0,0.0,0.0
12PM,B4_TIER_STATE_LOOPS,T3|OVER_COMPLETED|20,1,0.0,0.0,0.0,0.0
12PM,B4_TIER_STATE_LOOPS,T3|OVER_COMPLETED|21,2,0.05000000000032756,0.05000000000032756,0.05000000000032756,0.05000000000032756
12PM,B4_TIER_STATE_LOOPS,T3|OVER_COMPLETED|23,2,1.9000000000002402,1.9000000000002402,1.9000000000002402,1.9000000000002402
12PM,B4_TIER_STATE_LOOPS,T3|OVER_COMPLETED|25,2,12.550000000000061,8.449999999999847,8.449999999999847,8.449999999999847
12PM,B4_TIER_STATE_LOOPS,T3|OVER_COMPLETED|27,1,15.099999999999,0.0,0.0,0.0
12PM,B4_TIER_STATE_LOOPS,T3|OVER_COMPLETED|28,1,0.0,0.0,0.0,0.0
12PM,B4_TIER_STATE_LOOPS,T3|OVER_COMPLETED|30,1,0.0,0.0,0.0,0.0
12PM,B4_TIER_STATE_LOOPS,T3|OVER_COMPLETED|34,1,0.0,0.0,0.0,0.0
12PM,B4_TIER_STATE_LOOPS,T3|OVER_COMPLETED|36,1,0.0,0.0,0.0,0.0
12PM,B4_TIER_STATE_LOOPS,T3|OVER_COMPLETED|37,1,23.50000000000074,0.0,0.0,0.0
12PM,B4_TIER_STATE_LOOPS,T3|PARTIAL_LOOP|12,1,0.0,0.0,0.0,0.0
12PM,B4_TIER_STATE_LOOPS,T3|PARTIAL_LOOP|14,1,5.299999999999194,0.0,0.0,0.0
12PM,B4_TIER_STATE_LOOPS,T3|PARTIAL_LOOP|15,1,4.600000000001259,0.0,0.0,0.0
12PM,B4_TIER_STATE_LOOPS,T3|PARTIAL_LOOP|17,1,1.1999999999989797,0.0,0.0,0.0
12PM,B4_TIER_STATE_LOOPS,T3|PARTIAL_LOOP|19,1,3.4000000000000696,0.0,0.0,0.0
12PM,B4_TIER_STATE_LOOPS,T3|PARTIAL_LOOP|20,3,0.19999999999909335,8.333333333333156,12.499999999999734,0.19999999999909335
12PM,B4_TIER_STATE_LOOPS,T3|PARTIAL_LOOP|21,2,13.499999999999623,13.499999999999623,13.499999999999623,13.499999999999623
12PM,B4_TIER_STATE_LOOPS,T3|PARTIAL_LOOP|22,2,35.39999999999877,23.299999999999432,23.299999999999436,23.299999999999432
12PM,B4_TIER_STATE_LOOPS,T3|PARTIAL_LOOP|24,4,2.1999999999999815,4.224999999999923,6.424999999999905,2.1999999999999815
12PM,B4_TIER_STATE_LOOPS,T3|PARTIAL_LOOP|25,1,0.0,0.0,0.0,0.0
12PM,B4_TIER_STATE_LOOPS,T3|PARTIAL_LOOP|26,5,13.499999999999616,10.760000000000325,7.900000000000695,7.20000000000055
12PM,B4_TIER_STATE_LOOPS,T3|PARTIAL_LOOP|27,2,4.549999999999834,4.549999999999834,4.549999999999834,4.549999999999834
12PM,B4_TIER_STATE_LOOPS,T3|PARTIAL_LOOP|28,3,1.2000000000011966,2.400000000000181,3.6000000000002714,1.2000000000011966
12PM,B4_TIER_STATE_LOOPS,T3|PARTIAL_LOOP|29,1,20.699999999997942,0.0,0.0,0.0
12PM,B4_TIER_STATE_LOOPS,T3|PARTIAL_LOOP|30,2,2.6999999999999247,2.6999999999999247,2.6999999999999247,2.6999999999999247
12PM,B4_TIER_STATE_LOOPS,T3|PARTIAL_LOOP|31,4,5.250000000001084,3.9499999999997844,4.199999999999198,2.7500000000002487
12PM,B4_TIER_STATE_LOOPS,T3|PARTIAL_LOOP|32,2,31.049999999999137,30.749999999999382,30.749999999999385,30.749999999999382
12PM,B4_TIER_STATE_LOOPS,T3|PARTIAL_LOOP|33,1,8.000000000001336,0.0,0.0,0.0
12PM,B4_TIER_STATE_LOOPS,T3|PARTIAL_LOOP|34,1,0.0,0.0,0.0,0.0
12PM,B4_TIER_STATE_LOOPS,T3|PARTIAL_LOOP|35,1,6.099999999999994,0.0,0.0,0.0
12PM,B5_TIER_STATE_LOOPS_BALANCE,MISSING|AR_NO_GO_STATE|0|BALANCED,1,0.0,0.0,0.0,0.0
12PM,B5_TIER_STATE_LOOPS_BALANCE,MISSING|AR_NO_GO_STATE|0|DOWN_HEAVY,4,5.8999999999997925,7.72499999999954,13.624999999999332,5.8999999999997925
12PM,B5_TIER_STATE_LOOPS_BALANCE,MISSING|AR_NO_GO_STATE|0|UP_HEAVY,5,8.900000000000574,7.699999999999821,16.59999999999995,8.900000000000574
12PM,B5_TIER_STATE_LOOPS_BALANCE,T1|BALANCED_ASIA|10|DOWN_HEAVY,1,0.0,0.0,0.0,0.0
12PM,B5_TIER_STATE_LOOPS_BALANCE,T1|BALANCED_ASIA|12|UP_HEAVY,1,17.70000000000049,0.0,0.0,0.0
12PM,B5_TIER_STATE_LOOPS_BALANCE,T1|BALANCED_ASIA|13|UP_HEAVY,1,22.10000000000045,0.0,0.0,0.0
12PM,B5_TIER_STATE_LOOPS_BALANCE,T1|BALANCED_ASIA|14|UP_LEAN,1,8.50000000000017,0.0,0.0,0.0
12PM,B5_TIER_STATE_LOOPS_BALANCE,T1|BALANCED_ASIA|15|BALANCED,1,4.299999999999304,0.0,0.0,0.0
12PM,B5_TIER_STATE_LOOPS_BALANCE,T1|BALANCED_ASIA|15|UP_LEAN,1,15.000000000000568,0.0,0.0,0.0
12PM,B5_TIER_STATE_LOOPS_BALANCE,T1|BALANCED_ASIA|16|UP_LEAN,1,19.199999999999214,0.0,0.0,0.0
12PM,B5_TIER_STATE_LOOPS_BALANCE,T1|BALANCED_ASIA|17|UP_HEAVY,2,20.000000000000014,4.399999999999958,4.3999999999999595,4.399999999999958
12PM,B5_TIER_STATE_LOOPS_BALANCE,T1|BALANCED_ASIA|17|UP_LEAN,1,17.999999999998014,0.0,0.0,0.0
12PM,B5_TIER_STATE_LOOPS_BALANCE,T1|BALANCED_ASIA|18|DOWN_HEAVY,1,10.799999999999699,0.0,0.0,0.0
12PM,B5_TIER_STATE_LOOPS_BALANCE,T1|BALANCED_ASIA|18|UP_LEAN,1,2.2999999999995246,0.0,0.0,0.0
12PM,B5_TIER_STATE_LOOPS_BALANCE,T1|BALANCED_ASIA|20|DOWN_HEAVY,2,24.100000000000232,24.100000000000232,24.10000000000023,24.100000000000232
12PM,B5_TIER_STATE_LOOPS_BALANCE,T1|BALANCED_ASIA|20|DOWN_LEAN,1,4.100000000000215,0.0,0.0,0.0
12PM,B5_TIER_STATE_LOOPS_BALANCE,T1|BALANCED_ASIA|20|UP_LEAN,1,16.10000000000111,0.0,0.0,0.0
12PM,B5_TIER_STATE_LOOPS_BALANCE,T1|BALANCED_ASIA|21|DOWN_HEAVY,2,3.4999999999996128,3.4999999999996128,3.4999999999996128,3.4999999999996128
12PM,B5_TIER_STATE_LOOPS_BALANCE,T1|BALANCED_ASIA|21|UP_HEAVY,2,27.399999999999647,11.000000000001013,11.000000000001016,11.000000000001013
12PM,B5_TIER_STATE_LOOPS_BALANCE,T1|BALANCED_ASIA|22|BALANCED,1,0.0,0.0,0.0,0.0
12PM,B5_TIER_STATE_LOOPS_BALANCE,T1|BALANCED_ASIA|23|DOWN_HEAVY,3,6.699999999999484,6.900000000000055,10.350000000000083,4.500000000000618
12PM,B5_TIER_STATE_LOOPS_BALANCE,T1|BALANCED_ASIA|23|UP_HEAVY,1,12.300000000000644,0.0,0.0,0.0
12PM,B5_TIER_STATE_LOOPS_BALANCE,T1|BALANCED_ASIA|23|UP_LEAN,1,7.600000000000939,0.0,0.0,0.0
12PM,B5_TIER_STATE_LOOPS_BALANCE,T1|BALANCED_ASIA|24|DOWN_HEAVY,2,14.99999999999835,5.299999999999196,5.299999999999198,5.299999999999196
12PM,B5_TIER_STATE_LOOPS_BALANCE,T1|BALANCED_ASIA|24|DOWN_LEAN,2,14.999999999999458,1.3000000000007415,1.3000000000007397,1.3000000000007415
12PM,B5_TIER_STATE_LOOPS_BALANCE,T1|BALANCED_ASIA|25|BALANCED,1,18.799999999998818,0.0,0.0,0.0
12PM,B5_TIER_STATE_LOOPS_BALANCE,T1|BALANCED_ASIA|25|UP_HEAVY,1,82.1000000000005,0.0,0.0,0.0
12PM,B5_TIER_STATE_LOOPS_BALANCE,T1|BALANCED_ASIA|26|BALANCED,1,15.199999999999662,0.0,0.0,0.0
12PM,B5_TIER_STATE_LOOPS_BALANCE,T1|BALANCED_ASIA|26|DOWN_LEAN,1,13.600000000000279,0.0,0.0,0.0
12PM,B5_TIER_STATE_LOOPS_BALANCE,T1|BALANCED_ASIA|26|UP_HEAVY,1,30.80000000000193,0.0,0.0,0.0
12PM,B5_TIER_STATE_LOOPS_BALANCE,T1|BALANCED_ASIA|28|BALANCED,1,0.0,0.0,0.0,0.0
12PM,B5_TIER_STATE_LOOPS_BALANCE,T1|BALANCED_ASIA|28|DOWN_HEAVY,1,9.300000000000978,0.0,0.0,0.0
12PM,B5_TIER_STATE_LOOPS_BALANCE,T1|BALANCED_ASIA|29|DOWN_HEAVY,1,4.199999999998639,0.0,0.0,0.0
12PM,B5_TIER_STATE_LOOPS_BALANCE,T1|BALANCED_ASIA|29|UP_HEAVY,2,46.39999999999978,0.8999999999992419,0.8999999999992454,0.8999999999992419
12PM,B5_TIER_STATE_LOOPS_BALANCE,T1|BALANCED_ASIA|29|UP_LEAN,1,33.900000000000034,0.0,0.0,0.0
12PM,B5_TIER_STATE_LOOPS_BALANCE,T1|BALANCED_ASIA|30|BALANCED,1,8.20000000000043,0.0,0.0,0.0
12PM,B5_TIER_STATE_LOOPS_BALANCE,T1|BALANCED_ASIA|30|DOWN_LEAN,1,2.899999999999011,0.0,0.0,0.0
12PM,B5_TIER_STATE_LOOPS_BALANCE,T1|BALANCED_ASIA|30|UP_LEAN,1,0.0,0.0,0.0,0.0
12PM,B5_TIER_STATE_LOOPS_BALANCE,T1|BALANCED_ASIA|31|DOWN_HEAVY,1,23.100000000000335,0.0,0.0,0.0
12PM,B5_TIER_STATE_LOOPS_BALANCE,T1|BALANCED_ASIA|31|UP_HEAVY,1,16.100000000001117,0.0,0.0,0.0
12PM,B5_TIER_STATE_LOOPS_BALANCE,T1|BALANCED_ASIA|31|UP_LEAN,1,29.200000000000337,0.0,0.0,0.0
12PM,B5_TIER_STATE_LOOPS_BALANCE,T1|BALANCED_ASIA|32|DOWN_HEAVY,1,18.299999999999983,0.0,0.0,0.0
12PM,B5_TIER_STATE_LOOPS_BALANCE,T1|BALANCED_ASIA|33|DOWN_LEAN,1,8.299999999998875,0.0,0.0,0.0
12PM,B5_TIER_STATE_LOOPS_BALANCE,T1|BALANCED_ASIA|33|UP_HEAVY,1,41.900000000001384,0.0,0.0,0.0
12PM,B5_TIER_STATE_LOOPS_BALANCE,T1|BALANCED_ASIA|33|UP_LEAN,1,0.0,0.0,0.0,0.0
12PM,B5_TIER_STATE_LOOPS_BALANCE,T1|BALANCED_ASIA|37|BALANCED,1,6.099999999999994,0.0,0.0,0.0
12PM,B5_TIER_STATE_LOOPS_BALANCE,T1|BALANCED_ASIA|38|UP_HEAVY,1,19.599999999999618,0.0,0.0,0.0
12PM,B5_TIER_STATE_LOOPS_BALANCE,T1|BALANCED_ASIA|39|DOWN_HEAVY,1,22.599999999999284,0.0,0.0,0.0
12PM,B5_TIER_STATE_LOOPS_BALANCE,T1|BALANCED_ASIA|42|UP_LEAN,1,0.3999999999981796,0.0,0.0,0.0
12PM,B5_TIER_STATE_LOOPS_BALANCE,T1|ONE_SIDED_DOWN|15|DOWN_HEAVY,1,41.89999999999916,0.0,0.0,0.0
12PM,B5_TIER_STATE_LOOPS_BALANCE,T1|ONE_SIDED_DOWN|16|UP_HEAVY,1,4.100000000000215,0.0,0.0,0.0
12PM,B5_TIER_STATE_LOOPS_BALANCE,T1|ONE_SIDED_DOWN|17|UP_HEAVY,1,1.1000000000005485,0.0,0.0,0.0
12PM,B5_TIER_STATE_LOOPS_BALANCE,T1|ONE_SIDED_DOWN|19|DOWN_LEAN,1,0.0,0.0,0.0,0.0
12PM,B5_TIER_STATE_LOOPS_BALANCE,T1|ONE_SIDED_DOWN|20|BALANCED,1,7.199999999998319,0.0,0.0,0.0
12PM,B5_TIER_STATE_LOOPS_BALANCE,T1|ONE_SIDED_DOWN|20|DOWN_HEAVY,1,18.700000000000383,0.0,0.0,0.0
12PM,B5_TIER_STATE_LOOPS_BALANCE,T1|ONE_SIDED_DOWN|20|UP_HEAVY,1,31.799999999999606,0.0,0.0,0.0
12PM,B5_TIER_STATE_LOOPS_BALANCE,T1|ONE_SIDED_DOWN|21|BALANCED,1,11.69999999999893,0.0,0.0,0.0
12PM,B5_TIER_STATE_LOOPS_BALANCE,T1|ONE_SIDED_DOWN|21|DOWN_HEAVY,1,49.5000000000001,0.0,0.0,0.0
12PM,B5_TIER_STATE_LOOPS_BALANCE,T1|ONE_SIDED_DOWN|21|DOWN_LEAN,1,3.1999999999987594,0.0,0.0,0.0
12PM,B5_TIER_STATE_LOOPS_BALANCE,T1|ONE_SIDED_DOWN|22|DOWN_LEAN,1,4.299999999999301,0.0,0.0,0.0
12PM,B5_TIER_STATE_LOOPS_BALANCE,T1|ONE_SIDED_DOWN|22|UP_LEAN,1,3.699999999999811,0.0,0.0,0.0
12PM,B5_TIER_STATE_LOOPS_BALANCE,T1|ONE_SIDED_DOWN|23|DOWN_HEAVY,1,12.900000000000134,0.0,0.0,0.0
12PM,B5_TIER_STATE_LOOPS_BALANCE,T1|ONE_SIDED_DOWN|23|DOWN_LEAN,1,20.100000000000676,0.0,0.0,0.0
12PM,B5_TIER_STATE_LOOPS_BALANCE,T1|ONE_SIDED_DOWN|23|UP_HEAVY,1,20.599999999999508,0.0,0.0,0.0
12PM,B5_TIER_STATE_LOOPS_BALANCE,T1|ONE_SIDED_DOWN|24|UP_LEAN,1,8.300000000001084,0.0,0.0,0.0
12PM,B5_TIER_STATE_LOOPS_BALANCE,T1|ONE_SIDED_DOWN|25|DOWN_LEAN,1,11.000000000001009,0.0,0.0,0.0
12PM,B5_TIER_STATE_LOOPS_BALANCE,T1|ONE_SIDED_DOWN|25|UP_HEAVY,1,0.0,0.0,0.0,0.0
12PM,B5_TIER_STATE_LOOPS_BALANCE,T1|ONE_SIDED_DOWN|26|BALANCED,1,3.60000000000138,0.0,0.0,0.0
12PM,B5_TIER_STATE_LOOPS_BALANCE,T1|ONE_SIDED_DOWN|26|UP_HEAVY,1,0.0,0.0,0.0,0.0
12PM,B5_TIER_STATE_LOOPS_BALANCE,T1|ONE_SIDED_DOWN|27|BALANCED,1,9.299999999998754,0.0,0.0,0.0
12PM,B5_TIER_STATE_LOOPS_BALANCE,T1|ONE_SIDED_DOWN|27|UP_LEAN,1,37.00000000000036,0.0,0.0,0.0
12PM,B5_TIER_STATE_LOOPS_BALANCE,T1|ONE_SIDED_DOWN|29|UP_HEAVY,1,37.000000000000355,0.0,0.0,0.0
12PM,B5_TIER_STATE_LOOPS_BALANCE,T1|ONE_SIDED_DOWN|30|UP_HEAVY,1,3.9999999999995595,0.0,0.0,0.0
12PM,B5_TIER_STATE_LOOPS_BALANCE,T1|ONE_SIDED_DOWN|30|UP_LEAN,1,0.0,0.0,0.0,0.0
12PM,B5_TIER_STATE_LOOPS_BALANCE,T1|ONE_SIDED_DOWN|33|UP_HEAVY,1,24.10000000000022,0.0,0.0,0.0
12PM,B5_TIER_STATE_LOOPS_BALANCE,T1|ONE_SIDED_DOWN|35|UP_LEAN,1,5.299999999999194,0.0,0.0,0.0
12PM,B5_TIER_STATE_LOOPS_BALANCE,T1|ONE_SIDED_DOWN|36|BALANCED,1,6.699999999999484,0.0,0.0,0.0
12PM,B5_TIER_STATE_LOOPS_BALANCE,T1|ONE_SIDED_UP|17|DOWN_HEAVY,1,0.0,0.0,0.0,0.0
12PM,B5_TIER_STATE_LOOPS_BALANCE,T1|ONE_SIDED_UP|17|UP_HEAVY,1,25.500000000000526,0.0,0.0,0.0
12PM,B5_TIER_STATE_LOOPS_BALANCE,T1|ONE_SIDED_UP|18|BALANCED,1,0.6000000000017103,0.0,0.0,0.0
12PM,B5_TIER_STATE_LOOPS_BALANCE,T1|ONE_SIDED_UP|19|UP_HEAVY,1,11.09999999999944,0.0,0.0,0.0
12PM,B5_TIER_STATE_LOOPS_BALANCE,T1|ONE_SIDED_UP|20|DOWN_HEAVY,1,11.600000000000499,0.0,0.0,0.0
12PM,B5_TIER_STATE_LOOPS_BALANCE,T1|ONE_SIDED_UP|20|UP_LEAN,1,31.7999999999996,0.0,0.0,0.0
12PM,B5_TIER_STATE_LOOPS_BALANCE,T1|ONE_SIDED_UP|21|BALANCED,1,7.999999999999119,0.0,0.0,0.0
12PM,B5_TIER_STATE_LOOPS_BALANCE,T1|ONE_SIDED_UP|21|DOWN_HEAVY,1,32.69999999999884,0.0,0.0,0.0
12PM,B5_TIER_STATE_LOOPS_BALANCE,T1|ONE_SIDED_UP|22|DOWN_HEAVY,1,10.999999999998785,0.0,0.0,0.0
12PM,B5_TIER_STATE_LOOPS_BALANCE,T1|ONE_SIDED_UP|22|DOWN_LEAN,1,3.699999999999811,0.0,0.0,0.0
12PM,B5_TIER_STATE_LOOPS_BALANCE,T1|ONE_SIDED_UP|24|BALANCED,1,7.300000000001198,0.0,0.0,0.0
12PM,B5_TIER_STATE_LOOPS_BALANCE,T1|ONE_SIDED_UP|24|UP_HEAVY,1,10.000000000001116,0.0,0.0,0.0
12PM,B5_TIER_STATE_LOOPS_BALANCE,T1|ONE_SIDED_UP|25|BALANCED,1,4.599999999999049,0.0,0.0,0.0
12PM,B5_TIER_STATE_LOOPS_BALANCE,T1|ONE_SIDED_UP|26|UP_LEAN,1,11.09999999999944,0.0,0.0,0.0
12PM,B5_TIER_STATE_LOOPS_BALANCE,T1|ONE_SIDED_UP|27|UP_HEAVY,1,29.50000000000007,0.0,0.0,0.0
12PM,B5_TIER_STATE_LOOPS_BALANCE,T1|ONE_SIDED_UP|28|BALANCED,1,9.900000000000464,0.0,0.0,0.0
12PM,B5_TIER_STATE_LOOPS_BALANCE,T1|ONE_SIDED_UP|28|DOWN_HEAVY,2,8.299999999999974,8.299999999999974,8.299999999999972,8.299999999999974
12PM,B5_TIER_STATE_LOOPS_BALANCE,T1|ONE_SIDED_UP|28|UP_HEAVY,3,18.49999999999907,7.999999999999862,11.999999999999794,8.700000000001502
12PM,B5_TIER_STATE_LOOPS_BALANCE,T1|ONE_SIDED_UP|29|DOWN_HEAVY,1,4.399999999999963,0.0,0.0,0.0
12PM,B5_TIER_STATE_LOOPS_BALANCE,T1|ONE_SIDED_UP|29|DOWN_LEAN,1,2.000000000002,0.0,0.0,0.0
12PM,B5_TIER_STATE_LOOPS_BALANCE,T1|ONE_SIDED_UP|29|UP_HEAVY,1,0.0,0.0,0.0,0.0
12PM,B5_TIER_STATE_LOOPS_BALANCE,T1|ONE_SIDED_UP|30|DOWN_LEAN,1,31.09999999999946,0.0,0.0,0.0
12PM,B5_TIER_STATE_LOOPS_BALANCE,T1|ONE_SIDED_UP|31|DOWN_HEAVY,1,27.39999999999965,0.0,0.0,0.0
12PM,B5_TIER_STATE_LOOPS_BALANCE,T1|ONE_SIDED_UP|32|UP_HEAVY,1,0.0,0.0,0.0,0.0
12PM,B5_TIER_STATE_LOOPS_BALANCE,T1|ONE_SIDED_UP|34|BALANCED,1,11.299999999998533,0.0,0.0,0.0
12PM,B5_TIER_STATE_LOOPS_BALANCE,T1|ONE_SIDED_UP|36|DOWN_HEAVY,1,17.400000000000745,0.0,0.0,0.0
12PM,B5_TIER_STATE_LOOPS_BALANCE,T1|PARTIAL_LOOP|14|BALANCED,1,9.399999999999409,0.0,0.0,0.0
12PM,B5_TIER_STATE_LOOPS_BALANCE,T1|PARTIAL_LOOP|16|DOWN_LEAN,1,0.0,0.0,0.0,0.0
12PM,B5_TIER_STATE_LOOPS_BALANCE,T1|PARTIAL_LOOP|17|UP_HEAVY,1,10.900000000000354,0.0,0.0,0.0
12PM,B5_TIER_STATE_LOOPS_BALANCE,T1|PARTIAL_LOOP|17|UP_LEAN,1,10.599999999998388,0.0,0.0,0.0
12PM,B5_TIER_STATE_LOOPS_BALANCE,T1|PARTIAL_LOOP|18|BALANCED,1,3.4999999999985043,0.0,0.0,0.0
12PM,B5_TIER_STATE_LOOPS_BALANCE,T1|PARTIAL_LOOP|18|DOWN_HEAVY,1,17.399999999998528,0.0,0.0,0.0
12PM,B5_TIER_STATE_LOOPS_BALANCE,T1|PARTIAL_LOOP|18|UP_HEAVY,4,18.899999999999473,14.44999999999974,21.54999999999962,9.899999999999352
12PM,B5_TIER_STATE_LOOPS_BALANCE,T1|PARTIAL_LOOP|19|BALANCED,1,0.0,0.0,0.0,0.0
12PM,B5_TIER_STATE_LOOPS_BALANCE,T1|PARTIAL_LOOP|19|DOWN_LEAN,1,18.199999999999328,0.0,0.0,0.0
12PM,B5_TIER_STATE_LOOPS_BALANCE,T1|PARTIAL_LOOP|19|UP_HEAVY,2,8.049999999999446,8.049999999999446,8.049999999999446,8.049999999999446
12PM,B5_TIER_STATE_LOOPS_BALANCE,T1|PARTIAL_LOOP|20|BALANCED,1,0.0,0.0,0.0,0.0
12PM,B5_TIER_STATE_LOOPS_BALANCE,T1|PARTIAL_LOOP|20|DOWN_HEAVY,1,6.099999999999994,0.0,0.0,0.0
12PM,B5_TIER_STATE_LOOPS_BALANCE,T1|PARTIAL_LOOP|20|UP_HEAVY,1,0.0,0.0,0.0,0.0
12PM,B5_TIER_STATE_LOOPS_BALANCE,T1|PARTIAL_LOOP|21|UP_HEAVY,1,4.399999999999963,0.0,0.0,0.0
12PM,B5_TIER_STATE_LOOPS_BALANCE,T1|PARTIAL_LOOP|22|DOWN_HEAVY,2,10.950000000000681,10.950000000000681,10.95000000000068,10.950000000000681
12PM,B5_TIER_STATE_LOOPS_BALANCE,T1|PARTIAL_LOOP|22|UP_HEAVY,2,12.050000000000116,12.050000000000116,12.050000000000114,12.050000000000116
12PM,B5_TIER_STATE_LOOPS_BALANCE,T1|PARTIAL_LOOP|23|BALANCED,1,3.9000000000011212,0.0,0.0,0.0
12PM,B5_TIER_STATE_LOOPS_BALANCE,T1|PARTIAL_LOOP|23|DOWN_LEAN,2,3.2999999999994145,2.100000000000435,2.100000000000435,2.100000000000435
12PM,B5_TIER_STATE_LOOPS_BALANCE,T1|PARTIAL_LOOP|23|UP_HEAVY,1,4.900000000001015,0.0,0.0,0.0
12PM,B5_TIER_STATE_LOOPS_BALANCE,T1|PARTIAL_LOOP|23|UP_LEAN,1,0.9999999999998899,0.0,0.0,0.0
12PM,B5_TIER_STATE_LOOPS_BALANCE,T1|PARTIAL_LOOP|24|BALANCED,1,2.6999999999999247,0.0,0.0,0.0
12PM,B5_TIER_STATE_LOOPS_BALANCE,T1|PARTIAL_LOOP|24|DOWN_LEAN,2,25.499999999999414,22.900000000000144,22.90000000000014,22.900000000000144
12PM,B5_TIER_STATE_LOOPS_BALANCE,T1|PARTIAL_LOOP|24|UP_HEAVY,3,17.80000000000115,7.666666666666561,11.499999999999844,5.199999999998536
12PM,B5_TIER_STATE_LOOPS_BALANCE,T1|PARTIAL_LOOP|24|UP_LEAN,1,16.599999999999945,0.0,0.0,0.0
12PM,B5_TIER_STATE_LOOPS_BALANCE,T1|PARTIAL_LOOP|25|DOWN_HEAVY,3,0.0,1.7666666666663982,2.649999999999597,0.0
12PM,B5_TIER_STATE_LOOPS_BALANCE,T1|PARTIAL_LOOP|25|DOWN_LEAN,2,17.050000000001784,10.050000000000335,10.050000000000333,10.050000000000335
12PM,B5_TIER_STATE_LOOPS_BALANCE,T1|PARTIAL_LOOP|25|UP_HEAVY,4,13.599999999999167,8.899999999999464,13.299999999998317,8.299999999998864
12PM,B5_TIER_STATE_LOOPS_BALANCE,T1|PARTIAL_LOOP|26|DOWN_HEAVY,2,4.399999999999963,4.399999999999963,4.399999999999963,4.399999999999963
12PM,B5_TIER_STATE_LOOPS_BALANCE,T1|PARTIAL_LOOP|26|DOWN_LEAN,1,0.0,0.0,0.0,0.0
12PM,B5_TIER_STATE_LOOPS_BALANCE,T1|PARTIAL_LOOP|26|UP_HEAVY,1,0.0,0.0,0.0,0.0
12PM,B5_TIER_STATE_LOOPS_BALANCE,T1|PARTIAL_LOOP|27|BALANCED,2,19.350000000000197,12.149999999999661,12.14999999999966,12.149999999999661
12PM,B5_TIER_STATE_LOOPS_BALANCE,T1|PARTIAL_LOOP|27|DOWN_HEAVY,7,8.40000000000174,9.89999999999983,12.649999999998496,7.80000000000225
12PM,B5_TIER_STATE_LOOPS_BALANCE,T1|PARTIAL_LOOP|27|DOWN_LEAN,3,22.299999999999542,12.100000000000072,18.15000000000011,14.000000000000675
12PM,B5_TIER_STATE_LOOPS_BALANCE,T1|PARTIAL_LOOP|27|UP_LEAN,1,0.0,0.0,0.0,0.0
12PM,B5_TIER_STATE_LOOPS_BALANCE,T1|PARTIAL_LOOP|28|BALANCED,2,8.349999999999195,6.950000000001122,6.950000000001122,6.950000000001122
12PM,B5_TIER_STATE_LOOPS_BALANCE,T1|PARTIAL_LOOP|28|DOWN_HEAVY,4,14.549999999999844,6.37500000000013,10.825000000000419,5.600000000000048
12PM,B5_TIER_STATE_LOOPS_BALANCE,T1|PARTIAL_LOOP|28|UP_HEAVY,3,0.0,2.3666666666666267,3.5499999999999403,0.0
12PM,B5_TIER_STATE_LOOPS_BALANCE,T1|PARTIAL_LOOP|29|DOWN_HEAVY,2,0.0,0.0,0.0,0.0
12PM,B5_TIER_STATE_LOOPS_BALANCE,T1|PARTIAL_LOOP|29|UP_HEAVY,3,10.099999999999554,7.066666666667075,10.600000000000612,9.900000000000475
12PM,B5_TIER_STATE_LOOPS_BALANCE,T1|PARTIAL_LOOP|30|BALANCED,1,4.999999999999453,0.0,0.0,0.0
12PM,B5_TIER_STATE_LOOPS_BALANCE,T1|PARTIAL_LOOP|30|DOWN_HEAVY,4,0.0,7.400000000000185,7.400000000000185,0.0
12PM,B5_TIER_STATE_LOOPS_BALANCE,T1|PARTIAL_LOOP|30|DOWN_LEAN,1,2.199999999998873,0.0,0.0,0.0
12PM,B5_TIER_STATE_LOOPS_BALANCE,T1|PARTIAL_LOOP|30|UP_HEAVY,1,1.9000000000013415,0.0,0.0,0.0
12PM,B5_TIER_STATE_LOOPS_BALANCE,T1|PARTIAL_LOOP|30|UP_LEAN,1,15.499999999999403,0.0,0.0,0.0
12PM,B5_TIER_STATE_LOOPS_BALANCE,T1|PARTIAL_LOOP|31|DOWN_HEAVY,2,12.900000000000137,2.4000000000001798,2.4000000000001798,2.4000000000001798
12PM,B5_TIER_STATE_LOOPS_BALANCE,T1|PARTIAL_LOOP|31|DOWN_LEAN,3,27.5000000000003,10.333333333332932,15.4999999999994,3.4999999999985008
12PM,B5_TIER_STATE_LOOPS_BALANCE,T1|PARTIAL_LOOP|31|UP_HEAVY,2,26.79999999999905,22.2,22.199999999999996,22.2
12PM,B5_TIER_STATE_LOOPS_BALANCE,T1|PARTIAL_LOOP|32|DOWN_HEAVY,1,21.59999999999939,0.0,0.0,0.0
12PM,B5_TIER_STATE_LOOPS_BALANCE,T1|PARTIAL_LOOP|32|DOWN_LEAN,3,0.0,6.066666666666443,9.099999999999664,0.0
12PM,B5_TIER_STATE_LOOPS_BALANCE,T1|PARTIAL_LOOP|32|UP_HEAVY,2,15.700000000000713,12.600000000000392,12.600000000000392,12.600000000000392
12PM,B5_TIER_STATE_LOOPS_BALANCE,T1|PARTIAL_LOOP|32|UP_LEAN,1,0.0,0.0,0.0,0.0
12PM,B5_TIER_STATE_LOOPS_BALANCE,T1|PARTIAL_LOOP|33|BALANCED,1,13.90000000000002,0.0,0.0,0.0
12PM,B5_TIER_STATE_LOOPS_BALANCE,T1|PARTIAL_LOOP|33|DOWN_HEAVY,1,3.4000000000000696,0.0,0.0,0.0
12PM,B5_TIER_STATE_LOOPS_BALANCE,T1|PARTIAL_LOOP|33|DOWN_LEAN,1,25.999999999999353,0.0,0.0,0.0
12PM,B5_TIER_STATE_LOOPS_BALANCE,T1|PARTIAL_LOOP|34|DOWN_HEAVY,2,58.949999999999825,50.350000000001224,50.35000000000123,50.350000000001224
12PM,B5_TIER_STATE_LOOPS_BALANCE,T1|PARTIAL_LOOP|34|DOWN_LEAN,1,5.399999999999849,0.0,0.0,0.0
12PM,B5_TIER_STATE_LOOPS_BALANCE,T1|PARTIAL_LOOP|34|UP_HEAVY,1,32.799999999999486,0.0,0.0,0.0
12PM,B5_TIER_STATE_LOOPS_BALANCE,T1|PARTIAL_LOOP|34|UP_LEAN,1,16.10000000000111,0.0,0.0,0.0
12PM,B5_TIER_STATE_LOOPS_BALANCE,T1|PARTIAL_LOOP|35|BALANCED,1,27.200000000000557,0.0,0.0,0.0
12PM,B5_TIER_STATE_LOOPS_BALANCE,T1|PARTIAL_LOOP|35|UP_HEAVY,2,22.44999999999941,22.44999999999941,22.449999999999413,22.44999999999941
12PM,B5_TIER_STATE_LOOPS_BALANCE,T1|PARTIAL_LOOP|35|UP_LEAN,1,13.799999999999372,0.0,0.0,0.0
12PM,B5_TIER_STATE_LOOPS_BALANCE,T1|PARTIAL_LOOP|36|DOWN_HEAVY,2,5.800000000000253,5.4999999999982805,5.4999999999982805,5.4999999999982805
12PM,B5_TIER_STATE_LOOPS_BALANCE,T1|PARTIAL_LOOP|36|DOWN_LEAN,1,31.20000000000011,0.0,0.0,0.0
12PM,B5_TIER_STATE_LOOPS_BALANCE,T1|PARTIAL_LOOP|38|DOWN_HEAVY,2,3.4000000000000696,3.4000000000000696,3.4000000000000696,3.4000000000000696
12PM,B5_TIER_STATE_LOOPS_BALANCE,T1|PARTIAL_LOOP|38|UP_LEAN,2,12.34999999999986,7.650000000000155,7.650000000000155,7.650000000000155
12PM,B5_TIER_STATE_LOOPS_BALANCE,T1|PARTIAL_LOOP|39|DOWN_HEAVY,1,51.69999999999897,0.0,0.0,0.0
12PM,B5_TIER_STATE_LOOPS_BALANCE,T1|PARTIAL_LOOP|40|DOWN_LEAN,2,12.849999999999806,7.749999999999705,7.749999999999707,7.749999999999705
12PM,B5_TIER_STATE_LOOPS_BALANCE,T1|PARTIAL_LOOP|40|UP_LEAN,1,3.8999999999989043,0.0,0.0,0.0
12PM,B5_TIER_STATE_LOOPS_BALANCE,T1|PARTIAL_LOOP|43|DOWN_HEAVY,1,0.0,0.0,0.0,0.0
12PM,B5_TIER_STATE_LOOPS_BALANCE,T2|BALANCED_ASIA|32|UP_HEAVY,1,0.0,0.0,0.0,0.0
12PM,B5_TIER_STATE_LOOPS_BALANCE,T2|FULL_LOOP|20|DOWN_HEAVY,1,11.399999999999196,0.0,0.0,0.0
12PM,B5_TIER_STATE_LOOPS_BALANCE,T2|FULL_LOOP|21|DOWN_LEAN,1,10.40000000000152,0.0,0.0,0.0
12PM,B5_TIER_STATE_LOOPS_BALANCE,T2|FULL_LOOP|29|UP_HEAVY,1,8.600000000000833,0.0,0.0,0.0
12PM,B5_TIER_STATE_LOOPS_BALANCE,T2|FULL_LOOP|36|DOWN_LEAN,1,31.699999999998944,0.0,0.0,0.0
12PM,B5_TIER_STATE_LOOPS_BALANCE,T2|ONE_SIDED_DOWN|21|DOWN_LEAN,1,8.700000000001488,0.0,0.0,0.0
12PM,B5_TIER_STATE_LOOPS_BALANCE,T2|ONE_SIDED_DOWN|24|BALANCED,1,42.29999999999956,0.0,0.0,0.0
12PM,B5_TIER_STATE_LOOPS_BALANCE,T2|ONE_SIDED_DOWN|26|UP_HEAVY,1,0.0,0.0,0.0,0.0
12PM,B5_TIER_STATE_LOOPS_BALANCE,T2|ONE_SIDED_DOWN|27|UP_LEAN,1,20.499999999998852,0.0,0.0,0.0
12PM,B5_TIER_STATE_LOOPS_BALANCE,T2|ONE_SIDED_UP|20|UP_HEAVY,1,8.299999999998867,0.0,0.0,0.0
12PM,B5_TIER_STATE_LOOPS_BALANCE,T2|ONE_SIDED_UP|28|DOWN_LEAN,1,0.0,0.0,0.0,0.0
12PM,B5_TIER_STATE_LOOPS_BALANCE,T2|ONE_SIDED_UP|31|UP_HEAVY,1,28.700000000001502,0.0,0.0,0.0
12PM,B5_TIER_STATE_LOOPS_BALANCE,T2|OVER_COMPLETED|13|BALANCED,1,16.400000000000855,0.0,0.0,0.0
12PM,B5_TIER_STATE_LOOPS_BALANCE,T2|OVER_COMPLETED|21|DOWN_HEAVY,1,0.0,0.0,0.0,0.0
12PM,B5_TIER_STATE_LOOPS_BALANCE,T2|OVER_COMPLETED|23|DOWN_HEAVY,1,36.89999999999971,0.0,0.0,0.0
12PM,B5_TIER_STATE_LOOPS_BALANCE,T2|OVER_COMPLETED|23|UP_LEAN,2,23.100000000000335,10.099999999999554,10.099999999999554,10.099999999999554
12PM,B5_TIER_STATE_LOOPS_BALANCE,T2|OVER_COMPLETED|26|DOWN_LEAN,1,5.399999999999849,0.0,0.0,0.0
12PM,B5_TIER_STATE_LOOPS_BALANCE,T2|OVER_COMPLETED|27|BALANCED,1,15.399999999998748,0.0,0.0,0.0
12PM,B5_TIER_STATE_LOOPS_BALANCE,T2|OVER_COMPLETED|27|DOWN_HEAVY,2,2.849999999999799,1.1499999999997605,1.1499999999997605,1.1499999999997605
12PM,B5_TIER_STATE_LOOPS_BALANCE,T2|OVER_COMPLETED|32|DOWN_HEAVY,1,8.799999999999919,0.0,0.0,0.0
12PM,B5_TIER_STATE_LOOPS_BALANCE,T2|OVER_COMPLETED|32|DOWN_LEAN,1,0.0,0.0,0.0,0.0
12PM,B5_TIER_STATE_LOOPS_BALANCE,T2|OVER_COMPLETED|33|BALANCED,1,4.20000000000087,0.0,0.0,0.0
12PM,B5_TIER_STATE_LOOPS_BALANCE,T2|OVER_COMPLETED|33|DOWN_HEAVY,1,57.599999999999866,0.0,0.0,0.0
12PM,B5_TIER_STATE_LOOPS_BALANCE,T2|PARTIAL_LOOP|8|DOWN_LEAN,1,5.599999999998943,0.0,0.0,0.0
12PM,B5_TIER_STATE_LOOPS_BALANCE,T2|PARTIAL_LOOP|11|UP_HEAVY,1,5.200000000000763,0.0,0.0,0.0
12PM,B5_TIER_STATE_LOOPS_BALANCE,T2|PARTIAL_LOOP|15|UP_HEAVY,1,74.89999999999996,0.0,0.0,0.0
12PM,B5_TIER_STATE_LOOPS_BALANCE,T2|PARTIAL_LOOP|16|DOWN_HEAVY,1,59.60000000000188,0.0,0.0,0.0
12PM,B5_TIER_STATE_LOOPS_BALANCE,T2|PARTIAL_LOOP|17|DOWN_HEAVY,1,0.0,0.0,0.0,0.0
12PM,B5_TIER_STATE_LOOPS_BALANCE,T2|PARTIAL_LOOP|17|UP_LEAN,2,4.100000000000213,0.4000000000004018,0.4000000000004018,0.4000000000004018
12PM,B5_TIER_STATE_LOOPS_BALANCE,T2|PARTIAL_LOOP|18|DOWN_HEAVY,1,1.5999999999993761,0.0,0.0,0.0
12PM,B5_TIER_STATE_LOOPS_BALANCE,T2|PARTIAL_LOOP|18|UP_HEAVY,2,32.8000000000006,32.8000000000006,32.800000000000594,32.8000000000006
12PM,B5_TIER_STATE_LOOPS_BALANCE,T2|PARTIAL_LOOP|19|DOWN_LEAN,2,0.5999999999994898,0.5999999999994898,0.5999999999994898,0.5999999999994898
12PM,B5_TIER_STATE_LOOPS_BALANCE,T2|PARTIAL_LOOP|20|BALANCED,1,5.299999999999194,0.0,0.0,0.0
12PM,B5_TIER_STATE_LOOPS_BALANCE,T2|PARTIAL_LOOP|20|DOWN_HEAVY,1,43.90000000000115,0.0,0.0,0.0
12PM,B5_TIER_STATE_LOOPS_BALANCE,T2|PARTIAL_LOOP|20|UP_HEAVY,1,14.000000000000668,0.0,0.0,0.0
12PM,B5_TIER_STATE_LOOPS_BALANCE,T2|PARTIAL_LOOP|21|BALANCED,2,7.650000000000155,6.650000000000269,6.650000000000269,6.650000000000269
12PM,B5_TIER_STATE_LOOPS_BALANCE,T2|PARTIAL_LOOP|21|DOWN_HEAVY,1,0.0,0.0,0.0,0.0
12PM,B5_TIER_STATE_LOOPS_BALANCE,T2|PARTIAL_LOOP|21|DOWN_LEAN,1,22.900000000001256,0.0,0.0,0.0
12PM,B5_TIER_STATE_LOOPS_BALANCE,T2|PARTIAL_LOOP|21|UP_HEAVY,1,19.799999999998704,0.0,0.0,0.0
12PM,B5_TIER_STATE_LOOPS_BALANCE,T2|PARTIAL_LOOP|21|UP_LEAN,2,16.200000000000657,16.200000000000657,16.200000000000657,16.200000000000657
12PM,B5_TIER_STATE_LOOPS_BALANCE,T2|PARTIAL_LOOP|22|BALANCED,2,23.000000000000792,19.600000000000723,19.600000000000726,19.600000000000723
12PM,B5_TIER_STATE_LOOPS_BALANCE,T2|PARTIAL_LOOP|22|DOWN_HEAVY,1,0.0,0.0,0.0,0.0
12PM,B5_TIER_STATE_LOOPS_BALANCE,T2|PARTIAL_LOOP|22|DOWN_LEAN,3,3.9000000000011212,3.5333333333335353,5.300000000000303,3.9000000000011212
12PM,B5_TIER_STATE_LOOPS_BALANCE,T2|PARTIAL_LOOP|22|UP_HEAVY,2,16.35000000000053,16.35000000000053,16.350000000000527,16.35000000000053
12PM,B5_TIER_STATE_LOOPS_BALANCE,T2|PARTIAL_LOOP|23|BALANCED,1,3.1999999999987594,0.0,0.0,0.0
12PM,B5_TIER_STATE_LOOPS_BALANCE,T2|PARTIAL_LOOP|23|DOWN_HEAVY,3,18.500000000001293,8.899999999999094,13.34999999999864,10.799999999997475
12PM,B5_TIER_STATE_LOOPS_BALANCE,T2|PARTIAL_LOOP|23|DOWN_LEAN,3,13.399999999998968,5.533333333333316,8.299999999999974,3.20000000000098
12PM,B5_TIER_STATE_LOOPS_BALANCE,T2|PARTIAL_LOOP|23|UP_HEAVY,4,7.099999999999884,14.500000000000064,21.59999999999995,7.099999999999884
12PM,B5_TIER_STATE_LOOPS_BALANCE,T2|PARTIAL_LOOP|24|DOWN_HEAVY,2,31.099999999999458,14.400000000001082,14.400000000001079,14.400000000001082
12PM,B5_TIER_STATE_LOOPS_BALANCE,T2|PARTIAL_LOOP|24|DOWN_LEAN,2,3.6999999999998145,2.4000000000001798,2.4000000000001798,2.4000000000001798
12PM,B5_TIER_STATE_LOOPS_BALANCE,T2|PARTIAL_LOOP|24|UP_HEAVY,2,21.200000000000102,2.3999999999990678,2.3999999999990678,2.3999999999990678
12PM,B5_TIER_STATE_LOOPS_BALANCE,T2|PARTIAL_LOOP|25|BALANCED,1,9.799999999999812,0.0,0.0,0.0
12PM,B5_TIER_STATE_LOOPS_BALANCE,T2|PARTIAL_LOOP|25|DOWN_HEAVY,2,15.95000000000013,7.44999999999996,7.44999999999996,7.44999999999996
12PM,B5_TIER_STATE_LOOPS_BALANCE,T2|PARTIAL_LOOP|25|UP_HEAVY,4,2.7500000000002487,6.525000000000002,8.17499999999971,2.199999999999978
12PM,B5_TIER_STATE_LOOPS_BALANCE,T2|PARTIAL_LOOP|25|UP_LEAN,1,28.299999999998875,0.0,0.0,0.0
12PM,B5_TIER_STATE_LOOPS_BALANCE,T2|PARTIAL_LOOP|26|DOWN_HEAVY,2,9.299999999999862,9.299999999999862,9.299999999999862,9.299999999999862
12PM,B5_TIER_STATE_LOOPS_BALANCE,T2|PARTIAL_LOOP|26|DOWN_LEAN,2,2.1499999999996504,2.1499999999996504,2.1499999999996504,2.1499999999996504
12PM,B5_TIER_STATE_LOOPS_BALANCE,T2|PARTIAL_LOOP|26|UP_HEAVY,5,6.799999999997915,21.70000000000005,10.100000000001785,2.299999999997297
12PM,B5_TIER_STATE_LOOPS_BALANCE,T2|PARTIAL_LOOP|26|UP_LEAN,1,18.50000000000129,0.0,0.0,0.0
12PM,B5_TIER_STATE_LOOPS_BALANCE,T2|PARTIAL_LOOP|27|DOWN_HEAVY,4,15.799999999999148,31.499999999999858,47.29999999999901,15.799999999999148
12PM,B5_TIER_STATE_LOOPS_BALANCE,T2|PARTIAL_LOOP|27|DOWN_LEAN,1,33.39999999999899,0.0,0.0,0.0
12PM,B5_TIER_STATE_LOOPS_BALANCE,T2|PARTIAL_LOOP|27|UP_LEAN,2,0.2000000000002018,0.2000000000002018,0.2000000000002018,0.2000000000002018
12PM,B5_TIER_STATE_LOOPS_BALANCE,T2|PARTIAL_LOOP|28|DOWN_HEAVY,4,12.349999999999856,10.074999999999942,13.824999999998973,4.699999999999701
12PM,B5_TIER_STATE_LOOPS_BALANCE,T2|PARTIAL_LOOP|28|DOWN_LEAN,1,0.5000000000010516,0.0,0.0,0.0
12PM,B5_TIER_STATE_LOOPS_BALANCE,T2|PARTIAL_LOOP|28|UP_LEAN,1,23.699999999999825,0.0,0.0,0.0
12PM,B5_TIER_STATE_LOOPS_BALANCE,T2|PARTIAL_LOOP|29|DOWN_HEAVY,1,1.500000000000945,0.0,0.0,0.0
12PM,B5_TIER_STATE_LOOPS_BALANCE,T2|PARTIAL_LOOP|29|UP_HEAVY,1,25.80000000000026,0.0,0.0,0.0
12PM,B5_TIER_STATE_LOOPS_BALANCE,T2|PARTIAL_LOOP|30|BALANCED,1,21.59999999999939,0.0,0.0,0.0
12PM,B5_TIER_STATE_LOOPS_BALANCE,T2|PARTIAL_LOOP|30|DOWN_HEAVY,3,15.499999999999403,5.233333333333571,7.850000000000357,0.20000000000131024
12PM,B5_TIER_STATE_LOOPS_BALANCE,T2|PARTIAL_LOOP|30|DOWN_LEAN,1,5.899999999998677,0.0,0.0,0.0
12PM,B5_TIER_STATE_LOOPS_BALANCE,T2|PARTIAL_LOOP|30|UP_HEAVY,1,0.0,0.0,0.0,0.0
12PM,B5_TIER_STATE_LOOPS_BALANCE,T2|PARTIAL_LOOP|31|DOWN_HEAVY,3,22.20000000000111,10.66666666666623,15.999999999999346,9.799999999997581
12PM,B5_TIER_STATE_LOOPS_BALANCE,T2|PARTIAL_LOOP|31|DOWN_LEAN,1,17.10000000000099,0.0,0.0,0.0
12PM,B5_TIER_STATE_LOOPS_BALANCE,T2|PARTIAL_LOOP|31|UP_HEAVY,3,26.10000000000001,11.666666666666858,17.500000000000288,8.900000000000567
12PM,B5_TIER_STATE_LOOPS_BALANCE,T2|PARTIAL_LOOP|31|UP_LEAN,2,17.89999999999958,1.6000000000016001,1.6000000000016001,1.6000000000016001
12PM,B5_TIER_STATE_LOOPS_BALANCE,T2|PARTIAL_LOOP|32|DOWN_LEAN,3,14.199999999999768,4.933333333333086,7.399999999999629,0.5999999999994898
12PM,B5_TIER_STATE_LOOPS_BALANCE,T2|PARTIAL_LOOP|32|UP_HEAVY,1,0.0,0.0,0.0,0.0
12PM,B5_TIER_STATE_LOOPS_BALANCE,T2|PARTIAL_LOOP|33|DOWN_HEAVY,1,29.300000000000992,0.0,0.0,0.0
12PM,B5_TIER_STATE_LOOPS_BALANCE,T2|PARTIAL_LOOP|34|BALANCED,1,0.0,0.0,0.0,0.0
12PM,B5_TIER_STATE_LOOPS_BALANCE,T2|PARTIAL_LOOP|34|DOWN_HEAVY,1,16.000000000000455,0.0,0.0,0.0
12PM,B5_TIER_STATE_LOOPS_BALANCE,T2|PARTIAL_LOOP|34|DOWN_LEAN,3,15.000000000000554,4.033333333333107,6.04999999999966,2.500000000000817
12PM,B5_TIER_STATE_LOOPS_BALANCE,T2|PARTIAL_LOOP|34|UP_HEAVY,2,0.0,0.0,0.0,0.0
12PM,B5_TIER_STATE_LOOPS_BALANCE,T2|PARTIAL_LOOP|35|BALANCED,1,10.400000000001512,0.0,0.0,0.0
12PM,B5_TIER_STATE_LOOPS_BALANCE,T2|PARTIAL_LOOP|35|DOWN_HEAVY,1,19.40000000000053,0.0,0.0,0.0
12PM,B5_TIER_STATE_LOOPS_BALANCE,T2|PARTIAL_LOOP|35|UP_LEAN,1,1.7000000000000313,0.0,0.0,0.0
12PM,B5_TIER_STATE_LOOPS_BALANCE,T2|PARTIAL_LOOP|36|DOWN_HEAVY,1,25.50000000000052,0.0,0.0,0.0
12PM,B5_TIER_STATE_LOOPS_BALANCE,T2|PARTIAL_LOOP|36|UP_HEAVY,1,9.000000000001236,0.0,0.0,0.0
12PM,B5_TIER_STATE_LOOPS_BALANCE,T2|PARTIAL_LOOP|37|UP_LEAN,1,14.600000000000165,0.0,0.0,0.0
12PM,B5_TIER_STATE_LOOPS_BALANCE,T2|PARTIAL_LOOP|42|DOWN_HEAVY,1,0.0,0.0,0.0,0.0
12PM,B5_TIER_STATE_LOOPS_BALANCE,T3|FULL_LOOP|19|UP_LEAN,1,0.0,0.0,0.0,0.0
12PM,B5_TIER_STATE_LOOPS_BALANCE,T3|FULL_LOOP|21|UP_HEAVY,1,69.09999999999972,0.0,0.0,0.0
12PM,B5_TIER_STATE_LOOPS_BALANCE,T3|FULL_LOOP|25|DOWN_HEAVY,1,0.0,0.0,0.0,0.0
12PM,B5_TIER_STATE_LOOPS_BALANCE,T3|FULL_LOOP|25|DOWN_LEAN,1,63.40000000000012,0.0,0.0,0.0
12PM,B5_TIER_STATE_LOOPS_BALANCE,T3|FULL_LOOP|27|UP_LEAN,1,0.0,0.0,0.0,0.0
12PM,B5_TIER_STATE_LOOPS_BALANCE,T3|FULL_LOOP|33|DOWN_HEAVY,1,36.599999999999966,0.0,0.0,0.0
12PM,B5_TIER_STATE_LOOPS_BALANCE,T3|OVER_COMPLETED|15|BALANCED,1,5.800000000000253,0.0,0.0,0.0
12PM,B5_TIER_STATE_LOOPS_BALANCE,T3|OVER_COMPLETED|16|DOWN_HEAVY,1,39.70000000000028,0.0,0.0,0.0
12PM,B5_TIER_STATE_LOOPS_BALANCE,T3|OVER_COMPLETED|18|DOWN_LEAN,1,12.300000000000644,0.0,0.0,0.0
12PM,B5_TIER_STATE_LOOPS_BALANCE,T3|OVER_COMPLETED|20|DOWN_LEAN,1,0.0,0.0,0.0,0.0
12PM,B5_TIER_STATE_LOOPS_BALANCE,T3|OVER_COMPLETED|21|UP_HEAVY,2,0.05000000000032756,0.05000000000032756,0.05000000000032756,0.05000000000032756
12PM,B5_TIER_STATE_LOOPS_BALANCE,T3|OVER_COMPLETED|23|DOWN_HEAVY,2,1.9000000000002402,1.9000000000002402,1.9000000000002402,1.9000000000002402
12PM,B5_TIER_STATE_LOOPS_BALANCE,T3|OVER_COMPLETED|25|UP_HEAVY,1,4.100000000000215,0.0,0.0,0.0
12PM,B5_TIER_STATE_LOOPS_BALANCE,T3|OVER_COMPLETED|25|UP_LEAN,1,20.999999999999908,0.0,0.0,0.0
12PM,B5_TIER_STATE_LOOPS_BALANCE,T3|OVER_COMPLETED|27|DOWN_HEAVY,1,15.099999999999,0.0,0.0,0.0
12PM,B5_TIER_STATE_LOOPS_BALANCE,T3|OVER_COMPLETED|28|UP_LEAN,1,0.0,0.0,0.0,0.0
12PM,B5_TIER_STATE_LOOPS_BALANCE,T3|OVER_COMPLETED|30|UP_HEAVY,1,0.0,0.0,0.0,0.0
12PM,B5_TIER_STATE_LOOPS_BALANCE,T3|OVER_COMPLETED|34|UP_LEAN,1,0.0,0.0,0.0,0.0
12PM,B5_TIER_STATE_LOOPS_BALANCE,T3|OVER_COMPLETED|36|BALANCED,1,0.0,0.0,0.0,0.0
12PM,B5_TIER_STATE_LOOPS_BALANCE,T3|OVER_COMPLETED|37|DOWN_HEAVY,1,23.50000000000074,0.0,0.0,0.0
12PM,B5_TIER_STATE_LOOPS_BALANCE,T3|PARTIAL_LOOP|12|DOWN_LEAN,1,0.0,0.0,0.0,0.0
12PM,B5_TIER_STATE_LOOPS_BALANCE,T3|PARTIAL_LOOP|14|DOWN_LEAN,1,5.299999999999194,0.0,0.0,0.0
12PM,B5_TIER_STATE_LOOPS_BALANCE,T3|PARTIAL_LOOP|15|UP_HEAVY,1,4.600000000001259,0.0,0.0,0.0
12PM,B5_TIER_STATE_LOOPS_BALANCE,T3|PARTIAL_LOOP|17|UP_HEAVY,1,1.1999999999989797,0.0,0.0,0.0
12PM,B5_TIER_STATE_LOOPS_BALANCE,T3|PARTIAL_LOOP|19|DOWN_HEAVY,1,3.4000000000000696,0.0,0.0,0.0
12PM,B5_TIER_STATE_LOOPS_BALANCE,T3|PARTIAL_LOOP|20|BALANCED,1,0.0,0.0,0.0,0.0
12PM,B5_TIER_STATE_LOOPS_BALANCE,T3|PARTIAL_LOOP|20|DOWN_HEAVY,1,0.19999999999909335,0.0,0.0,0.0
12PM,B5_TIER_STATE_LOOPS_BALANCE,T3|PARTIAL_LOOP|20|UP_HEAVY,1,24.999999999999467,0.0,0.0,0.0
12PM,B5_TIER_STATE_LOOPS_BALANCE,T3|PARTIAL_LOOP|21|DOWN_HEAVY,2,13.499999999999623,13.499999999999623,13.499999999999623,13.499999999999623
12PM,B5_TIER_STATE_LOOPS_BALANCE,T3|PARTIAL_LOOP|22|DOWN_HEAVY,1,58.6999999999982,0.0,0.0,0.0
12PM,B5_TIER_STATE_LOOPS_BALANCE,T3|PARTIAL_LOOP|22|UP_HEAVY,1,12.099999999999334,0.0,0.0,0.0
12PM,B5_TIER_STATE_LOOPS_BALANCE,T3|PARTIAL_LOOP|24|BALANCED,1,0.0,0.0,0.0,0.0
12PM,B5_TIER_STATE_LOOPS_BALANCE,T3|PARTIAL_LOOP|24|DOWN_LEAN,1,0.0,0.0,0.0,0.0
12PM,B5_TIER_STATE_LOOPS_BALANCE,T3|PARTIAL_LOOP|24|UP_HEAVY,1,4.399999999999963,0.0,0.0,0.0
12PM,B5_TIER_STATE_LOOPS_BALANCE,T3|PARTIAL_LOOP|24|UP_LEAN,1,12.49999999999973,0.0,0.0,0.0
12PM,B5_TIER_STATE_LOOPS_BALANCE,T3|PARTIAL_LOOP|25|DOWN_HEAVY,1,0.0,0.0,0.0,0.0
12PM,B5_TIER_STATE_LOOPS_BALANCE,T3|PARTIAL_LOOP|26|DOWN_HEAVY,2,29.3500000000002,16.55000000000073,16.550000000000733,16.55000000000073
12PM,B5_TIER_STATE_LOOPS_BALANCE,T3|PARTIAL_LOOP|26|DOWN_LEAN,1,13.499999999999616,0.0,0.0,0.0
12PM,B5_TIER_STATE_LOOPS_BALANCE,T3|PARTIAL_LOOP|26|UP_HEAVY,1,0.0,0.0,0.0,0.0
12PM,B5_TIER_STATE_LOOPS_BALANCE,T3|PARTIAL_LOOP|26|UP_LEAN,1,20.700000000000166,0.0,0.0,0.0
12PM,B5_TIER_STATE_LOOPS_BALANCE,T3|PARTIAL_LOOP|27|BALANCED,1,0.0,0.0,0.0,0.0
12PM,B5_TIER_STATE_LOOPS_BALANCE,T3|PARTIAL_LOOP|27|UP_HEAVY,1,9.099999999999667,0.0,0.0,0.0
12PM,B5_TIER_STATE_LOOPS_BALANCE,T3|PARTIAL_LOOP|28|BALANCED,1,1.2000000000011966,0.0,0.0,0.0
12PM,B5_TIER_STATE_LOOPS_BALANCE,T3|PARTIAL_LOOP|28|DOWN_LEAN,1,7.200000000000543,0.0,0.0,0.0
12PM,B5_TIER_STATE_LOOPS_BALANCE,T3|PARTIAL_LOOP|28|UP_HEAVY,1,0.0,0.0,0.0,0.0
12PM,B5_TIER_STATE_LOOPS_BALANCE,T3|PARTIAL_LOOP|29|DOWN_HEAVY,1,20.699999999997942,0.0,0.0,0.0
12PM,B5_TIER_STATE_LOOPS_BALANCE,T3|PARTIAL_LOOP|30|DOWN_HEAVY,1,5.399999999999849,0.0,0.0,0.0
12PM,B5_TIER_STATE_LOOPS_BALANCE,T3|PARTIAL_LOOP|30|DOWN_LEAN,1,0.0,0.0,0.0,0.0
12PM,B5_TIER_STATE_LOOPS_BALANCE,T3|PARTIAL_LOOP|31|DOWN_HEAVY,1,5.500000000000497,0.0,0.0,0.0
12PM,B5_TIER_STATE_LOOPS_BALANCE,T3|PARTIAL_LOOP|31|DOWN_LEAN,2,10.15000000000099,5.14999999999932,5.14999999999932,5.14999999999932
12PM,B5_TIER_STATE_LOOPS_BALANCE,T3|PARTIAL_LOOP|31|UP_HEAVY,1,0.0,0.0,0.0,0.0
12PM,B5_TIER_STATE_LOOPS_BALANCE,T3|PARTIAL_LOOP|32|UP_HEAVY,2,31.049999999999137,30.749999999999382,30.749999999999385,30.749999999999382
12PM,B5_TIER_STATE_LOOPS_BALANCE,T3|PARTIAL_LOOP|33|UP_HEAVY,1,8.000000000001336,0.0,0.0,0.0
12PM,B5_TIER_STATE_LOOPS_BALANCE,T3|PARTIAL_LOOP|34|DOWN_HEAVY,1,0.0,0.0,0.0,0.0
12PM,B5_TIER_STATE_LOOPS_BALANCE,T3|PARTIAL_LOOP|35|UP_HEAVY,1,6.099999999999994,0.0,0.0,0.0
