date,AFTERNOON,ASIA,LONDON,NEXT_ASIA,OVERLAP,REST_NY,RV_19_TO_17,RV_19_TO_NEXT_03,RV_24H_19_TO_19,share_17,share_next03,share_24h,range_share_17,range_share_next03
2023-01-03,9.92095324444032e-06,1.1278984544277281e-05,1.8488404994206404e-05,3.4232757627066176e-06,9.515860914522165e-06,1.521225268985873e-06,4.920420369744617e-05,5.414870472913866e-05,5.0725428966432044e-05,0.20162816383420598,0.18321681550956154,0.1955814558218047,0.15070328198259111,0.12538311507384078
2023-01-04,8.79140432135941e-06,3.4232757627066176e-06,1.4876065721525217e-05,5.048879134022065e-06,6.782158887202304e-06,4.5511191206752055e-07,3.387290469279355e-05,3.9376895738883135e-05,3.432801660486107e-05,0.2595409044807952,0.22326301137746227,0.2560999787012015,0.2297226582940907,0.18906115417743805
2023-01-05,9.810371383165907e-06,5.048879134022065e-06,7.988630465088683e-06,3.3854714024494245e-06,1.4776780341264537e-05,2.472900011461938e-07,3.7624661323541194e-05,4.125742272713681e-05,3.7871951324687385e-05,0.26074311470353895,0.23778439695684617,0.25904055745791144,0.24940277114190032,0.20854974031162526
2023-01-06,2.3541094569912913e-05,3.3854714024494245e-06,8.11931456824889e-06,,2.0226085996845173e-05,2.624652955384053e-07,5.52719665374564e-05,5.5534431832994805e-05,5.5534431832994805e-05,0.4259138229496451,0.42390088082122745,0.42390088082122745,0.49878640776699135,0.486966824644552
2023-01-09,5.75294684907091e-06,5.20438272149888e-06,7.495807841123553e-06,4.626925937766773e-06,7.552776242644729e-06,1.3246781963423136e-06,2.600591365433807e-05,3.1957517788447155e-05,2.7330591850680384e-05,0.2212168711138997,0.18001857613455313,0.21049477744579806,0.17174369747898596,0.1369346733668286
2023-01-10,4.832499574976569e-06,4.626925937766773e-06,6.805753585018378e-06,2.7849633276116286e-06,6.727078506704332e-06,9.391811246038885e-07,2.299225760446605e-05,2.6716402056681567e-05,2.3931438729069938e-05,0.21017942901082914,0.18088137634416226,0.2019310092337427,0.23805913570886372,0.1778029445073567
2023-01-11,8.391087612612747e-06,2.7849633276116286e-06,5.545642992650498e-06,4.05590521573588e-06,6.881474883052329e-06,4.4562720096834406e-07,2.3603168815927204e-05,2.8104701232631427e-05,2.4048796016895548e-05,0.35550682529332744,0.29856526647115306,0.3489192393131683,0.2642007926023793,0.21063717746182398
2023-01-12,1.2620929532914217e-05,4.05590521573588e-06,4.731762669558591e-06,5.579782139938118e-06,4.7867330496271735e-05,5.731271061562615e-07,6.927592791448042e-05,7.54288371605748e-05,6.984905502063668e-05,0.18218347863192064,0.16732233994336232,0.18068862247578588,0.37046352856629355,0.31394640682095143
2023-01-13,5.562138880700405e-06,5.579782139938118e-06,7.572042243582561e-06,,1.0063099765872979e-05,3.563360400950158e-07,2.8777063030094066e-05,2.9133399070189082e-05,2.9133399070189082e-05,0.19328375779292387,0.19091966808610036,0.19091966808610036,0.22052785923753568,0.20970440602342358
2023-01-16,1.6268931547644887e-06,5.686069543079699e-06,6.278155710088045e-06,6.165041905483196e-06,3.210460065554043e-06,1.4750319238248668e-07,1.6801578473486276e-05,2.311412357135196e-05,1.6949081665868763e-05,0.09682978044781963,0.07038524085684512,0.09598709752166969,0.11419753086419186,0.09409969481179584
2023-01-17,1.6305634395211714e-05,6.165041905483196e-06,5.451249947357314e-06,9.034852364127945e-06,8.541870817217657e-06,6.128969320259251e-07,3.6463797065269885e-05,4.6111546361423754e-05,3.707669399729581e-05,0.447173243258917,0.35361282979771785,0.43978123821937753,0.44213649851632486,0.3641547861507163
2023-01-18,1.1817124237157084e-05,9.034852364127945e-06,1.1276796828401864e-05,4.024010455040259e-06,1.4086126503099517e-05,6.083674461770843e-07,4.6214899932786415e-05,5.084727783400376e-05,4.68232673789635e-05,0.25569944442903825,0.23240426509626175,0.25237718123161595,0.2899575671852886,0.2595758151313701
2023-01-19,6.0624375443510905e-06,4.024010455040259e-06,8.372613756920059e-06,3.750322251901325e-06,7.031864741893917e-06,6.841661476659871e-07,2.5490926498205323e-05,2.9925414897772635e-05,2.617509264587131e-05,0.23782727335461556,0.20258491202413775,0.23161092976331224,0.306158357771261,0.2589285714285721
2023-01-20,6.196243543059053e-06,3.750322251901325e-06,6.29877883366643e-06,,4.480854091904117e-06,2.4033509257003944e-07,2.0726198720530924e-05,2.0966533813100963e-05,2.0966533813100963e-05,0.2989570652394251,0.29553018149272353,0.29553018149272353,0.2934306569343039,0.2807262569832363
2023-01-23,4.644884361864902e-06,4.55108761147372e-06,9.491730939992878e-06,1.5727852348330817e-06,6.672473825922745e-06,4.94110376385768e-07,2.5360176739254245e-05,2.7427072350473096e-05,2.5854287115640013e-05,0.1831566242468345,0.16935399821427827,0.17965625356790732,0.17282479141836016,0.14624306606152748
2023-01-24,6.071059252090554e-06,1.5727852348330817e-06,7.1097725085604545e-06,2.426185795178223e-06,7.87674038765558e-06,3.302009139692301e-07,2.263035738313967e-05,2.5386744092287122e-05,2.29605582971089e-05,0.26827058668608056,0.2391428861464371,0.2644125274974258,0.3440102498398453,0.28248290373487683
2023-01-25,8.141292549946056e-06,2.426185795178223e-06,8.111440031616737e-06,2.7348328019266463e-06,5.531434001442184e-06,6.4539531875284e-07,2.42103523781832e-05,2.7590580498862685e-05,2.4855747696936038e-05,0.3362731951511148,0.2950750728235547,0.3275416474777635,0.3003640776699066,0.25489186405767306
2023-01-26,9.771041697584572e-06,2.7348328019266463e-06,5.017023439225081e-06,2.587396900009879e-06,5.422473723987229e-06,2.490544539162134e-07,2.2945371662723528e-05,2.578182301664962e-05,2.319442611663974e-05,0.425839330092803,0.37898955753728275,0.4212668012757945,0.308281141266523,0.23677177979689648
2023-01-27,8.082025245338699e-06,2.587396900009879e-06,3.416130856737855e-06,,7.583856214719779e-06,2.8112545122967044e-07,2.1669409216806212e-05,2.1950534668035884e-05,2.1950534668035884e-05,0.3729693396103525,0.3681926371072706,0.3681926371072706,0.26601941747572866,0.25168401714635713
2023-01-30,3.98462530452798e-06,2.698759408406775e-06,6.464148558361527e-06,2.231583204508602e-06,5.027314090956329e-06,6.000349718274581e-07,1.817484736225261e-05,2.1006465538588668e-05,1.8774882334080067e-05,0.21923844668999307,0.18968566116980806,0.21223170583045992,0.34921557234166695,0.2867366412213792
2023-01-31,5.719316644201578e-06,2.231583204508602e-06,7.131814499005452e-06,1.208791444782567e-06,7.836248012586047e-06,8.779242381135685e-07,2.2918962360301678e-05,2.5005678043197813e-05,2.3796886598415246e-05,0.24954518246899796,0.22872071832330815,0.24033886199980697,0.2611424984306407,0.21344279117496745
2023-02-01,2.6437369076581062e-05,1.208791444782567e-06,3.3054455246456836e-06,9.78869228865116e-06,2.4159020549571346e-06,2.986509288611459e-06,3.3367508100966446e-05,4.614270967822907e-05,3.635401738957791e-05,0.7923087632610881,0.5729479101019217,0.7272200151436418,0.5705090696313647,0.3901560624249694
2023-02-02,1.60486513193407e-05,9.78869228865116e-06,5.306109890186138e-06,2.2987350080981763e-06,2.7826860422261845e-05,4.665831441724592e-07,5.897031392043984e-05,6.173563207271047e-05,5.94368970646123e-05,0.27214797162166776,0.2599576740453399,0.2700115940085942,0.2510925705204548,0.22043948378095007
2023-02-03,1.7028586807842915e-05,2.2987350080981763e-06,6.381109524574157e-06,,4.180049354414855e-05,5.209428109371483e-07,6.75089248846638e-05,6.802986769560095e-05,6.802986769560095e-05,0.25224200854828527,0.25031045016928705,0.25031045016928705,0.2797908106088908,0.26759556984637395
2023-02-06,4.566573029267143e-06,4.52767671860951e-06,7.272604671026183e-06,2.2870831608094514e-06,5.645250925899443e-06,4.937869143017278e-07,2.201210534480228e-05,2.4792975419913463e-05,2.250589225910401e-05,0.2074573493873201,0.1841881803988447,0.2029056647340826,0.275393419170239,0.2212643678160857
2023-02-07,2.8581017902671336e-05,2.2870831608094514e-06,8.642292009928214e-06,2.08803926564752e-06,4.966389123849115e-06,1.321225923244879e-06,4.4476782197258115e-05,4.7886047386150514e-05,4.579800812050299e-05,0.6426053435231042,0.5968548139334939,0.6240668333755786,0.47628361858190355,0.4036469125569775
2023-02-08,6.385818894166013e-06,2.08803926564752e-06,7.95502613103603e-06,2.1649217978742625e-06,7.3216725440673316e-06,7.109351983627317e-07,2.3750556834916895e-05,2.662641383115389e-05,2.4461492033279627e-05,0.26887028117075124,0.23983022778284802,0.26105598487116677,0.23952641165755123,0.1696774193548346
2023-02-09,6.54285093739209e-06,2.1649217978742625e-06,8.607684293854601e-06,2.6757905679047172e-06,3.7003818346469537e-06,9.092910126159606e-07,2.1015838863767906e-05,2.4600920444288583e-05,2.1925129876383866e-05,0.311329515790693,0.2659595990405756,0.2984178873412087,0.3258101851851831,0.27343370568236985
2023-02-10,4.107372403204076e-06,2.6757905679047172e-06,9.24566076066436e-06,,6.996381207463615e-06,1.6816239277685755e-07,2.3025204939236765e-05,2.3193367332013622e-05,2.3193367332013622e-05,0.17838592160388506,0.17709254307091074,0.17709254307091074,0.2591404746632449,0.24709480122324295
2023-02-13,4.790863844643181e-06,3.410551734443937e-06,5.258114026749588e-06,1.8530003217726356e-06,4.781960034567804e-06,5.07020792126231e-07,1.824148964040451e-05,2.0601510754303375e-05,1.874851043253074e-05,0.26263555987398746,0.23254915145688695,0.2555330388450755,0.24321959755030556,0.18707940780618748
2023-02-14,1.6553981712030958e-05,1.8530003217726356e-06,5.109990433593975e-06,2.0204387476792177e-06,3.549352212796209e-05,5.331308524392853e-07,5.9010494595359655e-05,6.156406419547817e-05,5.954362544779894e-05,0.28052606278837555,0.26889033283229596,0.27801433969692696,0.2925078510542862,0.24734446130500914
2023-02-15,5.978156364020299e-06,2.0204387476792177e-06,5.771865130162622e-06,2.157001014148792e-06,1.2422867047976978e-05,2.5526627602571833e-07,2.6193327289839116e-05,2.8605594580013623e-05,2.6448593565864833e-05,0.22823203397833836,0.2089855656486568,0.22602927256350772,0.18255033557045972,0.13970210580379308
2023-02-16,4.970396639539987e-06,2.157001014148792e-06,4.899012045257289e-06,3.3030965774429033e-06,8.322124370206966e-06,6.363068753208571e-07,2.0348534069153033e-05,2.4287937521916795e-05,2.0984840944473892e-05,0.24426313083038073,0.2046446568406573,0.23685653146915472,0.27033792240300836,0.19251336898396162
2023-02-17,8.662892782207027e-06,3.3030965774429033e-06,8.364842426966066e-06,,4.0281562089215305e-06,4.190865501910245e-07,2.4358987995537528e-05,2.4778074545728554e-05,2.4778074545728554e-05,0.35563434670578414,0.34961928806128345,0.34961928806128345,0.32374928119608626,0.3132999443516933
2023-02-20,1.002975105477503e-06,1.9694081975416138e-06,2.5532731743539307e-06,2.4529229122586457e-06,2.1852107158006777e-06,8.943280659306191e-08,7.710867193173725e-06,1.0253222912025432e-05,7.800299999766787e-06,0.13007293218140453,0.09782047206846245,0.12858160654173428,0.1345911949685431,0.09648331830477201
2023-02-21,6.981476414218858e-06,2.4529229122586457e-06,9.640354150420127e-06,1.9848141968714507e-06,8.886745391085238e-06,6.962012919330152e-07,2.7961498867982872e-05,3.0642514356787335e-05,2.8657700159915885e-05,0.24968176588748436,0.22783627782399837,0.24361607439748403,0.3737684729064044,0.31320949432404716
2023-02-22,7.909713537919085e-06,1.9848141968714507e-06,4.424384450559086e-06,1.5505745500095277e-06,3.9247333067417326e-06,2.95439463706548e-07,1.8243645492091352e-05,2.0089659505807428e-05,1.85390849557979e-05,0.4335599231714932,0.3937206370089339,0.4266506980672424,0.37620578778135116,0.30724789915966
2023-02-23,2.988267683621393e-06,1.5505745500095277e-06,3.5227951875569152e-06,3.0050374526707785e-06,7.274525909223967e-06,4.702379657993624e-07,1.53361633304118e-05,1.8811438748881942e-05,1.5806401296211163e-05,0.19485106015372317,0.15885375507490096,0.18905427159676688,0.23635003739715107,0.18843172331543714
2023-02-24,6.79227342635487e-06,3.0050374526707785e-06,2.48074588479882e-06,,1.1301726295680201e-05,1.4987922227851851e-07,2.357978305950467e-05,2.3729662281783186e-05,2.3729662281783186e-05,0.28805495831807504,0.28623557072572287,0.28623557072572287,0.16292601828761433,0.1487101669195751
2023-02-27,6.717969256887939e-06,2.38482298255671e-06,3.81449226879407e-06,2.951125228735185e-06,4.114220225816338e-06,1.99537624280932e-07,1.7031504734055058e-05,2.0182167587071174e-05,1.723104235833599e-05,0.39444367140709163,0.3328665876895955,0.38987596438923133,0.2869379014989328,0.2248322147651039
2023-02-28,7.784756360541832e-06,2.951125228735185e-06,7.612338107554482e-06,1.702793484576335e-06,5.072768574103155e-06,3.814090470884001e-07,2.3420988270934654e-05,2.5505190802599388e-05,2.3802397318023053e-05,0.332383769228162,0.3052224318097805,0.32705765963528616,0.36004579278763776,0.2928305400372434
2023-03-01,7.797175884124714e-06,1.702793484576335e-06,1.2058570665753976e-05,2.777027762294296e-06,7.230278093830792e-06,3.4554878234249824e-07,2.8788818128285817e-05,3.191139467292261e-05,2.9134366910628314e-05,0.2708404301065687,0.24433829871875692,0.2676281213881561,0.1928374655647305,0.1509271237602356
2023-03-02,4.482294372480235e-06,2.777027762294296e-06,4.296754838443598e-06,2.0795780269260155e-06,7.217311077394946e-06,7.884792933702921e-07,1.8773388050613074e-05,2.164144537090938e-05,1.9561867343983366e-05,0.2387578821891906,0.20711622055084059,0.22913427913919743,0.24676165803109562,0.19300911854103936
2023-03-03,4.720928090046518e-06,2.0795780269260155e-06,4.430664725646154e-06,,2.9286327096604093e-06,3.5848576918480404e-07,1.4159803552279096e-05,1.45182893214639e-05,1.45182893214639e-05,0.3334035018647317,0.32517109870975486,0.32517109870975486,0.37779552715655235,0.3543071161048739
2023-03-06,3.5543678867654006e-06,3.128890018403516e-06,3.600221459607122e-06,1.8100394589508684e-06,5.866215274944064e-06,4.465272088321984e-07,1.61496946397201e-05,1.840626130750317e-05,1.65962218485523e-05,0.22008886025767005,0.19310645586219566,0.21416729176077207,0.22267481330617242,0.17884405670664696
2023-03-07,1.5996468880965688e-05,1.8100394589508684e-06,4.4858579741204124e-06,2.6789680658547907e-06,3.3587552227096445e-06,3.828701786217669e-07,2.565112153674661e-05,2.871295978122317e-05,2.6033991715368378e-05,0.6236167435427681,0.5571166819042659,0.6144454932557522,0.5190839694656437,0.42803189257238283
2023-03-08,1.5033162375359545e-05,2.6789680658547907e-06,3.6019178794865365e-06,2.024404483490476e-06,3.1568743463869942e-06,3.733592457391011e-07,2.447092266708787e-05,2.6868686396317447e-05,2.484428191282697e-05,0.6143275666339453,0.5595049253103773,0.6050954673637802,0.365053322395407,0.29805760214333765
2023-03-09,4.233930308277737e-06,2.024404483490476e-06,4.237349125034315e-06,3.90183654877359e-06,6.323969845742435e-06,1.0681699244217152e-06,1.6819653762544964e-05,2.178966023574027e-05,1.788782368696668e-05,0.2517251762759892,0.19430914766321483,0.23669342801956605,0.2706692913385871,0.2019089574155648
2023-03-10,7.979145193778313e-06,3.90183654877359e-06,9.274057859699235e-06,,2.3211613417773636e-05,6.688617128148821e-07,4.436665302002477e-05,4.503551473283965e-05,4.503551473283965e-05,0.1798455517971335,0.1771745086319612,0.1771745086319612,0.2995348837209261,0.28445229681978534
2023-03-14,1.1489516590172813e-05,3.252726031864419e-06,6.007773644361737e-06,3.3396617753111096e-06,9.627629743663039e-06,1.449107845595183e-06,3.0377646010062004e-05,3.51664156309683e-05,3.182675385565719e-05,0.3782227426827982,0.32671844383409093,0.3610018364512081,0.2617951668584585,0.201149425287356
2023-03-15,2.1040273970743744e-05,3.3396617753111096e-06,3.8137531318451586e-06,4.8582490843216736e-06,2.9093759172619528e-05,7.84552776254596e-06,5.728744805051954e-05,6.999122489738717e-05,6.51329758130655e-05,0.3672754623698573,0.3006130268700183,0.32303566216796625,0.16729776247848188,0.13406896551723807
2023-03-16,3.917813080269745e-05,4.8582490843216736e-06,5.462362520472158e-06,3.949242094561346e-06,1.56167499871398e-05,1.4394408247612315e-06,6.511549239463108e-05,7.050417531395365e-05,6.65549332193923e-05,0.6016714204548929,0.5556852573374277,0.5886585547843658,0.3985317252228629,0.29174664107485904
2023-03-17,6.948846655866563e-06,3.949242094561346e-06,4.885471124896962e-06,1.7646427582434896e-07,6.875694726084902e-06,1.4920766532276954e-06,2.2659254601409773e-05,2.4327795530461818e-05,2.415133125463747e-05,0.30666704523608784,0.2856340455166039,0.2877210611126153,0.32846715328467296,0.2797704447632718
2023-03-21,6.821667909216887e-06,1.671012249451052e-06,2.3755756707839504e-06,1.6854025907788795e-06,4.14918559710414e-06,7.003473561731516e-07,1.501744142655603e-05,1.740319137350806e-05,1.5717788782729182e-05,0.4542496764564581,0.39197798626757296,0.43400938920318005,0.2064323111443586,0.16922133660331626
2023-03-22,3.485854684247299e-06,1.6854025907788795e-06,2.342217786412428e-06,3.1787699723875467e-06,3.3570911734202474e-06,2.727706928505071e-05,1.0870566234858854e-05,4.132640549229711e-05,3.8147635519909565e-05,0.3206690993767318,0.08434933168569506,0.09137800119821327,0.29397874852419753,0.0965865011636885
2023-03-23,9.138910001267812e-06,3.1787699723875467e-06,5.66816965308288e-06,3.019245062909341e-06,6.1340393765596226e-06,7.525202476393756e-06,2.411988900329786e-05,3.466433654260096e-05,3.164509147969162e-05,0.37889519309223474,0.26364012448461227,0.288793919497207,0.2571931884909032,0.17775974025974395
2023-03-24,9.362940261374145e-06,3.019245062909341e-06,1.636334696125536e-05,1.0095620401135766e-07,1.4228794725269676e-05,5.898293224232595e-07,4.297432701080851e-05,4.366511253724313e-05,4.356415633323177e-05,0.21787287696254704,0.21442611085424879,0.2149230250152204,0.13772151898734353,0.12716222533894594
2023-03-28,5.304659961012019e-06,1.5265581592212588e-06,3.448276962904324e-06,1.826030895594558e-06,5.0552776720891214e-06,3.942756385082675e-07,1.5334772755226723e-05,1.7555079289329548e-05,1.572904839373499e-05,0.34592361071695515,0.3021723726554932,0.33725244072139215,0.24562864279766775,0.19959404600811942
2023-03-29,5.466483530475131e-06,1.826030895594558e-06,3.3312767348059487e-06,2.349246502186923e-06,4.873813872804794e-06,6.71698753735702e-07,1.549760503368043e-05,1.8518550289603054e-05,1.6169303787416132e-05,0.3527308586452554,0.29518960420698814,0.3380778543309612,0.30347826086955704,0.23693143245077455
2023-03-30,5.46461716072649e-06,2.349246502186923e-06,6.51228919871912e-06,2.490706731516299e-06,4.658916646787746e-06,2.764912727215247e-07,1.898506950842028e-05,2.17522675126581e-05,1.9261560781141803e-05,0.2878376167283884,0.2512205753973242,0.2837058337492915,0.2095006090134037,0.17182817182817603
2023-03-31,7.754733692585792e-06,2.490706731516299e-06,4.470630041403372e-06,2.1571797377390733e-07,6.160068226252438e-06,7.906345500940791e-07,2.0876138691757902e-05,2.188249121562589e-05,2.1666773241851983e-05,0.37146398608893294,0.3543807519981216,0.3579090253091582,0.3631436314363194,0.30419977298524636
2023-04-04,1.111152026479378e-05,3.446090334372336e-06,5.452123209796495e-06,1.8684732770212823e-06,4.989378003519967e-06,2.5900948168575243e-07,2.4999111812482578e-05,2.7126594571189613e-05,2.525812129416833e-05,0.4444766017345291,0.40961722031246084,0.43991871506924946,0.4025665399239586,0.3422222222222237
2023-04-05,8.464569576996749e-06,1.8684732770212823e-06,3.6609786839157875e-06,1.3057257744469155e-06,3.952914604956711e-06,4.496769572422463e-07,1.794693614289053e-05,1.970233887457969e-05,1.8396613100132774e-05,0.4716442689494881,0.4296225758210812,0.46011564905583935,0.4935064935064943,0.3991596638655501
2023-04-06,3.8902834121412015e-06,1.3057257744469155e-06,2.6166344611654645e-06,1.0571846711237026e-06,3.2763043263951283e-06,2.8020426126517333e-07,1.108894797414871e-05,1.2426336906537586e-05,1.1369152235413883e-05,0.3508252921025951,0.31306759517315963,0.3421788477792847,0.38438661710038163,0.3274224192526997
2023-04-07,2.602683526281215e-06,1.0571846711237026e-06,7.444154651212141e-07,4.984234784421918e-07,7.1201619066415645e-06,3.582278267119488e-07,1.1524445569167696e-05,1.2381096874321836e-05,1.1882673395879645e-05,0.22584023766352718,0.21021429302270725,0.21903181544850875,0.2546296296296279,0.20313942751615893
2023-04-11,2.302476183994235e-06,2.4661865941302166e-06,3.356749104158425e-06,1.5161800425696676e-06,4.279693721553008e-06,5.311629039183758e-07,1.2405105603835883e-05,1.4452448550323927e-05,1.2936268507754259e-05,0.18560714092448094,0.15931391666795652,0.17798611575000045,0.2615131578947347,0.20635950681375578
2023-04-12,7.25049523832608e-06,1.5161800425696676e-06,2.731317609376095e-06,1.8585199831027657e-06,3.423672845388934e-05,8.947346803421599e-07,4.573472134416118e-05,4.848797600760611e-05,4.662945602450334e-05,0.15853371410672715,0.1495318187170511,0.15549173969595556,0.27254901960784195,0.221926556679084
2023-04-13,6.854065730976127e-06,1.8585199831027657e-06,5.535474400096341e-06,2.217283043088301e-06,8.044419676503352e-06,3.851824212324086e-07,2.2292479790678585e-05,2.4894945254999293e-05,2.267766221191099e-05,0.3074608924325277,0.27531957434611043,0.3022386376041956,0.1750358680057435,0.13631284916201422
2023-04-14,7.396017868759574e-06,2.217283043088301e-06,2.7299432307245844e-06,1.1826701142083442e-08,1.2516329859458279e-05,5.826506989739503e-07,2.4859574002030738e-05,2.545405140214677e-05,2.5442224701004688e-05,0.29751185069202735,0.2905634844493086,0.2906985515487375,0.3718768158047765,0.33934252386003316
2023-04-18,3.6190013357821226e-06,1.818293836570965e-06,3.439571624657918e-06,1.4418994293948792e-06,3.4760275979777465e-06,3.246523208038722e-07,1.2352894394988751e-05,1.4119446145187503e-05,1.2677546715792623e-05,0.2929678842919808,0.2563132645975373,0.28546543088450027,0.22442505947661442,0.18557377049180795
2023-04-19,4.627755894778368e-06,1.4418994293948792e-06,4.861893144610381e-06,1.5441255047262964e-06,5.670508032027839e-06,2.378730503622555e-07,1.6602056500811467e-05,1.8384055055900017e-05,1.683992955117372e-05,0.2787459429831584,0.2517266120399904,0.274808506812062,0.2548076923076882,0.21457489878542163
2023-04-20,5.3779474144753905e-06,1.5441255047262964e-06,3.238529003446353e-06,1.452222793268688e-06,8.360836117574294e-06,9.003515409362231e-07,1.8521438040222334e-05,2.0874012374427248e-05,1.942178958115856e-05,0.290363383382883,0.25763841268312715,0.2769027741754878,0.2180016515276599,0.17741935483870802
2023-04-21,1.3723257847362228e-05,1.452222793268688e-06,5.229880094946499e-06,7.89047808226927e-08,5.075704727178245e-06,6.432862115592051e-07,2.548106546275566e-05,2.620325645513756e-05,2.6124351674314865e-05,0.538566876939302,0.5237233727364283,0.5253052025346437,0.3703703703703764,0.3169670602858996
2023-04-25,5.502099762971155e-06,2.2086578544651155e-06,6.605360395251081e-06,2.7171789625488788e-06,2.1485069088961832e-06,5.591711478413782e-07,1.6464624921583533e-05,1.974097503197379e-05,1.702379606942491e-05,0.3341770486224945,0.2787146913493173,0.32320052123116294,0.3641810918774922,0.308865047995477
2023-04-26,1.6199882434973683e-05,2.7171789625488788e-06,4.7408819852059755e-06,2.2436375038075127e-06,1.0483385852183495e-05,6.314230251919089e-07,3.4141329234912035e-05,3.701638976391146e-05,3.4772752260103946e-05,0.47449477797156486,0.43764080015084295,0.4658786372098709,0.34683684794672415,0.29761904761904256
2023-04-27,5.886875602717111e-06,2.2436375038075127e-06,4.702399746167569e-06,3.106473800042748e-06,1.3456319423806273e-05,4.719780447087663e-07,2.628923227649847e-05,2.9867684121249983e-05,2.6761210321207234e-05,0.2239272543527163,0.19709849544473962,0.2199779282049881,0.25682656826568623,0.20069204152249587
2023-04-28,7.259162438452139e-06,3.106473800042748e-06,1.6186756400272692e-05,5.019176160589303e-07,6.876783147481223e-06,5.650406138426878e-07,3.3429175786248806e-05,3.449613401615042e-05,3.399421640009149e-05,0.21715050603904562,0.21043408618060042,0.21354110219856698,0.3364030335861283,0.3036674816625886
2023-05-02,1.1329207708814716e-05,1.8626666332253833e-06,6.670649707976613e-06,1.2402698246136241e-06,5.133081212363491e-06,3.467853822669851e-07,2.4995605262380204e-05,2.6582660469260816e-05,2.534239064464719e-05,0.45324798459134785,0.42618787994961543,0.4470457372263602,0.36369012418686486,0.2896844088553895
2023-05-03,5.638570974901546e-06,1.2402698246136241e-06,3.073973658833775e-06,5.047236654586857e-06,2.9378317349837565e-06,9.926088348854853e-06,1.2890646193332701e-05,2.786397119677441e-05,2.2816734542187552e-05,0.4374156958724014,0.20236063750863617,0.24712436236114216,0.2508250825082562,0.14346389806512905
2023-05-04,1.9008529225378657e-05,5.047236654586857e-06,4.135381845057805e-06,1.6730723134558545e-06,1.0549032130153717e-05,2.596314864115117e-07,3.874017985517704e-05,4.067288365504441e-05,3.8999811341588556e-05,0.49066703604470885,0.467351402634594,0.48740054301514973,0.28535980148883144,0.23825966850828506
2023-05-05,6.050958365689526e-06,1.6730723134558545e-06,3.7262564864745067e-06,6.597897325395326e-08,9.576528747253297e-06,1.5446762640232645e-06,2.1026815912873185e-05,2.2637471150150402e-05,2.2571492176896448e-05,0.2877734028186819,0.26729833582358087,0.2680796784841331,0.3250940354648095,0.2945472249269771
2023-05-09,2.7536250791182977e-06,1.436019681733228e-06,3.302938718359478e-06,3.154690463202343e-06,2.4920155468894256e-06,3.8085585201484624e-07,9.984599026100429e-06,1.3520145341317617e-05,1.0365454878115275e-05,0.2757872471313202,0.20366830456350263,0.2656540510279065,0.21992481203007178,0.15455746367238776
2023-05-10,6.223359408132034e-06,3.154690463202343e-06,4.298659531816229e-06,1.8858860190411703e-06,1.1074835825295177e-05,4.889801556052256e-07,2.4751545228445784e-05,2.712641140309218e-05,2.5240525384051008e-05,0.2514331671292918,0.2294206673951212,0.24656219763414483,0.2578258394991468,0.2083716651333962
2023-05-12,3.4909209116296784e-06,1.108178148700645e-06,3.0081324553233605e-06,2.5737702220318242e-08,3.1478947950369787e-06,3.219208684434806e-07,1.0755126310690663e-05,1.1102784881354462e-05,1.1077047179134144e-05,0.32458204681052244,0.3144184949032184,0.31514905147335054,0.3763523956723298,0.3486041517537576
2023-05-16,5.685146939548643e-06,1.3825039261977716e-06,2.9189761242067672e-06,9.922993011337358e-07,3.5833279283720767e-06,5.738845671033738e-07,1.3569954918325259e-05,1.5136138786562369e-05,1.4143839485428633e-05,0.4189510557526802,0.3756008728326295,0.40195216761372576,0.28022875816993753,0.23222748815165903
2023-05-17,3.6608072187649354e-06,9.922993011337358e-07,3.8628899813569455e-06,1.2181352738920472e-06,3.503159961663233e-06,2.3367261869075587e-07,1.201915646291885e-05,1.3470964355501654e-05,1.2252829081609607e-05,0.304581043608106,0.2717553934637078,0.29877240548955974,0.3214285714285609,0.2711983181499564
2023-05-18,3.540198238226811e-06,1.2181352738920472e-06,2.5005917104597297e-06,1.9044905972905003e-06,6.254082191114232e-06,3.948412826521794e-07,1.351300741369282e-05,1.58123392936355e-05,1.3907848696344999e-05,0.26198448131091123,0.22388833002411912,0.2545467897675059,0.29121863799283354,0.2285513361462727
2023-05-19,9.615693609389339e-06,1.9044905972905003e-06,4.0819598922129244e-06,1.7420113028924413e-07,3.3116551835069134e-06,5.58527252523275e-07,1.891379928239968e-05,1.96465276652122e-05,1.9472326534922954e-05,0.5083956674076194,0.489434762887678,0.4938132889330877,0.3416239941477691,0.2813253012048211
2023-05-24,5.4115468441755525e-06,1.213387926768233e-06,3.0913636804754774e-06,1.8367323923518944e-06,5.0917476503674045e-06,1.5339629594725273e-06,1.4808046101786667e-05,1.8178741453611088e-05,1.6342009061259193e-05,0.3654463800948473,0.297685450776934,0.33114330214173676,0.3247988295537656,0.2551724137931054
2023-05-25,4.0819043146390245e-06,1.8367323923518944e-06,4.550473881875403e-06,1.4016725167437221e-06,3.1562239003145248e-06,6.090264956943627e-07,1.3625334489180846e-05,1.563603350161893e-05,1.4234360984875209e-05,0.2995819528599645,0.261057531900043,0.2867641419924837,0.24851485148515526,0.1808357348703193
2023-05-26,6.8439240082514185e-06,1.4016725167437221e-06,3.6166199618657356e-06,7.44788699458977e-08,5.793547735350289e-06,3.569352169710171e-07,1.7655764222211165e-05,1.8087178309128078e-05,1.801269943918218e-05,0.3876311397295213,0.3783853894334357,0.37994993650780357,0.39311449159327566,0.35605511240028864
2023-05-30,4.2529453338372095e-06,3.0645889612906275e-06,5.633043257146917e-06,3.7147764627975416e-06,5.3276562316263554e-06,3.7798481657235626e-07,1.827823378390111e-05,2.237099506327101e-05,1.8656218600473466e-05,0.23267813422887004,0.1901097971640855,0.22796395265915656,0.19404069767441506,0.13692307692307543
2023-05-31,1.1729669248014592e-05,3.7147764627975416e-06,3.1847401769688945e-06,2.2202702870844145e-06,3.2499221796085624e-06,1.2199693775926805e-06,2.187910806738959e-05,2.5319347732066685e-05,2.309907744498227e-05,0.5361127707713756,0.4632690135677978,0.5077981696867545,0.38643880926130264,0.3121104185218159
2023-06-01,4.359517247674722e-06,2.2202702870844145e-06,4.388014877551685e-06,1.674012912179771e-06,3.972137803360152e-06,4.425677749792986e-07,1.4939940215670974e-05,1.7056520902830043e-05,1.5382507990650273e-05,0.2918028576246836,0.25559240788380144,0.2834074424225558,0.4371894960965135,0.37198067632849613
2023-06-02,6.919386310211774e-06,1.674012912179771e-06,2.659982662280375e-06,1.709823925374181e-08,4.299578814435164e-06,3.594416741030307e-07,1.5552960699107085e-05,1.5929500612463856e-05,1.5912402373210115e-05,0.4448919047682686,0.43437559522724645,0.43484234171083747,0.4612037708484436,0.42147117296223247
2023-06-06,3.7454927716816846e-06,1.113985409052156e-06,4.4743261401597725e-06,1.1520600125085261e-06,2.8851754225869688e-06,5.730810728660725e-07,1.2218979743480583e-05,1.3944120828855182e-05,1.2792060816346656e-05,0.306530729268136,0.2686073089621378,0.29279823051618176,0.2438192668371765,0.19710544452102552
2023-06-07,4.357369886490234e-06,1.1520600125085261e-06,3.3817564663325403e-06,1.5597990138307574e-06,2.720752773711788e-06,4.501410108929776e-07,1.1611939139043089e-05,1.3621879163766824e-05,1.2062080149936066e-05,0.37524911509735265,0.31988023341746497,0.36124531028865114,0.3894652833200337,0.31342324983943737
2023-06-08,2.6884884168781492e-06,1.5597990138307574e-06,2.1325084133021704e-06,8.263229383914347e-07,3.9919565336161706e-06,2.3888707787925294e-07,1.0372752377627248e-05,1.1437962393897936e-05,1.0611639455506501e-05,0.25918756362842404,0.2350495940004521,0.253352785698261,0.34453781512605025,0.30227882037533066
2023-06-09,2.5930515163293896e-06,8.263229383914347e-07,2.330351855892635e-06,1.400010302972629e-07,2.18416440846925e-06,2.447138219044374e-07,7.93389071908271e-06,8.31860557128441e-06,8.178604540987147e-06,0.3268322703377479,0.3117170893737924,0.31705305022810304,0.33870967741935026,0.29549718574108375
2023-06-13,6.727250394948473e-06,1.0498998923562535e-06,2.7904118105549335e-06,1.011163777128755e-06,8.251394589698606e-06,7.579620772765488e-07,1.8818956687558267e-05,2.058808254196357e-05,1.9576918764834815e-05,0.35747201646922566,0.3267545863601763,0.3436317265121591,0.2787921348314621,0.23987915407855065
2023-06-14,2.3859152733353375e-06,1.011163777128755e-06,2.1284253961605513e-06,3.2742484798561103e-06,2.5734664677346533e-06,6.867671195437952e-06,8.098970914359298e-06,1.824089058965336e-05,1.496664210979725e-05,0.29459486872648993,0.13080037192310565,0.15941553595201582,0.32031250000001743,0.18044009779951975
2023-06-15,1.010478996415648e-05,3.2742484798561103e-06,2.5243836171239054e-06,1.3446001895101696e-06,1.1845068354624001e-05,3.7635294470715323e-07,2.7748490415760498e-05,2.946944354997782e-05,2.812484336046765e-05,0.3641563851854512,0.3428904229908368,0.3592834219428862,0.4025460930640865,0.36088154269972156
2023-06-16,7.834385162045537e-06,1.3446001895101696e-06,3.353297822232423e-06,1.7853249928008442e-07,3.1706377309310616e-06,4.57803347962367e-07,1.5702920904719194e-05,1.6339256751961645e-05,1.616072425268156e-05,0.4989126041952534,0.47948234616638624,0.4847793353534618,0.3963170536429186,0.347856640899515
2023-06-20,4.2357597465573626e-06,1.2142699180486852e-06,4.976499311569315e-06,1.0481271628030754e-06,2.3850993371554296e-06,4.4119712612774195e-07,1.2811628313330792e-05,1.4300952602261608e-05,1.3252825439458533e-05,0.3306183759756719,0.2961872446096705,0.3196118266181903,0.29528985507246314,0.25290923196276366
2023-06-21,4.1007316140995426e-06,1.0481271628030754e-06,1.6131326341107272e-06,7.038134773994696e-07,2.779250193416325e-06,6.274324527382294e-07,9.54124160442967e-06,1.0872487534567368e-05,1.0168674057167899e-05,0.42979014515214814,0.3771659062438021,0.403271025410529,0.5325077399380876,0.44215938303342456
2023-06-22,5.112226395291206e-06,7.038134773994696e-07,2.814801846833374e-06,1.2433148321639382e-06,4.14670582088395e-06,5.417866975097399e-07,1.2777547540407999e-05,1.4562649070081677e-05,1.3319334237917739e-05,0.40009449224306837,0.35105057951262797,0.38381996456982215,0.37281910009182834,0.2777017783857766
2023-06-23,3.8897968607326865e-06,1.2433148321639382e-06,1.6359657626481313e-05,2.0393902168877104e-08,2.461896362670387e-06,3.7119841908669374e-07,2.3954665682048324e-05,2.4346258003303895e-05,2.4325864101135017e-05,0.16238159665270172,0.15976980364723087,0.1599037487244366,0.12223393045311381,0.11485148514851982
2023-06-27,6.214736537744531e-06,3.3119757422597343e-06,2.2294023266173265e-06,1.0709233050229657e-06,3.506444183602586e-06,1.377428883052407e-07,1.5262558790224176e-05,1.647122498355238e-05,1.5400301678529415e-05,0.4071883766780399,0.377308703144445,0.4035464153542465,0.24360795454545606,0.20453190220632403
2023-06-28,8.280031094106884e-06,1.0709233050229657e-06,2.30813890970037e-06,1.9414845011431104e-06,2.816632709771538e-06,3.052913145612419e-07,1.4475726018601757e-05,1.672250183430611e-05,1.4781017333163e-05,0.5719941841581407,0.4951430818276516,0.5601800544222103,0.36805555555555497,0.2840976771888017
2023-06-29,4.117144950031513e-06,1.9414845011431104e-06,4.286314979307473e-06,1.5649705352364126e-06,1.0841740593289445e-05,3.36205218998278e-07,2.118668502377154e-05,2.308786077800623e-05,2.1522890242769817e-05,0.19432700044448015,0.17832509428303353,0.19129145312696025,0.20898100172711567,0.18539325842696386
2023-06-30,6.406026999550882e-06,1.5649705352364126e-06,3.01069775769328e-06,4.049932256764945e-08,4.429943592617953e-06,3.087010772247676e-07,1.5411638885098527e-05,1.5760839284890946e-05,1.5720339962323296e-05,0.41566163386717114,0.40645214913726,0.4074992662311446,0.2321778940483968,0.21528198908429427
2023-07-04,1.1062558896242543e-06,1.03210054072261e-06,2.4020188278458876e-06,9.539399665802904e-07,1.4846834173896244e-06,4.528584843101821e-07,6.025058675582377e-06,7.431857126472849e-06,6.477917159892559e-06,0.1836091479254058,0.14885322346734645,0.17077339248385856,0.23652694610781214,0.16171954964177723
2023-07-05,3.3025392969853055e-06,9.539399665802904e-07,5.480204535206695e-06,1.110951533245711e-06,2.996505900839807e-06,6.601108101471194e-07,1.2733189699612098e-05,1.4504252043004928e-05,1.3393300509759218e-05,0.25936465056245206,0.22769456068422675,0.24658143782997055,0.3401574803149704,0.27221172022684864
2023-07-06,1.6867802663521667e-05,1.110951533245711e-06,5.484012005058318e-06,7.766396746920985e-07,1.1462772400890858e-05,5.802254680500658e-07,3.492553860271655e-05,3.628240374545871e-05,3.550576407076662e-05,0.48296471116438755,0.46490311892945974,0.4750722341843542,0.3494519664732338,0.3026242322724671
2023-07-07,4.163097208156966e-06,7.766396746920985e-07,3.4534115711172522e-06,2.64417725315351e-08,1.539779781250685e-05,3.745321942906227e-07,2.379094626647317e-05,2.419192023329533e-05,2.4165478460763793e-05,0.17498661724202677,0.1720862654973249,0.17227456161964128,0.4206263498920046,0.3952308472856332
2023-07-12,7.435904445580279e-06,2.0021468699224154e-06,2.353662244648943e-06,1.9677353614463407e-06,1.4715845547679332e-05,5.347642014164179e-07,2.6507559107830968e-05,2.9010058670693726e-05,2.7042323309247385e-05,0.2805201495668281,0.25632159279609146,0.27497284018631263,0.4196525515743691,0.3542621448212628
2023-07-13,4.340244487126721e-06,1.9677353614463407e-06,5.010480746466614e-06,3.5156194140828912e-06,5.904877535971388e-06,3.056478358920739e-07,1.7223338131011063e-05,2.1044605380986027e-05,1.7528985966903136e-05,0.25199786789948686,0.20624024107613667,0.24760385428578882,0.30375180375180755,0.2256162915326913
2023-07-14,6.352795886015736e-06,3.5156194140828912e-06,3.4183976340214586e-06,3.7529777614253554e-08,3.852925172687055e-06,3.812286372935213e-07,1.713973810680714e-05,1.7558496521714915e-05,1.752096674410066e-05,0.37064719696578613,0.36180750886951607,0.3625824978039373,0.21677802524127793,0.19531772575251324
2023-07-18,5.577168037064748e-06,2.8035687931795103e-06,7.984154393659707e-06,1.4420947416789986e-06,6.881152961041858e-06,5.53410244294719e-07,2.3246044184945823e-05,2.524154917091954e-05,2.379945442924054e-05,0.23991901558358608,0.2209518916331067,0.23434016328594973,0.23794212218649077,0.1954569466455321
2023-07-19,6.996141937738768e-06,1.4420947416789986e-06,6.73236280369654e-06,2.006054807265329e-06,3.381629211629712e-06,4.4472471541817533e-07,1.8552228694744018e-05,2.100300821742752e-05,1.8996953410162192e-05,0.3771052013670372,0.3331018997523235,0.3682770487817413,0.36037329504666366,0.273122959738847
2023-07-20,5.996159501825097e-06,2.006054807265329e-06,4.584218543715259e-06,1.349600280396674e-06,3.671243332886736e-06,4.6039483412489577e-07,1.625767618569242e-05,1.8067671300213993e-05,1.6718071019817317e-05,0.36882020734931487,0.33187229290329623,0.35866335863254506,0.4054209919261768,0.35220440881763304
2023-07-21,5.340543468667597e-06,1.349600280396674e-06,2.474049385704541e-06,5.58926193928645e-08,2.1620094343455195e-06,2.889127685377132e-07,1.1326202569114331e-05,1.167100795704491e-05,1.1615115337652045e-05,0.471521097744697,0.4575905944305275,0.45979254733316915,0.3475258918296884,0.29291949563530656
2023-07-25,6.761914159383378e-06,1.1539811878602786e-06,3.412311009197811e-06,1.346402289003519e-06,1.6085725861560353e-06,5.192240693094284e-07,1.2936778942597503e-05,1.480240530091045e-05,1.3456003011906931e-05,0.5226891631515883,0.4568118506366985,0.5025202620272828,0.28753180661577726,0.21828718609143563
2023-07-26,3.207052159663618e-06,1.346402289003519e-06,2.6826289521047834e-06,3.862814093638779e-06,2.9078620308690624e-06,1.1217688499086739e-05,1.0143945431640983e-05,2.5224448024366502e-05,2.1361633930727723e-05,0.31615431897535495,0.12714062787679817,0.15013140708541128,0.24288425047437356,0.1303462321792201
2023-07-27,1.3779866690207117e-05,3.862814093638779e-06,4.6330658377093895e-06,2.5344167735551907e-06,1.4527902505013389e-05,9.501824185480459e-07,3.680364912656867e-05,4.0288248318671904e-05,3.7753831545116716e-05,0.3744157717300752,0.34203191415052736,0.3649925352275795,0.29554509235784127,0.2460796139927652
2023-07-28,6.3653934790032075e-06,2.5344167735551907e-06,1.681353537025338e-05,2.031025309113605e-07,5.074198718935098e-06,8.96538279316974e-07,3.078754434174688e-05,3.188718515197521e-05,3.168408262106385e-05,0.2067522309784203,0.19962230747761414,0.20090193410780463,0.27132936507936195,0.24354407836152642
2023-08-01,6.220814743216268e-06,1.1061246606630919e-06,5.510432743265596e-06,6.295678132328486e-06,2.64923974161125e-06,6.454786211734201e-07,1.5486611888756206e-05,2.2427768642258112e-05,1.6132090509929627e-05,0.4016898459070177,0.27737109484423206,0.38561739654183264,0.27744680851064346,0.1811111111111132
2023-08-02,7.547571032882838e-06,6.295678132328486e-06,4.165915377502347e-06,1.216969532877242e-06,3.0667703349963913e-06,5.24660433284664e-07,2.107593487771006e-05,2.2817564843871967e-05,2.1600595310994724e-05,0.358113226135708,0.33077898910452147,0.3494149547369705,0.34594222833561683,0.28131991051453215
2023-08-03,9.07891541949907e-06,1.216969532877242e-06,4.125774538004502e-06,1.7841969568621046e-06,8.865555880145041e-06,4.0933690116648175e-07,2.3287215370525856e-05,2.548074922855444e-05,2.3696552271692338e-05,0.389866940939193,0.356304884839296,0.38313233568347627,0.3592085235920807,0.28297362110311464
2023-08-04,1.035900324105339e-05,1.7841969568621046e-06,2.4198697370892655e-06,9.491626643962108e-08,8.588056415986144e-06,6.376123524277336e-07,2.3151126350990904e-05,2.3883654969858258e-05,2.378873870341864e-05,0.44745137165259385,0.43372772107647256,0.4354582800795872,0.3453416149068328,0.2885313959522594
2023-08-08,3.419324829664674e-06,1.3759674033630604e-06,2.8254421192707203e-06,1.3126535532905117e-06,4.042540849222441e-06,5.453034221830615e-07,1.1663275201520896e-05,1.352123217699447e-05,1.2208578623703958e-05,0.2931702091037681,0.25288559392408344,0.2800755874255316,0.2124248496993972,0.17607973421926726
2023-08-09,5.2581499835569736e-06,1.3126535532905117e-06,3.2030664399182534e-06,1.25910342459916e-06,2.8157976283550246e-06,4.5382012928607094e-07,1.2589667605120763e-05,1.4302591159005995e-05,1.3043487734406834e-05,0.41765598175270774,0.36763618040260093,0.4031245392815247,0.24921135646687184,0.19983136593591422
2023-08-10,8.990371933075333e-06,1.25910342459916e-06,3.153442574290757e-06,1.3051905461226885e-06,6.8778789415335185e-06,1.0347306284445516e-06,2.028079687349877e-05,2.262071804806601e-05,2.1315527501943322e-05,0.4432948068634912,0.39743972379532744,0.42177571876913145,0.3735909822866312,0.31507469443187075
2023-08-11,5.672381005843612e-06,1.3051905461226885e-06,1.7025691009881319e-06,6.016133946317932e-08,8.829835117495495e-06,2.663444346277376e-07,1.7509975770449925e-05,1.7836481544540842e-05,1.7776320205077663e-05,0.32395139092176245,0.3180212976241237,0.3190975939004149,0.3420168067226963,0.3104500381388277
2023-08-16,4.383821419299054e-06,1.5541227643953402e-06,2.507346916352113e-06,1.4438838554134663e-06,2.4849867893325623e-06,1.8099781913617792e-06,1.0930277889379068e-05,1.4184139936154314e-05,1.2740256080740848e-05,0.401071360094038,0.30906501480044063,0.34409209607065716,0.3558558558558502,0.24248004910987833
2023-08-17,5.349871522919588e-06,1.4438838554134663e-06,2.0575908223559694e-06,2.8450800541541324e-06,3.1977029461374305e-06,9.388987561251651e-07,1.2049049146826455e-05,1.5833027957105752e-05,1.298794790295162e-05,0.44400777669071645,0.33789313941801025,0.41191045443782426,0.37361282367447535,0.2834424695977533
2023-08-18,3.714029700671717e-06,2.8450800541541324e-06,3.236371677786048e-06,1.3429014559247804e-07,2.2606189158407134e-06,4.6382548984983974e-07,1.2056100348452612e-05,1.265421598389493e-05,1.2519925838302452e-05,0.30806227497504274,0.29350136787601677,0.2966494968611806,0.2396274343776489,0.21471927162367385
2023-08-22,5.522464870093092e-06,1.3549372025687706e-06,2.348174636149798e-06,1.2283900278480192e-06,3.454822260676946e-06,2.1631381753235532e-07,1.2680398969488606e-05,1.4125102814868982e-05,1.2896712787020962e-05,0.4355119175178295,0.39096811842528995,0.42820716885707566,0.27883211678831094,0.2279236276849588
2023-08-23,6.918625694052924e-06,1.2283900278480192e-06,2.296422343479809e-05,2.2613394333681053e-06,2.525632103949594e-06,6.689439306931456e-07,3.363687126064863e-05,3.656715462470988e-05,3.4305815191341775e-05,0.20568576787184545,0.18920328270162245,0.20167501210695823,0.4090630740967623,0.34973821989529497
2023-08-24,2.7441460056560868e-06,2.2613394333681053e-06,1.6543651406664863e-06,2.275310977951367e-06,3.916528748262565e-06,1.0398934510239633e-06,1.0576379327953244e-05,1.3891583756928573e-05,1.1616272778977207e-05,0.2594598700146223,0.19754018358687253,0.23623291720751965,0.27879269261317996,0.19909245604083603
2023-08-25,2.4104846759150805e-05,2.275310977951367e-06,3.809513213301147e-06,2.5094965512835643e-07,2.140745929262715e-06,4.506113670834326e-07,3.233041687966603e-05,3.3031977901877824e-05,3.2781028246749466e-05,0.7455779753434408,0.7297427611133294,0.7353291842375633,0.44633431085043346,0.3876719307182779
2023-08-29,2.3388182803266157e-05,1.7223503277937748e-06,2.606981340478994e-06,1.567442095619613e-06,2.978374149782512e-06,1.6782888830374847e-06,3.069588862132144e-05,3.394161959997854e-05,3.237417750435893e-05,0.7619320975454891,0.6890709129060224,0.7224332664549431,0.5240730492529094,0.404700854700857
2023-08-30,5.317681120831388e-06,1.567442095619613e-06,4.5158628850157575e-06,1.5315989340246398e-06,7.508980685245008e-06,1.9888020026591573e-07,1.8909966786711768e-05,2.064044592100232e-05,1.9108846986977683e-05,0.28121049501621437,0.2576340230818597,0.2782837250439698,0.24020694752401814,0.19926425505824436
2023-08-31,7.413975616117311e-06,1.5315989340246398e-06,2.9511662839437594e-06,1.934702595153911e-06,4.915116039298921e-06,6.49995551789736e-07,1.681185687338463e-05,1.9396555020328276e-05,1.7461852425174366e-05,0.44099683169766957,0.3822315668090134,0.4245812778390422,0.2955223880597087,0.24146341463415155
2023-09-01,1.0623505099298338e-05,1.934702595153911e-06,2.4290036579511223e-06,6.346810776570568e-08,1.8567874292886647e-05,3.685270553174197e-07,3.355508564529001e-05,3.398708080837314e-05,3.3923612700607433e-05,0.3165989564621932,0.3125748033258892,0.3131596034023851,0.5065392354124786,0.46728538283063326
2023-09-05,5.193699506470087e-06,1.1796589830303853e-06,3.841656905050928e-06,1.7524322451263533e-06,3.928766325583899e-06,4.554495909347748e-07,1.4143781720135299e-05,1.6351663556196426e-05,1.4599231311070074e-05,0.3672072723715934,0.31762514490471805,0.3557515732031652,0.2787958115183208,0.2338090010976951
2023-09-06,1.0533259705946053e-05,1.7524322451263533e-06,3.517429115867108e-06,1.3633675069893538e-06,2.109169899653805e-06,5.089438502197566e-07,1.791229096659332e-05,1.9784602323802426e-05,1.8421234816813074e-05,0.5880464830317202,0.5323968373765955,0.5717998717617094,0.3502304147465525,0.296643247462927
2023-09-07,3.301061849026875e-06,1.3633675069893538e-06,2.609223871788201e-06,1.716039262862568e-06,4.02268889469455e-06,6.336307333299557e-07,1.129634212249898e-05,1.3646012118691502e-05,1.1929972855828935e-05,0.29222396181257065,0.2419067065392149,0.2767032154154475,0.2615384615384638,0.18293620292083437
2023-09-08,4.5482084435338435e-06,1.716039262862568e-06,1.5373206611642397e-06,6.881135121267926e-08,1.4570922015107483e-06,3.3160190992343386e-07,9.258660569071399e-06,9.659073830207512e-06,9.590262478994833e-06,0.4912382746514281,0.4708741773263919,0.47425275934789085,0.38962181178539085,0.3431448489542886
2023-09-12,2.895599233125225e-06,3.4870682534782064e-06,1.8394753339081897e-06,4.494564821171082e-06,2.4501337029186633e-06,3.339480916013853e-07,1.0672276523430283e-05,1.5500789436202753e-05,1.1006224615031669e-05,0.27131973452600544,0.18680333960039672,0.26308741956534143,0.2698145025295004,0.19312009656003815
2023-09-13,9.587668693655112e-06,4.494564821171082e-06,2.7335460798228943e-06,1.1740169200599954e-06,3.409077258911358e-06,3.1668564868362563e-07,2.0224856853560444e-05,2.1715559422304065e-05,2.054154250224407e-05,0.47405372325131045,0.44151147604365243,0.46674531343533243,0.208393632416781,0.1644774414620159
2023-09-15,7.886125596884642e-06,2.868276598145164e-06,1.9261560327802453e-06,1.0481316425743983e-07,2.0379370664964744e-06,3.2299519303725177e-07,1.4718495294306525e-05,1.5146303651601217e-05,1.5041490487343777e-05,0.5357969982118477,0.520663376245659,0.5242914991383462,0.3738959764475013,0.3182957393483717
2023-09-19,2.397191237197403e-06,2.130669338674756e-06,1.5011329761615356e-06,7.808797027462066e-07,3.6581862071327055e-06,3.276356325758384e-07,9.6871797591664e-06,1.0795695094488445e-05,1.0014815391742239e-05,0.24746017899885508,0.2220506615105541,0.2393644958422317,0.2398331595411858,0.19541206457094315
2023-09-20,4.0029731692161425e-06,7.808797027462066e-07,1.689612221157448e-06,3.521323572859094e-06,1.7944455436982604e-06,4.711732415719758e-06,8.267910636818057e-06,1.650096662539691e-05,1.2979643052537816e-05,0.4841577691213055,0.2425902227482298,0.3084039486304263,0.44469273743016374,0.19348565872629656
2023-09-21,7.630072834512538e-06,3.521323572859094e-06,3.434719462451122e-06,1.8109051938284804e-06,4.165691325050446e-06,7.597878537726584e-07,1.8751807194873202e-05,2.1322500242474343e-05,1.9511595048645862e-05,0.40689799949514316,0.35784137637449576,0.39105325912563355,0.23171521035598222,0.1893178212585891
2023-09-22,3.87881504144239e-06,1.8109051938284804e-06,2.0759789563036302e-05,1.5666016616497448e-07,3.5455870123513424e-06,6.476805332465312e-07,2.9995096810658516e-05,3.0799437510070024e-05,3.064277734390505e-05,0.12931496990748448,0.12593785325378729,0.12658170628302723,0.22534142640364918,0.19681908548708324
2023-09-26,4.0426282723936375e-06,1.5267304096115824e-06,3.3782327591549325e-06,1.7588681687149534e-06,2.4276070573770867e-06,5.67697804755935e-07,1.137519849853724e-05,1.3701764472008129e-05,1.1942896303293175e-05,0.35538969037889645,0.2950443558311399,0.33849647269221533,0.3649906890130368,0.2873900293255103
2023-09-27,8.813126173472986e-06,1.7588681687149534e-06,2.1577666561921004e-06,1.4931857298522995e-06,3.002440442068224e-06,1.8334020287032462e-06,1.5732201440448263e-05,1.905878919900381e-05,1.756560346915151e-05,0.5601966264437732,0.46241794698761046,0.5017263533786633,0.463607594936717,0.334665905197039
2023-09-28,8.003506965475504e-06,1.4931857298522995e-06,4.3452289109072565e-06,2.54872463641175e-06,1.0978560848157411e-05,1.167199943329269e-06,2.4820482454392473e-05,2.8536407034133492e-05,2.598768239772174e-05,0.32245573711880554,0.28046652670401717,0.30797309444481846,0.39534883720930336,0.31336405529953343
2023-10-04,7.462756664887909e-06,2.62943633528801e-06,3.986203341568415e-06,2.608414038065814e-06,6.785683396829632e-06,1.0738110950676708e-06,2.0864079738573968e-05,2.4546304871707454e-05,2.193789083364164e-05,0.35768443939996075,0.304027702087642,0.34017657948428714,0.29274965800273867,0.22016460905349972
2023-10-05,8.128357674643337e-06,2.608414038065814e-06,2.1249849479587055e-06,1.0056452525155798e-06,4.183419997760646e-06,5.629297775426949e-07,1.7045176658428503e-05,1.861375168848678e-05,1.76081064359712e-05,0.47687142454015136,0.4366856188197135,0.46162588261268683,0.2833333333333372,0.22826855123674844
2023-10-06,1.7535070096808316e-05,1.0056452525155798e-06,2.6693606791208348e-06,1.5442070177511546e-07,2.897877852437313e-05,1.3142514965709151e-06,5.018885455281786e-05,5.165752675116389e-05,5.150310604938878e-05,0.34938175523322057,0.33944850246654973,0.3404662639180073,0.47702876771146147,0.4386103434662424
2023-10-10,6.364622669793496e-06,2.6472029464053423e-06,4.197848908088746e-06,3.107785800875863e-06,3.7144864573240215e-06,5.620451332323278e-07,1.6924160981611606e-05,2.0593991915719796e-05,1.7486206114843934e-05,0.37606724946121517,0.3090524020714632,0.3639796207360616,0.22335025380711865,0.18458311484007361
2023-10-11,6.678619211568959e-06,3.107785800875863e-06,7.379946728705077e-06,2.9280822642991805e-06,3.6280630516155418e-06,7.294420437993009e-07,2.079441479276544e-05,2.445193910086392e-05,2.152385683656474e-05,0.3211737035221837,0.2731324981638366,0.3102891485611127,0.3605491329479785,0.2674169346195079
2023-10-12,7.327865192706732e-06,2.9280822642991805e-06,2.145637335236554e-06,9.087670608216435e-07,1.40282440510283e-05,7.738705635232395e-07,2.6429828843270765e-05,2.8112466467615647e-05,2.7203699406794003e-05,0.2772573835480006,0.2606624787315662,0.2693701721640341,0.35152696556204743,0.2900804289544182
2023-10-13,6.398640525278305e-06,9.087670608216435e-07,3.0330072778279116e-06,7.805284609254194e-08,4.7019206996509944e-06,5.403998975988625e-07,1.5042335563578854e-05,1.566078830727026e-05,1.5582735461177718e-05,0.4253754676747783,0.4085771673644195,0.41062370218756866,0.3392724573125578,0.2952196382429072
2023-10-17,6.729487704650118e-06,9.919314532575582e-07,2.524185153219575e-06,1.3458355045723945e-06,1.128661411732405e-05,9.114262998261781e-07,2.15322184284513e-05,2.3789480232849874e-05,2.2443644728277478e-05,0.312531090422072,0.2828766176806863,0.2998393436593397,0.40188953488371065,0.31946851530906495
2023-10-18,6.783237890315786e-06,1.3458355045723945e-06,3.357027682338804e-06,1.5535907138882086e-06,3.944660605871364e-06,7.97694468356009e-07,1.5430761683098348e-05,1.7782046865342567e-05,1.6228456151454358e-05,0.43959190282522576,0.38146552765735886,0.4179841771152019,0.3399503722084434,0.2736351531291724
2023-10-19,2.422184324896477e-05,1.5535907138882086e-06,2.771562003223667e-06,1.4343194479785764e-06,2.5706972333454266e-06,2.065839009865359e-06,3.111769319942207e-05,3.461785165726601e-05,3.3183532209287434e-05,0.7783945645885674,0.699692271166134,0.7299356529075449,0.45077720207255295,0.33553719008265087
2023-10-20,8.822431035763857e-06,1.4343194479785764e-06,2.2684298337926846e-06,6.042290962674931e-08,4.478692646153603e-06,5.770250589474141e-07,1.7003872963688722e-05,1.7641320932262884e-05,1.7580898022636136e-05,0.5188483267667257,0.5001003649125376,0.5018191348590163,0.273593073593074,0.24496124031007477
2023-10-24,9.35450901948446e-06,2.0829699604220055e-06,4.88997142645291e-06,1.0113844724252944e-06,3.860591387569364e-06,4.0093424954050087e-07,2.0188041793928738e-05,2.1600360515894535e-05,2.058897604346924e-05,0.46336881580548805,0.43307189306405247,0.4543455196477185,0.26543602800764077,0.220634920634922
2023-10-25,4.185848825922538e-06,1.0113844724252944e-06,2.7784150647664208e-06,1.613015919017745e-06,2.8830875616075713e-06,3.286087453494543e-07,1.0858735924721824e-05,1.2800360589089024e-05,1.1187344670071279e-05,0.3854821458907308,0.32701022731270074,0.3741592799156932,0.2977022977023004,0.21831501831501804
2023-10-26,7.628593468733878e-06,1.613015919017745e-06,2.1972940350244384e-06,2.391500640002535e-06,3.2595121822385196e-06,1.1529360496786886e-06,1.4698415605014581e-05,1.8242852294695806e-05,1.585135165469327e-05,0.5190078763408534,0.4181688995504243,0.481258231784619,0.29601990049751403,0.23626737260092856
2023-10-27,9.511976202038153e-06,2.391500640002535e-06,1.7689291475826205e-06,1.1410523576848132e-07,6.835593662620349e-06,9.764075035071177e-07,2.050799965224366e-05,2.1598512391519255e-05,2.1484407155750775e-05,0.46381784490607325,0.44039959926930294,0.4427385933007727,0.38575393154486703,0.3257812499999969
2023-10-31,9.06783984184554e-06,1.687753597696398e-06,2.8913061229210066e-06,1.5307807877821488e-06,1.305677934022514e-05,4.902433708648553e-07,2.6703678902688084e-05,2.872470306133509e-05,2.719392227355294e-05,0.3395726811608995,0.31568089050331427,0.333450973001579,0.3348082595870193,0.2895408163265313
2023-11-01,6.0550475547700825e-06,1.5307807877821488e-06,2.8231613276706967e-06,3.0373213898465723e-06,3.6973665145990025e-06,5.009652196957741e-06,1.410635618482193e-05,2.2153329771626242e-05,1.911600838177967e-05,0.4292424971719596,0.27332448969027334,0.3167527149936501,0.4378330373001847,0.23827936201063435
2023-11-02,6.328333449295432e-06,3.0373213898465723e-06,4.007070167498404e-06,1.7516251610902547e-06,3.4133477678094566e-06,6.12461916223191e-07,1.6786072774449866e-05,1.915015985176331e-05,1.7398534690673056e-05,0.3769990476228489,0.330458518272511,0.36372795535982133,0.3058568329717977,0.2625698324022341
2023-11-03,8.159602562880406e-06,1.7516251610902547e-06,1.7914158794534845e-06,1.5671785903508533e-07,1.682024504885854e-05,8.471299821499206e-07,2.8522888652282683e-05,2.952673649346769e-05,2.9370018634432605e-05,0.2860720967764741,0.2763462384231182,0.27782081667848557,0.2997737556561058,0.26185770750987974
2023-11-06,2.936211362055105e-06,1.6173184926379741e-06,4.050334829916053e-06,1.2958634076766142e-06,2.0095933455494958e-06,1.8065889399123878e-07,1.0613458030158628e-05,1.2089980331826482e-05,1.0794116924149867e-05,0.27664983021666695,0.2428632041960915,0.27201959944364396,0.264077669902913,0.21003861003861046
2023-11-07,4.288491502650482e-06,1.2958634076766142e-06,2.5874981752792634e-06,1.191770953622493e-06,3.708070983633457e-06,2.6259862844055256e-07,1.1879924069239817e-05,1.3334293651302864e-05,1.214252269768037e-05,0.3609864404566769,0.32161369884271773,0.35317961591866964,0.3088655862726499,0.24564063684610485
2023-11-08,4.2572823962826676e-06,1.191770953622493e-06,2.397988526091721e-06,1.2932825665842633e-06,3.0812490520015216e-06,3.4964514360884916e-07,1.0928290927998402e-05,1.2571218638191514e-05,1.1277936071607252e-05,0.3895652508092975,0.33865311858859826,0.37748772197783437,0.305253623188396,0.2494448556624645
2023-11-09,1.1987443304289628e-05,1.2932825665842633e-06,3.337287808060656e-06,1.1187501456399445e-06,3.6403505519556994e-06,5.533052740896544e-07,2.025836423089025e-05,2.1930419650619845e-05,2.0811669504979902e-05,0.5917280964872277,0.546612581759274,0.5759962362183977,0.43627781523938103,0.3699256718124675
2023-11-10,4.01316166438838e-06,1.1187501456399445e-06,4.11262930581744e-06,,4.769660773896904e-06,3.465716266325806e-07,1.4014201889742667e-05,1.4360773516375248e-05,1.4360773516375248e-05,0.28636391112116844,0.27945302944944206,0.27945302944944206,0.2665952890792366,0.2398843930635925
2023-11-13,3.640970798072142e-06,1.190459616554344e-06,2.374595636060797e-06,8.772223326073003e-07,2.7631467484646167e-06,1.762307356168605e-07,9.969172799151899e-06,1.1022625867376058e-05,1.0145403534768758e-05,0.36522295996132076,0.3303179153388862,0.3588788544087349,0.32142857142856174,0.27296360485267734
2023-11-14,6.649537792169488e-06,8.772223326073003e-07,3.3420180466540547e-06,2.432766866181491e-06,4.1353548338478405e-05,7.710526329872612e-07,5.2222326509909254e-05,5.5426146009078005e-05,5.2993379142896514e-05,0.12733132046324536,0.11997113764829309,0.12547865223387672,0.2505245488879505,0.22259507829977232
2023-11-15,3.469967344291957e-06,2.432766866181491e-06,4.06646809912174e-06,1.7945357871644182e-06,6.224356407162655e-06,1.95210201333821e-07,1.6193558716757842e-05,1.818330470525608e-05,1.6388768918091663e-05,0.2142807152513718,0.19083260169362531,0.21172837091268268,0.2496443812233223,0.2046647230320669
2023-11-16,6.72416265637723e-06,1.7945357871644182e-06,1.7558304282929671e-06,1.5124463184041942e-06,6.86069584476271e-06,3.5811209772997215e-07,1.7135224716597324e-05,1.900578313273149e-05,1.7493336814327297e-05,0.3924175356664071,0.35379561102099355,0.3843842217037772,0.34094052558783217,0.2849710982658966
2023-11-17,3.146932631577952e-06,1.5124463184041942e-06,3.822121775178169e-06,,7.37516881921128e-06,4.3387553506524903e-07,1.5856669544371597e-05,1.6290545079436846e-05,1.6290545079436846e-05,0.19846113477813954,0.19317540427485436,0.19317540427485436,0.28970470869912035,0.255813953488371
2023-11-20,4.343883232433671e-06,3.5020842586605372e-06,4.002227044309435e-06,2.5342278133699355e-06,2.6041125879927444e-06,2.3181441328864736e-07,1.4452307123396386e-05,1.7218349350054968e-05,1.4684121536685034e-05,0.3005667673226716,0.25228221033973874,0.29582179782300483,0.21573604060914256,0.16494178525226935
2023-11-21,4.5701846633609e-06,2.5342278133699355e-06,2.7225747646738273e-06,2.059927385560175e-06,3.0875599412014136e-06,3.273554288465709e-07,1.2914547182606077e-05,1.530182999701282e-05,1.3241902611452647e-05,0.3538788157835097,0.2986691568428795,0.34513051465944494,0.4519083969465723,0.38119768190599684
2023-11-22,4.6221272360655225e-06,2.059927385560175e-06,4.357597297540689e-06,1.0859794632502453e-06,6.889437709942327e-06,1.718063232358853e-07,1.7929089629108715e-05,1.9186875415594844e-05,1.81008959523446e-05,0.25780044228019716,0.2409004663838447,0.25535350560737413,0.25912408759123995,0.20124716553287791
2023-11-23,7.480099654753345e-07,1.0859794632502453e-06,4.546755134356142e-06,1.1099682937631206e-06,1.8387941400756837e-06,1.9528017110060274e-07,8.219538703157405e-06,9.524787168021128e-06,8.414818874258008e-06,0.09100388628719497,0.07853298475652357,0.08889198646492455,0.13327370304114716,0.11144353029169816
2023-11-24,2.2221957504557725e-06,1.1099682937631206e-06,2.5897430688845314e-06,,3.462449825642702e-06,1.2644764849070626e-06,9.384356938746127e-06,1.0648833423653189e-05,1.0648833423653189e-05,0.23679787170933067,0.20867973627231612,0.20867973627231612,0.23076923076923656,0.19190968955786056
2023-11-27,2.4495790518570704e-06,2.2100517868202837e-06,2.4807225051043824e-06,1.512784415002918e-06,3.301176569266828e-06,1.700786592805298e-07,1.0441529913048563e-05,1.2124392987332012e-05,1.0611608572329094e-05,0.23459962977225035,0.2020372528683684,0.23083955982362658,0.30018939393940147,0.24746291959407224
2023-11-28,8.074370291946109e-06,1.512784415002918e-06,2.443763157381797e-06,2.9751084690930595e-06,5.2004281801417175e-06,6.767618420000882e-07,1.723134604447254e-05,2.088321635556569e-05,1.790810788647263e-05,0.4685861610060463,0.3866439993949576,0.45087791201242994,0.34628378378378105,0.2474351237175618
2023-11-29,6.7553406761669876e-06,2.9751084690930595e-06,3.1417933249280005e-06,1.86266805747236e-06,3.559863615768542e-06,3.1906058041461557e-07,1.643210608595659e-05,1.8613834723843563e-05,1.6751166666371204e-05,0.4111061990976507,0.3629204178714272,0.4032758321083789,0.2660550458715669,0.2107813446396211
2023-11-30,8.186723956234746e-06,1.86266805747236e-06,6.489507306050051e-06,1.5403706488490264e-06,6.93366300836333e-06,7.040771478986914e-07,2.3472562328120488e-05,2.5717010124868207e-05,2.417663947601918e-05,0.34877845212607766,0.3183388705173868,0.3386212531462514,0.1911281489594745,0.1538800705467382
2023-12-01,6.6481312865642045e-06,1.5403706488490264e-06,5.037140969160146e-06,,5.6256157654885045e-06,5.742231156447745e-07,1.885125867006188e-05,1.9425481785706654e-05,1.9425481785706654e-05,0.35266246158524445,0.3422376525794035,0.3422376525794035,0.3528767123287695,0.33247289623128745
2023-12-04,3.954762298134794e-06,3.45449034086697e-06,3.994105222783595e-06,1.6965226529121818e-06,6.507472713640115e-06,1.9140484020228353e-07,1.7910830575425473e-05,1.979875806853994e-05,1.8102235415627758e-05,0.22080284225126443,0.1997479985584994,0.21846817298158805,0.2482627921667711,0.20815677966101628
2023-12-05,7.1154101039687495e-06,1.6965226529121818e-06,3.265303470978701e-06,1.6820384320114187e-06,3.1144276817896767e-06,4.7498902609669665e-07,1.5191663909649308e-05,1.734869136775742e-05,1.5666652935746003e-05,0.4683759558062133,0.4101410275355266,0.4541755110776591,0.3799126637554596,0.3180156657963446
2023-12-06,3.898118080116879e-06,1.6820384320114187e-06,3.853197256769642e-06,1.6785451129552612e-06,3.472155289781952e-06,3.9529717484611997e-07,1.2905509058679891e-05,1.4979351346481272e-05,1.330080623352601e-05,0.3020507027187054,0.2602327690933404,0.29307381911115155,0.314990512333965,0.2520880789673468
2023-12-07,5.993425461288651e-06,1.6785451129552612e-06,3.2277721114907243e-06,2.237266510086193e-06,5.66999585949388e-06,3.711889206455971e-07,1.6569738545228517e-05,1.9178193975960306e-05,1.6940927465874114e-05,0.3617091147774652,0.31251250606816033,0.35378378623967527,0.37723214285714923,0.3045045045045073
2023-12-08,6.175677188098443e-06,2.237266510086193e-06,3.1116155052853614e-06,,1.831834522085442e-05,1.972157150645405e-07,2.9842904424324417e-05,3.0040120139388957e-05,3.0040120139388957e-05,0.20693954919028454,0.20558097502415854,0.20558097502415854,0.3153089887640467,0.29578392621871197
2023-12-11,3.7697255469359034e-06,1.6940335213141884e-06,3.0664923000113488e-06,1.1593630136359873e-06,3.83803129666478e-06,8.563169822266682e-08,1.236828266492622e-05,1.3613277376784874e-05,1.2453914363148887e-05,0.3047897310453642,0.27691535569270986,0.30269403153200697,0.25809435707676703,0.2171206225680811
2023-12-12,4.446032058352369e-06,1.1593630136359873e-06,3.0623739268099996e-06,1.189541438868299e-06,8.867588321607234e-06,3.205395610611503e-07,1.753535732040559e-05,1.9045438320335043e-05,1.7855896881466743e-05,0.25354670435934595,0.2334434095751573,0.24899516881546627,0.2042936288088647,0.17363154796939362
2023-12-13,3.057660458677789e-05,1.189541438868299e-06,2.8815876391650946e-06,3.1228522357038148e-06,3.10595271402682e-06,4.258389649544537e-06,3.775368637883811e-05,4.513492826408646e-05,4.201207602838264e-05,0.8098971920240575,0.6774488353647717,0.7278051331269814,0.6107456140350827,0.42600382409177356
2023-12-14,7.393475737657022e-06,3.1228522357038148e-06,4.258410619756883e-06,2.21090214949177e-06,1.844447270215185e-05,7.124810421220413e-07,3.321921129526957e-05,3.614259448688338e-05,3.393169233739161e-05,0.2225662635978915,0.20456405641659764,0.21789292629857,0.1963775023832259,0.16761594792514556
2023-12-15,4.345680576822704e-06,2.21090214949177e-06,1.1087652885659545e-05,,7.403033627497956e-06,9.05719462974072e-07,2.5047269239471974e-05,2.5952988702446047e-05,2.5952988702446047e-05,0.17349917610876114,0.16744432121658218,0.16744432121658218,0.20440771349862694,0.1869017632241851
2023-12-18,3.2767284665803802e-06,1.2195378518839855e-06,2.630578347658514e-06,1.7962059069377276e-06,2.77238999066075e-06,4.0774110820329444e-07,9.89923465678363e-06,1.2103181671924651e-05,1.0306975764986923e-05,0.3310082627786728,0.27073281682462874,0.3179136675290841,0.2265625000000145,0.17247238742567444
2023-12-19,3.357208851527911e-06,1.7962059069377276e-06,2.1215356848998855e-06,1.0641854859140388e-06,6.334407042321393e-06,2.890297222183788e-07,1.3609357485686918e-05,1.4962572693819335e-05,1.3898387207905297e-05,0.24668386109033563,0.22437377048899418,0.24155384371636704,0.15775862068965732,0.1271716469770701
2023-12-20,4.156388264707228e-06,1.0641854859140388e-06,2.8519059382296907e-06,9.221849345303104e-07,2.657675894388652e-06,1.4181861496486742e-06,1.0730155583239611e-05,1.3070526667418595e-05,1.2148341732888286e-05,0.38735582466292123,0.3179969996976493,0.3421362648578573,0.28844483058210946,0.21502590673575514
2023-12-21,5.424172117160699e-06,9.221849345303104e-07,2.3786695564547587e-06,2.1120586258912813e-06,4.243374595456011e-06,6.866571774429723e-07,1.296840120360178e-05,1.5767117006936034e-05,1.3655058381044752e-05,0.41826066544380325,0.3440180037209452,0.39722804295661274,0.22270742358079137,0.15324519230769354
2023-12-22,3.870075860147499e-06,2.1120586258912813e-06,3.7906576345667e-06,,5.903598429468665e-06,3.6815520106984956e-07,1.5676390550074144e-05,1.6044545751143995e-05,1.6044545751143995e-05,0.24687289129379306,0.2412081912553715,0.2412081912553715,0.289855072463763,0.2739726027397231
2023-12-26,1.5113999280535755e-06,3.771687669552435e-06,8.776886461318552e-07,1.0063448501816567e-06,1.5641903133024133e-06,1.0841540987514133e-07,7.72496655704028e-06,8.839726817097077e-06,7.833381966915421e-06,0.19565132313435527,0.17097812628444006,0.19294347376867732,0.2586002372479276,0.2084130019120544
2023-12-27,4.715029447557996e-06,1.0063448501816567e-06,2.165864487899399e-06,2.026771043378141e-06,5.752932604937268e-06,3.761168040559871e-07,1.364017139057632e-05,1.6043059238010448e-05,1.4016288194632307e-05,0.34567230224214784,0.2938984003990203,0.33639643977666417,0.20237087214226412,0.16029510395708607
2023-12-28,5.8294661436170215e-06,2.026771043378141e-06,4.1397639400251355e-06,1.5324850005228207e-06,9.388008946103384e-06,3.681594258631263e-07,2.138401007312368e-05,2.328465449950963e-05,2.1752169498986808e-05,0.27260865121569217,0.250356566112664,0.26799470020167654,0.32735426008968843,0.27012025901942716
2023-12-29,5.718472325186533e-06,1.5324850005228207e-06,2.9336898763452096e-06,,4.957831727741014e-06,5.507674473238686e-07,1.5142478929795577e-05,1.5693246377119444e-05,1.5693246377119444e-05,0.3776443970434986,0.3643906549204499,0.3643906549204499,0.3006681514476576,0.26715039577836236
2024-01-02,3.2994523186704723e-06,1.5841444458807556e-06,5.107573356541416e-06,1.3877237205198268e-06,5.312474516523387e-06,7.497089633852919e-07,1.530364463761603e-05,1.744107732152115e-05,1.605335360100132e-05,0.21559912013119342,0.1891770936993189,0.20553040820484203,0.17133956386291985,0.13945233265719295
2024-01-03,7.222585057123358e-06,1.3877237205198268e-06,3.848514315783795e-06,2.416990873188183e-06,3.5819249194115045e-06,4.710465643353129e-07,1.6040748012838487e-05,1.8928785450361983e-05,1.65117945771738e-05,0.45026485369277286,0.38156621702240473,0.43741975006811123,0.348784194528864,0.27717391304347205
2024-01-04,2.0936901743293676e-06,2.416990873188183e-06,4.857441925278196e-06,1.0415455117342602e-06,2.2363408802997228e-06,2.870789843973515e-07,1.160446385309547e-05,1.2933088349227082e-05,1.1891542837492821e-05,0.18042110353688418,0.1618863273639117,0.17606547804109793,0.1866028708133979,0.15194805194805172
2024-01-05,7.8449994309236e-06,1.0415455117342602e-06,3.319235346827712e-06,,1.2462295339504284e-05,4.0624265896862233e-07,2.4668075628989855e-05,2.5074318287958477e-05,2.5074318287958477e-05,0.31802235200317686,0.31286989902696694,0.31286989902696694,0.3188038520020258,0.301101005265675
2024-01-08,2.844678528281572e-06,1.9892273626404385e-06,3.48981564777679e-06,1.7527066674744705e-06,2.3739760306617345e-06,5.81640599981769e-07,1.0697697569360535e-05,1.3032044836816775e-05,1.1279338169342304e-05,0.2659150260920692,0.21828335951124744,0.25220261025718005,0.276181649675622,0.2151624548736428
2024-01-09,4.261841086842275e-06,1.7527066674744705e-06,3.787792974010986e-06,1.2586677708652582e-06,4.191813274817655e-06,7.511422439708578e-08,1.3994154003145389e-05,1.5327935998407732e-05,1.4069268227542474e-05,0.3045443894560803,0.27804402936474915,0.30291846156569474,0.335174953959476,0.28043143297379564
2024-01-10,2.7616788018758836e-06,1.2586677708652582e-06,4.1040026918178464e-06,1.016031010443597e-06,2.037690675580733e-06,8.484003072450945e-07,1.016203994013972e-05,1.2026471257828413e-05,1.1010440247384815e-05,0.27176421448289567,0.2296333432034953,0.250823649175321,0.3352326685659933,0.2607090103397224
2024-01-11,1.0071084409637343e-05,1.016031010443597e-06,1.855021346139922e-06,1.7380307768361752e-06,1.100351105559845e-05,1.3844950271292239e-06,2.3945647821819313e-05,2.706817362578471e-05,2.5330142848948538e-05,0.420580995952866,0.3720636844165869,0.3975928785595221,0.3108747044917184,0.241284403669721
2024-01-12,3.377963721943878e-06,1.7380307768361752e-06,2.792311166294587e-06,,7.685078718461679e-06,2.3510212535495306e-07,1.5593384383536317e-05,1.582848650889127e-05,1.582848650889127e-05,0.21662800318770908,0.21341040535027708,0.21341040535027708,0.28978102189781135,0.2732278045423295
2024-01-15,1.1785738801320373e-06,1.3041629845219634e-06,2.2920216611108096e-06,2.3906763054923317e-06,2.304566752858554e-06,7.98983647757995e-08,7.079325278623364e-06,9.549899948891495e-06,7.159223643399164e-06,0.16648110289420423,0.1234121704352348,0.16462314055780164,0.16199376947040886,0.11287988422576066
2024-01-16,7.334594366601352e-06,2.3906763054923317e-06,4.049677402337806e-06,1.4954311295353372e-06,5.8707929052267505e-06,2.2572044601631503e-07,1.964574097965824e-05,2.1366892555209892e-05,1.9871461425674555e-05,0.3733427196355587,0.3432691182234151,0.3691019099946431,0.21447721179625215,0.1773835920177429
2024-01-17,5.0938845288764185e-06,1.4954311295353372e-06,3.149675620277192e-06,1.3814156648125008e-06,3.3810786503631857e-06,2.72394425221025e-07,1.3120069929052134e-05,1.477388001908566e-05,1.3392464354273159e-05,0.3882513246058917,0.3447898942116679,0.3803545332753567,0.28114754098359224,0.21667719519897788
2024-01-18,3.7874039994834e-06,1.3814156648125008e-06,2.779174791358218e-06,2.6355482089781977e-06,6.233463414337246e-06,3.942872299817499e-07,1.4181457869991364e-05,1.721129330895131e-05,1.4575745099973113e-05,0.26706732369862524,0.22005342256956564,0.2598429084418049,0.18966908797417684,0.14190821256038985
2024-01-19,3.20437527888423e-06,2.6355482089781977e-06,2.746849760965083e-06,,2.7654421479682547e-06,1.285873605740131e-07,1.1352215396795766e-05,1.1480802757369779e-05,1.1480802757369779e-05,0.28226871732795744,0.27910724943229875,0.27910724943229875,0.27366255144033536,0.25381679389313355
2024-01-22,3.150122134943509e-06,2.860325489607534e-06,2.7812401505944057e-06,1.3806118832603552e-06,2.8402742739237444e-06,1.2715392752370343e-07,1.1631962049069194e-05,1.3139727859853253e-05,1.1759115976592898e-05,0.27081606023599314,0.23974028751145612,0.26788766614888254,0.2228506787330358,0.15684713375796513
2024-01-23,4.765782449539982e-06,1.3806118832603552e-06,2.8600940810544638e-06,1.6564324180666088e-06,2.767580620236119e-06,3.7589151814873926e-07,1.177406903409092e-05,1.3806392970306267e-05,1.2149960552239658e-05,0.4047693652670986,0.3451866435925634,0.3922467426169119,0.253453038674029,0.20287451630734893
2024-01-24,4.954788490235124e-06,1.6564324180666088e-06,4.887675944303894e-06,1.0211595780292514e-06,8.197525344671925e-06,2.751030563097461e-07,1.969642219727755e-05,2.0992684831616547e-05,1.9971525253587297e-05,0.2515577926086483,0.2360245261612675,0.24809264326695035,0.19174247725681864,0.15958066394874457
2024-01-25,7.146174430423303e-06,1.0211595780292514e-06,2.127055239022691e-06,1.383523471084196e-06,9.416739105364777e-06,2.022182242225081e-07,1.9711128352840022e-05,2.1296870048146726e-05,1.991334657706253e-05,0.36254517257981667,0.33555045479770723,0.358863559310253,0.30828814872192883,0.25529185375241153
2024-01-26,2.2770752123444308e-06,1.383523471084196e-06,4.917200432076942e-06,,5.4097748576635606e-06,2.643544866255114e-07,1.398757397316913e-05,1.4251928459794642e-05,1.4251928459794642e-05,0.16279271993215558,0.15977312956405632,0.15977312956405632,0.1743679163034057,0.16012810248199
2024-01-29,2.0278575929310777e-06,1.2450909820950014e-06,2.3016264401404104e-06,1.6257433521255962e-06,3.1628607756488966e-06,9.367175363669598e-07,8.737435790815387e-06,1.1299896679307943e-05,9.674153327182347e-06,0.2320884114607995,0.17945806501438497,0.20961602781643146,0.23025689819220596,0.16406779661017754
2024-01-30,2.5946645445696153e-06,1.6257433521255962e-06,2.279939641448609e-06,1.4009772732604182e-06,3.482182761033602e-06,1.8136805328753933e-07,9.982530299177423e-06,1.156487562572538e-05,1.0163898352464962e-05,0.2599205278428677,0.2243573237223527,0.2552824176897001,0.26305792972460795,0.19090282563750222
2024-01-31,1.25166201653906e-05,1.4009772732604182e-06,4.797943304943445e-06,2.3016023788371295e-06,3.6563825506127477e-06,2.7294370450939886e-06,2.2371923294207212e-05,2.740296271813833e-05,2.51013603393012e-05,0.5594789505036227,0.4567615660443062,0.4986431012582744,0.36368312757201365,0.27046671767406105
2024-02-01,5.2791623556416555e-06,2.3016023788371295e-06,3.4937532154433296e-06,1.1867009076420641e-06,4.8042582809184516e-06,2.898288322029615e-07,1.5878776230840567e-05,1.7355305970685592e-05,1.6168605063043527e-05,0.33246657543974945,0.3041814626926517,0.32650697664130607,0.45983017635532775,0.3943977591036494
2024-02-02,3.6681852904142547e-06,1.1867009076420641e-06,3.1611042987643365e-06,,3.940134956580596e-05,2.6997290763150296e-07,4.7417340062626614e-05,4.768731297025812e-05,4.768731297025812e-05,0.07735957532770683,0.07692161839150065,0.07692161839150065,0.18478906714200624,0.1747191011235943
2024-02-05,2.681487624221446e-06,2.932046684694908e-06,2.8356112982839938e-06,1.054015457328707e-06,2.2175319463700077e-06,2.0157032885860815e-07,1.0666677553570356e-05,1.1922263339757671e-05,1.0868247882428964e-05,0.25138920819106386,0.22491430928885597,0.24672676343320166,0.22392344497607586,0.18252730109204357
2024-02-06,2.3941259245832695e-06,1.054015457328707e-06,2.4361475692799363e-06,5.94908791176011e-07,3.847050024668875e-06,2.8437989034014247e-07,9.731338975860787e-06,1.061062765737694e-05,1.0015718866200929e-05,0.2460222514622143,0.22563471284554745,0.2390368536264025,0.2029914529914584,0.15873015873016225
2024-02-07,3.6859859296665383e-06,5.94908791176011e-07,1.6930859785561609e-06,8.095215328762216e-07,2.330990703521658e-06,2.3195780005779804e-07,8.304971402920368e-06,9.346450735854388e-06,8.536929202978167e-06,0.44382885272433265,0.3943727981710258,0.4317695323490157,0.3026151930261442,0.23275862068964862
2024-02-08,2.8145325250367655e-06,8.095215328762216e-07,2.103563146673705e-06,6.942757268587552e-07,2.2852600643361047e-06,1.6521904082102454e-07,8.012877268922796e-06,8.872372036602576e-06,8.178096309743821e-06,0.3512511711557932,0.31722435820156514,0.3441549742674687,0.3020329138431778,0.2653061224489757
2024-02-09,1.3593006909235014e-06,6.942757268587552e-07,2.2862320767135923e-06,,5.450890510214602e-06,1.4503202579515886e-07,9.790699004710452e-06,9.93573103050561e-06,9.93573103050561e-06,0.1388359186886985,0.13680932854865427,0.13680932854865427,0.15191545574636808,0.13593380614657166
2024-02-12,1.6079086889188809e-06,1.0523227356213404e-06,3.0808182989774666e-06,6.59076004402744e-07,1.5143272383439246e-06,1.4631323960470806e-07,7.2553769618616136e-06,8.060766205869065e-06,7.4016902014663214e-06,0.22161614722032544,0.1994734306706673,0.21723534019302024,0.2475328947368306,0.21197183098590602
2024-02-13,3.903810530630379e-06,6.59076004402744e-07,1.9130950401413204e-06,1.3969425332796106e-06,3.495010550290657e-05,1.6924197539309022e-07,4.142608707808101e-05,4.2992271586753715e-05,4.15953290534741e-05,0.09423556039150817,0.0908026114124469,0.0938521372342486,0.16416978776528857,0.14490358126721356
2024-02-14,2.0290120357345153e-06,1.3969425332796106e-06,2.755745332384759e-06,7.493678417060279e-07,1.9205102577239797e-06,8.95108906564188e-08,8.102210159122865e-06,8.941088891485311e-06,8.191721049779283e-06,0.2504269817600206,0.2269312004790338,0.24769056751379306,0.25876662636033537,0.2201646090534922
2024-02-15,1.8496794529621607e-06,7.493678417060279e-07,1.4024805653680234e-06,6.84139719056366e-07,5.367350532646424e-06,9.843706497288754e-08,9.368878392682635e-06,1.0151455176711889e-05,9.467315457655523e-06,0.19742805653308657,0.18220830617520214,0.1953752847082391,0.28516377649326186,0.22945736434109254
2024-02-16,2.3541734187851315e-06,6.84139719056366e-07,1.299958043731585e-06,,8.108453211915661e-06,2.1599425961523855e-07,1.2446724393488745e-05,1.2662718653103984e-05,1.2662718653103984e-05,0.1891399973487539,0.18591374279709344,0.18591374279709344,0.32581453634085233,0.31275060144346034
2024-02-19,6.339241673927247e-07,1.7226409579442059e-06,1.1293142490790723e-06,1.6848232120277264e-06,9.178308975222928e-07,7.813895236532909e-08,4.403710271938295e-06,6.16667243633135e-06,4.481849224303624e-06,0.14395228755903205,0.10279841745086368,0.14144254651744156,0.27158948685857587,0.20966183574879116
2024-02-20,2.129072314288002e-06,1.6848232120277264e-06,2.523390070005284e-06,1.0336902931955481e-06,3.0446652481358213e-06,2.2294726729876486e-07,9.381950844456833e-06,1.0638588404951145e-05,9.604898111755597e-06,0.22693279357202437,0.200127332052544,0.22166526802425884,0.1802010827532872,0.1530880420499349
2024-02-21,2.8591937922027484e-06,1.0336902931955481e-06,1.503999612647038e-06,1.2169936846027039e-06,1.3599700935652648e-06,4.3249577002485724e-07,6.7568537916106e-06,8.406343246238162e-06,7.189349561635457e-06,0.42315460425572055,0.3401233697520307,0.3976985355476761,0.2832369942196406,0.20536462699077013
2024-02-22,2.2267829426422184e-06,1.2169936846027039e-06,8.455182761619208e-06,1.8897503578995017e-06,3.431399272379419e-06,1.5201966399225543e-07,1.5330358661243548e-05,1.7372128683135303e-05,1.5482378325235802e-05,0.14525315368333264,0.12818135205295583,0.14382692993702592,0.14285714285713885,0.12506917542888504
2024-02-23,1.7509001359799468e-06,1.8897503578995017e-06,1.4199881796821423e-06,,2.303854818864223e-06,1.493720950811722e-07,7.364493492425814e-06,7.513865587506986e-06,7.513865587506986e-06,0.23774888765679555,0.2330225521855356,0.2330225521855356,0.2500000000000078,0.2280927835051613
2024-02-26,1.517928632804642e-06,1.4034711801010087e-06,1.8133004050619672e-06,6.828297494107197e-07,1.872179519193848e-06,1.8374738746668862e-07,6.606879737161466e-06,7.473456874038874e-06,6.790627124628155e-06,0.22974969928191763,0.20310930515670575,0.22353290866162254,0.2028639618138453,0.16966067864271567
2024-02-27,2.2696918151937394e-06,6.828297494107197e-07,1.7546395253746257e-06,7.884044490995258e-07,1.92989909210097e-06,1.6970684969633573e-07,6.637060182080055e-06,7.595171480875916e-06,6.8067670317763905e-06,0.34197246264571585,0.2988335182304516,0.33344637837581587,0.2883720930232289,0.2179261862917205
2024-02-28,1.4397608454773597e-06,7.884044490995258e-07,2.2048609761072566e-06,1.3184551595364455e-06,2.4679512934152614e-06,1.820483399278359e-07,6.9009775640994036e-06,8.401481063563686e-06,7.0830259040272395e-06,0.20863143404020795,0.17136988521243554,0.20326917690061616,0.19490695396671381,0.16192026037430207
2024-02-29,3.1812864156805803e-06,1.3184551595364455e-06,3.399474118436697e-06,8.804991954696733e-07,2.922175692166353e-06,1.0585438046927988e-07,1.0821391385820075e-05,1.1807744961759027e-05,1.0927245766289354e-05,0.293981273041211,0.26942370672669547,0.2911334185870401,0.45906656465187795,0.3710575139146567
2024-03-01,3.49920147638853e-06,8.804991954696733e-07,2.2076839663746115e-06,,2.3720348158145925e-06,1.9151479663505817e-07,8.959419454047407e-06,9.150934250682464e-06,9.150934250682464e-06,0.39056118472137946,0.38238734762273746,0.38238734762273746,0.3668085106383032,0.3434262948207244
2024-03-04,1.0965244705730667e-06,7.072669027610213e-07,2.0069747404335427e-06,1.17253975695944e-06,2.1370125742335546e-06,1.5109352455393775e-07,5.947778688001186e-06,7.271411969514563e-06,6.098872212555123e-06,0.18435865355668865,0.15079938740512186,0.17979135032797772,0.16361071932299623,0.13457076566125759
2024-03-05,2.0139622451645546e-06,1.17253975695944e-06,1.012412557389243e-06,7.213228673068339e-07,1.241534666214387e-06,1.5456520955548407e-07,5.440449225727625e-06,6.316337302589942e-06,5.595014435283109e-06,0.3701830789341114,0.3188496985964876,0.35995657713841944,0.4326647564469774,0.3116615067079336
2024-03-06,2.9539442704841277e-06,7.213228673068339e-07,1.059160428669042e-06,1.2765333367162216e-06,9.869695816167382e-07,3.1815573450370293e-07,5.721397148076742e-06,7.316086219296667e-06,6.039552882580445e-06,0.5162977143576025,0.4037601774966651,0.489099827075615,0.35137895812053555,0.2871452420701182
2024-03-07,4.490857174868954e-06,1.2765333367162216e-06,1.0501931490640837e-06,5.824588559977936e-07,6.022357642512823e-06,1.9513107699301252e-07,1.2839941303162082e-05,1.3617531236152887e-05,1.3035072380155094e-05,0.3497568305676751,0.32978497328108014,0.34452107697583195,0.3268921095007988,0.2815533980582515
2024-03-08,3.4408073541527657e-06,5.824588559977936e-07,1.6644469044517083e-06,,8.079293310180899e-06,3.595174119864271e-07,1.3767006424783168e-05,1.4126523836769595e-05,1.4126523836769595e-05,0.24993141195595533,0.243570703869608,0.243570703869608,0.21966205837173222,0.20501792114695144
2024-03-12,2.571135586975272e-06,6.891053230463353e-07,1.0115373767588486e-06,4.801428368232335e-07,2.5588077265031713e-06,1.6430658928839043e-07,6.8305860132836276e-06,7.475035439395252e-06,6.994892602572018e-06,0.37641508092791953,0.3439629962722,0.367573275682584,0.2062868369351645,0.1801029159519717
2024-03-13,1.959777301437004e-06,4.801428368232335e-07,8.95889993962522e-07,1.0455034931314924e-06,1.3722769441887833e-06,1.364073150744886e-07,4.708087076411543e-06,5.889997884617523e-06,4.844494391486031e-06,0.4162576582867127,0.33272971227293835,0.40453701523139746,0.41087231352717324,0.30747398297067025
2024-03-14,2.917407005602837e-06,1.0455034931314924e-06,8.084116811587638e-07,1.1165154630809273e-06,2.2865643808870335e-06,6.075916286207784e-07,7.057886560780126e-06,8.781993652481832e-06,7.665478189400905e-06,0.4133541932813905,0.3322032696730957,0.38059034720583385,0.509109311740883,0.39204988308650884
2024-03-15,2.0624843303090182e-06,1.1165154630809273e-06,7.117423011849541e-07,4.031921481634808e-08,1.1987882222152587e-06,2.3701336749538758e-07,5.0895303167901585e-06,5.366862899101894e-06,5.326543684285546e-06,0.4052406021642045,0.3842997984267793,0.3872087515951089,0.21236133122026765,0.18059299191373318
2024-03-19,1.04013327429858e-06,5.938586331552222e-07,1.3967463970271988e-06,5.734088617085818e-07,1.4626598347556082e-06,1.0015463789174499e-07,4.4933981392366095e-06,5.166961638836936e-06,4.593552777128355e-06,0.23148032782051445,0.20130462484577497,0.22643329134640225,0.22035928143713715,0.18199802176064217
2024-03-20,9.658234841588894e-07,5.734088617085818e-07,1.3272877645374647e-06,1.3608938471498314e-06,1.6201497889016566e-06,1.0445353976317812e-05,4.486669899306592e-06,1.6292917722774235e-05,1.4932023875624404e-05,0.21526510883008262,0.05927873083216161,0.06468135144998903,0.36588380716932967,0.17422012948792473
2024-03-21,3.7019368673533174e-06,1.3608938471498314e-06,3.0422533707655184e-06,1.1262931078859124e-06,1.9893899185842893e-06,2.0944901548412993e-07,1.0094474003852957e-05,1.1430216127223e-05,1.0303923019337087e-05,0.36672905056175553,0.3238728669824997,0.3592745074284809,0.3250289687137819,0.2641242937853039
2024-03-22,1.9940205583607104e-06,1.1262931078859124e-06,1.9544419601431626e-06,5.2308859193361224e-08,1.0404231120727692e-06,1.3618525364498792e-07,6.115178738462555e-06,6.3036728513009036e-06,6.2513639921075425e-06,0.32607723234955455,0.3163267836701265,0.3189736769252593,0.23893805309734129,0.21791767554478986
2024-03-26,2.15869542132449e-06,6.884658608592787e-07,9.528303599286612e-07,6.248880843511796e-07,1.8532860662803636e-06,2.093170927424288e-07,5.653277708392793e-06,6.487482885486401e-06,5.862594801135222e-06,0.38184846608892303,0.33274776356695407,0.36821501307006316,0.4124700239808168,0.3336566440349196
2024-03-27,1.3616504586968234e-06,6.248880843511796e-07,1.3045170835564335e-06,2.344925758521309e-06,1.1534574364300666e-06,6.573248550530704e-08,4.444513063034503e-06,6.855171307061119e-06,4.51024554853981e-06,0.3063666231564978,0.19863113519778353,0.30190162465492754,0.22874806800617176,0.15562565720293434
2024-03-28,3.0797192908096536e-06,2.344925758521309e-06,1.4943120187621427e-06,8.904887071820353e-07,2.7103167251164955e-06,3.4942687162667844e-07,9.629273793209601e-06,1.0869189372018316e-05,9.97870066483628e-06,0.31982882166892157,0.2833439721584109,0.308629288947629,0.21930567315834643,0.17005909389363622
2024-03-29,8.572345908641072e-07,8.904887071820353e-07,9.665080211295738e-07,1.679398399071518e-07,2.3632927358840185e-06,8.845885149918763e-08,5.077524055059735e-06,5.333922746466075e-06,5.165982906558923e-06,0.1688292525192226,0.16071372451579982,0.16593833281479317,0.19805589307411722,0.17414529914529653
2024-04-02,3.7075130149853022e-06,1.4828690094775453e-06,2.98317054347705e-06,8.406644046814481e-07,1.4913086415149002e-06,2.010908999873371e-07,9.664861209454798e-06,1.0706616514123583e-05,9.865952109442136e-06,0.38360747605546275,0.3462824142523974,0.37578866934059557,0.34938409854423014,0.2803234501347754
2024-04-03,5.0646852490920515e-06,8.406644046814481e-07,7.962835024407108e-07,7.578724350909886e-07,1.7689359050513713e-06,2.7129931094250567e-07,8.470569061265581e-06,9.499740807299077e-06,8.741868372208087e-06,0.5979155842376593,0.5331393089378424,0.5793595869269277,0.5442684063373829,0.4605678233438611
2024-04-04,1.6840743170802521e-06,7.578724350909886e-07,1.6880103013057604e-06,1.4806077150712448e-06,1.108461951121409e-06,1.4654411038224784e-06,5.238419004598411e-06,8.184467823492134e-06,6.703860108420889e-06,0.3214852259053602,0.2057646695422763,0.25120964486786407,0.2526881720430133,0.15422477440525406
2024-04-05,6.101591144585021e-06,1.4806077150712448e-06,1.1565714804909362e-06,1.7627489936225887e-08,1.2901557963968029e-05,3.6430601438073046e-07,2.164032830411523e-05,2.2022261808432186e-05,2.200463431849596e-05,0.28195464776866225,0.27706469016042484,0.27728664136246695,0.3651994497936773,0.33908045977011464
2024-04-09,1.94741095866291e-06,1.1849752157343732e-06,9.91073011903016e-07,5.790898378855114e-07,1.7556494591355597e-06,3.6724912013028134e-07,5.8791086454358595e-06,6.825447603451652e-06,6.246357765566141e-06,0.33124255326949054,0.2853162271259833,0.3117674382018696,0.40047114252061555,0.32850241545893427
2024-04-10,9.5445907128921e-06,5.790898378855114e-07,9.981910191411576e-07,1.1294786009327593e-06,4.313145939692459e-05,1.1279135386395397e-06,5.4253330966843365e-05,5.651072310641567e-05,5.538124450548291e-05,0.1759263540652504,0.16889875386868836,0.17234337722308057,0.3220443349753637,0.27239583333332695
2024-04-11,7.474695224117257e-06,1.1294786009327593e-06,3.0381097596264475e-06,8.912430348857749e-07,7.356001954450769e-06,4.572248242789763e-07,1.899828553912723e-05,2.0346753398291983e-05,1.945551036340621e-05,0.393440513814945,0.3673654994385848,0.38419425060040474,0.458466453674115,0.38575268817203334
2024-04-12,3.904681450805357e-06,8.912430348857749e-07,4.126897230066706e-06,9.466205555697822e-08,3.945032458870025e-06,4.943936011965024e-07,1.2867854174627863e-05,1.3456909831381343e-05,1.3362247775824365e-05,0.3034446456895972,0.2901618201899287,0.29221741104590937,0.21369450714822785,0.18501628664495107
2024-04-16,7.1962307388651215e-06,1.4650558958071508e-06,2.955063023703192e-06,1.414139899077488e-06,3.580275978184816e-06,3.5479288296645717e-06,1.519662563656028e-05,2.015869436530234e-05,1.874455446622485e-05,0.47354135786251894,0.3569790090796484,0.3839104712694961,0.3452098178938992,0.25829383886255775
2024-04-17,4.7823414824740465e-06,1.414139899077488e-06,5.020381131227651e-06,1.4785620949955922e-06,2.4491846572730164e-06,1.5093145704037285e-06,1.3666047170052203e-05,1.6653923835451523e-05,1.5175361740455932e-05,0.34994328813338776,0.28716004286592123,0.3151385492001039,0.31621841890791974,0.25194805194806114
2024-04-18,3.4781054574344576e-06,1.4785620949955922e-06,1.9075220607070382e-06,4.386457045305582e-06,2.44572186522466e-06,4.63597668496758e-07,9.309911478361749e-06,1.4159966192164088e-05,9.773509146858506e-06,0.3735916786661536,0.24562950294042288,0.3558706913936253,0.32480818414321416,0.2100909842845289
2024-04-19,5.244870540613157e-06,4.386457045305582e-06,2.7132240013673762e-06,3.9193070071938265e-08,2.9462361887138347e-06,6.175427611618734e-07,1.5290787775999948e-05,1.5947523607233758e-05,1.590833053716182e-05,0.34300852365797524,0.32888307111419457,0.3296933344678219,0.27654867256637733,0.25150905432596193
2024-04-23,1.1277639535397642e-05,8.155063311150965e-07,8.316590587482056e-06,9.943439495266506e-07,2.054983692452517e-06,1.878982424716989e-07,2.246472014644731e-05,2.364696233844566e-05,2.265261838891901e-05,0.5020155809588907,0.4769170506548425,0.4978514775543268,0.3567944250871068,0.3123856009762034
2024-04-24,3.6513112770302664e-06,9.943439495266506e-07,1.5020612620674514e-06,1.3401213547785794e-06,2.1861158642408285e-06,8.29786521583222e-07,8.333832352865197e-06,1.0503740229226999e-05,9.16361887444842e-06,0.4381311169254484,0.34762010458620957,0.3984573482438779,0.27204030226700054,0.18430034129692394
2024-04-25,6.9985367872260525e-06,1.3401213547785794e-06,1.3906282534129614e-06,8.424169472636295e-07,4.222856507776368e-06,4.878648406684961e-07,1.3952142903193962e-05,1.5282424691126088e-05,1.4440007743862459e-05,0.5016101709812568,0.45794675443680294,0.48466295249742447,0.3864795918367338,0.33333333333332926
2024-04-26,3.915134628127542e-06,8.424169472636295e-07,2.017167757856062e-06,1.3661859853035045e-07,4.151448698263309e-06,3.7456475449332e-07,1.0926168031510542e-05,1.1437351384534212e-05,1.1300732786003862e-05,0.3583264157055321,0.34231130062346915,0.3464496243090093,0.38967136150234577,0.32698621142481676
2024-04-30,5.726122748999196e-06,1.2809966043501165e-06,2.184437772902826e-06,1.070942527143503e-06,6.263466899858927e-06,4.1042564262590766e-07,1.5455024026111064e-05,1.6936392195880473e-05,1.586544966873697e-05,0.37050235181291113,0.3380957811305285,0.36091777217525567,0.33333333333333887,0.27479975354282676
2024-05-01,2.199194563392862e-06,1.070942527143503e-06,1.1021660424514443e-06,5.800003027880742e-06,1.0593933432976561e-06,8.321400533798618e-06,5.431696476285466e-06,1.9553100037964824e-05,1.3753097010084084e-05,0.4048817110813248,0.11247293570445846,0.15990540616272556,0.2721437740693288,0.11984171848502528
2024-05-02,4.68355833932932e-06,5.800003027880742e-06,3.4857757423887217e-06,1.101661263166969e-06,3.261465573937446e-06,4.653478810590061e-07,1.723080268353623e-05,1.8797811827762204e-05,1.7696150564595234e-05,0.27181312590877665,0.2491544432002582,0.2646653757964591,0.3676248108925826,0.3007425742574182
2024-05-03,5.455728764899231e-06,1.101661263166969e-06,1.752910465375808e-06,6.351057877426093e-08,2.2819438010299607e-05,1.8409396524432015e-07,3.112973850374162e-05,3.13773430477602e-05,3.131383246898594e-05,0.1752577768760725,0.1738747846366385,0.17422743671834903,0.29549778059606846,0.27870813397129135
2024-05-07,2.4352821740284664e-06,1.2256558747014962e-06,1.5215598359254725e-06,1.002525422399976e-06,1.1595591087383228e-06,5.512836194706105e-07,6.3420569933937585e-06,7.895866035264345e-06,6.893340612864369e-06,0.38398932342695635,0.3084249610051718,0.3532804065250652,0.36059907834103105,0.27170138888890666
2024-05-08,1.0726280506444553e-06,1.002525422399976e-06,1.0041396148507635e-06,5.864489899855542e-07,1.2167849616086255e-06,1.194587468822894e-07,4.29607804950382e-06,5.001985786371663e-06,4.415536796386109e-06,0.24967610883334385,0.21444044354682532,0.24292132533519964,0.26182965299684413,0.21146496815286198
2024-05-09,1.9007335058505263e-06,5.864489899855542e-07,6.112895904835079e-07,6.219468378888177e-07,4.7353917012993125e-06,1.306058471095342e-07,7.8338637876189e-06,8.586416472617252e-06,7.964469634728435e-06,0.24263040019339593,0.2213651657722535,0.23865161059344484,0.30019305019304715,0.24840255591053712
2024-05-10,2.6266175169621595e-06,6.219468378888177e-07,1.6445786943417427e-06,5.973645714915537e-08,1.276105895926545e-06,1.8059357989643394e-07,6.169248945119265e-06,6.409578982164854e-06,6.349842525015699e-06,0.4257596897658312,0.4097956393502482,0.41365081206571586,0.38402061855668834,0.3409610983981599
2024-05-14,3.7857195681791973e-06,4.620213132700084e-07,8.593598361501248e-07,5.052398010917041e-07,3.276151489819617e-06,1.0103413030442058e-07,8.383252207418948e-06,8.989526138815073e-06,8.484286337723369e-06,0.45158125683358774,0.4211255976923162,0.4462036543187955,0.2703583061889205,0.2239208633093504
2024-05-15,4.341440202522019e-06,5.052398010917041e-07,9.8304877772348e-07,1.6437083000276508e-06,1.1583069553709332e-05,3.4242511535166155e-07,1.7412798335046533e-05,1.9398931750425844e-05,1.7755223450398194e-05,0.24932467022167562,0.22379790074918512,0.24451622445926774,0.39043824701194957,0.317769130998697
2024-05-16,1.740015247419294e-06,1.6437083000276508e-06,1.0276423004891103e-06,8.478526257514081e-07,1.4549543964230464e-06,3.074811647535205e-07,5.8663202443591015e-06,7.02165403486403e-06,6.173801409112622e-06,0.2966110227433367,0.24780703218639685,0.28183855166624017,0.28457446808510317,0.22338204592901864
2024-05-17,2.18145353808677e-06,8.478526257514081e-07,1.6167483313988502e-06,3.4779642010073335e-08,1.0915597057617157e-06,1.584753815357382e-07,5.737614200998744e-06,5.930869224544555e-06,5.896089582534482e-06,0.3802021993230297,0.36781346131507203,0.36998310618426095,0.4029511918274629,0.36113936927772333
2024-05-21,2.1558722871357048e-06,8.178497149087247e-07,1.1180334951910256e-06,8.418076334233568e-07,8.12812085880832e-07,1.5230151363457643e-07,4.904567583116287e-06,5.89867673017422e-06,5.056869096750864e-06,0.4395641920721371,0.36548405443334575,0.4263255081134875,0.2967542503864119,0.23329283110572313
2024-05-22,2.0301050354422075e-06,8.418076334233568e-07,1.2547196074028973e-06,7.728604167652524e-07,1.4982004858739678e-06,8.824693518705234e-07,5.624832762142429e-06,7.280162530778205e-06,6.507302114012953e-06,0.36091829238118817,0.278854356184985,0.31197338003879355,0.21191135734072442,0.1461318051575964
2024-05-23,6.791434932406605e-06,7.728604167652524e-07,3.2626728029685495e-06,7.692750363973938e-07,1.0069390454828815e-06,3.9118101583857994e-07,1.1833907197623288e-05,1.299436324985926e-05,1.2225088213461867e-05,0.5738962473671072,0.5226446884559858,0.5555325911618453,0.4472789115646193,0.38422205989772923
2024-05-24,1.7571607766688622e-06,7.692750363973938e-07,8.901963267241256e-07,5.2777134390415193e-08,1.1067005939130194e-06,1.2799787604238276e-07,4.523332733703401e-06,4.704107744136199e-06,4.651330609745784e-06,0.38846595643434284,0.3735375276765741,0.37777593641422513,0.20901126408010343,0.186800894854594
2024-05-28,2.1007281348235103e-06,1.0810144143950757e-06,6.64580635085556e-07,7.109652330196127e-07,9.372389633498992e-07,2.738328852673035e-07,4.783562147654042e-06,5.768360265940959e-06,5.0573950329213455e-06,0.43915560621570493,0.3641811603250878,0.41537750584020505,0.26297169811320764,0.2012635379061334
2024-05-29,3.306950514490324e-06,7.109652330196127e-07,2.989997257675493e-06,5.648970369438948e-07,2.2744614275411206e-06,2.1456567635841032e-07,9.28237443272655e-06,1.0061837146028857e-05,9.496940109084962e-06,0.35626127112812017,0.3286626951416612,0.34821221114439055,0.3646408839779071,0.291176470588243
2024-05-30,1.8352301599752469e-06,5.648970369438948e-07,2.5501574844726347e-06,1.0946336948620253e-06,1.7926882484910506e-06,2.6584417650477823e-07,6.742972929882827e-06,8.10345080124963e-06,7.008817106387605e-06,0.2721692907652141,0.22647514065146626,0.2618459195208102,0.22800925925925708,0.16029292107404441
2024-05-31,3.3796507662421476e-06,1.0946336948620253e-06,1.3111595712461315e-06,6.423250163894008e-08,2.892532097804721e-06,3.981916691441346e-07,8.677976130155025e-06,9.1404003009381e-06,9.07616779929916e-06,0.3894514937069518,0.36974866033988535,0.37236539043527994,0.2994186046511606,0.26683937823833737
2024-06-04,4.0919498586822986e-06,1.2916657677231356e-06,1.8036732503830143e-06,6.270866035696715e-07,1.318796773845684e-06,1.8992114781625188e-07,8.506085650634134e-06,9.323093402020058e-06,8.696006798450386e-06,0.4810614455048711,0.4389047371117923,0.4705550436565295,0.3727858293075717,0.32651622002821085
2024-06-05,5.9408868101617515e-06,6.270866035696715e-07,7.619870245056355e-07,8.886742911564374e-07,8.749513040898292e-07,3.4783095347559495e-07,8.204911742326888e-06,9.441416986958922e-06,8.552742695802484e-06,0.7240646818312921,0.6292367785860615,0.6946177409355972,0.4468339307049083,0.2982456140350887
2024-06-06,2.4154051282777156e-06,8.886742911564374e-07,1.047500160143613e-06,7.351391380349447e-07,4.4684333633827465e-06,2.285799812301812e-07,8.820012942960512e-06,9.783732062225639e-06,9.048592924190694e-06,0.2738550548506298,0.24687972983269232,0.2669370971281426,0.19534050179211612,0.16653934300993326
2024-06-07,5.175761799616456e-06,7.351391380349447e-07,1.1849250350753484e-06,1.1184652738021582e-07,2.5129574874229484e-05,3.336344048716271e-07,3.222540084695623e-05,3.267088177920807e-05,3.2559035251827856e-05,0.16061124651938408,0.1584212460072118,0.15896545335525228,0.25000000000000794,0.2306163021868879
2024-06-11,2.712947407714e-06,6.056802558588997e-07,2.0585755810259077e-06,8.354537912142268e-07,4.2481368231299225e-06,4.5936190258316654e-07,9.625340067728731e-06,1.0920155761526124e-05,1.0084701970311897e-05,0.28185470732715295,0.24843486365572295,0.2690161212200993,0.23541048466864822,0.19932998324958057
2024-06-12,5.664760206012599e-06,8.354537912142268e-07,1.148680392705483e-06,1.0229007222627423e-06,3.50071437946882e-05,3.4373609894678376e-06,4.265603818462051e-05,4.7116299896351094e-05,4.609339917408835e-05,0.13280089870266032,0.12022930956960193,0.1228974279943553,0.2346594740391066,0.17513839959738078
2024-06-13,4.650965021192111e-06,1.0229007222627423e-06,1.104617985838638e-06,9.008423319887016e-07,7.482051895165057e-06,4.272851018072191e-07,1.4260535624458548e-05,1.5588663058254468e-05,1.4687820726265766e-05,0.32614237947802904,0.2983556064950255,0.31665453356704837,0.5416666666666594,0.47873015873015384
2024-06-14,3.3445291831458917e-06,9.008423319887016e-07,4.529963110561565e-06,1.2530146400869499e-07,4.791456482525495e-06,2.83692930635534e-07,1.3566791108221655e-05,1.3975785502865885e-05,1.385048403885719e-05,0.2465232313571234,0.23930885190389192,0.24147381230597414,0.27715355805242115,0.24882313382648488
2024-06-18,4.1458371315106544e-06,9.858191434361451e-07,1.3814349679338343e-06,3.972473767006876e-07,3.931371401754844e-06,2.9398504100900185e-07,1.0444462644635477e-05,1.1135695062345166e-05,1.0738447685644479e-05,0.3969411613186299,0.37230160383338884,0.38607415642141185,0.3277835587929186,0.2817531305903339
2024-06-19,7.165504508709705e-07,3.972473767006876e-07,2.1119571009614032e-06,9.144447304047327e-07,1.960834144264912e-06,2.9281387019672694e-08,5.186589072797973e-06,6.130315190222379e-06,5.215870459817646e-06,0.13815446737993028,0.11688639631675732,0.1373788817017557,0.18083182640145848,0.14556040756915423
2024-06-20,2.8214823013747524e-06,9.144447304047327e-07,1.2740266407450115e-06,6.264173296643987e-07,2.9522827577508076e-06,5.172175129597854e-07,7.962236430275303e-06,9.105871272899488e-06,8.479453943235089e-06,0.35435801562566716,0.30985308454468596,0.33274339600909464,0.307174887892379,0.22871452420701105
2024-06-21,4.124747858618209e-06,6.264173296643987e-07,7.191382495424958e-06,3.227116601738667e-08,2.7904066673821526e-06,2.7518453750317574e-07,1.4732954351089719e-05,1.5040410054610282e-05,1.5008138888592895e-05,0.2799674634377132,0.27424437522924217,0.2748340676506712,0.1864564007421043,0.17077315208155572
2024-06-25,2.0089232184566373e-06,4.7272477247751717e-07,1.2514019377472882e-06,1.1651115397722265e-06,1.558244112493444e-06,1.935167091379621e-07,5.291294041174886e-06,6.649922290085075e-06,5.484810750312849e-06,0.3796657684914016,0.30209724727940185,0.3662702889688673,0.2663706992230819,0.22408963585433786
2024-06-26,4.323164583305719e-06,1.1651115397722265e-06,1.2991597954590518e-06,7.162010644263747e-07,2.494993806153593e-06,2.6516729773666956e-07,9.28242972469059e-06,1.0263798086853635e-05,9.54759702242726e-06,0.46573631166917584,0.42120514713194096,0.4528013251031255,0.329658213891952,0.25599315068493755
2024-06-27,2.380057085714541e-06,7.162010644263747e-07,1.0120948491159536e-06,1.3803396844943554e-06,4.2524202631530644e-06,1.5158256522429358e-07,8.360773262409934e-06,9.892695512128584e-06,8.512355827634228e-06,0.28466949300195543,0.24058731847114442,0.27960028150937993,0.27473684210526145,0.20551181102361962
2024-06-28,5.360037575527682e-06,1.3803396844943554e-06,1.223856432512378e-06,3.7307430471788335e-08,2.5715770958788675e-06,2.880076372529129e-07,1.0535810788413282e-05,1.0861125856137982e-05,1.0823818425666195e-05,0.50874466931604,0.493506625972716,0.4952076397380786,0.3095467695274771,0.2631147540983603
2024-07-02,3.1815786875185375e-06,5.908005406014781e-07,1.7729307321080226e-06,8.059647767588836e-07,1.5516211969549084e-06,1.9746486929665733e-07,7.0969311571829464e-06,8.100360803238486e-06,7.294396026479603e-06,0.44830344511633,0.3927699968927998,0.4361675286026416,0.27926829268291553,0.2170616113743972
2024-07-03,5.842108374894323e-06,8.059647767588836e-07,1.4846447126093232e-06,8.628301951150471e-07,1.789370961646368e-06,3.4079000963070227e-07,9.9220888259089e-06,1.1125709030654648e-05,1.02628788355396e-05,0.5887982336581395,0.5250998708304856,0.5692465504575118,0.3957597173144913,0.3229992790194734
2024-07-04,5.623865693970903e-07,8.628301951150471e-07,1.5332478780721586e-06,5.791408952694853e-07,9.127908581600146e-07,1.6424160227297874e-08,3.87125550074431e-06,4.466820556241093e-06,3.887679660971608e-06,0.14527239787943796,0.12590310318405723,0.14465867006556266,0.3081861958266704,0.24181360201512972
2024-07-05,2.833311359427043e-06,5.791408952694853e-07,1.2508449153799414e-06,2.859712524863241e-08,6.777465078049875e-06,2.2350340832756716e-07,1.1440762248126344e-05,1.1692862781702543e-05,1.166426565645391e-05,0.2476505758950681,0.2423111783934317,0.24290524949244055,0.24155578300922476,0.20240137221270488
2024-07-09,2.6123573765428686e-06,6.919121411296939e-07,7.374173638972606e-07,4.019187589973568e-07,1.0353532398804073e-06,2.624414604143969e-07,5.07704012145023e-06,5.741400340861984e-06,5.339481581864627e-06,0.5145433784353594,0.45500352204156924,0.4892529989082937,0.3294964028776834,0.2552954292084641
2024-07-10,9.779901044652143e-07,4.019187589973568e-07,9.32761779742827e-07,6.661993287688472e-07,7.86963821673802e-07,2.634764395735369e-07,3.0996344648792003e-06,4.0293102332215845e-06,3.363110904452737e-06,0.3155178830105468,0.24271898857568844,0.290799242799386,0.18052738336715604,0.11803713527852408
2024-07-11,4.67095298663768e-06,6.661993287688472e-07,6.314520070910233e-07,1.4490441331475863e-06,2.0680159764053236e-05,3.966795804204395e-07,2.664876408655079e-05,2.8494487800118812e-05,2.7045443666971227e-05,0.17527840959029825,0.16392479203006427,0.1727075748563888,0.31259968102072766,0.26794258373205365
2024-07-12,1.887615201864361e-06,1.4490441331475863e-06,1.0497191800413017e-06,3.44685443497533e-08,1.4136249753052056e-06,2.1716645954212136e-07,5.800003490358454e-06,6.051638494250329e-06,6.0171699499005755e-06,0.3254507010215095,0.31191803734770135,0.3137048176436418,0.28966346153844175,0.24768756423430596
2024-07-16,1.3119313730917674e-06,7.49327110176515e-07,1.293113689702682e-06,4.775543653095587e-07,2.96605653193169e-06,1.7701643827518346e-07,6.320428704902655e-06,6.974999508487397e-06,6.497445143177838e-06,0.20756999791392686,0.1880905326939978,0.20191495952363123,0.2599502487562081,0.20057581573895453
2024-07-17,2.0742803893733858e-06,4.775543653095587e-07,2.8853535223164487e-06,3.4979035929874867e-07,1.5801097234708223e-06,2.3564132753362028e-07,7.017298000470216e-06,7.602729687302585e-06,7.252939328003836e-06,0.29559531164764447,0.27283363669205124,0.28599169185995,0.24402390438247523,0.2067510548523236
2024-07-18,1.981166530514512e-06,3.4979035929874867e-07,1.0642677343670011e-06,8.96608187702851e-07,1.3176193497360537e-06,5.843294467912634e-07,4.712843973916315e-06,6.19378160841043e-06,5.297173420707579e-06,0.4203760068186996,0.31986380143341187,0.37400446864166936,0.4085470085469964,0.27220956719815825
2024-07-19,1.0630667646137338e-06,8.96608187702851e-07,1.5820570801960418e-06,5.7768381167434356e-08,1.5906972212733482e-06,2.753269976682826e-07,5.132429253785975e-06,5.4655246326216925e-06,5.407756251454258e-06,0.2071274073246221,0.19450406613642943,0.1965818567225276,0.20136518771329676,0.16457461645745314
2024-07-23,1.4858295895878787e-06,6.947780495107325e-07,1.51458082361435e-06,6.848484521044717e-07,1.8075018549436483e-06,7.854553535877441e-08,5.50269031765661e-06,6.266084305119856e-06,5.581235853015384e-06,0.2700187551569571,0.2371225022258072,0.2662187423570582,0.18659658344283792,0.14654282765738008
2024-07-24,2.243692790531563e-06,6.848484521044717e-07,2.4442635316430056e-06,6.864961369468401e-07,1.1241241573536102e-06,2.8137437529110106e-07,6.49692893163265e-06,7.464799443870591e-06,6.778303306923751e-06,0.34534667288837534,0.3005697349811424,0.33101097559911863,0.22838137472283196,0.18761384335154394
2024-07-25,2.9183377167449076e-06,6.864961369468401e-07,2.1500551402182066e-06,6.761942853875674e-07,3.5606343197477864e-06,3.431832199143116e-07,9.31552331365774e-06,1.0334900818959619e-05,9.658706533572052e-06,0.3132768410837697,0.2823769446718974,0.30214581078752656,0.39349112426035604,0.311962470680223
2024-07-26,1.710591689690162e-06,6.761942853875674e-07,1.386283473102057e-06,4.335670495492597e-08,1.4191801693748335e-06,1.5681965451847169e-07,5.19224961755462e-06,5.392425977028018e-06,5.349069272073092e-06,0.32945097321723044,0.31722117224740054,0.31979239801977793,0.23529411764705516,0.2041312272174918
2024-07-30,2.806600546582404e-06,9.585604699608194e-07,1.2691782745710023e-06,8.867855321294927e-07,1.6499810267059023e-06,1.742368416097845e-07,6.684320317820128e-06,7.745342691559404e-06,6.858557159429912e-06,0.4198782244322015,0.36235976358295113,0.40921151217987234,0.2378048780487889,0.17615176151762016
2024-07-31,2.950247161445754e-06,8.867855321294927e-07,4.194848845123754e-06,1.26741919666319e-06,2.809438007990314e-06,1.7495766727187162e-06,1.0841319546689314e-05,1.385831541607122e-05,1.259089621940803e-05,0.2721298960647914,0.21288642038154287,0.2343158985694874,0.3956140350877178,0.2763480392156852
2024-08-01,4.943946101330258e-06,1.26741919666319e-06,2.418421276675964e-06,1.234599709996761e-06,4.276528552318887e-06,5.589752662932947e-07,1.2906315126988299e-05,1.4699890103278355e-05,1.3465290393281594e-05,0.38306410874719843,0.3363253783936564,0.3671622339312491,0.2705382436260551,0.22792362768495575
2024-08-02,4.729459146646711e-06,1.234599709996761e-06,3.1703502794701964e-06,1.0878982386676127e-07,1.3571575719497254e-05,4.780444526858687e-07,2.2705984855610923e-05,2.329281913216355e-05,2.318402930829679e-05,0.20829130190659864,0.2030436556353158,0.20399642718507932,0.2528324388789492,0.23373759647188308
2024-08-06,2.6274848562383745e-06,2.4927525735548835e-06,3.1347315288852535e-06,1.6571532404889936e-06,2.154710872550673e-06,5.714978819652412e-07,1.0409679831229185e-05,1.263833095368342e-05,1.0981177713194426e-05,0.25240784527838056,0.20789808922297595,0.23927168149563066,0.2691960252935814,0.2086834733893535
2024-08-07,2.6922750838826036e-06,1.6571532404889936e-06,1.9261959757652915e-06,1.1664420968512833e-06,1.8224169505814917e-06,2.971116881338887e-07,8.098041250718381e-06,9.561595035703553e-06,8.39515293885227e-06,0.3324600357702266,0.281571753857959,0.32069398895914264,0.2819025522041846,0.2167707404103542
2024-08-08,3.2616605725372312e-06,1.1664420968512833e-06,1.7891058460590985e-06,8.937102646376505e-07,4.9668737204015624e-06,5.322233996679998e-07,1.1184082235849176e-05,1.2610015900154826e-05,1.1716305635517176e-05,0.2916341729035563,0.2586563409882128,0.2783864363054623,0.30434782608694644,0.2573529411764575
2024-08-09,1.7031973173723444e-06,8.937102646376505e-07,9.179789816129489e-07,7.37484864528794e-08,1.0883106921166712e-06,1.4652490565396346e-07,4.603197255739615e-06,4.823470647846457e-06,4.749722161393578e-06,0.37000311365077154,0.3531061846790285,0.3585888309880894,0.3185185185185207,0.2795838751625541
2024-08-13,2.5495269702542773e-06,6.384337424848035e-07,1.2389610311623895e-06,1.5241846021455584e-06,2.5990777347762593e-06,6.314199948884477e-07,7.02599947867773e-06,9.181604075711736e-06,7.657419473566178e-06,0.3628703614327751,0.2776777292105839,0.33294858392639726,0.3836657169990441,0.27785419532323824
2024-08-14,6.362186706127782e-06,1.5241846021455584e-06,1.4339326863792397e-06,7.167906954909604e-07,3.0387411098708805e-06,1.6149513877556642e-07,1.235904510452346e-05,1.3237330938789988e-05,1.2520540243299027e-05,0.5147797950667885,0.4806245862966499,0.5081399510322898,0.29487179487178977,0.2536764705882308
2024-08-15,3.061877366830794e-06,7.167906954909604e-07,1.047441945802953e-06,5.903708627892947e-07,1.3578180892140674e-05,2.440401552907758e-07,1.8404290900265382e-05,1.923870191834545e-05,1.8648331055556156e-05,0.16636758152886202,0.15915197292552674,0.16419042313808166,0.3184357541899353,0.27105978260868613
2024-08-16,1.5000317775061246e-06,5.903708627892947e-07,8.540549805931997e-07,1.3173519412634142e-07,1.0085905523366969e-06,3.365890342977579e-07,3.953048173225316e-06,4.421372401649415e-06,4.289637207523074e-06,0.3794620535277311,0.3392683631323456,0.3496873290066118,0.40511440107670765,0.3096707818929942
2024-08-20,3.0508577701902235e-06,9.523958516462612e-07,2.0158075113702204e-06,1.291427056838768e-06,1.674965398854487e-06,2.9691765072241565e-07,7.694026532061192e-06,9.282371239622375e-06,7.990944182783607e-06,0.396522907410993,0.32867224240800114,0.3817893981493776,0.3329145728643282,0.24812734082397336
2024-08-21,8.915082824254252e-06,1.291427056838768e-06,1.532400964557715e-06,1.6578120532667307e-06,1.7362026467841419e-06,1.32578415846094e-06,1.3475113492434877e-05,1.6458709704162548e-05,1.4800897650895817e-05,0.6615961215658264,0.5416635316193439,0.6023339282881043,0.5237258347978896,0.3862605314322745
2024-08-22,4.2073987358056375e-06,1.6578120532667307e-06,4.923956620289836e-06,1.3428056051200985e-06,2.2061468094256834e-06,4.079145380848783e-07,1.2995314218787888e-05,1.4746034361992864e-05,1.3403228756872765e-05,0.32376275517238506,0.2853240832430168,0.3139093431982359,0.3634085213032634,0.28100775193799055
2024-08-23,1.565972269902362e-05,1.3428056051200985e-06,1.2640533772262148e-06,2.0124121067529544e-07,1.439839202453866e-06,8.990891858643692e-07,1.9706420883823803e-05,2.0806751280363465e-05,2.060551006968817e-05,0.7946507786138908,0.7526269953446605,0.7599774354559622,0.6043307086614166,0.5265866209262466
2024-08-27,3.2151652118961476e-06,8.54824997676494e-07,1.6842841926957977e-06,1.6311033946922031e-06,2.044194966836396e-06,2.731102725183004e-07,7.798469369104836e-06,9.70268303631534e-06,8.071579641623136e-06,0.4122815721548711,0.3313686739907283,0.3983315973637102,0.35748218527315945,0.25486875529211955
2024-08-28,4.929601699080448e-06,1.6311033946922031e-06,3.872367363220485e-06,7.323894355399261e-07,2.368663254091129e-06,4.0092751816313704e-07,1.2801735711084266e-05,1.393505266478733e-05,1.3202663229247404e-05,0.385072915918128,0.353755512638795,0.3733793412347345,0.24942263279446203,0.19541616405308082
2024-08-29,5.050456740373091e-06,7.323894355399261e-07,1.49341779339741e-05,1.0520299368281653e-06,4.035118010142123e-06,3.0137500790167293e-07,2.4752142120029242e-05,2.6105547064759082e-05,2.5053517127930916e-05,0.20404119836910198,0.19346297274845867,0.20158673588957252,0.22200392927308302,0.19272313814667455
2024-08-30,4.7895586564491416e-06,1.0520299368281653e-06,2.436862205268703e-06,6.575708189845065e-08,3.4679787292792764e-06,5.625201056497972e-07,1.1746429527825287e-05,1.2374706715373536e-05,1.2308949633475085e-05,0.4077459150547402,0.38704421580342613,0.38911189005303815,0.3519768563162982,0.30366056572378997
2024-09-03,4.177637659440293e-06,1.2310817631280968e-06,2.0895401724888707e-06,1.3394034821122884e-06,2.249217772742653e-06,2.4773373615310365e-07,9.747477367799913e-06,1.1334614586065305e-05,9.995211103953017e-06,0.428586546221776,0.36857341974170443,0.41796392452262204,0.4391752577319725,0.31602373887242147
2024-09-04,1.1401646914889988e-05,1.3394034821122884e-06,1.306383289790974e-06,7.779934411804283e-07,2.0710088969781674e-06,4.815164026314243e-07,1.6118442583771417e-05,1.737795242758327e-05,1.6599958986402842e-05,0.7073665371597095,0.6560984075887243,0.6868478966863212,0.4446620959843451,0.3481595092024606
2024-09-05,6.3395277705625245e-06,7.779934411804283e-07,1.1757480246832743e-06,6.21467226102466e-07,3.6039820754498173e-06,4.4080311801404604e-07,1.1897251311876045e-05,1.2959521655992556e-05,1.233805442989009e-05,0.5328565064633287,0.48917914864790485,0.5138190795466444,0.31683168316831906,0.25764895330112797
2024-09-06,1.985020832178159e-05,6.21467226102466e-07,1.0151483352526199e-06,4.1001539313858146e-08,1.0238932765242733e-05,5.863837253728555e-07,3.172575664837941e-05,3.2353141913066124e-05,3.2312140373752266e-05,0.6256811631566103,0.6135480867706667,0.614326630553582,0.41414141414141964,0.37859858772406546
2024-09-11,4.175059467905122e-06,2.104026654266287e-06,1.3205305506359887e-06,4.6266475411504764e-07,5.513487984590374e-06,4.128144992638505e-07,1.311310465739777e-05,1.3988583910776668e-05,1.352591915666162e-05,0.3183883280874875,0.29846190969256703,0.30867103518424277,0.20370370370369437,0.17078334509526477
2024-09-12,7.071785774890305e-06,4.6266475411504764e-07,2.1637468658738125e-06,1.0814246956769492e-06,2.0415514570631476e-06,6.114513889081372e-07,1.1739748851942313e-05,1.3432624936527399e-05,1.235120024085045e-05,0.6023796474760442,0.5264634282804969,0.5725585883954039,0.37485448195577764,0.24980605120249413
2024-09-13,1.878407149118678e-06,1.0814246956769492e-06,1.190984224302182e-06,6.496954372896427e-08,1.5525612023623917e-06,2.1301330107962542e-07,5.703377271460201e-06,5.981360116268791e-06,5.916390572539827e-06,0.3293499727816114,0.31404348051366615,0.3174920800254577,0.2770419426048558,0.23996175908221604
2024-09-17,3.293186653447385e-06,9.149559295073957e-07,2.1516413286739306e-06,7.587838968208262e-07,1.840197216842533e-06,2.2488592120503425e-07,8.199981128471245e-06,9.183650946497105e-06,8.42486704967628e-06,0.40160905273465514,0.35859231504258077,0.3908888572400586,0.20506912442395028,0.15545851528383095
2024-09-18,3.6387060875855227e-06,7.587838968208262e-07,1.4242239418584448e-06,4.704139591518981e-06,1.2331862702659013e-06,2.3256005333240186e-05,7.054900196530695e-06,3.501504512128986e-05,3.031090552977088e-05,0.5157700302230903,0.10391836066414535,0.1200461030110646,0.3495038588753968,0.13291404612158808
2024-09-19,5.475315430031439e-06,4.704139591518981e-06,3.1542758493806545e-06,1.0107864511814232e-06,4.833438277006344e-06,4.1832526112039475e-07,1.816716914793742e-05,1.9596280860239237e-05,1.8585494409057815e-05,0.30138517374090007,0.2794058458888915,0.2946015483646748,0.2159692159692117,0.19598428633783868
2024-09-20,4.494346005355838e-06,1.0107864511814232e-06,3.133993682838582e-06,1.2581479471847668e-07,1.418211375297392e-06,2.822733274056038e-07,1.0057337514673235e-05,1.0465425636797315e-05,1.0339610842078839e-05,0.44687234556847427,0.42944703458150235,0.4346726461952821,0.3843212237093769,0.331409727947244
2024-09-24,3.680892250992006e-06,1.129883212345876e-06,2.3546066635020373e-06,1.3522282054389592e-06,1.8950566420180836e-06,3.58003044638259e-07,9.060438768858003e-06,1.0770670018935221e-05,9.418441813496262e-06,0.4062598230500435,0.3417514643490949,0.3908175390240698,0.2874196510560055,0.2090848363393367
2024-09-25,6.483260664598003e-06,1.3522282054389592e-06,1.8186435769703797e-06,9.477698467702686e-07,1.7564362653320898e-06,5.328123762493178e-07,1.1410568712339431e-05,1.2891150935359018e-05,1.194338108858875e-05,0.5681803272072654,0.5029233384286214,0.5428329395595025,0.5703703703703712,0.4723926380368163
2024-09-26,1.1752901993435748e-05,9.477698467702686e-07,4.444327477909902e-06,1.201398496306761e-06,6.077581209182114e-06,3.544675559517946e-07,2.3222580527298032e-05,2.4778446579556587e-05,2.3577048083249826e-05,0.5060980186771349,0.4743195646143717,0.49848912179067606,0.4397506925207722,0.3702623906705504
2024-09-27,6.065204913926695e-06,1.201398496306761e-06,6.350663502523239e-06,1.6801861928105086e-07,5.344581551602129e-06,3.7150940082103763e-07,1.8961848464358823e-05,1.950137648446091e-05,1.9333357865179862e-05,0.3198635895296289,0.31101419526768137,0.31371709747587967,0.29984135378106014,0.2753763963088787
2024-10-01,5.617283657741281e-06,1.466895666547855e-06,5.309481061584802e-06,2.1084924267038967e-06,3.0114474306792704e-06,4.3915648130542035e-07,1.5405107816553207e-05,1.7952756724562522e-05,1.5844264297858626e-05,0.36463773734224414,0.31289254034484026,0.35453104998383955,0.2778904665314425,0.23539518900343628
2024-10-02,3.586744052813372e-06,2.1084924267038967e-06,2.4449506002730972e-06,1.1064874938812484e-06,2.653906387090663e-06,3.137371423621247e-07,1.079409346688103e-05,1.2214318103124403e-05,1.1107830609243155e-05,0.33228765934058263,0.29365078120045757,0.3229023000970807,0.3313313313313331,0.24107793153678322
2024-10-03,4.246303450936653e-06,1.1064874938812484e-06,1.9253665022867648e-06,8.960393289364359e-07,1.9169040881671995e-06,4.373711227221703e-07,9.195061535271866e-06,1.052847198693047e-05,9.632432657994035e-06,0.4618026137887184,0.4033162130466611,0.44083396185620993,0.36956521739129733,0.2962655601659708
2024-10-04,5.105839888538655e-06,8.960393289364359e-07,1.5326213163592313e-06,1.0734288393916736e-07,2.513864765870181e-05,2.632933814600427e-07,3.2673148192536134e-05,3.3043784457935346e-05,3.293644157399618e-05,0.1562702148703575,0.15451740689806207,0.15502099329909982,0.2224653537563802,0.19728331177231226
2024-10-08,3.0294506505612723e-06,1.7194397586185026e-06,1.9257999357986218e-06,1.30160111193931e-06,1.7941657073210625e-06,2.18284729838041e-07,8.468856052299459e-06,9.98874189407681e-06,8.6871407821375e-06,0.35771663042244267,0.3032865082195883,0.34872816344710666,0.2678983833718325,0.21052631578947792
2024-10-09,2.894600073273187e-06,1.30160111193931e-06,2.67501147725479e-06,8.4203527234206e-07,1.1520718035404882e-06,3.478757879268401e-07,8.023284466007776e-06,9.213195526276676e-06,8.371160253934615e-06,0.3607749526439864,0.3141798157889503,0.3457824226830046,0.2849999999999993,0.23799582463465266
2024-10-10,6.739368508400946e-06,8.4203527234206e-07,1.2791006999768006e-06,2.8416011075817667e-06,6.388939125749891e-06,5.04912574787025e-07,1.5249443606469698e-05,1.8595957288838488e-05,1.5754356181256722e-05,0.4419419280019971,0.36241041016189013,0.4277780971093513,0.40306946688206996,0.31582278481012455
2024-10-11,2.1777259034011603e-06,2.8416011075817667e-06,1.160010130548548e-06,1.8245932507105703e-07,2.6572511298114957e-06,2.7132953594126615e-07,8.836588271342971e-06,9.290377132355294e-06,9.107917807284237e-06,0.24644419729993744,0.23440662013782684,0.23910249845024745,0.2753950338600421,0.22718808193668094
2024-10-15,1.7935473777308993e-06,7.473785549051129e-07,1.938121363993604e-06,9.211050666950418e-07,2.376702996222055e-06,1.5235302560304595e-07,6.8557502928516715e-06,7.92920838514976e-06,7.008103318454717e-06,0.26161212137510154,0.22619501097864317,0.2559247910926027,0.35395537525354176,0.29327731092436315
2024-10-16,2.31720013002605e-06,9.211050666950418e-07,1.6357560205160258e-06,1.5241474639767294e-06,1.5644707277065934e-06,3.3100970042266486e-07,6.438531944943711e-06,8.293689109343105e-06,6.769541645366376e-06,0.3598957262060005,0.2793931746749043,0.34229793557915844,0.4163783160323104,0.31120689655173833
2024-10-17,8.22079617397085e-06,1.5241474639767294e-06,1.0165129270675912e-06,1.0526955319095324e-06,6.551802945777607e-06,1.5646444546927808e-07,1.731325951079278e-05,1.8522419488171592e-05,1.746972395626206e-05,0.47482660147536926,0.44382949966232255,0.4705739022867667,0.32623426911908143,0.2551097653293043
2024-10-18,1.359924050044414e-06,1.0526955319095324e-06,1.1853117825403633e-06,6.088107971515934e-08,2.259543795380589e-06,1.5088565672089046e-07,5.857475159874899e-06,6.069241896310949e-06,6.0083608165957895e-06,0.23216898286828733,0.22406819060400493,0.22633861240292794,0.21992238033634964,0.18826135105204597
2024-10-22,3.038993047581158e-06,5.717217155176371e-07,1.3673398594997565e-06,1.5319091985155521e-06,1.5202241579134206e-06,2.2600486270378474e-07,6.498278780511972e-06,8.25619284173131e-06,6.7242836432157564e-06,0.4676612300313974,0.36808649044877284,0.451943018591616,0.2638680659670159,0.19555555555555118
2024-10-23,2.186957600627736e-06,1.5319091985155521e-06,1.4733280558920114e-06,7.868114993616695e-07,1.6023398293301502e-06,7.521439241480329e-07,6.79453468436545e-06,8.333490107875152e-06,7.546678608513483e-06,0.32187010622817636,0.2624299749946376,0.28979074293167956,0.2166476624857442,0.16267123287671154
2024-10-24,2.5921554983435448e-06,7.868114993616695e-07,6.390882764101327e-06,5.193534384481099e-07,1.838294376142493e-06,4.576823564247495e-07,1.1608144137949035e-05,1.2585179932821893e-05,1.2065826494373783e-05,0.22330490279400816,0.2059688865936081,0.2148344748328886,0.30728616684266913,0.2508620689655229
2024-10-25,2.3505912813422763e-06,5.193534384481099e-07,1.6730754745547027e-06,2.4195546132614676e-08,1.4167103163784942e-06,3.1824650470306234e-07,5.959730510723583e-06,6.30217256155926e-06,6.2779770154266454e-06,0.39441234416770404,0.3729811042750473,0.37441858668266126,0.41355932203390716,0.35568513119533807
2024-10-29,7.699148520902488e-06,7.981938633760388e-07,1.343955190712942e-06,9.242542843540456e-07,2.65257090691638e-06,4.216859525383999e-07,1.2493868481907848e-05,1.3839808718800293e-05,1.2915554434446248e-05,0.6162341577431754,0.5563045470739635,0.5961144416974142,0.3444444444444407,0.28127025275437434
2024-10-30,4.417910454989342e-06,9.242542843540456e-07,2.5540743106401896e-06,9.372401706036692e-07,4.766316469026344e-06,6.155131405615609e-07,1.2662555519009921e-05,1.421530883017515e-05,1.3278068659571481e-05,0.3488956434075936,0.3107854009904692,0.3327223686107916,0.366943203573701,0.30343007915566833
2024-10-31,6.631296820923853e-06,9.372401706036692e-07,1.2558411294796478e-06,7.615942449291979e-07,2.5508292688510492e-06,7.641411166617204e-07,1.1375207389858218e-05,1.2900942751449135e-05,1.2139348506519938e-05,0.5829605205120139,0.514016452028591,0.5462646382845209,0.3791855203620033,0.29569513055752533
2024-11-01,4.254437308024222e-06,7.615942449291979e-07,9.351064319832126e-07,1.330746277008539e-07,1.1700429346004074e-05,5.091404355771993e-07,1.7651567330940708e-05,1.829378239421876e-05,1.8160707766517908e-05,0.24102320367703517,0.23256192821932323,0.23426605189187283,0.38418862690706246,0.3440993788819752
2024-11-04,3.3707410150257727e-06,3.1294629452556252e-06,2.0292271874008046e-06,3.7126236834321046e-07,2.6916003483092917e-06,3.94438733322341e-07,1.1221031495991494e-05,1.1986732597657046e-05,1.1615470229313835e-05,0.3003949339443444,0.28120599067043717,0.29019410738267576,0.2970873786407619,0.2569269521410379
2024-11-05,2.5078894231591702e-06,3.7126236834321046e-07,1.0371801611029184e-06,5.85459234432937e-05,1.3517012223082174e-06,2.881875524690104e-07,5.268033174913516e-06,6.410214417067623e-05,5.556220727382527e-06,0.47605801632035877,0.039123331295779246,0.4513660536917886,0.48715313463513366,0.14679467327345755
2024-11-06,1.1693244097051137e-05,5.85459234432937e-05,1.6581068524298797e-05,4.027022795182895e-06,1.2684607130772225e-05,4.111366451933452e-07,9.950484319541586e-05,0.0001039430026357921,9.991597984060921e-05,0.11751432112793721,0.11249669338515572,0.1170307704103464,0.10848126232741595,0.09719461011707507
2024-11-07,1.365871381638461e-05,4.027022795182895e-06,6.91978220545472e-06,2.3600530986487688e-06,6.148044665415109e-06,2.045582597674106e-06,3.075356348243733e-05,3.51591991787602e-05,3.2799146080111436e-05,0.44413434638833954,0.38848193745652454,0.4164350432484858,0.30838641188960203,0.23541329011345558
2024-11-08,5.743864413786956e-06,2.3600530986487688e-06,6.2902178282357185e-06,,5.351288469901006e-06,2.129776700081218e-07,1.9745423810572447e-05,1.995840148058057e-05,1.995840148058057e-05,0.2908959801972685,0.28779180634159046,0.28779180634159046,0.3737946681792399,0.35146666666666676
2024-11-11,2.8007748761281513e-06,2.5765115856360716e-06,7.255935220186218e-06,2.483462600116637e-06,5.813439244821585e-06,4.4457247164657374e-07,1.8446660926772027e-05,2.1374695998535236e-05,1.88912333984186e-05,0.15183099463075878,0.13103226714055174,0.14825791503706723,0.14710042432815476,0.11824900511654966
2024-11-12,2.8460640910852857e-06,2.483462600116637e-06,4.51113234232798e-06,2.3141073251199545e-06,3.72542754192571e-06,6.469966480300787e-07,1.3566086575455613e-05,1.6527190548605648e-05,1.4213083223485692e-05,0.20979256436668448,0.17220495417628012,0.20024255443621483,0.23494570582428462,0.1717171717171727
2024-11-13,1.0713407648796552e-05,2.3141073251199545e-06,4.631889507003517e-06,2.4046979981857604e-06,1.3436231401463254e-05,7.627573150218025e-07,3.1095635882383274e-05,3.4263091195590834e-05,3.1858393197405074e-05,0.34453090746621645,0.31268070903582723,0.33628210884374354,0.22074159907300578,0.17549516351911887
2024-11-14,5.239156403138245e-06,2.4046979981857604e-06,4.863057265993338e-06,2.526731524554503e-06,9.507370798788483e-06,4.884686353849767e-06,2.2014282466105827e-05,2.9425700344510097e-05,2.6898968819955595e-05,0.23798896971566913,0.1780469569729614,0.19477164489857549,0.19361179361179542,0.14946889226100268
2024-11-15,5.2004531207306004e-06,2.526731524554503e-06,4.137893633919471e-06,,1.4288206759657798e-05,1.3363249250576649e-06,2.6153285038862375e-05,2.7489609963920038e-05,2.7489609963920038e-05,0.1988451207182198,0.18917886167014253,0.18917886167014253,0.20275703618610272,0.1804703476482653
2024-11-18,4.439810193660302e-06,3.3034741765939862e-06,3.6541577289533505e-06,1.9949845119451513e-06,2.7699152999717684e-06,3.729927310407715e-07,1.4167357399179408e-05,1.653533464216533e-05,1.454035013022018e-05,0.31338308680752713,0.26850440524733776,0.305344104777281,0.30764163372859776,0.25744211686880714
2024-11-19,4.981322416378573e-06,1.9949845119451513e-06,1.662610343928787e-05,1.7900117008264891e-06,5.748565106965299e-06,2.0970267593603355e-07,2.9350975474576893e-05,3.135068985133941e-05,2.9560678150512926e-05,0.16971573638815768,0.1588903606268094,0.16851177740291925,0.20343839541548,0.17393434590887402
2024-11-20,3.2740260792909234e-06,1.7900117008264891e-06,6.118300666116046e-06,9.258216420641467e-07,5.6423838394676375e-06,4.655799124998059e-07,1.6824722285701095e-05,1.8216123840265045e-05,1.72903021982009e-05,0.19459614391813382,0.17973231341642473,0.18935620914894097,0.23062015503876201,0.20180893159977564
2024-11-21,1.1162157105235003e-05,9.258216420641467e-07,6.349251938892491e-06,2.329803958354721e-06,6.008762941620627e-06,5.125577284462317e-07,2.4445993627812266e-05,2.728835531461322e-05,2.4958551356258498e-05,0.4566047621208487,0.4090446997096063,0.44722776357915617,0.5101789019123908,0.4265085095409951
2024-11-22,5.458823972675729e-06,2.329803958354721e-06,9.956136646743122e-05,,8.340184859286592e-06,4.3679350442008005e-07,0.00011569017925774826,0.00011612697276216835,0.00011612697276216835,0.047184851883701515,0.04700737341922768,0.04700737341922768,0.13283405597161557,0.12760318061339898
2024-11-25,9.225562656884245e-06,8.780555319712293e-06,9.956329261288096e-06,1.8882960426825373e-05,8.49258872356868e-06,7.56168451218096e-07,3.6455035961453314e-05,5.6094164839496784e-05,3.721120441267141e-05,0.253066892229626,0.16446563886424745,0.2479243228618178,0.26632911392405667,0.18094255245958357
2024-11-26,7.914030274515939e-06,1.8882960426825373e-05,1.124675319791113e-05,2.1651062925996373e-06,9.85463117444987e-06,1.1880311398613062e-06,4.789837507370231e-05,5.1251512506163255e-05,4.908640621356362e-05,0.16522544370948788,0.15441554575709812,0.16122651636145088,0.2248722316865402,0.19158200290275718
2024-11-27,1.2284664160354888e-05,2.1651062925996373e-06,7.823593955068308e-06,2.451251608204187e-06,1.2106850397273894e-05,2.817373997005337e-07,3.4380214805296725e-05,3.7113203813201446e-05,3.466195220499726e-05,0.35731784196014604,0.33100521911786934,0.35441351045956937,0.26033254156770297,0.2270091135045646
2024-11-28,1.4029942417831172e-06,2.451251608204187e-06,6.5391936082450234e-06,3.564129930657773e-06,4.234799803934211e-06,6.039540658289636e-07,1.462823926216654e-05,1.8796323258653275e-05,1.5232193327995503e-05,0.09590998729503447,0.07464195111334979,0.09210717140810776,0.1648590021692137,0.11567732115678618
2024-11-29,8.278823768066778e-06,3.564129930657773e-06,6.723550406670048e-06,,6.1271085835065855e-06,1.9738178286072697e-07,2.4693612688901183e-05,2.4890994471761908e-05,2.4890994471761908e-05,0.3352617485487568,0.332603174110173,0.332603174110173,0.2832116788321119,0.2630508474576224
2024-12-02,8.381327960897048e-06,6.174028490842428e-06,8.662679008174061e-06,3.69588165258559e-06,8.434005767513e-06,6.2626883654653695e-06,3.165204122742654e-05,4.16106112454775e-05,3.791472959289191e-05,0.26479581208287495,0.20142285128791476,0.22105730545598679,0.19154228855721148,0.15443241075009864
2024-12-03,7.31044572491743e-06,3.69588165258559e-06,6.286210181992209e-06,2.766004258857922e-06,3.200329194918104e-06,6.732256355518133e-07,2.0492866754413332e-05,2.3932096648823067e-05,2.1166092389965145e-05,0.3567312378753966,0.30546616254271824,0.34538475927579887,0.32092330603127467,0.24488636363636487
2024-12-04,9.118510053475108e-06,2.766004258857922e-06,4.935264357091641e-06,2.0824905361707165e-06,5.408630180564864e-06,8.237869422947174e-07,2.2228408849989533e-05,2.5134686328454966e-05,2.305219579228425e-05,0.41021874822495,0.36278591004941435,0.3955592836204846,0.29404761904761706,0.2434696895022161
2024-12-05,7.850456889932274e-06,2.0824905361707165e-06,4.461899108984142e-06,1.4975850665081417e-06,6.864595376129832e-06,5.08031931339481e-07,2.1259441911216964e-05,2.326505890906459e-05,2.1767473842556447e-05,0.3692691897895116,0.33743550448838794,0.3606508015911455,0.25033025099075146,0.20916114790286852
2024-12-06,9.515519631899319e-06,1.4975850665081417e-06,4.847498691930491e-06,,1.6863871801492482e-05,3.789938892214951e-07,3.272447519183043e-05,3.3103469081051926e-05,3.3103469081051926e-05,0.2907768444297264,0.28744780822218724,0.28744780822218724,0.2467796610169507,0.22317596566523776
2024-12-09,3.069133677956658e-06,2.4328597989559924e-06,6.47262580172373e-06,1.8919710935000268e-06,3.956197704809708e-06,5.875107432729989e-07,1.593081698344609e-05,1.8410298820219113e-05,1.6518327726719088e-05,0.19265387840095288,0.1667074341338763,0.18580171847494015,0.27517639512507813,0.23340587595211873
2024-12-10,3.4967514876052305e-06,1.8919710935000268e-06,4.928110172277315e-06,1.1845084220485235e-06,2.4410343085523904e-06,4.0834225525436017e-07,1.2757867061934963e-05,1.4350717739237847e-05,1.3166209317189323e-05,0.27408590092918594,0.24366387459801991,0.2655852875618496,0.29000884173297126,0.23580158159596523
2024-12-11,8.948893507063335e-06,1.1845084220485235e-06,5.926524986386588e-06,1.397281385925966e-06,6.200428120163874e-06,3.337338701575839e-07,2.226035503566232e-05,2.3991370291745872e-05,2.2594088905819905e-05,0.40201036743244717,0.3730046845278431,0.3960723330940878,0.22779369627506563,0.18951132300357312
2024-12-12,8.458786034352005e-06,1.397281385925966e-06,3.862960076780058e-06,1.8385088481121537e-06,9.450291015893977e-06,6.535218138269288e-07,2.3169318512952004e-05,2.5661349174891086e-05,2.3822840326778932e-05,0.36508566402690756,0.3296313836307832,0.3550704247823715,0.3521819299323964,0.28954017180394565
2024-12-13,4.698198871596828e-06,1.8385088481121537e-06,4.082775540954705e-06,,5.721193980181286e-06,4.2547928446381186e-07,1.6340677240844974e-05,1.6766156525308785e-05,1.6766156525308785e-05,0.28751555411995183,0.2802191942145369,0.2802191942145369,0.18547140649149665,0.1700921332388339
2024-12-16,6.08748120061984e-06,3.516552704889947e-06,6.15775577166116e-06,1.8089396818564422e-06,4.007723260564883e-06,4.424570817348963e-07,1.976951293773583e-05,2.202090970132717e-05,2.0211970019470726e-05,0.3079226696071061,0.2764409501326349,0.30118198249629347,0.2597656249999953,0.20545829042224198
2024-12-17,4.977328946550739e-06,1.8089396818564422e-06,2.572415422821935e-06,1.1001226675137924e-06,3.2703704951303714e-06,2.388832340641169e-07,1.2629054546359487e-05,1.3968060447937396e-05,1.2867937780423603e-05,0.3941173053200192,0.3563364409183753,0.3868008247695217,0.23619371282922608,0.19292158223455624
2024-12-18,4.229570917618838e-05,1.1001226675137924e-06,2.4415597599046416e-06,6.0133678385892625e-06,3.4062159386767447e-06,1.1842860562517723e-05,4.924360754228356e-05,6.709983594339053e-05,6.108646810480128e-05,0.8589076082590154,0.630339978951239,0.6923908107377389,0.658280922431873,0.4624447717231294
2024-12-19,8.374759532002186e-06,6.0133678385892625e-06,9.128712970584655e-06,1.668093560328352e-06,7.141126722594834e-06,6.646073635541799e-07,3.0657967063770935e-05,3.2990667987653466e-05,3.132257442732511e-05,0.2731674776276601,0.2538523783494285,0.26737136666187417,0.28528347406513593,0.2506624271330139
2024-12-20,9.187856149975107e-06,1.668093560328352e-06,6.830584590479696e-06,,6.959109327046666e-06,1.0015096562402564e-06,2.4645643627829817e-05,2.5647153284070072e-05,2.5647153284070072e-05,0.3727983853341203,0.35824077815614164,0.35824077815614164,0.34493284493285314,0.2992584745762758
2024-12-23,5.667627610288459e-06,4.570981832691167e-06,3.3068301629171535e-06,1.7556538986503972e-06,3.5938859835967602e-06,3.2753586149885497e-07,1.713932558949354e-05,1.9222515349642795e-05,1.7466861450992397e-05,0.3306797330323623,0.2948431829653229,0.3244788782570006,0.2511111111111102,0.20409391932570475
2024-12-24,2.4898308172764827e-06,1.7556538986503972e-06,2.094737688669714e-06,,3.190778298349171e-06,1.5148427936659502e-06,9.531000702945766e-06,1.1045843496611717e-05,1.1045843496611717e-05,0.2612349841194478,0.2254088443349964,0.2254088443349964,0.2998776009791914,0.2538860103626909
2024-12-26,3.3098196550831836e-06,1.428671016346195e-06,6.414458739512795e-07,1.1449712765254942e-06,1.548327040012809e-06,8.217310077630917e-07,6.928263585393467e-06,8.894965869682052e-06,7.749994593156558e-06,0.47772715548252537,0.3721003209651992,0.4270738018328217,0.46531791907514203,0.3302564102564053
2024-12-27,3.2371798208682017e-06,1.1449712765254942e-06,3.4816425440074043e-06,,2.7871629171800773e-06,2.7337893692618323e-07,1.0650956558581178e-05,1.0924335495507361e-05,1.0924335495507361e-05,0.3039332479729341,0.29632738963385863,0.29632738963385863,0.2485549132948011,0.2306866952789749
2024-12-30,6.368658473072197e-06,1.7069942221496084e-06,3.2138621767826574e-06,1.735452293821455e-06,1.3005597172047697e-05,5.280250508505086e-07,2.429511204405216e-05,2.6558589388724124e-05,2.482313709490267e-05,0.2621374398901506,0.23979656373527553,0.25656138660975186,0.21813725490195976,0.1847431240269863
2024-12-31,5.0681920376485535e-06,1.735452293821455e-06,3.1569754363588894e-06,,3.824760958606988e-06,5.089155378537516e-07,1.3785380726435886e-05,1.4294296264289638e-05,1.4294296264289638e-05,0.3676497688547264,0.3545604445256976,0.3545604445256976,0.34287867370007646,0.3177374301675991
