entry_time,entry_abs_z,vel1_basis,vel3_basis,vel5_basis,accel_basis,z_vel1,dur_above_thr,touches_20bar,hours_since_prior_exit,basis_vol5m,atr_ga,atr_gn,atr_an,rel_vol_gn_ga,rel_vol_an_ga,vol_tercile,dom_1bar,primary_1bar,contrib_pct_1bar,dom_5bar,primary_5bar,contrib_pct_5bar,session_third,weekday,month
2022-09-14 15:20:00,2.749357364525676,0.0003588653101072037,0.0008383469412158451,0.0007225666534521613,0.00025984134582389407,0.4527798076983638,1,1,,0.0002889866104184417,0.0009569999999999856,0.0010720000000000174,0.000356999999999974,1.1201671891327414,0.3730407523510756,NA,0.9075138069492056,GN,111.34761466650409,0.6181221093689222,GN,162.70386053420341,late,Wednesday,2022-09
2022-09-19 12:50:00,2.5352587065069194,0.0005033925608277368,0.0005197382956398239,0.0009825417933389397,0.000303274548941565,0.4805167025031696,1,1,115.83333333333333,0.00023290962182260548,0.000700500000000015,0.0008420000000000427,0.00036000000000001585,1.2019985724482865,0.5139186295503329,NA,0.4741336442828872,GN,54.05471643607571,0.4710285783190971,GN,130.87942099429148,mid,Monday,2022-09
2022-09-20 10:45:00,2.599212361132095,0.0005792317834691918,0.0006650352001990878,0.0007998346345594598,0.000834114193301122,0.4597678018652118,1,1,17.75,0.00034161840622461576,0.000906000000000029,0.0012370000000000215,0.00044250000000001233,1.3653421633553884,0.48841059602648806,NA,0.8294260211964299,GN,118.23538120495895,0.686249104757114,GA,184.22883311359973,early,Tuesday,2022-09
2022-09-21 09:55:00,2.722143896846763,0.0005945176862376389,0.0008380441532939292,0.0005328543139582198,0.00035895395327420476,0.9683670021949347,1,1,21.25,0.0003679192167225476,0.0011310000000000152,0.00138100000000001,0.0003175000000000261,1.2210433244915928,0.28072502210435174,NA,0.790537150654539,GA,79.0537150654539,0.4719961065749498,GA,173.536206289188,early,Wednesday,2022-09
2022-09-22 15:55:00,2.760818903449817,0.00031384488662208887,0.0006736257451103733,0.0010582915849798036,0.0001717686714720057,0.3104801824618648,1,1,26.833333333333332,0.0002761429692354967,0.0013045000000000417,0.0014744999999999897,0.00030200000000000224,1.1303181295515083,0.23150632426216372,NA,0.6249889967960561,GA,235.99771194100626,0.6353598386745383,GA,72.17618613345981,late,Thursday,2022-09
2022-09-23 13:00:00,2.7883883381878922,-0.0003175037700356709,-0.000515196654000627,-0.0015354959620925701,-0.00013205623413267698,-0.3317757459922168,1,1,20.0,0.00030745283603792975,0.0025594999999999702,0.0027759999999999894,0.0004290000000000127,1.0845868333659003,0.16761086149639293,NA,0.5380707051207658,GA,706.6728911559788,0.6486642114212166,GA,218.1642122270197,mid,Friday,2022-09
2022-09-26 15:00:00,3.2463310067472313,0.0013999338005304118,0.0018353168371433026,0.0038023687884717883,0.001496341035913451,0.8491936725476172,1,1,72.0,0.0006308474312384046,0.003974500000000003,0.0044705,0.0007160000000000166,1.1247955717700329,0.1801484463454563,NA,0.8625819690919693,AN,102.57730981607172,0.6256620805157795,AN,95.74116404604531,late,Monday,2022-09
2022-10-06 08:55:00,2.5463586641058678,0.0008240962547945846,0.0012508517258129903,0.0005977775352870862,3.80265779297978e-05,0.34040058745928103,1,3,231.91666666666666,0.000626873121046184,0.0008605000000000196,0.0010384999999999978,0.0007504999999999651,1.2068564787913703,0.8721673445670517,NA,0.9542820625220589,AN,105.03188891325873,0.7030361026955441,AN,101.17512033430167,early,Thursday,2022-10
2022-10-07 15:25:00,5.791077043333814,0.004409323806741777,0.004408924807346254,0.003959004779272662,0.0045205627847691165,4.790996309598424,1,1,24.583333333333332,0.001105757310302594,0.0011230000000000185,0.0019264999999999866,0.0005604999999999971,1.715494211932284,0.4991095280498556,NA,0.8457806239965971,GN,94.0300563432966,0.8503082960532216,GN,109.42147991730312,late,Friday,2022-10
2022-10-11 09:05:00,2.8147290677535013,-0.0017823225489988215,-0.002369205156492013,-0.0022902232776171733,-0.0015033906196343372,-1.54273017701408,1,1,89.58333333333333,0.0004937963676278794,0.0012374999999999914,0.001473499999999983,0.0006565000000000598,1.1907070707070653,0.5305050505051025,NA,0.4266188856017112,AN,90.8835005982233,0.5969136556274925,AN,90.95485919632844,early,Tuesday,2022-10
2022-10-11 13:55:00,2.9793273382247145,0.0010395667590090557,0.0018701990463533963,0.0014808454957528638,0.0008920674369286286,0.7087450747194133,1,1,0.9166666666666666,0.0005567189121806625,0.0012970000000000147,0.0017540000000000223,0.0005284999999999763,1.3523515805705493,0.407478797224341,NA,0.5780986874848467,GN,57.809868748484675,0.6373647816414515,GN,101.5873269598065,mid,Tuesday,2022-10
2022-10-13 15:55:00,2.656954875697612,-0.000565455970802764,-0.0011307858096575862,-0.0015226962468011113,-0.0007023113312183277,-0.5609591105918721,1,1,46.916666666666664,0.0005184606555677583,0.004749999999999999,0.005110000000000003,0.0005445000000000033,1.0757894736842115,0.11463157894736914,NA,0.6042526266663054,GN,133.7413329153931,0.5320581785305214,GN,165.27377639614272,late,Thursday,2022-10
2022-10-17 14:55:00,2.500069596819932,0.00026323910155313934,0.0005557369689488112,0.0006729618749505839,0.00028912198142566625,0.2788503852190942,1,1,93.91666666666667,0.0002596524573988126,0.0016844999999999887,0.001971500000000126,0.00040949999999999597,1.1703769664589725,0.24309884238646406,NA,0.5760110018345113,GN,69.70308856220467,0.6469287709113919,AN,64.6928770911392,late,Monday,2022-10
2022-10-18 09:15:00,2.5303318470731475,0.00013987228675992058,0.0009776476642663207,0.002045021800367808,-0.0002116210123400547,0.06850106025507063,1,1,16.25,0.000497908659758279,0.0011379999999999945,0.0016300000000000203,0.0005784999999999818,1.4323374340949282,0.5083479789103555,NA,0.4532610837708899,GN,326.32549463853303,0.5282537545323929,GN,132.56851540891014,early,Tuesday,2022-10
2022-10-19 08:15:00,3.0841769860454082,-0.0011573459041393508,-0.0016537708411553664,-0.0019176089424798037,-0.0012065979708268393,-1.7802713616352195,1,1,19.5,0.0004450177634159522,0.0006164999999999865,0.0008064999999999878,0.0004750000000000032,1.3081914030819228,0.7704785077048071,NA,0.9213159314808007,AN,92.13159314808007,0.7092061987170234,AN,99.87410744923433,early,Wednesday,2022-10
2022-10-19 12:10:00,2.8194728089599,0.00043753257026625525,0.0008876663546105029,0.0010578329298440436,-0.00010272702199397299,0.6063790978737416,1,1,1.3333333333333333,0.0003114157555068231,0.0013285000000000102,0.001597000000000015,0.00035749999999998836,1.2021076401957116,0.269100489273606,NA,0.5204229009542943,AN,68.00957346748892,0.6212088688609436,GN,126.75986169715338,mid,Wednesday,2022-10
2022-10-19 14:30:00,2.8914773962486136,-0.001221792487887327,-0.0017954385845675297,-0.0020446035319385547,-0.0010782127366782968,-1.5607491556543567,1,1,1.0,0.0006084436868349192,0.0014415000000000179,0.0016390000000000016,0.0006825000000000081,1.1370100589663414,0.4734651404786678,NA,0.5105746227216866,AN,51.057462272168664,0.4369349876332612,GN,79.58294329013272,late,Wednesday,2022-10
2022-10-20 11:20:00,2.529336950979883,-0.00028648229170319395,-0.0006379778101727185,-0.0012904151378231449,-2.7746136733397542e-05,-0.26236517172941687,1,1,18.333333333333332,0.00027531776676575134,0.0012844999999999773,0.001417500000000016,0.00047349999999999335,1.103542234332457,0.3686259244842365,NA,0.4712865680194362,GA,371.1573295476339,0.4306844089349179,GA,186.90129003412696,mid,Thursday,2022-10
2022-10-21 15:10:00,3.3492993064210137,-0.0011597022815241498,-0.001392294627716617,-0.0028207968883307427,-0.0015118281327775457,-1.7530544995334734,1,1,25.583333333333332,0.0006292418749334629,0.0014170000000000127,0.001786500000000002,0.001024999999999987,1.2607621736062005,0.7233592095977261,NA,0.707906476540679,GN,133.1048706488414,0.637776479480962,GN,145.93764262216175,late,Friday,2022-10
2022-10-24 09:10:00,2.931292932195097,0.0007397949141286775,0.0013102415311033594,0.0014268128790470708,0.0005262472826691456,0.60131012639664,1,1,65.25,0.00046962170836394344,0.001371499999999981,0.0015520000000000089,0.0005175000000000374,1.131607728764149,0.3773240977032771,NA,0.9400263167315858,GA,106.81478368315389,0.5456207216117958,GA,184.94651313315654,early,Monday,2022-10
2022-10-25 08:00:00,2.9654325342630146,0.00040860977588688674,0.0011416556790828647,0.00064008360674081,-5.45933730608239e-05,0.3100245161576338,2,6,18.583333333333332,0.00037695372170270874,0.0008084999999999898,0.0009304999999999897,0.00035650000000003734,1.1508967223252955,0.44094001236863556,NA,0.41750388905974967,AN,72.74087835985806,0.6315236970874794,AN,134.23530104223607,early,Tuesday,2022-10
2022-10-26 09:05:00,3.174942563865266,0.0005821525322166066,0.0012691379975586503,0.0022388909746428737,-6.148423515858759e-05,0.7418438732615789,1,2,21.75,0.0004562611455081873,0.0010195000000000176,0.0012179999999999858,0.0004664999999999808,1.1947032859244382,0.45757724374690806,NA,0.5958147935179265,GA,59.58147935179265,0.8248638913159138,GN,90.99745880100592,early,Wednesday,2022-10
2022-10-26 11:20:00,2.597611583355494,-0.00034214462078152597,-0.00022088380423802845,-0.0016778808665575823,-7.470486437635704e-05,-0.34727434348045705,1,1,0.6666666666666666,0.00034284141842442817,0.0018380000000000174,0.002046999999999999,0.0004930000000000212,1.1137105549510227,0.26822633297062926,NA,0.8828402368770752,GA,88.28402368770753,0.8542445218559551,GN,110.19679817483173,mid,Wednesday,2022-10
2022-10-27 09:10:00,2.6109119172071384,0.000856979305099162,0.0013944538980905918,0.0017679586690862031,0.00070174357326519,0.8508961274476514,1,1,16.166666666666668,0.0002962511537643457,0.0009874999999999745,0.0011149999999999882,0.0004790000000000183,1.12911392405065,0.48506329113927155,NA,0.6298838953646461,GN,62.98838953646461,0.7999589936574585,GA,79.99589936574584,early,Thursday,2022-10
2022-11-02 08:40:00,2.5867294875856057,-0.0003698209898038568,-0.0006242088078071972,-0.0008804955854989915,-0.0004416366502775909,-0.3997459906060845,1,1,140.08333333333334,0.00036824805207127974,0.0007199999999999874,0.0007499999999999951,0.00045400000000002106,1.0416666666666783,0.6305555555555958,NA,0.6965018052232222,AN,99.06797941365126,0.4211476459028641,GA,227.96282909166433,early,Wednesday,2022-11
2022-11-03 14:40:00,3.0857138923773597,-0.0012388965116359868,-0.0015346883249566096,-0.0012753234024778654,-0.0011343192747498287,-1.3649046255711488,1,1,27.833333333333332,0.00040080974164978067,0.0011050000000000116,0.0013374999999999915,0.0004874999999999963,1.2104072398189842,0.44117647058822734,NA,0.42176536252091884,AN,71.09737447864842,0.3698169062620433,GA,36.981690626204326,late,Thursday,2022-11
2022-11-04 10:20:00,2.6563641229127226,0.00031585319069984963,0.000547214089297296,0.0011532366670059663,-0.0001550576968359918,0.40593052424986054,1,1,17.333333333333332,0.0004196587524915182,0.001155000000000006,0.0010885000000000144,0.0005169999999999897,0.9424242424242499,0.44761904761903637,NA,0.8113951213643296,AN,130.2838525230144,0.6081030493123091,AN,64.66085111830662,early,Friday,2022-11
2022-11-04 11:40:00,2.7250706852735718,0.0002554680000188131,0.004398768688767041,0.0012530663964517574,-0.0003366499636530407,0.2930346991663897,1,3,0.25,0.0011802131806710218,0.001342000000000032,0.0015750000000000041,0.0010184999999999778,1.1736214605066815,0.7589418777943021,NA,0.4278075857135223,GN,-296.29677158037254,0.4211314056919678,GA,158.43365610028363,mid,Friday,2022-11
2022-11-04 15:55:00,2.6364948172950657,-0.0006897167270207283,-0.0009701671689564678,-0.0014281995937329012,-0.0009161708211072733,-0.5029760947220878,1,1,2.0,0.0012991044142754502,0.002016499999999988,0.0030004999999999836,0.00048549999999996095,1.4879742127448559,0.2407636994792779,NA,0.7081770979437034,GA,156.543548862869,0.5715951507108282,GA,219.11661735777525,late,Friday,2022-11
2022-11-09 08:05:00,2.510437746391711,0.0005453980717263912,9.607386240774451e-05,0.000966527090683858,0.000802628412194098,0.5128091060086737,1,2,111.08333333333333,0.00032903149847825203,0.0007419999999999982,0.0007569999999999744,0.0005005000000000259,1.0202156334231485,0.674528301886829,NA,0.7766266528711391,AN,95.30398174221304,0.45053584436557614,GN,112.74363180341665,early,Wednesday,2022-11
2022-11-09 12:45:00,2.7578116679209606,-0.0010117642895221407,-0.0008891464277694383,-0.0012280328834020637,-0.0013124570677825326,-1.12566052857936,1,1,2.25,0.0004687098897913808,0.001295499999999994,0.0015399999999999748,0.00041949999999999486,1.1887302199922671,0.3238131995368559,MED,0.5960878959172197,GN,114.29930335845862,0.5764732509519753,GA,376.91169381173364,mid,Wednesday,2022-11
2022-11-10 09:50:00,2.5345591430745924,0.0008097611772594077,0.0010635091300841004,0.0014091142828574765,0.0005025516367300614,0.9392591532143117,1,1,16.833333333333332,0.00031170155769421633,0.0007434999999999858,0.0008075000000000055,0.00035800000000002496,1.0860793544048701,0.4815063887021275,LOW,0.4764295516605102,AN,57.58180042615984,0.5170228934223888,AN,51.702289342238885,early,Thursday,2022-11
2022-11-10 11:30:00,3.284204005452666,0.0025321552724034274,0.0013490941634313608,0.0012458292659309617,0.00373681871120099,3.8056793825552515,1,2,0.08333333333333333,0.0007315769474429596,0.0011665000000000147,0.0014470000000000316,0.0007100000000000106,1.240462923274765,0.6086583797685398,HIGH,0.6547417046806583,AN,106.52306679404032,0.35814846565251,GA,-126.24060335334939,mid,Thursday,2022-11
2022-11-11 10:55:00,3.0186041518890403,-0.0008638715806951192,-0.0012399162549011633,-0.0015990943221580872,-0.0006322082750252062,-0.8299029718406996,1,1,18.166666666666668,0.00035327428876861735,0.0011669999999999626,0.001495500000000005,0.0004409999999999803,1.2814910025707396,0.3778920308483243,MED,0.7992372713192709,AN,79.9237271319271,0.36320403001252183,GN,99.43100627207646,early,Friday,2022-11
2022-11-15 08:10:00,2.609458144898068,0.0004685341072486332,0.0004213034907319668,0.0016906582017085364,0.00034478400376007634,0.3423946717879214,1,1,87.16666666666667,0.0004822306424053726,0.0007135000000000003,0.000863500000000006,0.0005449999999999955,1.2102312543798257,0.7638402242466646,MED,0.794506764200346,GN,129.64901300926465,0.8351678162878037,GN,124.58950049826045,early,Tuesday,2022-11
2022-11-16 14:45:00,2.5899826586939976,-0.0004482551656146,-0.0005474993938888034,-0.0003214125713365129,-0.0003422046036220261,-0.5146571523643799,1,1,28.583333333333332,0.0002826546007700789,0.0010415000000000396,0.0012279999999999958,0.000497000000000003,1.1790686509841086,0.4771963514162113,LOW,0.5438359061248879,AN,116.00629465799999,0.5099415023269371,GA,50.99415023269371,late,Wednesday,2022-11
2022-11-18 15:55:00,2.8009895181222224,0.0002506087249168343,0.0006913124085502903,0.0007730643018244859,-1.5881712036952544e-05,0.49907716815419034,1,1,46.916666666666664,0.0001876529865753293,0.001063499999999995,0.0011955000000000381,0.0002755000000000174,1.1241184767278267,0.2590503055947519,LOW,0.5026291054271661,GN,416.7290608259483,0.4567711699787084,GN,223.2897462049356,late,Friday,2022-11
2022-11-24 08:00:00,2.627235111269925,-0.00010181364346319166,-0.0007810815560338052,-0.0002892223423003881,0.00030897419271799786,-0.032978534341141064,2,17,135.0,0.00024212888098368407,0.0007115000000000316,0.0007605000000000083,0.0003410000000000135,1.06886858749118,0.4792691496837644,LOW,0.42851941377314745,GN,-299.7453129533575,0.3932209651079466,AN,113.78547767493623,early,Thursday,2022-11
2022-11-28 11:40:00,2.612060637867935,0.0005120309240254084,0.0014825778373573906,0.0027775141632395417,-7.944121554664951e-05,0.4080439821798194,1,1,95.66666666666667,0.0003643797614824028,0.0011585000000000067,0.001238000000000028,0.00037799999999998946,1.0686232196806393,0.32628398791539687,MED,0.5734063843219187,GN,57.340638432191874,0.568687640314407,AN,56.8687640314407,mid,Monday,2022-11
2022-11-29 11:45:00,2.828248111135639,0.0006251085801037004,0.0010889550613933374,0.0012718311406607896,0.0003562778041532183,0.7486898163447298,1,1,18.75,0.00035250849410455856,0.0014169999999999905,0.0014089999999999936,0.0004234999999999767,0.9943542695836295,0.29887085391671103,MED,0.4928453787325534,GN,226.7348521671672,0.5433613270129037,GN,160.19195566373844,mid,Tuesday,2022-11
2022-11-30 08:00:00,2.539880795670585,0.0003500782301223415,0.0006387251003732719,0.00019160489819791682,0.0006426164583489685,0.2554226164013027,1,8,18.083333333333332,0.00037553462143892876,0.0005389999999999672,0.0006084999999999674,0.0003945000000000087,1.1289424860853512,0.7319109461967211,MED,0.8982395990783753,GN,112.77627854652368,0.6126860003598023,GN,86.45952300121337,early,Wednesday,2022-11
2022-12-01 08:00:00,3.146521061608402,-5.985684806364411e-06,-0.0008932217934568693,-0.0014723384783157517,0.0003031170645011183,0.0850789389071327,5,5,19.25,0.00038031943895278,0.0007224999999999703,0.0007235000000000213,0.0004730000000000234,1.0013840830450533,0.6546712802768759,MED,0.509615984313247,AN,2649.837851810979,0.5004820043924505,AN,50.04820043924505,early,Thursday,2022-12
2022-12-05 12:20:00,2.6685146384918443,0.00024183821473799938,0.0012729971466228576,0.0027668904827188034,-0.0004284663925076329,0.2046304731512265,1,1,94.83333333333333,0.0004983227432483701,0.0011249999999999871,0.00128149999999998,0.0006310000000000371,1.1391111111111063,0.5608888888889283,HIGH,0.6294414121803884,AN,209.66373157309513,0.6289976094273393,AN,85.82147084619595,mid,Monday,2022-12
2022-12-07 14:55:00,2.868231700956247,0.0009046557480071327,0.0010863000739230813,0.0017981599297088313,0.0004767459290635698,0.5306013340280153,1,1,47.333333333333336,0.0002645864364318148,0.0009944999999999538,0.0010115000000000096,0.0003080000000000416,1.017094017094074,0.3097033685269542,LOW,0.5159098136931625,GN,61.6079186685169,0.6031452794104685,GN,79.72639352405888,late,Wednesday,2022-12
2022-12-13 11:10:00,2.525218714584394,0.0005168343128229905,0.0007809778274191423,0.0013996416293728178,-4.1640129668223114e-05,0.7193005027081347,1,1,138.16666666666666,0.0004766394705522061,0.001097999999999999,0.0010705000000000298,0.001089999999999991,0.9749544626594088,0.9927140255009035,HIGH,0.3937097055277222,GN,39.37097055277222,0.4967686366749105,GA,49.67686366749105,mid,Tuesday,2022-12
2022-12-15 12:05:00,2.5844931284315975,-0.0003106004261326234,-0.0011775251773611176,-0.001536690614014638,0.00028764482302592875,-0.1689191201786313,1,1,48.416666666666664,0.0004656452195839619,0.0013965000000000006,0.0015620000000000078,0.0006404999999999883,1.1185105621195899,0.4586466165413448,MED,0.6071561817788717,AN,283.3043188454606,0.7643219360491622,AN,144.58163167868958,mid,Thursday,2022-12
2022-12-16 11:05:00,2.562932979837065,-0.00030157929154749075,-0.001131649781190347,-0.0013442525068566302,0.000555552842870323,-0.2610582486738755,1,1,18.166666666666668,0.0002932868624418645,0.0012980000000000214,0.0013105000000000033,0.00035849999999998383,1.0096302003081523,0.27619414483819565,LOW,0.47019306579904224,GA,407.10146682047093,0.4893924135720438,GA,191.33396073436023,mid,Friday,2022-12
2022-12-21 13:15:00,2.5128849886918965,0.00112624207911316,0.001436673144003836,0.0006703369948289628,0.0008075233873114929,1.0532428955834703,1,1,116.33333333333333,0.0004680852897413057,0.0012390000000000122,0.0016135000000000233,0.0004859999999999642,1.3022598870056556,0.3922518159805968,MED,0.5419982980308603,GN,172.52234558081702,0.46053109190792413,GN,274.4111432004462,mid,Wednesday,2022-12
2022-12-22 13:15:00,2.6063940877894707,-0.00048244840192197824,-0.0005195602824197426,-0.0006077285661035825,-0.00033016544087956234,-0.29080053992226196,1,1,23.166666666666668,0.000280903885543798,0.0012064999999999882,0.001287499999999986,0.0003895000000000093,1.067136344799004,0.3228346456693022,LOW,0.5205916633306888,GA,135.3305316379317,0.49114157043947787,GA,457.96893919372206,mid,Thursday,2022-12
2022-12-27 08:00:00,2.8681840408136483,-1.4828300168884256e-05,-0.0004700587831112657,-0.0011606116993254367,0.00017605649581642346,0.06568497428674469,5,6,111.0,0.00040243771624137666,0.0006109999999999727,0.000653500000000018,0.00043250000000001344,1.0695581014730724,0.7078559738134743,MED,0.49194180898265044,GA,-3052.4332813871,0.40768107047570795,AN,79.97311002668165,early,Tuesday,2022-12
2022-12-30 11:10:00,2.5797677661394376,-0.0004482700496082487,-0.0006526674669855292,-0.0008720897626711827,-0.0004700005262582574,-0.2591746741882055,1,1,72.58333333333333,0.00032607298660893567,0.001257499999999967,0.0013595000000000135,0.00035999999999996034,1.081113320079562,0.2862823061629978,LOW,0.4860770609724323,AN,58.401679916598724,0.4928817750842403,GA,322.74833433665384,mid,Friday,2022-12
2023-01-06 11:40:00,3.4713955267526875,-0.001400478465860902,-0.00164998681748027,-0.002183497054645045,-0.001094487669754493,-1.579725973168777,1,1,166.08333333333334,0.000523927440629502,0.0011264999999999969,0.0013315000000000189,0.0007919999999999816,1.1819795827785375,0.7030625832223558,HIGH,0.6241313141932878,GN,62.413131419328785,0.5945504971041413,GA,59.45504971041413,mid,Friday,2023-01
2023-01-09 12:05:00,2.9616190547835277,0.0004225484331388113,0.0011460034145599485,0.001627445807043812,0.00021418768935642374,0.5108106525593663,1,1,68.91666666666667,0.00041048185520708535,0.001051000000000013,0.0012884999999999592,0.0005259999999999932,1.225975261655512,0.5004757373929464,MED,0.5682306072130588,AN,113.36135353207443,0.5538486224504722,GN,55.384862245047216,mid,Monday,2023-01
2023-01-10 12:10:00,2.537288456492562,0.001231344796874853,0.0017146463092462538,0.001874592976090314,0.000781885587614356,1.2623643387266585,1,1,19.5,0.0005813314463161295,0.0010759999999999659,0.0012924999999999853,0.0005740000000000079,1.201208178438686,0.5334572490706562,HIGH,0.5434666188482724,GN,89.86529054751864,0.631561076065832,GN,63.1561076065832,mid,Tuesday,2023-01
2023-01-12 10:30:00,2.5959749813133866,0.0013789325017194431,0.0009334786323992733,0.0019400115878803609,0.0022420256953730178,1.3802455825992033,1,1,41.5,0.0004920842295011785,0.0008889999999999842,0.0010894999999999876,0.0008075000000000388,1.2255343082114813,0.9083239595051216,HIGH,0.7274033611572049,AN,108.57815012510048,0.5989190803504923,AN,104.32758952002492,early,Thursday,2023-01
2023-01-12 15:25:00,4.862423167175353,0.004666601877915635,0.0036484882135456725,0.0037780535471810123,0.0051848138705009456,5.626192578088084,1,1,0.16666666666666666,0.0011156918221936361,0.001358999999999999,0.002090499999999984,0.0004510000000000347,1.538263428991895,0.33186166298751657,HIGH,0.858787165998718,GN,119.67919248284744,0.8982928289983022,GN,112.76788879898858,late,Thursday,2023-01
2023-01-20 08:55:00,2.721336197893215,-0.0003585692898329662,-0.000735278349193999,-0.0010990667594752562,-0.00012245382590288234,-0.5320717788796778,1,1,185.41666666666666,0.00021361944859416273,0.0006340000000000012,0.0006559999999999899,0.0003270000000000106,1.0347003154573955,0.5157728706624763,LOW,0.7497274804724199,GA,74.97274804724199,0.6005393463193855,AN,61.91591184093157,early,Friday,2023-01
2023-01-20 12:50:00,2.786341526311455,-0.0002952958038378306,-0.0007982339920292736,-0.0004440178984044252,0.00021844891638098107,-0.4122182931140652,1,1,2.6666666666666665,0.00027595234563997496,0.0010339999999999794,0.001393499999999992,0.0004935000000000134,1.347678916827872,0.4772727272727497,LOW,0.7132848935475942,AN,84.8734481467399,0.6948694002720582,GN,178.29105013458945,mid,Friday,2023-01
2023-01-23 13:15:00,2.6864949160891523,0.0005278969483128587,0.002231973358847325,0.002544799471420209,0.00016586732785682512,0.41705146790911884,1,1,68.25,0.0005394135584996297,0.0012025000000000174,0.0012735000000000274,0.0007040000000000269,1.0590436590436665,0.5854469854469994,HIGH,0.38719040234227975,AN,94.37988469407372,0.5741644831067001,GN,57.416448310670006,mid,Monday,2023-01
2023-01-26 08:45:00,2.6887535938735345,0.0006243095045070507,0.0007631518416182786,0.0007625403849862572,0.0003379823033392848,1.03968170351242,1,1,64.25,0.000249681454332381,0.0006665000000000032,0.0007600000000000274,0.0003229999999999511,1.1402850712678525,0.48462115528874644,LOW,0.43551188424020965,GA,66.19338713375207,0.5600112913291553,GN,56.00112913291553,early,Thursday,2023-01
2023-01-26 10:30:00,2.9267900534024314,0.0008858171988807423,0.0011148564581847237,0.0008090190618173371,0.0006224040122243257,1.5629183737465917,1,2,1.1666666666666667,0.0005150484149764104,0.0010330000000000061,0.0012365000000000182,0.00047049999999999593,1.1969990319457995,0.4554695062923457,HIGH,0.5722729894101036,AN,78.1858732508495,0.5806813529737634,GA,124.2965389387124,early,Thursday,2023-01
2023-01-26 13:05:00,3.2042285230323353,-0.0006257651695982941,-0.001112527020106363,-0.0009891018143873137,-0.0006349922278811732,-0.9007901663407036,1,1,1.75,0.0003248582624481855,0.0008414999999999617,0.0011695000000000344,0.0004664999999999808,1.389780154486141,0.5543672014260274,LOW,0.45824934243197685,GN,75.28038228187681,0.6106267843447692,GA,62.45238227345807,mid,Thursday,2023-01
2023-01-27 08:50:00,3.303211423451388,0.0009231328070805483,0.0005986671250782644,0.0008132481911347217,0.0013050333716423529,1.6401743990030972,1,1,16.166666666666668,0.00028529644695282765,0.0005225000000000035,0.0006490000000000107,0.0003019999999999801,1.2421052631579068,0.5779904306219675,LOW,0.7270024923711745,GN,72.70024923711745,0.6213896443422956,GA,66.93651978168977,early,Friday,2023-01
2023-01-30 12:00:00,2.561163029634813,0.0009655536063510051,0.001328522339174576,0.0013314278668239699,0.000910231053966315,1.0942653293970925,1,1,71.16666666666667,0.000352447387518514,0.0008935000000000026,0.0011124999999999829,0.00032799999999999496,1.2451035254616447,0.3670956911023996,MED,0.478137693408563,AN,69.31055334345348,0.4043959573664798,AN,66.1715419027202,mid,Monday,2023-01
2023-01-31 13:25:00,2.9445990533352173,0.0007970453191680354,0.0009354093749652098,0.0015305290685775769,0.0008425768739522138,0.8957761774144792,1,1,20.416666666666668,0.0005568082144964046,0.000912500000000005,0.0010134999999999784,0.000653999999999999,1.1106849315068195,0.7167123287671182,HIGH,0.6986157712795134,GA,106.83736216723945,0.6421849664878574,GA,75.63097069120057,mid,Tuesday,2023-01
2023-02-03 12:10:00,2.94690144102717,0.0012884848101241408,0.001830362747131914,0.0018021561428596261,0.001240085251732706,1.3339398246320378,1,1,67.16666666666667,0.0005487549159998836,0.0009459999999999913,0.0012310000000000155,0.0007915000000000116,1.301268498942946,0.8366807610993857,HIGH,0.6451867946548147,AN,85.31287728104225,0.4879697022459447,GN,48.796970224594475,mid,Friday,2023-02
2023-02-08 08:50:00,2.6018832988679996,-0.00022502802503771013,-0.0007233638715582746,-0.0005586690413600104,0.0003493343662803877,-0.1629451623965612,1,1,111.83333333333333,0.0002258992619019272,0.0005914999999999893,0.0007184999999999775,0.0003174999999999928,1.2147083685545064,0.5367709213863036,LOW,0.8282382024226045,GN,95.60039191583334,0.8020770434799732,GN,132.76034389106903,early,Wednesday,2023-02
2023-02-09 09:25:00,2.5669229542997973,0.0004329844473445199,0.00023142163191083864,0.0004994542644684435,0.0004760619378278985,0.43823287584448734,1,1,16.416666666666668,0.0002820026776581995,0.0007854999999999835,0.0008490000000000219,0.00031600000000001625,1.0808402291534562,0.40229153405477136,LOW,0.5684791422173766,AN,56.84791422173766,0.3788871867122637,GN,85.57645585095462,early,Thursday,2023-02
2023-02-20 09:50:00,2.6162942740153294,-0.00035365818232567514,-0.0005825908874702301,-0.0005573073145128254,-0.0004133037887602692,-0.28315508666457045,1,1,259.8333333333333,0.00027475606945867804,0.0005095000000000071,0.000741500000000006,0.00033250000000000223,1.455348380765448,0.6526005888125566,LOW,0.36619116755872533,GN,36.61911675587253,0.4401963891319443,GN,44.019638913194434,early,Monday,2023-02
2023-02-21 08:40:00,3.3223937033745012,-0.00119292449826848,-0.0014482699641109736,-0.0021193193481941486,-0.0008983851140683397,-1.065932663509391,1,1,15.666666666666666,0.00038332882145573855,0.0006864999999999677,0.0008094999999999741,0.00043650000000001744,1.1791697013838487,0.6358339402768215,MED,0.7423001390669814,GN,74.23001390669815,0.8266816855300239,GN,126.5270938266368,early,Tuesday,2023-02
2023-02-23 15:25:00,2.5389209749099817,-0.00020664086546921812,-0.0005508823326785539,-0.001022292375671613,-0.00011299896445381152,-0.1453902206112656,1,1,51.666666666666664,0.00018234972302328794,0.0007894999999999875,0.0009870000000000046,0.0002394999999999703,1.250158328055757,0.30335655478147444,LOW,0.5585098257077062,GN,392.7578126409215,0.5575599282067552,GN,142.55355583324828,late,Thursday,2023-02
2023-02-24 09:20:00,3.2933165821895223,0.0011803551680610314,0.0018275476833890802,0.0023074024712212843,0.0009198306791245864,2.1681350713667324,1,1,16.333333333333332,0.000350964409689774,0.0006220000000000114,0.0005639999999999979,0.0003820000000000601,0.9067524115755426,0.614147909967931,MED,0.9005705762806525,AN,112.41097444582199,0.46632401232995613,AN,99.43066644123091,early,Friday,2023-02
2023-02-24 11:30:00,2.6635255114488507,0.0001998222293276425,0.0004060232305224676,0.0006966086301994218,-9.193448521388481e-05,0.3227614613967118,1,1,1.1666666666666667,0.00030586349353216747,0.0009824999999999862,0.0011700000000000154,0.0004649999999999821,1.190839694656521,0.47328244274808,LOW,0.39296955443451503,AN,96.20370920740645,0.875074023296244,GN,93.83470110098067,mid,Friday,2023-02
2023-02-27 15:25:00,3.2581886478543245,0.0004983795823490511,0.0011011679131683605,0.0017280376719354118,-0.00014171460672794678,0.8341059163667777,1,1,73.08333333333333,0.0002939244678546568,0.0008044999999999858,0.0009590000000000321,0.00029500000000000083,1.1920447482909249,0.36668738346800006,LOW,0.6607824260138219,GN,122.46915960397698,0.5880373764662297,GN,58.80373764662296,late,Monday,2023-02
2023-02-28 11:40:00,2.639925764392515,-0.00026787366590136363,-0.0007984887045171668,-0.0008523905251556774,0.00037132791703524404,-0.22899319768466553,1,1,18.666666666666668,0.00032625575240093985,0.0009415000000000395,0.001149,0.00035850000000000606,1.2203929899096673,0.3807753584705162,MED,0.9202442691711624,AN,109.48921099937161,0.47177531786695337,AN,68.34729835662631,mid,Tuesday,2023-02
2023-03-03 11:45:00,2.560444998506514,0.0002963969753591589,0.00024943697230477013,0.0004876698784267025,0.00041671617899710633,0.55490626339994,1,1,66.75,0.0001796412754840098,0.000813499999999967,0.0009110000000000396,0.000305500000000003,1.1198524892441015,0.375537799631242,LOW,0.4022085540592558,AN,133.56568357274094,0.35612744110776906,AN,88.868491969952,mid,Friday,2023-03
2023-03-10 12:20:00,2.660366482580315,-0.000688060936969298,-0.0018977300453856122,-0.0026202054776234412,8.589467582457988e-05,-0.40739132619632423,1,1,164.41666666666666,0.00034246706157495726,0.0010575000000000111,0.0012099999999999889,0.0005534999999999846,1.1442080378250366,0.5234042553191288,MED,0.5327385854691389,AN,54.12532379144162,0.613587524017012,AN,61.3587524017012,mid,Friday,2023-03
2023-03-14 13:15:00,2.806192613609853,0.0010326122649440411,0.0010055732578333615,0.0009078199932626152,0.0010459206355419304,0.9844479312714804,1,1,93.83333333333333,0.00038402690342815817,0.0011754999999999515,0.001091500000000012,0.00047800000000002284,0.9285410463632982,0.40663547426630586,MED,0.5110553519950604,GA,56.672107095360545,0.809550410081421,GN,82.8985601764085,mid,Tuesday,2023-03
2023-03-15 08:40:00,2.5313424037202985,-0.0006332525229194585,-0.0010963256788038556,-0.0010677764825727243,-0.0005679002895987995,-0.455273654041914,1,1,17.916666666666668,0.00026010570477634883,0.0006225000000000148,0.0005875000000000186,0.00043399999999998995,0.9437751004016138,0.6971887550200476,LOW,0.8942450653293066,AN,113.41233460745515,0.837138909797093,AN,124.15341057799066,early,Wednesday,2023-03
2023-03-17 13:50:00,2.611360841685343,-0.00020838910039591707,-0.001990695689622096,-0.0018226920639630023,-0.00013575986560535047,-0.1571232555743065,1,1,48.5,0.00046057427633053484,0.0010580000000000034,0.0011884999999999812,0.0004934999999999801,1.1233459357277669,0.46644612476368474,MED,0.40722225086350455,GN,-219.46116102924398,0.46293651505932376,GN,86.00835284133504,mid,Friday,2023-03
2023-03-21 13:25:00,2.7713644557582415,-0.00027182850141295456,-0.0005883968395408445,-0.0006747845574687217,0.00017675752524982935,-0.2818794830999183,1,1,92.91666666666667,0.00031266820210266,0.000941499999999984,0.0010225000000000039,0.0004459999999999797,1.0860329261816477,0.47371216144448997,LOW,0.6828507463610335,AN,68.28507463610335,0.42261715510404424,AN,138.39676286047936,mid,Tuesday,2023-03
2023-03-24 09:20:00,2.505880546299684,-0.0003966014125163231,-0.000499166052647812,-0.0009466699280252233,-0.0005429908283687002,-0.3063340782310946,1,1,64.33333333333333,0.0002739974617510137,0.0005919999999999925,0.0006374999999999798,0.0004775000000000418,1.0768581081080877,0.8065878378379187,LOW,0.4736449334285569,GN,47.36449334285569,0.5516373678632288,GN,55.16373678632288,early,Friday,2023-03
2023-03-27 11:00:00,2.58875605515456,0.00038015382354077143,0.0011655508099641665,0.0010977507850572221,0.0002022310385892262,0.5949073906822333,1,1,70.33333333333333,0.00038901279077841963,0.0010235000000000326,0.0009944999999999982,0.00034650000000001623,0.9716658524669922,0.3385442110405522,MED,0.8587775917190232,GN,107.95024132860154,0.8415154926101787,GN,110.99002215550453,mid,Monday,2023-03
2023-03-27 13:50:00,2.541217932973855,-0.0004805871176568888,-0.0004575138915289684,-0.001218459011999115,-0.000898814536625589,-0.734355729444852,1,1,0.9166666666666666,0.00034347187092296594,0.0006795000000000328,0.000863500000000017,0.0003794999999999882,1.2707873436349895,0.5584988962471963,MED,0.4238934864035372,GN,110.30110049958175,0.49775104280074794,GN,71.78593975121214,mid,Monday,2023-03
2023-03-28 09:10:00,3.2350637725142954,-0.0006225445324694878,-0.0010923421423417456,-0.001699775400869033,-0.00033399676612874685,-0.9301760348794024,1,1,16.166666666666668,0.0002814765894338171,0.0005394999999999706,0.000631000000000026,0.00034049999999997694,1.1696014828546069,0.6311399443929482,LOW,0.4061324754470804,GN,40.613247544708045,0.6498298543179563,AN,64.98298543179563,early,Tuesday,2023-03
2023-03-28 13:25:00,2.5311000171396367,0.0005068269877109705,0.0006800865193890837,0.0011959451296073287,0.00044382635628588407,0.6023380067184785,1,1,0.5,0.0003419577252881144,0.0008100000000000107,0.0008539999999999659,0.0003340000000000121,1.054320987654265,0.41234567901235514,MED,0.5419091647929778,AN,79.09935842842769,0.5652919228882274,GA,90.53115701481431,mid,Tuesday,2023-03
2023-03-29 12:05:00,2.5711678137249887,0.0006543116724053166,0.000671453572732017,0.0004962038595093116,0.000553564030024975,0.4429657328780108,1,1,19.083333333333332,0.0002340754190744767,0.0009449999999999847,0.001030999999999993,0.00032599999999999296,1.0910052910053014,0.3449735449735431,LOW,0.4771733261704174,GN,57.18270352610843,0.35933527108722213,GN,-127.72756676978909,mid,Wednesday,2023-03
2023-03-30 08:05:00,2.699235628960585,-0.000264531126237047,-0.0005877797087904535,-0.0010382136266677416,5.191479852620362e-05,-0.42300101577875093,1,1,15.25,0.00019109626276087076,0.00044250000000002344,0.0004045000000000187,0.00030450000000000756,0.9141242937853046,0.6881355932203196,LOW,0.534684954791116,GA,65.71852791899643,0.45874091965647484,GA,45.87409196564749,early,Thursday,2023-03
2023-03-31 10:45:00,2.5431208245334433,0.0006478832433106652,0.0011199639994375205,0.000944489705919288,0.00037700551074225375,0.7149218914686377,1,1,18.083333333333332,0.00043907131049902403,0.0010465000000000058,0.0011900000000000354,0.0002920000000000256,1.1371237458194257,0.2790253225036063,MED,0.3944798263874436,AN,96.74008353823677,0.48348978576088775,AN,61.48369094642997,early,Friday,2023-03
2023-04-07 08:00:00,2.715887194423555,0.00013532256361083184,2.1649532431361473e-06,-8.479868683582137e-05,0.00032179920640722226,0.2458015225058805,10,10,160.33333333333334,0.00027278519567687206,0.00031750000000000387,0.00043750000000001286,0.00018249999999998546,1.3779527559055356,0.5748031496062465,LOW,0.8548600082099242,AN,110.88957593212572,0.4270557437043727,AN,-292.7274643623814,early,Friday,2023-04
2023-04-07 11:35:00,3.2566341577755793,0.0008285992819958843,0.0026095653875929797,0.00294476982612335,-0.0010337659301165036,0.8633135453993726,1,1,0.5,0.0004400380377852693,0.0005305000000000115,0.0005519999999999969,0.00042750000000001397,1.0405278039585013,0.8058435438265875,MED,0.8698929882628933,AN,106.15382490944422,0.9221561544529904,AN,93.19178280090021,mid,Friday,2023-04
2023-04-12 10:00:00,2.5326835052006347,0.00034473730734140007,0.0010093259244587371,0.0014522244152663788,-0.0001401956493421036,0.462503792099052,1,1,116.33333333333333,0.0003035405841440305,0.000662499999999977,0.0007769999999999832,0.0003404999999999991,1.1728301886792607,0.5139622641509599,LOW,0.6343393627263153,GN,134.35762698158754,0.7246470171549597,GA,161.28569752054707,early,Wednesday,2023-04
2023-04-14 10:00:00,2.6872033294996087,0.00034958490913146456,0.0008496186703122188,0.0015506336394441045,0.0003773672111804516,0.24260512950525337,1,1,46.583333333333336,0.00029455471555150725,0.0006834999999999925,0.0006984999999999463,0.00026100000000002234,1.0219458668616737,0.38185808339433097,LOW,0.5085424635009639,GA,131.36716292924652,0.5680312377131541,GA,75.87453657295002,early,Friday,2023-04
2023-04-19 12:25:00,2.608262257054378,-0.0004123944508714339,-0.0008515128380428283,-0.0005548849175258247,-0.00026189299143179745,-0.5282839829116366,1,1,115.83333333333333,0.00022809863122720298,0.0008264999999999967,0.000999500000000042,0.0003535000000000288,1.2093163944344174,0.42770719903209947,LOW,0.6277345160643762,GA,91.54571575424822,0.5458248953979431,GA,148.53208241158984,mid,Wednesday,2023-04
2023-04-21 10:45:00,2.66334873358082,0.0005136418611323967,0.000663769570419373,0.0009915773813912315,0.00011618335417691583,0.5375943829723928,1,1,43.25,0.00029829128579259245,0.0010010000000000296,0.0010804999999999732,0.00034049999999998806,1.0794205794205207,0.34015984015981815,LOW,0.49274297648074633,AN,73.08416120129645,0.5844008968316727,AN,95.24531420342977,early,Friday,2023-04
2023-05-10 11:45:00,2.6285522382763746,0.000855485738953346,0.0007066185642282952,0.0010019866754301943,0.0005277124449637738,1.5831924764624319,1,1,455.25,0.00034810412514321693,0.0008355000000000335,0.000833499999999976,0.00042200000000003346,0.9976062238180042,0.5050867743866146,MED,0.8782041929189061,AN,116.10185838251785,0.6343224692671503,AN,123.1780040675679,mid,Wednesday,2023-05
2023-05-10 13:30:00,2.867108392184439,-0.0004486446792133364,-0.0010142062689551395,-0.0016591455903898072,-0.00021104821438416854,-0.638551229574722,1,5,0.75,0.0002759853249403087,0.0005725000000000203,0.0006474999999999786,0.0005335000000000201,1.1310043668121497,0.931877729257644,LOW,0.8165633936721499,AN,81.656339367215,0.61987635271957,AN,83.26606753310423,mid,Wednesday,2023-05
2023-05-11 13:15:00,3.4455447257091536,0.0007012367105315928,0.0014207526769550102,0.0013633859215483532,0.00021732143676359006,1.3461879489196527,1,1,20.25,0.0003355807550725316,0.0007490000000000107,0.0007404999999999995,0.0005559999999999565,0.9886515353804926,0.7423230974632157,MED,0.7797155732387,AN,111.32072777410275,0.5767987636546827,AN,111.527902368074,mid,Thursday,2023-05
2023-05-17 13:10:00,2.680369592516984,0.0005139903460331802,0.0008977510231074973,0.0010523745828613998,0.0003061927706903278,0.7722356782582376,1,1,140.16666666666666,0.00024468936727485417,0.0007214999999999971,0.000887500000000041,0.000350999999999968,1.230076230076292,0.48648648648644405,LOW,0.6379507545332562,AN,73.0837254919057,0.8593631653795542,AN,119.56750832711352,mid,Wednesday,2023-05
2023-05-19 08:35:00,2.896636431980138,-0.000517267702199467,-0.0007867703388764469,-0.0008916937624535298,-0.0001479105273503728,-0.44521076921370684,1,1,39.583333333333336,0.00023390608159183366,0.00046699999999997297,0.0005054999999999921,0.0003469999999999862,1.0824411134904097,0.7430406852248529,LOW,0.7188903205527147,AN,140.42450004075266,0.7932275116170548,AN,91.41207226702822,early,Friday,2023-05
2023-05-22 14:00:00,2.5089606618599696,8.145978922711322e-05,0.0002996964163242827,0.0008321991563695341,-6.453384689109054e-05,0.0370138059965508,1,1,74.58333333333333,0.00017746188812646003,0.000662000000000007,0.000741999999999976,0.0004290000000000016,1.120845921450103,0.6480362537764306,LOW,0.4424192459872989,GN,-384.1728487002019,0.46705131512206866,GA,116.96481450621998,late,Monday,2023-05
2023-05-23 11:30:00,2.566329907050405,0.0006008464026218616,0.00114966533741203,0.0016369701116495453,0.0007357763280293611,0.7728187155725565,1,1,18.5,0.00032684470957868825,0.0011364999999999847,0.0011669999999999847,0.0002899999999999792,1.02683677958645,0.25516937967442416,MED,0.3736093112571867,GA,-147.79938101984212,0.36959715549235295,GA,-141.71360942616525,mid,Tuesday,2023-05
2023-05-23 15:30:00,2.7068943232437124,-0.0009661101913682121,-0.001118016427583017,-0.0015582653748890812,-0.001003389394531401,-1.0112457618185522,1,1,2.5833333333333335,0.00025748066332193035,0.0007609999999999894,0.0007895000000000096,0.00022900000000000142,1.0374507227332728,0.30091984231275243,LOW,0.7353974504361954,GN,101.18479221291763,0.6499374296784068,GN,110.15400171106977,late,Tuesday,2023-05
2023-05-26 12:45:00,2.626132096248127,0.00023110610821502897,0.0005536398100983997,0.0006141241474857534,-0.00033786333702555404,0.16703307020939118,1,1,67.75,0.0003583708755735285,0.0008059999999999956,0.0010740000000000194,0.00044399999999999995,1.3325062034739767,0.5508684863523603,MED,0.3518930051814824,GA,-118.79688923965854,0.9562069515665513,AN,104.79969104844515,mid,Friday,2023-05
2023-05-30 13:45:00,2.5455713509556457,-0.0006928121632531342,-0.0010242760947601348,-0.0013941414577260947,-0.0010183257214612385,-0.4880790155908228,1,1,92.91666666666667,0.00036105258137332703,0.0009440000000000337,0.0010874999999999524,0.0004085000000000227,1.1520127118643153,0.43273305084746627,MED,0.7285048228364343,AN,96.40560329697122,0.7019526816846182,AN,70.19526816846182,mid,Tuesday,2023-05
2023-06-07 09:40:00,2.5406951295926254,0.0003338766154936945,0.0012892159883141352,0.002119664572077143,2.6715294407037016e-05,0.3124081017628324,1,1,184.66666666666666,0.0002978917476553629,0.0007170000000000121,0.0007644999999999458,0.0003194999999999948,1.066248256624732,0.4456066945606547,MED,0.6616694296885368,AN,108.75125992858213,0.47978277143272985,GA,53.202949479214766,early,Wednesday,2023-06
2023-06-07 13:55:00,2.517234418711437,-0.00024287667524094947,-0.0012594505589765131,-0.0026166516253487426,0.0006497414816283714,-0.26131593534008646,1,1,0.3333333333333333,0.000497243102305445,0.000802500000000006,0.000874499999999978,0.0005999999999999784,1.0897196261681887,0.7476635514018366,HIGH,0.4454089648770042,GA,110.79073106033906,0.4781224124958277,AN,63.66625863806361,mid,Wednesday,2023-06
2023-06-08 10:55:00,2.5378712053361188,0.00010171132863566468,0.0005152108674074951,0.0008737572459607823,-0.00018663012771674703,0.1292870389636125,1,1,17.916666666666668,0.00033155269025536154,0.000860499999999964,0.0011004999999999932,0.0002494999999999803,1.2789076118536191,0.2899477048227667,MED,0.4576056832851281,GA,184.58966403373657,0.434008550684846,AN,-328.83695932495783,early,Thursday,2023-06
2023-06-09 08:05:00,2.5256460182705607,0.00017060986781548826,-0.00010000489676603719,-4.49693577461302e-05,0.00021385479799693186,0.20281032724225545,1,9,20.75,0.00021416500903908683,0.00044399999999999995,0.000399000000000016,0.00026300000000002434,0.8986486486486848,0.5923423423423972,LOW,0.8471382411951335,GA,122.01741851871337,0.6023609593132947,GN,294.2337407515189,early,Friday,2023-06
2023-06-09 11:55:00,2.65193325001629,-0.0009619513104972277,-0.0013438039192020107,-0.0015724052551731732,-0.0009103548459249433,-1.1133042749675899,1,1,2.75,0.00037379715203020715,0.0007965000000000111,0.0008280000000000065,0.0004034999999999567,1.0395480225988638,0.5065913370997502,MED,0.8986713470183209,AN,105.87530971068976,0.5771044750469159,AN,104.0262500416858,mid,Friday,2023-06
2023-06-12 12:40:00,2.922616550867683,0.00053796961059073,0.0014122149695730418,0.0016351569906181973,1.4852672428775082e-05,0.5967176868029913,1,1,71.41666666666667,0.0002961660633930631,0.0006830000000000225,0.0008450000000000291,0.00031949999999996147,1.2371888726207925,0.4677891654464875,LOW,0.5559667314440576,AN,55.59667314440576,0.4568188821812058,AN,65.46801006780537,mid,Monday,2023-06
2023-06-14 11:40:00,2.5300461479234766,-0.0006490103370005301,-0.001288096607314257,-0.0017409809744220323,-0.00017884375189208823,-0.5940616837274759,1,1,43.166666666666664,0.00025369645658096637,0.0007660000000000111,0.000766,0.000364999999999982,0.9999999999999855,0.4765013054829983,LOW,0.7022508462204237,AN,110.9186573776907,0.6543340201662138,AN,118.12868542551873,mid,Wednesday,2023-06
2023-06-19 09:55:00,2.970975459515827,0.0007100534875354447,0.0019521625443858909,0.00250802755985155,0.00041885916121579825,0.6713116253128364,1,1,112.91666666666667,0.00034562866703259133,0.000866499999999959,0.0009159999999999613,0.00037200000000002785,1.0571263704558622,0.42931332948649215,MED,0.6164380685073054,AN,76.50235707785336,0.7442396819858201,AN,74.42396819858202,early,Monday,2023-06
2023-06-26 09:40:00,2.519125327852244,-0.00020284433644422728,-0.0020197980772965474,-0.002901156265497362,0.00107671587037321,-0.14132378857233885,1,1,163.75,0.00041828308635316646,0.0009094999999999853,0.0008575000000000221,0.0003089999999999815,0.9428257284222495,0.3397471137987757,HIGH,0.7143006358287812,GN,71.43006358287812,0.3541162328509576,GN,35.411623285095764,early,Monday,2023-06
2023-06-28 13:55:00,2.5660816306459333,-0.0009381342746602461,-0.0013407696772110705,-0.0015415433193146644,-0.0005824817464081811,-0.48298684074281795,1,1,50.5,0.00042011769302039526,0.0008174999999999933,0.0009505000000000318,0.0005855000000000388,1.1626911314985195,0.7162079510703897,HIGH,0.536270010214219,AN,80.48946490428433,0.7041305745274326,AN,105.82242106669536,mid,Wednesday,2023-06
2023-06-29 13:00:00,2.5056639947773016,0.0001285323939209937,0.000640364661013873,0.0007541294782542757,-3.338263459340407e-05,0.143696071007259,1,1,20.0,0.0003615082259379777,0.0008634999999999948,0.0009470000000000312,0.0004685000000000161,1.0966994788651265,0.5425593514765709,MED,0.5449711102759532,GN,605.9124479381128,0.7344373300183392,GN,100.1316430020676,mid,Thursday,2023-06
2023-06-30 10:50:00,2.5522936210276375,0.000732534760608014,0.0004819968496967836,0.00017320551177091303,0.0003462100729102746,0.8361364647090497,1,1,18.166666666666668,0.0003917292397248961,0.00121,0.0012369999999999992,0.00029249999999999556,1.0223140495867762,0.24173553719007898,MED,0.634413158107603,GN,188.6641467978903,0.6042859447155435,GN,150.42722445901694,early,Friday,2023-06
2023-07-03 12:45:00,2.508124105584181,0.0003996604851400354,0.0004925161533455846,0.0005928352866135245,0.00029019616715092456,0.33944029093452643,1,1,72.08333333333333,0.0002791863706927724,0.0008475000000000565,0.0008815000000000017,0.00032450000000001645,1.0401179941002276,0.382890855457221,LOW,0.509708736387267,GN,50.9708736387267,0.45945624095155285,AN,58.71841103009003,mid,Monday,2023-07
2023-07-05 12:40:00,2.544891006933382,0.00023488948674108,0.0003425116532907446,0.001003399596398502,1.579673259098635e-05,0.4002823430469915,1,1,43.666666666666664,0.0003449880472017997,0.001028999999999991,0.0010125000000000162,0.0003069999999999906,0.9839650145772838,0.298347910592802,MED,0.5373299633568485,GA,93.89916903451689,0.7007125619152722,GN,70.07125619152723,mid,Wednesday,2023-07
2023-07-07 10:30:00,2.5059356915608397,0.0002675607394586055,0.0012681794157608783,0.0005938087673162395,-0.0002937013811705469,0.5044132713996357,1,1,41.5,0.00036322067452456786,0.0008810000000000096,0.0010745000000000227,0.00029999999999997807,1.2196367763904779,0.3405221339386774,MED,0.6637245682736937,GN,202.69547059185524,0.8066737692107488,GN,114.62514859178499,early,Friday,2023-07
2023-07-07 13:55:00,2.7543785430605228,0.0007798732744271758,0.0006784837752017853,0.0008721416101429708,0.0007667283195723629,1.2309482972508177,1,1,1.25,0.00027674499236435426,0.0009320000000000439,0.0010259999999999935,0.00040450000000002984,1.1008583690986535,0.43401287553649226,LOW,0.7522690455822606,AN,108.37490201172903,0.5469240380738625,AN,134.17847844526804,mid,Friday,2023-07
2023-07-10 08:00:00,2.8830396477696274,-0.00037321353530285484,-0.0003435546324611627,-0.00022852516379281984,-0.00041681342980241787,-0.19152225917012622,27,20,63.0,0.00016923044382794315,0.0006279999999999841,0.0005939999999999834,0.00026650000000000285,0.9458598726114624,0.424363057324856,LOW,0.49033710424570326,AN,87.31730348006465,0.45490663169028794,AN,389.99020206022436,early,Monday,2023-07
2023-07-11 13:55:00,2.566360412937741,-0.0005964117978982525,-0.0014608942835860755,-0.001723781850648351,-0.00030399482279895584,-0.617243128259102,1,1,26.583333333333332,0.00034491336855393105,0.0009010000000000296,0.0010189999999999256,0.00040600000000000634,1.130965593784564,0.45061043285237845,MED,0.6621863270287978,AN,98.12012971022453,0.8994612382525575,AN,89.94612382525575,mid,Tuesday,2023-07
2023-07-13 09:00:00,2.503727907927587,0.00014540078895079744,0.0006383038747618114,0.0007150652260931728,-8.043589352207947e-05,0.0795128190865717,1,1,42.0,0.00021003809718100205,0.0009284999999999877,0.0009745000000000781,0.00033499999999999643,1.0495422724825967,0.36079698438341506,LOW,0.4475163077972121,GN,335.1203994720987,0.7117927351018299,AN,71.179273510183,early,Thursday,2023-07
2023-07-18 08:00:00,2.971571529845012,-0.000299564093454302,0.0004576558716775092,0.00024960422852307595,-0.0006710850421001446,-0.3322641579291976,8,8,115.41666666666667,0.0002674125758211012,0.0007605000000000083,0.0007264999999999633,0.0003774999999999973,0.9552925706771273,0.49638395792241047,LOW,0.5746280291318556,GA,194.88065863589028,0.5150652067908492,AN,141.51800050220075,early,Tuesday,2023-07
2023-07-26 15:50:00,2.533009696673938,0.00015253417435341643,0.0002463975267517071,0.0006061703741839369,3.387731760004509e-05,0.06514652396249865,1,1,194.91666666666666,0.00016758382988027337,0.0007434999999999748,0.0007774999999999643,0.00027699999999999394,1.0457296570275598,0.3725622057834611,LOW,0.7188542146192891,GA,164.23129339084966,0.6986766699116295,GA,175.83259026396954,late,Wednesday,2023-07
2023-07-27 10:55:00,2.812004731081092,-0.00035751371778586227,-0.0005348382113053302,-0.0015677582822541808,-2.559714046683481e-05,-0.32766202871445094,1,1,18.0,0.0002748090038794024,0.001291500000000001,0.0013675000000000104,0.0003410000000000246,1.0588463027487491,0.26403406891213654,LOW,0.8020646278703844,GN,84.91670142442254,0.4311871808849745,AN,43.118718088497445,early,Thursday,2023-07
2023-07-31 08:00:00,3.0451965716071325,0.0008046551803062713,0.0006387171803650532,0.000587679934502372,0.0010495700937537267,0.6288038029625596,1,5,88.75,0.00045282657491796613,0.0006310000000000371,0.0009069999999999911,0.000374999999999992,1.4374009508715337,0.5942947702059745,HIGH,0.47781161853376986,AN,63.229706670908094,0.41752836035681334,AN,41.752836035681334,early,Monday,2023-07
2023-08-03 12:00:00,2.724934003478611,0.0004430539979018572,0.0018707534021569217,0.0015096411148197292,-0.0003046679275713615,0.555202204889548,1,1,71.08333333333333,0.00037596114157324305,0.0011870000000000157,0.001325500000000024,0.0004969999999999807,1.1166807076663912,0.418702611625926,MED,0.6287901323716487,GN,162.14288040191002,0.48389790245488157,GN,87.72644119787566,mid,Thursday,2023-08
2023-08-04 13:05:00,2.545501089976571,-0.0003032772973377007,-0.0006175236964365699,-0.0006329745637481538,7.330148542163128e-05,-0.38298163461482204,1,1,20.083333333333332,0.0002824772526233264,0.0008304999999999896,0.0009560000000000901,0.0007040000000000046,1.1511137868754993,0.8476821192053142,LOW,0.3657112981042385,GA,-136.16607091343897,0.7188646315145998,AN,118.20568200345308,mid,Friday,2023-08
2023-08-08 08:05:00,2.807062056678169,-0.0004086580331891798,-0.00043187702489629054,-0.0006676055097060568,-0.0005778084995938654,-1.0334902259301306,1,1,89.33333333333333,0.00022678232365681725,0.0007659999999999779,0.0006110000000000504,0.0003709999999999769,0.7976501305483917,0.48433420365533636,LOW,0.9190589377521391,AN,106.9045505966368,0.675506316635463,AN,85.51299141175443,early,Tuesday,2023-08
2023-08-08 12:05:00,3.274856814866251,0.0006435357575207967,0.0014570464039758008,0.0009174575776449423,0.0004471080086019541,1.3265176085594488,1,1,3.0833333333333335,0.00032131951334893983,0.000875500000000029,0.0009765000000000468,0.00036800000000001274,1.1153626499143512,0.42033123929183386,MED,0.5805446463523904,GA,58.05446463523904,0.5205011330500042,AN,52.05011330500042,mid,Tuesday,2023-08
2023-08-08 14:20:00,2.5603238886786226,0.0004246981354091711,0.001030798926471177,0.001206922524702947,0.0001915872277696018,0.7605637151026357,1,1,1.5833333333333333,0.0002520102559282164,0.0008654999999999968,0.0008580000000000254,0.00039199999999999234,0.9913344887348684,0.45291738879259824,LOW,0.6564236202690485,AN,83.03588439749481,0.4709656168908499,AN,77.86308132995818,late,Tuesday,2023-08
2023-08-10 09:35:00,2.521667551539451,0.0001420441931400812,0.00023698993752843678,0.00096824887666902,2.6503485240442215e-05,0.18874158928398588,1,1,40.583333333333336,0.0002569367398217379,0.0006860000000000532,0.0007415000000000393,0.0003139999999999921,1.080903790087437,0.45772594752181883,LOW,0.6568709981818275,GN,127.56473137780834,0.5206076933699352,GN,98.25325780131564,early,Thursday,2023-08
2023-08-10 15:25:00,5.574855354661176,0.0031399624693865813,0.003512866251945773,0.003556011299762768,0.002846961020883526,4.619026259499726,1,1,4.0,0.0007170868630921453,0.0008315000000000073,0.0013035000000000796,0.00027250000000000885,1.5676488274204068,0.32772098616958084,HIGH,0.8131577915965165,GN,129.06765545985138,0.805821215873662,GN,119.92596859564135,late,Thursday,2023-08
2023-08-11 13:50:00,2.518480291830763,-0.0008030696143817295,-0.0009844592571527644,-0.0005365786264519418,-0.000823243663363657,-0.7564218605473467,1,1,22.166666666666668,0.000319860024801919,0.000727000000000011,0.000900499999999993,0.00047949999999999935,1.2386519944979084,0.659559834938091,MED,0.5881684101136574,AN,74.6009653378547,0.3908094851503032,GN,106.81611788915852,mid,Friday,2023-08
2023-08-14 11:10:00,3.469251453678399,0.0006288006838754828,0.001430443092467551,0.0017741091560081884,0.0003184850768690739,0.9728746173989702,1,1,66.16666666666667,0.00042088947412435173,0.0010284999999999767,0.0011524999999999563,0.0003269999999999773,1.120563928050542,0.31793874574621755,HIGH,0.7485279956704594,GA,74.85279956704593,0.41797883740634206,AN,41.797883740634205,mid,Monday,2023-08
2023-08-14 13:50:00,2.522680673020209,-0.0006643976434204807,-0.0009107542163088178,-0.0008708790282537793,-0.00015336312784862416,-1.162022777695523,1,1,1.3333333333333333,0.0003140862788480879,0.0007204999999999906,0.0007690000000000862,0.00042350000000000997,1.0673143650244223,0.5877862595420063,MED,0.4911205722790583,AN,87.4171880557533,0.6532214905972951,AN,103.41153899613371,mid,Monday,2023-08
2023-08-15 08:50:00,2.528335073967803,-0.00013435832166597272,-0.0003976521600444899,-0.0007075984556214054,2.508128944125887e-05,-0.09768084251539388,1,1,16.333333333333332,0.00022643111960256684,0.0007304999999999895,0.0006565000000000154,0.0003380000000000161,0.8986995208761461,0.4626967830253538,LOW,0.5320800823926153,AN,130.3939595134105,0.42418933541382964,GA,80.58894837979825,early,Tuesday,2023-08
2023-08-22 09:50:00,2.530319201227703,0.0001415969336799605,0.0007381007551961333,0.0013673435131137945,-9.245142798884609e-05,0.2170217121600304,1,1,165.0,0.00030810770133399946,0.0010660000000000224,0.0011279999999999734,0.00039500000000000093,1.0581613508442305,0.37054409005627825,MED,0.5860469997273698,GN,296.0566551885028,0.4440758674539047,GN,65.77253612918167,early,Tuesday,2023-08
2023-08-29 13:00:00,2.7761608580826347,-0.0009660462560726751,-0.0021762076052772583,-0.0018574779938844571,-0.0002814468020949923,-1.2828441466221692,1,1,167.25,0.0003585335722024437,0.0009184999999999888,0.0009680000000000133,0.00038199999999999346,1.0538922155688897,0.4158954817637432,MED,0.8271715029811225,AN,107.67249969801429,0.39466455498974057,AN,70.39887260843216,mid,Tuesday,2023-08
2023-09-01 09:55:00,2.6596756764939147,0.000255015347500262,0.00021816037873025051,0.0006179105093394033,0.0001736934178141747,0.304635465306641,1,1,64.91666666666667,0.00023647459977887636,0.0008760000000000101,0.0009539999999999659,0.00022100000000000453,1.0890410958903596,0.2522831050228333,LOW,0.44278406984376234,GN,44.27840698437623,0.6762868408885292,GA,67.62868408885292,early,Friday,2023-09
2023-09-01 13:45:00,2.5589591831700997,-0.00020733546282922233,-0.0007098740880032567,-0.0011776811006530413,-6.6578334441680376e-06,-0.20036827624826392,1,1,2.75,0.00022753144507881641,0.0006745000000000112,0.0006469999999999532,0.00041849999999999944,0.9592290585618123,0.6204595997034729,LOW,0.47434774872055563,AN,124.62449841055248,0.4434035874682418,AN,69.11593299032207,mid,Friday,2023-09
2023-09-13 14:20:00,2.7822189878959747,0.000377625038812765,0.0002563593568231659,0.0005085498130097538,0.00043409256572182753,0.7879336182024592,1,1,287.75,0.0001920373180202953,0.0006790000000000185,0.0007745000000000113,0.0003109999999999835,1.1406480117820181,0.45802650957286456,LOW,0.4389609524017983,AN,43.896095240179825,0.44724532778680176,GA,86.70298149320318,late,Wednesday,2023-09
2023-09-14 09:50:00,2.53176830103126,7.287912135298114e-05,0.0003416448301351571,0.0008385849532338147,-0.0001753147861144888,0.047521334345223654,1,1,16.833333333333332,0.00019539370063201232,0.0006399999999999629,0.000799499999999953,0.0002820000000000156,1.2492187499999992,0.4406250000000499,LOW,0.584623885731881,GN,345.42486478591906,0.4649064472297071,GA,46.49064472297071,early,Thursday,2023-09
2023-09-15 14:20:00,2.850490631580763,-0.00029486537949893754,-0.0004498342576745029,-0.0008849691561498008,-0.0002948674610023516,-0.6774982607208675,1,1,22.833333333333332,0.0001882181878545264,0.0007224999999999926,0.0007419999999999982,0.0003430000000000155,1.0269896193771706,0.47474048442909206,LOW,0.824719586870929,GA,126.98950420855614,0.5905201157041247,GA,138.83648138840772,late,Friday,2023-09
2023-09-19 10:05:00,2.5302942848237056,0.0002627012361385017,0.0002613557081334317,0.00035459942758926666,0.0001128714419955934,0.5335222429140372,1,1,89.08333333333333,0.00014060092090818072,0.0006860000000000422,0.0007114999999999983,0.00021499999999999853,1.0371720116617413,0.31341107871717977,LOW,0.5312438991287122,GN,254.84893680553492,0.7015584513073909,GN,174.03349915540497,early,Tuesday,2023-09
2023-09-21 08:45:00,2.711877094369104,-0.00038475075413990645,-0.00147292398642751,-0.0016633808677224,0.0005545758338653395,-0.3828628416305886,1,1,41.25,0.0002812334574082045,0.0005314999999999848,0.0005039999999999934,0.0002979999999999872,0.9482596425211812,0.5606773283160785,LOW,0.5533079859501998,AN,79.27372745953937,0.6933252932916547,AN,69.33252932916547,early,Thursday,2023-09
2023-09-21 13:00:00,2.751797506164696,0.0002937221609338875,0.0004987062934080633,0.00160112689880626,0.00010457285711353015,0.26482582555357403,1,1,2.6666666666666665,0.00024721181369146935,0.0007545000000000023,0.0009534999999999183,0.00038250000000003006,1.263750828363042,0.5069582504970561,LOW,0.4839173294302231,GN,103.35620500662894,0.46107954750154473,GN,100.19535611460874,mid,Thursday,2023-09
2023-09-26 08:00:00,2.829314161957129,-0.00025160207339139373,-0.0003401800437297514,-0.00036778905315881794,-1.0889651212500628e-05,-0.6845211681559116,1,1,113.5,0.00017353918911350324,0.0004980000000000095,0.0004684999999999606,0.00032099999999998243,0.9407630522087382,0.6445783132529644,LOW,0.5131968019132003,GA,75.24035696657367,0.6332513657260704,AN,83.18037720463921,early,Tuesday,2023-09
2023-09-26 13:40:00,2.6894265791158443,0.0003120546586749956,0.000700333146552129,0.0006340756962323613,3.106935432849178e-05,0.6683302077693885,1,1,2.25,0.00028795038227727383,0.0007004999999999817,0.0008199999999999763,0.00035400000000002096,1.1705924339757283,0.505353319057859,MED,0.9831558892538862,AN,98.31558892538862,0.7681394736007928,AN,76.81394736007928,mid,Tuesday,2023-09
2023-09-27 08:00:00,2.5178133442832307,-9.414213029947105e-05,-0.00032189436560273177,-0.0005133694278383755,0.00010292290609227595,-0.054207590621910384,1,2,15.166666666666666,0.00019478397910054074,0.0005684999999999718,0.0007205000000000572,0.0002715000000000134,1.2673702726474811,0.4775725593668018,LOW,0.5645182658188088,GN,264.4030460864362,0.36670957499565343,AN,104.17575667597225,early,Wednesday,2023-09
2023-09-28 11:10:00,3.089258639744491,0.00041414876237555465,0.0004834880066009323,0.000733713171013492,0.0004275969702177834,0.6665220322033205,1,1,25.166666666666668,0.00022966570193828204,0.0010195000000000065,0.0010509999999999797,0.0003234999999999766,1.0308974987738824,0.31731240804313343,LOW,0.452279301950414,GN,58.95055897825445,0.4962672562061125,GA,145.2335660174725,mid,Thursday,2023-09
2023-10-10 10:55:00,2.5091277487703634,-0.0004324296557288859,-0.0008012638738049138,-0.001228338357338321,8.559841578878458e-05,-0.8335535067533117,1,1,283.0,0.00021920536621562777,0.0008040000000000159,0.0008929999999999661,0.0002514999999999823,1.1106965174128713,0.3128109452736037,LOW,0.7905102757374791,GN,82.87627527644527,0.5581115053749959,GN,55.811150537499586,early,Tuesday,2023-10
2023-10-11 12:10:00,2.6516837503734894,-0.0005553426066556566,-0.0003797837720295738,-0.0012738996123134727,-0.000912055126364969,-1.0359039747570082,1,1,19.166666666666668,0.00039352893483760937,0.0008600000000000052,0.0010155000000000801,0.0003529999999999922,1.180813953488458,0.41046511627905824,HIGH,0.6462347922669047,GN,86.5262273324392,0.4015108312283188,GN,84.44535457612317,mid,Wednesday,2023-10
2023-10-12 09:40:00,3.524558535098156,-0.0005780437250873655,-0.0006121856165972189,-0.0015065514945627329,-0.0006652112416546396,-1.2336870208756334,1,1,16.666666666666668,0.000255102940115326,0.0008265000000000188,0.00079749999999994,0.0002175000000000149,0.9649122807016598,0.26315789473685414,LOW,0.6059881040480637,GA,82.08350305616446,0.5239108337798514,GA,89.71682975050706,early,Thursday,2023-10
2023-10-23 13:00:00,2.521714704459356,0.0001713766220071966,0.00013558111457560862,0.0003339330988531286,0.00019222002415322792,0.3036579768400398,1,1,260.0,0.0002222340837707259,0.000914500000000007,0.0010010000000000075,0.00027799999999998936,1.0945872061235646,0.30399125205028676,LOW,0.49425265896149,AN,118.38634709850157,0.7124763165055427,AN,102.11143138029652,mid,Monday,2023-10
2023-10-26 12:40:00,2.677563013000692,-0.00017886091910417068,-0.0007460175383481732,-0.0009081162881964117,0.0004085399277204277,-0.24672534183922767,1,1,71.41666666666667,0.00025452359655750916,0.0008089999999999819,0.0008390000000000564,0.00039049999999998255,1.0370828182942833,0.4826946847960337,LOW,0.3742050167756402,GN,142.31459573549222,0.6140166106238175,AN,61.40166106238175,mid,Thursday,2023-10
2023-10-27 10:40:00,2.6044333533550112,-0.00022703965480891375,-0.0001796075009475595,-0.00043305004954538595,-0.00013908943068477453,-0.3375061246575721,1,1,18.0,0.00016662292667777204,0.0008890000000000064,0.0009340000000000126,0.00019999999999998909,1.0506186726659235,0.2249718785151717,LOW,0.4947518014979153,GA,241.88934592481374,0.4816640280274756,GA,264.52260698723006,early,Friday,2023-10
2023-10-30 08:30:00,2.763557279317484,0.0005316487727431846,0.000770560638438611,0.0004873521169787842,0.0003177422282363007,0.9798320758266383,1,4,66.08333333333333,0.00019819926459005416,0.00045249999999997793,0.0005034999999999901,0.00026049999999999685,1.1127071823204744,0.5756906077348277,LOW,0.5848927407855748,AN,82.71584482015234,0.5031274055951948,AN,70.00003047198558,early,Monday,2023-10
2023-10-31 12:05:00,2.5700432125387667,0.0003570435789481824,0.0009129612383298458,0.00048469605040009356,-0.00028583032316582824,0.6775324242178555,1,1,22.333333333333332,0.0003046918128793207,0.0008195000000000175,0.0009519999999999751,0.0002715000000000023,1.1616839536302073,0.3312995729103069,MED,0.3595409088108466,AN,82.33119400732399,0.46069473240310427,GN,83.89661866057463,mid,Tuesday,2023-10
2023-11-03 11:45:00,2.884292317279129,-0.0003564880003584514,-0.0017496316495470288,-0.0013721605072831156,0.0007359829402774631,-0.41495368104827657,1,1,66.75,0.00046311544194646846,0.0007650000000000046,0.0008465000000000167,0.0006909999999999972,1.1065359477124335,0.9032679738562001,HIGH,0.6878752051333369,AN,80.00943019372762,0.7425786482056438,AN,78.62992128722385,mid,Friday,2023-11
2023-11-08 13:00:00,2.6332426361819827,-0.00031625879867275275,-0.00039940745138430933,-0.0003644810784195901,-0.0003302024679326665,-0.5366350282807364,1,1,116.58333333333333,0.00016594812194616808,0.0007595000000000351,0.0007624999999999993,0.0002589999999999537,1.0039499670835603,0.34101382488471593,LOW,0.6711726644831342,AN,67.11726644831342,0.650512800702142,AN,90.20406596604806,mid,Wednesday,2023-11
2023-11-10 13:50:00,2.6204174004346266,0.00021110945359009703,0.0005498130028163961,0.00100848230214301,3.456909203276848e-05,0.3120326914939806,1,1,44.833333333333336,0.00022321748809459022,0.0006475000000000008,0.0007205000000000128,0.00027800000000000047,1.112741312741331,0.4293436293436295,LOW,0.594261252851085,GN,59.4261252851085,0.6029974161859337,GN,60.29974161859337,mid,Friday,2023-11
2023-11-14 10:20:00,2.5023942094316913,0.0003915169704989535,8.40776037114993e-05,0.0007815602610552891,0.0006734271581951279,0.7383408256716433,1,1,89.33333333333333,0.00022997249105406495,0.0008179999999999854,0.001036999999999999,0.00021699999999997833,1.2677261613692146,0.2652811735941103,LOW,0.4233894970252279,AN,42.33894970252279,0.7353690163256458,GA,156.21618932804284,early,Tuesday,2023-11
2023-11-14 10:30:00,3.455577588342786,0.0019510591235225166,0.0009166921772852249,0.0006092528104977707,0.003376943040258762,3.731364037436752,1,2,0.08333333333333333,0.0005960890015762279,0.0008239999999999803,0.0010624999999999884,0.0007079999999999864,1.2894417475728321,0.8592233009708778,HIGH,0.9489818732709207,AN,94.89818732709206,0.7395675000806886,AN,73.95675000806887,early,Tuesday,2023-11
2023-11-14 13:05:00,2.940076438838142,-0.0003523415847658251,-0.00047459183903338087,-0.0009293956589864205,-4.6388487192475236e-05,-0.5878968258668342,1,1,2.5,0.00025751429451011896,0.0007564999999999933,0.000869500000000012,0.0004035000000000122,1.1493721083939454,0.5333773959022019,LOW,0.6193829334377031,AN,83.7738976204715,0.8746405420477846,AN,116.7306316165091,mid,Tuesday,2023-11
2023-11-15 08:35:00,2.7947069714590826,0.0003043216537918364,0.0005851466858077387,0.0006840490922901121,4.6942700210259036e-05,0.43704326752403677,1,1,17.0,0.00022556904672390172,0.0006300000000000305,0.0006309999999999372,0.0003219999999999557,1.0015873015871535,0.511111111111016,LOW,0.5478893594484058,AN,54.788935944840574,0.6381492069132407,AN,98.40584942182336,early,Wednesday,2023-11
2023-11-16 11:20:00,2.662442625765568,-0.0005191744790471325,-0.0008048266126614995,-0.0008211857946168882,-0.000311606165370959,-0.6085898752292338,1,1,18.333333333333332,0.0002567310459084146,0.000959499999999991,0.0010600000000000164,0.0004464999999999941,1.1047420531527112,0.4653465346534636,LOW,0.4070533647650264,GA,124.17394875304872,0.38898308250389413,GA,113.87652868676805,mid,Thursday,2023-11
2023-11-21 10:10:00,2.8727901460402125,0.0005011580401824839,0.001044570160427763,0.0008963863816388168,0.00032845793963404146,0.8928908242914588,1,1,113.83333333333333,0.00023633804507082332,0.0007794999999999996,0.0009459999999999136,0.0002214999999999967,1.2135984605515255,0.28415651058370345,LOW,0.46085548260162107,GA,46.085548260162106,0.6738711070466514,GN,123.17730933925696,early,Tuesday,2023-11
2023-11-22 08:30:00,2.5001705634697537,0.00022837682144379035,0.0007089929517379162,0.0007929876204069986,-0.00016494394845861793,0.20325904296725072,1,1,15.5,0.00018615119120749178,0.0005899999999999905,0.0005864999999999787,0.00023649999999999504,0.9940677966101495,0.4008474576271167,LOW,0.6243328976196671,GN,67.46234892366776,0.5259342707176069,AN,52.593427071760686,early,Wednesday,2023-11
2023-11-24 12:10:00,2.7373142306199565,-0.0006333518662650223,-0.0003467669745839397,-0.00035542049337802806,-0.000860956904433885,-1.8304092784963886,1,1,49.166666666666664,0.00021597141011645078,0.0006250000000000311,0.0007105000000000139,0.0002529999999999921,1.1367999999999656,0.4047999999999672,LOW,0.6467367525905618,AN,86.04088085347425,0.4459563156450839,GN,108.37305311576328,mid,Friday,2023-11
2023-11-24 14:15:00,2.5274743996476206,0.00010281597957910449,0.001064332295852649,0.0010710637090516756,-4.565405512522991e-05,0.24927236986146406,1,1,0.8333333333333334,0.0002204164994582149,0.0005265000000000075,0.0007745000000000335,0.00016350000000001642,1.471035137701847,0.31054131054133727,LOW,0.6876664102832235,GN,183.2151020647241,0.8229479172605781,GN,87.81130088023235,late,Friday,2023-11
2023-11-27 11:50:00,2.5107628976439096,-0.0005679680416151855,-0.0014994675017126063,-0.0018543875696676593,-4.549103994395953e-05,-0.7045966679668814,1,1,68.58333333333333,0.00024144230608621824,0.0008850000000000136,0.0008649999999999824,0.0002595000000000014,0.977401129943468,0.2932203389830479,LOW,0.7811431232892584,GA,84.74510588233451,0.48752462022844334,GN,48.752462022844334,mid,Monday,2023-11
2023-11-28 11:45:00,2.908831329465045,-0.00022932514490642264,-0.0003718943883615766,-0.000628748063768475,-2.1253803340295918e-05,-0.4598967262716189,1,1,22.333333333333332,0.00016080057418612343,0.000861999999999985,0.000862499999999966,0.00030449999999998534,1.0005800464036905,0.353248259860778,LOW,0.5259145895262716,GN,52.59145895262716,0.49850529063175775,GA,62.51715744594619,mid,Tuesday,2023-11
2023-12-19 08:15:00,2.5305729215301724,0.0001674367028620255,0.0006335865617014547,0.00021806600493400052,-1.875003992882207e-05,0.2598111795339677,1,2,495.25,0.00026699420342158546,0.0006864999999999788,0.0006959999999999855,0.00022850000000003147,1.013838310269493,0.3328477785870918,LOW,0.5391314724725346,GA,79.27839525458455,0.48346677513477776,GA,-1462.106694477231,early,Tuesday,2023-12
2023-12-27 13:55:00,2.5824564055868233,-0.00014157409802617593,-0.0006581331950229335,-0.0005513037651966729,0.0002700261641470081,-0.16278727406986393,1,1,196.08333333333334,0.00021197180079079493,0.00062549999999999,0.0007844999999999658,0.00029799999999999824,1.2541966426858167,0.47641886490807833,LOW,0.7047682081337948,GN,172.08926487096613,0.783452488469581,GN,138.19820258054602,mid,Wednesday,2023-12
2023-12-29 14:00:00,2.6652615967069084,0.00025993292530171463,0.0005007601062105016,0.0007994304569749616,0.0002451273450505831,0.3041128840547347,1,1,45.0,0.0003366425107764803,0.0008985000000000243,0.0009889999999999955,0.0004430000000000045,1.1007234279354132,0.4930439621591458,MED,0.5155099828109917,AN,92.85205531035525,0.3714611747372818,GN,-144.49376442411815,late,Friday,2023-12
2024-01-02 08:00:00,2.790726628066586,0.0003794282833746443,-0.0001675903027429787,-0.0003771060893349998,0.0011161827537931462,0.39695783247608674,6,12,87.0,0.00029990028675646934,0.0007124999999999715,0.0006985000000000685,0.0003089999999999815,0.9803508771931179,0.4336842105263071,MED,0.5574341077615932,GA,104.69849961327103,0.7014510573832129,AN,127.34142518612828,early,Tuesday,2024-01
2024-01-05 11:15:00,2.5627603190593775,0.0004860005047208349,0.0007072906761138448,0.0011084766461965517,0.0006065004751889674,0.9097271344717068,1,1,66.41666666666667,0.00028910838756664284,0.0009700000000000153,0.0012040000000000273,0.0005979999999999874,1.2412371134020703,0.616494845360802,MED,0.6772939694367038,GN,132.53533674684343,0.8462636870528338,GN,88.37293990719903,mid,Friday,2024-01
2024-01-17 10:15:00,2.8840561784009746,0.0004076477199405071,0.0007979597252089909,0.0010747845883191942,0.00011633261615720536,0.5138503654455908,1,1,285.75,0.00022350386350430019,0.001505499999999993,0.001601499999999989,0.0002074999999999716,1.0637661906343385,0.13782796413149956,LOW,0.9763071498275446,GA,97.63071498275447,0.6098105018562574,GA,245.47957962780046,early,Wednesday,2024-01
2024-01-24 10:30:00,3.007099325197887,0.0007624136949681698,0.0014309457968446626,0.0017133649030965925,0.0001755609140750708,0.9966282304992755,1,1,164.33333333333334,0.00028380785206456714,0.0009439999999999559,0.0011349999999999527,0.0002555000000000196,1.2023305084745823,0.27065677966105034,MED,0.45474918201775044,AN,55.98988387872728,0.45806394297259173,AN,67.9234908456641,early,Wednesday,2024-01
2024-01-25 10:35:00,2.6256624987746724,0.00018033100069493602,0.0006711176929037749,0.0009286675356755397,-0.0004361396476140339,0.20774530493794963,1,1,19.083333333333332,0.00021437849929775523,0.0008274999999999921,0.0009019999999999806,0.00027399999999997424,1.0900302114803495,0.3311178247733859,LOW,0.41051058789677214,GA,-229.36265768694503,0.4196820471353694,GN,142.82232026943652,early,Thursday,2024-01
2024-01-26 14:30:00,2.736817141222332,-0.00034337350641489017,-0.0005233365254770639,-0.0005304146664713155,-6.79698499418957e-05,-0.5324538088377868,1,1,24.5,0.0001688393072894021,0.0006234999999999768,0.0006399999999999517,0.00019199999999998109,1.0264635124297923,0.3079390537289306,LOW,0.537836269176946,GN,58.65114288132397,0.8402568190823765,GN,117.90845408554085,late,Friday,2024-01
2024-02-08 12:30:00,2.8832423117986377,-0.00030120644835474053,-0.0007751572255754874,-0.001175361348641768,-6.384975036219376e-05,-0.7014501502631627,1,1,307.5,0.0001666313945842004,0.000600500000000026,0.0006485000000000296,0.00022649999999998504,1.0799333888426337,0.37718567860112445,LOW,0.6900931669256523,GN,69.00931669256522,0.357611049269101,GA,35.7611049269101,mid,Thursday,2024-02
2024-02-16 08:20:00,2.6821769334213093,-0.00028019261408374074,-0.0004644077621519249,-0.00010216907126482655,-2.0509552972516887e-05,-0.2394691490922911,1,5,184.33333333333334,0.00021798458866065918,0.0004444999999999921,0.0005599999999999827,0.0001595000000000235,1.259842519685023,0.3588301462317803,LOW,0.49906048869859976,GN,81.29011835879685,0.7298530951931552,GN,72.98530951931552,early,Friday,2024-02
2024-02-19 09:05:00,2.609963796959766,0.00013094699286941847,0.0003780738602361944,0.00044030903661523846,1.6860794230966203e-05,0.22905260574053132,1,1,68.08333333333333,0.00018124047674688122,0.0004189999999999805,0.0005384999999999307,0.00014750000000003373,1.2852028639617084,0.35202863961823533,LOW,0.6334206618644598,GA,63.342066186445976,0.6793880433226331,GA,101.94782236393753,early,Monday,2024-02
2024-02-20 09:20:00,2.7790731501847903,-0.00038120494536595523,-0.0010529088848701268,-0.0007914518825751504,-0.0001224194601657444,-0.7162193080735664,1,1,20.583333333333332,0.00020948376818932435,0.0004284999999999983,0.0005314999999999736,0.00026249999999999885,1.240373395565871,0.612602100350058,LOW,0.5428806896284073,AN,98.72925009524984,0.5325075791711585,AN,53.250757917115855,early,Tuesday,2024-02
2024-02-27 11:05:00,3.212689321755606,-0.000586315577926988,-0.0008650202279702271,-0.000900456211917755,-0.00028677766779357933,-1.1335295649821173,1,1,166.91666666666666,0.00021103289974399618,0.000609499999999985,0.0006640000000000202,0.0002590000000000092,1.0894175553733165,0.4249384741591724,LOW,0.7498145709120727,AN,78.71114850118565,0.5777188406359248,AN,61.61090609759291,mid,Tuesday,2024-02
2024-03-01 12:55:00,2.965511029794385,0.0005531291513944381,0.0015221036421398798,0.0014313068132816853,6.249002105312984e-05,0.6649087437004413,1,1,67.91666666666667,0.00021035693129069943,0.0007135000000000003,0.0007819999999999272,0.0004070000000000018,1.096005606166681,0.5704274702172413,LOW,0.9470471390948421,AN,94.70471390948421,0.6466586519672111,AN,86.09877790470964,mid,Friday,2024-03
2024-03-05 08:35:00,2.6637933681572687,0.00018490997016890054,0.0003759153592732961,0.000498390635029225,-0.00011272700077404052,0.3158536161194534,1,1,87.58333333333333,0.0001546614828850817,0.0006425000000000125,0.0005859999999999532,0.00019999999999998909,0.9120622568092479,0.31128404669258397,LOW,0.7589856926036029,GA,146.53042895409817,0.526618316424864,GA,128.51130640686213,early,Tuesday,2024-03
2024-03-06 12:10:00,2.513689680761452,0.0003164176602934998,0.0006645108498578578,0.0006204182116935492,0.0003210585432057572,0.4265062661006116,1,1,24.5,0.0001869780784093138,0.0006154999999999688,0.0006655000000000521,0.0002859999999999752,1.0812347684810493,0.46466287571078746,LOW,0.6493183266487265,AN,64.93183266487264,0.43485605367530183,AN,92.82668478693718,mid,Wednesday,2024-03
2024-03-08 10:25:00,2.530936750931906,-0.00027189638327682064,-0.0010435673722227895,-0.0013874655581041506,0.00034786039230180754,-0.3423741349201599,1,1,41.75,0.00018864394302564106,0.0008105000000000028,0.0008669999999999511,0.00029400000000001647,1.0697100555212191,0.3627390499691739,LOW,0.718127774154663,AN,164.6117228623706,0.8163088046282037,AN,90.38283243035539,early,Friday,2024-03
2024-03-12 08:40:00,2.5780883860894694,9.055340013652824e-05,0.00042895485026921143,0.0006651667833773856,-0.0002359570375306541,0.11423770797179467,1,2,88.91666666666667,0.0001603759671037901,0.00039599999999998523,0.00041250000000008223,0.0001720000000000166,1.0416666666669132,0.43434343434349243,LOW,0.5315802525129234,GN,53.158025251292344,0.42295618174493116,GA,70.41246368173421,early,Tuesday,2024-03
2024-03-22 14:55:00,2.652984925853935,0.0003057206320586092,0.0009105539234326027,0.00109664082316481,-8.446522789044841e-05,0.3109791817436225,1,1,244.0,0.00022148983824917312,0.0006505000000000316,0.0006300000000000194,0.00025799999999998047,0.9684857801690835,0.39661798616443955,LOW,0.4623852525976769,AN,72.21127516109985,0.4645119814468721,AN,73.09807523980265,late,Friday,2024-03
2024-03-29 10:10:00,2.7943259071968343,-0.0002361803847723276,-0.0006922049333027008,-0.0013228864723257017,0.00017268111151592935,-0.45105257702951684,1,1,161.16666666666666,0.0002206815602497499,0.00045800000000002506,0.00030399999999992656,0.00020850000000001146,0.6637554585150872,0.45524017467248923,LOW,0.6997083560414367,AN,69.97083560414367,0.5087767882400216,GA,55.104957150070874,early,Friday,2024-03
2024-03-29 14:05:00,3.013845981545844,0.000338997385861628,0.000764414932515764,0.0013668063511626805,0.0003557818242339028,0.6364476788674409,1,1,2.25,0.00027394304642965636,0.0003950000000000231,0.0005790000000000184,0.00032750000000001387,1.4658227848100875,0.8291139240506196,MED,0.5679520364387212,AN,56.795203643872114,0.8065303795192701,GN,80.653037951927,late,Friday,2024-03
2024-04-02 12:15:00,2.5814523218919807,-0.00022640844528871995,-0.0005122565432139764,-0.00040204668121042453,-0.00026634761791795303,-0.29563342275347093,1,1,93.25,0.00013339247664902458,0.0006855000000000278,0.0006880000000000219,0.00021449999999998415,1.003646973012391,0.31291028446385916,LOW,0.5044224513956782,GN,161.17212227031297,0.448293241407892,GN,128.27664319922002,mid,Tuesday,2024-04
2024-04-04 08:55:00,2.686561101825341,0.00036151225712180435,0.0006414947889729072,0.0005260405502734711,0.00016345675053028308,0.6408308872572177,1,1,43.333333333333336,0.00017201556307857232,0.0005054999999999366,0.00047650000000001305,0.00022999999999998578,0.9426310583582055,0.4549950544016116,LOW,0.49481187250442393,GN,58.03248465986697,0.6416030719199356,GN,70.9140006110199,early,Thursday,2024-04
2024-04-08 10:10:00,2.5232986993176887,-0.00010762959239547787,-0.00019054159501796786,-0.0004340460334037455,-1.2859383987165462e-05,-0.20926970204791084,1,1,91.75,9.63008650035643e-05,0.0006120000000000347,0.0006079999999999864,0.00018750000000001822,0.9934640522875031,0.30637254901962024,LOW,0.6334328365146532,GA,237.36017799677498,0.5666216029007765,GA,425.25365514297215,early,Monday,2024-04
2024-04-11 13:45:00,2.7088181347349107,0.00024994042333734146,0.00022478936748346334,0.0002316988687052629,-1.5368002303131623e-05,0.4903202516540093,1,1,73.91666666666667,0.0002659165953223597,0.0006755000000000178,0.0006825000000000525,0.0003870000000000373,1.0103626943005692,0.5729089563286857,MED,0.38447071266797317,AN,88.07176439020296,0.4984423229646655,GN,161.89917319976595,mid,Thursday,2024-04
2024-04-17 08:15:00,2.5270976948489814,0.00012029614078179485,0.0004434325408406714,0.00031224365963972156,8.094495118668443e-06,0.12963368212184134,1,2,136.5,0.00021870368741261324,0.0004475000000000118,0.00047549999999996206,0.0002899999999999792,1.0625698324021218,0.6480446927373665,LOW,0.4409075040897023,GA,197.23820804131347,0.6444249602895784,GA,223.10027262513282,early,Wednesday,2024-04
2024-04-25 11:00:00,2.5889493450159358,0.0002468352629500514,0.0007388625310292274,0.0009095232762089817,0.00013325772836723926,0.5852864907699642,1,1,188.41666666666666,0.00015400908862794744,0.000725499999999979,0.0007909999999999639,0.00015550000000000841,1.0902825637491205,0.21433494141972836,LOW,0.7395497121773634,GA,73.95497121773634,0.37856311914315294,AN,37.85631191431529,mid,Thursday,2024-04
2024-05-03 10:00:00,2.5059282723146006,-0.00048696584676360954,-0.00040952045399315906,-0.0007208237634768466,-0.0004988970126503234,-0.9251734596312735,1,1,189.16666666666666,0.0002000746360217818,0.0007009999999999961,0.0006819999999999826,0.00018650000000000055,0.9728958630527623,0.2660485021398025,LOW,0.7751055944394398,AN,85.85000560839056,0.4354691415536319,AN,103.85462366998392,early,Friday,2024-05
2024-05-08 14:25:00,2.555211162685629,0.00021325680185213525,0.0007429942671497713,0.0010590536982997834,-3.408847759864275e-05,0.5480072315789735,1,1,119.41666666666667,0.00019094476680754134,0.0005510000000000237,0.0005900000000000239,0.00023900000000000033,1.0707803992740446,0.43375680580760445,LOW,0.4379398209947521,GN,69.69903149127406,0.5039485031456991,GN,52.122840540985024,late,Wednesday,2024-05
2024-05-09 12:55:00,2.709119483906701,0.00036853047041467135,0.0006089206408504133,0.0002514566089781428,0.0003939152152120373,0.7203745026014974,1,1,19.916666666666668,0.00019262130264711914,0.0005580000000000029,0.0006124999999999048,0.00030850000000000045,1.0976702508958809,0.5528673835125427,LOW,0.39085026526816413,AN,71.69394509683484,0.48062005653967804,GA,207.26433559961856,mid,Thursday,2024-05
2024-05-14 08:55:00,2.580479319740528,0.0003366746515373331,0.0006899044416180528,0.0014607364010518487,0.0003632699562065578,0.8170200012998239,1,1,113.41666666666667,0.0002095795765665383,0.0004249999999999976,0.000499000000000005,0.00023300000000001653,1.174117647058842,0.5482352941176891,LOW,0.6628506289059607,GN,159.44697505482114,0.48094194451773714,GN,72.3692403975277,early,Tuesday,2024-05
2024-05-17 12:15:00,2.6639657683061735,0.00022938504920291813,0.0006848663705279756,0.000610703150196984,6.711449297859551e-05,0.4549377717888152,1,1,71.16666666666667,0.0001383742685954311,0.0006479999999999819,0.0005779999999999897,0.00017550000000000622,0.8919753086419843,0.27083333333335047,LOW,0.5506119746150289,AN,119.94392939297612,0.41509151372206754,AN,78.12582976380355,mid,Friday,2024-05
2024-05-21 08:45:00,2.629654471934752,0.0003510768597339148,0.00045029898901413623,0.0005952019762884009,0.00025073465118581606,0.5837530777196211,1,1,87.91666666666667,0.00017670515966776044,0.00045249999999997793,0.0004350000000000076,0.000248999999999977,0.9613259668508924,0.5502762430938987,LOW,0.7122705584690604,AN,127.71306055975131,0.9201656903943823,AN,92.01656903943824,early,Tuesday,2024-05
2024-05-23 12:55:00,2.515900263713039,9.700637120033107e-05,0.0005679216680513494,0.00043760609660847827,-0.0002855928374576322,0.07228612065725981,1,1,47.0,0.00023304257335472384,0.000763500000000017,0.0009050000000000224,0.00042399999999997995,1.1853307138179467,0.5553372626063792,LOW,0.42694711719078055,GN,263.137274227015,0.549311803299135,GN,113.44697255915676,mid,Thursday,2024-05
2024-06-05 08:05:00,2.548032458794428,-0.0003461012196923213,-0.0002899560040187238,-0.0001839917482581166,-0.00041219040311286925,-0.7213386496549987,1,5,303.9166666666667,0.0001589893872733261,0.00042050000000001255,0.0004999999999999894,0.0002635000000000054,1.189060642092686,0.6266349583828716,LOW,0.6717337019603472,AN,67.17337019603472,0.46018368485051636,GN,71.2191469719444,early,Wednesday,2024-06
2024-06-07 15:25:00,3.070297622421252,0.0010011860512232074,0.0012047250795886866,0.0014203268652489276,0.0006449362070736764,1.3977560966907392,1,1,48.083333333333336,0.0003160342117462482,0.0006815000000000126,0.000729499999999983,0.00026049999999998573,1.0704328686720022,0.3822450476888935,MED,0.8652398161155017,GN,118.4481781474069,0.8748599732603811,GN,87.48599732603812,late,Friday,2024-06
2024-06-12 11:25:00,3.3800280421669453,-0.0011409341061918432,-0.0015658768684273933,-0.0016502966278433562,-0.0008776923934284697,-2.0512514251360683,1,1,114.58333333333333,0.0002984142810780429,0.0007065000000000321,0.0006985000000000019,0.0002275000000000027,0.9886765746637936,0.32200990799715834,MED,0.8226460847647896,AN,109.18861260810561,0.6886392164243286,AN,85.83647752088143,mid,Wednesday,2024-06
2024-06-13 08:25:00,2.5280447623717675,-0.00016982586991866333,-0.00016714705181392064,-0.000543477140885637,-1.2124035984051318e-05,-0.2532779949444728,1,1,20.5,0.0001521985921658968,0.00044199999999999795,0.00044199999999998684,0.00019049999999996015,0.9999999999999749,0.430995475113034,LOW,0.5768139366249284,GA,76.6128155425627,0.639352585492181,GA,135.67946079820837,early,Thursday,2024-06
2024-06-21 08:00:00,3.2714514565652206,-0.00020551919689992815,-0.00031466539561762763,-8.383454530237755e-05,3.286281378950262e-05,-0.1946341804196181,20,20,191.08333333333334,0.00018436139842814792,0.0002840000000000287,0.0003130000000000521,0.00026999999999998136,1.1021126760564102,0.950704225351951,LOW,0.4481565705310349,AN,44.81565705310349,0.8607321374178002,AN,114.94717439843207,early,Friday,2024-06
2024-06-25 08:05:00,2.6847322656244503,-0.0001797772356054994,-0.00027058006871291673,-0.0005352939432937548,-8.126977777034305e-05,-0.40669012485431644,1,1,93.58333333333333,0.00013930695879579605,0.0004389999999999783,0.00033149999999997347,0.0001695000000000113,0.7551252847380179,0.38610478359913364,LOW,0.5299835481479377,GA,70.0614283446923,0.603071548977739,AN,60.3071548977739,early,Tuesday,2024-06
2024-06-27 09:25:00,2.6652899274101496,-0.0004041049033746691,-0.00076379085204345,-0.0009485072819107598,4.518137291630031e-05,-0.3535684201697036,1,1,43.416666666666664,0.0001911273618494392,0.000507499999999983,0.0005070000000000574,0.00025850000000000596,0.9990147783252697,0.5093596059113589,LOW,0.7256419285299671,AN,102.0011678503447,0.7395420993183871,AN,134.9949991048414,early,Thursday,2024-06
2024-06-28 08:05:00,2.618877024814653,8.941329641137807e-05,0.00040231206949650766,0.0004217687887956012,-0.0001031450984298743,0.18915721411641462,1,1,18.75,0.00019566149775594608,0.0004874999999999852,0.0003610000000000113,0.00021799999999999597,0.7405128205128663,0.4471794871794925,LOW,0.3961524466857664,GA,82.15517674114969,0.6069092877010134,AN,107.51555394103711,early,Friday,2024-06
2024-07-01 08:00:00,2.5084432054684096,0.0003086800244143789,0.0005348868505959115,0.00047683443023749383,0.00038554046804110953,0.3551259223551493,1,1,68.58333333333333,0.00015428705859726278,0.00037550000000000636,0.00031100000000006123,0.00017850000000000366,0.8282290279628653,0.47536617842876333,LOW,0.6390593183240943,GA,93.8270492269773,0.49351440486024756,AN,63.20792331585169,early,Monday,2024-07
2024-07-02 13:40:00,2.51460513666323,-0.00031897532690852715,-0.000786918375879575,-0.0007997283870179173,0.00018399255063444864,-0.3070654307261518,1,1,26.5,0.00029139926010064476,0.0005520000000000192,0.0005144999999999955,0.0004270000000000218,0.9320652173912639,0.7735507246376938,MED,0.5610275994501328,GA,56.10275994501328,0.4142345587590108,AN,91.21706976244248,mid,Tuesday,2024-07
2024-07-04 09:30:00,2.680172056377036,0.00012159452058353726,0.00024758007725052267,0.0003931499497558666,-3.772033044666112e-05,0.32618850227298646,1,1,41.083333333333336,0.00010597295548918367,0.0004055000000000031,0.0003894999999999982,0.00017300000000001204,0.960542540073971,0.4266337854500881,LOW,0.7953119715837828,AN,134.65623613537548,0.43723317745601975,AN,75.50743731595617,early,Thursday,2024-07
2024-07-05 11:25:00,2.865346899942762,-0.0006540403597881383,-0.0006810241122283262,-0.0008356089539387213,-0.0007889787903003209,-1.3253533210454613,1,1,22.416666666666668,0.00020426424708443533,0.0006460000000000132,0.0006249999999999422,0.00017500000000006955,0.9674922600618103,0.27089783281743957,LOW,0.8562669615094598,AN,118.23540858462248,0.47159193180755593,AN,83.79627888663586,mid,Friday,2024-07
2024-07-09 10:35:00,2.6048277428382347,-0.00014281765844209593,-0.00016240926467957217,-0.00033561972720282107,6.325437439917703e-05,-0.39679787979517567,1,1,89.58333333333333,0.00013829860822290045,0.0005035000000000345,0.00047450000000006656,0.0001440000000000108,0.9424031777557776,0.28599801390268303,LOW,0.6811027527550723,GA,188.04318056838486,0.5937143166094965,GA,91.91270073243145,early,Tuesday,2024-07
2024-07-11 08:05:00,2.651174512382907,0.00025990125996916413,0.0003342588320510709,0.00035057829207887914,0.00018201134630591032,0.5463073179074831,1,1,40.25,0.00015035522611680374,0.00030650000000000956,0.000269499999999967,0.00019299999999999873,0.8792822185969285,0.6296900489396173,LOW,0.5290661123606978,GN,52.90661123606978,0.6716190825597145,AN,110.41385593601288,early,Thursday,2024-07
2024-07-11 11:45:00,2.5152238739553168,-0.000507480377730421,-0.001118170500399196,-0.001604554717025558,-0.0006666213010438626,-0.9458130556139024,1,1,0.3333333333333333,0.0002672991184206017,0.0005510000000000237,0.0005804999999999838,0.00042650000000000744,1.0535390199636276,0.7740471869328296,MED,0.5442001712522898,AN,131.5504856332985,0.7482499828617962,AN,103.41960062997693,mid,Thursday,2024-07
2024-07-16 08:50:00,2.651707898297874,-0.0002217814803275181,-0.0004892114282781662,-0.0003332528911641347,-8.965784743664162e-05,-0.2924044470197753,1,1,113.08333333333333,0.00015251986479610768,0.000572499999999998,0.0005149999999999766,0.00022000000000002017,0.8995633187772548,0.3842794759825693,LOW,0.5703091197630829,AN,81.10046894701028,0.6207607601733306,AN,119.87381123642041,early,Tuesday,2024-07
2024-07-16 15:20:00,2.506395724607737,0.0003512933465999457,0.000562602144685384,0.0011050410615673217,0.0002160288918741371,0.304268482980687,1,1,2.5,0.00018295008703836393,0.0005799999999999917,0.0005954999999999933,0.00022999999999999686,1.0267241379310377,0.3965517241379313,LOW,0.3846109254225758,GA,38.46109254225758,0.4853156625015206,GA,48.53156625015206,late,Tuesday,2024-07
2024-07-25 11:00:00,2.987313620066839,0.0006139074582775517,0.0009084813993880947,0.0012443597877907636,0.0006410341095528099,0.5725151917387463,1,1,210.0,0.00028577560116205513,0.0010834999999999929,0.0010369999999999546,0.0002555000000000085,0.9570835256114087,0.23580987540379342,MED,0.5778975853594983,GA,75.93101190893961,0.46937595811032035,GA,60.07745298436038,mid,Thursday,2024-07
2024-07-29 10:50:00,2.50428969418852,0.00023993628950083612,0.00018911826844782154,0.00032137141898280763,0.0002032912084907329,0.4332880972114723,1,1,89.83333333333333,0.00015365492455475467,0.0006800000000000139,0.0007590000000000207,0.00019699999999998053,1.1161764705882429,0.2897058823529066,LOW,0.47543806930258714,GN,190.97725919653777,0.5579458386329161,GN,226.3999028297464,early,Monday,2024-07
2024-08-01 13:45:00,2.7728688892014093,-0.0004527502966262392,-0.0011817387764437998,-0.0020286785718156147,-1.2302425419344343e-05,-0.27668668032558363,1,1,73.0,0.0002576951167899348,0.0008990000000000054,0.0009000000000000564,0.0004610000000000003,1.001112347052337,0.5127919911012209,MED,0.45796083293746065,AN,106.95067087980263,0.7418420566246161,AN,74.18420566246161,mid,Thursday,2024-08
2024-08-02 11:25:00,4.495950376601434,-0.0014961623598179902,-0.0015866101376811048,-0.0018745449448394208,-0.0011041743127609277,-2.3847723617271486,1,1,18.416666666666668,0.00044923771259262993,0.0009694999999999565,0.0009914999999999896,0.0003774999999999751,1.0226921093347436,0.38937596699328725,HIGH,0.7367949134295994,AN,95.3488030066201,0.385713828602727,GN,77.98194652194607,mid,Friday,2024-08
2024-08-05 13:00:00,2.5995725847259816,0.002415964410763638,0.0011470622975551237,0.0015003192697282258,0.003922865034052675,1.152516738764103,1,1,69.58333333333333,0.0010305873658957294,0.0019949999999999803,0.0020079999999999655,0.0010495000000000031,1.0065162907268097,0.5260651629072749,HIGH,0.5909007250297903,AN,99.46286676441161,0.367932226251239,GA,-139.29674734700026,mid,Monday,2024-08
2024-08-06 08:40:00,2.6488933218818946,-0.001118790223634536,-0.003375810476181587,-0.0031041838663909,6.191429476519461e-05,-0.5076718480351219,1,1,15.666666666666666,0.0007650116117958203,0.0019259999999999833,0.0018039999999999834,0.0005219999999999669,0.9366562824506744,0.2710280373831628,HIGH,0.7256480262557833,GA,72.56480262557832,0.8015155062882685,GA,85.91706398140535,early,Tuesday,2024-08
2024-08-13 10:50:00,2.647623569638745,-0.00022416788276172217,-0.0005396511665072129,-0.00046320120221975125,-0.0001587905130980144,-0.4267166233058579,1,1,166.08333333333334,0.0002000398154294941,0.0009690000000000199,0.0009925000000000183,0.00026800000000002375,1.02425180598555,0.27657378740971955,LOW,0.4372334475357456,GA,135.74025329381246,0.6449071982281774,GN,222.5242107064542,early,Tuesday,2024-08
2024-08-20 11:30:00,3.0396545100970824,0.00047712074290376383,0.0007843429612156144,0.0011261386627429287,0.0002329286171397632,0.7842458726637287,1,1,165.08333333333334,0.0002100357121555585,0.0008540000000000547,0.0009439999999999893,0.00026850000000001596,1.1053864168617433,0.3144028103044482,LOW,0.5276758449843579,GN,79.0825686945585,0.5098802467701004,AN,63.996353320049145,mid,Tuesday,2024-08
2024-08-22 11:50:00,2.5565193021789865,-0.0005946537494428139,-0.0010183520741052915,-0.0009877785550684859,-0.00027957048937016227,-1.1146941205226126,1,1,44.166666666666664,0.00020166446361151368,0.0009500000000000064,0.00101749999999996,0.0003039999999999821,1.0710526315788982,0.31999999999997897,LOW,0.4694034961344911,AN,69.19772913066527,0.4212717702462309,GN,86.09039294341517,mid,Thursday,2024-08
2024-08-23 13:45:00,3.1983770277521497,-0.0007743002257679238,-0.0012443461755053398,-0.0014713380884469052,-0.0006330716986298474,-1.3881868372223392,1,1,21.083333333333332,0.0003601471776283775,0.0005494999999999806,0.0005640000000000312,0.0005020000000000469,1.0263876251138329,0.9135577797999357,HIGH,0.6976123164734392,AN,78.08060813192469,0.7091295071281044,AN,70.91295071281044,mid,Friday,2024-08
2024-08-27 10:15:00,2.6259784583426033,-0.0007009266771813433,-0.0009004673018472714,-0.0007616990225628589,-0.0006729557580995166,-1.4094103400181583,1,1,89.25,0.00020616099828938612,0.0006529999999999925,0.0007405000000000328,0.0002519999999999856,1.133996937212927,0.38591117917302986,LOW,0.6604862497855117,AN,78.62316162768943,0.3913834418893174,GA,-180.16748491076712,early,Tuesday,2024-08
2024-08-28 09:50:00,2.5379038030521945,-0.00024985525236814743,-0.000647265894556312,-0.0011848917703305012,9.379507220912131e-05,-0.18728912806463782,1,1,17.833333333333332,0.00026145153230505783,0.000717000000000001,0.0008749999999999369,0.0002619999999999956,1.2203626220361725,0.365411436541137,MED,0.47164100953264637,GN,47.16410095326464,0.5409787513478719,GA,54.09787513478719,early,Wednesday,2024-08
2024-09-03 13:00:00,3.181416084254778,-0.0005978674751564439,-0.0008306217300377144,-0.001015805875791087,-0.00033866025101202124,-0.7013682342908312,1,1,143.16666666666666,0.00019127485365913954,0.0006719999999999615,0.0007000000000000117,0.00035049999999999806,1.0416666666667438,0.5215773809524079,LOW,0.6219225694186611,AN,73.94460248649766,0.45226967253982353,AN,118.67190547101846,mid,Tuesday,2024-09
2024-09-04 11:45:00,2.527441127277458,0.00018236548631056504,0.001065780937718308,0.0007628597050809149,-0.00019965546071748497,0.2547255395424619,1,1,19.0,0.00023107537367760562,0.0008114999999999873,0.0008305000000000228,0.00022999999999999686,1.023413431916249,0.2834257547751084,LOW,0.6219380678194673,GA,255.02211037994476,0.4931550647153232,GA,122.13556104901299,mid,Wednesday,2024-09
2024-09-04 14:30:00,2.5865195688329923,-0.00032841238749789503,-0.0009754190875295998,-0.0009548198707948902,0.00019160449815819325,-0.5322554011565623,1,1,1.25,0.0002309147617952287,0.0005994999999999861,0.0006404999999999772,0.00048200000000000467,1.068390325271046,0.8040033361134543,LOW,0.8147691630147732,GN,122.15420240370507,0.5798001198283644,AN,57.980011982836444,late,Wednesday,2024-09
2024-09-06 11:50:00,2.865211641652826,0.00022160585092598217,0.0007915515838914228,0.0011177781482878263,-0.0003593944291473139,0.3726475997337291,1,1,42.833333333333336,0.00028988597038964915,0.0006230000000000291,0.0007105000000000139,0.0004519999999999857,1.1404494382022161,0.7255216693418373,MED,0.4315971699008789,AN,75.03075340952695,0.42516443930053205,GN,82.06233701426804,mid,Friday,2024-09
2024-09-11 09:55:00,2.7296532815874155,0.00024443043430680267,0.0003543462962794369,0.0007903771403629523,0.00021544302786546954,0.48018719199916715,1,1,116.58333333333333,0.00018883346758052195,0.0008889999999999842,0.0008950000000000014,0.00019850000000003475,1.006749156355475,0.22328458942636475,LOW,0.8404448397110309,AN,113.14733429352603,0.5044907830709755,GN,61.795567144830834,early,Wednesday,2024-09
2024-09-11 11:45:00,2.6573600533417934,0.0006781310477665531,0.0007077125436627807,0.0009329699498253352,0.0007726667195716019,1.227221721745856,1,2,0.3333333333333333,0.0004998141448782089,0.000733999999999968,0.0007090000000000485,0.0004254999999999898,0.9659400544960209,0.5797002724795755,HIGH,0.8423571332483757,AN,84.23571332483758,0.8652328387727602,AN,86.52328387727603,mid,Wednesday,2024-09
2024-09-11 15:25:00,3.48298721255649,0.001052336751502403,0.000922951984859241,0.0012990870847734287,0.0010162356916558757,1.872741597221559,1,1,2.5,0.00028068251872434324,0.0006984999999999686,0.0008159999999999945,0.00030700000000002394,1.1682176091625356,0.43951324266290304,MED,0.8061380012494684,GN,104.03454310524572,0.6826863310202121,GN,81.31698805683226,late,Wednesday,2024-09
2024-09-13 12:50:00,2.590842046806911,0.00013728169139040625,0.0007172280726256974,0.0009843059543805516,-0.00014552667854285384,0.09698594463420607,1,1,43.833333333333336,0.0001597782186447506,0.0007705000000000073,0.0007439999999999669,0.0003340000000000121,0.9656067488643217,0.4334847501622439,LOW,0.6165857689785121,GA,264.4344049796312,0.49764046834152487,AN,61.6912567382629,mid,Friday,2024-09
2024-09-20 09:25:00,2.506611984347326,0.00014233811573295674,0.000252627070779915,0.0006868432824042869,0.0001061199621353176,0.21113142692557307,1,1,160.58333333333334,0.00013142627283971043,0.0007760000000000322,0.0007955000000000156,0.00023400000000001198,1.025128865979359,0.30154639175258025,LOW,0.4480651749207583,AN,109.31516785863202,0.7510291591309031,AN,126.48533993903295,early,Friday,2024-09
2024-09-26 11:25:00,2.6685441445506313,-0.0006519627871750672,-0.0005373027269141573,-0.0008700286516148265,-0.000456967366705488,-0.6246795631528483,1,1,142.66666666666666,0.0003550952299575833,0.0007869999999999932,0.0008540000000000214,0.00031799999999998496,1.0851334180432386,0.40406607369757014,HIGH,0.5204644686996145,AN,52.04644686996145,0.3704443314004902,AN,76.96888207950774,mid,Thursday,2024-09
2024-10-02 08:00:00,2.775625795265408,0.0002883814217793518,0.0004131064552226893,7.391124936903526e-05,0.0001992215922757834,0.23867671882410813,2,3,136.58333333333334,0.00023871423178840518,0.0007529999999999814,0.0006874999999999743,0.00028199999999999336,0.91301460823372,0.3745019920318729,MED,0.5639081223640096,AN,91.66139995710103,0.5219835960479415,GA,52.91971768132896,early,Wednesday,2024-10
2024-10-04 15:40:00,2.500421313262452,-0.00023901754074025228,-0.002461859334934799,-0.0018155618632461346,4.966296164896078e-05,-0.41100685772229983,1,1,51.583333333333336,0.0005472660649201049,0.0013085000000000236,0.0017474999999999685,0.00029849999999999045,1.3354986625907046,0.22812380588458928,HIGH,0.7017536541912879,GA,173.913492918928,0.9008319820090306,GN,96.3850369840326,late,Friday,2024-10
2024-10-08 08:45:00,2.6599052524344735,0.0003468230904024039,0.0009553309831591555,0.0011225076874329804,0.0001906014322877736,0.3850166809581661,1,1,87.75,0.000261632104402988,0.0010215000000000306,0.0008669999999999734,0.0003015000000000101,0.848751835535925,0.29515418502202745,MED,0.6366656782833913,GA,171.844545955924,0.769138236648767,GA,121.84579615652167,early,Tuesday,2024-10
2024-10-18 08:55:00,2.6134360630287645,-0.0002340641857764142,-0.00036027125703586016,-0.000396904781546234,-0.0001356328739224727,-0.5295427866332485,1,1,231.91666666666666,0.0001706621454231716,0.000710500000000025,0.0005714999999999915,0.00020499999999997742,0.8043631245601286,0.28852920478532046,LOW,0.5273939331536249,GA,367.3592121745396,0.5368365187597075,GA,213.59941510707478,early,Friday,2024-10
2024-10-23 08:10:00,2.5441131399855985,-5.890549606533957e-05,-0.00014354150085833794,-0.00029640090530025365,-3.742714592022689e-05,-0.08584334694939466,1,1,114.5,0.00013210451131196295,0.0004884999999999918,0.0005664999999999587,0.00023400000000000086,1.159672466734838,0.4790174002047181,LOW,0.37926576676856943,GA,-157.06637488705059,0.627760682040377,GN,245.67835425376862,early,Wednesday,2024-10
2024-10-28 09:50:00,2.685741251498467,-0.00026218398622242234,-0.0007897986523588835,-0.00044642227143462665,9.344851579799751e-05,-0.5099863395422846,1,1,117.66666666666667,0.00018490450763952214,0.0005695000000000116,0.0005804999999999616,0.00022449999999994973,1.0193151887619838,0.3942054433712821,LOW,0.5182761996204821,AN,51.82761996204821,0.6665328100307979,AN,66.65328100307978,early,Monday,2024-10
2024-10-29 08:20:00,2.5293888111612732,0.00022210374119323306,0.00022524076313051866,0.00018124745574581158,0.0002598828408998666,0.4090002747808925,1,3,15.833333333333334,0.00020723447211338803,0.0005864999999999676,0.0005299999999998972,0.0003114999999999868,0.9036658141516223,0.5311167945439114,LOW,0.45041817235993303,AN,45.04181723599331,0.7161795069896736,GA,165.64463416596743,early,Tuesday,2024-10
2024-10-30 10:40:00,2.8635055386830186,0.0005278399447897764,0.0007267856755973495,0.00034590809780184195,0.0002899007634512285,0.8388551802682045,1,1,21.25,0.00022514583932272306,0.0007239999999999914,0.0006800000000000362,0.00020049999999999235,0.9392265193370777,0.2769337016574513,LOW,0.6267229044824757,GN,62.67229044824757,0.41373476229511025,GN,120.73896616866257,early,Wednesday,2024-10
2024-10-31 13:20:00,2.7237634384103715,0.00024234384434150547,0.0006975808313868237,0.000316204546819715,-0.00021403192192584464,0.3740105407095018,1,1,22.0,0.00022628652567802788,0.0007670000000000399,0.000845999999999969,0.00035800000000000274,1.1029986962189373,0.4667535853976325,LOW,0.7355488845410451,GA,121.02255982579018,0.6057188058597504,GA,99.78184559283983,mid,Thursday,2024-10
2024-11-05 09:30:00,2.654290661889368,0.00016610675485637105,0.0005197196995899156,0.0007393063490553076,0.00012424864315295492,0.3777242554091069,1,1,112.5,0.00021392382305281018,0.0006625000000000103,0.0006760000000000544,0.00024349999999999649,1.0203773584906322,0.36754716981130975,LOW,0.7655140872569235,GA,144.1569626616793,0.6023863640552739,AN,60.23863640552739,early,Tuesday,2024-11
2024-11-07 09:40:00,2.9161925856987105,0.0006729265836181858,0.0016266517659616897,0.0015978939252649232,0.00032800230552283705,0.8268461621382186,1,1,40.666666666666664,0.0003395156072493827,0.0008845000000000103,0.000869500000000012,0.00027800000000003375,0.983041266252122,0.3143018654607468,HIGH,0.42003118180919163,GN,42.00311818091917,0.5732355536752402,GA,57.323555367524015,early,Thursday,2024-11
2024-11-08 13:40:00,2.5916037061462953,-0.00015373226160077247,-0.00028938205038310516,-0.000732279443688505,-1.4026991588811377e-06,-0.22187426842114544,1,1,24.0,0.00022452241690305123,0.0007099999999999995,0.0006805000000000172,0.000305500000000003,0.9584507042253771,0.4302816901408496,LOW,0.4520216275105581,GN,195.69285844281592,0.5798549559484194,GN,176.03597116625252,mid,Friday,2024-11
2024-11-12 13:00:00,2.535512149310347,0.00028436161479511446,0.0008306353617540813,0.0010168759163653174,0.00030474010383318983,0.22704707750889597,1,1,92.5,0.00019763823377218803,0.0007519999999999971,0.000861500000000004,0.0003749999999999698,1.1456117021276693,0.4986702127659192,LOW,0.43567201240422804,GA,93.28171928130679,0.8666711726436612,AN,106.71912681167568,mid,Tuesday,2024-11
2024-11-13 13:55:00,2.568509097963437,0.0002444771701774623,0.00033441445160815875,0.00031276917788142233,0.0003702116902569996,0.3802343233890504,1,1,20.916666666666668,0.00016546367183352701,0.0006269999999999887,0.0006879999999999997,0.0003435000000000077,1.097288676236064,0.5478468899521752,LOW,0.4479747520685617,GA,240.8417240985095,0.4558783686424775,GA,45.58783686424775,mid,Wednesday,2024-11
2024-11-21 09:35:00,2.58490374124245,-0.00018418091165836592,-0.0004822701988552447,-0.0004713664500996806,9.89682554543847e-05,-0.30649940807114273,1,1,184.58333333333334,0.00024014245757726071,0.0006919999999999815,0.0008904999999999718,0.00024199999999998666,1.2868497109826527,0.3497109826589496,MED,0.6443482244061817,GN,201.37114616040895,0.7807798259598427,GN,139.03773593611209,early,Thursday,2024-11
2024-11-29 12:55:00,2.776994115402835,0.000907413252655323,0.0014233087927772448,0.0009812402168143525,0.0005925438787304088,1.5139832214611237,1,1,187.91666666666666,0.0002689947324431033,0.0006254999999999678,0.0007164999999999422,0.0004149999999999876,1.145483613109479,0.6634692246203181,MED,0.471294527411095,AN,106.14001987091703,0.3601632967587036,AN,102.69316915831791,mid,Friday,2024-11
2024-12-03 11:50:00,2.8852635498204138,-0.0002825526857758859,-0.00036970067663109896,-0.000691712331304592,-0.00019438599401662426,-0.5982974802019254,1,1,90.83333333333333,0.00020148763825617692,0.0007380000000000164,0.0007540000000000324,0.00031849999999999934,1.0216802168021892,0.4315718157181467,LOW,0.48671409415331673,GA,170.42751416622013,0.6192280820104966,AN,106.54182022290316,mid,Tuesday,2024-12
2024-12-06 11:00:00,2.599713958780861,-0.00021878765248579957,-0.0008650197635540063,-0.0006767818351363919,-0.00016026047088524287,-0.1966274324111561,1,1,69.66666666666667,0.0003522167820909254,0.0006244999999999723,0.0008545000000000247,0.0004414999999999947,1.3682946357086672,0.7069655724579892,HIGH,0.7175478777148563,AN,75.05775280411196,0.506367946114166,AN,79.97882722485397,mid,Friday,2024-12
2024-12-13 12:15:00,2.514860372094002,-0.00017142544330893406,-0.00043403666272374963,-0.0010180052265098272,-9.23245732734751e-05,-0.26905120230005997,1,1,163.25,0.00017327659704737263,0.000995500000000016,0.000948500000000041,0.00024100000000000233,0.9527875439477909,0.24208940231039527,LOW,0.6138966444820442,GA,241.01479751080936,0.4514501361285925,AN,62.21282304337411,mid,Friday,2024-12
2024-12-18 08:00:00,3.635555482511739,0.00013418641933554687,0.000591133328906493,0.0005056750677206318,-0.0001074533687537016,0.11138993058358704,7,11,111.0,0.00020578828136707443,0.0006289999999999462,0.000691499999999956,0.00025050000000002013,1.0993640699523293,0.3982511923689055,LOW,0.4487831316897036,AN,81.15047901808137,0.5386417655119119,GA,56.41417338114636,early,Wednesday,2024-12
2024-12-23 11:55:00,2.5974258536270822,-0.0002786020909317788,-0.0005023586973538635,-0.00019679918627243942,-0.0001289633885808994,-0.4156670577678634,1,1,119.0,0.0001926185196010458,0.0008570000000000189,0.000961499999999993,0.00027250000000003107,1.1219369894982167,0.3179696616102976,LOW,0.7458281698035399,AN,130.00764429225217,0.5583160860362976,AN,131.7897461683756,mid,Monday,2024-12
2025-01-02 11:10:00,2.8901969839733446,0.0003551867325011643,0.0009376137620162456,0.0013820646615261695,-7.530955047838073e-06,0.5957353317600762,1,1,237.5,0.0003101484767393378,0.0010544999999999804,0.0010709999999999776,0.00036449999999998983,1.0156472261735396,0.3456614509246056,MED,0.477121318079419,GN,175.99900119803914,0.44160835714793706,GN,132.05432041479853,mid,Thursday,2025-01
2025-01-03 11:50:00,2.9226355104837483,-0.0005985095597683537,-0.0009225482404318086,-0.0008342696180915765,-0.0004926944808248818,-1.183024627513817,1,1,23.416666666666668,0.00020577506821073077,0.0008730000000000237,0.0008679999999999799,0.00028699999999999283,0.9942726231385525,0.3287514318441982,LOW,0.6130336425558021,AN,111.58182166559236,0.6822913465588804,AN,112.28730321597962,mid,Friday,2025-01
2025-01-07 09:40:00,2.630766268205177,7.988357732481577e-05,0.00019938657252292769,0.0005991256957997293,-2.7674452814888117e-05,0.13853014900162686,1,1,89.0,0.0001920323233288199,0.0006819999999999826,0.0007284999999999986,0.0002294999999999936,1.0681818181818432,0.33651026392961797,LOW,0.5126124936322974,GN,192.30255444237497,0.4987509033741186,GA,150.34876615331544,early,Tuesday,2025-01
2025-01-08 08:15:00,2.674628545072123,0.00029192330456591364,0.0005215468049390715,0.0007706504063342001,3.074166528016509e-05,0.3949900462073046,1,6,17.5,0.00019573990890359554,0.0004850000000000243,0.0005425000000000458,0.0002940000000000387,1.118556701030966,0.6061855670103586,LOW,0.6854551856575313,AN,99.02153873625946,0.5124616845962803,AN,78.8097650881471,early,Wednesday,2025-01
2025-01-10 10:50:00,2.6625122420676433,-0.0001165901734259539,-0.00031614066685271835,-0.0005705727214874723,1.591357894810408e-05,-0.2217922193811539,1,1,46.666666666666664,0.00014837378684429286,0.0008140000000000147,0.000858499999999962,0.0003659999999999997,1.054668304668239,0.44963144963144114,LOW,0.48824876477784834,GN,175.36358035542492,0.49122222262688425,GN,203.0641671223317,early,Friday,2025-01
2025-01-15 09:45:00,2.9055433392478394,0.000535093744048587,0.0008179699195433737,0.0007170891906133764,0.0005033435903613187,0.915361026252566,1,1,112.75,0.00019270086393931705,0.0016280000000000073,0.0016594999999999915,0.00024299999999999322,1.0193488943488846,0.14926289926289443,LOW,0.6035062225553425,GA,153.59401891344052,0.614005910970916,GA,191.98800369841902,early,Wednesday,2025-01
2025-01-24 12:20:00,2.9254122508209743,-0.00039179036646498633,-0.0005415014135551899,-0.0005099643538657855,-0.0004195438609792268,-1.01412193023257,1,1,211.33333333333334,0.00020723469140561314,0.0010850000000000026,0.0011679999999999247,0.0003134999999999888,1.0764976958524626,0.2889400921658876,LOW,0.5310470688789728,AN,53.10470688789728,0.44038050692396336,GN,120.12477582477845,mid,Friday,2025-01
2025-01-30 10:25:00,2.810513758452467,-0.0005769486647547589,-0.0006283618022134146,-0.0008786766633215592,-0.0005034798084088132,-0.9502076111137421,1,1,140.91666666666666,0.00019349460088614428,0.0006560000000000232,0.0007035000000000125,0.00025799999999998047,1.0724085365853468,0.3932926829267856,LOW,0.8510743374384108,AN,111.68143324358613,0.49353181732371426,GA,179.18013575701073,early,Thursday,2025-01
2025-01-31 12:55:00,2.653103377336874,0.0008064971108621977,0.0006571423754223732,0.000389549687756216,0.0007685435175484173,0.9738079698778677,1,1,24.583333333333332,0.00023507631572555494,0.0006620000000000292,0.000693999999999928,0.0003175000000000594,1.0483383685799053,0.47960725075535554,MED,0.5834572746209041,AN,97.8204254011714,0.650298410686285,AN,129.735922412381,mid,Friday,2025-01
2025-02-07 11:40:00,2.5639823053281905,0.00028432243978016025,0.00044277824356871165,0.00034017759499219147,0.00030530755694245515,0.5065570929521828,1,1,162.66666666666666,0.00021102745948188667,0.0007235000000000213,0.0007699999999999374,0.0004730000000000012,1.0642709053212367,0.6537664132688145,LOW,0.4638835866774683,AN,79.3537683861551,0.5287800035103706,AN,150.72168649160113,mid,Friday,2025-02
2025-02-13 12:15:00,2.5714063547424444,0.00038828596267727333,0.00031034934991701346,0.0005290665201847233,0.0003544471864475457,0.6986212888821417,1,1,139.58333333333334,0.0001626916815504662,0.0007945000000000091,0.0009490000000000442,0.0002660000000000107,1.1944619257395008,0.3348017621145471,LOW,0.4628681382491835,AN,46.28681382491835,0.3827385511653792,AN,99.39580499637447,mid,Thursday,2025-02
2025-02-14 13:55:00,2.973136759007416,-0.00031652352338049083,-0.0005602119469199363,-0.0009642414247260644,-0.00017582066744911695,-0.47566540551389824,1,1,20.916666666666668,0.0002176209377676975,0.0006565000000000043,0.0006625000000000548,0.0003025000000000166,1.009139375476086,0.4607768469154831,LOW,0.6358701413934039,GA,127.33172359199538,0.5722725440357076,GA,114.59107087082326,mid,Friday,2025-02
2025-02-20 11:40:00,2.6523233579443986,-0.000512589510569858,-0.0005032568353819239,-0.0006490240051189866,-0.0005278661101321275,-0.7361488362035522,1,1,138.66666666666666,0.00026727047804148157,0.0008045000000000191,0.0008079999999999643,0.0003154999999999686,1.0043505282783658,0.3921690490987708,MED,0.5214129914098967,AN,73.74130156035397,0.5593734945394094,AN,93.53218259992423,mid,Thursday,2025-02
2025-02-25 08:35:00,2.6078658969571795,0.00015793740099975806,0.0004932128042216266,0.0007535741769218035,-5.5057084922427446e-05,0.2854611498538877,1,1,111.83333333333333,0.00016011766726345696,0.0004105000000000136,0.00045149999999989366,0.0002909999999999746,1.0998781973200455,0.7088915956150181,LOW,0.5411874432838106,GA,54.11874432838106,0.4581398974685133,GA,45.81398974685133,early,Tuesday,2025-02
2025-02-25 12:15:00,2.9211222253996527,-0.0003419776494318072,-0.0005742844718625018,-0.0008780600667627064,-0.00027585199590608733,-0.558110816318691,1,1,0.9166666666666666,0.00017627607850303006,0.0006464999999999943,0.0008199999999999319,0.00029749999999998387,1.268368136117462,0.460170146945068,LOW,0.41076342770478785,AN,110.95706387596466,0.5296105909602845,AN,84.34733305954765,mid,Tuesday,2025-02
2025-02-27 10:25:00,2.6093634637234,-0.00034451115547545763,-0.0006055433856618497,-0.0012584404582022535,-0.00016745227321605938,-0.6326829429811784,1,1,42.833333333333336,0.00022919823941147018,0.0007049999999999779,0.0007284999999999542,0.0002789999999999626,1.0333333333333008,0.3957446808510232,MED,0.6973809854186969,AN,120.57843387314068,0.46997852753812147,AN,85.90487914059834,early,Thursday,2025-02
2025-02-28 12:15:00,2.68078817249116,-0.00041099067499691944,-0.0004209052383700451,-0.0003495140552440268,-0.000422613736852262,-0.64164415956499,1,1,20.416666666666668,0.00024861684975229816,0.0006255000000000343,0.0007365000000000066,0.0003094999999999626,1.1774580335730873,0.4948041566745733,MED,0.41495004230863136,AN,89.98845862740727,0.48075169213916713,AN,72.52413691092492,mid,Friday,2025-02
2025-03-03 13:20:00,2.7563937940749836,-0.0001803329240201157,-0.00046793816337005467,-0.00040468834674557697,6.313991711974498e-05,-0.3558510934014394,1,1,68.83333333333333,0.00019286333809714597,0.000759500000000024,0.0007894999999999763,0.0003445000000000031,1.0394996708360122,0.45358788676760003,LOW,0.6099551910516171,GN,194.15237907844875,0.48203575756072786,AN,59.19691085310429,mid,Monday,2025-03
2025-03-04 10:05:00,2.5203584039413944,0.00046912812185480324,0.0008667265418445119,0.001203061682238743,0.00012406592410620088,0.662955494256813,1,1,17.083333333333332,0.00025875740782577454,0.0009339999999999904,0.0008700000000000152,0.00027849999999995934,0.931477516059983,0.2981798715203021,MED,0.7220416237099776,GA,106.20533153391986,0.9347031196377873,GA,107.51051435018695,early,Tuesday,2025-03
2025-03-05 14:55:00,2.626423584444155,0.00034124187927712935,0.0005123097027920909,0.0005995072886955943,6.86910206324498e-05,0.47227336375565887,1,1,27.0,0.0001940317637340121,0.0008815000000000017,0.0008300000000000196,0.0003435000000000077,0.9415768576290618,0.389676687464557,LOW,0.4267102033001157,AN,79.43167226230756,0.3730955625361215,GA,-146.99862746813625,late,Wednesday,2025-03
2025-03-06 12:05:00,2.649249601450319,0.00036135275602487693,0.0007107871288748874,0.0011041897469432904,-0.000398289521309797,0.6168138822961402,1,1,19.083333333333332,0.0003324308063899686,0.0010874999999999524,0.001163000000000003,0.0004335000000000311,1.0694252873563714,0.3986206896552184,HIGH,0.4337017681674481,GA,197.33601542247808,0.6628010981890524,AN,77.60113476960775,mid,Thursday,2025-03
2025-03-07 11:50:00,2.7990253144167623,0.0005531923397838201,0.0009961787282835172,0.0010180565871570624,0.00021191813423394879,0.8197523029737068,1,1,21.083333333333332,0.0005603931581899395,0.0010119999999999908,0.0009569999999999412,0.0006590000000000207,0.9456521739129939,0.6511857707510145,HIGH,0.3962775124227788,GA,109.39920857205271,0.36825686392471363,AN,94.54916784398127,mid,Friday,2025-03
2025-03-11 13:50:00,2.545811722298216,-0.0001382398832361631,-0.0002172546020047933,-0.0006983683000713337,-0.00012071492465123845,-0.17839020383773496,1,1,92.83333333333333,0.00022497854616054995,0.0006649999999999822,0.0006515000000000048,0.00045399999999997667,0.9796992481203342,0.6827067669172764,MED,0.8176055970712183,GN,92.50692657545592,0.6376794700518319,AN,81.00697565869235,mid,Tuesday,2025-03
2025-03-17 12:25:00,2.7572643843571747,-0.00024009980566062905,-0.00026947108503770634,-0.0006661226779680479,-0.00011174293808638436,-0.46116391952236624,1,1,139.41666666666666,0.00019441054247300416,0.000902500000000006,0.000958499999999951,0.00032999999999999696,1.0620498614957834,0.36565096952908005,LOW,0.5904922527912869,GA,177.5182283004397,0.5976083014812344,GA,59.760830148123446,mid,Monday,2025-03
2025-03-21 14:30:00,2.5395391451435754,0.00020082270605523145,0.0004786370512652599,0.0006153187458252801,0.00018466727206908895,0.39696287792926377,1,1,96.58333333333333,0.00018549270348027427,0.0006090000000000372,0.000590999999999986,0.0002835000000000032,0.9704433497536121,0.46551724137928713,LOW,0.6926139937683735,AN,127.57593699033889,0.7287697413170346,AN,106.57309647246416,late,Friday,2025-03
2025-03-28 13:10:00,2.615877085246747,-0.00024325395735830257,-0.0007338963321827652,-0.0009787269566496337,0.0002130861552489538,-0.3948463582706623,1,1,164.16666666666666,0.0001850993281582921,0.0007374999999999688,0.0007285000000000208,0.0002435000000000187,0.9877966101695616,0.3301694915254631,LOW,0.3855719375910092,GA,95.9684859431776,0.4627013931577961,GA,143.095209628468,mid,Friday,2025-03
2025-04-04 09:25:00,3.3519129631163964,-0.0012219017287916634,-0.001643810992282016,-0.0019540758234068284,-0.0008111807296525553,-1.2355961000493032,1,1,160.41666666666666,0.00037119188200937986,0.0013864999999999572,0.0012179999999999414,0.00044800000000000395,0.8784709700685026,0.3231157591056746,HIGH,0.6242736720981223,AN,62.42736720981223,0.66623473348922,AN,92.41213654329643,early,Friday,2025-04
2025-04-11 11:30:00,3.010173787954665,0.002238364518736019,0.001973459487726259,0.002675136907326417,0.002254119645516278,0.9372408203807359,1,1,165.33333333333334,0.0006853989689117862,0.0030529999999999724,0.002519000000000027,0.0007674999999999988,0.8250900753357516,0.25139207337045716,HIGH,0.46627421292328514,AN,66.90155057300325,0.5786560250017105,GA,187.81813887527497,mid,Friday,2025-04
2025-04-16 08:15:00,2.7501333996840205,0.0006548127820241029,0.0012580123773923563,0.0013831639420409658,0.0005578512296734589,0.46781568318154276,1,2,111.25,0.0004791589010533715,0.0009249999999999759,0.0008844999999999992,0.000641999999999987,0.9562162162162403,0.6940540540540581,HIGH,0.4274110635377371,GA,89.90934636557645,0.37949717275679445,AN,97.44901863733337,early,Wednesday,2025-04
2025-04-22 09:00:00,2.705507063913532,-0.0007311537731332224,-0.0008906505036531398,-0.0012961487565805868,-0.0007821638377140672,-0.7262946718977892,1,1,139.83333333333334,0.00027531204582876493,0.0011849999999999695,0.0012444999999999596,0.0003824999999999967,1.050210970464128,0.32278481012658783,MED,0.41061323428692337,AN,41.06132342869234,0.524022806950243,GA,139.03398666160268,early,Tuesday,2025-04
2025-05-02 11:25:00,3.062503185750295,-0.0019792192733420477,-0.002302190300986953,-0.0023025240024960453,-0.0021825453806111478,-1.6745430571961033,1,1,238.75,0.0005231742626989855,0.0010950000000000016,0.0014820000000000054,0.0003855000000000275,1.3534246575342497,0.35205479452057253,HIGH,0.8080522283413771,AN,80.80522283413771,0.698764554375131,AN,84.1109832740734,mid,Friday,2025-05
2025-05-13 14:30:00,2.9056393638738625,0.0005376569178724561,0.0005385556683494552,0.0007201942597322847,0.00041365205883971135,0.7745921361357815,1,1,263.1666666666667,0.00025507517797909794,0.0008565000000000156,0.0009419999999999762,0.0003870000000000262,1.099824868651441,0.4518388791593919,MED,0.40383619597504805,GA,83.95900458682105,0.4627030571994604,GA,82.373152197389,late,Tuesday,2025-05
2025-05-14 10:30:00,2.533105524139351,-0.0001841540427177657,-0.00014078297352004832,-0.000298951386201049,-9.881583814376482e-05,-0.18098360229483124,1,1,17.5,0.0002070930379135161,0.0009430000000000271,0.0009784999999999711,0.0002975000000000061,1.0376458112406606,0.31548250265111083,LOW,0.7494727877249133,GN,150.21133057432618,0.5974489174488145,GN,128.30848266050276,early,Wednesday,2025-05
2025-05-23 08:20:00,2.935596214765951,-0.00038666201028740577,-0.0006279196079802679,-0.0008463064487765903,-0.00021321520271971872,-0.4694395162652114,1,2,212.75,0.00020617937958507948,0.0005215000000000414,0.0006404999999999994,0.00027800000000000047,1.2281879194629886,0.5330776605943978,LOW,0.8248178395834334,AN,114.39524133338345,0.38830615312912115,AN,73.53372008496434,early,Friday,2025-05
2025-06-04 10:40:00,2.7308088967018986,0.0002722470792234921,0.0006298499035213984,0.0006931299577404015,-2.6809142520747842e-05,0.43419010581776174,1,1,285.25,0.00018571578977814125,0.0007774999999999643,0.000873999999999997,0.00023349999999998649,1.1241157556270573,0.30032154340835654,LOW,0.7589629465426903,AN,146.53890772315077,0.44347965681962215,AN,142.45434352666294,early,Wednesday,2025-06
2025-06-05 14:25:00,2.790957011283301,0.0003142132706313999,0.00029382535185774883,0.0009466767503157475,0.00027257325151211487,0.420271721452834,1,1,24.166666666666668,0.0001836922839642047,0.0006369999999999765,0.000780499999999984,0.00035400000000000985,1.2252747252747456,0.5557299843014489,LOW,0.5225252434683229,GA,64.10834174782703,0.49700990461540406,AN,69.50186925362503,late,Thursday,2025-06
2025-06-06 12:30:00,2.5728840627464074,0.00016230050067619906,0.00037635668044218307,0.0010104383826914504,-3.7420474899296785e-06,0.14096034689154724,1,1,19.5,0.0004475158053479313,0.0007949999999999902,0.0009400000000000075,0.000545500000000021,1.1823899371069422,0.6861635220126135,HIGH,0.4972165661925173,GN,252.39651841520345,0.543283343719259,AN,54.328334371925905,mid,Friday,2025-06
2025-06-20 09:45:00,2.5461735554472438,0.0001456751939322709,0.00048439939701015733,0.0007505307540554562,-2.3412201792527565e-06,0.11805831474096751,1,1,329.0,0.0001607606689327577,0.0010190000000000587,0.0011189999999999146,0.0001994999999999969,1.0981354268889598,0.19578017664375408,LOW,0.41570242155996545,AN,209.27361450865453,0.7124840882738213,AN,71.24840882738212,early,Friday,2025-06
2025-06-23 15:45:00,2.5046239658007523,-0.0005837272726096077,-0.000649950721654774,-0.0009276827832841172,-0.0004627238612443241,-0.4565079043786584,1,1,74.91666666666667,0.00019574752056465897,0.0009730000000000016,0.0009419999999999762,0.0002534999999999954,0.9681397738951435,0.2605344295991726,LOW,0.6269344550207903,GA,82.55707715223265,0.4245105133673584,GN,42.45105133673584,late,Monday,2025-06
2025-06-24 12:35:00,2.684837326038001,0.00036930155503266116,0.00032865882495575205,0.0006111528260457216,0.00030336639524700115,0.7713715565264203,1,1,19.583333333333332,0.00020635037192427038,0.0008829999999999449,0.0011140000000000373,0.00025450000000000196,1.261608154020506,0.2882219705549466,LOW,0.6135850955739859,GN,80.43517747645096,0.5036294047404475,GN,69.15496596177424,mid,Tuesday,2025-06
2025-06-30 12:55:00,2.539967776612675,0.0003262238581772936,0.00041564351709579006,0.0002488506352457259,0.0002629625366660643,0.4009117313253969,1,1,139.91666666666666,0.00017468916651109233,0.000708500000000023,0.0006745000000000223,0.0002880000000000216,0.9520112914608333,0.40649258997884574,LOW,0.45671494734323803,GA,162.16660376350782,0.5531169331634912,GA,316.2499951637587,mid,Monday,2025-06
2025-07-01 12:50:00,2.9691170613947944,0.0005067635830555695,0.0009101899889689818,0.0008170968517926397,0.00025996190659396956,0.7856680866727834,1,1,19.833333333333332,0.0002109593795057681,0.0007650000000000601,0.0007474999999999898,0.00028549999999997187,0.9771241830064459,0.37320261437901886,LOW,0.4766344070662399,AN,76.89349497464491,0.38203452129526716,AN,72.99516974590823,mid,Tuesday,2025-07
2025-07-07 15:55:00,2.5060042990540548,-2.257197927510446e-05,-0.00028968179162035257,-0.0006534299358623985,0.00013736308646344897,-0.014182804541306826,1,1,142.91666666666666,0.00017034223505399396,0.0007680000000000131,0.0009069999999999689,0.00025050000000002013,1.1809895833332726,0.32617187500002065,LOW,0.5198191365415478,GA,1311.4071227367158,0.6576846413885391,GA,77.28378240202318,late,Monday,2025-07
2025-07-10 13:35:00,3.0287144150202576,0.00036036781488724134,0.0005907841785935397,0.0004522007603478817,0.00025402069314654774,0.8231270624495894,1,1,68.58333333333333,0.00014669235365749386,0.0005245000000000166,0.0005865000000000453,0.00027299999999998994,1.1182078169685925,0.5204957102001551,LOW,0.7119540485369837,AN,71.19540485369838,0.41653331514368175,GA,-249.5207014994744,mid,Thursday,2025-07
2025-07-15 12:40:00,2.536989646903495,8.363525473664701e-05,0.00023868052343264945,0.00044584320503589236,6.604210601253435e-05,0.12702889168179698,1,1,116.0,0.0002505959101240192,0.0007700000000000262,0.0008144999999999625,0.0004025000000000167,1.0577922077921231,0.5227272727272767,MED,0.5444080472914146,GA,612.9610290212712,0.7697802458938263,AN,76.97802458938263,mid,Tuesday,2025-07
2025-07-22 10:00:00,3.084502670178138,-0.0003307917635609753,-0.0006987810000609052,-0.0006129864884638347,2.4231273273597753e-05,-0.6256576797790503,1,1,161.91666666666666,0.00024230509894071722,0.0006609999999999561,0.0008229999999999737,0.00021500000000000962,1.2450832072617675,0.325264750378251,MED,0.6712933079197593,GA,122.75573356285881,0.6848959998214108,GN,108.1039590497439,early,Tuesday,2025-07
2025-07-28 13:25:00,2.583794500780638,-0.0001658062558286405,-0.0003477543480764067,-0.0006069958751712262,-0.00013442742929641038,-0.34060492989673286,1,1,140.41666666666666,0.00012997031554281405,0.0007915000000000338,0.00084649999999995,0.0002615000000000034,1.0694883133290132,0.3303853442829971,LOW,0.4157107894273919,GN,80.61219249571863,0.7082909522267836,AN,70.82909522267836,mid,Monday,2025-07
2025-07-29 10:25:00,2.517791551766458,-0.00018713991478466752,-0.0005262267588133224,-0.0007426304168601933,-0.00010803660406534521,-0.4327989409012636,1,1,19.666666666666668,0.00020853285053043857,0.0008340000000000236,0.0009159999999999835,0.0002079999999999971,1.0983213429256085,0.24940047961629638,LOW,0.44012610302018784,AN,44.012610302018786,0.6878295986374761,GA,68.7829598637476,early,Tuesday,2025-07
2025-08-01 11:25:00,2.5413452190242585,-0.001645331145109702,-0.001417520554249388,-0.0014588253411566138,-0.0017269778085200888,-1.6833339032343906,1,1,70.91666666666667,0.0004394165976365627,0.0008505000000000207,0.0010224999999999928,0.0003255000000000452,1.20223398001172,0.3827160493827599,HIGH,0.6739632465919885,AN,99.36632689232428,0.8700602673131653,AN,112.42456173442366,mid,Friday,2025-08
2025-08-07 14:35:00,2.5742023677890087,-0.00018873474538469437,-0.0004300769271352173,-0.0006140007467414221,5.6823400891373166e-05,-0.20038424507170838,1,1,141.58333333333334,0.00014711524791802486,0.0013365000000000072,0.001437500000000047,0.00028450000000003196,1.0755705200149939,0.21286943509168008,LOW,0.5042386925936981,GA,185.6036027535444,0.4512662676746614,GA,189.9151045939472,late,Thursday,2025-08
2025-08-13 08:00:00,2.661139353176706,-0.00011061050470263789,0.00017528896974310093,-5.9953321543196325e-05,-0.000343571803238199,-0.1696353397505268,1,8,135.0,0.00012819093753575314,0.00046599999999998867,0.0004775000000000418,0.00024050000000001016,1.0246781115880974,0.5160944206008927,LOW,0.44254212340352467,GN,187.43840769698286,0.4981539922051447,GN,-13492.738047842158,early,Wednesday,2025-08
2025-08-25 09:20:00,2.5076656388437613,0.00023614386192193082,0.0006202405596203164,0.0005807895796629686,-8.987260012979781e-05,0.6057551627201319,1,1,287.4166666666667,0.00016362140617313508,0.0006429999999999492,0.0007200000000000317,0.00019900000000002693,1.1197511664076027,0.30948678071546293,LOW,0.4887798005969054,GA,48.87798005969054,0.5538980353801843,GN,139.11225620737076,early,Monday,2025-08
2025-08-25 13:05:00,2.529700652313335,-0.00019292914878857315,-0.00029109605568151953,-0.0005536233565473919,-0.0002973133050104826,-0.40460870037361074,1,1,2.5,0.0001297211028317108,0.0005275000000000141,0.0006144999999999845,0.0002375000000000127,1.1649289099525462,0.45023696682465664,LOW,0.46841534041078364,AN,46.84153404107836,0.4643075018523123,GA,132.36598821482207,mid,Monday,2025-08
2025-08-28 13:40:00,2.764048710567375,-0.00034847061932863355,-0.0006881723023624414,-0.0011346430727473822,-0.0003085707853705266,-0.596589985494989,1,1,71.25,0.00018219940327631698,0.0005654999999999966,0.000653999999999999,0.000260999999999989,1.1564986737400582,0.4615384615384449,LOW,0.8475986708365216,GN,84.75986708365217,0.4863948840398051,AN,63.06530395013764,mid,Thursday,2025-08
2025-09-02 11:55:00,2.5004376930211305,-7.20592100290629e-05,-0.000261445927302012,-0.000801270530402895,0.0002944415643851561,-0.08908182384508301,1,1,114.91666666666667,0.00019920411282920797,0.0014800000000000813,0.0016659999999999453,0.00026199999999998447,1.1256756756755768,0.17702702702700682,LOW,0.5714205981429921,GN,400.0390734609529,0.5578907710015711,GA,60.52179836391945,mid,Tuesday,2025-09
2025-09-04 13:25:00,2.7311631046954536,0.00017284701260607271,0.0002725827003688813,0.00033454380290795505,0.00011498505327406372,0.2450115051885864,1,1,46.916666666666664,0.00018406623146616704,0.0005954999999999933,0.0006894999999999208,0.00035599999999997857,1.1578505457597457,0.5978169605373344,LOW,0.5907326656929253,AN,124.61620408640628,0.3868220747123539,AN,115.94790330241341,mid,Thursday,2025-09
2025-09-05 13:30:00,3.489509420484916,-0.0004484246730739744,-0.0009559962141981737,-0.0018628340377165459,-0.00036578066038690793,-1.0808955198204329,1,1,20.5,0.0002592792799920965,0.0005009999999999737,0.0005525000000000003,0.00037599999999999857,1.102794411177703,0.7504990019960446,MED,0.5814912465636487,AN,58.14912465636487,0.6953211796240453,AN,69.53211796240453,mid,Friday,2025-09
2025-09-10 12:45:00,3.261001173046202,0.0008068849876916168,0.0010951456058341663,0.0008161154189721131,0.0006654197576887455,1.6198332487436247,1,1,117.33333333333333,0.0003693437745506165,0.0005635000000000501,0.0006779999999999786,0.00046200000000000684,1.2031943212065987,0.8198757763974548,HIGH,0.7224948994072241,AN,75.74574391454358,0.6646640376067823,AN,75.55642548558522,mid,Wednesday,2025-09
2025-09-11 11:25:00,2.945145619276978,-0.0009826595545136957,-0.000784464404050278,-0.0005465583153768383,-0.0012776987162405051,-1.8161450730963231,1,1,19.833333333333332,0.0002792128597188186,0.0006314999999999848,0.0008204999999999573,0.0002929999999999877,1.2992874109263295,0.4639746634995958,MED,0.9593241763159743,AN,95.93241763159743,0.3834197957972838,AN,87.44769646341902,mid,Thursday,2025-09
2025-09-11 13:25:00,2.541332734290577,0.00027733344684126304,0.0006808416780586662,0.000918043252221043,-5.025693828662747e-05,0.503579270995488,1,1,0.9166666666666666,0.00025621573153193145,0.0007300000000000529,0.0007850000000000357,0.0003669999999999951,1.0753424657533956,0.5027397260273542,MED,0.41029548241557423,GA,67.01318316193884,0.5761160976266678,AN,94.17796402333055,mid,Thursday,2025-09
2025-09-12 12:55:00,3.3528750262659526,-0.0005047619194515768,-0.0007754038457832985,-0.0008477697017091612,-0.0004273788556339031,-0.9858497644704367,1,1,20.416666666666668,0.00020424195516031247,0.0006464999999999498,0.0007984999999999908,0.00026850000000002707,1.2351121423047993,0.4153132250580787,LOW,0.416525118868532,AN,124.31914173597521,0.5123181026948705,AN,114.12637930131511,mid,Friday,2025-09
2025-09-15 11:10:00,2.6227970076035225,-0.0003584270472336559,-0.000644815294618864,-0.0006882960265623406,-9.694244694509468e-05,-0.788197430208659,1,1,66.25,0.00018736972406338572,0.0007410000000000139,0.0008774999999999977,0.00021000000000002129,1.1842105263157643,0.2834008097166226,LOW,0.5677412668593015,GN,146.87714488782632,0.5079951724646503,GN,158.32759936287056,mid,Monday,2025-09
2025-09-22 13:10:00,3.1257146830178733,-0.0003529475712199387,-0.0003992904540354031,-0.0006924384559105351,-0.00034305838461104465,-0.6539814977425182,1,1,169.08333333333334,0.0002338436457780288,0.0005724999999999758,0.0007240000000000579,0.00030600000000000625,1.2646288209608534,0.5344978165939199,MED,0.6534303877176705,GA,73.38046387738453,0.7246070253964608,AN,72.46070253964608,mid,Monday,2025-09
2025-09-23 15:25:00,2.522960616999423,-0.0002339062313783946,-0.00021760862210563892,-0.0006965736403473644,-0.0001273657525038968,-0.557065231216519,1,1,22.75,0.0001471734168341105,0.0007005000000000372,0.0008245000000000058,0.00021050000000000235,1.1770164168450563,0.3004996431120502,LOW,0.5014854780478385,GN,226.2059104146532,0.5709210591496565,GN,136.79849420832352,late,Tuesday,2025-09
2025-09-26 12:40:00,2.599299041247624,0.00021148906104631604,0.0006210534293252523,0.0009714518958715557,0.00011269905475866371,0.38823411559104937,1,1,67.66666666666667,0.00023240433811645394,0.0006490000000000329,0.0007355000000000223,0.0002929999999999877,1.133281972265,0.45146379044679946,MED,0.6936719897143724,AN,154.25440606241062,0.7088597770616377,AN,76.38931292884764,mid,Friday,2025-09
2025-09-29 13:55:00,2.541103412102902,0.0003814124990689227,0.0007869200776961516,0.0011685085698736886,-3.0143851689812262e-05,0.6078871234018906,1,1,69.16666666666667,0.00020077729608796488,0.000537999999999994,0.0005679999999999685,0.0003329999999999611,1.0557620817843398,0.618959107806626,LOW,0.43287522499413916,GN,64.36482359053812,0.6835022384794913,AN,68.35022384794914,mid,Monday,2025-09
2025-09-30 10:40:00,3.549494739839341,0.0015707312743156454,0.0016293801412371745,0.001371819071727648,0.0015639015071754747,1.6618971987909423,1,1,17.666666666666668,0.0004809203881209879,0.001334000000000013,0.0014080000000000093,0.0002154999999999907,1.0554722638680627,0.16154422788604844,HIGH,0.7669078875763765,GA,143.66527241667285,0.8498469836969333,GA,107.46433415544257,early,Tuesday,2025-09
2025-10-02 12:35:00,2.7848605253246586,0.0004764971695758735,0.0005859883550296541,0.0005000453307952846,0.0005244157381819325,0.8313893408133262,1,1,47.833333333333336,0.00019908303679920788,0.0007284999999999542,0.0007519999999999527,0.0002435000000000187,1.032258064516129,0.3342484557310007,LOW,0.48103584005630334,AN,48.10358400563033,0.6950002142488413,AN,77.64037042401858,mid,Thursday,2025-10
2025-10-06 08:10:00,2.5659611131216686,0.00034889702920978816,0.0004397084692674691,0.0002744204615637569,0.0004205566072404965,0.5435506843210156,1,1,89.0,0.00023829359349589337,0.000566999999999962,0.0005874999999999186,0.00033550000000002187,1.0361552028217955,0.5917107583775033,MED,0.3887973233856048,AN,85.93925279505531,0.615303659873718,AN,76.31116256712677,early,Monday,2025-10
2025-10-10 14:15:00,4.095455670904622,-0.0014843839047610774,-0.001446216285747981,-0.0036426978649629627,-0.0010391274283506335,-1.7721441656293297,1,1,99.66666666666667,0.0005631840021243844,0.0007804999999999618,0.0008840000000000181,0.0005895000000000316,1.1326073030109691,0.7552850736708014,HIGH,0.807878384175804,AN,93.68199601645016,0.6535594202704333,AN,101.53222092636017,late,Friday,2025-10
2025-10-10 14:30:00,5.333843775273492,0.0003432868539765266,-0.0019505752173251956,-0.003880215598496717,0.001900254239098037,0.9078728343188613,4,4,0.08333333333333333,0.0006597363443338991,0.0008029999999999759,0.0008980000000000432,0.0007305000000000339,1.1183063511831508,0.9097135740972052,HIGH,0.734040757343081,AN,156.81900145858967,0.9155302653321987,AN,91.55302653321988,late,Friday,2025-10
2025-10-17 10:05:00,2.5970480655779897,0.0006639830116276779,0.0011652623622980945,0.00220142472027908,0.0008228217696129997,0.561590354932413,1,1,161.08333333333334,0.0003178330016409277,0.0010845000000000216,0.0010785000000000267,0.00039200000000000346,0.9944674965421901,0.3614568925772205,HIGH,0.8768373386254754,AN,107.92471095451222,0.3634626571679498,AN,81.52150335230537,early,Friday,2025-10
2025-10-21 12:30:00,3.1942772790507727,-0.0004785366650539441,-0.000910610082144811,-0.0006987893917104193,-0.00025656675350535507,-0.8051815563496008,1,1,92.91666666666667,0.00020538944443575702,0.0009384999999999533,0.0009914999999999451,0.00032949999999997147,1.0564730953649382,0.3510921683537431,LOW,0.6249061592123112,GN,62.49061592123112,0.5419845743183992,AN,60.3063588368574,mid,Tuesday,2025-10
2025-10-23 11:55:00,2.860812613466407,-0.00017892375237496538,-0.00027891310881404674,-0.0006376918191144665,-0.00018763255477736995,-0.5335167513127432,1,1,42.916666666666664,0.00021328828148807513,0.0008199999999999763,0.0008790000000000076,0.0002494999999999803,1.0719512195122354,0.3042682926829116,LOW,0.5843242396753563,GN,346.47465659042535,0.6963118690766722,GN,107.10223693162837,mid,Thursday,2025-10
2025-10-24 10:00:00,3.2836512389588686,0.000632284619460563,0.0007014365051127569,0.0008111053298260062,0.0007049386395478197,1.2665078329291743,1,1,19.583333333333332,0.0001923474855996549,0.0008270000000000222,0.0008145000000000291,0.00020799999999995266,0.9848851269649422,0.2515114873034427,LOW,0.43327709912370177,AN,43.327709912370175,0.572194239446504,GN,80.19682062978154,early,Friday,2025-10
2025-10-27 08:00:00,4.482126060860406,9.060389811019198e-05,0.0006588915841944654,0.0012611210616824409,-6.853070429457819e-05,-0.052838699096769304,4,4,63.0,0.00033799038722192833,0.00044199999999994244,0.0005570000000000297,0.0004075000000000162,1.2601809954753445,0.9219457013576228,HIGH,0.8053675503974892,AN,106.69957683567961,0.8691522024933703,AN,90.98766341700296,early,Monday,2025-10
2025-10-28 08:00:00,2.6376399567721034,0.00019704550420332478,0.00046462727430629513,0.0006447375924725496,0.00024631990672571713,0.34168277049730866,1,1,21.166666666666668,0.00016968683178821865,0.0005329999999999169,0.0005690000000000195,0.0002675000000000094,1.0675422138838804,0.5018761726079758,LOW,0.41625493312531664,AN,98.28892435321198,0.9494222270647229,AN,105.62697724872352,early,Tuesday,2025-10
2025-10-30 11:40:00,4.14612499110437,0.001232561655412856,0.0013335199411140808,0.0015657146881533635,0.0011495385526507362,2.258960535540221,1,1,42.666666666666664,0.00037972228099836513,0.0012030000000000207,0.00109750000000004,0.00041400000000001435,0.9123025768911232,0.34413965087282394,HIGH,0.4617277045961738,AN,74.67921037900508,0.3956531084837976,GA,71.8583140759052,mid,Thursday,2025-10
2025-11-07 09:20:00,2.7182732088681787,-0.000549485728019633,-0.0007803806110770473,-0.001101185417293593,-0.0005104041301711715,-0.3575264070917332,1,1,185.66666666666666,0.00023350164890690783,0.0006369999999999099,0.0008130000000000637,0.0003055000000000141,1.276295133438271,0.47959183673478384,MED,0.6793103044233871,GN,70.07487770371513,0.40266627036262687,GA,40.26662703626268,early,Friday,2025-11
2025-11-14 12:55:00,2.7564921191807787,0.0006871756400747275,0.0011456534506188443,0.001823532391110133,0.0004713159352374152,0.3997743353155254,1,1,164.33333333333334,0.0002989996729958413,0.0008984999999999133,0.001051499999999983,0.0005194999999999506,1.1702838063440006,0.5781858653311082,MED,0.47541044923607173,AN,93.53528511014315,0.5239666383332287,AN,109.3218720964693,mid,Friday,2025-11
2025-11-18 09:05:00,2.8652134181816193,0.00044471250072392055,0.0006021635816567394,0.0008730402140666726,0.0003677541376667648,0.5148391469591775,1,1,88.08333333333333,0.00027891285137057417,0.0007274999999999476,0.0008799999999999474,0.0003079999999999972,1.2096219931271626,0.42336769759452836,MED,0.435146957167153,GN,58.92786339881996,0.3905670037066008,GN,39.05670037066008,early,Tuesday,2025-11
2025-11-24 08:00:00,2.9825425305385744,-0.00014633584407108824,-0.00023153381809642992,-0.000570995859392659,-5.888071894633029e-05,-0.09512141878088887,11,11,139.08333333333334,0.00020284519819054855,0.0005290000000001127,0.0005610000000000337,0.0003000000000000447,1.0604914933835807,0.5671077504725535,LOW,0.7885765907164942,AN,136.63211363724474,0.6209435831978376,AN,62.09435831978376,early,Monday,2025-11
2025-11-25 13:05:00,2.5464565763334654,-0.00047003965876640796,-0.0003202880037759259,-0.0010135223794385528,-0.0007484893332916354,-0.601947479862732,1,1,25.25,0.0003873354143800819,0.0007399999999999185,0.0008920000000000039,0.0005265000000000186,1.2054054054055434,0.7114864864865901,HIGH,0.46252985336450253,AN,46.25298533645025,0.36631010556249327,AN,92.41874019139426,mid,Tuesday,2025-11
2025-11-28 13:10:00,2.7372684792925077,-0.00048399247326769146,-0.0009148780200359252,-0.0008340302447976955,-0.0006662357468060487,-0.6897275173158208,1,1,68.41666666666667,0.0002785083693873915,0.001135500000000067,0.0013004999999999267,0.0004664999999999808,1.1453104359311757,0.41083223249665635,MED,0.3980598682425177,AN,39.80598682425177,0.5795244154031352,GN,75.87004310016509,mid,Friday,2025-11
2025-12-02 12:00:00,2.645347946242907,-0.00017662824458913873,-0.00017918582427167706,-0.00023360087051813028,-0.00014913814301531492,-0.30548371740481883,1,1,91.0,0.00016740016551721238,0.0007815000000000128,0.0009200000000000097,0.0002794999999999326,1.177223288547658,0.35764555342281257,LOW,0.5069697191377049,GA,398.651471785913,0.512134098450202,GA,317.7411815950617,mid,Tuesday,2025-12
2025-12-03 13:50:00,2.517131118121708,-0.0006032611303672664,-0.0008008402785615876,-0.0006681285537987192,-0.00017963868300871488,-0.5119211175664926,1,1,20.833333333333332,0.0003128904005192888,0.0006184999999999663,0.0006709999999999994,0.00048799999999999956,1.0848827809216426,0.7890056588521037,HIGH,0.8712272724746589,AN,97.14632188532646,0.7986002931180375,AN,79.86002931180374,mid,Wednesday,2025-12
2025-12-05 08:25:00,2.573646059956461,0.0002373375245394993,0.000599349597393023,0.0007167836267811811,0.0001252601285657573,0.5486729041586562,1,1,39.416666666666664,0.0001708672759664655,0.0004015000000000102,0.0005879999999999885,0.0001994999999999747,1.464508094645015,0.49688667496879113,LOW,0.6152880944795198,AN,66.01329769700737,0.5746935530298203,GA,90.25249921787041,early,Friday,2025-12
2025-12-12 12:50:00,2.520629776372971,-0.00029068912730853547,-0.0006258264955748272,-0.00026328946946060916,-6.669765349517909e-05,-0.7864938505706713,1,1,170.66666666666666,0.00024896512367940984,0.0007195000000000951,0.0007684999999999942,0.0003380000000000161,1.0681028492006848,0.46977067407918194,MED,0.8056463073730641,GA,80.5646307373064,0.6041412782131014,GN,126.9040808430628,mid,Friday,2025-12
2025-12-17 12:35:00,2.581531835554345,-0.0004219810430612092,-0.00039948293589456285,-0.000982087427059547,-0.0003953577378321138,-0.5886328877558864,1,1,115.58333333333333,0.00019485644443215954,0.0008024999999999948,0.0008305000000000007,0.0003674999999999873,1.0348909657320948,0.457943925233632,LOW,0.5688078422815119,AN,107.7434044665668,0.7629559920380123,AN,145.07294283822998,mid,Wednesday,2025-12
2025-12-19 14:40:00,2.5288217815712613,-0.00011923058292331867,-0.00016644934682841228,-0.00020050427332193865,7.276726982255455e-05,-0.09648957244949186,1,1,45.666666666666664,0.00013807581626917143,0.0005459999999999799,0.0006829999999999892,0.0002114999999999978,1.2509157509157771,0.3873626373626476,LOW,0.5790126594472401,GN,259.36729996851244,0.4037293165428409,GN,162.2427441632663,late,Friday,2025-12
2025-12-29 13:15:00,2.527453822549694,-0.0001820625392372488,-0.00023462093849074828,-0.0007095548269410168,-9.770823038579568e-05,-0.19616901772294648,1,1,236.25,0.00024585820522807873,0.000741999999999976,0.000979500000000022,0.00042550000000000086,1.3200808625337652,0.5734501347709092,MED,0.5576848335716781,AN,95.29839202694342,0.6047494742661518,GN,288.6646823303281,mid,Monday,2025-12
2026-01-02 08:50:00,2.5721858664846278,-0.0003090021292682932,-0.0003923874744376499,-0.0007089807444989604,-0.0003239323730786503,-0.194103144454143,1,3,87.83333333333333,0.0001506618925273526,0.0004769999999999497,0.000627000000000022,0.0002659999999999996,1.3144654088052161,0.5576519916143137,LOW,0.6045373626794982,GN,95.46688631945652,0.5238642396784216,GN,104.31283890792389,early,Friday,2026-01
2026-01-06 12:25:00,2.550804450399934,0.0001732036635617995,0.00021126234815171951,0.000642992311719548,-8.155957345298837e-05,0.1639131013699049,1,1,92.16666666666667,0.00019436527313313007,0.0008710000000000217,0.0009804999999999842,0.00034600000000001296,1.1257175660160272,0.39724454649828284,LOW,0.3532477373225211,GA,-120.3551246425626,0.42450303955065116,GN,-281.139159129096,mid,Tuesday,2026-01
2026-01-09 12:55:00,2.8013653257461018,-0.0008308283042992581,-0.0014548881426682259,-0.0009674090476178288,-0.0004268995040158652,-2.5955527130129603,1,1,67.91666666666667,0.00032501965103842875,0.000535499999999911,0.0006835000000000146,0.00046350000000004997,1.2763772175539274,0.865546218487632,HIGH,0.5584457770050967,AN,84.64480557071671,0.8850254995396125,AN,88.50254995396125,mid,Friday,2026-01
2026-01-14 08:05:00,2.5253280477574385,-0.00011688603980367085,0.00010074542885066262,0.00032941306271669357,-0.0001501362785500393,-0.11775562799745432,1,6,113.5,0.00015970787307628632,0.00040150000000003236,0.0005100000000000327,0.00026899999999998594,1.270236612702345,0.6699875466997864,LOW,0.5100660986358622,AN,124.9335844194277,0.3563622733112037,GN,-124.04898125521493,early,Wednesday,2026-01
2026-01-15 13:00:00,2.5714527667731004,7.764404943183534e-05,0.00010322359940795334,0.0002859096861185795,-0.00011053580647044092,0.13508114325709508,1,1,21.583333333333332,0.00016134761139244917,0.0005700000000000482,0.0006949999999999567,0.00037850000000000383,1.219298245613856,0.6640350877192488,LOW,0.41919116122050815,GN,-259.37209812182874,0.5083132299857348,AN,74.61886452487474,mid,Thursday,2026-01
2026-01-16 12:25:00,2.569294286065464,-0.0008112338057678914,-0.0006748449837283288,-0.000936385324672856,-0.0011617128132597188,-1.7335634334233077,1,1,20.083333333333332,0.00026707809376428894,0.0005610000000000004,0.0007764999999999578,0.0003595000000000126,1.3841354723706902,0.640819964349398,MED,0.49789188511066734,GN,49.78918851106673,0.6403023739664924,AN,71.7713857741795,mid,Friday,2026-01
2026-01-20 11:30:00,2.9724237782860405,0.0007944228516078011,0.0009999362306741255,0.000733780391539679,0.0010176243477358071,0.8828544439309103,1,1,94.16666666666667,0.00030947359481003873,0.0012530000000000041,0.0012609999999999787,0.0003694999999999893,1.0063846767757179,0.29489225857939994,HIGH,0.4391968887492336,AN,65.4617811675882,0.554569986691864,GA,56.99409574120615,mid,Tuesday,2026-01
2026-01-21 12:50:00,2.758223353533894,0.00042877034282989834,0.00045591064301395146,0.000790539657355982,0.00022538192607818308,0.42570751039402577,1,1,19.833333333333332,0.00028155470955273297,0.0007449999999999734,0.0007809999999999651,0.00045149999999998246,1.0483221476509972,0.6060402684563739,MED,0.6836794232725262,AN,72.53715502422409,0.8652365928417909,AN,86.52365928417909,mid,Wednesday,2026-01
2026-01-29 08:00:00,2.8026656815084863,9.324036778085576e-05,-0.0005796683450577378,-0.00023552263935394668,0.0007085507906552102,0.13910140481671274,2,7,183.08333333333334,0.0002886657300800856,0.0010504999999999764,0.0009199999999999653,0.0003210000000000046,0.8757734412184541,0.3055687767729765,MED,0.5974549018497383,GN,70.77738828862802,0.6637257887184417,AN,202.6943323693029,early,Thursday,2026-01
2026-02-05 14:45:00,2.6103529152635785,0.0004212847437576328,0.0015133317534575808,0.0018823342958908251,8.795474235848144e-05,0.4327608256896651,1,1,165.75,0.00025281119117245875,0.0016695000000000015,0.0018235,0.0004190000000000027,1.0922431865828082,0.25097334531296933,MED,0.6343928625632199,GA,120.57820157941003,0.5911112771977576,GA,107.79102736134571,late,Thursday,2026-02
2026-02-09 10:50:00,3.6831021890451194,-0.0013258704674047606,-0.0016629513925612571,-0.0016847794949761408,-0.0011785720591437343,-2.021544804433149,1,1,89.83333333333333,0.00039039566051341277,0.0009305000000000452,0.0012379999999999835,0.0003079999999999972,1.3304674905963711,0.33100483610959935,HIGH,0.6936934545884857,GN,69.36934545884857,0.5885130692417571,GN,60.13725158573172,early,Monday,2026-02
2026-02-09 13:50:00,2.51153520301609,0.0002467524004101662,0.0004293271560127654,0.0006317816541984433,-7.38738883029888e-06,0.2638114797021718,1,1,1.5,0.00023747093723582038,0.0010929999999999996,0.001191000000000031,0.00033249999999996894,1.0896614821592236,0.3042086001829543,MED,0.7704735099612788,GA,112.87832742270152,0.41913458649205354,AN,41.91345864920535,mid,Monday,2026-02
2026-02-17 12:40:00,2.5607287849273783,0.0003022119849855065,0.0004783644992992775,0.0006351862355647997,0.00014133793984899556,0.3345706547592644,1,1,188.08333333333334,0.0003157795794324456,0.0007225000000000037,0.0007984999999999908,0.0005154999999999688,1.1051903114186667,0.7134948096885344,HIGH,0.34009597216779947,GA,98.07083075851932,0.5070098236716652,GA,71.8649159083385,mid,Tuesday,2026-02
2026-02-24 08:00:00,3.120200521439394,-0.00017220557998165464,-0.00035545333001416046,-0.0004894332582246752,-2.5495451688728465e-05,-0.23236055790346288,5,6,159.0,0.000148489057064272,0.00046999999999998155,0.0005614999999999703,0.00024299999999997102,1.1946808510638136,0.5170212765957033,LOW,0.48771570927089175,GN,48.77157092708917,0.572934069215873,GA,122.56108317319625,early,Tuesday,2026-02
2026-02-26 12:15:00,2.8958957259770406,-0.0004936152087401391,-0.0009217069541858358,-0.0008784191247190598,-0.0003738998395450277,-0.580842861107119,1,1,47.833333333333336,0.00015618813352499976,0.0005715000000000136,0.0006094999999999518,0.000350999999999968,1.066491688538823,0.614173228346386,LOW,0.7256952199958101,AN,97.32574573308122,0.9136273637741773,AN,110.44087550660436,mid,Thursday,2026-02
2026-03-03 08:35:00,2.952163968528529,-0.0009632056989615501,-0.0016066951950985953,-0.0017930037207190552,-0.0006379905714154754,-0.9829461176858718,1,1,111.83333333333333,0.0003473799020261989,0.0010684999999999833,0.0009025000000000727,0.0005750000000000144,0.8446420215255843,0.5381375760412012,HIGH,0.740577636252981,AN,115.64296613950727,0.8099325620492566,AN,100.8614399394842,early,Tuesday,2026-03
2026-03-05 08:10:00,2.700884305197901,0.0005550763722141361,0.0008998800588770617,0.0008092335894289149,0.0002321219081107273,0.675811082076172,1,1,42.583333333333336,0.00022323486140963833,0.0006589999999999985,0.0006684999999999608,0.0003694999999999782,1.0144157814870445,0.5606980273140805,MED,0.5203436813621823,GN,52.034368136218234,0.7409378670871777,GA,74.09378670871777,early,Thursday,2026-03
2026-03-06 11:05:00,2.9482800422798525,-0.0006070589915181668,-0.001313490949892665,-0.00176268351866804,-0.00014409246628327432,-0.8254367243868468,1,1,22.5,0.0003819959760429927,0.0008634999999999837,0.0009005000000000152,0.0006300000000000084,1.042848870874386,0.729588882455148,HIGH,0.6679907601836914,AN,67.7710653139977,0.6427575588208044,AN,64.27575588208045,mid,Friday,2026-03
2026-03-13 08:35:00,3.072116765515274,-0.0006311673496197379,-0.0010488156986494523,-0.0011274239494117877,-0.0005482511293455061,-0.7299880627850808,1,2,159.58333333333334,0.00033377463380871217,0.0005430000000000046,0.0006689999999999419,0.0004449999999999954,1.23204419889491,0.8195211786371853,HIGH,0.5125123008311473,AN,61.57685307378324,0.4423021636450017,AN,44.230216364500166,early,Friday,2026-03
2026-03-18 10:25:00,2.8304359287821956,-0.0003617661043683329,-0.0005401843305088416,-0.0005464776760513712,-0.0001411468163838303,-0.770848653903887,1,1,119.33333333333333,0.00017092948575346905,0.0005794999999999995,0.0005960000000000187,0.0002134999999999998,1.0284728213977898,0.3684210526315789,LOW,0.8051720137670896,GN,101.84672037380165,0.6674198500509232,GN,104.06691055587433,early,Wednesday,2026-03
2026-03-19 12:20:00,2.512427280336464,-0.00036319967533432473,-0.0005304216918392279,-0.00216866377359326,-0.0005458946475269122,-0.2214791499658837,1,1,20.666666666666668,0.0003834183414647372,0.0010585000000000178,0.0010724999999999652,0.0006129999999999747,1.0132262635804885,0.5791213982049734,HIGH,0.34047405316055407,GN,97.77002332052676,0.4273203640448683,GN,84.82190835094966,mid,Thursday,2026-03
2026-03-23 10:05:00,4.394706935259634,0.0014002881543023205,0.0024409355818758305,0.003397330123214498,0.0006495874119427092,2.2973891350414957,1,1,90.08333333333333,0.00049406555221561,0.0008905000000000163,0.0008964999999999445,0.0006109999999999837,1.0067377877596049,0.686131386861283,HIGH,0.9725899520918988,AN,101.61870888002082,0.665710105582518,AN,87.50562770786988,early,Monday,2026-03
2026-03-23 10:15:00,5.395274563090462,-0.00017740016647516121,0.0024451948994788364,0.0034858423270523464,-0.0013997070781268384,-0.7818819476639085,3,3,0.08333333333333333,0.0005463354698126231,0.000906499999999999,0.0009124999999999605,0.000784499999999988,1.0066188637616784,0.865416436844996,HIGH,0.5779058082635928,GA,336.16426680385547,0.9006533389942252,AN,90.06533389942251,early,Monday,2026-03
2026-03-23 14:05:00,3.332426184471256,-0.0013958372411514153,-0.0022877819995843485,-0.00274849820422024,-0.0007458453483392691,-1.7171112195290141,1,1,2.9166666666666665,0.0005099955285830315,0.0016425000000000022,0.0015585000000000627,0.0005935000000000135,0.9488584474886214,0.36133942161340193,HIGH,0.6002427238050797,GA,299.39465979208705,0.620633892163198,GA,181.37719028128632,late,Monday,2026-03
2026-03-24 15:45:00,2.58309468178131,0.0005323778396021661,0.00041422064779259027,0.0005940868354522844,0.0005418504352804054,0.4138877462200834,1,1,22.75,0.00026479025952325477,0.0009344999999999825,0.0009750000000000592,0.00044449999999996993,1.0433386837882048,0.47565543071158717,MED,0.4702228612637898,GN,102.04402755131645,0.6820801435638989,GA,187.30217645191246,late,Tuesday,2026-03
2026-03-26 10:50:00,3.0283313452110363,-0.0009347168402464578,-0.0011257240660252354,-0.0011975445324793332,-0.0007978138909246757,-0.9253802083717719,1,1,41.833333333333336,0.00024212348172940847,0.0005974999999999953,0.0006859999999999644,0.0002675000000000094,1.148117154811665,0.4476987447698937,MED,0.6254718205985861,AN,62.547182059858606,0.5281192348555201,AN,52.811923485552015,early,Thursday,2026-03
2026-03-27 11:35:00,2.504673849176799,0.0003139384530498335,0.0008041699105408584,0.0008892132892433791,0.0003192714707406785,0.31996050459873127,1,1,20.333333333333332,0.000353039892901097,0.0009739999999999971,0.0008444999999999813,0.0003169999999999562,0.8670431211498807,0.32546201232028454,HIGH,0.851516712154546,AN,85.1516712154546,0.41585749934605104,GN,123.68101776807461,mid,Friday,2026-03
2026-03-30 09:10:00,2.599045238510828,0.0002098369994892879,0.0007569151779245331,0.000719724294411278,-4.794295904103629e-05,0.2362044448195766,1,1,66.08333333333333,0.00015862054580448692,0.0006184999999999996,0.0005830000000000446,0.000305000000000033,0.9426030719483347,0.4931285367825921,LOW,0.4428482900874461,GN,136.0117327676186,0.5377940795420719,AN,112.28291989734683,early,Monday,2026-03
2026-04-02 08:05:00,2.929872841680795,-0.0004342086447129412,-0.0012270151220405423,-0.0009657956770969534,4.569592920783405e-05,-0.7701742838347654,1,1,67.66666666666667,0.00024745461322561816,0.0006755000000000288,0.00068550000000005,0.0003569999999999962,1.014803849000771,0.5284974093263967,MED,0.612536171636094,AN,61.2536171636094,0.6685532879121843,AN,66.85532879121843,early,Thursday,2026-04
2026-04-02 12:05:00,2.552878984873534,0.0004266090088929919,0.0007779209440072488,0.0006525543666216216,0.0003049917239983657,0.6916220212476529,1,1,1.0,0.00024123583351646637,0.0007729999999999792,0.0007674999999999876,0.00030749999999999387,0.9928848641655993,0.3978007761966392,MED,0.5543017900326268,GA,133.0070846287228,0.933482739940837,GA,96.67464545717883,mid,Thursday,2026-04
2026-04-03 10:30:00,2.749864831954245,-0.0001604409963052167,-0.0003136120476014692,-0.00039424907815119314,-8.226745296793792e-05,-0.3075800740040586,1,1,17.5,0.00010798418747272605,0.0003475000000000117,0.0004030000000000422,0.00016300000000000204,1.1597122302159097,0.4690647482014289,LOW,0.45782618504456307,GN,72.6030149483169,0.4087839840644413,AN,40.87839840644413,early,Friday,2026-04
2026-04-10 15:30:00,2.604096443544402,0.0004891395619765759,0.0003988031522298152,0.0004713147293174125,0.00040171980165470966,0.7430485310237691,1,1,170.33333333333334,0.00019461860413204728,0.0005714999999999915,0.0007515000000000383,0.00028050000000002796,1.3149606299213463,0.49081364829401947,LOW,0.6523148088490393,GN,112.9263094954581,0.7046617591525222,GN,172.15276612261016,late,Friday,2026-04
2026-04-14 10:05:00,2.7049429518829715,0.0010256217255197875,0.0006990813697924647,0.000507178266654279,0.0012405385587579698,0.9401356399505214,1,1,89.08333333333333,0.0002992988871311748,0.0006890000000000062,0.0008215000000000528,0.00030949999999999587,1.192307692307758,0.4492017416545618,MED,0.8201748691010678,GN,92.92699119422562,0.5718642134566457,GN,163.13398554957843,early,Tuesday,2026-04
2026-04-15 13:55:00,2.683794725099131,0.0005397795547940065,0.000753904119028731,0.0008326972011677425,0.0005847027121991533,1.1312813637422379,1,1,23.916666666666668,0.000250434770543706,0.0008049999999999891,0.0007854999999999723,0.00032399999999997985,0.9757763975155067,0.40248447204966986,MED,0.5813568070443241,AN,97.85333097043586,0.41323422323880066,GN,74.10883708138938,mid,Wednesday,2026-04
2026-04-16 13:55:00,2.71204778822141,-0.0006222299140296594,-0.0008749155035423506,-0.0007634932836568797,-0.0005370931636704546,-0.9711094061422427,1,1,21.666666666666668,0.00027389604035091356,0.0004885000000000028,0.0006575000000000886,0.0004055000000000031,1.3459570112591295,0.8300921187308101,MED,0.7663474155477057,AN,76.63474155477057,0.3455968900802352,GA,-111.91383718236753,mid,Thursday,2026-04
2026-04-17 13:30:00,2.570729779890418,-0.0003085216270469482,-0.00038527690975095896,-0.0004714723418843547,-0.0004292742373633862,-0.5122126480179636,1,1,20.5,0.0003229103818443949,0.0005529999999999924,0.000598999999999994,0.000607000000000002,1.0831826401446694,1.0976491862567999,HIGH,0.37693693970620407,GA,132.32629706797837,0.37942207930062927,GN,-157.3348076911271,mid,Friday,2026-04
2026-04-22 14:30:00,2.5528097363281788,0.0003502091011444164,0.0004634651437292747,0.0006959435433634142,0.00033366351927091586,0.6951881618526004,1,1,117.5,0.00016341694015675507,0.00048599999999998644,0.0005955000000000155,0.000311500000000009,1.2253086419753747,0.6409465020576496,LOW,0.512131104268159,GN,51.2131104268159,0.5195938578339367,GN,51.95938578339367,late,Wednesday,2026-04
2026-04-24 10:30:00,2.721081038080401,-0.00033659113765752147,-0.0006524019130036973,-0.0005369120984570763,-0.00018211224727265884,-0.5915714106167154,1,1,41.5,0.00022407790533790788,0.0005459999999999687,0.0006735000000000158,0.000268000000000046,1.233516483516583,0.4908424908426032,MED,0.6828954639662074,AN,85.47251492012595,0.7967561615833931,AN,103.11364021526437,early,Friday,2026-04
2026-04-30 11:25:00,3.1428807944460573,-0.0016562945453716948,-0.0017521441960748896,-0.002044895202256869,-0.0015497626025604283,-1.6922548170394494,1,1,141.0,0.00040892799670724637,0.000763500000000028,0.0008599999999999053,0.0004984999999999795,1.1263916175505877,0.652914210870938,HIGH,0.8974709366651198,AN,89.74709366651197,0.844955340295635,AN,96.06191722155451,mid,Thursday,2026-04
2026-05-01 13:35:00,2.533827385843308,-0.00019888824110700365,-0.0006732093047678578,-0.0007111801591319911,0.0002625098510613266,-0.4523962042031169,1,1,24.083333333333332,0.00022216501555746393,0.00046049999999998593,0.0005914999999999893,0.0003270000000000106,1.284473398479929,0.7100977198697516,MED,0.6588426034522002,GN,121.90023562554167,0.6961798689494417,GN,69.61798689494417,mid,Friday,2026-05
2026-05-07 08:40:00,2.7008238355768652,-0.0001620970822237,-0.0007722918314394533,-0.0006364954943803569,0.0002968665444463836,-0.2537365750644218,1,2,136.08333333333334,0.000174985483705389,0.00041999999999997595,0.0004334999999999978,0.0002894999999999981,1.032142857142911,0.6892857142857493,LOW,0.6095840034343853,AN,60.958400343438534,0.6069466220905375,AN,60.69466220905375,early,Thursday,2026-05
2026-05-12 13:15:00,2.655158995772079,0.0001603359019110573,0.00030796096967050657,0.0013845531827495483,9.009514767741034e-05,0.29416577328888804,1,1,119.66666666666667,0.00019679478221814383,0.0008194999999999953,0.0009215000000000195,0.00034749999999997836,1.124466137888987,0.4240390482000981,LOW,0.5939241029247119,GA,186.36704758376544,0.8391626270938598,AN,83.91626270938598,mid,Tuesday,2026-05
2026-05-14 08:10:00,2.50727361869227,-0.00018516529460890774,-0.00022265436652632586,-0.0003153092992068396,-0.0001467062456615431,-0.23315024371122517,1,4,39.166666666666664,0.0002361789543463233,0.00045150000000002686,0.0005340000000000567,0.00026450000000000085,1.1827242524917496,0.5858250276854599,MED,0.48658856006411955,AN,48.65885600641195,0.36323096011588446,GN,-132.78990640851552,early,Thursday,2026-05
2026-05-29 12:00:00,2.772610894136729,0.0006214124465860893,0.000797105113570451,0.0008507368404577775,0.0004907868430880924,0.6080543337136048,1,1,360.3333333333333,0.00023148036963930446,0.0006069999999999797,0.000745499999999999,0.00029999999999997807,1.2281713344316703,0.494233937397015,MED,0.7511225714477205,GN,75.11225714477206,0.7941049486405314,GN,97.01541362163265,mid,Friday,2026-05
